exact_path,filename,file_type,size,sha256_if_readable,symlink_status,matched_terms,content_summary,measurement_role,authority_status,reusability,evidential_ceiling
/Users/tho2020/Documents/NEXAH ECOSYSTEM/00 EXECUTIVE/NEXAH-Mission-Control/HOW_A_WORLD_IS_HELD/reviews/EDITORIAL_REVIEW_0_1.md,EDITORIAL_REVIEW_0_1.md,md,56727,44fc97496b08d678b2fee6050406d8e36085b67184d6c0430e0228ce198c8535,REGULAR_FILE_NONFOLLOWING,distance;ORION;OLS;observer;return;reconstruction,"filename/content match: distance, ORION, OLS, observer, return, reconstruction",B1_DISTANCE;R_RECONSTRUCTION,REPOSITORY_ARTIFACT,YES_WITH_CONTEXT,DOCUMENTARY_OR_SPECIFICATION_ONLY; NO_MEASUREMENT_EXECUTION_INFERRED
/Users/tho2020/Documents/NEXAH ECOSYSTEM/00 EXECUTIVE/NEXAH-Mission-Control/INTAKE/M-INC01_DESKTOP_INCOMING_RECONCILIATION/NEXAH_PDF_SERIES_ORIENTATION_2026-09-01/02_PDF_METADATA_INVENTORY.csv,02_PDF_METADATA_INVENTORY.csv,csv,4561991,d2d741416d481264e8229b7126145dbc16d0221e57f6bc11b57efb5a031af0d3,REGULAR_FILE_NONFOLLOWING,distance;Shadow;emission;ORION;OLS;Eye;observer;return,"filename/content match: distance, Shadow, emission, ORION, OLS, Eye, observer, return",A_SOURCE_EMISSION;B1_DISTANCE,REPOSITORY_ARTIFACT,YES_WITH_CONTEXT,DOCUMENTARY_OR_SPECIFICATION_ONLY; NO_MEASUREMENT_EXECUTION_INFERRED
/Users/tho2020/Documents/NEXAH ECOSYSTEM/00 EXECUTIVE/NEXAH-Mission-Control/INTAKE/M-INC01_DESKTOP_INCOMING_RECONCILIATION/NEXAH_PDF_SERIES_ORIENTATION_2026-09-01/03_PDF_DOCUMENT_CLASSES.csv,03_PDF_DOCUMENT_CLASSES.csv,csv,2215030,03e215d239c985322bb860b2b70fc58c54b905b107627c2fe39fdbd451ef3021,REGULAR_FILE_NONFOLLOWING,distance;Shadow;emission;ORION;OLS;Eye;observer;return,"filename/content match: distance, Shadow, emission, ORION, OLS, Eye, observer, return",A_SOURCE_EMISSION;B1_DISTANCE,REPOSITORY_ARTIFACT,YES_WITH_CONTEXT,DOCUMENTARY_OR_SPECIFICATION_ONLY; NO_MEASUREMENT_EXECUTION_INFERRED
/Users/tho2020/Documents/NEXAH ECOSYSTEM/00 EXECUTIVE/NEXAH-Mission-Control/INTAKE/M-INC01_DESKTOP_INCOMING_RECONCILIATION/NEXAH_PDF_SERIES_ORIENTATION_2026-09-01/05_3D_PDF_MATCH_CANDIDATES.csv,05_3D_PDF_MATCH_CANDIDATES.csv,csv,2648927,507d69e6529de2cc60b32743ac3c4a268e297e8853691b42ec88724a14964a96,REGULAR_FILE_NONFOLLOWING,distance;Shadow;emission;ORION;OLS;Eye;observer;return,"filename/content match: distance, Shadow, emission, ORION, OLS, Eye, observer, return",A_SOURCE_EMISSION;B1_DISTANCE,REPOSITORY_ARTIFACT,YES_WITH_CONTEXT,DOCUMENTARY_OR_SPECIFICATION_ONLY; NO_MEASUREMENT_EXECUTION_INFERRED
/Users/tho2020/Documents/NEXAH ECOSYSTEM/00 EXECUTIVE/NEXAH-Mission-Control/MISSION_CONTROL.md,MISSION_CONTROL.md,md,40095,5592f574ddfb085a5c0d6db3843b0b6c02d661b7ee4e334ce006e50ebc2ec981,REGULAR_FILE_NONFOLLOWING,baseline;Shadow;ORION;OLS;Eye;observer;return;reconstruction,"filename/content match: baseline, Shadow, ORION, OLS, Eye, observer, return, reconstruction",B1_DISTANCE;R_RECONSTRUCTION,REPOSITORY_ARTIFACT,YES_WITH_CONTEXT,DOCUMENTARY_OR_SPECIFICATION_ONLY; NO_MEASUREMENT_EXECUTION_INFERRED
/Users/tho2020/Documents/NEXAH ECOSYSTEM/00 EXECUTIVE/NEXAH-Mission-Control/NEXAH_PERSONAL_ORIENTATION_CONCEPT_REORIENTATION_REVIEW.md,NEXAH_PERSONAL_ORIENTATION_CONCEPT_REORIENTATION_REVIEW.md,md,20500,7df8a7941b75c3d3657abe14e4ebda39bbdf9dd7fa71f2ccebab98032dc7b63a,REGULAR_FILE_NONFOLLOWING,baseline;ORION;OLS;observer;return;reconstruction,"filename/content match: baseline, ORION, OLS, observer, return, reconstruction",B1_DISTANCE;R_RECONSTRUCTION,REPOSITORY_ARTIFACT,YES_WITH_CONTEXT,DOCUMENTARY_OR_SPECIFICATION_ONLY; NO_MEASUREMENT_EXECUTION_INFERRED
/Users/tho2020/Documents/NEXAH ECOSYSTEM/00 EXECUTIVE/NEXAH-Mission-Control/ORIENTATION_INSTRUMENT_DISCOVERY_STUDY.md,ORIENTATION_INSTRUMENT_DISCOVERY_STUDY.md,md,75266,82eab799ab2b2c7f90a0cb076c34dbd4059ed5f3fb6c88afa72401aac2fdf98f,REGULAR_FILE_NONFOLLOWING,distance;baseline;timestamp;ORION;OLS;return;reconstruction,"filename/content match: distance, baseline, timestamp, ORION, OLS, return, reconstruction",B1_DISTANCE;R_RECONSTRUCTION;T_TIMESTAMP,REPOSITORY_ARTIFACT,YES_WITH_CONTEXT,DOCUMENTARY_OR_SPECIFICATION_ONLY; NO_MEASUREMENT_EXECUTION_INFERRED
/Users/tho2020/Documents/NEXAH ECOSYSTEM/00 EXECUTIVE/NEXAH-Mission-Control/OVERVIEW.md,OVERVIEW.md,md,42623,f73f06003e2901c70f3a40d0c60542fca7cbc32365d47b22481924041f2c944c,REGULAR_FILE_NONFOLLOWING,baseline;ORION;OLS;Eye;observer;return;reconstruction,"filename/content match: baseline, ORION, OLS, Eye, observer, return, reconstruction",B1_DISTANCE;R_RECONSTRUCTION,REPOSITORY_ARTIFACT,YES_WITH_CONTEXT,DOCUMENTARY_OR_SPECIFICATION_ONLY; NO_MEASUREMENT_EXECUTION_INFERRED
/Users/tho2020/Documents/NEXAH ECOSYSTEM/00 EXECUTIVE/NEXAH-Mission-Control/REVIEWS/CROSS_DESK_SYSTEM_IMPACT_D028_D030_2026-08-29.md,CROSS_DESK_SYSTEM_IMPACT_D028_D030_2026-08-29.md,md,12472,801f688bca745106072c2c0a98dd392bd9e9fcc88be51b8c9931a2188bcd30a9,REGULAR_FILE_NONFOLLOWING,baseline;propagation;ORION;OLS;Eye;observer;return;reconstruction,"filename/content match: baseline, propagation, ORION, OLS, Eye, observer, return, reconstruction",B1_DISTANCE;B2_MEDIUM_PATH;R_RECONSTRUCTION,REPOSITORY_ARTIFACT,YES_WITH_CONTEXT,DOCUMENTARY_OR_SPECIFICATION_ONLY; NO_MEASUREMENT_EXECUTION_INFERRED
/Users/tho2020/Documents/NEXAH ECOSYSTEM/00 EXECUTIVE/NEXAH-Mission-Control/REVIEWS/DESK10_INCOMING_AUDITS_2026-09-01/CRT_11357_AUDIT/machine_inventory.json,machine_inventory.json,json,55148,7a0f5c9da8cda8a3a3577560e960e476a048d21afa04ecb854ff04cdeec938c7,REGULAR_FILE_NONFOLLOWING,distance;Shadow;observer;return;reconstruction,"filename/content match: distance, Shadow, observer, return, reconstruction",B1_DISTANCE;R_RECONSTRUCTION,REPOSITORY_ARTIFACT,YES_WITH_CONTEXT,DOCUMENTARY_OR_SPECIFICATION_ONLY; NO_MEASUREMENT_EXECUTION_INFERRED
/Users/tho2020/Documents/NEXAH ECOSYSTEM/00 EXECUTIVE/NEXAH-Mission-Control/REVIEWS/LQE01_LIGHT_OCCLUDER_RECEIVER_GEOMETRY_INTAKE_AND_LINEAGE_REVIEW_2026-09-09/00_README.md,00_README.md,md,845,515927063d05a406a4e8944b3673de79c6470e076dc738b5f32ad7185144398f,REGULAR_FILE_NONFOLLOWING,LQE;distance;OLS;observer,"filename/content match: LQE, distance, OLS, observer",B1_DISTANCE;LQE_CONTEXT,REPOSITORY_ARTIFACT,YES_WITH_CONTEXT,DOCUMENTARY_OR_SPECIFICATION_ONLY; NO_MEASUREMENT_EXECUTION_INFERRED
/Users/tho2020/Documents/NEXAH ECOSYSTEM/00 EXECUTIVE/NEXAH-Mission-Control/REVIEWS/LQE01_LIGHT_OCCLUDER_RECEIVER_GEOMETRY_INTAKE_AND_LINEAGE_REVIEW_2026-09-09/01_AUTHORITY_SCOPE_AND_INPUT_LOCK.md,01_AUTHORITY_SCOPE_AND_INPUT_LOCK.md,md,1658,d9383f4ac5249e838ed19e26147c5cce6a5ecac17253a0d87cb4dd011380d609,REGULAR_FILE_NONFOLLOWING,LQE;Shadow,"filename/content match: LQE, Shadow",LQE_CONTEXT,REPOSITORY_ARTIFACT,YES_WITH_CONTEXT,DOCUMENTARY_OR_SPECIFICATION_ONLY; NO_MEASUREMENT_EXECUTION_INFERRED
/Users/tho2020/Documents/NEXAH ECOSYSTEM/00 EXECUTIVE/NEXAH-Mission-Control/REVIEWS/LQE01_LIGHT_OCCLUDER_RECEIVER_GEOMETRY_INTAKE_AND_LINEAGE_REVIEW_2026-09-09/02_SOURCE_AND_ARTIFACT_LEDGER.csv,02_SOURCE_AND_ARTIFACT_LEDGER.csv,csv,8133,8be4fd942e32cc54d9a1e2b333e49b53bb334326c2b59080514cf60fe88420db,REGULAR_FILE_NONFOLLOWING,LQE;Shadow;Eye;observer;reconstruction,"filename/content match: LQE, Shadow, Eye, observer, reconstruction",LQE_CONTEXT;R_RECONSTRUCTION,REPOSITORY_ARTIFACT,YES_WITH_CONTEXT,DOCUMENTARY_OR_SPECIFICATION_ONLY; NO_MEASUREMENT_EXECUTION_INFERRED
/Users/tho2020/Documents/NEXAH ECOSYSTEM/00 EXECUTIVE/NEXAH-Mission-Control/REVIEWS/LQE01_LIGHT_OCCLUDER_RECEIVER_GEOMETRY_INTAKE_AND_LINEAGE_REVIEW_2026-09-09/03_LQE01_ROLE_AND_STATE_MODEL.md,03_LQE01_ROLE_AND_STATE_MODEL.md,md,2086,4b890d41d2d613580477ec4ec8a5b9b138ae83ccfc5699b761c840e79fb10205,REGULAR_FILE_NONFOLLOWING,LQE;distance;Shadow;observer,"filename/content match: LQE, distance, Shadow, observer",B1_DISTANCE;LQE_CONTEXT,REPOSITORY_ARTIFACT,YES_WITH_CONTEXT,DOCUMENTARY_OR_SPECIFICATION_ONLY; NO_MEASUREMENT_EXECUTION_INFERRED
/Users/tho2020/Documents/NEXAH ECOSYSTEM/00 EXECUTIVE/NEXAH-Mission-Control/REVIEWS/LQE01_LIGHT_OCCLUDER_RECEIVER_GEOMETRY_INTAKE_AND_LINEAGE_REVIEW_2026-09-09/04_PARAMETER_AND_DESTRUCTION_TEST_MATRIX.csv,04_PARAMETER_AND_DESTRUCTION_TEST_MATRIX.csv,csv,1930,d475a54f98e626fd92f98dff2717375adaeeb90b3e1908617a2f6092eda1f9fd,REGULAR_FILE_NONFOLLOWING,LQE;distance;Shadow;OLS;observer,"filename/content match: LQE, distance, Shadow, OLS, observer",B1_DISTANCE;LQE_CONTEXT,REPOSITORY_ARTIFACT,YES_WITH_CONTEXT,DOCUMENTARY_OR_SPECIFICATION_ONLY; NO_MEASUREMENT_EXECUTION_INFERRED
/Users/tho2020/Documents/NEXAH ECOSYSTEM/00 EXECUTIVE/NEXAH-Mission-Control/REVIEWS/LQE01_LIGHT_OCCLUDER_RECEIVER_GEOMETRY_INTAKE_AND_LINEAGE_REVIEW_2026-09-09/05_EXISTING_MODULE_LINEAGE_MATRIX.csv,05_EXISTING_MODULE_LINEAGE_MATRIX.csv,csv,3027,cd6c14bc7d102f082d53ae466b33e039fa54f35a5e440cdd924b8e8ce271c6ea,REGULAR_FILE_NONFOLLOWING,LQE;observer,"filename/content match: LQE, observer",LQE_CONTEXT,REPOSITORY_ARTIFACT,YES_WITH_CONTEXT,DOCUMENTARY_OR_SPECIFICATION_ONLY; NO_MEASUREMENT_EXECUTION_INFERRED
/Users/tho2020/Documents/NEXAH ECOSYSTEM/00 EXECUTIVE/NEXAH-Mission-Control/REVIEWS/LQE01_LIGHT_OCCLUDER_RECEIVER_GEOMETRY_INTAKE_AND_LINEAGE_REVIEW_2026-09-09/07_HISTORICAL_ANALOGY_AND_NONIDENTITY.md,07_HISTORICAL_ANALOGY_AND_NONIDENTITY.md,md,1052,5c69047de364b468fbb335958a75f8a7ed5e747a1a2b1e25ed13e1f86f0051da,REGULAR_FILE_NONFOLLOWING,LQE;Shadow,"filename/content match: LQE, Shadow",LQE_CONTEXT,REPOSITORY_ARTIFACT,YES_WITH_CONTEXT,DOCUMENTARY_OR_SPECIFICATION_ONLY; NO_MEASUREMENT_EXECUTION_INFERRED
/Users/tho2020/Documents/NEXAH ECOSYSTEM/00 EXECUTIVE/NEXAH-Mission-Control/REVIEWS/LQE01_LIGHT_OCCLUDER_RECEIVER_GEOMETRY_INTAKE_AND_LINEAGE_REVIEW_2026-09-09/08_CLAIM_AND_NONCLAIM_LEDGER.md,08_CLAIM_AND_NONCLAIM_LEDGER.md,md,1783,0d287458666c8767a9c40ca9f11841270529ff08fba6c3c9ba8edca0df6346e5,REGULAR_FILE_NONFOLLOWING,LQE;distance;Shadow;observer,"filename/content match: LQE, distance, Shadow, observer",B1_DISTANCE;LQE_CONTEXT,REPOSITORY_ARTIFACT,YES_WITH_CONTEXT,DOCUMENTARY_OR_SPECIFICATION_ONLY; NO_MEASUREMENT_EXECUTION_INFERRED
/Users/tho2020/Documents/NEXAH ECOSYSTEM/00 EXECUTIVE/NEXAH-Mission-Control/REVIEWS/LQE01_LIGHT_OCCLUDER_RECEIVER_GEOMETRY_INTAKE_AND_LINEAGE_REVIEW_2026-09-09/09_OPTIONAL_NEXT_GATE.md,09_OPTIONAL_NEXT_GATE.md,md,825,4b6d8f56af9a7a335a76844538c56fea7a4808d008e80de06739b2b159e3d104,REGULAR_FILE_NONFOLLOWING,LQE;Shadow;OLS,"filename/content match: LQE, Shadow, OLS",LQE_CONTEXT,REPOSITORY_ARTIFACT,YES_WITH_CONTEXT,DOCUMENTARY_OR_SPECIFICATION_ONLY; NO_MEASUREMENT_EXECUTION_INFERRED
/Users/tho2020/Documents/NEXAH ECOSYSTEM/00 EXECUTIVE/NEXAH-Mission-Control/REVIEWS/LQE01_LIGHT_OCCLUDER_RECEIVER_GEOMETRY_INTAKE_AND_LINEAGE_REVIEW_2026-09-09/FINAL_RETURN.md,FINAL_RETURN.md,md,986,4c240563f6b898de84449a15e290ddfdcfc9518dd72ca323f0445107535a0358,REGULAR_FILE_NONFOLLOWING,return;LQE;observer,"filename/content match: return, LQE, observer",LQE_CONTEXT,REPOSITORY_ARTIFACT,YES_WITH_CONTEXT,DOCUMENTARY_OR_SPECIFICATION_ONLY; NO_MEASUREMENT_EXECUTION_INFERRED
/Users/tho2020/Documents/NEXAH ECOSYSTEM/00 EXECUTIVE/NEXAH-Mission-Control/REVIEWS/LQE01_LIGHT_OCCLUDER_RECEIVER_GEOMETRY_INTAKE_AND_LINEAGE_REVIEW_2026-09-09/MANIFEST_SHA256.txt,MANIFEST_SHA256.txt,txt,1989,9a293f0c5d39b2377715890297105b2f623197be87f4ebf6598c250faaf19a05,REGULAR_FILE_NONFOLLOWING,LQE;return;reconstruction,"filename/content match: LQE, return, reconstruction",LQE_CONTEXT;R_RECONSTRUCTION,REPOSITORY_ARTIFACT,YES_WITH_CONTEXT,DOCUMENTARY_OR_SPECIFICATION_ONLY; NO_MEASUREMENT_EXECUTION_INFERRED
/Users/tho2020/Documents/NEXAH ECOSYSTEM/00 EXECUTIVE/NEXAH-Mission-Control/REVIEWS/LQE01_LIGHT_OCCLUDER_RECEIVER_GEOMETRY_INTAKE_AND_LINEAGE_REVIEW_2026-09-09/VALIDATION_REPORT.md,VALIDATION_REPORT.md,md,2207,1bf3263496ce0e7ae7dca99bd955d769d5fe5f76c118e463e84ec6413e64d62b,REGULAR_FILE_NONFOLLOWING,LQE;distance;Shadow;Eye;observer,"filename/content match: LQE, distance, Shadow, Eye, observer",B1_DISTANCE;LQE_CONTEXT,REPOSITORY_ARTIFACT,YES_WITH_CONTEXT,DOCUMENTARY_OR_SPECIFICATION_ONLY; NO_MEASUREMENT_EXECUTION_INFERRED
/Users/tho2020/Documents/NEXAH ECOSYSTEM/00 EXECUTIVE/NEXAH-Mission-Control/REVIEWS/LQE01_LIGHT_OCCLUDER_RECEIVER_GEOMETRY_INTAKE_AND_LINEAGE_REVIEW_2026-09-09/evidence/html_interaction_test.json,html_interaction_test.json,json,1437,2861961863580f5da5721ab4cbbed3daa470171841e1c421915028f546ad6927,REGULAR_FILE_NONFOLLOWING,LQE;distance,"filename/content match: LQE, distance",B1_DISTANCE;LQE_CONTEXT,REPOSITORY_ARTIFACT,YES_WITH_CONTEXT,DOCUMENTARY_OR_SPECIFICATION_ONLY; NO_MEASUREMENT_EXECUTION_INFERRED
/Users/tho2020/Documents/NEXAH ECOSYSTEM/00 EXECUTIVE/NEXAH-Mission-Control/REVIEWS/NECIR01_NEXAH_ECOSYSTEM_CAPABILITY_INTEGRATION_AND_READINESS_REVIEW_2026-09-09/02_ECOSYSTEM_COMPONENT_INVENTORY.csv,02_ECOSYSTEM_COMPONENT_INVENTORY.csv,csv,12333,58983ba05d95c9ef3b4ad7633ab8674fede4b43c938cf3d78e6a652b69fc8d25,REGULAR_FILE_NONFOLLOWING,LQE;baseline;ORION;OLS;Eye,"filename/content match: LQE, baseline, ORION, OLS, Eye",B1_DISTANCE;LQE_CONTEXT,REPOSITORY_ARTIFACT,YES_WITH_CONTEXT,DOCUMENTARY_OR_SPECIFICATION_ONLY; NO_MEASUREMENT_EXECUTION_INFERRED
/Users/tho2020/Documents/NEXAH ECOSYSTEM/00 EXECUTIVE/NEXAH-Mission-Control/REVIEWS/NECIR01_NEXAH_ECOSYSTEM_CAPABILITY_INTEGRATION_AND_READINESS_REVIEW_2026-09-09/04_ECOSYSTEM_CAPABILITY_TABLE.csv,04_ECOSYSTEM_CAPABILITY_TABLE.csv,csv,7604,ac853e0e60e221cb9a2edc32815e28ef186a6ca797bbde1c27d447689d08e296,REGULAR_FILE_NONFOLLOWING,LQE;baseline;ORION;OLS;Eye;return,"filename/content match: LQE, baseline, ORION, OLS, Eye, return",B1_DISTANCE;LQE_CONTEXT,REPOSITORY_ARTIFACT,YES_WITH_CONTEXT,DOCUMENTARY_OR_SPECIFICATION_ONLY; NO_MEASUREMENT_EXECUTION_INFERRED
/Users/tho2020/Documents/NEXAH ECOSYSTEM/00 EXECUTIVE/NEXAH-Mission-Control/REVIEWS/NECIR01_NEXAH_ECOSYSTEM_CAPABILITY_INTEGRATION_AND_READINESS_REVIEW_2026-09-09/05_IMPLEMENTED_INTEGRATED_VALIDATED_MATRIX.csv,05_IMPLEMENTED_INTEGRATED_VALIDATED_MATRIX.csv,csv,3918,899ffcdfeffc2f46982580767cd91d9b7706d070f4c9d81a91963a6fdf4ce811,REGULAR_FILE_NONFOLLOWING,LQE;baseline;ORION;OLS;Eye;return,"filename/content match: LQE, baseline, ORION, OLS, Eye, return",B1_DISTANCE;LQE_CONTEXT,REPOSITORY_ARTIFACT,YES_WITH_CONTEXT,DOCUMENTARY_OR_SPECIFICATION_ONLY; NO_MEASUREMENT_EXECUTION_INFERRED
/Users/tho2020/Documents/NEXAH ECOSYSTEM/00 EXECUTIVE/NEXAH-Mission-Control/REVIEWS/NECIR01_NEXAH_ECOSYSTEM_CAPABILITY_INTEGRATION_AND_READINESS_REVIEW_2026-09-09/06_INTEGRATION_EFFECT_AND_PRIORITY_OPTIONS.csv,06_INTEGRATION_EFFECT_AND_PRIORITY_OPTIONS.csv,csv,3937,c9cb5e83a065ad4dc15b1d4243298e9a05824e101d4a766879ad9408a1af2733,REGULAR_FILE_NONFOLLOWING,LQE;Shadow;ORION;Eye;return,"filename/content match: LQE, Shadow, ORION, Eye, return",LQE_CONTEXT,REPOSITORY_ARTIFACT,YES_WITH_CONTEXT,DOCUMENTARY_OR_SPECIFICATION_ONLY; NO_MEASUREMENT_EXECUTION_INFERRED
/Users/tho2020/Documents/NEXAH ECOSYSTEM/00 EXECUTIVE/NEXAH-Mission-Control/REVIEWS/NECIR01_NEXAH_ECOSYSTEM_CAPABILITY_INTEGRATION_AND_READINESS_REVIEW_2026-09-09/FINAL_RETURN.md,FINAL_RETURN.md,md,2227,fcdd4074a729853ffe2ef813f9a3e17993d06ea518bf6aec07b71c51fb39d701,REGULAR_FILE_NONFOLLOWING,return;LQE;Eye,"filename/content match: return, LQE, Eye",LQE_CONTEXT,REPOSITORY_ARTIFACT,YES_WITH_CONTEXT,DOCUMENTARY_OR_SPECIFICATION_ONLY; NO_MEASUREMENT_EXECUTION_INFERRED
/Users/tho2020/Documents/NEXAH ECOSYSTEM/00 EXECUTIVE/NEXAH-Mission-Control/REVIEWS/NECIR01_NEXAH_ECOSYSTEM_CAPABILITY_INTEGRATION_AND_READINESS_REVIEW_2026-09-09/results/source_verification.json,source_verification.json,json,8283,ffba64ef5c4dbb68225a191cf1e0926ac7b0fe157f7bd86aea447f1436fdabf3,REGULAR_FILE_NONFOLLOWING,LQE;ORION;Eye;return,"filename/content match: LQE, ORION, Eye, return",LQE_CONTEXT,REPOSITORY_ARTIFACT,YES_WITH_CONTEXT,DOCUMENTARY_OR_SPECIFICATION_ONLY; NO_MEASUREMENT_EXECUTION_INFERRED
/Users/tho2020/Documents/NEXAH ECOSYSTEM/00 EXECUTIVE/NEXAH-Mission-Control/REVIEWS/NEXAH_CURRENTNESS_AND_STRATEGIC_FOCUS_REVIEW_2026-08-24/01_CURRENTNESS_BASELINE_AND_SOURCE_MAP.md,01_CURRENTNESS_BASELINE_AND_SOURCE_MAP.md,md,6223,a16d86a6e2d765001496552e93dce0d8e88eaba507bb2594bec47fb38b769eb3,REGULAR_FILE_NONFOLLOWING,baseline;ORION;OLS;observer;return;reconstruction,"filename/content match: baseline, ORION, OLS, observer, return, reconstruction",B1_DISTANCE;R_RECONSTRUCTION,REPOSITORY_ARTIFACT,YES_WITH_CONTEXT,DOCUMENTARY_OR_SPECIFICATION_ONLY; NO_MEASUREMENT_EXECUTION_INFERRED
/Users/tho2020/Documents/NEXAH ECOSYSTEM/00 EXECUTIVE/NEXAH-Mission-Control/REVIEWS/NEXAH_CURRENTNESS_AND_STRATEGIC_FOCUS_REVIEW_2026-08-24/02_PORTFOLIO_STATE_LEDGER.csv,02_PORTFOLIO_STATE_LEDGER.csv,csv,8190,8eeca9d9fb58d745a4ae01f319e409679ea544351fcb0da44110a7a9fb1dfc22,REGULAR_FILE_NONFOLLOWING,baseline;ORION;Eye;observer;return;reconstruction,"filename/content match: baseline, ORION, Eye, observer, return, reconstruction",B1_DISTANCE;R_RECONSTRUCTION,REPOSITORY_ARTIFACT,YES_WITH_CONTEXT,DOCUMENTARY_OR_SPECIFICATION_ONLY; NO_MEASUREMENT_EXECUTION_INFERRED
/Users/tho2020/Documents/NEXAH ECOSYSTEM/00 EXECUTIVE/NEXAH-Mission-Control/REVIEWS/NEXAH_CURRENTNESS_AND_STRATEGIC_FOCUS_REVIEW_2026-08-24/06_DESK_02_CURRENTNESS_SYNTHESIS.md,06_DESK_02_CURRENTNESS_SYNTHESIS.md,md,2765,9a9926b84e3a1096ae744bd57e08722b1bd2f3a98720da716049136f8c43171a,REGULAR_FILE_NONFOLLOWING,baseline;ORION;observer;return;reconstruction,"filename/content match: baseline, ORION, observer, return, reconstruction",B1_DISTANCE;R_RECONSTRUCTION,REPOSITORY_ARTIFACT,YES_WITH_CONTEXT,DOCUMENTARY_OR_SPECIFICATION_ONLY; NO_MEASUREMENT_EXECUTION_INFERRED
/Users/tho2020/Documents/NEXAH ECOSYSTEM/00 EXECUTIVE/NEXAH-Mission-Control/REVIEWS/NEXAH_THE_EYE_A5R_LOCAL_NEXAHEDRON_ADOPTION_2026-09-03/VOLATILE_METADATA_EXCEPTION_LEDGER.csv,VOLATILE_METADATA_EXCEPTION_LEDGER.csv,csv,69149,3c83b6144585648b1a3d2fcde1560af857259201c88d25c8d0650e9d5237844f,REGULAR_FILE_NONFOLLOWING,baseline;ORION;OLS;Eye;observer;return;reconstruction,"filename/content match: baseline, ORION, OLS, Eye, observer, return, reconstruction",B1_DISTANCE;R_RECONSTRUCTION,REPOSITORY_ARTIFACT,YES_WITH_CONTEXT,DOCUMENTARY_OR_SPECIFICATION_ONLY; NO_MEASUREMENT_EXECUTION_INFERRED
/Users/tho2020/Documents/NEXAH ECOSYSTEM/00 EXECUTIVE/NEXAH-Mission-Control/REVIEWS/NEXAH_THE_EYE_A5_LOCAL_NEXAHEDRON_RESULT_VIEW_2026-09-03/VOLATILE_METADATA_EXCEPTION_LEDGER.csv,VOLATILE_METADATA_EXCEPTION_LEDGER.csv,csv,69149,3c83b6144585648b1a3d2fcde1560af857259201c88d25c8d0650e9d5237844f,REGULAR_FILE_NONFOLLOWING,baseline;ORION;OLS;Eye;observer;return;reconstruction,"filename/content match: baseline, ORION, OLS, Eye, observer, return, reconstruction",B1_DISTANCE;R_RECONSTRUCTION,REPOSITORY_ARTIFACT,YES_WITH_CONTEXT,DOCUMENTARY_OR_SPECIFICATION_ONLY; NO_MEASUREMENT_EXECUTION_INFERRED
/Users/tho2020/Documents/NEXAH ECOSYSTEM/00 EXECUTIVE/NEXAH-Mission-Control/REVIEWS/NEXAH_THE_EYE_A6R_LOCAL_NEXAHEDRON_ADOPTION_2026-09-03/VOLATILE_METADATA_EXCEPTION_LEDGER.csv,VOLATILE_METADATA_EXCEPTION_LEDGER.csv,csv,76114,6290388550b79c29b764c83acb4ca81d8c3d60d462842eb271cfa6c108ccaee6,REGULAR_FILE_NONFOLLOWING,baseline;ORION;OLS;Eye;observer;return;reconstruction,"filename/content match: baseline, ORION, OLS, Eye, observer, return, reconstruction",B1_DISTANCE;R_RECONSTRUCTION,REPOSITORY_ARTIFACT,YES_WITH_CONTEXT,DOCUMENTARY_OR_SPECIFICATION_ONLY; NO_MEASUREMENT_EXECUTION_INFERRED
/Users/tho2020/Documents/NEXAH ECOSYSTEM/00 EXECUTIVE/NEXAH-Mission-Control/REVIEWS/NEXAH_THE_EYE_A6_1A_CLEANUP_CHRONOLOGY_DOCUMENTARY_AMENDMENT_2026-09-03/VOLATILE_METADATA_EXCEPTION_LEDGER.csv,VOLATILE_METADATA_EXCEPTION_LEDGER.csv,csv,76306,955e58bd8058d637ad1dc4237a26766d5ba79d70773442fa93a8481f7f841229,REGULAR_FILE_NONFOLLOWING,baseline;ORION;OLS;Eye;observer;return;reconstruction,"filename/content match: baseline, ORION, OLS, Eye, observer, return, reconstruction",B1_DISTANCE;R_RECONSTRUCTION,REPOSITORY_ARTIFACT,YES_WITH_CONTEXT,DOCUMENTARY_OR_SPECIFICATION_ONLY; NO_MEASUREMENT_EXECUTION_INFERRED
/Users/tho2020/Documents/NEXAH ECOSYSTEM/00 EXECUTIVE/NEXAH-Mission-Control/REVIEWS/NEXAH_THE_EYE_A6_1B_MANIFEST_IDENTIFIER_HARDENING_2026-09-03/VOLATILE_METADATA_EXCEPTION_LEDGER.csv,VOLATILE_METADATA_EXCEPTION_LEDGER.csv,csv,76306,955e58bd8058d637ad1dc4237a26766d5ba79d70773442fa93a8481f7f841229,REGULAR_FILE_NONFOLLOWING,baseline;ORION;OLS;Eye;observer;return;reconstruction,"filename/content match: baseline, ORION, OLS, Eye, observer, return, reconstruction",B1_DISTANCE;R_RECONSTRUCTION,REPOSITORY_ARTIFACT,YES_WITH_CONTEXT,DOCUMENTARY_OR_SPECIFICATION_ONLY; NO_MEASUREMENT_EXECUTION_INFERRED
/Users/tho2020/Documents/NEXAH ECOSYSTEM/00 EXECUTIVE/NEXAH-Mission-Control/REVIEWS/NEXAH_THE_EYE_A6_1C_BUILD_ROOT_DEPENDENCY_TOPOLOGY_CHARACTERIZATION_2026-09-04/DEPENDENCY_TREE_INVENTORY.csv,DEPENDENCY_TREE_INVENTORY.csv,csv,3371273,b7245ffe2939b272a3cc94d4af302f8a588a86de60d70cc2e8a87cca92c3268e,REGULAR_FILE_NONFOLLOWING,baseline;Shadow;timestamp;ORION;OLS;Eye;observer;return,"filename/content match: baseline, Shadow, timestamp, ORION, OLS, Eye, observer, return",B1_DISTANCE;T_TIMESTAMP,REPOSITORY_ARTIFACT,YES_WITH_CONTEXT,DOCUMENTARY_OR_SPECIFICATION_ONLY; NO_MEASUREMENT_EXECUTION_INFERRED
/Users/tho2020/Documents/NEXAH ECOSYSTEM/00 EXECUTIVE/NEXAH-Mission-Control/REVIEWS/NEXAH_THE_EYE_A6_1C_BUILD_ROOT_DEPENDENCY_TOPOLOGY_CHARACTERIZATION_2026-09-04/VOLATILE_METADATA_EXCEPTION_LEDGER.csv,VOLATILE_METADATA_EXCEPTION_LEDGER.csv,csv,71918,6e687ef2e627600e63f3ea9ea542667b479c15b6635e23e829797dbd1ab4fea3,REGULAR_FILE_NONFOLLOWING,baseline;ORION;OLS;Eye;observer;return;reconstruction,"filename/content match: baseline, ORION, OLS, Eye, observer, return, reconstruction",B1_DISTANCE;R_RECONSTRUCTION,REPOSITORY_ARTIFACT,YES_WITH_CONTEXT,DOCUMENTARY_OR_SPECIFICATION_ONLY; NO_MEASUREMENT_EXECUTION_INFERRED
/Users/tho2020/Documents/NEXAH ECOSYSTEM/00 EXECUTIVE/NEXAH-Mission-Control/REVIEWS/NEXAH_THE_EYE_A6_1R_LOCAL_ADOPTION_2026-09-03/VOLATILE_METADATA_EXCEPTION_LEDGER.csv,VOLATILE_METADATA_EXCEPTION_LEDGER.csv,csv,76306,955e58bd8058d637ad1dc4237a26766d5ba79d70773442fa93a8481f7f841229,REGULAR_FILE_NONFOLLOWING,baseline;ORION;OLS;Eye;observer;return;reconstruction,"filename/content match: baseline, ORION, OLS, Eye, observer, return, reconstruction",B1_DISTANCE;R_RECONSTRUCTION,REPOSITORY_ARTIFACT,YES_WITH_CONTEXT,DOCUMENTARY_OR_SPECIFICATION_ONLY; NO_MEASUREMENT_EXECUTION_INFERRED
/Users/tho2020/Documents/NEXAH ECOSYSTEM/00 EXECUTIVE/NEXAH-Mission-Control/REVIEWS/NEXAH_THE_EYE_A6_1R_RESTART_LOCAL_ADOPTION_2026-09-03/VOLATILE_METADATA_EXCEPTION_LEDGER.csv,VOLATILE_METADATA_EXCEPTION_LEDGER.csv,csv,76306,955e58bd8058d637ad1dc4237a26766d5ba79d70773442fa93a8481f7f841229,REGULAR_FILE_NONFOLLOWING,baseline;ORION;OLS;Eye;observer;return;reconstruction,"filename/content match: baseline, ORION, OLS, Eye, observer, return, reconstruction",B1_DISTANCE;R_RECONSTRUCTION,REPOSITORY_ARTIFACT,YES_WITH_CONTEXT,DOCUMENTARY_OR_SPECIFICATION_ONLY; NO_MEASUREMENT_EXECUTION_INFERRED
/Users/tho2020/Documents/NEXAH ECOSYSTEM/00 EXECUTIVE/NEXAH-Mission-Control/REVIEWS/NEXAH_THE_EYE_A6_1_PRODUCTION_MANIFEST_PRIVATE_PATH_CORRECTION_2026-09-03/VOLATILE_METADATA_EXCEPTION_LEDGER.csv,VOLATILE_METADATA_EXCEPTION_LEDGER.csv,csv,76306,955e58bd8058d637ad1dc4237a26766d5ba79d70773442fa93a8481f7f841229,REGULAR_FILE_NONFOLLOWING,baseline;ORION;OLS;Eye;observer;return;reconstruction,"filename/content match: baseline, ORION, OLS, Eye, observer, return, reconstruction",B1_DISTANCE;R_RECONSTRUCTION,REPOSITORY_ARTIFACT,YES_WITH_CONTEXT,DOCUMENTARY_OR_SPECIFICATION_ONLY; NO_MEASUREMENT_EXECUTION_INFERRED
/Users/tho2020/Documents/NEXAH ECOSYSTEM/00 EXECUTIVE/NEXAH-Mission-Control/REVIEWS/NEXAH_THE_EYE_A6_CURATED_ONLINE_RUNTIME_BOUNDARY_2026-09-03/VOLATILE_METADATA_EXCEPTION_LEDGER.csv,VOLATILE_METADATA_EXCEPTION_LEDGER.csv,csv,69149,3c83b6144585648b1a3d2fcde1560af857259201c88d25c8d0650e9d5237844f,REGULAR_FILE_NONFOLLOWING,baseline;ORION;OLS;Eye;observer;return;reconstruction,"filename/content match: baseline, ORION, OLS, Eye, observer, return, reconstruction",B1_DISTANCE;R_RECONSTRUCTION,REPOSITORY_ARTIFACT,YES_WITH_CONTEXT,DOCUMENTARY_OR_SPECIFICATION_ONLY; NO_MEASUREMENT_EXECUTION_INFERRED
/Users/tho2020/Documents/NEXAH ECOSYSTEM/00 EXECUTIVE/NEXAH-Mission-Control/REVIEWS/NEXAH_THE_EYE_SOFTWARE_CAPABILITY_AUDIT_2026-09-03/01_SOURCE_FREEZE_MANIFEST.csv,01_SOURCE_FREEZE_MANIFEST.csv,csv,4028116,6eef18608b1677603b1ebc21d3b744ba307a58cd2f040de0d0cdc62f69c82083,REGULAR_FILE_NONFOLLOWING,distance;baseline;Shadow;emission;propagation;ORION;OLS;Eye;observer;return;reconstruction,"filename/content match: distance, baseline, Shadow, emission, propagation, ORION, OLS, Eye",A_SOURCE_EMISSION;B1_DISTANCE;B2_MEDIUM_PATH;R_RECONSTRUCTION,REPOSITORY_ARTIFACT,YES_WITH_CONTEXT,DOCUMENTARY_OR_SPECIFICATION_ONLY; NO_MEASUREMENT_EXECUTION_INFERRED
/Users/tho2020/Documents/NEXAH ECOSYSTEM/00 EXECUTIVE/NEXAH-Mission-Control/REVIEWS/ROO01A_NEXAH_OUTREACH_PORTFOLIO_CHANNEL_AND_OBSERVATORY_RECONCILIATION_2026-09-09/02_CURRENT_OUTREACH_PORTFOLIO_BIG_PICTURE.md,02_CURRENT_OUTREACH_PORTFOLIO_BIG_PICTURE.md,md,3366,64c2143deae14bdad9a854d043138b58a70a8ea99441240e046c3e7316ae4e4b,REGULAR_FILE_NONFOLLOWING,LQE;Shadow;ORION;OLS;observer;return,"filename/content match: LQE, Shadow, ORION, OLS, observer, return",LQE_CONTEXT,REPOSITORY_ARTIFACT,YES_WITH_CONTEXT,DOCUMENTARY_OR_SPECIFICATION_ONLY; NO_MEASUREMENT_EXECUTION_INFERRED
/Users/tho2020/Documents/NEXAH ECOSYSTEM/00 EXECUTIVE/NEXAH-Mission-Control/REVIEWS/ROO01A_NEXAH_OUTREACH_PORTFOLIO_CHANNEL_AND_OBSERVATORY_RECONCILIATION_2026-09-09/03_PROJECT_AND_ASSET_FAMILY_MAP.md,03_PROJECT_AND_ASSET_FAMILY_MAP.md,md,2936,0197390332f2e82f9f5a6e8fb76bfcc3bc39627673a2a1e1329a238f0f3a0e3a,REGULAR_FILE_NONFOLLOWING,LQE;ORION;OLS;observer;return,"filename/content match: LQE, ORION, OLS, observer, return",LQE_CONTEXT,REPOSITORY_ARTIFACT,YES_WITH_CONTEXT,DOCUMENTARY_OR_SPECIFICATION_ONLY; NO_MEASUREMENT_EXECUTION_INFERRED
/Users/tho2020/Documents/NEXAH ECOSYSTEM/00 EXECUTIVE/NEXAH-Mission-Control/REVIEWS/ROO01A_NEXAH_OUTREACH_PORTFOLIO_CHANNEL_AND_OBSERVATORY_RECONCILIATION_2026-09-09/04_CHANNEL_ARCHITECTURE_AND_AUDIENCE_PATHS.md,04_CHANNEL_ARCHITECTURE_AND_AUDIENCE_PATHS.md,md,3888,2ff09f218589b60cfedf50332aa401daa7e42bf46e13f578d16262f0ebcb3ce3,REGULAR_FILE_NONFOLLOWING,LQE;baseline;ORION;OLS;observer;return,"filename/content match: LQE, baseline, ORION, OLS, observer, return",B1_DISTANCE;LQE_CONTEXT,REPOSITORY_ARTIFACT,YES_WITH_CONTEXT,DOCUMENTARY_OR_SPECIFICATION_ONLY; NO_MEASUREMENT_EXECUTION_INFERRED
/Users/tho2020/Documents/NEXAH ECOSYSTEM/00 EXECUTIVE/NEXAH-Mission-Control/REVIEWS/ROO01A_NEXAH_OUTREACH_PORTFOLIO_CHANNEL_AND_OBSERVATORY_RECONCILIATION_2026-09-09/06_ROEDELHEIM_OBSERVATORY_POSITION_IN_PORTFOLIO.md,06_ROEDELHEIM_OBSERVATORY_POSITION_IN_PORTFOLIO.md,md,1956,96e64fb71ee5c47cfdc23115768292dbcaf6871b8f413357d292c11f4e8e88bf,REGULAR_FILE_NONFOLLOWING,LQE;Shadow;observer;return;reconstruction,"filename/content match: LQE, Shadow, observer, return, reconstruction",LQE_CONTEXT;R_RECONSTRUCTION,REPOSITORY_ARTIFACT,YES_WITH_CONTEXT,DOCUMENTARY_OR_SPECIFICATION_ONLY; NO_MEASUREMENT_EXECUTION_INFERRED
/Users/tho2020/Documents/NEXAH ECOSYSTEM/00 EXECUTIVE/NEXAH-Mission-Control/REVIEWS/ROO01A_NEXAH_OUTREACH_PORTFOLIO_CHANNEL_AND_OBSERVATORY_RECONCILIATION_2026-09-09/07_RELEASE_AND_OUTREACH_SEQUENCE.md,07_RELEASE_AND_OUTREACH_SEQUENCE.md,md,1676,e35a262c5ec52b4cde9045f726d319db13c95f4195b437afb366c1eb5536afb2,REGULAR_FILE_NONFOLLOWING,LQE;return,"filename/content match: LQE, return",LQE_CONTEXT,REPOSITORY_ARTIFACT,YES_WITH_CONTEXT,DOCUMENTARY_OR_SPECIFICATION_ONLY; NO_MEASUREMENT_EXECUTION_INFERRED
/Users/tho2020/Documents/NEXAH ECOSYSTEM/00 EXECUTIVE/NEXAH-Mission-Control/REVIEWS/ROO01A_NEXAH_OUTREACH_PORTFOLIO_CHANNEL_AND_OBSERVATORY_RECONCILIATION_2026-09-09/08_CLAIM_AUTHORITY_AND_CHANNEL_BOUNDARY.md,08_CLAIM_AUTHORITY_AND_CHANNEL_BOUNDARY.md,md,1325,68352dcffa038b0314498d104f279634d18b65983615027b96169f27690e40f7,REGULAR_FILE_NONFOLLOWING,LQE,filename/content match: LQE,LQE_CONTEXT,REPOSITORY_ARTIFACT,YES_WITH_CONTEXT,DOCUMENTARY_OR_SPECIFICATION_ONLY; NO_MEASUREMENT_EXECUTION_INFERRED
/Users/tho2020/Documents/NEXAH ECOSYSTEM/00 EXECUTIVE/NEXAH-Mission-Control/REVIEWS/ROO01A_NEXAH_OUTREACH_PORTFOLIO_CHANNEL_AND_OBSERVATORY_RECONCILIATION_2026-09-09/FINAL_RETURN.md,FINAL_RETURN.md,md,2092,6d29df90d36c9a7d8d5e85607311bb0f3c25f76a55d0535712cfe0bb95a1a273,REGULAR_FILE_NONFOLLOWING,return;LQE;ORION,"filename/content match: return, LQE, ORION",LQE_CONTEXT,REPOSITORY_ARTIFACT,YES_WITH_CONTEXT,DOCUMENTARY_OR_SPECIFICATION_ONLY; NO_MEASUREMENT_EXECUTION_INFERRED
/Users/tho2020/Documents/NEXAH ECOSYSTEM/00 EXECUTIVE/NEXAH-Mission-Control/REVIEWS/ROO01A_NEXAH_OUTREACH_PORTFOLIO_CHANNEL_AND_OBSERVATORY_RECONCILIATION_2026-09-09/VALIDATION_REPORT.md,VALIDATION_REPORT.md,md,770,814b5eff0bbed558c32492eb9c821e76d25a7674db4605823a0f151896453968,REGULAR_FILE_NONFOLLOWING,LQE,filename/content match: LQE,LQE_CONTEXT,REPOSITORY_ARTIFACT,YES_WITH_CONTEXT,DOCUMENTARY_OR_SPECIFICATION_ONLY; NO_MEASUREMENT_EXECUTION_INFERRED
/Users/tho2020/Documents/NEXAH ECOSYSTEM/00 EXECUTIVE/NEXAH-Mission-Control/REVIEWS/ROO01A_NEXAH_OUTREACH_PORTFOLIO_CHANNEL_AND_OBSERVATORY_RECONCILIATION_2026-09-09/results/source_bindings.json,source_bindings.json,json,5456,676dee2a1ad649d09e87f129362dc5863caabf11ba2e785c7741c82df89d6b28,REGULAR_FILE_NONFOLLOWING,LQE;return,"filename/content match: LQE, return",LQE_CONTEXT,REPOSITORY_ARTIFACT,YES_WITH_CONTEXT,DOCUMENTARY_OR_SPECIFICATION_ONLY; NO_MEASUREMENT_EXECUTION_INFERRED
/Users/tho2020/Documents/NEXAH ECOSYSTEM/00 EXECUTIVE/NEXAH-Mission-Control/REVIEWS/ROO01_ROEDELHEIM_OBSERVATORY_RELEASE_AUDIENCE_OUTREACH_STRATEGIC_REVIEW_2026-09-09/03_AUDIENCE_AND_ENTRY_OVERVIEW.md,03_AUDIENCE_AND_ENTRY_OVERVIEW.md,md,2337,e32df1ca59e1068cd34d791ec7cf85f669ae1965e07d9e244a6e7f118b40a256,REGULAR_FILE_NONFOLLOWING,LQE;observer;return,"filename/content match: LQE, observer, return",LQE_CONTEXT,REPOSITORY_ARTIFACT,YES_WITH_CONTEXT,DOCUMENTARY_OR_SPECIFICATION_ONLY; NO_MEASUREMENT_EXECUTION_INFERRED
/Users/tho2020/Documents/NEXAH ECOSYSTEM/00 EXECUTIVE/NEXAH-Mission-Control/REVIEWS/ROO01_ROEDELHEIM_OBSERVATORY_RELEASE_AUDIENCE_OUTREACH_STRATEGIC_REVIEW_2026-09-09/04_ASSET_AND_RELEASE_LAYERS.md,04_ASSET_AND_RELEASE_LAYERS.md,md,2083,1b45babf72b1388744d4d14bff473a5852a2da64ce452739831bf0d5c1b8154b,REGULAR_FILE_NONFOLLOWING,LQE;observer;return,"filename/content match: LQE, observer, return",LQE_CONTEXT,REPOSITORY_ARTIFACT,YES_WITH_CONTEXT,DOCUMENTARY_OR_SPECIFICATION_ONLY; NO_MEASUREMENT_EXECUTION_INFERRED
/Users/tho2020/Documents/NEXAH ECOSYSTEM/00 EXECUTIVE/NEXAH-Mission-Control/REVIEWS/ROO01_ROEDELHEIM_OBSERVATORY_RELEASE_AUDIENCE_OUTREACH_STRATEGIC_REVIEW_2026-09-09/06_CLAIM_AND_NONCLAIM_BOUNDARY.md,06_CLAIM_AND_NONCLAIM_BOUNDARY.md,md,1187,ed76803a6d9ba8833d58667d94c4cc39cc863f410fe01646c483a845075f6de9,REGULAR_FILE_NONFOLLOWING,LQE;observer;reconstruction,"filename/content match: LQE, observer, reconstruction",LQE_CONTEXT;R_RECONSTRUCTION,REPOSITORY_ARTIFACT,YES_WITH_CONTEXT,DOCUMENTARY_OR_SPECIFICATION_ONLY; NO_MEASUREMENT_EXECUTION_INFERRED
/Users/tho2020/Documents/NEXAH ECOSYSTEM/00 EXECUTIVE/NEXAH-Mission-Control/ROEDELHEIM_OBSERVATORY_BUNDLE/INDEX.md,INDEX.md,md,9401,4592c31b599a1a47e8ac9d1589599ecd4487d697be51e1f523f9997fc5c3cbc5,REGULAR_FILE_NONFOLLOWING,baseline;propagation;timestamp;ORION;OLS;Eye;observer;return;reconstruction,"filename/content match: baseline, propagation, timestamp, ORION, OLS, Eye, observer, return",B1_DISTANCE;B2_MEDIUM_PATH;R_RECONSTRUCTION;T_TIMESTAMP,REPOSITORY_ARTIFACT,YES_WITH_CONTEXT,DOCUMENTARY_OR_SPECIFICATION_ONLY; NO_MEASUREMENT_EXECUTION_INFERRED
/Users/tho2020/Documents/NEXAH ECOSYSTEM/00 EXECUTIVE/NEXAH-Mission-Control/ROEDELHEIM_OBSERVATORY_BUNDLE/ROEDELHEIM_OBSERVATORY_DOUBLE_CUT_LAB_0_2.html,ROEDELHEIM_OBSERVATORY_DOUBLE_CUT_LAB_0_2.html,html,69680,e766fed5e0f7086a7f71ebb099e0206e0dd608620e396528d22b7d6d1723ac71,REGULAR_FILE_NONFOLLOWING,distance;baseline;Shadow;timestamp;OLS;observer;return,"filename/content match: distance, baseline, Shadow, timestamp, OLS, observer, return",B1_DISTANCE;T_TIMESTAMP,REPOSITORY_ARTIFACT,YES_WITH_CONTEXT,DOCUMENTARY_OR_SPECIFICATION_ONLY; NO_MEASUREMENT_EXECUTION_INFERRED
/Users/tho2020/Documents/NEXAH ECOSYSTEM/00 EXECUTIVE/NEXAH-Mission-Control/ROEDELHEIM_OBSERVATORY_BUNDLE/ROEDELHEIM_OBSERVATORY_PHASE_PROJECTION_COMPLEMENT_LAB.html,ROEDELHEIM_OBSERVATORY_PHASE_PROJECTION_COMPLEMENT_LAB.html,html,52904,d75b47f25ed55fbb1db195008220eec2a1eeec963738b3f119dd93161b2a3150,REGULAR_FILE_NONFOLLOWING,baseline;Shadow;timestamp;OLS;observer;return,"filename/content match: baseline, Shadow, timestamp, OLS, observer, return",B1_DISTANCE;T_TIMESTAMP,REPOSITORY_ARTIFACT,YES_WITH_CONTEXT,DOCUMENTARY_OR_SPECIFICATION_ONLY; NO_MEASUREMENT_EXECUTION_INFERRED
/Users/tho2020/Documents/NEXAH ECOSYSTEM/00 EXECUTIVE/NEXAH-Mission-Control/VISUAL_SEQUENCE_ORIENTATION_RECORD_0_1_IMPLEMENTATION_PLAN.md,VISUAL_SEQUENCE_ORIENTATION_RECORD_0_1_IMPLEMENTATION_PLAN.md,md,45180,02aecb014a479760800a233db209f494b2530b35046b045e5cd45b6932c52400,REGULAR_FILE_NONFOLLOWING,distance;baseline;timestamp;ORION;OLS;return,"filename/content match: distance, baseline, timestamp, ORION, OLS, return",B1_DISTANCE;T_TIMESTAMP,REPOSITORY_ARTIFACT,YES_WITH_CONTEXT,DOCUMENTARY_OR_SPECIFICATION_ONLY; NO_MEASUREMENT_EXECUTION_INFERRED
/Users/tho2020/Documents/NEXAH ECOSYSTEM/10 NEXAH CORE/NEXAH/APPLICATIONS/power_systems/FIELD_NAVIGATION_VALIDATION/navigation_experiment_log.md,navigation_experiment_log.md,md,55633,966858fc68d247c7139dea4e5a64f934df87a6efbdb9f3d4a2d820ebf0a76905,REGULAR_FILE_NONFOLLOWING,distance;baseline;return;reconstruction,"filename/content match: distance, baseline, return, reconstruction",B1_DISTANCE;R_RECONSTRUCTION,REPOSITORY_ARTIFACT,YES_WITH_CONTEXT,DOCUMENTARY_OR_SPECIFICATION_ONLY; NO_MEASUREMENT_EXECUTION_INFERRED
/Users/tho2020/Documents/NEXAH ECOSYSTEM/10 NEXAH CORE/NEXAH/APPLICATIONS/power_systems/nexah_ieee9/decision/main_v2.py,main_v2.py,py,10455,e2077588e086466058851b85ad153b915a699ac87aa9b39d310d6d5e0121d5f9,REGULAR_FILE_NONFOLLOWING,distance;baseline;timestamp;return,"filename/content match: distance, baseline, timestamp, return",B1_DISTANCE;T_TIMESTAMP,REPOSITORY_ARTIFACT,YES_WITH_CONTEXT,DOCUMENTARY_OR_SPECIFICATION_ONLY; NO_MEASUREMENT_EXECUTION_INFERRED
/Users/tho2020/Documents/NEXAH ECOSYSTEM/10 NEXAH CORE/NEXAH/APPLICATIONS/power_systems/nexah_ieee9/decision/main_v3.py,main_v3.py,py,10872,0b55c4fd1e3440a2292892c553657ae89ae370ba9a69db8bc44165bdd7d9714e,REGULAR_FILE_NONFOLLOWING,distance;baseline;timestamp;return,"filename/content match: distance, baseline, timestamp, return",B1_DISTANCE;T_TIMESTAMP,REPOSITORY_ARTIFACT,YES_WITH_CONTEXT,DOCUMENTARY_OR_SPECIFICATION_ONLY; NO_MEASUREMENT_EXECUTION_INFERRED
/Users/tho2020/Documents/NEXAH ECOSYSTEM/10 NEXAH CORE/NEXAH/ARCHITECTURE/orientation_layer/IEEE_COUPLED_ADAPTER.md,IEEE_COUPLED_ADAPTER.md,md,5272,8c9d00102b8b9f8e0eb9c39afaa5e68a5a71df7465d62b04a1ab9d24414cfc8f,REGULAR_FILE_NONFOLLOWING,distance;baseline;timestamp;reconstruction,"filename/content match: distance, baseline, timestamp, reconstruction",B1_DISTANCE;R_RECONSTRUCTION;T_TIMESTAMP,REPOSITORY_ARTIFACT,YES_WITH_CONTEXT,DOCUMENTARY_OR_SPECIFICATION_ONLY; NO_MEASUREMENT_EXECUTION_INFERRED
/Users/tho2020/Documents/NEXAH ECOSYSTEM/10 NEXAH CORE/NEXAH/ARCHITECTURE/orientation_layer/ORIENTATION_LAYER_SPEC.md,ORIENTATION_LAYER_SPEC.md,md,4851,c23a813c3e291af10734d80310799e4a29d58f7a45d7c3b50ebb008033f2ca14,REGULAR_FILE_NONFOLLOWING,baseline;timestamp;observer;return,"filename/content match: baseline, timestamp, observer, return",B1_DISTANCE;T_TIMESTAMP,REPOSITORY_ARTIFACT,YES_WITH_CONTEXT,DOCUMENTARY_OR_SPECIFICATION_ONLY; NO_MEASUREMENT_EXECUTION_INFERRED
/Users/tho2020/Documents/NEXAH ECOSYSTEM/10 NEXAH CORE/NEXAH/ARCHITECTURE/orientation_layer/SOURCE_ADAPTER_CONTRACT.md,SOURCE_ADAPTER_CONTRACT.md,md,5242,26a5a05add317d8bb2604f564a0bfc839ae42dd84a2b89e416e576dcc6f6234b,REGULAR_FILE_NONFOLLOWING,round trip;timestamp;return,"filename/content match: round trip, timestamp, return",LQE_CONTEXT;T_TIMESTAMP,REPOSITORY_ARTIFACT,YES_WITH_CONTEXT,DOCUMENTARY_OR_SPECIFICATION_ONLY; NO_MEASUREMENT_EXECUTION_INFERRED
/Users/tho2020/Documents/NEXAH ECOSYSTEM/10 NEXAH CORE/NEXAH/EDITORIAL_OPERATING_SYSTEM/living_concepts/dossiers/JANUS_DOSSIER.md,JANUS_DOSSIER.md,md,12890,f93c017fbd477fca46b5b55c93223a2c6677eb8337ddd22a6e1c8ad6253b105a,REGULAR_FILE_NONFOLLOWING,round trip;baseline;observer,"filename/content match: round trip, baseline, observer",B1_DISTANCE;LQE_CONTEXT,REPOSITORY_ARTIFACT,YES_WITH_CONTEXT,DOCUMENTARY_OR_SPECIFICATION_ONLY; NO_MEASUREMENT_EXECUTION_INFERRED
/Users/tho2020/Documents/NEXAH ECOSYSTEM/10 NEXAH CORE/NEXAH/EDITORIAL_OPERATING_SYSTEM/living_concepts/review/transition_geometry/TRANSITION_GEOMETRY_CONCEPT_FAMILY_TEST.md,TRANSITION_GEOMETRY_CONCEPT_FAMILY_TEST.md,md,13711,701bc49497b2f467f07f5ea66306afc372d9891ae1c28692ba638e12843f78be,REGULAR_FILE_NONFOLLOWING,baseline;observer;return;reconstruction,"filename/content match: baseline, observer, return, reconstruction",B1_DISTANCE;R_RECONSTRUCTION,REPOSITORY_ARTIFACT,YES_WITH_CONTEXT,DOCUMENTARY_OR_SPECIFICATION_ONLY; NO_MEASUREMENT_EXECUTION_INFERRED
/Users/tho2020/Documents/NEXAH ECOSYSTEM/10 NEXAH CORE/NEXAH/ORIENTATION_LANGUAGE/SPECIFICATION/RELEASES/OLS-RELEASE-1.0.0/DOCUMENTS/OLS-4_DERIVATIONS_AND_SEMANTIC_TRANSITIONS_V1.0.md,OLS-4_DERIVATIONS_AND_SEMANTIC_TRANSITIONS_V1.0.md,md,44695,c1ed8f5b224829b03d19d1326fbfb6fc6f0f8d66a627ef741e7df0a32f6bfba4,REGULAR_FILE_NONFOLLOWING,OLS;baseline;reception;observer;return;reconstruction,"filename/content match: OLS, baseline, reception, observer, return, reconstruction",B1_DISTANCE;C_RECEPTION;R_RECONSTRUCTION,REPOSITORY_ARTIFACT,YES_WITH_CONTEXT,DOCUMENTARY_OR_SPECIFICATION_ONLY; NO_MEASUREMENT_EXECUTION_INFERRED
/Users/tho2020/Documents/NEXAH ECOSYSTEM/10 NEXAH CORE/NEXAH/PROTO_CORE/NEXAH_CORE/scripts/ieee_gate_detection_v64_learned_flow_field.py,ieee_gate_detection_v64_learned_flow_field.py,py,5325,a499991dca304f1b411e94a32b7fdb717c8826846e6f81e1da055c5152f0bc40,REGULAR_FILE_NONFOLLOWING,distance;baseline;propagation;return,"filename/content match: distance, baseline, propagation, return",B1_DISTANCE;B2_MEDIUM_PATH,REPOSITORY_ARTIFACT,YES_WITH_CONTEXT,DOCUMENTARY_OR_SPECIFICATION_ONLY; NO_MEASUREMENT_EXECUTION_INFERRED
/Users/tho2020/Documents/NEXAH ECOSYSTEM/10 NEXAH CORE/NEXAH/RESEARCH/FOUNDATION/STATE_TRANSITION_ORIENTATION_FRAMEWORK_V0_1.md,STATE_TRANSITION_ORIENTATION_FRAMEWORK_V0_1.md,md,12749,d9b0bb10c932c3aea05087b6a48809d79947cf83f9932158cd38a03758f8f7a0,REGULAR_FILE_NONFOLLOWING,round trip;distance;return,"filename/content match: round trip, distance, return",B1_DISTANCE;LQE_CONTEXT,REPOSITORY_ARTIFACT,YES_WITH_CONTEXT,DOCUMENTARY_OR_SPECIFICATION_ONLY; NO_MEASUREMENT_EXECUTION_INFERRED
/Users/tho2020/Documents/NEXAH ECOSYSTEM/10 NEXAH CORE/NEXAH/RESEARCH/NOTES/MOVING_MASK_ESTIMATOR_RESEARCH_HANDOFF/LAB_0_5_MOVING_MASK_RESEARCH_HANDOFF.md,LAB_0_5_MOVING_MASK_RESEARCH_HANDOFF.md,md,15150,1e22530d25383284096f4343e4152f254c084271e43c6b2cc26adc06e4040f9a,REGULAR_FILE_NONFOLLOWING,baseline;observer;return;reconstruction,"filename/content match: baseline, observer, return, reconstruction",B1_DISTANCE;R_RECONSTRUCTION,REPOSITORY_ARTIFACT,YES_WITH_CONTEXT,DOCUMENTARY_OR_SPECIFICATION_ONLY; NO_MEASUREMENT_EXECUTION_INFERRED
/Users/tho2020/Documents/NEXAH ECOSYSTEM/10 NEXAH CORE/NEXAH/validation/ieee_scaling_pattern_v2/run_validation.py,run_validation.py,py,16599,acbde740f7fa9d72fd50b2ac8341088992eebb52e1676b56df2c40db089eecce,REGULAR_FILE_NONFOLLOWING,distance;baseline;timestamp;return,"filename/content match: distance, baseline, timestamp, return",B1_DISTANCE;T_TIMESTAMP,REPOSITORY_ARTIFACT,YES_WITH_CONTEXT,DOCUMENTARY_OR_SPECIFICATION_ONLY; NO_MEASUREMENT_EXECUTION_INFERRED
/Users/tho2020/Documents/NEXAH ECOSYSTEM/10 NEXAH CORE/NEXAH/validation/orientation_mvp/run_validation.py,run_validation.py,py,9872,dc5280cf652ba14161568c45aa51f7ff14f32a1a89502626268c8ab1db7f1e4b,REGULAR_FILE_NONFOLLOWING,distance;baseline;timestamp;return,"filename/content match: distance, baseline, timestamp, return",B1_DISTANCE;T_TIMESTAMP,REPOSITORY_ARTIFACT,YES_WITH_CONTEXT,DOCUMENTARY_OR_SPECIFICATION_ONLY; NO_MEASUREMENT_EXECUTION_INFERRED
/Users/tho2020/Documents/NEXAH ECOSYSTEM/20 ORION/NEXAH-ORION-V1-CERTIFIED-d34fbb2f/CHANGELOG.md,CHANGELOG.md,md,9164,29c6fe0183b418681ac777ad625716594c81c0267df4d7570808bc918687f7e1,REGULAR_FILE_NONFOLLOWING,round trip;baseline;propagation;ORION,"filename/content match: round trip, baseline, propagation, ORION",B1_DISTANCE;B2_MEDIUM_PATH;LQE_CONTEXT,REPOSITORY_ARTIFACT,YES_WITH_CONTEXT,DOCUMENTARY_OR_SPECIFICATION_ONLY; NO_MEASUREMENT_EXECUTION_INFERRED
/Users/tho2020/Documents/NEXAH ECOSYSTEM/20 ORION/NEXAH-ORION-V1-CERTIFIED-d34fbb2f/docs/development/PHASE_6B_LYRA_INTEGRATION.md,PHASE_6B_LYRA_INTEGRATION.md,md,6028,56b20141cbcbf05ee739b41c03c703a125ef921ef3abdd4517dfc15b73fb41e1,REGULAR_FILE_NONFOLLOWING,round trip;baseline;ORION,"filename/content match: round trip, baseline, ORION",B1_DISTANCE;LQE_CONTEXT,REPOSITORY_ARTIFACT,YES_WITH_CONTEXT,DOCUMENTARY_OR_SPECIFICATION_ONLY; NO_MEASUREMENT_EXECUTION_INFERRED
/Users/tho2020/Documents/NEXAH ECOSYSTEM/20 ORION/NEXAH-ORION/.workspace/repositories/NEXAH-framework-ci/APPLICATIONS/power_systems/FIELD_NAVIGATION_VALIDATION/navigation_experiment_log.md,navigation_experiment_log.md,md,55633,966858fc68d247c7139dea4e5a64f934df87a6efbdb9f3d4a2d820ebf0a76905,REGULAR_FILE_NONFOLLOWING,distance;baseline;return;reconstruction,"filename/content match: distance, baseline, return, reconstruction",B1_DISTANCE;R_RECONSTRUCTION,REPOSITORY_ARTIFACT,YES_WITH_CONTEXT,DOCUMENTARY_OR_SPECIFICATION_ONLY; NO_MEASUREMENT_EXECUTION_INFERRED
/Users/tho2020/Documents/NEXAH ECOSYSTEM/20 ORION/NEXAH-ORION/.workspace/repositories/NEXAH-framework-ci/APPLICATIONS/power_systems/nexah_ieee9/decision/main_v2.py,main_v2.py,py,10455,e2077588e086466058851b85ad153b915a699ac87aa9b39d310d6d5e0121d5f9,REGULAR_FILE_NONFOLLOWING,distance;baseline;timestamp;return,"filename/content match: distance, baseline, timestamp, return",B1_DISTANCE;T_TIMESTAMP,REPOSITORY_ARTIFACT,YES_WITH_CONTEXT,DOCUMENTARY_OR_SPECIFICATION_ONLY; NO_MEASUREMENT_EXECUTION_INFERRED
/Users/tho2020/Documents/NEXAH ECOSYSTEM/20 ORION/NEXAH-ORION/.workspace/repositories/NEXAH-framework-ci/APPLICATIONS/power_systems/nexah_ieee9/decision/main_v3.py,main_v3.py,py,10872,0b55c4fd1e3440a2292892c553657ae89ae370ba9a69db8bc44165bdd7d9714e,REGULAR_FILE_NONFOLLOWING,distance;baseline;timestamp;return,"filename/content match: distance, baseline, timestamp, return",B1_DISTANCE;T_TIMESTAMP,REPOSITORY_ARTIFACT,YES_WITH_CONTEXT,DOCUMENTARY_OR_SPECIFICATION_ONLY; NO_MEASUREMENT_EXECUTION_INFERRED
/Users/tho2020/Documents/NEXAH ECOSYSTEM/20 ORION/NEXAH-ORION/.workspace/repositories/NEXAH-framework-ci/ARCHITECTURE/orientation_layer/IEEE_COUPLED_ADAPTER.md,IEEE_COUPLED_ADAPTER.md,md,5272,8c9d00102b8b9f8e0eb9c39afaa5e68a5a71df7465d62b04a1ab9d24414cfc8f,REGULAR_FILE_NONFOLLOWING,distance;baseline;timestamp;reconstruction,"filename/content match: distance, baseline, timestamp, reconstruction",B1_DISTANCE;R_RECONSTRUCTION;T_TIMESTAMP,REPOSITORY_ARTIFACT,YES_WITH_CONTEXT,DOCUMENTARY_OR_SPECIFICATION_ONLY; NO_MEASUREMENT_EXECUTION_INFERRED
/Users/tho2020/Documents/NEXAH ECOSYSTEM/20 ORION/NEXAH-ORION/.workspace/repositories/NEXAH-framework-ci/ARCHITECTURE/orientation_layer/ORIENTATION_LAYER_SPEC.md,ORIENTATION_LAYER_SPEC.md,md,4851,c23a813c3e291af10734d80310799e4a29d58f7a45d7c3b50ebb008033f2ca14,REGULAR_FILE_NONFOLLOWING,baseline;timestamp;observer;return,"filename/content match: baseline, timestamp, observer, return",B1_DISTANCE;T_TIMESTAMP,REPOSITORY_ARTIFACT,YES_WITH_CONTEXT,DOCUMENTARY_OR_SPECIFICATION_ONLY; NO_MEASUREMENT_EXECUTION_INFERRED
/Users/tho2020/Documents/NEXAH ECOSYSTEM/20 ORION/NEXAH-ORION/.workspace/repositories/NEXAH-framework-ci/ARCHITECTURE/orientation_layer/SOURCE_ADAPTER_CONTRACT.md,SOURCE_ADAPTER_CONTRACT.md,md,5242,26a5a05add317d8bb2604f564a0bfc839ae42dd84a2b89e416e576dcc6f6234b,REGULAR_FILE_NONFOLLOWING,round trip;timestamp;return,"filename/content match: round trip, timestamp, return",LQE_CONTEXT;T_TIMESTAMP,REPOSITORY_ARTIFACT,YES_WITH_CONTEXT,DOCUMENTARY_OR_SPECIFICATION_ONLY; NO_MEASUREMENT_EXECUTION_INFERRED
/Users/tho2020/Documents/NEXAH ECOSYSTEM/20 ORION/NEXAH-ORION/.workspace/repositories/NEXAH-framework-ci/EDITORIAL_OPERATING_SYSTEM/living_concepts/dossiers/JANUS_DOSSIER.md,JANUS_DOSSIER.md,md,12890,f93c017fbd477fca46b5b55c93223a2c6677eb8337ddd22a6e1c8ad6253b105a,REGULAR_FILE_NONFOLLOWING,round trip;baseline;observer,"filename/content match: round trip, baseline, observer",B1_DISTANCE;LQE_CONTEXT,REPOSITORY_ARTIFACT,YES_WITH_CONTEXT,DOCUMENTARY_OR_SPECIFICATION_ONLY; NO_MEASUREMENT_EXECUTION_INFERRED
/Users/tho2020/Documents/NEXAH ECOSYSTEM/20 ORION/NEXAH-ORION/.workspace/repositories/NEXAH-framework-ci/EDITORIAL_OPERATING_SYSTEM/living_concepts/review/transition_geometry/TRANSITION_GEOMETRY_CONCEPT_FAMILY_TEST.md,TRANSITION_GEOMETRY_CONCEPT_FAMILY_TEST.md,md,13711,701bc49497b2f467f07f5ea66306afc372d9891ae1c28692ba638e12843f78be,REGULAR_FILE_NONFOLLOWING,baseline;observer;return;reconstruction,"filename/content match: baseline, observer, return, reconstruction",B1_DISTANCE;R_RECONSTRUCTION,REPOSITORY_ARTIFACT,YES_WITH_CONTEXT,DOCUMENTARY_OR_SPECIFICATION_ONLY; NO_MEASUREMENT_EXECUTION_INFERRED
/Users/tho2020/Documents/NEXAH ECOSYSTEM/20 ORION/NEXAH-ORION/.workspace/repositories/NEXAH-framework-ci/ORIENTATION_LANGUAGE/SPECIFICATION/RELEASES/OLS-RELEASE-1.0.0/DOCUMENTS/OLS-4_DERIVATIONS_AND_SEMANTIC_TRANSITIONS_V1.0.md,OLS-4_DERIVATIONS_AND_SEMANTIC_TRANSITIONS_V1.0.md,md,44695,c1ed8f5b224829b03d19d1326fbfb6fc6f0f8d66a627ef741e7df0a32f6bfba4,REGULAR_FILE_NONFOLLOWING,OLS;baseline;reception;observer;return;reconstruction,"filename/content match: OLS, baseline, reception, observer, return, reconstruction",B1_DISTANCE;C_RECEPTION;R_RECONSTRUCTION,REPOSITORY_ARTIFACT,YES_WITH_CONTEXT,DOCUMENTARY_OR_SPECIFICATION_ONLY; NO_MEASUREMENT_EXECUTION_INFERRED
/Users/tho2020/Documents/NEXAH ECOSYSTEM/20 ORION/NEXAH-ORION/.workspace/repositories/NEXAH-framework-ci/PROTO_CORE/NEXAH_CORE/scripts/ieee_gate_detection_v64_learned_flow_field.py,ieee_gate_detection_v64_learned_flow_field.py,py,5325,a499991dca304f1b411e94a32b7fdb717c8826846e6f81e1da055c5152f0bc40,REGULAR_FILE_NONFOLLOWING,distance;baseline;propagation;return,"filename/content match: distance, baseline, propagation, return",B1_DISTANCE;B2_MEDIUM_PATH,REPOSITORY_ARTIFACT,YES_WITH_CONTEXT,DOCUMENTARY_OR_SPECIFICATION_ONLY; NO_MEASUREMENT_EXECUTION_INFERRED
/Users/tho2020/Documents/NEXAH ECOSYSTEM/20 ORION/NEXAH-ORION/.workspace/repositories/NEXAH-framework-ci/RESEARCH/FOUNDATION/STATE_TRANSITION_ORIENTATION_FRAMEWORK_V0_1.md,STATE_TRANSITION_ORIENTATION_FRAMEWORK_V0_1.md,md,12749,d9b0bb10c932c3aea05087b6a48809d79947cf83f9932158cd38a03758f8f7a0,REGULAR_FILE_NONFOLLOWING,round trip;distance;return,"filename/content match: round trip, distance, return",B1_DISTANCE;LQE_CONTEXT,REPOSITORY_ARTIFACT,YES_WITH_CONTEXT,DOCUMENTARY_OR_SPECIFICATION_ONLY; NO_MEASUREMENT_EXECUTION_INFERRED
/Users/tho2020/Documents/NEXAH ECOSYSTEM/20 ORION/NEXAH-ORION/.workspace/repositories/NEXAH-framework-ci/validation/ieee_scaling_pattern_v2/run_validation.py,run_validation.py,py,16599,acbde740f7fa9d72fd50b2ac8341088992eebb52e1676b56df2c40db089eecce,REGULAR_FILE_NONFOLLOWING,distance;baseline;timestamp;return,"filename/content match: distance, baseline, timestamp, return",B1_DISTANCE;T_TIMESTAMP,REPOSITORY_ARTIFACT,YES_WITH_CONTEXT,DOCUMENTARY_OR_SPECIFICATION_ONLY; NO_MEASUREMENT_EXECUTION_INFERRED
/Users/tho2020/Documents/NEXAH ECOSYSTEM/20 ORION/NEXAH-ORION/.workspace/repositories/NEXAH-framework-ci/validation/orientation_mvp/run_validation.py,run_validation.py,py,9872,dc5280cf652ba14161568c45aa51f7ff14f32a1a89502626268c8ab1db7f1e4b,REGULAR_FILE_NONFOLLOWING,distance;baseline;timestamp;return,"filename/content match: distance, baseline, timestamp, return",B1_DISTANCE;T_TIMESTAMP,REPOSITORY_ARTIFACT,YES_WITH_CONTEXT,DOCUMENTARY_OR_SPECIFICATION_ONLY; NO_MEASUREMENT_EXECUTION_INFERRED
/Users/tho2020/Documents/NEXAH ECOSYSTEM/20 ORION/NEXAH-ORION/.workspace/repositories/nexah-experience/node_modules/.pnpm/@napi-rs+wasm-runtime@1.1.6_@emnapi+core@1.11.1_@emnapi+runtime@1.11.1/node_modules/@napi-rs/wasm-runtime/dist/fs.js,fs.js,js,6239581,e2c5f45c7fba67f78870ee43d9084aa9841027d518c5a56702ee4caaf61a2021,REGULAR_FILE_NONFOLLOWING,Shadow;emission;propagation;timestamp;OLS;Eye;return,Dependency/build artifact term match; retained for audit transparency,SCREENED_FALSE_POSITIVE,THIRD_PARTY_OR_GENERATED_DEPENDENCY,NO,NO_LQE_MEASUREMENT_EVIDENCE
/Users/tho2020/Documents/NEXAH ECOSYSTEM/20 ORION/NEXAH-ORION/.workspace/repositories/nexah-experience/node_modules/.pnpm/@napi-rs+wasm-runtime@1.1.6_@emnapi+core@1.11.1_@emnapi+runtime@1.11.2/node_modules/@napi-rs/wasm-runtime/dist/fs.js,fs.js,js,6239581,e2c5f45c7fba67f78870ee43d9084aa9841027d518c5a56702ee4caaf61a2021,REGULAR_FILE_NONFOLLOWING,Shadow;emission;propagation;timestamp;OLS;Eye;return,Dependency/build artifact term match; retained for audit transparency,SCREENED_FALSE_POSITIVE,THIRD_PARTY_OR_GENERATED_DEPENDENCY,NO,NO_LQE_MEASUREMENT_EVIDENCE
/Users/tho2020/Documents/NEXAH ECOSYSTEM/20 ORION/NEXAH-ORION/.workspace/repositories/nexah-experience/node_modules/.pnpm/es-module-lexer@2.3.1/node_modules/es-module-lexer/dist/lexer.js,lexer.js,js,17301,b17c9f150d57476b7e006aafff17267647db9c7a6f1ea024d5b506d7ca8472cc,REGULAR_FILE_NONFOLLOWING,LQE;Eye;return,Dependency/build artifact term match; retained for audit transparency,SCREENED_FALSE_POSITIVE,THIRD_PARTY_OR_GENERATED_DEPENDENCY,NO,NO_LQE_MEASUREMENT_EVIDENCE
/Users/tho2020/Documents/NEXAH ECOSYSTEM/20 ORION/NEXAH-ORION/.workspace/repositories/nexah-experience/node_modules/.pnpm/es-module-lexer@2.3.1/node_modules/es-module-lexer/dist/lexer.minimal.js,lexer.minimal.js,js,16142,771c5cef24b506c4143d2fc06d6412052dfa5e545765e108da8b2350ff535ad5,REGULAR_FILE_NONFOLLOWING,LQE;Eye;return,Dependency/build artifact term match; retained for audit transparency,SCREENED_FALSE_POSITIVE,THIRD_PARTY_OR_GENERATED_DEPENDENCY,NO,NO_LQE_MEASUREMENT_EVIDENCE
/Users/tho2020/Documents/NEXAH ECOSYSTEM/20 ORION/NEXAH-ORION/.workspace/repositories/nexah-experience/node_modules/.pnpm/fontkitten@1.0.3/node_modules/fontkitten/dist/index.js,index.js,js,328436,8f25e8c1492c786c19d7eea4e3080ed2c84d14ab5c56f1e5ce51bf86c016e6ae,REGULAR_FILE_NONFOLLOWING,LQE;distance;baseline;Shadow;OLS;return,Dependency/build artifact term match; retained for audit transparency,SCREENED_FALSE_POSITIVE,THIRD_PARTY_OR_GENERATED_DEPENDENCY,NO,NO_LQE_MEASUREMENT_EVIDENCE
/Users/tho2020/Documents/NEXAH ECOSYSTEM/20 ORION/NEXAH-ORION/.workspace/repositories/nexah-experience/node_modules/.pnpm/lock.yaml,lock.yaml,yaml,110475,ccee68da3ac20db2ca69553d5e9be307c224d102e589f21b49b4068d413e5b31,REGULAR_FILE_NONFOLLOWING,LQE;OLS;Eye,Dependency/build artifact term match; retained for audit transparency,SCREENED_FALSE_POSITIVE,THIRD_PARTY_OR_GENERATED_DEPENDENCY,NO,NO_LQE_MEASUREMENT_EVIDENCE
/Users/tho2020/Documents/NEXAH ECOSYSTEM/20 ORION/NEXAH-ORION/.workspace/repositories/nexah-experience/node_modules/.pnpm/prettier@3.9.5/node_modules/prettier/plugins/flow.js,flow.js,js,1113486,4c7430bd069fdad294d426006d295764c6a81de3f154598c437d281b677f4dff,REGULAR_FILE_NONFOLLOWING,LQE;OLS;Eye;return,Dependency/build artifact term match; retained for audit transparency,SCREENED_FALSE_POSITIVE,THIRD_PARTY_OR_GENERATED_DEPENDENCY,NO,NO_LQE_MEASUREMENT_EVIDENCE
/Users/tho2020/Documents/NEXAH ECOSYSTEM/20 ORION/NEXAH-ORION/.workspace/repositories/nexah-experience/node_modules/.pnpm/typescript@6.0.3/node_modules/typescript/lib/_tsc.js,_tsc.js,js,6239091,1c59e77a54b186ec43fa7f3e0d3c4bb15ca5eb5ba43e96b1d3a267139eddd3e3,REGULAR_FILE_NONFOLLOWING,distance;baseline;Shadow;propagation;timestamp;OLS;Eye;return,Dependency/build artifact term match; retained for audit transparency,SCREENED_FALSE_POSITIVE,THIRD_PARTY_OR_GENERATED_DEPENDENCY,NO,NO_LQE_MEASUREMENT_EVIDENCE
/Users/tho2020/Documents/NEXAH ECOSYSTEM/20 ORION/NEXAH-ORION/.workspace/repositories/nexah-experience/node_modules/.pnpm/typescript@6.0.3/node_modules/typescript/lib/lib.dom.d.ts,lib.dom.d.ts,ts,2349483,d6b1eba8496bdd0eed6fc8a685768fe01b2da4a0388b5fe7df558290bffcf32f,REGULAR_FILE_NONFOLLOWING,distance;baseline;Shadow;propagation;reception;timestamp;OLS;Eye;observer;return,Dependency/build artifact term match; retained for audit transparency,SCREENED_FALSE_POSITIVE,THIRD_PARTY_OR_GENERATED_DEPENDENCY,NO,NO_LQE_MEASUREMENT_EVIDENCE
/Users/tho2020/Documents/NEXAH ECOSYSTEM/20 ORION/NEXAH-ORION/.workspace/repositories/nexah-experience/node_modules/.pnpm/typescript@6.0.3/node_modules/typescript/lib/lib.webworker.d.ts,lib.webworker.d.ts,ts,787076,d52ed68e7eb5881768a55713c9b5c7c443e6b46de15c04e348928b8efd20b110,REGULAR_FILE_NONFOLLOWING,distance;baseline;Shadow;propagation;timestamp;OLS;Eye;observer;return,Dependency/build artifact term match; retained for audit transparency,SCREENED_FALSE_POSITIVE,THIRD_PARTY_OR_GENERATED_DEPENDENCY,NO,NO_LQE_MEASUREMENT_EVIDENCE
/Users/tho2020/Documents/NEXAH ECOSYSTEM/20 ORION/NEXAH-ORION/.workspace/repositories/nexah-experience/node_modules/.pnpm/vite@8.1.5_@types+node@24.13.3_esbuild@0.28.1_yaml@2.9.0/node_modules/vite/dist/node/chunks/node.js,node.js,js,1319608,3968fab97a9d0882f0e2e754bd0d5b417f0a84596e293179a9a6e585919f041c,REGULAR_FILE_NONFOLLOWING,LQE;baseline;propagation;timestamp;OLS;Eye;return,Dependency/build artifact term match; retained for audit transparency,SCREENED_FALSE_POSITIVE,THIRD_PARTY_OR_GENERATED_DEPENDENCY,NO,NO_LQE_MEASUREMENT_EVIDENCE
/Users/tho2020/Documents/NEXAH ECOSYSTEM/20 ORION/NEXAH-ORION/.workspace/repositories/nexah-experience/node_modules/.pnpm/vite@8.1.5_@types+node@24.13.3_esbuild@0.28.1_yaml@2.9.0/node_modules/vite/dist/node/index.d.ts,index.d.ts,ts,162706,50eeb4447f12e65c86b01e5d51db45f1a35f820ed489b0550962de1bb9cfe932,REGULAR_FILE_NONFOLLOWING,baseline;propagation;timestamp;OLS;return,Dependency/build artifact term match; retained for audit transparency,SCREENED_FALSE_POSITIVE,THIRD_PARTY_OR_GENERATED_DEPENDENCY,NO,NO_LQE_MEASUREMENT_EVIDENCE
/Users/tho2020/Documents/NEXAH ECOSYSTEM/20 ORION/NEXAH-ORION/.workspace/repositories/nexah-experience/node_modules/.pnpm/vite@8.1.5_@types+node@24.13.3_esbuild@0.28.1_yaml@2.9.0/node_modules/vite/dist/node/module-runner.d.ts,module-runner.d.ts,ts,11507,d4ec151557b64ff001e06b5878e66eb98640961647b1581fe2a0a1af05f408fb,REGULAR_FILE_NONFOLLOWING,round trip;return,Dependency/build artifact term match; retained for audit transparency,SCREENED_FALSE_POSITIVE,THIRD_PARTY_OR_GENERATED_DEPENDENCY,NO,NO_LQE_MEASUREMENT_EVIDENCE
/Users/tho2020/Documents/NEXAH ECOSYSTEM/20 ORION/NEXAH-ORION/.workspace/repositories/nexah-experience/node_modules/.pnpm/vite@8.1.5_@types+node@24.13.3_esbuild@0.28.1_yaml@2.9.0/node_modules/vite/dist/node/module-runner.js,module-runner.js,js,54295,b4917136a7b82a25ad3e62151594589fac7e9179359da8df145bc96f3693393b,REGULAR_FILE_NONFOLLOWING,round trip;return,Dependency/build artifact term match; retained for audit transparency,SCREENED_FALSE_POSITIVE,THIRD_PARTY_OR_GENERATED_DEPENDENCY,NO,NO_LQE_MEASUREMENT_EVIDENCE
/Users/tho2020/Documents/NEXAH ECOSYSTEM/20 ORION/NEXAH-ORION/.workspace/repositories/nexah-experience/node_modules/.pnpm/vite@8.1.5_esbuild@0.28.1_yaml@2.9.0/node_modules/vite/dist/node/chunks/node.js,node.js,js,1319608,3968fab97a9d0882f0e2e754bd0d5b417f0a84596e293179a9a6e585919f041c,REGULAR_FILE_NONFOLLOWING,LQE;baseline;propagation;timestamp;OLS;Eye;return,Dependency/build artifact term match; retained for audit transparency,SCREENED_FALSE_POSITIVE,THIRD_PARTY_OR_GENERATED_DEPENDENCY,NO,NO_LQE_MEASUREMENT_EVIDENCE
/Users/tho2020/Documents/NEXAH ECOSYSTEM/20 ORION/NEXAH-ORION/.workspace/repositories/nexah-experience/node_modules/.pnpm/vite@8.1.5_esbuild@0.28.1_yaml@2.9.0/node_modules/vite/dist/node/index.d.ts,index.d.ts,ts,162706,50eeb4447f12e65c86b01e5d51db45f1a35f820ed489b0550962de1bb9cfe932,REGULAR_FILE_NONFOLLOWING,baseline;propagation;timestamp;OLS;return,Dependency/build artifact term match; retained for audit transparency,SCREENED_FALSE_POSITIVE,THIRD_PARTY_OR_GENERATED_DEPENDENCY,NO,NO_LQE_MEASUREMENT_EVIDENCE
/Users/tho2020/Documents/NEXAH ECOSYSTEM/20 ORION/NEXAH-ORION/.workspace/repositories/nexah-experience/node_modules/.pnpm/vite@8.1.5_esbuild@0.28.1_yaml@2.9.0/node_modules/vite/dist/node/module-runner.d.ts,module-runner.d.ts,ts,11507,d4ec151557b64ff001e06b5878e66eb98640961647b1581fe2a0a1af05f408fb,REGULAR_FILE_NONFOLLOWING,round trip;return,Dependency/build artifact term match; retained for audit transparency,SCREENED_FALSE_POSITIVE,THIRD_PARTY_OR_GENERATED_DEPENDENCY,NO,NO_LQE_MEASUREMENT_EVIDENCE
/Users/tho2020/Documents/NEXAH ECOSYSTEM/20 ORION/NEXAH-ORION/.workspace/repositories/nexah-experience/node_modules/.pnpm/vite@8.1.5_esbuild@0.28.1_yaml@2.9.0/node_modules/vite/dist/node/module-runner.js,module-runner.js,js,54295,b4917136a7b82a25ad3e62151594589fac7e9179359da8df145bc96f3693393b,REGULAR_FILE_NONFOLLOWING,round trip;return,Dependency/build artifact term match; retained for audit transparency,SCREENED_FALSE_POSITIVE,THIRD_PARTY_OR_GENERATED_DEPENDENCY,NO,NO_LQE_MEASUREMENT_EVIDENCE
/Users/tho2020/Documents/NEXAH ECOSYSTEM/20 ORION/NEXAH-ORION/.workspace/repositories/nexah-experience/node_modules/.pnpm/zod@4.4.3/node_modules/zod/src/v4/classic/tests/codec-examples.test.ts,codec-examples.test.ts,ts,19030,3498ad27ece4f8d97a9588728a909d6fee046b7ef8d6d9f442ce702193f0d789,REGULAR_FILE_NONFOLLOWING,round trip;return,Dependency/build artifact term match; retained for audit transparency,SCREENED_FALSE_POSITIVE,THIRD_PARTY_OR_GENERATED_DEPENDENCY,NO,NO_LQE_MEASUREMENT_EVIDENCE
/Users/tho2020/Documents/NEXAH ECOSYSTEM/20 ORION/NEXAH-ORION/.workspace/repositories/nexah-experience/node_modules/.pnpm/zod@4.4.3/node_modules/zod/src/v4/classic/tests/codec.test.ts,codec.test.ts,ts,23697,78b343937dff63d944423f4a0b76d55848a5da6f302654e362f49ad864d8f28d,REGULAR_FILE_NONFOLLOWING,round trip;return,Dependency/build artifact term match; retained for audit transparency,SCREENED_FALSE_POSITIVE,THIRD_PARTY_OR_GENERATED_DEPENDENCY,NO,NO_LQE_MEASUREMENT_EVIDENCE
/Users/tho2020/Documents/NEXAH ECOSYSTEM/20 ORION/NEXAH-ORION/.workspace/repositories/nexah-experience/node_modules/.pnpm/zod@4.4.3/node_modules/zod/src/v4/classic/tests/stringbool.test.ts,stringbool.test.ts,ts,3536,6a5f06aa81c442476c2c656607ec580707afbb08df67eb813ce7dd0f20c42fdd,REGULAR_FILE_NONFOLLOWING,round trip;return,Dependency/build artifact term match; retained for audit transparency,SCREENED_FALSE_POSITIVE,THIRD_PARTY_OR_GENERATED_DEPENDENCY,NO,NO_LQE_MEASUREMENT_EVIDENCE
/Users/tho2020/Documents/NEXAH ECOSYSTEM/20 ORION/NEXAH-ORION/.workspace/repositories/nexah-experience/node_modules/.pnpm/zod@4.4.3/node_modules/zod/src/v4/mini/tests/codec.test.ts,codec.test.ts,ts,18780,1c105dad82b9ff8b41170facfb23da29028e1cfbf5ff9e6b576e35338905a044,REGULAR_FILE_NONFOLLOWING,round trip;return,Dependency/build artifact term match; retained for audit transparency,SCREENED_FALSE_POSITIVE,THIRD_PARTY_OR_GENERATED_DEPENDENCY,NO,NO_LQE_MEASUREMENT_EVIDENCE
/Users/tho2020/Documents/NEXAH ECOSYSTEM/20 ORION/NEXAH-ORION/.workspace/repositories/nexah-experience/pnpm-lock.yaml,pnpm-lock.yaml,yaml,110475,ccee68da3ac20db2ca69553d5e9be307c224d102e589f21b49b4068d413e5b31,REGULAR_FILE_NONFOLLOWING,LQE;OLS;Eye,"filename/content match: LQE, OLS, Eye",LQE_CONTEXT,REPOSITORY_ARTIFACT,YES_WITH_CONTEXT,DOCUMENTARY_OR_SPECIFICATION_ONLY; NO_MEASUREMENT_EXECUTION_INFERRED
/Users/tho2020/Documents/NEXAH ECOSYSTEM/20 ORION/NEXAH-ORION/CHANGELOG.md,CHANGELOG.md,md,9164,29c6fe0183b418681ac777ad625716594c81c0267df4d7570808bc918687f7e1,REGULAR_FILE_NONFOLLOWING,round trip;baseline;propagation;ORION,"filename/content match: round trip, baseline, propagation, ORION",B1_DISTANCE;B2_MEDIUM_PATH;LQE_CONTEXT,REPOSITORY_ARTIFACT,YES_WITH_CONTEXT,DOCUMENTARY_OR_SPECIFICATION_ONLY; NO_MEASUREMENT_EXECUTION_INFERRED
/Users/tho2020/Documents/NEXAH ECOSYSTEM/20 ORION/NEXAH-ORION/docs/architecture/MACHINE_READABLE_ORIENTATION_ARCHITECTURE.md,MACHINE_READABLE_ORIENTATION_ARCHITECTURE.md,md,101696,fc901e07ccc380ebca57d0fd2a324b96f7566bb66b8246dbc0dad10d9be01676,REGULAR_FILE_NONFOLLOWING,round trip;distance;baseline;timestamp;ORION;OLS;observer;reconstruction,"filename/content match: round trip, distance, baseline, timestamp, ORION, OLS, observer, reconstruction",B1_DISTANCE;LQE_CONTEXT;R_RECONSTRUCTION;T_TIMESTAMP,REPOSITORY_ARTIFACT,YES_WITH_CONTEXT,DOCUMENTARY_OR_SPECIFICATION_ONLY; NO_MEASUREMENT_EXECUTION_INFERRED
/Users/tho2020/Documents/NEXAH ECOSYSTEM/20 ORION/NEXAH-ORION/docs/architecture/OLS_1_0_REPOSITORY_ARCHITECTURE_EXTRACTION.md,OLS_1_0_REPOSITORY_ARCHITECTURE_EXTRACTION.md,md,68214,8dee62aef42af61310f3c60050dd677b91981faa768f171cef119c23126a5889,REGULAR_FILE_NONFOLLOWING,OLS;distance;baseline;ORION;observer;return;reconstruction,"filename/content match: OLS, distance, baseline, ORION, observer, return, reconstruction",B1_DISTANCE;R_RECONSTRUCTION,REPOSITORY_ARTIFACT,YES_WITH_CONTEXT,DOCUMENTARY_OR_SPECIFICATION_ONLY; NO_MEASUREMENT_EXECUTION_INFERRED
/Users/tho2020/Documents/NEXAH ECOSYSTEM/20 ORION/NEXAH-ORION/docs/architecture/ORIENTATION_INFRASTRUCTURE_ARCHITECTURE_REVIEW.md,ORIENTATION_INFRASTRUCTURE_ARCHITECTURE_REVIEW.md,md,56228,648bedc26cc4a69eb7a3749a221352205bbdb432e0e047798a2bad642058fcd6,REGULAR_FILE_NONFOLLOWING,round trip;baseline;ORION;OLS;observer;return,"filename/content match: round trip, baseline, ORION, OLS, observer, return",B1_DISTANCE;LQE_CONTEXT,REPOSITORY_ARTIFACT,YES_WITH_CONTEXT,DOCUMENTARY_OR_SPECIFICATION_ONLY; NO_MEASUREMENT_EXECUTION_INFERRED
/Users/tho2020/Documents/NEXAH ECOSYSTEM/20 ORION/NEXAH-ORION/docs/development/PHASE_6B_LYRA_INTEGRATION.md,PHASE_6B_LYRA_INTEGRATION.md,md,6028,56b20141cbcbf05ee739b41c03c703a125ef921ef3abdd4517dfc15b73fb41e1,REGULAR_FILE_NONFOLLOWING,round trip;baseline;ORION,"filename/content match: round trip, baseline, ORION",B1_DISTANCE;LQE_CONTEXT,REPOSITORY_ARTIFACT,YES_WITH_CONTEXT,DOCUMENTARY_OR_SPECIFICATION_ONLY; NO_MEASUREMENT_EXECUTION_INFERRED
/Users/tho2020/Documents/NEXAH ECOSYSTEM/30 SCIENCE LAB/NEXAH-Science-Lab/00_INCOMING/NEXAH_DUAL_VIEW_ROSETTA_INTAKE_2026-09-05/01_MODULE_I_TRANSVERSUM_GEO_WEATHER_VIEW/NEXAH_GEODESIC_WEATHER_INSTRUMENT.html,NEXAH_GEODESIC_WEATHER_INSTRUMENT.html,html,49473,48e49ed66a59cf17c085beb17e449187f31a34922fd8a5db556b0874754d4b7a,REGULAR_FILE_NONFOLLOWING,distance;baseline;Shadow;OLS;observer;return,"filename/content match: distance, baseline, Shadow, OLS, observer, return",B1_DISTANCE,REPOSITORY_ARTIFACT,YES_WITH_CONTEXT,DOCUMENTARY_OR_SPECIFICATION_ONLY; NO_MEASUREMENT_EXECUTION_INFERRED
/Users/tho2020/Documents/NEXAH ECOSYSTEM/30 SCIENCE LAB/NEXAH-Science-Lab/00_INCOMING/NEXAH_DUAL_VIEW_ROSETTA_INTAKE_2026-09-05/02_MODULE_II_G_RT_ROSETTA/NEXAH_GEODESIC_WEATHER_INSTRUMENT(1).html,NEXAH_GEODESIC_WEATHER_INSTRUMENT(1).html,html,52380,b80cff09ccdef16481a009e5579e5e64acc8f76e7dff792d3396ac5a184bf64b,REGULAR_FILE_NONFOLLOWING,distance;baseline;Shadow;OLS;observer;return,"filename/content match: distance, baseline, Shadow, OLS, observer, return",B1_DISTANCE,REPOSITORY_ARTIFACT,YES_WITH_CONTEXT,DOCUMENTARY_OR_SPECIFICATION_ONLY; NO_MEASUREMENT_EXECUTION_INFERRED
/Users/tho2020/Documents/NEXAH ECOSYSTEM/30 SCIENCE LAB/NEXAH-Science-Lab/00_INCOMING/NEXAH_DUAL_VIEW_ROSETTA_INTAKE_2026-09-05/02_MODULE_II_G_RT_ROSETTA/Q_ROSETTA_THREE_MATRICES_LQ II.html,Q_ROSETTA_THREE_MATRICES_LQ II.html,html,56415,a4c8e2aa15bc96ea2eb0e3cf277d3ed53d6114d929bd4d419bb2a578333ad587,REGULAR_FILE_NONFOLLOWING,baseline;Shadow;emission;OLS;return;reconstruction,"filename/content match: baseline, Shadow, emission, OLS, return, reconstruction",A_SOURCE_EMISSION;B1_DISTANCE;R_RECONSTRUCTION,REPOSITORY_ARTIFACT,YES_WITH_CONTEXT,DOCUMENTARY_OR_SPECIFICATION_ONLY; NO_MEASUREMENT_EXECUTION_INFERRED
/Users/tho2020/Documents/NEXAH ECOSYSTEM/30 SCIENCE LAB/NEXAH-Science-Lab/00_INCOMING/NEXAH_DUAL_VIEW_ROSETTA_INTAKE_2026-09-05/02_MODULE_II_G_RT_ROSETTA/Q_ROSETTA_THREE_MATRICES_LQ-2.html,Q_ROSETTA_THREE_MATRICES_LQ-2.html,html,54519,31fcdb570b562c480e117c0b5365c9b3c449535f5bcc08f31ff24372ca14966d,REGULAR_FILE_NONFOLLOWING,baseline;Shadow;emission;OLS;return;reconstruction,"filename/content match: baseline, Shadow, emission, OLS, return, reconstruction",A_SOURCE_EMISSION;B1_DISTANCE;R_RECONSTRUCTION,REPOSITORY_ARTIFACT,YES_WITH_CONTEXT,DOCUMENTARY_OR_SPECIFICATION_ONLY; NO_MEASUREMENT_EXECUTION_INFERRED
/Users/tho2020/Documents/NEXAH ECOSYSTEM/30 SCIENCE LAB/NEXAH-Science-Lab/00_INCOMING/NEXAH_DUAL_VIEW_ROSETTA_INTAKE_2026-09-05/02_MODULE_II_G_RT_ROSETTA/Q_ROSETTA_THREE_MATRICES_LQ.html,Q_ROSETTA_THREE_MATRICES_LQ.html,html,51230,201d4eb6997f89e9dc6420425c900a13d832505bcf1d07c9ce0d357992fb4a6f,REGULAR_FILE_NONFOLLOWING,baseline;Shadow;emission;OLS;return;reconstruction,"filename/content match: baseline, Shadow, emission, OLS, return, reconstruction",A_SOURCE_EMISSION;B1_DISTANCE;R_RECONSTRUCTION,REPOSITORY_ARTIFACT,YES_WITH_CONTEXT,DOCUMENTARY_OR_SPECIFICATION_ONLY; NO_MEASUREMENT_EXECUTION_INFERRED
/Users/tho2020/Documents/NEXAH ECOSYSTEM/30 SCIENCE LAB/NEXAH-Science-Lab/00_INCOMING/NEXAH_DUAL_VIEW_ROSETTA_INTAKE_2026-09-05/08_SCIENTIFIC_BOUNDARY_AND_NONCLAIMS.md,08_SCIENTIFIC_BOUNDARY_AND_NONCLAIMS.md,md,4068,1c3146d79007a9b186bf4fcffea05bc3614dd34f93b6ff157f3ec13ddfa16aea,REGULAR_FILE_NONFOLLOWING,distance;observer;return;reconstruction,"filename/content match: distance, observer, return, reconstruction",B1_DISTANCE;R_RECONSTRUCTION,REPOSITORY_ARTIFACT,YES_WITH_CONTEXT,DOCUMENTARY_OR_SPECIFICATION_ONLY; NO_MEASUREMENT_EXECUTION_INFERRED
/Users/tho2020/Documents/NEXAH ECOSYSTEM/30 SCIENCE LAB/NEXAH-Science-Lab/00_INCOMING/NEXAH_D_GATE_02_COMMON_RELATION_INSTRUMENT_CONTRACT_2026-09-05/04_CRIC01_FIELD_DICTIONARY.csv,04_CRIC01_FIELD_DICTIONARY.csv,csv,9953,38803f60a01147e4e6b03fe9abe389c47ee125c5a052d03856aab06dba0713b4,REGULAR_FILE_NONFOLLOWING,timestamp;observer;return;reconstruction,"filename/content match: timestamp, observer, return, reconstruction",R_RECONSTRUCTION;T_TIMESTAMP,REPOSITORY_ARTIFACT,YES_WITH_CONTEXT,DOCUMENTARY_OR_SPECIFICATION_ONLY; NO_MEASUREMENT_EXECUTION_INFERRED
/Users/tho2020/Documents/NEXAH ECOSYSTEM/30 SCIENCE LAB/NEXAH-Science-Lab/00_INCOMING/NEXAH_D_GATE_02_COMMON_RELATION_INSTRUMENT_CONTRACT_2026-09-05/05_CRIC01_SCHEMA.json,05_CRIC01_SCHEMA.json,json,18384,ea7aabab9a1db879e0835b2a06bce73a131dac4b3c93265d64d7ae5aef555335,REGULAR_FILE_NONFOLLOWING,timestamp;observer;return;reconstruction,"filename/content match: timestamp, observer, return, reconstruction",R_RECONSTRUCTION;T_TIMESTAMP,REPOSITORY_ARTIFACT,YES_WITH_CONTEXT,DOCUMENTARY_OR_SPECIFICATION_ONLY; NO_MEASUREMENT_EXECUTION_INFERRED
/Users/tho2020/Documents/NEXAH ECOSYSTEM/30 SCIENCE LAB/NEXAH-Science-Lab/00_INCOMING/NEXAH_D_GATE_02_COMMON_RELATION_INSTRUMENT_CONTRACT_2026-09-05/06_VALID_EXAMPLE.json,06_VALID_EXAMPLE.json,json,9615,3b4c1f2e77dd3e3c152696623fd9ecfa4cc21ca49a506eda3ca1f2ce64d6ba02,REGULAR_FILE_NONFOLLOWING,timestamp;observer;return;reconstruction,"filename/content match: timestamp, observer, return, reconstruction",R_RECONSTRUCTION;T_TIMESTAMP,REPOSITORY_ARTIFACT,YES_WITH_CONTEXT,DOCUMENTARY_OR_SPECIFICATION_ONLY; NO_MEASUREMENT_EXECUTION_INFERRED
/Users/tho2020/Documents/NEXAH ECOSYSTEM/30 SCIENCE LAB/NEXAH-Science-Lab/00_INCOMING/NEXAH_D_GATE_02_COMMON_RELATION_INSTRUMENT_CONTRACT_2026-09-05/07_EXACT_CONTROL_FIXTURE.json,07_EXACT_CONTROL_FIXTURE.json,json,9622,cc09dd8b7d59085562e715d9aad81690010783ff6309076c0169391e3ce09b36,REGULAR_FILE_NONFOLLOWING,timestamp;observer;return;reconstruction,"filename/content match: timestamp, observer, return, reconstruction",R_RECONSTRUCTION;T_TIMESTAMP,REPOSITORY_ARTIFACT,YES_WITH_CONTEXT,DOCUMENTARY_OR_SPECIFICATION_ONLY; NO_MEASUREMENT_EXECUTION_INFERRED
/Users/tho2020/Documents/NEXAH ECOSYSTEM/30 SCIENCE LAB/NEXAH-Science-Lab/00_INCOMING/NEXAH_D_GATE_02_COMMON_RELATION_INSTRUMENT_CONTRACT_2026-09-05/08_FAILURE_CONTROL_FIXTURE.json,08_FAILURE_CONTROL_FIXTURE.json,json,9805,767edfa80f4561bf150540fe50c30c79a74d4cb932b0f44503c9aaced8abc663,REGULAR_FILE_NONFOLLOWING,timestamp;observer;return;reconstruction,"filename/content match: timestamp, observer, return, reconstruction",R_RECONSTRUCTION;T_TIMESTAMP,REPOSITORY_ARTIFACT,YES_WITH_CONTEXT,DOCUMENTARY_OR_SPECIFICATION_ONLY; NO_MEASUREMENT_EXECUTION_INFERRED
/Users/tho2020/Documents/NEXAH ECOSYSTEM/30 SCIENCE LAB/NEXAH-Science-Lab/00_INCOMING/NEXAH_D_GATE_02_COMMON_RELATION_INSTRUMENT_CONTRACT_2026-09-05/09_UNRESOLVED_FIXTURE.json,09_UNRESOLVED_FIXTURE.json,json,10003,244aa4258088f59051c3a49cdb30a8172c4c920371cca019390e9859246d3652,REGULAR_FILE_NONFOLLOWING,timestamp;observer;return;reconstruction,"filename/content match: timestamp, observer, return, reconstruction",R_RECONSTRUCTION;T_TIMESTAMP,REPOSITORY_ARTIFACT,YES_WITH_CONTEXT,DOCUMENTARY_OR_SPECIFICATION_ONLY; NO_MEASUREMENT_EXECUTION_INFERRED
/Users/tho2020/Documents/NEXAH ECOSYSTEM/30 SCIENCE LAB/NEXAH-Science-Lab/00_INCOMING/NEXAH_D_GATE_03_CRIC01_OWNER_REVIEW_2026-09-05/14_CRIC01_SCHEMA_PROPOSED_0.1.1.json,14_CRIC01_SCHEMA_PROPOSED_0.1.1.json,json,34412,972f09fc2d48f7963fcde3d338a0bde1f2b484000099d1dabc3bffe20b647c25,REGULAR_FILE_NONFOLLOWING,timestamp;observer;return;reconstruction,"filename/content match: timestamp, observer, return, reconstruction",R_RECONSTRUCTION;T_TIMESTAMP,REPOSITORY_ARTIFACT,YES_WITH_CONTEXT,DOCUMENTARY_OR_SPECIFICATION_ONLY; NO_MEASUREMENT_EXECUTION_INFERRED
/Users/tho2020/Documents/NEXAH ECOSYSTEM/30 SCIENCE LAB/NEXAH-Science-Lab/00_INCOMING/NEXAH_D_GATE_04_CRIC01_INDEPENDENT_REVIEW_AND_ADOPTION_2026-09-05/05_VALID_BOUNDED_EXPECTED_FIXTURE_0.1.1.json,05_VALID_BOUNDED_EXPECTED_FIXTURE_0.1.1.json,json,7553,57be6a9d296c742ab42097a01afe43ae852eb3f415d8ba98367582d9995e9a07,REGULAR_FILE_NONFOLLOWING,timestamp;observer;return;reconstruction,"filename/content match: timestamp, observer, return, reconstruction",R_RECONSTRUCTION;T_TIMESTAMP,REPOSITORY_ARTIFACT,YES_WITH_CONTEXT,DOCUMENTARY_OR_SPECIFICATION_ONLY; NO_MEASUREMENT_EXECUTION_INFERRED
/Users/tho2020/Documents/NEXAH ECOSYSTEM/30 SCIENCE LAB/NEXAH-Science-Lab/00_INCOMING/NEXAH_D_GATE_04_CRIC01_INDEPENDENT_REVIEW_AND_ADOPTION_2026-09-05/06_EXACT_EXPECTED_FIXTURE_0.1.1.json,06_EXACT_EXPECTED_FIXTURE_0.1.1.json,json,7550,f292b8c318a26aea6b33f8dd95b039351311d4d18e88aba6d36303f0a13df9be,REGULAR_FILE_NONFOLLOWING,timestamp;observer;return;reconstruction,"filename/content match: timestamp, observer, return, reconstruction",R_RECONSTRUCTION;T_TIMESTAMP,REPOSITORY_ARTIFACT,YES_WITH_CONTEXT,DOCUMENTARY_OR_SPECIFICATION_ONLY; NO_MEASUREMENT_EXECUTION_INFERRED
/Users/tho2020/Documents/NEXAH ECOSYSTEM/30 SCIENCE LAB/NEXAH-Science-Lab/00_INCOMING/NEXAH_D_GATE_04_CRIC01_INDEPENDENT_REVIEW_AND_ADOPTION_2026-09-05/07_FAILURE_EXPECTED_FIXTURE_0.1.1.json,07_FAILURE_EXPECTED_FIXTURE_0.1.1.json,json,7672,5453f3f5b0e4af5719efff26cca47d811626aa5e966f094754532671eba7a23c,REGULAR_FILE_NONFOLLOWING,timestamp;observer;return;reconstruction,"filename/content match: timestamp, observer, return, reconstruction",R_RECONSTRUCTION;T_TIMESTAMP,REPOSITORY_ARTIFACT,YES_WITH_CONTEXT,DOCUMENTARY_OR_SPECIFICATION_ONLY; NO_MEASUREMENT_EXECUTION_INFERRED
/Users/tho2020/Documents/NEXAH ECOSYSTEM/30 SCIENCE LAB/NEXAH-Science-Lab/00_INCOMING/NEXAH_D_GATE_04_CRIC01_INDEPENDENT_REVIEW_AND_ADOPTION_2026-09-05/08_UNRESOLVED_EXPECTED_FIXTURE_0.1.1.json,08_UNRESOLVED_EXPECTED_FIXTURE_0.1.1.json,json,7800,249537f6c50243c90537b7fe07949cdee17ef1e8f5f19396196cbc7a3ca92fec,REGULAR_FILE_NONFOLLOWING,timestamp;observer;return;reconstruction,"filename/content match: timestamp, observer, return, reconstruction",R_RECONSTRUCTION;T_TIMESTAMP,REPOSITORY_ARTIFACT,YES_WITH_CONTEXT,DOCUMENTARY_OR_SPECIFICATION_ONLY; NO_MEASUREMENT_EXECUTION_INFERRED
/Users/tho2020/Documents/NEXAH ECOSYSTEM/30 SCIENCE LAB/NEXAH-Science-Lab/00_INCOMING/NEXAH_D_GATE_04_CRIC01_INDEPENDENT_REVIEW_AND_ADOPTION_2026-09-05/10_NEGATIVE_CONTROL_RESULTS.json,10_NEGATIVE_CONTROL_RESULTS.json,json,886464,da2e7e358debe3e31f94bfb22dccfbe8733c48401129c7e9066c835347d386cd,REGULAR_FILE_NONFOLLOWING,timestamp;OLS;observer;return;reconstruction,"filename/content match: timestamp, OLS, observer, return, reconstruction",R_RECONSTRUCTION;T_TIMESTAMP,REPOSITORY_ARTIFACT,YES_WITH_CONTEXT,DOCUMENTARY_OR_SPECIFICATION_ONLY; NO_MEASUREMENT_EXECUTION_INFERRED
/Users/tho2020/Documents/NEXAH ECOSYSTEM/30 SCIENCE LAB/NEXAH-Science-Lab/00_INCOMING/NEXAH_D_GATE_05_1_CRIC01_STRICT_ARRAY_CORRECTION_AND_ADOPTION_2026-09-05/04_CRIC01_SCHEMA_CORRECTED_RELEASE_CANDIDATE_0.1.1.json,04_CRIC01_SCHEMA_CORRECTED_RELEASE_CANDIDATE_0.1.1.json,json,34842,45ce9fd10232773a8340f79765bdf36daf3589134122a48a3adc615d65687e1c,REGULAR_FILE_NONFOLLOWING,timestamp;observer;return;reconstruction,"filename/content match: timestamp, observer, return, reconstruction",R_RECONSTRUCTION;T_TIMESTAMP,REPOSITORY_ARTIFACT,YES_WITH_CONTEXT,DOCUMENTARY_OR_SPECIFICATION_ONLY; NO_MEASUREMENT_EXECUTION_INFERRED
/Users/tho2020/Documents/NEXAH ECOSYSTEM/30 SCIENCE LAB/NEXAH-Science-Lab/00_INCOMING/NEXAH_D_GATE_05_1_CRIC01_STRICT_ARRAY_CORRECTION_AND_ADOPTION_2026-09-05/12_CRIC01_SCHEMA_ADOPTED_0.1.1.json,12_CRIC01_SCHEMA_ADOPTED_0.1.1.json,json,34832,6135947eb64c58b74b67d0c9368b310181ccc22ea435972c542e9402161a41e6,REGULAR_FILE_NONFOLLOWING,timestamp;observer;return;reconstruction,"filename/content match: timestamp, observer, return, reconstruction",R_RECONSTRUCTION;T_TIMESTAMP,REPOSITORY_ARTIFACT,YES_WITH_CONTEXT,DOCUMENTARY_OR_SPECIFICATION_ONLY; NO_MEASUREMENT_EXECUTION_INFERRED
/Users/tho2020/Documents/NEXAH ECOSYSTEM/30 SCIENCE LAB/NEXAH-Science-Lab/00_INCOMING/NEXAH_D_GATE_05_CRIC01_EXACT_CORRECTION_AND_ADOPTION_2026-09-05/03_CRIC01_SCHEMA_RELEASE_CANDIDATE_0.1.1.json,03_CRIC01_SCHEMA_RELEASE_CANDIDATE_0.1.1.json,json,34545,97abab01804573ef6c5a231aaae999f8d417ba8be4d93c94e5c33d57abcf2aa2,REGULAR_FILE_NONFOLLOWING,timestamp;observer;return;reconstruction,"filename/content match: timestamp, observer, return, reconstruction",R_RECONSTRUCTION;T_TIMESTAMP,REPOSITORY_ARTIFACT,YES_WITH_CONTEXT,DOCUMENTARY_OR_SPECIFICATION_ONLY; NO_MEASUREMENT_EXECUTION_INFERRED
/Users/tho2020/Documents/NEXAH ECOSYSTEM/30 SCIENCE LAB/NEXAH-Science-Lab/00_INCOMING/NEXAH_D_GATE_05_CRIC01_EXACT_CORRECTION_AND_ADOPTION_2026-09-05/08_VALID_BOUNDED_EXPECTED_FIXTURE_0.1.1.json,08_VALID_BOUNDED_EXPECTED_FIXTURE_0.1.1.json,json,7596,d4e6136e727a57ab9ceb05ea0dc20baa49984e21b8f24e70b3d27edfb877ab2e,REGULAR_FILE_NONFOLLOWING,timestamp;observer;return;reconstruction,"filename/content match: timestamp, observer, return, reconstruction",R_RECONSTRUCTION;T_TIMESTAMP,REPOSITORY_ARTIFACT,YES_WITH_CONTEXT,DOCUMENTARY_OR_SPECIFICATION_ONLY; NO_MEASUREMENT_EXECUTION_INFERRED
/Users/tho2020/Documents/NEXAH ECOSYSTEM/30 SCIENCE LAB/NEXAH-Science-Lab/00_INCOMING/NEXAH_D_GATE_05_CRIC01_EXACT_CORRECTION_AND_ADOPTION_2026-09-05/09_EXACT_EXPECTED_FIXTURE_0.1.1.json,09_EXACT_EXPECTED_FIXTURE_0.1.1.json,json,7593,41a35791abd3f593a2649361b8b893f087c5ea2d9b12f1cf51cd6e9016738b28,REGULAR_FILE_NONFOLLOWING,timestamp;observer;return;reconstruction,"filename/content match: timestamp, observer, return, reconstruction",R_RECONSTRUCTION;T_TIMESTAMP,REPOSITORY_ARTIFACT,YES_WITH_CONTEXT,DOCUMENTARY_OR_SPECIFICATION_ONLY; NO_MEASUREMENT_EXECUTION_INFERRED
/Users/tho2020/Documents/NEXAH ECOSYSTEM/30 SCIENCE LAB/NEXAH-Science-Lab/00_INCOMING/NEXAH_D_GATE_05_CRIC01_EXACT_CORRECTION_AND_ADOPTION_2026-09-05/10_FAILURE_EXPECTED_FIXTURE_0.1.1.json,10_FAILURE_EXPECTED_FIXTURE_0.1.1.json,json,7715,9e824b4a7df9f42997f45db81b188a0536c0233d520d78390e35a1da36794d2c,REGULAR_FILE_NONFOLLOWING,timestamp;observer;return;reconstruction,"filename/content match: timestamp, observer, return, reconstruction",R_RECONSTRUCTION;T_TIMESTAMP,REPOSITORY_ARTIFACT,YES_WITH_CONTEXT,DOCUMENTARY_OR_SPECIFICATION_ONLY; NO_MEASUREMENT_EXECUTION_INFERRED
/Users/tho2020/Documents/NEXAH ECOSYSTEM/30 SCIENCE LAB/NEXAH-Science-Lab/00_INCOMING/NEXAH_D_GATE_05_CRIC01_EXACT_CORRECTION_AND_ADOPTION_2026-09-05/11_UNRESOLVED_EXPECTED_FIXTURE_0.1.1.json,11_UNRESOLVED_EXPECTED_FIXTURE_0.1.1.json,json,7843,cac6c61e0bbe6c15fb659f13055beaf052ccec362d89aea8571cb544016501e7,REGULAR_FILE_NONFOLLOWING,timestamp;observer;return;reconstruction,"filename/content match: timestamp, observer, return, reconstruction",R_RECONSTRUCTION;T_TIMESTAMP,REPOSITORY_ARTIFACT,YES_WITH_CONTEXT,DOCUMENTARY_OR_SPECIFICATION_ONLY; NO_MEASUREMENT_EXECUTION_INFERRED
/Users/tho2020/Documents/NEXAH ECOSYSTEM/30 SCIENCE LAB/NEXAH-Science-Lab/00_INCOMING/NEXAH_D_GATE_05_CRIC01_EXACT_CORRECTION_AND_ADOPTION_2026-09-05/15_NEGATIVE_AND_HASH_CONTROL_RESULTS.json,15_NEGATIVE_AND_HASH_CONTROL_RESULTS.json,json,941235,ec10a22ac72ea7b1cc62cf5390c69232828b72b203d1a4a16cc7112062d826ae,REGULAR_FILE_NONFOLLOWING,timestamp;observer;return;reconstruction,"filename/content match: timestamp, observer, return, reconstruction",R_RECONSTRUCTION;T_TIMESTAMP,REPOSITORY_ARTIFACT,YES_WITH_CONTEXT,DOCUMENTARY_OR_SPECIFICATION_ONLY; NO_MEASUREMENT_EXECUTION_INFERRED
/Users/tho2020/Documents/NEXAH ECOSYSTEM/30 SCIENCE LAB/NEXAH-Science-Lab/00_INCOMING/NEXAH_D_GATE_06_1_CRIC01_REFERENCE_RUNNER_IMPLEMENTATION_2026-09-05/staging/cric-01-reference-runner/vendor/cric-01/0.1.1/08_VALID_BOUNDED_EXPECTED_FIXTURE_0.1.1.json,08_VALID_BOUNDED_EXPECTED_FIXTURE_0.1.1.json,json,7596,d4e6136e727a57ab9ceb05ea0dc20baa49984e21b8f24e70b3d27edfb877ab2e,REGULAR_FILE_NONFOLLOWING,timestamp;observer;return;reconstruction,"filename/content match: timestamp, observer, return, reconstruction",R_RECONSTRUCTION;T_TIMESTAMP,REPOSITORY_ARTIFACT,YES_WITH_CONTEXT,DOCUMENTARY_OR_SPECIFICATION_ONLY; NO_MEASUREMENT_EXECUTION_INFERRED
/Users/tho2020/Documents/NEXAH ECOSYSTEM/30 SCIENCE LAB/NEXAH-Science-Lab/00_INCOMING/NEXAH_D_GATE_06_1_CRIC01_REFERENCE_RUNNER_IMPLEMENTATION_2026-09-05/staging/cric-01-reference-runner/vendor/cric-01/0.1.1/09_EXACT_EXPECTED_FIXTURE_0.1.1.json,09_EXACT_EXPECTED_FIXTURE_0.1.1.json,json,7593,41a35791abd3f593a2649361b8b893f087c5ea2d9b12f1cf51cd6e9016738b28,REGULAR_FILE_NONFOLLOWING,timestamp;observer;return;reconstruction,"filename/content match: timestamp, observer, return, reconstruction",R_RECONSTRUCTION;T_TIMESTAMP,REPOSITORY_ARTIFACT,YES_WITH_CONTEXT,DOCUMENTARY_OR_SPECIFICATION_ONLY; NO_MEASUREMENT_EXECUTION_INFERRED
/Users/tho2020/Documents/NEXAH ECOSYSTEM/30 SCIENCE LAB/NEXAH-Science-Lab/00_INCOMING/NEXAH_D_GATE_06_1_CRIC01_REFERENCE_RUNNER_IMPLEMENTATION_2026-09-05/staging/cric-01-reference-runner/vendor/cric-01/0.1.1/10_FAILURE_EXPECTED_FIXTURE_0.1.1.json,10_FAILURE_EXPECTED_FIXTURE_0.1.1.json,json,7715,9e824b4a7df9f42997f45db81b188a0536c0233d520d78390e35a1da36794d2c,REGULAR_FILE_NONFOLLOWING,timestamp;observer;return;reconstruction,"filename/content match: timestamp, observer, return, reconstruction",R_RECONSTRUCTION;T_TIMESTAMP,REPOSITORY_ARTIFACT,YES_WITH_CONTEXT,DOCUMENTARY_OR_SPECIFICATION_ONLY; NO_MEASUREMENT_EXECUTION_INFERRED
/Users/tho2020/Documents/NEXAH ECOSYSTEM/30 SCIENCE LAB/NEXAH-Science-Lab/00_INCOMING/NEXAH_D_GATE_06_1_CRIC01_REFERENCE_RUNNER_IMPLEMENTATION_2026-09-05/staging/cric-01-reference-runner/vendor/cric-01/0.1.1/11_UNRESOLVED_EXPECTED_FIXTURE_0.1.1.json,11_UNRESOLVED_EXPECTED_FIXTURE_0.1.1.json,json,7843,cac6c61e0bbe6c15fb659f13055beaf052ccec362d89aea8571cb544016501e7,REGULAR_FILE_NONFOLLOWING,timestamp;observer;return;reconstruction,"filename/content match: timestamp, observer, return, reconstruction",R_RECONSTRUCTION;T_TIMESTAMP,REPOSITORY_ARTIFACT,YES_WITH_CONTEXT,DOCUMENTARY_OR_SPECIFICATION_ONLY; NO_MEASUREMENT_EXECUTION_INFERRED
/Users/tho2020/Documents/NEXAH ECOSYSTEM/30 SCIENCE LAB/NEXAH-Science-Lab/00_INCOMING/NEXAH_D_GATE_06_1_CRIC01_REFERENCE_RUNNER_IMPLEMENTATION_2026-09-05/staging/cric-01-reference-runner/vendor/cric-01/0.1.1/cric-01.schema.json,cric-01.schema.json,json,34832,6135947eb64c58b74b67d0c9368b310181ccc22ea435972c542e9402161a41e6,REGULAR_FILE_NONFOLLOWING,timestamp;observer;return;reconstruction,"filename/content match: timestamp, observer, return, reconstruction",R_RECONSTRUCTION;T_TIMESTAMP,REPOSITORY_ARTIFACT,YES_WITH_CONTEXT,DOCUMENTARY_OR_SPECIFICATION_ONLY; NO_MEASUREMENT_EXECUTION_INFERRED
/Users/tho2020/Documents/NEXAH ECOSYSTEM/30 SCIENCE LAB/NEXAH-Science-Lab/00_INCOMING/NEXAH_D_GATE_07_CRIC01_FIRST_SYNTHETIC_EXECUTION_2026-09-05/run-requests/EXACT_RUN_REQUEST.json,EXACT_RUN_REQUEST.json,json,7358,12a8cf6971a37e77ec2ac22d38608952c6c6f6a4521177f6897f9ac95374d40f,REGULAR_FILE_NONFOLLOWING,timestamp;observer;return;reconstruction,"filename/content match: timestamp, observer, return, reconstruction",R_RECONSTRUCTION;T_TIMESTAMP,REPOSITORY_ARTIFACT,YES_WITH_CONTEXT,DOCUMENTARY_OR_SPECIFICATION_ONLY; NO_MEASUREMENT_EXECUTION_INFERRED
/Users/tho2020/Documents/NEXAH ECOSYSTEM/30 SCIENCE LAB/NEXAH-Science-Lab/00_INCOMING/NEXAH_D_GATE_07_CRIC01_FIRST_SYNTHETIC_EXECUTION_2026-09-05/run-requests/FAILURE_RUN_REQUEST.json,FAILURE_RUN_REQUEST.json,json,7414,330d2f55709831939d615e8ab1d8590539ac9818cadb7e7bdff554ed29e6aefb,REGULAR_FILE_NONFOLLOWING,timestamp;observer;return;reconstruction,"filename/content match: timestamp, observer, return, reconstruction",R_RECONSTRUCTION;T_TIMESTAMP,REPOSITORY_ARTIFACT,YES_WITH_CONTEXT,DOCUMENTARY_OR_SPECIFICATION_ONLY; NO_MEASUREMENT_EXECUTION_INFERRED
/Users/tho2020/Documents/NEXAH ECOSYSTEM/30 SCIENCE LAB/NEXAH-Science-Lab/00_INCOMING/NEXAH_D_GATE_07_CRIC01_FIRST_SYNTHETIC_EXECUTION_2026-09-05/run-requests/UNRESOLVED_RUN_REQUEST.json,UNRESOLVED_RUN_REQUEST.json,json,7498,ffa9924df2b5ea230a1bd301c20555fc39d51e36b7bd330addd19dfc26915728,REGULAR_FILE_NONFOLLOWING,timestamp;observer;return;reconstruction,"filename/content match: timestamp, observer, return, reconstruction",R_RECONSTRUCTION;T_TIMESTAMP,REPOSITORY_ARTIFACT,YES_WITH_CONTEXT,DOCUMENTARY_OR_SPECIFICATION_ONLY; NO_MEASUREMENT_EXECUTION_INFERRED
/Users/tho2020/Documents/NEXAH ECOSYSTEM/30 SCIENCE LAB/NEXAH-Science-Lab/00_INCOMING/NEXAH_D_GATE_07_CRIC01_FIRST_SYNTHETIC_EXECUTION_2026-09-05/run-requests/VALID_BOUNDED_RUN_REQUEST.json,VALID_BOUNDED_RUN_REQUEST.json,json,7438,4a140ad1201abe97281deef600084f061671e1461727cd1583b1e3acb57bb346,REGULAR_FILE_NONFOLLOWING,timestamp;observer;return;reconstruction,"filename/content match: timestamp, observer, return, reconstruction",R_RECONSTRUCTION;T_TIMESTAMP,REPOSITORY_ARTIFACT,YES_WITH_CONTEXT,DOCUMENTARY_OR_SPECIFICATION_ONLY; NO_MEASUREMENT_EXECUTION_INFERRED
/Users/tho2020/Documents/NEXAH ECOSYSTEM/30 SCIENCE LAB/NEXAH-Science-Lab/00_INCOMING/NEXAH_D_GATE_07_CRIC01_FIRST_SYNTHETIC_EXECUTION_2026-09-05/runs/01_EXACT/input/RUN_REQUEST.json,RUN_REQUEST.json,json,7358,12a8cf6971a37e77ec2ac22d38608952c6c6f6a4521177f6897f9ac95374d40f,REGULAR_FILE_NONFOLLOWING,timestamp;observer;return;reconstruction,"filename/content match: timestamp, observer, return, reconstruction",R_RECONSTRUCTION;T_TIMESTAMP,REPOSITORY_ARTIFACT,YES_WITH_CONTEXT,DOCUMENTARY_OR_SPECIFICATION_ONLY; NO_MEASUREMENT_EXECUTION_INFERRED
/Users/tho2020/Documents/NEXAH ECOSYSTEM/30 SCIENCE LAB/NEXAH-Science-Lab/00_INCOMING/NEXAH_D_GATE_07_CRIC01_FIRST_SYNTHETIC_EXECUTION_2026-09-05/runs/01_EXACT/primary/bundle.json,bundle.json,json,14294,db6d5582d8c2c20e384f03423b0642d8ae975f7ccd4f0d9f23383829801d957a,REGULAR_FILE_NONFOLLOWING,timestamp;observer;return;reconstruction,"filename/content match: timestamp, observer, return, reconstruction",R_RECONSTRUCTION;T_TIMESTAMP,REPOSITORY_ARTIFACT,YES_WITH_CONTEXT,DOCUMENTARY_OR_SPECIFICATION_ONLY; NO_MEASUREMENT_EXECUTION_INFERRED
/Users/tho2020/Documents/NEXAH ECOSYSTEM/30 SCIENCE LAB/NEXAH-Science-Lab/00_INCOMING/NEXAH_D_GATE_07_CRIC01_FIRST_SYNTHETIC_EXECUTION_2026-09-05/runs/01_EXACT/replay/bundle.json,bundle.json,json,14293,7c180d4064a3573a58853f33ff2140c6c9e28269cb342d4047eb1764a6be1a7c,REGULAR_FILE_NONFOLLOWING,timestamp;observer;return;reconstruction,"filename/content match: timestamp, observer, return, reconstruction",R_RECONSTRUCTION;T_TIMESTAMP,REPOSITORY_ARTIFACT,YES_WITH_CONTEXT,DOCUMENTARY_OR_SPECIFICATION_ONLY; NO_MEASUREMENT_EXECUTION_INFERRED
/Users/tho2020/Documents/NEXAH ECOSYSTEM/30 SCIENCE LAB/NEXAH-Science-Lab/00_INCOMING/NEXAH_D_GATE_07_CRIC01_FIRST_SYNTHETIC_EXECUTION_2026-09-05/runs/02_VALID_BOUNDED/input/RUN_REQUEST.json,RUN_REQUEST.json,json,7438,4a140ad1201abe97281deef600084f061671e1461727cd1583b1e3acb57bb346,REGULAR_FILE_NONFOLLOWING,timestamp;observer;return;reconstruction,"filename/content match: timestamp, observer, return, reconstruction",R_RECONSTRUCTION;T_TIMESTAMP,REPOSITORY_ARTIFACT,YES_WITH_CONTEXT,DOCUMENTARY_OR_SPECIFICATION_ONLY; NO_MEASUREMENT_EXECUTION_INFERRED
/Users/tho2020/Documents/NEXAH ECOSYSTEM/30 SCIENCE LAB/NEXAH-Science-Lab/00_INCOMING/NEXAH_D_GATE_07_CRIC01_FIRST_SYNTHETIC_EXECUTION_2026-09-05/runs/02_VALID_BOUNDED/primary/bundle.json,bundle.json,json,14619,44909c4b57cf12e1a3f3456ad499aae2f3dee26c69148a79a341839be1ef6437,REGULAR_FILE_NONFOLLOWING,timestamp;observer;return;reconstruction,"filename/content match: timestamp, observer, return, reconstruction",R_RECONSTRUCTION;T_TIMESTAMP,REPOSITORY_ARTIFACT,YES_WITH_CONTEXT,DOCUMENTARY_OR_SPECIFICATION_ONLY; NO_MEASUREMENT_EXECUTION_INFERRED
/Users/tho2020/Documents/NEXAH ECOSYSTEM/30 SCIENCE LAB/NEXAH-Science-Lab/00_INCOMING/NEXAH_D_GATE_07_CRIC01_FIRST_SYNTHETIC_EXECUTION_2026-09-05/runs/02_VALID_BOUNDED/replay/bundle.json,bundle.json,json,14618,5be2e6e4f093e06d13a98e4dd43ba0841e3b4cd42b39600f0c9340b50801bc94,REGULAR_FILE_NONFOLLOWING,timestamp;observer;return;reconstruction,"filename/content match: timestamp, observer, return, reconstruction",R_RECONSTRUCTION;T_TIMESTAMP,REPOSITORY_ARTIFACT,YES_WITH_CONTEXT,DOCUMENTARY_OR_SPECIFICATION_ONLY; NO_MEASUREMENT_EXECUTION_INFERRED
/Users/tho2020/Documents/NEXAH ECOSYSTEM/30 SCIENCE LAB/NEXAH-Science-Lab/00_INCOMING/NEXAH_D_GATE_07_CRIC01_FIRST_SYNTHETIC_EXECUTION_2026-09-05/runs/03_FAILURE/input/RUN_REQUEST.json,RUN_REQUEST.json,json,7414,330d2f55709831939d615e8ab1d8590539ac9818cadb7e7bdff554ed29e6aefb,REGULAR_FILE_NONFOLLOWING,timestamp;observer;return;reconstruction,"filename/content match: timestamp, observer, return, reconstruction",R_RECONSTRUCTION;T_TIMESTAMP,REPOSITORY_ARTIFACT,YES_WITH_CONTEXT,DOCUMENTARY_OR_SPECIFICATION_ONLY; NO_MEASUREMENT_EXECUTION_INFERRED
/Users/tho2020/Documents/NEXAH ECOSYSTEM/30 SCIENCE LAB/NEXAH-Science-Lab/00_INCOMING/NEXAH_D_GATE_07_CRIC01_FIRST_SYNTHETIC_EXECUTION_2026-09-05/runs/03_FAILURE/primary/bundle.json,bundle.json,json,14521,65f09ea3783dd5b978dc794ddd5584aa3e7297ff065c7ef391b6a94d9adbebc9,REGULAR_FILE_NONFOLLOWING,timestamp;observer;return;reconstruction,"filename/content match: timestamp, observer, return, reconstruction",R_RECONSTRUCTION;T_TIMESTAMP,REPOSITORY_ARTIFACT,YES_WITH_CONTEXT,DOCUMENTARY_OR_SPECIFICATION_ONLY; NO_MEASUREMENT_EXECUTION_INFERRED
/Users/tho2020/Documents/NEXAH ECOSYSTEM/30 SCIENCE LAB/NEXAH-Science-Lab/00_INCOMING/NEXAH_D_GATE_07_CRIC01_FIRST_SYNTHETIC_EXECUTION_2026-09-05/runs/03_FAILURE/replay/bundle.json,bundle.json,json,14520,43bb80016c59300eec3acda1fc4721e4b1f6a0c9428674e2b598263f55de515b,REGULAR_FILE_NONFOLLOWING,timestamp;observer;return;reconstruction,"filename/content match: timestamp, observer, return, reconstruction",R_RECONSTRUCTION;T_TIMESTAMP,REPOSITORY_ARTIFACT,YES_WITH_CONTEXT,DOCUMENTARY_OR_SPECIFICATION_ONLY; NO_MEASUREMENT_EXECUTION_INFERRED
/Users/tho2020/Documents/NEXAH ECOSYSTEM/30 SCIENCE LAB/NEXAH-Science-Lab/00_INCOMING/NEXAH_D_GATE_07_CRIC01_FIRST_SYNTHETIC_EXECUTION_2026-09-05/runs/04_UNRESOLVED/input/RUN_REQUEST.json,RUN_REQUEST.json,json,7498,ffa9924df2b5ea230a1bd301c20555fc39d51e36b7bd330addd19dfc26915728,REGULAR_FILE_NONFOLLOWING,timestamp;observer;return;reconstruction,"filename/content match: timestamp, observer, return, reconstruction",R_RECONSTRUCTION;T_TIMESTAMP,REPOSITORY_ARTIFACT,YES_WITH_CONTEXT,DOCUMENTARY_OR_SPECIFICATION_ONLY; NO_MEASUREMENT_EXECUTION_INFERRED
/Users/tho2020/Documents/NEXAH ECOSYSTEM/30 SCIENCE LAB/NEXAH-Science-Lab/00_INCOMING/NEXAH_D_GATE_07_CRIC01_FIRST_SYNTHETIC_EXECUTION_2026-09-05/runs/04_UNRESOLVED/primary/bundle.json,bundle.json,json,14723,6d0fb6315eb4d1bce21938ac19be3db6abeb6c5d1137ff539ed40368d4ca58aa,REGULAR_FILE_NONFOLLOWING,timestamp;observer;return;reconstruction,"filename/content match: timestamp, observer, return, reconstruction",R_RECONSTRUCTION;T_TIMESTAMP,REPOSITORY_ARTIFACT,YES_WITH_CONTEXT,DOCUMENTARY_OR_SPECIFICATION_ONLY; NO_MEASUREMENT_EXECUTION_INFERRED
/Users/tho2020/Documents/NEXAH ECOSYSTEM/30 SCIENCE LAB/NEXAH-Science-Lab/00_INCOMING/NEXAH_D_GATE_07_CRIC01_FIRST_SYNTHETIC_EXECUTION_2026-09-05/runs/04_UNRESOLVED/replay/bundle.json,bundle.json,json,14722,f7f0b65b88f4d00401e1df15b12e76745e42b1b3e7043eced91c213f546eac51,REGULAR_FILE_NONFOLLOWING,timestamp;observer;return;reconstruction,"filename/content match: timestamp, observer, return, reconstruction",R_RECONSTRUCTION;T_TIMESTAMP,REPOSITORY_ARTIFACT,YES_WITH_CONTEXT,DOCUMENTARY_OR_SPECIFICATION_ONLY; NO_MEASUREMENT_EXECUTION_INFERRED
/Users/tho2020/Documents/NEXAH ECOSYSTEM/30 SCIENCE LAB/NEXAH-Science-Lab/00_INCOMING/NEXAH_D_GATE_07_CRIC01_FIRST_SYNTHETIC_EXECUTION_2026-09-05/staging/cric-01-reference-runner/vendor/cric-01/0.1.1/08_VALID_BOUNDED_EXPECTED_FIXTURE_0.1.1.json,08_VALID_BOUNDED_EXPECTED_FIXTURE_0.1.1.json,json,7596,d4e6136e727a57ab9ceb05ea0dc20baa49984e21b8f24e70b3d27edfb877ab2e,REGULAR_FILE_NONFOLLOWING,timestamp;observer;return;reconstruction,"filename/content match: timestamp, observer, return, reconstruction",R_RECONSTRUCTION;T_TIMESTAMP,REPOSITORY_ARTIFACT,YES_WITH_CONTEXT,DOCUMENTARY_OR_SPECIFICATION_ONLY; NO_MEASUREMENT_EXECUTION_INFERRED
/Users/tho2020/Documents/NEXAH ECOSYSTEM/30 SCIENCE LAB/NEXAH-Science-Lab/00_INCOMING/NEXAH_D_GATE_07_CRIC01_FIRST_SYNTHETIC_EXECUTION_2026-09-05/staging/cric-01-reference-runner/vendor/cric-01/0.1.1/09_EXACT_EXPECTED_FIXTURE_0.1.1.json,09_EXACT_EXPECTED_FIXTURE_0.1.1.json,json,7593,41a35791abd3f593a2649361b8b893f087c5ea2d9b12f1cf51cd6e9016738b28,REGULAR_FILE_NONFOLLOWING,timestamp;observer;return;reconstruction,"filename/content match: timestamp, observer, return, reconstruction",R_RECONSTRUCTION;T_TIMESTAMP,REPOSITORY_ARTIFACT,YES_WITH_CONTEXT,DOCUMENTARY_OR_SPECIFICATION_ONLY; NO_MEASUREMENT_EXECUTION_INFERRED
/Users/tho2020/Documents/NEXAH ECOSYSTEM/30 SCIENCE LAB/NEXAH-Science-Lab/00_INCOMING/NEXAH_D_GATE_07_CRIC01_FIRST_SYNTHETIC_EXECUTION_2026-09-05/staging/cric-01-reference-runner/vendor/cric-01/0.1.1/10_FAILURE_EXPECTED_FIXTURE_0.1.1.json,10_FAILURE_EXPECTED_FIXTURE_0.1.1.json,json,7715,9e824b4a7df9f42997f45db81b188a0536c0233d520d78390e35a1da36794d2c,REGULAR_FILE_NONFOLLOWING,timestamp;observer;return;reconstruction,"filename/content match: timestamp, observer, return, reconstruction",R_RECONSTRUCTION;T_TIMESTAMP,REPOSITORY_ARTIFACT,YES_WITH_CONTEXT,DOCUMENTARY_OR_SPECIFICATION_ONLY; NO_MEASUREMENT_EXECUTION_INFERRED
/Users/tho2020/Documents/NEXAH ECOSYSTEM/30 SCIENCE LAB/NEXAH-Science-Lab/00_INCOMING/NEXAH_D_GATE_07_CRIC01_FIRST_SYNTHETIC_EXECUTION_2026-09-05/staging/cric-01-reference-runner/vendor/cric-01/0.1.1/11_UNRESOLVED_EXPECTED_FIXTURE_0.1.1.json,11_UNRESOLVED_EXPECTED_FIXTURE_0.1.1.json,json,7843,cac6c61e0bbe6c15fb659f13055beaf052ccec362d89aea8571cb544016501e7,REGULAR_FILE_NONFOLLOWING,timestamp;observer;return;reconstruction,"filename/content match: timestamp, observer, return, reconstruction",R_RECONSTRUCTION;T_TIMESTAMP,REPOSITORY_ARTIFACT,YES_WITH_CONTEXT,DOCUMENTARY_OR_SPECIFICATION_ONLY; NO_MEASUREMENT_EXECUTION_INFERRED
/Users/tho2020/Documents/NEXAH ECOSYSTEM/30 SCIENCE LAB/NEXAH-Science-Lab/00_INCOMING/NEXAH_D_GATE_07_CRIC01_FIRST_SYNTHETIC_EXECUTION_2026-09-05/staging/cric-01-reference-runner/vendor/cric-01/0.1.1/cric-01.schema.json,cric-01.schema.json,json,34832,6135947eb64c58b74b67d0c9368b310181ccc22ea435972c542e9402161a41e6,REGULAR_FILE_NONFOLLOWING,timestamp;observer;return;reconstruction,"filename/content match: timestamp, observer, return, reconstruction",R_RECONSTRUCTION;T_TIMESTAMP,REPOSITORY_ARTIFACT,YES_WITH_CONTEXT,DOCUMENTARY_OR_SPECIFICATION_ONLY; NO_MEASUREMENT_EXECUTION_INFERRED
/Users/tho2020/Documents/NEXAH ECOSYSTEM/30 SCIENCE LAB/NEXAH-Science-Lab/00_INCOMING/NEXAH_D_GATE_07_CRIC01_FIRST_SYNTHETIC_EXECUTION_2026-09-05/superseded/initial-series/run-requests/EXACT_RUN_REQUEST.json,EXACT_RUN_REQUEST.json,json,7177,2b0260a85bdd93b1a060ff9e18cf9bd4c598816cc434baa99cdbe8d03dfe2c18,REGULAR_FILE_NONFOLLOWING,timestamp;observer;return;reconstruction,"filename/content match: timestamp, observer, return, reconstruction",R_RECONSTRUCTION;T_TIMESTAMP,REPOSITORY_ARTIFACT,YES_WITH_CONTEXT,DOCUMENTARY_OR_SPECIFICATION_ONLY; NO_MEASUREMENT_EXECUTION_INFERRED
/Users/tho2020/Documents/NEXAH ECOSYSTEM/30 SCIENCE LAB/NEXAH-Science-Lab/00_INCOMING/NEXAH_D_GATE_07_CRIC01_FIRST_SYNTHETIC_EXECUTION_2026-09-05/superseded/initial-series/run-requests/FAILURE_RUN_REQUEST.json,FAILURE_RUN_REQUEST.json,json,7233,5e11b5e5181200ad76b87c7a515f332d3071f7aea4f36fa4fcfcd561a9305468,REGULAR_FILE_NONFOLLOWING,timestamp;observer;return;reconstruction,"filename/content match: timestamp, observer, return, reconstruction",R_RECONSTRUCTION;T_TIMESTAMP,REPOSITORY_ARTIFACT,YES_WITH_CONTEXT,DOCUMENTARY_OR_SPECIFICATION_ONLY; NO_MEASUREMENT_EXECUTION_INFERRED
/Users/tho2020/Documents/NEXAH ECOSYSTEM/30 SCIENCE LAB/NEXAH-Science-Lab/00_INCOMING/NEXAH_D_GATE_07_CRIC01_FIRST_SYNTHETIC_EXECUTION_2026-09-05/superseded/initial-series/run-requests/UNRESOLVED_RUN_REQUEST.json,UNRESOLVED_RUN_REQUEST.json,json,7317,1575edf1c73bbc025c2a03cf2219e6ad40c4301a3daa54bb585f498bfaf2ace7,REGULAR_FILE_NONFOLLOWING,timestamp;observer;return;reconstruction,"filename/content match: timestamp, observer, return, reconstruction",R_RECONSTRUCTION;T_TIMESTAMP,REPOSITORY_ARTIFACT,YES_WITH_CONTEXT,DOCUMENTARY_OR_SPECIFICATION_ONLY; NO_MEASUREMENT_EXECUTION_INFERRED
/Users/tho2020/Documents/NEXAH ECOSYSTEM/30 SCIENCE LAB/NEXAH-Science-Lab/00_INCOMING/NEXAH_D_GATE_07_CRIC01_FIRST_SYNTHETIC_EXECUTION_2026-09-05/superseded/initial-series/run-requests/VALID_BOUNDED_RUN_REQUEST.json,VALID_BOUNDED_RUN_REQUEST.json,json,7257,b568025a0cb4361f3f90f8bceebc6ee89cb7d82216130785ddbb436ceef6c47c,REGULAR_FILE_NONFOLLOWING,timestamp;observer;return;reconstruction,"filename/content match: timestamp, observer, return, reconstruction",R_RECONSTRUCTION;T_TIMESTAMP,REPOSITORY_ARTIFACT,YES_WITH_CONTEXT,DOCUMENTARY_OR_SPECIFICATION_ONLY; NO_MEASUREMENT_EXECUTION_INFERRED
/Users/tho2020/Documents/NEXAH ECOSYSTEM/30 SCIENCE LAB/NEXAH-Science-Lab/00_INCOMING/NEXAH_D_GATE_07_CRIC01_FIRST_SYNTHETIC_EXECUTION_2026-09-05/superseded/initial-series/runner-source/vendor/cric-01/0.1.1/08_VALID_BOUNDED_EXPECTED_FIXTURE_0.1.1.json,08_VALID_BOUNDED_EXPECTED_FIXTURE_0.1.1.json,json,7596,d4e6136e727a57ab9ceb05ea0dc20baa49984e21b8f24e70b3d27edfb877ab2e,REGULAR_FILE_NONFOLLOWING,timestamp;observer;return;reconstruction,"filename/content match: timestamp, observer, return, reconstruction",R_RECONSTRUCTION;T_TIMESTAMP,REPOSITORY_ARTIFACT,YES_WITH_CONTEXT,DOCUMENTARY_OR_SPECIFICATION_ONLY; NO_MEASUREMENT_EXECUTION_INFERRED
/Users/tho2020/Documents/NEXAH ECOSYSTEM/30 SCIENCE LAB/NEXAH-Science-Lab/00_INCOMING/NEXAH_D_GATE_07_CRIC01_FIRST_SYNTHETIC_EXECUTION_2026-09-05/superseded/initial-series/runner-source/vendor/cric-01/0.1.1/09_EXACT_EXPECTED_FIXTURE_0.1.1.json,09_EXACT_EXPECTED_FIXTURE_0.1.1.json,json,7593,41a35791abd3f593a2649361b8b893f087c5ea2d9b12f1cf51cd6e9016738b28,REGULAR_FILE_NONFOLLOWING,timestamp;observer;return;reconstruction,"filename/content match: timestamp, observer, return, reconstruction",R_RECONSTRUCTION;T_TIMESTAMP,REPOSITORY_ARTIFACT,YES_WITH_CONTEXT,DOCUMENTARY_OR_SPECIFICATION_ONLY; NO_MEASUREMENT_EXECUTION_INFERRED
/Users/tho2020/Documents/NEXAH ECOSYSTEM/30 SCIENCE LAB/NEXAH-Science-Lab/00_INCOMING/NEXAH_D_GATE_07_CRIC01_FIRST_SYNTHETIC_EXECUTION_2026-09-05/superseded/initial-series/runner-source/vendor/cric-01/0.1.1/10_FAILURE_EXPECTED_FIXTURE_0.1.1.json,10_FAILURE_EXPECTED_FIXTURE_0.1.1.json,json,7715,9e824b4a7df9f42997f45db81b188a0536c0233d520d78390e35a1da36794d2c,REGULAR_FILE_NONFOLLOWING,timestamp;observer;return;reconstruction,"filename/content match: timestamp, observer, return, reconstruction",R_RECONSTRUCTION;T_TIMESTAMP,REPOSITORY_ARTIFACT,YES_WITH_CONTEXT,DOCUMENTARY_OR_SPECIFICATION_ONLY; NO_MEASUREMENT_EXECUTION_INFERRED
/Users/tho2020/Documents/NEXAH ECOSYSTEM/30 SCIENCE LAB/NEXAH-Science-Lab/00_INCOMING/NEXAH_D_GATE_07_CRIC01_FIRST_SYNTHETIC_EXECUTION_2026-09-05/superseded/initial-series/runner-source/vendor/cric-01/0.1.1/11_UNRESOLVED_EXPECTED_FIXTURE_0.1.1.json,11_UNRESOLVED_EXPECTED_FIXTURE_0.1.1.json,json,7843,cac6c61e0bbe6c15fb659f13055beaf052ccec362d89aea8571cb544016501e7,REGULAR_FILE_NONFOLLOWING,timestamp;observer;return;reconstruction,"filename/content match: timestamp, observer, return, reconstruction",R_RECONSTRUCTION;T_TIMESTAMP,REPOSITORY_ARTIFACT,YES_WITH_CONTEXT,DOCUMENTARY_OR_SPECIFICATION_ONLY; NO_MEASUREMENT_EXECUTION_INFERRED
/Users/tho2020/Documents/NEXAH ECOSYSTEM/30 SCIENCE LAB/NEXAH-Science-Lab/00_INCOMING/NEXAH_D_GATE_07_CRIC01_FIRST_SYNTHETIC_EXECUTION_2026-09-05/superseded/initial-series/runner-source/vendor/cric-01/0.1.1/cric-01.schema.json,cric-01.schema.json,json,34832,6135947eb64c58b74b67d0c9368b310181ccc22ea435972c542e9402161a41e6,REGULAR_FILE_NONFOLLOWING,timestamp;observer;return;reconstruction,"filename/content match: timestamp, observer, return, reconstruction",R_RECONSTRUCTION;T_TIMESTAMP,REPOSITORY_ARTIFACT,YES_WITH_CONTEXT,DOCUMENTARY_OR_SPECIFICATION_ONLY; NO_MEASUREMENT_EXECUTION_INFERRED
/Users/tho2020/Documents/NEXAH ECOSYSTEM/30 SCIENCE LAB/NEXAH-Science-Lab/00_INCOMING/NEXAH_D_GATE_07_CRIC01_FIRST_SYNTHETIC_EXECUTION_2026-09-05/superseded/initial-series/runs/01_EXACT/input/RUN_REQUEST.json,RUN_REQUEST.json,json,7177,2b0260a85bdd93b1a060ff9e18cf9bd4c598816cc434baa99cdbe8d03dfe2c18,REGULAR_FILE_NONFOLLOWING,timestamp;observer;return;reconstruction,"filename/content match: timestamp, observer, return, reconstruction",R_RECONSTRUCTION;T_TIMESTAMP,REPOSITORY_ARTIFACT,YES_WITH_CONTEXT,DOCUMENTARY_OR_SPECIFICATION_ONLY; NO_MEASUREMENT_EXECUTION_INFERRED
/Users/tho2020/Documents/NEXAH ECOSYSTEM/30 SCIENCE LAB/NEXAH-Science-Lab/00_INCOMING/NEXAH_D_GATE_07_CRIC01_FIRST_SYNTHETIC_EXECUTION_2026-09-05/superseded/initial-series/runs/01_EXACT/primary/bundle.json,bundle.json,json,14298,959d0a9d2984371ac893896fcbdd2991020b16e4a9f390004eb10166c3bf306f,REGULAR_FILE_NONFOLLOWING,timestamp;observer;return;reconstruction,"filename/content match: timestamp, observer, return, reconstruction",R_RECONSTRUCTION;T_TIMESTAMP,REPOSITORY_ARTIFACT,YES_WITH_CONTEXT,DOCUMENTARY_OR_SPECIFICATION_ONLY; NO_MEASUREMENT_EXECUTION_INFERRED
/Users/tho2020/Documents/NEXAH ECOSYSTEM/30 SCIENCE LAB/NEXAH-Science-Lab/00_INCOMING/NEXAH_D_GATE_07_CRIC01_FIRST_SYNTHETIC_EXECUTION_2026-09-05/superseded/initial-series/runs/01_EXACT/replay/bundle.json,bundle.json,json,14285,2f417cb57f2b91c8b8192e417b1b3873c3997c1c9ff48bb92b474aaf062a1894,REGULAR_FILE_NONFOLLOWING,timestamp;observer;return;reconstruction,"filename/content match: timestamp, observer, return, reconstruction",R_RECONSTRUCTION;T_TIMESTAMP,REPOSITORY_ARTIFACT,YES_WITH_CONTEXT,DOCUMENTARY_OR_SPECIFICATION_ONLY; NO_MEASUREMENT_EXECUTION_INFERRED
/Users/tho2020/Documents/NEXAH ECOSYSTEM/30 SCIENCE LAB/NEXAH-Science-Lab/00_INCOMING/NEXAH_D_GATE_07_CRIC01_FIRST_SYNTHETIC_EXECUTION_2026-09-05/superseded/initial-series/runs/02_VALID_BOUNDED/input/RUN_REQUEST.json,RUN_REQUEST.json,json,7257,b568025a0cb4361f3f90f8bceebc6ee89cb7d82216130785ddbb436ceef6c47c,REGULAR_FILE_NONFOLLOWING,timestamp;observer;return;reconstruction,"filename/content match: timestamp, observer, return, reconstruction",R_RECONSTRUCTION;T_TIMESTAMP,REPOSITORY_ARTIFACT,YES_WITH_CONTEXT,DOCUMENTARY_OR_SPECIFICATION_ONLY; NO_MEASUREMENT_EXECUTION_INFERRED
/Users/tho2020/Documents/NEXAH ECOSYSTEM/30 SCIENCE LAB/NEXAH-Science-Lab/00_INCOMING/NEXAH_D_GATE_07_CRIC01_FIRST_SYNTHETIC_EXECUTION_2026-09-05/superseded/initial-series/runs/02_VALID_BOUNDED/primary/bundle.json,bundle.json,json,14711,3e28cd527373a1cf64c4c0e2d3541876e118dd41be0466b393629ca2ea75bb61,REGULAR_FILE_NONFOLLOWING,timestamp;observer;return;reconstruction,"filename/content match: timestamp, observer, return, reconstruction",R_RECONSTRUCTION;T_TIMESTAMP,REPOSITORY_ARTIFACT,YES_WITH_CONTEXT,DOCUMENTARY_OR_SPECIFICATION_ONLY; NO_MEASUREMENT_EXECUTION_INFERRED
/Users/tho2020/Documents/NEXAH ECOSYSTEM/30 SCIENCE LAB/NEXAH-Science-Lab/00_INCOMING/NEXAH_D_GATE_07_CRIC01_FIRST_SYNTHETIC_EXECUTION_2026-09-05/superseded/initial-series/runs/02_VALID_BOUNDED/replay/bundle.json,bundle.json,json,14698,2c8a7a04fe285d3f0e0c9936132036e627b606e3dc01558d9d1342b3df3a9862,REGULAR_FILE_NONFOLLOWING,timestamp;observer;return;reconstruction,"filename/content match: timestamp, observer, return, reconstruction",R_RECONSTRUCTION;T_TIMESTAMP,REPOSITORY_ARTIFACT,YES_WITH_CONTEXT,DOCUMENTARY_OR_SPECIFICATION_ONLY; NO_MEASUREMENT_EXECUTION_INFERRED
/Users/tho2020/Documents/NEXAH ECOSYSTEM/30 SCIENCE LAB/NEXAH-Science-Lab/00_INCOMING/NEXAH_D_GATE_07_CRIC01_FIRST_SYNTHETIC_EXECUTION_2026-09-05/superseded/initial-series/runs/03_FAILURE/input/RUN_REQUEST.json,RUN_REQUEST.json,json,7233,5e11b5e5181200ad76b87c7a515f332d3071f7aea4f36fa4fcfcd561a9305468,REGULAR_FILE_NONFOLLOWING,timestamp;observer;return;reconstruction,"filename/content match: timestamp, observer, return, reconstruction",R_RECONSTRUCTION;T_TIMESTAMP,REPOSITORY_ARTIFACT,YES_WITH_CONTEXT,DOCUMENTARY_OR_SPECIFICATION_ONLY; NO_MEASUREMENT_EXECUTION_INFERRED
/Users/tho2020/Documents/NEXAH ECOSYSTEM/30 SCIENCE LAB/NEXAH-Science-Lab/00_INCOMING/NEXAH_D_GATE_07_CRIC01_FIRST_SYNTHETIC_EXECUTION_2026-09-05/superseded/initial-series/runs/03_FAILURE/primary/bundle.json,bundle.json,json,14547,77ecea097fb6110eafaae7f49f3577efb9c4196f787776c0c29f234fef47ac7a,REGULAR_FILE_NONFOLLOWING,timestamp;observer;return;reconstruction,"filename/content match: timestamp, observer, return, reconstruction",R_RECONSTRUCTION;T_TIMESTAMP,REPOSITORY_ARTIFACT,YES_WITH_CONTEXT,DOCUMENTARY_OR_SPECIFICATION_ONLY; NO_MEASUREMENT_EXECUTION_INFERRED
/Users/tho2020/Documents/NEXAH ECOSYSTEM/30 SCIENCE LAB/NEXAH-Science-Lab/00_INCOMING/NEXAH_D_GATE_07_CRIC01_FIRST_SYNTHETIC_EXECUTION_2026-09-05/superseded/initial-series/runs/03_FAILURE/replay/bundle.json,bundle.json,json,14534,27fc620fe4b882cb1cf6643b9a1c5e615f918b1da54e652dda34f5493b844621,REGULAR_FILE_NONFOLLOWING,timestamp;observer;return;reconstruction,"filename/content match: timestamp, observer, return, reconstruction",R_RECONSTRUCTION;T_TIMESTAMP,REPOSITORY_ARTIFACT,YES_WITH_CONTEXT,DOCUMENTARY_OR_SPECIFICATION_ONLY; NO_MEASUREMENT_EXECUTION_INFERRED
/Users/tho2020/Documents/NEXAH ECOSYSTEM/30 SCIENCE LAB/NEXAH-Science-Lab/00_INCOMING/NEXAH_D_GATE_07_CRIC01_FIRST_SYNTHETIC_EXECUTION_2026-09-05/superseded/initial-series/runs/04_UNRESOLVED/input/RUN_REQUEST.json,RUN_REQUEST.json,json,7317,1575edf1c73bbc025c2a03cf2219e6ad40c4301a3daa54bb585f498bfaf2ace7,REGULAR_FILE_NONFOLLOWING,timestamp;observer;return;reconstruction,"filename/content match: timestamp, observer, return, reconstruction",R_RECONSTRUCTION;T_TIMESTAMP,REPOSITORY_ARTIFACT,YES_WITH_CONTEXT,DOCUMENTARY_OR_SPECIFICATION_ONLY; NO_MEASUREMENT_EXECUTION_INFERRED
/Users/tho2020/Documents/NEXAH ECOSYSTEM/30 SCIENCE LAB/NEXAH-Science-Lab/00_INCOMING/NEXAH_D_GATE_07_CRIC01_FIRST_SYNTHETIC_EXECUTION_2026-09-05/superseded/initial-series/runs/04_UNRESOLVED/primary/bundle.json,bundle.json,json,14782,74ba6fe1705796db9e313783135eea0d1a7398679535efa4d268657dfaddd466,REGULAR_FILE_NONFOLLOWING,timestamp;observer;return;reconstruction,"filename/content match: timestamp, observer, return, reconstruction",R_RECONSTRUCTION;T_TIMESTAMP,REPOSITORY_ARTIFACT,YES_WITH_CONTEXT,DOCUMENTARY_OR_SPECIFICATION_ONLY; NO_MEASUREMENT_EXECUTION_INFERRED
/Users/tho2020/Documents/NEXAH ECOSYSTEM/30 SCIENCE LAB/NEXAH-Science-Lab/00_INCOMING/NEXAH_D_GATE_07_CRIC01_FIRST_SYNTHETIC_EXECUTION_2026-09-05/superseded/initial-series/runs/04_UNRESOLVED/replay/bundle.json,bundle.json,json,14769,18a19044b163dbe0d12f7e666aa08523e0605be081263f507404758744001ba3,REGULAR_FILE_NONFOLLOWING,timestamp;observer;return;reconstruction,"filename/content match: timestamp, observer, return, reconstruction",R_RECONSTRUCTION;T_TIMESTAMP,REPOSITORY_ARTIFACT,YES_WITH_CONTEXT,DOCUMENTARY_OR_SPECIFICATION_ONLY; NO_MEASUREMENT_EXECUTION_INFERRED
/Users/tho2020/Documents/NEXAH ECOSYSTEM/30 SCIENCE LAB/NEXAH-Science-Lab/00_INCOMING/NEXAH_D_GATE_09_CRIC01_FIRST_EXTERNAL_CARRIER_EXECUTION_2026-09-06/07_PRIMARY_EXECUTION_BUNDLE.json,07_PRIMARY_EXECUTION_BUNDLE.json,json,16142,d30088daec248b6f8039ca2b315829fb6d0cc8239b42bacb9446ae33e8e39bc0,REGULAR_FILE_NONFOLLOWING,timestamp;observer;return;reconstruction,"filename/content match: timestamp, observer, return, reconstruction",R_RECONSTRUCTION;T_TIMESTAMP,REPOSITORY_ARTIFACT,YES_WITH_CONTEXT,DOCUMENTARY_OR_SPECIFICATION_ONLY; NO_MEASUREMENT_EXECUTION_INFERRED
/Users/tho2020/Documents/NEXAH ECOSYSTEM/30 SCIENCE LAB/NEXAH-Science-Lab/00_INCOMING/NEXAH_D_GATE_09_CRIC01_FIRST_EXTERNAL_CARRIER_EXECUTION_2026-09-06/09_REPLAY_EXECUTION_BUNDLE.json,09_REPLAY_EXECUTION_BUNDLE.json,json,16140,281507dc47646356e439ea4c71bc277a3155d4ef95963b291fbc5dddf17fee35,REGULAR_FILE_NONFOLLOWING,timestamp;observer;return;reconstruction,"filename/content match: timestamp, observer, return, reconstruction",R_RECONSTRUCTION;T_TIMESTAMP,REPOSITORY_ARTIFACT,YES_WITH_CONTEXT,DOCUMENTARY_OR_SPECIFICATION_ONLY; NO_MEASUREMENT_EXECUTION_INFERRED
/Users/tho2020/Documents/NEXAH ECOSYSTEM/30 SCIENCE LAB/NEXAH-Science-Lab/00_INCOMING/NEXAH_D_GATE_09_CRIC01_FIRST_EXTERNAL_CARRIER_EXECUTION_2026-09-06/15_EXECUTION_INTERPRETATION_BOUNDARY.md,15_EXECUTION_INTERPRETATION_BOUNDARY.md,md,547,2f27568dcd332eb770906148589cfdbf44ca5b01054259de5d0923fa96c13cee,REGULAR_FILE_NONFOLLOWING,round trip;return,"filename/content match: round trip, return",LQE_CONTEXT,REPOSITORY_ARTIFACT,YES_WITH_CONTEXT,DOCUMENTARY_OR_SPECIFICATION_ONLY; NO_MEASUREMENT_EXECUTION_INFERRED
/Users/tho2020/Documents/NEXAH ECOSYSTEM/30 SCIENCE LAB/NEXAH-Science-Lab/00_INCOMING/NEXAH_D_GATE_09_CRIC01_FIRST_EXTERNAL_CARRIER_EXECUTION_2026-09-06/runs/primary/bundle.json,bundle.json,json,16142,d30088daec248b6f8039ca2b315829fb6d0cc8239b42bacb9446ae33e8e39bc0,REGULAR_FILE_NONFOLLOWING,timestamp;observer;return;reconstruction,"filename/content match: timestamp, observer, return, reconstruction",R_RECONSTRUCTION;T_TIMESTAMP,REPOSITORY_ARTIFACT,YES_WITH_CONTEXT,DOCUMENTARY_OR_SPECIFICATION_ONLY; NO_MEASUREMENT_EXECUTION_INFERRED
/Users/tho2020/Documents/NEXAH ECOSYSTEM/30 SCIENCE LAB/NEXAH-Science-Lab/00_INCOMING/NEXAH_D_GATE_09_CRIC01_FIRST_EXTERNAL_CARRIER_EXECUTION_2026-09-06/runs/replay/bundle.json,bundle.json,json,16140,281507dc47646356e439ea4c71bc277a3155d4ef95963b291fbc5dddf17fee35,REGULAR_FILE_NONFOLLOWING,timestamp;observer;return;reconstruction,"filename/content match: timestamp, observer, return, reconstruction",R_RECONSTRUCTION;T_TIMESTAMP,REPOSITORY_ARTIFACT,YES_WITH_CONTEXT,DOCUMENTARY_OR_SPECIFICATION_ONLY; NO_MEASUREMENT_EXECUTION_INFERRED
/Users/tho2020/Documents/NEXAH ECOSYSTEM/30 SCIENCE LAB/NEXAH-Science-Lab/00_INCOMING/NEXAH_D_GATE_09_CRIC01_FIRST_EXTERNAL_CARRIER_EXECUTION_2026-09-06/staging/cric-01-external-runner/vendor/cric-01/0.1.1/08_VALID_BOUNDED_EXPECTED_FIXTURE_0.1.1.json,08_VALID_BOUNDED_EXPECTED_FIXTURE_0.1.1.json,json,7596,d4e6136e727a57ab9ceb05ea0dc20baa49984e21b8f24e70b3d27edfb877ab2e,REGULAR_FILE_NONFOLLOWING,timestamp;observer;return;reconstruction,"filename/content match: timestamp, observer, return, reconstruction",R_RECONSTRUCTION;T_TIMESTAMP,REPOSITORY_ARTIFACT,YES_WITH_CONTEXT,DOCUMENTARY_OR_SPECIFICATION_ONLY; NO_MEASUREMENT_EXECUTION_INFERRED
/Users/tho2020/Documents/NEXAH ECOSYSTEM/30 SCIENCE LAB/NEXAH-Science-Lab/00_INCOMING/NEXAH_D_GATE_09_CRIC01_FIRST_EXTERNAL_CARRIER_EXECUTION_2026-09-06/staging/cric-01-external-runner/vendor/cric-01/0.1.1/09_EXACT_EXPECTED_FIXTURE_0.1.1.json,09_EXACT_EXPECTED_FIXTURE_0.1.1.json,json,7593,41a35791abd3f593a2649361b8b893f087c5ea2d9b12f1cf51cd6e9016738b28,REGULAR_FILE_NONFOLLOWING,timestamp;observer;return;reconstruction,"filename/content match: timestamp, observer, return, reconstruction",R_RECONSTRUCTION;T_TIMESTAMP,REPOSITORY_ARTIFACT,YES_WITH_CONTEXT,DOCUMENTARY_OR_SPECIFICATION_ONLY; NO_MEASUREMENT_EXECUTION_INFERRED
/Users/tho2020/Documents/NEXAH ECOSYSTEM/30 SCIENCE LAB/NEXAH-Science-Lab/00_INCOMING/NEXAH_D_GATE_09_CRIC01_FIRST_EXTERNAL_CARRIER_EXECUTION_2026-09-06/staging/cric-01-external-runner/vendor/cric-01/0.1.1/10_FAILURE_EXPECTED_FIXTURE_0.1.1.json,10_FAILURE_EXPECTED_FIXTURE_0.1.1.json,json,7715,9e824b4a7df9f42997f45db81b188a0536c0233d520d78390e35a1da36794d2c,REGULAR_FILE_NONFOLLOWING,timestamp;observer;return;reconstruction,"filename/content match: timestamp, observer, return, reconstruction",R_RECONSTRUCTION;T_TIMESTAMP,REPOSITORY_ARTIFACT,YES_WITH_CONTEXT,DOCUMENTARY_OR_SPECIFICATION_ONLY; NO_MEASUREMENT_EXECUTION_INFERRED
/Users/tho2020/Documents/NEXAH ECOSYSTEM/30 SCIENCE LAB/NEXAH-Science-Lab/00_INCOMING/NEXAH_D_GATE_09_CRIC01_FIRST_EXTERNAL_CARRIER_EXECUTION_2026-09-06/staging/cric-01-external-runner/vendor/cric-01/0.1.1/11_UNRESOLVED_EXPECTED_FIXTURE_0.1.1.json,11_UNRESOLVED_EXPECTED_FIXTURE_0.1.1.json,json,7843,cac6c61e0bbe6c15fb659f13055beaf052ccec362d89aea8571cb544016501e7,REGULAR_FILE_NONFOLLOWING,timestamp;observer;return;reconstruction,"filename/content match: timestamp, observer, return, reconstruction",R_RECONSTRUCTION;T_TIMESTAMP,REPOSITORY_ARTIFACT,YES_WITH_CONTEXT,DOCUMENTARY_OR_SPECIFICATION_ONLY; NO_MEASUREMENT_EXECUTION_INFERRED
/Users/tho2020/Documents/NEXAH ECOSYSTEM/30 SCIENCE LAB/NEXAH-Science-Lab/00_INCOMING/NEXAH_D_GATE_09_CRIC01_FIRST_EXTERNAL_CARRIER_EXECUTION_2026-09-06/staging/cric-01-external-runner/vendor/cric-01/0.1.1/cric-01.schema.json,cric-01.schema.json,json,34832,6135947eb64c58b74b67d0c9368b310181ccc22ea435972c542e9402161a41e6,REGULAR_FILE_NONFOLLOWING,timestamp;observer;return;reconstruction,"filename/content match: timestamp, observer, return, reconstruction",R_RECONSTRUCTION;T_TIMESTAMP,REPOSITORY_ARTIFACT,YES_WITH_CONTEXT,DOCUMENTARY_OR_SPECIFICATION_ONLY; NO_MEASUREMENT_EXECUTION_INFERRED
/Users/tho2020/Documents/NEXAH ECOSYSTEM/30 SCIENCE LAB/NEXAH-Science-Lab/00_INCOMING/NEXAH_D_GATE_10_1_CRIC01_APERTURE_CUT_IMPLEMENTATION_2026-09-06/staging/cric-aperture-cut-runner/vendor/cric-01/0.1.1/08_VALID_BOUNDED_EXPECTED_FIXTURE_0.1.1.json,08_VALID_BOUNDED_EXPECTED_FIXTURE_0.1.1.json,json,7596,d4e6136e727a57ab9ceb05ea0dc20baa49984e21b8f24e70b3d27edfb877ab2e,REGULAR_FILE_NONFOLLOWING,timestamp;observer;return;reconstruction,"filename/content match: timestamp, observer, return, reconstruction",R_RECONSTRUCTION;T_TIMESTAMP,REPOSITORY_ARTIFACT,YES_WITH_CONTEXT,DOCUMENTARY_OR_SPECIFICATION_ONLY; NO_MEASUREMENT_EXECUTION_INFERRED
/Users/tho2020/Documents/NEXAH ECOSYSTEM/30 SCIENCE LAB/NEXAH-Science-Lab/00_INCOMING/NEXAH_D_GATE_10_1_CRIC01_APERTURE_CUT_IMPLEMENTATION_2026-09-06/staging/cric-aperture-cut-runner/vendor/cric-01/0.1.1/09_EXACT_EXPECTED_FIXTURE_0.1.1.json,09_EXACT_EXPECTED_FIXTURE_0.1.1.json,json,7593,41a35791abd3f593a2649361b8b893f087c5ea2d9b12f1cf51cd6e9016738b28,REGULAR_FILE_NONFOLLOWING,timestamp;observer;return;reconstruction,"filename/content match: timestamp, observer, return, reconstruction",R_RECONSTRUCTION;T_TIMESTAMP,REPOSITORY_ARTIFACT,YES_WITH_CONTEXT,DOCUMENTARY_OR_SPECIFICATION_ONLY; NO_MEASUREMENT_EXECUTION_INFERRED
/Users/tho2020/Documents/NEXAH ECOSYSTEM/30 SCIENCE LAB/NEXAH-Science-Lab/00_INCOMING/NEXAH_D_GATE_10_1_CRIC01_APERTURE_CUT_IMPLEMENTATION_2026-09-06/staging/cric-aperture-cut-runner/vendor/cric-01/0.1.1/10_FAILURE_EXPECTED_FIXTURE_0.1.1.json,10_FAILURE_EXPECTED_FIXTURE_0.1.1.json,json,7715,9e824b4a7df9f42997f45db81b188a0536c0233d520d78390e35a1da36794d2c,REGULAR_FILE_NONFOLLOWING,timestamp;observer;return;reconstruction,"filename/content match: timestamp, observer, return, reconstruction",R_RECONSTRUCTION;T_TIMESTAMP,REPOSITORY_ARTIFACT,YES_WITH_CONTEXT,DOCUMENTARY_OR_SPECIFICATION_ONLY; NO_MEASUREMENT_EXECUTION_INFERRED
/Users/tho2020/Documents/NEXAH ECOSYSTEM/30 SCIENCE LAB/NEXAH-Science-Lab/00_INCOMING/NEXAH_D_GATE_10_1_CRIC01_APERTURE_CUT_IMPLEMENTATION_2026-09-06/staging/cric-aperture-cut-runner/vendor/cric-01/0.1.1/11_UNRESOLVED_EXPECTED_FIXTURE_0.1.1.json,11_UNRESOLVED_EXPECTED_FIXTURE_0.1.1.json,json,7843,cac6c61e0bbe6c15fb659f13055beaf052ccec362d89aea8571cb544016501e7,REGULAR_FILE_NONFOLLOWING,timestamp;observer;return;reconstruction,"filename/content match: timestamp, observer, return, reconstruction",R_RECONSTRUCTION;T_TIMESTAMP,REPOSITORY_ARTIFACT,YES_WITH_CONTEXT,DOCUMENTARY_OR_SPECIFICATION_ONLY; NO_MEASUREMENT_EXECUTION_INFERRED
/Users/tho2020/Documents/NEXAH ECOSYSTEM/30 SCIENCE LAB/NEXAH-Science-Lab/00_INCOMING/NEXAH_D_GATE_10_1_CRIC01_APERTURE_CUT_IMPLEMENTATION_2026-09-06/staging/cric-aperture-cut-runner/vendor/cric-01/0.1.1/cric-01.schema.json,cric-01.schema.json,json,34832,6135947eb64c58b74b67d0c9368b310181ccc22ea435972c542e9402161a41e6,REGULAR_FILE_NONFOLLOWING,timestamp;observer;return;reconstruction,"filename/content match: timestamp, observer, return, reconstruction",R_RECONSTRUCTION;T_TIMESTAMP,REPOSITORY_ARTIFACT,YES_WITH_CONTEXT,DOCUMENTARY_OR_SPECIFICATION_ONLY; NO_MEASUREMENT_EXECUTION_INFERRED
/Users/tho2020/Documents/NEXAH ECOSYSTEM/30 SCIENCE LAB/NEXAH-Science-Lab/00_INCOMING/NEXAH_D_GATE_10_2R1_CRIC01_CARRIER_ASSEMBLY_REPAIR_2026-09-06/staging/cric-aperture-cut-runner/vendor/cric-01/0.1.1/08_VALID_BOUNDED_EXPECTED_FIXTURE_0.1.1.json,08_VALID_BOUNDED_EXPECTED_FIXTURE_0.1.1.json,json,7596,d4e6136e727a57ab9ceb05ea0dc20baa49984e21b8f24e70b3d27edfb877ab2e,REGULAR_FILE_NONFOLLOWING,timestamp;observer;return;reconstruction,"filename/content match: timestamp, observer, return, reconstruction",R_RECONSTRUCTION;T_TIMESTAMP,REPOSITORY_ARTIFACT,YES_WITH_CONTEXT,DOCUMENTARY_OR_SPECIFICATION_ONLY; NO_MEASUREMENT_EXECUTION_INFERRED
/Users/tho2020/Documents/NEXAH ECOSYSTEM/30 SCIENCE LAB/NEXAH-Science-Lab/00_INCOMING/NEXAH_D_GATE_10_2R1_CRIC01_CARRIER_ASSEMBLY_REPAIR_2026-09-06/staging/cric-aperture-cut-runner/vendor/cric-01/0.1.1/09_EXACT_EXPECTED_FIXTURE_0.1.1.json,09_EXACT_EXPECTED_FIXTURE_0.1.1.json,json,7593,41a35791abd3f593a2649361b8b893f087c5ea2d9b12f1cf51cd6e9016738b28,REGULAR_FILE_NONFOLLOWING,timestamp;observer;return;reconstruction,"filename/content match: timestamp, observer, return, reconstruction",R_RECONSTRUCTION;T_TIMESTAMP,REPOSITORY_ARTIFACT,YES_WITH_CONTEXT,DOCUMENTARY_OR_SPECIFICATION_ONLY; NO_MEASUREMENT_EXECUTION_INFERRED
/Users/tho2020/Documents/NEXAH ECOSYSTEM/30 SCIENCE LAB/NEXAH-Science-Lab/00_INCOMING/NEXAH_D_GATE_10_2R1_CRIC01_CARRIER_ASSEMBLY_REPAIR_2026-09-06/staging/cric-aperture-cut-runner/vendor/cric-01/0.1.1/10_FAILURE_EXPECTED_FIXTURE_0.1.1.json,10_FAILURE_EXPECTED_FIXTURE_0.1.1.json,json,7715,9e824b4a7df9f42997f45db81b188a0536c0233d520d78390e35a1da36794d2c,REGULAR_FILE_NONFOLLOWING,timestamp;observer;return;reconstruction,"filename/content match: timestamp, observer, return, reconstruction",R_RECONSTRUCTION;T_TIMESTAMP,REPOSITORY_ARTIFACT,YES_WITH_CONTEXT,DOCUMENTARY_OR_SPECIFICATION_ONLY; NO_MEASUREMENT_EXECUTION_INFERRED
/Users/tho2020/Documents/NEXAH ECOSYSTEM/30 SCIENCE LAB/NEXAH-Science-Lab/00_INCOMING/NEXAH_D_GATE_10_2R1_CRIC01_CARRIER_ASSEMBLY_REPAIR_2026-09-06/staging/cric-aperture-cut-runner/vendor/cric-01/0.1.1/11_UNRESOLVED_EXPECTED_FIXTURE_0.1.1.json,11_UNRESOLVED_EXPECTED_FIXTURE_0.1.1.json,json,7843,cac6c61e0bbe6c15fb659f13055beaf052ccec362d89aea8571cb544016501e7,REGULAR_FILE_NONFOLLOWING,timestamp;observer;return;reconstruction,"filename/content match: timestamp, observer, return, reconstruction",R_RECONSTRUCTION;T_TIMESTAMP,REPOSITORY_ARTIFACT,YES_WITH_CONTEXT,DOCUMENTARY_OR_SPECIFICATION_ONLY; NO_MEASUREMENT_EXECUTION_INFERRED
/Users/tho2020/Documents/NEXAH ECOSYSTEM/30 SCIENCE LAB/NEXAH-Science-Lab/00_INCOMING/NEXAH_D_GATE_10_2R1_CRIC01_CARRIER_ASSEMBLY_REPAIR_2026-09-06/staging/cric-aperture-cut-runner/vendor/cric-01/0.1.1/cric-01.schema.json,cric-01.schema.json,json,34832,6135947eb64c58b74b67d0c9368b310181ccc22ea435972c542e9402161a41e6,REGULAR_FILE_NONFOLLOWING,timestamp;observer;return;reconstruction,"filename/content match: timestamp, observer, return, reconstruction",R_RECONSTRUCTION;T_TIMESTAMP,REPOSITORY_ARTIFACT,YES_WITH_CONTEXT,DOCUMENTARY_OR_SPECIFICATION_ONLY; NO_MEASUREMENT_EXECUTION_INFERRED
/Users/tho2020/Documents/NEXAH ECOSYSTEM/30 SCIENCE LAB/NEXAH-Science-Lab/00_INCOMING/NEXAH_D_GATE_10_2R2_CRIC01_CONTROLLER_INTERFACE_REPAIR_2026-09-06/staging/cric-aperture-cut-runner/vendor/cric-01/0.1.1/08_VALID_BOUNDED_EXPECTED_FIXTURE_0.1.1.json,08_VALID_BOUNDED_EXPECTED_FIXTURE_0.1.1.json,json,7596,d4e6136e727a57ab9ceb05ea0dc20baa49984e21b8f24e70b3d27edfb877ab2e,REGULAR_FILE_NONFOLLOWING,timestamp;observer;return;reconstruction,"filename/content match: timestamp, observer, return, reconstruction",R_RECONSTRUCTION;T_TIMESTAMP,REPOSITORY_ARTIFACT,YES_WITH_CONTEXT,DOCUMENTARY_OR_SPECIFICATION_ONLY; NO_MEASUREMENT_EXECUTION_INFERRED
/Users/tho2020/Documents/NEXAH ECOSYSTEM/30 SCIENCE LAB/NEXAH-Science-Lab/00_INCOMING/NEXAH_D_GATE_10_2R2_CRIC01_CONTROLLER_INTERFACE_REPAIR_2026-09-06/staging/cric-aperture-cut-runner/vendor/cric-01/0.1.1/09_EXACT_EXPECTED_FIXTURE_0.1.1.json,09_EXACT_EXPECTED_FIXTURE_0.1.1.json,json,7593,41a35791abd3f593a2649361b8b893f087c5ea2d9b12f1cf51cd6e9016738b28,REGULAR_FILE_NONFOLLOWING,timestamp;observer;return;reconstruction,"filename/content match: timestamp, observer, return, reconstruction",R_RECONSTRUCTION;T_TIMESTAMP,REPOSITORY_ARTIFACT,YES_WITH_CONTEXT,DOCUMENTARY_OR_SPECIFICATION_ONLY; NO_MEASUREMENT_EXECUTION_INFERRED
/Users/tho2020/Documents/NEXAH ECOSYSTEM/30 SCIENCE LAB/NEXAH-Science-Lab/00_INCOMING/NEXAH_D_GATE_10_2R2_CRIC01_CONTROLLER_INTERFACE_REPAIR_2026-09-06/staging/cric-aperture-cut-runner/vendor/cric-01/0.1.1/10_FAILURE_EXPECTED_FIXTURE_0.1.1.json,10_FAILURE_EXPECTED_FIXTURE_0.1.1.json,json,7715,9e824b4a7df9f42997f45db81b188a0536c0233d520d78390e35a1da36794d2c,REGULAR_FILE_NONFOLLOWING,timestamp;observer;return;reconstruction,"filename/content match: timestamp, observer, return, reconstruction",R_RECONSTRUCTION;T_TIMESTAMP,REPOSITORY_ARTIFACT,YES_WITH_CONTEXT,DOCUMENTARY_OR_SPECIFICATION_ONLY; NO_MEASUREMENT_EXECUTION_INFERRED
/Users/tho2020/Documents/NEXAH ECOSYSTEM/30 SCIENCE LAB/NEXAH-Science-Lab/00_INCOMING/NEXAH_D_GATE_10_2R2_CRIC01_CONTROLLER_INTERFACE_REPAIR_2026-09-06/staging/cric-aperture-cut-runner/vendor/cric-01/0.1.1/11_UNRESOLVED_EXPECTED_FIXTURE_0.1.1.json,11_UNRESOLVED_EXPECTED_FIXTURE_0.1.1.json,json,7843,cac6c61e0bbe6c15fb659f13055beaf052ccec362d89aea8571cb544016501e7,REGULAR_FILE_NONFOLLOWING,timestamp;observer;return;reconstruction,"filename/content match: timestamp, observer, return, reconstruction",R_RECONSTRUCTION;T_TIMESTAMP,REPOSITORY_ARTIFACT,YES_WITH_CONTEXT,DOCUMENTARY_OR_SPECIFICATION_ONLY; NO_MEASUREMENT_EXECUTION_INFERRED
/Users/tho2020/Documents/NEXAH ECOSYSTEM/30 SCIENCE LAB/NEXAH-Science-Lab/00_INCOMING/NEXAH_D_GATE_10_2R2_CRIC01_CONTROLLER_INTERFACE_REPAIR_2026-09-06/staging/cric-aperture-cut-runner/vendor/cric-01/0.1.1/cric-01.schema.json,cric-01.schema.json,json,34832,6135947eb64c58b74b67d0c9368b310181ccc22ea435972c542e9402161a41e6,REGULAR_FILE_NONFOLLOWING,timestamp;observer;return;reconstruction,"filename/content match: timestamp, observer, return, reconstruction",R_RECONSTRUCTION;T_TIMESTAMP,REPOSITORY_ARTIFACT,YES_WITH_CONTEXT,DOCUMENTARY_OR_SPECIFICATION_ONLY; NO_MEASUREMENT_EXECUTION_INFERRED
/Users/tho2020/Documents/NEXAH ECOSYSTEM/30 SCIENCE LAB/NEXAH-Science-Lab/00_INCOMING/NEXAH_D_GATE_10_2R3_CRIC01_CUT_INPUT_INGRESS_REPAIR_2026-09-06/staging/cric-aperture-cut-runner/vendor/cric-01/0.1.1/08_VALID_BOUNDED_EXPECTED_FIXTURE_0.1.1.json,08_VALID_BOUNDED_EXPECTED_FIXTURE_0.1.1.json,json,7596,d4e6136e727a57ab9ceb05ea0dc20baa49984e21b8f24e70b3d27edfb877ab2e,REGULAR_FILE_NONFOLLOWING,timestamp;observer;return;reconstruction,"filename/content match: timestamp, observer, return, reconstruction",R_RECONSTRUCTION;T_TIMESTAMP,REPOSITORY_ARTIFACT,YES_WITH_CONTEXT,DOCUMENTARY_OR_SPECIFICATION_ONLY; NO_MEASUREMENT_EXECUTION_INFERRED
/Users/tho2020/Documents/NEXAH ECOSYSTEM/30 SCIENCE LAB/NEXAH-Science-Lab/00_INCOMING/NEXAH_D_GATE_10_2R3_CRIC01_CUT_INPUT_INGRESS_REPAIR_2026-09-06/staging/cric-aperture-cut-runner/vendor/cric-01/0.1.1/09_EXACT_EXPECTED_FIXTURE_0.1.1.json,09_EXACT_EXPECTED_FIXTURE_0.1.1.json,json,7593,41a35791abd3f593a2649361b8b893f087c5ea2d9b12f1cf51cd6e9016738b28,REGULAR_FILE_NONFOLLOWING,timestamp;observer;return;reconstruction,"filename/content match: timestamp, observer, return, reconstruction",R_RECONSTRUCTION;T_TIMESTAMP,REPOSITORY_ARTIFACT,YES_WITH_CONTEXT,DOCUMENTARY_OR_SPECIFICATION_ONLY; NO_MEASUREMENT_EXECUTION_INFERRED
/Users/tho2020/Documents/NEXAH ECOSYSTEM/30 SCIENCE LAB/NEXAH-Science-Lab/00_INCOMING/NEXAH_D_GATE_10_2R3_CRIC01_CUT_INPUT_INGRESS_REPAIR_2026-09-06/staging/cric-aperture-cut-runner/vendor/cric-01/0.1.1/10_FAILURE_EXPECTED_FIXTURE_0.1.1.json,10_FAILURE_EXPECTED_FIXTURE_0.1.1.json,json,7715,9e824b4a7df9f42997f45db81b188a0536c0233d520d78390e35a1da36794d2c,REGULAR_FILE_NONFOLLOWING,timestamp;observer;return;reconstruction,"filename/content match: timestamp, observer, return, reconstruction",R_RECONSTRUCTION;T_TIMESTAMP,REPOSITORY_ARTIFACT,YES_WITH_CONTEXT,DOCUMENTARY_OR_SPECIFICATION_ONLY; NO_MEASUREMENT_EXECUTION_INFERRED
/Users/tho2020/Documents/NEXAH ECOSYSTEM/30 SCIENCE LAB/NEXAH-Science-Lab/00_INCOMING/NEXAH_D_GATE_10_2R3_CRIC01_CUT_INPUT_INGRESS_REPAIR_2026-09-06/staging/cric-aperture-cut-runner/vendor/cric-01/0.1.1/11_UNRESOLVED_EXPECTED_FIXTURE_0.1.1.json,11_UNRESOLVED_EXPECTED_FIXTURE_0.1.1.json,json,7843,cac6c61e0bbe6c15fb659f13055beaf052ccec362d89aea8571cb544016501e7,REGULAR_FILE_NONFOLLOWING,timestamp;observer;return;reconstruction,"filename/content match: timestamp, observer, return, reconstruction",R_RECONSTRUCTION;T_TIMESTAMP,REPOSITORY_ARTIFACT,YES_WITH_CONTEXT,DOCUMENTARY_OR_SPECIFICATION_ONLY; NO_MEASUREMENT_EXECUTION_INFERRED
/Users/tho2020/Documents/NEXAH ECOSYSTEM/30 SCIENCE LAB/NEXAH-Science-Lab/00_INCOMING/NEXAH_D_GATE_10_2R3_CRIC01_CUT_INPUT_INGRESS_REPAIR_2026-09-06/staging/cric-aperture-cut-runner/vendor/cric-01/0.1.1/cric-01.schema.json,cric-01.schema.json,json,34832,6135947eb64c58b74b67d0c9368b310181ccc22ea435972c542e9402161a41e6,REGULAR_FILE_NONFOLLOWING,timestamp;observer;return;reconstruction,"filename/content match: timestamp, observer, return, reconstruction",R_RECONSTRUCTION;T_TIMESTAMP,REPOSITORY_ARTIFACT,YES_WITH_CONTEXT,DOCUMENTARY_OR_SPECIFICATION_ONLY; NO_MEASUREMENT_EXECUTION_INFERRED
/Users/tho2020/Documents/NEXAH ECOSYSTEM/30 SCIENCE LAB/NEXAH-Science-Lab/00_INCOMING/NEXAH_D_GATE_10_2R4_1_CRIC01_PRODUCTION_CLOCK_REPAIR_2026-09-06/engineering-evidence/r4.1/production-shaped-primary/result/bundle.json,bundle.json,json,16160,05c0c1ee9f8226d669375e8457f877ec08e48518be200f681375e35eca0b0f9d,REGULAR_FILE_NONFOLLOWING,timestamp;observer;return;reconstruction,"filename/content match: timestamp, observer, return, reconstruction",R_RECONSTRUCTION;T_TIMESTAMP,REPOSITORY_ARTIFACT,YES_WITH_CONTEXT,DOCUMENTARY_OR_SPECIFICATION_ONLY; NO_MEASUREMENT_EXECUTION_INFERRED
/Users/tho2020/Documents/NEXAH ECOSYSTEM/30 SCIENCE LAB/NEXAH-Science-Lab/00_INCOMING/NEXAH_D_GATE_10_2R4_1_CRIC01_PRODUCTION_CLOCK_REPAIR_2026-09-06/engineering-evidence/r4.1/production-shaped-replay/result/bundle.json,bundle.json,json,16158,a8ca9853ffd4e34971948af270691a8d2278371761dab429633a3a103416ebfa,REGULAR_FILE_NONFOLLOWING,timestamp;observer;return;reconstruction,"filename/content match: timestamp, observer, return, reconstruction",R_RECONSTRUCTION;T_TIMESTAMP,REPOSITORY_ARTIFACT,YES_WITH_CONTEXT,DOCUMENTARY_OR_SPECIFICATION_ONLY; NO_MEASUREMENT_EXECUTION_INFERRED
/Users/tho2020/Documents/NEXAH ECOSYSTEM/30 SCIENCE LAB/NEXAH-Science-Lab/00_INCOMING/NEXAH_D_GATE_10_2R4_1_CRIC01_PRODUCTION_CLOCK_REPAIR_2026-09-06/engineering-evidence/r4.1/synthetic-primary/result/bundle.json,bundle.json,json,16067,9bfd109938c0495f4a519ff522e46f4a0a8b8cda870689f0503fbf96a313b064,REGULAR_FILE_NONFOLLOWING,timestamp;observer;return;reconstruction,"filename/content match: timestamp, observer, return, reconstruction",R_RECONSTRUCTION;T_TIMESTAMP,REPOSITORY_ARTIFACT,YES_WITH_CONTEXT,DOCUMENTARY_OR_SPECIFICATION_ONLY; NO_MEASUREMENT_EXECUTION_INFERRED
/Users/tho2020/Documents/NEXAH ECOSYSTEM/30 SCIENCE LAB/NEXAH-Science-Lab/00_INCOMING/NEXAH_D_GATE_10_2R4_1_CRIC01_PRODUCTION_CLOCK_REPAIR_2026-09-06/engineering-evidence/r4.1/synthetic-replay/result/bundle.json,bundle.json,json,16065,14587983c5fcd07a87198952ffb16b34ebcff717188b33afdb24ed4af6e8475d,REGULAR_FILE_NONFOLLOWING,timestamp;observer;return;reconstruction,"filename/content match: timestamp, observer, return, reconstruction",R_RECONSTRUCTION;T_TIMESTAMP,REPOSITORY_ARTIFACT,YES_WITH_CONTEXT,DOCUMENTARY_OR_SPECIFICATION_ONLY; NO_MEASUREMENT_EXECUTION_INFERRED
/Users/tho2020/Documents/NEXAH ECOSYSTEM/30 SCIENCE LAB/NEXAH-Science-Lab/00_INCOMING/NEXAH_D_GATE_10_2R4_1_CRIC01_PRODUCTION_CLOCK_REPAIR_2026-09-06/runs/primary/result/bundle.json,bundle.json,json,16282,49b7bbf6acd308dee086a1cf82e9f04bf5bd470bf10947f185048e52f45f8d94,REGULAR_FILE_NONFOLLOWING,timestamp;observer;return;reconstruction,"filename/content match: timestamp, observer, return, reconstruction",R_RECONSTRUCTION;T_TIMESTAMP,REPOSITORY_ARTIFACT,YES_WITH_CONTEXT,DOCUMENTARY_OR_SPECIFICATION_ONLY; NO_MEASUREMENT_EXECUTION_INFERRED
/Users/tho2020/Documents/NEXAH ECOSYSTEM/30 SCIENCE LAB/NEXAH-Science-Lab/00_INCOMING/NEXAH_D_GATE_10_2R4_1_CRIC01_PRODUCTION_CLOCK_REPAIR_2026-09-06/runs/replay/result/bundle.json,bundle.json,json,16280,dcb9d68d91e03b98466e9d9e2c51588fb0a2b74800a8144a6df4a0c7cd3afebf,REGULAR_FILE_NONFOLLOWING,timestamp;observer;return;reconstruction,"filename/content match: timestamp, observer, return, reconstruction",R_RECONSTRUCTION;T_TIMESTAMP,REPOSITORY_ARTIFACT,YES_WITH_CONTEXT,DOCUMENTARY_OR_SPECIFICATION_ONLY; NO_MEASUREMENT_EXECUTION_INFERRED
/Users/tho2020/Documents/NEXAH ECOSYSTEM/30 SCIENCE LAB/NEXAH-Science-Lab/00_INCOMING/NEXAH_D_GATE_10_2R4_1_CRIC01_PRODUCTION_CLOCK_REPAIR_2026-09-06/staging/cric-aperture-cut-runner/vendor/cric-01/0.1.1/08_VALID_BOUNDED_EXPECTED_FIXTURE_0.1.1.json,08_VALID_BOUNDED_EXPECTED_FIXTURE_0.1.1.json,json,7596,d4e6136e727a57ab9ceb05ea0dc20baa49984e21b8f24e70b3d27edfb877ab2e,REGULAR_FILE_NONFOLLOWING,timestamp;observer;return;reconstruction,"filename/content match: timestamp, observer, return, reconstruction",R_RECONSTRUCTION;T_TIMESTAMP,REPOSITORY_ARTIFACT,YES_WITH_CONTEXT,DOCUMENTARY_OR_SPECIFICATION_ONLY; NO_MEASUREMENT_EXECUTION_INFERRED
/Users/tho2020/Documents/NEXAH ECOSYSTEM/30 SCIENCE LAB/NEXAH-Science-Lab/00_INCOMING/NEXAH_D_GATE_10_2R4_1_CRIC01_PRODUCTION_CLOCK_REPAIR_2026-09-06/staging/cric-aperture-cut-runner/vendor/cric-01/0.1.1/09_EXACT_EXPECTED_FIXTURE_0.1.1.json,09_EXACT_EXPECTED_FIXTURE_0.1.1.json,json,7593,41a35791abd3f593a2649361b8b893f087c5ea2d9b12f1cf51cd6e9016738b28,REGULAR_FILE_NONFOLLOWING,timestamp;observer;return;reconstruction,"filename/content match: timestamp, observer, return, reconstruction",R_RECONSTRUCTION;T_TIMESTAMP,REPOSITORY_ARTIFACT,YES_WITH_CONTEXT,DOCUMENTARY_OR_SPECIFICATION_ONLY; NO_MEASUREMENT_EXECUTION_INFERRED
/Users/tho2020/Documents/NEXAH ECOSYSTEM/30 SCIENCE LAB/NEXAH-Science-Lab/00_INCOMING/NEXAH_D_GATE_10_2R4_1_CRIC01_PRODUCTION_CLOCK_REPAIR_2026-09-06/staging/cric-aperture-cut-runner/vendor/cric-01/0.1.1/10_FAILURE_EXPECTED_FIXTURE_0.1.1.json,10_FAILURE_EXPECTED_FIXTURE_0.1.1.json,json,7715,9e824b4a7df9f42997f45db81b188a0536c0233d520d78390e35a1da36794d2c,REGULAR_FILE_NONFOLLOWING,timestamp;observer;return;reconstruction,"filename/content match: timestamp, observer, return, reconstruction",R_RECONSTRUCTION;T_TIMESTAMP,REPOSITORY_ARTIFACT,YES_WITH_CONTEXT,DOCUMENTARY_OR_SPECIFICATION_ONLY; NO_MEASUREMENT_EXECUTION_INFERRED
/Users/tho2020/Documents/NEXAH ECOSYSTEM/30 SCIENCE LAB/NEXAH-Science-Lab/00_INCOMING/NEXAH_D_GATE_10_2R4_1_CRIC01_PRODUCTION_CLOCK_REPAIR_2026-09-06/staging/cric-aperture-cut-runner/vendor/cric-01/0.1.1/11_UNRESOLVED_EXPECTED_FIXTURE_0.1.1.json,11_UNRESOLVED_EXPECTED_FIXTURE_0.1.1.json,json,7843,cac6c61e0bbe6c15fb659f13055beaf052ccec362d89aea8571cb544016501e7,REGULAR_FILE_NONFOLLOWING,timestamp;observer;return;reconstruction,"filename/content match: timestamp, observer, return, reconstruction",R_RECONSTRUCTION;T_TIMESTAMP,REPOSITORY_ARTIFACT,YES_WITH_CONTEXT,DOCUMENTARY_OR_SPECIFICATION_ONLY; NO_MEASUREMENT_EXECUTION_INFERRED
/Users/tho2020/Documents/NEXAH ECOSYSTEM/30 SCIENCE LAB/NEXAH-Science-Lab/00_INCOMING/NEXAH_D_GATE_10_2R4_1_CRIC01_PRODUCTION_CLOCK_REPAIR_2026-09-06/staging/cric-aperture-cut-runner/vendor/cric-01/0.1.1/cric-01.schema.json,cric-01.schema.json,json,34832,6135947eb64c58b74b67d0c9368b310181ccc22ea435972c542e9402161a41e6,REGULAR_FILE_NONFOLLOWING,timestamp;observer;return;reconstruction,"filename/content match: timestamp, observer, return, reconstruction",R_RECONSTRUCTION;T_TIMESTAMP,REPOSITORY_ARTIFACT,YES_WITH_CONTEXT,DOCUMENTARY_OR_SPECIFICATION_ONLY; NO_MEASUREMENT_EXECUTION_INFERRED
/Users/tho2020/Documents/NEXAH ECOSYSTEM/30 SCIENCE LAB/NEXAH-Science-Lab/00_INCOMING/NEXAH_D_GATE_10_2R4_CRIC01_PRODUCTION_ROUTE_READINESS_2026-09-06/engineering-evidence/r4/synthetic-primary/result/bundle.json,bundle.json,json,15581,14f7414f9e25ad16a0dfb32c3728ef50b56b8b365a26cd6995bd581fa2907750,REGULAR_FILE_NONFOLLOWING,timestamp;observer;return;reconstruction,"filename/content match: timestamp, observer, return, reconstruction",R_RECONSTRUCTION;T_TIMESTAMP,REPOSITORY_ARTIFACT,YES_WITH_CONTEXT,DOCUMENTARY_OR_SPECIFICATION_ONLY; NO_MEASUREMENT_EXECUTION_INFERRED
/Users/tho2020/Documents/NEXAH ECOSYSTEM/30 SCIENCE LAB/NEXAH-Science-Lab/00_INCOMING/NEXAH_D_GATE_10_2R4_CRIC01_PRODUCTION_ROUTE_READINESS_2026-09-06/engineering-evidence/r4/synthetic-replay/result/bundle.json,bundle.json,json,15579,fedf42ead46f7a7aac99fabf88abb9b4490819f34c96177d41a0b4b8e99aafe5,REGULAR_FILE_NONFOLLOWING,timestamp;observer;return;reconstruction,"filename/content match: timestamp, observer, return, reconstruction",R_RECONSTRUCTION;T_TIMESTAMP,REPOSITORY_ARTIFACT,YES_WITH_CONTEXT,DOCUMENTARY_OR_SPECIFICATION_ONLY; NO_MEASUREMENT_EXECUTION_INFERRED
/Users/tho2020/Documents/NEXAH ECOSYSTEM/30 SCIENCE LAB/NEXAH-Science-Lab/00_INCOMING/NEXAH_D_GATE_10_2R4_CRIC01_PRODUCTION_ROUTE_READINESS_2026-09-06/staging/cric-aperture-cut-runner/vendor/cric-01/0.1.1/08_VALID_BOUNDED_EXPECTED_FIXTURE_0.1.1.json,08_VALID_BOUNDED_EXPECTED_FIXTURE_0.1.1.json,json,7596,d4e6136e727a57ab9ceb05ea0dc20baa49984e21b8f24e70b3d27edfb877ab2e,REGULAR_FILE_NONFOLLOWING,timestamp;observer;return;reconstruction,"filename/content match: timestamp, observer, return, reconstruction",R_RECONSTRUCTION;T_TIMESTAMP,REPOSITORY_ARTIFACT,YES_WITH_CONTEXT,DOCUMENTARY_OR_SPECIFICATION_ONLY; NO_MEASUREMENT_EXECUTION_INFERRED
/Users/tho2020/Documents/NEXAH ECOSYSTEM/30 SCIENCE LAB/NEXAH-Science-Lab/00_INCOMING/NEXAH_D_GATE_10_2R4_CRIC01_PRODUCTION_ROUTE_READINESS_2026-09-06/staging/cric-aperture-cut-runner/vendor/cric-01/0.1.1/09_EXACT_EXPECTED_FIXTURE_0.1.1.json,09_EXACT_EXPECTED_FIXTURE_0.1.1.json,json,7593,41a35791abd3f593a2649361b8b893f087c5ea2d9b12f1cf51cd6e9016738b28,REGULAR_FILE_NONFOLLOWING,timestamp;observer;return;reconstruction,"filename/content match: timestamp, observer, return, reconstruction",R_RECONSTRUCTION;T_TIMESTAMP,REPOSITORY_ARTIFACT,YES_WITH_CONTEXT,DOCUMENTARY_OR_SPECIFICATION_ONLY; NO_MEASUREMENT_EXECUTION_INFERRED
/Users/tho2020/Documents/NEXAH ECOSYSTEM/30 SCIENCE LAB/NEXAH-Science-Lab/00_INCOMING/NEXAH_D_GATE_10_2R4_CRIC01_PRODUCTION_ROUTE_READINESS_2026-09-06/staging/cric-aperture-cut-runner/vendor/cric-01/0.1.1/10_FAILURE_EXPECTED_FIXTURE_0.1.1.json,10_FAILURE_EXPECTED_FIXTURE_0.1.1.json,json,7715,9e824b4a7df9f42997f45db81b188a0536c0233d520d78390e35a1da36794d2c,REGULAR_FILE_NONFOLLOWING,timestamp;observer;return;reconstruction,"filename/content match: timestamp, observer, return, reconstruction",R_RECONSTRUCTION;T_TIMESTAMP,REPOSITORY_ARTIFACT,YES_WITH_CONTEXT,DOCUMENTARY_OR_SPECIFICATION_ONLY; NO_MEASUREMENT_EXECUTION_INFERRED
/Users/tho2020/Documents/NEXAH ECOSYSTEM/30 SCIENCE LAB/NEXAH-Science-Lab/00_INCOMING/NEXAH_D_GATE_10_2R4_CRIC01_PRODUCTION_ROUTE_READINESS_2026-09-06/staging/cric-aperture-cut-runner/vendor/cric-01/0.1.1/11_UNRESOLVED_EXPECTED_FIXTURE_0.1.1.json,11_UNRESOLVED_EXPECTED_FIXTURE_0.1.1.json,json,7843,cac6c61e0bbe6c15fb659f13055beaf052ccec362d89aea8571cb544016501e7,REGULAR_FILE_NONFOLLOWING,timestamp;observer;return;reconstruction,"filename/content match: timestamp, observer, return, reconstruction",R_RECONSTRUCTION;T_TIMESTAMP,REPOSITORY_ARTIFACT,YES_WITH_CONTEXT,DOCUMENTARY_OR_SPECIFICATION_ONLY; NO_MEASUREMENT_EXECUTION_INFERRED
/Users/tho2020/Documents/NEXAH ECOSYSTEM/30 SCIENCE LAB/NEXAH-Science-Lab/00_INCOMING/NEXAH_D_GATE_10_2R4_CRIC01_PRODUCTION_ROUTE_READINESS_2026-09-06/staging/cric-aperture-cut-runner/vendor/cric-01/0.1.1/cric-01.schema.json,cric-01.schema.json,json,34832,6135947eb64c58b74b67d0c9368b310181ccc22ea435972c542e9402161a41e6,REGULAR_FILE_NONFOLLOWING,timestamp;observer;return;reconstruction,"filename/content match: timestamp, observer, return, reconstruction",R_RECONSTRUCTION;T_TIMESTAMP,REPOSITORY_ARTIFACT,YES_WITH_CONTEXT,DOCUMENTARY_OR_SPECIFICATION_ONLY; NO_MEASUREMENT_EXECUTION_INFERRED
/Users/tho2020/Documents/NEXAH ECOSYSTEM/30 SCIENCE LAB/NEXAH-Science-Lab/00_INCOMING/NEXAH_D_GATE_10_2R_CRIC01_FROZEN_PAYLOAD_FIELD_BINDING_REPAIR_2026-09-06/staging/cric-aperture-cut-runner/vendor/cric-01/0.1.1/08_VALID_BOUNDED_EXPECTED_FIXTURE_0.1.1.json,08_VALID_BOUNDED_EXPECTED_FIXTURE_0.1.1.json,json,7596,d4e6136e727a57ab9ceb05ea0dc20baa49984e21b8f24e70b3d27edfb877ab2e,REGULAR_FILE_NONFOLLOWING,timestamp;observer;return;reconstruction,"filename/content match: timestamp, observer, return, reconstruction",R_RECONSTRUCTION;T_TIMESTAMP,REPOSITORY_ARTIFACT,YES_WITH_CONTEXT,DOCUMENTARY_OR_SPECIFICATION_ONLY; NO_MEASUREMENT_EXECUTION_INFERRED
/Users/tho2020/Documents/NEXAH ECOSYSTEM/30 SCIENCE LAB/NEXAH-Science-Lab/00_INCOMING/NEXAH_D_GATE_10_2R_CRIC01_FROZEN_PAYLOAD_FIELD_BINDING_REPAIR_2026-09-06/staging/cric-aperture-cut-runner/vendor/cric-01/0.1.1/09_EXACT_EXPECTED_FIXTURE_0.1.1.json,09_EXACT_EXPECTED_FIXTURE_0.1.1.json,json,7593,41a35791abd3f593a2649361b8b893f087c5ea2d9b12f1cf51cd6e9016738b28,REGULAR_FILE_NONFOLLOWING,timestamp;observer;return;reconstruction,"filename/content match: timestamp, observer, return, reconstruction",R_RECONSTRUCTION;T_TIMESTAMP,REPOSITORY_ARTIFACT,YES_WITH_CONTEXT,DOCUMENTARY_OR_SPECIFICATION_ONLY; NO_MEASUREMENT_EXECUTION_INFERRED
/Users/tho2020/Documents/NEXAH ECOSYSTEM/30 SCIENCE LAB/NEXAH-Science-Lab/00_INCOMING/NEXAH_D_GATE_10_2R_CRIC01_FROZEN_PAYLOAD_FIELD_BINDING_REPAIR_2026-09-06/staging/cric-aperture-cut-runner/vendor/cric-01/0.1.1/10_FAILURE_EXPECTED_FIXTURE_0.1.1.json,10_FAILURE_EXPECTED_FIXTURE_0.1.1.json,json,7715,9e824b4a7df9f42997f45db81b188a0536c0233d520d78390e35a1da36794d2c,REGULAR_FILE_NONFOLLOWING,timestamp;observer;return;reconstruction,"filename/content match: timestamp, observer, return, reconstruction",R_RECONSTRUCTION;T_TIMESTAMP,REPOSITORY_ARTIFACT,YES_WITH_CONTEXT,DOCUMENTARY_OR_SPECIFICATION_ONLY; NO_MEASUREMENT_EXECUTION_INFERRED
/Users/tho2020/Documents/NEXAH ECOSYSTEM/30 SCIENCE LAB/NEXAH-Science-Lab/00_INCOMING/NEXAH_D_GATE_10_2R_CRIC01_FROZEN_PAYLOAD_FIELD_BINDING_REPAIR_2026-09-06/staging/cric-aperture-cut-runner/vendor/cric-01/0.1.1/11_UNRESOLVED_EXPECTED_FIXTURE_0.1.1.json,11_UNRESOLVED_EXPECTED_FIXTURE_0.1.1.json,json,7843,cac6c61e0bbe6c15fb659f13055beaf052ccec362d89aea8571cb544016501e7,REGULAR_FILE_NONFOLLOWING,timestamp;observer;return;reconstruction,"filename/content match: timestamp, observer, return, reconstruction",R_RECONSTRUCTION;T_TIMESTAMP,REPOSITORY_ARTIFACT,YES_WITH_CONTEXT,DOCUMENTARY_OR_SPECIFICATION_ONLY; NO_MEASUREMENT_EXECUTION_INFERRED
/Users/tho2020/Documents/NEXAH ECOSYSTEM/30 SCIENCE LAB/NEXAH-Science-Lab/00_INCOMING/NEXAH_D_GATE_10_2R_CRIC01_FROZEN_PAYLOAD_FIELD_BINDING_REPAIR_2026-09-06/staging/cric-aperture-cut-runner/vendor/cric-01/0.1.1/cric-01.schema.json,cric-01.schema.json,json,34832,6135947eb64c58b74b67d0c9368b310181ccc22ea435972c542e9402161a41e6,REGULAR_FILE_NONFOLLOWING,timestamp;observer;return;reconstruction,"filename/content match: timestamp, observer, return, reconstruction",R_RECONSTRUCTION;T_TIMESTAMP,REPOSITORY_ARTIFACT,YES_WITH_CONTEXT,DOCUMENTARY_OR_SPECIFICATION_ONLY; NO_MEASUREMENT_EXECUTION_INFERRED
/Users/tho2020/Documents/NEXAH ECOSYSTEM/30 SCIENCE LAB/NEXAH-Science-Lab/00_INCOMING/NEXAH_D_GATE_10_2_CRIC01_FIRST_BLIND_EXTERNAL_APERTURE_CUT_EXECUTION_2026-09-06/staging/cric-aperture-cut-runner/vendor/cric-01/0.1.1/08_VALID_BOUNDED_EXPECTED_FIXTURE_0.1.1.json,08_VALID_BOUNDED_EXPECTED_FIXTURE_0.1.1.json,json,7596,d4e6136e727a57ab9ceb05ea0dc20baa49984e21b8f24e70b3d27edfb877ab2e,REGULAR_FILE_NONFOLLOWING,timestamp;observer;return;reconstruction,"filename/content match: timestamp, observer, return, reconstruction",R_RECONSTRUCTION;T_TIMESTAMP,REPOSITORY_ARTIFACT,YES_WITH_CONTEXT,DOCUMENTARY_OR_SPECIFICATION_ONLY; NO_MEASUREMENT_EXECUTION_INFERRED
/Users/tho2020/Documents/NEXAH ECOSYSTEM/30 SCIENCE LAB/NEXAH-Science-Lab/00_INCOMING/NEXAH_D_GATE_10_2_CRIC01_FIRST_BLIND_EXTERNAL_APERTURE_CUT_EXECUTION_2026-09-06/staging/cric-aperture-cut-runner/vendor/cric-01/0.1.1/09_EXACT_EXPECTED_FIXTURE_0.1.1.json,09_EXACT_EXPECTED_FIXTURE_0.1.1.json,json,7593,41a35791abd3f593a2649361b8b893f087c5ea2d9b12f1cf51cd6e9016738b28,REGULAR_FILE_NONFOLLOWING,timestamp;observer;return;reconstruction,"filename/content match: timestamp, observer, return, reconstruction",R_RECONSTRUCTION;T_TIMESTAMP,REPOSITORY_ARTIFACT,YES_WITH_CONTEXT,DOCUMENTARY_OR_SPECIFICATION_ONLY; NO_MEASUREMENT_EXECUTION_INFERRED
/Users/tho2020/Documents/NEXAH ECOSYSTEM/30 SCIENCE LAB/NEXAH-Science-Lab/00_INCOMING/NEXAH_D_GATE_10_2_CRIC01_FIRST_BLIND_EXTERNAL_APERTURE_CUT_EXECUTION_2026-09-06/staging/cric-aperture-cut-runner/vendor/cric-01/0.1.1/10_FAILURE_EXPECTED_FIXTURE_0.1.1.json,10_FAILURE_EXPECTED_FIXTURE_0.1.1.json,json,7715,9e824b4a7df9f42997f45db81b188a0536c0233d520d78390e35a1da36794d2c,REGULAR_FILE_NONFOLLOWING,timestamp;observer;return;reconstruction,"filename/content match: timestamp, observer, return, reconstruction",R_RECONSTRUCTION;T_TIMESTAMP,REPOSITORY_ARTIFACT,YES_WITH_CONTEXT,DOCUMENTARY_OR_SPECIFICATION_ONLY; NO_MEASUREMENT_EXECUTION_INFERRED
/Users/tho2020/Documents/NEXAH ECOSYSTEM/30 SCIENCE LAB/NEXAH-Science-Lab/00_INCOMING/NEXAH_D_GATE_10_2_CRIC01_FIRST_BLIND_EXTERNAL_APERTURE_CUT_EXECUTION_2026-09-06/staging/cric-aperture-cut-runner/vendor/cric-01/0.1.1/11_UNRESOLVED_EXPECTED_FIXTURE_0.1.1.json,11_UNRESOLVED_EXPECTED_FIXTURE_0.1.1.json,json,7843,cac6c61e0bbe6c15fb659f13055beaf052ccec362d89aea8571cb544016501e7,REGULAR_FILE_NONFOLLOWING,timestamp;observer;return;reconstruction,"filename/content match: timestamp, observer, return, reconstruction",R_RECONSTRUCTION;T_TIMESTAMP,REPOSITORY_ARTIFACT,YES_WITH_CONTEXT,DOCUMENTARY_OR_SPECIFICATION_ONLY; NO_MEASUREMENT_EXECUTION_INFERRED
/Users/tho2020/Documents/NEXAH ECOSYSTEM/30 SCIENCE LAB/NEXAH-Science-Lab/00_INCOMING/NEXAH_D_GATE_10_2_CRIC01_FIRST_BLIND_EXTERNAL_APERTURE_CUT_EXECUTION_2026-09-06/staging/cric-aperture-cut-runner/vendor/cric-01/0.1.1/cric-01.schema.json,cric-01.schema.json,json,34832,6135947eb64c58b74b67d0c9368b310181ccc22ea435972c542e9402161a41e6,REGULAR_FILE_NONFOLLOWING,timestamp;observer;return;reconstruction,"filename/content match: timestamp, observer, return, reconstruction",R_RECONSTRUCTION;T_TIMESTAMP,REPOSITORY_ARTIFACT,YES_WITH_CONTEXT,DOCUMENTARY_OR_SPECIFICATION_ONLY; NO_MEASUREMENT_EXECUTION_INFERRED
/Users/tho2020/Documents/NEXAH ECOSYSTEM/30 SCIENCE LAB/NEXAH-Science-Lab/00_INCOMING/THE_PRIME_GENESIS_EXTERNAL_MULTI_VIEW_PILOT_01_2026-09-08/results/baseline_metrics.json,baseline_metrics.json,json,1219,7772578e2a3f35d6dd9ba1655075680be100b8015d0663c83007444387db6d5a,REGULAR_FILE_NONFOLLOWING,baseline;AU/c;OLS;return,"filename/content match: baseline, AU/c, OLS, return",B1_DISTANCE;LQE_CONTEXT,REPOSITORY_ARTIFACT,YES_WITH_CONTEXT,DOCUMENTARY_OR_SPECIFICATION_ONLY; NO_MEASUREMENT_EXECUTION_INFERRED
/Users/tho2020/Documents/NEXAH ECOSYSTEM/30 SCIENCE LAB/NEXAH-Science-Lab/00_INCOMING/THE_PRIME_GENESIS_EXTERNAL_MULTI_VIEW_PILOT_01_2026-09-08/scripts/run_external_pilot.py,run_external_pilot.py,py,21396,35e7b2ab02e56f09232cc6224ae90b95c4ad0820d4e1c454aabe9acac7727bea,REGULAR_FILE_NONFOLLOWING,baseline;AU/c;ORION;OLS;return,"filename/content match: baseline, AU/c, ORION, OLS, return",B1_DISTANCE;LQE_CONTEXT,REPOSITORY_ARTIFACT,YES_WITH_CONTEXT,DOCUMENTARY_OR_SPECIFICATION_ONLY; NO_MEASUREMENT_EXECUTION_INFERRED
/Users/tho2020/Documents/NEXAH ECOSYSTEM/30 SCIENCE LAB/NEXAH-Science-Lab/00_INCOMING/THE_PRIME_GENESIS_PRE_INTAKE_2026-09-07/results/visual_ocr.json,visual_ocr.json,json,122166,08787cd1ba92c8dd20b57d21af2ea71823c0f71ff5c270f7eb9e1da6bea1db9e,REGULAR_FILE_NONFOLLOWING,round trip;Shadow;ORION;OLS;Eye;observer;return;reconstruction,"filename/content match: round trip, Shadow, ORION, OLS, Eye, observer, return, reconstruction",LQE_CONTEXT;R_RECONSTRUCTION,REPOSITORY_ARTIFACT,YES_WITH_CONTEXT,DOCUMENTARY_OR_SPECIFICATION_ONLY; NO_MEASUREMENT_EXECUTION_INFERRED
/Users/tho2020/Documents/NEXAH ECOSYSTEM/30 SCIENCE LAB/NEXAH-Science-Lab/00_INCOMING/THE_PRIME_GENESIS_RECONCILIATION_GATE_01_2026-09-07/FINAL_DECISION.md,FINAL_DECISION.md,md,2124,92df536e18ca1c68248bc8dfd5048829c8f578fd16b90e195741c052d97bc46e,REGULAR_FILE_NONFOLLOWING,AU/c;ORION;OLS;return;reconstruction,"filename/content match: AU/c, ORION, OLS, return, reconstruction",LQE_CONTEXT;R_RECONSTRUCTION,REPOSITORY_ARTIFACT,YES_WITH_CONTEXT,DOCUMENTARY_OR_SPECIFICATION_ONLY; NO_MEASUREMENT_EXECUTION_INFERRED
/Users/tho2020/Documents/NEXAH ECOSYSTEM/30 SCIENCE LAB/NEXAH-Science-Lab/BOARD_XXIII_Z3885_VERIFICATION/NEXAH_Z3885_Proof_Certificate.md,NEXAH_Z3885_Proof_Certificate.md,md,7093,c3ae45566fc1cb1ac126cca1c31e95bc2e6237e4570162ae78438432e6d9e9a0,REGULAR_FILE_NONFOLLOWING,round trip;return,"filename/content match: round trip, return",LQE_CONTEXT,REPOSITORY_ARTIFACT,YES_WITH_CONTEXT,DOCUMENTARY_OR_SPECIFICATION_ONLY; NO_MEASUREMENT_EXECUTION_INFERRED
/Users/tho2020/Documents/NEXAH ECOSYSTEM/30 SCIENCE LAB/NEXAH-Science-Lab/CAT_IN_THE_BASKET_PRESERVATION_AND_FORMALIZATION_REVIEW_2026-09-09/00_README.md,00_README.md,md,2039,03b6ad9a361dd15f8f24a084505e8642c8f46a3e45eadd9e3dd359a00d618451,REGULAR_FILE_NONFOLLOWING,Cat in the Basket;ORION;OLS;Eye;observer;return,"filename/content match: Cat in the Basket, ORION, OLS, Eye, observer, return",CONTEXT_ONLY,REPOSITORY_ARTIFACT,REFERENCE_ONLY,DOCUMENTARY_OR_SPECIFICATION_ONLY; NO_MEASUREMENT_EXECUTION_INFERRED
/Users/tho2020/Documents/NEXAH ECOSYSTEM/30 SCIENCE LAB/NEXAH-Science-Lab/CAT_IN_THE_BASKET_PRESERVATION_AND_FORMALIZATION_REVIEW_2026-09-09/01_AUTHORITY_SCOPE_AND_PREDECESSOR_LOCK.md,01_AUTHORITY_SCOPE_AND_PREDECESSOR_LOCK.md,md,3275,9240e4d0942df25a7f0281e7192074925cb5f697651d2a119825639f9785e900,REGULAR_FILE_NONFOLLOWING,baseline;Cat in the Basket;OLS;observer;return,"filename/content match: baseline, Cat in the Basket, OLS, observer, return",B1_DISTANCE,REPOSITORY_ARTIFACT,YES_WITH_CONTEXT,DOCUMENTARY_OR_SPECIFICATION_ONLY; NO_MEASUREMENT_EXECUTION_INFERRED
/Users/tho2020/Documents/NEXAH ECOSYSTEM/30 SCIENCE LAB/NEXAH-Science-Lab/CAT_IN_THE_BASKET_PRESERVATION_AND_FORMALIZATION_REVIEW_2026-09-09/02_SOURCE_AND_VISUAL_BINDING.md,02_SOURCE_AND_VISUAL_BINDING.md,md,1504,e4f37fa81203d816868a7c5562f3a25dc14994a99b3a4e7ce7d33f37abc61813,REGULAR_FILE_NONFOLLOWING,LQE;Shadow;Cat in the Basket;return,"filename/content match: LQE, Shadow, Cat in the Basket, return",LQE_CONTEXT,REPOSITORY_ARTIFACT,YES_WITH_CONTEXT,DOCUMENTARY_OR_SPECIFICATION_ONLY; NO_MEASUREMENT_EXECUTION_INFERRED
/Users/tho2020/Documents/NEXAH ECOSYSTEM/30 SCIENCE LAB/NEXAH-Science-Lab/CAT_IN_THE_BASKET_PRESERVATION_AND_FORMALIZATION_REVIEW_2026-09-09/04_CAT_BASKET_CAPABILITY_MATRIX.csv,04_CAT_BASKET_CAPABILITY_MATRIX.csv,csv,6022,e064778973bfd1999d05270d0fc7a65c472c5999d3f167b9ad0ed90243586b30,REGULAR_FILE_NONFOLLOWING,baseline;Cat in the Basket;ORION;OLS;Eye;observer;return;reconstruction,"filename/content match: baseline, Cat in the Basket, ORION, OLS, Eye, observer, return, reconstruction",B1_DISTANCE;R_RECONSTRUCTION,REPOSITORY_ARTIFACT,YES_WITH_CONTEXT,DOCUMENTARY_OR_SPECIFICATION_ONLY; NO_MEASUREMENT_EXECUTION_INFERRED
/Users/tho2020/Documents/NEXAH ECOSYSTEM/30 SCIENCE LAB/NEXAH-Science-Lab/CAT_IN_THE_BASKET_PRESERVATION_AND_FORMALIZATION_REVIEW_2026-09-09/04_NEXAH_COMPONENT_AND_LINEAGE_MAP.md,04_NEXAH_COMPONENT_AND_LINEAGE_MAP.md,md,4513,05b6e74deb21325012bf7d15fd535151ccd8b0157e5c27fc29edbce4d2d6cfcc,REGULAR_FILE_NONFOLLOWING,baseline;Cat in the Basket;ORION;OLS;Eye;observer;return;reconstruction,"filename/content match: baseline, Cat in the Basket, ORION, OLS, Eye, observer, return, reconstruction",B1_DISTANCE;R_RECONSTRUCTION,REPOSITORY_ARTIFACT,YES_WITH_CONTEXT,DOCUMENTARY_OR_SPECIFICATION_ONLY; NO_MEASUREMENT_EXECUTION_INFERRED
/Users/tho2020/Documents/NEXAH ECOSYSTEM/30 SCIENCE LAB/NEXAH-Science-Lab/CAT_IN_THE_BASKET_PRESERVATION_AND_FORMALIZATION_REVIEW_2026-09-09/PRESERVED_SOURCE/CAT IN THE BASKET.png,CAT IN THE BASKET.png,png,2653805,25f1c54aa931910ef8eee832f5121e5caeeb9d179506a1519610508e7f1c6313,REGULAR_FILE_NONFOLLOWING,Cat in the Basket,filename/content match: Cat in the Basket,CONTEXT_ONLY,REPOSITORY_ARTIFACT,REFERENCE_ONLY,DOCUMENTARY_OR_SPECIFICATION_ONLY; NO_MEASUREMENT_EXECUTION_INFERRED
/Users/tho2020/Documents/NEXAH ECOSYSTEM/30 SCIENCE LAB/NEXAH-Science-Lab/EXP_00_R_SCIENTIFIC_CONTRACT_AMENDMENT_A5XE/contract_validation/derive_a5xe_independent.py,derive_a5xe_independent.py,py,25856,e9cc15910968603d6aa725f145f093f4770bf9e8c8e60ea3254dfc0de6e2c726,REGULAR_FILE_NONFOLLOWING,distance;baseline;Eye;return;reconstruction,"filename/content match: distance, baseline, Eye, return, reconstruction",B1_DISTANCE;R_RECONSTRUCTION,REPOSITORY_ARTIFACT,YES_WITH_CONTEXT,DOCUMENTARY_OR_SPECIFICATION_ONLY; NO_MEASUREMENT_EXECUTION_INFERRED
/Users/tho2020/Documents/NEXAH ECOSYSTEM/30 SCIENCE LAB/NEXAH-Science-Lab/EXP_00_R_SCIENTIFIC_CONTRACT_AMENDMENT_A5XE/contract_validation/derive_a5xe_reference.py,derive_a5xe_reference.py,py,33415,b5ab09867b314745db1f811b402b280af3aea59a2b5dd8985d2064c0e4596535,REGULAR_FILE_NONFOLLOWING,distance;baseline;Eye;return;reconstruction,"filename/content match: distance, baseline, Eye, return, reconstruction",B1_DISTANCE;R_RECONSTRUCTION,REPOSITORY_ARTIFACT,YES_WITH_CONTEXT,DOCUMENTARY_OR_SPECIFICATION_ONLY; NO_MEASUREMENT_EXECUTION_INFERRED
/Users/tho2020/Documents/NEXAH ECOSYSTEM/30 SCIENCE LAB/NEXAH-Science-Lab/HOOK_MIRROR_ROPE_KHIPPU_TRANSLATION_2026-09-04/10_REPORT_III_SOURCE_VERIFICATION.md,10_REPORT_III_SOURCE_VERIFICATION.md,md,1680,9f7e60041b7fd629a14de21fc93298fb0628b62aeedec7125426afcaab66563d,REGULAR_FILE_NONFOLLOWING,AU/c;return,"filename/content match: AU/c, return",LQE_CONTEXT,REPOSITORY_ARTIFACT,YES_WITH_CONTEXT,DOCUMENTARY_OR_SPECIFICATION_ONLY; NO_MEASUREMENT_EXECUTION_INFERRED
/Users/tho2020/Documents/NEXAH ECOSYSTEM/30 SCIENCE LAB/NEXAH-Science-Lab/HOOK_MIRROR_ROPE_KHIPPU_TRANSLATION_2026-09-04/11_REPORT_III_COVERAGE_MATRIX.csv,11_REPORT_III_COVERAGE_MATRIX.csv,csv,12811,a42935b07af5f1b9219832e58d62ea774e7772f3a85183899b74431dab21dbac,REGULAR_FILE_NONFOLLOWING,baseline;Shadow;Eye;observer;return;reconstruction,"filename/content match: baseline, Shadow, Eye, observer, return, reconstruction",B1_DISTANCE;R_RECONSTRUCTION,REPOSITORY_ARTIFACT,YES_WITH_CONTEXT,DOCUMENTARY_OR_SPECIFICATION_ONLY; NO_MEASUREMENT_EXECUTION_INFERRED
/Users/tho2020/Documents/NEXAH ECOSYSTEM/30 SCIENCE LAB/NEXAH-Science-Lab/ILAU_FIELD_LAB_NEON_NBAND_INTAKE_2026-09-04/02_SOURCE_AND_ROLE_LEDGER.md,02_SOURCE_AND_ROLE_LEDGER.md,md,5575,5cc18874521f418c02f13fa32cda7bb6ea15ff9cf8f34e3ed28a31cdd24f5656,REGULAR_FILE_NONFOLLOWING,baseline;AU/c;Shadow;Eye;return;reconstruction,"filename/content match: baseline, AU/c, Shadow, Eye, return, reconstruction",B1_DISTANCE;LQE_CONTEXT;R_RECONSTRUCTION,REPOSITORY_ARTIFACT,YES_WITH_CONTEXT,DOCUMENTARY_OR_SPECIFICATION_ONLY; NO_MEASUREMENT_EXECUTION_INFERRED
/Users/tho2020/Documents/NEXAH ECOSYSTEM/30 SCIENCE LAB/NEXAH-Science-Lab/INCOMING_INTAKE_REPORT_ORION_LAB_OPEN_FRACTURE_TRANSLATION_AUDIT_V0_1_2026-08-21.md,INCOMING_INTAKE_REPORT_ORION_LAB_OPEN_FRACTURE_TRANSLATION_AUDIT_V0_1_2026-08-21.md,md,30799,e0157445a1b4c9ecf508110b082417ef0aed9d87f692997247b26ae80529c9c9,REGULAR_FILE_NONFOLLOWING,ORION;baseline;OLS;Eye;observer;return;reconstruction,"filename/content match: ORION, baseline, OLS, Eye, observer, return, reconstruction",B1_DISTANCE;R_RECONSTRUCTION,REPOSITORY_ARTIFACT,YES_WITH_CONTEXT,DOCUMENTARY_OR_SPECIFICATION_ONLY; NO_MEASUREMENT_EXECUTION_INFERRED
/Users/tho2020/Documents/NEXAH ECOSYSTEM/30 SCIENCE LAB/NEXAH-Science-Lab/MISSION_01_SCIENTIFIC_BACKBONE/01_CANONICAL_OPERATOR_INVENTORY.md,01_CANONICAL_OPERATOR_INVENTORY.md,md,21359,5d1b357a2092f254d1be5022c488489d6c4effd0342a166664791f2629cc008d,REGULAR_FILE_NONFOLLOWING,distance;baseline;OLS;observer;return;reconstruction,"filename/content match: distance, baseline, OLS, observer, return, reconstruction",B1_DISTANCE;R_RECONSTRUCTION,REPOSITORY_ARTIFACT,YES_WITH_CONTEXT,DOCUMENTARY_OR_SPECIFICATION_ONLY; NO_MEASUREMENT_EXECUTION_INFERRED
/Users/tho2020/Documents/NEXAH ECOSYSTEM/30 SCIENCE LAB/NEXAH-Science-Lab/MISSION_01_SCIENTIFIC_BACKBONE/02_DUPLICATE_DETECTION_REPORT.md,02_DUPLICATE_DETECTION_REPORT.md,md,9525,f05a8ad73f52fd9ed8a105e7fdcc1aa52d8ef28c7dafd8e80cbfc646e04cc73e,REGULAR_FILE_NONFOLLOWING,distance;OLS;observer;return;reconstruction,"filename/content match: distance, OLS, observer, return, reconstruction",B1_DISTANCE;R_RECONSTRUCTION,REPOSITORY_ARTIFACT,YES_WITH_CONTEXT,DOCUMENTARY_OR_SPECIFICATION_ONLY; NO_MEASUREMENT_EXECUTION_INFERRED
/Users/tho2020/Documents/NEXAH ECOSYSTEM/30 SCIENCE LAB/NEXAH-Science-Lab/MISSION_02_HIDDEN_ARCHITECTURE/02_VISUAL_CLASSIFICATION.md,02_VISUAL_CLASSIFICATION.md,md,16949,2d29ebe17a9277749f503c588c10879e328082aac1a437b99ab457c8532ae466,REGULAR_FILE_NONFOLLOWING,distance;baseline;ORION;OLS;observer;reconstruction,"filename/content match: distance, baseline, ORION, OLS, observer, reconstruction",B1_DISTANCE;R_RECONSTRUCTION,REPOSITORY_ARTIFACT,YES_WITH_CONTEXT,DOCUMENTARY_OR_SPECIFICATION_ONLY; NO_MEASUREMENT_EXECUTION_INFERRED
/Users/tho2020/Documents/NEXAH ECOSYSTEM/30 SCIENCE LAB/NEXAH-Science-Lab/NBV01_ILAU_CARTOGRAPHY_EYE_GATE_2026-09-04/03_NBV01_SPECIFICATION.md,03_NBV01_SPECIFICATION.md,md,4632,524eebc83c738ee1639c9c1f0c3e3b4aa854eb21fbdd0015d250660c249f5bb1,REGULAR_FILE_NONFOLLOWING,round trip;return,"filename/content match: round trip, return",LQE_CONTEXT,REPOSITORY_ARTIFACT,YES_WITH_CONTEXT,DOCUMENTARY_OR_SPECIFICATION_ONLY; NO_MEASUREMENT_EXECUTION_INFERRED
/Users/tho2020/Documents/NEXAH ECOSYSTEM/30 SCIENCE LAB/NEXAH-Science-Lab/NBV01_ILAU_CARTOGRAPHY_EYE_GATE_2026-09-04/11_RUST_INTERFACE_ASSESSMENT.md,11_RUST_INTERFACE_ASSESSMENT.md,md,2024,f503e6dde8a7f36e770b8676390108e8a2d995358cebd34af18bb50eb352105c,REGULAR_FILE_NONFOLLOWING,round trip;ORION;OLS;Eye,"filename/content match: round trip, ORION, OLS, Eye",LQE_CONTEXT,REPOSITORY_ARTIFACT,YES_WITH_CONTEXT,DOCUMENTARY_OR_SPECIFICATION_ONLY; NO_MEASUREMENT_EXECUTION_INFERRED
/Users/tho2020/Documents/NEXAH ECOSYSTEM/30 SCIENCE LAB/NEXAH-Science-Lab/NEXAH_CONSTITUTION/SCIENTIFIC_CONSTITUTION.md,SCIENTIFIC_CONSTITUTION.md,md,26109,5839705d74af72f7dbefbadb78538417a4e36c40290fee52b5812c2f576bdcbc,REGULAR_FILE_NONFOLLOWING,baseline;propagation;OLS;return;reconstruction,"filename/content match: baseline, propagation, OLS, return, reconstruction",B1_DISTANCE;B2_MEDIUM_PATH;R_RECONSTRUCTION,REPOSITORY_ARTIFACT,YES_WITH_CONTEXT,DOCUMENTARY_OR_SPECIFICATION_ONLY; NO_MEASUREMENT_EXECUTION_INFERRED
/Users/tho2020/Documents/NEXAH ECOSYSTEM/30 SCIENCE LAB/NEXAH-Science-Lab/NEXAH_LAB_OPERATOR_DEMONSTRATOR_AUDIT/INGEST_REPORT.md,INGEST_REPORT.md,md,14568,d744a0686cb3f8ede4fa5b0863f89c9f90e4848a7ba6412f62ffda625c0085eb,REGULAR_FILE_NONFOLLOWING,distance;baseline;OLS;Eye;observer;return,"filename/content match: distance, baseline, OLS, Eye, observer, return",B1_DISTANCE,REPOSITORY_ARTIFACT,YES_WITH_CONTEXT,DOCUMENTARY_OR_SPECIFICATION_ONLY; NO_MEASUREMENT_EXECUTION_INFERRED
/Users/tho2020/Documents/NEXAH ECOSYSTEM/30 SCIENCE LAB/NEXAH-Science-Lab/NEXAH_LAB_OPERATOR_DEMONSTRATOR_AUDIT/OPERATOR_DEMONSTRATOR_AUDIT.md,OPERATOR_DEMONSTRATOR_AUDIT.md,md,13615,7015a70dd87501d9a9c33ea8ed7a22237c5d8ced8d9a8bc5334cf74c4d4b1aef,REGULAR_FILE_NONFOLLOWING,distance;baseline;OLS;observer;return,"filename/content match: distance, baseline, OLS, observer, return",B1_DISTANCE,REPOSITORY_ARTIFACT,YES_WITH_CONTEXT,DOCUMENTARY_OR_SPECIFICATION_ONLY; NO_MEASUREMENT_EXECUTION_INFERRED
/Users/tho2020/Documents/NEXAH ECOSYSTEM/30 SCIENCE LAB/NEXAH-Science-Lab/NEXAH_LIGHT_TIME_AU_YEAR_REGISTER_REVIEW_2026-09-09/00_README.md,00_README.md,md,1829,d1d796cb9c2b7a95fcdfeb79ced4f4bf6bdfcac56aebe591745036271d88e933,REGULAR_FILE_NONFOLLOWING,LQE;light-time;time of flight;distance;astronomical unit;Julian year;Shadow;Cat in the Basket;propagation;Eye,Preceding LQE review or duplicate deliverable; formal/specification evidence,B1_DISTANCE;B2_MEDIUM_PATH;LQE_CONTEXT,PRIOR_REVIEW_ARTIFACT,YES_FORMAL_ONLY,SPECIFICATION_NOT_MEASUREMENT
/Users/tho2020/Documents/NEXAH ECOSYSTEM/30 SCIENCE LAB/NEXAH-Science-Lab/NEXAH_LIGHT_TIME_AU_YEAR_REGISTER_REVIEW_2026-09-09/02_SOURCE_BINDING_LEDGER.md,02_SOURCE_BINDING_LEDGER.md,md,2674,11b4d8afae8e11a26f1b25e6146977abae1ec8ce525d1396632091ddc8f3599e,REGULAR_FILE_NONFOLLOWING,LQE;light-time;distance;Julian year;Shadow;Cat in the Basket;emission;propagation;reception;timestamp;ORION;OLS;observer;return,Preceding LQE review or duplicate deliverable; formal/specification evidence,A_SOURCE_EMISSION;B1_DISTANCE;B2_MEDIUM_PATH;C_RECEPTION;LQE_CONTEXT;T_TIMESTAMP,PRIOR_REVIEW_ARTIFACT,YES_FORMAL_ONLY,SPECIFICATION_NOT_MEASUREMENT
/Users/tho2020/Documents/NEXAH ECOSYSTEM/30 SCIENCE LAB/NEXAH-Science-Lab/NEXAH_LIGHT_TIME_AU_YEAR_REGISTER_REVIEW_2026-09-09/03_UNIT_AND_REFERENCE_TIME_AUDIT.md,03_UNIT_AND_REFERENCE_TIME_AUDIT.md,md,2243,8ac35071c367dd0b6093ec9f59bd593efd374c5ad403bbb4f145f1405169b7c6,REGULAR_FILE_NONFOLLOWING,light-time;distance;AU/c;astronomical unit;light-year;Julian year;emission;propagation,Preceding LQE review or duplicate deliverable; formal/specification evidence,A_SOURCE_EMISSION;B1_DISTANCE;B2_MEDIUM_PATH;LQE_CONTEXT,PRIOR_REVIEW_ARTIFACT,YES_FORMAL_ONLY,SPECIFICATION_NOT_MEASUREMENT
/Users/tho2020/Documents/NEXAH ECOSYSTEM/30 SCIENCE LAB/NEXAH-Science-Lab/NEXAH_LIGHT_TIME_AU_YEAR_REGISTER_REVIEW_2026-09-09/04_EXISTING_NEXAH_COMPONENT_MAP.md,04_EXISTING_NEXAH_COMPONENT_MAP.md,md,1926,48c22328e7ed2698e38606db9fded8ea28a8f137e1dc4105cece7967709fe346,REGULAR_FILE_NONFOLLOWING,LQE;distance;Shadow;Cat in the Basket;emission;propagation;timestamp;ORION;OLS;observer;return,Preceding LQE review or duplicate deliverable; formal/specification evidence,A_SOURCE_EMISSION;B1_DISTANCE;B2_MEDIUM_PATH;LQE_CONTEXT;T_TIMESTAMP,PRIOR_REVIEW_ARTIFACT,YES_FORMAL_ONLY,SPECIFICATION_NOT_MEASUREMENT
/Users/tho2020/Documents/NEXAH ECOSYSTEM/30 SCIENCE LAB/NEXAH-Science-Lab/NEXAH_LIGHT_TIME_AU_YEAR_REGISTER_REVIEW_2026-09-09/05_THREE_REGIME_NONIDENTITY_MODEL.md,05_THREE_REGIME_NONIDENTITY_MODEL.md,md,2158,05dd9aa7735a8a31963bfb07e9eb4cdce88e8212b293a2a32d3a1e822cbf26d0,REGULAR_FILE_NONFOLLOWING,distance;Shadow;emission;propagation;reception;timestamp;Eye;return,Preceding LQE review or duplicate deliverable; formal/specification evidence,A_SOURCE_EMISSION;B1_DISTANCE;B2_MEDIUM_PATH;C_RECEPTION;T_TIMESTAMP,PRIOR_REVIEW_ARTIFACT,YES_FORMAL_ONLY,SPECIFICATION_NOT_MEASUREMENT
/Users/tho2020/Documents/NEXAH ECOSYSTEM/30 SCIENCE LAB/NEXAH-Science-Lab/NEXAH_LIGHT_TIME_AU_YEAR_REGISTER_REVIEW_2026-09-09/06_EXPERIMENT_CANDIDATE_COMPARISON.md,06_EXPERIMENT_CANDIDATE_COMPARISON.md,md,2754,4469f6876e34760f22aa4fba1ef05a8dd1843af178c9568b060285509c34a2fd,REGULAR_FILE_NONFOLLOWING,light-time;time of flight;round trip;distance;baseline;AU/c;Rømer;Eye;return;reconstruction,Preceding LQE review or duplicate deliverable; formal/specification evidence,B1_DISTANCE;LQE_CONTEXT;R_RECONSTRUCTION,PRIOR_REVIEW_ARTIFACT,YES_FORMAL_ONLY,SPECIFICATION_NOT_MEASUREMENT
/Users/tho2020/Documents/NEXAH ECOSYSTEM/30 SCIENCE LAB/NEXAH-Science-Lab/NEXAH_LIGHT_TIME_AU_YEAR_REGISTER_REVIEW_2026-09-09/07_MINIMUM_TEST_SPECIFICATION.md,07_MINIMUM_TEST_SPECIFICATION.md,md,3894,f78ebde14badfd5beb91d410f60fb3ef6a2d0719871b3724ea24767ce2c27157,REGULAR_FILE_NONFOLLOWING,time of flight;distance;baseline;emission;propagation;reception;timestamp;OLS;Eye;return,Preceding LQE review or duplicate deliverable; formal/specification evidence,A_SOURCE_EMISSION;B1_DISTANCE;B2_MEDIUM_PATH;C_RECEPTION;LQE_CONTEXT;T_TIMESTAMP,PRIOR_REVIEW_ARTIFACT,YES_FORMAL_ONLY,SPECIFICATION_NOT_MEASUREMENT
/Users/tho2020/Documents/NEXAH ECOSYSTEM/30 SCIENCE LAB/NEXAH-Science-Lab/NEXAH_LIGHT_TIME_AU_YEAR_REGISTER_REVIEW_2026-09-09/08_UNCERTAINTY_CALIBRATION_AND_DRIFT_LEDGER.md,08_UNCERTAINTY_CALIBRATION_AND_DRIFT_LEDGER.md,md,2766,eb951ca1c6e16881eb9005180d5881195c095aeed409ac99e5c8270d79a318d6,REGULAR_FILE_NONFOLLOWING,round trip;distance;Eye;return,Preceding LQE review or duplicate deliverable; formal/specification evidence,B1_DISTANCE;LQE_CONTEXT,PRIOR_REVIEW_ARTIFACT,YES_FORMAL_ONLY,SPECIFICATION_NOT_MEASUREMENT
/Users/tho2020/Documents/NEXAH ECOSYSTEM/30 SCIENCE LAB/NEXAH-Science-Lab/NEXAH_LIGHT_TIME_AU_YEAR_REGISTER_REVIEW_2026-09-09/09_CAPABILITY_MATRIX.csv,09_CAPABILITY_MATRIX.csv,csv,2427,7a946c5ff299a1a67dfc776a46021d86fbe857da7e6f69eaf7ed1ee699d4b61f,REGULAR_FILE_NONFOLLOWING,LQE;distance;AU/c;astronomical unit;light-year;Julian year;Shadow;Cat in the Basket;emission;propagation;reception;timestamp;ORION;OLS,Preceding LQE review or duplicate deliverable; formal/specification evidence,A_SOURCE_EMISSION;B1_DISTANCE;B2_MEDIUM_PATH;C_RECEPTION;LQE_CONTEXT;T_TIMESTAMP,PRIOR_REVIEW_ARTIFACT,YES_FORMAL_ONLY,SPECIFICATION_NOT_MEASUREMENT
/Users/tho2020/Documents/NEXAH ECOSYSTEM/30 SCIENCE LAB/NEXAH-Science-Lab/NEXAH_LIGHT_TIME_AU_YEAR_REGISTER_REVIEW_2026-09-09/10_CLAIM_AND_NONCLAIM_LEDGER.md,10_CLAIM_AND_NONCLAIM_LEDGER.md,md,2196,d2a37f4876ad96c4006341abce0a3e89f68d25c66314571dc1f0eb117e8de660,REGULAR_FILE_NONFOLLOWING,light-time;distance;AU/c;light-year;Julian year,Preceding LQE review or duplicate deliverable; formal/specification evidence,B1_DISTANCE;LQE_CONTEXT,PRIOR_REVIEW_ARTIFACT,YES_FORMAL_ONLY,SPECIFICATION_NOT_MEASUREMENT
/Users/tho2020/Documents/NEXAH ECOSYSTEM/30 SCIENCE LAB/NEXAH-Science-Lab/NEXAH_LIGHT_TIME_AU_YEAR_REGISTER_REVIEW_2026-09-09/11_DECISION_AND_OPTIONAL_NEXT_GATE.md,11_DECISION_AND_OPTIONAL_NEXT_GATE.md,md,1999,f30e49e308818061f00626e50183418f52fb7a4c1b6592f3936a5dc390fa4ef3,REGULAR_FILE_NONFOLLOWING,round trip;Eye;reconstruction,Preceding LQE review or duplicate deliverable; formal/specification evidence,LQE_CONTEXT;R_RECONSTRUCTION,PRIOR_REVIEW_ARTIFACT,YES_FORMAL_ONLY,SPECIFICATION_NOT_MEASUREMENT
/Users/tho2020/Documents/NEXAH ECOSYSTEM/30 SCIENCE LAB/NEXAH-Science-Lab/NEXAH_LIGHT_TIME_AU_YEAR_REGISTER_REVIEW_2026-09-09/DELIVERABLES/00_README.md,00_README.md,md,1829,d1d796cb9c2b7a95fcdfeb79ced4f4bf6bdfcac56aebe591745036271d88e933,REGULAR_FILE_NONFOLLOWING,LQE;light-time;time of flight;distance;astronomical unit;Julian year;Shadow;Cat in the Basket;propagation;Eye,Preceding LQE review or duplicate deliverable; formal/specification evidence,B1_DISTANCE;B2_MEDIUM_PATH;LQE_CONTEXT,PRIOR_REVIEW_ARTIFACT,YES_FORMAL_ONLY,SPECIFICATION_NOT_MEASUREMENT
/Users/tho2020/Documents/NEXAH ECOSYSTEM/30 SCIENCE LAB/NEXAH-Science-Lab/NEXAH_LIGHT_TIME_AU_YEAR_REGISTER_REVIEW_2026-09-09/DELIVERABLES/02_SOURCE_BINDING_LEDGER.md,02_SOURCE_BINDING_LEDGER.md,md,2674,11b4d8afae8e11a26f1b25e6146977abae1ec8ce525d1396632091ddc8f3599e,REGULAR_FILE_NONFOLLOWING,LQE;light-time;distance;Julian year;Shadow;Cat in the Basket;emission;propagation;reception;timestamp;ORION;OLS;observer;return,Preceding LQE review or duplicate deliverable; formal/specification evidence,A_SOURCE_EMISSION;B1_DISTANCE;B2_MEDIUM_PATH;C_RECEPTION;LQE_CONTEXT;T_TIMESTAMP,PRIOR_REVIEW_ARTIFACT,YES_FORMAL_ONLY,SPECIFICATION_NOT_MEASUREMENT
/Users/tho2020/Documents/NEXAH ECOSYSTEM/30 SCIENCE LAB/NEXAH-Science-Lab/NEXAH_LIGHT_TIME_AU_YEAR_REGISTER_REVIEW_2026-09-09/DELIVERABLES/03_UNIT_AND_REFERENCE_TIME_AUDIT.md,03_UNIT_AND_REFERENCE_TIME_AUDIT.md,md,2243,8ac35071c367dd0b6093ec9f59bd593efd374c5ad403bbb4f145f1405169b7c6,REGULAR_FILE_NONFOLLOWING,light-time;distance;AU/c;astronomical unit;light-year;Julian year;emission;propagation,Preceding LQE review or duplicate deliverable; formal/specification evidence,A_SOURCE_EMISSION;B1_DISTANCE;B2_MEDIUM_PATH;LQE_CONTEXT,PRIOR_REVIEW_ARTIFACT,YES_FORMAL_ONLY,SPECIFICATION_NOT_MEASUREMENT
/Users/tho2020/Documents/NEXAH ECOSYSTEM/30 SCIENCE LAB/NEXAH-Science-Lab/NEXAH_LIGHT_TIME_AU_YEAR_REGISTER_REVIEW_2026-09-09/DELIVERABLES/04_EXISTING_NEXAH_COMPONENT_MAP.md,04_EXISTING_NEXAH_COMPONENT_MAP.md,md,1926,48c22328e7ed2698e38606db9fded8ea28a8f137e1dc4105cece7967709fe346,REGULAR_FILE_NONFOLLOWING,LQE;distance;Shadow;Cat in the Basket;emission;propagation;timestamp;ORION;OLS;observer;return,Preceding LQE review or duplicate deliverable; formal/specification evidence,A_SOURCE_EMISSION;B1_DISTANCE;B2_MEDIUM_PATH;LQE_CONTEXT;T_TIMESTAMP,PRIOR_REVIEW_ARTIFACT,YES_FORMAL_ONLY,SPECIFICATION_NOT_MEASUREMENT
/Users/tho2020/Documents/NEXAH ECOSYSTEM/30 SCIENCE LAB/NEXAH-Science-Lab/NEXAH_LIGHT_TIME_AU_YEAR_REGISTER_REVIEW_2026-09-09/DELIVERABLES/05_THREE_REGIME_NONIDENTITY_MODEL.md,05_THREE_REGIME_NONIDENTITY_MODEL.md,md,2158,05dd9aa7735a8a31963bfb07e9eb4cdce88e8212b293a2a32d3a1e822cbf26d0,REGULAR_FILE_NONFOLLOWING,distance;Shadow;emission;propagation;reception;timestamp;Eye;return,Preceding LQE review or duplicate deliverable; formal/specification evidence,A_SOURCE_EMISSION;B1_DISTANCE;B2_MEDIUM_PATH;C_RECEPTION;T_TIMESTAMP,PRIOR_REVIEW_ARTIFACT,YES_FORMAL_ONLY,SPECIFICATION_NOT_MEASUREMENT
/Users/tho2020/Documents/NEXAH ECOSYSTEM/30 SCIENCE LAB/NEXAH-Science-Lab/NEXAH_LIGHT_TIME_AU_YEAR_REGISTER_REVIEW_2026-09-09/DELIVERABLES/06_EXPERIMENT_CANDIDATE_COMPARISON.md,06_EXPERIMENT_CANDIDATE_COMPARISON.md,md,2754,4469f6876e34760f22aa4fba1ef05a8dd1843af178c9568b060285509c34a2fd,REGULAR_FILE_NONFOLLOWING,light-time;time of flight;round trip;distance;baseline;AU/c;Rømer;Eye;return;reconstruction,Preceding LQE review or duplicate deliverable; formal/specification evidence,B1_DISTANCE;LQE_CONTEXT;R_RECONSTRUCTION,PRIOR_REVIEW_ARTIFACT,YES_FORMAL_ONLY,SPECIFICATION_NOT_MEASUREMENT
/Users/tho2020/Documents/NEXAH ECOSYSTEM/30 SCIENCE LAB/NEXAH-Science-Lab/NEXAH_LIGHT_TIME_AU_YEAR_REGISTER_REVIEW_2026-09-09/DELIVERABLES/07_MINIMUM_TEST_SPECIFICATION.md,07_MINIMUM_TEST_SPECIFICATION.md,md,3894,f78ebde14badfd5beb91d410f60fb3ef6a2d0719871b3724ea24767ce2c27157,REGULAR_FILE_NONFOLLOWING,time of flight;distance;baseline;emission;propagation;reception;timestamp;OLS;Eye;return,Preceding LQE review or duplicate deliverable; formal/specification evidence,A_SOURCE_EMISSION;B1_DISTANCE;B2_MEDIUM_PATH;C_RECEPTION;LQE_CONTEXT;T_TIMESTAMP,PRIOR_REVIEW_ARTIFACT,YES_FORMAL_ONLY,SPECIFICATION_NOT_MEASUREMENT
/Users/tho2020/Documents/NEXAH ECOSYSTEM/30 SCIENCE LAB/NEXAH-Science-Lab/NEXAH_LIGHT_TIME_AU_YEAR_REGISTER_REVIEW_2026-09-09/DELIVERABLES/08_UNCERTAINTY_CALIBRATION_AND_DRIFT_LEDGER.md,08_UNCERTAINTY_CALIBRATION_AND_DRIFT_LEDGER.md,md,2766,eb951ca1c6e16881eb9005180d5881195c095aeed409ac99e5c8270d79a318d6,REGULAR_FILE_NONFOLLOWING,round trip;distance;Eye;return,Preceding LQE review or duplicate deliverable; formal/specification evidence,B1_DISTANCE;LQE_CONTEXT,PRIOR_REVIEW_ARTIFACT,YES_FORMAL_ONLY,SPECIFICATION_NOT_MEASUREMENT
/Users/tho2020/Documents/NEXAH ECOSYSTEM/30 SCIENCE LAB/NEXAH-Science-Lab/NEXAH_LIGHT_TIME_AU_YEAR_REGISTER_REVIEW_2026-09-09/DELIVERABLES/09_CAPABILITY_MATRIX.csv,09_CAPABILITY_MATRIX.csv,csv,2427,7a946c5ff299a1a67dfc776a46021d86fbe857da7e6f69eaf7ed1ee699d4b61f,REGULAR_FILE_NONFOLLOWING,LQE;distance;AU/c;astronomical unit;light-year;Julian year;Shadow;Cat in the Basket;emission;propagation;reception;timestamp;ORION;OLS,Preceding LQE review or duplicate deliverable; formal/specification evidence,A_SOURCE_EMISSION;B1_DISTANCE;B2_MEDIUM_PATH;C_RECEPTION;LQE_CONTEXT;T_TIMESTAMP,PRIOR_REVIEW_ARTIFACT,YES_FORMAL_ONLY,SPECIFICATION_NOT_MEASUREMENT
/Users/tho2020/Documents/NEXAH ECOSYSTEM/30 SCIENCE LAB/NEXAH-Science-Lab/NEXAH_LIGHT_TIME_AU_YEAR_REGISTER_REVIEW_2026-09-09/DELIVERABLES/10_CLAIM_AND_NONCLAIM_LEDGER.md,10_CLAIM_AND_NONCLAIM_LEDGER.md,md,2196,d2a37f4876ad96c4006341abce0a3e89f68d25c66314571dc1f0eb117e8de660,REGULAR_FILE_NONFOLLOWING,light-time;distance;AU/c;light-year;Julian year,Preceding LQE review or duplicate deliverable; formal/specification evidence,B1_DISTANCE;LQE_CONTEXT,PRIOR_REVIEW_ARTIFACT,YES_FORMAL_ONLY,SPECIFICATION_NOT_MEASUREMENT
/Users/tho2020/Documents/NEXAH ECOSYSTEM/30 SCIENCE LAB/NEXAH-Science-Lab/NEXAH_LIGHT_TIME_AU_YEAR_REGISTER_REVIEW_2026-09-09/DELIVERABLES/11_DECISION_AND_OPTIONAL_NEXT_GATE.md,11_DECISION_AND_OPTIONAL_NEXT_GATE.md,md,1999,f30e49e308818061f00626e50183418f52fb7a4c1b6592f3936a5dc390fa4ef3,REGULAR_FILE_NONFOLLOWING,round trip;Eye;reconstruction,Preceding LQE review or duplicate deliverable; formal/specification evidence,LQE_CONTEXT;R_RECONSTRUCTION,PRIOR_REVIEW_ARTIFACT,YES_FORMAL_ONLY,SPECIFICATION_NOT_MEASUREMENT
/Users/tho2020/Documents/NEXAH ECOSYSTEM/30 SCIENCE LAB/NEXAH-Science-Lab/NEXAH_LIGHT_TIME_AU_YEAR_REGISTER_REVIEW_2026-09-09/DELIVERABLES/FINAL_RETURN.md,FINAL_RETURN.md,md,1772,7a95fbcc86e9e690f9055e3f35aa6ad2dcabc0639e730b1def6a750dd8571726,REGULAR_FILE_NONFOLLOWING,return;LQE;light-time;time of flight;distance;AU/c;light-year;Julian year;Shadow;Cat in the Basket;Eye,Preceding LQE review or duplicate deliverable; formal/specification evidence,B1_DISTANCE;LQE_CONTEXT,PRIOR_REVIEW_ARTIFACT,YES_FORMAL_ONLY,SPECIFICATION_NOT_MEASUREMENT
/Users/tho2020/Documents/NEXAH ECOSYSTEM/30 SCIENCE LAB/NEXAH-Science-Lab/NEXAH_LIGHT_TIME_AU_YEAR_REGISTER_REVIEW_2026-09-09/FINAL_RETURN.md,FINAL_RETURN.md,md,1772,7a95fbcc86e9e690f9055e3f35aa6ad2dcabc0639e730b1def6a750dd8571726,REGULAR_FILE_NONFOLLOWING,return;LQE;light-time;time of flight;distance;AU/c;light-year;Julian year;Shadow;Cat in the Basket;Eye,Preceding LQE review or duplicate deliverable; formal/specification evidence,B1_DISTANCE;LQE_CONTEXT,PRIOR_REVIEW_ARTIFACT,YES_FORMAL_ONLY,SPECIFICATION_NOT_MEASUREMENT
/Users/tho2020/Documents/NEXAH ECOSYSTEM/30 SCIENCE LAB/NEXAH-Science-Lab/NEXAH_NEUROMECHANICAL_KASKADENZ_EXTENSION_REVIEW_2026-09-09/04_NEUROMECHANICAL_CAPABILITY_MATRIX.csv,04_NEUROMECHANICAL_CAPABILITY_MATRIX.csv,csv,5756,13bce8aeee132bc9fa836eab62168cf3ef625d54e3a26ec4f9b094c0d146ac2f,REGULAR_FILE_NONFOLLOWING,LQE;baseline;ORION;OLS;Eye;observer;return,"filename/content match: LQE, baseline, ORION, OLS, Eye, observer, return",B1_DISTANCE;LQE_CONTEXT,REPOSITORY_ARTIFACT,YES_WITH_CONTEXT,DOCUMENTARY_OR_SPECIFICATION_ONLY; NO_MEASUREMENT_EXECUTION_INFERRED
/Users/tho2020/Documents/NEXAH ECOSYSTEM/30 SCIENCE LAB/NEXAH-Science-Lab/NEXAH_OPERATOR_INVARIANCE_BATTERY/00_NEXAH_TRANSLATION_MAP.md,00_NEXAH_TRANSLATION_MAP.md,md,5740,c8c3500bff8c9e900f940630aedd5d13fc45a2b7a584e82253485a407e2d16fa,REGULAR_FILE_NONFOLLOWING,round trip,filename/content match: round trip,LQE_CONTEXT,REPOSITORY_ARTIFACT,YES_WITH_CONTEXT,DOCUMENTARY_OR_SPECIFICATION_ONLY; NO_MEASUREMENT_EXECUTION_INFERRED
/Users/tho2020/Documents/NEXAH ECOSYSTEM/30 SCIENCE LAB/NEXAH-Science-Lab/NEXAH_PHI_FOURIER_ENTROPY_SOURCE_FORENSICS_2026-09-09/00_README.md,00_README.md,md,2303,b699e49ab18b6342fab95d2bb6127196737fe779b5ff62f8c15a509baa58c4fb,REGULAR_FILE_NONFOLLOWING,round trip;baseline,"filename/content match: round trip, baseline",B1_DISTANCE;LQE_CONTEXT,REPOSITORY_ARTIFACT,YES_WITH_CONTEXT,DOCUMENTARY_OR_SPECIFICATION_ONLY; NO_MEASUREMENT_EXECUTION_INFERRED
/Users/tho2020/Documents/NEXAH ECOSYSTEM/30 SCIENCE LAB/NEXAH-Science-Lab/NEXAH_PHI_FOURIER_ENTROPY_SOURCE_FORENSICS_2026-09-09/05_SYMBOL_CONSTANT_AND_UNIT_LEDGER.md,05_SYMBOL_CONSTANT_AND_UNIT_LEDGER.md,md,3382,8a645b8968de56cdceb7aaf195569f3868bc9dfa76ed2a6e2f4c2cb4b8fd152f,REGULAR_FILE_NONFOLLOWING,Julian year;OLS,"filename/content match: Julian year, OLS",LQE_CONTEXT,REPOSITORY_ARTIFACT,YES_WITH_CONTEXT,DOCUMENTARY_OR_SPECIFICATION_ONLY; NO_MEASUREMENT_EXECUTION_INFERRED
/Users/tho2020/Documents/NEXAH ECOSYSTEM/30 SCIENCE LAB/NEXAH-Science-Lab/NEXAH_REPRESENTATION_LEDGER_SCHEMA_V2_REVISION/SAMPLE_C_CONFLICT_CASE.yaml,SAMPLE_C_CONFLICT_CASE.yaml,yaml,10545,32af26a5dfff0ea3ecb9785f4d0fe566d1fcd9332db2d2e72b5dbe8c70b6ddc2,REGULAR_FILE_NONFOLLOWING,round trip;OLS;return,"filename/content match: round trip, OLS, return",LQE_CONTEXT,REPOSITORY_ARTIFACT,YES_WITH_CONTEXT,DOCUMENTARY_OR_SPECIFICATION_ONLY; NO_MEASUREMENT_EXECUTION_INFERRED
/Users/tho2020/Documents/NEXAH ECOSYSTEM/30 SCIENCE LAB/NEXAH-Science-Lab/NEXAH_TIME_DEPENDENT_COUPLING_FORMALIZATION_REVIEW_2026-09-09/01_AUTHORITY_SCOPE_AND_INPUT_LOCK.md,01_AUTHORITY_SCOPE_AND_INPUT_LOCK.md,md,2119,091f8725dd21d75ae03f68152a53a0d47df5661ce5d1eeda60ba90824684e623,REGULAR_FILE_NONFOLLOWING,LQE;ORION;OLS;Eye,"filename/content match: LQE, ORION, OLS, Eye",LQE_CONTEXT,REPOSITORY_ARTIFACT,YES_WITH_CONTEXT,DOCUMENTARY_OR_SPECIFICATION_ONLY; NO_MEASUREMENT_EXECUTION_INFERRED
/Users/tho2020/Documents/NEXAH ECOSYSTEM/30 SCIENCE LAB/NEXAH-Science-Lab/NEXAH_TIME_DEPENDENT_COUPLING_FORMALIZATION_REVIEW_2026-09-09/03_REPOSITORY_COMPONENT_AND_LINEAGE_MAP.md,03_REPOSITORY_COMPONENT_AND_LINEAGE_MAP.md,md,3261,f87e52eec37e67b425926cf9b6fbb28f6fe56c9744f28729b29c660afe2e7f1b,REGULAR_FILE_NONFOLLOWING,LQE;baseline;Shadow;ORION;OLS;Eye,"filename/content match: LQE, baseline, Shadow, ORION, OLS, Eye",B1_DISTANCE;LQE_CONTEXT,REPOSITORY_ARTIFACT,YES_WITH_CONTEXT,DOCUMENTARY_OR_SPECIFICATION_ONLY; NO_MEASUREMENT_EXECUTION_INFERRED
/Users/tho2020/Documents/NEXAH ECOSYSTEM/30 SCIENCE LAB/NEXAH-Science-Lab/NEXAH_TIME_DEPENDENT_COUPLING_FORMALIZATION_REVIEW_2026-09-09/04_CAPABILITY_STATUS_MATRIX.csv,04_CAPABILITY_STATUS_MATRIX.csv,csv,4800,6ac6e532009511c2938259ce1bac341d55994a958058eb9a6a8aba31e14866ba,REGULAR_FILE_NONFOLLOWING,LQE;baseline;Shadow;ORION;OLS;Eye,"filename/content match: LQE, baseline, Shadow, ORION, OLS, Eye",B1_DISTANCE;LQE_CONTEXT,REPOSITORY_ARTIFACT,YES_WITH_CONTEXT,DOCUMENTARY_OR_SPECIFICATION_ONLY; NO_MEASUREMENT_EXECUTION_INFERRED
/Users/tho2020/Documents/NEXAH ECOSYSTEM/30 SCIENCE LAB/NEXAH-Science-Lab/NEXAH_TRANSLATION_RECOVERY_EXP_T01/09_T01A_RECOVERY_RESULTS.md,09_T01A_RECOVERY_RESULTS.md,md,2239,088fc8ef32862e5abb3cc0d2e4c6b83d7aa65fa46e2f847f5770df4dfb602be6,REGULAR_FILE_NONFOLLOWING,round trip;OLS;reconstruction,"filename/content match: round trip, OLS, reconstruction",LQE_CONTEXT;R_RECONSTRUCTION,REPOSITORY_ARTIFACT,YES_WITH_CONTEXT,DOCUMENTARY_OR_SPECIFICATION_ONLY; NO_MEASUREMENT_EXECUTION_INFERRED
/Users/tho2020/Documents/NEXAH ECOSYSTEM/30 SCIENCE LAB/NEXAH-Science-Lab/ORION_EXP_ORION_L2_001_EXECUTION/PREREGISTRATION_LOCK.md,PREREGISTRATION_LOCK.md,md,4718,5ff5a10f2f2da053373d2453ab984aea2298b55c5a06b105eaa9bc877d70c368,REGULAR_FILE_NONFOLLOWING,distance;timestamp;ORION;OLS;observer;return,"filename/content match: distance, timestamp, ORION, OLS, observer, return",B1_DISTANCE;T_TIMESTAMP,REPOSITORY_ARTIFACT,YES_WITH_CONTEXT,DOCUMENTARY_OR_SPECIFICATION_ONLY; NO_MEASUREMENT_EXECUTION_INFERRED
/Users/tho2020/Documents/NEXAH ECOSYSTEM/30 SCIENCE LAB/NEXAH-Science-Lab/ORION_LEVEL_2_NONLINEAR_DYNAMICS_PREREGISTRATION/07_ORION_L2_PREREGISTRATION.md,07_ORION_L2_PREREGISTRATION.md,md,10529,ad28dbd77611a3e04852d47d5f031eac01705548a1e7f9fd2770aac3091c3c87,REGULAR_FILE_NONFOLLOWING,ORION;distance;timestamp;OLS;observer;return,"filename/content match: ORION, distance, timestamp, OLS, observer, return",B1_DISTANCE;T_TIMESTAMP,REPOSITORY_ARTIFACT,YES_WITH_CONTEXT,DOCUMENTARY_OR_SPECIFICATION_ONLY; NO_MEASUREMENT_EXECUTION_INFERRED
/Users/tho2020/Documents/NEXAH ECOSYSTEM/30 SCIENCE LAB/NEXAH-Science-Lab/ORION_LEVEL_3_CROSS_REPRESENTATION_PREREGISTRATION/09_ORION_L3_PREREGISTRATION.md,09_ORION_L3_PREREGISTRATION.md,md,11528,7fe94684ce294018423547a9c9fd25ee93b4111a3127eadbdb8aee3d0cf4230b,REGULAR_FILE_NONFOLLOWING,ORION;distance;timestamp;OLS;observer;return,"filename/content match: ORION, distance, timestamp, OLS, observer, return",B1_DISTANCE;T_TIMESTAMP,REPOSITORY_ARTIFACT,YES_WITH_CONTEXT,DOCUMENTARY_OR_SPECIFICATION_ONLY; NO_MEASUREMENT_EXECUTION_INFERRED
/Users/tho2020/Documents/NEXAH ECOSYSTEM/30 SCIENCE LAB/NEXAH-Science-Lab/ORION_O8_B1_002_BASELINE_CEILING_FORENSIC_ANALYSIS/FORENSIC_ANALYSIS.md,FORENSIC_ANALYSIS.md,md,17306,1d5ea4b01abc45a31c71e489a3a376e20dd1e756fde7f684451fd37c386251eb,REGULAR_FILE_NONFOLLOWING,baseline;ORION;OLS;observer;return;reconstruction,"filename/content match: baseline, ORION, OLS, observer, return, reconstruction",B1_DISTANCE;R_RECONSTRUCTION,REPOSITORY_ARTIFACT,YES_WITH_CONTEXT,DOCUMENTARY_OR_SPECIFICATION_ONLY; NO_MEASUREMENT_EXECUTION_INFERRED
/Users/tho2020/Documents/NEXAH ECOSYSTEM/30 SCIENCE LAB/NEXAH-Science-Lab/RESEARCH_INSTITUTE_PHASE_B/11_TRANSLATION_RESEARCH_LANDSCAPE.md,11_TRANSLATION_RESEARCH_LANDSCAPE.md,md,23306,4fdeca1305315b9ca2601c6ab5172e0017a88db73a8dfa74548ef65e1a222351,REGULAR_FILE_NONFOLLOWING,round trip;baseline;ORION;OLS;reconstruction,"filename/content match: round trip, baseline, ORION, OLS, reconstruction",B1_DISTANCE;LQE_CONTEXT;R_RECONSTRUCTION,REPOSITORY_ARTIFACT,YES_WITH_CONTEXT,DOCUMENTARY_OR_SPECIFICATION_ONLY; NO_MEASUREMENT_EXECUTION_INFERRED
/Users/tho2020/Documents/NEXAH ECOSYSTEM/30 SCIENCE LAB/NEXAH-Science-Lab/RESEARCH_PROGRAM_A_MOVING_MASK_FEASIBILITY/TRACE_TO_MOTION_0_1_PROTOCOL_DRAFT/01_ACQUISITION_AND_ANALYSIS_PROTOCOL.md,01_ACQUISITION_AND_ANALYSIS_PROTOCOL.md,md,8511,da7dc95ef36d7c128a22ed125a2b202940242cba217e74f9b0fddab2efcb3399,REGULAR_FILE_NONFOLLOWING,baseline;propagation;timestamp;OLS;return;reconstruction,"filename/content match: baseline, propagation, timestamp, OLS, return, reconstruction",B1_DISTANCE;B2_MEDIUM_PATH;R_RECONSTRUCTION;T_TIMESTAMP,REPOSITORY_ARTIFACT,YES_WITH_CONTEXT,DOCUMENTARY_OR_SPECIFICATION_ONLY; NO_MEASUREMENT_EXECUTION_INFERRED
/Users/tho2020/Documents/NEXAH ECOSYSTEM/30 SCIENCE LAB/NEXAH-Science-Lab/RESEARCH_PROGRAM_A_MOVING_MASK_FEASIBILITY/TRACE_TO_MOTION_0_1_PROTOCOL_DRAFT/dry_run/track_b_exp_b01/run_exp_b01.py,run_exp_b01.py,py,20702,7af070c53f6b0233b460752c705d27b7240b5fb2997eeebec556f25e5cca0cd0,REGULAR_FILE_NONFOLLOWING,distance;baseline;return;reconstruction,"filename/content match: distance, baseline, return, reconstruction",B1_DISTANCE;R_RECONSTRUCTION,REPOSITORY_ARTIFACT,YES_WITH_CONTEXT,DOCUMENTARY_OR_SPECIFICATION_ONLY; NO_MEASUREMENT_EXECUTION_INFERRED
/Users/tho2020/Documents/NEXAH ECOSYSTEM/30 SCIENCE LAB/NEXAH-Science-Lab/RESEARCH_PROGRAM_D_APPLICATION_LANDSCAPE/01_APPLICATION_INVENTORY.md,01_APPLICATION_INVENTORY.md,md,17986,b66f04e30b1e09f4b679d776bfba3513c92d64b23255d1cebe361be34580f4b2,REGULAR_FILE_NONFOLLOWING,round trip;baseline;ORION;OLS;reconstruction,"filename/content match: round trip, baseline, ORION, OLS, reconstruction",B1_DISTANCE;LQE_CONTEXT;R_RECONSTRUCTION,REPOSITORY_ARTIFACT,YES_WITH_CONTEXT,DOCUMENTARY_OR_SPECIFICATION_ONLY; NO_MEASUREMENT_EXECUTION_INFERRED
/Users/tho2020/Documents/NEXAH ECOSYSTEM/30 SCIENCE LAB/NEXAH-Science-Lab/RESEARCH_PROGRAM_D_APPLICATION_LANDSCAPE/05_BLOCKED_APPLICATIONS.md,05_BLOCKED_APPLICATIONS.md,md,1794,e1ffc2317c034b7dfb263f2ffbac2197c0b1637db368d9234f0a28a775815e4b,REGULAR_FILE_NONFOLLOWING,round trip;baseline;OLS,"filename/content match: round trip, baseline, OLS",B1_DISTANCE;LQE_CONTEXT,REPOSITORY_ARTIFACT,YES_WITH_CONTEXT,DOCUMENTARY_OR_SPECIFICATION_ONLY; NO_MEASUREMENT_EXECUTION_INFERRED
/Users/tho2020/Documents/NEXAH ECOSYSTEM/30 SCIENCE LAB/NEXAH-Science-Lab/SCIENCE_LAB/CASE_STUDIES/CIKADA_3301_LATER_MARKER_PROVENANCE_INTAKE/01_COMPLETE_RECURSIVE_INVENTORY.csv,01_COMPLETE_RECURSIVE_INVENTORY.csv,csv,913869,4fa138d19ef3c6175f7b51d58662a948e6553bba71791426c82b2febb59744cc,REGULAR_FILE_NONFOLLOWING,distance;Shadow;emission;timestamp;Eye;observer;return,"filename/content match: distance, Shadow, emission, timestamp, Eye, observer, return",A_SOURCE_EMISSION;B1_DISTANCE;T_TIMESTAMP,REPOSITORY_ARTIFACT,YES_WITH_CONTEXT,DOCUMENTARY_OR_SPECIFICATION_ONLY; NO_MEASUREMENT_EXECUTION_INFERRED
/Users/tho2020/Documents/NEXAH ECOSYSTEM/30 SCIENCE LAB/NEXAH-Science-Lab/SCIENCE_LAB/CASE_STUDIES/CIKADA_3301_LATER_MARKER_PROVENANCE_INTAKE/02_DUPLICATE_AND_VARIANT_AUDIT.csv,02_DUPLICATE_AND_VARIANT_AUDIT.csv,csv,212076,e89442e3325bed86f2938fb0f173a66153bd559b5ab058747a085033f4e0a877,REGULAR_FILE_NONFOLLOWING,distance;Shadow;emission;Eye;observer;return,"filename/content match: distance, Shadow, emission, Eye, observer, return",A_SOURCE_EMISSION;B1_DISTANCE,REPOSITORY_ARTIFACT,YES_WITH_CONTEXT,DOCUMENTARY_OR_SPECIFICATION_ONLY; NO_MEASUREMENT_EXECUTION_INFERRED
/Users/tho2020/Documents/NEXAH ECOSYSTEM/30 SCIENCE LAB/NEXAH-Science-Lab/SCIENCE_LAB/CASE_STUDIES/CIKADA_3301_LATER_MARKER_PROVENANCE_INTAKE/03_DOCUMENT_AUTHORITY_LEDGER.csv,03_DOCUMENT_AUTHORITY_LEDGER.csv,csv,174550,82a84bcb87bbd171ada2dc01c46717773fdf473eb78d4f7f59badb9d47e8180e,REGULAR_FILE_NONFOLLOWING,distance;Shadow;emission;OLS;Eye;observer;return,"filename/content match: distance, Shadow, emission, OLS, Eye, observer, return",A_SOURCE_EMISSION;B1_DISTANCE,REPOSITORY_ARTIFACT,YES_WITH_CONTEXT,DOCUMENTARY_OR_SPECIFICATION_ONLY; NO_MEASUREMENT_EXECUTION_INFERRED
/Users/tho2020/Documents/NEXAH ECOSYSTEM/30 SCIENCE LAB/NEXAH-Science-Lab/SCIENCE_LAB/CASE_STUDIES/CIKADA_3301_LATER_MARKER_PROVENANCE_INTAKE/06_CLAIM_AND_OPERATOR_LEDGER.csv,06_CLAIM_AND_OPERATOR_LEDGER.csv,csv,938507,e62d03a175b29e1a2aa50b8b5713239cc18a0e90cdacaf572d2600a90609082a,REGULAR_FILE_NONFOLLOWING,distance;baseline;Shadow;emission;propagation;timestamp;ORION;OLS;Eye;observer;return,"filename/content match: distance, baseline, Shadow, emission, propagation, timestamp, ORION, OLS",A_SOURCE_EMISSION;B1_DISTANCE;B2_MEDIUM_PATH;T_TIMESTAMP,REPOSITORY_ARTIFACT,YES_WITH_CONTEXT,DOCUMENTARY_OR_SPECIFICATION_ONLY; NO_MEASUREMENT_EXECUTION_INFERRED
/Users/tho2020/Documents/NEXAH ECOSYSTEM/30 SCIENCE LAB/NEXAH-Science-Lab/SCIENCE_LAB/CASE_STUDIES/CIKADA_3301_LATER_MARKER_PROVENANCE_INTAKE/CIKADA 3301 LATER MARKER CORPUS/🧭🧭🧭GITHUB-TODO_UPLOAD NAVIGATION/🜂🜂🜂 ANKH 2040 — QED Summary Index/Regulator Atlas Coupling/gaia_cluster_registry.json,gaia_cluster_registry.json,json,4840,c0cde7acd1e42c7cddd2908d334c0b8fda60dae554eba4f95e0e9979f5e9358a,REGULAR_FILE_NONFOLLOWING,distance;light-year,"filename/content match: distance, light-year",B1_DISTANCE;LQE_CONTEXT,REPOSITORY_ARTIFACT,YES_WITH_CONTEXT,DOCUMENTARY_OR_SPECIFICATION_ONLY; NO_MEASUREMENT_EXECUTION_INFERRED
/Users/tho2020/Documents/NEXAH ECOSYSTEM/30 SCIENCE LAB/NEXAH-Science-Lab/SCIENCE_LAB/CASE_STUDIES/CIKADA_3301_LATER_MARKER_PROVENANCE_INTAKE/_pdf_text_index.json,_pdf_text_index.json,json,1618660,77f76c2dec59e83beccb2d29f5507d977649bef43e1abffede20c7daf15143e2,REGULAR_FILE_NONFOLLOWING,distance;baseline;Shadow;emission;propagation;timestamp;ORION;OLS;Eye;observer;return;reconstruction,"filename/content match: distance, baseline, Shadow, emission, propagation, timestamp, ORION, OLS",A_SOURCE_EMISSION;B1_DISTANCE;B2_MEDIUM_PATH;R_RECONSTRUCTION;T_TIMESTAMP,REPOSITORY_ARTIFACT,YES_WITH_CONTEXT,DOCUMENTARY_OR_SPECIFICATION_ONLY; NO_MEASUREMENT_EXECUTION_INFERRED
/Users/tho2020/Documents/NEXAH ECOSYSTEM/30 SCIENCE LAB/NEXAH-Science-Lab/SCIENCE_LAB/CASE_STUDIES/CIKADA_3301_MANDELBROT_INTAKE/_intake_inventory_builder.py,_intake_inventory_builder.py,py,14270,cefbba3cbe01be06c3ac8f9a3bab0151b09faaf94dc25b7a7bbe65a07ed383a2,REGULAR_FILE_NONFOLLOWING,distance;timestamp;OLS;Eye;observer;return,"filename/content match: distance, timestamp, OLS, Eye, observer, return",B1_DISTANCE;T_TIMESTAMP,REPOSITORY_ARTIFACT,YES_WITH_CONTEXT,DOCUMENTARY_OR_SPECIFICATION_ONLY; NO_MEASUREMENT_EXECUTION_INFERRED
/Users/tho2020/Documents/NEXAH ECOSYSTEM/30 SCIENCE LAB/NEXAH-Science-Lab/SCIENCE_LAB/CASE_STUDIES/CIKADA_3301_MANDELBROT_OPERATOR_RECONSTRUCTION/run_reconstruction.py,run_reconstruction.py,py,10967,7bcab5abd4a016d28349466ea172ce95281241c8685b371a40226f41db4c3eb8,REGULAR_FILE_NONFOLLOWING,reconstruction;baseline;observer;return,"filename/content match: reconstruction, baseline, observer, return",B1_DISTANCE;R_RECONSTRUCTION,REPOSITORY_ARTIFACT,YES_WITH_CONTEXT,DOCUMENTARY_OR_SPECIFICATION_ONLY; NO_MEASUREMENT_EXECUTION_INFERRED
/Users/tho2020/Documents/NEXAH ECOSYSTEM/30 SCIENCE LAB/NEXAH-Science-Lab/SCIENCE_LAB/CASE_STUDIES/CIKADA_3301_MANDELBROT_OPERATOR_RETURN_TEST/contract.json,contract.json,json,3629,a811e762dfa0085c112b31b0c651bfe732248d5909dad35bbe39844e1b773853,REGULAR_FILE_NONFOLLOWING,baseline;OLS;observer;return;reconstruction,"filename/content match: baseline, OLS, observer, return, reconstruction",B1_DISTANCE;R_RECONSTRUCTION,REPOSITORY_ARTIFACT,YES_WITH_CONTEXT,DOCUMENTARY_OR_SPECIFICATION_ONLY; NO_MEASUREMENT_EXECUTION_INFERRED
/Users/tho2020/Documents/NEXAH ECOSYSTEM/30 SCIENCE LAB/NEXAH-Science-Lab/SCIENCE_LAB/CASE_STUDIES/CIKADA_3301_TRIPLE_GATE_PROVENANCE_RECOVERY/02_TRIPLE_GATE_HIT_LEDGER.csv,02_TRIPLE_GATE_HIT_LEDGER.csv,csv,114315,60ba7179b066b5e6a6194046b6c89ccd45b39ff69e1086918b29c9ac73c8f416,REGULAR_FILE_NONFOLLOWING,distance;baseline;Shadow;timestamp;OLS;observer;return,"filename/content match: distance, baseline, Shadow, timestamp, OLS, observer, return",B1_DISTANCE;T_TIMESTAMP,REPOSITORY_ARTIFACT,YES_WITH_CONTEXT,DOCUMENTARY_OR_SPECIFICATION_ONLY; NO_MEASUREMENT_EXECUTION_INFERRED
/Users/tho2020/Documents/NEXAH ECOSYSTEM/30 SCIENCE LAB/NEXAH-Science-Lab/SCIENCE_LAB/CASE_STUDIES/CIKADA_MANDELBROT_DESK_02_HANDOFF_2026-08-23/03_DATA_ASSET_AND_PROVENANCE_REGISTER.csv,03_DATA_ASSET_AND_PROVENANCE_REGISTER.csv,csv,221503,9adf916fde2fb987f6f48d7aedc9b1b04a1b1b118800ef52d0e50bf22f157232,REGULAR_FILE_NONFOLLOWING,baseline;OLS;observer;return;reconstruction,"filename/content match: baseline, OLS, observer, return, reconstruction",B1_DISTANCE;R_RECONSTRUCTION,REPOSITORY_ARTIFACT,YES_WITH_CONTEXT,DOCUMENTARY_OR_SPECIFICATION_ONLY; NO_MEASUREMENT_EXECUTION_INFERRED
/Users/tho2020/Documents/NEXAH ECOSYSTEM/30 SCIENCE LAB/NEXAH-Science-Lab/SCIENCE_LAB/CASE_STUDIES/CIKADA_MANDELBROT_DESK_03_INTEGRATION_PLACEMENT_REVIEW_2026-08-24/04_MINIMAL_THREE_CARD_FIXTURE_SPEC.md,04_MINIMAL_THREE_CARD_FIXTURE_SPEC.md,md,6497,cf201ad35839fe07ba3c6ae63999383bf68b85c8761ac01f216049054baf1440,REGULAR_FILE_NONFOLLOWING,baseline;OLS;observer;return;reconstruction,"filename/content match: baseline, OLS, observer, return, reconstruction",B1_DISTANCE;R_RECONSTRUCTION,REPOSITORY_ARTIFACT,YES_WITH_CONTEXT,DOCUMENTARY_OR_SPECIFICATION_ONLY; NO_MEASUREMENT_EXECUTION_INFERRED
/Users/tho2020/Documents/NEXAH ECOSYSTEM/30 SCIENCE LAB/NEXAH-Science-Lab/SCIENCE_LAB/CASE_STUDIES/CIKADA_MANDELBROT_DESK_04_CONFORMANCE_REVIEW_2026-08-23/02_TRANSFORMATION_SPACE_TYPE_SYSTEM.md,02_TRANSFORMATION_SPACE_TYPE_SYSTEM.md,md,3122,5e721a4fbc568897daca71670f3112b3fb3c297fbe33490a90788d4dfb2afa06,REGULAR_FILE_NONFOLLOWING,round trip;return;reconstruction,"filename/content match: round trip, return, reconstruction",LQE_CONTEXT;R_RECONSTRUCTION,REPOSITORY_ARTIFACT,YES_WITH_CONTEXT,DOCUMENTARY_OR_SPECIFICATION_ONLY; NO_MEASUREMENT_EXECUTION_INFERRED
/Users/tho2020/Documents/NEXAH ECOSYSTEM/30 SCIENCE LAB/NEXAH-Science-Lab/SCIENCE_LAB/CASE_STUDIES/CIKADA_MANDELBROT_DESK_04_CONFORMANCE_REVIEW_2026-08-23/06_REUSE_AND_NON_ADOPTION_BOUNDARY.md,06_REUSE_AND_NON_ADOPTION_BOUNDARY.md,md,2186,137c882d0555dd1c8f23cbac995e71937ab4a4f7190aecd32b7b1e41babdb844,REGULAR_FILE_NONFOLLOWING,round trip;ORION,"filename/content match: round trip, ORION",LQE_CONTEXT,REPOSITORY_ARTIFACT,YES_WITH_CONTEXT,DOCUMENTARY_OR_SPECIFICATION_ONLY; NO_MEASUREMENT_EXECUTION_INFERRED
/Users/tho2020/Documents/NEXAH ECOSYSTEM/30 SCIENCE LAB/NEXAH-Science-Lab/SCIENCE_LAB/CASE_STUDIES/CIKADA_MANDELBROT_DESK_04_CONFORMANCE_REVIEW_2026-08-23/desk04_manifest.json,desk04_manifest.json,json,6629,67736089086621981f6ee3f914f5ccd780d5c50eb7463558722b33060616d3e1,REGULAR_FILE_NONFOLLOWING,baseline;ORION;observer;return;reconstruction,"filename/content match: baseline, ORION, observer, return, reconstruction",B1_DISTANCE;R_RECONSTRUCTION,REPOSITORY_ARTIFACT,YES_WITH_CONTEXT,DOCUMENTARY_OR_SPECIFICATION_ONLY; NO_MEASUREMENT_EXECUTION_INFERRED
/Users/tho2020/Documents/NEXAH ECOSYSTEM/30 SCIENCE LAB/NEXAH-Science-Lab/SCIENCE_LAB/CASE_STUDIES/CRT_RBA01_HISTORICAL_GENERATOR_RECONSTRUCTION_BOUNDARY_AUDIT/00_CRT_RBA01_SPECIFICATION.md,00_CRT_RBA01_SPECIFICATION.md,md,1881,9dea9ee1515a76bc029504c4d6cf5b52fef8c2e4a989439671a7435f1b104d48,REGULAR_FILE_NONFOLLOWING,round trip;ORION;return;reconstruction,"filename/content match: round trip, ORION, return, reconstruction",LQE_CONTEXT;R_RECONSTRUCTION,REPOSITORY_ARTIFACT,YES_WITH_CONTEXT,DOCUMENTARY_OR_SPECIFICATION_ONLY; NO_MEASUREMENT_EXECUTION_INFERRED
/Users/tho2020/Documents/NEXAH ECOSYSTEM/30 SCIENCE LAB/NEXAH-Science-Lab/SCIENCE_LAB/CASE_STUDIES/CRT_RBA01_HISTORICAL_GENERATOR_RECONSTRUCTION_BOUNDARY_AUDIT/01_SOURCE_AND_PROVENANCE_LEDGER.md,01_SOURCE_AND_PROVENANCE_LEDGER.md,md,3777,ced7904864fb64af4f53ccae1cd33127c5bdf3cf8f82b96eb5ee8b0df513b0ef,REGULAR_FILE_NONFOLLOWING,round trip;ORION,"filename/content match: round trip, ORION",LQE_CONTEXT,REPOSITORY_ARTIFACT,YES_WITH_CONTEXT,DOCUMENTARY_OR_SPECIFICATION_ONLY; NO_MEASUREMENT_EXECUTION_INFERRED
/Users/tho2020/Documents/NEXAH ECOSYSTEM/30 SCIENCE LAB/NEXAH-Science-Lab/SCIENCE_LAB/CASE_STUDIES/CRT_RBA01_HISTORICAL_GENERATOR_RECONSTRUCTION_BOUNDARY_AUDIT/11_REPRESENTATION_AND_RECONSTRUCTION_LEDGER.md,11_REPRESENTATION_AND_RECONSTRUCTION_LEDGER.md,md,6213,82a66e45143f9080dc3741c7098766d335e293db5aecd7b02f96c1822b837a30,REGULAR_FILE_NONFOLLOWING,reconstruction;round trip;distance;Eye,"filename/content match: reconstruction, round trip, distance, Eye",B1_DISTANCE;LQE_CONTEXT;R_RECONSTRUCTION,REPOSITORY_ARTIFACT,YES_WITH_CONTEXT,DOCUMENTARY_OR_SPECIFICATION_ONLY; NO_MEASUREMENT_EXECUTION_INFERRED
/Users/tho2020/Documents/NEXAH ECOSYSTEM/30 SCIENCE LAB/NEXAH-Science-Lab/SCIENCE_LAB/CASE_STUDIES/CRT_RBA01_HISTORICAL_GENERATOR_RECONSTRUCTION_BOUNDARY_AUDIT/13_FINAL_DECISION.md,13_FINAL_DECISION.md,md,3692,386ffae0abbd5b0f4dc46c60635e4b0baf53aa256191766ff58a7497d0010d0f,REGULAR_FILE_NONFOLLOWING,round trip;ORION;return;reconstruction,"filename/content match: round trip, ORION, return, reconstruction",LQE_CONTEXT;R_RECONSTRUCTION,REPOSITORY_ARTIFACT,YES_WITH_CONTEXT,DOCUMENTARY_OR_SPECIFICATION_ONLY; NO_MEASUREMENT_EXECUTION_INFERRED
/Users/tho2020/Documents/NEXAH ECOSYSTEM/30 SCIENCE LAB/NEXAH-Science-Lab/SCIENCE_LAB/CASE_STUDIES/CRT_RBA01_HISTORICAL_GENERATOR_RECONSTRUCTION_BOUNDARY_AUDIT/outputs/source_file_inventory.csv,source_file_inventory.csv,csv,16618,37453ec5947d972cbec7e1c5c8dea89658c247cd5de6845e057615b441866db0,REGULAR_FILE_NONFOLLOWING,light-time;Shadow,"filename/content match: light-time, Shadow",LQE_CONTEXT,REPOSITORY_ARTIFACT,YES_WITH_CONTEXT,DOCUMENTARY_OR_SPECIFICATION_ONLY; NO_MEASUREMENT_EXECUTION_INFERRED
/Users/tho2020/Documents/NEXAH ECOSYSTEM/30 SCIENCE LAB/NEXAH-Science-Lab/SCIENCE_LAB/CASE_STUDIES/Gemini_Algo_Proof_Report/INCOMING_CASE_STUDY_GEMINI_ALGO_PROOF_KNOWLEDGE_SHADOW_2026-08-21.md,INCOMING_CASE_STUDY_GEMINI_ALGO_PROOF_KNOWLEDGE_SHADOW_2026-08-21.md,md,27193,d90c9db2f4f21703c15ba4509081eeb681b8a0463aaa70e57a2c857eab2dd036,REGULAR_FILE_NONFOLLOWING,Shadow;baseline;timestamp;ORION;OLS;Eye;observer;return;reconstruction,"filename/content match: Shadow, baseline, timestamp, ORION, OLS, Eye, observer, return",B1_DISTANCE;R_RECONSTRUCTION;T_TIMESTAMP,REPOSITORY_ARTIFACT,YES_WITH_CONTEXT,DOCUMENTARY_OR_SPECIFICATION_ONLY; NO_MEASUREMENT_EXECUTION_INFERRED
/Users/tho2020/Documents/NEXAH ECOSYSTEM/30 SCIENCE LAB/NEXAH-Science-Lab/SCIENCE_LAB/CASE_STUDIES/LQE01_LIGHT_OCCLUDER_RECEIVER_GEOMETRY_2026-09-09/00_README.md,00_README.md,md,1233,ff65ba9f6c6c7fb1d2af4ceed80fb749889d6852ea1068d1d5ca52681b605347,REGULAR_FILE_NONFOLLOWING,LQE,LQE-01 custody/source-snapshot or review record,LQE_CONTEXT,CUSTODY_OR_REVIEW_ARTIFACT,YES_WITH_ROLE_BOUNDARY,DOCUMENTARY_OR_VISUAL_NOT_MEASUREMENT
/Users/tho2020/Documents/NEXAH ECOSYSTEM/30 SCIENCE LAB/NEXAH-Science-Lab/SCIENCE_LAB/CASE_STUDIES/LQE01_LIGHT_OCCLUDER_RECEIVER_GEOMETRY_2026-09-09/01_AUTHORITY_SCOPE_AND_INPUT_LOCK.md,01_AUTHORITY_SCOPE_AND_INPUT_LOCK.md,md,1866,9c414bbc444c0d948a98e6941d629dc60c2349fb0561f6f969edd797acb28680,REGULAR_FILE_NONFOLLOWING,LQE;Shadow;Eye,LQE-01 custody/source-snapshot or review record,LQE_CONTEXT,CUSTODY_OR_REVIEW_ARTIFACT,YES_WITH_ROLE_BOUNDARY,DOCUMENTARY_OR_VISUAL_NOT_MEASUREMENT
/Users/tho2020/Documents/NEXAH ECOSYSTEM/30 SCIENCE LAB/NEXAH-Science-Lab/SCIENCE_LAB/CASE_STUDIES/LQE01_LIGHT_OCCLUDER_RECEIVER_GEOMETRY_2026-09-09/02_SOURCE_TO_CUSTODY_HASH_LEDGER.csv,02_SOURCE_TO_CUSTODY_HASH_LEDGER.csv,csv,6826,7a5d42a4552933a550481601d2fb6776f24e5893c8727e07c9ebbd1d6979e5cc,REGULAR_FILE_NONFOLLOWING,LQE;Shadow;Eye;reconstruction,LQE-01 custody/source-snapshot or review record,LQE_CONTEXT;R_RECONSTRUCTION,CUSTODY_OR_REVIEW_ARTIFACT,YES_WITH_ROLE_BOUNDARY,DOCUMENTARY_OR_VISUAL_NOT_MEASUREMENT
/Users/tho2020/Documents/NEXAH ECOSYSTEM/30 SCIENCE LAB/NEXAH-Science-Lab/SCIENCE_LAB/CASE_STUDIES/LQE01_LIGHT_OCCLUDER_RECEIVER_GEOMETRY_2026-09-09/03_ARTIFACT_ROLE_AND_AUTHORITY_LEDGER.csv,03_ARTIFACT_ROLE_AND_AUTHORITY_LEDGER.csv,csv,4602,398816f722af38a92f8cebe5237d9c9e2d374abc62f7879be92ea813c7f1365d,REGULAR_FILE_NONFOLLOWING,LQE;Shadow;Eye;observer;reconstruction,LQE-01 custody/source-snapshot or review record,LQE_CONTEXT;R_RECONSTRUCTION,CUSTODY_OR_REVIEW_ARTIFACT,YES_WITH_ROLE_BOUNDARY,DOCUMENTARY_OR_VISUAL_NOT_MEASUREMENT
/Users/tho2020/Documents/NEXAH ECOSYSTEM/30 SCIENCE LAB/NEXAH-Science-Lab/SCIENCE_LAB/CASE_STUDIES/LQE01_LIGHT_OCCLUDER_RECEIVER_GEOMETRY_2026-09-09/04_REVIEW_AND_LINEAGE_BINDING.md,04_REVIEW_AND_LINEAGE_BINDING.md,md,1426,7ac5844a99031c5e40f9907515c6ee6db90fd517ef8320363aad3be7804e4c70,REGULAR_FILE_NONFOLLOWING,LQE;observer,LQE-01 custody/source-snapshot or review record,LQE_CONTEXT,CUSTODY_OR_REVIEW_ARTIFACT,YES_WITH_ROLE_BOUNDARY,DOCUMENTARY_OR_VISUAL_NOT_MEASUREMENT
/Users/tho2020/Documents/NEXAH ECOSYSTEM/30 SCIENCE LAB/NEXAH-Science-Lab/SCIENCE_LAB/CASE_STUDIES/LQE01_LIGHT_OCCLUDER_RECEIVER_GEOMETRY_2026-09-09/06_LQE01_FINAL_CUSTODY_CLASSIFICATION.md,06_LQE01_FINAL_CUSTODY_CLASSIFICATION.md,md,1480,63e80aa94d02439f0bd2f4027df7b99136b6c95b5ed7eea5056874f9b80ba249,REGULAR_FILE_NONFOLLOWING,LQE;Shadow;observer,LQE-01 custody/source-snapshot or review record,LQE_CONTEXT,CUSTODY_OR_REVIEW_ARTIFACT,YES_WITH_ROLE_BOUNDARY,DOCUMENTARY_OR_VISUAL_NOT_MEASUREMENT
/Users/tho2020/Documents/NEXAH ECOSYSTEM/30 SCIENCE LAB/NEXAH-Science-Lab/SCIENCE_LAB/CASE_STUDIES/LQE01_LIGHT_OCCLUDER_RECEIVER_GEOMETRY_2026-09-09/08_PRESERVED_OPTIONAL_FUTURE_DECISIONS.md,08_PRESERVED_OPTIONAL_FUTURE_DECISIONS.md,md,719,5ded9c3cc2213c52048692cfdb87dcfefe794616f89c42c6d1539eb2e769dad7,REGULAR_FILE_NONFOLLOWING,LQE;return,LQE-01 custody/source-snapshot or review record,LQE_CONTEXT,CUSTODY_OR_REVIEW_ARTIFACT,YES_WITH_ROLE_BOUNDARY,DOCUMENTARY_OR_VISUAL_NOT_MEASUREMENT
/Users/tho2020/Documents/NEXAH ECOSYSTEM/30 SCIENCE LAB/NEXAH-Science-Lab/SCIENCE_LAB/CASE_STUDIES/LQE01_LIGHT_OCCLUDER_RECEIVER_GEOMETRY_2026-09-09/FINAL_RETURN.md,FINAL_RETURN.md,md,1260,f3a85872f9973c1d33dbfa0efd570c22d1299edbd684fae0c42f72a009026aec,REGULAR_FILE_NONFOLLOWING,return;LQE;Shadow;OLS,LQE-01 custody/source-snapshot or review record,LQE_CONTEXT,CUSTODY_OR_REVIEW_ARTIFACT,YES_WITH_ROLE_BOUNDARY,DOCUMENTARY_OR_VISUAL_NOT_MEASUREMENT
/Users/tho2020/Documents/NEXAH ECOSYSTEM/30 SCIENCE LAB/NEXAH-Science-Lab/SCIENCE_LAB/CASE_STUDIES/LQE01_LIGHT_OCCLUDER_RECEIVER_GEOMETRY_2026-09-09/MANIFEST_SHA256.txt,MANIFEST_SHA256.txt,txt,5637,4721404f461d4a2993297a3e964a4043bc702854a04ebfb4f15c32196885533e,REGULAR_FILE_NONFOLLOWING,LQE;Shadow;Eye;return;reconstruction,LQE-01 custody/source-snapshot or review record,LQE_CONTEXT;R_RECONSTRUCTION,CUSTODY_OR_REVIEW_ARTIFACT,YES_WITH_ROLE_BOUNDARY,DOCUMENTARY_OR_VISUAL_NOT_MEASUREMENT
/Users/tho2020/Documents/NEXAH ECOSYSTEM/30 SCIENCE LAB/NEXAH-Science-Lab/SCIENCE_LAB/CASE_STUDIES/LQE01_LIGHT_OCCLUDER_RECEIVER_GEOMETRY_2026-09-09/REVIEW_BINDING/controlling_review_binding.json,controlling_review_binding.json,json,716,526182c6838d29c4fdf07b569e2c5c029a2a78954630ea567c6735c1396cdc50,REGULAR_FILE_NONFOLLOWING,LQE,LQE-01 custody/source-snapshot or review record,LQE_CONTEXT,CUSTODY_OR_REVIEW_ARTIFACT,YES_WITH_ROLE_BOUNDARY,DOCUMENTARY_OR_VISUAL_NOT_MEASUREMENT
/Users/tho2020/Documents/NEXAH ECOSYSTEM/30 SCIENCE LAB/NEXAH-Science-Lab/SCIENCE_LAB/CASE_STUDIES/LQE01_LIGHT_OCCLUDER_RECEIVER_GEOMETRY_2026-09-09/results/html_offline_replay.json,html_offline_replay.json,json,1448,2a456049a6eb96c0ef85621fbb3a235096db32307e8fd492c98d36eb0f074dcb,REGULAR_FILE_NONFOLLOWING,LQE;Shadow;OLS,LQE-01 custody/source-snapshot or review record,LQE_CONTEXT,CUSTODY_OR_REVIEW_ARTIFACT,YES_WITH_ROLE_BOUNDARY,DOCUMENTARY_OR_VISUAL_NOT_MEASUREMENT
/Users/tho2020/Documents/NEXAH ECOSYSTEM/30 SCIENCE LAB/NEXAH-Science-Lab/SCIENCE_LAB/CASE_STUDIES/LQE01_LIGHT_OCCLUDER_RECEIVER_GEOMETRY_2026-09-09/results/package_validation.json,package_validation.json,json,1345,d5b574f58f306e6b43469693f62a3e94431300ff00f3884b9389bd5e65d9d2e8,REGULAR_FILE_NONFOLLOWING,LQE;OLS;return,LQE-01 custody/source-snapshot or review record,LQE_CONTEXT,CUSTODY_OR_REVIEW_ARTIFACT,YES_WITH_ROLE_BOUNDARY,DOCUMENTARY_OR_VISUAL_NOT_MEASUREMENT
/Users/tho2020/Documents/NEXAH ECOSYSTEM/30 SCIENCE LAB/NEXAH-Science-Lab/SCIENCE_LAB/CASE_STUDIES/LQE01_LIGHT_OCCLUDER_RECEIVER_GEOMETRY_2026-09-09/results/source_to_custody_verification.json,source_to_custody_verification.json,json,639,4d9743735251781c54ed39fafa239bfd6104b21895426d9ec437e6b1b79ece66,REGULAR_FILE_NONFOLLOWING,LQE;Shadow,LQE-01 custody/source-snapshot or review record,LQE_CONTEXT,CUSTODY_OR_REVIEW_ARTIFACT,YES_WITH_ROLE_BOUNDARY,DOCUMENTARY_OR_VISUAL_NOT_MEASUREMENT
/Users/tho2020/Documents/NEXAH ECOSYSTEM/30 SCIENCE LAB/NEXAH-Science-Lab/SCIENCE_LAB/CASE_STUDIES/LQE01_POST_CLOSEOUT_VISUAL_SUPPLEMENT_AND_GRIP_GAP_ANNOTATION_2026-09-09/00_README.md,00_README.md,md,1120,68eaaa31fdab060d34bbae4322ea6327ecc8a4e7a3a4f4214d064325a70d5964,REGULAR_FILE_NONFOLLOWING,LQE,filename/content match: LQE,LQE_CONTEXT,REPOSITORY_ARTIFACT,YES_WITH_CONTEXT,DOCUMENTARY_OR_SPECIFICATION_ONLY; NO_MEASUREMENT_EXECUTION_INFERRED
/Users/tho2020/Documents/NEXAH ECOSYSTEM/30 SCIENCE LAB/NEXAH-Science-Lab/SCIENCE_LAB/CASE_STUDIES/LQE01_POST_CLOSEOUT_VISUAL_SUPPLEMENT_AND_GRIP_GAP_ANNOTATION_2026-09-09/01_SOURCE_SUPPLEMENT_REGISTER.md,01_SOURCE_SUPPLEMENT_REGISTER.md,md,2277,ea19832070108640962302c1b4535a4bf274b08decc9f517e869c55dede1d28d,REGULAR_FILE_NONFOLLOWING,LQE;Shadow;observer,"filename/content match: LQE, Shadow, observer",LQE_CONTEXT,REPOSITORY_ARTIFACT,YES_WITH_CONTEXT,DOCUMENTARY_OR_SPECIFICATION_ONLY; NO_MEASUREMENT_EXECUTION_INFERRED
/Users/tho2020/Documents/NEXAH ECOSYSTEM/30 SCIENCE LAB/NEXAH-Science-Lab/SCIENCE_LAB/CASE_STUDIES/LQE01_POST_CLOSEOUT_VISUAL_SUPPLEMENT_AND_GRIP_GAP_ANNOTATION_2026-09-09/02_GRIP_GAP_AND_BOUNDARY_COUPLING_ANNOTATION.md,02_GRIP_GAP_AND_BOUNDARY_COUPLING_ANNOTATION.md,md,2554,b77db2940193cccd84b231b97dd4d13849be713d6fe75e300f8908d55a0bc6d0,REGULAR_FILE_NONFOLLOWING,LQE;OLS;return,"filename/content match: LQE, OLS, return",LQE_CONTEXT,REPOSITORY_ARTIFACT,YES_WITH_CONTEXT,DOCUMENTARY_OR_SPECIFICATION_ONLY; NO_MEASUREMENT_EXECUTION_INFERRED
/Users/tho2020/Documents/NEXAH ECOSYSTEM/30 SCIENCE LAB/NEXAH-Science-Lab/SCIENCE_LAB/CASE_STUDIES/LQE01_POST_CLOSEOUT_VISUAL_SUPPLEMENT_AND_GRIP_GAP_ANNOTATION_2026-09-09/03_VISUAL_ROLE_AND_NONCLAIM_LEDGER.md,03_VISUAL_ROLE_AND_NONCLAIM_LEDGER.md,md,1603,e766a0504447e73592117fb2e259f8a0cc5cd7807683f6c0111c63ff8925a9a3,REGULAR_FILE_NONFOLLOWING,LQE;observer;reconstruction,"filename/content match: LQE, observer, reconstruction",LQE_CONTEXT;R_RECONSTRUCTION,REPOSITORY_ARTIFACT,YES_WITH_CONTEXT,DOCUMENTARY_OR_SPECIFICATION_ONLY; NO_MEASUREMENT_EXECUTION_INFERRED
/Users/tho2020/Documents/NEXAH ECOSYSTEM/30 SCIENCE LAB/NEXAH-Science-Lab/SCIENCE_LAB/CASE_STUDIES/LQE01_POST_CLOSEOUT_VISUAL_SUPPLEMENT_AND_GRIP_GAP_ANNOTATION_2026-09-09/04_CLOSEOUT_PRESERVATION.md,04_CLOSEOUT_PRESERVATION.md,md,765,6c6e70e3bd295563d12af1ac6ae4e85611a317e7acea388182591422749502e9,REGULAR_FILE_NONFOLLOWING,LQE,filename/content match: LQE,LQE_CONTEXT,REPOSITORY_ARTIFACT,YES_WITH_CONTEXT,DOCUMENTARY_OR_SPECIFICATION_ONLY; NO_MEASUREMENT_EXECUTION_INFERRED
/Users/tho2020/Documents/NEXAH ECOSYSTEM/30 SCIENCE LAB/NEXAH-Science-Lab/SCIENCE_LAB/CASE_STUDIES/LQE01_POST_CLOSEOUT_VISUAL_SUPPLEMENT_AND_GRIP_GAP_ANNOTATION_2026-09-09/FINAL_RETURN.md,FINAL_RETURN.md,md,1124,49378e761b104d50b5025ae56dd6affacd4ce606db2ad1ed2ad5c2d653cd3466,REGULAR_FILE_NONFOLLOWING,return;LQE,"filename/content match: return, LQE",LQE_CONTEXT,REPOSITORY_ARTIFACT,YES_WITH_CONTEXT,DOCUMENTARY_OR_SPECIFICATION_ONLY; NO_MEASUREMENT_EXECUTION_INFERRED
/Users/tho2020/Documents/NEXAH ECOSYSTEM/30 SCIENCE LAB/NEXAH-Science-Lab/SCIENCE_LAB/CASE_STUDIES/LQE01_POST_CLOSEOUT_VISUAL_SUPPLEMENT_AND_GRIP_GAP_ANNOTATION_2026-09-09/VALIDATION_REPORT.md,VALIDATION_REPORT.md,md,787,ba59352c6acf935530a6db41840bed55c7652f4d6334680b07202c033328365c,REGULAR_FILE_NONFOLLOWING,LQE,filename/content match: LQE,LQE_CONTEXT,REPOSITORY_ARTIFACT,YES_WITH_CONTEXT,DOCUMENTARY_OR_SPECIFICATION_ONLY; NO_MEASUREMENT_EXECUTION_INFERRED
/Users/tho2020/Documents/NEXAH ECOSYSTEM/30 SCIENCE LAB/NEXAH-Science-Lab/SCIENCE_LAB/CASE_STUDIES/LQE01_POST_CLOSEOUT_VISUAL_SUPPLEMENT_AND_GRIP_GAP_ANNOTATION_2026-09-09/results/supplement_validation.json,supplement_validation.json,json,3551,c845bdc6503f7e10b9ad2d58546758e7c4926b894ff2d28c8a56d78a44598f05,REGULAR_FILE_NONFOLLOWING,LQE,filename/content match: LQE,LQE_CONTEXT,REPOSITORY_ARTIFACT,YES_WITH_CONTEXT,DOCUMENTARY_OR_SPECIFICATION_ONLY; NO_MEASUREMENT_EXECUTION_INFERRED
/Users/tho2020/Documents/NEXAH ECOSYSTEM/30 SCIENCE LAB/NEXAH-Science-Lab/SCIENCE_LAB/CASE_STUDIES/NEXAH_HTML_ORIENTATION_DEMONSTRATOR_SERIES/00_SERIES_INDEX.md,00_SERIES_INDEX.md,md,6410,9fb0fe22f4ab1249f52b19ecaf95013f6b987e123004b1bc11b113feec7efdd2,REGULAR_FILE_NONFOLLOWING,distance;ORION;observer;return;reconstruction,"filename/content match: distance, ORION, observer, return, reconstruction",B1_DISTANCE;R_RECONSTRUCTION,REPOSITORY_ARTIFACT,YES_WITH_CONTEXT,DOCUMENTARY_OR_SPECIFICATION_ONLY; NO_MEASUREMENT_EXECUTION_INFERRED
/Users/tho2020/Documents/NEXAH ECOSYSTEM/30 SCIENCE LAB/NEXAH-Science-Lab/SCIENCE_LAB/CASE_STUDIES/NEXAH_HTML_ORIENTATION_DEMONSTRATOR_SERIES/NEXAH_HTML_ORIENTATION_DEMONSTRATOR_SERIES_RESULTS.json,NEXAH_HTML_ORIENTATION_DEMONSTRATOR_SERIES_RESULTS.json,json,32058,dbc602d90f8602a799356fea9609a2f673a068dad1723db4b24c1a9138d8bcef,REGULAR_FILE_NONFOLLOWING,distance;ORION;observer;return;reconstruction,"filename/content match: distance, ORION, observer, return, reconstruction",B1_DISTANCE;R_RECONSTRUCTION,REPOSITORY_ARTIFACT,YES_WITH_CONTEXT,DOCUMENTARY_OR_SPECIFICATION_ONLY; NO_MEASUREMENT_EXECUTION_INFERRED
/Users/tho2020/Documents/NEXAH ECOSYSTEM/30 SCIENCE LAB/NEXAH-Science-Lab/SCIENCE_LAB/CASE_STUDIES/OTC01_OBSERVATION_TRANSPORT_TRACE_CHANNEL_AUDIT/01_SOURCE_AND_AUTHORITY_LEDGER.md,01_SOURCE_AND_AUTHORITY_LEDGER.md,md,2675,f6b0722e6c2bf2083620c6a81a216a96cdea117c6e37687eab4bca9f61a47c9c,REGULAR_FILE_NONFOLLOWING,baseline;Shadow;OLS;observer;return;reconstruction,"filename/content match: baseline, Shadow, OLS, observer, return, reconstruction",B1_DISTANCE;R_RECONSTRUCTION,REPOSITORY_ARTIFACT,YES_WITH_CONTEXT,DOCUMENTARY_OR_SPECIFICATION_ONLY; NO_MEASUREMENT_EXECUTION_INFERRED
/Users/tho2020/Documents/NEXAH ECOSYSTEM/30 SCIENCE LAB/NEXAH-Science-Lab/SCIENCE_LAB/CASE_STUDIES/RETURN_17_MIRROR_RESIDUE_LAB/01_PROVENANCE_LEDGER.csv,01_PROVENANCE_LEDGER.csv,csv,7941,b079de10c5838925fb3606313b49299fcb3b688b6b45d8e2195d19d6eef2627b,REGULAR_FILE_NONFOLLOWING,timestamp;OLS;observer;return;reconstruction,"filename/content match: timestamp, OLS, observer, return, reconstruction",R_RECONSTRUCTION;T_TIMESTAMP,REPOSITORY_ARTIFACT,YES_WITH_CONTEXT,DOCUMENTARY_OR_SPECIFICATION_ONLY; NO_MEASUREMENT_EXECUTION_INFERRED
/Users/tho2020/Documents/NEXAH ECOSYSTEM/30 SCIENCE LAB/NEXAH-Science-Lab/SCIENCE_LAB/CASE_STUDIES/RETURN_17_MIRROR_RESIDUE_LAB/03_TEST_MATRIX.csv,03_TEST_MATRIX.csv,csv,1317,4c01ef42ec73f771730be47b8a8f0978247b70e77ace21b9a7eb7a4bd74488bb,REGULAR_FILE_NONFOLLOWING,distance;baseline;return;reconstruction,"filename/content match: distance, baseline, return, reconstruction",B1_DISTANCE;R_RECONSTRUCTION,REPOSITORY_ARTIFACT,YES_WITH_CONTEXT,DOCUMENTARY_OR_SPECIFICATION_ONLY; NO_MEASUREMENT_EXECUTION_INFERRED
/Users/tho2020/Documents/NEXAH ECOSYSTEM/30 SCIENCE LAB/NEXAH-Science-Lab/SCIENCE_LAB/CASE_STUDIES/RID01_NEXAH_ORION_RUST_INTERFACE_DESIGN_MACHINE_READABLE_CONTRACT/RID01_SCHEMA.json,RID01_SCHEMA.json,json,37815,7711dc7fbd50f3402703207390775aa07b225856af9f596c43098df924dd6700,REGULAR_FILE_NONFOLLOWING,distance;timestamp;ORION;return;reconstruction,"filename/content match: distance, timestamp, ORION, return, reconstruction",B1_DISTANCE;R_RECONSTRUCTION;T_TIMESTAMP,REPOSITORY_ARTIFACT,YES_WITH_CONTEXT,DOCUMENTARY_OR_SPECIFICATION_ONLY; NO_MEASUREMENT_EXECUTION_INFERRED
/Users/tho2020/Documents/NEXAH ECOSYSTEM/30 SCIENCE LAB/NEXAH-Science-Lab/SCIENCE_LAB/CASE_STUDIES/T_RAN_S_FORMATION/Operator Test Results/NEXAH_OBSERVER_POSSIBILITY_SPACE_TEST_RUN/NEXAH_OBSERVER_POSSIBILITY_SPACE_TEST_RUN02.md,NEXAH_OBSERVER_POSSIBILITY_SPACE_TEST_RUN02.md,md,19766,58b799e6dec1cff4ccf86da7c360e62652837e033726e65b8c8efab137f44f91,REGULAR_FILE_NONFOLLOWING,observer;baseline;OLS;return;reconstruction,"filename/content match: observer, baseline, OLS, return, reconstruction",B1_DISTANCE;R_RECONSTRUCTION,REPOSITORY_ARTIFACT,YES_WITH_CONTEXT,DOCUMENTARY_OR_SPECIFICATION_ONLY; NO_MEASUREMENT_EXECUTION_INFERRED
/Users/tho2020/Documents/NEXAH ECOSYSTEM/30 SCIENCE LAB/NEXAH-Science-Lab/SCIENCE_LAB/CASE_STUDIES/T_RAN_S_FORMATION/Operator Test Results/NEXAH_OBSERVER_POSSIBILITY_SPACE_TEST_RUN/NEXAH_OBSERVER_POSSIBILITY_SPACE_TEST_RUN03.md,NEXAH_OBSERVER_POSSIBILITY_SPACE_TEST_RUN03.md,md,18859,4caa9e356f54fc8d414cc658aad0eeac2e45e45e3c3e22d807530da9af44bf27,REGULAR_FILE_NONFOLLOWING,observer;distance;OLS;return;reconstruction,"filename/content match: observer, distance, OLS, return, reconstruction",B1_DISTANCE;R_RECONSTRUCTION,REPOSITORY_ARTIFACT,YES_WITH_CONTEXT,DOCUMENTARY_OR_SPECIFICATION_ONLY; NO_MEASUREMENT_EXECUTION_INFERRED
/Users/tho2020/Documents/NEXAH ECOSYSTEM/30 SCIENCE LAB/NEXAH-Science-Lab/SCIENCE_LAB/CASE_STUDIES/T_RAN_S_FORMATION/Operator Test Results/RSA01_DOWNLOAD/RSA01_REPRODUCE.py,RSA01_REPRODUCE.py,py,17529,425d216a64736f8a931df9e94a32ad031a48d2e01e9a5e46cdd788f1b2bac571,REGULAR_FILE_NONFOLLOWING,distance;OLS;observer;return;reconstruction,"filename/content match: distance, OLS, observer, return, reconstruction",B1_DISTANCE;R_RECONSTRUCTION,REPOSITORY_ARTIFACT,YES_WITH_CONTEXT,DOCUMENTARY_OR_SPECIFICATION_ONLY; NO_MEASUREMENT_EXECUTION_INFERRED
/Users/tho2020/Documents/NEXAH ECOSYSTEM/30 SCIENCE LAB/NEXAH-Science-Lab/SCIENCE_LAB/CASE_STUDIES/WS03_CRIC_DESK_04_ENGINEERING_CURRENTNESS_REVIEW_2026-09-08/04_EXECUTABLE_SCOPE_LEDGER.csv,04_EXECUTABLE_SCOPE_LEDGER.csv,csv,1087,dae6a949eaf2a193a8c3f60f4b8766c1b40f5ebc55575d85d9a5e5d3d60cc2b1,REGULAR_FILE_NONFOLLOWING,round trip;baseline,"filename/content match: round trip, baseline",B1_DISTANCE;LQE_CONTEXT,REPOSITORY_ARTIFACT,YES_WITH_CONTEXT,DOCUMENTARY_OR_SPECIFICATION_ONLY; NO_MEASUREMENT_EXECUTION_INFERRED
/Users/tho2020/Documents/NEXAH ECOSYSTEM/30 SCIENCE LAB/NEXAH-Science-Lab/SCIENCE_LAB/CASE_STUDIES/WS03_CRIC_DESK_04_ENGINEERING_CURRENTNESS_REVIEW_2026-09-08/10_CAPABILITY_BOUNDARY.md,10_CAPABILITY_BOUNDARY.md,md,1027,3b182bd3070df6d7946bac96f3e01e6e5d571eda6e1619bf5d4185221f4b15e3,REGULAR_FILE_NONFOLLOWING,round trip;ORION;OLS;Eye,"filename/content match: round trip, ORION, OLS, Eye",LQE_CONTEXT,REPOSITORY_ARTIFACT,YES_WITH_CONTEXT,DOCUMENTARY_OR_SPECIFICATION_ONLY; NO_MEASUREMENT_EXECUTION_INFERRED
/Users/tho2020/Documents/NEXAH ECOSYSTEM/30 SCIENCE LAB/NEXAH-Science-Lab/TRANSLATION_FIDELITY_TECHNICAL_REPORT_RC1/study_1/00_NEXAH_TRANSLATION_MAP.md,00_NEXAH_TRANSLATION_MAP.md,md,5740,c8c3500bff8c9e900f940630aedd5d13fc45a2b7a584e82253485a407e2d16fa,REGULAR_FILE_NONFOLLOWING,round trip,filename/content match: round trip,LQE_CONTEXT,REPOSITORY_ARTIFACT,YES_WITH_CONTEXT,DOCUMENTARY_OR_SPECIFICATION_ONLY; NO_MEASUREMENT_EXECUTION_INFERRED
/Users/tho2020/Documents/NEXAH ECOSYSTEM/40 EXPERIENCE PRODUCTION/NEXAHEDRON/dist/client/assets/framework-DJH1pfSr.js,framework-DJH1pfSr.js,js,189805,6e2ff6ea57c9da8704eed10e195924e172de445510ce94a30aac469636e864e8,REGULAR_FILE_NONFOLLOWING,baseline;propagation;timestamp;OLS;return,Dependency/build artifact term match; retained for audit transparency,SCREENED_FALSE_POSITIVE,THIRD_PARTY_OR_GENERATED_DEPENDENCY,NO,NO_LQE_MEASUREMENT_EVIDENCE
/Users/tho2020/Documents/NEXAH ECOSYSTEM/40 EXPERIENCE PRODUCTION/NEXAHEDRON/docs/roadmap/NEXAHEDRON_ALPHA_EXECUTION_ROADMAP.md,NEXAHEDRON_ALPHA_EXECUTION_ROADMAP.md,md,27212,b7d8d04f55cc320c3e8502e5daf29f68ff564de48368892dec5b57033c1d7ce2,REGULAR_FILE_NONFOLLOWING,round trip;baseline;ORION;OLS,"filename/content match: round trip, baseline, ORION, OLS",B1_DISTANCE;LQE_CONTEXT,REPOSITORY_ARTIFACT,YES_WITH_CONTEXT,DOCUMENTARY_OR_SPECIFICATION_ONLY; NO_MEASUREMENT_EXECUTION_INFERRED
/Users/tho2020/Documents/NEXAH ECOSYSTEM/40 EXPERIENCE PRODUCTION/NEXAHEDRON/node_modules/.package-lock.json,.package-lock.json,json,257373,fe3deaa48e1906072e10988fb5fb2a5e7b2ade1a3b44a52b2e91994a1372a5ea,REGULAR_FILE_NONFOLLOWING,LQE;baseline;Shadow;ORION;OLS;Eye,Dependency/build artifact term match; retained for audit transparency,SCREENED_FALSE_POSITIVE,THIRD_PARTY_OR_GENERATED_DEPENDENCY,NO,NO_LQE_MEASUREMENT_EVIDENCE
/Users/tho2020/Documents/NEXAH ECOSYSTEM/40 EXPERIENCE PRODUCTION/NEXAHEDRON/node_modules/.vite/deps/react-dom_client.js,react-dom_client.js,js,820838,d0e7143ea81edbcc17aaf87fbf0b55dc27a67e2b5c526496b17335c19f58b3d0,REGULAR_FILE_NONFOLLOWING,distance;baseline;propagation;timestamp;OLS;Eye;return,Dependency/build artifact term match; retained for audit transparency,SCREENED_FALSE_POSITIVE,THIRD_PARTY_OR_GENERATED_DEPENDENCY,NO,NO_LQE_MEASUREMENT_EVIDENCE
/Users/tho2020/Documents/NEXAH ECOSYSTEM/40 EXPERIENCE PRODUCTION/NEXAHEDRON/node_modules/@cloudflare/vite-plugin/dist/workers/router-worker/index.js,index.js,js,222055,670e62f2432f96cc444aee439ed7530048dd24d7d6152cf8965acc0b264e3a0b,REGULAR_FILE_NONFOLLOWING,baseline;Shadow;propagation;timestamp;OLS;Eye;return,Dependency/build artifact term match; retained for audit transparency,SCREENED_FALSE_POSITIVE,THIRD_PARTY_OR_GENERATED_DEPENDENCY,NO,NO_LQE_MEASUREMENT_EVIDENCE
/Users/tho2020/Documents/NEXAH ECOSYSTEM/40 EXPERIENCE PRODUCTION/NEXAHEDRON/node_modules/@cloudflare/vite-plugin/dist/workers/runner-worker/module-runner.js,module-runner.js,js,52861,1b84c58447ea1b7138628a976622f6abd159b5a2750993a854f48d239763e003,REGULAR_FILE_NONFOLLOWING,round trip;return,Dependency/build artifact term match; retained for audit transparency,SCREENED_FALSE_POSITIVE,THIRD_PARTY_OR_GENERATED_DEPENDENCY,NO,NO_LQE_MEASUREMENT_EVIDENCE
/Users/tho2020/Documents/NEXAH ECOSYSTEM/40 EXPERIENCE PRODUCTION/NEXAHEDRON/node_modules/@shuding/opentype.js/dist/opentype.js,opentype.js,js,370747,734dad7627bcdfeb5a42679a05f08fa057e69eb9e2d89c8348b4d12ab5d83366,REGULAR_FILE_NONFOLLOWING,distance;baseline;timestamp;Eye;return,Dependency/build artifact term match; retained for audit transparency,SCREENED_FALSE_POSITIVE,THIRD_PARTY_OR_GENERATED_DEPENDENCY,NO,NO_LQE_MEASUREMENT_EVIDENCE
/Users/tho2020/Documents/NEXAH ECOSYSTEM/40 EXPERIENCE PRODUCTION/NEXAHEDRON/node_modules/@shuding/opentype.js/dist/opentype.module.js,opentype.module.js,js,339115,6bc905dd9038e89dc65d3ca16a6f4c5dc95ed6859456dfc5e29ac44cfe80c393,REGULAR_FILE_NONFOLLOWING,distance;baseline;timestamp;Eye;return,Dependency/build artifact term match; retained for audit transparency,SCREENED_FALSE_POSITIVE,THIRD_PARTY_OR_GENERATED_DEPENDENCY,NO,NO_LQE_MEASUREMENT_EVIDENCE
/Users/tho2020/Documents/NEXAH ECOSYSTEM/40 EXPERIENCE PRODUCTION/NEXAHEDRON/node_modules/@types/react/index.d.ts,index.d.ts,ts,177532,dc0a7f107690ee5cd8afc8dbf05c4df78085471ce16bdd9881642ec738bc81fe,REGULAR_FILE_NONFOLLOWING,baseline;Shadow;propagation;timestamp;OLS;return,Dependency/build artifact term match; retained for audit transparency,SCREENED_FALSE_POSITIVE,THIRD_PARTY_OR_GENERATED_DEPENDENCY,NO,NO_LQE_MEASUREMENT_EVIDENCE
/Users/tho2020/Documents/NEXAH ECOSYSTEM/40 EXPERIENCE PRODUCTION/NEXAHEDRON/node_modules/@types/react/ts5.0/index.d.ts,index.d.ts,ts,176505,d99a2f95af497a6fd9ef08d566365b7737c69724c7c7aa7a8986602c2f765d8d,REGULAR_FILE_NONFOLLOWING,baseline;Shadow;propagation;timestamp;OLS;return,Dependency/build artifact term match; retained for audit transparency,SCREENED_FALSE_POSITIVE,THIRD_PARTY_OR_GENERATED_DEPENDENCY,NO,NO_LQE_MEASUREMENT_EVIDENCE
/Users/tho2020/Documents/NEXAH ECOSYSTEM/40 EXPERIENCE PRODUCTION/NEXAHEDRON/node_modules/@typescript-eslint/scope-manager/dist/lib/dom.js,dom.js,js,98489,05b5dd2c7ae8b308d982a3f67d4c3a04dc1a2dbf436e7f1951cd9cb0b97c075d,REGULAR_FILE_NONFOLLOWING,distance;baseline;Shadow;timestamp;OLS;Eye;observer,Dependency/build artifact term match; retained for audit transparency,SCREENED_FALSE_POSITIVE,THIRD_PARTY_OR_GENERATED_DEPENDENCY,NO,NO_LQE_MEASUREMENT_EVIDENCE
/Users/tho2020/Documents/NEXAH ECOSYSTEM/40 EXPERIENCE PRODUCTION/NEXAHEDRON/node_modules/@vercel/og/dist/index.edge.js,index.edge.js,js,822139,f9c4f809c3155b45e8374c709dbc259eadeaa58a538cb026a03eec0af6255631,REGULAR_FILE_NONFOLLOWING,LQE;distance;baseline;Shadow;timestamp;OLS;Eye;return,Dependency/build artifact term match; retained for audit transparency,SCREENED_FALSE_POSITIVE,THIRD_PARTY_OR_GENERATED_DEPENDENCY,NO,NO_LQE_MEASUREMENT_EVIDENCE
/Users/tho2020/Documents/NEXAH ECOSYSTEM/40 EXPERIENCE PRODUCTION/NEXAHEDRON/node_modules/@vercel/og/dist/index.node.js,index.node.js,js,822921,f7a645f106c36f88a3e3e71413e6f9d32ed808e7a69896952309841f56f3527f,REGULAR_FILE_NONFOLLOWING,LQE;distance;baseline;Shadow;timestamp;OLS;Eye;return,Dependency/build artifact term match; retained for audit transparency,SCREENED_FALSE_POSITIVE,THIRD_PARTY_OR_GENERATED_DEPENDENCY,NO,NO_LQE_MEASUREMENT_EVIDENCE
/Users/tho2020/Documents/NEXAH ECOSYSTEM/40 EXPERIENCE PRODUCTION/NEXAHEDRON/node_modules/axe-core/axe.js,axe.js,js,1267338,30561bc582a0fa947aa2c638ee9d61c26bcc39bedfe643131ed3d4ec03eaa7f0,REGULAR_FILE_NONFOLLOWING,distance;baseline;Michelson;Shadow;timestamp;OLS;observer;return,Dependency/build artifact term match; retained for audit transparency,SCREENED_FALSE_POSITIVE,THIRD_PARTY_OR_GENERATED_DEPENDENCY,NO,NO_LQE_MEASUREMENT_EVIDENCE
/Users/tho2020/Documents/NEXAH ECOSYSTEM/40 EXPERIENCE PRODUCTION/NEXAHEDRON/node_modules/axe-core/axe.min.js,axe.min.js,js,564211,fb83a4378d978ecb7d2dae48a3a3778a84c971ac692f3afd45d714fba89c0f0d,REGULAR_FILE_NONFOLLOWING,distance;baseline;Michelson;Shadow;timestamp;OLS;observer;return,Dependency/build artifact term match; retained for audit transparency,SCREENED_FALSE_POSITIVE,THIRD_PARTY_OR_GENERATED_DEPENDENCY,NO,NO_LQE_MEASUREMENT_EVIDENCE
/Users/tho2020/Documents/NEXAH ECOSYSTEM/40 EXPERIENCE PRODUCTION/NEXAHEDRON/node_modules/axe-core/sri-history.json,sri-history.json,json,16593,72071bb18a455ecdd3afb198c8dd9a0fe8a0e90ffcfcdbfccfad97f28a04c581,REGULAR_FILE_NONFOLLOWING,LQE,Dependency/build artifact term match; retained for audit transparency,SCREENED_FALSE_POSITIVE,THIRD_PARTY_OR_GENERATED_DEPENDENCY,NO,NO_LQE_MEASUREMENT_EVIDENCE
/Users/tho2020/Documents/NEXAH ECOSYSTEM/40 EXPERIENCE PRODUCTION/NEXAHEDRON/node_modules/hermes-parser/dist/HermesParserWASM.js,HermesParserWASM.js,js,678244,391b062f8e48418ca8f04df9e2d56eb15d90c32a6edc1c169b92f619ccdec3d9,REGULAR_FILE_NONFOLLOWING,LQE;Eye;return,Dependency/build artifact term match; retained for audit transparency,SCREENED_FALSE_POSITIVE,THIRD_PARTY_OR_GENERATED_DEPENDENCY,NO,NO_LQE_MEASUREMENT_EVIDENCE
/Users/tho2020/Documents/NEXAH ECOSYSTEM/40 EXPERIENCE PRODUCTION/NEXAHEDRON/node_modules/miniflare/dist/local-explorer-ui/assets/TableSelect-pjLFrFfg.js,TableSelect-pjLFrFfg.js,js,334671,b4d8eb1003752fb08f6f9c2eaaab8141996cdb57e8dd6348ad28bcca532fdd30,REGULAR_FILE_NONFOLLOWING,distance;baseline;Shadow;propagation;OLS;observer;return,Dependency/build artifact term match; retained for audit transparency,SCREENED_FALSE_POSITIVE,THIRD_PARTY_OR_GENERATED_DEPENDENCY,NO,NO_LQE_MEASUREMENT_EVIDENCE
/Users/tho2020/Documents/NEXAH ECOSYSTEM/40 EXPERIENCE PRODUCTION/NEXAHEDRON/node_modules/miniflare/dist/local-explorer-ui/assets/index-BPLH0X4i.js,index-BPLH0X4i.js,js,1022980,82da63cfe317c4894c4611e2350b17db8ef282a32a51239447bf40f140f3a024,REGULAR_FILE_NONFOLLOWING,distance;baseline;Shadow;propagation;timestamp;OLS;observer;return,Dependency/build artifact term match; retained for audit transparency,SCREENED_FALSE_POSITIVE,THIRD_PARTY_OR_GENERATED_DEPENDENCY,NO,NO_LQE_MEASUREMENT_EVIDENCE
/Users/tho2020/Documents/NEXAH ECOSYSTEM/40 EXPERIENCE PRODUCTION/NEXAHEDRON/node_modules/miniflare/dist/src/index.js,index.js,js,4445628,3afab35a8a8dfb7e0fa25b6cfb8f5568a12340a266d1e91c62c8e23092bd4f5d,REGULAR_FILE_NONFOLLOWING,LQE;baseline;Shadow;timestamp;OLS;Eye;return,Dependency/build artifact term match; retained for audit transparency,SCREENED_FALSE_POSITIVE,THIRD_PARTY_OR_GENERATED_DEPENDENCY,NO,NO_LQE_MEASUREMENT_EVIDENCE
/Users/tho2020/Documents/NEXAH ECOSYSTEM/40 EXPERIENCE PRODUCTION/NEXAHEDRON/node_modules/miniflare/dist/src/workers/assets/assets.worker.js,assets.worker.js,js,420293,0cb92ab6c91409423ed24a0446b1e30d0dbb388d28fbbe92415cd645f6085945,REGULAR_FILE_NONFOLLOWING,emission;propagation;timestamp;OLS;Eye;observer;return,Dependency/build artifact term match; retained for audit transparency,SCREENED_FALSE_POSITIVE,THIRD_PARTY_OR_GENERATED_DEPENDENCY,NO,NO_LQE_MEASUREMENT_EVIDENCE
/Users/tho2020/Documents/NEXAH ECOSYSTEM/40 EXPERIENCE PRODUCTION/NEXAHEDRON/node_modules/miniflare/dist/src/workers/assets/router.worker.js,router.worker.js,js,442356,efe1081ea1f42f0f24ff80ac0ea44c33d25c3d9132db06e8d4ec92afbf05a1a5,REGULAR_FILE_NONFOLLOWING,baseline;Shadow;emission;propagation;timestamp;OLS;Eye;observer;return,Dependency/build artifact term match; retained for audit transparency,SCREENED_FALSE_POSITIVE,THIRD_PARTY_OR_GENERATED_DEPENDENCY,NO,NO_LQE_MEASUREMENT_EVIDENCE
/Users/tho2020/Documents/NEXAH ECOSYSTEM/40 EXPERIENCE PRODUCTION/NEXAHEDRON/node_modules/next/dist/bundle-analyzer/_next/static/chunks/29df097d1082f81a.js,29df097d1082f81a.js,js,410979,850c0676449803bdd69d4ee4eb43b5239c5b0320435f759e3923885b90fbe6c9,REGULAR_FILE_NONFOLLOWING,baseline;Shadow;timestamp;OLS;Eye;observer;return,Dependency/build artifact term match; retained for audit transparency,SCREENED_FALSE_POSITIVE,THIRD_PARTY_OR_GENERATED_DEPENDENCY,NO,NO_LQE_MEASUREMENT_EVIDENCE
/Users/tho2020/Documents/NEXAH ECOSYSTEM/40 EXPERIENCE PRODUCTION/NEXAHEDRON/node_modules/next/dist/bundle-analyzer/_next/static/chunks/64e504f815854219.js,64e504f815854219.js,js,618058,02bb4a0524ce41b8f82fea8c2e6c257e99efeac679bc7bdadbeb51989f285674,REGULAR_FILE_NONFOLLOWING,baseline;Shadow;propagation;timestamp;OLS;observer;return,Dependency/build artifact term match; retained for audit transparency,SCREENED_FALSE_POSITIVE,THIRD_PARTY_OR_GENERATED_DEPENDENCY,NO,NO_LQE_MEASUREMENT_EVIDENCE
/Users/tho2020/Documents/NEXAH ECOSYSTEM/40 EXPERIENCE PRODUCTION/NEXAHEDRON/node_modules/next/dist/compiled/@edge-runtime/primitives/fetch.js,fetch.js,js,796597,1577109d1e286a11e66bb56ba3dfa07d53d6c0e0610c08fed994f82838bb7658,REGULAR_FILE_NONFOLLOWING,LQE;propagation;timestamp;OLS;Eye;return,Dependency/build artifact term match; retained for audit transparency,SCREENED_FALSE_POSITIVE,THIRD_PARTY_OR_GENERATED_DEPENDENCY,NO,NO_LQE_MEASUREMENT_EVIDENCE
/Users/tho2020/Documents/NEXAH ECOSYSTEM/40 EXPERIENCE PRODUCTION/NEXAHEDRON/node_modules/next/dist/compiled/@edge-runtime/primitives/load.js,load.js,js,800754,d36b91e07ff16e770688afc5578702030e7eccaa3de59303cd6b0cef0707d230,REGULAR_FILE_NONFOLLOWING,LQE;propagation;timestamp;OLS;Eye;return,Dependency/build artifact term match; retained for audit transparency,SCREENED_FALSE_POSITIVE,THIRD_PARTY_OR_GENERATED_DEPENDENCY,NO,NO_LQE_MEASUREMENT_EVIDENCE
/Users/tho2020/Documents/NEXAH ECOSYSTEM/40 EXPERIENCE PRODUCTION/NEXAHEDRON/node_modules/next/dist/compiled/@vercel/og/index.edge.js,index.edge.js,js,734446,266a9c74d01ebbadcdf069a8ada208c63e4104234720d5bd05f769c12f9f33af,REGULAR_FILE_NONFOLLOWING,distance;baseline;Shadow;timestamp;OLS;return,Dependency/build artifact term match; retained for audit transparency,SCREENED_FALSE_POSITIVE,THIRD_PARTY_OR_GENERATED_DEPENDENCY,NO,NO_LQE_MEASUREMENT_EVIDENCE
/Users/tho2020/Documents/NEXAH ECOSYSTEM/40 EXPERIENCE PRODUCTION/NEXAHEDRON/node_modules/next/dist/compiled/@vercel/og/index.node.js,index.node.js,js,871434,da8987e6ac07686cb7d207942887c83951daea23b24a13adaa3168880f2f649d,REGULAR_FILE_NONFOLLOWING,LQE;distance;baseline;Shadow;timestamp;OLS;Eye;return,Dependency/build artifact term match; retained for audit transparency,SCREENED_FALSE_POSITIVE,THIRD_PARTY_OR_GENERATED_DEPENDENCY,NO,NO_LQE_MEASUREMENT_EVIDENCE
/Users/tho2020/Documents/NEXAH ECOSYSTEM/40 EXPERIENCE PRODUCTION/NEXAHEDRON/node_modules/next/dist/compiled/edge-runtime/index.js,index.js,js,525805,06703ed6b001b0f02f8043bb499f3716f2c3b76b7df628a1cea30d1ee671edb2,REGULAR_FILE_NONFOLLOWING,LQE;timestamp;OLS;Eye;return,Dependency/build artifact term match; retained for audit transparency,SCREENED_FALSE_POSITIVE,THIRD_PARTY_OR_GENERATED_DEPENDENCY,NO,NO_LQE_MEASUREMENT_EVIDENCE
/Users/tho2020/Documents/NEXAH ECOSYSTEM/40 EXPERIENCE PRODUCTION/NEXAHEDRON/node_modules/next/dist/compiled/next-devtools/index.js,index.js,js,745829,1f4ab8d05eca2ddcbe44ba64ac57123ad924ca7806b540fcf4c9cdf0e7686a8d,REGULAR_FILE_NONFOLLOWING,distance;baseline;Shadow;propagation;timestamp;OLS;observer;return,Dependency/build artifact term match; retained for audit transparency,SCREENED_FALSE_POSITIVE,THIRD_PARTY_OR_GENERATED_DEPENDENCY,NO,NO_LQE_MEASUREMENT_EVIDENCE
/Users/tho2020/Documents/NEXAH ECOSYSTEM/40 EXPERIENCE PRODUCTION/NEXAHEDRON/node_modules/next/dist/compiled/next-server/app-page-experimental.runtime.dev.js,app-page-experimental.runtime.dev.js,js,1563678,114d3f745942a28704a3f50a6152c2de4ec7a82b16d70732d0aed9d684aea93d,REGULAR_FILE_NONFOLLOWING,baseline;Shadow;propagation;timestamp;OLS;Eye;observer;return,Dependency/build artifact term match; retained for audit transparency,SCREENED_FALSE_POSITIVE,THIRD_PARTY_OR_GENERATED_DEPENDENCY,NO,NO_LQE_MEASUREMENT_EVIDENCE
/Users/tho2020/Documents/NEXAH ECOSYSTEM/40 EXPERIENCE PRODUCTION/NEXAHEDRON/node_modules/next/dist/compiled/next-server/app-page-experimental.runtime.prod.js,app-page-experimental.runtime.prod.js,js,618205,635c0aa367a89c25f3fa414b3c2e148c35fe7e0159ea1d035042d0353ebf7834,REGULAR_FILE_NONFOLLOWING,baseline;Shadow;propagation;timestamp;OLS;observer;return,Dependency/build artifact term match; retained for audit transparency,SCREENED_FALSE_POSITIVE,THIRD_PARTY_OR_GENERATED_DEPENDENCY,NO,NO_LQE_MEASUREMENT_EVIDENCE
/Users/tho2020/Documents/NEXAH ECOSYSTEM/40 EXPERIENCE PRODUCTION/NEXAHEDRON/node_modules/next/dist/compiled/next-server/app-page-turbo-experimental.runtime.dev.js,app-page-turbo-experimental.runtime.dev.js,js,1562554,4bceb678d5f50a2fec40ea952aaa13bc2d5bd338c6f33630cb2625cff0b13079,REGULAR_FILE_NONFOLLOWING,baseline;Shadow;propagation;timestamp;OLS;Eye;observer;return,Dependency/build artifact term match; retained for audit transparency,SCREENED_FALSE_POSITIVE,THIRD_PARTY_OR_GENERATED_DEPENDENCY,NO,NO_LQE_MEASUREMENT_EVIDENCE
/Users/tho2020/Documents/NEXAH ECOSYSTEM/40 EXPERIENCE PRODUCTION/NEXAHEDRON/node_modules/next/dist/compiled/next-server/app-page-turbo-experimental.runtime.prod.js,app-page-turbo-experimental.runtime.prod.js,js,617838,b88f26c6af16bb50ca9d4a19f702b46c583279bea05b29e8d328238e7b63c748,REGULAR_FILE_NONFOLLOWING,baseline;Shadow;propagation;timestamp;OLS;observer;return,Dependency/build artifact term match; retained for audit transparency,SCREENED_FALSE_POSITIVE,THIRD_PARTY_OR_GENERATED_DEPENDENCY,NO,NO_LQE_MEASUREMENT_EVIDENCE
/Users/tho2020/Documents/NEXAH ECOSYSTEM/40 EXPERIENCE PRODUCTION/NEXAHEDRON/node_modules/next/dist/compiled/next-server/app-page-turbo.runtime.dev.js,app-page-turbo.runtime.dev.js,js,1541635,b6643116dbb2f7644a265f24c2bd92464826dd259e96c499d0954e771570d614,REGULAR_FILE_NONFOLLOWING,baseline;Shadow;propagation;timestamp;OLS;Eye;observer;return,Dependency/build artifact term match; retained for audit transparency,SCREENED_FALSE_POSITIVE,THIRD_PARTY_OR_GENERATED_DEPENDENCY,NO,NO_LQE_MEASUREMENT_EVIDENCE
/Users/tho2020/Documents/NEXAH ECOSYSTEM/40 EXPERIENCE PRODUCTION/NEXAHEDRON/node_modules/next/dist/compiled/next-server/app-page-turbo.runtime.prod.js,app-page-turbo.runtime.prod.js,js,609407,5cfb4785f3b87cabf22f8d838c88e53cdc63fe179e84e54c95c50ede4c526b3c,REGULAR_FILE_NONFOLLOWING,baseline;Shadow;propagation;timestamp;OLS;observer;return,Dependency/build artifact term match; retained for audit transparency,SCREENED_FALSE_POSITIVE,THIRD_PARTY_OR_GENERATED_DEPENDENCY,NO,NO_LQE_MEASUREMENT_EVIDENCE
/Users/tho2020/Documents/NEXAH ECOSYSTEM/40 EXPERIENCE PRODUCTION/NEXAHEDRON/node_modules/next/dist/compiled/next-server/app-page.runtime.dev.js,app-page.runtime.dev.js,js,1542733,d2499f1ebb1596ff92f1b1a2b1716719cf2aff1d7c488df3f61e0272410f511a,REGULAR_FILE_NONFOLLOWING,baseline;Shadow;propagation;timestamp;OLS;Eye;observer;return,Dependency/build artifact term match; retained for audit transparency,SCREENED_FALSE_POSITIVE,THIRD_PARTY_OR_GENERATED_DEPENDENCY,NO,NO_LQE_MEASUREMENT_EVIDENCE
/Users/tho2020/Documents/NEXAH ECOSYSTEM/40 EXPERIENCE PRODUCTION/NEXAHEDRON/node_modules/next/dist/compiled/next-server/app-page.runtime.prod.js,app-page.runtime.prod.js,js,609774,b305fd52cc1b67cacb2e4d109fad0236c2b7a4e0a4817b3a5a2968f3ed988d19,REGULAR_FILE_NONFOLLOWING,baseline;Shadow;propagation;timestamp;OLS;observer;return,Dependency/build artifact term match; retained for audit transparency,SCREENED_FALSE_POSITIVE,THIRD_PARTY_OR_GENERATED_DEPENDENCY,NO,NO_LQE_MEASUREMENT_EVIDENCE
/Users/tho2020/Documents/NEXAH ECOSYSTEM/40 EXPERIENCE PRODUCTION/NEXAHEDRON/node_modules/next/dist/compiled/react-dom-experimental/cjs/react-dom-client.development.js,react-dom-client.development.js,js,1259231,bc9e385185f3ae0d0796dfd1572bfd3e36655a1f637f220ff4e2b8731463b13b,REGULAR_FILE_NONFOLLOWING,distance;baseline;propagation;timestamp;OLS;Eye;observer;return,Dependency/build artifact term match; retained for audit transparency,SCREENED_FALSE_POSITIVE,THIRD_PARTY_OR_GENERATED_DEPENDENCY,NO,NO_LQE_MEASUREMENT_EVIDENCE
/Users/tho2020/Documents/NEXAH ECOSYSTEM/40 EXPERIENCE PRODUCTION/NEXAHEDRON/node_modules/next/dist/compiled/react-dom-experimental/cjs/react-dom-client.production.js,react-dom-client.production.js,js,678807,c518b37c38ee56f484d8fd05570183c46bc6a3497408c6eab1f3baefeb0927a6,REGULAR_FILE_NONFOLLOWING,baseline;propagation;timestamp;OLS;observer;return,Dependency/build artifact term match; retained for audit transparency,SCREENED_FALSE_POSITIVE,THIRD_PARTY_OR_GENERATED_DEPENDENCY,NO,NO_LQE_MEASUREMENT_EVIDENCE
/Users/tho2020/Documents/NEXAH ECOSYSTEM/40 EXPERIENCE PRODUCTION/NEXAHEDRON/node_modules/next/dist/compiled/react-dom-experimental/cjs/react-dom-profiling.development.js,react-dom-profiling.development.js,js,1275778,cd525dd236844ee903970ba5286a52b71f765fcc5b92f9dd054df851c0c45319,REGULAR_FILE_NONFOLLOWING,distance;baseline;propagation;timestamp;OLS;Eye;observer;return,Dependency/build artifact term match; retained for audit transparency,SCREENED_FALSE_POSITIVE,THIRD_PARTY_OR_GENERATED_DEPENDENCY,NO,NO_LQE_MEASUREMENT_EVIDENCE
/Users/tho2020/Documents/NEXAH ECOSYSTEM/40 EXPERIENCE PRODUCTION/NEXAHEDRON/node_modules/next/dist/compiled/react-dom-experimental/cjs/react-dom-profiling.profiling.js,react-dom-profiling.profiling.js,js,757781,317d1bf6a8560b0543f2c9dde8192275c9baca9b60097068848d9a7f689ea04a,REGULAR_FILE_NONFOLLOWING,baseline;propagation;timestamp;OLS;observer;return,Dependency/build artifact term match; retained for audit transparency,SCREENED_FALSE_POSITIVE,THIRD_PARTY_OR_GENERATED_DEPENDENCY,NO,NO_LQE_MEASUREMENT_EVIDENCE
/Users/tho2020/Documents/NEXAH ECOSYSTEM/40 EXPERIENCE PRODUCTION/NEXAHEDRON/node_modules/next/dist/compiled/react-dom-experimental/cjs/react-dom-unstable_testing.development.js,react-dom-unstable_testing.development.js,js,1275776,1713d91402cf6e5b0b2363863ce3e2b3dd41d3c067a3c0515d7a667e5262f740,REGULAR_FILE_NONFOLLOWING,distance;baseline;propagation;timestamp;OLS;Eye;observer;return,Dependency/build artifact term match; retained for audit transparency,SCREENED_FALSE_POSITIVE,THIRD_PARTY_OR_GENERATED_DEPENDENCY,NO,NO_LQE_MEASUREMENT_EVIDENCE
/Users/tho2020/Documents/NEXAH ECOSYSTEM/40 EXPERIENCE PRODUCTION/NEXAHEDRON/node_modules/next/dist/compiled/react-dom-experimental/cjs/react-dom-unstable_testing.production.js,react-dom-unstable_testing.production.js,js,693218,9271cfc4ebb3f153d0fcc69f05fa60c58d185753a9f1641c0488b2e81abe122e,REGULAR_FILE_NONFOLLOWING,baseline;propagation;timestamp;OLS;observer;return,Dependency/build artifact term match; retained for audit transparency,SCREENED_FALSE_POSITIVE,THIRD_PARTY_OR_GENERATED_DEPENDENCY,NO,NO_LQE_MEASUREMENT_EVIDENCE
/Users/tho2020/Documents/NEXAH ECOSYSTEM/40 EXPERIENCE PRODUCTION/NEXAHEDRON/node_modules/next/dist/compiled/react-dom/cjs/react-dom-client.development.js,react-dom-client.development.js,js,1168821,5166f0026794ec099a8074292644c4b463bed40632c84b7c14ad78f836fda293,REGULAR_FILE_NONFOLLOWING,distance;baseline;propagation;timestamp;OLS;Eye;observer;return,Dependency/build artifact term match; retained for audit transparency,SCREENED_FALSE_POSITIVE,THIRD_PARTY_OR_GENERATED_DEPENDENCY,NO,NO_LQE_MEASUREMENT_EVIDENCE
/Users/tho2020/Documents/NEXAH ECOSYSTEM/40 EXPERIENCE PRODUCTION/NEXAHEDRON/node_modules/next/dist/compiled/react-dom/cjs/react-dom-client.production.js,react-dom-client.production.js,js,612836,f0fce6a185ca88905e72eb887fcd6d605555744363cb921ba44d9eabb36e012e,REGULAR_FILE_NONFOLLOWING,baseline;propagation;timestamp;OLS;observer;return,Dependency/build artifact term match; retained for audit transparency,SCREENED_FALSE_POSITIVE,THIRD_PARTY_OR_GENERATED_DEPENDENCY,NO,NO_LQE_MEASUREMENT_EVIDENCE
/Users/tho2020/Documents/NEXAH ECOSYSTEM/40 EXPERIENCE PRODUCTION/NEXAHEDRON/node_modules/next/dist/compiled/react-dom/cjs/react-dom-profiling.development.js,react-dom-profiling.development.js,js,1185433,2baaa40494a733907a91fa4852954aee380935ce3a32bcec84d6a47c76f6beaa,REGULAR_FILE_NONFOLLOWING,distance;baseline;propagation;timestamp;OLS;Eye;observer;return,Dependency/build artifact term match; retained for audit transparency,SCREENED_FALSE_POSITIVE,THIRD_PARTY_OR_GENERATED_DEPENDENCY,NO,NO_LQE_MEASUREMENT_EVIDENCE
/Users/tho2020/Documents/NEXAH ECOSYSTEM/40 EXPERIENCE PRODUCTION/NEXAHEDRON/node_modules/next/dist/compiled/react-dom/cjs/react-dom-profiling.profiling.js,react-dom-profiling.profiling.js,js,687060,9f80e884a7864bb90b92d4005c2f045e0b1bbb301c269cdce499774072c5ba9f,REGULAR_FILE_NONFOLLOWING,baseline;propagation;timestamp;OLS;observer;return,Dependency/build artifact term match; retained for audit transparency,SCREENED_FALSE_POSITIVE,THIRD_PARTY_OR_GENERATED_DEPENDENCY,NO,NO_LQE_MEASUREMENT_EVIDENCE
/Users/tho2020/Documents/NEXAH ECOSYSTEM/40 EXPERIENCE PRODUCTION/NEXAHEDRON/node_modules/next/dist/compiled/terser/bundle.min.js,bundle.min.js,js,516935,e4ae9a64825ea7f53606c3ee01633f08b64e12000a30d3687f52b64977f9a652,REGULAR_FILE_NONFOLLOWING,distance;baseline;Shadow;propagation;timestamp;OLS;Eye;observer;return,Dependency/build artifact term match; retained for audit transparency,SCREENED_FALSE_POSITIVE,THIRD_PARTY_OR_GENERATED_DEPENDENCY,NO,NO_LQE_MEASUREMENT_EVIDENCE
/Users/tho2020/Documents/NEXAH ECOSYSTEM/40 EXPERIENCE PRODUCTION/NEXAHEDRON/node_modules/next/dist/docs/01-app/02-guides/backend-for-frontend.md,backend-for-frontend.md,md,29607,bd8b64e6d0581cdd06d69f75bd54ec2e221c3604108434960802aa304f1980da,REGULAR_FILE_NONFOLLOWING,round trip;return,Dependency/build artifact term match; retained for audit transparency,SCREENED_FALSE_POSITIVE,THIRD_PARTY_OR_GENERATED_DEPENDENCY,NO,NO_LQE_MEASUREMENT_EVIDENCE
/Users/tho2020/Documents/NEXAH ECOSYSTEM/40 EXPERIENCE PRODUCTION/NEXAHEDRON/node_modules/next/dist/docs/01-app/02-guides/cdn-caching.md,cdn-caching.md,md,9757,9b2ad6c6807760d657198e567b314f5bd86bbe73139ded8cfbc746727ddc219b,REGULAR_FILE_NONFOLLOWING,round trip;return,Dependency/build artifact term match; retained for audit transparency,SCREENED_FALSE_POSITIVE,THIRD_PARTY_OR_GENERATED_DEPENDENCY,NO,NO_LQE_MEASUREMENT_EVIDENCE
/Users/tho2020/Documents/NEXAH ECOSYSTEM/40 EXPERIENCE PRODUCTION/NEXAHEDRON/node_modules/next/dist/docs/01-app/03-api-reference/05-config/01-next-config-js/inlineCss.md,inlineCss.md,md,3697,562704ea32419b342eacee3832cf854af1b434f90411bc01bd3219f365f60288,REGULAR_FILE_NONFOLLOWING,round trip;return,Dependency/build artifact term match; retained for audit transparency,SCREENED_FALSE_POSITIVE,THIRD_PARTY_OR_GENERATED_DEPENDENCY,NO,NO_LQE_MEASUREMENT_EVIDENCE
/Users/tho2020/Documents/NEXAH ECOSYSTEM/40 EXPERIENCE PRODUCTION/NEXAHEDRON/node_modules/next/dist/esm/server/app-render/app-render.js,app-render.js,js,244575,1357051eb0344c846f17babe8177c0d056a284df422277c8a02331a18f6c4174,REGULAR_FILE_NONFOLLOWING,distance;Shadow;propagation;timestamp;OLS;return,Dependency/build artifact term match; retained for audit transparency,SCREENED_FALSE_POSITIVE,THIRD_PARTY_OR_GENERATED_DEPENDENCY,NO,NO_LQE_MEASUREMENT_EVIDENCE
/Users/tho2020/Documents/NEXAH ECOSYSTEM/40 EXPERIENCE PRODUCTION/NEXAHEDRON/node_modules/next/dist/esm/server/app-render/collect-segment-data.js,collect-segment-data.js,js,31251,56e9b4b54a1a313820d8a6b5f2911d2a7ca75fdbbf6b26eae8f3f6390400d748,REGULAR_FILE_NONFOLLOWING,round trip;return,Dependency/build artifact term match; retained for audit transparency,SCREENED_FALSE_POSITIVE,THIRD_PARTY_OR_GENERATED_DEPENDENCY,NO,NO_LQE_MEASUREMENT_EVIDENCE
/Users/tho2020/Documents/NEXAH ECOSYSTEM/40 EXPERIENCE PRODUCTION/NEXAHEDRON/node_modules/next/dist/server/app-render/app-render.js,app-render.js,js,257196,26755225d9eab6536bf1f8c8796a5b31c4967274721d0185b657c1354ba6cbd1,REGULAR_FILE_NONFOLLOWING,distance;Shadow;propagation;timestamp;OLS;return,Dependency/build artifact term match; retained for audit transparency,SCREENED_FALSE_POSITIVE,THIRD_PARTY_OR_GENERATED_DEPENDENCY,NO,NO_LQE_MEASUREMENT_EVIDENCE
/Users/tho2020/Documents/NEXAH ECOSYSTEM/40 EXPERIENCE PRODUCTION/NEXAHEDRON/node_modules/next/dist/server/app-render/collect-segment-data.js,collect-segment-data.js,js,32024,9b8828e3aef0ac49c0da6a48a0b204e790ecfc0a2924634fdd870770c8daa5c7,REGULAR_FILE_NONFOLLOWING,round trip;return,Dependency/build artifact term match; retained for audit transparency,SCREENED_FALSE_POSITIVE,THIRD_PARTY_OR_GENERATED_DEPENDENCY,NO,NO_LQE_MEASUREMENT_EVIDENCE
/Users/tho2020/Documents/NEXAH ECOSYSTEM/40 EXPERIENCE PRODUCTION/NEXAHEDRON/node_modules/react-dom/cjs/react-dom-client.development.js,react-dom-client.development.js,js,1065698,d27de6648360d44909aca6a3a93b9d306e6cad2d23913caf1b10cc39c896225b,REGULAR_FILE_NONFOLLOWING,distance;baseline;propagation;timestamp;OLS;Eye;return,Dependency/build artifact term match; retained for audit transparency,SCREENED_FALSE_POSITIVE,THIRD_PARTY_OR_GENERATED_DEPENDENCY,NO,NO_LQE_MEASUREMENT_EVIDENCE
/Users/tho2020/Documents/NEXAH ECOSYSTEM/40 EXPERIENCE PRODUCTION/NEXAHEDRON/node_modules/react-dom/cjs/react-dom-client.production.js,react-dom-client.production.js,js,536016,e7e8275ddedd11991183aec736095ba33e90fd4ce04a8dbb413efce1dae6050b,REGULAR_FILE_NONFOLLOWING,baseline;propagation;timestamp;OLS;return,Dependency/build artifact term match; retained for audit transparency,SCREENED_FALSE_POSITIVE,THIRD_PARTY_OR_GENERATED_DEPENDENCY,NO,NO_LQE_MEASUREMENT_EVIDENCE
/Users/tho2020/Documents/NEXAH ECOSYSTEM/40 EXPERIENCE PRODUCTION/NEXAHEDRON/node_modules/react-dom/cjs/react-dom-profiling.development.js,react-dom-profiling.development.js,js,1082082,4b1a82ff9ab0711a70ffc26d5ab21ca26237c82023d6adb77c38140aa437169a,REGULAR_FILE_NONFOLLOWING,distance;baseline;propagation;timestamp;OLS;Eye;return,Dependency/build artifact term match; retained for audit transparency,SCREENED_FALSE_POSITIVE,THIRD_PARTY_OR_GENERATED_DEPENDENCY,NO,NO_LQE_MEASUREMENT_EVIDENCE
/Users/tho2020/Documents/NEXAH ECOSYSTEM/40 EXPERIENCE PRODUCTION/NEXAHEDRON/node_modules/react-dom/cjs/react-dom-profiling.profiling.js,react-dom-profiling.profiling.js,js,607634,e2afeeb87c13767d5536550e6ce5aa4e7f1611de43ea891acb30d1131bb22204,REGULAR_FILE_NONFOLLOWING,baseline;propagation;timestamp;OLS;return,Dependency/build artifact term match; retained for audit transparency,SCREENED_FALSE_POSITIVE,THIRD_PARTY_OR_GENERATED_DEPENDENCY,NO,NO_LQE_MEASUREMENT_EVIDENCE
/Users/tho2020/Documents/NEXAH ECOSYSTEM/40 EXPERIENCE PRODUCTION/NEXAHEDRON/node_modules/terser/dist/bundle.min.js,bundle.min.js,js,1074934,4d9e97e2ffb71cae999d59f2b0ac772fb45f51fd1938a630f19805d16388a3b6,REGULAR_FILE_NONFOLLOWING,distance;baseline;Shadow;propagation;timestamp;OLS;Eye;observer;return,Dependency/build artifact term match; retained for audit transparency,SCREENED_FALSE_POSITIVE,THIRD_PARTY_OR_GENERATED_DEPENDENCY,NO,NO_LQE_MEASUREMENT_EVIDENCE
/Users/tho2020/Documents/NEXAH ECOSYSTEM/40 EXPERIENCE PRODUCTION/NEXAHEDRON/node_modules/terser/tools/domprops.js,domprops.js,js,202239,d2daf979d8b7053e2af3d39313ddde9d376bcb348688369af4dae19324f387fc,REGULAR_FILE_NONFOLLOWING,distance;baseline;Shadow;propagation;timestamp;OLS;Eye;observer;return,Dependency/build artifact term match; retained for audit transparency,SCREENED_FALSE_POSITIVE,THIRD_PARTY_OR_GENERATED_DEPENDENCY,NO,NO_LQE_MEASUREMENT_EVIDENCE
/Users/tho2020/Documents/NEXAH ECOSYSTEM/40 EXPERIENCE PRODUCTION/NEXAHEDRON/node_modules/typescript/lib/_tsc.js,_tsc.js,js,6213092,e8f349eabd48486bdb2bf9dc1a00c89d58297270c54b745838879e2859194419,REGULAR_FILE_NONFOLLOWING,distance;baseline;Shadow;propagation;timestamp;OLS;Eye;return,Dependency/build artifact term match; retained for audit transparency,SCREENED_FALSE_POSITIVE,THIRD_PARTY_OR_GENERATED_DEPENDENCY,NO,NO_LQE_MEASUREMENT_EVIDENCE
/Users/tho2020/Documents/NEXAH ECOSYSTEM/40 EXPERIENCE PRODUCTION/NEXAHEDRON/node_modules/typescript/lib/lib.dom.d.ts,lib.dom.d.ts,ts,1874901,080941d9f9ff9307f7e27a83bcd888b7c8270716c39af943532438932ec1d0b9,REGULAR_FILE_NONFOLLOWING,distance;baseline;Shadow;propagation;reception;timestamp;OLS;Eye;observer;return,Dependency/build artifact term match; retained for audit transparency,SCREENED_FALSE_POSITIVE,THIRD_PARTY_OR_GENERATED_DEPENDENCY,NO,NO_LQE_MEASUREMENT_EVIDENCE
/Users/tho2020/Documents/NEXAH ECOSYSTEM/40 EXPERIENCE PRODUCTION/NEXAHEDRON/node_modules/typescript/lib/lib.webworker.d.ts,lib.webworker.d.ts,ts,609557,6d08cde2bfb6ff909efbf7cb7d6d55be412cf4b9f48fd0430185986973fa91f5,REGULAR_FILE_NONFOLLOWING,distance;baseline;Shadow;propagation;timestamp;OLS;observer;return,Dependency/build artifact term match; retained for audit transparency,SCREENED_FALSE_POSITIVE,THIRD_PARTY_OR_GENERATED_DEPENDENCY,NO,NO_LQE_MEASUREMENT_EVIDENCE
/Users/tho2020/Documents/NEXAH ECOSYSTEM/40 EXPERIENCE PRODUCTION/NEXAHEDRON/node_modules/undici/lib/llhttp/llhttp-wasm.js,llhttp-wasm.js,js,72279,344f7ae80c983694372d9234584a1261ef5492ab219d6e573e933f5d1c715b00,REGULAR_FILE_NONFOLLOWING,LQE;Eye;return,Dependency/build artifact term match; retained for audit transparency,SCREENED_FALSE_POSITIVE,THIRD_PARTY_OR_GENERATED_DEPENDENCY,NO,NO_LQE_MEASUREMENT_EVIDENCE
/Users/tho2020/Documents/NEXAH ECOSYSTEM/40 EXPERIENCE PRODUCTION/NEXAHEDRON/node_modules/undici/lib/llhttp/llhttp_simd-wasm.js,llhttp_simd-wasm.js,js,72531,52c16227482700834512f2c2257eb44652f39b11f868600562274f476025e4bd,REGULAR_FILE_NONFOLLOWING,LQE;Eye;return,Dependency/build artifact term match; retained for audit transparency,SCREENED_FALSE_POSITIVE,THIRD_PARTY_OR_GENERATED_DEPENDENCY,NO,NO_LQE_MEASUREMENT_EVIDENCE
/Users/tho2020/Documents/NEXAH ECOSYSTEM/40 EXPERIENCE PRODUCTION/NEXAHEDRON/node_modules/vite/dist/node/chunks/node.js,node.js,js,1319608,3968fab97a9d0882f0e2e754bd0d5b417f0a84596e293179a9a6e585919f041c,REGULAR_FILE_NONFOLLOWING,LQE;baseline;propagation;timestamp;OLS;Eye;return,Dependency/build artifact term match; retained for audit transparency,SCREENED_FALSE_POSITIVE,THIRD_PARTY_OR_GENERATED_DEPENDENCY,NO,NO_LQE_MEASUREMENT_EVIDENCE
/Users/tho2020/Documents/NEXAH ECOSYSTEM/40 EXPERIENCE PRODUCTION/NEXAHEDRON/node_modules/vite/dist/node/index.d.ts,index.d.ts,ts,162706,50eeb4447f12e65c86b01e5d51db45f1a35f820ed489b0550962de1bb9cfe932,REGULAR_FILE_NONFOLLOWING,baseline;propagation;timestamp;OLS;return,Dependency/build artifact term match; retained for audit transparency,SCREENED_FALSE_POSITIVE,THIRD_PARTY_OR_GENERATED_DEPENDENCY,NO,NO_LQE_MEASUREMENT_EVIDENCE
/Users/tho2020/Documents/NEXAH ECOSYSTEM/40 EXPERIENCE PRODUCTION/NEXAHEDRON/node_modules/vite/dist/node/module-runner.d.ts,module-runner.d.ts,ts,11507,d4ec151557b64ff001e06b5878e66eb98640961647b1581fe2a0a1af05f408fb,REGULAR_FILE_NONFOLLOWING,round trip;return,Dependency/build artifact term match; retained for audit transparency,SCREENED_FALSE_POSITIVE,THIRD_PARTY_OR_GENERATED_DEPENDENCY,NO,NO_LQE_MEASUREMENT_EVIDENCE
/Users/tho2020/Documents/NEXAH ECOSYSTEM/40 EXPERIENCE PRODUCTION/NEXAHEDRON/node_modules/vite/dist/node/module-runner.js,module-runner.js,js,54295,b4917136a7b82a25ad3e62151594589fac7e9179359da8df145bc96f3693393b,REGULAR_FILE_NONFOLLOWING,round trip;return,Dependency/build artifact term match; retained for audit transparency,SCREENED_FALSE_POSITIVE,THIRD_PARTY_OR_GENERATED_DEPENDENCY,NO,NO_LQE_MEASUREMENT_EVIDENCE
/Users/tho2020/Documents/NEXAH ECOSYSTEM/40 EXPERIENCE PRODUCTION/NEXAHEDRON/node_modules/yoga-layout/dist/binaries/yoga-wasm-base64-esm.js,yoga-wasm-base64-esm.js,js,120919,2cfeda49ae87f57bcd4a5fe433940edefc531a69bd0f83e32759fb5837df205c,REGULAR_FILE_NONFOLLOWING,LQE;OLS;Eye;return,Dependency/build artifact term match; retained for audit transparency,SCREENED_FALSE_POSITIVE,THIRD_PARTY_OR_GENERATED_DEPENDENCY,NO,NO_LQE_MEASUREMENT_EVIDENCE
/Users/tho2020/Documents/NEXAH ECOSYSTEM/40 EXPERIENCE PRODUCTION/NEXAHEDRON/node_modules/zod/src/v4/classic/tests/codec-examples.test.ts,codec-examples.test.ts,ts,19030,3498ad27ece4f8d97a9588728a909d6fee046b7ef8d6d9f442ce702193f0d789,REGULAR_FILE_NONFOLLOWING,round trip;return,Dependency/build artifact term match; retained for audit transparency,SCREENED_FALSE_POSITIVE,THIRD_PARTY_OR_GENERATED_DEPENDENCY,NO,NO_LQE_MEASUREMENT_EVIDENCE
/Users/tho2020/Documents/NEXAH ECOSYSTEM/40 EXPERIENCE PRODUCTION/NEXAHEDRON/node_modules/zod/src/v4/classic/tests/codec.test.ts,codec.test.ts,ts,23697,78b343937dff63d944423f4a0b76d55848a5da6f302654e362f49ad864d8f28d,REGULAR_FILE_NONFOLLOWING,round trip;return,Dependency/build artifact term match; retained for audit transparency,SCREENED_FALSE_POSITIVE,THIRD_PARTY_OR_GENERATED_DEPENDENCY,NO,NO_LQE_MEASUREMENT_EVIDENCE
/Users/tho2020/Documents/NEXAH ECOSYSTEM/40 EXPERIENCE PRODUCTION/NEXAHEDRON/node_modules/zod/src/v4/classic/tests/stringbool.test.ts,stringbool.test.ts,ts,3536,6a5f06aa81c442476c2c656607ec580707afbb08df67eb813ce7dd0f20c42fdd,REGULAR_FILE_NONFOLLOWING,round trip;return,Dependency/build artifact term match; retained for audit transparency,SCREENED_FALSE_POSITIVE,THIRD_PARTY_OR_GENERATED_DEPENDENCY,NO,NO_LQE_MEASUREMENT_EVIDENCE
/Users/tho2020/Documents/NEXAH ECOSYSTEM/40 EXPERIENCE PRODUCTION/NEXAHEDRON/node_modules/zod/src/v4/mini/tests/codec.test.ts,codec.test.ts,ts,18780,1c105dad82b9ff8b41170facfb23da29028e1cfbf5ff9e6b576e35338905a044,REGULAR_FILE_NONFOLLOWING,round trip;return,Dependency/build artifact term match; retained for audit transparency,SCREENED_FALSE_POSITIVE,THIRD_PARTY_OR_GENERATED_DEPENDENCY,NO,NO_LQE_MEASUREMENT_EVIDENCE
/Users/tho2020/Documents/NEXAH ECOSYSTEM/40 EXPERIENCE PRODUCTION/NEXAHEDRON/package-lock.json,package-lock.json,json,314316,57e5de84fea92583156c3e1de3a7431008261d998a391ad9b671cfab30a5763d,REGULAR_FILE_NONFOLLOWING,LQE;baseline;Shadow;ORION;OLS;Eye,"filename/content match: LQE, baseline, Shadow, ORION, OLS, Eye",B1_DISTANCE;LQE_CONTEXT,REPOSITORY_ARTIFACT,YES_WITH_CONTEXT,DOCUMENTARY_OR_SPECIFICATION_ONLY; NO_MEASUREMENT_EXECUTION_INFERRED
