filename,sha256,issue_date,horizon_days,target_mjd,target_state,predicted_lod_seconds,observed_lod_seconds,error_seconds
ESMGFZ_EAM-90d_03h_2025_001F.asc,aa75f743a951effed6ffdbbbfb8416811fbfd1625e2834d08d2f0c03ea70746e,2024-12-31,1,60676.0,P,-0.00023201407130156335,-0.0002457,1.3685928698436664e-05
ESMGFZ_EAM-90d_03h_2025_001F.asc,aa75f743a951effed6ffdbbbfb8416811fbfd1625e2834d08d2f0c03ea70746e,2024-12-31,3,60678.0,P,0.00027530275514118125,0.0002763,-9.972448588187448e-07
ESMGFZ_EAM-90d_03h_2025_001F.asc,aa75f743a951effed6ffdbbbfb8416811fbfd1625e2834d08d2f0c03ea70746e,2024-12-31,7,60682.0,P,0.0007671015335880896,0.0007701,-2.998466411910437e-06
ESMGFZ_EAM-90d_03h_2025_001F.asc,aa75f743a951effed6ffdbbbfb8416811fbfd1625e2834d08d2f0c03ea70746e,2024-12-31,30,60705.0,P,0.00010699247360553597,1.61e-05,9.089247360553597e-05
ESMGFZ_EAM-90d_03h_2025_002F.asc,2406d830d0cd613c8716806bbdf9927877a0a852f648ecf91f9c3b8063377512,2025-01-01,1,60677.0,P,8.499183373137341e-06,-2.96e-05,3.809918337313734e-05
ESMGFZ_EAM-90d_03h_2025_002F.asc,2406d830d0cd613c8716806bbdf9927877a0a852f648ecf91f9c3b8063377512,2025-01-01,3,60679.0,P,0.0005372551796462558,0.0005468,-9.544820353744139e-06
ESMGFZ_EAM-90d_03h_2025_002F.asc,2406d830d0cd613c8716806bbdf9927877a0a852f648ecf91f9c3b8063377512,2025-01-01,7,60683.0,P,0.0005916159935777371,0.0005579,3.3715993577737146e-05
ESMGFZ_EAM-90d_03h_2025_002F.asc,2406d830d0cd613c8716806bbdf9927877a0a852f648ecf91f9c3b8063377512,2025-01-01,30,60706.0,P,0.00040375762279413026,0.0003198,8.395762279413024e-05
ESMGFZ_EAM-90d_03h_2025_003F.asc,d8f10f806eaa855dce4a9381a5591bad1509cc9c8817ff4db29a2d8934e2ac3f,2025-01-02,1,60678.0,P,0.0003237578748133012,0.0002763,4.7457874813301216e-05
ESMGFZ_EAM-90d_03h_2025_003F.asc,d8f10f806eaa855dce4a9381a5591bad1509cc9c8817ff4db29a2d8934e2ac3f,2025-01-02,3,60680.0,P,0.0007630585141096124,0.0007499,1.3158514109612397e-05
ESMGFZ_EAM-90d_03h_2025_003F.asc,d8f10f806eaa855dce4a9381a5591bad1509cc9c8817ff4db29a2d8934e2ac3f,2025-01-02,7,60684.0,P,0.0002531575402121705,0.0002372,1.5957540212170525e-05
ESMGFZ_EAM-90d_03h_2025_003F.asc,d8f10f806eaa855dce4a9381a5591bad1509cc9c8817ff4db29a2d8934e2ac3f,2025-01-02,30,60707.0,P,0.0006281283079040183,0.000556,7.212830790401833e-05
ESMGFZ_EAM-90d_03h_2025_004F.asc,7d02118fe97df1356239592a1c2dde01ec5ed0ea365fd428d66e780f73fa4a33,2025-01-03,1,60679.0,P,0.0005186689018173203,0.0005468,-2.8131098182679684e-05
ESMGFZ_EAM-90d_03h_2025_004F.asc,7d02118fe97df1356239592a1c2dde01ec5ed0ea365fd428d66e780f73fa4a33,2025-01-03,3,60681.0,P,0.0007839739120196229,0.0008447,-6.0726087980377094e-05
ESMGFZ_EAM-90d_03h_2025_004F.asc,7d02118fe97df1356239592a1c2dde01ec5ed0ea365fd428d66e780f73fa4a33,2025-01-03,7,60685.0,P,-7.704759286733092e-05,-7.42e-05,-2.8475928673309207e-06
ESMGFZ_EAM-90d_03h_2025_004F.asc,7d02118fe97df1356239592a1c2dde01ec5ed0ea365fd428d66e780f73fa4a33,2025-01-03,30,60708.0,P,0.0007103223417111252,0.0006376,7.272234171112522e-05
ESMGFZ_EAM-90d_03h_2025_005F.asc,4aafa32bfe7ed594f05ba5d6df36b68cdbea070793bd3221ad6f1f114fe1947f,2025-01-04,1,60680.0,P,0.0007388702876529033,0.0007499,-1.102971234709664e-05
ESMGFZ_EAM-90d_03h_2025_005F.asc,4aafa32bfe7ed594f05ba5d6df36b68cdbea070793bd3221ad6f1f114fe1947f,2025-01-04,3,60682.0,P,0.0007287066879769983,0.0007701,-4.139331202300176e-05
ESMGFZ_EAM-90d_03h_2025_005F.asc,4aafa32bfe7ed594f05ba5d6df36b68cdbea070793bd3221ad6f1f114fe1947f,2025-01-04,7,60686.0,P,-0.00033195643540916234,-0.0003055,-2.6456435409162344e-05
ESMGFZ_EAM-90d_03h_2025_005F.asc,4aafa32bfe7ed594f05ba5d6df36b68cdbea070793bd3221ad6f1f114fe1947f,2025-01-04,30,60709.0,P,0.0006594424584429316,0.0005847,7.474245844293166e-05
ESMGFZ_EAM-90d_03h_2025_006F.asc,acf606a1899df578d2ce1844b538e82029333e271d51b7b244203f361efafc29,2025-01-05,1,60681.0,P,0.0008060987865928259,0.0008447,-3.860121340717407e-05
ESMGFZ_EAM-90d_03h_2025_006F.asc,acf606a1899df578d2ce1844b538e82029333e271d51b7b244203f361efafc29,2025-01-05,3,60683.0,P,0.0005075522041285412,0.0005579,-5.0347795871458754e-05
ESMGFZ_EAM-90d_03h_2025_006F.asc,acf606a1899df578d2ce1844b538e82029333e271d51b7b244203f361efafc29,2025-01-05,7,60687.0,P,-0.0004953227060106145,-0.0004551,-4.022270601061452e-05
ESMGFZ_EAM-90d_03h_2025_006F.asc,acf606a1899df578d2ce1844b538e82029333e271d51b7b244203f361efafc29,2025-01-05,30,60710.0,P,0.00044292670748713003,0.000417,2.5926707487130033e-05
ESMGFZ_EAM-90d_03h_2025_007F.asc,337669c14cdb28132132bf56dc77275e2fd40efcc722688d7d08a379f6d88351,2025-01-06,1,60682.0,P,0.0007625287366850575,0.0007701,-7.571263314942495e-06
ESMGFZ_EAM-90d_03h_2025_007F.asc,337669c14cdb28132132bf56dc77275e2fd40efcc722688d7d08a379f6d88351,2025-01-06,3,60684.0,P,0.0001886238442129384,0.0002372,-4.85761557870616e-05
ESMGFZ_EAM-90d_03h_2025_007F.asc,337669c14cdb28132132bf56dc77275e2fd40efcc722688d7d08a379f6d88351,2025-01-06,7,60688.0,P,-0.0004566787111793323,-0.0005042,4.752128882066771e-05
ESMGFZ_EAM-90d_03h_2025_007F.asc,337669c14cdb28132132bf56dc77275e2fd40efcc722688d7d08a379f6d88351,2025-01-06,30,60711.0,P,0.00016523216213940937,0.0001345,3.073216213940938e-05
ESMGFZ_EAM-90d_03h_2025_008F.asc,0a0f79332f3fc8ff40e0fcbb1feb4be0d6c2180793eff42a9a949569f6e91dd3,2025-01-07,1,60683.0,P,0.0005212617223464591,0.0005579,-3.663827765354086e-05
ESMGFZ_EAM-90d_03h_2025_008F.asc,0a0f79332f3fc8ff40e0fcbb1feb4be0d6c2180793eff42a9a949569f6e91dd3,2025-01-07,3,60685.0,P,-0.00014795593422420403,-7.42e-05,-7.375593422420403e-05
ESMGFZ_EAM-90d_03h_2025_008F.asc,0a0f79332f3fc8ff40e0fcbb1feb4be0d6c2180793eff42a9a949569f6e91dd3,2025-01-07,7,60689.0,P,-0.0003782864591409323,-0.0004211,4.281354085906771e-05
ESMGFZ_EAM-90d_03h_2025_008F.asc,0a0f79332f3fc8ff40e0fcbb1feb4be0d6c2180793eff42a9a949569f6e91dd3,2025-01-07,30,60712.0,P,-0.0001285169421133589,-0.0001769,4.838305788664108e-05
ESMGFZ_EAM-90d_03h_2025_009F.asc,210c93f6535e45d92eafcd22c9c160ee86560d5938d1cfc31d4e232e52e4e287,2025-01-08,1,60684.0,P,0.00020740312134307447,0.0002372,-2.9796878656925522e-05
ESMGFZ_EAM-90d_03h_2025_009F.asc,210c93f6535e45d92eafcd22c9c160ee86560d5938d1cfc31d4e232e52e4e287,2025-01-08,3,60686.0,P,-0.0003382359720451117,-0.0003055,-3.273597204511171e-05
ESMGFZ_EAM-90d_03h_2025_009F.asc,210c93f6535e45d92eafcd22c9c160ee86560d5938d1cfc31d4e232e52e4e287,2025-01-08,7,60690.0,P,-0.00024331072543625512,-0.0002915,4.8189274563744864e-05
ESMGFZ_EAM-90d_03h_2025_009F.asc,210c93f6535e45d92eafcd22c9c160ee86560d5938d1cfc31d4e232e52e4e287,2025-01-08,30,60713.0,P,-0.00037396532745361536,-0.000386,1.2034672546384646e-05
ESMGFZ_EAM-90d_03h_2025_010F.asc,6289041802884124efd692e64283810e8ec4c255d84119bf5c61a9765922f68f,2025-01-09,1,60685.0,P,-9.859159393423164e-05,-7.42e-05,-2.4391593934231634e-05
ESMGFZ_EAM-90d_03h_2025_010F.asc,6289041802884124efd692e64283810e8ec4c255d84119bf5c61a9765922f68f,2025-01-09,3,60687.0,P,-0.0005032309376525096,-0.0004551,-4.813093765250958e-05
ESMGFZ_EAM-90d_03h_2025_010F.asc,6289041802884124efd692e64283810e8ec4c255d84119bf5c61a9765922f68f,2025-01-09,7,60691.0,P,-7.188044324315377e-05,-0.0001137,4.1819556756846234e-05
ESMGFZ_EAM-90d_03h_2025_010F.asc,6289041802884124efd692e64283810e8ec4c255d84119bf5c61a9765922f68f,2025-01-09,30,60714.0,P,-0.0005220164124876158,-0.0004696,-5.241641248761585e-05
ESMGFZ_EAM-90d_03h_2025_011F.asc,9dc16ce800eca8f2661fbae17369a3c122ec89160994f70c35c8fa6c6815a957,2025-01-10,1,60686.0,P,-0.00031311590935597955,-0.0003055,-7.615909355979556e-06
ESMGFZ_EAM-90d_03h_2025_011F.asc,9dc16ce800eca8f2661fbae17369a3c122ec89160994f70c35c8fa6c6815a957,2025-01-10,3,60688.0,P,-0.0005502346329879497,-0.0005042,-4.6034632987949735e-05
ESMGFZ_EAM-90d_03h_2025_011F.asc,9dc16ce800eca8f2661fbae17369a3c122ec89160994f70c35c8fa6c6815a957,2025-01-10,7,60692.0,P,8.841737515611649e-05,4.26e-05,4.581737515611649e-05
ESMGFZ_EAM-90d_03h_2025_011F.asc,9dc16ce800eca8f2661fbae17369a3c122ec89160994f70c35c8fa6c6815a957,2025-01-10,30,60715.0,P,-0.0005279181209156335,-0.0004091,-0.00011881812091563344
ESMGFZ_EAM-90d_03h_2025_012F.asc,24d407efc9e1644ac709d1a63d9835a6af64738f5036dcb70d68d29110b4b195,2025-01-11,1,60687.0,P,-0.0005070357294704212,-0.0004551,-5.193572947042121e-05
ESMGFZ_EAM-90d_03h_2025_012F.asc,24d407efc9e1644ac709d1a63d9835a6af64738f5036dcb70d68d29110b4b195,2025-01-11,3,60689.0,P,-0.0004738769216260421,-0.0004211,-5.277692162604212e-05
ESMGFZ_EAM-90d_03h_2025_012F.asc,24d407efc9e1644ac709d1a63d9835a6af64738f5036dcb70d68d29110b4b195,2025-01-11,7,60693.0,P,0.00016174347123010084,0.0001383,2.3443471230100838e-05
ESMGFZ_EAM-90d_03h_2025_012F.asc,24d407efc9e1644ac709d1a63d9835a6af64738f5036dcb70d68d29110b4b195,2025-01-11,30,60716.0,P,-0.00042748132093469425,-0.0002764,-0.00015108132093469425
ESMGFZ_EAM-90d_03h_2025_013F.asc,896d4b38c20493737ea5800b5bc98c92986a3ddcba26410c363150cfc2272aa1,2025-01-12,1,60688.0,P,-0.000567249783432348,-0.0005042,-6.304978343234799e-05
ESMGFZ_EAM-90d_03h_2025_013F.asc,896d4b38c20493737ea5800b5bc98c92986a3ddcba26410c363150cfc2272aa1,2025-01-12,3,60690.0,P,-0.00032718690730267785,-0.0002915,-3.5686907302677864e-05
ESMGFZ_EAM-90d_03h_2025_013F.asc,896d4b38c20493737ea5800b5bc98c92986a3ddcba26410c363150cfc2272aa1,2025-01-12,7,60694.0,P,0.00011266838329384757,0.0001599,-4.7231616706152436e-05
ESMGFZ_EAM-90d_03h_2025_013F.asc,896d4b38c20493737ea5800b5bc98c92986a3ddcba26410c363150cfc2272aa1,2025-01-12,30,60717.0,P,-0.00026065869604886447,-0.0001313,-0.00012935869604886448
ESMGFZ_EAM-90d_03h_2025_014F.asc,307d0629a9833312da991e16e2ba4c39cc0764c7fe2fb881b7ef2dac14a685fd,2025-01-13,1,60689.0,P,-0.00041737190872274694,-0.0004211,3.7280912772530515e-06
ESMGFZ_EAM-90d_03h_2025_014F.asc,307d0629a9833312da991e16e2ba4c39cc0764c7fe2fb881b7ef2dac14a685fd,2025-01-13,3,60691.0,P,-0.00014769260427210056,-0.0001137,-3.399260427210056e-05
ESMGFZ_EAM-90d_03h_2025_014F.asc,307d0629a9833312da991e16e2ba4c39cc0764c7fe2fb881b7ef2dac14a685fd,2025-01-13,7,60695.0,P,0.000123201721288947,0.0001288,-5.598278711052985e-06
ESMGFZ_EAM-90d_03h_2025_014F.asc,307d0629a9833312da991e16e2ba4c39cc0764c7fe2fb881b7ef2dac14a685fd,2025-01-13,30,60718.0,P,-4.565821929020163e-05,6.17e-05,-0.00010735821929020162
ESMGFZ_EAM-90d_03h_2025_015F.asc,c25b200d48251824b940dfb9ddad33dfff92981ec8a89f3118e0215ff0ac577d,2025-01-14,1,60690.0,P,-0.00028699796404675637,-0.0002915,4.502035953243616e-06
ESMGFZ_EAM-90d_03h_2025_015F.asc,c25b200d48251824b940dfb9ddad33dfff92981ec8a89f3118e0215ff0ac577d,2025-01-14,3,60692.0,P,6.429506987569125e-05,4.26e-05,2.1695069875691247e-05
ESMGFZ_EAM-90d_03h_2025_015F.asc,c25b200d48251824b940dfb9ddad33dfff92981ec8a89f3118e0215ff0ac577d,2025-01-14,7,60696.0,P,4.4691340364178536e-05,2.97e-05,1.4991340364178535e-05
ESMGFZ_EAM-90d_03h_2025_015F.asc,c25b200d48251824b940dfb9ddad33dfff92981ec8a89f3118e0215ff0ac577d,2025-01-14,30,60719.0,P,0.0001368758009556769,0.000241,-0.0001041241990443231
ESMGFZ_EAM-90d_03h_2025_016F.asc,c498a4f05d77168793bfe66e19e1e5b174a52eede513f2dff848eb40df426f74,2025-01-15,1,60691.0,P,-0.0001315276467193832,-0.0001137,-1.7827646719383196e-05
ESMGFZ_EAM-90d_03h_2025_016F.asc,c498a4f05d77168793bfe66e19e1e5b174a52eede513f2dff848eb40df426f74,2025-01-15,3,60693.0,P,0.000144410471202843,0.0001383,6.110471202843001e-06
ESMGFZ_EAM-90d_03h_2025_016F.asc,c498a4f05d77168793bfe66e19e1e5b174a52eede513f2dff848eb40df426f74,2025-01-15,7,60697.0,P,-8.383369381165197e-05,-0.0001297,4.586630618834804e-05
ESMGFZ_EAM-90d_03h_2025_016F.asc,c498a4f05d77168793bfe66e19e1e5b174a52eede513f2dff848eb40df426f74,2025-01-15,30,60720.0,P,0.00028509031969586933,0.0003902,-0.00010510968030413067
ESMGFZ_EAM-90d_03h_2025_017F.asc,9fa8222984796401e8c5227df202a0a40280024037cbcaabfb5344433acfa803,2025-01-16,1,60692.0,P,7.850911648480293e-05,4.26e-05,3.590911648480293e-05
ESMGFZ_EAM-90d_03h_2025_017F.asc,9fa8222984796401e8c5227df202a0a40280024037cbcaabfb5344433acfa803,2025-01-16,3,60694.0,P,0.00017092316279766848,0.0001599,1.1023162797668473e-05
ESMGFZ_EAM-90d_03h_2025_017F.asc,9fa8222984796401e8c5227df202a0a40280024037cbcaabfb5344433acfa803,2025-01-16,7,60698.0,P,-0.00023641010149209538,-0.0003275,9.108989850790462e-05
ESMGFZ_EAM-90d_03h_2025_017F.asc,9fa8222984796401e8c5227df202a0a40280024037cbcaabfb5344433acfa803,2025-01-16,30,60721.0,P,0.00035577271587080526,0.0004432,-8.742728412919473e-05
ESMGFZ_EAM-90d_03h_2025_018F.asc,4fcac192e32471f190c1dffb18eff052dc922026c372413df9064c5634308024,2025-01-17,1,60693.0,P,0.00015905251839971456,0.0001383,2.075251839971456e-05
ESMGFZ_EAM-90d_03h_2025_018F.asc,4fcac192e32471f190c1dffb18eff052dc922026c372413df9064c5634308024,2025-01-17,3,60695.0,P,0.00015139894389539665,0.0001288,2.259894389539666e-05
ESMGFZ_EAM-90d_03h_2025_018F.asc,4fcac192e32471f190c1dffb18eff052dc922026c372413df9064c5634308024,2025-01-17,7,60699.0,P,-0.00043713872298586145,-0.0005526,0.00011546127701413854
ESMGFZ_EAM-90d_03h_2025_018F.asc,4fcac192e32471f190c1dffb18eff052dc922026c372413df9064c5634308024,2025-01-17,30,60722.0,P,0.0003367942855504078,0.0003623,-2.55057144495922e-05
ESMGFZ_EAM-90d_03h_2025_019F.asc,8afb1ad84d4bc3163ec3f33b2c644c5e43e5c6502424d5a71c7cdb19c35e000f,2025-01-18,1,60694.0,P,0.0001710700988312835,0.0001599,1.1170098831283479e-05
ESMGFZ_EAM-90d_03h_2025_019F.asc,8afb1ad84d4bc3163ec3f33b2c644c5e43e5c6502424d5a71c7cdb19c35e000f,2025-01-18,3,60696.0,P,3.029776642068705e-05,2.97e-05,5.977664206870481e-07
ESMGFZ_EAM-90d_03h_2025_019F.asc,8afb1ad84d4bc3163ec3f33b2c644c5e43e5c6502424d5a71c7cdb19c35e000f,2025-01-18,7,60700.0,P,-0.0006982624007653413,-0.0007122,1.3937599234658637e-05
ESMGFZ_EAM-90d_03h_2025_019F.asc,8afb1ad84d4bc3163ec3f33b2c644c5e43e5c6502424d5a71c7cdb19c35e000f,2025-01-18,30,60723.0,P,0.00022663092728965336,0.000243,-1.6369072710346633e-05
ESMGFZ_EAM-90d_03h_2025_020F.asc,53fe4f5cd7641c1d78b336ee7d578a8b115c965e5f061c791a0dd591d70877d9,2025-01-19,1,60695.0,P,0.00011514602770206982,0.0001288,-1.365397229793017e-05
ESMGFZ_EAM-90d_03h_2025_020F.asc,53fe4f5cd7641c1d78b336ee7d578a8b115c965e5f061c791a0dd591d70877d9,2025-01-19,3,60697.0,P,-0.00018161533799285965,-0.0001297,-5.1915337992859646e-05
ESMGFZ_EAM-90d_03h_2025_020F.asc,53fe4f5cd7641c1d78b336ee7d578a8b115c965e5f061c791a0dd591d70877d9,2025-01-19,7,60701.0,P,-0.0008092209265346344,-0.0007511,-5.8120926534634436e-05
ESMGFZ_EAM-90d_03h_2025_020F.asc,53fe4f5cd7641c1d78b336ee7d578a8b115c965e5f061c791a0dd591d70877d9,2025-01-19,30,60724.0,P,9.025877052581087e-05,8.18e-05,8.458770525810873e-06
ESMGFZ_EAM-90d_03h_2025_021F.asc,ce2bafe4ba29d6f1b87018a58bba18c2bb472f68ae93a47920adfd4ef5c4164f,2025-01-20,1,60696.0,P,3.834302105248016e-05,2.97e-05,8.643021052480162e-06
ESMGFZ_EAM-90d_03h_2025_021F.asc,ce2bafe4ba29d6f1b87018a58bba18c2bb472f68ae93a47920adfd4ef5c4164f,2025-01-20,3,60698.0,P,-0.00034427780556214524,-0.0003275,-1.6777805562145248e-05
ESMGFZ_EAM-90d_03h_2025_021F.asc,ce2bafe4ba29d6f1b87018a58bba18c2bb472f68ae93a47920adfd4ef5c4164f,2025-01-20,7,60702.0,P,-0.000674620805102073,-0.000696,2.137919489792698e-05
ESMGFZ_EAM-90d_03h_2025_021F.asc,ce2bafe4ba29d6f1b87018a58bba18c2bb472f68ae93a47920adfd4ef5c4164f,2025-01-20,30,60725.0,P,-5.944709823370555e-05,-0.0001003,4.085290176629445e-05
ESMGFZ_EAM-90d_03h_2025_022F.asc,c446f4a1b952cf50332ac5da5e2ba0bf36c6c10349d9440771ea52195a69a1dc,2025-01-21,1,60697.0,P,-0.00014208063696509175,-0.0001297,-1.2380636965091742e-05
ESMGFZ_EAM-90d_03h_2025_022F.asc,c446f4a1b952cf50332ac5da5e2ba0bf36c6c10349d9440771ea52195a69a1dc,2025-01-21,3,60699.0,P,-0.0005543535698972516,-0.0005526,-1.7535698972516315e-06
ESMGFZ_EAM-90d_03h_2025_022F.asc,c446f4a1b952cf50332ac5da5e2ba0bf36c6c10349d9440771ea52195a69a1dc,2025-01-21,7,60703.0,P,-0.00044006834720159246,-0.000516,7.593165279840751e-05
ESMGFZ_EAM-90d_03h_2025_022F.asc,c446f4a1b952cf50332ac5da5e2ba0bf36c6c10349d9440771ea52195a69a1dc,2025-01-21,30,60726.0,P,-0.00020999090299160577,-0.0002374,2.7409097008394232e-05
ESMGFZ_EAM-90d_03h_2025_023F.asc,6971fab7df990e3f1513f8facb79ed08f0d9aa59b1d01d8b3158b18fe1063eff,2025-01-22,1,60698.0,P,-0.0003148169070933252,-0.0003275,1.2683092906674799e-05
ESMGFZ_EAM-90d_03h_2025_023F.asc,6971fab7df990e3f1513f8facb79ed08f0d9aa59b1d01d8b3158b18fe1063eff,2025-01-22,3,60700.0,P,-0.0007050216846420961,-0.0007122,7.1783153579038986e-06
ESMGFZ_EAM-90d_03h_2025_023F.asc,6971fab7df990e3f1513f8facb79ed08f0d9aa59b1d01d8b3158b18fe1063eff,2025-01-22,7,60704.0,P,-0.00019645953456248289,-0.0002567,6.024046543751712e-05
ESMGFZ_EAM-90d_03h_2025_023F.asc,6971fab7df990e3f1513f8facb79ed08f0d9aa59b1d01d8b3158b18fe1063eff,2025-01-22,30,60727.0,P,-0.0003468842822472448,-0.0003421,-4.784282247244755e-06
ESMGFZ_EAM-90d_03h_2025_024F.asc,6f899507769753eba0f0b5bc87e055b9648d333c47929fc0696021c14f7c7909,2025-01-23,1,60699.0,P,-0.000585514435747052,-0.0005526,-3.291443574705204e-05
ESMGFZ_EAM-90d_03h_2025_024F.asc,6f899507769753eba0f0b5bc87e055b9648d333c47929fc0696021c14f7c7909,2025-01-23,3,60701.0,P,-0.0007442844067840445,-0.0007511,6.815593215955492e-06
ESMGFZ_EAM-90d_03h_2025_024F.asc,6f899507769753eba0f0b5bc87e055b9648d333c47929fc0696021c14f7c7909,2025-01-23,7,60705.0,P,5.276227105739362e-05,1.61e-05,3.666227105739362e-05
ESMGFZ_EAM-90d_03h_2025_024F.asc,6f899507769753eba0f0b5bc87e055b9648d333c47929fc0696021c14f7c7909,2025-01-23,30,60728.0,P,-0.0004535579488731774,-0.000444,-9.557948873177395e-06
ESMGFZ_EAM-90d_03h_2025_025F.asc,1d8adf738bb24004cd796c8e4a630a05e4a1918f2a41e680f329c6ed5f78d806,2025-01-24,1,60700.0,P,-0.0006919959705614232,-0.0007122,2.0204029438576805e-05
ESMGFZ_EAM-90d_03h_2025_025F.asc,1d8adf738bb24004cd796c8e4a630a05e4a1918f2a41e680f329c6ed5f78d806,2025-01-24,3,60702.0,P,-0.000707337783978826,-0.000696,-1.133778397882602e-05
ESMGFZ_EAM-90d_03h_2025_025F.asc,1d8adf738bb24004cd796c8e4a630a05e4a1918f2a41e680f329c6ed5f78d806,2025-01-24,7,60706.0,P,0.00038913301808679335,0.0003198,6.933301808679333e-05
ESMGFZ_EAM-90d_03h_2025_025F.asc,1d8adf738bb24004cd796c8e4a630a05e4a1918f2a41e680f329c6ed5f78d806,2025-01-24,30,60729.0,P,-0.00046908822157875734,-0.0004541,-1.4988221578757363e-05
ESMGFZ_EAM-90d_03h_2025_026F.asc,3e32743b9f705e2af256afecdbfae73fa0084bade9caabe6883a4e59faa95eac,2025-01-25,1,60701.0,P,-0.0007388565416618062,-0.0007511,1.2243458338193785e-05
ESMGFZ_EAM-90d_03h_2025_026F.asc,3e32743b9f705e2af256afecdbfae73fa0084bade9caabe6883a4e59faa95eac,2025-01-25,3,60703.0,P,-0.0005140835763884296,-0.000516,1.916423611570328e-06
ESMGFZ_EAM-90d_03h_2025_026F.asc,3e32743b9f705e2af256afecdbfae73fa0084bade9caabe6883a4e59faa95eac,2025-01-25,7,60707.0,P,0.0005935495321882315,0.000556,3.754953218823153e-05
ESMGFZ_EAM-90d_03h_2025_026F.asc,3e32743b9f705e2af256afecdbfae73fa0084bade9caabe6883a4e59faa95eac,2025-01-25,30,60730.0,P,-0.00039349942797830195,-0.0003362,-5.729942797830196e-05
ESMGFZ_EAM-90d_03h_2025_027F.asc,9d122ffe8a66ef1611bdfbe61c00dc4407d23c2dfd9f676f2c8cf624b47ee353,2025-01-26,1,60702.0,P,-0.0007081511027894835,-0.000696,-1.215110278948348e-05
ESMGFZ_EAM-90d_03h_2025_027F.asc,9d122ffe8a66ef1611bdfbe61c00dc4407d23c2dfd9f676f2c8cf624b47ee353,2025-01-26,3,60704.0,P,-0.0002695822008319508,-0.0002567,-1.2882200831950818e-05
ESMGFZ_EAM-90d_03h_2025_027F.asc,9d122ffe8a66ef1611bdfbe61c00dc4407d23c2dfd9f676f2c8cf624b47ee353,2025-01-26,7,60708.0,P,0.0006663148554430119,0.0006376,2.8714855443011888e-05
ESMGFZ_EAM-90d_03h_2025_027F.asc,9d122ffe8a66ef1611bdfbe61c00dc4407d23c2dfd9f676f2c8cf624b47ee353,2025-01-26,30,60731.0,P,-0.0002167556348177006,-0.0001281,-8.865563481770061e-05
ESMGFZ_EAM-90d_03h_2025_028F.asc,8111af57bc3fbc7b0104fb1192b419ec7f4856cbccddcafce2e6fccec0733923,2025-01-27,1,60703.0,P,-0.0005720183835137836,-0.000516,-5.601838351378368e-05
ESMGFZ_EAM-90d_03h_2025_028F.asc,8111af57bc3fbc7b0104fb1192b419ec7f4856cbccddcafce2e6fccec0733923,2025-01-27,3,60705.0,P,-1.6313084418681617e-06,1.61e-05,-1.773130844186816e-05
ESMGFZ_EAM-90d_03h_2025_028F.asc,8111af57bc3fbc7b0104fb1192b419ec7f4856cbccddcafce2e6fccec0733923,2025-01-27,7,60709.0,P,0.0005308448624734947,0.0005847,-5.385513752650527e-05
ESMGFZ_EAM-90d_03h_2025_028F.asc,8111af57bc3fbc7b0104fb1192b419ec7f4856cbccddcafce2e6fccec0733923,2025-01-27,30,60732.0,P,5.7598126054231445e-05,0.0001508,-9.320187394576857e-05
ESMGFZ_EAM-90d_03h_2025_029F.asc,cc64cc16f8e93558c7d0c38107bb649720e50dce0357f58c1ef798febbcb4683,2025-01-28,1,60704.0,P,-0.0002538395714533907,-0.0002567,2.8604285466093146e-06
ESMGFZ_EAM-90d_03h_2025_029F.asc,cc64cc16f8e93558c7d0c38107bb649720e50dce0357f58c1ef798febbcb4683,2025-01-28,3,60706.0,P,0.00030067541891777637,0.0003198,-1.9124581082223654e-05
ESMGFZ_EAM-90d_03h_2025_029F.asc,cc64cc16f8e93558c7d0c38107bb649720e50dce0357f58c1ef798febbcb4683,2025-01-28,7,60710.0,P,0.0003961727455886121,0.000417,-2.0827254411387908e-05
ESMGFZ_EAM-90d_03h_2025_029F.asc,cc64cc16f8e93558c7d0c38107bb649720e50dce0357f58c1ef798febbcb4683,2025-01-28,30,60733.0,P,0.00038894430128344964,0.000468,-7.905569871655035e-05
ESMGFZ_EAM-90d_03h_2025_030F.asc,7256cc9877151e910998dd65c7e304e2385c7c6669c67b30f0365ef9efdccc48,2025-01-29,1,60705.0,P,3.5851054825872445e-05,1.61e-05,1.9751054825872447e-05
ESMGFZ_EAM-90d_03h_2025_030F.asc,7256cc9877151e910998dd65c7e304e2385c7c6669c67b30f0365ef9efdccc48,2025-01-29,3,60707.0,P,0.0005424903842048791,0.000556,-1.3509615795120823e-05
ESMGFZ_EAM-90d_03h_2025_030F.asc,7256cc9877151e910998dd65c7e304e2385c7c6669c67b30f0365ef9efdccc48,2025-01-29,7,60711.0,P,0.00016947787510363394,0.0001345,3.4977875103633953e-05
ESMGFZ_EAM-90d_03h_2025_030F.asc,7256cc9877151e910998dd65c7e304e2385c7c6669c67b30f0365ef9efdccc48,2025-01-29,30,60734.0,P,0.0007016682334872639,0.0007581,-5.643176651273611e-05
ESMGFZ_EAM-90d_03h_2025_031F.asc,2cecad00ece051fa6178c8e39596064773ad68e6842a046d8939cf62157012c9,2025-01-30,1,60706.0,P,0.0003227237309169671,0.0003198,2.9237309169670867e-06
ESMGFZ_EAM-90d_03h_2025_031F.asc,2cecad00ece051fa6178c8e39596064773ad68e6842a046d8939cf62157012c9,2025-01-30,3,60708.0,P,0.0006392687968185415,0.0006376,1.6687968185415125e-06
ESMGFZ_EAM-90d_03h_2025_031F.asc,2cecad00ece051fa6178c8e39596064773ad68e6842a046d8939cf62157012c9,2025-01-30,7,60712.0,P,-0.00015552894521680564,-0.0001769,2.1371054783194348e-05
ESMGFZ_EAM-90d_03h_2025_031F.asc,2cecad00ece051fa6178c8e39596064773ad68e6842a046d8939cf62157012c9,2025-01-30,30,60735.0,P,0.0008777693093777962,0.0008938,-1.603069062220384e-05
ESMGFZ_EAM-90d_03h_2025_032F.asc,183d7d5019cba6b47ef22f9e0363464f2c384a6127cd2457a9a08d6d0bcd3fa0,2025-01-31,1,60707.0,P,0.0005427370777507161,0.000556,-1.3262922249283882e-05
ESMGFZ_EAM-90d_03h_2025_032F.asc,183d7d5019cba6b47ef22f9e0363464f2c384a6127cd2457a9a08d6d0bcd3fa0,2025-01-31,3,60709.0,P,0.0005651094568106423,0.0005847,-1.9590543189357637e-05
ESMGFZ_EAM-90d_03h_2025_032F.asc,183d7d5019cba6b47ef22f9e0363464f2c384a6127cd2457a9a08d6d0bcd3fa0,2025-01-31,7,60713.0,P,-0.0004326128449520432,-0.000386,-4.6612844952043195e-05
ESMGFZ_EAM-90d_03h_2025_032F.asc,183d7d5019cba6b47ef22f9e0363464f2c384a6127cd2457a9a08d6d0bcd3fa0,2025-01-31,30,60736.0,P,0.0008764689768826834,0.0008855,-9.031023117316603e-06
ESMGFZ_EAM-90d_03h_2025_033F.asc,d74db7fa2327e6c5aa65f576a25a62667eedd7fc202dd8e2a192677add4393ae,2025-02-01,1,60708.0,P,0.0006455853953545814,0.0006376,7.985395354581388e-06
ESMGFZ_EAM-90d_03h_2025_033F.asc,d74db7fa2327e6c5aa65f576a25a62667eedd7fc202dd8e2a192677add4393ae,2025-02-01,3,60710.0,P,0.00042772179291389404,0.000417,1.0721792913894043e-05
ESMGFZ_EAM-90d_03h_2025_033F.asc,d74db7fa2327e6c5aa65f576a25a62667eedd7fc202dd8e2a192677add4393ae,2025-02-01,7,60714.0,P,-0.0004949127593257115,-0.0004696,-2.531275932571151e-05
ESMGFZ_EAM-90d_03h_2025_033F.asc,d74db7fa2327e6c5aa65f576a25a62667eedd7fc202dd8e2a192677add4393ae,2025-02-01,30,60737.0,P,0.0007011077751538447,0.0007282,-2.7092224846155303e-05
ESMGFZ_EAM-90d_03h_2025_034F.asc,a6567fddd3eac77573c446fc3ee4047ee02db758b08649e7a3eac8d91287ff11,2025-02-02,1,60709.0,P,0.0005790292951415978,0.0005847,-5.67070485840216e-06
ESMGFZ_EAM-90d_03h_2025_034F.asc,a6567fddd3eac77573c446fc3ee4047ee02db758b08649e7a3eac8d91287ff11,2025-02-02,3,60711.0,P,0.00014794562068566996,0.0001345,1.3445620685669966e-05
ESMGFZ_EAM-90d_03h_2025_034F.asc,a6567fddd3eac77573c446fc3ee4047ee02db758b08649e7a3eac8d91287ff11,2025-02-02,7,60715.0,P,-0.0004917976632697383,-0.0004091,-8.269766326973824e-05
ESMGFZ_EAM-90d_03h_2025_034F.asc,a6567fddd3eac77573c446fc3ee4047ee02db758b08649e7a3eac8d91287ff11,2025-02-02,30,60738.0,P,0.00042722804931502237,0.0004083,1.8928049315022368e-05
ESMGFZ_EAM-90d_03h_2025_035F.asc,bd71136151b665a3a97286fecd76a5cd86a412f77a980d6df368456c6dd67a97,2025-02-03,1,60710.0,P,0.00041110497551348875,0.000417,-5.895024486511245e-06
ESMGFZ_EAM-90d_03h_2025_035F.asc,bd71136151b665a3a97286fecd76a5cd86a412f77a980d6df368456c6dd67a97,2025-02-03,3,60712.0,P,-0.00016171846550249797,-0.0001769,1.518153449750202e-05
ESMGFZ_EAM-90d_03h_2025_035F.asc,bd71136151b665a3a97286fecd76a5cd86a412f77a980d6df368456c6dd67a97,2025-02-03,7,60716.0,P,-0.0003638855961598347,-0.0002764,-8.748559615983471e-05
ESMGFZ_EAM-90d_03h_2025_035F.asc,bd71136151b665a3a97286fecd76a5cd86a412f77a980d6df368456c6dd67a97,2025-02-03,30,60739.0,P,0.00011929254273027844,7.08e-05,4.849254273027844e-05
ESMGFZ_EAM-90d_03h_2025_036F.asc,245f4ece97d763ca8a048b1c857cb25620d169f459a22b492df541edc44dfcd7,2025-02-04,1,60711.0,P,0.0001544345533279433,0.0001345,1.9934553327943322e-05
ESMGFZ_EAM-90d_03h_2025_036F.asc,245f4ece97d763ca8a048b1c857cb25620d169f459a22b492df541edc44dfcd7,2025-02-04,3,60713.0,P,-0.0004092792863668159,-0.000386,-2.3279286366815913e-05
ESMGFZ_EAM-90d_03h_2025_036F.asc,245f4ece97d763ca8a048b1c857cb25620d169f459a22b492df541edc44dfcd7,2025-02-04,7,60717.0,P,-0.00017930123193430047,-0.0001313,-4.800123193430048e-05
ESMGFZ_EAM-90d_03h_2025_036F.asc,245f4ece97d763ca8a048b1c857cb25620d169f459a22b492df541edc44dfcd7,2025-02-04,30,60740.0,P,-0.00015394223287606415,-0.000153,-9.42232876064141e-07
ESMGFZ_EAM-90d_03h_2025_037F.asc,1abfaf8d1cdb4936d83f60e2f2c9cb00eaa011725d9d6092cb7cd8748788b145,2025-02-05,1,60712.0,P,-0.00014779349988885214,-0.0001769,2.910650011114785e-05
ESMGFZ_EAM-90d_03h_2025_037F.asc,1abfaf8d1cdb4936d83f60e2f2c9cb00eaa011725d9d6092cb7cd8748788b145,2025-02-05,3,60714.0,P,-0.0005176624409311724,-0.0004696,-4.806244093117246e-05
ESMGFZ_EAM-90d_03h_2025_037F.asc,1abfaf8d1cdb4936d83f60e2f2c9cb00eaa011725d9d6092cb7cd8748788b145,2025-02-05,7,60718.0,P,-1.1429637835464813e-05,6.17e-05,-7.312963783546481e-05
ESMGFZ_EAM-90d_03h_2025_037F.asc,1abfaf8d1cdb4936d83f60e2f2c9cb00eaa011725d9d6092cb7cd8748788b145,2025-02-05,30,60741.0,P,-0.0003290620963365405,-0.0002867,-4.236209633654052e-05
ESMGFZ_EAM-90d_03h_2025_038F.asc,e414600cd6849e9b90c01a51cdec7cceb75d285f33604ea62582b2ee7d7d5cc9,2025-02-06,1,60713.0,P,-0.0004037378991415727,-0.000386,-1.7737899141572703e-05
ESMGFZ_EAM-90d_03h_2025_038F.asc,e414600cd6849e9b90c01a51cdec7cceb75d285f33604ea62582b2ee7d7d5cc9,2025-02-06,3,60715.0,P,-0.00047078726641956053,-0.0004091,-6.16872664195605e-05
ESMGFZ_EAM-90d_03h_2025_038F.asc,e414600cd6849e9b90c01a51cdec7cceb75d285f33604ea62582b2ee7d7d5cc9,2025-02-06,7,60719.0,P,0.00018943040507169364,0.000241,-5.156959492830636e-05
ESMGFZ_EAM-90d_03h_2025_038F.asc,e414600cd6849e9b90c01a51cdec7cceb75d285f33604ea62582b2ee7d7d5cc9,2025-02-06,30,60742.0,P,-0.00037492776783602225,-0.0003607,-1.422776783602226e-05
ESMGFZ_EAM-90d_03h_2025_039F.asc,8e27f937324bb7d87133e82fc05314025cb8341f13dd5457441214ed68606c3e,2025-02-07,1,60714.0,P,-0.0004962327800501438,-0.0004696,-2.6632780050143848e-05
ESMGFZ_EAM-90d_03h_2025_039F.asc,8e27f937324bb7d87133e82fc05314025cb8341f13dd5457441214ed68606c3e,2025-02-07,3,60716.0,P,-0.0002936933419374223,-0.0002764,-1.7293341937422318e-05
ESMGFZ_EAM-90d_03h_2025_039F.asc,8e27f937324bb7d87133e82fc05314025cb8341f13dd5457441214ed68606c3e,2025-02-07,7,60720.0,P,0.00038485079639487155,0.0003902,-5.34920360512845e-06
ESMGFZ_EAM-90d_03h_2025_039F.asc,8e27f937324bb7d87133e82fc05314025cb8341f13dd5457441214ed68606c3e,2025-02-07,30,60743.0,P,-0.0003133967683868653,-0.0002941,-1.9296768386865284e-05
ESMGFZ_EAM-90d_03h_2025_040F.asc,2d58c734ec7a97626b88ba4edb3e610e984055432b4513df1f2721a03a750bde,2025-02-08,1,60715.0,P,-0.00045827681834809066,-0.0004091,-4.917681834809063e-05
ESMGFZ_EAM-90d_03h_2025_040F.asc,2d58c734ec7a97626b88ba4edb3e610e984055432b4513df1f2721a03a750bde,2025-02-08,3,60717.0,P,-0.00021415651758000459,-0.0001313,-8.285651758000459e-05
ESMGFZ_EAM-90d_03h_2025_040F.asc,2d58c734ec7a97626b88ba4edb3e610e984055432b4513df1f2721a03a750bde,2025-02-08,7,60721.0,P,0.00045222950755533767,0.0004432,9.029507555337682e-06
ESMGFZ_EAM-90d_03h_2025_040F.asc,2d58c734ec7a97626b88ba4edb3e610e984055432b4513df1f2721a03a750bde,2025-02-08,30,60744.0,P,-0.00013315978159537798,-0.0001417,8.54021840462202e-06
ESMGFZ_EAM-90d_03h_2025_041F.asc,fbf40a0b73a54d2e811b39080647d2ead5c6abdfd7fd703b99863bc209676046,2025-02-09,1,60716.0,P,-0.0002779160196625406,-0.0002764,-1.5160196625406018e-06
ESMGFZ_EAM-90d_03h_2025_041F.asc,fbf40a0b73a54d2e811b39080647d2ead5c6abdfd7fd703b99863bc209676046,2025-02-09,3,60718.0,P,2.7511646424867412e-05,6.17e-05,-3.4188353575132584e-05
ESMGFZ_EAM-90d_03h_2025_041F.asc,fbf40a0b73a54d2e811b39080647d2ead5c6abdfd7fd703b99863bc209676046,2025-02-09,7,60722.0,P,0.0003847129125155294,0.0003623,2.2412912515529368e-05
ESMGFZ_EAM-90d_03h_2025_041F.asc,fbf40a0b73a54d2e811b39080647d2ead5c6abdfd7fd703b99863bc209676046,2025-02-09,30,60745.0,P,5.4055126511378925e-05,3.32e-05,2.0855126511378924e-05
ESMGFZ_EAM-90d_03h_2025_042F.asc,278f6bedc8ae7268d0654c82b37833c1597e4936c890af4c91d5651a1f378e32,2025-02-10,1,60717.0,P,-0.00022428679313783747,-0.0001313,-9.298679313783748e-05
ESMGFZ_EAM-90d_03h_2025_042F.asc,278f6bedc8ae7268d0654c82b37833c1597e4936c890af4c91d5651a1f378e32,2025-02-10,3,60719.0,P,0.00017787884289330351,0.000241,-6.312115710669649e-05
ESMGFZ_EAM-90d_03h_2025_042F.asc,278f6bedc8ae7268d0654c82b37833c1597e4936c890af4c91d5651a1f378e32,2025-02-10,7,60723.0,P,0.0002154822425792904,0.000243,-2.7517757420709608e-05
ESMGFZ_EAM-90d_03h_2025_042F.asc,278f6bedc8ae7268d0654c82b37833c1597e4936c890af4c91d5651a1f378e32,2025-02-10,30,60746.0,P,0.00023883482705485055,0.0002253,1.3534827054850545e-05
ESMGFZ_EAM-90d_03h_2025_043F.asc,6742cf065c8888b18dc76e5c5999ef8e41a468009dea8cd29ef040cf657b42d6,2025-02-11,1,60718.0,P,5.832278244207828e-05,6.17e-05,-3.3772175579217155e-06
ESMGFZ_EAM-90d_03h_2025_043F.asc,6742cf065c8888b18dc76e5c5999ef8e41a468009dea8cd29ef040cf657b42d6,2025-02-11,3,60720.0,P,0.0003935733173196494,0.0003902,3.3733173196493806e-06
ESMGFZ_EAM-90d_03h_2025_043F.asc,6742cf065c8888b18dc76e5c5999ef8e41a468009dea8cd29ef040cf657b42d6,2025-02-11,7,60724.0,P,9.768967535269652e-05,8.18e-05,1.588967535269652e-05
ESMGFZ_EAM-90d_03h_2025_043F.asc,6742cf065c8888b18dc76e5c5999ef8e41a468009dea8cd29ef040cf657b42d6,2025-02-11,30,60747.0,P,0.00042006496645548513,0.0003984,2.1664966455485154e-05
ESMGFZ_EAM-90d_03h_2025_044F.asc,3662c938eff29126a87b6711905b8fdfe5f0e6b4edfe23946f2194bc2e9c04f2,2025-02-12,1,60719.0,P,0.00021664984983990444,0.000241,-2.4350150160095562e-05
ESMGFZ_EAM-90d_03h_2025_044F.asc,3662c938eff29126a87b6711905b8fdfe5f0e6b4edfe23946f2194bc2e9c04f2,2025-02-12,3,60721.0,P,0.0004240507846370828,0.0004432,-1.914921536291716e-05
ESMGFZ_EAM-90d_03h_2025_044F.asc,3662c938eff29126a87b6711905b8fdfe5f0e6b4edfe23946f2194bc2e9c04f2,2025-02-12,7,60725.0,P,-0.00012992678408931088,-0.0001003,-2.9626784089310885e-05
ESMGFZ_EAM-90d_03h_2025_044F.asc,3662c938eff29126a87b6711905b8fdfe5f0e6b4edfe23946f2194bc2e9c04f2,2025-02-12,30,60748.0,P,0.00047643721649048533,0.0005115,-3.5062783509514684e-05
ESMGFZ_EAM-90d_03h_2025_045F.asc,cd361a7423cc89b901c38eae9977b46a9a12a26942e9299e59b9251e920d5d9e,2025-02-14,1,60721.0,P,0.0004345718788048244,0.0004432,-8.628121195175585e-06
ESMGFZ_EAM-90d_03h_2025_045F.asc,cd361a7423cc89b901c38eae9977b46a9a12a26942e9299e59b9251e920d5d9e,2025-02-14,3,60723.0,P,0.00020995247886276388,0.000243,-3.304752113723612e-05
ESMGFZ_EAM-90d_03h_2025_045F.asc,cd361a7423cc89b901c38eae9977b46a9a12a26942e9299e59b9251e920d5d9e,2025-02-14,7,60727.0,P,-0.0003970715891870064,-0.0003421,-5.497158918700638e-05
ESMGFZ_EAM-90d_03h_2025_045F.asc,cd361a7423cc89b901c38eae9977b46a9a12a26942e9299e59b9251e920d5d9e,2025-02-14,30,60750.0,P,0.00043308502328985224,0.0004697,-3.6614976710147736e-05
ESMGFZ_EAM-90d_03h_2025_047F.asc,3cb43f34c4cbee52737df633824e19cbef95f048310b18ff460564f40d181dbd,2025-02-15,1,60722.0,P,0.00035280790370219317,0.0003623,-9.492096297806856e-06
ESMGFZ_EAM-90d_03h_2025_047F.asc,3cb43f34c4cbee52737df633824e19cbef95f048310b18ff460564f40d181dbd,2025-02-15,3,60724.0,P,5.18753320356736e-05,8.18e-05,-2.9924667964326395e-05
ESMGFZ_EAM-90d_03h_2025_047F.asc,3cb43f34c4cbee52737df633824e19cbef95f048310b18ff460564f40d181dbd,2025-02-15,7,60728.0,P,-0.0004633532528020534,-0.000444,-1.9353252802053382e-05
ESMGFZ_EAM-90d_03h_2025_047F.asc,3cb43f34c4cbee52737df633824e19cbef95f048310b18ff460564f40d181dbd,2025-02-15,30,60751.0,P,0.00032068612144402003,0.0003391,-1.8413878555979975e-05
ESMGFZ_EAM-90d_03h_2025_048F.asc,8e45e2fdde9f6e63bc743d3b87bd6cb5d6397f27691ab2c94c0027830dd363ed,2025-02-16,1,60723.0,P,0.0002121302238903487,0.000243,-3.086977610965131e-05
ESMGFZ_EAM-90d_03h_2025_048F.asc,8e45e2fdde9f6e63bc743d3b87bd6cb5d6397f27691ab2c94c0027830dd363ed,2025-02-16,3,60725.0,P,-0.00014438904975075942,-0.0001003,-4.4089049750759425e-05
ESMGFZ_EAM-90d_03h_2025_048F.asc,8e45e2fdde9f6e63bc743d3b87bd6cb5d6397f27691ab2c94c0027830dd363ed,2025-02-16,7,60729.0,P,-0.0004697247401783594,-0.0004541,-1.562474017835941e-05
ESMGFZ_EAM-90d_03h_2025_048F.asc,8e45e2fdde9f6e63bc743d3b87bd6cb5d6397f27691ab2c94c0027830dd363ed,2025-02-16,30,60752.0,P,0.00014605582835526025,0.0002077,-6.164417164473976e-05
ESMGFZ_EAM-90d_03h_2025_049F.asc,40dc9f2cacf69249f7f1b38135701d6757babfc5e0f9a7f3e366f54a84a275e5,2025-02-17,1,60724.0,P,5.6142890176314035e-05,8.18e-05,-2.565710982368596e-05
ESMGFZ_EAM-90d_03h_2025_049F.asc,40dc9f2cacf69249f7f1b38135701d6757babfc5e0f9a7f3e366f54a84a275e5,2025-02-17,3,60726.0,P,-0.0002710414858679738,-0.0002374,-3.364148586797381e-05
ESMGFZ_EAM-90d_03h_2025_049F.asc,40dc9f2cacf69249f7f1b38135701d6757babfc5e0f9a7f3e366f54a84a275e5,2025-02-17,7,60730.0,P,-0.0003677538597996882,-0.0003362,-3.1553859799688235e-05
ESMGFZ_EAM-90d_03h_2025_049F.asc,40dc9f2cacf69249f7f1b38135701d6757babfc5e0f9a7f3e366f54a84a275e5,2025-02-17,30,60753.0,P,-8.487360684697795e-06,7.57e-05,-8.418736068469779e-05
ESMGFZ_EAM-90d_03h_2025_050F.asc,3b594b5a90be05fdc873ae24c02ffabe7f04b0e93025d8b8c93eb62d50a390df,2025-02-19,1,60726.0,P,-0.0002603412281512031,-0.0002374,-2.29412281512031e-05
ESMGFZ_EAM-90d_03h_2025_050F.asc,3b594b5a90be05fdc873ae24c02ffabe7f04b0e93025d8b8c93eb62d50a390df,2025-02-19,3,60728.0,P,-0.0004904900340127358,-0.000444,-4.649003401273577e-05
ESMGFZ_EAM-90d_03h_2025_050F.asc,3b594b5a90be05fdc873ae24c02ffabe7f04b0e93025d8b8c93eb62d50a390df,2025-02-19,7,60732.0,P,0.00017959257578904428,0.0001508,2.879257578904427e-05
ESMGFZ_EAM-90d_03h_2025_050F.asc,3b594b5a90be05fdc873ae24c02ffabe7f04b0e93025d8b8c93eb62d50a390df,2025-02-19,30,60755.0,P,-0.0002717692054512735,-0.0001572,-0.0001145692054512735
ESMGFZ_EAM-90d_03h_2025_052F.asc,f889f0adca6f7e0158c81af1cdb522438e6df198aa3e223716b41d6a51d1e4fe,2025-02-20,1,60727.0,P,-0.0003488967121235875,-0.0003421,-6.796712123587469e-06
ESMGFZ_EAM-90d_03h_2025_052F.asc,f889f0adca6f7e0158c81af1cdb522438e6df198aa3e223716b41d6a51d1e4fe,2025-02-20,3,60729.0,P,-0.0004884817915716414,-0.0004541,-3.43817915716414e-05
ESMGFZ_EAM-90d_03h_2025_052F.asc,f889f0adca6f7e0158c81af1cdb522438e6df198aa3e223716b41d6a51d1e4fe,2025-02-20,7,60733.0,P,0.0004324649578468868,0.000468,-3.55350421531132e-05
ESMGFZ_EAM-90d_03h_2025_052F.asc,f889f0adca6f7e0158c81af1cdb522438e6df198aa3e223716b41d6a51d1e4fe,2025-02-20,30,60756.0,P,-0.00031057827519941175,-0.0002275,-8.307827519941175e-05
ESMGFZ_EAM-90d_03h_2025_053F.asc,9b08b50c85990a46957993b3816d60fcefbb29720f41bb15c58cd09a52582333,2025-02-21,1,60728.0,P,-0.0004937822524582171,-0.000444,-4.97822524582171e-05
ESMGFZ_EAM-90d_03h_2025_053F.asc,9b08b50c85990a46957993b3816d60fcefbb29720f41bb15c58cd09a52582333,2025-02-21,3,60730.0,P,-0.0004072817218975148,-0.0003362,-7.108172189751482e-05
ESMGFZ_EAM-90d_03h_2025_053F.asc,9b08b50c85990a46957993b3816d60fcefbb29720f41bb15c58cd09a52582333,2025-02-21,7,60734.0,P,0.0007223746232789193,0.0007581,-3.572537672108078e-05
ESMGFZ_EAM-90d_03h_2025_053F.asc,9b08b50c85990a46957993b3816d60fcefbb29720f41bb15c58cd09a52582333,2025-02-21,30,60757.0,P,-0.00027667881425308063,-0.0002185,-5.8178814253080635e-05
ESMGFZ_EAM-90d_03h_2025_054F.asc,f73fee9ad656055b480f2cf541d716179a5495507dc388020d63750bbe846eb9,2025-02-22,1,60729.0,P,-0.0004796233838447527,-0.0004541,-2.55233838447527e-05
ESMGFZ_EAM-90d_03h_2025_054F.asc,f73fee9ad656055b480f2cf541d716179a5495507dc388020d63750bbe846eb9,2025-02-22,3,60731.0,P,-0.0001837474813537672,-0.0001281,-5.564748135376721e-05
ESMGFZ_EAM-90d_03h_2025_054F.asc,f73fee9ad656055b480f2cf541d716179a5495507dc388020d63750bbe846eb9,2025-02-22,7,60735.0,P,0.0009249859364308686,0.0008938,3.118593643086859e-05
ESMGFZ_EAM-90d_03h_2025_054F.asc,f73fee9ad656055b480f2cf541d716179a5495507dc388020d63750bbe846eb9,2025-02-22,30,60758.0,P,-0.00016603066976776315,-7.6e-05,-9.003066976776315e-05
ESMGFZ_EAM-90d_03h_2025_055F.asc,1fe5e363295549ffbc006c6a4a193c126033be7456bf7bad143c5f2582a8a48a,2025-02-23,1,60730.0,P,-0.0003765408106628998,-0.0003362,-4.03408106628998e-05
ESMGFZ_EAM-90d_03h_2025_055F.asc,1fe5e363295549ffbc006c6a4a193c126033be7456bf7bad143c5f2582a8a48a,2025-02-23,3,60732.0,P,8.861482463687199e-05,0.0001508,-6.218517536312802e-05
ESMGFZ_EAM-90d_03h_2025_055F.asc,1fe5e363295549ffbc006c6a4a193c126033be7456bf7bad143c5f2582a8a48a,2025-02-23,7,60736.0,P,0.000886652258964682,0.0008855,1.152258964681979e-06
ESMGFZ_EAM-90d_03h_2025_055F.asc,1fe5e363295549ffbc006c6a4a193c126033be7456bf7bad143c5f2582a8a48a,2025-02-23,30,60759.0,P,5.816637128338404e-05,0.0001493,-9.113362871661596e-05
ESMGFZ_EAM-90d_03h_2025_056F.asc,5d566dae4f3643e66ebcbbdbcbbf63a11ea38820ca5386b9ff25734023555970,2025-02-24,1,60731.0,P,-0.00015398279847416932,-0.0001281,-2.588279847416932e-05
ESMGFZ_EAM-90d_03h_2025_056F.asc,5d566dae4f3643e66ebcbbdbcbbf63a11ea38820ca5386b9ff25734023555970,2025-02-24,3,60733.0,P,0.0004229656823646089,0.000468,-4.503431763539108e-05
ESMGFZ_EAM-90d_03h_2025_056F.asc,5d566dae4f3643e66ebcbbdbcbbf63a11ea38820ca5386b9ff25734023555970,2025-02-24,7,60737.0,P,0.0006903736723170025,0.0007282,-3.782632768299752e-05
ESMGFZ_EAM-90d_03h_2025_056F.asc,5d566dae4f3643e66ebcbbdbcbbf63a11ea38820ca5386b9ff25734023555970,2025-02-24,30,60760.0,P,0.00037968009640167817,0.0004156,-3.591990359832185e-05
ESMGFZ_EAM-90d_03h_2025_057F.asc,e6b3ecfb00ede4358ccfe718025e3b5a3111621db2c3df074493e952eebf2464,2025-02-25,1,60732.0,P,0.00011652829139500193,0.0001508,-3.427170860499808e-05
ESMGFZ_EAM-90d_03h_2025_057F.asc,e6b3ecfb00ede4358ccfe718025e3b5a3111621db2c3df074493e952eebf2464,2025-02-25,3,60734.0,P,0.0006932638194629885,0.0007581,-6.483618053701153e-05
ESMGFZ_EAM-90d_03h_2025_057F.asc,e6b3ecfb00ede4358ccfe718025e3b5a3111621db2c3df074493e952eebf2464,2025-02-25,7,60738.0,P,0.00037761768673345056,0.0004083,-3.068231326654945e-05
ESMGFZ_EAM-90d_03h_2025_057F.asc,e6b3ecfb00ede4358ccfe718025e3b5a3111621db2c3df074493e952eebf2464,2025-02-25,30,60761.0,P,0.0007346370803761744,0.0007177,1.693708037617432e-05
ESMGFZ_EAM-90d_03h_2025_058F.asc,0eb62f527c67f9cbfbc97ec3262fa8a2fce427ccafe372218cda65f32d47beef,2025-02-26,1,60733.0,P,0.00044894248465043174,0.000468,-1.9057515349568254e-05
ESMGFZ_EAM-90d_03h_2025_058F.asc,0eb62f527c67f9cbfbc97ec3262fa8a2fce427ccafe372218cda65f32d47beef,2025-02-26,3,60735.0,P,0.0008442090594530383,0.0008938,-4.9590940546961784e-05
ESMGFZ_EAM-90d_03h_2025_058F.asc,0eb62f527c67f9cbfbc97ec3262fa8a2fce427ccafe372218cda65f32d47beef,2025-02-26,7,60739.0,P,5.373901490356694e-05,7.08e-05,-1.7060985096433058e-05
ESMGFZ_EAM-90d_03h_2025_058F.asc,0eb62f527c67f9cbfbc97ec3262fa8a2fce427ccafe372218cda65f32d47beef,2025-02-26,30,60762.0,P,0.0009864659545056982,0.000987,-5.340454943018533e-07
ESMGFZ_EAM-90d_03h_2025_059F.asc,af5ca1ab2b260d33bc62bab996c7f6e6d67527af6c8cf10805819e0dbd13d064,2025-02-27,1,60734.0,P,0.0007334659769090228,0.0007581,-2.4634023090977205e-05
ESMGFZ_EAM-90d_03h_2025_059F.asc,af5ca1ab2b260d33bc62bab996c7f6e6d67527af6c8cf10805819e0dbd13d064,2025-02-27,3,60736.0,P,0.0008544303827561413,0.0008855,-3.106961724385867e-05
ESMGFZ_EAM-90d_03h_2025_059F.asc,af5ca1ab2b260d33bc62bab996c7f6e6d67527af6c8cf10805819e0dbd13d064,2025-02-27,7,60740.0,P,-0.00017952072294657496,-0.000153,-2.6520722946574957e-05
ESMGFZ_EAM-90d_03h_2025_059F.asc,af5ca1ab2b260d33bc62bab996c7f6e6d67527af6c8cf10805819e0dbd13d064,2025-02-27,30,60763.0,P,0.001105452516305313,0.0011164,-1.0947483694687035e-05
ESMGFZ_EAM-90d_03h_2025_060F.asc,90059c2e055ece751e4275e520b775e4064ec4011ac2657c8e66e576b9e67873,2025-02-28,1,60735.0,P,0.0008741710346079497,0.0008938,-1.9628965392050313e-05
ESMGFZ_EAM-90d_03h_2025_060F.asc,90059c2e055ece751e4275e520b775e4064ec4011ac2657c8e66e576b9e67873,2025-02-28,3,60737.0,P,0.0007067660909586587,0.0007282,-2.143390904134129e-05
ESMGFZ_EAM-90d_03h_2025_060F.asc,90059c2e055ece751e4275e520b775e4064ec4011ac2657c8e66e576b9e67873,2025-02-28,7,60741.0,P,-0.0003964380871787283,-0.0002867,-0.00010973808717872833
ESMGFZ_EAM-90d_03h_2025_060F.asc,90059c2e055ece751e4275e520b775e4064ec4011ac2657c8e66e576b9e67873,2025-02-28,30,60764.0,P,0.001022523533665182,0.0010076,1.4923533665181943e-05
ESMGFZ_EAM-90d_03h_2025_061F.asc,f66825016ef6ea2b94b6643ff31204a04714e275e775d623540c0a4a4ade13e9,2025-03-01,1,60736.0,P,0.0008676484735010266,0.0008855,-1.7851526498973368e-05
ESMGFZ_EAM-90d_03h_2025_061F.asc,f66825016ef6ea2b94b6643ff31204a04714e275e775d623540c0a4a4ade13e9,2025-03-01,3,60738.0,P,0.00037683368032505777,0.0004083,-3.146631967494224e-05
ESMGFZ_EAM-90d_03h_2025_061F.asc,f66825016ef6ea2b94b6643ff31204a04714e275e775d623540c0a4a4ade13e9,2025-03-01,7,60742.0,P,-0.0004011437509735878,-0.0003607,-4.044375097358782e-05
ESMGFZ_EAM-90d_03h_2025_061F.asc,f66825016ef6ea2b94b6643ff31204a04714e275e775d623540c0a4a4ade13e9,2025-03-01,30,60765.0,P,0.0007801421683533284,0.0007219,5.8242168353328364e-05
ESMGFZ_EAM-90d_03h_2025_062F.asc,00d65bcffdfa41e9ee6b2f6c57d344460809e23e72de20656a8255cbcebf3a94,2025-03-02,1,60737.0,P,0.0007084807116421432,0.0007282,-1.971928835785687e-05
ESMGFZ_EAM-90d_03h_2025_062F.asc,00d65bcffdfa41e9ee6b2f6c57d344460809e23e72de20656a8255cbcebf3a94,2025-03-02,3,60739.0,P,1.3374272086583984e-06,7.08e-05,-6.94625727913416e-05
ESMGFZ_EAM-90d_03h_2025_062F.asc,00d65bcffdfa41e9ee6b2f6c57d344460809e23e72de20656a8255cbcebf3a94,2025-03-02,7,60743.0,P,-0.0003686677725490923,-0.0002941,-7.456777254909229e-05
ESMGFZ_EAM-90d_03h_2025_062F.asc,00d65bcffdfa41e9ee6b2f6c57d344460809e23e72de20656a8255cbcebf3a94,2025-03-02,30,60766.0,P,0.0004196737217875845,0.0003905,2.917372178758452e-05
ESMGFZ_EAM-90d_03h_2025_063F.asc,11bfc5f5dc1e34745214f9ecb7c5b3c9bd270ea7255aae06809383b134933e06,2025-03-03,1,60738.0,P,0.0003825206704842057,0.0004083,-2.5779329515794288e-05
ESMGFZ_EAM-90d_03h_2025_063F.asc,11bfc5f5dc1e34745214f9ecb7c5b3c9bd270ea7255aae06809383b134933e06,2025-03-03,3,60740.0,P,-0.00023669661316011114,-0.000153,-8.369661316011114e-05
ESMGFZ_EAM-90d_03h_2025_063F.asc,11bfc5f5dc1e34745214f9ecb7c5b3c9bd270ea7255aae06809383b134933e06,2025-03-03,7,60744.0,P,-0.00020852604970444353,-0.0001417,-6.682604970444352e-05
ESMGFZ_EAM-90d_03h_2025_063F.asc,11bfc5f5dc1e34745214f9ecb7c5b3c9bd270ea7255aae06809383b134933e06,2025-03-03,30,60767.0,P,9.244596739387087e-05,6.09e-05,3.154596739387087e-05
ESMGFZ_EAM-90d_03h_2025_064F.asc,fa2d0d5d9017d9eff94d9f6e2e4819e78c3482d0a188438e0c2d590d6a25244f,2025-03-04,1,60739.0,P,1.9912082924271604e-05,7.08e-05,-5.0887917075728395e-05
ESMGFZ_EAM-90d_03h_2025_064F.asc,fa2d0d5d9017d9eff94d9f6e2e4819e78c3482d0a188438e0c2d590d6a25244f,2025-03-04,3,60741.0,P,-0.0003803400305143457,-0.0002867,-9.364003051434575e-05
ESMGFZ_EAM-90d_03h_2025_064F.asc,fa2d0d5d9017d9eff94d9f6e2e4819e78c3482d0a188438e0c2d590d6a25244f,2025-03-04,7,60745.0,P,1.3322434369039156e-06,3.32e-05,-3.1867756563096085e-05
ESMGFZ_EAM-90d_03h_2025_064F.asc,fa2d0d5d9017d9eff94d9f6e2e4819e78c3482d0a188438e0c2d590d6a25244f,2025-03-04,30,60768.0,P,-0.0001133566681433487,-0.0001913,7.794333185665129e-05
ESMGFZ_EAM-90d_03h_2025_065F.asc,4bb40f36c75cd6dea30958c15837421f5a19bbc1623442333e1c666a6e61e999,2025-03-05,1,60740.0,P,-0.00022476103824224796,-0.000153,-7.176103824224796e-05
ESMGFZ_EAM-90d_03h_2025_065F.asc,4bb40f36c75cd6dea30958c15837421f5a19bbc1623442333e1c666a6e61e999,2025-03-05,3,60742.0,P,-0.00044406352226674,-0.0003607,-8.336352226674004e-05
ESMGFZ_EAM-90d_03h_2025_065F.asc,4bb40f36c75cd6dea30958c15837421f5a19bbc1623442333e1c666a6e61e999,2025-03-05,7,60746.0,P,0.00021624877926976557,0.0002253,-9.05122073023443e-06
ESMGFZ_EAM-90d_03h_2025_065F.asc,4bb40f36c75cd6dea30958c15837421f5a19bbc1623442333e1c666a6e61e999,2025-03-05,30,60769.0,P,-0.00021905660681524033,-0.0002736,5.454339318475965e-05
ESMGFZ_EAM-90d_03h_2025_066F.asc,8725291789f0527bfdcd9b1e28d225eb3a4250245e891fc735556320a17a9127,2025-03-06,1,60741.0,P,-0.00034359522209641226,-0.0002867,-5.689522209641228e-05
ESMGFZ_EAM-90d_03h_2025_066F.asc,8725291789f0527bfdcd9b1e28d225eb3a4250245e891fc735556320a17a9127,2025-03-06,3,60743.0,P,-0.00038221671146556734,-0.0002941,-8.811671146556735e-05
ESMGFZ_EAM-90d_03h_2025_066F.asc,8725291789f0527bfdcd9b1e28d225eb3a4250245e891fc735556320a17a9127,2025-03-06,7,60747.0,P,0.00036212519934137086,0.0003984,-3.627480065862912e-05
ESMGFZ_EAM-90d_03h_2025_066F.asc,8725291789f0527bfdcd9b1e28d225eb3a4250245e891fc735556320a17a9127,2025-03-06,30,60770.0,P,-0.00013137858173015317,-0.0001803,4.892141826984682e-05
ESMGFZ_EAM-90d_03h_2025_067F.asc,6ae4a5962ab8bbfef212084b38d1fafc165ff2bb701c88720a5fe3a186f13bd7,2025-03-07,1,60742.0,P,-0.0003972849009714071,-0.0003607,-3.6584900971407114e-05
ESMGFZ_EAM-90d_03h_2025_067F.asc,6ae4a5962ab8bbfef212084b38d1fafc165ff2bb701c88720a5fe3a186f13bd7,2025-03-07,3,60744.0,P,-0.0001588034205591172,-0.0001417,-1.710342055911721e-05
ESMGFZ_EAM-90d_03h_2025_067F.asc,6ae4a5962ab8bbfef212084b38d1fafc165ff2bb701c88720a5fe3a186f13bd7,2025-03-07,7,60748.0,P,0.0005013036827273333,0.0005115,-1.0196317272666766e-05
ESMGFZ_EAM-90d_03h_2025_067F.asc,6ae4a5962ab8bbfef212084b38d1fafc165ff2bb701c88720a5fe3a186f13bd7,2025-03-07,30,60771.0,P,2.6154289454694826e-05,1.33e-05,1.2854289454694826e-05
ESMGFZ_EAM-90d_03h_2025_068F.asc,4555dc229e8bbc9b4b05346fd0fd1012cbac278e1d5f8ec2f9a845b1ca16c789,2025-03-08,1,60743.0,P,-0.00034326767652024967,-0.0002941,-4.916767652024968e-05
ESMGFZ_EAM-90d_03h_2025_068F.asc,4555dc229e8bbc9b4b05346fd0fd1012cbac278e1d5f8ec2f9a845b1ca16c789,2025-03-08,3,60745.0,P,7.584298430188453e-06,3.32e-05,-2.5615701569811548e-05
ESMGFZ_EAM-90d_03h_2025_068F.asc,4555dc229e8bbc9b4b05346fd0fd1012cbac278e1d5f8ec2f9a845b1ca16c789,2025-03-08,7,60749.0,P,0.000551866391373767,0.0005329,1.896639137376698e-05
ESMGFZ_EAM-90d_03h_2025_068F.asc,4555dc229e8bbc9b4b05346fd0fd1012cbac278e1d5f8ec2f9a845b1ca16c789,2025-03-08,30,60772.0,P,0.0001630330652748668,0.0002081,-4.50669347251332e-05
ESMGFZ_EAM-90d_03h_2025_069F.asc,4710a9d1023ab1a1f565b4007008ba86f8a539cc79564242b2a985f40d09127b,2025-03-09,1,60744.0,P,-0.0001162062195022394,-0.0001417,2.54937804977606e-05
ESMGFZ_EAM-90d_03h_2025_069F.asc,4710a9d1023ab1a1f565b4007008ba86f8a539cc79564242b2a985f40d09127b,2025-03-09,3,60746.0,P,0.0002230507830658315,0.0002253,-2.249216934168503e-06
ESMGFZ_EAM-90d_03h_2025_069F.asc,4710a9d1023ab1a1f565b4007008ba86f8a539cc79564242b2a985f40d09127b,2025-03-09,7,60750.0,P,0.0005471451482102253,0.0004697,7.744514821022533e-05
ESMGFZ_EAM-90d_03h_2025_069F.asc,4710a9d1023ab1a1f565b4007008ba86f8a539cc79564242b2a985f40d09127b,2025-03-09,30,60773.0,P,0.0003721983244685362,0.0003946,-2.2401675531463793e-05
ESMGFZ_EAM-90d_03h_2025_070F.asc,d913f2992fdc87de419cec085aaa24eaebd88756a1deb08d4bdcac7d3c88d3ef,2025-03-10,1,60745.0,P,2.5192283744722026e-05,3.32e-05,-8.007716255277975e-06
ESMGFZ_EAM-90d_03h_2025_070F.asc,d913f2992fdc87de419cec085aaa24eaebd88756a1deb08d4bdcac7d3c88d3ef,2025-03-10,3,60747.0,P,0.0003712676866423185,0.0003984,-2.713231335768146e-05
ESMGFZ_EAM-90d_03h_2025_070F.asc,d913f2992fdc87de419cec085aaa24eaebd88756a1deb08d4bdcac7d3c88d3ef,2025-03-10,7,60751.0,P,0.0004366541501619776,0.0003391,9.75541501619776e-05
ESMGFZ_EAM-90d_03h_2025_070F.asc,d913f2992fdc87de419cec085aaa24eaebd88756a1deb08d4bdcac7d3c88d3ef,2025-03-10,30,60774.0,P,0.0005565012580603427,0.0005724,-1.5898741939657365e-05
ESMGFZ_EAM-90d_03h_2025_071F.asc,b5fb3c2f61df797f5e5ae6b2635614a486f703cf638239e68b674dd9565c7be6,2025-03-11,1,60746.0,P,0.00023979234769314547,0.0002253,1.449234769314547e-05
ESMGFZ_EAM-90d_03h_2025_071F.asc,b5fb3c2f61df797f5e5ae6b2635614a486f703cf638239e68b674dd9565c7be6,2025-03-11,3,60748.0,P,0.000497044035538276,0.0005115,-1.445596446172405e-05
ESMGFZ_EAM-90d_03h_2025_071F.asc,b5fb3c2f61df797f5e5ae6b2635614a486f703cf638239e68b674dd9565c7be6,2025-03-11,7,60752.0,P,0.00022100152863335998,0.0002077,1.3301528633359973e-05
ESMGFZ_EAM-90d_03h_2025_071F.asc,b5fb3c2f61df797f5e5ae6b2635614a486f703cf638239e68b674dd9565c7be6,2025-03-11,30,60775.0,P,0.0006685945099950699,0.0006482,2.0394509995069906e-05
ESMGFZ_EAM-90d_03h_2025_072F.asc,017dd0a2f5e3c3e8736ae78598a6a5e0cf4962a01cba3c7e549f14da0957f2f5,2025-03-12,1,60747.0,P,0.00037059655702712543,0.0003984,-2.7803442972874546e-05
ESMGFZ_EAM-90d_03h_2025_072F.asc,017dd0a2f5e3c3e8736ae78598a6a5e0cf4962a01cba3c7e549f14da0957f2f5,2025-03-12,3,60749.0,P,0.0005213464637998622,0.0005329,-1.155353620013776e-05
ESMGFZ_EAM-90d_03h_2025_072F.asc,017dd0a2f5e3c3e8736ae78598a6a5e0cf4962a01cba3c7e549f14da0957f2f5,2025-03-12,7,60753.0,P,8.294789077001804e-05,7.57e-05,7.247890770018043e-06
ESMGFZ_EAM-90d_03h_2025_072F.asc,017dd0a2f5e3c3e8736ae78598a6a5e0cf4962a01cba3c7e549f14da0957f2f5,2025-03-12,30,60776.0,P,0.0006641151296623375,0.0006538,1.0315129662337506e-05
ESMGFZ_EAM-90d_03h_2025_073F.asc,04c36f362fd87df6642e053cdf7e591b2798194373c7803dcbe02d4e37ab870f,2025-03-13,1,60748.0,P,0.0005308829394004912,0.0005115,1.9382939400491178e-05
ESMGFZ_EAM-90d_03h_2025_073F.asc,04c36f362fd87df6642e053cdf7e591b2798194373c7803dcbe02d4e37ab870f,2025-03-13,3,60750.0,P,0.0005113658163344251,0.0004697,4.166581633442516e-05
ESMGFZ_EAM-90d_03h_2025_073F.asc,04c36f362fd87df6642e053cdf7e591b2798194373c7803dcbe02d4e37ab870f,2025-03-13,7,60754.0,P,-4.079743380878189e-05,-6.28e-05,2.2002566191218107e-05
ESMGFZ_EAM-90d_03h_2025_073F.asc,04c36f362fd87df6642e053cdf7e591b2798194373c7803dcbe02d4e37ab870f,2025-03-13,30,60777.0,P,0.0006546712254407442,0.0006109,4.3771225440744155e-05
ESMGFZ_EAM-90d_03h_2025_074F.asc,9ea0a0f182944332f4fd2d1e7f48d6466072945e26fbe79b8eec905311704672,2025-03-14,1,60749.0,P,0.0005398041165782043,0.0005329,6.904116578204298e-06
ESMGFZ_EAM-90d_03h_2025_074F.asc,9ea0a0f182944332f4fd2d1e7f48d6466072945e26fbe79b8eec905311704672,2025-03-14,3,60751.0,P,0.0003502388632170983,0.0003391,1.113886321709828e-05
ESMGFZ_EAM-90d_03h_2025_074F.asc,9ea0a0f182944332f4fd2d1e7f48d6466072945e26fbe79b8eec905311704672,2025-03-14,7,60755.0,P,-0.00011652196801961934,-0.0001572,4.067803198038066e-05
ESMGFZ_EAM-90d_03h_2025_074F.asc,9ea0a0f182944332f4fd2d1e7f48d6466072945e26fbe79b8eec905311704672,2025-03-14,30,60778.0,P,0.0005436413239368673,0.000504,3.964132393686733e-05
ESMGFZ_EAM-90d_03h_2025_075F.asc,31e541a8206b1c4a528f456c91a0e774e4f27a5a93f8c985eb52e26b1a4c6019,2025-03-15,1,60750.0,P,0.0005025000541864497,0.0004697,3.2800054186449745e-05
ESMGFZ_EAM-90d_03h_2025_075F.asc,31e541a8206b1c4a528f456c91a0e774e4f27a5a93f8c985eb52e26b1a4c6019,2025-03-15,3,60752.0,P,0.00020767661286090258,0.0002077,-2.338713909742795e-08
ESMGFZ_EAM-90d_03h_2025_075F.asc,31e541a8206b1c4a528f456c91a0e774e4f27a5a93f8c985eb52e26b1a4c6019,2025-03-15,7,60756.0,P,-0.0001500637069844537,-0.0002275,7.74362930155463e-05
ESMGFZ_EAM-90d_03h_2025_075F.asc,31e541a8206b1c4a528f456c91a0e774e4f27a5a93f8c985eb52e26b1a4c6019,2025-03-15,30,60779.0,P,0.0004043462863225741,0.0003361,6.82462863225741e-05
ESMGFZ_EAM-90d_03h_2025_076F.asc,589ea48cc21abc33bbc40a819df2963143d63650e03d300ee199676744d4f82e,2025-03-16,1,60751.0,P,0.00035053838317490593,0.0003391,1.143838317490593e-05
ESMGFZ_EAM-90d_03h_2025_076F.asc,589ea48cc21abc33bbc40a819df2963143d63650e03d300ee199676744d4f82e,2025-03-16,3,60753.0,P,5.564902121474636e-05,7.57e-05,-2.005097878525364e-05
ESMGFZ_EAM-90d_03h_2025_076F.asc,589ea48cc21abc33bbc40a819df2963143d63650e03d300ee199676744d4f82e,2025-03-16,7,60757.0,P,-0.0002118045823473877,-0.0002185,6.695417652612286e-06
ESMGFZ_EAM-90d_03h_2025_076F.asc,589ea48cc21abc33bbc40a819df2963143d63650e03d300ee199676744d4f82e,2025-03-16,30,60780.0,P,0.00019173915322139072,0.0001344,5.7339153221390736e-05
ESMGFZ_EAM-90d_03h_2025_077F.asc,fc85febbe62a48ddf2e9eaa07bf609273cc1fc7f7e89e35bcd8e01c4f6eab7c6,2025-03-17,1,60752.0,P,0.0001913700998090567,0.0002077,-1.632990019094331e-05
ESMGFZ_EAM-90d_03h_2025_077F.asc,fc85febbe62a48ddf2e9eaa07bf609273cc1fc7f7e89e35bcd8e01c4f6eab7c6,2025-03-17,3,60754.0,P,-9.78141877744872e-05,-6.28e-05,-3.50141877744872e-05
ESMGFZ_EAM-90d_03h_2025_077F.asc,fc85febbe62a48ddf2e9eaa07bf609273cc1fc7f7e89e35bcd8e01c4f6eab7c6,2025-03-17,7,60758.0,P,-3.902738182964306e-05,-7.6e-05,3.697261817035694e-05
ESMGFZ_EAM-90d_03h_2025_077F.asc,fc85febbe62a48ddf2e9eaa07bf609273cc1fc7f7e89e35bcd8e01c4f6eab7c6,2025-03-17,30,60781.0,P,1.55606959346289e-05,-5.67e-05,7.22606959346289e-05
ESMGFZ_EAM-90d_03h_2025_078F.asc,44b4f326fb40b7db37f45503fc449b42c9b22ab1c7c0f3785eac279bae1e8806,2025-03-18,1,60753.0,P,4.938677309638371e-05,7.57e-05,-2.6313226903616288e-05
ESMGFZ_EAM-90d_03h_2025_078F.asc,44b4f326fb40b7db37f45503fc449b42c9b22ab1c7c0f3785eac279bae1e8806,2025-03-18,3,60755.0,P,-0.00016722227574218458,-0.0001572,-1.0022275742184585e-05
ESMGFZ_EAM-90d_03h_2025_078F.asc,44b4f326fb40b7db37f45503fc449b42c9b22ab1c7c0f3785eac279bae1e8806,2025-03-18,7,60759.0,P,0.0001754502275715412,0.0001493,2.6150227571541214e-05
ESMGFZ_EAM-90d_03h_2025_078F.asc,44b4f326fb40b7db37f45503fc449b42c9b22ab1c7c0f3785eac279bae1e8806,2025-03-18,30,60782.0,P,-0.00011738891932619629,-0.00023,0.00011261108067380372
ESMGFZ_EAM-90d_03h_2025_079F.asc,f2df8c6a019209b1aa88f044e0e040b21d8179326e024450f615b3640d2b8ddf,2025-03-19,1,60754.0,P,-7.906742632977714e-05,-6.28e-05,-1.6267426329777144e-05
ESMGFZ_EAM-90d_03h_2025_079F.asc,f2df8c6a019209b1aa88f044e0e040b21d8179326e024450f615b3640d2b8ddf,2025-03-19,3,60756.0,P,-0.0002595782729244555,-0.0002275,-3.20782729244555e-05
ESMGFZ_EAM-90d_03h_2025_079F.asc,f2df8c6a019209b1aa88f044e0e040b21d8179326e024450f615b3640d2b8ddf,2025-03-19,7,60760.0,P,0.0004086844130594032,0.0004156,-6.915586940596844e-06
ESMGFZ_EAM-90d_03h_2025_079F.asc,f2df8c6a019209b1aa88f044e0e040b21d8179326e024450f615b3640d2b8ddf,2025-03-19,30,60783.0,P,-0.00019669028995341757,-0.0003048,0.00010810971004658241
ESMGFZ_EAM-90d_03h_2025_080F.asc,e7e6e3b65abd3b557e64cb01a5b642cedf83b87638eb9691ac4c258bb7b3a885,2025-03-20,1,60755.0,P,-0.00013597777903994363,-0.0001572,2.122222096005637e-05
ESMGFZ_EAM-90d_03h_2025_080F.asc,e7e6e3b65abd3b557e64cb01a5b642cedf83b87638eb9691ac4c258bb7b3a885,2025-03-20,3,60757.0,P,-0.00023893554017933167,-0.0002185,-2.0435540179331675e-05
ESMGFZ_EAM-90d_03h_2025_080F.asc,e7e6e3b65abd3b557e64cb01a5b642cedf83b87638eb9691ac4c258bb7b3a885,2025-03-20,7,60761.0,P,0.0007682083402607397,0.0007177,5.050834026073961e-05
ESMGFZ_EAM-90d_03h_2025_080F.asc,e7e6e3b65abd3b557e64cb01a5b642cedf83b87638eb9691ac4c258bb7b3a885,2025-03-20,30,60784.0,P,-0.00020017204446018524,-0.0002814,8.122795553981477e-05
ESMGFZ_EAM-90d_03h_2025_081F.asc,472ce9de9e62700682a6c07f433d164d4c2c6cf8d55345bf3843560aefabbf55,2025-03-21,1,60756.0,P,-0.0002472225822533812,-0.0002275,-1.972258225338121e-05
ESMGFZ_EAM-90d_03h_2025_081F.asc,472ce9de9e62700682a6c07f433d164d4c2c6cf8d55345bf3843560aefabbf55,2025-03-21,3,60758.0,P,-0.00011610753959716459,-7.6e-05,-4.0107539597164586e-05
ESMGFZ_EAM-90d_03h_2025_081F.asc,472ce9de9e62700682a6c07f433d164d4c2c6cf8d55345bf3843560aefabbf55,2025-03-21,7,60762.0,P,0.001021248008180992,0.000987,3.424800818099187e-05
ESMGFZ_EAM-90d_03h_2025_081F.asc,472ce9de9e62700682a6c07f433d164d4c2c6cf8d55345bf3843560aefabbf55,2025-03-21,30,60785.0,P,-0.0001087928753405041,-0.0002181,0.00010930712465949589
ESMGFZ_EAM-90d_03h_2025_082F.asc,966899d59cdaaa9c7c675d77863b9146d1d74ac8a3c38b4e27f57202f6ffd7a2,2025-03-22,1,60757.0,P,-0.00023428796530709176,-0.0002185,-1.5787965307091764e-05
ESMGFZ_EAM-90d_03h_2025_082F.asc,966899d59cdaaa9c7c675d77863b9146d1d74ac8a3c38b4e27f57202f6ffd7a2,2025-03-22,3,60759.0,P,0.00012144703956300733,0.0001493,-2.7852960436992662e-05
ESMGFZ_EAM-90d_03h_2025_082F.asc,966899d59cdaaa9c7c675d77863b9146d1d74ac8a3c38b4e27f57202f6ffd7a2,2025-03-22,7,60763.0,P,0.0011049660231080497,0.0011164,-1.1433976891950292e-05
ESMGFZ_EAM-90d_03h_2025_082F.asc,966899d59cdaaa9c7c675d77863b9146d1d74ac8a3c38b4e27f57202f6ffd7a2,2025-03-22,30,60786.0,P,2.8915141680527408e-05,-6.05e-05,8.941514168052741e-05
ESMGFZ_EAM-90d_03h_2025_083F.asc,de9ba83f4a7f526d8cb9bfb0da71e14e488c11fb48e9dbe60effb9091c64580e,2025-03-23,1,60758.0,P,-6.613732020863453e-05,-7.6e-05,9.862679791365473e-06
ESMGFZ_EAM-90d_03h_2025_083F.asc,de9ba83f4a7f526d8cb9bfb0da71e14e488c11fb48e9dbe60effb9091c64580e,2025-03-23,3,60760.0,P,0.0004296285532566995,0.0004156,1.4028553256699482e-05
ESMGFZ_EAM-90d_03h_2025_083F.asc,de9ba83f4a7f526d8cb9bfb0da71e14e488c11fb48e9dbe60effb9091c64580e,2025-03-23,7,60764.0,P,0.001037380024369957,0.0010076,2.978002436995709e-05
ESMGFZ_EAM-90d_03h_2025_083F.asc,de9ba83f4a7f526d8cb9bfb0da71e14e488c11fb48e9dbe60effb9091c64580e,2025-03-23,30,60787.0,P,0.00034105643873656277,0.0001825,0.00015855643873656278
ESMGFZ_EAM-90d_03h_2025_084F.asc,e70519e4339557073f87a44cec455dd3efc2fbe60fc054830c8143538013e2f8,2025-03-24,1,60759.0,P,0.00016118637855663614,0.0001493,1.188637855663614e-05
ESMGFZ_EAM-90d_03h_2025_084F.asc,e70519e4339557073f87a44cec455dd3efc2fbe60fc054830c8143538013e2f8,2025-03-24,3,60761.0,P,0.0007545079636461702,0.0007177,3.680796364617016e-05
ESMGFZ_EAM-90d_03h_2025_084F.asc,e70519e4339557073f87a44cec455dd3efc2fbe60fc054830c8143538013e2f8,2025-03-24,7,60765.0,P,0.0007583262158275726,0.0007219,3.6426215827572604e-05
ESMGFZ_EAM-90d_03h_2025_084F.asc,e70519e4339557073f87a44cec455dd3efc2fbe60fc054830c8143538013e2f8,2025-03-24,30,60788.0,P,0.0006284741450469833,0.0004478,0.0001806741450469833
ESMGFZ_EAM-90d_03h_2025_085F.asc,6419242879f3c30e75f641d0bcc389dd2ff445a9e11896157bd78ea0485316c5,2025-03-25,1,60760.0,P,0.00043641457285263364,0.0004156,2.0814572852633623e-05
ESMGFZ_EAM-90d_03h_2025_085F.asc,6419242879f3c30e75f641d0bcc389dd2ff445a9e11896157bd78ea0485316c5,2025-03-25,3,60762.0,P,0.0009906092420057817,0.000987,3.6092420057816377e-06
ESMGFZ_EAM-90d_03h_2025_085F.asc,6419242879f3c30e75f641d0bcc389dd2ff445a9e11896157bd78ea0485316c5,2025-03-25,7,60766.0,P,0.00043598556511964244,0.0003905,4.5485565119642436e-05
ESMGFZ_EAM-90d_03h_2025_085F.asc,6419242879f3c30e75f641d0bcc389dd2ff445a9e11896157bd78ea0485316c5,2025-03-25,30,60789.0,P,0.0009353148777372873,0.000722,0.0002133148777372873
ESMGFZ_EAM-90d_03h_2025_086F.asc,e66dd3bb3c37b6a4e091eaf126bf421a7500d94f06fa86b7582ec5cf4a3cca0a,2025-03-26,1,60761.0,P,0.0007579008052443013,0.0007177,4.020080524430125e-05
ESMGFZ_EAM-90d_03h_2025_086F.asc,e66dd3bb3c37b6a4e091eaf126bf421a7500d94f06fa86b7582ec5cf4a3cca0a,2025-03-26,3,60763.0,P,0.0011282585217132263,0.0011164,1.185852171322623e-05
ESMGFZ_EAM-90d_03h_2025_086F.asc,e66dd3bb3c37b6a4e091eaf126bf421a7500d94f06fa86b7582ec5cf4a3cca0a,2025-03-26,7,60767.0,P,0.00014034591341401605,6.09e-05,7.944591341401605e-05
ESMGFZ_EAM-90d_03h_2025_086F.asc,e66dd3bb3c37b6a4e091eaf126bf421a7500d94f06fa86b7582ec5cf4a3cca0a,2025-03-26,30,60790.0,P,0.001126848278933255,0.0009408,0.00018604827893325493
ESMGFZ_EAM-90d_03h_2025_087F.asc,b0f5b04a813ff5809a2990de234bc8ce32b774a21e633a0bb29ef046eaf2509c,2025-03-27,1,60762.0,P,0.0010053342688721026,0.000987,1.8334268872102592e-05
ESMGFZ_EAM-90d_03h_2025_087F.asc,b0f5b04a813ff5809a2990de234bc8ce32b774a21e633a0bb29ef046eaf2509c,2025-03-27,3,60764.0,P,0.001002750969722003,0.0010076,-4.849030277997036e-06
ESMGFZ_EAM-90d_03h_2025_087F.asc,b0f5b04a813ff5809a2990de234bc8ce32b774a21e633a0bb29ef046eaf2509c,2025-03-27,7,60768.0,P,-0.0001515126937126113,-0.0001913,3.9787306287388685e-05
ESMGFZ_EAM-90d_03h_2025_087F.asc,b0f5b04a813ff5809a2990de234bc8ce32b774a21e633a0bb29ef046eaf2509c,2025-03-27,30,60791.0,P,0.0011143523191708372,0.0009835,0.0001308523191708372
ESMGFZ_EAM-90d_03h_2025_088F.asc,95dca5ea9b3044fe939d5b02a9611c71455f852c6fe151f484a0364373b6c1e0,2025-03-28,1,60763.0,P,0.0011161698665479686,0.0011164,-2.3013345203147864e-07
ESMGFZ_EAM-90d_03h_2025_088F.asc,95dca5ea9b3044fe939d5b02a9611c71455f852c6fe151f484a0364373b6c1e0,2025-03-28,3,60765.0,P,0.0006990553282619045,0.0007219,-2.284467173809554e-05
ESMGFZ_EAM-90d_03h_2025_088F.asc,95dca5ea9b3044fe939d5b02a9611c71455f852c6fe151f484a0364373b6c1e0,2025-03-28,7,60769.0,P,-0.00023390523314711985,-0.0002736,3.9694766852880136e-05
ESMGFZ_EAM-90d_03h_2025_088F.asc,95dca5ea9b3044fe939d5b02a9611c71455f852c6fe151f484a0364373b6c1e0,2025-03-28,30,60792.0,P,0.0009167544295513805,0.0008214,9.535442955138044e-05
ESMGFZ_EAM-90d_03h_2025_089F.asc,3c93259b721fbd8c81918d94c7ec25a02707863adcff11386398ebbb8f2045c9,2025-03-29,1,60764.0,P,0.001009023521218334,0.0010076,1.4235212183340805e-06
ESMGFZ_EAM-90d_03h_2025_089F.asc,3c93259b721fbd8c81918d94c7ec25a02707863adcff11386398ebbb8f2045c9,2025-03-29,3,60766.0,P,0.0003879948271333163,0.0003905,-2.5051728666837265e-06
ESMGFZ_EAM-90d_03h_2025_089F.asc,3c93259b721fbd8c81918d94c7ec25a02707863adcff11386398ebbb8f2045c9,2025-03-29,7,60770.0,P,-0.0001990982760723698,-0.0001803,-1.8798276072369818e-05
ESMGFZ_EAM-90d_03h_2025_089F.asc,3c93259b721fbd8c81918d94c7ec25a02707863adcff11386398ebbb8f2045c9,2025-03-29,30,60793.0,P,0.0006214866138423234,0.0005419,7.958661384232341e-05
ESMGFZ_EAM-90d_03h_2025_090F.asc,98d85ce68c2a2b3cdc0dbcce0db77c4aeb9f43fcfdad4973492fd6beb84fdea9,2025-03-30,1,60765.0,P,0.0006938574358112712,0.0007219,-2.804256418872887e-05
ESMGFZ_EAM-90d_03h_2025_090F.asc,98d85ce68c2a2b3cdc0dbcce0db77c4aeb9f43fcfdad4973492fd6beb84fdea9,2025-03-30,3,60767.0,P,4.8525414882044356e-05,6.09e-05,-1.2374585117955647e-05
ESMGFZ_EAM-90d_03h_2025_090F.asc,98d85ce68c2a2b3cdc0dbcce0db77c4aeb9f43fcfdad4973492fd6beb84fdea9,2025-03-30,7,60771.0,P,2.2885158169262188e-05,1.33e-05,9.585158169262188e-06
ESMGFZ_EAM-90d_03h_2025_090F.asc,98d85ce68c2a2b3cdc0dbcce0db77c4aeb9f43fcfdad4973492fd6beb84fdea9,2025-03-30,30,60794.0,P,0.00029510481133125205,0.000221,7.410481133125204e-05
ESMGFZ_EAM-90d_03h_2025_091F.asc,14b91925ba2a6506183a6789d7a5d2b7dd266ba86d5051e63b5d1598bf23107a,2025-03-31,1,60766.0,P,0.00038927218701324535,0.0003905,-1.227812986754652e-06
ESMGFZ_EAM-90d_03h_2025_091F.asc,14b91925ba2a6506183a6789d7a5d2b7dd266ba86d5051e63b5d1598bf23107a,2025-03-31,3,60768.0,P,-0.0002192619549676496,-0.0001913,-2.796195496764962e-05
ESMGFZ_EAM-90d_03h_2025_091F.asc,14b91925ba2a6506183a6789d7a5d2b7dd266ba86d5051e63b5d1598bf23107a,2025-03-31,7,60772.0,P,0.0002226489493104388,0.0002081,1.4548949310438822e-05
ESMGFZ_EAM-90d_03h_2025_091F.asc,14b91925ba2a6506183a6789d7a5d2b7dd266ba86d5051e63b5d1598bf23107a,2025-03-31,30,60795.0,P,2.402380289211908e-05,-8.38e-05,0.00010782380289211908
ESMGFZ_EAM-90d_03h_2025_092F.asc,c197ad7a5ae14df1df97ebf732291d6d8228e3fb527714f4df829008f9e54ab5,2025-04-01,1,60767.0,P,7.815506285636451e-05,6.09e-05,1.7255062856364506e-05
ESMGFZ_EAM-90d_03h_2025_092F.asc,c197ad7a5ae14df1df97ebf732291d6d8228e3fb527714f4df829008f9e54ab5,2025-04-01,3,60769.0,P,-0.0002911960839725728,-0.0002736,-1.7596083972572804e-05
ESMGFZ_EAM-90d_03h_2025_092F.asc,c197ad7a5ae14df1df97ebf732291d6d8228e3fb527714f4df829008f9e54ab5,2025-04-01,7,60773.0,P,0.000442805822692481,0.0003946,4.820582269248098e-05
ESMGFZ_EAM-90d_03h_2025_092F.asc,c197ad7a5ae14df1df97ebf732291d6d8228e3fb527714f4df829008f9e54ab5,2025-04-01,30,60796.0,P,-0.00017133309883178154,-0.0002567,8.536690116821847e-05
ESMGFZ_EAM-90d_03h_2025_093F.asc,909d9a338fd6906c3f44b61ed0d88c6fab8a61f46e7d12ca796afcbd379dbf94,2025-04-02,1,60768.0,P,-0.00019275879389229336,-0.0001913,-1.4587938922933747e-06
ESMGFZ_EAM-90d_03h_2025_093F.asc,909d9a338fd6906c3f44b61ed0d88c6fab8a61f46e7d12ca796afcbd379dbf94,2025-04-02,3,60770.0,P,-0.00020005427521250883,-0.0001803,-1.9754275212508843e-05
ESMGFZ_EAM-90d_03h_2025_093F.asc,909d9a338fd6906c3f44b61ed0d88c6fab8a61f46e7d12ca796afcbd379dbf94,2025-04-02,7,60774.0,P,0.0005703181131425583,0.0005724,-2.0818868574417823e-06
ESMGFZ_EAM-90d_03h_2025_093F.asc,909d9a338fd6906c3f44b61ed0d88c6fab8a61f46e7d12ca796afcbd379dbf94,2025-04-02,30,60797.0,P,-0.00015426846647245235,-0.0002886,0.00013433153352754767
ESMGFZ_EAM-90d_03h_2025_094F.asc,fae22328733f1ceefb22a5fdb7a7e5c85a1b25868767a5babb06ad348eeb84cb,2025-04-03,1,60769.0,P,-0.00025269591194750324,-0.0002736,2.0904088052496746e-05
ESMGFZ_EAM-90d_03h_2025_094F.asc,fae22328733f1ceefb22a5fdb7a7e5c85a1b25868767a5babb06ad348eeb84cb,2025-04-03,3,60771.0,P,2.5180648043802783e-05,1.33e-05,1.1880648043802783e-05
ESMGFZ_EAM-90d_03h_2025_094F.asc,fae22328733f1ceefb22a5fdb7a7e5c85a1b25868767a5babb06ad348eeb84cb,2025-04-03,7,60775.0,P,0.0007100240327040259,0.0006482,6.182403270402583e-05
ESMGFZ_EAM-90d_03h_2025_094F.asc,fae22328733f1ceefb22a5fdb7a7e5c85a1b25868767a5babb06ad348eeb84cb,2025-04-03,30,60798.0,P,-1.0823134343707248e-05,-0.0001754,0.00016457686565629276
ESMGFZ_EAM-90d_03h_2025_095F.asc,74a9b48dba2dac49ade42bc78a5d9a591cc9ea0c9a035ce8a8fbb6b6332774e6,2025-04-04,1,60770.0,P,-0.00017304434714160959,-0.0001803,7.2556528583904065e-06
ESMGFZ_EAM-90d_03h_2025_095F.asc,74a9b48dba2dac49ade42bc78a5d9a591cc9ea0c9a035ce8a8fbb6b6332774e6,2025-04-04,3,60772.0,P,0.00021441197440345153,0.0002081,6.311974403451536e-06
ESMGFZ_EAM-90d_03h_2025_095F.asc,74a9b48dba2dac49ade42bc78a5d9a591cc9ea0c9a035ce8a8fbb6b6332774e6,2025-04-04,7,60776.0,P,0.0007114973079608,0.0006538,5.769730796080009e-05
ESMGFZ_EAM-90d_03h_2025_095F.asc,74a9b48dba2dac49ade42bc78a5d9a591cc9ea0c9a035ce8a8fbb6b6332774e6,2025-04-04,30,60799.0,P,0.0001133190440422931,-1e-07,0.00011341904404229311
ESMGFZ_EAM-90d_03h_2025_096F.asc,da97978d00acad2e64daa16d6812470cc1bc369b77e9246873eece235a0ce87a,2025-04-05,1,60771.0,P,4.331769763482623e-05,1.33e-05,3.001769763482623e-05
ESMGFZ_EAM-90d_03h_2025_096F.asc,da97978d00acad2e64daa16d6812470cc1bc369b77e9246873eece235a0ce87a,2025-04-05,3,60773.0,P,0.0004111105333741967,0.0003946,1.6510533374196714e-05
ESMGFZ_EAM-90d_03h_2025_096F.asc,da97978d00acad2e64daa16d6812470cc1bc369b77e9246873eece235a0ce87a,2025-04-05,7,60777.0,P,0.0006997775615752099,0.0006109,8.887756157520985e-05
ESMGFZ_EAM-90d_03h_2025_096F.asc,da97978d00acad2e64daa16d6812470cc1bc369b77e9246873eece235a0ce87a,2025-04-05,30,60800.0,P,0.00028576389499100315,0.0001591,0.00012666389499100316
ESMGFZ_EAM-90d_03h_2025_097F.asc,21fb54be9d956fb559157ced1c9238eb64d3ebe41cf5dc63e032623208435f0f,2025-04-06,1,60772.0,P,0.00021364987884079324,0.0002081,5.549878840793254e-06
ESMGFZ_EAM-90d_03h_2025_097F.asc,21fb54be9d956fb559157ced1c9238eb64d3ebe41cf5dc63e032623208435f0f,2025-04-06,3,60774.0,P,0.0005592908805635746,0.0005724,-1.3109119436425457e-05
ESMGFZ_EAM-90d_03h_2025_097F.asc,21fb54be9d956fb559157ced1c9238eb64d3ebe41cf5dc63e032623208435f0f,2025-04-06,7,60778.0,P,0.0005384794352111855,0.000504,3.447943521118547e-05
ESMGFZ_EAM-90d_03h_2025_097F.asc,21fb54be9d956fb559157ced1c9238eb64d3ebe41cf5dc63e032623208435f0f,2025-04-06,30,60801.0,P,0.0003920535949875977,0.0003215,7.055359498759771e-05
ESMGFZ_EAM-90d_03h_2025_098F.asc,7958758e30f6f209bb46704b4251bc3343c54e9df0640f8c9cdc80ff83bc17ec,2025-04-07,1,60773.0,P,0.00041069963750626527,0.0003946,1.6099637506265276e-05
ESMGFZ_EAM-90d_03h_2025_098F.asc,7958758e30f6f209bb46704b4251bc3343c54e9df0640f8c9cdc80ff83bc17ec,2025-04-07,3,60775.0,P,0.0006314962840874248,0.0006482,-1.670371591257528e-05
ESMGFZ_EAM-90d_03h_2025_098F.asc,7958758e30f6f209bb46704b4251bc3343c54e9df0640f8c9cdc80ff83bc17ec,2025-04-07,7,60779.0,P,0.00035649704979998987,0.0003361,2.0397049799989885e-05
ESMGFZ_EAM-90d_03h_2025_098F.asc,7958758e30f6f209bb46704b4251bc3343c54e9df0640f8c9cdc80ff83bc17ec,2025-04-07,30,60802.0,P,0.0004884319090538425,0.000383,0.00010543190905384252
ESMGFZ_EAM-90d_03h_2025_099F.asc,25db473f7d017f42f28357c2580b2901814fda71a9e79976261a6799f78b68f4,2025-04-08,1,60774.0,P,0.0005780042490156481,0.0005724,5.604249015648036e-06
ESMGFZ_EAM-90d_03h_2025_099F.asc,25db473f7d017f42f28357c2580b2901814fda71a9e79976261a6799f78b68f4,2025-04-08,3,60776.0,P,0.0006379929911913905,0.0006538,-1.58070088086095e-05
ESMGFZ_EAM-90d_03h_2025_099F.asc,25db473f7d017f42f28357c2580b2901814fda71a9e79976261a6799f78b68f4,2025-04-08,7,60780.0,P,0.00013628278387336254,0.0001344,1.8827838733625481e-06
ESMGFZ_EAM-90d_03h_2025_099F.asc,25db473f7d017f42f28357c2580b2901814fda71a9e79976261a6799f78b68f4,2025-04-08,30,60803.0,P,0.0005159695043670407,0.0003748,0.00014116950436704066
ESMGFZ_EAM-90d_03h_2025_100F.asc,586266ab0efafd3a0a40afd00c181a168069489ab232c51790f701af458f1a93,2025-04-10,1,60776.0,P,0.0006561722143801286,0.0006538,2.3722143801286092e-06
ESMGFZ_EAM-90d_03h_2025_100F.asc,586266ab0efafd3a0a40afd00c181a168069489ab232c51790f701af458f1a93,2025-04-10,3,60778.0,P,0.0004687473635010226,0.000504,-3.525263649897738e-05
ESMGFZ_EAM-90d_03h_2025_100F.asc,586266ab0efafd3a0a40afd00c181a168069489ab232c51790f701af458f1a93,2025-04-10,7,60782.0,P,-0.00022415585934410594,-0.00023,5.844140655894071e-06
ESMGFZ_EAM-90d_03h_2025_100F.asc,586266ab0efafd3a0a40afd00c181a168069489ab232c51790f701af458f1a93,2025-04-10,30,60805.0,P,0.00037246063077848486,0.0002074,0.00016506063077848486
ESMGFZ_EAM-90d_03h_2025_102F.asc,a3dfc054371901454b42af7fcd32227014a047c1a112bfb6d2afe567a837bc6d,2025-04-11,1,60777.0,P,0.0005825761105796857,0.0006109,-2.8323889420314328e-05
ESMGFZ_EAM-90d_03h_2025_102F.asc,a3dfc054371901454b42af7fcd32227014a047c1a112bfb6d2afe567a837bc6d,2025-04-11,3,60779.0,P,0.0003033640465893761,0.0003361,-3.273595341062388e-05
ESMGFZ_EAM-90d_03h_2025_102F.asc,a3dfc054371901454b42af7fcd32227014a047c1a112bfb6d2afe567a837bc6d,2025-04-11,7,60783.0,P,-0.0002558167973862012,-0.0003048,4.898320261379879e-05
ESMGFZ_EAM-90d_03h_2025_102F.asc,a3dfc054371901454b42af7fcd32227014a047c1a112bfb6d2afe567a837bc6d,2025-04-11,30,60806.0,P,0.0001894956577483061,0.0001323,5.719565774830611e-05
ESMGFZ_EAM-90d_03h_2025_103F.asc,8f77d5529d802927f062f868ab032d9e8a7968ed9bcfb3adf4ac5b3ca6557f9c,2025-04-12,1,60778.0,P,0.0004931549566077403,0.000504,-1.0845043392259724e-05
ESMGFZ_EAM-90d_03h_2025_103F.asc,8f77d5529d802927f062f868ab032d9e8a7968ed9bcfb3adf4ac5b3ca6557f9c,2025-04-12,3,60780.0,P,0.00014687900451656425,0.0001344,1.247900451656426e-05
ESMGFZ_EAM-90d_03h_2025_103F.asc,8f77d5529d802927f062f868ab032d9e8a7968ed9bcfb3adf4ac5b3ca6557f9c,2025-04-12,7,60784.0,P,-0.00026724281204655673,-0.0002814,1.4157187953443276e-05
ESMGFZ_EAM-90d_03h_2025_103F.asc,8f77d5529d802927f062f868ab032d9e8a7968ed9bcfb3adf4ac5b3ca6557f9c,2025-04-12,30,60807.0,P,1.8348389401763717e-07,-8.7e-06,8.883483894017637e-06
ESMGFZ_EAM-90d_03h_2025_104F.asc,9b5d1b2a6acf521f396113787ef0ed6f684b07e19235d522d1978213198edf59,2025-04-13,1,60779.0,P,0.0003365698702662188,0.0003361,4.698702662188012e-07
ESMGFZ_EAM-90d_03h_2025_104F.asc,9b5d1b2a6acf521f396113787ef0ed6f684b07e19235d522d1978213198edf59,2025-04-13,3,60781.0,P,-3.702727420424218e-05,-5.67e-05,1.9672725795757822e-05
ESMGFZ_EAM-90d_03h_2025_104F.asc,9b5d1b2a6acf521f396113787ef0ed6f684b07e19235d522d1978213198edf59,2025-04-13,7,60785.0,P,-0.00013783446878746505,-0.0002181,8.026553121253494e-05
ESMGFZ_EAM-90d_03h_2025_104F.asc,9b5d1b2a6acf521f396113787ef0ed6f684b07e19235d522d1978213198edf59,2025-04-13,30,60808.0,P,-0.00016938324609118557,-0.0001558,-1.3583246091185578e-05
ESMGFZ_EAM-90d_03h_2025_105F.asc,79435ce07294ba2e73b5b45e79cf674c1ad3f0570c16e253b729b19f41a1286f,2025-04-14,1,60780.0,P,0.00015604800240353516,0.0001344,2.164800240353517e-05
ESMGFZ_EAM-90d_03h_2025_105F.asc,79435ce07294ba2e73b5b45e79cf674c1ad3f0570c16e253b729b19f41a1286f,2025-04-14,3,60782.0,P,-0.00022365309838905519,-0.00023,6.346901610944822e-06
ESMGFZ_EAM-90d_03h_2025_105F.asc,79435ce07294ba2e73b5b45e79cf674c1ad3f0570c16e253b729b19f41a1286f,2025-04-14,7,60786.0,P,-3.466338939531405e-05,-6.05e-05,2.583661060468595e-05
ESMGFZ_EAM-90d_03h_2025_105F.asc,79435ce07294ba2e73b5b45e79cf674c1ad3f0570c16e253b729b19f41a1286f,2025-04-14,30,60809.0,P,-0.00031828652269792583,-0.000296,-2.2286522697925846e-05
ESMGFZ_EAM-90d_03h_2025_106F.asc,37e7ed762f9c8386b872552f962aa0f8df237b3ef3ae071add988658915521dd,2025-04-15,1,60781.0,P,-4.57338557952842e-05,-5.67e-05,1.0966144204715805e-05
ESMGFZ_EAM-90d_03h_2025_106F.asc,37e7ed762f9c8386b872552f962aa0f8df237b3ef3ae071add988658915521dd,2025-04-15,3,60783.0,P,-0.00027204844017137493,-0.0003048,3.275155982862505e-05
ESMGFZ_EAM-90d_03h_2025_106F.asc,37e7ed762f9c8386b872552f962aa0f8df237b3ef3ae071add988658915521dd,2025-04-15,7,60787.0,P,0.00022763870939548837,0.0001825,4.5138709395488384e-05
ESMGFZ_EAM-90d_03h_2025_106F.asc,37e7ed762f9c8386b872552f962aa0f8df237b3ef3ae071add988658915521dd,2025-04-15,30,60810.0,P,-0.00043217075483846827,-0.0004005,-3.167075483846829e-05
ESMGFZ_EAM-90d_03h_2025_107F.asc,ca18b55e647ce083937479db7fea5e3404d52a950c4e6c5ca5b1ac534ff56c6d,2025-04-16,1,60782.0,P,-0.00021432597034194646,-0.00023,1.5674029658053546e-05
ESMGFZ_EAM-90d_03h_2025_107F.asc,ca18b55e647ce083937479db7fea5e3404d52a950c4e6c5ca5b1ac534ff56c6d,2025-04-16,3,60784.0,P,-0.00028145697965424946,-0.0002814,-5.697965424944669e-08
ESMGFZ_EAM-90d_03h_2025_107F.asc,ca18b55e647ce083937479db7fea5e3404d52a950c4e6c5ca5b1ac534ff56c6d,2025-04-16,7,60788.0,P,0.0004792059332340118,0.0004478,3.14059332340118e-05
ESMGFZ_EAM-90d_03h_2025_107F.asc,ca18b55e647ce083937479db7fea5e3404d52a950c4e6c5ca5b1ac534ff56c6d,2025-04-16,30,60811.0,P,-0.00045663904960697966,-0.0004342,-2.2439049606979677e-05
ESMGFZ_EAM-90d_03h_2025_114F.asc,f49e62d3601e92cd117b14931fdd12b0a55d0d14cdbc8e9fe4c23d196a3e1a79,2025-04-24,1,60790.0,P,0.0009802977418498671,0.0009408,3.949774184986712e-05
ESMGFZ_EAM-90d_03h_2025_114F.asc,f49e62d3601e92cd117b14931fdd12b0a55d0d14cdbc8e9fe4c23d196a3e1a79,2025-04-24,3,60792.0,P,0.0008222674741315105,0.0008214,8.674741315105186e-07
ESMGFZ_EAM-90d_03h_2025_114F.asc,f49e62d3601e92cd117b14931fdd12b0a55d0d14cdbc8e9fe4c23d196a3e1a79,2025-04-24,7,60796.0,P,-0.00017055195506331263,-0.0002567,8.614804493668738e-05
ESMGFZ_EAM-90d_03h_2025_114F.asc,f49e62d3601e92cd117b14931fdd12b0a55d0d14cdbc8e9fe4c23d196a3e1a79,2025-04-24,30,60819.0,P,0.0006522290666267298,0.0007319,-7.967093337327017e-05
ESMGFZ_EAM-90d_03h_2025_116F.asc,12f9145f4e17a781ca66af1cef1810056d382b1822695225ab251feb83a41a71,2025-04-25,1,60791.0,P,0.000987921759611609,0.0009835,4.421759611608969e-06
ESMGFZ_EAM-90d_03h_2025_116F.asc,12f9145f4e17a781ca66af1cef1810056d382b1822695225ab251feb83a41a71,2025-04-25,3,60793.0,P,0.0005560892317068352,0.0005419,1.4189231706835206e-05
ESMGFZ_EAM-90d_03h_2025_116F.asc,12f9145f4e17a781ca66af1cef1810056d382b1822695225ab251feb83a41a71,2025-04-25,7,60797.0,P,-0.0002308062976935126,-0.0002886,5.779370230648743e-05
ESMGFZ_EAM-90d_03h_2025_116F.asc,12f9145f4e17a781ca66af1cef1810056d382b1822695225ab251feb83a41a71,2025-04-25,30,60820.0,P,0.0003899734132468926,0.0005562,-0.00016622658675310737
ESMGFZ_EAM-90d_03h_2025_117F.asc,1634371d496e216e2fe633dd32545019712283391b3a18e0e0dd755d3299bdde,2025-04-26,1,60792.0,P,0.0008466429304472625,0.0008214,2.5242930447262504e-05
ESMGFZ_EAM-90d_03h_2025_117F.asc,1634371d496e216e2fe633dd32545019712283391b3a18e0e0dd755d3299bdde,2025-04-26,3,60794.0,P,0.000254134860468778,0.000221,3.3134860468777975e-05
ESMGFZ_EAM-90d_03h_2025_117F.asc,1634371d496e216e2fe633dd32545019712283391b3a18e0e0dd755d3299bdde,2025-04-26,7,60798.0,P,-0.000131814594765296,-0.0001754,4.358540523470401e-05
ESMGFZ_EAM-90d_03h_2025_117F.asc,1634371d496e216e2fe633dd32545019712283391b3a18e0e0dd755d3299bdde,2025-04-26,30,60821.0,P,6.572606455111871e-05,0.0002496,-0.00018387393544888129
ESMGFZ_EAM-90d_03h_2025_118F.asc,c41364ea76278ea3efa3722271ca9d6bac819bdccda41cb83f8f3674e2d3785f,2025-04-27,1,60793.0,P,0.0005647897457702218,0.0005419,2.288974577022184e-05
ESMGFZ_EAM-90d_03h_2025_118F.asc,c41364ea76278ea3efa3722271ca9d6bac819bdccda41cb83f8f3674e2d3785f,2025-04-27,3,60795.0,P,-5.149795370565336e-05,-8.38e-05,3.230204629434664e-05
ESMGFZ_EAM-90d_03h_2025_118F.asc,c41364ea76278ea3efa3722271ca9d6bac819bdccda41cb83f8f3674e2d3785f,2025-04-27,7,60799.0,P,4.2328659199282513e-05,-1e-07,4.2428659199282516e-05
ESMGFZ_EAM-90d_03h_2025_118F.asc,c41364ea76278ea3efa3722271ca9d6bac819bdccda41cb83f8f3674e2d3785f,2025-04-27,30,60822.0,P,-0.00025476927275300536,-0.0001446,-0.00011016927275300537
ESMGFZ_EAM-90d_03h_2025_119F.asc,c4a09b7776548fbf08f8210b270f1a776e96eb3bf85f7090d275f972d2ce3ca3,2025-04-29,1,60795.0,P,-9.751985915663886e-05,-8.38e-05,-1.3719859156638854e-05
ESMGFZ_EAM-90d_03h_2025_119F.asc,c4a09b7776548fbf08f8210b270f1a776e96eb3bf85f7090d275f972d2ce3ca3,2025-04-29,3,60797.0,P,-0.0003385415996710468,-0.0002886,-4.9941599671046776e-05
ESMGFZ_EAM-90d_03h_2025_119F.asc,c4a09b7776548fbf08f8210b270f1a776e96eb3bf85f7090d275f972d2ce3ca3,2025-04-29,7,60801.0,P,0.00033964093629125616,0.0003215,1.8140936291256154e-05
ESMGFZ_EAM-90d_03h_2025_119F.asc,c4a09b7776548fbf08f8210b270f1a776e96eb3bf85f7090d275f972d2ce3ca3,2025-04-29,30,60824.0,P,-0.000624132621873226,-0.0004125,-0.000211632621873226
ESMGFZ_EAM-90d_03h_2025_121F.asc,2fe0a99f68406ec2fa349a49df80e29860c4fcf69a0e29c2ebf979f39eb1a4f0,2025-04-30,1,60796.0,P,-0.0002564498460705227,-0.0002567,2.501539294773249e-07
ESMGFZ_EAM-90d_03h_2025_121F.asc,2fe0a99f68406ec2fa349a49df80e29860c4fcf69a0e29c2ebf979f39eb1a4f0,2025-04-30,3,60798.0,P,-0.0002347412388454474,-0.0001754,-5.934123884544738e-05
ESMGFZ_EAM-90d_03h_2025_121F.asc,2fe0a99f68406ec2fa349a49df80e29860c4fcf69a0e29c2ebf979f39eb1a4f0,2025-04-30,7,60802.0,P,0.000417836867749252,0.000383,3.4836867749252014e-05
ESMGFZ_EAM-90d_03h_2025_121F.asc,2fe0a99f68406ec2fa349a49df80e29860c4fcf69a0e29c2ebf979f39eb1a4f0,2025-04-30,30,60825.0,P,-0.0005352732888661842,-0.0003479,-0.00018737328886618418
ESMGFZ_EAM-90d_03h_2025_122F.asc,e3c80efe12a3838a7af03f258b365e5c845044e519937e4431ab0d39cc6e072c,2025-05-01,1,60797.0,P,-0.00030207576251280177,-0.0002886,-1.3475762512801749e-05
ESMGFZ_EAM-90d_03h_2025_122F.asc,e3c80efe12a3838a7af03f258b365e5c845044e519937e4431ab0d39cc6e072c,2025-05-01,3,60799.0,P,-1.57543876614324e-05,-1e-07,-1.56543876614324e-05
ESMGFZ_EAM-90d_03h_2025_122F.asc,e3c80efe12a3838a7af03f258b365e5c845044e519937e4431ab0d39cc6e072c,2025-05-01,7,60803.0,P,0.00042706569021341227,0.0003748,5.2265690213412264e-05
ESMGFZ_EAM-90d_03h_2025_122F.asc,e3c80efe12a3838a7af03f258b365e5c845044e519937e4431ab0d39cc6e072c,2025-05-01,30,60826.0,P,-0.00039843881735272775,-0.0002453,-0.00015313881735272775
ESMGFZ_EAM-90d_03h_2025_123F.asc,b0746a4c46e88ad67bfdb28466765701ba24a4362c660ff291b68a7d5e4aa2d6,2025-05-02,1,60798.0,P,-0.00020959504958270554,-0.0001754,-3.419504958270553e-05
ESMGFZ_EAM-90d_03h_2025_123F.asc,b0746a4c46e88ad67bfdb28466765701ba24a4362c660ff291b68a7d5e4aa2d6,2025-05-02,3,60800.0,P,0.00013624525674324223,0.0001591,-2.2854743256757757e-05
ESMGFZ_EAM-90d_03h_2025_123F.asc,b0746a4c46e88ad67bfdb28466765701ba24a4362c660ff291b68a7d5e4aa2d6,2025-05-02,7,60804.0,P,0.000279845056745233,0.0002971,-1.7254943254767013e-05
ESMGFZ_EAM-90d_03h_2025_123F.asc,b0746a4c46e88ad67bfdb28466765701ba24a4362c660ff291b68a7d5e4aa2d6,2025-05-02,30,60827.0,P,-0.00020360575958743103,-0.0001049,-9.870575958743102e-05
ESMGFZ_EAM-90d_03h_2025_124F.asc,52194fa7b70f3a21d3d16292799f671330ea3599d381599d5af250dca79ad44d,2025-05-03,1,60799.0,P,1.1504556834432151e-05,-1e-07,1.1604556834432152e-05
ESMGFZ_EAM-90d_03h_2025_124F.asc,52194fa7b70f3a21d3d16292799f671330ea3599d381599d5af250dca79ad44d,2025-05-03,3,60801.0,P,0.00034250620446581403,0.0003215,2.1006204465814026e-05
ESMGFZ_EAM-90d_03h_2025_124F.asc,52194fa7b70f3a21d3d16292799f671330ea3599d381599d5af250dca79ad44d,2025-05-03,7,60805.0,P,0.00018044758876439184,0.0002074,-2.6952411235608157e-05
ESMGFZ_EAM-90d_03h_2025_124F.asc,52194fa7b70f3a21d3d16292799f671330ea3599d381599d5af250dca79ad44d,2025-05-03,30,60828.0,P,-2.412536288739795e-05,2.81e-05,-5.222536288739795e-05
ESMGFZ_EAM-90d_03h_2025_125F.asc,40400c9bd987f1821bb0e5716ff13d44c16d61c520f77e737ae6b44d189690e0,2025-05-04,1,60800.0,P,0.00016230884734073307,0.0001591,3.2088473407330747e-06
ESMGFZ_EAM-90d_03h_2025_125F.asc,40400c9bd987f1821bb0e5716ff13d44c16d61c520f77e737ae6b44d189690e0,2025-05-04,3,60802.0,P,0.00036413956656841694,0.000383,-1.8860433431583043e-05
ESMGFZ_EAM-90d_03h_2025_125F.asc,40400c9bd987f1821bb0e5716ff13d44c16d61c520f77e737ae6b44d189690e0,2025-05-04,7,60806.0,P,0.00012788388893202887,0.0001323,-4.4161110679711245e-06
ESMGFZ_EAM-90d_03h_2025_125F.asc,40400c9bd987f1821bb0e5716ff13d44c16d61c520f77e737ae6b44d189690e0,2025-05-04,30,60829.0,P,8.252145378030774e-05,9.8e-05,-1.5478546219692256e-05
ESMGFZ_EAM-90d_03h_2025_126F.asc,754e93dbc1447372bac53dd08585a6b68e10c9245d67f799a4c60088706d9f54,2025-05-06,1,60802.0,P,0.0003453109548491279,0.000383,-3.7689045150872066e-05
ESMGFZ_EAM-90d_03h_2025_126F.asc,754e93dbc1447372bac53dd08585a6b68e10c9245d67f799a4c60088706d9f54,2025-05-06,3,60804.0,P,0.00026794192048182683,0.0002971,-2.9158079518173182e-05
ESMGFZ_EAM-90d_03h_2025_126F.asc,754e93dbc1447372bac53dd08585a6b68e10c9245d67f799a4c60088706d9f54,2025-05-06,7,60808.0,P,-0.00020124989353500507,-0.0001558,-4.544989353500508e-05
ESMGFZ_EAM-90d_03h_2025_126F.asc,754e93dbc1447372bac53dd08585a6b68e10c9245d67f799a4c60088706d9f54,2025-05-06,30,60831.0,P,4.531530974529848e-05,8.68e-05,-4.148469025470152e-05
ESMGFZ_EAM-90d_03h_2025_128F.asc,caf04acc26a8a2a72474acfe819580be175c54ab8f7cace59d3c0639fc0b2bf8,2025-05-07,1,60803.0,P,0.0003603900835903549,0.0003748,-1.4409916409645113e-05
ESMGFZ_EAM-90d_03h_2025_128F.asc,caf04acc26a8a2a72474acfe819580be175c54ab8f7cace59d3c0639fc0b2bf8,2025-05-07,3,60805.0,P,0.00019069499416102858,0.0002074,-1.670500583897142e-05
ESMGFZ_EAM-90d_03h_2025_128F.asc,caf04acc26a8a2a72474acfe819580be175c54ab8f7cace59d3c0639fc0b2bf8,2025-05-07,7,60809.0,P,-0.0003164307236801069,-0.000296,-2.0430723680106935e-05
ESMGFZ_EAM-90d_03h_2025_128F.asc,caf04acc26a8a2a72474acfe819580be175c54ab8f7cace59d3c0639fc0b2bf8,2025-05-07,30,60832.0,P,-2.6157428312046034e-05,2.72e-05,-5.335742831204604e-05
ESMGFZ_EAM-90d_03h_2025_129F.asc,8222a0ab7b89c74423ecca18f0a5d2f8a1548ef238de6caacc2dbdb7f63b3345,2025-05-08,1,60804.0,P,0.00031752069898125825,0.0002971,2.0420698981258234e-05
ESMGFZ_EAM-90d_03h_2025_129F.asc,8222a0ab7b89c74423ecca18f0a5d2f8a1548ef238de6caacc2dbdb7f63b3345,2025-05-08,3,60806.0,P,0.0001653097280099772,0.0001323,3.300972800997722e-05
ESMGFZ_EAM-90d_03h_2025_129F.asc,8222a0ab7b89c74423ecca18f0a5d2f8a1548ef238de6caacc2dbdb7f63b3345,2025-05-08,7,60810.0,P,-0.00037762857892370143,-0.0004005,2.287142107629855e-05
ESMGFZ_EAM-90d_03h_2025_129F.asc,8222a0ab7b89c74423ecca18f0a5d2f8a1548ef238de6caacc2dbdb7f63b3345,2025-05-08,30,60833.0,P,-0.00019274187806066822,-9.9e-05,-9.374187806066822e-05
ESMGFZ_EAM-90d_03h_2025_130F.asc,27c1af84cad0dbc3aeb7d678472e7d6e37959fb3ddd147a572361b581285894a,2025-05-09,1,60805.0,P,0.00021982889801881565,0.0002074,1.2428898018815651e-05
ESMGFZ_EAM-90d_03h_2025_130F.asc,27c1af84cad0dbc3aeb7d678472e7d6e37959fb3ddd147a572361b581285894a,2025-05-09,3,60807.0,P,4.001032136244354e-05,-8.7e-06,4.871032136244354e-05
ESMGFZ_EAM-90d_03h_2025_130F.asc,27c1af84cad0dbc3aeb7d678472e7d6e37959fb3ddd147a572361b581285894a,2025-05-09,7,60811.0,P,-0.000420404660526082,-0.0004342,1.3795339473917983e-05
ESMGFZ_EAM-90d_03h_2025_130F.asc,27c1af84cad0dbc3aeb7d678472e7d6e37959fb3ddd147a572361b581285894a,2025-05-09,30,60834.0,P,-0.00035731181650179995,-0.0003197,-3.761181650179993e-05
ESMGFZ_EAM-90d_03h_2025_131F.asc,d4ae525a77c9d26202889d389bc0749abb1583fc04f843ceec0cef55d202cda0,2025-05-10,1,60806.0,P,0.0001765172458281779,0.0001323,4.421724582817792e-05
ESMGFZ_EAM-90d_03h_2025_131F.asc,d4ae525a77c9d26202889d389bc0749abb1583fc04f843ceec0cef55d202cda0,2025-05-10,3,60808.0,P,-0.00013845952433262214,-0.0001558,1.7340475667377848e-05
ESMGFZ_EAM-90d_03h_2025_131F.asc,d4ae525a77c9d26202889d389bc0749abb1583fc04f843ceec0cef55d202cda0,2025-05-10,7,60812.0,P,-0.0003619993824539254,-0.0003907,2.87006175460746e-05
ESMGFZ_EAM-90d_03h_2025_131F.asc,d4ae525a77c9d26202889d389bc0749abb1583fc04f843ceec0cef55d202cda0,2025-05-10,30,60835.0,P,-0.0005582330929810791,-0.0005693,1.1066907018920913e-05
ESMGFZ_EAM-90d_03h_2025_132F.asc,7b48fc7a19d2907a3446cb72ab224473b5d88656df9c57b5523eb5bf708b7879,2025-05-11,1,60807.0,P,9.467259153363953e-06,-8.7e-06,1.8167259153363954e-05
ESMGFZ_EAM-90d_03h_2025_132F.asc,7b48fc7a19d2907a3446cb72ab224473b5d88656df9c57b5523eb5bf708b7879,2025-05-11,3,60809.0,P,-0.0003144729848658361,-0.000296,-1.8472984865836137e-05
ESMGFZ_EAM-90d_03h_2025_132F.asc,7b48fc7a19d2907a3446cb72ab224473b5d88656df9c57b5523eb5bf708b7879,2025-05-11,7,60813.0,P,-0.0002810413836237252,-0.0002941,1.3058616376274818e-05
ESMGFZ_EAM-90d_03h_2025_132F.asc,7b48fc7a19d2907a3446cb72ab224473b5d88656df9c57b5523eb5bf708b7879,2025-05-11,30,60836.0,P,-0.00071737981121405,-0.0007667,4.932018878595003e-05
ESMGFZ_EAM-90d_03h_2025_133F.asc,598043d303bd662bd2ece2c28f02695db19075f06b0fd1b5750c32c3ed0c2daf,2025-05-12,1,60808.0,P,-9.1278011804404e-05,-0.0001558,6.452198819559599e-05
ESMGFZ_EAM-90d_03h_2025_133F.asc,598043d303bd662bd2ece2c28f02695db19075f06b0fd1b5750c32c3ed0c2daf,2025-05-12,3,60810.0,P,-0.00039544763886663765,-0.0004005,5.052361133362328e-06
ESMGFZ_EAM-90d_03h_2025_133F.asc,598043d303bd662bd2ece2c28f02695db19075f06b0fd1b5750c32c3ed0c2daf,2025-05-12,7,60814.0,P,-4.7791007512765194e-05,-0.0001411,9.33089924872348e-05
ESMGFZ_EAM-90d_03h_2025_133F.asc,598043d303bd662bd2ece2c28f02695db19075f06b0fd1b5750c32c3ed0c2daf,2025-05-12,30,60837.0,P,-0.0008091863054097956,-0.0008825,7.331369459020445e-05
ESMGFZ_EAM-90d_03h_2025_134F.asc,8e3c53c146f42fe6b0ac9fa139d1dc0b59c3a98ced9de0340a3ccdd88dc43bd9,2025-05-13,1,60809.0,P,-0.00030519608017764576,-0.000296,-9.19608017764577e-06
ESMGFZ_EAM-90d_03h_2025_134F.asc,8e3c53c146f42fe6b0ac9fa139d1dc0b59c3a98ced9de0340a3ccdd88dc43bd9,2025-05-13,3,60811.0,P,-0.0004507840171706047,-0.0004342,-1.6584017170604716e-05
ESMGFZ_EAM-90d_03h_2025_134F.asc,8e3c53c146f42fe6b0ac9fa139d1dc0b59c3a98ced9de0340a3ccdd88dc43bd9,2025-05-13,7,60815.0,P,0.00012457117212182447,6.28e-05,6.177117212182447e-05
ESMGFZ_EAM-90d_03h_2025_134F.asc,8e3c53c146f42fe6b0ac9fa139d1dc0b59c3a98ced9de0340a3ccdd88dc43bd9,2025-05-13,30,60838.0,P,-0.0009078273530927271,-0.0009467,3.8872646907272884e-05
ESMGFZ_EAM-90d_03h_2025_135F.asc,1c0e7be8209ca80749c8ecaba1fc2d1c42408d9018c94c700e635de875c8acac,2025-05-14,1,60810.0,P,-0.00040832042374362314,-0.0004005,-7.82042374362316e-06
ESMGFZ_EAM-90d_03h_2025_135F.asc,1c0e7be8209ca80749c8ecaba1fc2d1c42408d9018c94c700e635de875c8acac,2025-05-14,3,60812.0,P,-0.00039544409769610143,-0.0003907,-4.74409769610142e-06
ESMGFZ_EAM-90d_03h_2025_135F.asc,1c0e7be8209ca80749c8ecaba1fc2d1c42408d9018c94c700e635de875c8acac,2025-05-14,7,60816.0,P,0.00040585821666867333,0.0003238,8.205821666867332e-05
ESMGFZ_EAM-90d_03h_2025_135F.asc,1c0e7be8209ca80749c8ecaba1fc2d1c42408d9018c94c700e635de875c8acac,2025-05-14,30,60839.0,P,-0.0008735862926533385,-0.0009326,5.901370734666151e-05
ESMGFZ_EAM-90d_03h_2025_136F.asc,11beb9531091abf07c7da0115437efdc2150b1c6ce665d4ffcc294cf97fcbbf4,2025-05-15,1,60811.0,P,-0.0004415368679837716,-0.0004342,-7.336867983771594e-06
ESMGFZ_EAM-90d_03h_2025_136F.asc,11beb9531091abf07c7da0115437efdc2150b1c6ce665d4ffcc294cf97fcbbf4,2025-05-15,3,60813.0,P,-0.0002985239701424328,-0.0002941,-4.423970142432786e-06
ESMGFZ_EAM-90d_03h_2025_136F.asc,11beb9531091abf07c7da0115437efdc2150b1c6ce665d4ffcc294cf97fcbbf4,2025-05-15,7,60817.0,P,0.0006006238163848348,0.0005649,3.5723816384834826e-05
ESMGFZ_EAM-90d_03h_2025_136F.asc,11beb9531091abf07c7da0115437efdc2150b1c6ce665d4ffcc294cf97fcbbf4,2025-05-15,30,60840.0,P,-0.0007644798672969438,-0.0007971,3.262013270305625e-05
ESMGFZ_EAM-90d_03h_2025_137F.asc,68f323c44c4bff590b3b72f98cf5a9e35ccf20ad95255085826c1d3ebefc928c,2025-05-16,1,60812.0,P,-0.0004018625882804676,-0.0003907,-1.1162588280467579e-05
ESMGFZ_EAM-90d_03h_2025_137F.asc,68f323c44c4bff590b3b72f98cf5a9e35ccf20ad95255085826c1d3ebefc928c,2025-05-16,3,60814.0,P,-0.00015127847182166726,-0.0001411,-1.0178471821667277e-05
ESMGFZ_EAM-90d_03h_2025_137F.asc,68f323c44c4bff590b3b72f98cf5a9e35ccf20ad95255085826c1d3ebefc928c,2025-05-16,7,60818.0,P,0.0007689251763208694,0.0007363,3.2625176320869465e-05
ESMGFZ_EAM-90d_03h_2025_137F.asc,68f323c44c4bff590b3b72f98cf5a9e35ccf20ad95255085826c1d3ebefc928c,2025-05-16,30,60841.0,P,-0.0005584251406595884,-0.0005987,4.027485934041152e-05
ESMGFZ_EAM-90d_03h_2025_138F.asc,b1da981d4712b77157d6e54c8eb5485ca11746c77e3c516ad415fb0f1e6230ed,2025-05-17,1,60813.0,P,-0.00029004454418909476,-0.0002941,4.055455810905229e-06
ESMGFZ_EAM-90d_03h_2025_138F.asc,b1da981d4712b77157d6e54c8eb5485ca11746c77e3c516ad415fb0f1e6230ed,2025-05-17,3,60815.0,P,7.806876455176856e-05,6.28e-05,1.5268764551768565e-05
ESMGFZ_EAM-90d_03h_2025_138F.asc,b1da981d4712b77157d6e54c8eb5485ca11746c77e3c516ad415fb0f1e6230ed,2025-05-17,7,60819.0,P,0.000697316018218023,0.0007319,-3.458398178197693e-05
ESMGFZ_EAM-90d_03h_2025_138F.asc,b1da981d4712b77157d6e54c8eb5485ca11746c77e3c516ad415fb0f1e6230ed,2025-05-17,30,60842.0,P,-0.0003220054033209186,-0.0003825,6.049459667908138e-05
ESMGFZ_EAM-90d_03h_2025_139F.asc,cb48730dfbbb823b8162ff175b977f47bc9e8543da655908f86f1cc2137189e8,2025-05-18,1,60814.0,P,-0.00014489812047424272,-0.0001411,-3.7981204742427305e-06
ESMGFZ_EAM-90d_03h_2025_139F.asc,cb48730dfbbb823b8162ff175b977f47bc9e8543da655908f86f1cc2137189e8,2025-05-18,3,60816.0,P,0.00034808857798062905,0.0003238,2.4288577980629037e-05
ESMGFZ_EAM-90d_03h_2025_139F.asc,cb48730dfbbb823b8162ff175b977f47bc9e8543da655908f86f1cc2137189e8,2025-05-18,7,60820.0,P,0.0006002506970195042,0.0005562,4.4050697019504194e-05
ESMGFZ_EAM-90d_03h_2025_139F.asc,cb48730dfbbb823b8162ff175b977f47bc9e8543da655908f86f1cc2137189e8,2025-05-18,30,60843.0,P,-5.5926188451264e-05,-0.0001582,0.000102273811548736
ESMGFZ_EAM-90d_03h_2025_140F.asc,5ad5762e277018bdb284053f1a727aa59fb9ada918d577026b9e51fb6a18bd81,2025-05-19,1,60815.0,P,0.00010530462225999293,6.28e-05,4.2504622259992934e-05
ESMGFZ_EAM-90d_03h_2025_140F.asc,5ad5762e277018bdb284053f1a727aa59fb9ada918d577026b9e51fb6a18bd81,2025-05-19,3,60817.0,P,0.0005897791765091978,0.0005649,2.4879176509197778e-05
ESMGFZ_EAM-90d_03h_2025_140F.asc,5ad5762e277018bdb284053f1a727aa59fb9ada918d577026b9e51fb6a18bd81,2025-05-19,7,60821.0,P,0.0003064924454877244,0.0002496,5.689244548772441e-05
ESMGFZ_EAM-90d_03h_2025_140F.asc,5ad5762e277018bdb284053f1a727aa59fb9ada918d577026b9e51fb6a18bd81,2025-05-19,30,60844.0,P,0.00016332988535005318,2.95e-05,0.00013382988535005317
ESMGFZ_EAM-90d_03h_2025_141F.asc,1ee5b39a95bab02fb30c046058ad1b2ffc971a289205e827835ecbaf855350b0,2025-05-20,1,60816.0,P,0.00037894103326600414,0.0003238,5.5141033266004134e-05
ESMGFZ_EAM-90d_03h_2025_141F.asc,1ee5b39a95bab02fb30c046058ad1b2ffc971a289205e827835ecbaf855350b0,2025-05-20,3,60818.0,P,0.0007875768266367026,0.0007363,5.127682663670261e-05
ESMGFZ_EAM-90d_03h_2025_141F.asc,1ee5b39a95bab02fb30c046058ad1b2ffc971a289205e827835ecbaf855350b0,2025-05-20,7,60822.0,P,-3.078647195594621e-05,-0.0001446,0.00011381352804405378
ESMGFZ_EAM-90d_03h_2025_141F.asc,1ee5b39a95bab02fb30c046058ad1b2ffc971a289205e827835ecbaf855350b0,2025-05-20,30,60845.0,P,0.0002482725058737721,0.0001252,0.00012307250587377207
ESMGFZ_EAM-90d_03h_2025_142F.asc,16ebde40188b0ae25ac868bb58358ec93dbbcb56ef06c169e5a2d04dcb44d250,2025-05-21,1,60817.0,P,0.0005758055114145826,0.0005649,1.090551141458263e-05
ESMGFZ_EAM-90d_03h_2025_142F.asc,16ebde40188b0ae25ac868bb58358ec93dbbcb56ef06c169e5a2d04dcb44d250,2025-05-21,3,60819.0,P,0.0007385466149227851,0.0007319,6.6466149227851264e-06
ESMGFZ_EAM-90d_03h_2025_142F.asc,16ebde40188b0ae25ac868bb58358ec93dbbcb56ef06c169e5a2d04dcb44d250,2025-05-21,7,60823.0,P,-0.0002930648726843641,-0.000371,7.79351273156359e-05
ESMGFZ_EAM-90d_03h_2025_142F.asc,16ebde40188b0ae25ac868bb58358ec93dbbcb56ef06c169e5a2d04dcb44d250,2025-05-21,30,60846.0,P,0.00019272510017511756,9.75e-05,9.522510017511756e-05
ESMGFZ_EAM-90d_03h_2025_143F.asc,25d06e01fcea5e47032a9be85beef4b928715068bedd43250784b7788f5897a0,2025-05-22,1,60818.0,P,0.0007600317644965603,0.0007363,2.3731764496560384e-05
ESMGFZ_EAM-90d_03h_2025_143F.asc,25d06e01fcea5e47032a9be85beef4b928715068bedd43250784b7788f5897a0,2025-05-22,3,60820.0,P,0.0005608413907293058,0.0005562,4.641390729305788e-06
ESMGFZ_EAM-90d_03h_2025_143F.asc,25d06e01fcea5e47032a9be85beef4b928715068bedd43250784b7788f5897a0,2025-05-22,7,60824.0,P,-0.000403781754459995,-0.0004125,8.718245540005002e-06
ESMGFZ_EAM-90d_03h_2025_143F.asc,25d06e01fcea5e47032a9be85beef4b928715068bedd43250784b7788f5897a0,2025-05-22,30,60847.0,P,4.665372252718095e-06,-9.02e-05,9.486537225271809e-05
ESMGFZ_EAM-90d_03h_2025_144F.asc,289b9f640dec634149df046c0d962eb10efed781ba635b1da28dc5f72286285d,2025-05-23,1,60819.0,P,0.0007397693561700862,0.0007319,7.869356170086238e-06
ESMGFZ_EAM-90d_03h_2025_144F.asc,289b9f640dec634149df046c0d962eb10efed781ba635b1da28dc5f72286285d,2025-05-23,3,60821.0,P,0.00025555075041920134,0.0002496,5.950750419201343e-06
ESMGFZ_EAM-90d_03h_2025_144F.asc,289b9f640dec634149df046c0d962eb10efed781ba635b1da28dc5f72286285d,2025-05-23,7,60825.0,P,-0.0002773756696839462,-0.0003479,7.052433031605378e-05
ESMGFZ_EAM-90d_03h_2025_144F.asc,289b9f640dec634149df046c0d962eb10efed781ba635b1da28dc5f72286285d,2025-05-23,30,60848.0,P,-0.00023500544627682028,-0.0004557,0.00022069455372317973
ESMGFZ_EAM-90d_03h_2025_145F.asc,3d1043b3b8dbab5c1864a1e1d1aa1ae8657acae4cf4f9c8896f19cd7d5a3ed64,2025-05-24,1,60820.0,P,0.0005565943631568602,0.0005562,3.9436315686018457e-07
ESMGFZ_EAM-90d_03h_2025_145F.asc,3d1043b3b8dbab5c1864a1e1d1aa1ae8657acae4cf4f9c8896f19cd7d5a3ed64,2025-05-24,3,60822.0,P,-0.00012940303469089154,-0.0001446,1.5196965309108453e-05
ESMGFZ_EAM-90d_03h_2025_145F.asc,3d1043b3b8dbab5c1864a1e1d1aa1ae8657acae4cf4f9c8896f19cd7d5a3ed64,2025-05-24,7,60826.0,P,-0.00014336461055646958,-0.0002453,0.00010193538944353042
ESMGFZ_EAM-90d_03h_2025_145F.asc,3d1043b3b8dbab5c1864a1e1d1aa1ae8657acae4cf4f9c8896f19cd7d5a3ed64,2025-05-24,30,60849.0,P,-0.0005756650494708255,-0.0008592,0.00028353495052917447
ESMGFZ_EAM-90d_03h_2025_146F.asc,f338612d49674285f743c8ebe1f33999967249d89d0aaf83630c44d4a8986a0b,2025-05-25,1,60821.0,P,0.0002453301728734382,0.0002496,-4.269827126561791e-06
ESMGFZ_EAM-90d_03h_2025_146F.asc,f338612d49674285f743c8ebe1f33999967249d89d0aaf83630c44d4a8986a0b,2025-05-25,3,60823.0,P,-0.0003808685450518195,-0.000371,-9.868545051819496e-06
ESMGFZ_EAM-90d_03h_2025_146F.asc,f338612d49674285f743c8ebe1f33999967249d89d0aaf83630c44d4a8986a0b,2025-05-25,7,60827.0,P,3.068375182720064e-05,-0.0001049,0.00013558375182720064
ESMGFZ_EAM-90d_03h_2025_146F.asc,f338612d49674285f743c8ebe1f33999967249d89d0aaf83630c44d4a8986a0b,2025-05-25,30,60850.0,P,-0.0008040405212918971,-0.0010981,0.00029405947870810294
ESMGFZ_EAM-90d_03h_2025_147F.asc,1de426b992fb8ae8a4be04a23395975142c0ebd789952b578b8e36bf68556623,2025-05-26,1,60822.0,P,-0.0001414461192006985,-0.0001446,3.1538807993014843e-06
ESMGFZ_EAM-90d_03h_2025_147F.asc,1de426b992fb8ae8a4be04a23395975142c0ebd789952b578b8e36bf68556623,2025-05-26,3,60824.0,P,-0.0004225976963555053,-0.0004125,-1.0097696355505304e-05
ESMGFZ_EAM-90d_03h_2025_147F.asc,1de426b992fb8ae8a4be04a23395975142c0ebd789952b578b8e36bf68556623,2025-05-26,7,60828.0,P,0.00010487880483478403,2.81e-05,7.677880483478403e-05
ESMGFZ_EAM-90d_03h_2025_147F.asc,1de426b992fb8ae8a4be04a23395975142c0ebd789952b578b8e36bf68556623,2025-05-26,30,60851.0,P,-0.0009509497598025325,-0.0012002,0.0002492502401974675
ESMGFZ_EAM-90d_03h_2025_148F.asc,9a27c28596109babf68f6c860d6a39bbe4d45b69eb4d58e7e3e16093ff26fc21,2025-05-27,1,60823.0,P,-0.00038639899316956155,-0.000371,-1.539899316956153e-05
ESMGFZ_EAM-90d_03h_2025_148F.asc,9a27c28596109babf68f6c860d6a39bbe4d45b69eb4d58e7e3e16093ff26fc21,2025-05-27,3,60825.0,P,-0.0003499431745077134,-0.0003479,-2.043174507713422e-06
ESMGFZ_EAM-90d_03h_2025_148F.asc,9a27c28596109babf68f6c860d6a39bbe4d45b69eb4d58e7e3e16093ff26fc21,2025-05-27,7,60829.0,P,0.00017486467472120734,9.8e-05,7.686467472120735e-05
ESMGFZ_EAM-90d_03h_2025_148F.asc,9a27c28596109babf68f6c860d6a39bbe4d45b69eb4d58e7e3e16093ff26fc21,2025-05-27,30,60852.0,P,-0.0009076132389712584,-0.0012143,0.00030668676102874157
ESMGFZ_EAM-90d_03h_2025_149F.asc,7f0eba861592c35a21211d0198746392348dc6bb6f6d34bc52d1d509645b42a4,2025-05-28,1,60824.0,P,-0.00039674439617377926,-0.0004125,1.575560382622074e-05
ESMGFZ_EAM-90d_03h_2025_149F.asc,7f0eba861592c35a21211d0198746392348dc6bb6f6d34bc52d1d509645b42a4,2025-05-28,3,60826.0,P,-0.00022627298012709777,-0.0002453,1.9027019872902226e-05
ESMGFZ_EAM-90d_03h_2025_149F.asc,7f0eba861592c35a21211d0198746392348dc6bb6f6d34bc52d1d509645b42a4,2025-05-28,7,60830.0,P,0.0002383693650938672,0.0001171,0.00012126936509386719
ESMGFZ_EAM-90d_03h_2025_149F.asc,7f0eba861592c35a21211d0198746392348dc6bb6f6d34bc52d1d509645b42a4,2025-05-28,30,60853.0,P,-0.0007861324810045418,-0.001115,0.0003288675189954583
ESMGFZ_EAM-90d_03h_2025_150F.asc,263dc95b97dcc0704ae0c8452ba08f5f23ea1df2f5998c102a7339e618c60145,2025-05-29,1,60825.0,P,-0.00034865294454126966,-0.0003479,-7.529445412696569e-07
ESMGFZ_EAM-90d_03h_2025_150F.asc,263dc95b97dcc0704ae0c8452ba08f5f23ea1df2f5998c102a7339e618c60145,2025-05-29,3,60827.0,P,-5.5492361616270894e-05,-0.0001049,4.940763838372911e-05
ESMGFZ_EAM-90d_03h_2025_150F.asc,263dc95b97dcc0704ae0c8452ba08f5f23ea1df2f5998c102a7339e618c60145,2025-05-29,7,60831.0,P,0.0001492015574305247,8.68e-05,6.240155743052471e-05
ESMGFZ_EAM-90d_03h_2025_150F.asc,263dc95b97dcc0704ae0c8452ba08f5f23ea1df2f5998c102a7339e618c60145,2025-05-29,30,60854.0,P,-0.0006169883421825498,-0.0009211,0.00030411165781745017
ESMGFZ_EAM-90d_03h_2025_151F.asc,44e15fe2f3f0fd7961d6fec18f8fdc04c73e7e367c7edd62c012b42149d1f3a6,2025-05-30,1,60826.0,P,-0.00022354559913283928,-0.0002453,2.1754400867160723e-05
ESMGFZ_EAM-90d_03h_2025_151F.asc,44e15fe2f3f0fd7961d6fec18f8fdc04c73e7e367c7edd62c012b42149d1f3a6,2025-05-30,3,60828.0,P,6.67783249310006e-05,2.81e-05,3.8678324931000595e-05
ESMGFZ_EAM-90d_03h_2025_151F.asc,44e15fe2f3f0fd7961d6fec18f8fdc04c73e7e367c7edd62c012b42149d1f3a6,2025-05-30,7,60832.0,P,7.49519589907792e-05,2.72e-05,4.77519589907792e-05
ESMGFZ_EAM-90d_03h_2025_151F.asc,44e15fe2f3f0fd7961d6fec18f8fdc04c73e7e367c7edd62c012b42149d1f3a6,2025-05-30,30,60855.0,P,-0.0004093476248984483,-0.0007258,0.00031645237510155165
ESMGFZ_EAM-90d_03h_2025_152F.asc,5d46ccdc2a8c74a3ad95e0e7d929193bd08f6e5ca164b30da5d60d0838e48e99,2025-05-31,1,60827.0,P,-5.063599856636216e-05,-0.0001049,5.426400143363784e-05
ESMGFZ_EAM-90d_03h_2025_152F.asc,5d46ccdc2a8c74a3ad95e0e7d929193bd08f6e5ca164b30da5d60d0838e48e99,2025-05-31,3,60829.0,P,0.00015657888345091674,9.8e-05,5.8578883450916745e-05
ESMGFZ_EAM-90d_03h_2025_152F.asc,5d46ccdc2a8c74a3ad95e0e7d929193bd08f6e5ca164b30da5d60d0838e48e99,2025-05-31,7,60833.0,P,-8.638397412233167e-05,-9.9e-05,1.2616025877668324e-05
ESMGFZ_EAM-90d_03h_2025_152F.asc,5d46ccdc2a8c74a3ad95e0e7d929193bd08f6e5ca164b30da5d60d0838e48e99,2025-05-31,30,60856.0,P,-0.0002813994769508834,-0.0005895,0.00030810052304911656
ESMGFZ_EAM-90d_03h_2025_153F.asc,5af25ad2a254bfc05800d3b7f0438a9e5cca47cdec71474ca8a79eb6da43d043,2025-06-01,1,60828.0,P,7.701374157286509e-05,2.81e-05,4.891374157286509e-05
ESMGFZ_EAM-90d_03h_2025_153F.asc,5af25ad2a254bfc05800d3b7f0438a9e5cca47cdec71474ca8a79eb6da43d043,2025-06-01,3,60830.0,P,0.00019693982748732387,0.0001171,7.983982748732387e-05
ESMGFZ_EAM-90d_03h_2025_153F.asc,5af25ad2a254bfc05800d3b7f0438a9e5cca47cdec71474ca8a79eb6da43d043,2025-06-01,7,60834.0,P,-0.0002841064964797172,-0.0003197,3.559350352028281e-05
ESMGFZ_EAM-90d_03h_2025_153F.asc,5af25ad2a254bfc05800d3b7f0438a9e5cca47cdec71474ca8a79eb6da43d043,2025-06-01,30,60857.0,P,-0.00022605429073203437,-0.0005074,0.0002813457092679656
ESMGFZ_EAM-90d_03h_2025_154F.asc,9918728168cc34c221b2ea7ab10438429bab3afc42fbf152a76618dbba76eb4f,2025-06-02,1,60829.0,P,0.0001623239120348063,9.8e-05,6.43239120348063e-05
ESMGFZ_EAM-90d_03h_2025_154F.asc,9918728168cc34c221b2ea7ab10438429bab3afc42fbf152a76618dbba76eb4f,2025-06-02,3,60831.0,P,0.00013259486363172366,8.68e-05,4.579486363172366e-05
ESMGFZ_EAM-90d_03h_2025_154F.asc,9918728168cc34c221b2ea7ab10438429bab3afc42fbf152a76618dbba76eb4f,2025-06-02,7,60835.0,P,-0.0005065367538947112,-0.0005693,6.276324610528879e-05
ESMGFZ_EAM-90d_03h_2025_154F.asc,9918728168cc34c221b2ea7ab10438429bab3afc42fbf152a76618dbba76eb4f,2025-06-02,30,60858.0,P,-0.0002825545354313974,-0.0004512,0.0001686454645686026
ESMGFZ_EAM-90d_03h_2025_155F.asc,cf0eadfe84ec9db7a723205bae70b0ac88a6570de6d89e7fc0d17c4d3fb91679,2025-06-04,1,60831.0,P,0.00010603037404960248,8.68e-05,1.923037404960248e-05
ESMGFZ_EAM-90d_03h_2025_155F.asc,cf0eadfe84ec9db7a723205bae70b0ac88a6570de6d89e7fc0d17c4d3fb91679,2025-06-04,3,60833.0,P,-0.00010455896982571873,-9.9e-05,-5.558969825718733e-06
ESMGFZ_EAM-90d_03h_2025_155F.asc,cf0eadfe84ec9db7a723205bae70b0ac88a6570de6d89e7fc0d17c4d3fb91679,2025-06-04,7,60837.0,P,-0.0008387512257741874,-0.0008825,4.374877422581261e-05
ESMGFZ_EAM-90d_03h_2025_155F.asc,cf0eadfe84ec9db7a723205bae70b0ac88a6570de6d89e7fc0d17c4d3fb91679,2025-06-04,30,60860.0,P,-0.0004925658270077483,-0.0006464,0.00015383417299225165
ESMGFZ_EAM-90d_03h_2025_157F.asc,b253522776522fa2da4acea512faae1e9257207b927ca4fb51addef199edf302,2025-06-05,1,60832.0,P,3.147838609032296e-05,2.72e-05,4.27838609032296e-06
ESMGFZ_EAM-90d_03h_2025_157F.asc,b253522776522fa2da4acea512faae1e9257207b927ca4fb51addef199edf302,2025-06-05,3,60834.0,P,-0.00037927586616752517,-0.0003197,-5.957586616752515e-05
ESMGFZ_EAM-90d_03h_2025_157F.asc,b253522776522fa2da4acea512faae1e9257207b927ca4fb51addef199edf302,2025-06-05,7,60838.0,P,-0.0009545594943329395,-0.0009467,-7.859494332939526e-06
ESMGFZ_EAM-90d_03h_2025_157F.asc,b253522776522fa2da4acea512faae1e9257207b927ca4fb51addef199edf302,2025-06-05,30,60861.0,P,-0.0007024887538487402,-0.0008349,0.00013241124615125978
ESMGFZ_EAM-90d_03h_2025_158F.asc,9223b22b3f43346c9ba9a6900e0d75c79b120a29596c4581a1ab5c47f0f8df13,2025-06-06,1,60833.0,P,-0.00011211903702549602,-9.9e-05,-1.3119037025496026e-05
ESMGFZ_EAM-90d_03h_2025_158F.asc,9223b22b3f43346c9ba9a6900e0d75c79b120a29596c4581a1ab5c47f0f8df13,2025-06-06,3,60835.0,P,-0.0005803651761036539,-0.0005693,-1.1065176103653893e-05
ESMGFZ_EAM-90d_03h_2025_158F.asc,9223b22b3f43346c9ba9a6900e0d75c79b120a29596c4581a1ab5c47f0f8df13,2025-06-06,7,60839.0,P,-0.0009290604738585971,-0.0009326,3.539526141402901e-06
ESMGFZ_EAM-90d_03h_2025_158F.asc,9223b22b3f43346c9ba9a6900e0d75c79b120a29596c4581a1ab5c47f0f8df13,2025-06-06,30,60862.0,P,-0.0008983280773072724,-0.0010605,0.00016217192269272758
ESMGFZ_EAM-90d_03h_2025_159F.asc,50d6788452f37e02ad17a6bea7f78c2661c5745101cd86c5ef4966314f9d6283,2025-06-07,1,60834.0,P,-0.00035724858256616133,-0.0003197,-3.7548582566161314e-05
ESMGFZ_EAM-90d_03h_2025_159F.asc,50d6788452f37e02ad17a6bea7f78c2661c5745101cd86c5ef4966314f9d6283,2025-06-07,3,60836.0,P,-0.0007542123490028379,-0.0007667,1.2487650997162147e-05
ESMGFZ_EAM-90d_03h_2025_159F.asc,50d6788452f37e02ad17a6bea7f78c2661c5745101cd86c5ef4966314f9d6283,2025-06-07,7,60840.0,P,-0.0007843241552779353,-0.0007971,1.2775844722064675e-05
ESMGFZ_EAM-90d_03h_2025_159F.asc,50d6788452f37e02ad17a6bea7f78c2661c5745101cd86c5ef4966314f9d6283,2025-06-07,30,60863.0,P,-0.0011000033558555473,-0.001252,0.00015199664414445278
ESMGFZ_EAM-90d_03h_2025_160F.asc,9c5176ac565d66378389b4fe8b0f79ea5c9fbe7d8d5431e0d3a7a6e4ce93eeb1,2025-06-08,1,60835.0,P,-0.0005615732792100135,-0.0005693,7.726720789986508e-06
ESMGFZ_EAM-90d_03h_2025_160F.asc,9c5176ac565d66378389b4fe8b0f79ea5c9fbe7d8d5431e0d3a7a6e4ce93eeb1,2025-06-08,3,60837.0,P,-0.0008713592723408624,-0.0008825,1.1140727659137675e-05
ESMGFZ_EAM-90d_03h_2025_160F.asc,9c5176ac565d66378389b4fe8b0f79ea5c9fbe7d8d5431e0d3a7a6e4ce93eeb1,2025-06-08,7,60841.0,P,-0.0005712553300356,-0.0005987,2.7444669964399987e-05
ESMGFZ_EAM-90d_03h_2025_160F.asc,9c5176ac565d66378389b4fe8b0f79ea5c9fbe7d8d5431e0d3a7a6e4ce93eeb1,2025-06-08,30,60864.0,P,-0.0012428509567950692,-0.0013421,9.924904320493077e-05
ESMGFZ_EAM-90d_03h_2025_161F.asc,5fb5b39bced8ae3bce28eaddf469718e006bee265275c65649a44be32980ecd1,2025-06-09,1,60836.0,P,-0.000741657851176851,-0.0007667,2.5042148823149085e-05
ESMGFZ_EAM-90d_03h_2025_161F.asc,5fb5b39bced8ae3bce28eaddf469718e006bee265275c65649a44be32980ecd1,2025-06-09,3,60838.0,P,-0.000935581117488467,-0.0009467,1.1118882511532992e-05
ESMGFZ_EAM-90d_03h_2025_161F.asc,5fb5b39bced8ae3bce28eaddf469718e006bee265275c65649a44be32980ecd1,2025-06-09,7,60842.0,P,-0.0003378953456467848,-0.0003825,4.4604654353215176e-05
ESMGFZ_EAM-90d_03h_2025_161F.asc,5fb5b39bced8ae3bce28eaddf469718e006bee265275c65649a44be32980ecd1,2025-06-09,30,60865.0,P,-0.0012722023348061121,-0.0013684,9.619766519388794e-05
ESMGFZ_EAM-90d_03h_2025_162F.asc,2d6adeea69082bc148cab999ebaf75b2f986ed05fa5cb08664269b11161fc0d5,2025-06-10,1,60837.0,P,-0.0008914547498160192,-0.0008825,-8.954749816019207e-06
ESMGFZ_EAM-90d_03h_2025_162F.asc,2d6adeea69082bc148cab999ebaf75b2f986ed05fa5cb08664269b11161fc0d5,2025-06-10,3,60839.0,P,-0.0009400149077604586,-0.0009326,-7.414907760458565e-06
ESMGFZ_EAM-90d_03h_2025_162F.asc,2d6adeea69082bc148cab999ebaf75b2f986ed05fa5cb08664269b11161fc0d5,2025-06-10,7,60843.0,P,-0.00018574088002977775,-0.0001582,-2.7540880029777753e-05
ESMGFZ_EAM-90d_03h_2025_162F.asc,2d6adeea69082bc148cab999ebaf75b2f986ed05fa5cb08664269b11161fc0d5,2025-06-10,30,60866.0,P,-0.0012605641373231646,-0.0013367,7.613586267683531e-05
ESMGFZ_EAM-90d_03h_2025_163F.asc,e6fae75b64144dbc5bd5750535d4d3718412716a84c47bbea0c1e1479820d80c,2025-06-11,1,60838.0,P,-0.0009609565866061202,-0.0009467,-1.4256586606120267e-05
ESMGFZ_EAM-90d_03h_2025_163F.asc,e6fae75b64144dbc5bd5750535d4d3718412716a84c47bbea0c1e1479820d80c,2025-06-11,3,60840.0,P,-0.0007915089912675589,-0.0007971,5.5910087324410884e-06
ESMGFZ_EAM-90d_03h_2025_163F.asc,e6fae75b64144dbc5bd5750535d4d3718412716a84c47bbea0c1e1479820d80c,2025-06-11,7,60844.0,P,1.4515950773955435e-05,2.95e-05,-1.4984049226044564e-05
ESMGFZ_EAM-90d_03h_2025_163F.asc,e6fae75b64144dbc5bd5750535d4d3718412716a84c47bbea0c1e1479820d80c,2025-06-11,30,60867.0,P,-0.0011378079235652993,-0.0012211,8.329207643470058e-05
ESMGFZ_EAM-90d_03h_2025_164F.asc,eba397ff2deae8732415e193431c18d5c2346e146b0e9aec7323db5e2cb41e15,2025-06-12,1,60839.0,P,-0.0009336543934430937,-0.0009326,-1.0543934430936501e-06
ESMGFZ_EAM-90d_03h_2025_164F.asc,eba397ff2deae8732415e193431c18d5c2346e146b0e9aec7323db5e2cb41e15,2025-06-12,3,60841.0,P,-0.0005694312638164788,-0.0005987,2.92687361835212e-05
ESMGFZ_EAM-90d_03h_2025_164F.asc,eba397ff2deae8732415e193431c18d5c2346e146b0e9aec7323db5e2cb41e15,2025-06-12,7,60845.0,P,0.00013357657836332026,0.0001252,8.376578363320251e-06
ESMGFZ_EAM-90d_03h_2025_164F.asc,eba397ff2deae8732415e193431c18d5c2346e146b0e9aec7323db5e2cb41e15,2025-06-12,30,60868.0,P,-0.0009863798511451753,-0.0009981,1.1720148854824737e-05
ESMGFZ_EAM-90d_03h_2025_165F.asc,c914057eec79d43b01e4031731ceb812c070755d500e9845ead624e568965c3e,2025-06-13,1,60840.0,P,-0.0008043682307593695,-0.0007971,-7.268230759369457e-06
ESMGFZ_EAM-90d_03h_2025_165F.asc,c914057eec79d43b01e4031731ceb812c070755d500e9845ead624e568965c3e,2025-06-13,3,60842.0,P,-0.00038622575404028,-0.0003825,-3.7257540402800267e-06
ESMGFZ_EAM-90d_03h_2025_165F.asc,c914057eec79d43b01e4031731ceb812c070755d500e9845ead624e568965c3e,2025-06-13,7,60846.0,P,0.00010538125603195796,9.75e-05,7.881256031957965e-06
ESMGFZ_EAM-90d_03h_2025_165F.asc,c914057eec79d43b01e4031731ceb812c070755d500e9845ead624e568965c3e,2025-06-13,30,60869.0,P,-0.0007472872056543105,-0.0006733,-7.39872056543105e-05
ESMGFZ_EAM-90d_03h_2025_166F.asc,5d53958da88fcaf31d1f5f7bfd1106d5f5dee669a91f982d68fed6b667152d1b,2025-06-14,1,60841.0,P,-0.0005752709926568557,-0.0005987,2.3429007343144263e-05
ESMGFZ_EAM-90d_03h_2025_166F.asc,5d53958da88fcaf31d1f5f7bfd1106d5f5dee669a91f982d68fed6b667152d1b,2025-06-14,3,60843.0,P,-0.00016826781845400254,-0.0001582,-1.006781845400254e-05
ESMGFZ_EAM-90d_03h_2025_166F.asc,5d53958da88fcaf31d1f5f7bfd1106d5f5dee669a91f982d68fed6b667152d1b,2025-06-14,7,60847.0,P,-4.617367386947142e-05,-9.02e-05,4.402632613052858e-05
ESMGFZ_EAM-90d_03h_2025_166F.asc,5d53958da88fcaf31d1f5f7bfd1106d5f5dee669a91f982d68fed6b667152d1b,2025-06-14,30,60870.0,P,-0.0004820324091362755,-0.0003504,-0.0001316324091362755
ESMGFZ_EAM-90d_03h_2025_167F.asc,2064d9609f65829418e00c7564f9976ef3dce3771184c6480bead5e05920e967,2025-06-15,1,60842.0,P,-0.0003894022860948989,-0.0003825,-6.902286094898947e-06
ESMGFZ_EAM-90d_03h_2025_167F.asc,2064d9609f65829418e00c7564f9976ef3dce3771184c6480bead5e05920e967,2025-06-15,3,60844.0,P,-1.4189254948165263e-05,2.95e-05,-4.368925494816526e-05
ESMGFZ_EAM-90d_03h_2025_167F.asc,2064d9609f65829418e00c7564f9976ef3dce3771184c6480bead5e05920e967,2025-06-15,7,60848.0,P,-0.0003978925073329775,-0.0004557,5.780749266702252e-05
ESMGFZ_EAM-90d_03h_2025_167F.asc,2064d9609f65829418e00c7564f9976ef3dce3771184c6480bead5e05920e967,2025-06-15,30,60871.0,P,-0.00028708966186317844,-0.0001574,-0.00012968966186317844
ESMGFZ_EAM-90d_03h_2025_168F.asc,0ebd3cecd4f674453112408173aac36f20f4f48e1b8087d5e5226889a3acbde7,2025-06-16,1,60843.0,P,-0.00016550109849772023,-0.0001582,-7.3010984977202374e-06
ESMGFZ_EAM-90d_03h_2025_168F.asc,0ebd3cecd4f674453112408173aac36f20f4f48e1b8087d5e5226889a3acbde7,2025-06-16,3,60845.0,P,8.740301760541978e-05,0.0001252,-3.7796982394580224e-05
ESMGFZ_EAM-90d_03h_2025_168F.asc,0ebd3cecd4f674453112408173aac36f20f4f48e1b8087d5e5226889a3acbde7,2025-06-16,7,60849.0,P,-0.0007793576663841154,-0.0008592,7.984233361588459e-05
ESMGFZ_EAM-90d_03h_2025_168F.asc,0ebd3cecd4f674453112408173aac36f20f4f48e1b8087d5e5226889a3acbde7,2025-06-16,30,60872.0,P,-0.00020949752847307612,-6.64e-05,-0.00014309752847307613
ESMGFZ_EAM-90d_03h_2025_169F.asc,90060aa490ac2e7208b0a61496f6ad1bdaa1fddeb2f64b0e5bb48b3bf3c4cb21,2025-06-17,1,60844.0,P,-2.5529454880972427e-05,2.95e-05,-5.5029454880972426e-05
ESMGFZ_EAM-90d_03h_2025_169F.asc,90060aa490ac2e7208b0a61496f6ad1bdaa1fddeb2f64b0e5bb48b3bf3c4cb21,2025-06-17,3,60846.0,P,6.090975010461687e-05,9.75e-05,-3.659024989538313e-05
ESMGFZ_EAM-90d_03h_2025_169F.asc,90060aa490ac2e7208b0a61496f6ad1bdaa1fddeb2f64b0e5bb48b3bf3c4cb21,2025-06-17,7,60850.0,P,-0.001044702443628975,-0.0010981,5.3397556371025156e-05
ESMGFZ_EAM-90d_03h_2025_169F.asc,90060aa490ac2e7208b0a61496f6ad1bdaa1fddeb2f64b0e5bb48b3bf3c4cb21,2025-06-17,30,60873.0,P,-0.0002574566880457222,-8.47e-05,-0.00017275668804572221
ESMGFZ_EAM-90d_03h_2025_170F.asc,ba6b10b6815dd3bb7f000cacf70fb5b6089805958f8ed3f9eb5bd4df6adcac68,2025-06-18,1,60845.0,P,0.00010211394196096922,0.0001252,-2.308605803903079e-05
ESMGFZ_EAM-90d_03h_2025_170F.asc,ba6b10b6815dd3bb7f000cacf70fb5b6089805958f8ed3f9eb5bd4df6adcac68,2025-06-18,3,60847.0,P,-9.070889968084298e-05,-9.02e-05,-5.088996808429841e-07
ESMGFZ_EAM-90d_03h_2025_170F.asc,ba6b10b6815dd3bb7f000cacf70fb5b6089805958f8ed3f9eb5bd4df6adcac68,2025-06-18,7,60851.0,P,-0.0011865959825026703,-0.0012002,1.3604017497329717e-05
ESMGFZ_EAM-90d_03h_2025_170F.asc,ba6b10b6815dd3bb7f000cacf70fb5b6089805958f8ed3f9eb5bd4df6adcac68,2025-06-18,30,60874.0,P,-0.00041236019079986177,-0.0001956,-0.00021676019079986175
ESMGFZ_EAM-90d_03h_2025_171F.asc,fbdfd977800f848172de09cde2570a427fc6d5090398a8e703f5eb3434eba47d,2025-06-19,1,60846.0,P,7.592736890912026e-05,9.75e-05,-2.157263109087974e-05
ESMGFZ_EAM-90d_03h_2025_171F.asc,fbdfd977800f848172de09cde2570a427fc6d5090398a8e703f5eb3434eba47d,2025-06-19,3,60848.0,P,-0.00046815158503123254,-0.0004557,-1.2451585031232517e-05
ESMGFZ_EAM-90d_03h_2025_171F.asc,fbdfd977800f848172de09cde2570a427fc6d5090398a8e703f5eb3434eba47d,2025-06-19,7,60852.0,P,-0.0012252252314102758,-0.0012143,-1.0925231410275878e-05
ESMGFZ_EAM-90d_03h_2025_171F.asc,fbdfd977800f848172de09cde2570a427fc6d5090398a8e703f5eb3434eba47d,2025-06-19,30,60875.0,P,-0.000652669439435739,-0.00037,-0.00028266943943573903
ESMGFZ_EAM-90d_03h_2025_172F.asc,a2f9dcff68d483e9af3fc61c2a1fd7a351c6fc4daa249056272a12bfb91478fa,2025-06-20,1,60847.0,P,-8.689480118971926e-05,-9.02e-05,3.3051988102807345e-06
ESMGFZ_EAM-90d_03h_2025_172F.asc,a2f9dcff68d483e9af3fc61c2a1fd7a351c6fc4daa249056272a12bfb91478fa,2025-06-20,3,60849.0,P,-0.0008425644197328005,-0.0008592,1.6635580267199503e-05
ESMGFZ_EAM-90d_03h_2025_172F.asc,a2f9dcff68d483e9af3fc61c2a1fd7a351c6fc4daa249056272a12bfb91478fa,2025-06-20,7,60853.0,P,-0.0010511699237924475,-0.001115,6.38300762075526e-05
ESMGFZ_EAM-90d_03h_2025_172F.asc,a2f9dcff68d483e9af3fc61c2a1fd7a351c6fc4daa249056272a12bfb91478fa,2025-06-20,30,60876.0,P,-0.0008965533816228863,-0.0005752,-0.0003213533816228863
ESMGFZ_EAM-90d_03h_2025_173F.asc,fe4c3fa5b7f0ffba9444ee2ac0dd0d1fde63b8d46eabd76a83cf7dff32fb2416,2025-06-21,1,60848.0,P,-0.0004673089409397984,-0.0004557,-1.1608940939798382e-05
ESMGFZ_EAM-90d_03h_2025_173F.asc,fe4c3fa5b7f0ffba9444ee2ac0dd0d1fde63b8d46eabd76a83cf7dff32fb2416,2025-06-21,3,60850.0,P,-0.0010571070467222314,-0.0010981,4.0992953277768683e-05
ESMGFZ_EAM-90d_03h_2025_173F.asc,fe4c3fa5b7f0ffba9444ee2ac0dd0d1fde63b8d46eabd76a83cf7dff32fb2416,2025-06-21,7,60854.0,P,-0.0009275353115129887,-0.0009211,-6.435311512988746e-06
ESMGFZ_EAM-90d_03h_2025_173F.asc,fe4c3fa5b7f0ffba9444ee2ac0dd0d1fde63b8d46eabd76a83cf7dff32fb2416,2025-06-21,30,60877.0,P,-0.0011450358615167377,-0.0007804,-0.0003646358615167377
ESMGFZ_EAM-90d_03h_2025_174F.asc,15a888bd90e2ca0e2c98b9bfe5cd778dc41215aa8f156673518f90df9825f40e,2025-06-22,1,60849.0,P,-0.0008542057765129581,-0.0008592,4.994223487041834e-06
ESMGFZ_EAM-90d_03h_2025_174F.asc,15a888bd90e2ca0e2c98b9bfe5cd778dc41215aa8f156673518f90df9825f40e,2025-06-22,3,60851.0,P,-0.0012031814629131425,-0.0012002,-2.9814629131424877e-06
ESMGFZ_EAM-90d_03h_2025_174F.asc,15a888bd90e2ca0e2c98b9bfe5cd778dc41215aa8f156673518f90df9825f40e,2025-06-22,7,60855.0,P,-0.0007143811614931879,-0.0007258,1.1418838506812071e-05
ESMGFZ_EAM-90d_03h_2025_174F.asc,15a888bd90e2ca0e2c98b9bfe5cd778dc41215aa8f156673518f90df9825f40e,2025-06-22,30,60878.0,P,-0.0012766571031055554,-0.0009089,-0.00036775710310555537
ESMGFZ_EAM-90d_03h_2025_175F.asc,0ffa188e9909485fee54ff3b96c1e1e305658e108b9766eb73f23c7252147848,2025-06-23,1,60850.0,P,-0.0010531457615652945,-0.0010981,4.495423843470562e-05
ESMGFZ_EAM-90d_03h_2025_175F.asc,0ffa188e9909485fee54ff3b96c1e1e305658e108b9766eb73f23c7252147848,2025-06-23,3,60852.0,P,-0.0012255744099512037,-0.0012143,-1.1274409951203762e-05
ESMGFZ_EAM-90d_03h_2025_175F.asc,0ffa188e9909485fee54ff3b96c1e1e305658e108b9766eb73f23c7252147848,2025-06-23,7,60856.0,P,-0.0005628874229512226,-0.0005895,2.6612577048777328e-05
ESMGFZ_EAM-90d_03h_2025_175F.asc,0ffa188e9909485fee54ff3b96c1e1e305658e108b9766eb73f23c7252147848,2025-06-23,30,60879.0,P,-0.0012905298169461692,-0.0008661,-0.0004244298169461693
ESMGFZ_EAM-90d_03h_2025_176F.asc,59807f55e76986bcbd33f35d2d4d86b0162440afdb5db1d58c9a8b920cacf4a9,2025-06-24,1,60851.0,P,-0.0012135849616237814,-0.0012002,-1.3384961623781437e-05
ESMGFZ_EAM-90d_03h_2025_176F.asc,59807f55e76986bcbd33f35d2d4d86b0162440afdb5db1d58c9a8b920cacf4a9,2025-06-24,3,60853.0,P,-0.0011333625235409222,-0.001115,-1.8362523540922052e-05
ESMGFZ_EAM-90d_03h_2025_176F.asc,59807f55e76986bcbd33f35d2d4d86b0162440afdb5db1d58c9a8b920cacf4a9,2025-06-24,7,60857.0,P,-0.0005165946166365426,-0.0005074,-9.19461663654263e-06
ESMGFZ_EAM-90d_03h_2025_176F.asc,59807f55e76986bcbd33f35d2d4d86b0162440afdb5db1d58c9a8b920cacf4a9,2025-06-24,30,60880.0,P,-0.0011747129396465668,-0.0006941,-0.00048061293964656677
ESMGFZ_EAM-90d_03h_2025_177F.asc,c859b44b1eec23debc01a41b62dcfb550b407d856f51c567ba2360351b843cc8,2025-06-25,1,60852.0,P,-0.0012412598775185396,-0.0012143,-2.6959877518539614e-05
ESMGFZ_EAM-90d_03h_2025_177F.asc,c859b44b1eec23debc01a41b62dcfb550b407d856f51c567ba2360351b843cc8,2025-06-25,3,60854.0,P,-0.0009163207786227779,-0.0009211,4.779221377222112e-06
ESMGFZ_EAM-90d_03h_2025_177F.asc,c859b44b1eec23debc01a41b62dcfb550b407d856f51c567ba2360351b843cc8,2025-06-25,7,60858.0,P,-0.00048075259913183364,-0.0004512,-2.9552599131833627e-05
ESMGFZ_EAM-90d_03h_2025_177F.asc,c859b44b1eec23debc01a41b62dcfb550b407d856f51c567ba2360351b843cc8,2025-06-25,30,60881.0,P,-0.0009812606430288006,-0.000502,-0.0004792606430288007
ESMGFZ_EAM-90d_03h_2025_178F.asc,29c5392b8b3cb996e075c6bc86808348abd618fe49f8d1ea14ce382b891b92a4,2025-06-26,1,60853.0,P,-0.0011198918568206956,-0.001115,-4.89185682069548e-06
ESMGFZ_EAM-90d_03h_2025_178F.asc,29c5392b8b3cb996e075c6bc86808348abd618fe49f8d1ea14ce382b891b92a4,2025-06-26,3,60855.0,P,-0.0007337360072428623,-0.0007258,-7.936007242862289e-06
ESMGFZ_EAM-90d_03h_2025_178F.asc,29c5392b8b3cb996e075c6bc86808348abd618fe49f8d1ea14ce382b891b92a4,2025-06-26,7,60859.0,P,-0.0004730974008489061,-0.0005089,3.5802599151093845e-05
ESMGFZ_EAM-90d_03h_2025_178F.asc,29c5392b8b3cb996e075c6bc86808348abd618fe49f8d1ea14ce382b891b92a4,2025-06-26,30,60882.0,P,-0.0007289024773031512,-0.0003152,-0.0004137024773031512
ESMGFZ_EAM-90d_03h_2025_179F.asc,b23cef7faca45c9eeb9f087af9b8444c46b0f111c3d6e6885e726e21a2e68323,2025-06-27,1,60854.0,P,-0.0009300566609019872,-0.0009211,-8.956660901987177e-06
ESMGFZ_EAM-90d_03h_2025_179F.asc,b23cef7faca45c9eeb9f087af9b8444c46b0f111c3d6e6885e726e21a2e68323,2025-06-27,3,60856.0,P,-0.0006177256990097805,-0.0005895,-2.82256990097805e-05
ESMGFZ_EAM-90d_03h_2025_179F.asc,b23cef7faca45c9eeb9f087af9b8444c46b0f111c3d6e6885e726e21a2e68323,2025-06-27,7,60860.0,P,-0.0006066698359876487,-0.0006464,3.973016401235131e-05
ESMGFZ_EAM-90d_03h_2025_179F.asc,b23cef7faca45c9eeb9f087af9b8444c46b0f111c3d6e6885e726e21a2e68323,2025-06-27,30,60883.0,P,-0.0005446111173072591,-0.0001657,-0.0003789111173072592
ESMGFZ_EAM-90d_03h_2025_180F.asc,ec195def9bd231afa915f5497a7fd7c040dfd6c1b8125b01bcebae0ddf6a5666,2025-06-28,1,60855.0,P,-0.0007440138823617855,-0.0007258,-1.821388236178552e-05
ESMGFZ_EAM-90d_03h_2025_180F.asc,ec195def9bd231afa915f5497a7fd7c040dfd6c1b8125b01bcebae0ddf6a5666,2025-06-28,3,60857.0,P,-0.00048364858823714805,-0.0005074,2.375141176285192e-05
ESMGFZ_EAM-90d_03h_2025_180F.asc,ec195def9bd231afa915f5497a7fd7c040dfd6c1b8125b01bcebae0ddf6a5666,2025-06-28,7,60861.0,P,-0.0007502249817280238,-0.0008349,8.467501827197615e-05
ESMGFZ_EAM-90d_03h_2025_180F.asc,ec195def9bd231afa915f5497a7fd7c040dfd6c1b8125b01bcebae0ddf6a5666,2025-06-28,30,60884.0,P,-0.00042425072596473194,-7.84e-05,-0.00034585072596473194
ESMGFZ_EAM-90d_03h_2025_181F.asc,397b8796e3f5c7900990df5d9ef90d53f34e135adc46f90b4a71db01f99f6601,2025-06-29,1,60856.0,P,-0.0006123018010519862,-0.0005895,-2.2801801051986273e-05
ESMGFZ_EAM-90d_03h_2025_181F.asc,397b8796e3f5c7900990df5d9ef90d53f34e135adc46f90b4a71db01f99f6601,2025-06-29,3,60858.0,P,-0.00042464905669559617,-0.0004512,2.655094330440385e-05
ESMGFZ_EAM-90d_03h_2025_181F.asc,397b8796e3f5c7900990df5d9ef90d53f34e135adc46f90b4a71db01f99f6601,2025-06-29,7,60862.0,P,-0.0009848988528367896,-0.0010605,7.560114716321045e-05
ESMGFZ_EAM-90d_03h_2025_181F.asc,397b8796e3f5c7900990df5d9ef90d53f34e135adc46f90b4a71db01f99f6601,2025-06-29,30,60885.0,P,-0.000410668223597818,-4.34e-05,-0.000367268223597818
ESMGFZ_EAM-90d_03h_2025_182F.asc,2dd504ade3139d50f2291e35d28a356cb991bc550645368ba12ca7ebcf5fe2d8,2025-06-30,1,60857.0,P,-0.0004712433835262713,-0.0005074,3.61566164737287e-05
ESMGFZ_EAM-90d_03h_2025_182F.asc,2dd504ade3139d50f2291e35d28a356cb991bc550645368ba12ca7ebcf5fe2d8,2025-06-30,3,60859.0,P,-0.00048110040808006045,-0.0005089,2.7799591919939505e-05
ESMGFZ_EAM-90d_03h_2025_182F.asc,2dd504ade3139d50f2291e35d28a356cb991bc550645368ba12ca7ebcf5fe2d8,2025-06-30,7,60863.0,P,-0.0012156978073211582,-0.001252,3.630219267884184e-05
ESMGFZ_EAM-90d_03h_2025_182F.asc,2dd504ade3139d50f2291e35d28a356cb991bc550645368ba12ca7ebcf5fe2d8,2025-06-30,30,60886.0,P,-0.0004766514927105187,-0.0001232,-0.00035345149271051867
ESMGFZ_EAM-90d_03h_2025_183F.asc,00c54df6518da8387b33e2d2965dcab8fb77602db2614f80182c44da34ddec28,2025-07-01,1,60858.0,P,-0.0004378523627889819,-0.0004512,1.3347637211018142e-05
ESMGFZ_EAM-90d_03h_2025_183F.asc,00c54df6518da8387b33e2d2965dcab8fb77602db2614f80182c44da34ddec28,2025-07-01,3,60860.0,P,-0.0006336670693213352,-0.0006464,1.2732930678664776e-05
ESMGFZ_EAM-90d_03h_2025_183F.asc,00c54df6518da8387b33e2d2965dcab8fb77602db2614f80182c44da34ddec28,2025-07-01,7,60864.0,P,-0.0013439152139448625,-0.0013421,-1.8152139448625402e-06
ESMGFZ_EAM-90d_03h_2025_183F.asc,00c54df6518da8387b33e2d2965dcab8fb77602db2614f80182c44da34ddec28,2025-07-01,30,60887.0,P,-0.0006200438257771035,-0.0002948,-0.0003252438257771035
ESMGFZ_EAM-90d_03h_2025_184F.asc,261054853c6abf6298674c1fe1423dde0826d13d86147f473cfc8a51b4be7684,2025-07-02,1,60859.0,P,-0.0005072668992716297,-0.0005089,1.6331007283702141e-06
ESMGFZ_EAM-90d_03h_2025_184F.asc,261054853c6abf6298674c1fe1423dde0826d13d86147f473cfc8a51b4be7684,2025-07-02,3,60861.0,P,-0.0007964348230644176,-0.0008349,3.84651769355824e-05
ESMGFZ_EAM-90d_03h_2025_184F.asc,261054853c6abf6298674c1fe1423dde0826d13d86147f473cfc8a51b4be7684,2025-07-02,7,60865.0,P,-0.0013304413426268803,-0.0013684,3.795865737311974e-05
ESMGFZ_EAM-90d_03h_2025_184F.asc,261054853c6abf6298674c1fe1423dde0826d13d86147f473cfc8a51b4be7684,2025-07-02,30,60888.0,P,-0.0007845572752538961,-0.0005134,-0.0002711572752538961
ESMGFZ_EAM-90d_03h_2025_185F.asc,2f0984ff8a245f3bf8e33cae9f5539bb14c37af25080ab7063af52bd7ab4ec68,2025-07-03,1,60860.0,P,-0.000641374548654485,-0.0006464,5.025451345514972e-06
ESMGFZ_EAM-90d_03h_2025_185F.asc,2f0984ff8a245f3bf8e33cae9f5539bb14c37af25080ab7063af52bd7ab4ec68,2025-07-03,3,60862.0,P,-0.0010258399405399465,-0.0010605,3.466005946005358e-05
ESMGFZ_EAM-90d_03h_2025_185F.asc,2f0984ff8a245f3bf8e33cae9f5539bb14c37af25080ab7063af52bd7ab4ec68,2025-07-03,7,60866.0,P,-0.0012779645165882578,-0.0013367,5.873548341174214e-05
ESMGFZ_EAM-90d_03h_2025_185F.asc,2f0984ff8a245f3bf8e33cae9f5539bb14c37af25080ab7063af52bd7ab4ec68,2025-07-03,30,60889.0,P,-0.00095863935019225,-0.000762,-0.00019663935019225006
ESMGFZ_EAM-90d_03h_2025_186F.asc,a3a40f83dfa06d05bfa298df3d2876c01fafb9683708b19171349aeb723fb2be,2025-07-04,1,60861.0,P,-0.0008055005170268682,-0.0008349,2.9399482973131805e-05
ESMGFZ_EAM-90d_03h_2025_186F.asc,a3a40f83dfa06d05bfa298df3d2876c01fafb9683708b19171349aeb723fb2be,2025-07-04,3,60863.0,P,-0.0012587873608618694,-0.001252,-6.787360861869318e-06
ESMGFZ_EAM-90d_03h_2025_186F.asc,a3a40f83dfa06d05bfa298df3d2876c01fafb9683708b19171349aeb723fb2be,2025-07-04,7,60867.0,P,-0.0012189750158734555,-0.0012211,2.124984126544412e-06
ESMGFZ_EAM-90d_03h_2025_186F.asc,a3a40f83dfa06d05bfa298df3d2876c01fafb9683708b19171349aeb723fb2be,2025-07-04,30,60890.0,P,-0.0011258717825688518,-0.0010157,-0.00011017178256885179
ESMGFZ_EAM-90d_03h_2025_187F.asc,e52968fdd8f55c29be1192042b3b498f8099e0650ef8ac23d40bba91a2606b11,2025-07-05,1,60862.0,P,-0.0010490339510212405,-0.0010605,1.146604897875954e-05
ESMGFZ_EAM-90d_03h_2025_187F.asc,e52968fdd8f55c29be1192042b3b498f8099e0650ef8ac23d40bba91a2606b11,2025-07-05,3,60864.0,P,-0.0013654438601523695,-0.0013421,-2.3343860152369575e-05
ESMGFZ_EAM-90d_03h_2025_187F.asc,e52968fdd8f55c29be1192042b3b498f8099e0650ef8ac23d40bba91a2606b11,2025-07-05,7,60868.0,P,-0.0009534735380533249,-0.0009981,4.4626461946675115e-05
ESMGFZ_EAM-90d_03h_2025_187F.asc,e52968fdd8f55c29be1192042b3b498f8099e0650ef8ac23d40bba91a2606b11,2025-07-05,30,60891.0,P,-0.0012558585829712003,-0.0012006,-5.525858297120026e-05
ESMGFZ_EAM-90d_03h_2025_188F.asc,a829e650a04c1b623c86b8b482844fc08b4773c1b37906774faa0d93978fd3c6,2025-07-06,1,60863.0,P,-0.0012948708853709823,-0.001252,-4.287088537098223e-05
ESMGFZ_EAM-90d_03h_2025_188F.asc,a829e650a04c1b623c86b8b482844fc08b4773c1b37906774faa0d93978fd3c6,2025-07-06,3,60865.0,P,-0.0013950037477613454,-0.0013684,-2.660374776134529e-05
ESMGFZ_EAM-90d_03h_2025_188F.asc,a829e650a04c1b623c86b8b482844fc08b4773c1b37906774faa0d93978fd3c6,2025-07-06,7,60869.0,P,-0.0007277097615030921,-0.0006733,-5.4409761503092084e-05
ESMGFZ_EAM-90d_03h_2025_188F.asc,a829e650a04c1b623c86b8b482844fc08b4773c1b37906774faa0d93978fd3c6,2025-07-06,30,60892.0,P,-0.0013214625924260145,-0.0013015,-1.99625924260146e-05
ESMGFZ_EAM-90d_03h_2025_189F.asc,bab60acdbade2e493fcb83febe9245e91eaba219bc2ee155c07e97b7f9829b03,2025-07-07,1,60864.0,P,-0.0013739251531832337,-0.0013421,-3.182515318323376e-05
ESMGFZ_EAM-90d_03h_2025_189F.asc,bab60acdbade2e493fcb83febe9245e91eaba219bc2ee155c07e97b7f9829b03,2025-07-07,3,60866.0,P,-0.0013509422828626647,-0.0013367,-1.4242282862664745e-05
ESMGFZ_EAM-90d_03h_2025_189F.asc,bab60acdbade2e493fcb83febe9245e91eaba219bc2ee155c07e97b7f9829b03,2025-07-07,7,60870.0,P,-0.00044099205614687493,-0.0003504,-9.059205614687493e-05
ESMGFZ_EAM-90d_03h_2025_189F.asc,bab60acdbade2e493fcb83febe9245e91eaba219bc2ee155c07e97b7f9829b03,2025-07-07,30,60893.0,P,-0.0013051898029187666,-0.0013238,1.8610197081233345e-05
ESMGFZ_EAM-90d_03h_2025_190F.asc,1c242cc6a29b66bc2b914d2b10da9feac0623b3137bf7356dfa502e6ee1552ec,2025-07-08,1,60865.0,P,-0.0013685751964583367,-0.0013684,-1.7519645833662285e-07
ESMGFZ_EAM-90d_03h_2025_190F.asc,1c242cc6a29b66bc2b914d2b10da9feac0623b3137bf7356dfa502e6ee1552ec,2025-07-08,3,60867.0,P,-0.0012151078946517487,-0.0012211,5.992105348251193e-06
ESMGFZ_EAM-90d_03h_2025_190F.asc,1c242cc6a29b66bc2b914d2b10da9feac0623b3137bf7356dfa502e6ee1552ec,2025-07-08,7,60871.0,P,-0.00016803991956156102,-0.0001574,-1.0639919561561016e-05
ESMGFZ_EAM-90d_03h_2025_190F.asc,1c242cc6a29b66bc2b914d2b10da9feac0623b3137bf7356dfa502e6ee1552ec,2025-07-08,30,60894.0,P,-0.0011983108306112234,-0.0012401,4.1789169388776635e-05
ESMGFZ_EAM-90d_03h_2025_191F.asc,2370a900dbf7e197b98abb9261c3d46b5efa33f93735b822b63d4edccc5c4325,2025-07-09,1,60866.0,P,-0.0013684248224455952,-0.0013367,-3.172482244559525e-05
ESMGFZ_EAM-90d_03h_2025_191F.asc,2370a900dbf7e197b98abb9261c3d46b5efa33f93735b822b63d4edccc5c4325,2025-07-09,3,60868.0,P,-0.0010297308504202062,-0.0009981,-3.16308504202062e-05
ESMGFZ_EAM-90d_03h_2025_191F.asc,2370a900dbf7e197b98abb9261c3d46b5efa33f93735b822b63d4edccc5c4325,2025-07-09,7,60872.0,P,-7.69745111865891e-05,-6.64e-05,-1.0574511186589095e-05
ESMGFZ_EAM-90d_03h_2025_191F.asc,2370a900dbf7e197b98abb9261c3d46b5efa33f93735b822b63d4edccc5c4325,2025-07-09,30,60895.0,P,-0.000984575888494158,-0.001069,8.442411150584215e-05
ESMGFZ_EAM-90d_03h_2025_192F.asc,d28a551c377c0cb5e55187d68d9a739d6c276a2e1efd3a6611c7052e7485bb2c,2025-07-11,1,60868.0,P,-0.0010017473361849751,-0.0009981,-3.647336184975109e-06
ESMGFZ_EAM-90d_03h_2025_192F.asc,d28a551c377c0cb5e55187d68d9a739d6c276a2e1efd3a6611c7052e7485bb2c,2025-07-11,3,60870.0,P,-0.0004037306860003925,-0.0003504,-5.3330686000392484e-05
ESMGFZ_EAM-90d_03h_2025_192F.asc,d28a551c377c0cb5e55187d68d9a739d6c276a2e1efd3a6611c7052e7485bb2c,2025-07-11,7,60874.0,P,-0.00012298092364986874,-0.0001956,7.261907635013127e-05
ESMGFZ_EAM-90d_03h_2025_192F.asc,d28a551c377c0cb5e55187d68d9a739d6c276a2e1efd3a6611c7052e7485bb2c,2025-07-11,30,60897.0,P,-0.0004364500296473093,-0.000528,9.154997035269074e-05
ESMGFZ_EAM-90d_03h_2025_194F.asc,2873870271533bce02f4ba08005740adc4e76d5a6e93865d89c8570743b4bb78,2025-07-12,1,60869.0,P,-0.0007174601291794655,-0.0006733,-4.416012917946542e-05
ESMGFZ_EAM-90d_03h_2025_194F.asc,2873870271533bce02f4ba08005740adc4e76d5a6e93865d89c8570743b4bb78,2025-07-12,3,60871.0,P,-0.00013968755216993686,-0.0001574,1.771244783006315e-05
ESMGFZ_EAM-90d_03h_2025_194F.asc,2873870271533bce02f4ba08005740adc4e76d5a6e93865d89c8570743b4bb78,2025-07-12,7,60875.0,P,-0.00032489311117866364,-0.00037,4.5106888821336353e-05
ESMGFZ_EAM-90d_03h_2025_194F.asc,2873870271533bce02f4ba08005740adc4e76d5a6e93865d89c8570743b4bb78,2025-07-12,30,60898.0,P,-0.0001748089094774039,-0.0002675,9.269109052259609e-05
ESMGFZ_EAM-90d_03h_2025_195F.asc,4b91ea11d95be413a1834331a628d0137458a72aa4a0f9efb5def7b62ea6f972,2025-07-13,1,60870.0,P,-0.00037766688284436394,-0.0003504,-2.7266882844363932e-05
ESMGFZ_EAM-90d_03h_2025_195F.asc,4b91ea11d95be413a1834331a628d0137458a72aa4a0f9efb5def7b62ea6f972,2025-07-13,3,60872.0,P,-8.205554324281384e-05,-6.64e-05,-1.5655543242813836e-05
ESMGFZ_EAM-90d_03h_2025_195F.asc,4b91ea11d95be413a1834331a628d0137458a72aa4a0f9efb5def7b62ea6f972,2025-07-13,7,60876.0,P,-0.0005350933328683111,-0.0005752,4.010666713168891e-05
ESMGFZ_EAM-90d_03h_2025_195F.asc,4b91ea11d95be413a1834331a628d0137458a72aa4a0f9efb5def7b62ea6f972,2025-07-13,30,60899.0,P,-7.524553975938111e-06,-9.58e-05,8.827544602406189e-05
ESMGFZ_EAM-90d_03h_2025_196F.asc,0d0c5c432a01127919aa6817e7eef0a8d485f440fee96835b304e3497542bdd1,2025-07-14,1,60871.0,P,-0.00014464427089085533,-0.0001574,1.2755729109144678e-05
ESMGFZ_EAM-90d_03h_2025_196F.asc,0d0c5c432a01127919aa6817e7eef0a8d485f440fee96835b304e3497542bdd1,2025-07-14,3,60873.0,P,-8.09796012798355e-05,-8.47e-05,3.720398720164495e-06
ESMGFZ_EAM-90d_03h_2025_196F.asc,0d0c5c432a01127919aa6817e7eef0a8d485f440fee96835b304e3497542bdd1,2025-07-14,7,60877.0,P,-0.0008006084527179709,-0.0007804,-2.0208452717970934e-05
ESMGFZ_EAM-90d_03h_2025_196F.asc,0d0c5c432a01127919aa6817e7eef0a8d485f440fee96835b304e3497542bdd1,2025-07-14,30,60900.0,P,-1.5358049784387155e-06,-5.53e-05,5.376419502156129e-05
ESMGFZ_EAM-90d_03h_2025_197F.asc,ec0eb95419c3d8e0438f513e2474335d111c49a8b39a0b6bb0d06844a4ea8812,2025-07-15,1,60872.0,P,-4.140201437092931e-05,-6.64e-05,2.4997985629070688e-05
ESMGFZ_EAM-90d_03h_2025_197F.asc,ec0eb95419c3d8e0438f513e2474335d111c49a8b39a0b6bb0d06844a4ea8812,2025-07-15,3,60874.0,P,-0.0001302431775809681,-0.0001956,6.535682241903191e-05
ESMGFZ_EAM-90d_03h_2025_197F.asc,ec0eb95419c3d8e0438f513e2474335d111c49a8b39a0b6bb0d06844a4ea8812,2025-07-15,7,60878.0,P,-0.0009267728810092374,-0.0009089,-1.78728810092374e-05
ESMGFZ_EAM-90d_03h_2025_197F.asc,ec0eb95419c3d8e0438f513e2474335d111c49a8b39a0b6bb0d06844a4ea8812,2025-07-15,30,60901.0,P,-0.00011085170733244709,-0.0001434,3.25482926675529e-05
ESMGFZ_EAM-90d_03h_2025_198F.asc,81f909d0751f06d99f1fe9617eb55c166277a1bad2306e23206be9661eba7c7a,2025-07-17,1,60874.0,P,-0.00012315289585644276,-0.0001956,7.244710414355726e-05
ESMGFZ_EAM-90d_03h_2025_198F.asc,81f909d0751f06d99f1fe9617eb55c166277a1bad2306e23206be9661eba7c7a,2025-07-17,3,60876.0,P,-0.0005503194515020721,-0.0005752,2.488054849792787e-05
ESMGFZ_EAM-90d_03h_2025_198F.asc,81f909d0751f06d99f1fe9617eb55c166277a1bad2306e23206be9661eba7c7a,2025-07-17,7,60880.0,P,-0.0007880142101771243,-0.0006941,-9.391421017712425e-05
ESMGFZ_EAM-90d_03h_2025_198F.asc,81f909d0751f06d99f1fe9617eb55c166277a1bad2306e23206be9661eba7c7a,2025-07-17,30,60903.0,P,-0.0006178715669308577,-0.0006121,-5.771566930857738e-06
ESMGFZ_EAM-90d_03h_2025_200F.asc,56f178f321c0483195d493b1c6af568abf8a48a1632d9723c8fe347f8b3b53df,2025-07-18,1,60875.0,P,-0.0003751147616213866,-0.00037,-5.114761621386583e-06
ESMGFZ_EAM-90d_03h_2025_200F.asc,56f178f321c0483195d493b1c6af568abf8a48a1632d9723c8fe347f8b3b53df,2025-07-18,3,60877.0,P,-0.0007991892487555171,-0.0007804,-1.878924875551712e-05
ESMGFZ_EAM-90d_03h_2025_200F.asc,56f178f321c0483195d493b1c6af568abf8a48a1632d9723c8fe347f8b3b53df,2025-07-18,7,60881.0,P,-0.0005359106262873748,-0.000502,-3.3910626287374885e-05
ESMGFZ_EAM-90d_03h_2025_200F.asc,56f178f321c0483195d493b1c6af568abf8a48a1632d9723c8fe347f8b3b53df,2025-07-18,30,60904.0,P,-0.000848228129264252,-0.0008701,2.1871870735747957e-05
ESMGFZ_EAM-90d_03h_2025_201F.asc,91a71cdf095cefbea7dfe259022d69ec39dbc55d7074177633a9de2e702ba145,2025-07-19,1,60876.0,P,-0.0005908232377180649,-0.0005752,-1.562323771806494e-05
ESMGFZ_EAM-90d_03h_2025_201F.asc,91a71cdf095cefbea7dfe259022d69ec39dbc55d7074177633a9de2e702ba145,2025-07-19,3,60878.0,P,-0.0009086557349420929,-0.0009089,2.4426505790709364e-07
ESMGFZ_EAM-90d_03h_2025_201F.asc,91a71cdf095cefbea7dfe259022d69ec39dbc55d7074177633a9de2e702ba145,2025-07-19,7,60882.0,P,-0.0003631721355140299,-0.0003152,-4.797213551402987e-05
ESMGFZ_EAM-90d_03h_2025_201F.asc,91a71cdf095cefbea7dfe259022d69ec39dbc55d7074177633a9de2e702ba145,2025-07-19,30,60905.0,P,-0.0009950947742455502,-0.0010274,3.230522575444969e-05
ESMGFZ_EAM-90d_03h_2025_202F.asc,939b65341d7ca879f9a7da44b9bce5f1545aa6a09aad9936f1c790c2c19c643c,2025-07-20,1,60877.0,P,-0.0007792087746194985,-0.0007804,1.1912253805014756e-06
ESMGFZ_EAM-90d_03h_2025_202F.asc,939b65341d7ca879f9a7da44b9bce5f1545aa6a09aad9936f1c790c2c19c643c,2025-07-20,3,60879.0,P,-0.0008861629246527938,-0.0008661,-2.0062924652793838e-05
ESMGFZ_EAM-90d_03h_2025_202F.asc,939b65341d7ca879f9a7da44b9bce5f1545aa6a09aad9936f1c790c2c19c643c,2025-07-20,7,60883.0,P,-0.00024739846260574035,-0.0001657,-8.169846260574037e-05
ESMGFZ_EAM-90d_03h_2025_202F.asc,939b65341d7ca879f9a7da44b9bce5f1545aa6a09aad9936f1c790c2c19c643c,2025-07-20,30,60906.0,P,-0.001001996759757907,-0.0011174,0.00011540324024209296
ESMGFZ_EAM-90d_03h_2025_203F.asc,6a4deea41db7f5958c9f79443fb53a6f247828492059ecf9b67732aa3f41c7d5,2025-07-21,1,60878.0,P,-0.0008963349132952928,-0.0009089,1.2565086704707188e-05
ESMGFZ_EAM-90d_03h_2025_203F.asc,6a4deea41db7f5958c9f79443fb53a6f247828492059ecf9b67732aa3f41c7d5,2025-07-21,3,60880.0,P,-0.0007394162909889495,-0.0006941,-4.5316290988949514e-05
ESMGFZ_EAM-90d_03h_2025_203F.asc,6a4deea41db7f5958c9f79443fb53a6f247828492059ecf9b67732aa3f41c7d5,2025-07-21,7,60884.0,P,-7.636105528728733e-05,-7.84e-05,2.0389447127126635e-06
ESMGFZ_EAM-90d_03h_2025_203F.asc,6a4deea41db7f5958c9f79443fb53a6f247828492059ecf9b67732aa3f41c7d5,2025-07-21,30,60907.0,P,-0.0009491939018735889,-0.0010948,0.00014560609812641102
ESMGFZ_EAM-90d_03h_2025_204F.asc,09bc794f19d0a3bdd73e29cd702453213027e8d93718dbf7e49cc95a69dc13de,2025-07-22,1,60879.0,P,-0.0008926272024819674,-0.0008661,-2.652720248196743e-05
ESMGFZ_EAM-90d_03h_2025_204F.asc,09bc794f19d0a3bdd73e29cd702453213027e8d93718dbf7e49cc95a69dc13de,2025-07-22,3,60881.0,P,-0.0005425812440263023,-0.000502,-4.058124402630235e-05
ESMGFZ_EAM-90d_03h_2025_204F.asc,09bc794f19d0a3bdd73e29cd702453213027e8d93718dbf7e49cc95a69dc13de,2025-07-22,7,60885.0,P,-5.174022368975616e-05,-4.34e-05,-8.340223689756162e-06
ESMGFZ_EAM-90d_03h_2025_204F.asc,09bc794f19d0a3bdd73e29cd702453213027e8d93718dbf7e49cc95a69dc13de,2025-07-22,30,60908.0,P,-0.0007654222254825222,-0.0009304,0.00016497777451747778
ESMGFZ_EAM-90d_03h_2025_205F.asc,3fb779e7c28e0d409a0b24cee379502e38a83eb38fbf84d75c5ecd032a52b84a,2025-07-23,1,60880.0,P,-0.0007167021492514307,-0.0006941,-2.2602149251430698e-05
ESMGFZ_EAM-90d_03h_2025_205F.asc,3fb779e7c28e0d409a0b24cee379502e38a83eb38fbf84d75c5ecd032a52b84a,2025-07-23,3,60882.0,P,-0.00036195360563039873,-0.0003152,-4.6753605630398714e-05
ESMGFZ_EAM-90d_03h_2025_205F.asc,3fb779e7c28e0d409a0b24cee379502e38a83eb38fbf84d75c5ecd032a52b84a,2025-07-23,7,60886.0,P,-0.00015753755749282167,-0.0001232,-3.433755749282166e-05
ESMGFZ_EAM-90d_03h_2025_205F.asc,3fb779e7c28e0d409a0b24cee379502e38a83eb38fbf84d75c5ecd032a52b84a,2025-07-23,30,60909.0,P,-0.0005113561075086522,-0.0007691,0.0002577438924913478
ESMGFZ_EAM-90d_03h_2025_206F.asc,a55f567171f2abb2367dea06845a5745cf6fc1dbf03937e5ee90314a9676d933,2025-07-24,1,60881.0,P,-0.0005200301921419786,-0.000502,-1.8030192141978694e-05
ESMGFZ_EAM-90d_03h_2025_206F.asc,a55f567171f2abb2367dea06845a5745cf6fc1dbf03937e5ee90314a9676d933,2025-07-24,3,60883.0,P,-0.00018987733148301934,-0.0001657,-2.4177331483019347e-05
ESMGFZ_EAM-90d_03h_2025_206F.asc,a55f567171f2abb2367dea06845a5745cf6fc1dbf03937e5ee90314a9676d933,2025-07-24,7,60887.0,P,-0.00033710086222116107,-0.0002948,-4.230086222116106e-05
ESMGFZ_EAM-90d_03h_2025_206F.asc,a55f567171f2abb2367dea06845a5745cf6fc1dbf03937e5ee90314a9676d933,2025-07-24,30,60910.0,P,-0.00029510481190175527,-0.000628,0.0003328951880982447
ESMGFZ_EAM-90d_03h_2025_207F.asc,de3527b334fa9ea4a09859eaf62c0098cdc1df28240960106c2b852e87e74bc5,2025-07-25,1,60882.0,P,-0.00036956001243728645,-0.0003152,-5.436001243728643e-05
ESMGFZ_EAM-90d_03h_2025_207F.asc,de3527b334fa9ea4a09859eaf62c0098cdc1df28240960106c2b852e87e74bc5,2025-07-25,3,60884.0,P,-0.00010297659610916462,-7.84e-05,-2.4576596109164624e-05
ESMGFZ_EAM-90d_03h_2025_207F.asc,de3527b334fa9ea4a09859eaf62c0098cdc1df28240960106c2b852e87e74bc5,2025-07-25,7,60888.0,P,-0.0005748062838471434,-0.0005134,-6.140628384714334e-05
ESMGFZ_EAM-90d_03h_2025_207F.asc,de3527b334fa9ea4a09859eaf62c0098cdc1df28240960106c2b852e87e74bc5,2025-07-25,30,60911.0,P,-0.0001781228164746467,-0.0004848,0.0003066771835253533
ESMGFZ_EAM-90d_03h_2025_208F.asc,ee32d431e5ef97fe1d79999560568238903b2c95701a027b1779e05ac902339a,2025-07-26,1,60883.0,P,-0.00018257305270697968,-0.0001657,-1.687305270697969e-05
ESMGFZ_EAM-90d_03h_2025_208F.asc,ee32d431e5ef97fe1d79999560568238903b2c95701a027b1779e05ac902339a,2025-07-26,3,60885.0,P,-7.122320395410012e-05,-4.34e-05,-2.7823203954100117e-05
ESMGFZ_EAM-90d_03h_2025_208F.asc,ee32d431e5ef97fe1d79999560568238903b2c95701a027b1779e05ac902339a,2025-07-26,7,60889.0,P,-0.0007634541889209292,-0.000762,-1.4541889209292646e-06
ESMGFZ_EAM-90d_03h_2025_208F.asc,ee32d431e5ef97fe1d79999560568238903b2c95701a027b1779e05ac902339a,2025-07-26,30,60912.0,P,-0.00010682494166837803,-0.0003926,0.00028577505833162197
ESMGFZ_EAM-90d_03h_2025_209F.asc,70f661fdecfca5fce7ed189c307b807e82ac7db4791b7d12199e3085be400f58,2025-07-27,1,60884.0,P,-7.144865004085914e-05,-7.84e-05,6.951349959140858e-06
ESMGFZ_EAM-90d_03h_2025_209F.asc,70f661fdecfca5fce7ed189c307b807e82ac7db4791b7d12199e3085be400f58,2025-07-27,3,60886.0,P,-0.00017006450634917493,-0.0001232,-4.6864506349174914e-05
ESMGFZ_EAM-90d_03h_2025_209F.asc,70f661fdecfca5fce7ed189c307b807e82ac7db4791b7d12199e3085be400f58,2025-07-27,7,60890.0,P,-0.0009420165332942468,-0.0010157,7.36834667057532e-05
ESMGFZ_EAM-90d_03h_2025_209F.asc,70f661fdecfca5fce7ed189c307b807e82ac7db4791b7d12199e3085be400f58,2025-07-27,30,60913.0,P,-0.00013668626646066079,-0.0003565,0.0002198137335393392
ESMGFZ_EAM-90d_03h_2025_210F.asc,5759c7dfce8ac66ead8f6592cea219652aad9f98d06511e342b1810bea50a4aa,2025-07-28,1,60885.0,P,-2.0720684405992632e-05,-4.34e-05,2.2679315594007366e-05
ESMGFZ_EAM-90d_03h_2025_210F.asc,5759c7dfce8ac66ead8f6592cea219652aad9f98d06511e342b1810bea50a4aa,2025-07-28,3,60887.0,P,-0.0003149235246734813,-0.0002948,-2.0123524673481294e-05
ESMGFZ_EAM-90d_03h_2025_210F.asc,5759c7dfce8ac66ead8f6592cea219652aad9f98d06511e342b1810bea50a4aa,2025-07-28,7,60891.0,P,-0.0012236125251935334,-0.0012006,-2.30125251935334e-05
ESMGFZ_EAM-90d_03h_2025_210F.asc,5759c7dfce8ac66ead8f6592cea219652aad9f98d06511e342b1810bea50a4aa,2025-07-28,30,60914.0,P,-0.00026149833864251614,-0.0003903,0.00012880166135748386
ESMGFZ_EAM-90d_03h_2025_211F.asc,a55a38dc1d4373f8f71fa15847dedae57c234c2790cd6a4f33af88f1719a2f23,2025-07-29,1,60886.0,P,-0.00016231203492704364,-0.0001232,-3.9112034927043626e-05
ESMGFZ_EAM-90d_03h_2025_211F.asc,a55a38dc1d4373f8f71fa15847dedae57c234c2790cd6a4f33af88f1719a2f23,2025-07-29,3,60888.0,P,-0.0005535581855754711,-0.0005134,-4.0158185575471105e-05
ESMGFZ_EAM-90d_03h_2025_211F.asc,a55a38dc1d4373f8f71fa15847dedae57c234c2790cd6a4f33af88f1719a2f23,2025-07-29,7,60892.0,P,-0.0013538793056146092,-0.0013015,-5.2379305614609325e-05
ESMGFZ_EAM-90d_03h_2025_211F.asc,a55a38dc1d4373f8f71fa15847dedae57c234c2790cd6a4f33af88f1719a2f23,2025-07-29,30,60915.0,P,-0.00041763423570419895,-0.0004888,7.1165764295801e-05
ESMGFZ_EAM-90d_03h_2025_212F.asc,d4b0bba1edcca527aa4e251a9d9304f1de4349bb24c7e9431081f8d790f70399,2025-07-30,1,60887.0,P,-0.00031298743587936215,-0.0002948,-1.818743587936214e-05
ESMGFZ_EAM-90d_03h_2025_212F.asc,d4b0bba1edcca527aa4e251a9d9304f1de4349bb24c7e9431081f8d790f70399,2025-07-30,3,60889.0,P,-0.0007794425477708673,-0.000762,-1.7442547770867294e-05
ESMGFZ_EAM-90d_03h_2025_212F.asc,d4b0bba1edcca527aa4e251a9d9304f1de4349bb24c7e9431081f8d790f70399,2025-07-30,7,60893.0,P,-0.0013358165146946568,-0.0013238,-1.2016514694656796e-05
ESMGFZ_EAM-90d_03h_2025_212F.asc,d4b0bba1edcca527aa4e251a9d9304f1de4349bb24c7e9431081f8d790f70399,2025-07-30,30,60916.0,P,-0.0005980302269257894,-0.0006295,3.1469773074210556e-05
ESMGFZ_EAM-90d_03h_2025_213F.asc,2c8ce9fafbb650a896dee2e91466df12f5e8126f978935ee3968512351341f8f,2025-07-31,1,60888.0,P,-0.0004939490029713695,-0.0005134,1.9450997028630512e-05
ESMGFZ_EAM-90d_03h_2025_213F.asc,2c8ce9fafbb650a896dee2e91466df12f5e8126f978935ee3968512351341f8f,2025-07-31,3,60890.0,P,-0.0010052044571642743,-0.0010157,1.0495542835725711e-05
ESMGFZ_EAM-90d_03h_2025_213F.asc,2c8ce9fafbb650a896dee2e91466df12f5e8126f978935ee3968512351341f8f,2025-07-31,7,60894.0,P,-0.0011512809267836582,-0.0012401,8.881907321634181e-05
ESMGFZ_EAM-90d_03h_2025_213F.asc,2c8ce9fafbb650a896dee2e91466df12f5e8126f978935ee3968512351341f8f,2025-07-31,30,60917.0,P,-0.0007540178507630373,-0.0007953,4.128214923696265e-05
ESMGFZ_EAM-90d_03h_2025_214F.asc,60dfca9abc27476c621342fa63dc0b1ad7e642dffb18910ccddfccba5b63f54a,2025-08-01,1,60889.0,P,-0.0007744292085399232,-0.000762,-1.2429208539923176e-05
ESMGFZ_EAM-90d_03h_2025_214F.asc,60dfca9abc27476c621342fa63dc0b1ad7e642dffb18910ccddfccba5b63f54a,2025-08-01,3,60891.0,P,-0.0012163556400555963,-0.0012006,-1.5755640055596307e-05
ESMGFZ_EAM-90d_03h_2025_214F.asc,60dfca9abc27476c621342fa63dc0b1ad7e642dffb18910ccddfccba5b63f54a,2025-08-01,7,60895.0,P,-0.0010257361623474052,-0.001069,4.326383765259484e-05
ESMGFZ_EAM-90d_03h_2025_214F.asc,60dfca9abc27476c621342fa63dc0b1ad7e642dffb18910ccddfccba5b63f54a,2025-08-01,30,60918.0,P,-0.0008943339476833174,-0.0009454,5.1066052316682564e-05
ESMGFZ_EAM-90d_03h_2025_215F.asc,a603a441e2b4c55760c978cf6710eff31695030f441f60ab26c223c00cdcac2b,2025-08-02,1,60890.0,P,-0.0010142809885036025,-0.0010157,1.4190114963974834e-06
ESMGFZ_EAM-90d_03h_2025_215F.asc,a603a441e2b4c55760c978cf6710eff31695030f441f60ab26c223c00cdcac2b,2025-08-02,3,60892.0,P,-0.0013126186778310883,-0.0013015,-1.1118677831088416e-05
ESMGFZ_EAM-90d_03h_2025_215F.asc,a603a441e2b4c55760c978cf6710eff31695030f441f60ab26c223c00cdcac2b,2025-08-02,7,60896.0,P,-0.0007519920155402819,-0.000813,6.100798445971814e-05
ESMGFZ_EAM-90d_03h_2025_215F.asc,a603a441e2b4c55760c978cf6710eff31695030f441f60ab26c223c00cdcac2b,2025-08-02,30,60919.0,P,-0.0009773905578818933,-0.0010356,5.82094421181067e-05
ESMGFZ_EAM-90d_03h_2025_216F.asc,914615babe99b29127e81bbeaa8d5468e53c174da0792035545c83d2f50fd36c,2025-08-03,1,60891.0,P,-0.0012178404411862479,-0.0012006,-1.7240441186247872e-05
ESMGFZ_EAM-90d_03h_2025_216F.asc,914615babe99b29127e81bbeaa8d5468e53c174da0792035545c83d2f50fd36c,2025-08-03,3,60893.0,P,-0.0012958311787428316,-0.0013238,2.796882125716835e-05
ESMGFZ_EAM-90d_03h_2025_216F.asc,914615babe99b29127e81bbeaa8d5468e53c174da0792035545c83d2f50fd36c,2025-08-03,7,60897.0,P,-0.0004775460151498319,-0.000528,5.045398485016816e-05
ESMGFZ_EAM-90d_03h_2025_216F.asc,914615babe99b29127e81bbeaa8d5468e53c174da0792035545c83d2f50fd36c,2025-08-03,30,60920.0,P,-0.0009696126527365049,-0.0010302,6.0587347263495054e-05
ESMGFZ_EAM-90d_03h_2025_217F.asc,703aec8b106522d98281b844914d2a3326fee7c71221c0b060b94e498d25445e,2025-08-04,1,60892.0,P,-0.0013206739500776857,-0.0013015,-1.9173950077685728e-05
ESMGFZ_EAM-90d_03h_2025_217F.asc,703aec8b106522d98281b844914d2a3326fee7c71221c0b060b94e498d25445e,2025-08-04,3,60894.0,P,-0.0012143025002107526,-0.0012401,2.579749978924746e-05
ESMGFZ_EAM-90d_03h_2025_217F.asc,703aec8b106522d98281b844914d2a3326fee7c71221c0b060b94e498d25445e,2025-08-04,7,60898.0,P,-0.00021188564840322335,-0.0002675,5.561435159677665e-05
ESMGFZ_EAM-90d_03h_2025_217F.asc,703aec8b106522d98281b844914d2a3326fee7c71221c0b060b94e498d25445e,2025-08-04,30,60921.0,P,-0.0008869945408585563,-0.0009614,7.440545914144366e-05
ESMGFZ_EAM-90d_03h_2025_218F.asc,1ede26d79d3f62dd7793216235a4ece1bab1b86779a43fb6dc71a1641b5c9397,2025-08-05,1,60893.0,P,-0.0013039550708808351,-0.0013238,1.9844929119164833e-05
ESMGFZ_EAM-90d_03h_2025_218F.asc,1ede26d79d3f62dd7793216235a4ece1bab1b86779a43fb6dc71a1641b5c9397,2025-08-05,3,60895.0,P,-0.0010795111706046858,-0.001069,-1.0511170604685701e-05
ESMGFZ_EAM-90d_03h_2025_218F.asc,1ede26d79d3f62dd7793216235a4ece1bab1b86779a43fb6dc71a1641b5c9397,2025-08-05,7,60899.0,P,-7.362571613615831e-05,-9.58e-05,2.2174283863841688e-05
ESMGFZ_EAM-90d_03h_2025_218F.asc,1ede26d79d3f62dd7793216235a4ece1bab1b86779a43fb6dc71a1641b5c9397,2025-08-05,30,60922.0,P,-0.0006956800411322044,-0.0008184,0.00012271995886779569
ESMGFZ_EAM-90d_03h_2025_219F.asc,72be53f0dcdb7c392d60e8a0f4547be7163c936396b45e8b93ca6bf7910933a8,2025-08-06,1,60894.0,P,-0.0012237346889063226,-0.0012401,1.6365311093677467e-05
ESMGFZ_EAM-90d_03h_2025_219F.asc,72be53f0dcdb7c392d60e8a0f4547be7163c936396b45e8b93ca6bf7910933a8,2025-08-06,3,60896.0,P,-0.0007835809828802588,-0.000813,2.941901711974121e-05
ESMGFZ_EAM-90d_03h_2025_219F.asc,72be53f0dcdb7c392d60e8a0f4547be7163c936396b45e8b93ca6bf7910933a8,2025-08-06,7,60900.0,P,-6.759170071369766e-05,-5.53e-05,-1.2291700713697659e-05
ESMGFZ_EAM-90d_03h_2025_219F.asc,72be53f0dcdb7c392d60e8a0f4547be7163c936396b45e8b93ca6bf7910933a8,2025-08-06,30,60923.0,P,-0.0004512327167850017,-0.0005782,0.00012696728321499824
ESMGFZ_EAM-90d_03h_2025_220F.asc,e7a7f0051bfa1f1369a5626d7002a76da31869669cb1a40a646272d9c5fd3328,2025-08-07,1,60895.0,P,-0.0010937473182829874,-0.001069,-2.47473182829873e-05
ESMGFZ_EAM-90d_03h_2025_220F.asc,e7a7f0051bfa1f1369a5626d7002a76da31869669cb1a40a646272d9c5fd3328,2025-08-07,3,60897.0,P,-0.0005410892657898194,-0.000528,-1.308926578981939e-05
ESMGFZ_EAM-90d_03h_2025_220F.asc,e7a7f0051bfa1f1369a5626d7002a76da31869669cb1a40a646272d9c5fd3328,2025-08-07,7,60901.0,P,-0.0001680449491102934,-0.0001434,-2.4644949110293413e-05
ESMGFZ_EAM-90d_03h_2025_220F.asc,e7a7f0051bfa1f1369a5626d7002a76da31869669cb1a40a646272d9c5fd3328,2025-08-07,30,60924.0,P,-0.00016085338975591653,-0.0002693,0.00010844661024408345
ESMGFZ_EAM-90d_03h_2025_221F.asc,ee021c67fe706abc7ca0ec2828ff7c5084c0bc4a84f4ea4bc14f8d0f0858617f,2025-08-08,1,60896.0,P,-0.0008187084268631846,-0.000813,-5.70842686318455e-06
ESMGFZ_EAM-90d_03h_2025_221F.asc,ee021c67fe706abc7ca0ec2828ff7c5084c0bc4a84f4ea4bc14f8d0f0858617f,2025-08-08,3,60898.0,P,-0.00028109151213577684,-0.0002675,-1.3591512135776847e-05
ESMGFZ_EAM-90d_03h_2025_221F.asc,ee021c67fe706abc7ca0ec2828ff7c5084c0bc4a84f4ea4bc14f8d0f0858617f,2025-08-08,7,60902.0,P,-0.00037263741600404517,-0.0003413,-3.1337416004045165e-05
ESMGFZ_EAM-90d_03h_2025_221F.asc,ee021c67fe706abc7ca0ec2828ff7c5084c0bc4a84f4ea4bc14f8d0f0858617f,2025-08-08,30,60925.0,P,0.00014768722459347953,3.52e-05,0.00011248722459347952
ESMGFZ_EAM-90d_03h_2025_222F.asc,d33249d4f58dfacd1ec2b4dc8ac187956ca0fc4738b76c5f4ed5d9df2c7deee2,2025-08-09,1,60897.0,P,-0.0005456561796578904,-0.000528,-1.7656179657890353e-05
ESMGFZ_EAM-90d_03h_2025_222F.asc,d33249d4f58dfacd1ec2b4dc8ac187956ca0fc4738b76c5f4ed5d9df2c7deee2,2025-08-09,3,60899.0,P,-0.00010339903594449879,-9.58e-05,-7.599035944498794e-06
ESMGFZ_EAM-90d_03h_2025_222F.asc,d33249d4f58dfacd1ec2b4dc8ac187956ca0fc4738b76c5f4ed5d9df2c7deee2,2025-08-09,7,60903.0,P,-0.0005937438808405576,-0.0006121,1.8356119159442376e-05
ESMGFZ_EAM-90d_03h_2025_222F.asc,d33249d4f58dfacd1ec2b4dc8ac187956ca0fc4738b76c5f4ed5d9df2c7deee2,2025-08-09,30,60926.0,P,0.0003922971571980447,0.0002845,0.0001077971571980447
ESMGFZ_EAM-90d_03h_2025_223F.asc,660733446e60a0a84c5d200799912023aea9b59f3941a274fc81a02257798533,2025-08-10,1,60898.0,P,-0.00026018105658100785,-0.0002675,7.318943418992152e-06
ESMGFZ_EAM-90d_03h_2025_223F.asc,660733446e60a0a84c5d200799912023aea9b59f3941a274fc81a02257798533,2025-08-10,3,60900.0,P,-7.084106159530826e-05,-5.53e-05,-1.554106159530826e-05
ESMGFZ_EAM-90d_03h_2025_223F.asc,660733446e60a0a84c5d200799912023aea9b59f3941a274fc81a02257798533,2025-08-10,7,60904.0,P,-0.0008410142885469367,-0.0008701,2.908571145306322e-05
ESMGFZ_EAM-90d_03h_2025_223F.asc,660733446e60a0a84c5d200799912023aea9b59f3941a274fc81a02257798533,2025-08-10,30,60927.0,P,0.0004783545975257836,0.0003796,9.875459752578357e-05
ESMGFZ_EAM-90d_03h_2025_224F.asc,28cbc4449eeb075d1e39b56faa1b88a59e7fe17bd3ddf1d0505f1d892b3698b5,2025-08-12,1,60900.0,P,-6.916502577363566e-05,-5.53e-05,-1.3865025773635657e-05
ESMGFZ_EAM-90d_03h_2025_224F.asc,28cbc4449eeb075d1e39b56faa1b88a59e7fe17bd3ddf1d0505f1d892b3698b5,2025-08-12,3,60902.0,P,-0.00033993848919528733,-0.0003413,1.3615108047126717e-06
ESMGFZ_EAM-90d_03h_2025_224F.asc,28cbc4449eeb075d1e39b56faa1b88a59e7fe17bd3ddf1d0505f1d892b3698b5,2025-08-12,7,60906.0,P,-0.001017540410208629,-0.0011174,9.985958979137101e-05
ESMGFZ_EAM-90d_03h_2025_224F.asc,28cbc4449eeb075d1e39b56faa1b88a59e7fe17bd3ddf1d0505f1d892b3698b5,2025-08-12,30,60929.0,P,0.00017211237196396569,0.0001478,2.43123719639657e-05
ESMGFZ_EAM-90d_03h_2025_226F.asc,14c5361e24261c6358aa838b8378411d6c483a08a504f709fd6d900cdfc774bb,2025-08-13,1,60901.0,P,-0.0001296348100505452,-0.0001434,1.3765189949454794e-05
ESMGFZ_EAM-90d_03h_2025_226F.asc,14c5361e24261c6358aa838b8378411d6c483a08a504f709fd6d900cdfc774bb,2025-08-13,3,60903.0,P,-0.0005907022816715082,-0.0006121,2.139771832849178e-05
ESMGFZ_EAM-90d_03h_2025_226F.asc,14c5361e24261c6358aa838b8378411d6c483a08a504f709fd6d900cdfc774bb,2025-08-13,7,60907.0,P,-0.0010305993239659887,-0.0010948,6.420067603401126e-05
ESMGFZ_EAM-90d_03h_2025_226F.asc,14c5361e24261c6358aa838b8378411d6c483a08a504f709fd6d900cdfc774bb,2025-08-13,30,60930.0,P,-0.00013296566732248657,-7.77e-05,-5.526566732248657e-05
ESMGFZ_EAM-90d_03h_2025_227F.asc,92320621954bc8161fb60983f6a6844c4d45c107e6caebf28fbdbf8144c226da,2025-08-14,1,60902.0,P,-0.0003528046036303354,-0.0003413,-1.1504603630335404e-05
ESMGFZ_EAM-90d_03h_2025_227F.asc,92320621954bc8161fb60983f6a6844c4d45c107e6caebf28fbdbf8144c226da,2025-08-14,3,60904.0,P,-0.0008633016309915855,-0.0008701,6.7983690084144534e-06
ESMGFZ_EAM-90d_03h_2025_227F.asc,92320621954bc8161fb60983f6a6844c4d45c107e6caebf28fbdbf8144c226da,2025-08-14,7,60908.0,P,-0.0008876476847200623,-0.0009304,4.275231527993764e-05
ESMGFZ_EAM-90d_03h_2025_227F.asc,92320621954bc8161fb60983f6a6844c4d45c107e6caebf28fbdbf8144c226da,2025-08-14,30,60931.0,P,-0.00040871421629430063,-0.0003383,-7.041421629430065e-05
ESMGFZ_EAM-90d_03h_2025_228F.asc,50d646c6b07aaff2332d7217a18077cdb7a213f144b00820642d5d4e44d84bcb,2025-08-15,1,60903.0,P,-0.0006142730810961667,-0.0006121,-2.1730810961667364e-06
ESMGFZ_EAM-90d_03h_2025_228F.asc,50d646c6b07aaff2332d7217a18077cdb7a213f144b00820642d5d4e44d84bcb,2025-08-15,3,60905.0,P,-0.0010363483432366972,-0.0010274,-8.948343236697253e-06
ESMGFZ_EAM-90d_03h_2025_228F.asc,50d646c6b07aaff2332d7217a18077cdb7a213f144b00820642d5d4e44d84bcb,2025-08-15,7,60909.0,P,-0.0007103410276231664,-0.0007691,5.8758972376833575e-05
ESMGFZ_EAM-90d_03h_2025_228F.asc,50d646c6b07aaff2332d7217a18077cdb7a213f144b00820642d5d4e44d84bcb,2025-08-15,30,60932.0,P,-0.0006061702670941628,-0.000556,-5.0170267094162856e-05
ESMGFZ_EAM-90d_03h_2025_229F.asc,6c081cb7a51d17037f508ec1c540079a011e5daa8bae567c19cf7ede2dea5009,2025-08-16,1,60904.0,P,-0.0008522607013058945,-0.0008701,1.7839298694105436e-05
ESMGFZ_EAM-90d_03h_2025_229F.asc,6c081cb7a51d17037f508ec1c540079a011e5daa8bae567c19cf7ede2dea5009,2025-08-16,3,60906.0,P,-0.0011241563394637335,-0.0011174,-6.756339463733505e-06
ESMGFZ_EAM-90d_03h_2025_229F.asc,6c081cb7a51d17037f508ec1c540079a011e5daa8bae567c19cf7ede2dea5009,2025-08-16,7,60910.0,P,-0.0005631855560878912,-0.000628,6.481444391210874e-05
ESMGFZ_EAM-90d_03h_2025_229F.asc,6c081cb7a51d17037f508ec1c540079a011e5daa8bae567c19cf7ede2dea5009,2025-08-16,30,60933.0,P,-0.0006754044461997917,-0.0006455,-2.9904446199791718e-05
ESMGFZ_EAM-90d_03h_2025_230F.asc,027c613a728f30e5d07e06166f4abd83eeecf86f934ed224562d53183c09d395,2025-08-17,1,60905.0,P,-0.0010359607159283945,-0.0010274,-8.560715928394597e-06
ESMGFZ_EAM-90d_03h_2025_230F.asc,027c613a728f30e5d07e06166f4abd83eeecf86f934ed224562d53183c09d395,2025-08-17,3,60907.0,P,-0.0010951591268495095,-0.0010948,-3.591268495095352e-07
ESMGFZ_EAM-90d_03h_2025_230F.asc,027c613a728f30e5d07e06166f4abd83eeecf86f934ed224562d53183c09d395,2025-08-17,7,60911.0,P,-0.0004052889665985441,-0.0004848,7.951103340145591e-05
ESMGFZ_EAM-90d_03h_2025_230F.asc,027c613a728f30e5d07e06166f4abd83eeecf86f934ed224562d53183c09d395,2025-08-17,30,60934.0,P,-0.0006165511849601504,-0.0005969,-1.9651184960150364e-05
ESMGFZ_EAM-90d_03h_2025_231F.asc,75147965e15afaa26d94ce3d6f7ffbc64983b798a193adf04e1061011ebae03b,2025-08-18,1,60906.0,P,-0.0011269489231417323,-0.0011174,-9.548923141732392e-06
ESMGFZ_EAM-90d_03h_2025_231F.asc,75147965e15afaa26d94ce3d6f7ffbc64983b798a193adf04e1061011ebae03b,2025-08-18,3,60908.0,P,-0.0009091069799423896,-0.0009304,2.129302005761033e-05
ESMGFZ_EAM-90d_03h_2025_231F.asc,75147965e15afaa26d94ce3d6f7ffbc64983b798a193adf04e1061011ebae03b,2025-08-18,7,60912.0,P,-0.00034952453859825354,-0.0003926,4.307546140174646e-05
ESMGFZ_EAM-90d_03h_2025_231F.asc,75147965e15afaa26d94ce3d6f7ffbc64983b798a193adf04e1061011ebae03b,2025-08-18,30,60935.0,P,-0.00045829529014069126,-0.0004394,-1.889529014069126e-05
ESMGFZ_EAM-90d_03h_2025_232F.asc,64937b9883d16c6324764bb37a850cb9b26edcb9cfa6bd694242754ffbca90b7,2025-08-19,1,60907.0,P,-0.0011111693812941694,-0.0010948,-1.6369381294169434e-05
ESMGFZ_EAM-90d_03h_2025_232F.asc,64937b9883d16c6324764bb37a850cb9b26edcb9cfa6bd694242754ffbca90b7,2025-08-19,3,60909.0,P,-0.0007404610068280678,-0.0007691,2.8638993171932166e-05
ESMGFZ_EAM-90d_03h_2025_232F.asc,64937b9883d16c6324764bb37a850cb9b26edcb9cfa6bd694242754ffbca90b7,2025-08-19,7,60913.0,P,-0.00034289406851948354,-0.0003565,1.3605931480516447e-05
ESMGFZ_EAM-90d_03h_2025_232F.asc,64937b9883d16c6324764bb37a850cb9b26edcb9cfa6bd694242754ffbca90b7,2025-08-19,30,60936.0,P,-0.00023027963736543954,-0.0002261,-4.179637365439549e-06
ESMGFZ_EAM-90d_03h_2025_233F.asc,9d81b0da4634ddc5d04c50ca1ecbb8a7e06a5252f2fd4da60e69a2981355314e,2025-08-20,1,60908.0,P,-0.000952133199700545,-0.0009304,-2.173319970054507e-05
ESMGFZ_EAM-90d_03h_2025_233F.asc,9d81b0da4634ddc5d04c50ca1ecbb8a7e06a5252f2fd4da60e69a2981355314e,2025-08-20,3,60910.0,P,-0.0006179839724536375,-0.000628,1.0016027546362496e-05
ESMGFZ_EAM-90d_03h_2025_233F.asc,9d81b0da4634ddc5d04c50ca1ecbb8a7e06a5252f2fd4da60e69a2981355314e,2025-08-20,7,60914.0,P,-0.00040115538970410204,-0.0003903,-1.085538970410204e-05
ESMGFZ_EAM-90d_03h_2025_233F.asc,9d81b0da4634ddc5d04c50ca1ecbb8a7e06a5252f2fd4da60e69a2981355314e,2025-08-20,30,60937.0,P,8.757685307353804e-06,-2.4e-06,1.1157685307353805e-05
ESMGFZ_EAM-90d_03h_2025_234F.asc,3f0676e11d72d8ef9594417e51e70e819c9643fc7c383b2b38cf70430a701ec0,2025-08-21,1,60909.0,P,-0.0007368531671650821,-0.0007691,3.224683283491788e-05
ESMGFZ_EAM-90d_03h_2025_234F.asc,3f0676e11d72d8ef9594417e51e70e819c9643fc7c383b2b38cf70430a701ec0,2025-08-21,3,60911.0,P,-0.0004311775063252333,-0.0004848,5.3622493674766725e-05
ESMGFZ_EAM-90d_03h_2025_234F.asc,3f0676e11d72d8ef9594417e51e70e819c9643fc7c383b2b38cf70430a701ec0,2025-08-21,7,60915.0,P,-0.0004496914740802443,-0.0004888,3.9108525919755654e-05
ESMGFZ_EAM-90d_03h_2025_234F.asc,3f0676e11d72d8ef9594417e51e70e819c9643fc7c383b2b38cf70430a701ec0,2025-08-21,30,60938.0,P,0.000200208353516426,0.0001841,1.6108353516425987e-05
ESMGFZ_EAM-90d_03h_2025_235F.asc,5c01d73221fae3927af56ece891dbfdcff0ce30be58a1234832934b9eaf1a7f0,2025-08-22,1,60910.0,P,-0.0005764888848899689,-0.000628,5.151111511003106e-05
ESMGFZ_EAM-90d_03h_2025_235F.asc,5c01d73221fae3927af56ece891dbfdcff0ce30be58a1234832934b9eaf1a7f0,2025-08-22,3,60912.0,P,-0.00033164554883470613,-0.0003926,6.095445116529387e-05
ESMGFZ_EAM-90d_03h_2025_235F.asc,5c01d73221fae3927af56ece891dbfdcff0ce30be58a1234832934b9eaf1a7f0,2025-08-22,7,60916.0,P,-0.0005249854096964523,-0.0006295,0.00010451459030354768
ESMGFZ_EAM-90d_03h_2025_235F.asc,5c01d73221fae3927af56ece891dbfdcff0ce30be58a1234832934b9eaf1a7f0,2025-08-22,30,60939.0,P,0.0003261536045469369,0.0002944,3.1753604546936904e-05
ESMGFZ_EAM-90d_03h_2025_236F.asc,23664623315a55267e26272129545ff390dac7afcf6c3efdb14de9031f2e9003,2025-08-23,1,60911.0,P,-0.00040743318687585606,-0.0004848,7.736681312414396e-05
ESMGFZ_EAM-90d_03h_2025_236F.asc,23664623315a55267e26272129545ff390dac7afcf6c3efdb14de9031f2e9003,2025-08-23,3,60913.0,P,-0.00029861048487207873,-0.0003565,5.788951512792126e-05
ESMGFZ_EAM-90d_03h_2025_236F.asc,23664623315a55267e26272129545ff390dac7afcf6c3efdb14de9031f2e9003,2025-08-23,7,60917.0,P,-0.000719540758057442,-0.0007953,7.5759241942558e-05
ESMGFZ_EAM-90d_03h_2025_236F.asc,23664623315a55267e26272129545ff390dac7afcf6c3efdb14de9031f2e9003,2025-08-23,30,60940.0,P,0.0003353118769515509,0.0002537,8.161187695155092e-05
ESMGFZ_EAM-90d_03h_2025_237F.asc,5dd9ad76edce6ec7e5a61967a80567243b321209edb4c032c40de20c565f9412,2025-08-24,1,60912.0,P,-0.0003374033868865964,-0.0003926,5.519661311340361e-05
ESMGFZ_EAM-90d_03h_2025_237F.asc,5dd9ad76edce6ec7e5a61967a80567243b321209edb4c032c40de20c565f9412,2025-08-24,3,60914.0,P,-0.0003361047492680383,-0.0003903,5.4195250731961715e-05
ESMGFZ_EAM-90d_03h_2025_237F.asc,5dd9ad76edce6ec7e5a61967a80567243b321209edb4c032c40de20c565f9412,2025-08-24,7,60918.0,P,-0.0009065220250762509,-0.0009454,3.887797492374914e-05
ESMGFZ_EAM-90d_03h_2025_237F.asc,5dd9ad76edce6ec7e5a61967a80567243b321209edb4c032c40de20c565f9412,2025-08-24,30,60941.0,P,0.0002583736049760717,0.0001216,0.00013677360497607168
ESMGFZ_EAM-90d_03h_2025_238F.asc,5c28f2345725796a4dc8a12c352f27d9a50b85c5c60e5b3e68daecf0ed87958a,2025-08-25,1,60913.0,P,-0.00035548193216926294,-0.0003565,1.0180678307370491e-06
ESMGFZ_EAM-90d_03h_2025_238F.asc,5c28f2345725796a4dc8a12c352f27d9a50b85c5c60e5b3e68daecf0ed87958a,2025-08-25,3,60915.0,P,-0.00045805005781673376,-0.0004888,3.074994218326619e-05
ESMGFZ_EAM-90d_03h_2025_238F.asc,5c28f2345725796a4dc8a12c352f27d9a50b85c5c60e5b3e68daecf0ed87958a,2025-08-25,7,60919.0,P,-0.00102350798025826,-0.0010356,1.2092019741739932e-05
ESMGFZ_EAM-90d_03h_2025_238F.asc,5c28f2345725796a4dc8a12c352f27d9a50b85c5c60e5b3e68daecf0ed87958a,2025-08-25,30,60942.0,P,0.00010843510644502349,-3.75e-05,0.00014593510644502348
ESMGFZ_EAM-90d_03h_2025_239F.asc,076c1bc3d8a23d30f26f664bcab61aa6b7ec8fef9145740c41060ba88e64b6fc,2025-08-26,1,60914.0,P,-0.0003554802162552271,-0.0003903,3.481978374477292e-05
ESMGFZ_EAM-90d_03h_2025_239F.asc,076c1bc3d8a23d30f26f664bcab61aa6b7ec8fef9145740c41060ba88e64b6fc,2025-08-26,3,60916.0,P,-0.0006069956883514691,-0.0006295,2.250431164853089e-05
ESMGFZ_EAM-90d_03h_2025_239F.asc,076c1bc3d8a23d30f26f664bcab61aa6b7ec8fef9145740c41060ba88e64b6fc,2025-08-26,7,60920.0,P,-0.001029819545100777,-0.0010302,3.804548992230195e-07
ESMGFZ_EAM-90d_03h_2025_239F.asc,076c1bc3d8a23d30f26f664bcab61aa6b7ec8fef9145740c41060ba88e64b6fc,2025-08-26,30,60943.0,P,-6.491556813241092e-05,-0.000184,0.00011908443186758908
ESMGFZ_EAM-90d_03h_2025_240F.asc,c33f6c54003e80fe2bc6004379af9963a179be7445eaf5c2cc7618d2a7af1197,2025-08-27,1,60915.0,P,-0.0004779754015252023,-0.0004888,1.082459847479765e-05
ESMGFZ_EAM-90d_03h_2025_240F.asc,c33f6c54003e80fe2bc6004379af9963a179be7445eaf5c2cc7618d2a7af1197,2025-08-27,3,60917.0,P,-0.0008137104911420934,-0.0007953,-1.841049114209342e-05
ESMGFZ_EAM-90d_03h_2025_240F.asc,c33f6c54003e80fe2bc6004379af9963a179be7445eaf5c2cc7618d2a7af1197,2025-08-27,7,60921.0,P,-0.0010018751407819399,-0.0009614,-4.047514078193992e-05
ESMGFZ_EAM-90d_03h_2025_240F.asc,c33f6c54003e80fe2bc6004379af9963a179be7445eaf5c2cc7618d2a7af1197,2025-08-27,30,60944.0,P,-0.00024304877566836604,-0.0003123,6.925122433163396e-05
ESMGFZ_EAM-90d_03h_2025_241F.asc,3bc760873b9cc1707b61d9506d6aeca301d25cdad72b46c04ff2104c51541528,2025-08-28,1,60916.0,P,-0.0006281311916628776,-0.0006295,1.3688083371223535e-06
ESMGFZ_EAM-90d_03h_2025_241F.asc,3bc760873b9cc1707b61d9506d6aeca301d25cdad72b46c04ff2104c51541528,2025-08-28,3,60918.0,P,-0.0009384846617454909,-0.0009454,6.915338254509062e-06
ESMGFZ_EAM-90d_03h_2025_241F.asc,3bc760873b9cc1707b61d9506d6aeca301d25cdad72b46c04ff2104c51541528,2025-08-28,7,60922.0,P,-0.0008087450738501534,-0.0008184,9.6549261498467e-06
ESMGFZ_EAM-90d_03h_2025_241F.asc,3bc760873b9cc1707b61d9506d6aeca301d25cdad72b46c04ff2104c51541528,2025-08-28,30,60945.0,P,-0.0004051104414558726,-0.0004892,8.408955854412737e-05
ESMGFZ_EAM-90d_03h_2025_242F.asc,e9e95a37d73f505b098147078086c640e9e0bf5b0877913ab4f47f9cc71411a0,2025-08-29,1,60917.0,P,-0.0007993426281408293,-0.0007953,-4.042628140829281e-06
ESMGFZ_EAM-90d_03h_2025_242F.asc,e9e95a37d73f505b098147078086c640e9e0bf5b0877913ab4f47f9cc71411a0,2025-08-29,3,60919.0,P,-0.0010635633714178505,-0.0010356,-2.7963371417850458e-05
ESMGFZ_EAM-90d_03h_2025_242F.asc,e9e95a37d73f505b098147078086c640e9e0bf5b0877913ab4f47f9cc71411a0,2025-08-29,7,60923.0,P,-0.0005469224727642447,-0.0005782,3.127752723575529e-05
ESMGFZ_EAM-90d_03h_2025_242F.asc,e9e95a37d73f505b098147078086c640e9e0bf5b0877913ab4f47f9cc71411a0,2025-08-29,30,60946.0,P,-0.0005042404276330974,-0.0006362,0.00013195957236690253
ESMGFZ_EAM-90d_03h_2025_243F.asc,657fa0400dfca58900f6252ac60a1ab2e3cb63b930f75211df056f90d353303b,2025-08-30,1,60918.0,P,-0.0009476020493295324,-0.0009454,-2.202049329532406e-06
ESMGFZ_EAM-90d_03h_2025_243F.asc,657fa0400dfca58900f6252ac60a1ab2e3cb63b930f75211df056f90d353303b,2025-08-30,3,60920.0,P,-0.001070520974971933,-0.0010302,-4.032097497193299e-05
ESMGFZ_EAM-90d_03h_2025_243F.asc,657fa0400dfca58900f6252ac60a1ab2e3cb63b930f75211df056f90d353303b,2025-08-30,7,60924.0,P,-0.00024153561741609896,-0.0002693,2.776438258390103e-05
ESMGFZ_EAM-90d_03h_2025_243F.asc,657fa0400dfca58900f6252ac60a1ab2e3cb63b930f75211df056f90d353303b,2025-08-30,30,60947.0,P,-0.000551393511197122,-0.0007171,0.000165706488802878
ESMGFZ_EAM-90d_03h_2025_244F.asc,bd19ccd4e53f68bd6951cb1953f8517c392e3416fb1c2ad075e67c164d4abb1a,2025-08-31,1,60919.0,P,-0.001083346787399472,-0.0010356,-4.7746787399472e-05
ESMGFZ_EAM-90d_03h_2025_244F.asc,bd19ccd4e53f68bd6951cb1953f8517c392e3416fb1c2ad075e67c164d4abb1a,2025-08-31,3,60921.0,P,-0.0010088591151366563,-0.0009614,-4.7459115136656307e-05
ESMGFZ_EAM-90d_03h_2025_244F.asc,bd19ccd4e53f68bd6951cb1953f8517c392e3416fb1c2ad075e67c164d4abb1a,2025-08-31,7,60925.0,P,8.82413708586923e-05,3.52e-05,5.30413708586923e-05
ESMGFZ_EAM-90d_03h_2025_244F.asc,bd19ccd4e53f68bd6951cb1953f8517c392e3416fb1c2ad075e67c164d4abb1a,2025-08-31,30,60948.0,P,-0.0005179827048940032,-0.0007128,0.00019481729510599673
ESMGFZ_EAM-90d_03h_2025_245F.asc,5fabb49879fa7958fb56d3dbcd396523bc7ea0279f669d45c87d5485d17cbcfb,2025-09-01,1,60920.0,P,-0.0010661392767165202,-0.0010302,-3.5939276716520164e-05
ESMGFZ_EAM-90d_03h_2025_245F.asc,5fabb49879fa7958fb56d3dbcd396523bc7ea0279f669d45c87d5485d17cbcfb,2025-09-01,3,60922.0,P,-0.0008480966170260663,-0.0008184,-2.9696617026066263e-05
ESMGFZ_EAM-90d_03h_2025_245F.asc,5fabb49879fa7958fb56d3dbcd396523bc7ea0279f669d45c87d5485d17cbcfb,2025-09-01,7,60926.0,P,0.0003288032053200254,0.0002845,4.43032053200254e-05
ESMGFZ_EAM-90d_03h_2025_245F.asc,5fabb49879fa7958fb56d3dbcd396523bc7ea0279f669d45c87d5485d17cbcfb,2025-09-01,30,60949.0,P,-0.00038845345264343855,-0.0005456,0.00015714654735656149
ESMGFZ_EAM-90d_03h_2025_246F.asc,2d8e660b28f98333e3ff9deda85a21b68a7c4acac2ba3cbf34e6e81b4603ab37,2025-09-03,1,60922.0,P,-0.0008492995405808685,-0.0008184,-3.08995405808684e-05
ESMGFZ_EAM-90d_03h_2025_246F.asc,2d8e660b28f98333e3ff9deda85a21b68a7c4acac2ba3cbf34e6e81b4603ab37,2025-09-03,3,60924.0,P,-0.0002814821265892103,-0.0002693,-1.2182126589210319e-05
ESMGFZ_EAM-90d_03h_2025_246F.asc,2d8e660b28f98333e3ff9deda85a21b68a7c4acac2ba3cbf34e6e81b4603ab37,2025-09-03,7,60928.0,P,0.0002622578111401812,0.0003221,-5.9842188859818843e-05
ESMGFZ_EAM-90d_03h_2025_246F.asc,2d8e660b28f98333e3ff9deda85a21b68a7c4acac2ba3cbf34e6e81b4603ab37,2025-09-03,30,60951.0,P,0.00011347599823193375,-5.88e-05,0.00017227599823193374
ESMGFZ_EAM-90d_03h_2025_248F.asc,cb48bc698ff914df9f2c94783fa116cd18ecc8c8682a706a1f4117288e925e1e,2025-09-04,1,60923.0,P,-0.0005733579189214394,-0.0005782,4.842081078560551e-06
ESMGFZ_EAM-90d_03h_2025_248F.asc,cb48bc698ff914df9f2c94783fa116cd18ecc8c8682a706a1f4117288e925e1e,2025-09-04,3,60925.0,P,4.660812193516765e-05,3.52e-05,1.1408121935167648e-05
ESMGFZ_EAM-90d_03h_2025_248F.asc,cb48bc698ff914df9f2c94783fa116cd18ecc8c8682a706a1f4117288e925e1e,2025-09-04,7,60929.0,P,8.990181052597254e-05,0.0001478,-5.7898189474027444e-05
ESMGFZ_EAM-90d_03h_2025_248F.asc,cb48bc698ff914df9f2c94783fa116cd18ecc8c8682a706a1f4117288e925e1e,2025-09-04,30,60952.0,P,0.0004189178714314784,0.0002146,0.00020431787143147839
ESMGFZ_EAM-90d_03h_2025_249F.asc,a1b0b582ed74fb441e29b8266abf8f0a5a4236493c73c2a89e1a6891f7c572dc,2025-09-05,1,60924.0,P,-0.0002713834086867071,-0.0002693,-2.0834086867070893e-06
ESMGFZ_EAM-90d_03h_2025_249F.asc,a1b0b582ed74fb441e29b8266abf8f0a5a4236493c73c2a89e1a6891f7c572dc,2025-09-05,3,60926.0,P,0.0002961673598642645,0.0002845,1.1667359864264508e-05
ESMGFZ_EAM-90d_03h_2025_249F.asc,a1b0b582ed74fb441e29b8266abf8f0a5a4236493c73c2a89e1a6891f7c572dc,2025-09-05,7,60930.0,P,-0.00012534317175786768,-7.77e-05,-4.764317175786767e-05
ESMGFZ_EAM-90d_03h_2025_249F.asc,a1b0b582ed74fb441e29b8266abf8f0a5a4236493c73c2a89e1a6891f7c572dc,2025-09-05,30,60953.0,P,0.0006993923999923359,0.0004384,0.0002609923999923359
ESMGFZ_EAM-90d_03h_2025_250F.asc,bd351a1d7b3c93560eff83f04d4ec4c9d9220cb87e50179c677ebe23e95ae640,2025-09-06,1,60925.0,P,5.6370388040001475e-05,3.52e-05,2.1170388040001473e-05
ESMGFZ_EAM-90d_03h_2025_250F.asc,bd351a1d7b3c93560eff83f04d4ec4c9d9220cb87e50179c677ebe23e95ae640,2025-09-06,3,60927.0,P,0.000349216177638145,0.0003796,-3.038382236185503e-05
ESMGFZ_EAM-90d_03h_2025_250F.asc,bd351a1d7b3c93560eff83f04d4ec4c9d9220cb87e50179c677ebe23e95ae640,2025-09-06,7,60931.0,P,-0.0003980256168133286,-0.0003383,-5.9725616813328605e-05
ESMGFZ_EAM-90d_03h_2025_250F.asc,bd351a1d7b3c93560eff83f04d4ec4c9d9220cb87e50179c677ebe23e95ae640,2025-09-06,30,60954.0,P,0.0008716467214720778,0.0005434,0.00032824672147207786
ESMGFZ_EAM-90d_03h_2025_251F.asc,66ae51ffe01ad4e91d6945cd4a86006452fa7a571555e84ab86c997787873550,2025-09-07,1,60926.0,P,0.00030540511653152463,0.0002845,2.0905116531524655e-05
ESMGFZ_EAM-90d_03h_2025_251F.asc,66ae51ffe01ad4e91d6945cd4a86006452fa7a571555e84ab86c997787873550,2025-09-07,3,60928.0,P,0.0003210529741216364,0.0003221,-1.0470258783636392e-06
ESMGFZ_EAM-90d_03h_2025_251F.asc,66ae51ffe01ad4e91d6945cd4a86006452fa7a571555e84ab86c997787873550,2025-09-07,7,60932.0,P,-0.0005863147930893332,-0.000556,-3.0314793089333283e-05
ESMGFZ_EAM-90d_03h_2025_251F.asc,66ae51ffe01ad4e91d6945cd4a86006452fa7a571555e84ab86c997787873550,2025-09-07,30,60955.0,P,0.0008710212334976458,0.0005175,0.0003535212334976459
ESMGFZ_EAM-90d_03h_2025_252F.asc,c8bed477c0856629b1c3a72f0da5d193ee0dc172a078ee2de398b3cb7d0bef4c,2025-09-08,1,60927.0,P,0.0003728072501540441,0.0003796,-6.792749845955929e-06
ESMGFZ_EAM-90d_03h_2025_252F.asc,c8bed477c0856629b1c3a72f0da5d193ee0dc172a078ee2de398b3cb7d0bef4c,2025-09-08,3,60929.0,P,0.00014932492889188566,0.0001478,1.5249288918856724e-06
ESMGFZ_EAM-90d_03h_2025_252F.asc,c8bed477c0856629b1c3a72f0da5d193ee0dc172a078ee2de398b3cb7d0bef4c,2025-09-08,7,60933.0,P,-0.0006682029935655897,-0.0006455,-2.2702993565589706e-05
ESMGFZ_EAM-90d_03h_2025_252F.asc,c8bed477c0856629b1c3a72f0da5d193ee0dc172a078ee2de398b3cb7d0bef4c,2025-09-08,30,60956.0,P,0.0006962303613937067,0.0003512,0.00034503036139370665
ESMGFZ_EAM-90d_03h_2025_253F.asc,f13aa00a82a3341df9710acd5d46bcb7770caf22f2959c2d9f6def059a938294,2025-09-09,1,60928.0,P,0.0003379760892946607,0.0003221,1.587608929466065e-05
ESMGFZ_EAM-90d_03h_2025_253F.asc,f13aa00a82a3341df9710acd5d46bcb7770caf22f2959c2d9f6def059a938294,2025-09-09,3,60930.0,P,-7.16276117861568e-05,-7.77e-05,6.0723882138431984e-06
ESMGFZ_EAM-90d_03h_2025_253F.asc,f13aa00a82a3341df9710acd5d46bcb7770caf22f2959c2d9f6def059a938294,2025-09-09,7,60934.0,P,-0.0006088281991768293,-0.0005969,-1.1928199176829244e-05
ESMGFZ_EAM-90d_03h_2025_253F.asc,f13aa00a82a3341df9710acd5d46bcb7770caf22f2959c2d9f6def059a938294,2025-09-09,30,60957.0,P,0.00038714255676533516,6.29e-05,0.00032424255676533515
ESMGFZ_EAM-90d_03h_2025_254F.asc,7092eb01f3f052df520ec6212fb8ffed1d390a35e932dc37a4b39094f9cc3cc9,2025-09-10,1,60929.0,P,0.0001630948894636898,0.0001478,1.52948894636898e-05
ESMGFZ_EAM-90d_03h_2025_254F.asc,7092eb01f3f052df520ec6212fb8ffed1d390a35e932dc37a4b39094f9cc3cc9,2025-09-10,3,60931.0,P,-0.0003787379878483655,-0.0003383,-4.043798784836549e-05
ESMGFZ_EAM-90d_03h_2025_254F.asc,7092eb01f3f052df520ec6212fb8ffed1d390a35e932dc37a4b39094f9cc3cc9,2025-09-10,7,60935.0,P,-0.0004082114225354475,-0.0004394,3.1188577464552494e-05
ESMGFZ_EAM-90d_03h_2025_254F.asc,7092eb01f3f052df520ec6212fb8ffed1d390a35e932dc37a4b39094f9cc3cc9,2025-09-10,30,60958.0,P,7.566925577674776e-05,-0.0002474,0.00032306925577674776
ESMGFZ_EAM-90d_03h_2025_255F.asc,e19ce5dc0088e43b000513c4d3a511730a438473a0376c8f38140b914713c210,2025-09-11,1,60930.0,P,-6.978100614362726e-05,-7.77e-05,7.918993856372743e-06
ESMGFZ_EAM-90d_03h_2025_255F.asc,e19ce5dc0088e43b000513c4d3a511730a438473a0376c8f38140b914713c210,2025-09-11,3,60932.0,P,-0.0005950425885086701,-0.000556,-3.9042588508670165e-05
ESMGFZ_EAM-90d_03h_2025_255F.asc,e19ce5dc0088e43b000513c4d3a511730a438473a0376c8f38140b914713c210,2025-09-11,7,60936.0,P,-0.00023680403288198724,-0.0002261,-1.0704032881987251e-05
ESMGFZ_EAM-90d_03h_2025_255F.asc,e19ce5dc0088e43b000513c4d3a511730a438473a0376c8f38140b914713c210,2025-09-11,30,60959.0,P,-0.0001825587223822535,-0.0005213,0.00033874127761774654
ESMGFZ_EAM-90d_03h_2025_256F.asc,daa8b3e508fac77532d3a042c936d754ce5226e64147ee50842dfbcc12e13b23,2025-09-12,1,60931.0,P,-0.00039983769423616617,-0.0003383,-6.153769423616618e-05
ESMGFZ_EAM-90d_03h_2025_256F.asc,daa8b3e508fac77532d3a042c936d754ce5226e64147ee50842dfbcc12e13b23,2025-09-12,3,60933.0,P,-0.0006879526444552776,-0.0006455,-4.245264445527756e-05
ESMGFZ_EAM-90d_03h_2025_256F.asc,daa8b3e508fac77532d3a042c936d754ce5226e64147ee50842dfbcc12e13b23,2025-09-12,7,60937.0,P,-7.461356653414228e-05,-2.4e-06,-7.221356653414228e-05
ESMGFZ_EAM-90d_03h_2025_256F.asc,daa8b3e508fac77532d3a042c936d754ce5226e64147ee50842dfbcc12e13b23,2025-09-12,30,60960.0,P,-0.00031118763521382527,-0.0006903,0.00037911236478617476
ESMGFZ_EAM-90d_03h_2025_257F.asc,cf5d05e79d0cb5f84ef1377504d2b7f05cca0c25a87bdb7c65a136242ccca5fc,2025-09-13,1,60932.0,P,-0.0005879345211430107,-0.000556,-3.1934521143010754e-05
ESMGFZ_EAM-90d_03h_2025_257F.asc,cf5d05e79d0cb5f84ef1377504d2b7f05cca0c25a87bdb7c65a136242ccca5fc,2025-09-13,3,60934.0,P,-0.0006023579196080223,-0.0005969,-5.457919608022272e-06
ESMGFZ_EAM-90d_03h_2025_257F.asc,cf5d05e79d0cb5f84ef1377504d2b7f05cca0c25a87bdb7c65a136242ccca5fc,2025-09-13,7,60938.0,P,0.0001325117676356369,0.0001841,-5.158823236436311e-05
ESMGFZ_EAM-90d_03h_2025_257F.asc,cf5d05e79d0cb5f84ef1377504d2b7f05cca0c25a87bdb7c65a136242ccca5fc,2025-09-13,30,60961.0,P,-0.00028544719438547504,-0.0007032,0.0004177528056145249
ESMGFZ_EAM-90d_03h_2025_258F.asc,e52485c2c57b98a0db95e15124510e2c435f71c5562bbea89e3110de28b14668,2025-09-14,1,60933.0,P,-0.0006655236674726115,-0.0006455,-2.002366747261145e-05
ESMGFZ_EAM-90d_03h_2025_258F.asc,e52485c2c57b98a0db95e15124510e2c435f71c5562bbea89e3110de28b14668,2025-09-14,3,60935.0,P,-0.0004311680699984003,-0.0004394,8.231930001599693e-06
ESMGFZ_EAM-90d_03h_2025_258F.asc,e52485c2c57b98a0db95e15124510e2c435f71c5562bbea89e3110de28b14668,2025-09-14,7,60939.0,P,0.00027895372839621354,0.0002944,-1.544627160378646e-05
ESMGFZ_EAM-90d_03h_2025_258F.asc,e52485c2c57b98a0db95e15124510e2c435f71c5562bbea89e3110de28b14668,2025-09-14,30,60962.0,P,-0.00014931379642825815,-0.0005812,0.00043188620357174185
ESMGFZ_EAM-90d_03h_2025_259F.asc,d17638382a073f02d6d3cb2803206642956060cf50b91e6bc8b01a5860293a28,2025-09-15,1,60934.0,P,-0.0005838137094978377,-0.0005969,1.30862905021623e-05
ESMGFZ_EAM-90d_03h_2025_259F.asc,d17638382a073f02d6d3cb2803206642956060cf50b91e6bc8b01a5860293a28,2025-09-15,3,60936.0,P,-0.00022591716911534763,-0.0002261,1.828308846523602e-07
ESMGFZ_EAM-90d_03h_2025_259F.asc,d17638382a073f02d6d3cb2803206642956060cf50b91e6bc8b01a5860293a28,2025-09-15,7,60940.0,P,0.00027472090526306937,0.0002537,2.102090526306938e-05
ESMGFZ_EAM-90d_03h_2025_259F.asc,d17638382a073f02d6d3cb2803206642956060cf50b91e6bc8b01a5860293a28,2025-09-15,30,60963.0,P,4.916528238067369e-05,-0.0003745,0.0004236652823806737
ESMGFZ_EAM-90d_03h_2025_260F.asc,5ce9ddb04de177db8e43f3b9769ae811159be42f085c7d7a1056ba491f640bf5,2025-09-16,1,60935.0,P,-0.000443235825807953,-0.0004394,-3.8358258079529916e-06
ESMGFZ_EAM-90d_03h_2025_260F.asc,5ce9ddb04de177db8e43f3b9769ae811159be42f085c7d7a1056ba491f640bf5,2025-09-16,3,60937.0,P,-2.5875794471209678e-05,-2.4e-06,-2.3475794471209677e-05
ESMGFZ_EAM-90d_03h_2025_260F.asc,5ce9ddb04de177db8e43f3b9769ae811159be42f085c7d7a1056ba491f640bf5,2025-09-16,7,60941.0,P,0.00016863928593747657,0.0001216,4.703928593747657e-05
ESMGFZ_EAM-90d_03h_2025_260F.asc,5ce9ddb04de177db8e43f3b9769ae811159be42f085c7d7a1056ba491f640bf5,2025-09-16,30,60964.0,P,0.00025073201893306305,-0.0001503,0.0004010320189330631
ESMGFZ_EAM-90d_03h_2025_261F.asc,15d99a77a1e439fe5c76e90cebfb09d0b5bbae08aec6159e6194b9db871f6bd3,2025-09-17,1,60936.0,P,-0.0002211410051894465,-0.0002261,4.958994810553489e-06
ESMGFZ_EAM-90d_03h_2025_261F.asc,15d99a77a1e439fe5c76e90cebfb09d0b5bbae08aec6159e6194b9db871f6bd3,2025-09-17,3,60938.0,P,0.0001798126883358906,0.0001841,-4.287311664109405e-06
ESMGFZ_EAM-90d_03h_2025_261F.asc,15d99a77a1e439fe5c76e90cebfb09d0b5bbae08aec6159e6194b9db871f6bd3,2025-09-17,7,60942.0,P,-2.644595181948981e-05,-3.75e-05,1.1054048180510186e-05
ESMGFZ_EAM-90d_03h_2025_261F.asc,15d99a77a1e439fe5c76e90cebfb09d0b5bbae08aec6159e6194b9db871f6bd3,2025-09-17,30,60965.0,P,0.0004333874542474265,8.82e-05,0.0003451874542474265
ESMGFZ_EAM-90d_03h_2025_262F.asc,ba7386bf37b671b2b26a5d8ff84b471d8780cefc87720f3126519cbeb17cd0b4,2025-09-18,1,60937.0,P,-3.174349944551908e-05,-2.4e-06,-2.9343499445519078e-05
ESMGFZ_EAM-90d_03h_2025_262F.asc,ba7386bf37b671b2b26a5d8ff84b471d8780cefc87720f3126519cbeb17cd0b4,2025-09-18,3,60939.0,P,0.00028269741644199584,0.0002944,-1.1702583558004156e-05
ESMGFZ_EAM-90d_03h_2025_262F.asc,ba7386bf37b671b2b26a5d8ff84b471d8780cefc87720f3126519cbeb17cd0b4,2025-09-18,7,60943.0,P,-0.00029794636201341664,-0.000184,-0.00011394636201341664
ESMGFZ_EAM-90d_03h_2025_262F.asc,ba7386bf37b671b2b26a5d8ff84b471d8780cefc87720f3126519cbeb17cd0b4,2025-09-18,30,60966.0,P,0.0005175573329355095,0.0002434,0.00027415733293550954
ESMGFZ_EAM-90d_03h_2025_263F.asc,5d5ce05ffb5ddee3550857518fa67c59562fe340a9821bebea267dcf49326d6b,2025-09-19,1,60938.0,P,0.00021286453119492255,0.0001841,2.8764531194922546e-05
ESMGFZ_EAM-90d_03h_2025_263F.asc,5d5ce05ffb5ddee3550857518fa67c59562fe340a9821bebea267dcf49326d6b,2025-09-19,3,60940.0,P,0.00026045542855903433,0.0002537,6.755428559034342e-06
ESMGFZ_EAM-90d_03h_2025_263F.asc,5d5ce05ffb5ddee3550857518fa67c59562fe340a9821bebea267dcf49326d6b,2025-09-19,7,60944.0,P,-0.00036744690647146365,-0.0003123,-5.514690647146365e-05
ESMGFZ_EAM-90d_03h_2025_263F.asc,5d5ce05ffb5ddee3550857518fa67c59562fe340a9821bebea267dcf49326d6b,2025-09-19,30,60967.0,P,0.0005451131973485502,0.0003187,0.00022641319734855022
ESMGFZ_EAM-90d_03h_2025_264F.asc,179665aeda5896a6b6431efa4469f690ceda95c30ea999f591345a505ebd6643,2025-09-20,1,60939.0,P,0.00029202411156433855,0.0002944,-2.375888435661455e-06
ESMGFZ_EAM-90d_03h_2025_264F.asc,179665aeda5896a6b6431efa4469f690ceda95c30ea999f591345a505ebd6643,2025-09-20,3,60941.0,P,0.00010883603367543908,0.0001216,-1.2763966324560923e-05
ESMGFZ_EAM-90d_03h_2025_264F.asc,179665aeda5896a6b6431efa4469f690ceda95c30ea999f591345a505ebd6643,2025-09-20,7,60945.0,P,-0.0004780192046087859,-0.0004892,1.1180795391214058e-05
ESMGFZ_EAM-90d_03h_2025_264F.asc,179665aeda5896a6b6431efa4469f690ceda95c30ea999f591345a505ebd6643,2025-09-20,30,60968.0,P,0.0004964237315596686,0.0003183,0.0001781237315596686
ESMGFZ_EAM-90d_03h_2025_265F.asc,d3cab2c450360c64daca6c082183c14f62b53d86bba7e1d6a9de6184b3701de2,2025-09-21,1,60940.0,P,0.0002521520286531098,0.0002537,-1.5479713468902006e-06
ESMGFZ_EAM-90d_03h_2025_265F.asc,d3cab2c450360c64daca6c082183c14f62b53d86bba7e1d6a9de6184b3701de2,2025-09-21,3,60942.0,P,-0.00010340690324772404,-3.75e-05,-6.590690324772405e-05
ESMGFZ_EAM-90d_03h_2025_265F.asc,d3cab2c450360c64daca6c082183c14f62b53d86bba7e1d6a9de6184b3701de2,2025-09-21,7,60946.0,P,-0.0006392083842840889,-0.0006362,-3.008384284088907e-06
ESMGFZ_EAM-90d_03h_2025_265F.asc,d3cab2c450360c64daca6c082183c14f62b53d86bba7e1d6a9de6184b3701de2,2025-09-21,30,60969.0,P,0.0003768195573517041,0.0002587,0.0001181195573517041
ESMGFZ_EAM-90d_03h_2025_266F.asc,dc286d174058aec0809b056bbcfdc4fe7b37fc4e26cdb010e1e28a2e282bd8a3,2025-09-22,1,60941.0,P,0.0001291473527261517,0.0001216,7.5473527261517e-06
ESMGFZ_EAM-90d_03h_2025_266F.asc,dc286d174058aec0809b056bbcfdc4fe7b37fc4e26cdb010e1e28a2e282bd8a3,2025-09-22,3,60943.0,P,-0.00023351001764825214,-0.000184,-4.951001764825214e-05
ESMGFZ_EAM-90d_03h_2025_266F.asc,dc286d174058aec0809b056bbcfdc4fe7b37fc4e26cdb010e1e28a2e282bd8a3,2025-09-22,7,60947.0,P,-0.0006894606619497459,-0.0007171,2.7639338050254115e-05
ESMGFZ_EAM-90d_03h_2025_266F.asc,dc286d174058aec0809b056bbcfdc4fe7b37fc4e26cdb010e1e28a2e282bd8a3,2025-09-22,30,60970.0,P,0.00021077755983710153,0.0001477,6.307755983710151e-05
ESMGFZ_EAM-90d_03h_2025_267F.asc,ae349217438dfbe37538eda80dfbfeea0d68d212787cd61bb35f7f199bba2cd1,2025-09-24,1,60943.0,P,-0.00023790279771529496,-0.000184,-5.390279771529496e-05
ESMGFZ_EAM-90d_03h_2025_267F.asc,ae349217438dfbe37538eda80dfbfeea0d68d212787cd61bb35f7f199bba2cd1,2025-09-24,3,60945.0,P,-0.0005430747474599652,-0.0004892,-5.387474745996521e-05
ESMGFZ_EAM-90d_03h_2025_267F.asc,ae349217438dfbe37538eda80dfbfeea0d68d212787cd61bb35f7f199bba2cd1,2025-09-24,7,60949.0,P,-0.0005554455890980604,-0.0005456,-9.845589098060343e-06
ESMGFZ_EAM-90d_03h_2025_267F.asc,ae349217438dfbe37538eda80dfbfeea0d68d212787cd61bb35f7f199bba2cd1,2025-09-24,30,60972.0,P,-0.0001449026457233226,-4.39e-05,-0.0001010026457233226
ESMGFZ_EAM-90d_03h_2025_269F.asc,fe5368738dc865ea68c524750bc18ba5c35241b90adf900293d2c6947b527ea4,2025-09-25,1,60944.0,P,-0.0003225752156760617,-0.0003123,-1.0275215676061719e-05
ESMGFZ_EAM-90d_03h_2025_269F.asc,fe5368738dc865ea68c524750bc18ba5c35241b90adf900293d2c6947b527ea4,2025-09-25,3,60946.0,P,-0.0006488649628493112,-0.0006362,-1.2664962849311253e-05
ESMGFZ_EAM-90d_03h_2025_269F.asc,fe5368738dc865ea68c524750bc18ba5c35241b90adf900293d2c6947b527ea4,2025-09-25,7,60950.0,P,-0.00026608038417057374,-0.0003124,4.631961582942626e-05
ESMGFZ_EAM-90d_03h_2025_269F.asc,fe5368738dc865ea68c524750bc18ba5c35241b90adf900293d2c6947b527ea4,2025-09-25,30,60973.0,P,-0.00028120250460401995,-0.0001949,-8.630250460401996e-05
ESMGFZ_EAM-90d_03h_2025_270F.asc,cf289ff79efa34ba7fd200b1d31dc5e14be3cd3115eb83ae04542d35d51f51e1,2025-09-26,1,60945.0,P,-0.0004945602473801728,-0.0004892,-5.360247380172814e-06
ESMGFZ_EAM-90d_03h_2025_270F.asc,cf289ff79efa34ba7fd200b1d31dc5e14be3cd3115eb83ae04542d35d51f51e1,2025-09-26,3,60947.0,P,-0.0007382229358354667,-0.0007171,-2.1122935835466675e-05
ESMGFZ_EAM-90d_03h_2025_270F.asc,cf289ff79efa34ba7fd200b1d31dc5e14be3cd3115eb83ae04542d35d51f51e1,2025-09-26,7,60951.0,P,-1.3560813193233104e-05,-5.88e-05,4.523918680676689e-05
ESMGFZ_EAM-90d_03h_2025_270F.asc,cf289ff79efa34ba7fd200b1d31dc5e14be3cd3115eb83ae04542d35d51f51e1,2025-09-26,30,60974.0,P,-0.0003469412407715359,-0.0003169,-3.004124077153592e-05
ESMGFZ_EAM-90d_03h_2025_271F.asc,546a9ef7c7eae235a0c53461e0e9f58bcd24c2e55bfac43dd7bfdf838993ca90,2025-09-27,1,60946.0,P,-0.0006009949009774821,-0.0006362,3.52050990225179e-05
ESMGFZ_EAM-90d_03h_2025_271F.asc,546a9ef7c7eae235a0c53461e0e9f58bcd24c2e55bfac43dd7bfdf838993ca90,2025-09-27,3,60948.0,P,-0.0006801701510896145,-0.0007128,3.262984891038551e-05
ESMGFZ_EAM-90d_03h_2025_271F.asc,546a9ef7c7eae235a0c53461e0e9f58bcd24c2e55bfac43dd7bfdf838993ca90,2025-09-27,7,60952.0,P,0.0002572572641559313,0.0002146,4.265726415593127e-05
ESMGFZ_EAM-90d_03h_2025_271F.asc,546a9ef7c7eae235a0c53461e0e9f58bcd24c2e55bfac43dd7bfdf838993ca90,2025-09-27,30,60975.0,P,-0.00034649493007572296,-0.0003306,-1.5894930075722948e-05
ESMGFZ_EAM-90d_03h_2025_272F.asc,f0ca5cd775780af57deffe45eb9f1dee71183ec0bdca574d10ec4a66868f97e3,2025-09-28,1,60947.0,P,-0.0006891269514531092,-0.0007171,2.797304854689083e-05
ESMGFZ_EAM-90d_03h_2025_272F.asc,f0ca5cd775780af57deffe45eb9f1dee71183ec0bdca574d10ec4a66868f97e3,2025-09-28,3,60949.0,P,-0.0004932444830088769,-0.0005456,5.235551699112311e-05
ESMGFZ_EAM-90d_03h_2025_272F.asc,f0ca5cd775780af57deffe45eb9f1dee71183ec0bdca574d10ec4a66868f97e3,2025-09-28,7,60953.0,P,0.0004368414691721365,0.0004384,-1.5585308278634642e-06
ESMGFZ_EAM-90d_03h_2025_272F.asc,f0ca5cd775780af57deffe45eb9f1dee71183ec0bdca574d10ec4a66868f97e3,2025-09-28,30,60976.0,P,-0.00024699480294840183,-0.0001982,-4.879480294840184e-05
ESMGFZ_EAM-90d_03h_2025_273F.asc,215c10a22764338dfb6c4b30e396f42f1fb62c4b0ac0fe405b8ee36aa95594d3,2025-09-29,1,60948.0,P,-0.0006720296497456529,-0.0007128,4.0770350254347096e-05
ESMGFZ_EAM-90d_03h_2025_273F.asc,215c10a22764338dfb6c4b30e396f42f1fb62c4b0ac0fe405b8ee36aa95594d3,2025-09-29,3,60950.0,P,-0.000314170496378094,-0.0003124,-1.7704963780940152e-06
ESMGFZ_EAM-90d_03h_2025_273F.asc,215c10a22764338dfb6c4b30e396f42f1fb62c4b0ac0fe405b8ee36aa95594d3,2025-09-29,7,60954.0,P,0.000545486291973738,0.0005434,2.0862919737380404e-06
ESMGFZ_EAM-90d_03h_2025_273F.asc,215c10a22764338dfb6c4b30e396f42f1fb62c4b0ac0fe405b8ee36aa95594d3,2025-09-29,30,60977.0,P,-9.50390535377916e-05,1.28e-05,-0.0001078390535377916
ESMGFZ_EAM-90d_03h_2025_274F.asc,78087f42d93f3bdc0f8171f66263d4f7a141707a651d7bb537c5c216b11c3098,2025-09-30,1,60949.0,P,-0.0005304479050535095,-0.0005456,1.5152094946490496e-05
ESMGFZ_EAM-90d_03h_2025_274F.asc,78087f42d93f3bdc0f8171f66263d4f7a141707a651d7bb537c5c216b11c3098,2025-09-30,3,60951.0,P,-7.098442377219184e-05,-5.88e-05,-1.2184423772191841e-05
ESMGFZ_EAM-90d_03h_2025_274F.asc,78087f42d93f3bdc0f8171f66263d4f7a141707a651d7bb537c5c216b11c3098,2025-09-30,7,60955.0,P,0.0005695008895940394,0.0005175,5.2000889594039455e-05
ESMGFZ_EAM-90d_03h_2025_274F.asc,78087f42d93f3bdc0f8171f66263d4f7a141707a651d7bb537c5c216b11c3098,2025-09-30,30,60978.0,P,0.000129706321531935,0.0002902,-0.000160493678468065
ESMGFZ_EAM-90d_03h_2025_275F.asc,8a41e2fddc940d3b20b88c29b7ac4d2249030522f1825f382498a252be37eada,2025-10-01,1,60950.0,P,-0.0003397476779571742,-0.0003124,-2.7347677957174172e-05
ESMGFZ_EAM-90d_03h_2025_275F.asc,8a41e2fddc940d3b20b88c29b7ac4d2249030522f1825f382498a252be37eada,2025-10-01,3,60952.0,P,0.0001764424483557129,0.0002146,-3.8157551644287115e-05
ESMGFZ_EAM-90d_03h_2025_275F.asc,8a41e2fddc940d3b20b88c29b7ac4d2249030522f1825f382498a252be37eada,2025-10-01,7,60956.0,P,0.000352518329232987,0.0003512,1.318329232987e-06
ESMGFZ_EAM-90d_03h_2025_275F.asc,8a41e2fddc940d3b20b88c29b7ac4d2249030522f1825f382498a252be37eada,2025-10-01,30,60979.0,P,0.00039707851618339565,0.0006107,-0.0002136214838166044
ESMGFZ_EAM-90d_03h_2025_276F.asc,b61efaae3d62f943dc3963ea438162a05f571b4dfd774cf36cdf881834db8856,2025-10-02,1,60951.0,P,-7.441958593948345e-05,-5.88e-05,-1.561958593948345e-05
ESMGFZ_EAM-90d_03h_2025_276F.asc,b61efaae3d62f943dc3963ea438162a05f571b4dfd774cf36cdf881834db8856,2025-10-02,3,60953.0,P,0.00041767591181916136,0.0004384,-2.072408818083862e-05
ESMGFZ_EAM-90d_03h_2025_276F.asc,b61efaae3d62f943dc3963ea438162a05f571b4dfd774cf36cdf881834db8856,2025-10-02,7,60957.0,P,1.3590119645648488e-06,6.29e-05,-6.154098803543515e-05
ESMGFZ_EAM-90d_03h_2025_276F.asc,b61efaae3d62f943dc3963ea438162a05f571b4dfd774cf36cdf881834db8856,2025-10-02,30,60980.0,P,0.0006626256931360646,0.000862,-0.0001993743068639354
ESMGFZ_EAM-90d_03h_2025_277F.asc,5cede7de48ee05fd9b1e36d81ad1deb4b0723fd2439bb3127bdb616878cf1765,2025-10-03,1,60952.0,P,0.0002176586321864245,0.0002146,3.0586321864244765e-06
ESMGFZ_EAM-90d_03h_2025_277F.asc,5cede7de48ee05fd9b1e36d81ad1deb4b0723fd2439bb3127bdb616878cf1765,2025-10-03,3,60954.0,P,0.0005243062801074315,0.0005434,-1.909371989256849e-05
ESMGFZ_EAM-90d_03h_2025_277F.asc,5cede7de48ee05fd9b1e36d81ad1deb4b0723fd2439bb3127bdb616878cf1765,2025-10-03,7,60958.0,P,-0.0002515864479495284,-0.0002474,-4.186447949528426e-06
ESMGFZ_EAM-90d_03h_2025_277F.asc,5cede7de48ee05fd9b1e36d81ad1deb4b0723fd2439bb3127bdb616878cf1765,2025-10-03,30,60981.0,P,0.0008848992151551805,0.0010131,-0.00012820078484481953
ESMGFZ_EAM-90d_03h_2025_278F.asc,6c0f7591f72c5aa602cc632f1a0c93aede2aed1cd0045447c6688e3f3ae68b3f,2025-10-04,1,60953.0,P,0.00043805060133387706,0.0004384,-3.493986661229202e-07
ESMGFZ_EAM-90d_03h_2025_278F.asc,6c0f7591f72c5aa602cc632f1a0c93aede2aed1cd0045447c6688e3f3ae68b3f,2025-10-04,3,60955.0,P,0.000518931023148726,0.0005175,1.43102314872608e-06
ESMGFZ_EAM-90d_03h_2025_278F.asc,6c0f7591f72c5aa602cc632f1a0c93aede2aed1cd0045447c6688e3f3ae68b3f,2025-10-04,7,60959.0,P,-0.000540966525536437,-0.0005213,-1.9666525536436957e-05
ESMGFZ_EAM-90d_03h_2025_278F.asc,6c0f7591f72c5aa602cc632f1a0c93aede2aed1cd0045447c6688e3f3ae68b3f,2025-10-04,30,60982.0,P,0.0009808052291788876,0.0010996,-0.00011879477082111243
ESMGFZ_EAM-90d_03h_2025_279F.asc,470a78dc5cb3661f18f71f8cd4cef18db128942024d38ece17423cb0bceffb5d,2025-10-05,1,60954.0,P,0.000545948585502515,0.0005434,2.548585502515073e-06
ESMGFZ_EAM-90d_03h_2025_279F.asc,470a78dc5cb3661f18f71f8cd4cef18db128942024d38ece17423cb0bceffb5d,2025-10-05,3,60956.0,P,0.0003570289601144424,0.0003512,5.8289601144423625e-06
ESMGFZ_EAM-90d_03h_2025_279F.asc,470a78dc5cb3661f18f71f8cd4cef18db128942024d38ece17423cb0bceffb5d,2025-10-05,7,60960.0,P,-0.0005967858302547882,-0.0006903,9.351416974521186e-05
ESMGFZ_EAM-90d_03h_2025_279F.asc,470a78dc5cb3661f18f71f8cd4cef18db128942024d38ece17423cb0bceffb5d,2025-10-05,30,60983.0,P,0.0008929688175731058,0.001013,-0.00012003118242689416
ESMGFZ_EAM-90d_03h_2025_280F.asc,75a16a8133bdd16790bb1c4ef6697eb09abae71005eced5d31fee8515be99e3a,2025-10-07,1,60956.0,P,0.00037697638519241947,0.0003512,2.5776385192419443e-05
ESMGFZ_EAM-90d_03h_2025_280F.asc,75a16a8133bdd16790bb1c4ef6697eb09abae71005eced5d31fee8515be99e3a,2025-10-07,3,60958.0,P,-0.00022338001221613204,-0.0002474,2.4019987783867954e-05
ESMGFZ_EAM-90d_03h_2025_280F.asc,75a16a8133bdd16790bb1c4ef6697eb09abae71005eced5d31fee8515be99e3a,2025-10-07,7,60962.0,P,-0.0005684247587634543,-0.0005812,1.277524123654574e-05
ESMGFZ_EAM-90d_03h_2025_280F.asc,75a16a8133bdd16790bb1c4ef6697eb09abae71005eced5d31fee8515be99e3a,2025-10-07,30,60985.0,P,0.00035286974710335283,0.0004714,-0.00011853025289664719
ESMGFZ_EAM-90d_03h_2025_282F.asc,54b9efbbe9f39310669153502851fd0597cc0a56d2d268ce63cf278c059f2d14,2025-10-08,1,60957.0,P,9.328196032329424e-05,6.29e-05,3.038196032329424e-05
ESMGFZ_EAM-90d_03h_2025_282F.asc,54b9efbbe9f39310669153502851fd0597cc0a56d2d268ce63cf278c059f2d14,2025-10-08,3,60959.0,P,-0.0005337886762965707,-0.0005213,-1.2488676296570672e-05
ESMGFZ_EAM-90d_03h_2025_282F.asc,54b9efbbe9f39310669153502851fd0597cc0a56d2d268ce63cf278c059f2d14,2025-10-08,7,60963.0,P,-0.00036727003160883333,-0.0003745,7.229968391166662e-06
ESMGFZ_EAM-90d_03h_2025_282F.asc,54b9efbbe9f39310669153502851fd0597cc0a56d2d268ce63cf278c059f2d14,2025-10-08,30,60986.0,P,6.201467449190557e-05,0.0001782,-0.00011618532550809442
ESMGFZ_EAM-90d_03h_2025_283F.asc,ec8359d475251b68195068ce0c795c606aaca5596c1151bdd0552e6e66dab0fe,2025-10-09,1,60958.0,P,-0.00024446848974768145,-0.0002474,2.9315102523185498e-06
ESMGFZ_EAM-90d_03h_2025_283F.asc,ec8359d475251b68195068ce0c795c606aaca5596c1151bdd0552e6e66dab0fe,2025-10-09,3,60960.0,P,-0.0006963670000361156,-0.0006903,-6.0670000361155415e-06
ESMGFZ_EAM-90d_03h_2025_283F.asc,ec8359d475251b68195068ce0c795c606aaca5596c1151bdd0552e6e66dab0fe,2025-10-09,7,60964.0,P,-0.00013342066148896517,-0.0001503,1.687933851103482e-05
ESMGFZ_EAM-90d_03h_2025_283F.asc,ec8359d475251b68195068ce0c795c606aaca5596c1151bdd0552e6e66dab0fe,2025-10-09,30,60987.0,P,-0.00012136581164142016,-8e-06,-0.00011336581164142015
ESMGFZ_EAM-90d_03h_2025_284F.asc,61508e032cec8001b01caf910eaa3e44055e33dd87c762032b3bbb95e599a0fb,2025-10-11,1,60960.0,P,-0.0006840925540353253,-0.0006903,6.207445964674738e-06
ESMGFZ_EAM-90d_03h_2025_284F.asc,61508e032cec8001b01caf910eaa3e44055e33dd87c762032b3bbb95e599a0fb,2025-10-11,3,60962.0,P,-0.0006007506833784574,-0.0005812,-1.9550683378457352e-05
ESMGFZ_EAM-90d_03h_2025_284F.asc,61508e032cec8001b01caf910eaa3e44055e33dd87c762032b3bbb95e599a0fb,2025-10-11,7,60966.0,P,0.00023939236126664296,0.0002434,-4.007638733357049e-06
ESMGFZ_EAM-90d_03h_2025_284F.asc,61508e032cec8001b01caf910eaa3e44055e33dd87c762032b3bbb95e599a0fb,2025-10-11,30,60989.0,P,-5.989436990099217e-05,7.4e-05,-0.00013389436990099218
ESMGFZ_EAM-90d_03h_2025_286F.asc,32f369d451e952619de06adf5d240f2181818b6aa61724e99b05c6838ee1d810,2025-10-12,1,60961.0,P,-0.0006849956575353804,-0.0007032,1.820434246461956e-05
ESMGFZ_EAM-90d_03h_2025_286F.asc,32f369d451e952619de06adf5d240f2181818b6aa61724e99b05c6838ee1d810,2025-10-12,3,60963.0,P,-0.0003631480662996191,-0.0003745,1.1351933700380894e-05
ESMGFZ_EAM-90d_03h_2025_286F.asc,32f369d451e952619de06adf5d240f2181818b6aa61724e99b05c6838ee1d810,2025-10-12,7,60967.0,P,0.0003170411511101091,0.0003187,-1.6588488898909202e-06
ESMGFZ_EAM-90d_03h_2025_286F.asc,32f369d451e952619de06adf5d240f2181818b6aa61724e99b05c6838ee1d810,2025-10-12,30,60990.0,P,0.00013406188220978026,0.0002927,-0.00015863811779021975
ESMGFZ_EAM-90d_03h_2025_287F.asc,5c29d213a98dffa1c925815cca640f0f012e3d82052193cfe0abc34560be23a6,2025-10-13,1,60962.0,P,-0.000548201175529322,-0.0005812,3.299882447067805e-05
ESMGFZ_EAM-90d_03h_2025_287F.asc,5c29d213a98dffa1c925815cca640f0f012e3d82052193cfe0abc34560be23a6,2025-10-13,3,60964.0,P,-0.00010556511172572574,-0.0001503,4.4734888274274254e-05
ESMGFZ_EAM-90d_03h_2025_287F.asc,5c29d213a98dffa1c925815cca640f0f012e3d82052193cfe0abc34560be23a6,2025-10-13,7,60968.0,P,0.00031322451647819655,0.0003183,-5.075483521803435e-06
ESMGFZ_EAM-90d_03h_2025_287F.asc,5c29d213a98dffa1c925815cca640f0f012e3d82052193cfe0abc34560be23a6,2025-10-13,30,60991.0,P,0.0003426680964474623,0.0004666,-0.00012393190355253772
ESMGFZ_EAM-90d_03h_2025_288F.asc,9f32f009eda857cf5952e13255badde089a455ac6e685009241272f2cf2a11f1,2025-10-14,1,60963.0,P,-0.0003467060020945726,-0.0003745,2.7793997905427423e-05
ESMGFZ_EAM-90d_03h_2025_288F.asc,9f32f009eda857cf5952e13255badde089a455ac6e685009241272f2cf2a11f1,2025-10-14,3,60965.0,P,0.00010626112757931974,8.82e-05,1.8061127579319737e-05
ESMGFZ_EAM-90d_03h_2025_288F.asc,9f32f009eda857cf5952e13255badde089a455ac6e685009241272f2cf2a11f1,2025-10-14,7,60969.0,P,0.00023262637564682446,0.0002587,-2.6073624353175544e-05
ESMGFZ_EAM-90d_03h_2025_288F.asc,9f32f009eda857cf5952e13255badde089a455ac6e685009241272f2cf2a11f1,2025-10-14,30,60992.0,P,0.0005084994421329693,0.0005895,-8.100055786703069e-05
ESMGFZ_EAM-90d_03h_2025_289F.asc,2e129939c6a6bbbdca18064f5a555c251ff5d4495c83d5555f8b4f77e2883d11,2025-10-15,1,60964.0,P,-0.00012727868123473503,-0.0001503,2.3021318765264966e-05
ESMGFZ_EAM-90d_03h_2025_289F.asc,2e129939c6a6bbbdca18064f5a555c251ff5d4495c83d5555f8b4f77e2883d11,2025-10-15,3,60966.0,P,0.00023012730701863887,0.0002434,-1.3272692981361142e-05
ESMGFZ_EAM-90d_03h_2025_289F.asc,2e129939c6a6bbbdca18064f5a555c251ff5d4495c83d5555f8b4f77e2883d11,2025-10-15,7,60970.0,P,0.0001380995794827893,0.0001477,-9.600420517210723e-06
ESMGFZ_EAM-90d_03h_2025_289F.asc,2e129939c6a6bbbdca18064f5a555c251ff5d4495c83d5555f8b4f77e2883d11,2025-10-15,30,60993.0,P,0.0006201823644232286,0.0007333,-0.00011311763557677137
ESMGFZ_EAM-90d_03h_2025_290F.asc,3a37f40eac0d3279736a1e5c426bd0452d9aaaac5af8b2534d7fe426765a57ec,2025-10-16,1,60965.0,P,0.00011443672604576467,8.82e-05,2.6236726045764672e-05
ESMGFZ_EAM-90d_03h_2025_290F.asc,3a37f40eac0d3279736a1e5c426bd0452d9aaaac5af8b2534d7fe426765a57ec,2025-10-16,3,60967.0,P,0.00034246413857375507,0.0003187,2.3764138573755076e-05
ESMGFZ_EAM-90d_03h_2025_290F.asc,3a37f40eac0d3279736a1e5c426bd0452d9aaaac5af8b2534d7fe426765a57ec,2025-10-16,7,60971.0,P,-3.3610464902385034e-05,4.66e-05,-8.021046490238503e-05
ESMGFZ_EAM-90d_03h_2025_290F.asc,3a37f40eac0d3279736a1e5c426bd0452d9aaaac5af8b2534d7fe426765a57ec,2025-10-16,30,60994.0,P,0.0006440076422603739,0.000776,-0.00013199235773962606
ESMGFZ_EAM-90d_03h_2025_291F.asc,7f6a5ade195c43eaea271d9e2bf12c2be304e220738d662287e4f5791a63ef5f,2025-10-17,1,60966.0,P,0.00024082876553211936,0.0002434,-2.571234467880644e-06
ESMGFZ_EAM-90d_03h_2025_291F.asc,7f6a5ade195c43eaea271d9e2bf12c2be304e220738d662287e4f5791a63ef5f,2025-10-17,3,60968.0,P,0.0003255672322393872,0.0003183,7.2672322393872095e-06
ESMGFZ_EAM-90d_03h_2025_291F.asc,7f6a5ade195c43eaea271d9e2bf12c2be304e220738d662287e4f5791a63ef5f,2025-10-17,7,60972.0,P,-0.00012935017564416417,-4.39e-05,-8.545017564416416e-05
ESMGFZ_EAM-90d_03h_2025_291F.asc,7f6a5ade195c43eaea271d9e2bf12c2be304e220738d662287e4f5791a63ef5f,2025-10-17,30,60995.0,P,0.0005979195622296874,0.0006775,-7.958043777031262e-05
ESMGFZ_EAM-90d_03h_2025_292F.asc,cbe0b4b5e4b388d4ff86ea3a35eecc26b97b3c02ddcea418bbb9aa11db2316e0,2025-10-18,1,60967.0,P,0.0003615944756844932,0.0003187,4.289447568449318e-05
ESMGFZ_EAM-90d_03h_2025_292F.asc,cbe0b4b5e4b388d4ff86ea3a35eecc26b97b3c02ddcea418bbb9aa11db2316e0,2025-10-18,3,60969.0,P,0.0002716569152761977,0.0002587,1.2956915276197717e-05
ESMGFZ_EAM-90d_03h_2025_292F.asc,cbe0b4b5e4b388d4ff86ea3a35eecc26b97b3c02ddcea418bbb9aa11db2316e0,2025-10-18,7,60973.0,P,-0.00021773889430886354,-0.0001949,-2.283889430886355e-05
ESMGFZ_EAM-90d_03h_2025_292F.asc,cbe0b4b5e4b388d4ff86ea3a35eecc26b97b3c02ddcea418bbb9aa11db2316e0,2025-10-18,30,60996.0,P,0.00047779347567341625,0.0005307,-5.29065243265838e-05
ESMGFZ_EAM-90d_03h_2025_293F.asc,144e2c30e02fa4da487c78a36351cd0fbbf12819553a6372f4ed270658962302,2025-10-19,1,60968.0,P,0.0003340815646915803,0.0003183,1.578156469158031e-05
ESMGFZ_EAM-90d_03h_2025_293F.asc,144e2c30e02fa4da487c78a36351cd0fbbf12819553a6372f4ed270658962302,2025-10-19,3,60970.0,P,0.00014577887661686699,0.0001477,-1.9211233831330264e-06
ESMGFZ_EAM-90d_03h_2025_293F.asc,144e2c30e02fa4da487c78a36351cd0fbbf12819553a6372f4ed270658962302,2025-10-19,7,60974.0,P,-0.0003179005492317119,-0.0003169,-1.0005492317118926e-06
ESMGFZ_EAM-90d_03h_2025_293F.asc,144e2c30e02fa4da487c78a36351cd0fbbf12819553a6372f4ed270658962302,2025-10-19,30,60997.0,P,0.000323076320297826,0.0003328,-9.723679702173995e-06
ESMGFZ_EAM-90d_03h_2025_294F.asc,39784c6033dc0037f0e6e1194f64c58d9b031b8224681f56b38a46b48fbffb06,2025-10-20,1,60969.0,P,0.00025587583915055506,0.0002587,-2.824160849444941e-06
ESMGFZ_EAM-90d_03h_2025_294F.asc,39784c6033dc0037f0e6e1194f64c58d9b031b8224681f56b38a46b48fbffb06,2025-10-20,3,60971.0,P,2.3239308107664503e-05,4.66e-05,-2.33606918923355e-05
ESMGFZ_EAM-90d_03h_2025_294F.asc,39784c6033dc0037f0e6e1194f64c58d9b031b8224681f56b38a46b48fbffb06,2025-10-20,7,60975.0,P,-0.0003401142168185004,-0.0003306,-9.5142168185004e-06
ESMGFZ_EAM-90d_03h_2025_294F.asc,39784c6033dc0037f0e6e1194f64c58d9b031b8224681f56b38a46b48fbffb06,2025-10-20,30,60998.0,P,0.00012304061480654643,0.000162,-3.895938519345358e-05
ESMGFZ_EAM-90d_03h_2025_295F.asc,964ac21f399674afc2073e475fe2f3d506c7dd0376ebf66e573afd23958547a3,2025-10-21,1,60970.0,P,0.00011109641381086118,0.0001477,-3.660358618913883e-05
ESMGFZ_EAM-90d_03h_2025_295F.asc,964ac21f399674afc2073e475fe2f3d506c7dd0376ebf66e573afd23958547a3,2025-10-21,3,60972.0,P,-0.00013417880903683507,-4.39e-05,-9.027880903683506e-05
ESMGFZ_EAM-90d_03h_2025_295F.asc,964ac21f399674afc2073e475fe2f3d506c7dd0376ebf66e573afd23958547a3,2025-10-21,7,60976.0,P,-0.00028268058306617444,-0.0001982,-8.448058306617445e-05
ESMGFZ_EAM-90d_03h_2025_295F.asc,964ac21f399674afc2073e475fe2f3d506c7dd0376ebf66e573afd23958547a3,2025-10-21,30,60999.0,P,-6.996914996951036e-05,1.11e-05,-8.106914996951035e-05
ESMGFZ_EAM-90d_03h_2025_296F.asc,c83dea3e97760784ec7bcd8f4519dbc7c4d9eb7b3033ef81735778b003b9d3b8,2025-10-22,1,60971.0,P,5.252400340423279e-05,4.66e-05,5.924003404232787e-06
ESMGFZ_EAM-90d_03h_2025_296F.asc,c83dea3e97760784ec7bcd8f4519dbc7c4d9eb7b3033ef81735778b003b9d3b8,2025-10-22,3,60973.0,P,-0.00022862377502005585,-0.0001949,-3.372377502005585e-05
ESMGFZ_EAM-90d_03h_2025_296F.asc,c83dea3e97760784ec7bcd8f4519dbc7c4d9eb7b3033ef81735778b003b9d3b8,2025-10-22,7,60977.0,P,-1.9495402715546636e-05,1.28e-05,-3.2295402715546635e-05
ESMGFZ_EAM-90d_03h_2025_296F.asc,c83dea3e97760784ec7bcd8f4519dbc7c4d9eb7b3033ef81735778b003b9d3b8,2025-10-22,30,61000.0,P,-0.00021904512616999742,-0.0001287,-9.034512616999741e-05
ESMGFZ_EAM-90d_03h_2025_297F.asc,96a940de09fc43e70c5c2530c2212139da5363ff436828547957de6a59eeecc0,2025-10-23,1,60972.0,P,-0.00012169531426279207,-4.39e-05,-7.779531426279206e-05
ESMGFZ_EAM-90d_03h_2025_297F.asc,96a940de09fc43e70c5c2530c2212139da5363ff436828547957de6a59eeecc0,2025-10-23,3,60974.0,P,-0.0003740911153912971,-0.0003169,-5.7191115391297105e-05
ESMGFZ_EAM-90d_03h_2025_297F.asc,96a940de09fc43e70c5c2530c2212139da5363ff436828547957de6a59eeecc0,2025-10-23,7,60978.0,P,0.0002983499890990783,0.0002902,8.149989099078296e-06
ESMGFZ_EAM-90d_03h_2025_297F.asc,96a940de09fc43e70c5c2530c2212139da5363ff436828547957de6a59eeecc0,2025-10-23,30,61001.0,P,-0.0002985198137550718,-0.0002142,-8.431981375507181e-05
ESMGFZ_EAM-90d_03h_2025_298F.asc,3763fd592724466013229bcaf93eecf72f515784f11fb499db9026388e53b8ab,2025-10-24,1,60973.0,P,-0.00016046534338014695,-0.0001949,3.443465661985304e-05
ESMGFZ_EAM-90d_03h_2025_298F.asc,3763fd592724466013229bcaf93eecf72f515784f11fb499db9026388e53b8ab,2025-10-24,3,60975.0,P,-0.0002964628172355063,-0.0003306,3.41371827644937e-05
ESMGFZ_EAM-90d_03h_2025_298F.asc,3763fd592724466013229bcaf93eecf72f515784f11fb499db9026388e53b8ab,2025-10-24,7,60979.0,P,0.0006563620221703405,0.0006107,4.566202217034046e-05
ESMGFZ_EAM-90d_03h_2025_298F.asc,3763fd592724466013229bcaf93eecf72f515784f11fb499db9026388e53b8ab,2025-10-24,30,61002.0,P,-0.000339066764102653,-0.0002296,-0.00010946676410265302
ESMGFZ_EAM-90d_03h_2025_299F.asc,6f7701e141118efdad6bc298e88c5b3977d8fe77a264c032b7008b4224e34e22,2025-10-25,1,60974.0,P,-0.00036605625028816017,-0.0003169,-4.915625028816017e-05
ESMGFZ_EAM-90d_03h_2025_299F.asc,6f7701e141118efdad6bc298e88c5b3977d8fe77a264c032b7008b4224e34e22,2025-10-25,3,60976.0,P,-0.00022260000120777638,-0.0001982,-2.440000120777639e-05
ESMGFZ_EAM-90d_03h_2025_299F.asc,6f7701e141118efdad6bc298e88c5b3977d8fe77a264c032b7008b4224e34e22,2025-10-25,7,60980.0,P,0.0009847245893779292,0.000862,0.00012272458937792922
ESMGFZ_EAM-90d_03h_2025_299F.asc,6f7701e141118efdad6bc298e88c5b3977d8fe77a264c032b7008b4224e34e22,2025-10-25,30,61003.0,P,-0.0002850854417375839,-0.0001753,-0.00010978544173758387
ESMGFZ_EAM-90d_03h_2025_300F.asc,f7dcac1f263174ae5487069a821967309bd4fb256409ccac01a76a62f3fe3de5,2025-10-26,1,60975.0,P,-0.00027606642611660586,-0.0003306,5.453357388339415e-05
ESMGFZ_EAM-90d_03h_2025_300F.asc,f7dcac1f263174ae5487069a821967309bd4fb256409ccac01a76a62f3fe3de5,2025-10-26,3,60977.0,P,-4.799745677639528e-07,1.28e-05,-1.3279974567763952e-05
ESMGFZ_EAM-90d_03h_2025_300F.asc,f7dcac1f263174ae5487069a821967309bd4fb256409ccac01a76a62f3fe3de5,2025-10-26,7,60981.0,P,0.0011731360008367044,0.0010131,0.0001600360008367043
ESMGFZ_EAM-90d_03h_2025_300F.asc,f7dcac1f263174ae5487069a821967309bd4fb256409ccac01a76a62f3fe3de5,2025-10-26,30,61004.0,P,-0.00014879527726330402,4.62e-05,-0.000194995277263304
ESMGFZ_EAM-90d_03h_2025_301F.asc,dc5419f53b3fb24f6c230f74c5d94fa9aac1a583b1fc2b6114b1414a20907934,2025-10-27,1,60976.0,P,-0.00018055151637644322,-0.0001982,1.7648483623556774e-05
ESMGFZ_EAM-90d_03h_2025_301F.asc,dc5419f53b3fb24f6c230f74c5d94fa9aac1a583b1fc2b6114b1414a20907934,2025-10-27,3,60978.0,P,0.00030584564359391277,0.0002902,1.564564359391276e-05
ESMGFZ_EAM-90d_03h_2025_301F.asc,dc5419f53b3fb24f6c230f74c5d94fa9aac1a583b1fc2b6114b1414a20907934,2025-10-27,7,60982.0,P,0.0011363510774913493,0.0010996,3.675107749134929e-05
ESMGFZ_EAM-90d_03h_2025_301F.asc,dc5419f53b3fb24f6c230f74c5d94fa9aac1a583b1fc2b6114b1414a20907934,2025-10-27,30,61005.0,P,4.3194628564161366e-05,0.0002615,-0.00021830537143583865
ESMGFZ_EAM-90d_03h_2025_302F.asc,ba84747aece8a71a0594acaaf23447cbffbc313a4d857536123a6754def8b94b,2025-10-28,1,60977.0,P,-1.2638119828713287e-05,1.28e-05,-2.5438119828713286e-05
ESMGFZ_EAM-90d_03h_2025_302F.asc,ba84747aece8a71a0594acaaf23447cbffbc313a4d857536123a6754def8b94b,2025-10-28,3,60979.0,P,0.0005888885061318331,0.0006107,-2.18114938681669e-05
ESMGFZ_EAM-90d_03h_2025_302F.asc,ba84747aece8a71a0594acaaf23447cbffbc313a4d857536123a6754def8b94b,2025-10-28,7,60983.0,P,0.0009573559523728759,0.001013,-5.5644047627124125e-05
ESMGFZ_EAM-90d_03h_2025_302F.asc,ba84747aece8a71a0594acaaf23447cbffbc313a4d857536123a6754def8b94b,2025-10-28,30,61006.0,P,0.00026422144041082405,0.0005561,-0.00029187855958917597
ESMGFZ_EAM-90d_03h_2025_303F.asc,3416da995a578e4e233cbf137b0672ef4711b3ddacfd25a930299cb71ce055c9,2025-10-29,1,60978.0,P,0.0003240883636774751,0.0002902,3.388836367747511e-05
ESMGFZ_EAM-90d_03h_2025_303F.asc,3416da995a578e4e233cbf137b0672ef4711b3ddacfd25a930299cb71ce055c9,2025-10-29,3,60980.0,P,0.0008734388767772129,0.000862,1.1438876777212907e-05
ESMGFZ_EAM-90d_03h_2025_303F.asc,3416da995a578e4e233cbf137b0672ef4711b3ddacfd25a930299cb71ce055c9,2025-10-29,7,60984.0,P,0.0006938639746277542,0.0007597,-6.583602537224575e-05
ESMGFZ_EAM-90d_03h_2025_303F.asc,3416da995a578e4e233cbf137b0672ef4711b3ddacfd25a930299cb71ce055c9,2025-10-29,30,61007.0,P,0.0005076368477908724,0.0008557,-0.0003480631522091276
ESMGFZ_EAM-90d_03h_2025_304F.asc,93ea4ccd79bcd9d4d2d3ed7a3856373c4e6a8b90e584a25c314a55afbc4d5ce4,2025-10-30,1,60979.0,P,0.0006039892846362296,0.0006107,-6.71071536377044e-06
ESMGFZ_EAM-90d_03h_2025_304F.asc,93ea4ccd79bcd9d4d2d3ed7a3856373c4e6a8b90e584a25c314a55afbc4d5ce4,2025-10-30,3,60981.0,P,0.0010414711049475797,0.0010131,2.8371104947579615e-05
ESMGFZ_EAM-90d_03h_2025_304F.asc,93ea4ccd79bcd9d4d2d3ed7a3856373c4e6a8b90e584a25c314a55afbc4d5ce4,2025-10-30,7,60985.0,P,0.0004567223251749373,0.0004714,-1.4677674825062741e-05
ESMGFZ_EAM-90d_03h_2025_304F.asc,93ea4ccd79bcd9d4d2d3ed7a3856373c4e6a8b90e584a25c314a55afbc4d5ce4,2025-10-30,30,61008.0,P,0.0007279155169520538,0.0010553,-0.00032738448304794605
ESMGFZ_EAM-90d_03h_2025_305F.asc,a33bf9ae73fd247de08349f29f53b9a1906c1e6fe4d4a36351ffbab66f171124,2025-10-31,1,60980.0,P,0.0008794656064487906,0.000862,1.7465606448790528e-05
ESMGFZ_EAM-90d_03h_2025_305F.asc,a33bf9ae73fd247de08349f29f53b9a1906c1e6fe4d4a36351ffbab66f171124,2025-10-31,3,60982.0,P,0.0011196150322689304,0.0010996,2.001503226893033e-05
ESMGFZ_EAM-90d_03h_2025_305F.asc,a33bf9ae73fd247de08349f29f53b9a1906c1e6fe4d4a36351ffbab66f171124,2025-10-31,7,60986.0,P,0.00015598281895596954,0.0001782,-2.2217181044030456e-05
ESMGFZ_EAM-90d_03h_2025_305F.asc,a33bf9ae73fd247de08349f29f53b9a1906c1e6fe4d4a36351ffbab66f171124,2025-10-31,30,61009.0,P,0.0008543009723888877,0.0011535,-0.0002991990276111123
ESMGFZ_EAM-90d_03h_2025_306F.asc,a9cb57484846a3e593399b09595185195992bd36d6a25697e33310761c09cfbe,2025-11-01,1,60981.0,P,0.0010463480360367672,0.0010131,3.324803603676715e-05
ESMGFZ_EAM-90d_03h_2025_306F.asc,a9cb57484846a3e593399b09595185195992bd36d6a25697e33310761c09cfbe,2025-11-01,3,60983.0,P,0.0009986190178540165,0.001013,-1.43809821459835e-05
ESMGFZ_EAM-90d_03h_2025_306F.asc,a9cb57484846a3e593399b09595185195992bd36d6a25697e33310761c09cfbe,2025-11-01,7,60987.0,P,-5.6522787310895445e-05,-8e-06,-4.852278731089545e-05
ESMGFZ_EAM-90d_03h_2025_306F.asc,a9cb57484846a3e593399b09595185195992bd36d6a25697e33310761c09cfbe,2025-11-01,30,61010.0,P,0.0008352087097538131,0.0011018,-0.00026659129024618694
ESMGFZ_EAM-90d_03h_2025_307F.asc,b53dcfaf6a5b1c6c662f5176a722774ca947cec1a11f1f14ed7ac1a89024f26b,2025-11-02,1,60982.0,P,0.0011362551907076,0.0010996,3.6655190707599906e-05
ESMGFZ_EAM-90d_03h_2025_307F.asc,b53dcfaf6a5b1c6c662f5176a722774ca947cec1a11f1f14ed7ac1a89024f26b,2025-11-02,3,60984.0,P,0.000734801560202561,0.0007597,-2.4898439797439004e-05
ESMGFZ_EAM-90d_03h_2025_307F.asc,b53dcfaf6a5b1c6c662f5176a722774ca947cec1a11f1f14ed7ac1a89024f26b,2025-11-02,7,60988.0,P,-6.379702454588961e-05,-6.3e-05,-7.970245458896122e-07
ESMGFZ_EAM-90d_03h_2025_307F.asc,b53dcfaf6a5b1c6c662f5176a722774ca947cec1a11f1f14ed7ac1a89024f26b,2025-11-02,30,61011.0,P,0.0006831920761813447,0.0009389,-0.00025570792381865535
ESMGFZ_EAM-90d_03h_2025_308F.asc,4131cfbdd7de75a75f3b5058dde3f2c5f77f59d5da60e0e2c2bfa76d3c229819,2025-11-04,1,60984.0,P,0.0007365776410693931,0.0007597,-2.3122358930606902e-05
ESMGFZ_EAM-90d_03h_2025_308F.asc,4131cfbdd7de75a75f3b5058dde3f2c5f77f59d5da60e0e2c2bfa76d3c229819,2025-11-04,3,60986.0,P,0.0001600404749838465,0.0001782,-1.8159525016153504e-05
ESMGFZ_EAM-90d_03h_2025_308F.asc,4131cfbdd7de75a75f3b5058dde3f2c5f77f59d5da60e0e2c2bfa76d3c229819,2025-11-04,7,60990.0,P,0.0003309864069211065,0.0002927,3.828640692110646e-05
ESMGFZ_EAM-90d_03h_2025_308F.asc,4131cfbdd7de75a75f3b5058dde3f2c5f77f59d5da60e0e2c2bfa76d3c229819,2025-11-04,30,61013.0,P,0.00011913575264578936,0.000319,-0.00019986424735421064
ESMGFZ_EAM-90d_03h_2025_310F.asc,3682110582c5e57cfac12c97d41979f934eb897da8dd05855934a34394ff1d1a,2025-11-05,1,60985.0,P,0.0004934473677955293,0.0004714,2.2047367795529303e-05
ESMGFZ_EAM-90d_03h_2025_310F.asc,3682110582c5e57cfac12c97d41979f934eb897da8dd05855934a34394ff1d1a,2025-11-05,3,60987.0,P,-4.448996067378487e-05,-8e-06,-3.648996067378487e-05
ESMGFZ_EAM-90d_03h_2025_310F.asc,3682110582c5e57cfac12c97d41979f934eb897da8dd05855934a34394ff1d1a,2025-11-05,7,60991.0,P,0.0005522686916277722,0.0004666,8.566869162777215e-05
ESMGFZ_EAM-90d_03h_2025_310F.asc,3682110582c5e57cfac12c97d41979f934eb897da8dd05855934a34394ff1d1a,2025-11-05,30,61014.0,P,-0.00011471561111793863,1.85e-05,-0.00013321561111793862
ESMGFZ_EAM-90d_03h_2025_311F.asc,55ae3f605aad48882713c90b300e8dabf8a2d9499296af40ae29db22af261f22,2025-11-06,1,60986.0,P,0.0002062008375862209,0.0001782,2.8000837586220897e-05
ESMGFZ_EAM-90d_03h_2025_311F.asc,55ae3f605aad48882713c90b300e8dabf8a2d9499296af40ae29db22af261f22,2025-11-06,3,60988.0,P,-5.7747727799100745e-05,-6.3e-05,5.252272200899255e-06
ESMGFZ_EAM-90d_03h_2025_311F.asc,55ae3f605aad48882713c90b300e8dabf8a2d9499296af40ae29db22af261f22,2025-11-06,7,60992.0,P,0.0005864254101576808,0.0005895,-3.0745898423191302e-06
ESMGFZ_EAM-90d_03h_2025_311F.asc,55ae3f605aad48882713c90b300e8dabf8a2d9499296af40ae29db22af261f22,2025-11-06,30,61015.0,P,-0.0002088991758803871,-0.0001435,-6.53991758803871e-05
ESMGFZ_EAM-90d_03h_2025_312F.asc,811ed9a86e73550a2402828fc8af4ab7cc6881f986bbb2593bf56398275a1443,2025-11-07,1,60987.0,P,-2.9213467581436616e-05,-8e-06,-2.1213467581436618e-05
ESMGFZ_EAM-90d_03h_2025_312F.asc,811ed9a86e73550a2402828fc8af4ab7cc6881f986bbb2593bf56398275a1443,2025-11-07,3,60989.0,P,4.500041010721637e-05,7.4e-05,-2.8999589892783625e-05
ESMGFZ_EAM-90d_03h_2025_312F.asc,811ed9a86e73550a2402828fc8af4ab7cc6881f986bbb2593bf56398275a1443,2025-11-07,7,60993.0,P,0.0007177266004324273,0.0007333,-1.5573399567572668e-05
ESMGFZ_EAM-90d_03h_2025_312F.asc,811ed9a86e73550a2402828fc8af4ab7cc6881f986bbb2593bf56398275a1443,2025-11-07,30,61016.0,P,-0.00015858631205582102,-0.0001153,-4.328631205582102e-05
ESMGFZ_EAM-90d_03h_2025_313F.asc,38772d674e13185c27cd5389208eba66576d0d2fa721456c1225fe643693f844,2025-11-08,1,60988.0,P,-5.306811149100629e-05,-6.3e-05,9.931888508993712e-06
ESMGFZ_EAM-90d_03h_2025_313F.asc,38772d674e13185c27cd5389208eba66576d0d2fa721456c1225fe643693f844,2025-11-08,3,60990.0,P,0.00028119168215802454,0.0002927,-1.1508317841975476e-05
ESMGFZ_EAM-90d_03h_2025_313F.asc,38772d674e13185c27cd5389208eba66576d0d2fa721456c1225fe643693f844,2025-11-08,7,60994.0,P,0.0007551403074535298,0.000776,-2.0859692546470175e-05
ESMGFZ_EAM-90d_03h_2025_313F.asc,38772d674e13185c27cd5389208eba66576d0d2fa721456c1225fe643693f844,2025-11-08,30,61017.0,P,1.4040981774232381e-05,9.21e-05,-7.805901822576762e-05
ESMGFZ_EAM-90d_03h_2025_314F.asc,bbcd6728d7dce63922a23614293b18d743c6b1ebfb3f630176b4592e9d00c1d5,2025-11-09,1,60989.0,P,5.872126295281081e-05,7.4e-05,-1.527873704718919e-05
ESMGFZ_EAM-90d_03h_2025_314F.asc,bbcd6728d7dce63922a23614293b18d743c6b1ebfb3f630176b4592e9d00c1d5,2025-11-09,3,60991.0,P,0.00043544266897833336,0.0004666,-3.115733102166665e-05
ESMGFZ_EAM-90d_03h_2025_314F.asc,bbcd6728d7dce63922a23614293b18d743c6b1ebfb3f630176b4592e9d00c1d5,2025-11-09,7,60995.0,P,0.0007300167165175506,0.0006775,5.251671651755054e-05
ESMGFZ_EAM-90d_03h_2025_314F.asc,bbcd6728d7dce63922a23614293b18d743c6b1ebfb3f630176b4592e9d00c1d5,2025-11-09,30,61018.0,P,0.00023296889585167494,0.0003346,-0.00010163110414832506
ESMGFZ_EAM-90d_03h_2025_315F.asc,bda725207770d7adcbd5b8a652d7a3d1a1eb03d447b4b3a79b1c47c61eb52ab1,2025-11-10,1,60990.0,P,0.00030100210726593835,0.0002927,8.302107265938336e-06
ESMGFZ_EAM-90d_03h_2025_315F.asc,bda725207770d7adcbd5b8a652d7a3d1a1eb03d447b4b3a79b1c47c61eb52ab1,2025-11-10,3,60992.0,P,0.0005871783892629375,0.0005895,-2.3216107370624926e-06
ESMGFZ_EAM-90d_03h_2025_315F.asc,bda725207770d7adcbd5b8a652d7a3d1a1eb03d447b4b3a79b1c47c61eb52ab1,2025-11-10,7,60996.0,P,0.0005153359112239448,0.0005307,-1.5364088776055216e-05
ESMGFZ_EAM-90d_03h_2025_315F.asc,bda725207770d7adcbd5b8a652d7a3d1a1eb03d447b4b3a79b1c47c61eb52ab1,2025-11-10,30,61019.0,P,0.0004183126551523249,0.0004708,-5.248734484767509e-05
ESMGFZ_EAM-90d_03h_2025_316F.asc,bed35637d10ef8834a0d392eeebdf83704ceace893ff6a00d276d2ce044699df,2025-11-11,1,60991.0,P,0.0004458829597258433,0.0004666,-2.071704027415669e-05
ESMGFZ_EAM-90d_03h_2025_316F.asc,bed35637d10ef8834a0d392eeebdf83704ceace893ff6a00d276d2ce044699df,2025-11-11,3,60993.0,P,0.0007194805144628569,0.0007333,-1.3819485537143136e-05
ESMGFZ_EAM-90d_03h_2025_316F.asc,bed35637d10ef8834a0d392eeebdf83704ceace893ff6a00d276d2ce044699df,2025-11-11,7,60997.0,P,0.0003653963186512982,0.0003328,3.259631865129819e-05
ESMGFZ_EAM-90d_03h_2025_316F.asc,bed35637d10ef8834a0d392eeebdf83704ceace893ff6a00d276d2ce044699df,2025-11-11,30,61020.0,P,0.000531303980734804,0.0005123,1.900398073480399e-05
ESMGFZ_EAM-90d_03h_2025_317F.asc,43c34f4b603f73ffd900b0af03dbb32e1b65f4db5c595e7861b646f407a8300d,2025-11-12,1,60992.0,P,0.0006093400434338825,0.0005895,1.9840043433882494e-05
ESMGFZ_EAM-90d_03h_2025_317F.asc,43c34f4b603f73ffd900b0af03dbb32e1b65f4db5c595e7861b646f407a8300d,2025-11-12,3,60994.0,P,0.0007492498054848465,0.000776,-2.6750194515153523e-05
ESMGFZ_EAM-90d_03h_2025_317F.asc,43c34f4b603f73ffd900b0af03dbb32e1b65f4db5c595e7861b646f407a8300d,2025-11-12,7,60998.0,P,0.00013823629198440738,0.000162,-2.376370801559263e-05
ESMGFZ_EAM-90d_03h_2025_317F.asc,43c34f4b603f73ffd900b0af03dbb32e1b65f4db5c595e7861b646f407a8300d,2025-11-12,30,61021.0,P,0.0005655300774665114,0.0004739,9.163007746651133e-05
ESMGFZ_EAM-90d_03h_2025_318F.asc,248fc6ff6dea7a7487e29d08cb816548f38970912dcbe9276219eb23e02bd9d2,2025-11-13,1,60993.0,P,0.000734968694360242,0.0007333,1.668694360241964e-06
ESMGFZ_EAM-90d_03h_2025_318F.asc,248fc6ff6dea7a7487e29d08cb816548f38970912dcbe9276219eb23e02bd9d2,2025-11-13,3,60995.0,P,0.0006659132350037298,0.0006775,-1.1586764996270277e-05
ESMGFZ_EAM-90d_03h_2025_318F.asc,248fc6ff6dea7a7487e29d08cb816548f38970912dcbe9276219eb23e02bd9d2,2025-11-13,7,60999.0,P,-3.29379659128049e-05,1.11e-05,-4.40379659128049e-05
ESMGFZ_EAM-90d_03h_2025_318F.asc,248fc6ff6dea7a7487e29d08cb816548f38970912dcbe9276219eb23e02bd9d2,2025-11-13,30,61022.0,P,0.0005026841251328175,0.0003975,0.0001051841251328175
ESMGFZ_EAM-90d_03h_2025_319F.asc,bc21dc1f222382470c7abf77bd2c176428c19eeb3292141d82eadb0fc7300cc9,2025-11-14,1,60994.0,P,0.0007594555061372626,0.000776,-1.6544493862737444e-05
ESMGFZ_EAM-90d_03h_2025_319F.asc,bc21dc1f222382470c7abf77bd2c176428c19eeb3292141d82eadb0fc7300cc9,2025-11-14,3,60996.0,P,0.0004897109025695047,0.0005307,-4.098909743049538e-05
ESMGFZ_EAM-90d_03h_2025_319F.asc,bc21dc1f222382470c7abf77bd2c176428c19eeb3292141d82eadb0fc7300cc9,2025-11-14,7,61000.0,P,-0.00019168925398701598,-0.0001287,-6.298925398701597e-05
ESMGFZ_EAM-90d_03h_2025_319F.asc,bc21dc1f222382470c7abf77bd2c176428c19eeb3292141d82eadb0fc7300cc9,2025-11-14,30,61023.0,P,0.00039858902105992613,0.0003326,6.598902105992612e-05
ESMGFZ_EAM-90d_03h_2025_320F.asc,bf1ba0467b40a93b42cbf3ee108d11b2821776dc2d71f208b2b72172736377f9,2025-11-15,1,60995.0,P,0.0006907114003542959,0.0006775,1.3211400354295891e-05
ESMGFZ_EAM-90d_03h_2025_320F.asc,bf1ba0467b40a93b42cbf3ee108d11b2821776dc2d71f208b2b72172736377f9,2025-11-15,3,60997.0,P,0.0003361578006723235,0.0003328,3.3578006723234744e-06
ESMGFZ_EAM-90d_03h_2025_320F.asc,bf1ba0467b40a93b42cbf3ee108d11b2821776dc2d71f208b2b72172736377f9,2025-11-15,7,61001.0,P,-0.00023763641576778505,-0.0002142,-2.3436415767785052e-05
ESMGFZ_EAM-90d_03h_2025_320F.asc,bf1ba0467b40a93b42cbf3ee108d11b2821776dc2d71f208b2b72172736377f9,2025-11-15,30,61024.0,P,0.00025002407317369915,0.0001823,6.772407317369913e-05
ESMGFZ_EAM-90d_03h_2025_321F.asc,47e43afa1777bb8e739e83cb0717d09a1d2b0e161e2c913110df9caacc4bfd21,2025-11-16,1,60996.0,P,0.0005082059324325138,0.0005307,-2.2494067567486293e-05
ESMGFZ_EAM-90d_03h_2025_321F.asc,47e43afa1777bb8e739e83cb0717d09a1d2b0e161e2c913110df9caacc4bfd21,2025-11-16,3,60998.0,P,0.0001540477385884616,0.000162,-7.95226141153842e-06
ESMGFZ_EAM-90d_03h_2025_321F.asc,47e43afa1777bb8e739e83cb0717d09a1d2b0e161e2c913110df9caacc4bfd21,2025-11-16,7,61002.0,P,-0.0003147956535367659,-0.0002296,-8.519565353676592e-05
ESMGFZ_EAM-90d_03h_2025_321F.asc,47e43afa1777bb8e739e83cb0717d09a1d2b0e161e2c913110df9caacc4bfd21,2025-11-16,30,61025.0,P,6.106610821591748e-05,-2.91e-05,9.016610821591749e-05
ESMGFZ_EAM-90d_03h_2025_322F.asc,8cd863ebbb59a33ad170d7bd463c530c3ac31ededf067427ae13812b9032e7a3,2025-11-17,1,60997.0,P,0.00034889087397139425,0.0003328,1.609087397139424e-05
ESMGFZ_EAM-90d_03h_2025_322F.asc,8cd863ebbb59a33ad170d7bd463c530c3ac31ededf067427ae13812b9032e7a3,2025-11-17,3,60999.0,P,-2.4472522875519187e-05,1.11e-05,-3.5572522875519186e-05
ESMGFZ_EAM-90d_03h_2025_322F.asc,8cd863ebbb59a33ad170d7bd463c530c3ac31ededf067427ae13812b9032e7a3,2025-11-17,7,61003.0,P,-0.0002337757240701558,-0.0001753,-5.84757240701558e-05
ESMGFZ_EAM-90d_03h_2025_322F.asc,8cd863ebbb59a33ad170d7bd463c530c3ac31ededf067427ae13812b9032e7a3,2025-11-17,30,61026.0,P,-0.00011544562151459298,-0.0001802,6.475437848540701e-05
ESMGFZ_EAM-90d_03h_2025_323F.asc,075c12eddba3eea9489dc69e4fdcc7694829139adf2f1128a581fec34ab90c99,2025-11-18,1,60998.0,P,0.00017173674837979208,0.000162,9.736748379792073e-06
ESMGFZ_EAM-90d_03h_2025_323F.asc,075c12eddba3eea9489dc69e4fdcc7694829139adf2f1128a581fec34ab90c99,2025-11-18,3,61000.0,P,-0.00017898892525804936,-0.0001287,-5.0288925258049354e-05
ESMGFZ_EAM-90d_03h_2025_323F.asc,075c12eddba3eea9489dc69e4fdcc7694829139adf2f1128a581fec34ab90c99,2025-11-18,7,61004.0,P,-4.647689599658405e-05,4.62e-05,-9.267689599658405e-05
ESMGFZ_EAM-90d_03h_2025_323F.asc,075c12eddba3eea9489dc69e4fdcc7694829139adf2f1128a581fec34ab90c99,2025-11-18,30,61027.0,P,-0.0002543681459088283,-0.0003699,0.00011553185409117169
ESMGFZ_EAM-90d_03h_2025_324F.asc,075e9b4e71bf81c001de7e6ce9e0fa0dbf71e17ee51ca83b09db1fd3549d89e9,2025-11-19,1,60999.0,P,-2.4574226038773174e-05,1.11e-05,-3.567422603877317e-05
ESMGFZ_EAM-90d_03h_2025_324F.asc,075e9b4e71bf81c001de7e6ce9e0fa0dbf71e17ee51ca83b09db1fd3549d89e9,2025-11-19,3,61001.0,P,-0.0002472642179395389,-0.0002142,-3.306421793953889e-05
ESMGFZ_EAM-90d_03h_2025_324F.asc,075e9b4e71bf81c001de7e6ce9e0fa0dbf71e17ee51ca83b09db1fd3549d89e9,2025-11-19,7,61005.0,P,0.0001633649560789712,0.0002615,-9.813504392102882e-05
ESMGFZ_EAM-90d_03h_2025_324F.asc,075e9b4e71bf81c001de7e6ce9e0fa0dbf71e17ee51ca83b09db1fd3549d89e9,2025-11-19,30,61028.0,P,-0.0003469462014894664,-0.0005318,0.00018485379851053364
ESMGFZ_EAM-90d_03h_2025_325F.asc,e302c1ec31b43808e9d15b6884ce32dc2ff6bc665038cef05312683582b47058,2025-11-20,1,61000.0,P,-0.00017402086610403017,-0.0001287,-4.532086610403016e-05
ESMGFZ_EAM-90d_03h_2025_325F.asc,e302c1ec31b43808e9d15b6884ce32dc2ff6bc665038cef05312683582b47058,2025-11-20,3,61002.0,P,-0.00030004714216484555,-0.0002296,-7.044714216484555e-05
ESMGFZ_EAM-90d_03h_2025_325F.asc,e302c1ec31b43808e9d15b6884ce32dc2ff6bc665038cef05312683582b47058,2025-11-20,7,61006.0,P,0.0004898828493170148,0.0005561,-6.621715068298522e-05
ESMGFZ_EAM-90d_03h_2025_325F.asc,e302c1ec31b43808e9d15b6884ce32dc2ff6bc665038cef05312683582b47058,2025-11-20,30,61029.0,P,-0.00037241142793516,-0.0005736,0.00020118857206483998
ESMGFZ_EAM-90d_03h_2025_326F.asc,efaebdb2e9a17b872786a891ca3bbcd3df56367d2cf33d7d8a48ee25e257d928,2025-11-21,1,61001.0,P,-0.00019178103017884935,-0.0002142,2.2418969821150648e-05
ESMGFZ_EAM-90d_03h_2025_326F.asc,efaebdb2e9a17b872786a891ca3bbcd3df56367d2cf33d7d8a48ee25e257d928,2025-11-21,3,61003.0,P,-0.00016015613436403786,-0.0001753,1.5143865635962149e-05
ESMGFZ_EAM-90d_03h_2025_326F.asc,efaebdb2e9a17b872786a891ca3bbcd3df56367d2cf33d7d8a48ee25e257d928,2025-11-21,7,61007.0,P,0.0008011150076210462,0.0008557,-5.458499237895385e-05
ESMGFZ_EAM-90d_03h_2025_326F.asc,efaebdb2e9a17b872786a891ca3bbcd3df56367d2cf33d7d8a48ee25e257d928,2025-11-21,30,61030.0,P,-0.00029834942753176883,-0.0005356,0.00023725057246823118
ESMGFZ_EAM-90d_03h_2025_327F.asc,1134b773fe4999aa2087f731c2678ae92782d03bce4a8111e8a4cc400b65137b,2025-11-22,1,61002.0,P,-0.0002554131849693738,-0.0002296,-2.581318496937382e-05
ESMGFZ_EAM-90d_03h_2025_327F.asc,1134b773fe4999aa2087f731c2678ae92782d03bce4a8111e8a4cc400b65137b,2025-11-22,3,61004.0,P,1.5635878560217912e-05,4.62e-05,-3.0564121439782086e-05
ESMGFZ_EAM-90d_03h_2025_327F.asc,1134b773fe4999aa2087f731c2678ae92782d03bce4a8111e8a4cc400b65137b,2025-11-22,7,61008.0,P,0.001034295427063624,0.0010553,-2.100457293637589e-05
ESMGFZ_EAM-90d_03h_2025_327F.asc,1134b773fe4999aa2087f731c2678ae92782d03bce4a8111e8a4cc400b65137b,2025-11-22,30,61031.0,P,-0.0002004761936680254,-0.0004018,0.0002013238063319746
ESMGFZ_EAM-90d_03h_2025_328F.asc,7a7168fa2b400a13a7676354aa3bad0fe1aeb9f199b70cadb55f2db416ebfe66,2025-11-23,1,61003.0,P,-0.0001569320866085871,-0.0001753,1.8367913391412915e-05
ESMGFZ_EAM-90d_03h_2025_328F.asc,7a7168fa2b400a13a7676354aa3bad0fe1aeb9f199b70cadb55f2db416ebfe66,2025-11-23,3,61005.0,P,0.0002225348886622113,0.0002615,-3.8965111337788724e-05
ESMGFZ_EAM-90d_03h_2025_328F.asc,7a7168fa2b400a13a7676354aa3bad0fe1aeb9f199b70cadb55f2db416ebfe66,2025-11-23,7,61009.0,P,0.001178032233805641,0.0011535,2.4532233805640933e-05
ESMGFZ_EAM-90d_03h_2025_328F.asc,7a7168fa2b400a13a7676354aa3bad0fe1aeb9f199b70cadb55f2db416ebfe66,2025-11-23,30,61032.0,P,-2.8897167237456798e-05,-0.0001782,0.0001493028327625432
ESMGFZ_EAM-90d_03h_2025_329F.asc,e01fe86e149275a9b1f7dce1dd12b14516a5b1060d42eb48c614858c773000c7,2025-11-24,1,61004.0,P,3.118848630214658e-05,4.62e-05,-1.5011513697853416e-05
ESMGFZ_EAM-90d_03h_2025_329F.asc,e01fe86e149275a9b1f7dce1dd12b14516a5b1060d42eb48c614858c773000c7,2025-11-24,3,61006.0,P,0.0005546005913955191,0.0005561,-1.499408604480946e-06
ESMGFZ_EAM-90d_03h_2025_329F.asc,e01fe86e149275a9b1f7dce1dd12b14516a5b1060d42eb48c614858c773000c7,2025-11-24,7,61010.0,P,0.0011331622507639333,0.0011018,3.136225076393333e-05
ESMGFZ_EAM-90d_03h_2025_329F.asc,e01fe86e149275a9b1f7dce1dd12b14516a5b1060d42eb48c614858c773000c7,2025-11-24,30,61033.0,P,0.00021033576961507807,8.47e-05,0.00012563576961507807
ESMGFZ_EAM-90d_03h_2025_330F.asc,d929799fd2371952ef32d7e820ed11793b4d3c1ab0b49b609c181ccb93af6cd6,2025-11-25,1,61005.0,P,0.00023276150918528996,0.0002615,-2.873849081471005e-05
ESMGFZ_EAM-90d_03h_2025_330F.asc,d929799fd2371952ef32d7e820ed11793b4d3c1ab0b49b609c181ccb93af6cd6,2025-11-25,3,61007.0,P,0.0007996474750691345,0.0008557,-5.60525249308655e-05
ESMGFZ_EAM-90d_03h_2025_330F.asc,d929799fd2371952ef32d7e820ed11793b4d3c1ab0b49b609c181ccb93af6cd6,2025-11-25,7,61011.0,P,0.0008464113606267926,0.0009389,-9.248863937320743e-05
ESMGFZ_EAM-90d_03h_2025_330F.asc,d929799fd2371952ef32d7e820ed11793b4d3c1ab0b49b609c181ccb93af6cd6,2025-11-25,30,61034.0,P,0.0004076310603368659,0.000361,4.6631060336865923e-05
ESMGFZ_EAM-90d_03h_2025_331F.asc,01b7048ac7cbb84156379adbab17c027ebb0dfa137a14ef8a6d6e39f16a4d9e7,2025-11-26,1,61006.0,P,0.0005639871571678037,0.0005561,7.887157167803661e-06
ESMGFZ_EAM-90d_03h_2025_331F.asc,01b7048ac7cbb84156379adbab17c027ebb0dfa137a14ef8a6d6e39f16a4d9e7,2025-11-26,3,61008.0,P,0.0010448980353385973,0.0010553,-1.0401964661402568e-05
ESMGFZ_EAM-90d_03h_2025_331F.asc,01b7048ac7cbb84156379adbab17c027ebb0dfa137a14ef8a6d6e39f16a4d9e7,2025-11-26,7,61012.0,P,0.0005333832242676915,0.0006333,-9.99167757323086e-05
ESMGFZ_EAM-90d_03h_2025_331F.asc,01b7048ac7cbb84156379adbab17c027ebb0dfa137a14ef8a6d6e39f16a4d9e7,2025-11-26,30,61035.0,P,0.0005806182225101804,0.0005822,-1.5817774898195525e-06
ESMGFZ_EAM-90d_03h_2025_332F.asc,22f67c3125ed274f11f7054dc73bdb75f976541dfd9dbfe1fd39e602fdd3bbe9,2025-11-27,1,61007.0,P,0.0008240601906971615,0.0008557,-3.1639809302838585e-05
ESMGFZ_EAM-90d_03h_2025_332F.asc,22f67c3125ed274f11f7054dc73bdb75f976541dfd9dbfe1fd39e602fdd3bbe9,2025-11-27,3,61009.0,P,0.0011174778026538956,0.0011535,-3.602219734610444e-05
ESMGFZ_EAM-90d_03h_2025_332F.asc,22f67c3125ed274f11f7054dc73bdb75f976541dfd9dbfe1fd39e602fdd3bbe9,2025-11-27,7,61013.0,P,0.0003076061688800564,0.000319,-1.1393831119943596e-05
ESMGFZ_EAM-90d_03h_2025_332F.asc,22f67c3125ed274f11f7054dc73bdb75f976541dfd9dbfe1fd39e602fdd3bbe9,2025-11-27,30,61036.0,P,0.0007441159432814645,0.0007108,3.3315943281464456e-05
ESMGFZ_EAM-90d_03h_2025_333F.asc,b04cdd51ee0fd88739c53df39a8143801e52f40141e76eda8b40db8402e287e5,2025-11-28,1,61008.0,P,0.001073156928534648,0.0010553,1.7856928534648164e-05
ESMGFZ_EAM-90d_03h_2025_333F.asc,b04cdd51ee0fd88739c53df39a8143801e52f40141e76eda8b40db8402e287e5,2025-11-28,3,61010.0,P,0.0010767634338127094,0.0011018,-2.503656618729061e-05
ESMGFZ_EAM-90d_03h_2025_333F.asc,b04cdd51ee0fd88739c53df39a8143801e52f40141e76eda8b40db8402e287e5,2025-11-28,7,61014.0,P,7.188201682604056e-05,1.85e-05,5.338201682604056e-05
ESMGFZ_EAM-90d_03h_2025_333F.asc,b04cdd51ee0fd88739c53df39a8143801e52f40141e76eda8b40db8402e287e5,2025-11-28,30,61037.0,P,0.000718164440710953,0.0006949,2.326444071095292e-05
ESMGFZ_EAM-90d_03h_2025_334F.asc,3cdec1ea3d003ba4d5d213c766cdda74c0e3a81f9fce189e54973d8cb205b902,2025-11-29,1,61009.0,P,0.0011425201047843463,0.0011535,-1.0979895215653714e-05
ESMGFZ_EAM-90d_03h_2025_334F.asc,3cdec1ea3d003ba4d5d213c766cdda74c0e3a81f9fce189e54973d8cb205b902,2025-11-29,3,61011.0,P,0.0008624666869982592,0.0009389,-7.643331300174084e-05
ESMGFZ_EAM-90d_03h_2025_334F.asc,3cdec1ea3d003ba4d5d213c766cdda74c0e3a81f9fce189e54973d8cb205b902,2025-11-29,7,61015.0,P,-0.00013387818648764784,-0.0001435,9.62181351235215e-06
ESMGFZ_EAM-90d_03h_2025_334F.asc,3cdec1ea3d003ba4d5d213c766cdda74c0e3a81f9fce189e54973d8cb205b902,2025-11-29,30,61038.0,P,0.0006093734257653569,0.0005594,4.997342576535681e-05
ESMGFZ_EAM-90d_03h_2025_335F.asc,9ecd8b465f234f068d35622cc052a3f368188a44a0476aa898cd420187b701f7,2025-11-30,1,61010.0,P,0.0011018572139353793,0.0011018,5.721393537931607e-08
ESMGFZ_EAM-90d_03h_2025_335F.asc,9ecd8b465f234f068d35622cc052a3f368188a44a0476aa898cd420187b701f7,2025-11-30,3,61012.0,P,0.0005652279224735189,0.0006333,-6.807207752648119e-05
ESMGFZ_EAM-90d_03h_2025_335F.asc,9ecd8b465f234f068d35622cc052a3f368188a44a0476aa898cd420187b701f7,2025-11-30,7,61016.0,P,-0.00013130019333545202,-0.0001153,-1.6000193335452027e-05
ESMGFZ_EAM-90d_03h_2025_335F.asc,9ecd8b465f234f068d35622cc052a3f368188a44a0476aa898cd420187b701f7,2025-11-30,30,61039.0,P,0.00039534542193724845,0.0003846,1.0745421937248425e-05
ESMGFZ_EAM-90d_03h_2025_336F.asc,8d703eae7b7b1e2967235dc65077c55b070faed17f5d98028be724c43276561f,2025-12-01,1,61011.0,P,0.0008761399162265291,0.0009389,-6.276008377347094e-05
ESMGFZ_EAM-90d_03h_2025_336F.asc,8d703eae7b7b1e2967235dc65077c55b070faed17f5d98028be724c43276561f,2025-12-01,3,61013.0,P,0.0002623802305216814,0.000319,-5.661976947831862e-05
ESMGFZ_EAM-90d_03h_2025_336F.asc,8d703eae7b7b1e2967235dc65077c55b070faed17f5d98028be724c43276561f,2025-12-01,7,61017.0,P,1.561528594531199e-05,9.21e-05,-7.648471405468801e-05
ESMGFZ_EAM-90d_03h_2025_336F.asc,8d703eae7b7b1e2967235dc65077c55b070faed17f5d98028be724c43276561f,2025-12-01,30,61040.0,P,0.00010656514158518404,0.000179,-7.243485841481595e-05
ESMGFZ_EAM-90d_03h_2025_337F.asc,41290bb70c7e8846da34bd0aa8dab0b984856bf7f9a3fc3180c2b805da04247d,2025-12-02,1,61012.0,P,0.00058840713265945,0.0006333,-4.489286734055001e-05
ESMGFZ_EAM-90d_03h_2025_337F.asc,41290bb70c7e8846da34bd0aa8dab0b984856bf7f9a3fc3180c2b805da04247d,2025-12-02,3,61014.0,P,2.250609511218911e-05,1.85e-05,4.0060951121891125e-06
ESMGFZ_EAM-90d_03h_2025_337F.asc,41290bb70c7e8846da34bd0aa8dab0b984856bf7f9a3fc3180c2b805da04247d,2025-12-02,7,61018.0,P,0.00027139117345980626,0.0003346,-6.320882654019375e-05
ESMGFZ_EAM-90d_03h_2025_338F.asc,108a455dcf565ba472325ce3abe280a7b914f034aae7114f0006bc31389760d2,2025-12-03,1,61013.0,P,0.0002735792779576397,0.000319,-4.542072204236032e-05
ESMGFZ_EAM-90d_03h_2025_338F.asc,108a455dcf565ba472325ce3abe280a7b914f034aae7114f0006bc31389760d2,2025-12-03,3,61015.0,P,-0.00017057670294345938,-0.0001435,-2.707670294345939e-05
ESMGFZ_EAM-90d_03h_2025_338F.asc,108a455dcf565ba472325ce3abe280a7b914f034aae7114f0006bc31389760d2,2025-12-03,7,61019.0,P,0.00042122766422801535,0.0004708,-4.957233577198466e-05
ESMGFZ_EAM-90d_03h_2025_339F.asc,cd8eccd9fad5d217f6f5204fbee9f40f13edd14da78927364b03e14245f3760f,2025-12-04,1,61014.0,P,4.564348418134481e-05,1.85e-05,2.714348418134481e-05
ESMGFZ_EAM-90d_03h_2025_339F.asc,cd8eccd9fad5d217f6f5204fbee9f40f13edd14da78927364b03e14245f3760f,2025-12-04,3,61016.0,P,-0.00014127950375843293,-0.0001153,-2.5979503758432934e-05
ESMGFZ_EAM-90d_03h_2025_339F.asc,cd8eccd9fad5d217f6f5204fbee9f40f13edd14da78927364b03e14245f3760f,2025-12-04,7,61020.0,P,0.00045598450073163925,0.0005123,-5.631549926836079e-05
ESMGFZ_EAM-90d_03h_2025_340F.asc,25748fed73b479f350a2718eabc37518038ed299ba3753ef7abbf0df1ed5bace,2025-12-05,1,61015.0,P,-0.00015164894819788023,-0.0001435,-8.148948197880243e-06
ESMGFZ_EAM-90d_03h_2025_340F.asc,25748fed73b479f350a2718eabc37518038ed299ba3753ef7abbf0df1ed5bace,2025-12-05,3,61017.0,P,2.0491279202693603e-05,9.21e-05,-7.16087207973064e-05
ESMGFZ_EAM-90d_03h_2025_340F.asc,25748fed73b479f350a2718eabc37518038ed299ba3753ef7abbf0df1ed5bace,2025-12-05,7,61021.0,P,0.00044453558819064747,0.0004739,-2.9364411809352554e-05
ESMGFZ_EAM-90d_03h_2025_341F.asc,d2eab31fc1a3bffadf7da8fd5733991c42307b35d6f6da0635dde2e3e9121a00,2025-12-06,1,61016.0,P,-0.0001186585424432959,-0.0001153,-3.358542443295906e-06
ESMGFZ_EAM-90d_03h_2025_341F.asc,d2eab31fc1a3bffadf7da8fd5733991c42307b35d6f6da0635dde2e3e9121a00,2025-12-06,3,61018.0,P,0.0002579695779153543,0.0003346,-7.663042208464572e-05
ESMGFZ_EAM-90d_03h_2025_341F.asc,d2eab31fc1a3bffadf7da8fd5733991c42307b35d6f6da0635dde2e3e9121a00,2025-12-06,7,61022.0,P,0.00045222026831650414,0.0003975,5.4720268316504124e-05
ESMGFZ_EAM-90d_03h_2025_342F.asc,8505869e66e4ff34591bea8d6fd6cff7482678c74aea16c81a01f51fc923634b,2025-12-07,1,61017.0,P,5.6081055169855155e-05,9.21e-05,-3.601894483014485e-05
ESMGFZ_EAM-90d_03h_2025_342F.asc,8505869e66e4ff34591bea8d6fd6cff7482678c74aea16c81a01f51fc923634b,2025-12-07,3,61019.0,P,0.00042980426694905086,0.0004708,-4.099573305094915e-05
ESMGFZ_EAM-90d_03h_2025_342F.asc,8505869e66e4ff34591bea8d6fd6cff7482678c74aea16c81a01f51fc923634b,2025-12-07,7,61023.0,P,0.0003719708417721288,0.0003326,3.937084177212878e-05
ESMGFZ_EAM-90d_03h_2025_343F.asc,919025dfe5d0b26270af7e397b7a53c89cceddab307ede39ade22d247615034a,2025-12-08,1,61018.0,P,0.00029639958140303664,0.0003346,-3.820041859696336e-05
ESMGFZ_EAM-90d_03h_2025_343F.asc,919025dfe5d0b26270af7e397b7a53c89cceddab307ede39ade22d247615034a,2025-12-08,3,61020.0,P,0.0004954074085557999,0.0005123,-1.689259144420016e-05
ESMGFZ_EAM-90d_03h_2025_343F.asc,919025dfe5d0b26270af7e397b7a53c89cceddab307ede39ade22d247615034a,2025-12-08,7,61024.0,P,0.00016462053670038976,0.0001823,-1.7679463299610256e-05
ESMGFZ_EAM-90d_03h_2025_344F.asc,68fec940b4d183a4daeb1aeb4039a2a2bd5fcf5cf94c48ec13c2329261ec5e7b,2025-12-09,1,61019.0,P,0.0004504720363561364,0.0004708,-2.0327963643863595e-05
ESMGFZ_EAM-90d_03h_2025_344F.asc,68fec940b4d183a4daeb1aeb4039a2a2bd5fcf5cf94c48ec13c2329261ec5e7b,2025-12-09,3,61021.0,P,0.0004499799463898904,0.0004739,-2.3920053610109653e-05
ESMGFZ_EAM-90d_03h_2025_344F.asc,68fec940b4d183a4daeb1aeb4039a2a2bd5fcf5cf94c48ec13c2329261ec5e7b,2025-12-09,7,61025.0,P,-1.250260620424225e-05,-2.91e-05,1.659739379575775e-05
ESMGFZ_EAM-90d_03h_2025_345F.asc,add0c21d4f5af92de8721b5a6ce19e170006205e2b209a3366016474688cd47f,2025-12-10,1,61020.0,P,0.0005186504210849495,0.0005123,6.35042108494948e-06
ESMGFZ_EAM-90d_03h_2025_345F.asc,add0c21d4f5af92de8721b5a6ce19e170006205e2b209a3366016474688cd47f,2025-12-10,3,61022.0,P,0.0004225786526990945,0.0003975,2.5078652699094472e-05
ESMGFZ_EAM-90d_03h_2025_345F.asc,add0c21d4f5af92de8721b5a6ce19e170006205e2b209a3366016474688cd47f,2025-12-10,7,61026.0,P,-0.00015822360486878964,-0.0001802,2.1976395131210352e-05
ESMGFZ_EAM-90d_03h_2025_346F.asc,13a3ac9e757a0421862409c4cf4729b2ae5ee1af7f7e4c9085d9b6e215c377f3,2025-12-11,1,61021.0,P,0.00045969440216574425,0.0004739,-1.4205597834255777e-05
ESMGFZ_EAM-90d_03h_2025_346F.asc,13a3ac9e757a0421862409c4cf4729b2ae5ee1af7f7e4c9085d9b6e215c377f3,2025-12-11,3,61023.0,P,0.0003332116900816755,0.0003326,6.116900816754761e-07
ESMGFZ_EAM-90d_03h_2025_346F.asc,13a3ac9e757a0421862409c4cf4729b2ae5ee1af7f7e4c9085d9b6e215c377f3,2025-12-11,7,61027.0,P,-0.00035561591096468806,-0.0003699,1.4284089035311934e-05
ESMGFZ_EAM-90d_03h_2025_347F.asc,df87b3df984ded46df0adea17a8fc6e1222073c9fd7ca934f48bdbed696a807f,2025-12-12,1,61022.0,P,0.0004299555543894537,0.0003975,3.2455554389453696e-05
ESMGFZ_EAM-90d_03h_2025_347F.asc,df87b3df984ded46df0adea17a8fc6e1222073c9fd7ca934f48bdbed696a807f,2025-12-12,3,61024.0,P,0.00016143602820211162,0.0001823,-2.0863971797888397e-05
ESMGFZ_EAM-90d_03h_2025_347F.asc,df87b3df984ded46df0adea17a8fc6e1222073c9fd7ca934f48bdbed696a807f,2025-12-12,7,61028.0,P,-0.0005417014873344871,-0.0005318,-9.901487334487095e-06
ESMGFZ_EAM-90d_03h_2025_348F.asc,09e4dcdfff922562602c9fb60427ae6843daef54e5f5985052bfc71aed3af822,2025-12-13,1,61023.0,P,0.0003691733865410087,0.0003326,3.6573386541008705e-05
ESMGFZ_EAM-90d_03h_2025_348F.asc,09e4dcdfff922562602c9fb60427ae6843daef54e5f5985052bfc71aed3af822,2025-12-13,3,61025.0,P,-2.8459821152946956e-05,-2.91e-05,6.401788470530432e-07
ESMGFZ_EAM-90d_03h_2025_348F.asc,09e4dcdfff922562602c9fb60427ae6843daef54e5f5985052bfc71aed3af822,2025-12-13,7,61029.0,P,-0.0005617526981792668,-0.0005736,1.1847301820733171e-05
ESMGFZ_EAM-90d_03h_2025_349F.asc,1764ed4083acf0ca8247ccb50f626b342b3d55e35d67ffc5d2817c2bfdb38e05,2025-12-14,1,61024.0,P,0.0001685624157225896,0.0001823,-1.373758427741041e-05
ESMGFZ_EAM-90d_03h_2025_349F.asc,1764ed4083acf0ca8247ccb50f626b342b3d55e35d67ffc5d2817c2bfdb38e05,2025-12-14,3,61026.0,P,-0.00021417595136608014,-0.0001802,-3.397595136608015e-05
ESMGFZ_EAM-90d_03h_2025_349F.asc,1764ed4083acf0ca8247ccb50f626b342b3d55e35d67ffc5d2817c2bfdb38e05,2025-12-14,7,61030.0,P,-0.0005482523404329325,-0.0005356,-1.2652340432932536e-05
ESMGFZ_EAM-90d_03h_2025_350F.asc,2b0bb5b3ac2b302f1891e00b9317cd2b254d345cd0e05d65ada3645dad092317,2025-12-15,1,61025.0,P,-3.308310355658062e-05,-2.91e-05,-3.983103556580624e-06
ESMGFZ_EAM-90d_03h_2025_350F.asc,2b0bb5b3ac2b302f1891e00b9317cd2b254d345cd0e05d65ada3645dad092317,2025-12-15,3,61027.0,P,-0.00041205970827536435,-0.0003699,-4.215970827536436e-05
ESMGFZ_EAM-90d_03h_2025_350F.asc,2b0bb5b3ac2b302f1891e00b9317cd2b254d345cd0e05d65ada3645dad092317,2025-12-15,7,61031.0,P,-0.00043349019704163304,-0.0004018,-3.169019704163303e-05
ESMGFZ_EAM-90d_03h_2025_351F.asc,ebdae8789d8b08c86fcd5e0cc082be8b0a6315df69d6d63a810aed85bb271468,2025-12-16,1,61026.0,P,-0.00020266502697100555,-0.0001802,-2.2465026971005557e-05
ESMGFZ_EAM-90d_03h_2025_351F.asc,ebdae8789d8b08c86fcd5e0cc082be8b0a6315df69d6d63a810aed85bb271468,2025-12-16,3,61028.0,P,-0.0005741832565156235,-0.0005318,-4.2383256515623525e-05
ESMGFZ_EAM-90d_03h_2025_351F.asc,ebdae8789d8b08c86fcd5e0cc082be8b0a6315df69d6d63a810aed85bb271468,2025-12-16,7,61032.0,P,-0.00019895395696287855,-0.0001782,-2.075395696287855e-05
ESMGFZ_EAM-90d_03h_2025_352F.asc,927eacba9a32136418df66a76a49c6867deb15dcee373eefdc83d6378dad6791,2025-12-17,1,61027.0,P,-0.0004068305915714641,-0.0003699,-3.6930591571464084e-05
ESMGFZ_EAM-90d_03h_2025_352F.asc,927eacba9a32136418df66a76a49c6867deb15dcee373eefdc83d6378dad6791,2025-12-17,3,61029.0,P,-0.0006256188356359502,-0.0005736,-5.201883563595022e-05
ESMGFZ_EAM-90d_03h_2025_352F.asc,927eacba9a32136418df66a76a49c6867deb15dcee373eefdc83d6378dad6791,2025-12-17,7,61033.0,P,4.475321274587064e-05,8.47e-05,-3.994678725412936e-05
ESMGFZ_EAM-90d_03h_2025_353F.asc,5bff4955fce862f34e1bb752e38f04fe2e5f1c9cf3869d67d71f96089245f549,2025-12-18,1,61028.0,P,-0.0005699173782415785,-0.0005318,-3.811737824157852e-05
ESMGFZ_EAM-90d_03h_2025_353F.asc,5bff4955fce862f34e1bb752e38f04fe2e5f1c9cf3869d67d71f96089245f549,2025-12-18,3,61030.0,P,-0.0005856107189951227,-0.0005356,-5.0010718995122734e-05
ESMGFZ_EAM-90d_03h_2025_353F.asc,5bff4955fce862f34e1bb752e38f04fe2e5f1c9cf3869d67d71f96089245f549,2025-12-18,7,61034.0,P,0.000348834580922051,0.000361,-1.2165419077949009e-05
ESMGFZ_EAM-90d_03h_2025_354F.asc,c4500eb5c25ade422d4cba6459dfdddcc651edcfab6fcca9717be1906bf64113,2025-12-19,1,61029.0,P,-0.0005923642765495792,-0.0005736,-1.8764276549579242e-05
ESMGFZ_EAM-90d_03h_2025_354F.asc,c4500eb5c25ade422d4cba6459dfdddcc651edcfab6fcca9717be1906bf64113,2025-12-19,3,61031.0,P,-0.00045564984574740546,-0.0004018,-5.384984574740545e-05
ESMGFZ_EAM-90d_03h_2025_354F.asc,c4500eb5c25ade422d4cba6459dfdddcc651edcfab6fcca9717be1906bf64113,2025-12-19,7,61035.0,P,0.0005492593354655892,0.0005822,-3.2940664534410755e-05
ESMGFZ_EAM-90d_03h_2025_355F.asc,77cb5993e9d2ccc6ad2748996b386f78019dda02bb57f4f27e0f396a8ace4694,2025-12-20,1,61030.0,P,-0.0005397947242876504,-0.0005356,-4.194724287650371e-06
ESMGFZ_EAM-90d_03h_2025_355F.asc,77cb5993e9d2ccc6ad2748996b386f78019dda02bb57f4f27e0f396a8ace4694,2025-12-20,3,61032.0,P,-0.00020436347623635265,-0.0001782,-2.6163476236352654e-05
ESMGFZ_EAM-90d_03h_2025_355F.asc,77cb5993e9d2ccc6ad2748996b386f78019dda02bb57f4f27e0f396a8ace4694,2025-12-20,7,61036.0,P,0.0007148519764477732,0.0007108,4.051976447773148e-06
ESMGFZ_EAM-90d_03h_2025_356F.asc,bb4f0e485ae84de38f0eaffac56480e2bbe23ae10759c71190b369fc7104a95a,2025-12-21,1,61031.0,P,-0.0003999231039655486,-0.0004018,1.8768960344513826e-06
ESMGFZ_EAM-90d_03h_2025_356F.asc,bb4f0e485ae84de38f0eaffac56480e2bbe23ae10759c71190b369fc7104a95a,2025-12-21,3,61033.0,P,7.614360013030556e-05,8.47e-05,-8.556399869694435e-06
ESMGFZ_EAM-90d_03h_2025_356F.asc,bb4f0e485ae84de38f0eaffac56480e2bbe23ae10759c71190b369fc7104a95a,2025-12-21,7,61037.0,P,0.0007623006272612699,0.0006949,6.740062726126985e-05
ESMGFZ_EAM-90d_03h_2025_357F.asc,5fc75fb2a5a514b9db6f41a6d9dff027e169428927f0e886c3ec01c0d8a1f77e,2025-12-22,1,61032.0,P,-0.0001955686604763098,-0.0001782,-1.7368660476309793e-05
ESMGFZ_EAM-90d_03h_2025_357F.asc,5fc75fb2a5a514b9db6f41a6d9dff027e169428927f0e886c3ec01c0d8a1f77e,2025-12-22,3,61034.0,P,0.00031561663776760236,0.000361,-4.538336223239764e-05
ESMGFZ_EAM-90d_03h_2025_357F.asc,5fc75fb2a5a514b9db6f41a6d9dff027e169428927f0e886c3ec01c0d8a1f77e,2025-12-22,7,61038.0,P,0.000608300358661539,0.0005594,4.8900358661538995e-05
ESMGFZ_EAM-90d_03h_2025_358F.asc,9bbbe6f89b34eb8e80e2fca745098505896b5752dd6bb36c7b4d77eb0cb29b2f,2025-12-23,1,61033.0,P,9.227861775184431e-05,8.47e-05,7.578617751844308e-06
ESMGFZ_EAM-90d_03h_2025_358F.asc,9bbbe6f89b34eb8e80e2fca745098505896b5752dd6bb36c7b4d77eb0cb29b2f,2025-12-23,3,61035.0,P,0.0005814800071288595,0.0005822,-7.199928711404922e-07
ESMGFZ_EAM-90d_03h_2025_358F.asc,9bbbe6f89b34eb8e80e2fca745098505896b5752dd6bb36c7b4d77eb0cb29b2f,2025-12-23,7,61039.0,P,0.0004331497717865062,0.0003846,4.8549771786506176e-05
ESMGFZ_EAM-90d_03h_2025_359F.asc,ecdb09c2c0feb95eafb2e689ce667b42f620e6f8fa6c3dddb9b1c36f4006532f,2025-12-24,1,61034.0,P,0.00035369056956769616,0.000361,-7.309430432303834e-06
ESMGFZ_EAM-90d_03h_2025_359F.asc,ecdb09c2c0feb95eafb2e689ce667b42f620e6f8fa6c3dddb9b1c36f4006532f,2025-12-24,3,61036.0,P,0.0007028376995757483,0.0007108,-7.962300424251695e-06
ESMGFZ_EAM-90d_03h_2025_359F.asc,ecdb09c2c0feb95eafb2e689ce667b42f620e6f8fa6c3dddb9b1c36f4006532f,2025-12-24,7,61040.0,P,0.0001469547245114077,0.000179,-3.2045275488592275e-05
ESMGFZ_EAM-90d_03h_2025_360F.asc,cc9bacd4b22fd008577bc5f0919a56675c35515b40db10963f09936d91e52e94,2025-12-25,1,61035.0,P,0.0006030845131672843,0.0005822,2.0884513167284367e-05
ESMGFZ_EAM-90d_03h_2025_360F.asc,cc9bacd4b22fd008577bc5f0919a56675c35515b40db10963f09936d91e52e94,2025-12-25,3,61037.0,P,0.0007126456474424738,0.0006949,1.7745647442473766e-05
ESMGFZ_EAM-90d_03h_2025_361F.asc,910b56a42b6fda4ca7f6e4d47c56d75d6a1d975e19d29a9529b5a560d604d1e5,2025-12-26,1,61036.0,P,0.0007154695510486633,0.0007108,4.669551048663303e-06
ESMGFZ_EAM-90d_03h_2025_361F.asc,910b56a42b6fda4ca7f6e4d47c56d75d6a1d975e19d29a9529b5a560d604d1e5,2025-12-26,3,61038.0,P,0.0005703061496027146,0.0005594,1.0906149602714528e-05
ESMGFZ_EAM-90d_03h_2025_362F.asc,0065d04233d895a19cde41af8433588616a83194a48925ad0e8420a49ff34b88,2025-12-27,1,61037.0,P,0.000727591139991664,0.0006949,3.2691139991663934e-05
ESMGFZ_EAM-90d_03h_2025_362F.asc,0065d04233d895a19cde41af8433588616a83194a48925ad0e8420a49ff34b88,2025-12-27,3,61039.0,P,0.0003864461049339304,0.0003846,1.8461049339303691e-06
ESMGFZ_EAM-90d_03h_2025_363F.asc,35fa2d45bf34bb3c4e7277b8d85f7da63b0564a78fdb95b6d19622f4aaa5ce03,2025-12-28,1,61038.0,P,0.0005400212179363202,0.0005594,-1.9378782063679892e-05
ESMGFZ_EAM-90d_03h_2025_363F.asc,35fa2d45bf34bb3c4e7277b8d85f7da63b0564a78fdb95b6d19622f4aaa5ce03,2025-12-28,3,61040.0,P,0.00014529360905252484,0.000179,-3.370639094747515e-05
ESMGFZ_EAM-90d_03h_2025_364F.asc,8dad399c00f3a354b0662619d6051d37b07e627c79184d662603e03a81f99455,2025-12-29,1,61039.0,P,0.0003665199864416017,0.0003846,-1.8080013558398344e-05
ESMGFZ_EAM-90d_03h_2025_365F.asc,b9c61865a32c2233f69d6ae26a00c6d116cf3d2be02eece9c0cee22f91325865,2025-12-30,1,61040.0,P,0.00015698903196956264,0.000179,-2.2010968030437345e-05
