Time,Actuator1_Disp,Actuator1_Force,Actuator2_Disp,Actuator2_Force
0.0,0.0052441321,0.32661474,0.00090366602,0.31309652
0.001953125,0.0064637838,0.33029649,-0.0033822805,0.31183797
0.00390625,-0.0032304814,0.33361176,0.0035132319,0.31823102
0.005859375,0.003383015,0.30897886,-0.0021417588,0.32415888
0.0078125,0.0079456875,0.29781672,-0.002849564,0.32268903
0.009765625,-0.0016247444,0.33032432,0.011144489,0.31405279
0.01171875,-0.0026541154,0.33713531,-0.009542048,0.31652686
0.013671875,0.0033358664,0.30774114,-0.00045792758,0.3189562
0.015625,0.00018231587,0.30084971,-0.0012383759,0.32389241
0.017578125,0.00013534809,0.32743907,0.00049760938,0.32686311
0.01953125,4.3297154e-05,0.3307142,0.013655335,0.32157961
0.021484375,-0.0048839073,0.3156859,0.010351002,0.31238455
0.0234375,-0.0024077951,0.31379658,0.0036678314,0.31691247
0.025390625,-0.0010455378,0.3292754,0.011822492,0.33043528
0.02734375,-0.0045237648,0.3499496,0.017714038,0.328374
0.029296875,0.0013083282,0.36203212,-0.0024323314,0.32267109
0.03125,-0.0031380805,0.37128982,0.00034673512,0.31942812
0.033203125,0.0010436105,0.38153088,-0.0032109171,0.33362812
0.03515625,-0.0042405832,0.45365539,-0.0065860301,0.34631759
0.037109375,0.0022046245,0.51391929,-0.0052747279,0.34098104
0.0390625,0.010692926,0.4730452,-0.0040733218,0.33685675
0.041015625,0.00044551963,0.38019791,0.00057397783,0.34670499
0.04296875,0.01425457,0.25680885,0.0092967451,0.36653867
0.044921875,0.0066039963,0.30938271,0.0044110268,0.37328827
0.046875,0.0076863472,0.42315796,0.0067952126,0.38007331
0.048828125,0.026562387,0.38018674,-0.0038311779,0.38758597
0.05078125,0.023552256,0.3807106,-0.015942097,0.41769829
0.052734375,0.028514959,0.28969327,0.010619223,0.45335644
0.0546875,0.035363637,0.22311267,0.0077190846,0.61084712
0.056640625,0.037547108,0.38880485,0.0093898773,0.70338243
0.05859375,0.050138094,0.44493064,0.0065009147,0.49204543
0.060546875,0.060411625,0.32983431,0.0064133704,0.41435021
0.0625,0.061186191,0.26903829,0.012543336,0.52414721
0.064453125,0.069673859,0.35414115,0.023505002,0.58610845
0.06640625,0.084252357,0.42131779,0.048667476,0.56032848
0.068359375,0.082736157,0.3734704,0.042401537,0.46311039
0.0703125,0.090303242,0.33250046,0.037042707,0.45158726
0.072265625,0.10259522,0.36988527,0.049682617,0.56928468
0.07421875,0.11049625,0.42796883,0.071574286,0.63777691
0.076171875,0.12848194,0.40332872,0.07231003,0.57074666
0.078125,0.13485089,0.3652305,0.07168977,0.52524412
0.080078125,0.151462,0.39531583,0.088075459,0.59011531
0.08203125,0.16799557,0.41370282,0.1009333,0.67259395
0.083984375,0.16992824,0.39211908,0.11963798,0.64986449
0.0859375,0.19607313,0.35972977,0.12867554,0.64302421
0.087890625,0.21895301,0.38165927,0.15550694,0.71929413
0.08984375,0.2320229,0.45302385,0.1755639,0.75871438
0.091796875,0.25131693,0.41807225,0.17048074,0.73993003
0.09375,0.26964632,0.35044599,0.19371352,0.7196328
0.095703125,0.29685462,0.39578405,0.21696492,0.78476053
0.09765625,0.31309241,0.45732948,0.2454727,0.86224377
0.099609375,0.34183463,0.4096646,0.28697801,0.84758365
0.1015625,0.3621414,0.34346935,0.31395844,0.81890762
0.10351563,0.38814336,0.41954279,0.3384932,0.86527526
0.10546875,0.42675421,0.44431981,0.36806083,0.9385047
0.10742188,0.44445285,0.37220937,0.40792516,0.93956584
0.109375,0.49037865,0.36936757,0.43720222,0.92219931
0.11132813,0.51281792,0.40037629,0.45005447,0.93178749
0.11328125,0.53202933,0.41347036,0.47884536,0.95861441
0.11523438,0.57329655,0.34970397,0.52239215,1.0313941
0.1171875,0.60687685,0.37015861,0.55668533,1.1072012
0.11914063,0.6425184,0.49219435,0.59719414,1.1263707
0.12109375,0.67275488,0.44062328,0.62401992,1.1008663
0.12304688,0.71209484,0.28153035,0.65561974,1.1474955
0.125,0.75386435,0.33716092,0.71808541,1.2497668
0.12695313,0.79143977,0.52596295,0.75389099,1.2939407
0.12890625,0.82595289,0.47089314,0.79540938,1.2882901
0.13085938,0.87968332,0.29530868,0.83394194,1.2911635
0.1328125,0.92699641,0.36523226,0.86329532,1.3747768
0.13476563,0.96341151,0.56265181,0.91704011,1.4560825
0.13671875,1.011221,0.49791801,0.96022367,1.4638738
0.13867188,1.0602532,0.32785735,1.0129346,1.4870415
0.140625,1.117354,0.4521434,1.0703674,1.5575139
0.14257813,1.1721363,0.64378047,1.1163859,1.6232425
0.14453125,1.2168642,0.54990119,1.1780544,1.6313333
0.14648438,1.2655577,0.38457721,1.2175108,1.6417285
0.1484375,1.3275691,0.507824,1.2595843,1.7288789
0.15039063,1.3865346,0.7956869,1.3310706,1.8037989
0.15234375,1.4391419,0.82610387,1.366217,1.8369442
0.15429688,1.4922041,0.6328302,1.4128985,1.884257
0.15625,1.551651,0.6864261,1.477102,1.9418151
0.15820313,1.618267,0.96211737,1.5345982,2.0176651
0.16015625,1.6807053,1.0321776,1.6113224,2.0907564
0.16210938,1.7389872,0.90412253,1.6749392,2.1513049
0.1640625,1.7962672,0.93395531,1.7391296,2.1811242
0.16601563,1.8692489,1.1633361,1.8096848,2.2033791
0.16796875,1.9422372,1.2877035,1.8786101,2.2823221
0.16992188,1.9981665,1.2503004,1.9397664,2.3543934
0.171875,2.0779752,1.2398536,2.0066316,2.3875165
0.17382813,2.1486258,1.3580677,2.074186,2.4492847
0.17578125,2.222027,1.5150035,2.1524207,2.5375511
0.17773438,2.2990753,1.5247809,2.2390878,2.6303958
0.1796875,2.3691206,1.5103762,2.2972247,2.6950759
0.18164063,2.4538695,1.6297366,2.3724029,2.6972537
0.18359375,2.5246169,1.7709116,2.4517946,2.74848
0.18554688,2.6119561,1.8252074,2.5405159,2.8875865
0.1875,2.685781,1.8342367,2.6234242,2.9837672
0.18945313,2.7628717,1.9372326,2.699666,2.9900636
0.19140625,2.8562557,2.0667474,2.7829561,3.0045802
0.19335938,2.9383852,2.1473839,2.87205,3.1206886
0.1953125,3.0328955,2.2054176,2.9830412,3.2534265
0.19726563,3.1201274,2.2422275,3.0603356,3.2846064
0.19921875,3.2079455,2.3218283,3.1414091,3.2844045
0.20117188,3.2925157,2.4262669,3.2258949,3.3766827
0.203125,3.3930492,2.5239648,3.3140277,3.5134615
0.20507813,3.4897358,2.6011052,3.4101049,3.5921237
0.20703125,3.5695517,2.6605703,3.4939966,3.6382522
0.20898438,3.6702971,2.7315886,3.5947451,3.705127
0.2109375,3.7623055,2.843759,3.6906435,3.8239526
0.21289063,3.8629813,2.9684543,3.7959108,3.9070406
0.21484375,3.967755,3.0190513,3.8953537,3.9277858
0.21679688,4.0689234,3.0935688,3.9882626,4.0016179
0.21875,4.1692781,3.2009129,4.0923824,4.1216626
0.22070313,4.2741556,3.2474601,4.1968007,4.205749
0.22265625,4.3796243,3.2986214,4.2927269,4.2409453
0.22460938,4.4716587,3.4285273,4.3994207,4.3461794
0.2265625,4.5881705,3.5649735,4.5054984,4.4530201
0.22851563,4.6948585,3.6082339,4.5927376,4.5228633
0.23046875,4.7965564,3.6744952,4.7191438,4.6423645
0.23242188,4.9092288,3.784116,4.8243088,4.6947035
0.234375,5.0243039,3.8914687,4.9147572,4.7168607
0.23632813,5.1419935,3.9617006,5.0356578,4.8130478
0.23828125,5.2516117,4.0131568,5.1541218,4.9530019
0.24023438,5.3719773,4.1297135,5.2771086,5.0510292
0.2421875,5.4826555,4.1979212,5.4030814,5.0620975
0.24414063,5.6030092,4.2637982,5.518392,5.1059846
0.24609375,5.7176656,4.3808999,5.623013,5.2530822
0.24804688,5.8247475,4.5053429,5.7576189,5.3566627
0.25,5.9561491,4.5857687,5.8728513,5.3755931
0.25195313,6.0742492,4.6056866,6.0099329,5.4664759
0.25390625,6.1905422,4.7406268,6.1497802,5.5681338
0.25585938,6.3165602,4.8979558,6.2399716,5.6287002
0.2578125,6.4454088,4.9124646,6.3771848,5.7074794
0.25976563,6.5714125,4.9323296,6.5008311,5.7741556
0.26171875,6.6968774,5.0732975,6.6308045,5.8924522
0.26367188,6.8269052,5.2230982,6.7669119,5.9908523
0.265625,6.9532833,5.2492623,6.8968162,6.0218915
0.26757813,7.0730161,5.2530131,7.0357828,6.1015973
0.26953125,7.1966748,5.3855953,7.1554093,6.2194714
0.27148438,7.3322186,5.5937199,7.2826428,6.2911677
0.2734375,7.4610858,5.683639,7.4048471,6.3378477
0.27539063,7.588634,5.6229219,7.5360555,6.4266433
0.27734375,7.7212076,5.6785874,7.6652598,6.5350647
0.27929688,7.8540277,5.9228382,7.7965688,6.6533112
0.28125,7.9897594,6.0283484,7.9347028,6.6979308
0.28320313,8.1169033,5.9350314,8.0775489,6.7530026
0.28515625,8.2507486,6.0005383,8.2116518,6.8568291
0.28710938,8.3961792,6.261003,8.339221,6.9087696
0.2890625,8.5242004,6.3569412,8.478342,6.9852819
0.29101563,8.6589269,6.2527065,8.6195268,7.0755457
0.29296875,8.8056259,6.3154964,8.765994,7.16293
0.29492188,8.9421272,6.5974631,8.8978242,7.2314195
0.296875,9.0699672,6.6942033,9.0285968,7.2796983
0.29882813,9.2103395,6.5595712,9.1771726,7.3613638
0.30078125,9.3564481,6.6235227,9.3056469,7.4800281
0.30273438,9.4787454,6.910058,9.4442987,7.551856
0.3046875,9.6224298,7.0173854,9.5912685,7.5641417
0.30664063,9.7686519,6.906744,9.7363758,7.6556615
0.30859375,9.8993663,6.9687247,9.8807086,7.8141183
0.31054688,10.045655,7.2299795,10.001766,7.8635382
0.3125,10.18261,7.2937851,10.152287,7.8121614
0.31445313,10.326787,7.2209258,10.286747,7.9161186
0.31640625,10.475308,7.3175945,10.426959,8.1262798
0.31835938,10.610515,7.4963932,10.583664,8.142785
0.3203125,10.749825,7.5418877,10.715703,8.0887584
0.32226563,10.894414,7.5075125,10.860117,8.2342176
0.32421875,11.033248,7.634315,10.997365,8.3897743
0.32617188,11.171052,7.8239593,11.138986,8.37362
0.328125,11.323119,7.8387026,11.278203,8.3853263
0.33007813,11.463274,7.824541,11.41526,8.5281076
0.33203125,11.592656,7.9640178,11.557473,8.6701746
0.33398438,11.743148,8.094038,11.691509,8.6622705
0.3359375,11.885608,8.0556402,11.8338,8.6606502
0.33789063,12.022894,8.098814,11.975734,8.812478
0.33984375,12.167951,8.2987604,12.127141,8.8997755
0.34179688,12.30005,8.370799,12.274734,8.8919487
0.34375,12.432403,8.3178138,12.404962,8.9437875
0.34570313,12.578733,8.3637905,12.549298,9.0518398
0.34765625,12.725414,8.5618791,12.692301,9.0995435
0.34960938,12.85788,8.6968326,12.833523,9.107912
0.3515625,12.996249,8.6121425,12.977152,9.2141447
0.35351563,13.129152,8.5452861,13.117491,9.3255891
0.35546875,13.267912,8.7394218,13.244072,9.325366
0.35742188,13.411585,8.9607048,13.359243,9.3232488
0.359375,13.544102,8.9256935,13.509764,9.4447488
0.36132813,13.679062,8.8250713,13.656219,9.5929775
0.36328125,13.823952,8.9319982,13.785901,9.6289138
0.36523438,13.956965,9.1435165,13.922392,9.5946407
0.3671875,14.079943,9.1869974,14.062672,9.6438827
0.36914063,14.22642,9.0629787,14.192889,9.7946348
0.37109375,14.351645,9.1277723,14.323848,9.8509511
0.37304688,14.484933,9.3776159,14.465893,9.8043146
0.375,14.621774,9.4051942,14.579865,9.8486204
0.37695313,14.746046,9.3131647,14.714229,10.013365
0.37890625,14.881271,9.3789444,14.852474,10.082336
0.38085938,15.007305,9.5316429,14.97961,9.9975843
0.3828125,15.130325,9.5920991,15.111069,10.047263
0.38476563,15.256672,9.5353078,15.244784,10.224067
0.38671875,15.382759,9.5942153,15.378522,10.273152
0.38867188,15.504534,9.7813386,15.482513,10.233745
0.390625,15.63078,9.8106384,15.61199,10.226268
0.39257813,15.756065,9.7362136,15.726513,10.345624
0.39453125,15.87736,9.8130874,15.847808,10.485754
0.39648438,15.988952,9.9480009,15.984977,10.461641
0.3984375,16.105972,9.9353036,16.082624,10.441475
0.40039063,16.229353,9.9236412,16.218363,10.540339
0.40234375,16.350363,10.06282,16.325386,10.637208
0.40429688,16.464081,10.156039,16.411896,10.646773
0.40625,16.565435,10.09734,16.546606,10.625701
0.40820313,16.682337,10.058419,16.666531,10.714159
0.41015625,16.798048,10.202439,16.765503,10.839814
0.41210938,16.898273,10.376763,16.868366,10.824972
0.4140625,17.001266,10.335339,16.97044,10.773345
0.41601563,17.109251,10.208365,17.078953,10.884041
0.41796875,17.217625,10.323963,17.193893,11.01335
0.41992188,17.31122,10.557529,17.296293,10.981708
0.421875,17.414356,10.521927,17.397295,10.928232
0.42382813,17.525076,10.3728,17.504709,11.006442
0.42578125,17.621151,10.460687,17.600393,11.135545
0.42773438,17.717945,10.634072,17.692137,11.133684
0.4296875,17.805965,10.62194,17.793285,11.054155
0.43164063,17.905617,10.535653,17.885412,11.126784
0.43359375,18.005352,10.615277,17.990211,11.284305
0.43554688,18.084505,10.779044,18.084208,11.280232
0.4375,18.171669,10.75223,18.167543,11.184685
0.43945313,18.260672,10.644227,18.263361,11.219869
0.44140625,18.335096,10.735036,18.344088,11.377651
0.44335938,18.422644,10.907591,18.412506,11.399993
0.4453125,18.503633,10.914908,18.500084,11.290542
0.44726563,18.565027,10.828249,18.585093,11.334981
0.44921875,18.647837,10.830894,18.654837,11.507024
0.45117188,18.727594,10.949509,18.728542,11.526723
0.453125,18.794321,11.063839,18.783028,11.412177
0.45507813,18.865419,10.999883,18.844692,11.448318
0.45703125,18.941483,10.875681,18.904427,11.60327
0.45898438,19.008121,10.966684,18.975159,11.64475
0.4609375,19.074804,11.141704,19.041924,11.577371
0.46289063,19.13213,11.091187,19.083227,11.601375
0.46484375,19.185066,10.9518,19.149841,11.700078
0.46679688,19.248354,11.014138,19.208961,11.704768
0.46875,19.309416,11.208376,19.260807,11.665947
0.47070313,19.366455,11.249364,19.324312,11.686741
0.47265625,19.413113,11.076948,19.371582,11.756443
0.47460938,19.460705,11.005197,19.418346,11.766905
0.4765625,19.50288,11.198036,19.471811,11.709364
0.47851563,19.541605,11.32686,19.524815,11.724213
0.48046875,19.585217,11.198656,19.579536,11.818058
0.48242188,19.631342,11.114677,19.617031,11.828133
0.484375,19.67042,11.261543,19.647869,11.736134
0.48632813,19.706377,11.365336,19.682577,11.707669
0.48828125,19.734486,11.217566,19.713657,11.803509
0.49023438,19.769629,11.084216,19.748951,11.876552
0.4921875,19.806566,11.226174,19.784498,11.818553
0.49414063,19.828716,11.421637,19.813007,11.779305
0.49609375,19.857487,11.291959,19.835072,11.848758
0.49804688,19.881617,11.076726,19.849899,11.910042
0.5,19.91123,11.197696,19.885136,11.867311
0.50195313,19.926872,11.413435,19.914223,11.822721
0.50390625,19.932817,11.313807,19.914328,11.885934
0.50585938,19.949841,11.096635,19.926819,11.953257
0.5078125,19.965509,11.210269,19.93498,11.938786
0.50976563,19.974005,11.465967,19.939241,11.903109
0.51171875,19.971184,11.408036,19.940397,11.951185
0.51367188,19.979956,11.181528,19.943556,12.029039
0.515625,19.9856,11.2346,19.95158,12.026268
0.51757813,19.980156,11.424191,19.953276,11.989406
0.51953125,19.989573,11.386082,19.968769,12.014083
0.52148438,19.997036,11.238944,19.979557,12.059689
0.5234375,19.991661,11.262468,19.982218,12.050255
0.52539063,19.995968,11.320769,19.979717,12.023259
0.52734375,20.003279,11.267499,19.978395,12.025692
0.52929688,19.997801,11.221802,19.979784,12.043801
0.53125,19.988529,11.123805,19.98493,12.035891
0.53320313,19.986425,10.950127,19.978649,12.000842
0.53515625,19.986935,10.840689,19.979088,11.936831
0.53710938,19.992142,10.745161,19.997293,11.868315
0.5390625,19.981121,10.525316,19.977293,11.761698
0.54101563,19.972219,10.506179,19.967066,11.657075
0.54296875,19.972237,10.66213,19.973686,11.512195
0.54492188,19.947657,10.625981,19.957161,11.124974
0.546875,19.936756,10.464604,19.953138,10.867752
0.54882813,19.930849,10.442121,19.952272,11.014474
0.55078125,19.908747,10.649188,19.929392,11.195871
0.55273438,19.893415,10.657927,19.904322,11.09672
0.5546875,19.882545,10.419533,19.889845,10.898449
0.55664063,19.857267,10.381834,19.895294,11.002586
0.55859375,19.834953,10.572596,19.87883,11.221756
0.56054688,19.821335,10.576963,19.848524,11.124033
0.5625,19.805952,10.361077,19.837908,10.84424
0.56445313,19.779322,10.333009,19.80718,10.886159
0.56640625,19.74575,10.46203,19.780165,11.14977
0.56835938,19.735569,10.425697,19.764269,11.093586
0.5703125,19.707935,10.299196,19.742256,10.834299
0.57226563,19.676102,10.338287,19.717426,10.852915
0.57421875,19.656771,10.400396,19.690081,11.066905
0.57617188,19.627853,10.327722,19.67116,11.00324
0.578125,19.61215,10.240348,19.63924,10.761406
0.58007813,19.582794,10.243149,19.609238,10.78611
0.58203125,19.556416,10.266494,19.588797,10.973429
0.58398438,19.536989,10.191265,19.556349,10.928313
0.5859375,19.49362,10.113058,19.526632,10.708834
0.58789063,19.462746,10.124652,19.490021,10.699515
0.58984375,19.433323,10.172793,19.453688,10.849478
0.59179688,19.404142,10.197271,19.432804,10.821894
0.59375,19.380529,10.120132,19.39628,10.652472
0.59570313,19.346771,10.038128,19.355627,10.639855
0.59765625,19.318134,10.031326,19.332222,10.748466
0.59960938,19.282795,10.002459,19.281284,10.72107
0.6015625,19.251427,9.9318466,19.247452,10.587103
0.60351563,19.218548,9.9036388,19.232725,10.551856
0.60546875,19.1747,9.9653692,19.178825,10.63757
0.60742188,19.138544,9.93855,19.144279,10.609222
0.609375,19.100142,9.8251247,19.134327,10.452561
0.61132813,19.068083,9.8428821,19.085621,10.447016
0.61328125,19.034426,9.9213514,19.038336,10.55153
0.61523438,18.98996,9.8539199,19.027273,10.449957
0.6171875,18.960533,9.6757783,18.986067,10.304757
0.61914063,18.921419,9.6444215,18.935499,10.37026
0.62109375,18.870672,9.7689733,18.892138,10.404092
0.62304688,18.833662,9.7424144,18.84395,10.276557
0.625,18.793102,9.567872,18.804451,10.204287
0.62695313,18.754223,9.5743494,18.761215,10.307822
0.62890625,18.704292,9.702074,18.730314,10.346789
0.63085938,18.652956,9.6262044,18.683439,10.206295
0.6328125,18.610826,9.427083,18.627951,10.109133
0.63476563,18.564585,9.4619445,18.589819,10.166293
0.63671875,18.510792,9.6365108,18.539438,10.200438
0.63867188,18.455624,9.5423393,18.487295,10.096223
0.640625,18.419477,9.2898511,18.445162,10.009224
0.64257813,18.374369,9.3175296,18.389313,10.046022
0.64453125,18.318726,9.49899,18.34024,10.08728
0.64648438,18.26932,9.3779125,18.309416,10.001013
0.6484375,18.214039,9.1200361,18.250151,9.910325
0.65039063,18.160379,9.1711816,18.199926,9.925744
0.65234375,18.11932,9.3922681,18.154037,9.9050893
0.65429688,18.067541,9.3418932,18.085634,9.8146505
0.65625,18.012213,9.0656089,18.037724,9.7957782
0.65820313,17.965216,8.9612608,17.99308,9.8149871
0.66015625,17.907635,9.1308832,17.929541,9.796154
0.66210938,17.848207,9.1995143,17.879351,9.7207117
0.6640625,17.785534,8.9681634,17.825579,9.6505975
0.66601563,17.723351,8.8496933,17.763248,9.6784648
0.66796875,17.68004,9.0280361,17.708885,9.6725807
0.66992188,17.620922,9.1327648,17.648476,9.5711736
0.671875,17.547388,8.9202451,17.577869,9.5252552
0.67382813,17.492786,8.660799,17.523283,9.5653591
0.67578125,17.436853,8.7622375,17.491592,9.5379629
0.67773438,17.373802,9.0110015,17.417147,9.4543094
0.6796875,17.30695,8.8678445,17.352427,9.4144859
0.68164063,17.252954,8.5305309,17.301542,9.3729314
0.68359375,17.188168,8.5872631,17.22263,9.3327817
0.68554688,17.125376,8.8551044,17.156822,9.3107118
0.6875,17.074308,8.7203941,17.114027,9.2842674
0.68945313,17.001644,8.3917541,17.041786,9.2796039
0.69140625,16.940596,8.4151992,16.951462,9.2494621
0.69335938,16.871487,8.6022176,16.888926,9.1353826
0.6953125,16.796278,8.5522489,16.837011,9.1004715
0.69726563,16.737375,8.3336496,16.770872,9.2007293
0.69921875,16.683126,8.3435897,16.698269,9.1780538
0.70117188,16.609327,8.5009708,16.656361,8.9582366
0.703125,16.52566,8.362689,16.572306,8.8794145
0.70507813,16.458532,8.0749578,16.512287,9.0192613
0.70703125,16.390198,8.1374139,16.451416,8.9807033
0.70898438,16.323397,8.4441833,16.352455,8.7736196
0.7109375,16.249254,8.3584594,16.298452,8.7425985
0.71289063,16.16942,7.9566073,16.226406,8.8414192
0.71484375,16.109825,7.9044451,16.156269,8.8169126
0.71679688,16.043758,8.1807975,16.079466,8.7017059
0.71875,15.957901,8.1998662,15.988568,8.6512832
0.72070313,15.887091,7.8382854,15.929101,8.6603317
0.72265625,15.807122,7.6910986,15.867731,8.6511097
0.72460938,15.731354,7.9862103,15.781438,8.5922393
0.7265625,15.659496,8.0851469,15.704198,8.5178165
0.72851563,15.57695,7.7732543,15.621404,8.4556179
0.73046875,15.510142,7.5903768,15.541514,8.4458208
0.73242188,15.438157,7.7593002,15.473435,8.445651
0.734375,15.362681,7.8495082,15.392801,8.3880596
0.73632813,15.271118,7.5822577,15.313676,8.3130312
0.73828125,15.182875,7.3907694,15.231742,8.2716836
0.74023438,15.115458,7.5588402,15.147696,8.2489204
0.7421875,15.028758,7.7183618,15.078218,8.2041912
0.74414063,14.948143,7.5534758,15.012389,8.1566782
0.74609375,14.874125,7.2837481,14.92714,8.1246948
0.74804688,14.784647,7.30903,14.833192,8.0504417
0.75,14.706484,7.4543814,14.750527,7.9457821
0.75195313,14.627046,7.3530612,14.660044,7.9329748
0.75390625,14.540944,7.1523742,14.575055,7.997148
0.75585938,14.459212,7.1325564,14.512355,7.9624419
0.7578125,14.370672,7.2124509,14.403666,7.8334136
0.75976563,14.284631,7.1493864,14.311659,7.7820735
0.76171875,14.194522,7.0041809,14.243855,7.7888231
0.76367188,14.104313,6.9897904,14.152771,7.7656407
0.765625,14.025168,7.0491285,14.07276,7.6835956
0.76757813,13.925937,6.9999752,13.975138,7.591907
0.76953125,13.836698,6.8665351,13.891744,7.5765538
0.77148438,13.764389,6.7834959,13.811315,7.5732359
0.7734375,13.672007,6.819539,13.714632,7.5059409
0.77539063,13.585403,6.7963557,13.623061,7.4170312
0.77734375,13.488234,6.629755,13.535685,7.3748965
0.77929688,13.392115,6.544147,13.447681,7.3767709
0.78125,13.31502,6.5960941,13.364682,7.3438854
0.78320313,13.215749,6.6413769,13.271695,7.2401814
0.78515625,13.126207,6.5406241,13.157362,7.1867523
0.78710938,13.035265,6.3655576,13.078543,7.1652951
0.7890625,12.939044,6.3323025,12.9996,7.1119914
0.79101563,12.855987,6.3861465,12.90573,7.1030912
0.79296875,12.75718,6.3453965,12.815157,7.0209622
0.79492188,12.658338,6.2061004,12.714083,6.8960886
0.796875,12.562934,6.1083607,12.606757,6.8802685
0.79882813,12.468122,6.1431961,12.51542,6.896142
0.80078125,12.369359,6.1855278,12.429329,6.8738479
0.80273438,12.269198,6.0689702,12.317265,6.801186
0.8046875,12.17496,5.8908591,12.227705,6.7099952
0.80664063,12.079096,5.8935475,12.146918,6.651113
0.80859375,11.983209,5.9740042,12.029106,6.644268
0.81054688,11.886197,5.8522644,11.927558,6.6002693
0.8125,11.784329,5.6415343,11.851976,6.4650783
0.81445313,11.692835,5.6438145,11.745976,6.4290146
0.81640625,11.592294,5.7307519,11.642157,6.4456133
0.81835938,11.483523,5.6321992,11.536422,6.2970271
0.8203125,11.390975,5.4342317,11.441598,6.2772274
0.82226563,11.287788,5.4071483,11.354862,6.3501634
0.82421875,11.179235,5.5156221,11.229908,6.201735
0.82617188,11.080667,5.4085612,11.123223,6.0622282
0.828125,10.98611,5.1911768,11.0514,6.0575661
0.83007813,10.872518,5.2061491,10.943166,6.1257553
0.83203125,10.767039,5.2813572,10.835706,6.0458846
0.83398438,10.671942,5.1364135,10.752378,5.8107194
0.8359375,10.566277,4.9857268,10.626713,5.7574148
0.83789063,10.463612,5.0316324,10.516117,5.8294735
0.83984375,10.350252,5.023065,10.426229,5.8049368
0.84179688,10.252015,4.8296618,10.319075,5.6719541
0.84375,10.161231,4.7325687,10.196129,5.5873704
0.84570313,10.050588,4.7878646,10.097767,5.5917058
0.84765625,9.9338188,4.7396998,9.9988603,5.5478129
0.84960938,9.83428,4.5634694,9.8845796,5.4611196
0.8515625,9.730894,4.4489989,9.7901582,5.3962745
0.85351563,9.6109657,4.5029449,9.6776504,5.3454403
0.85546875,9.5045633,4.5092401,9.5654859,5.2606215
0.85742188,9.4085931,4.3513913,9.4568157,5.1829905
0.859375,9.3005619,4.2569255,9.366168,5.1423802
0.86132813,9.1930742,4.2377052,9.268897,5.1214742
0.86328125,9.0926876,4.1273574,9.1464767,5.0553169
0.86523438,8.9774036,4.0321478,9.0367927,4.8783512
0.8671875,8.8629245,3.987297,8.9304246,4.8136167
0.86914063,8.7533254,3.9078986,8.8106451,4.8781895
0.87109375,8.6430053,3.8637125,8.6829462,4.8162345
0.87304688,8.540802,3.8172996,8.5673761,4.6591677
0.875,8.4283914,3.7061605,8.449542,4.5902876
0.87695313,8.3077487,3.6022665,8.3561077,4.6556019
0.87890625,8.2066783,3.5644681,8.2440843,4.6253652
0.88085938,8.0935211,3.5227105,8.1129398,4.4287276
0.8828125,7.9808478,3.4174385,8.0148677,4.3070669
0.88476563,7.876369,3.2857387,7.9059176,4.3144688
0.88671875,7.7545213,3.237318,7.7982826,4.3270368
0.88867188,7.6370029,3.2264604,7.6919889,4.1607179
0.890625,7.5264225,3.0802805,7.5743293,3.9712441
0.89257813,7.4190793,2.985784,7.4483552,3.9765744
0.89453125,7.3047456,2.9931476,7.3386826,3.9874119
0.89648438,7.1870842,2.9062485,7.2454981,3.8752641
0.8984375,7.0690932,2.7411537,7.1316347,3.7550869
0.90039063,6.9500308,2.6106026,7.006217,3.7320566
0.90234375,6.8448963,2.6588211,6.8884382,3.6461982
0.90429688,6.7283759,2.6687686,6.7730755,3.5100643
0.90625,6.5999951,2.4694721,6.6732597,3.479187
0.90820313,6.5014858,2.2525627,6.5597968,3.4736113
0.91015625,6.3870463,2.2232308,6.4357595,3.3661027
0.91210938,6.2654027,2.3334045,6.3176717,3.1782972
0.9140625,6.1577911,2.1610565,6.1827788,3.1375443
0.91601563,6.0286154,1.8756969,6.0836806,3.1702456
0.91796875,5.908112,1.8840212,5.9798102,3.0670104
0.91992188,5.7927999,1.9678899,5.842647,2.9283542
0.921875,5.6793136,1.8532745,5.7294035,2.8401598
0.92382813,5.5656805,1.6157493,5.6222214,2.7847535
0.92578125,5.4450779,1.5471527,5.4994077,2.7127378
0.92773438,5.3204536,1.5643284,5.3800792,2.6121158
0.9296875,5.2081913,1.4480973,5.2595868,2.5089047
0.93164063,5.0938625,1.2668384,5.1403665,2.4298441
0.93359375,4.9663853,1.2350598,5.0091428,2.3698735
0.93554688,4.8508596,1.2611376,4.8883185,2.2692291
0.9375,4.7267565,1.0707992,4.7822747,2.1781716
0.93945313,4.606255,0.90433204,4.6529307,2.1366517
0.94140625,4.484652,0.92105025,4.5494084,2.0529856
0.94335938,4.3731608,0.92632151,4.4303388,1.8924455
0.9453125,4.2515406,0.74842888,4.2956605,1.779523
0.94726563,4.1323518,0.57519406,4.1821227,1.7454921
0.94921875,4.022736,0.57190776,4.0548372,1.6670478
0.95117188,3.887233,0.54188228,3.9350562,1.5621562
0.953125,3.7785255,0.40783736,3.807692,1.4596639
0.95507813,3.6532433,0.27911425,3.6998524,1.3923641
0.95703125,3.5265686,0.29400402,3.5931563,1.327175
0.95898438,3.4159622,0.25221348,3.4603722,1.2281322
0.9609375,3.2813286,0.13325144,3.3473134,1.1133244
0.96289063,3.1692533,0.070107892,3.2175297,0.97491467
0.96484375,3.0520925,0.0026206505,3.0986688,0.92870438
0.96679688,2.9260363,0.017124951,2.9840734,0.88090479
0.96875,2.8029363,-0.034569506,2.862545,0.77850783
0.97070313,2.6815612,-0.15454015,2.7321729,0.67919767
0.97265625,2.5717301,-0.11540761,2.5978276,0.59309852
0.97460938,2.4373095,-0.054939739,2.4926869,0.54723758
0.9765625,2.315479,-0.14693835,2.3621361,0.48034179
0.97851563,2.2010316,-0.22698016,2.2396466,0.43402168
0.98046875,2.0766551,-0.14483595,2.109049,0.32601604
0.98242188,1.9557901,-0.07181903,1.9944201,0.19451457
0.984375,1.8248714,-0.17904837,1.8778166,0.20641801
0.98632813,1.7052149,-0.26800358,1.7309657,0.21409266
0.98828125,1.5851616,-0.15235747,1.627682,0.07216198
0.99023438,1.4702259,-0.079553314,1.5146883,-0.067774944
0.9921875,1.3428949,-0.15824227,1.3877379,0.025504582
0.99414063,1.2109046,-0.22523394,1.2547227,0.071323268
0.99609375,1.0933655,-0.19114822,1.1199566,-0.11606105
0.99804688,0.95932025,-0.12581362,1.0023268,-0.19046737
1.0,0.84079987,-0.14143772,0.88823617,-0.027747745
1.0019531,0.72527558,-0.15502042,0.76280189,0.05559276
1.0039062,0.60384935,-0.12671922,0.64688951,-0.13538687
1.0058593,0.47666696,-0.15650955,0.49985787,-0.2373898
1.0078125,0.35057971,-0.22066003,0.37452978,-0.07955879
1.0097656,0.23392464,-0.19180435,0.28702086,0.0023430544
1.0117187,0.10386064,-0.11592484,0.14472781,-0.12103489
1.0136718,-0.028454639,-0.14798632,0.02200371,-0.1743754
1.015625,-0.14335632,-0.27145019,-0.10158466,-0.10465735
1.0175781,-0.2568222,-0.34403461,-0.22106589,-0.087541506
1.0195312,-0.39250585,-0.27949488,-0.32481897,-0.12580024
1.0214843,-0.50316858,-0.37071088,-0.45246977,-0.1498861
1.0234375,-0.62386489,-0.66295642,-0.57537079,-0.13275099
1.0253906,-0.75370848,-0.71007597,-0.69579637,-0.17534928
1.0273437,-0.8728236,-0.67285103,-0.81014603,-0.18930748
1.0292968,-0.99503714,-0.84715724,-0.93376982,-0.14058621
1.03125,-1.1155318,-1.0449146,-1.063652,-0.15237361
1.0332031,-1.2471654,-1.1027897,-1.1873838,-0.20990205
1.0351562,-1.3595573,-1.1454229,-1.3131589,-0.28928578
1.0371093,-1.4888379,-1.3229283,-1.4411729,-0.26833427
1.0390625,-1.6168478,-1.5123056,-1.5578099,-0.27068534
1.0410156,-1.729552,-1.6026064,-1.6796753,-0.4066551
1.0429687,-1.8528592,-1.6241744,-1.813728,-0.53612328
1.0449218,-1.9814453,-1.7474428,-1.9137092,-0.62476027
1.046875,-2.0985524,-1.9898982,-2.0522825,-0.67777789
1.0488281,-2.2186749,-2.09259,-2.1831743,-0.74082655
1.0507812,-2.3437304,-2.0781858,-2.2800171,-0.84893334
1.0527343,-2.4527013,-2.1882965,-2.4176106,-0.93213779
1.0546875,-2.5831155,-2.3826422,-2.5329904,-0.9812752
1.0566406,-2.7046883,-2.5120353,-2.6655101,-1.140542
1.0585937,-2.8209176,-2.5954184,-2.7789285,-1.308977
1.0605468,-2.9485025,-2.6689791,-2.8793101,-1.39785
1.0625,-3.0651519,-2.7591078,-3.0178294,-1.4567052
1.0644531,-3.1843438,-2.8801095,-3.1482014,-1.5757117
1.0664062,-3.3179113,-2.9759388,-3.2549312,-1.8214598
1.0683593,-3.4404611,-3.0429527,-3.3651886,-1.8915486
1.0703125,-3.5525972,-3.2053084,-3.5012958,-1.8209381
1.0722656,-3.6780245,-3.2982587,-3.6224329,-2.0033397
1.0742187,-3.7979216,-3.2937557,-3.742419,-2.2785549
1.0761718,-3.9152064,-3.4669742,-3.8597116,-2.2982256
1.078125,-4.036261,-3.6181399,-3.9732081,-2.2400996
1.0800781,-4.1611104,-3.6289985,-4.0938944,-2.4248013
1.0820312,-4.2809405,-3.7085409,-4.2245197,-2.6955344
1.0839843,-4.4016051,-3.8858261,-4.3456177,-2.7278635
1.0859375,-4.5196547,-3.9726476,-4.4729614,-2.690664
1.0878906,-4.6366844,-3.9644217,-4.5905294,-2.8165774
1.0898437,-4.7621884,-4.0663967,-4.6918258,-3.0126252
1.0917968,-4.8721714,-4.2695527,-4.8299951,-3.0946214
1.09375,-4.9851641,-4.3653936,-4.9586329,-3.0949842
1.0957031,-5.1086192,-4.3140006,-5.0776801,-3.2410156
1.0976562,-5.2312288,-4.4157185,-5.2039175,-3.3901701
1.0996093,-5.343924,-4.6585121,-5.3183212,-3.4214367
1.1015625,-5.4661841,-4.6901865,-5.4240765,-3.4551818
1.1035156,-5.598041,-4.6105356,-5.5521574,-3.5708465
1.1054687,-5.7066564,-4.7576994,-5.6647839,-3.7491376
1.1074218,-5.8200974,-4.941679,-5.7770996,-3.8438656
1.109375,-5.9479003,-4.9246749,-5.9148836,-3.8546345
1.1113281,-6.0637264,-4.9603033,-6.0031018,-3.9235682
1.1132812,-6.1829752,-5.1554813,-6.1152892,-4.0856323
1.1152343,-6.3031787,-5.2512846,-6.2481756,-4.1571335
1.1171875,-6.4031648,-5.1944265,-6.3627638,-4.1879253
1.1191406,-6.5298376,-5.2488832,-6.4906473,-4.3484916
1.1210937,-6.6522669,-5.4499731,-6.602911,-4.4469757
1.1230468,-6.7581172,-5.6210084,-6.7218203,-4.4159855
1.125,-6.8746247,-5.5661611,-6.8284158,-4.4722995
1.1269531,-6.9932684,-5.4896512,-6.932558,-4.6401381
1.1289062,-7.1212377,-5.7058782,-7.061686,-4.7542767
1.1308593,-7.2265839,-5.9021077,-7.1780343,-4.7522931
1.1328125,-7.3453631,-5.8469572,-7.2944159,-4.8247528
1.1347656,-7.4584021,-5.7845025,-7.42666,-5.0144743
1.1367187,-7.5726628,-5.9671316,-7.5287461,-5.0285725
1.1386718,-7.6899013,-6.1440796,-7.6352262,-4.9859719
1.140625,-7.7899599,-6.1230616,-7.7640337,-5.1200537
1.1425781,-7.916007,-6.1332283,-7.8622713,-5.3028554
1.1445312,-8.0169649,-6.2466311,-7.9798078,-5.3394403
1.1464843,-8.1318016,-6.3858356,-8.1016254,-5.2762575
1.1484375,-8.2518005,-6.4071984,-8.2005405,-5.4246363
1.1503906,-8.3505277,-6.4175567,-8.3244867,-5.622663
1.1523437,-8.469551,-6.5128288,-8.4358148,-5.5757541
1.1542968,-8.5784511,-6.5786323,-8.5244522,-5.5492229
1.15625,-8.6887979,-6.6662201,-8.640316,-5.7087183
1.1582031,-8.8075246,-6.7305355,-8.7511997,-5.8686037
1.1601562,-8.9161777,-6.7442379,-8.8750066,-5.8828015
1.1621093,-9.0185966,-6.7940692,-8.9880819,-5.8761205
1.1640625,-9.1345663,-6.8784599,-9.0820322,-5.9917516
1.1660156,-9.2536344,-6.9592213,-9.1967849,-6.0747442
1.1679687,-9.3534727,-7.0415816,-9.2866096,-6.0909066
1.1699218,-9.4571895,-7.0524091,-9.4051303,-6.1554341
1.171875,-9.570816,-7.0388035,-9.5281534,-6.2659053
1.1738281,-9.6827039,-7.1937012,-9.6374921,-6.3530449
1.1757812,-9.7937145,-7.3375363,-9.7606258,-6.3693656
1.1777343,-9.8943452,-7.3144302,-9.8676433,-6.3668098
1.1796875,-10.002226,-7.2685332,-9.9711017,-6.4480276
1.1816406,-10.106026,-7.389441,-10.067213,-6.5456585
1.1835937,-10.21209,-7.5760445,-10.16913,-6.5523958
1.1855468,-10.326867,-7.5905461,-10.267017,-6.6196546
1.1875,-10.417997,-7.5326495,-10.383204,-6.7647237
1.1894531,-10.528657,-7.607315,-10.497982,-6.833425
1.1914062,-10.643958,-7.7480168,-10.588878,-6.8198494
1.1933593,-10.745811,-7.8043494,-10.701152,-6.8605942
1.1953125,-10.850961,-7.7879509,-10.796848,-6.966207
1.1972656,-10.955503,-7.7863149,-10.897884,-7.0112457
1.1992187,-11.060654,-7.9164276,-11.021662,-7.0551066
1.2011718,-11.155004,-8.0015411,-11.121092,-7.1168808
1.203125,-11.258989,-8.0007877,-11.216084,-7.1717515
1.2050781,-11.357773,-8.077198,-11.319945,-7.2041287
1.2070312,-11.452737,-8.1613521,-11.41334,-7.2350235
1.2089843,-11.559239,-8.1819095,-11.511595,-7.3449902
1.2109375,-11.661914,-8.193263,-11.625093,-7.3766989
1.2128906,-11.761936,-8.2944679,-11.715011,-7.3778429
1.2148437,-11.858845,-8.3778381,-11.798445,-7.5044884
1.2167968,-11.962091,-8.3405075,-11.911266,-7.5609111
1.21875,-12.059256,-8.3628616,-12.005111,-7.5445962
1.2207031,-12.154035,-8.4961814,-12.102117,-7.6192603
1.2226562,-12.257195,-8.5027551,-12.217875,-7.7243638
1.2246093,-12.350194,-8.4725618,-12.3154,-7.748064
1.2265625,-12.449126,-8.6459932,-12.414083,-7.7604122
1.2285156,-12.558584,-8.7542095,-12.507602,-7.8323812
1.2304687,-12.648166,-8.6344614,-12.609889,-7.8331785
1.2324218,-12.73624,-8.5908012,-12.717445,-7.8290658
1.234375,-12.8378,-8.759839,-12.81088,-7.9389329
1.2363281,-12.936575,-8.9110403,-12.905822,-7.9821715
1.2382812,-13.031163,-8.8279304,-12.999779,-7.9957938
1.2402343,-13.124722,-8.8215465,-13.076858,-8.121706
1.2421875,-13.226518,-8.9895153,-13.16925,-8.1741113
1.2441406,-13.316544,-9.0021038,-13.269304,-8.1209573
1.2460937,-13.398311,-8.9517583,-13.352745,-8.19172
1.2480468,-13.490502,-8.9980917,-13.442406,-8.3511133
1.25,-13.580747,-9.1492223,-13.533929,-8.3566398
1.2519531,-13.667824,-9.2524728,-13.640364,-8.3040647
1.2539062,-13.76031,-9.1834316,-13.724082,-8.3863058
1.2558593,-13.855293,-9.1368293,-13.807614,-8.47653
1.2578125,-13.942627,-9.2705516,-13.910453,-8.4314889
1.2597656,-14.02925,-9.3778839,-13.989222,-8.4338321
1.2617187,-14.118823,-9.2736225,-14.071943,-8.575674
1.2636718,-14.206022,-9.2582244,-14.159201,-8.6304693
1.265625,-14.291827,-9.465909,-14.244878,-8.5980329
1.2675781,-14.379485,-9.5439024,-14.33532,-8.6402254
1.2695312,-14.469114,-9.4033289,-14.416108,-8.7747001
1.2714843,-14.558102,-9.4028577,-14.50177,-8.8057832
1.2734375,-14.635739,-9.6049022,-14.594456,-8.7166032
1.2753906,-14.716894,-9.6497211,-14.681378,-8.7614212
1.2773437,-14.802143,-9.5102329,-14.762565,-8.9089736
1.2792968,-14.884798,-9.5780067,-14.839109,-8.9373989
1.28125,-14.967306,-9.7961931,-14.931211,-8.8961219
1.2832031,-15.04775,-9.7876939,-15.007717,-8.9370012
1.2851562,-15.132726,-9.6705293,-15.086873,-9.0226116
1.2871093,-15.210622,-9.7281208,-15.181356,-9.0695781
1.2890625,-15.293422,-9.8789787,-15.253251,-9.0558538
1.2910156,-15.375051,-9.8858776,-15.328499,-9.073101
1.2929687,-15.449071,-9.8311214,-15.408173,-9.1487159
1.2949218,-15.526387,-9.8761091,-15.477916,-9.199234
1.296875,-15.610082,-9.9682283,-15.558175,-9.2179708
1.2988281,-15.678404,-10.01938,-15.642994,-9.2473135
1.3007812,-15.748837,-9.9955062,-15.712738,-9.3056716
1.3027343,-15.837013,-9.9923496,-15.79559,-9.3399524
1.3046875,-15.899774,-10.120685,-15.871471,-9.3455553
1.3066406,-15.979376,-10.20457,-15.928621,-9.3612813
1.3085937,-16.053341,-10.091525,-16.007673,-9.3961601
1.3105468,-16.120531,-10.091027,-16.089943,-9.4641389
1.3125,-16.205315,-10.2502,-16.170193,-9.513566
1.3144531,-16.274855,-10.283553,-16.258833,-9.505393
1.3164062,-16.348969,-10.210969,-16.32757,-9.4925766
1.3183593,-16.416061,-10.215584,-16.392706,-9.5351238
1.3203125,-16.493011,-10.317914,-16.456408,-9.5663509
1.3222656,-16.568565,-10.369686,-16.514009,-9.5774641
1.3242187,-16.632942,-10.358664,-16.587196,-9.6446666
1.3261718,-16.708447,-10.357453,-16.667944,-9.725296
1.328125,-16.773983,-10.405644,-16.729361,-9.7627153
1.3300781,-16.835135,-10.464155,-16.785782,-9.7333889
1.3320312,-16.900446,-10.465821,-16.875702,-9.7188205
1.3339843,-16.963362,-10.496713,-16.932018,-9.8146143
1.3359375,-17.036694,-10.576113,-16.979883,-9.8973121
1.3378906,-17.096163,-10.599823,-17.050838,-9.8128137
1.3398437,-17.154964,-10.566735,-17.112551,-9.7958469
1.3417968,-17.224829,-10.57444,-17.193869,-9.9775571
1.34375,-17.285925,-10.66256,-17.260355,-10.036045
1.3457031,-17.355946,-10.694171,-17.312183,-9.9140691
1.3476562,-17.413937,-10.647306,-17.375998,-9.8673706
1.3496093,-17.464426,-10.672356,-17.440359,-10.002357
1.3515625,-17.532091,-10.7233,-17.502258,-10.129766
1.3535156,-17.589628,-10.759149,-17.569633,-10.061092
1.3554687,-17.635035,-10.826406,-17.625702,-9.9806728
1.3574218,-17.707676,-10.821409,-17.684277,-10.081452
1.359375,-17.761438,-10.783362,-17.729742,-10.184566
1.3613281,-17.819527,-10.877473,-17.782951,-10.139542
1.3632812,-17.884136,-10.926025,-17.85677,-10.103815
1.3652343,-17.916676,-10.874172,-17.897623,-10.2304
1.3671875,-17.975128,-10.846657,-17.946081,-10.324495
1.3691406,-18.032265,-10.88864,-18.000555,-10.22652
1.3710937,-18.088711,-11.066483,-18.062645,-10.192533
1.3730468,-18.14612,-11.110091,-18.119965,-10.346665
1.375,-18.186697,-10.947785,-18.157318,-10.431026
1.3769531,-18.234476,-10.873897,-18.211708,-10.307532
1.3789062,-18.288393,-11.017631,-18.275986,-10.246898
1.3808593,-18.345211,-11.204001,-18.316669,-10.409558
1.3828125,-18.397297,-11.145675,-18.368647,-10.505984
1.3847656,-18.445374,-10.98675,-18.419052,-10.375195
1.3867187,-18.498108,-11.02216,-18.456778,-10.321374
1.3886718,-18.554359,-11.165924,-18.518063,-10.497128
1.390625,-18.593042,-11.173113,-18.543732,-10.592534
1.3925781,-18.63195,-11.070799,-18.594185,-10.456866
1.3945312,-18.679235,-11.085634,-18.665998,-10.400592
1.3964843,-18.720257,-11.25612,-18.691292,-10.589511
1.3984375,-18.766956,-11.325247,-18.732515,-10.666796
1.4003906,-18.806278,-11.207339,-18.780487,-10.490076
1.4023437,-18.850763,-11.173015,-18.812653,-10.462814
1.4042968,-18.891466,-11.287703,-18.855818,-10.676036
1.40625,-18.929319,-11.332302,-18.907967,-10.735338
1.4082031,-18.96913,-11.246425,-18.954031,-10.576867
1.4101562,-19.002245,-11.242175,-18.984447,-10.544714
1.4121093,-19.050064,-11.365521,-19.022398,-10.710292
1.4140625,-19.084654,-11.393703,-19.063919,-10.750765
1.4160156,-19.113823,-11.312697,-19.101585,-10.629195
1.4179687,-19.152594,-11.283801,-19.139942,-10.637549
1.4199218,-19.188835,-11.381124,-19.162668,-10.766409
1.421875,-19.219814,-11.465488,-19.204269,-10.778872
1.4238281,-19.255344,-11.386123,-19.235527,-10.691457
1.4257812,-19.297749,-11.335148,-19.248714,-10.729148
1.4277343,-19.318897,-11.446337,-19.30677,-10.833736
1.4296875,-19.348339,-11.478221,-19.353807,-10.82519
1.4316406,-19.380833,-11.366363,-19.374994,-10.782411
1.4335937,-19.410639,-11.418575,-19.406326,-10.774183
1.4355468,-19.445509,-11.560589,-19.425854,-10.794665
1.4375,-19.46983,-11.513883,-19.470959,-10.83242
1.4394531,-19.508373,-11.407603,-19.498489,-10.839705
1.4414062,-19.536795,-11.450423,-19.507744,-10.846332
1.4433593,-19.554876,-11.54901,-19.543211,-10.843758
1.4453125,-19.581312,-11.487796,-19.560047,-10.850445
1.4472656,-19.608631,-11.430833,-19.576582,-10.909211
1.4492187,-19.639257,-11.557732,-19.607388,-10.935215
1.4511718,-19.667074,-11.628294,-19.648663,-10.904878
1.453125,-19.681477,-11.504545,-19.673586,-10.905471
1.4550781,-19.6966,-11.428098,-19.676979,-10.941092
1.4570312,-19.722816,-11.549703,-19.69623,-10.902337
1.4589843,-19.744209,-11.68274,-19.719244,-10.878407
1.4609375,-19.765112,-11.64026,-19.737419,-10.967063
1.4628906,-19.783136,-11.506049,-19.770695,-11.020188
1.4648437,-19.799702,-11.51198,-19.78256,-10.959892
1.4667968,-19.819063,-11.641662,-19.798532,-10.907072
1.46875,-19.839405,-11.6566,-19.827034,-10.957022
1.4707031,-19.860319,-11.571291,-19.830427,-11.010384
1.4726562,-19.871796,-11.553916,-19.845324,-10.980304
1.4746093,-19.878296,-11.601728,-19.86322,-10.93089
1.4765625,-19.896166,-11.616927,-19.878769,-10.972606
1.4785156,-19.913107,-11.620584,-19.892349,-11.052028
1.4804687,-19.922087,-11.663005,-19.895035,-11.023075
1.4824218,-19.934067,-11.65167,-19.920105,-10.942671
1.484375,-19.951635,-11.599403,-19.946726,-10.98068
1.4863281,-19.96423,-11.616749,-19.943565,-11.091336
1.4882812,-19.964609,-11.664839,-19.949268,-11.042027
1.4902343,-19.974669,-11.631474,-19.96941,-10.906628
1.4921875,-19.980326,-11.589262,-19.989437,-10.964786
1.4941406,-19.98704,-11.656458,-19.988033,-11.109614
1.4960937,-19.996471,-11.716599,-19.98521,-11.050912
1.4980468,-19.998228,-11.66566,-20.003069,-10.905499
1.5,-20.003736,-11.605165,-20.005846,-10.96766
1.5019531,-20.00687,-11.633419,-19.994663,-11.10399
1.5039062,-20.010906,-11.683798,-20.002607,-11.063238
1.5058593,-20.00971,-11.682527,-20.01474,-10.976204
1.5078125,-20.023466,-11.648374,-20.004658,-11.014276
1.5097656,-20.025232,-11.650556,-20.00243,-11.051018
1.5117187,-20.017151,-11.663413,-20.012508,-11.026241
1.5136718,-20.024843,-11.643104,-20.026789,-11.030793
1.515625,-20.026688,-11.637304,-20.015524,-11.027027
1.5175781,-20.030661,-11.622502,-20.012861,-11.02202
1.5195312,-20.032299,-11.568828,-20.027618,-11.00374
1.5214843,-20.028967,-11.49349,-20.016457,-10.992337
1.5234375,-20.018095,-11.406253,-20.018999,-11.009789
1.5253906,-20.019361,-11.326107,-20.020599,-10.965462
1.5273437,-20.022474,-11.213841,-20.014044,-10.91316
1.5292968,-20.013268,-11.098176,-20.019838,-10.896956
1.53125,-20.010584,-11.032,-20.016857,-10.849509
1.5332031,-20.012701,-10.931315,-19.999676,-10.785995
1.5351562,-20.006483,-11.025443,-19.996284,-10.752113
1.5371093,-19.991438,-11.214123,-20.005499,-10.673079
1.5390625,-19.989754,-11.062549,-20.004616,-10.595998
1.5410156,-19.980124,-10.888731,-19.996794,-10.45492
1.5429687,-19.958509,-11.03554,-19.997116,-10.400102
1.5449218,-19.945354,-11.177906,-19.99184,-10.66703
1.546875,-19.937502,-11.027395,-19.983309,-10.729236
1.5488281,-19.92907,-10.902591,-19.970875,-10.433871
1.5507812,-19.915594,-11.029886,-19.964794,-10.336688
1.5527343,-19.904123,-11.103475,-19.950113,-10.583502
1.5546875,-19.889931,-10.94562,-19.921471,-10.675027
1.5566406,-19.870707,-10.826293,-19.930777,-10.416185
1.5585937,-19.858492,-10.934116,-19.927206,-10.302744
1.5605468,-19.845814,-11.047714,-19.905533,-10.532039
1.5625,-19.821112,-10.943604,-19.883633,-10.626478
1.5644531,-19.800545,-10.775244,-19.862526,-10.36618
1.5664062,-19.785515,-10.835889,-19.842022,-10.238126
1.5683593,-19.766466,-10.991233,-19.812193,-10.455094
1.5703125,-19.749931,-10.910404,-19.805231,-10.569993
1.5722656,-19.725918,-10.713728,-19.789309,-10.353622
1.5742187,-19.703089,-10.727978,-19.760279,-10.215565
1.5761718,-19.688726,-10.877125,-19.736614,-10.361142
1.578125,-19.660498,-10.852964,-19.715643,-10.40122
1.5800781,-19.642614,-10.66501,-19.696867,-10.250627
1.5820312,-19.615297,-10.638498,-19.659317,-10.199273
1.5839843,-19.576332,-10.796496,-19.628761,-10.283185
1.5859375,-19.55335,-10.765551,-19.593956,-10.29802
1.5878906,-19.524569,-10.594147,-19.557383,-10.191979
1.5898437,-19.493868,-10.622867,-19.520971,-10.156367
1.5917968,-19.462654,-10.743285,-19.492752,-10.247226
1.59375,-19.43882,-10.666071,-19.481964,-10.24453
1.5957031,-19.403347,-10.497393,-19.429049,-10.118874
1.5976562,-19.364704,-10.503123,-19.407362,-10.074379
1.5996093,-19.341059,-10.597176,-19.386641,-10.114542
1.6015625,-19.312632,-10.59577,-19.341057,-10.114224
1.6035156,-19.280632,-10.473367,-19.325039,-9.9982376
1.6054687,-19.241156,-10.380737,-19.286983,-9.9330883
1.6074218,-19.207129,-10.423475,-19.253309,-9.9987726
1.609375,-19.178247,-10.437157,-19.220095,-9.9785852
1.6113281,-19.135437,-10.365477,-19.189587,-9.8690347
1.6132812,-19.093122,-10.319992,-19.157974,-9.8446579
1.6152343,-19.063976,-10.33684,-19.112202,-9.8985042
1.6171875,-19.019949,-10.364495,-19.08123,-9.8555727
1.6191406,-18.979702,-10.307116,-19.047028,-9.751275
1.6210937,-18.950607,-10.194241,-19.012552,-9.7571945
1.6230468,-18.907387,-10.213341,-18.953854,-9.7985878
1.625,-18.861477,-10.265154,-18.905325,-9.7256507
1.6269531,-18.812773,-10.122245,-18.874449,-9.6297283
1.6289062,-18.774792,-10.010917,-18.818712,-9.6909914
1.6308593,-18.740116,-10.153823,-18.786169,-9.7568454
1.6328125,-18.693363,-10.253787,-18.745052,-9.6286134
1.6347656,-18.642769,-10.024761,-18.697412,-9.509243
1.6367187,-18.604776,-9.7948312,-18.665632,-9.5639457
1.6386718,-18.559898,-9.9450321,-18.619638,-9.6071405
1.640625,-18.509403,-10.155781,-18.568697,-9.4825305
1.6425781,-18.467073,-9.9627809,-18.527363,-9.3653392
1.6445312,-18.411032,-9.6912107,-18.485159,-9.4283227
1.6464843,-18.364756,-9.8179454,-18.428759,-9.4821968
1.6484375,-18.316616,-10.00647,-18.369532,-9.3644399
1.6503906,-18.250629,-9.8634109,-18.328125,-9.2441816
1.6523437,-18.208136,-9.614295,-18.2826,-9.3052434
1.6542968,-18.161852,-9.6644516,-18.228201,-9.376645
1.65625,-18.098593,-9.8951292,-18.193853,-9.2502489
1.6582031,-18.049322,-9.7581396,-18.125731,-9.1156349
1.6601562,-18.000643,-9.4327135,-18.070927,-9.1579704
1.6621093,-17.957664,-9.5306778,-18.026674,-9.2123479
1.6640625,-17.902452,-9.7741375,-17.963047,-9.1096439
1.6660156,-17.844978,-9.5905122,-17.898201,-8.9997673
1.6679687,-17.799265,-9.2548532,-17.832605,-9.0358085
1.6699218,-17.734907,-9.3549671,-17.800043,-9.0791616
1.671875,-17.669014,-9.6251249,-17.73818,-9.0256891
1.6738281,-17.613182,-9.4598789,-17.683844,-8.9306497
1.6757812,-17.55909,-9.190092,-17.626955,-8.8710699
1.6777343,-17.499113,-9.3250923,-17.561733,-8.872632
1.6796875,-17.43285,-9.4872036,-17.512018,-8.844057
1.6816406,-17.371778,-9.2661657,-17.430836,-8.7765741
1.6835937,-17.308258,-9.035078,-17.370634,-8.7335557
1.6855468,-17.244467,-9.1803178,-17.304562,-8.7377147
1.6875,-17.190372,-9.3419542,-17.230591,-8.7251205
1.6894531,-17.124847,-9.1731977,-17.17642,-8.6623992
1.6914062,-17.054344,-8.9252519,-17.120287,-8.6260547
1.6933593,-16.988155,-8.9374828,-17.076897,-8.6097745
1.6953125,-16.927134,-9.1095771,-17.014967,-8.576354
1.6972656,-16.86552,-9.0835876,-16.948626,-8.4859228
1.6992187,-16.798756,-8.8848075,-16.874853,-8.3991041
1.7011718,-16.731552,-8.7901792,-16.785664,-8.4068403
1.703125,-16.665184,-8.8671331,-16.73263,-8.3982782
1.7050781,-16.600679,-8.8921766,-16.679874,-8.3425149
1.7070312,-16.524916,-8.7754144,-16.610773,-8.342617
1.7089843,-16.457626,-8.6775827,-16.527285,-8.3156538
1.7109375,-16.39686,-8.6686592,-16.466095,-8.2006464
1.7128906,-16.321301,-8.7226667,-16.411665,-8.1442842
1.7148437,-16.239134,-8.6562738,-16.33643,-8.1877183
1.7167968,-16.169344,-8.4837122,-16.276363,-8.1692676
1.71875,-16.107279,-8.5013179,-16.200626,-8.0304107
1.7207031,-16.041351,-8.6439333,-16.127264,-7.9446578
1.7226562,-15.967349,-8.5494966,-16.050524,-8.0048208
1.7246093,-15.883719,-8.2685079,-15.970238,-8.0247621
1.7265625,-15.80766,-8.2199831,-15.898344,-7.8927626
1.7285156,-15.737262,-8.4161701,-15.819027,-7.7997283
1.7304687,-15.655307,-8.4641857,-15.735555,-7.8499918
1.7324218,-15.571739,-8.2370977,-15.658769,-7.8762631
1.734375,-15.505396,-8.0932436,-15.587653,-7.7600212
1.7363281,-15.431838,-8.2195119,-15.514548,-7.6595187
1.7382812,-15.346441,-8.2601299,-15.435706,-7.685224
1.7402343,-15.275353,-8.0345974,-15.352005,-7.6743292
1.7421875,-15.193086,-7.9027023,-15.280388,-7.5578208
1.7441406,-15.118484,-8.0427179,-15.205588,-7.4772596
1.7460937,-15.037653,-8.0719728,-15.129947,-7.496768
1.7480468,-14.944087,-7.8821182,-15.049863,-7.497962
1.75,-14.871644,-7.7497673,-14.967805,-7.3873672
1.7519531,-14.79083,-7.8450379,-14.880809,-7.2835164
1.7539062,-14.706255,-7.9355425,-14.804371,-7.2866931
1.7558593,-14.622844,-7.7298188,-14.727385,-7.309452
1.7578125,-14.540861,-7.546761,-14.636084,-7.2371087
1.7597656,-14.453469,-7.6342353,-14.545067,-7.0887079
1.7617187,-14.369452,-7.7031965,-14.451123,-7.0743451
1.7636718,-14.289327,-7.5527811,-14.367959,-7.1530847
1.765625,-14.207641,-7.416748,-14.282212,-7.1078052
1.7675781,-14.113294,-7.4474158,-14.206601,-6.9611539
1.7695312,-14.020622,-7.4574194,-14.119604,-6.8926467
1.7714843,-13.937838,-7.3372912,-14.026695,-6.9374136
1.7734375,-13.845047,-7.2587909,-13.93514,-6.8879332
1.7753906,-13.746995,-7.2976369,-13.84713,-6.7532682
1.7773437,-13.658875,-7.2913785,-13.773174,-6.6929473
1.7792968,-13.580876,-7.1806306,-13.684073,-6.7438578
1.78125,-13.477242,-7.1089339,-13.599268,-6.7326259
1.7832031,-13.393681,-7.0859417,-13.494585,-6.5376405
1.7851562,-13.312372,-7.0112419,-13.373875,-6.4426822
1.7871093,-13.204922,-6.9819288,-13.292279,-6.5248303
1.7890625,-13.119208,-6.9327926,-13.208733,-6.5428867
1.7910156,-13.025068,-6.8182549,-13.10629,-6.4082703
1.7929687,-12.936186,-6.817532,-13.024575,-6.2369074
1.7949218,-12.857585,-6.8291215,-12.931889,-6.2786598
1.796875,-12.755366,-6.7304849,-12.834661,-6.3690733
1.7988281,-12.656897,-6.6060361,-12.751197,-6.2106552
1.8007812,-12.564078,-6.5338306,-12.634844,-6.0292811
1.8027343,-12.476749,-6.5841426,-12.54187,-6.0501956
1.8046875,-12.371666,-6.6006264,-12.461381,-6.102025
1.8066406,-12.269102,-6.4356899,-12.352201,-6.0246462
1.8085937,-12.18411,-6.3101096,-12.259397,-5.887465
1.8105468,-12.073596,-6.3811774,-12.155621,-5.8060383
1.8125,-11.977024,-6.4098753,-12.056707,-5.8422436
1.8144531,-11.886808,-6.2328057,-11.965094,-5.8186245
1.8164062,-11.780031,-6.1147055,-11.876328,-5.6921191
1.8183593,-11.683761,-6.1740317,-11.783566,-5.6176457
1.8203125,-11.594818,-6.1475586,-11.677504,-5.5818085
1.8222656,-11.495255,-5.9908232,-11.58543,-5.5288019
1.8242187,-11.384913,-5.9013495,-11.480084,-5.4633436
1.8261718,-11.280502,-5.884119,-11.361877,-5.4197349
1.828125,-11.193273,-5.8695912,-11.263838,-5.3456811
1.8300781,-11.09429,-5.8478417,-11.173506,-5.270297
1.8320312,-10.987039,-5.7656879,-11.060652,-5.2701735
1.8339843,-10.88007,-5.6227779,-10.939863,-5.2387352
1.8359375,-10.77529,-5.5503411,-10.845943,-5.1095428
1.8378906,-10.673621,-5.5986871,-10.759686,-5.0089292
1.8398437,-10.571942,-5.606585,-10.654065,-5.0378742
1.8417968,-10.467032,-5.4406704,-10.555758,-5.0339217
1.84375,-10.355415,-5.3181233,-10.452805,-4.8388209
1.8457031,-10.263341,-5.3346757,-10.335286,-4.7063384
1.8476562,-10.152292,-5.2998132,-10.230963,-4.7671461
1.8496093,-10.041221,-5.214117,-10.115674,-4.7618265
1.8515625,-9.9387044,-5.1015572,-10.002077,-4.6031761
1.8535156,-9.8354234,-5.0767025,-9.9035959,-4.5052247
1.8554687,-9.7300214,-5.0971612,-9.8084106,-4.539474
1.8574218,-9.6111612,-4.9524369,-9.7130222,-4.5126156
1.859375,-9.509696,-4.7997183,-9.5933818,-4.3611235
1.8613281,-9.4012117,-4.8225507,-9.4759912,-4.2057786
1.8632812,-9.2919101,-4.8643798,-9.3693857,-4.1974954
1.8652343,-9.1870527,-4.7172346,-9.2545175,-4.2295684
1.8671875,-9.0725631,-4.5618443,-9.1358785,-4.1213169
1.8691406,-8.9669857,-4.5576582,-9.0383501,-3.9721665
1.8710937,-8.8647108,-4.5490202,-8.9391775,-3.934338
1.8730468,-8.7508401,-4.446908,-8.8146886,-3.9752924
1.875,-8.6371192,-4.3201408,-8.7101497,-3.845571
1.8769531,-8.5237703,-4.2696061,-8.6046924,-3.6349463
1.8789062,-8.4098377,-4.2455167,-8.4901266,-3.6401453
1.8808593,-8.2994508,-4.1735906,-8.3798646,-3.6835966
1.8828125,-8.1894378,-4.099452,-8.2707662,-3.5449512
1.8847656,-8.0789918,-4.0554938,-8.1628618,-3.3575439
1.8867187,-7.9606947,-3.9618737,-8.0505399,-3.3354766
1.8886718,-7.8482933,-3.8282556,-7.922841,-3.3690393
1.890625,-7.7375664,-3.7903244,-7.807372,-3.2439565
1.8925781,-7.6295852,-3.8012366,-7.7207999,-3.0781757
1.8945312,-7.5235137,-3.7056398,-7.5968799,-3.0678803
1.8964843,-7.3917751,-3.5342264,-7.4763145,-3.066158
1.8984375,-7.2770247,-3.4255204,-7.3640308,-2.8916184
1.9003906,-7.1727323,-3.4393417,-7.2464957,-2.7471277
1.9023437,-7.0537829,-3.4713177,-7.1180815,-2.773889
1.9042968,-6.9370389,-3.3138058,-6.9875974,-2.7696116
1.90625,-6.8253278,-3.1110589,-6.902512,-2.5783915
1.9082031,-6.7146129,-3.117038,-6.7858562,-2.4596386
1.9101562,-6.6024851,-3.1488654,-6.66438,-2.4873373
1.9121093,-6.4975457,-2.9671859,-6.5500173,-2.4014563
1.9140625,-6.3705978,-2.7722942,-6.4329838,-2.2078793
1.9160156,-6.2445621,-2.8032023,-6.3263063,-2.0999143
1.9179687,-6.1306633,-2.8066301,-6.2049865,-2.1318833
1.9199218,-6.0191235,-2.6554694,-6.0895919,-2.0718803
1.921875,-5.9087972,-2.5792074,-5.9645118,-1.8625302
1.9238281,-5.7823758,-2.5455091,-5.8550739,-1.7489177
1.9257812,-5.6633243,-2.4161396,-5.7315135,-1.7994682
1.9277343,-5.5451479,-2.2582416,-5.616158,-1.7423237
1.9296875,-5.4239783,-2.2385094,-5.5033412,-1.513105
1.9316406,-5.307403,-2.2917597,-5.3711829,-1.4022147
1.9335937,-5.1845626,-2.1494069,-5.2636876,-1.434008
1.9355468,-5.0653076,-1.9054981,-5.1385312,-1.3845992
1.9375,-4.9505505,-1.8616734,-5.0303373,-1.1843552
1.9394531,-4.8374147,-1.9492223,-4.912918,-1.0407788
1.9414062,-4.7118291,-1.8388581,-4.7811379,-1.0513526
1.9433593,-4.5986547,-1.5667806,-4.6534719,-1.0127155
1.9453125,-4.4894919,-1.4761109,-4.5345349,-0.84186786
1.9472656,-4.3602647,-1.5767316,-4.438251,-0.72668028
1.9492187,-4.2407636,-1.4777865,-4.3111405,-0.72762239
1.9511718,-4.111082,-1.1920516,-4.1738781,-0.6732201
1.953125,-3.9921751,-1.172599,-4.0672864,-0.47619441
1.9550781,-3.8789191,-1.2836415,-3.9519088,-0.34986556
1.9570312,-3.7524237,-1.1728813,-3.8091425,-0.41549325
1.9589843,-3.6326499,-0.90859503,-3.6984138,-0.38040841
1.9609375,-3.508506,-0.78753799,-3.5770328,-0.17274949
1.9628906,-3.3937239,-0.89114851,-3.4462397,-0.065642446
1.9648437,-3.2664127,-0.84846163,-3.3364348,-0.11796392
1.9667968,-3.1412448,-0.58909041,-3.21684,-0.10660772
1.96875,-3.0274043,-0.4365845,-3.097167,0.049039975
1.9707031,-2.8984406,-0.5336591,-2.972135,0.16785182
1.9726562,-2.7850353,-0.55902672,-2.8522384,0.13642088
1.9746093,-2.6629965,-0.28925788,-2.7318296,0.085975997
1.9765625,-2.5357203,-0.1189265,-2.6184392,0.16424368
1.9785156,-2.4179713,-0.18924606,-2.4914476,0.24762391
1.9804687,-2.2923491,-0.21472186,-2.363147,0.21348681
1.9824218,-2.1693081,-0.037966855,-2.2518482,0.18467762
1.984375,-2.0568234,0.1182837,-2.1343228,0.22251923
1.9863281,-1.9363759,0.050807282,-2.0126903,0.25976259
1.9882812,-1.8078825,0.03578854,-1.8870511,0.2548075
1.9902343,-1.6908005,0.21495707,-1.7605216,0.22086939
1.9921875,-1.5608016,0.3242656,-1.6349458,0.20971391
1.9941406,-1.4344884,0.21496499,-1.5263181,0.23674475
1.9960937,-1.3214366,0.14084592,-1.40438,0.25455466
1.9980468,-1.1894712,0.27746779,-1.2721769,0.22588244
2.0,-1.0664833,0.38161853,-1.1454631,0.22610223
2.0019531,-0.94800031,0.31474945,-1.0222678,0.28464514
2.0039062,-0.81998754,0.20526096,-0.90354282,0.25569656
2.0058593,-0.69274515,0.2667428,-0.77350968,0.17626533
2.0078125,-0.56877106,0.41405767,-0.65285683,0.2419184
2.0097656,-0.45424259,0.3243728,-0.54385298,0.34642085
2.0117187,-0.3318269,0.17985833,-0.41814119,0.30004072
2.0136718,-0.2242537,0.27488559,-0.27954549,0.22830375
2.015625,-0.096000895,0.44769192,-0.16612531,0.28923765
2.0175781,0.038822569,0.4096624,-0.041594446,0.34438246
2.0195312,0.14998074,0.28690988,0.10049371,0.27773708
2.0214843,0.2766434,0.269288,0.22495008,0.21675414
2.0234375,0.40160659,0.31576994,0.34683785,0.33737728
2.0253906,0.53082007,0.40129644,0.45581561,0.52608126
2.0273437,0.64693791,0.36333945,0.56386209,0.56641805
2.0292968,0.76093829,0.24007811,0.69722378,0.60324252
2.03125,0.89431471,0.27603239,0.84208912,0.77286422
2.0332031,1.0213816,0.41507909,0.96759045,0.9368999
2.0351562,1.1489818,0.41701263,1.0810869,0.95278865
2.0371093,1.2766784,0.25766987,1.1815785,0.96910155
2.0390625,1.3992267,0.25990897,1.3131296,1.1888612
2.0410156,1.521977,0.48175982,1.4555177,1.4102385
2.0429687,1.637393,0.49834689,1.5719535,1.4709285
2.0449218,1.7656041,0.40253872,1.7028398,1.5127377
2.046875,1.8900406,0.52764755,1.8307532,1.6551213
2.0488281,2.0029141,0.7043786,1.9521473,1.8198536
2.0507812,2.1194338,0.72477448,2.0607805,1.8852609
2.0527343,2.2335963,0.75339514,2.1850638,1.9652385
2.0546875,2.3700406,0.96117508,2.3036675,2.1338622
2.0566406,2.4958751,1.1298261,2.4128577,2.2617421
2.0585937,2.6088612,1.1481059,2.5339689,2.3446641
2.0605468,2.7387211,1.1536012,2.6615433,2.4673862
2.0625,2.8614094,1.3317251,2.7837607,2.5927798
2.0644531,2.9846558,1.6160537,2.8889834,2.6910529
2.0664062,3.099718,1.6718303,3.0212125,2.757431
2.0683593,3.2114164,1.6232702,3.1572248,2.860825
2.0703125,3.3326695,1.8127964,3.2700824,3.0191419
2.0722656,3.4536867,2.1037721,3.3804552,3.0885632
2.0742187,3.5836167,2.1914424,3.5138411,3.1160001
2.0761718,3.7022142,2.1462135,3.6372637,3.2569365
2.078125,3.8231856,2.2388055,3.742522,3.4356708
2.0800781,3.9438865,2.4512713,3.8640575,3.4989669
2.0820312,4.0644755,2.5615711,3.9780311,3.4999949
2.0839843,4.1959013,2.5803575,4.1030631,3.6572179
2.0859375,4.3081727,2.6999809,4.2254405,3.8704197
2.0878906,4.4220156,2.8917515,4.3297095,3.8693566
2.0898437,4.5477747,2.9470102,4.4715986,3.8549988
2.0917968,4.6675591,2.9839408,4.5915136,4.0509214
2.09375,4.7835164,3.2034242,4.7117958,4.2558255
2.0957031,4.9038219,3.3252203,4.8418698,4.2311148
2.0976562,5.0285582,3.2922649,4.9322509,4.1718602
2.0996093,5.1511154,3.3888413,5.0694031,4.3633279
2.1015625,5.2628245,3.5939991,5.2011442,4.6135001
2.1035156,5.3846864,3.6785571,5.3123459,4.6327776
2.1054687,5.5021014,3.6571064,5.4459481,4.5537128
2.1074218,5.6195626,3.7774939,5.5602364,4.6613383
2.109375,5.7401533,3.986355,5.6733622,4.9065494
2.1113281,5.8411541,4.0540056,5.7905597,4.987308
2.1132812,5.9682531,4.0350585,5.8981609,4.9004411
2.1152343,6.0909071,4.1689233,6.0022735,5.0188274
2.1171875,6.2027006,4.3606658,6.1227736,5.2807526
2.1191406,6.3150553,4.391242,6.2542986,5.3275585
2.1210937,6.4316783,4.3581585,6.3614831,5.27247
2.1230468,6.5612258,4.4759874,6.4631295,5.3560533
2.125,6.6607089,4.7152905,6.5867681,5.5529227
2.1269531,6.7740755,4.7780475,6.708177,5.6257667
2.1289062,6.9012684,4.6886544,6.8214111,5.5857625
2.1308593,7.0156412,4.7938699,6.9340062,5.6812806
2.1328125,7.1352491,5.0438723,7.0472602,5.8294072
2.1347656,7.2372803,5.0883026,7.1744866,5.8874878
2.1367187,7.3512167,4.9935321,7.2901606,5.9138269
2.1386718,7.4750733,5.0755252,7.4044861,5.9930219
2.140625,7.5862608,5.3432965,7.5227828,6.0791225
2.1425781,7.696825,5.4683623,7.6354203,6.1387977
2.1445312,7.8192567,5.3440156,7.7634286,6.1989383
2.1464843,7.9416418,5.3469405,7.8740139,6.2690701
2.1484375,8.0478277,5.5849103,7.9740381,6.344706
2.1503906,8.1532487,5.714518,8.0871114,6.391951
2.1523437,8.2605457,5.650062,8.1971979,6.4771184
2.1542968,8.3853368,5.6727514,8.3198528,6.604906
2.15625,8.4868316,5.9093809,8.4393901,6.650979
2.1582031,8.5902719,6.0614852,8.5238275,6.6646595
2.1601562,8.7090835,5.9351172,8.6350317,6.7456965
2.1621093,8.8159818,5.9160323,8.7621498,6.8121628
2.1640625,8.936656,6.1736922,8.8649787,6.9247698
2.1660156,9.045681,6.3373103,8.9751987,7.0077362
2.1679687,9.1564273,6.2223668,9.0786352,6.9655199
2.1699218,9.262434,6.1504516,9.1805334,7.041356
2.171875,9.36378,6.3794918,9.3034305,7.1731243
2.1738281,9.4832763,6.5836954,9.4031791,7.2418737
2.1757812,9.5899505,6.5537037,9.5065708,7.2779636
2.1777343,9.6943788,6.5114316,9.6434936,7.2922387
2.1796875,9.8009853,6.6087484,9.746397,7.388555
2.1816406,9.9107427,6.7603097,9.848217,7.4763331
2.1835937,10.024528,6.8197326,9.9505395,7.4667577
2.1855468,10.125306,6.8163604,10.054914,7.4868578
2.1875,10.223244,6.8567352,10.188433,7.6151971
2.1894531,10.327988,6.9562048,10.29441,7.7595033
2.1914062,10.440852,7.0576176,10.380602,7.7387843
2.1933593,10.540239,7.1193742,10.478096,7.6610345
2.1953125,10.640628,7.1443238,10.582595,7.7709035
2.1972656,10.754016,7.1688499,10.690974,7.9738831
2.1992187,10.855519,7.2602987,10.801377,8.0331563
2.2011718,10.956397,7.3544149,10.896997,7.9530887
2.203125,11.065413,7.3567462,10.98443,7.9957981
2.2050781,11.164089,7.3849949,11.098316,8.1639862
2.2070312,11.270879,7.4934282,11.208723,8.2197589
2.2089843,11.374947,7.5666866,11.295734,8.1923933
2.2109375,11.467371,7.5773086,11.408401,8.2248191
2.2128906,11.578246,7.6169123,11.51743,8.3349943
2.2148437,11.676956,7.701982,11.606729,8.4140987
2.2167968,11.767783,7.781353,11.700569,8.4001617
2.21875,11.869723,7.8150196,11.792685,8.3925848
2.2207031,11.975861,7.8283205,11.912519,8.5120353
2.2226562,12.074065,7.9281916,12.016679,8.6469316
2.2246093,12.170869,8.0053873,12.10166,8.6242656
2.2265625,12.27231,7.9669385,12.212819,8.5643396
2.2285156,12.360236,7.9988384,12.3016,8.6471729
2.2304687,12.452284,8.1369237,12.401952,8.8085117
2.2324218,12.543082,8.1980228,12.502903,8.8179245
2.234375,12.637612,8.2110223,12.588573,8.7681789
2.2363281,12.746768,8.2866344,12.68659,8.8566408
2.2382812,12.846571,8.3541908,12.774276,8.9813261
2.2402343,12.931133,8.3547105,12.872076,9.0072116
2.2421875,13.020582,8.3080549,12.956402,8.9834194
2.2441406,13.118437,8.3555316,13.056843,9.052226
2.2460937,13.205247,8.5372858,13.141906,9.1562128
2.2480468,13.301169,8.6275739,13.228668,9.1837644
2.25,13.394693,8.550847,13.359697,9.1573886
2.2519531,13.481153,8.5561971,13.428836,9.2310743
2.2539062,13.583015,8.6791162,13.50482,9.3183479
2.2558593,13.676368,8.7351951,13.610552,9.2730207
2.2578125,13.760143,8.7339401,13.702537,9.307518
2.2597656,13.84368,8.7354211,13.798064,9.4463033
2.2617187,13.944484,8.7938699,13.880795,9.4937105
2.2636718,14.030889,8.8977527,13.966313,9.4284658
2.265625,14.107189,8.9733877,14.052483,9.4469308
2.2675781,14.201312,8.9396877,14.122194,9.5916967
2.2695312,14.28072,8.9099493,14.20136,9.6691894
2.2714843,14.370085,9.0540647,14.30524,9.6249465
2.2734375,14.466054,9.165183,14.388508,9.6303157
2.2753906,14.5449,9.1118679,14.4736,9.7855272
2.2773437,14.627831,9.062376,14.558165,9.8532676
2.2792968,14.713111,9.1263818,14.646852,9.7485628
2.28125,14.788549,9.2597494,14.732873,9.7441616
2.2832031,14.867526,9.3306369,14.803759,9.9261169
2.2851562,14.951859,9.2818174,14.896033,9.9833669
2.2871093,15.032047,9.2904892,14.978929,9.8633699
2.2890625,15.122705,9.4190883,15.078413,9.911623
2.2910156,15.206675,9.4640407,15.137481,10.094942
2.2929687,15.269127,9.4134807,15.204361,10.105453
2.2949218,15.360092,9.3943872,15.316113,9.9773473
2.296875,15.44377,9.4954242,15.376957,10.073612
2.2988281,15.514588,9.6543235,15.448539,10.295863
2.3007812,15.594213,9.6077384,15.525306,10.232847
2.3027343,15.660666,9.5017681,15.609375,10.093478
2.3046875,15.74754,9.6154317,15.684364,10.224974
2.3066406,15.826483,9.7900791,15.748604,10.41898
2.3085937,15.895553,9.7975101,15.833723,10.366074
2.3105468,15.970457,9.6575021,15.915116,10.235626
2.3125,16.040655,9.685996,16.004822,10.339461
2.3144531,16.110209,9.8837757,16.07394,10.538082
2.3164062,16.185097,9.9276256,16.1404,10.478475
2.3183593,16.269739,9.8438692,16.22315,10.316381
2.3203125,16.338392,9.8591747,16.294031,10.44304
2.3222656,16.403456,9.9593534,16.347469,10.671984
2.3242187,16.475864,9.9654932,16.419703,10.595928
2.3261718,16.544436,9.9443073,16.48633,10.432686
2.328125,16.617617,10.03056,16.553795,10.595837
2.3300781,16.681276,10.108734,16.634895,10.815716
2.3320312,16.749979,10.090856,16.694496,10.727283
2.3339843,16.819628,10.07921,16.76791,10.572872
2.3359375,16.882015,10.1406,16.842323,10.689536
2.3378906,16.957516,10.192286,16.906963,10.886805
2.3398437,17.012613,10.203842,16.963511,10.820398
2.3417968,17.082626,10.210801,17.02652,10.667941
2.34375,17.146017,10.209888,17.085945,10.779268
2.3457031,17.194168,10.270471,17.154211,10.993976
2.3476562,17.269806,10.332058,17.218264,10.950448
2.3496093,17.318632,10.348957,17.281576,10.803596
2.3515625,17.377354,10.383437,17.347118,10.881907
2.3535156,17.452717,10.38764,17.400475,11.058009
2.3554687,17.508223,10.4308,17.477749,11.041712
2.3574218,17.556469,10.477212,17.522778,10.918564
2.359375,17.618519,10.394088,17.57663,10.977031
2.3613281,17.688076,10.396033,17.650602,11.126235
2.3632812,17.74021,10.58926,17.698738,11.114356
2.3652343,17.789087,10.627255,17.752977,11.043919
2.3671875,17.847073,10.449245,17.81624,11.090561
2.3691406,17.908869,10.458998,17.869106,11.191473
2.3710937,17.973539,10.693259,17.925615,11.195221
2.3730468,18.022444,10.727905,17.98954,11.13335
2.375,18.057396,10.529348,18.034925,11.180834
2.3769531,18.123182,10.497128,18.075718,11.279435
2.3789062,18.177383,10.751809,18.122057,11.258831
2.3808593,18.22053,10.913402,18.180056,11.212889
2.3828125,18.278475,10.698484,18.235868,11.300998
2.3847656,18.330509,10.535522,18.276981,11.399668
2.3867187,18.375828,10.763029,18.324169,11.34155
2.3886718,18.434164,10.952403,18.377197,11.266921
2.390625,18.485826,10.79306,18.434412,11.364719
2.3925781,18.513969,10.654122,18.478746,11.494111
2.3945312,18.566689,10.77243,18.521702,11.425743
2.3964843,18.610834,10.942129,18.571186,11.305628
2.3984375,18.653372,10.979162,18.613892,11.41361
2.4003906,18.700344,10.874352,18.675613,11.578703
2.4023437,18.737343,10.834178,18.710373,11.502864
2.4042968,18.793139,10.940439,18.738052,11.37421
2.40625,18.839729,11.012065,18.783382,11.453724
2.4082031,18.872372,10.952027,18.834976,11.607424
2.4101562,18.914486,10.870103,18.88047,11.594304
2.4121093,18.949503,10.922625,18.90629,11.489418
2.4140625,18.983881,11.072745,18.949432,11.517674
2.4160156,19.039042,11.09116,18.9835,11.644283
2.4179687,19.068777,10.999379,19.028755,11.669376
2.4199218,19.085665,11.009034,19.062744,11.57081
2.421875,19.128826,11.05098,19.096825,11.57872
2.4238281,19.168142,11.102027,19.137764,11.701235
2.4257812,19.199821,11.185194,19.155546,11.72423
2.4277343,19.230793,11.137587,19.199963,11.628716
2.4296875,19.264782,11.042234,19.239059,11.627442
2.4316406,19.299263,11.086756,19.26556,11.775282
2.4335937,19.339228,11.199896,19.292074,11.79064
2.4355468,19.368221,11.209899,19.333313,11.672432
2.4375,19.389692,11.103894,19.377104,11.681821
2.4394531,19.431892,11.056726,19.39896,11.816023
2.4414062,19.460575,11.183493,19.42045,11.833981
2.4433593,19.482809,11.305598,19.45694,11.705018
2.4453125,19.516827,11.185069,19.504244,11.700319
2.4472656,19.543604,11.072904,19.534002,11.867393
2.4492187,19.565125,11.235469,19.553944,11.894301
2.4511718,19.585548,11.343458,19.576437,11.723099
2.453125,19.617876,11.212824,19.603966,11.707431
2.4550781,19.648745,11.15546,19.63378,11.889114
2.4570312,19.663359,11.295638,19.658527,11.945849
2.4589843,19.690359,11.352123,19.672525,11.794811
2.4609375,19.69903,11.217938,19.690554,11.729637
2.4628906,19.71876,11.167967,19.710405,11.892211
2.4648437,19.753517,11.301374,19.720732,12.004402
2.4667968,19.76214,11.432605,19.742002,11.879086
2.46875,19.783365,11.330401,19.761784,11.774096
2.4707031,19.80224,11.145354,19.771828,11.927217
2.4726562,19.82309,11.248705,19.779938,12.047887
2.4746093,19.841558,11.442644,19.811357,11.931977
2.4765625,19.857588,11.381957,19.839811,11.837747
2.4785156,19.874931,11.18602,19.824913,11.932279
2.4804687,19.880098,11.213262,19.832886,12.024321
2.4824218,19.891972,11.411103,19.856266,11.942636
2.484375,19.900446,11.434699,19.87541,11.898446
2.4863281,19.916172,11.298517,19.903145,12.004803
2.4882812,19.935926,11.252832,19.910248,12.035035
2.4902343,19.936613,11.379431,19.926844,11.919666
2.4921875,19.947975,11.425775,19.9331,11.884644
2.4941406,19.967455,11.303815,19.94091,12.007206
2.4960937,19.968445,11.264854,19.972376,12.045021
2.4980468,19.970194,11.366033,19.967953,11.935412
2.5,19.984676,11.406964,19.965721,11.896245
2.5019531,19.983673,11.337649,19.97636,11.979681
2.5039062,19.985044,11.304026,19.974741,12.047078
2.5058593,20.003124,11.344966,19.985338,12.001375
2.5078125,20.002712,11.41079,19.992443,11.933876
2.5097656,20.009037,11.383697,19.989798,11.995831
2.5117187,20.021086,11.278113,19.998966,12.064809
2.5136718,20.017288,11.290391,19.99448,12.015217
2.515625,20.020954,11.354506,19.99011,11.970442
2.5175781,20.027695,11.315667,20.017756,12.007739
2.5195312,20.027342,11.276626,20.0252,12.043825
2.5214843,20.031054,11.305068,20.025728,12.034486
2.5234375,20.024734,11.298283,20.020952,11.992772
2.5253906,20.024364,11.240256,20.012522,11.983161
2.5273437,20.033909,11.133787,20.026217,12.014627
2.5292968,20.028582,11.048261,20.025396,11.999494
2.53125,20.02895,10.973647,20.026197,12.003535
2.5332031,20.035412,10.834072,20.017473,11.984671
2.5351562,20.029581,10.618459,20.018059,11.900823
2.5371093,20.011858,10.411534,20.031216,11.849039
2.5390625,20.009497,10.518121,20.018219,11.776175
2.5410156,20.002155,10.736001,20.006557,11.615414
2.5429687,19.971855,10.667462,19.999897,11.51698
2.5449218,19.961721,10.434286,20.009073,11.266094
2.546875,19.955444,10.47443,20.009304,10.881986
2.5488281,19.925514,10.775738,19.99847,11.036368
2.5507812,19.906803,10.692327,19.984798,11.367237
2.5527343,19.896076,10.35648,19.955257,11.212152
2.5546875,19.880611,10.465009,19.953737,10.883329
2.5566406,19.864925,10.761931,19.943485,10.980867
2.5585937,19.83683,10.583982,19.914457,11.356351
2.5605468,19.822981,10.206885,19.894974,11.259528
2.5625,19.806955,10.321488,19.865522,10.840414
2.5644531,19.779945,10.663136,19.853163,10.903419
2.5664062,19.768274,10.523898,19.842381,11.321976
2.5683593,19.745014,10.154853,19.798546,11.282898
2.5703125,19.727892,10.238571,19.766117,10.819547
2.5722656,19.707655,10.524577,19.745718,10.780931
2.5742187,19.674368,10.398841,19.699404,11.219771
2.5761718,19.649292,10.093241,19.676359,11.260416
2.578125,19.618719,10.166146,19.650473,10.827167
2.5800781,19.600412,10.449188,19.613972,10.758886
2.5820312,19.576649,10.366422,19.594479,11.119708
2.5839843,19.534651,10.066382,19.556715,11.157472
2.5859375,19.502785,10.061051,19.534948,10.770989
2.5878906,19.477213,10.268797,19.514191,10.63413
2.5898437,19.445261,10.303442,19.489424,10.952094
2.5917968,19.415831,10.092548,19.440708,11.03151
2.59375,19.388857,9.9961347,19.394825,10.64052
2.5957031,19.356171,10.140788,19.385071,10.488995
2.5976562,19.321217,10.131103,19.352804,10.848608
2.5996093,19.286697,9.9102191,19.327623,11.008854
2.6015625,19.262522,9.8778514,19.28948,10.589539
2.6035156,19.227158,10.050032,19.253614,10.327445
2.6054687,19.183205,10.039688,19.244781,10.646182
2.6074218,19.150389,9.7935857,19.201202,10.89351
2.609375,19.115705,9.7612819,19.14539,10.556483
2.6113281,19.073614,9.9866943,19.107668,10.198444
2.6132812,19.033102,9.9637451,19.066511,10.466099
2.6152343,19.001591,9.6926507,19.038038,10.817465
2.6171875,18.964222,9.6675128,19.005726,10.56166
2.6191406,18.925581,9.8800497,18.952927,10.166789
2.6210937,18.884018,9.8111619,18.916561,10.304634
2.6230468,18.836979,9.5076532,18.871723,10.614236
2.625,18.795586,9.5237979,18.820314,10.458905
2.6269531,18.757151,9.8034372,18.771654,10.114184
2.6289062,18.702791,9.7876195,18.739922,10.202057
2.6308593,18.657824,9.4339141,18.707628,10.502192
2.6328125,18.626064,9.3561668,18.65934,10.386609
2.6347656,18.573706,9.7014799,18.624096,10.014917
2.6367187,18.523741,9.7101726,18.570738,10.01806
2.6386718,18.468687,9.2439527,18.526287,10.296246
2.640625,18.426666,9.1804723,18.479235,10.230999
2.6425781,18.384401,9.6061544,18.411993,9.9240226
2.6445312,18.32929,9.6692018,18.36796,9.9213838
2.6464843,18.273659,9.1700716,18.325983,10.154896
2.6484375,18.218828,8.9516658,18.27216,10.150117
2.6503906,18.18087,9.37924,18.228231,9.8735151
2.6523437,18.124174,9.6201763,18.178816,9.7824945
2.6542968,18.072235,9.1750888,18.113518,9.9706859
2.65625,18.016357,8.781516,18.041344,9.9910402
2.6582031,17.957598,9.1098403,17.994253,9.7531538
2.6601562,17.904589,9.435894,17.96764,9.6946716
2.6621093,17.843908,9.0797843,17.892136,9.9088192
2.6640625,17.792789,8.7572975,17.833172,9.9104528
2.6660156,17.735746,9.0370302,17.79483,9.5695972
2.6679687,17.683098,9.2439193,17.733475,9.4971942
2.6699218,17.619871,8.891901,17.687342,9.7667646
2.671875,17.551031,8.6178846,17.618544,9.7369308
2.6738281,17.505146,8.8596725,17.549868,9.4015464
2.6757812,17.447933,9.1036233,17.489853,9.3490724
2.6777343,17.375734,8.8710498,17.419445,9.6190261
2.6796875,17.323103,8.5037107,17.348913,9.6346445
2.6816406,17.259327,8.611844,17.282526,9.3315382
2.6835937,17.195417,8.944952,17.243126,9.2710533
2.6855468,17.141739,8.7677497,17.182207,9.5241565
2.6875,17.068092,8.3872213,17.104162,9.5225992
2.6894531,17.004095,8.4677047,17.0564,9.1453456
2.6914062,16.939432,8.6963319,16.992798,9.0221023
2.6933593,16.858618,8.5931091,16.917875,9.3287448
2.6953125,16.80233,8.3519592,16.85935,9.3574228
2.6972656,16.747362,8.3918123,16.793402,8.9930019
2.6992187,16.667297,8.5993766,16.722372,8.9081411
2.7011718,16.596319,8.4310998,16.653435,9.1596365
2.703125,16.532457,8.0433569,16.582458,9.1760044
2.7050781,16.465036,8.1600074,16.517887,8.8811121
2.7070312,16.392838,8.5165758,16.462929,8.8034153
2.7089843,16.320274,8.3290729,16.386284,9.0157327
2.7109375,16.251709,7.9037289,16.31706,9.0009632
2.7128906,16.18346,8.0010223,16.251608,8.6916494
2.7148437,16.104015,8.3252897,16.170471,8.6245546
2.7167968,16.024038,8.1571569,16.096098,8.8377218
2.71875,15.957535,7.7721219,16.014515,8.8310556
2.7207031,15.889107,7.878582,15.939346,8.5787277
2.7226562,15.813069,8.1924438,15.861468,8.5202894
2.7246093,15.727993,7.9839611,15.786095,8.6881504
2.7265625,15.652565,7.5519113,15.702879,8.6791019
2.7285156,15.586114,7.6766128,15.632058,8.4382085
2.7304687,15.504982,8.0643892,15.56894,8.3492736
2.7324218,15.430919,7.8706731,15.474665,8.5266628
2.734375,15.35218,7.4015317,15.394314,8.5113525
2.7363281,15.261868,7.4854812,15.335558,8.2354707
2.7382812,15.187011,7.8170366,15.242557,8.1942262
2.7402343,15.107627,7.6979436,15.154025,8.3700027
2.7421875,15.027736,7.3853106,15.093451,8.29148
2.7441406,14.944469,7.4019265,15.009499,8.0652971
2.7460937,14.869841,7.5458064,14.925147,8.0769386
2.7480468,14.791656,7.4297452,14.833493,8.1658935
2.75,14.697437,7.232778,14.756865,8.0722379
2.7519531,14.623213,7.2145667,14.675597,7.9283075
2.7539062,14.538425,7.310575,14.59218,7.9662437
2.7558593,14.451365,7.2975549,14.506283,7.9970512
2.7578125,14.373276,7.0905828,14.416101,7.8596596
2.7597656,14.28923,7.0152916,14.337076,7.7446112
2.7617187,14.197876,7.1215825,14.249268,7.7946062
2.7636718,14.109562,7.0583086,14.166812,7.8289451
2.765625,14.018752,6.8964309,14.075785,7.6796245
2.7675781,13.923845,6.8927416,13.995646,7.5656876
2.7695312,13.842358,6.9674663,13.895107,7.5966873
2.7714843,13.75844,6.9290494,13.806978,7.6212396
2.7734375,13.676735,6.7794575,13.732134,7.5041842
2.7753906,13.583879,6.6689562,13.656604,7.4173135
2.7773437,13.488281,6.6282062,13.558222,7.4432873
2.7792968,13.401136,6.5987982,13.425461,7.3741555
2.78125,13.311108,6.5939645,13.361382,7.2234072
2.7832031,13.22506,6.5887217,13.295873,7.2367377
2.7851562,13.132333,6.4916362,13.183775,7.3835053
2.7871093,13.028723,6.3785057,13.080439,7.2518172
2.7890625,12.942562,6.3589363,12.997305,6.933876
2.7910156,12.854983,6.3645277,12.909556,6.9688687
2.7929687,12.754818,6.330769,12.818376,7.2359762
2.7949218,12.653548,6.2029857,12.719894,7.0968413
2.796875,12.55423,6.1156597,12.607349,6.7146444
2.7988281,12.461967,6.1517996,12.513561,6.7366533
2.8007812,12.361389,6.1706051,12.443951,7.0099959
2.8027343,12.271075,6.065485,12.346654,6.9419112
2.8046875,12.182249,5.9009513,12.223667,6.5893683
2.8066406,12.088838,5.8996434,12.14377,6.489809
2.8085937,11.980226,5.8699388,12.048672,6.6809577
2.8105468,11.881525,5.7094426,11.939465,6.7343525
2.8125,11.793103,5.6817522,11.82904,6.4647855
2.8144531,11.680397,5.7823181,11.732543,6.2969532
2.8164062,11.5809,5.7078428,11.633953,6.4658227
2.8183593,11.489707,5.4745392,11.518112,6.5496478
2.8203125,11.390171,5.4888787,11.440041,6.2828884
2.8222656,11.284895,5.5815992,11.323565,6.0999155
2.8242187,11.17662,5.3973655,11.227222,6.2712349
2.8261718,11.067618,5.2032895,11.143757,6.2662911
2.828125,10.975912,5.2898559,11.039136,6.0078883
2.8300781,10.890292,5.3985405,10.953205,5.9266986
2.8320312,10.777152,5.2237505,10.842564,6.0227279
2.8339843,10.671883,4.9509673,10.747915,5.996612
2.8359375,10.571278,4.906579,10.65184,5.7479286
2.8378906,10.458186,5.0454931,10.543743,5.6586308
2.8398437,10.361722,5.0294556,10.426888,5.821927
2.8417968,10.257203,4.8105521,10.320867,5.7593712
2.84375,10.15033,4.7371797,10.220481,5.5050201
2.8457031,10.050286,4.7503571,10.10233,5.5106973
2.8476562,9.9362726,4.6486969,10.004303,5.6581826
2.8496093,9.8335619,4.5530238,9.8945446,5.5285272
2.8515625,9.7277574,4.5346684,9.7849168,5.263875
2.8535156,9.6130962,4.5207605,9.6797666,5.277266
2.8554687,9.5118837,4.3604993,9.5850362,5.3800997
2.8574218,9.4063558,4.2616205,9.4890165,5.2483325
2.859375,9.3006372,4.3404064,9.3569221,5.0489306
2.8613281,9.1946439,4.2375164,9.2378282,4.9880442
2.8632812,9.0761776,4.007492,9.1301183,5.0367569
2.8652343,8.973216,3.9596014,9.0318679,5.0235366
2.8671875,8.8650169,4.0243935,8.9230375,4.9059081
2.8691406,8.7472362,3.9904902,8.8047895,4.8073158
2.8710937,8.6349153,3.7780895,8.6886415,4.7525944
2.8730468,8.5113687,3.7161793,8.5729608,4.7148761
2.875,8.4150543,3.8423144,8.4889259,4.6285929
2.8769531,8.3124561,3.7105946,8.3600635,4.5552372
2.8789062,8.1887998,3.4592549,8.239458,4.5143389
2.8808593,8.0793266,3.4041159,8.1548976,4.387794
2.8828125,7.9742941,3.405749,8.0336017,4.3323073
2.8847656,7.8729038,3.3236212,7.9203643,4.3308124
2.8867187,7.7521333,3.194689,7.798767,4.2097725
2.8886718,7.637073,3.0916664,7.6912627,4.0721812
2.890625,7.5309343,3.0514493,7.6036438,4.0559725
2.8925781,7.4182953,2.9990785,7.4877758,4.0817027
2.8945312,7.3006591,2.9133405,7.3570256,3.9241013
2.8964843,7.1787457,2.8214819,7.2423577,3.7246964
2.8984375,7.0688238,2.7406001,7.1437082,3.6980776
2.9003906,6.9589414,2.687705,7.0254302,3.7879257
2.9023437,6.8506817,2.6042468,6.8957266,3.7439062
2.9042968,6.7243967,2.5148685,6.7799911,3.4543342
2.90625,6.611804,2.4016606,6.6691546,3.3558971
2.9082031,6.5023398,2.2638964,6.5738153,3.5098502
2.9101562,6.381813,2.2432394,6.4580555,3.4611828
2.9121093,6.2675161,2.2362358,6.3217306,3.1499037
2.9140625,6.1399755,2.1127457,6.2124619,2.9866979
2.9160156,6.035438,1.9309028,6.0944614,3.1181507
2.9179687,5.9221286,1.8605085,5.9789757,3.1345853
2.9199218,5.8002882,1.9050556,5.8493876,2.8909256
2.921875,5.6850876,1.7695747,5.7350249,2.7081153
2.9238281,5.5648608,1.5189006,5.6241807,2.7830636
2.9257812,5.4562883,1.4711109,5.502161,2.8140122
2.9277343,5.3353161,1.5668549,5.3925404,2.5726597
2.9296875,5.2016577,1.4581912,5.2556009,2.3823673
2.9316406,5.0929784,1.1859349,5.1393289,2.4114623
2.9335937,4.9853711,1.1094691,5.0301423,2.416414
2.9355468,4.8607831,1.2426843,4.9226398,2.238538
2.9375,4.7401695,1.1554005,4.8022141,2.0795028
2.9394531,4.616887,0.76622218,4.6749134,2.0469312
2.9414062,4.4969968,0.69004297,4.5512695,1.987423
2.9433593,4.3806877,0.90707362,4.4165387,1.8486968
2.9453125,4.2596058,0.84574276,4.3025054,1.7343328
2.9472656,4.1406912,0.53522283,4.1898584,1.7460994
2.9492187,4.0172438,0.37153056,4.0810689,1.6980276
2.9511718,3.8881089,0.4780969,3.9579927,1.5054172
2.953125,3.7719998,0.48480499,3.8381705,1.3596262
2.9550781,3.6510031,0.26676574,3.7190079,1.3261971
2.9570312,3.5304637,0.17002378,3.5779423,1.2828242
2.9589843,3.4195973,0.17928241,3.4617152,1.1336059
2.9609375,3.2914559,0.13754822,3.3355395,1.0240272
2.9628906,3.1742286,0.022296004,3.2160434,1.0162931
2.9648437,3.0572292,-0.13128653,3.0953793,0.96763664
2.9667968,2.9275889,-0.075514406,2.966583,0.80565923
2.96875,2.8080899,0.017353591,2.8638806,0.64962733
2.9707031,2.6827871,-0.098130643,2.7347693,0.65335029
2.9726562,2.5641334,-0.21455412,2.6143755,0.63528514
2.9746093,2.4470267,-0.15197895,2.5006592,0.44836989
2.9765625,2.3267052,-0.041358732,2.3748598,0.30962342
2.9785156,2.2007806,-0.13963503,2.2568948,0.3105033
2.9804687,2.0791926,-0.28381225,2.1303372,0.31609857
2.9824218,1.9560558,-0.23804358,2.0034427,0.18718348
2.984375,1.832592,-0.087757803,1.8865468,0.052475102
2.9863281,1.7082514,-0.12037307,1.7747025,0.082029052
2.9882812,1.5762721,-0.23093823,1.6283135,0.11558414
2.9902343,1.4643372,-0.20381305,1.5115014,0.0075937929
2.9921875,1.3372255,-0.12454306,1.4158769,-0.11859395
2.9941406,1.2100116,-0.084377684,1.2644997,-0.034912702
2.9960937,1.0979776,-0.21811397,1.143385,0.035910539
2.9980468,0.98201621,-0.26766294,1.0327569,-0.13244045
3.0,0.85271597,-0.1477901,0.90798581,-0.20729312
3.0019531,0.72783625,-0.13474151,0.7636103,-0.041625559
3.0039062,0.60800791,-0.23968323,0.63237202,0.0076345382
3.0058593,0.48369887,-0.23689014,0.5396831,-0.17642339
3.0078125,0.36645544,-0.11080815,0.40734774,-0.1763607
3.0097656,0.24409449,-0.10685457,0.284361,-0.011914562
3.0117187,0.12615521,-0.20504734,0.16177288,-0.054050565
3.0136718,-0.0068944343,-0.25922459,0.034507647,-0.22023268
3.015625,-0.12910208,-0.23220785,-0.071480587,-0.19077995
3.0175781,-0.24535938,-0.23150679,-0.19057439,-0.024831017
3.0195312,-0.37464756,-0.30554834,-0.32849956,-0.063058898
3.0214843,-0.49345776,-0.37968487,-0.45584673,-0.24377733
3.0234375,-0.6214757,-0.47313747,-0.56821263,-0.22344667
3.0253906,-0.73986804,-0.57304418,-0.69863695,-0.039213605
3.0273437,-0.86101949,-0.6213519,-0.82603627,-0.03371764
3.0292968,-0.99285632,-0.68993616,-0.9540633,-0.23048742
3.03125,-1.104072,-0.86640912,-1.06829,-0.26362959
3.0332031,-1.2274025,-1.0341531,-1.1766587,-0.084020354
3.0351562,-1.3655784,-1.054036,-1.3040189,-0.078939348
3.0371093,-1.4878962,-1.1621983,-1.4334765,-0.28198129
3.0390625,-1.6026518,-1.3777183,-1.5480738,-0.42629588
3.0410156,-1.7236062,-1.4569275,-1.6688907,-0.32180184
3.0429687,-1.846536,-1.5063757,-1.8046681,-0.25099176
3.0449218,-1.9701595,-1.6614513,-1.9198112,-0.5036847
3.046875,-2.0896146,-1.8553624,-2.0466556,-0.70915765
3.0488281,-2.2006175,-1.9336322,-2.1632776,-0.63471276
3.0507812,-2.3231451,-1.9895955,-2.2712533,-0.54446977
3.0527343,-2.4482314,-2.1266875,-2.4046168,-0.7699489
3.0546875,-2.5734221,-2.2874293,-2.5158205,-1.0616149
3.0566406,-2.6919519,-2.3936245,-2.6453189,-1.0775502
3.0585937,-2.8144023,-2.4201543,-2.7855036,-1.0592776
3.0605468,-2.9497242,-2.5031616,-2.9022765,-1.2592624
3.0625,-3.0621583,-2.690289,-3.0333528,-1.4708355
3.0644531,-3.1741437,-2.806802,-3.1333637,-1.4364024
3.0664062,-3.3011722,-2.8082983,-3.24529,-1.4760649
3.0683593,-3.4290006,-2.9296319,-3.369616,-1.7270958
3.0703125,-3.5422592,-3.1297071,-3.4872887,-1.9107374
3.0722656,-3.6643552,-3.2182679,-3.6120281,-1.9582967
3.0742187,-3.7968888,-3.2107179,-3.7293467,-2.0130043
3.0761718,-3.9032208,-3.290008,-3.861576,-2.16136
3.078125,-4.0235552,-3.4768271,-3.9677188,-2.2763626
3.0800781,-4.1494169,-3.5506317,-4.0981373,-2.369055
3.0820312,-4.2646875,-3.6368367,-4.2366623,-2.4560689
3.0839843,-4.3878545,-3.780066,-4.3397169,-2.5499599
3.0859375,-4.5004372,-3.8470144,-4.4625229,-2.6808877
3.0878906,-4.6286597,-3.8988988,-4.5813336,-2.7446668
3.0898437,-4.7533874,-4.0116162,-4.6976151,-2.8122711
3.0917968,-4.8581428,-4.1430239,-4.8237252,-2.9692437
3.09375,-4.9822044,-4.1582183,-4.9385275,-3.1166365
3.0957031,-5.0984182,-4.2284717,-5.0578913,-3.1566796
3.0976562,-5.2230391,-4.4076294,-5.1787695,-3.1914532
3.0996093,-5.3396134,-4.5035839,-5.3087916,-3.3297412
3.1015625,-5.4510121,-4.495368,-5.4242982,-3.500679
3.1035156,-5.5851421,-4.5455956,-5.5330338,-3.5337059
3.1054687,-5.6949696,-4.7607603,-5.6526789,-3.5015213
3.1074218,-5.8120107,-4.8542604,-5.762113,-3.6759519
3.109375,-5.9343962,-4.7788782,-5.8919096,-3.8843927
3.1113281,-6.0597047,-4.8505439,-6.0181374,-3.9139268
3.1132812,-6.1718664,-5.0947032,-6.1354818,-3.8948159
3.1152343,-6.2785763,-5.1800313,-6.2418985,-4.0161209
3.1171875,-6.4070768,-5.0390987,-6.3558216,-4.1748981
3.1191406,-6.5166087,-5.1577057,-6.4820923,-4.1905741
3.1210937,-6.63489,-5.4709982,-6.5716261,-4.255898
3.1230468,-6.7562685,-5.4760017,-6.680572,-4.4041509
3.125,-6.8685159,-5.3343486,-6.8129673,-4.5008049
3.1269531,-6.9809289,-5.4619646,-6.9306769,-4.5704817
3.1289062,-7.092905,-5.7317538,-7.056653,-4.6622376
3.1308593,-7.2054185,-5.7283372,-7.1664581,-4.7254047
3.1328125,-7.3212823,-5.6809315,-7.2555723,-4.739953
3.1347656,-7.4427933,-5.8488135,-7.3782687,-4.8127684
3.1367187,-7.5584063,-5.9925985,-7.5104455,-4.9488458
3.1386718,-7.6744952,-5.9690966,-7.6109371,-5.0842809
3.140625,-7.777441,-5.9054765,-7.7266225,-5.1059846
3.1425781,-7.899899,-6.0642342,-7.8508439,-5.076672
3.1445312,-8.0198154,-6.2765822,-7.9546213,-5.2134022
3.1464843,-8.1165876,-6.3068099,-8.0506858,-5.3670172
3.1484375,-8.2399139,-6.2206354,-8.1850471,-5.3841824
3.1503906,-8.3510179,-6.2567491,-8.3083562,-5.4086985
3.1523437,-8.4503288,-6.5288648,-8.405858,-5.5332293
3.1542968,-8.5747728,-6.6023807,-8.5359716,-5.6296348
3.15625,-8.6857156,-6.4713001,-8.6474485,-5.6146483
3.1582031,-8.7810201,-6.5924458,-8.7613134,-5.6636161
3.1601562,-8.9010715,-6.7799868,-8.8819742,-5.787373
3.1621093,-9.0095472,-6.7661404,-8.9991684,-5.8298597
3.1640625,-9.1101217,-6.7812542,-9.1039733,-5.8704185
3.1660156,-9.2226247,-6.9094929,-9.2042341,-5.9719686
3.1679687,-9.3302555,-6.9848132,-9.3001337,-6.0199937
3.1699218,-9.4432058,-7.0050406,-9.3855886,-6.0756249
3.171875,-9.5530128,-7.0402054,-9.5126991,-6.175466
3.1738281,-9.6573104,-7.1105318,-9.6313915,-6.3057751
3.1757812,-9.7648439,-7.1766271,-9.7283783,-6.4086017
3.1777343,-9.8733978,-7.2174925,-9.832736,-6.358385
3.1796875,-9.9818458,-7.2991952,-9.9318866,-6.3563075
3.1816406,-10.092594,-7.3662166,-10.053244,-6.4865336
3.1835937,-10.195358,-7.3949718,-10.160423,-6.6273021
3.1855468,-10.304559,-7.4608264,-10.253576,-6.6435022
3.1875,-10.415347,-7.5189857,-10.369467,-6.5854501
3.1894531,-10.518284,-7.5506668,-10.468032,-6.6903858
3.1914062,-10.628799,-7.640686,-10.577773,-6.8234825
3.1933593,-10.726133,-7.7247753,-10.683056,-6.8603272
3.1953125,-10.828159,-7.713396,-10.788676,-6.8481593
3.1972656,-10.931858,-7.7345461,-10.894487,-6.8938665
3.1992187,-11.040133,-7.8846898,-10.988633,-7.0459914
3.2011718,-11.138367,-8.0153055,-11.100954,-7.0829563
3.203125,-11.234465,-7.9581227,-11.198891,-7.0625152
3.2050781,-11.344812,-7.8745756,-11.302107,-7.1464452
3.2070312,-11.435588,-8.0773572,-11.396419,-7.2409234
3.2089843,-11.547379,-8.2852058,-11.487637,-7.2928242
3.2109375,-11.641073,-8.1753139,-11.606009,-7.3022866
3.2128906,-11.731997,-8.1167545,-11.713247,-7.3615903
3.2148437,-11.849014,-8.2245559,-11.820013,-7.4684462
3.2167968,-11.946545,-8.3775711,-11.908399,-7.4787821
3.21875,-12.042818,-8.3873891,-11.993435,-7.4424791
3.2207031,-12.15109,-8.312931,-12.108562,-7.5250754
3.2226562,-12.253939,-8.4231357,-12.202029,-7.6733551
3.2246093,-12.348317,-8.5209226,-12.296907,-7.7372045
3.2265625,-12.448506,-8.5361881,-12.404181,-7.7306938
3.2285156,-12.537584,-8.536581,-12.491572,-7.712305
3.2304687,-12.635192,-8.5877599,-12.576489,-7.8036637
3.2324218,-12.733571,-8.6778068,-12.69055,-7.9335637
3.234375,-12.821028,-8.7568492,-12.785179,-7.9229607
3.2363281,-12.916438,-8.7824163,-12.869431,-7.9004302
3.2382812,-13.010581,-8.7582044,-12.978496,-7.9802742
3.2402343,-13.10729,-8.8176622,-13.068839,-8.103178
3.2421875,-13.196069,-8.9572982,-13.156111,-8.1388826
3.2441406,-13.284818,-9.0212411,-13.25559,-8.0848608
3.2460937,-13.380208,-8.9103984,-13.351595,-8.1179313
3.2480468,-13.47485,-8.9223384,-13.437843,-8.2503547
3.25,-13.571423,-9.1188879,-13.533259,-8.303935
3.2519531,-13.656122,-9.1694421,-13.613773,-8.2701044
3.2539062,-13.740423,-9.0620107,-13.692947,-8.3214387
3.2558593,-13.845325,-9.0478906,-13.787951,-8.4434957
3.2578125,-13.928699,-9.2580337,-13.894296,-8.4686012
3.2597656,-14.000542,-9.3873424,-13.984758,-8.4509725
3.2617187,-14.105206,-9.2232894,-14.046397,-8.5305585
3.2636718,-14.196339,-9.1776752,-14.135454,-8.5704975
3.265625,-14.265974,-9.4573526,-14.232108,-8.5592412
3.2675781,-14.361021,-9.5342006,-14.319291,-8.6592588
3.2695312,-14.456652,-9.30163,-14.408758,-8.7625894
3.2714843,-14.534013,-9.3582782,-14.495963,-8.7172784
3.2734375,-14.624775,-9.6126289,-14.582701,-8.6580419
3.2753906,-14.699242,-9.5834207,-14.671191,-8.7724056
3.2773437,-14.782721,-9.4341297,-14.745994,-8.8891267
3.2792968,-14.877213,-9.5267953,-14.834193,-8.855731
3.28125,-14.953479,-9.7904825,-14.933897,-8.8217935
3.2832031,-15.034465,-9.7703304,-15.01104,-8.9363508
3.2851562,-15.117938,-9.5411844,-15.082002,-9.0585889
3.2871093,-15.208777,-9.6424312,-15.170274,-8.9914722
3.2890625,-15.284729,-9.9114303,-15.251678,-8.9398279
3.2910156,-15.357834,-9.8593673,-15.323806,-9.0945425
3.2929687,-15.430702,-9.6621322,-15.400799,-9.2239751
3.2949218,-15.505948,-9.7947492,-15.461911,-9.1476497
3.296875,-15.585793,-10.074723,-15.539442,-9.088974
3.2988281,-15.662068,-10.07239,-15.62451,-9.2425746
3.3007812,-15.738112,-9.9075288,-15.707359,-9.4258317
3.3027343,-15.823091,-9.9100475,-15.780316,-9.354412
3.3046875,-15.897917,-10.08625,-15.854624,-9.2037639
3.3066406,-15.960926,-10.14234,-15.924253,-9.303298
3.3085937,-16.037643,-9.9964437,-15.996272,-9.5074329
3.3105468,-16.108473,-10.009661,-16.074993,-9.476118
3.3125,-16.185928,-10.266517,-16.140896,-9.3407888
3.3144531,-16.259789,-10.328549,-16.221294,-9.4419403
3.3164062,-16.330709,-10.151305,-16.284332,-9.6163711
3.3183593,-16.403038,-10.094877,-16.36179,-9.5944519
3.3203125,-16.47896,-10.283478,-16.43858,-9.4895305
3.3222656,-16.5446,-10.417735,-16.511044,-9.5633955
3.3242187,-16.612795,-10.295878,-16.586405,-9.7222528
3.3261718,-16.686138,-10.226813,-16.647497,-9.6985817
3.328125,-16.748003,-10.39699,-16.714081,-9.5834112
3.3300781,-16.817965,-10.521762,-16.77923,-9.6471653
3.3320312,-16.885109,-10.433144,-16.864494,-9.8268108
3.3339843,-16.952541,-10.386106,-16.928076,-9.8520402
3.3359375,-17.011742,-10.494682,-16.986374,-9.7484798
3.3378906,-17.072786,-10.573679,-17.047321,-9.7323827
3.3398437,-17.14356,-10.537195,-17.098343,-9.8815069
3.3417968,-17.208351,-10.544624,-17.171083,-9.9856023
3.34375,-17.268002,-10.646974,-17.245651,-9.9091272
3.3457031,-17.330692,-10.660946,-17.311914,-9.8834981
3.3476562,-17.392315,-10.59147,-17.358248,-10.011406
3.3496093,-17.452311,-10.629448,-17.425642,-10.033341
3.3515625,-17.517538,-10.766371,-17.50069,-9.9334354
3.3535156,-17.582338,-10.778472,-17.544678,-10.009873
3.3554687,-17.638788,-10.691941,-17.595993,-10.149811
3.3574218,-17.692961,-10.70202,-17.660049,-10.090199
3.359375,-17.747217,-10.784028,-17.714449,-10.038422
3.3613281,-17.810637,-10.853323,-17.780725,-10.174603
3.3632812,-17.864254,-10.891896,-17.842751,-10.258604
3.3652343,-17.904043,-10.889625,-17.879454,-10.182225
3.3671875,-17.972748,-10.846314,-17.93961,-10.122446
3.3691406,-18.028151,-10.901237,-18.000973,-10.204383
3.3710937,-18.07188,-11.04495,-18.064941,-10.34789
3.3730468,-18.122488,-10.980937,-18.105509,-10.320693
3.375,-18.170139,-10.853957,-18.149479,-10.191553
3.3769531,-18.232168,-10.997152,-18.217108,-10.245227
3.3789062,-18.272961,-11.166113,-18.255447,-10.437167
3.3808593,-18.320978,-11.071652,-18.305971,-10.45073
3.3828125,-18.386242,-10.930567,-18.366833,-10.297247
3.3847656,-18.43078,-11.05918,-18.414431,-10.337378
3.3867187,-18.47394,-11.224346,-18.454836,-10.513255
3.3886718,-18.522673,-11.088278,-18.494902,-10.491886
3.390625,-18.570641,-10.967494,-18.525591,-10.377732
3.3925781,-18.618332,-11.157228,-18.577385,-10.434144
3.3945312,-18.664829,-11.299515,-18.61599,-10.595407
3.3964843,-18.70435,-11.169965,-18.644451,-10.630057
3.3984375,-18.747025,-11.083102,-18.702898,-10.506001
3.4003906,-18.787773,-11.204977,-18.755064,-10.526123
3.4023437,-18.829206,-11.337146,-18.786417,-10.701679
3.4042968,-18.875854,-11.287384,-18.826195,-10.668255
3.40625,-18.926695,-11.226357,-18.892286,-10.514315
3.4082031,-18.961695,-11.277427,-18.931665,-10.580653
3.4101562,-18.982172,-11.286776,-18.964474,-10.738106
3.4121093,-19.032095,-11.243709,-19.009293,-10.67749
3.4140625,-19.074903,-11.307811,-19.05131,-10.5553
3.4160156,-19.100683,-11.476143,-19.082651,-10.627619
3.4179687,-19.13669,-11.418812,-19.106176,-10.767149
3.4199218,-19.173151,-11.224727,-19.136391,-10.741409
3.421875,-19.212904,-11.335471,-19.181438,-10.638936
3.4238281,-19.251621,-11.554563,-19.220066,-10.731903
3.4257812,-19.276949,-11.455767,-19.25725,-10.890956
3.4277343,-19.30456,-11.254404,-19.301891,-10.801053
3.4296875,-19.336315,-11.342847,-19.322031,-10.659778
3.4316406,-19.377964,-11.590316,-19.346449,-10.757508
3.4335937,-19.410383,-11.604082,-19.3771,-10.884589
3.4355468,-19.430071,-11.383728,-19.399214,-10.843765
3.4375,-19.454409,-11.302661,-19.431246,-10.777859
3.4394531,-19.47876,-11.502421,-19.48345,-10.839088
3.4414062,-19.52108,-11.673543,-19.509684,-10.937819
3.4433593,-19.545134,-11.586766,-19.528435,-10.89819
3.4453125,-19.573612,-11.440876,-19.560606,-10.772264
3.4472656,-19.604218,-11.439863,-19.590694,-10.808907
3.4492187,-19.623861,-11.54432,-19.617785,-10.980483
3.4511718,-19.65283,-11.558565,-19.639496,-10.954411
3.453125,-19.662527,-11.503065,-19.670496,-10.802818
3.4550781,-19.682011,-11.537734,-19.682419,-10.852322
3.4570312,-19.710936,-11.622622,-19.705509,-10.992951
3.4589843,-19.736303,-11.67326,-19.720818,-10.964239
3.4609375,-19.755516,-11.622517,-19.720686,-10.866307
3.4628906,-19.769157,-11.517138,-19.748316,-10.907777
3.4648437,-19.789593,-11.509122,-19.765823,-11.044274
3.4667968,-19.807255,-11.630375,-19.781708,-11.072021
3.46875,-19.821577,-11.704912,-19.803398,-10.95534
3.4707031,-19.833824,-11.621988,-19.812965,-10.92556
3.4726562,-19.852884,-11.561686,-19.824533,-11.035098
3.4746093,-19.866655,-11.649708,-19.845472,-11.061079
3.4765625,-19.879768,-11.726279,-19.859314,-10.979436
3.4785156,-19.892084,-11.645765,-19.868683,-10.963802
3.4804687,-19.897764,-11.579666,-19.892017,-11.031974
3.4824218,-19.924635,-11.658553,-19.901543,-11.051968
3.484375,-19.933304,-11.736964,-19.92086,-10.999825
3.4863281,-19.933767,-11.68432,-19.927883,-10.982269
3.4882812,-19.955954,-11.555515,-19.910904,-11.021907
3.4902343,-19.956953,-11.60914,-19.926636,-11.02974
3.4921875,-19.960728,-11.76193,-19.956844,-11.005436
3.4941406,-19.976702,-11.708461,-19.966938,-11.041997
3.4960937,-19.97481,-11.612307,-19.960182,-11.07263
3.4980468,-19.982845,-11.654738,-19.983053,-10.988216
3.5,-19.997154,-11.713877,-19.982666,-10.952711
3.5019531,-19.999094,-11.704127,-19.98624,-11.045395
3.5039062,-19.994083,-11.657912,-19.994347,-11.072005
3.5058593,-20.002937,-11.621955,-19.987017,-11.010494
3.5078125,-20.016935,-11.667347,-19.993746,-10.99489
3.5097656,-20.024323,-11.719493,-19.979994,-11.032019
3.5117187,-20.020199,-11.665055,-20.001205,-11.04421
3.5136718,-20.007122,-11.636067,-20.014612,-11.032498
3.515625,-20.027538,-11.597797,-20.007027,-11.028453
3.5175781,-20.010151,-11.542496,-20.00885,-11.032725
3.5195312,-19.998272,-11.522255,-20.000126,-11.007034
3.5214843,-20.014839,-11.429767,-19.998035,-10.973702
3.5234375,-20.001034,-11.352036,-20.008188,-10.980742
3.5253906,-20.003016,-11.239162,-19.986576,-10.938558
3.5273437,-20.000938,-11.122779,-19.973032,-10.893472
3.5292968,-20.00939,-11.150346,-20.010117,-10.861548
3.53125,-19.993895,-11.075897,-19.999084,-10.808277
3.5332031,-19.977381,-10.992839,-19.979082,-10.755246
3.5351562,-19.984846,-11.140095,-19.991709,-10.670063
3.5371093,-19.966286,-11.242809,-19.990505,-10.649231
3.5390625,-19.963846,-11.106236,-19.983942,-10.525218
3.5410156,-19.962103,-10.976715,-19.987068,-10.449322
3.5429687,-19.94652,-11.101315,-19.992043,-10.709406
3.5449218,-19.935175,-11.185615,-19.977203,-10.7724
3.546875,-19.933014,-11.014722,-19.977005,-10.490309
3.5488281,-19.92065,-10.929744,-19.953926,-10.386056
3.5507812,-19.895298,-11.081027,-19.918478,-10.614944
3.5527343,-19.885759,-11.121037,-19.919788,-10.704339
3.5546875,-19.871798,-10.942883,-19.914494,-10.484519
3.5566406,-19.856112,-10.920345,-19.89069,-10.409437
3.5585937,-19.841244,-11.094229,-19.865088,-10.57911
3.5605468,-19.82802,-11.077879,-19.86344,-10.627227
3.5625,-19.816446,-10.850999,-19.841064,-10.455324
3.5644531,-19.787762,-10.813002,-19.822178,-10.388225
3.5664062,-19.763451,-10.985482,-19.819817,-10.496968
3.5683593,-19.744427,-10.989659,-19.789963,-10.539412
3.5703125,-19.724745,-10.834668,-19.755808,-10.406232
3.5722656,-19.709303,-10.840968,-19.740755,-10.314942
3.5742187,-19.684673,-10.947052,-19.730562,-10.413673
3.5761718,-19.66118,-10.873899,-19.678799,-10.432619
3.578125,-19.641191,-10.693733,-19.64398,-10.311573
3.5800781,-19.610144,-10.727407,-19.644171,-10.28894
3.5820312,-19.593025,-10.886072,-19.615185,-10.406745
3.5839843,-19.565445,-10.807879,-19.589437,-10.416679
3.5859375,-19.531391,-10.637694,-19.56563,-10.233706
3.5878906,-19.508917,-10.639817,-19.534405,-10.150124
3.5898437,-19.477842,-10.769575,-19.517035,-10.271469
3.5917968,-19.445332,-10.779226,-19.481302,-10.312571
3.59375,-19.414658,-10.570891,-19.456194,-10.138872
3.5957031,-19.394768,-10.514317,-19.435022,-10.035336
3.5976562,-19.356859,-10.706038,-19.392336,-10.158571
3.5996093,-19.32316,-10.695985,-19.36755,-10.206732
3.6015625,-19.290337,-10.411864,-19.33449,-10.0348
3.6035156,-19.254799,-10.40274,-19.298395,-9.9603195
3.6054687,-19.220648,-10.644158,-19.274506,-10.069829
3.6074218,-19.188799,-10.616596,-19.232901,-10.095158
3.609375,-19.160864,-10.357128,-19.198036,-9.9611473
3.6113281,-19.111076,-10.304893,-19.164833,-9.8656539
3.6132812,-19.082062,-10.47887,-19.127968,-9.9476385
3.6152343,-19.038677,-10.46274,-19.102425,-10.000342
3.6171875,-19.003212,-10.289162,-19.052837,-9.8580799
3.6191406,-18.969894,-10.229731,-19.011456,-9.7519636
3.6210937,-18.917606,-10.353809,-18.978752,-9.811325
3.6230468,-18.885851,-10.368356,-18.93576,-9.8673868
3.625,-18.839144,-10.148003,-18.898628,-9.7830801
3.6269531,-18.800983,-10.116317,-18.850927,-9.6704111
3.6289062,-18.764624,-10.286038,-18.801231,-9.6999969
3.6308593,-18.726341,-10.245783,-18.764151,-9.743287
3.6328125,-18.69141,-10.005569,-18.737883,-9.6691455
3.6347656,-18.642664,-9.9555492,-18.685938,-9.5936088
3.6367187,-18.594721,-10.083939,-18.632847,-9.5849819
3.6386718,-18.544312,-10.072657,-18.60774,-9.5629682
3.640625,-18.493717,-9.9459056,-18.561754,-9.5108642
3.6425781,-18.454937,-9.9314594,-18.491714,-9.4885511
3.6445312,-18.404009,-10.031088,-18.445599,-9.4623508
3.6464843,-18.345079,-9.9951582,-18.413902,-9.4143505
3.6484375,-18.286198,-9.7748527,-18.354456,-9.4076776
3.6503906,-18.23118,-9.7419729,-18.304995,-9.408781
3.6523437,-18.190849,-9.9410085,-18.259396,-9.3415584
3.6542968,-18.133993,-9.9640646,-18.210817,-9.2675418
3.65625,-18.086172,-9.7079143,-18.168373,-9.2652263
3.6582031,-18.040907,-9.5489635,-18.099659,-9.2701616
3.6601562,-17.984869,-9.7104568,-18.036722,-9.1940536
3.6621093,-17.927858,-9.7605876,-17.987261,-9.1201057
3.6640625,-17.87249,-9.5235519,-17.940889,-9.1497402
3.6660156,-17.828913,-9.4362554,-17.88887,-9.1681442
3.6679687,-17.768707,-9.62082,-17.825024,-9.0892658
3.6699218,-17.712044,-9.6273679,-17.77351,-8.986988
3.671875,-17.655642,-9.3511142,-17.712996,-8.9640827
3.6738281,-17.593508,-9.2947492,-17.652367,-9.0066127
3.6757812,-17.536125,-9.4891967,-17.594461,-8.9651069
3.6777343,-17.480968,-9.515109,-17.525488,-8.8602581
3.6796875,-17.428204,-9.2727594,-17.472801,-8.829997
3.6816406,-17.35638,-9.1386938,-17.412739,-8.8718671
3.6835937,-17.293842,-9.2809639,-17.356201,-8.8458137
3.6855468,-17.225519,-9.3193798,-17.309111,-8.7152233
3.6875,-17.154537,-9.1749677,-17.242159,-8.6608638
3.6894531,-17.098351,-9.1182375,-17.166187,-8.6963501
3.6914062,-17.037558,-9.2054576,-17.111826,-8.6604232
3.6933593,-16.975897,-9.1798677,-17.053324,-8.5623655
3.6953125,-16.901077,-8.9734993,-16.977217,-8.5401115
3.6972656,-16.830677,-8.8795862,-16.926777,-8.5684347
3.6992187,-16.767103,-9.0001459,-16.866941,-8.4993219
3.7011718,-16.714001,-9.0657653,-16.782204,-8.4056615
3.703125,-16.647738,-8.9066753,-16.709249,-8.3767995
3.7050781,-16.574533,-8.7397232,-16.645515,-8.383069
3.7070312,-16.513237,-8.7280035,-16.575476,-8.3806257
3.7089843,-16.443899,-8.8091154,-16.507257,-8.3058662
3.7109375,-16.375135,-8.7809839,-16.440176,-8.2271347
3.7128906,-16.303375,-8.6323623,-16.365454,-8.2246198
3.7148437,-16.244408,-8.5874681,-16.295774,-8.216072
3.7167968,-16.166376,-8.6523952,-16.239304,-8.135003
3.71875,-16.079115,-8.6037836,-16.172071,-8.0736818
3.7207031,-16.009897,-8.4184103,-16.088146,-8.0538415
3.7226562,-15.939812,-8.4334754,-16.007664,-8.0083284
3.7246093,-15.86438,-8.6003274,-15.94196,-7.9481205
3.7265625,-15.789106,-8.5068893,-15.880193,-7.9324183
3.7285156,-15.715979,-8.2503709,-15.787281,-7.9342026
3.7304687,-15.636165,-8.2344551,-15.705549,-7.844469
3.7324218,-15.561077,-8.3618841,-15.631571,-7.7523231
3.734375,-15.485713,-8.3046999,-15.550694,-7.7787361
3.7363281,-15.40763,-8.1472415,-15.495957,-7.7876534
3.7382812,-15.324132,-8.1074819,-15.411076,-7.7009539
3.7402343,-15.254669,-8.13803,-15.325519,-7.6021156
3.7421875,-15.171008,-8.0909948,-15.26333,-7.5616092
3.7441406,-15.080126,-8.0125551,-15.18119,-7.5795021
3.7460937,-15.003254,-7.9537549,-15.091808,-7.5278101
3.7480468,-14.921681,-7.9460449,-15.013886,-7.4186587
3.75,-14.846039,-7.9499597,-14.937064,-7.3837938
3.7519531,-14.761366,-7.8567667,-14.844219,-7.4070677
3.7539062,-14.685443,-7.7357745,-14.769006,-7.3607158
3.7558593,-14.604646,-7.7030773,-14.697853,-7.2446069
3.7578125,-14.503855,-7.7345786,-14.601124,-7.2261834
3.7597656,-14.420387,-7.6588897,-14.517004,-7.2360816
3.7617187,-14.34664,-7.545031,-14.440419,-7.1380615
3.7636718,-14.260358,-7.5917601,-14.36869,-7.0452814
3.765625,-14.173646,-7.6117329,-14.282521,-7.0545139
3.7675781,-14.085487,-7.4413061,-14.1809,-7.0331726
3.7695312,-14.000762,-7.3044304,-14.101357,-6.9059987
3.7714843,-13.921504,-7.3512568,-14.013834,-6.8692698
3.7734375,-13.82244,-7.4182429,-13.914811,-6.9090738
3.7753906,-13.72469,-7.3005237,-13.830344,-6.8276777
3.7773437,-13.64,-7.1345639,-13.74969,-6.7180776
3.7792968,-13.555919,-7.1698894,-13.651441,-6.7157349
3.78125,-13.467287,-7.2525386,-13.566381,-6.717956
3.7832031,-13.372983,-7.1328473,-13.478145,-6.6079316
3.7851562,-13.290935,-6.9250936,-13.378263,-6.5196528
3.7871093,-13.193613,-6.9038577,-13.288397,-6.5192031
3.7890625,-13.098883,-6.982922,-13.198044,-6.502407
3.7910156,-13.016953,-6.9215083,-13.09832,-6.4016842
3.7929687,-12.912795,-6.8001217,-13.002278,-6.3029046
3.7949218,-12.819153,-6.7342424,-12.919947,-6.2929453
3.796875,-12.739346,-6.7174921,-12.818098,-6.2383689
3.7988281,-12.63714,-6.7325134,-12.729735,-6.1829767
3.8007812,-12.530882,-6.6587357,-12.627363,-6.1590542
3.8027343,-12.443445,-6.4756312,-12.526877,-6.0968508
3.8046875,-12.353718,-6.4667277,-12.4534,-6.0104885
3.8066406,-12.254682,-6.5993661,-12.341856,-5.980297
3.8085937,-12.1464,-6.4813442,-12.229009,-5.9679255
3.8105468,-12.042551,-6.2114262,-12.128142,-5.8516969
3.8125,-11.961587,-6.2000021,-12.034059,-5.77739
3.8144531,-11.869136,-6.4140954,-11.925764,-5.8056263
3.8164062,-11.754181,-6.3703632,-11.826312,-5.7855243
3.8183593,-11.659674,-5.9812679,-11.735105,-5.6433196
3.8203125,-11.563868,-5.8535676,-11.628484,-5.5441665
3.8222656,-11.458813,-6.1505694,-11.552977,-5.5627255
3.8242187,-11.369286,-6.2069273,-11.461486,-5.5219607
3.8261718,-11.262858,-5.8285322,-11.344521,-5.3866376
3.828125,-11.157505,-5.6466298,-11.230832,-5.2990613
3.8300781,-11.053118,-5.8511333,-11.129831,-5.285314
3.8320312,-10.952404,-5.931777,-11.044425,-5.258162
3.8339843,-10.857835,-5.6669793,-10.937516,-5.2017583
3.8359375,-10.750028,-5.4758801,-10.831661,-5.1146554
3.8378906,-10.650814,-5.5891227,-10.730671,-5.0166182
3.8398437,-10.537425,-5.6163153,-10.607211,-4.9689383
3.8417968,-10.437443,-5.4075284,-10.507071,-4.9508523
3.84375,-10.334291,-5.2870397,-10.415988,-4.8990721
3.8457031,-10.223449,-5.3753194,-10.314334,-4.8263402
3.8476562,-10.127664,-5.3770666,-10.218422,-4.7362542
3.8496093,-10.016749,-5.1727256,-10.092933,-4.6504478
3.8515625,-9.9165077,-5.0561204,-9.9691076,-4.6031026
3.8535156,-9.8088378,-5.1042747,-9.8842868,-4.5577178
3.8554687,-9.7043876,-5.0742902,-9.7839164,-4.5005259
3.8574218,-9.596981,-4.9153814,-9.6662311,-4.4422555
3.859375,-9.4823312,-4.8385796,-9.5633974,-4.3530268
3.8613281,-9.3895292,-4.848926,-9.4582634,-4.2475676
3.8632812,-9.2692604,-4.8107051,-9.334279,-4.1928291
3.8652343,-9.1560678,-4.7022805,-9.2344284,-4.1660113
3.8671875,-9.0582561,-4.559514,-9.1406755,-4.107419
3.8691406,-8.9408931,-4.5358734,-9.0094718,-4.0124983
3.8710937,-8.8321914,-4.5698752,-8.8978271,-3.9050903
3.8730468,-8.7231597,-4.4603986,-8.7882814,-3.8356621
3.875,-8.6053819,-4.2958512,-8.6724033,-3.831175
3.8769531,-8.5032033,-4.2649345,-8.550168,-3.7849376
3.8789062,-8.392167,-4.2865028,-8.4404535,-3.6360867
3.8808593,-8.2693853,-4.1955614,-8.3484611,-3.5346348
3.8828125,-8.16965,-4.0224404,-8.229103,-3.5590667
3.8847656,-8.0586404,-3.9466602,-8.1080589,-3.5097687
3.8867187,-7.9401621,-4.0026521,-7.9920325,-3.2954483
3.8886718,-7.8356375,-3.9226722,-7.8896265,-3.2090172
3.890625,-7.7238912,-3.7323274,-7.7855939,-3.2829995
3.8925781,-7.600841,-3.6671857,-7.6552028,-3.2028291
3.8945312,-7.4805431,-3.683597,-7.5430197,-2.9782097
3.8964843,-7.3653197,-3.6260051,-7.4602885,-2.8718431
3.8984375,-7.2621612,-3.4951655,-7.3466672,-2.9440527
3.9003906,-7.1418047,-3.4301807,-7.2120313,-2.9104187
3.9023437,-7.0255737,-3.3830709,-7.0859322,-2.6362974
3.9042968,-6.9186344,-3.2693228,-6.9749913,-2.4778707
3.90625,-6.7947144,-3.1801662,-6.8641376,-2.635653
3.9082031,-6.6955909,-3.1102268,-6.7432556,-2.685184
3.9101562,-6.5772857,-3.0394353,-6.626924,-2.373928
3.9121093,-6.4588084,-2.981965,-6.5158677,-2.1425297
3.9140625,-6.3459868,-2.8634321,-6.4196715,-2.2640304
3.9160156,-6.2151646,-2.7398572,-6.2994117,-2.3266863
3.9179687,-6.1100277,-2.7290639,-6.163949,-2.0192387
3.9199218,-5.9845361,-2.7220196,-6.0665807,-1.7696393
3.921875,-5.8647403,-2.6051938,-5.9639844,-1.8964921
3.9238281,-5.7564115,-2.4357099,-5.8399586,-1.969226
3.9257812,-5.6315002,-2.3694222,-5.7079157,-1.6802943
3.9277343,-5.5282836,-2.3806419,-5.5709123,-1.4140644
3.9296875,-5.4120287,-2.2557158,-5.4559779,-1.4997037
3.9316406,-5.287261,-2.0884583,-5.3507256,-1.630621
3.9335937,-5.1702418,-2.0157957,-5.2358374,-1.446954
3.9355468,-5.0514531,-1.9871459,-5.1001715,-1.14943
3.9375,-4.9208025,-1.9286983,-4.9856581,-1.0960657
3.9394531,-4.7948341,-1.8132349,-4.8776283,-1.1656217
3.9414062,-4.6920294,-1.7189981,-4.7458686,-1.0661304
3.9433593,-4.5741648,-1.6843094,-4.6406478,-0.84302956
3.9453125,-4.4504447,-1.6072437,-4.5258326,-0.72704673
3.9472656,-4.3397879,-1.4141322,-4.4032445,-0.76512396
3.9492187,-4.2134041,-1.2939735,-4.2807588,-0.71106136
3.9511718,-4.0890312,-1.3051717,-4.1385812,-0.49914953
3.953125,-3.9768707,-1.2337719,-4.0218977,-0.37604895
3.9550781,-3.853724,-1.0950512,-3.9075405,-0.41706556
3.9570312,-3.735665,-1.025968,-3.7965176,-0.41095152
3.9589843,-3.610928,-0.96031237,-3.6701371,-0.24367011
3.9609375,-3.4805989,-0.83913928,-3.5319325,-0.091416568
3.9628906,-3.3622674,-0.7393083,-3.4410185,-0.053125877
3.9648437,-3.246052,-0.71006536,-3.3302173,-0.074811086
3.9667968,-3.1265294,-0.66497618,-3.1927857,-0.020878367
3.96875,-2.9963696,-0.49558449,-3.0740292,0.14443803
3.9707031,-2.871026,-0.36431858,-2.9565596,0.22545601
3.9726562,-2.7671301,-0.36031348,-2.8322763,0.12412079
3.9746093,-2.6457743,-0.35395983,-2.719767,0.075812474
3.9765625,-2.521002,-0.24491371,-2.591753,0.22550853
3.9785156,-2.4012734,-0.032378219,-2.4599764,0.29569253
3.9804687,-2.2708127,0.022765506,-2.3533642,0.21387278
3.9824218,-2.1527261,-0.063765652,-2.225734,0.15125889
3.984375,-2.0285506,-0.014859343,-2.1092572,0.22972322
3.9863281,-1.9056989,0.13652679,-1.9931697,0.30285412
3.9882812,-1.7861584,0.20429297,-1.8692461,0.20758586
3.9902343,-1.6611788,0.16877581,-1.7342863,0.19203088
3.9921875,-1.5311996,0.18035646,-1.5956141,0.27355552
3.9941406,-1.4139668,0.2687625,-1.4864054,0.27863327
3.9960937,-1.2984687,0.31460032,-1.3616324,0.19394903
3.9980468,-1.16945,0.26369202,-1.2267601,0.15899351
4.0,-1.0493203,0.26066208,-1.1059136,0.25383204
4.0019531,-0.90957218,0.34165025,-0.98265123,0.28469795
4.0039062,-0.79677552,0.36077973,-0.8584612,0.19891062
4.0058593,-0.67811865,0.28794575,-0.74373901,0.17272939
4.0078125,-0.53713799,0.2077923,-0.61490172,0.28057978
4.0097656,-0.43048757,0.28416157,-0.51326835,0.33671552
4.0117187,-0.30510506,0.40197015,-0.39365673,0.26520482
4.0136718,-0.18321624,0.32875189,-0.24226093,0.24537508
4.015625,-0.065164804,0.25065911,-0.13439515,0.35386768
4.0175781,0.055917874,0.3199673,-0.016972139,0.39433622
4.0195312,0.17831138,0.3957772,0.10984233,0.20734534
4.0214843,0.30155486,0.36876187,0.22908515,0.16064213
4.0234375,0.43121198,0.30493599,0.3529138,0.43112683
4.0253906,0.55162597,0.30011454,0.47948053,0.55499554
4.0273437,0.66272044,0.32568249,0.61037982,0.48317698
4.0292968,0.80201161,0.32930732,0.72161508,0.56749481
4.03125,0.9198209,0.32803383,0.83916104,0.76801568
4.0332031,1.0411169,0.32904547,0.97476345,0.87171733
4.0351562,1.1695622,0.30292597,1.1121838,0.87131512
4.0371093,1.2965638,0.29378283,1.2345968,0.99293798
4.0390625,1.4168076,0.33430141,1.3412742,1.2280917
4.0410156,1.5266313,0.40238354,1.4739766,1.2919483
4.0429687,1.6601164,0.44897237,1.6029442,1.2975165
4.0449218,1.7866864,0.49141833,1.7129837,1.5152525
4.046875,1.9020719,0.56962496,1.8277468,1.7885098
4.0488281,2.0245547,0.58219862,1.9583947,1.7924203
4.0507812,2.1357884,0.59807038,2.0891318,1.7305445
4.0527343,2.249155,0.77734458,2.1977016,1.9873421
4.0546875,2.3870394,0.94205576,2.3161194,2.276818
4.0566406,2.512808,0.99695909,2.4399294,2.2111263
4.0585937,2.6298129,1.0696343,2.5648477,2.1716733
4.0605468,2.7441315,1.1722165,2.6986024,2.462718
4.0625,2.8720619,1.2866572,2.817754,2.6847169
4.0644531,2.995742,1.4147405,2.9376952,2.6228964
4.0664062,3.1109435,1.618239,3.0511379,2.5773878
4.0683593,3.236891,1.7585257,3.1761212,2.8549146
4.0703125,3.3510687,1.7367888,3.3075439,3.1042878
4.0722656,3.4844462,1.8329807,3.4155402,3.0514063
4.0742187,3.6008911,2.1025388,3.5444557,3.0600326
4.0761718,3.7270033,2.2590346,3.6577901,3.2462141
4.078125,3.8602917,2.1828846,3.7709198,3.442506
4.0800781,3.9687972,2.2340424,3.9010851,3.47296
4.0820312,4.0843787,2.51161,4.0066895,3.4708039
4.0839843,4.2049279,2.637058,4.125597,3.6638054
4.0859375,4.3341288,2.6265735,4.2471852,3.8282811
4.0878906,4.4349713,2.7643134,4.3687601,3.8363854
4.0898437,4.5616807,2.9859716,4.4961743,3.8868153
4.0917968,4.6923446,3.0216157,4.6188535,4.0337467
4.09375,4.7983303,3.0476679,4.7450366,4.1685185
4.0957031,4.9205155,3.1945915,4.860599,4.1886167
4.0976562,5.0399127,3.3187677,4.9727783,4.2221655
4.0996093,5.1674823,3.4327616,5.0967302,4.4016957
4.1015625,5.2829623,3.5051789,5.2213411,4.4963645
4.1035156,5.3920159,3.5497071,5.3251481,4.5223398
4.1054687,5.5170984,3.6342132,5.4499473,4.6343436
4.1074218,5.6377692,3.8146359,5.5660219,4.7515344
4.109375,5.7514185,3.9475073,5.6743774,4.8477788
4.1113281,5.8761005,3.9273972,5.812323,4.8830914
4.1132812,5.9869036,3.9877893,5.9263353,4.9598832
4.1152343,6.0976467,4.1969323,6.0554447,5.1144633
4.1171875,6.2189579,4.2937402,6.1673989,5.1607265
4.1191406,6.3319125,4.2758503,6.2615184,5.1644916
4.1210937,6.4510221,4.4046778,6.3717069,5.260673
4.1230468,6.5728855,4.5757875,6.491486,5.4096875
4.125,6.6826529,4.6046934,6.6239166,5.5111851
4.1269531,6.7995114,4.5950546,6.7215099,5.5565867
4.1289062,6.9228553,4.7030019,6.8341589,5.6251316
4.1308593,7.0290122,4.8927559,6.9704523,5.6954593
4.1328125,7.1452865,4.9587979,7.0794973,5.7751317
4.1347656,7.2619576,4.9292058,7.1955938,5.861464
4.1367187,7.3806176,5.0408811,7.3084816,5.8887519
4.1386718,7.4923467,5.2195696,7.4274339,5.9543547
4.140625,7.6007876,5.2547273,7.5581393,6.0747308
4.1425781,7.7171158,5.2143712,7.655291,6.1585903
4.1445312,7.82556,5.3467912,7.7706856,6.1778368
4.1464843,7.9409575,5.5768714,7.8854546,6.1628351
4.1484375,8.0618801,5.5812745,7.9923591,6.3254566
4.1503906,8.1752739,5.5021195,8.1060285,6.5028638
4.1523437,8.2843055,5.6345682,8.2002525,6.4712157
4.1542968,8.395894,5.8105597,8.3089637,6.4780693
4.15625,8.5031881,5.8226022,8.4308404,6.6101422
4.1582031,8.6224098,5.8324852,8.5499382,6.7834234
4.1601562,8.7281789,5.9888682,8.6488332,6.8127622
4.1621093,8.8326015,6.1152229,8.7606849,6.7312731
4.1640625,8.949625,6.0610508,8.8851289,6.8056721
4.1660156,9.0636358,6.0940742,8.9907255,7.0051136
4.1679687,9.1739454,6.2956767,9.1092605,7.0808095
4.1699218,9.2787742,6.3700151,9.2185945,6.9770693
4.171875,9.3888464,6.2814283,9.319911,7.0121178
4.1738281,9.4958868,6.3313522,9.4363899,7.2164444
4.1757812,9.6073103,6.5761499,9.552701,7.3202605
4.1777343,9.7105073,6.681395,9.6575079,7.2973313
4.1796875,9.8138999,6.5837183,9.768939,7.2863578
4.1816406,9.9244375,6.5878181,9.8809585,7.4003624
4.1835937,10.040236,6.8059101,9.970581,7.5491209
4.1855468,10.141782,6.9414238,10.072211,7.5597505
4.1875,10.247008,6.8481798,10.175543,7.5161752
4.1894531,10.360292,6.7805166,10.286192,7.6466283
4.1914062,10.447753,6.9947624,10.388536,7.8179078
4.1933593,10.559498,7.2124004,10.478148,7.8051705
4.1953125,10.664715,7.1217522,10.603724,7.7703418
4.1972656,10.757769,7.08468,10.715807,7.8695564
4.1992187,10.867535,7.2684054,10.802458,8.0139322
4.2011718,10.970657,7.4091091,10.906501,8.0106611
4.203125,11.069033,7.3752656,11.015485,7.9540567
4.2050781,11.174067,7.3138728,11.110744,8.0784797
4.2070312,11.285981,7.4388375,11.211535,8.2228488
4.2089843,11.394379,7.6185579,11.315184,8.2089195
4.2109375,11.492644,7.61415,11.421858,8.1920223
4.2128906,11.581238,7.5080356,11.531892,8.3151006
4.2148437,11.684851,7.5717487,11.621321,8.4131135
4.2167968,11.782005,7.8228898,11.714528,8.3721685
4.21875,11.878016,7.9398856,11.816962,8.3695488
4.2207031,11.985936,7.821547,11.912683,8.5260896
4.2226562,12.079749,7.7979474,12.013348,8.64787
4.2246093,12.181202,7.9818015,12.114765,8.5942344
4.2265625,12.284515,8.0793132,12.210084,8.5657634
4.2285156,12.371158,8.0297727,12.301794,8.6914739
4.2304687,12.46559,8.0157947,12.405088,8.8158092
4.2324218,12.565319,8.1212387,12.513245,8.7985906
4.234375,12.665688,8.28728,12.616339,8.7626657
4.2363281,12.754709,8.3148126,12.722439,8.8638782
4.2382812,12.840637,8.2188377,12.796933,8.9806232
4.2402343,12.948859,8.2478065,12.888683,8.9413032
4.2421875,13.03139,8.4579944,13.000889,8.8964519
4.2441406,13.131591,8.550991,13.070098,9.0484962
4.2460937,13.233253,8.4102811,13.15908,9.2005081
4.2480468,13.310153,8.4232845,13.264603,9.1280489
4.25,13.412372,8.5958299,13.351767,9.1011047
4.2519531,13.503109,8.6433525,13.446694,9.2759151
4.2539062,13.59215,8.6470365,13.538143,9.3568878
4.2558593,13.677256,8.6619377,13.632885,9.2829961
4.2578125,13.777658,8.721322,13.723174,9.2840948
4.2597656,13.864122,8.8292388,13.817298,9.415245
4.2617187,13.945272,8.8542137,13.897503,9.4809761
4.2636718,14.040468,8.8150968,13.962726,9.4388008
4.265625,14.122226,8.879877,14.064601,9.4535799
4.2675781,14.21127,9.0071668,14.145268,9.5677814
4.2695312,14.292879,9.010436,14.233513,9.6897783
4.2714843,14.389818,8.9888925,14.308965,9.6850652
4.2734375,14.47141,9.0541296,14.397996,9.6165885
4.2753906,14.551204,9.1282434,14.492867,9.6820335
4.2773437,14.638085,9.1309309,14.558821,9.846487
4.2792968,14.714914,9.1422586,14.661519,9.8660564
4.28125,14.803682,9.2473564,14.736308,9.7641687
4.2832031,14.886738,9.3078193,14.81892,9.8173131
4.2851562,14.971014,9.2847633,14.900105,9.97087
4.2871093,15.058094,9.2975969,14.975389,9.982913
4.2890625,15.133175,9.3614387,15.074091,9.9152813
4.2910156,15.206059,9.4009094,15.163115,9.9950895
4.2929687,15.292251,9.4052515,15.234063,10.112696
4.2949218,15.372184,9.4845428,15.311266,10.079321
4.296875,15.450118,9.592761,15.392905,10.032647
4.2988281,15.53101,9.5612897,15.456854,10.13226
4.3007812,15.602441,9.5134115,15.540848,10.259955
4.3027343,15.681851,9.5976905,15.619657,10.240423
4.3046875,15.764993,9.6981496,15.691085,10.205049
4.3066406,15.835367,9.7055254,15.775385,10.291813
4.3085937,15.909891,9.6759157,15.849559,10.391022
4.3105468,15.986321,9.7208032,15.926308,10.368789
4.3125,16.054647,9.836236,15.994972,10.316676
4.3144531,16.122375,9.8759069,16.061125,10.394852
4.3164062,16.202446,9.8148727,16.136835,10.509484
4.3183593,16.267218,9.8504476,16.212606,10.504964
4.3203125,16.326998,9.9716653,16.299765,10.455012
4.3222656,16.406971,9.9757099,16.376072,10.543079
4.3242187,16.482323,9.9587793,16.429352,10.636377
4.3261718,16.557154,10.034155,16.505295,10.560662
4.328125,16.626022,10.056805,16.578789,10.511768
4.3300781,16.694769,10.003428,16.642357,10.654405
4.3320312,16.765106,10.024585,16.711374,10.77036
4.3339843,16.829889,10.13555,16.760714,10.695436
4.3359375,16.886261,10.194149,16.856411,10.657781
4.3378906,16.954544,10.159182,16.92388,10.789998
4.3398437,17.028118,10.175387,16.970898,10.901222
4.3417968,17.088396,10.303098,17.045238,10.787519
4.34375,17.15172,10.318942,17.103689,10.693541
4.3457031,17.216017,10.219912,17.175661,10.874194
4.3476562,17.286674,10.267305,17.227436,11.040052
4.3496093,17.345493,10.401489,17.291059,10.927492
4.3515625,17.402407,10.410544,17.353821,10.794507
4.3535156,17.46839,10.326873,17.408041,10.96038
4.3554687,17.527233,10.372068,17.480114,11.133275
4.3574218,17.585087,10.507221,17.552608,11.033449
4.359375,17.633673,10.506828,17.609661,10.932432
4.3613281,17.694,10.440055,17.649082,11.043528
4.3632812,17.755365,10.514692,17.712837,11.172003
4.3652343,17.801102,10.647638,17.778383,11.111776
4.3671875,17.864323,10.610237,17.829279,11.04427
4.3691406,17.925058,10.511495,17.867731,11.136452
4.3710937,17.977301,10.578049,17.91395,11.239508
4.3730468,18.026014,10.69032,17.995323,11.20608
4.375,18.076756,10.659531,18.033566,11.191353
4.3769531,18.135717,10.618253,18.079924,11.291465
4.3789062,18.18907,10.714903,18.14543,11.301861
4.3808593,18.236919,10.799484,18.190241,11.246677
4.3828125,18.285572,10.738465,18.248537,11.27926
4.3847656,18.346323,10.689145,18.290276,11.364047
4.3867187,18.391233,10.774342,18.354082,11.37247
4.3886718,18.436279,10.857182,18.398674,11.318407
4.390625,18.481392,10.806245,18.424871,11.347958
4.3925781,18.521002,10.777023,18.474953,11.430954
4.3945312,18.583488,10.87676,18.542456,11.437365
4.3964843,18.623913,10.959112,18.578133,11.422806
4.3984375,18.662727,10.936249,18.594185,11.472445
4.4003906,18.713295,10.826653,18.659266,11.480335
4.4023437,18.750738,10.850929,18.723755,11.475458
4.4042968,18.799728,11.013332,18.758947,11.54491
4.40625,18.837889,11.03778,18.773197,11.56427
4.4082031,18.875219,10.947509,18.823242,11.490245
4.4101562,18.919558,10.921289,18.890238,11.496649
4.4121093,18.954441,11.036543,18.91913,11.638315
4.4140625,18.993073,11.131135,18.946188,11.671907
4.4160156,19.035942,11.067647,19.010679,11.534667
4.4179687,19.077078,11.001385,19.052355,11.527603
4.4199218,19.109781,11.057384,19.071041,11.696838
4.421875,19.147299,11.127397,19.116173,11.713771
4.4238281,19.190056,11.111297,19.147202,11.570981
4.4257812,19.220825,11.084061,19.181999,11.607486
4.4277343,19.252268,11.108451,19.218004,11.779681
4.4296875,19.287069,11.149408,19.270164,11.776522
4.4316406,19.322121,11.167068,19.312906,11.64401
4.4335937,19.358019,11.172305,19.323854,11.655317
4.4355468,19.38353,11.18029,19.352394,11.784582
4.4375,19.414093,11.191753,19.372871,11.792648
4.4394531,19.443295,11.200411,19.407164,11.712702
4.4414062,19.472557,11.20516,19.443018,11.750987
4.4433593,19.506788,11.2137,19.483236,11.875512
4.4453125,19.539175,11.235844,19.521523,11.865844
4.4472656,19.560469,11.258748,19.521164,11.744414
4.4492187,19.577112,11.2267,19.55022,11.744899
4.4511718,19.606764,11.178144,19.586037,11.880265
4.453125,19.628807,11.275867,19.600628,11.937111
4.4550781,19.657143,11.421176,19.624805,11.835306
4.4570312,19.684586,11.349631,19.641987,11.780928
4.4589843,19.693996,11.197749,19.6623,11.900471
4.4609375,19.719561,11.233548,19.678646,11.982897
4.4628906,19.742903,11.391254,19.695322,11.897518
4.4648437,19.754753,11.401827,19.724085,11.837049
4.4667968,19.779997,11.26338,19.725719,11.933663
4.46875,19.804527,11.257748,19.741358,12.018725
4.4707031,19.823359,11.397661,19.7768,11.940041
4.4726562,19.825613,11.414266,19.800528,11.875808
4.4746093,19.842299,11.269048,19.816236,11.965821
4.4765625,19.872114,11.258747,19.83853,12.032862
4.4785156,19.874651,11.451268,19.865788,11.945828
4.4804687,19.893404,11.498199,19.861279,11.869081
4.4824218,19.91666,11.29347,19.885386,11.942182
4.484375,19.912718,11.245208,19.894003,12.030437
4.4863281,19.920626,11.432917,19.89011,11.991673
4.4882812,19.943087,11.473564,19.931686,11.923323
4.4902343,19.955858,11.379523,19.945627,11.987342
4.4921875,19.969713,11.349128,19.95668,12.074377
4.4941406,19.977062,11.383494,19.96203,12.007935
4.4960937,19.987347,11.404778,19.973045,11.90198
4.4980468,19.995314,11.371819,19.982574,11.968602
4.5,19.998356,11.359632,19.981092,12.103534
4.5019531,20.010864,11.393391,19.996672,12.046096
4.5039062,20.014668,11.427856,19.986925,11.931628
4.5058593,20.022423,11.403229,20.009953,11.993271
4.5078125,20.022659,11.360991,20.010653,12.100143
4.5097656,20.023298,11.377698,19.999502,12.073541
4.5117187,20.032658,11.405141,20.02388,11.977662
4.5136718,20.032772,11.399812,20.016195,11.999117
4.515625,20.033251,11.366595,20.021772,12.089981
4.5175781,20.036497,11.345428,20.026674,12.086802
4.5195312,20.037989,11.3616,20.028706,12.014467
4.5214843,20.04159,11.365123,20.035381,12.018274
4.5234375,20.041666,11.34453,20.04196,12.067892
4.5253906,20.04394,11.314415,20.026686,12.038475
4.5273437,20.047356,11.222561,20.018337,12.028569
4.5292968,20.049755,11.117464,20.051414,12.03377
4.53125,20.041052,11.008917,20.047302,12.025542
4.5332031,20.037085,10.88204,20.025063,12.025474
4.5351562,20.041786,10.666347,20.032892,11.925822
4.5371093,20.030067,10.464366,20.028488,11.847979
4.5390625,20.030226,10.601836,20.031517,11.790973
4.5410156,20.014997,10.769647,20.028929,11.613298
4.5429687,19.989014,10.623624,20.01849,11.517257
4.5449218,19.975754,10.409523,20.031649,11.232146
4.546875,19.968391,10.531496,20.015882,10.907144
4.5488281,19.952024,10.84617,20.008604,11.160948
4.5507812,19.931479,10.733219,19.994413,11.435238
4.5527343,19.923134,10.350146,19.983652,11.229232
4.5546875,19.90134,10.400198,19.980541,10.933863
4.5566406,19.882589,10.746441,19.966913,11.09575
4.5585937,19.870975,10.660323,19.952526,11.405037
4.5605468,19.844572,10.296953,19.906277,11.218518
4.5625,19.813395,10.318784,19.877026,10.871889
4.5644531,19.787956,10.58622,19.852901,10.995297
4.5664062,19.772518,10.589223,19.828751,11.400999
4.5683593,19.758583,10.356355,19.808306,11.345628
4.5703125,19.726505,10.327312,19.783772,10.912815
4.5722656,19.697895,10.473001,19.743252,10.900221
4.5742187,19.688229,10.38919,19.71771,11.266496
4.5761718,19.66888,10.234872,19.704329,11.239876
4.578125,19.636829,10.298727,19.674829,10.868528
4.5800781,19.605841,10.346854,19.650812,10.841897
4.5820312,19.58288,10.183916,19.605959,11.115557
4.5839843,19.564165,10.101305,19.573507,11.096454
4.5859375,19.527679,10.281495,19.546206,10.786334
4.5878906,19.499044,10.34311,19.513523,10.766277
4.5898437,19.473124,10.087931,19.496658,11.027568
4.5917968,19.430655,9.9835643,19.468958,11.006679
4.59375,19.394316,10.197107,19.424002,10.708352
4.5957031,19.367481,10.259866,19.394407,10.624372
4.5976562,19.335028,10.088858,19.368542,10.838564
4.5996093,19.294945,9.9778013,19.328775,10.906601
4.6015625,19.272528,10.012183,19.301945,10.664838
4.6035156,19.237066,10.082701,19.281319,10.509613
4.6054687,19.199465,9.9972429,19.242836,10.671928
4.6074218,19.170965,9.8162879,19.200956,10.798887
4.609375,19.120184,9.8460254,19.169973,10.589518
4.6113281,19.088417,9.99862,19.125753,10.395395
4.6132812,19.053534,9.9226217,19.083576,10.543854
4.6152343,19.003006,9.7511587,19.0487,10.704053
4.6171875,18.969618,9.7417602,19.012308,10.532035
4.6191406,18.935085,9.8598194,18.9828,10.335555
4.6210937,18.898714,9.8815717,18.935329,10.442842
4.6230468,18.84853,9.6572876,18.888588,10.550284
4.625,18.809237,9.5115299,18.846767,10.375069
4.6269531,18.768909,9.6783103,18.797302,10.227729
4.6289062,18.718458,9.8172884,18.756403,10.34774
4.6308593,18.678305,9.5740985,18.712132,10.451739
4.6328125,18.618195,9.376194,18.674551,10.30107
4.6347656,18.579044,9.6002044,18.628923,10.129807
4.6367187,18.540148,9.7387447,18.592546,10.195992
4.6386718,18.487541,9.5040826,18.54339,10.287884
4.640625,18.445745,9.2654123,18.47533,10.16368
4.6425781,18.392221,9.3900833,18.435823,9.9948968
4.6445312,18.347364,9.5500583,18.386721,10.043817
4.6464843,18.295403,9.3528299,18.331783,10.185429
4.6484375,18.235836,9.171791,18.27511,10.097324
4.6503906,18.18997,9.3029251,18.233883,9.8820495
4.6523437,18.132925,9.4340839,18.179613,9.9169511
4.6542968,18.076023,9.2632846,18.115963,10.06772
4.65625,18.03504,9.0636262,18.066353,9.9569091
4.6582031,17.983032,9.1812315,18.021557,9.7546968
4.6601562,17.926708,9.3063669,17.970009,9.8006172
4.6621093,17.87146,9.0395288,17.885527,9.9295845
4.6640625,17.806206,8.8108997,17.843517,9.7888593
4.6660156,17.760145,9.04395,17.787586,9.5944786
4.6679687,17.698349,9.235425,17.725805,9.7166967
4.6699218,17.626474,8.9663562,17.672087,9.8471078
4.671875,17.574963,8.6435594,17.588409,9.6556253
4.6738281,17.513992,8.8661775,17.545862,9.444765
4.6757812,17.461514,9.2033834,17.495758,9.5638017
4.6777343,17.389166,8.8996763,17.430136,9.7450075
4.6796875,17.320646,8.4733791,17.367737,9.5521526
4.6816406,17.275864,8.6372251,17.314209,9.2613439
4.6835937,17.200253,9.0159311,17.258415,9.3481378
4.6855468,17.139351,8.831747,17.208549,9.5611791
4.6875,17.07905,8.3393354,17.148062,9.3935174
4.6894531,17.00596,8.4815511,17.067402,9.0975875
4.6914062,16.952572,8.8698844,17.015846,9.1513423
4.6933593,16.879383,8.6278257,16.944086,9.3664016
4.6953125,16.812969,8.2262649,16.87294,9.3150005
4.6972656,16.758577,8.3440542,16.81496,9.0495824
4.6992187,16.682766,8.6538705,16.745726,9.0358648
4.7011718,16.606009,8.4705734,16.67312,9.2122011
4.703125,16.548067,8.0774059,16.609409,9.1436996
4.7050781,16.477518,8.2314901,16.539951,8.9132328
4.7070312,16.39926,8.5480194,16.448065,8.9082765
4.7089843,16.331793,8.288805,16.40155,9.0456285
4.7109375,16.263683,7.9281482,16.339911,8.9786548
4.7128906,16.189766,8.1194829,16.241583,8.8293457
4.7148437,16.108364,8.3552808,16.183409,8.7640028
4.7167968,16.043537,8.0687046,16.11335,8.7565202
4.71875,15.968581,7.7932848,16.02603,8.7825431
4.7207031,15.891392,8.0325927,15.962491,8.7477235
4.7226562,15.828602,8.1726255,15.890332,8.620058
4.7246093,15.743541,7.8679528,15.788944,8.5440969
4.7265625,15.659863,7.6563525,15.708032,8.6102199
4.7285156,15.599461,7.798388,15.647503,8.6287632
4.7304687,15.515544,7.9781861,15.578135,8.5373621
4.7324218,15.43088,7.8122634,15.494736,8.4708309
4.734375,15.353664,7.496767,15.404263,8.4233541
4.7363281,15.278022,7.5874276,15.32316,8.3400602
4.7382812,15.203245,7.8467931,15.257979,8.3000812
4.7402343,15.110778,7.6807255,15.187537,8.354289
4.7421875,15.047509,7.327877,15.090631,8.332076
4.7441406,14.961053,7.3642115,15.003568,8.153862
4.7460937,14.876564,7.6281924,14.920568,8.0496482
4.7480468,14.80187,7.4678111,14.853092,8.1696624
4.75,14.711634,7.153511,14.778303,8.2286634
4.7519531,14.641625,7.2598075,14.679259,8.0382032
4.7539062,14.543563,7.4451723,14.600875,7.8452863
4.7558593,14.461613,7.2590971,14.51082,7.89823
4.7578125,14.384475,6.9738731,14.421916,8.0348386
4.7597656,14.290157,7.1090822,14.338808,7.9114866
4.7617187,14.203439,7.2736425,14.25917,7.7101683
4.7636718,14.112701,7.0325083,14.183043,7.7531318
4.765625,14.027981,6.8481855,14.090581,7.8504867
4.7675781,13.945267,6.9677133,14.008677,7.6895904
4.7695312,13.860304,7.0433535,13.923863,7.4667143
4.7714843,13.764255,6.8421402,13.832072,7.5393672
4.7734375,13.6742,6.6370334,13.738012,7.654531
4.7753906,13.586588,6.7121696,13.65258,7.4980869
4.7773437,13.501978,6.8514814,13.565937,7.3211689
4.7792968,13.416445,6.7270426,13.459111,7.3921918
4.78125,13.320184,6.4974312,13.37417,7.4805369
4.7832031,13.224394,6.4595394,13.288597,7.3145365
4.7851562,13.123796,6.5376668,13.189083,7.1557121
4.7871093,13.034962,6.5130591,13.096704,7.231214
4.7890625,12.947929,6.4148888,13.009517,7.2566266
4.7910156,12.854498,6.3880672,12.919752,7.0900235
4.7929687,12.766226,6.3402581,12.822038,6.9825806
4.7949218,12.675347,6.202393,12.723437,7.0084862
4.796875,12.581912,6.1181497,12.639014,7.0179181
4.7988281,12.482083,6.133811,12.546844,6.8936061
4.8007812,12.382645,6.1000471,12.426814,6.7827463
4.8027343,12.285893,5.9992399,12.350573,6.8053684
4.8046875,12.1908,5.9875192,12.260573,6.7736392
4.8066406,12.100376,5.9877595,12.154968,6.7162265
4.8085937,12.001493,5.8850817,12.066154,6.6427216
4.8105468,11.897861,5.7759375,11.942199,6.5318951
4.8125,11.792289,5.7114529,11.845766,6.5045008
4.8144531,11.70148,5.7101411,11.745932,6.5241613
4.8164062,11.603626,5.7059207,11.65451,6.4969453
4.8183593,11.491573,5.6314368,11.569412,6.4054946
4.8203125,11.389925,5.4966821,11.457091,6.3188967
4.8222656,11.289599,5.4243164,11.355715,6.2680859
4.8242187,11.192348,5.4822106,11.245901,6.2027883
4.8261718,11.101748,5.4604368,11.149178,6.1188583
4.828125,10.993786,5.2836923,11.046736,6.1384282
4.8300781,10.882544,5.1255569,10.943236,6.1217613
4.8320312,10.786018,5.1289691,10.845969,5.955204
4.8339843,10.673652,5.1863527,10.736412,5.8978495
4.8359375,10.573654,5.1225476,10.619724,5.9730787
4.8378906,10.468526,4.9721665,10.506565,5.8884072
4.8398437,10.366032,4.8975386,10.420436,5.7045879
4.8417968,10.26123,4.8945522,10.329238,5.7212243
4.84375,10.15776,4.8454666,10.226457,5.7772502
4.8457031,10.060968,4.7089014,10.117767,5.6120371
4.8476562,9.9435129,4.6197562,10.004169,5.3505873
4.8496093,9.85079,4.6032524,9.9135923,5.3640804
4.8515625,9.7387418,4.5471267,9.8032484,5.5309925
4.8535156,9.6269645,4.4729304,9.6829443,5.4138813
4.8554687,9.5160236,4.3873071,9.585062,5.14364
4.8574218,9.4039545,4.3583803,9.4741563,5.1416378
4.859375,9.3012847,4.3350224,9.3811588,5.309833
4.8613281,9.1904792,4.2780442,9.274518,5.1757521
4.8632812,9.0885686,4.1404233,9.1564569,4.9133358
4.8652343,8.9682703,4.0273594,9.0615768,4.8976087
4.8671875,8.872879,3.9816472,8.9574289,4.9765682
4.8691406,8.7666797,3.9054296,8.8403358,4.8705844
4.8710937,8.6472034,3.8681044,8.7185974,4.658606
4.8730468,8.535717,3.7715594,8.6075162,4.6578421
4.875,8.4318285,3.6986396,8.4949607,4.7295026
4.8769531,8.3344783,3.6301126,8.3812942,4.6257109
4.8789062,8.2149229,3.5448658,8.2661609,4.4819898
4.8808593,8.1043644,3.4727311,8.1581497,4.4273934
4.8828125,7.9921522,3.317523,8.0583972,4.4277663
4.8847656,7.8772211,3.2702071,7.9432935,4.351017
4.8867187,7.753355,3.3020765,7.8225531,4.1964383
4.8886718,7.6490202,3.204025,7.7000618,4.0756301
4.890625,7.542128,3.0927915,7.5861272,4.0570979
4.8925781,7.4238681,3.0222177,7.4717426,4.0592989
4.8945312,7.3163952,2.9156265,7.3550996,3.9929328
4.8964843,7.1946244,2.8230581,7.2529001,3.8810489
4.8984375,7.0824108,2.7573959,7.13419,3.7571687
4.9003906,6.968235,2.6803343,7.0084748,3.7296311
4.9023437,6.8592762,2.5856089,6.905528,3.6788764
4.9042968,6.7455964,2.5352551,6.8111105,3.5492711
4.90625,6.6254386,2.4476559,6.6795053,3.4584405
4.9082031,6.5114688,2.2733335,6.5556712,3.4085979
4.9101562,6.3853135,2.198415,6.4510631,3.3090362
4.9121093,6.2750763,2.2230656,6.3278436,3.1997659
4.9140625,6.1651387,2.1699206,6.2208662,3.1907844
4.9160156,6.0411763,1.9892323,6.0999116,3.1288278
4.9179687,5.9267602,1.8419019,5.9785285,2.9931008
4.9199218,5.8144207,1.8093403,5.8594145,2.8815953
4.921875,5.6972556,1.800203,5.7528524,2.8593606
4.9238281,5.5754613,1.660775,5.6560487,2.8076903
4.9257812,5.4584178,1.4502768,5.5295677,2.6813375
4.9277343,5.3435311,1.4375717,5.3928852,2.5565152
4.9296875,5.2140569,1.4798163,5.2704644,2.410238
4.9316406,5.0966453,1.3232923,5.1600375,2.397609
4.9335937,4.990756,1.0939031,5.0496349,2.4251968
4.9355468,4.8653502,1.0948829,4.931003,2.2913787
4.9375,4.7363023,1.1420663,4.7963485,2.0886771
4.9394531,4.6102514,0.89590687,4.6872854,2.010065
4.9414062,4.50357,0.69428146,4.5731887,2.0232698
4.9433593,4.3860201,0.82168972,4.4540524,1.9378917
4.9453125,4.2648592,0.87978262,4.327033,1.7562853
4.9472656,4.1486525,0.50987226,4.2056722,1.6409419
4.9492187,4.0229082,0.28274095,4.0887522,1.6200898
4.9511718,3.9127399,0.45772609,3.9481151,1.5598517
4.953125,3.7953403,0.48977408,3.834259,1.4388039
4.9550781,3.6758856,0.2505663,3.708605,1.3168301
4.9570312,3.5407612,0.041048184,3.5900495,1.2670724
4.9589843,3.4178445,0.11788101,3.4794678,1.2123465
4.9609375,3.3095717,0.17705679,3.3538363,1.0713018
4.9628906,3.1826739,0.054225117,3.2163302,0.9205572
4.9648437,3.052602,-0.049131665,3.0916335,0.86240166
4.9667968,2.9357414,-0.11240933,2.9911253,0.83465457
4.96875,2.8184046,-0.083014697,2.853064,0.72152525
4.9707031,2.6943087,-0.056560475,2.7409925,0.62249434
4.9726562,2.5769755,-0.1056307,2.6332664,0.53100997
4.9746093,2.4494342,-0.20545195,2.5015885,0.44591632
4.9765625,2.3267447,-0.21252394,2.3827462,0.36298656
4.9785156,2.2107801,-0.13241088,2.2649879,0.27008015
4.9804687,2.0797686,-0.12661608,2.1352696,0.21432243
4.9824218,1.9575083,-0.16113043,1.9986333,0.16671593
4.984375,1.8508198,-0.22905253,1.899509,0.10565304
4.9863281,1.7235248,-0.17126274,1.7782899,0.042433523
4.9882812,1.5974332,-0.12296948,1.648348,0.055167321
4.9902343,1.4747555,-0.22822808,1.5234465,0.0028534774
4.9921875,1.3527327,-0.24533275,1.4035183,-0.10982212
4.9941406,1.2446725,-0.13069806,1.2890195,-0.097545192
4.9960937,1.1154575,-0.084896661,1.1671766,-0.013658697
4.9980468,0.9894979,-0.21732177,1.0415672,-0.060555447
5.0,0.86984849,-0.29134008,0.90935481,-0.18711275
5.0019531,0.72546357,-0.19602312,0.80870306,-0.15010287
5.0039062,0.60283458,-0.080782078,0.67027688,-0.040691789
5.0058593,0.49059686,-0.11423379,0.5396682,-0.048433583
5.0078125,0.36916712,-0.17003079,0.42826337,-0.20668863
5.0097656,0.25621632,-0.13273975,0.29361835,-0.19029124
5.0117187,0.1263324,-0.18948273,0.1629184,-0.0097781084
5.0136718,-0.0017971774,-0.25834379,0.040328413,-0.046372451
5.015625,-0.12207677,-0.24900094,-0.077929065,-0.18858133
5.0175781,-0.25075245,-0.19803628,-0.20994031,-0.13680328
5.0195312,-0.36613825,-0.20984423,-0.30945212,0.011498479
5.0214843,-0.48668408,-0.36504287,-0.44856378,-0.068016909
5.0234375,-0.6077258,-0.47874844,-0.56920171,-0.22117488
5.0253906,-0.73637873,-0.52412075,-0.66651934,-0.193684
5.0273437,-0.8653456,-0.57764167,-0.81545085,-0.057370845
5.0292968,-0.97107971,-0.68664682,-0.92590386,-0.09818466
5.03125,-1.0966913,-0.78418994,-1.049481,-0.26795349
5.0332031,-1.219495,-0.87478495,-1.1808906,-0.2215289
5.0351562,-1.3483581,-1.0718259,-1.2948081,-0.094762519
5.0371093,-1.4701021,-1.1934584,-1.4178116,-0.15753937
5.0390625,-1.5908061,-1.2257598,-1.5515458,-0.33454001
5.0410156,-1.7130321,-1.2995598,-1.6696859,-0.33250636
5.0429687,-1.8265742,-1.4887011,-1.7880551,-0.25761068
5.0449218,-1.9673761,-1.686921,-1.9207482,-0.33964413
5.046875,-2.0816123,-1.7439359,-2.0388715,-0.52945232
5.0488281,-2.196161,-1.8163069,-2.1540818,-0.65306687
5.0507812,-2.3229033,-1.9363491,-2.254754,-0.59934551
5.0527343,-2.4439578,-2.0496151,-2.3718605,-0.62497026
5.0546875,-2.5690064,-2.2386832,-2.50533,-0.83785933
5.0566406,-2.6897416,-2.346143,-2.6160197,-1.0876678
5.0585937,-2.8060398,-2.3104312,-2.7276778,-1.1379543
5.0605468,-2.9281635,-2.4447591,-2.8688495,-1.1063511
5.0625,-3.0582513,-2.6700658,-2.9865984,-1.2973179
5.0644531,-3.1691551,-2.7900569,-3.0923557,-1.519492
5.0664062,-3.2858214,-2.7947673,-3.2282171,-1.5591155
5.0683593,-3.4181201,-2.8274598,-3.3473835,-1.5566887
5.0703125,-3.5299363,-3.0506575,-3.4769194,-1.7544977
5.0722656,-3.6482324,-3.2163009,-3.6082396,-1.9522718
5.0742187,-3.7738771,-3.1844005,-3.7367973,-1.9922355
5.0761718,-3.890304,-3.2318322,-3.863029,-2.0081913
5.078125,-4.0238084,-3.4666051,-3.957247,-2.1210534
5.0800781,-4.1347832,-3.58485,-4.0930151,-2.3065803
5.0820312,-4.2471609,-3.5402452,-4.2263789,-2.4100265
5.0839843,-4.3785047,-3.5811002,-4.3236703,-2.5139796
5.0859375,-4.4935684,-3.8303406,-4.4462027,-2.6106805
5.0878906,-4.6226167,-4.0313482,-4.5692358,-2.6872148
5.0898437,-4.744059,-3.9333291,-4.6727094,-2.8372004
5.0917968,-4.8540215,-3.9171032,-4.8009824,-2.9802243
5.09375,-4.9746522,-4.1518988,-4.942903,-3.0252785
5.0957031,-5.0893869,-4.3138856,-5.0525121,-3.1118216
5.0976562,-5.2131528,-4.3448047,-5.1720829,-3.2300591
5.0996093,-5.3380994,-4.3689403,-5.2933707,-3.2675478
5.1015625,-5.4532332,-4.4907369,-5.3948159,-3.3412509
5.1035156,-5.5696644,-4.6125555,-5.5303754,-3.4871308
5.1054687,-5.69101,-4.6359081,-5.6597366,-3.5984966
5.1074218,-5.8052749,-4.7017078,-5.7654953,-3.6695694
5.109375,-5.9263567,-4.8393292,-5.8909874,-3.745274
5.1113281,-6.0489864,-4.9503283,-5.9973335,-3.7743988
5.1132812,-6.1533999,-4.9577045,-6.1242446,-3.899683
5.1152343,-6.274795,-5.0194048,-6.2503213,-4.0520525
5.1171875,-6.3923773,-5.1539254,-6.3535533,-4.1043667
5.1191406,-6.4984221,-5.2686219,-6.4673404,-4.1243696
5.1210937,-6.6176099,-5.3141112,-6.5648293,-4.1856508
5.1230468,-6.732542,-5.2980113,-6.6777634,-4.3969502
5.125,-6.8396158,-5.4639592,-6.8028788,-4.5227079
5.1269531,-6.9695787,-5.6174764,-6.9179234,-4.5182666
5.1289062,-7.0895032,-5.5911326,-7.0419697,-4.5847587
5.1308593,-7.1993289,-5.5995512,-7.1580667,-4.7201252
5.1328125,-7.3198432,-5.6905908,-7.2555484,-4.7811431
5.1347656,-7.436541,-5.8163785,-7.3941683,-4.745922
5.1367187,-7.549036,-5.8715982,-7.5109543,-4.8412194
5.1386718,-7.6530261,-5.8877725,-7.582817,-5.0582814
5.140625,-7.7814993,-5.9632163,-7.6986789,-5.0891127
5.1425781,-7.8848862,-6.1184544,-7.8405213,-5.0123319
5.1445312,-7.9985585,-6.2578983,-7.9553833,-5.2099332
5.1464843,-8.1185827,-6.2070689,-8.0585155,-5.4658627
5.1484375,-8.2208719,-6.1845178,-8.1847944,-5.3606853
5.1503906,-8.3432788,-6.3562688,-8.2946195,-5.2075471
5.1523437,-8.4418849,-6.5061202,-8.3921718,-5.4394416
5.1542968,-8.5618915,-6.4843993,-8.5075941,-5.6916241
5.15625,-8.672574,-6.4449391,-8.6235542,-5.6388149
5.1582031,-8.7829999,-6.6292929,-8.728837,-5.5900139
5.1601562,-8.9019727,-6.7682418,-8.8364896,-5.7653064
5.1621093,-8.997713,-6.690792,-8.9516353,-5.9274168
5.1640625,-9.1109914,-6.6895732,-9.0509443,-5.8799552
5.1660156,-9.2166376,-6.8742628,-9.1694078,-5.8861842
5.1679687,-9.3230629,-7.041902,-9.293538,-6.0425086
5.1699218,-9.4300975,-6.9760913,-9.3899107,-6.162981
5.171875,-9.5361995,-6.9802045,-9.5188455,-6.1431241
5.1738281,-9.6530628,-7.1681151,-9.6170129,-6.096363
5.1757812,-9.7532091,-7.2368001,-9.7103385,-6.2439866
5.1777343,-9.8658466,-7.1682567,-9.8452663,-6.4106798
5.1796875,-9.9769687,-7.2168359,-9.9292278,-6.409933
5.1816406,-10.07114,-7.4579968,-10.02907,-6.4069328
5.1835937,-10.192225,-7.4116773,-10.150822,-6.4998345
5.1855468,-10.298919,-7.2765584,-10.244398,-6.6248979
5.1875,-10.400857,-7.5303292,-10.362243,-6.7042188
5.1894531,-10.513795,-7.7409801,-10.474566,-6.6931662
5.1914062,-10.614502,-7.6032695,-10.568209,-6.7218256
5.1933593,-10.716612,-7.4926166,-10.671574,-6.8278079
5.1953125,-10.823913,-7.7309117,-10.773338,-6.8826465
5.1972656,-10.931145,-7.9384126,-10.884937,-6.9072084
5.1992187,-11.030529,-7.8357591,-10.985015,-6.9641642
5.2011718,-11.132548,-7.7623395,-11.093546,-7.0658741
5.203125,-11.233118,-7.952598,-11.195162,-7.108941
5.2050781,-11.344688,-8.1192836,-11.271774,-7.1277203
5.2070312,-11.442474,-8.0310373,-11.382742,-7.1902232
5.2089843,-11.533451,-8.0188474,-11.492867,-7.2582173
5.2109375,-11.648263,-8.1597394,-11.596313,-7.3842129
5.2128906,-11.745706,-8.2082786,-11.696505,-7.4338302
5.2148437,-11.833483,-8.2075233,-11.788772,-7.3225259
5.2167968,-11.932838,-8.2795267,-11.886981,-7.3356828
5.21875,-12.034673,-8.4125556,-11.991997,-7.5642318
5.2207031,-12.1332,-8.4221458,-12.100735,-7.6662964
5.2226562,-12.231087,-8.4061832,-12.191509,-7.5623741
5.2246093,-12.335381,-8.5292682,-12.285534,-7.5580806
5.2265625,-12.432329,-8.5473175,-12.381941,-7.7332477
5.2285156,-12.522221,-8.472536,-12.485528,-7.8587946
5.2304687,-12.620442,-8.5356369,-12.58568,-7.7847814
5.2324218,-12.717689,-8.7182092,-12.670952,-7.7661438
5.234375,-12.818053,-8.841876,-12.768721,-7.889894
5.2363281,-12.911144,-8.7270278,-12.863462,-7.9636597
5.2382812,-12.997734,-8.6185159,-12.961264,-8.0312957
5.2402343,-13.08626,-8.8211574,-13.072389,-8.0299444
5.2421875,-13.185008,-9.0107317,-13.153492,-8.0361852
5.2441406,-13.284716,-8.9629573,-13.227006,-8.1233758
5.2460937,-13.369775,-8.9060325,-13.322008,-8.1714935
5.2480468,-13.464537,-8.9764976,-13.418949,-8.2303218
5.25,-13.553569,-9.0859098,-13.504163,-8.2894487
5.2519531,-13.647018,-9.0802326,-13.596478,-8.3208446
5.2539062,-13.742136,-9.0499382,-13.691045,-8.3323659
5.2558593,-13.826462,-9.1717662,-13.764447,-8.3837213
5.2578125,-13.917824,-9.2792625,-13.862374,-8.454998
5.2597656,-14.00136,-9.2108297,-13.959084,-8.4832592
5.2617187,-14.089357,-9.1975917,-14.052364,-8.5203657
5.2636718,-14.183291,-9.3633832,-14.145245,-8.5545702
5.265625,-14.258933,-9.4677114,-14.224592,-8.5639829
5.2675781,-14.342113,-9.3687772,-14.30779,-8.5820465
5.2695312,-14.438248,-9.3080625,-14.399218,-8.6385126
5.2714843,-14.52115,-9.512784,-14.492777,-8.7151775
5.2734375,-14.602324,-9.6527681,-14.577278,-8.7581024
5.2753906,-14.686031,-9.4687833,-14.661746,-8.7690858
5.2773437,-14.775295,-9.3876829,-14.730814,-8.7945766
5.2792968,-14.85985,-9.6632938,-14.810698,-8.8397436
5.28125,-14.945305,-9.8135976,-14.889884,-8.8893814
5.2832031,-15.029506,-9.5903425,-14.981362,-8.9665527
5.2851562,-15.105714,-9.5012254,-15.069619,-9.0389308
5.2871093,-15.192708,-9.7607793,-15.148822,-9.0318069
5.2890625,-15.258352,-9.9292755,-15.229946,-9.006648
5.2910156,-15.338477,-9.7742347,-15.301308,-9.0466461
5.2929687,-15.427958,-9.6884155,-15.38835,-9.1061067
5.2949218,-15.496,-9.9594297,-15.46714,-9.164834
5.296875,-15.584297,-10.100454,-15.559316,-9.1928491
5.2988281,-15.660808,-9.8510923,-15.642649,-9.1850318
5.3007812,-15.732695,-9.7830085,-15.714251,-9.2331953
5.3027343,-15.812829,-10.062282,-15.77165,-9.2625761
5.3046875,-15.887022,-10.175616,-15.835699,-9.2551002
5.3066406,-15.960932,-10.020444,-15.924885,-9.332757
5.3085937,-16.031523,-9.9751663,-16.000942,-9.4692468
5.3105468,-16.109732,-10.163883,-16.060347,-9.5049076
5.3125,-16.186361,-10.273923,-16.112186,-9.4146947
5.3144531,-16.24931,-10.175665,-16.201607,-9.4062671
5.3164062,-16.316284,-10.117049,-16.283604,-9.5613088
5.3183593,-16.397947,-10.22266,-16.3482,-9.6974544
5.3203125,-16.457426,-10.389034,-16.423433,-9.5889768
5.3222656,-16.529078,-10.378025,-16.48278,-9.4440956
5.3242187,-16.608749,-10.230062,-16.544516,-9.5995607
5.3261718,-16.671246,-10.331187,-16.620264,-9.7980957
5.328125,-16.744867,-10.504771,-16.686377,-9.7236633
5.3300781,-16.794346,-10.383875,-16.754728,-9.6189422
5.3320312,-16.86801,-10.295956,-16.83531,-9.75041
5.3339843,-16.940229,-10.491677,-16.895157,-9.879528
5.3359375,-16.995893,-10.688554,-16.949579,-9.7900152
5.3378906,-17.070208,-10.550047,-17.023542,-9.7141571
5.3398437,-17.134386,-10.372473,-17.099831,-9.8625364
5.3417968,-17.194656,-10.567919,-17.158953,-10.015791
5.34375,-17.253511,-10.736825,-17.23027,-9.9177303
5.3457031,-17.324114,-10.601325,-17.295643,-9.7834177
5.3476562,-17.386,-10.550719,-17.358309,-9.9267282
5.3496093,-17.451063,-10.73122,-17.421486,-10.110536
5.3515625,-17.504307,-10.804815,-17.473482,-10.005206
5.3535156,-17.554384,-10.676249,-17.536249,-9.8823928
5.3554687,-17.627052,-10.626705,-17.594452,-10.055493
5.3574218,-17.687593,-10.839952,-17.663506,-10.234391
5.359375,-17.736095,-10.993988,-17.711828,-10.134496
5.3613281,-17.790621,-10.779243,-17.758608,-10.02071
5.3632812,-17.856951,-10.644107,-17.813688,-10.130787
5.3652343,-17.908461,-10.933165,-17.86932,-10.290809
5.3671875,-17.94957,-11.111079,-17.923759,-10.282677
5.3691406,-18.008724,-10.861438,-17.972744,-10.217737
5.3710937,-18.058165,-10.765384,-18.040972,-10.247265
5.3730468,-18.103456,-11.081695,-18.082542,-10.335958
5.375,-18.164492,-11.196826,-18.125811,-10.341786
5.3769531,-18.212215,-10.95109,-18.180128,-10.249125
5.3789062,-18.26646,-10.884589,-18.235407,-10.322954
5.3808593,-18.315123,-11.087472,-18.303642,-10.473271
5.3828125,-18.366093,-11.177763,-18.3459,-10.428689
5.3847656,-18.423515,-11.029769,-18.382681,-10.334268
5.3867187,-18.463415,-10.996433,-18.426714,-10.376694
5.3886718,-18.508871,-11.146106,-18.484402,-10.484429
5.390625,-18.563381,-11.188769,-18.533195,-10.523605
5.3925781,-18.61344,-11.150574,-18.568754,-10.48714
5.3945312,-18.651987,-11.163729,-18.621098,-10.457928
5.3964843,-18.695597,-11.174844,-18.666672,-10.541085
5.3984375,-18.733822,-11.165668,-18.714643,-10.616317
5.4003906,-18.77235,-11.241006,-18.769817,-10.547966
5.4023437,-18.828642,-11.306461,-18.807858,-10.526004
5.4042968,-18.873299,-11.306568,-18.823544,-10.607901
5.40625,-18.901657,-11.292545,-18.869755,-10.6227
5.4082031,-18.945076,-11.237078,-18.903654,-10.605984
5.4101562,-18.983841,-11.247315,-18.934576,-10.683528
5.4121093,-19.017435,-11.361933,-18.997087,-10.737361
5.4140625,-19.057327,-11.400744,-19.021505,-10.719864
5.4160156,-19.092686,-11.335597,-19.060291,-10.701481
5.4179687,-19.132282,-11.338254,-19.111355,-10.689517
5.4199218,-19.171591,-11.395559,-19.127209,-10.742423
5.421875,-19.200811,-11.412947,-19.154558,-10.773156
5.4238281,-19.218292,-11.391442,-19.208372,-10.717007
5.4257812,-19.263844,-11.381729,-19.249193,-10.760503
5.4277343,-19.309074,-11.477159,-19.275549,-10.872728
5.4296875,-19.327263,-11.581139,-19.301889,-10.806488
5.4316406,-19.360735,-11.457704,-19.344376,-10.699632
5.4335937,-19.40127,-11.297297,-19.382572,-10.793029
5.4355468,-19.425688,-11.463089,-19.413496,-10.922606
5.4375,-19.455605,-11.646111,-19.4433,-10.863406
5.4394531,-19.483824,-11.501648,-19.462021,-10.735782
5.4414062,-19.499716,-11.377318,-19.483147,-10.794741
5.4433593,-19.527603,-11.500432,-19.493238,-10.966269
5.4453125,-19.559742,-11.651816,-19.538391,-10.948518
5.4472656,-19.586273,-11.650451,-19.580189,-10.833389
5.4492187,-19.603216,-11.540247,-19.592014,-10.924106
5.4511718,-19.625916,-11.481276,-19.61952,-11.013537
5.453125,-19.650396,-11.560237,-19.618868,-10.881316
5.4550781,-19.6744,-11.681741,-19.635935,-10.80968
5.4570312,-19.687656,-11.657319,-19.670641,-10.974138
5.4589843,-19.708311,-11.535608,-19.691439,-11.109101
5.4609375,-19.751535,-11.542646,-19.720942,-11.014313
5.4628906,-19.765408,-11.715517,-19.726482,-10.876668
5.4648437,-19.779484,-11.721011,-19.748104,-10.931292
5.4667968,-19.799986,-11.454462,-19.76849,-11.079705
5.46875,-19.807154,-11.451399,-19.760113,-11.049418
5.4707031,-19.823669,-11.765988,-19.792971,-10.907462
5.4726562,-19.844885,-11.830115,-19.822712,-10.966221
5.4746093,-19.853767,-11.616436,-19.820501,-11.142548
5.4765625,-19.865221,-11.549786,-19.842493,-11.075422
5.4785156,-19.888035,-11.701848,-19.85405,-10.888109
5.4804687,-19.893053,-11.802386,-19.856796,-10.947844
5.4824218,-19.90262,-11.675565,-19.881721,-11.126884
5.484375,-19.913912,-11.55482,-19.888695,-11.116463
5.4863281,-19.923805,-11.696284,-19.897181,-10.975334
5.4882812,-19.935814,-11.815612,-19.922081,-10.961109
5.4902343,-19.939093,-11.700514,-19.929874,-11.105431
5.4921875,-19.954224,-11.600752,-19.944681,-11.123148
5.4941406,-19.968981,-11.697922,-19.962534,-10.972301
5.4960937,-19.971645,-11.788753,-19.9601,-10.948168
5.4980468,-19.977283,-11.685919,-19.96789,-11.062668
5.5,-19.982925,-11.590336,-19.967918,-11.0969
5.5019531,-19.984882,-11.685492,-19.958755,-11.025195
5.5039062,-19.999691,-11.769425,-19.974537,-11.005475
5.5058593,-20.000355,-11.71215,-19.964523,-11.072012
5.5078125,-19.998608,-11.672629,-19.955572,-11.092238
5.5097656,-20.006428,-11.687804,-19.978861,-11.050407
5.5117187,-19.993193,-11.698748,-19.988523,-11.064885
5.5136718,-19.993935,-11.681516,-19.999699,-11.079506
5.515625,-19.999632,-11.649231,-19.98243,-11.039005
5.5175781,-19.997347,-11.617008,-19.976171,-11.053101
5.5195312,-20.003124,-11.578753,-19.984844,-11.032498
5.5214843,-19.999777,-11.497877,-19.979538,-10.990814
5.5234375,-19.993147,-11.386019,-19.990322,-11.037297
5.5253906,-19.992327,-11.298371,-19.993095,-11.000939
5.5273437,-19.991631,-11.200233,-19.989141,-10.912954
5.5292968,-19.987442,-11.184074,-19.982594,-10.880849
5.53125,-19.98724,-11.138369,-19.983524,-10.838343
5.5332031,-19.979319,-11.032268,-19.975086,-10.776749
5.5351562,-19.97146,-11.16733,-19.990002,-10.704278
5.5371093,-19.965206,-11.277444,-19.983624,-10.687022
5.5390625,-19.959896,-11.12224,-19.958538,-10.563961
5.5410156,-19.954607,-11.020905,-19.968782,-10.446486
5.5429687,-19.940136,-11.139485,-19.945946,-10.704965
5.5449218,-19.919588,-11.216399,-19.943808,-10.849064
5.546875,-19.903496,-11.08029,-19.940596,-10.568645
5.5488281,-19.900419,-10.999875,-19.934826,-10.41368
5.5507812,-19.874256,-11.138269,-19.929663,-10.62752
5.5527343,-19.873526,-11.206601,-19.896309,-10.764891
5.5546875,-19.872931,-11.036354,-19.894428,-10.529373
5.5566406,-19.84564,-10.949103,-19.884321,-10.372589
5.5585937,-19.832802,-11.007779,-19.862537,-10.584858
5.5605468,-19.813631,-11.014379,-19.847162,-10.712682
5.5625,-19.80224,-10.977163,-19.833071,-10.481044
5.5644531,-19.786392,-10.956466,-19.812664,-10.32968
5.5664062,-19.769409,-10.977162,-19.785965,-10.522419
5.5683593,-19.737547,-10.950955,-19.782768,-10.622779
5.5703125,-19.71641,-10.877353,-19.764399,-10.42012
5.5722656,-19.705534,-10.861772,-19.735281,-10.297566
5.5742187,-19.669533,-10.964019,-19.726286,-10.451819
5.5761718,-19.64147,-10.972939,-19.691347,-10.511295
5.578125,-19.622046,-10.777233,-19.65032,-10.288272
5.5800781,-19.605961,-10.758262,-19.615871,-10.211463
5.5820312,-19.582329,-10.933455,-19.596075,-10.42407
5.5839843,-19.548401,-10.877092,-19.587456,-10.512373
5.5859375,-19.529264,-10.61483,-19.560947,-10.324399
5.5878906,-19.511164,-10.600866,-19.535559,-10.176216
5.5898437,-19.462547,-10.857198,-19.513391,-10.257234
5.5917968,-19.435596,-10.828635,-19.489664,-10.32507
5.59375,-19.412477,-10.518066,-19.457981,-10.188861
5.5957031,-19.373526,-10.571345,-19.419867,-10.062465
5.5976562,-19.349165,-10.816708,-19.384016,-10.12961
5.5996093,-19.310602,-10.70724,-19.357542,-10.212099
5.6015625,-19.282944,-10.449365,-19.321129,-10.123962
5.6035156,-19.248737,-10.460986,-19.289679,-10.017723
5.6054687,-19.206656,-10.649203,-19.249651,-10.04912
5.6074218,-19.186316,-10.591583,-19.212139,-10.094322
5.609375,-19.139507,-10.40875,-19.183142,-10.021751
5.6113281,-19.096951,-10.403134,-19.143093,-9.9458227
5.6132812,-19.07386,-10.444163,-19.120035,-9.9712877
5.6152343,-19.033201,-10.480093,-19.073328,-9.9766674
5.6171875,-19.00272,-10.412525,-19.024387,-9.8871965
5.6191406,-18.962889,-10.240771,-19.001711,-9.8003053
5.6210937,-18.918951,-10.258868,-18.963558,-9.848195
5.6230468,-18.873856,-10.344772,-18.911245,-9.9081544
5.625,-18.829237,-10.293466,-18.876282,-9.7811164
5.6269531,-18.801506,-10.183197,-18.836273,-9.6657609
5.6289062,-18.744049,-10.201803,-18.79134,-9.7570333
5.6308593,-18.699202,-10.259761,-18.755917,-9.8063869
5.6328125,-18.660509,-10.126544,-18.7139,-9.6625728
5.6347656,-18.619339,-10.071155,-18.672415,-9.5506286
5.6367187,-18.579908,-10.133346,-18.641502,-9.6102733
5.6386718,-18.514149,-10.104445,-18.598675,-9.6610727
5.640625,-18.465166,-9.9734125,-18.530041,-9.5363378
5.6425781,-18.429359,-9.886362,-18.484694,-9.4077959
5.6445312,-18.378054,-10.051825,-18.443922,-9.4658794
5.6464843,-18.328829,-10.133,-18.390188,-9.5533714
5.6484375,-18.296066,-9.8505163,-18.348953,-9.4507646
5.6503906,-18.2377,-9.6744604,-18.287756,-9.320033
5.6523437,-18.181189,-9.8496217,-18.234396,-9.3483657
5.6542968,-18.139896,-9.9249229,-18.199331,-9.3961639
5.65625,-18.074408,-9.7307605,-18.132374,-9.3330898
5.6582031,-18.02264,-9.6430349,-18.078882,-9.2171831
5.6601562,-17.976482,-9.7484235,-18.038172,-9.1912918
5.6621093,-17.912079,-9.8058891,-17.985979,-9.2526226
5.6640625,-17.873676,-9.6407671,-17.937794,-9.2143716
5.6660156,-17.820543,-9.4791536,-17.875446,-9.0811071
5.6679687,-17.753307,-9.5811014,-17.819347,-9.0359497
5.6699218,-17.697821,-9.593419,-17.766016,-9.0818224
5.671875,-17.638786,-9.4494705,-17.695705,-9.0598573
5.6738281,-17.58589,-9.4259328,-17.637062,-8.9439859
5.6757812,-17.52511,-9.5022192,-17.588943,-8.9158659
5.6777343,-17.468075,-9.4902076,-17.527441,-8.9712476
5.6796875,-17.40387,-9.302844,-17.454092,-8.9317789
5.6816406,-17.344604,-9.1984376,-17.398293,-8.8106012
5.6835937,-17.276222,-9.3230314,-17.343229,-8.7553625
5.6855468,-17.210859,-9.3938541,-17.273815,-8.8042316
5.6875,-17.164461,-9.2097396,-17.2139,-8.7984628
5.6894531,-17.098085,-9.0951881,-17.147871,-8.6696643
5.6914062,-17.027431,-9.1736297,-17.081799,-8.6099348
5.6933593,-16.966391,-9.1374349,-17.018587,-8.6596584
5.6953125,-16.900169,-8.9967107,-16.956532,-8.6458454
5.6972656,-16.828098,-9.0028047,-16.882414,-8.5199337
5.6992187,-16.760435,-9.0599288,-16.813831,-8.4550991
5.7011718,-16.687746,-8.9768257,-16.768736,-8.5158233
5.703125,-16.624821,-8.8950519,-16.707516,-8.5048418
5.7050781,-16.567738,-8.9023561,-16.628962,-8.3721637
5.7070312,-16.497206,-8.8881559,-16.557705,-8.2566318
5.7089843,-16.423853,-8.7666378,-16.506031,-8.2753582
5.7109375,-16.362059,-8.6571712,-16.442537,-8.3510494
5.7128906,-16.29203,-8.6919107,-16.365349,-8.2827234
5.7148437,-16.219526,-8.7483844,-16.284433,-8.097496
5.7167968,-16.153259,-8.6470232,-16.214603,-8.0628204
5.71875,-16.080067,-8.4874353,-16.157282,-8.1795406
5.7207031,-16.003796,-8.4888973,-16.088984,-8.173109
5.7226562,-15.927203,-8.5690937,-16.004044,-7.9984116
5.7246093,-15.857114,-8.5144691,-15.926243,-7.8723816
5.7265625,-15.769361,-8.4008235,-15.8641,-7.9412798
5.7285156,-15.695695,-8.3671226,-15.784857,-8.0189542
5.7304687,-15.622713,-8.3828373,-15.706002,-7.8824687
5.7324218,-15.535006,-8.3890523,-15.631629,-7.6999359
5.734375,-15.470092,-8.2687816,-15.557982,-7.7551384
5.7363281,-15.397905,-8.1489687,-15.478694,-7.8650183
5.7382812,-15.313359,-8.1956081,-15.397976,-7.7336397
5.7402343,-15.24066,-8.1903963,-15.321937,-7.532485
5.7421875,-15.168023,-8.041872,-15.24426,-7.5569677
5.7441406,-15.080456,-7.9650397,-15.157685,-7.6893191
5.7460937,-15.004625,-7.9965992,-15.074023,-7.5882053
5.7480468,-14.9216,-7.9942474,-14.998004,-7.3608379
5.75,-14.830576,-7.9149255,-14.919838,-7.3767914
5.7519531,-14.756291,-7.8087811,-14.83935,-7.5099563
5.7539062,-14.669339,-7.8021149,-14.753532,-7.4071226
5.7558593,-14.574309,-7.8488678,-14.673002,-7.1934566
5.7578125,-14.495808,-7.7458281,-14.580389,-7.1746902
5.7597656,-14.418489,-7.6153888,-14.506623,-7.2737965
5.7617187,-14.335241,-7.6420002,-14.427656,-7.2200179
5.7636718,-14.254554,-7.6591501,-14.330822,-7.0685367
5.765625,-14.159224,-7.5163283,-14.2443,-7.011868
5.7675781,-14.072592,-7.3629322,-14.15764,-7.021974
5.7695312,-13.992583,-7.388184,-14.073369,-7.012216
5.7714843,-13.895962,-7.4951968,-13.986971,-6.9466157
5.7734375,-13.816495,-7.4268879,-13.901061,-6.8523693
5.7753906,-13.725466,-7.2150149,-13.798783,-6.8036308
5.7773437,-13.628821,-7.1745781,-13.717443,-6.8045983
5.7792968,-13.544293,-7.2634668,-13.639076,-6.7409458
5.78125,-13.457036,-7.2170357,-13.542234,-6.6650295
5.7832031,-13.371992,-7.0574045,-13.45512,-6.6202945
5.7851562,-13.274952,-6.975696,-13.356639,-6.5592503
5.7871093,-13.179432,-7.0218873,-13.254003,-6.493915
5.7890625,-13.086988,-6.9934039,-13.16899,-6.4202489
5.7910156,-13.00023,-6.8591041,-13.083583,-6.4294614
5.7929687,-12.904696,-6.8092746,-12.989784,-6.4427661
5.7949218,-12.804832,-6.8561492,-12.894146,-6.3238167
5.796875,-12.721163,-6.7976284,-12.790675,-6.1852607
5.7988281,-12.621046,-6.6332402,-12.707639,-6.1979842
5.8007812,-12.521793,-6.5849938,-12.611089,-6.2491631
5.8027343,-12.431642,-6.6395916,-12.499379,-6.1376848
5.8046875,-12.330159,-6.6098079,-12.421944,-5.9749426
5.8066406,-12.234213,-6.4435067,-12.319158,-5.953793
5.8085937,-12.143384,-6.3309955,-12.226968,-6.0328998
5.8105468,-12.052919,-6.4079785,-12.147351,-5.9393219
5.8125,-11.947837,-6.4395904,-12.026001,-5.7332158
5.8144531,-11.846187,-6.2059054,-11.922045,-5.7137064
5.8164062,-11.755158,-6.0301647,-11.828218,-5.7793412
5.8183593,-11.651995,-6.2049775,-11.728388,-5.6990904
5.8203125,-11.547883,-6.2961006,-11.614034,-5.548911
5.8222656,-11.444933,-5.9904041,-11.535796,-5.5310373
5.8242187,-11.352678,-5.7973461,-11.450684,-5.5594997
5.8261718,-11.25043,-6.0085754,-11.3258,-5.4561052
5.828125,-11.144213,-6.0911512,-11.235778,-5.2921061
5.8300781,-11.039762,-5.7370858,-11.12433,-5.2354712
5.8320312,-10.939137,-5.5313749,-11.016058,-5.3031992
5.8339843,-10.847021,-5.7918453,-10.923917,-5.2514658
5.8359375,-10.738626,-5.8795976,-10.816894,-5.0700449
5.8378906,-10.640879,-5.5055542,-10.704032,-5.0147271
5.8398437,-10.534674,-5.2578048,-10.599683,-5.0372405
5.8417968,-10.431639,-5.4893083,-10.506956,-5.0005388
5.84375,-10.325176,-5.619287,-10.400402,-4.8802595
5.8457031,-10.214065,-5.3105711,-10.293042,-4.7726993
5.8476562,-10.120747,-5.0827775,-10.190163,-4.743143
5.8496093,-10.007773,-5.2529702,-10.083985,-4.7126565
5.8515625,-9.9043636,-5.3574328,-9.9730005,-4.6186089
5.8535156,-9.7959489,-5.0491757,-9.8805952,-4.516551
5.8554687,-9.6838922,-4.8411111,-9.7620649,-4.4965233
5.8574218,-9.5855512,-4.9946198,-9.6443214,-4.4560284
5.859375,-9.4757795,-5.0787797,-9.5616884,-4.3385343
5.8613281,-9.3606166,-4.8479261,-9.4424858,-4.2627086
5.8632812,-9.2492361,-4.6119232,-9.3208313,-4.2572107
5.8652343,-9.14225,-4.6838221,-9.2105255,-4.1651988
5.8671875,-9.0375347,-4.8125391,-9.0986194,-4.0332436
5.8691406,-8.9328422,-4.6401195,-8.9906644,-4.0259962
5.8710937,-8.8199977,-4.377738,-8.893732,-4.0265207
5.8730468,-8.7144098,-4.3496098,-8.7824401,-3.8940107
5.875,-8.6053762,-4.4352936,-8.6585683,-3.7268655
5.8769531,-8.4837646,-4.3739581,-8.5582904,-3.691477
5.8789062,-8.3791236,-4.1562209,-8.4444036,-3.7098596
5.8808593,-8.2649421,-4.0648975,-8.3275699,-3.6280829
5.8828125,-8.1490526,-4.1668329,-8.2190704,-3.4521346
5.8847656,-8.048666,-4.1274008,-8.1051378,-3.3705172
5.8867187,-7.9370698,-3.9074964,-7.9845037,-3.4173519
5.8886718,-7.8206992,-3.7795331,-7.8823843,-3.3460445
5.890625,-7.7100548,-3.7946808,-7.7848787,-3.1447229
5.8925781,-7.6040215,-3.7916786,-7.6513643,-3.0675306
5.8945312,-7.4776287,-3.6621778,-7.5408401,-3.1059815
5.8964843,-7.3645257,-3.5108988,-7.4368844,-3.002099
5.8984375,-7.25461,-3.4777452,-7.3186659,-2.8221654
5.9003906,-7.1348314,-3.5193591,-7.2111072,-2.76318
5.9023437,-7.0242991,-3.3938305,-7.0922541,-2.7716543
5.9042968,-6.8973779,-3.2053535,-6.968893,-2.6795198
5.90625,-6.7856898,-3.1879541,-6.8673358,-2.4923653
5.9082031,-6.6810221,-3.1827299,-6.7455821,-2.4318189
5.9101562,-6.5650377,-3.0869548,-6.6162066,-2.4621093
5.9121093,-6.4402418,-2.9300825,-6.5107955,-2.3485772
5.9140625,-6.3216371,-2.8166186,-6.3852238,-2.1625752
5.9160156,-6.209928,-2.7986452,-6.2822623,-2.126698
5.9179687,-6.0964183,-2.7685039,-6.1680336,-2.1337695
5.9199218,-5.9874305,-2.6784462,-6.0373282,-1.9893205
5.921875,-5.86698,-2.5519487,-5.9224309,-1.7911145
5.9238281,-5.7408599,-2.4216089,-5.8079118,-1.7365074
5.9257812,-5.6267304,-2.3520019,-5.6998205,-1.7652576
5.9277343,-5.5242013,-2.3343186,-5.5748257,-1.6498435
5.9296875,-5.3919611,-2.3024373,-5.4677591,-1.4519224
5.9316406,-5.2634453,-2.1554245,-5.3495945,-1.3621466
5.9335937,-5.15485,-1.9490037,-5.2188167,-1.3781398
5.9355468,-5.0195207,-1.9658887,-5.0965452,-1.2776104
5.9375,-4.8989739,-2.0446593,-4.9741115,-1.0677781
5.9394531,-4.7974724,-1.8544412,-4.8680543,-1.0312672
5.9414062,-4.6740512,-1.6315313,-4.7395768,-1.0543227
5.9433593,-4.5609121,-1.6148113,-4.6259498,-0.91623652
5.9453125,-4.4459681,-1.5747513,-4.5121121,-0.69682032
5.9472656,-4.311481,-1.4230115,-4.3926515,-0.65787345
5.9492187,-4.2011785,-1.3008369,-4.2690668,-0.70933986
5.9511718,-4.0867548,-1.2628263,-4.1302533,-0.53891617
5.953125,-3.9588851,-1.2443718,-4.0187664,-0.32826477
5.9550781,-3.8422524,-1.0936129,-3.9049532,-0.32344168
5.9570312,-3.7247076,-0.93227571,-3.8037893,-0.40153527
5.9589843,-3.5997428,-0.90738267,-3.6620345,-0.24932802
5.9609375,-3.4764955,-0.88329375,-3.5318579,-0.00091826264
5.9628906,-3.355988,-0.76259601,-3.4218463,0.035893369
5.9648437,-3.234946,-0.61610705,-3.287112,-0.071309894
5.9667968,-3.1171276,-0.55400783,-3.1837799,-0.067138501
5.96875,-2.9930338,-0.55073416,-3.0615084,0.16918227
5.9707031,-2.8618419,-0.43704313,-2.9442718,0.265457
5.9726562,-2.7485644,-0.2633816,-2.8244998,0.10539791
5.9746093,-2.6377148,-0.23973165,-2.7025375,0.067048669
5.9765625,-2.5054388,-0.25513893,-2.5858168,0.2657297
5.9785156,-2.3828806,-0.12230673,-2.4647338,0.36981165
5.9804687,-2.2599592,0.067809619,-2.3366563,0.20068747
5.9824218,-2.1320767,0.089349598,-2.2159216,0.093746431
5.984375,-2.0199253,-0.017606977,-2.0938141,0.26656899
5.9863281,-1.89481,0.023804396,-1.9575409,0.36433029
5.9882812,-1.7680451,0.21095996,-1.8595621,0.20056398
5.9902343,-1.6536691,0.33210313,-1.738004,0.12239746
5.9921875,-1.5238733,0.24704452,-1.6076897,0.23645909
5.9941406,-1.3998336,0.13083956,-1.4835518,0.33735427
5.9960937,-1.2936923,0.25276959,-1.3490353,0.2551921
5.9980468,-1.169951,0.42186993,-1.2226362,0.15714735
6.0,-1.0295224,0.35931569,-1.0974702,0.2387917
6.0019531,-0.90825939,0.25062034,-0.97817713,0.29393017
6.0039062,-0.7893337,0.29823571,-0.85811847,0.20918369
6.0058593,-0.66877514,0.31760907,-0.73447239,0.14627235
6.0078125,-0.54790717,0.26331389,-0.59922194,0.25239947
6.0097656,-0.41336602,0.27613869,-0.47993445,0.38337857
6.0117187,-0.29097956,0.36736673,-0.36655712,0.31792498
6.0136718,-0.17311823,0.36802262,-0.25266567,0.18902817
6.015625,-0.040616423,0.25814575,-0.12794667,0.2449936
6.0175781,0.071661502,0.25093418,0.01006043,0.35398546
6.0195312,0.18070789,0.34428459,0.13495637,0.32276884
6.0214843,0.31810474,0.37326899,0.25167531,0.2471182
6.0234375,0.43085703,0.35164636,0.36549598,0.30458358
6.0253906,0.55320573,0.36366123,0.48954627,0.44290683
6.0273437,0.68865645,0.31644329,0.61640173,0.54562622
6.0292968,0.81060195,0.29772639,0.74475473,0.64617741
6.03125,0.934708,0.35735852,0.86753285,0.69810909
6.0332031,1.0635424,0.33024386,0.99414617,0.76963001
6.0351562,1.1772868,0.25091964,1.1307041,0.88504517
6.0371093,1.2890397,0.26142588,1.2455548,1.0044921
6.0390625,1.4240851,0.36813578,1.3577698,1.1290732
6.0410156,1.5372698,0.48851946,1.4873876,1.234524
6.0429687,1.6597403,0.49900419,1.6101378,1.3503371
6.0449218,1.7870435,0.40868556,1.7141889,1.5174624
6.046875,1.9091748,0.47913978,1.8369391,1.7022796
6.0488281,2.0374398,0.64385915,1.9717629,1.7435243
6.0507812,2.1559534,0.66295254,2.0846765,1.7768411
6.0527343,2.2752056,0.65363657,2.2019076,2.0035507
6.0546875,2.4093184,0.80147702,2.3319108,2.1885278
6.0566406,2.5298292,1.0090923,2.4600181,2.1567189
6.0585937,2.644459,1.0700727,2.5791678,2.2139813
6.0605468,2.7724428,1.0747033,2.7045033,2.4700632
6.0625,2.8929159,1.2506567,2.8237164,2.6022567
6.0644531,3.0111286,1.4862778,2.9446449,2.562437
6.0664062,3.1191432,1.5784158,3.069781,2.6247568
6.0683593,3.2503857,1.6077684,3.1917526,2.8830587
6.0703125,3.3768103,1.7527076,3.3089315,3.0481166
6.0722656,3.4950242,1.9723671,3.4205598,2.9740011
6.0742187,3.6179983,2.0431826,3.5536365,3.0278761
6.0761718,3.7285893,2.0242736,3.6781637,3.3027672
6.078125,3.8598425,2.1774439,3.7980139,3.4586596
6.0800781,3.9785299,2.4103741,3.9152188,3.4058256
6.0820312,4.0896005,2.5249249,4.0332622,3.4013855
6.0839843,4.217278,2.5279963,4.1500015,3.6592977
6.0859375,4.3473463,2.5478315,4.2749476,3.8518588
6.0878906,4.4604349,2.8021602,4.39748,3.7922403
6.0898437,4.5760488,3.011996,4.5107736,3.816853
6.0917968,4.6924514,2.9097228,4.6237282,4.0339641
6.09375,4.8035316,2.9176383,4.7282767,4.2070055
6.0957031,4.9404788,3.2519559,4.8579335,4.1681714
6.0976562,5.0534057,3.4985854,4.9732146,4.1931448
6.0996093,5.1680941,3.3848402,5.0932207,4.4437832
6.1015625,5.2913479,3.2635285,5.2191209,4.5658311
6.1035156,5.4087338,3.5319716,5.337697,4.5078115
6.1054687,5.5331983,3.8825409,5.458672,4.5681424
6.1074218,5.6485238,3.8375725,5.5790119,4.7441806
6.109375,5.7630467,3.6633033,5.70157,4.8588109
6.1113281,5.8685064,3.8476111,5.8090877,4.8512473
6.1132812,5.9953079,4.211339,5.9228429,4.8874535
6.1152343,6.124156,4.2608013,6.0492944,5.0725994
6.1171875,6.2352914,4.1506204,6.1630029,5.2089085
6.1191406,6.3524251,4.2102809,6.2757601,5.2404842
6.1210937,6.454936,4.3952293,6.412074,5.2459082
6.1230468,6.572143,4.5506081,6.5250082,5.3435645
6.125,6.6969699,4.5821466,6.6383204,5.5092134
6.1269531,6.8033084,4.6550192,6.758882,5.5350141
6.1289062,6.9274559,4.7772078,6.8609085,5.5302376
6.1308593,7.0355701,4.835217,6.9946203,5.6428103
6.1328125,7.150732,4.8769898,7.108808,5.8094592
6.1347656,7.2735323,4.9452247,7.1931538,5.8837919
6.1367187,7.3840556,5.0932965,7.3082914,5.8452053
6.1386718,7.5103955,5.1890873,7.4242782,5.9215354
6.140625,7.622179,5.1766629,7.5453763,6.1396689
6.1425781,7.73036,5.2355442,7.6569786,6.2405247
6.1445312,7.8455963,5.3688187,7.7631831,6.1715073
6.1464843,7.963335,5.4692463,7.8836441,6.1540551
6.1484375,8.069293,5.5352807,7.9947209,6.3492379
6.1503906,8.1799325,5.5829186,8.1125145,6.549088
6.1523437,8.2960023,5.6450557,8.2209768,6.471168
6.1542968,8.4053478,5.7719073,8.3304214,6.3861918
6.15625,8.5174055,5.8520436,8.4446096,6.5896992
6.1582031,8.6221132,5.8755345,8.5658531,6.8091392
6.1601562,8.7421522,5.9392948,8.6753759,6.7630982
6.1621093,8.8558645,6.046297,8.7730798,6.6716904
6.1640625,8.9561319,6.1128635,8.9052829,6.8251895
6.1660156,9.0661249,6.1096139,9.0188217,7.0353517
6.1679687,9.1846761,6.198791,9.1262626,7.0203132
6.1699218,9.295535,6.3712334,9.2385578,6.9336805
6.171875,9.3999319,6.4247641,9.3270072,7.0510454
6.1738281,9.5099515,6.3407912,9.4370412,7.2488875
6.1757812,9.6100292,6.4005789,9.5651207,7.2776193
6.1777343,9.7178821,6.6429495,9.6727705,7.2720623
6.1796875,9.8318624,6.7230119,9.7711706,7.3803515
6.1816406,9.9452438,6.6530785,9.8728857,7.4416222
6.1835937,10.053676,6.7138309,9.9716987,7.4489779
6.1855468,10.152051,6.843852,10.078045,7.5370082
6.1875,10.254227,6.8465743,10.189386,7.6494474
6.1894531,10.366295,6.8517112,10.297796,7.684061
6.1914062,10.474945,7.0441441,10.393498,7.7020702
6.1933593,10.572965,7.1994719,10.510313,7.7642383
6.1953125,10.670856,7.0901274,10.631913,7.8304963
6.1972656,10.777773,7.0161223,10.715707,7.9068403
6.1992187,10.88215,7.2702159,10.832133,7.9136261
6.2011718,10.973402,7.5011625,10.933338,7.9000153
6.203125,11.087278,7.3447666,11.029194,8.0334577
6.2050781,11.191459,7.2411522,11.132238,8.139183
6.2070312,11.289921,7.520472,11.221176,8.1297454
6.2089843,11.395022,7.6908254,11.327779,8.1583643
6.2109375,11.491062,7.5282111,11.410816,8.2769451
6.2128906,11.595312,7.453968,11.5243,8.3697328
6.2148437,11.692457,7.7237229,11.628223,8.3489532
6.2167968,11.784778,7.9208378,11.723088,8.3975954
6.21875,11.888974,7.776824,11.827475,8.5077724
6.2207031,11.996033,7.7006168,11.920194,8.5223426
6.2226562,12.083924,7.935472,12.041299,8.5085516
6.2246093,12.187739,8.1078014,12.142467,8.581336
6.2265625,12.29096,7.9468293,12.220683,8.6843509
6.2285156,12.383346,7.8960833,12.312161,8.6613254
6.2304687,12.484556,8.1272239,12.418608,8.6534738
6.2324218,12.573588,8.273632,12.512384,8.8098506
6.234375,12.668395,8.1882791,12.598289,8.9273262
6.2363281,12.761993,8.1418304,12.698347,8.8835315
6.2382812,12.858348,8.3443059,12.803415,8.8661422
6.2402343,12.958271,8.4751281,12.908122,8.9944419
6.2421875,13.049428,8.3758134,12.997574,9.0919389
6.2441406,13.15414,8.3283548,13.07662,9.0194664
6.2460937,13.238823,8.4695882,13.190619,8.9891347
6.2480468,13.328485,8.5957765,13.283128,9.1321811
6.25,13.420022,8.5471038,13.350988,9.2848339
6.2519531,13.505617,8.5498905,13.464397,9.2543029
6.2539062,13.614974,8.7161102,13.546488,9.151926
6.2558593,13.695298,8.8010931,13.629618,9.3067379
6.2578125,13.783746,8.7262496,13.724497,9.4896354
6.2597656,13.877285,8.6790752,13.801748,9.4208374
6.2617187,13.9567,8.8166275,13.898214,9.334629
6.2636718,14.052419,8.969491,13.971182,9.4802761
6.265625,14.146995,8.9610633,14.063051,9.6526603
6.2675781,14.222213,8.9161624,14.168164,9.5820741
6.2695312,14.306746,8.9485931,14.248154,9.5306205
6.2714843,14.40048,9.0399513,14.327085,9.6578273
6.2734375,14.472618,9.1180172,14.405174,9.7431173
6.2753906,14.560977,9.1407623,14.499502,9.6868028
6.2773437,14.64751,9.1503295,14.596468,9.723484
6.2792968,14.732525,9.2183342,14.684161,9.8695993
6.28125,14.811953,9.2784204,14.752718,9.8676052
6.2832031,14.881678,9.2606582,14.825383,9.7828483
6.2851562,14.97757,9.242855,14.912443,9.834691
6.2871093,15.056719,9.3619442,15.004834,10.016511
6.2890625,15.141429,9.4983434,15.095556,10.08075
6.2910156,15.227443,9.4139022,15.17337,10.00662
6.2929687,15.298107,9.3326349,15.238232,9.9834547
6.2949218,15.38932,9.4625845,15.297176,10.055996
6.296875,15.465608,9.6159715,15.399179,10.175455
6.2988281,15.534181,9.6107235,15.490936,10.222903
6.3007812,15.612168,9.5066251,15.556517,10.216648
6.3027343,15.690903,9.5763149,15.615398,10.216802
6.3046875,15.779158,9.7784404,15.687833,10.22467
6.3066406,15.85319,9.79319,15.786233,10.290422
6.3085937,15.914886,9.6572361,15.839795,10.397902
6.3105468,15.991535,9.6336689,15.923271,10.439888
6.3125,16.07254,9.8267545,16.011103,10.358456
6.3144531,16.1464,9.9928579,16.059881,10.372327
6.3164062,16.221485,9.8766059,16.147717,10.516919
6.3183593,16.291931,9.7519083,16.224281,10.52857
6.3203125,16.35853,9.8861026,16.297268,10.4614
6.3222656,16.433834,10.056612,16.378674,10.503633
6.3242187,16.504032,10.043343,16.45541,10.616219
6.3261718,16.565395,9.959548,16.510523,10.637829
6.328125,16.631924,10.017643,16.569111,10.574751
6.3300781,16.706274,10.145757,16.655731,10.598854
6.3320312,16.775169,10.168347,16.726761,10.741169
6.3339843,16.839695,10.127816,16.785337,10.832812
6.3359375,16.904396,10.112314,16.844215,10.7419
6.3378906,16.959312,10.186389,16.93025,10.661891
6.3398437,17.026278,10.281592,16.997131,10.811904
6.3417968,17.096525,10.280806,17.049452,10.950118
6.34375,17.152477,10.283126,17.11796,10.829077
6.3457031,17.220427,10.316177,17.191591,10.725462
6.3476562,17.282694,10.340423,17.255766,10.919131
6.3496093,17.348345,10.374417,17.318113,11.090517
6.3515625,17.41614,10.379023,17.381399,10.938466
6.3535156,17.46973,10.394654,17.434559,10.817863
6.3554687,17.532631,10.423453,17.496298,11.004701
6.3574218,17.599762,10.443488,17.537439,11.176965
6.359375,17.665556,10.501483,17.593918,11.076596
6.3613281,17.707851,10.559084,17.67086,10.969713
6.3632812,17.760595,10.526884,17.720173,11.124844
6.3652343,17.823187,10.470218,17.776886,11.284442
6.3671875,17.872328,10.597399,17.845402,11.15442
6.3691406,17.933416,10.756861,17.895201,11.022785
6.3710937,17.987648,10.682516,17.950432,11.178466
6.3730468,18.032431,10.567324,17.994942,11.33655
6.375,18.093718,10.624459,18.031797,11.236511
6.3769531,18.153124,10.764937,18.090765,11.132017
6.3789062,18.19392,10.820646,18.143988,11.297867
6.3808593,18.250664,10.707669,18.193954,11.486279
6.3828125,18.29426,10.651576,18.235884,11.381126
6.3847656,18.339184,10.826644,18.288923,11.224137
6.3867187,18.399675,10.938089,18.358795,11.346927
6.3886718,18.443153,10.838136,18.397709,11.537232
6.390625,18.493979,10.753824,18.438259,11.44314
6.3925781,18.541243,10.827296,18.48373,11.254605
6.3945312,18.581007,10.956174,18.528549,11.370728
6.3964843,18.629719,10.947601,18.594048,11.606763
6.3984375,18.672935,10.860673,18.638397,11.568073
6.4003906,18.723646,10.921126,18.670982,11.376909
6.4023437,18.772781,11.039494,18.728825,11.405118
6.4042968,18.810698,11.002015,18.766455,11.612937
6.40625,18.851639,10.882048,18.796305,11.646188
6.4082031,18.892542,10.942179,18.860741,11.488831
6.4101562,18.935787,11.119349,18.898676,11.475805
6.4121093,18.97444,11.121029,18.93424,11.678292
6.4140625,19.00992,10.991784,18.965633,11.711599
6.4160156,19.043201,11.001804,19.000423,11.539637
6.4179687,19.086718,11.1619,19.065371,11.543318
6.4199218,19.124727,11.207887,19.099049,11.74836
6.421875,19.157919,11.09559,19.129599,11.798382
6.4238281,19.1952,11.032013,19.168264,11.592994
6.4257812,19.225479,11.170444,19.200636,11.554046
6.4277343,19.269318,11.274239,19.22316,11.789406
6.4296875,19.304813,11.155421,19.24964,11.864303
6.4316406,19.326162,11.103298,19.291782,11.679515
6.4335937,19.358053,11.199635,19.338472,11.650497
6.4355468,19.388384,11.262002,19.35474,11.875912
6.4375,19.41918,11.261204,19.366301,11.93882
6.4394531,19.450533,11.238879,19.406324,11.723751
6.4414062,19.482285,11.241924,19.444382,11.682483
6.4433593,19.508652,11.283563,19.486582,11.939635
6.4453125,19.534105,11.268366,19.501644,11.995443
6.4472656,19.56525,11.216455,19.536844,11.749986
6.4492187,19.588654,11.294903,19.564928,11.670538
6.4511718,19.619871,11.384199,19.584795,11.923242
6.453125,19.645193,11.300852,19.618868,12.038741
6.4550781,19.659725,11.241259,19.630896,11.820809
6.4570312,19.683243,11.322193,19.669058,11.731713
6.4589843,19.709946,11.393889,19.685263,11.945045
6.4609375,19.734285,11.37052,19.702877,12.087159
6.4628906,19.755905,11.319696,19.734962,11.901567
6.4648437,19.768478,11.332842,19.760492,11.761749
6.4667968,19.787748,11.37966,19.78326,11.956935
6.46875,19.810427,11.380474,19.787224,12.106996
6.4707031,19.82976,11.36829,19.802919,11.951812
6.4726562,19.8456,11.402844,19.813993,11.806785
6.4746093,19.85771,11.411975,19.817881,11.965011
6.4765625,19.877102,11.355494,19.832006,12.152455
6.4785156,19.877712,11.364457,19.8508,12.049721
6.4804687,19.905714,11.454574,19.877388,11.910625
6.4824218,19.926842,11.479254,19.88619,12.009049
6.484375,19.918564,11.424603,19.897682,12.117212
6.4863281,19.944309,11.350348,19.920706,12.02561
6.4882812,19.95717,11.391858,19.926111,11.939003
6.4902343,19.966932,11.506392,19.946085,12.028207
6.4921875,19.97304,11.459178,19.957369,12.112871
6.4941406,19.985216,11.350538,19.956003,12.049552
6.4960937,19.997894,11.386836,19.981836,11.959618
6.4980468,20.001133,11.506107,19.991619,12.012477
6.5,20.009796,11.475512,19.987116,12.124136
6.5019531,20.013737,11.364508,20.003376,12.071045
6.5039062,20.033861,11.406449,20.010328,11.963532
6.5058593,20.031334,11.502217,20.00971,12.027292
6.5078125,20.026642,11.467225,20.026928,12.13112
6.5097656,20.032791,11.36535,20.032274,12.094435
6.5117187,20.0457,11.399461,20.027369,12.021966
6.5136718,20.048578,11.485667,20.032877,12.034775
6.515625,20.0359,11.448281,20.034639,12.095111
6.5175781,20.046741,11.366758,20.053158,12.11515
6.5195312,20.043264,11.386585,20.04731,12.070525
6.5214843,20.050144,11.434558,20.029383,12.062704
6.5234375,20.057865,11.396634,20.052212,12.078088
6.5253906,20.043325,11.366391,20.054234,12.064569
6.5273437,20.042727,11.289824,20.040905,12.081944
6.5292968,20.049141,11.163247,20.053505,12.069285
6.53125,20.047329,11.090462,20.041725,12.033374
6.5332031,20.044672,11.011353,20.032013,12.019185
6.5351562,20.046146,10.842514,20.049562,11.936685
6.5371093,20.03792,10.538878,20.040882,11.871879
6.5390625,20.02949,10.478101,20.03315,11.811537
6.5410156,20.019419,10.733726,20.030069,11.648309
6.5429687,20.023211,10.772011,20.023874,11.52082
6.5449218,20.006435,10.547146,20.034248,11.222607
6.546875,19.975336,10.445758,20.040358,10.993951
6.5488281,19.968353,10.604489,20.025923,11.272491
6.5507812,19.950056,10.730202,20.011427,11.431664
6.5527343,19.933437,10.634369,19.983105,11.150672
6.5546875,19.915438,10.496325,19.958864,10.956351
6.5566406,19.893433,10.559258,19.947859,11.212862
6.5585937,19.879475,10.661487,19.937059,11.464533
6.5605468,19.855345,10.543596,19.919092,11.234057
6.5625,19.823433,10.397178,19.892632,10.974336
6.5644531,19.802937,10.442972,19.87579,11.125347
6.5664062,19.780281,10.587378,19.836361,11.363863
6.5683593,19.761261,10.528352,19.809381,11.221948
6.5703125,19.739334,10.350501,19.784096,10.934358
6.5722656,19.714849,10.394792,19.749037,11.074053
6.5742187,19.693195,10.467602,19.728729,11.346491
6.5761718,19.669762,10.340595,19.69438,11.175434
6.578125,19.65325,10.23219,19.667807,10.885726
6.5800781,19.61157,10.308591,19.650137,10.992604
6.5820312,19.58143,10.350533,19.609715,11.237701
6.5839843,19.56386,10.194302,19.576712,11.082159
6.5859375,19.524523,10.202862,19.568098,10.772734
6.5878906,19.501274,10.364179,19.557541,10.877545
6.5898437,19.483953,10.305276,19.520088,11.125448
6.5917968,19.447866,10.115862,19.473753,10.938212
6.59375,19.421171,10.024867,19.454046,10.557255
6.5957031,19.389988,10.081213,19.416241,10.676763
6.5976562,19.34795,10.151798,19.376236,11.063442
6.5996093,19.328569,10.084487,19.355947,10.916477
6.6015625,19.287571,9.9821739,19.303652,10.524158
6.6035156,19.25119,10.081333,19.267378,10.592449
6.6054687,19.21537,10.068748,19.24769,10.889276
6.6074218,19.172031,9.8649444,19.198709,10.868063
6.609375,19.145782,9.8776931,19.161577,10.564087
6.6113281,19.094683,10.073772,19.130388,10.468048
6.6132812,19.054773,10.047574,19.100933,10.697769
6.6152343,19.01956,9.7316856,19.061474,10.757025
6.6171875,18.982857,9.6952428,19.016014,10.471581
6.6191406,18.938877,9.9763059,18.971237,10.327242
6.6210937,18.889923,9.9557504,18.937714,10.520423
6.6230468,18.846842,9.5762672,18.904427,10.630595
6.625,18.814543,9.5370607,18.845139,10.425419
6.6269531,18.781658,9.9107799,18.807753,10.240606
6.6289062,18.723324,9.9156332,18.769453,10.357604
6.6308593,18.690584,9.3954868,18.724592,10.512848
6.6328125,18.644054,9.2364158,18.683678,10.373994
6.6347656,18.591412,9.7630519,18.631987,10.13535
6.6367187,18.549072,9.87574,18.586426,10.172621
6.6386718,18.498079,9.3437967,18.544323,10.337752
6.640625,18.452869,9.193201,18.490774,10.272053
6.6425781,18.403475,9.6162023,18.446045,10.06272
6.6445312,18.35383,9.7235832,18.383066,10.042672
6.6464843,18.289078,9.2466907,18.320953,10.191485
6.6484375,18.244541,9.0554151,18.29595,10.161111
6.6503906,18.195269,9.4591608,18.242247,9.9847993
6.6523437,18.137392,9.6929197,18.185829,9.9688243
6.6542968,18.09231,9.2273063,18.136496,10.027295
6.65625,18.04055,8.8540134,18.064543,9.9711608
6.6582031,17.987514,9.2093153,18.011461,9.8574543
6.6601562,17.932707,9.4748945,17.976368,9.8412103
6.6621093,17.879297,9.0640068,17.914063,9.9372968
6.6640625,17.823423,8.7187967,17.856894,9.8971424
6.6660156,17.768871,9.0582857,17.817783,9.6865139
6.6679687,17.708471,9.3541202,17.740952,9.6368236
6.6699218,17.654728,8.984312,17.685543,9.7726249
6.671875,17.580805,8.6434822,17.62929,9.7318334
6.6738281,17.514,8.9145288,17.556055,9.5647563
6.6757812,17.463526,9.1796913,17.534473,9.5463275
6.6777343,17.40551,8.9469051,17.460848,9.6410017
6.6796875,17.343817,8.6614103,17.384851,9.636136
6.6816406,17.267263,8.7488479,17.336143,9.3903503
6.6835937,17.20896,8.8833255,17.275522,9.311284
6.6855468,17.146252,8.7062549,17.214706,9.5261707
6.6875,17.077705,8.5571584,17.129211,9.5198736
6.6894531,17.019634,8.67352,17.078209,9.2439127
6.6914062,16.956558,8.7558803,17.024813,9.1847114
6.6933593,16.885031,8.5514373,16.95812,9.4297123
6.6953125,16.82303,8.3225326,16.889381,9.3916606
6.6972656,16.76605,8.4455642,16.814585,9.0405206
6.6992187,16.699482,8.6558675,16.740046,8.9927139
6.7011718,16.622351,8.4545927,16.67696,9.2592363
6.703125,16.553001,8.1070909,16.604105,9.2674741
6.7050781,16.48683,8.2325143,16.529764,8.9741087
6.7070312,16.410675,8.5684728,16.473478,8.885724
6.7089843,16.343874,8.3878221,16.398335,9.0813179
6.7109375,16.278173,7.9837389,16.334833,9.1033792
6.7128906,16.213564,8.0881071,16.253954,8.8042745
6.7148437,16.125504,8.3636064,16.168556,8.6963434
6.7167968,16.048933,8.1393194,16.103266,8.892518
6.71875,15.978424,7.7871012,16.049726,8.9378519
6.7207031,15.896359,8.0031385,15.970783,8.736166
6.7226562,15.826434,8.3087968,15.882867,8.5967292
6.7246093,15.753027,8.0232143,15.813614,8.6377716
6.7265625,15.684772,7.6428542,15.729284,8.6788759
6.7285156,15.594558,7.7947735,15.660843,8.606697
6.7304687,15.516085,8.0282945,15.578958,8.4927377
6.7324218,15.441926,7.7721252,15.494248,8.4829616
6.734375,15.360498,7.5334897,15.433381,8.5043544
6.7363281,15.291696,7.7386341,15.359221,8.4229879
6.7382812,15.213485,7.8873839,15.276695,8.3486089
6.7402343,15.132241,7.5785846,15.189363,8.3155365
6.7421875,15.050391,7.2811021,15.10623,8.2766284
6.7441406,14.964908,7.4590883,15.035821,8.2243452
6.7460937,14.884568,7.7030687,14.935611,8.1999254
6.7480468,14.810355,7.5116224,14.848782,8.2070446
6.75,14.726103,7.2032961,14.785281,8.1319446
6.7519531,14.648343,7.2746715,14.697911,8.0787048
6.7539062,14.558233,7.434453,14.614416,8.0814142
6.7558593,14.474647,7.2740869,14.531309,7.9964003
6.7578125,14.395685,7.0333852,14.454523,7.873229
6.7597656,14.307695,7.1150021,14.372366,7.8779549
6.7617187,14.224591,7.2736883,14.284925,7.9147391
6.7636718,14.136989,7.1021728,14.197218,7.7683091
6.765625,14.053943,6.8514785,14.086051,7.6421499
6.7675781,13.95857,6.8909006,14.005965,7.7284398
6.7695312,13.867805,7.0404195,13.93368,7.779952
6.7714843,13.777239,6.9515557,13.836061,7.6667294
6.7734375,13.679831,6.7477293,13.738638,7.5459599
6.7753906,13.598328,6.7395329,13.652479,7.4914631
6.7773437,13.511896,6.8475337,13.575661,7.5021071
6.7792968,13.411998,6.7784323,13.489197,7.4861755
6.78125,13.323617,6.5282473,13.397398,7.3789358
6.7832031,13.235435,6.4493613,13.295049,7.2668557
6.7851562,13.146266,6.6316394,13.207069,7.2251777
6.7871093,13.058811,6.6292495,13.109179,7.251923
6.7890625,12.957702,6.335175,13.01354,7.2515277
6.7910156,12.86227,6.1955914,12.926938,7.1291523
6.7929687,12.775744,6.3549552,12.826452,7.0379734
6.7949218,12.680943,6.4517359,12.741274,7.0673527
6.796875,12.580803,6.2341246,12.636861,7.0404758
6.7988281,12.486876,5.9944448,12.530925,6.9154515
6.8007812,12.396386,6.0891346,12.445318,6.8127222
6.8027343,12.296744,6.22512,12.338204,6.845376
6.8046875,12.187613,6.0349812,12.255131,6.8882699
6.8066406,12.094165,5.7932672,12.170824,6.7462768
6.8085937,12.011355,5.8668441,12.052676,6.597157
6.8105468,11.902532,6.0266046,11.955927,6.6026139
6.8125,11.801391,5.8317413,11.854666,6.5674748
6.8144531,11.710736,5.5391488,11.758497,6.4976711
6.8164062,11.606729,5.6325926,11.650646,6.4983573
6.8183593,11.507683,5.7926063,11.55427,6.4409704
6.8203125,11.401629,5.5944361,11.460732,6.3288373
6.8222656,11.302941,5.337068,11.345265,6.2855877
6.8242187,11.21318,5.4125409,11.248915,6.2768302
6.8261718,11.109011,5.5637259,11.143772,6.1946196
6.828125,11.003707,5.3492779,11.059395,6.1049265
6.8300781,10.902573,5.0563759,10.954289,6.1016421
6.8320312,10.791271,5.1347193,10.846822,6.0591187
6.8339843,10.696096,5.3254494,10.739258,5.9197363
6.8359375,10.591838,5.1734237,10.627231,5.8225917
6.8378906,10.474242,4.9066186,10.543941,5.8539972
6.8398437,10.37511,4.8713793,10.437904,5.9253191
6.8417968,10.273971,4.9603681,10.340734,5.7964253
6.84375,10.168446,4.9537863,10.234053,5.5608286
6.8457031,10.058539,4.7309017,10.129647,5.5381417
6.8476562,9.9561834,4.5572385,10.036597,5.5896158
6.8496093,9.8486709,4.6428551,9.9393043,5.5024895
6.8515625,9.7435779,4.6947498,9.8282041,5.4028997
6.8535156,9.6404953,4.4924564,9.697689,5.3381748
6.8554687,9.5286445,4.3197145,9.5957431,5.2501468
6.8574218,9.4188594,4.3363709,9.4859771,5.22548
6.859375,9.3168516,4.3507466,9.3891267,5.2465357
6.8613281,9.2028036,4.2545232,9.2869195,5.1827573
6.8632812,9.0878534,4.1164627,9.1608152,5.0703544
6.8652343,8.985917,4.0490121,9.0583849,4.9523706
6.8671875,8.8696327,4.0428094,8.9427852,4.888103
6.8691406,8.7697,3.9935472,8.8387193,4.8837442
6.8710937,8.6578674,3.8511862,8.7181539,4.8270959
6.8730468,8.540369,3.7348957,8.6091556,4.7250752
6.875,8.4330606,3.6948156,8.5120296,4.6217074
6.8769531,8.324193,3.6734166,8.4005575,4.6186504
6.8789062,8.2204856,3.6067228,8.294547,4.6012959
6.8808593,8.0981845,3.459198,8.1627426,4.409851
6.8828125,7.9889035,3.3480544,8.0531673,4.2706522
6.8847656,7.8825922,3.32795,7.945126,4.3134374
6.8867187,7.7677416,3.3146307,7.826662,4.3803534
6.8886718,7.6463189,3.2437915,7.7162742,4.2153582
6.890625,7.5356326,3.080614,7.6137838,3.9773266
6.8925781,7.4302797,2.9835524,7.4831566,4.0037303
6.8945312,7.3094954,2.9988248,7.3603634,4.0742859
6.8964843,7.1998667,2.8843164,7.2578024,3.8957505
6.8984375,7.0839314,2.7250821,7.1274137,3.6889491
6.9003906,6.9731483,2.6675443,7.0369896,3.7687132
6.9023437,6.8664226,2.6276681,6.9217424,3.7985289
6.9042968,6.7482781,2.5312869,6.7944941,3.5774066
6.90625,6.630546,2.3932113,6.6964407,3.3823261
6.9082031,6.5135502,2.3063974,6.5680317,3.3686246
6.9101562,6.4063196,2.2525527,6.4473209,3.4237651
6.9121093,6.2815785,2.2197294,6.3469076,3.2624993
6.9140625,6.1537222,2.143363,6.2366781,3.0971357
6.9160156,6.0576205,1.9800053,6.0916004,3.1304454
6.9179687,5.9393224,1.8965468,5.9751553,3.0884611
6.9199218,5.8109889,1.8772428,5.8613681,2.869184
6.921875,5.7026038,1.7473843,5.7440795,2.8093454
6.9238281,5.5852727,1.5929584,5.6565575,2.9087548
6.9257812,5.4688339,1.5611317,5.5159163,2.7796931
6.9277343,5.3595995,1.4935933,5.40277,2.492742
6.9296875,5.2323341,1.3538856,5.3048138,2.374495
6.9316406,5.1040997,1.2562962,5.1703624,2.4976158
6.9335937,4.9987688,1.1469026,5.0392546,2.4440496
6.9355468,4.8845076,1.1235842,4.9151334,2.1255931
6.9375,4.7478437,1.1156982,4.800765,2.0279367
6.9394531,4.6292142,0.91655171,4.6857991,2.2203061
6.9414062,4.5215935,0.7013604,4.5908041,2.1774344
6.9433593,4.3970131,0.76113588,4.4691715,1.8056272
6.9453125,4.2768464,0.84317255,4.3322801,1.640425
6.9472656,4.1547913,0.54951501,4.207138,1.7143437
6.9492187,4.0315594,0.30258662,4.0917062,1.6715118
6.9511718,3.9179949,0.41647187,3.9772393,1.4870286
6.953125,3.7971253,0.50617349,3.8586616,1.4043424
6.9550781,3.6703088,0.26724547,3.7275443,1.4078975
6.9570312,3.5509674,0.025955521,3.5975782,1.2696778
6.9589843,3.4333353,0.11330729,3.4864659,1.0670186
6.9609375,3.3201391,0.1796426,3.362436,1.0573104
6.9628906,3.1873824,0.023777623,3.2516403,1.0832651
6.9648437,3.0625312,-0.1527292,3.1190369,0.91906923
6.9667968,2.9519743,-0.13831803,2.9963145,0.70590758
6.96875,2.8328266,0.021500304,2.885586,0.62725365
6.9707031,2.7078812,-0.018788127,2.7501082,0.67783529
6.9726562,2.5779357,-0.23863031,2.6315043,0.59420377
6.9746093,2.4666364,-0.28952551,2.5095701,0.3792102
6.9765625,2.3381242,-0.091126747,2.4009313,0.29093689
6.9785156,2.2167542,-0.011571891,2.2789931,0.35813558
6.9804687,2.1026878,-0.23017362,2.1463224,0.2995981
6.9824218,1.9821668,-0.3038052,2.0253362,0.049848944
6.984375,1.8550263,-0.1330103,1.8971732,-0.027721494
6.9863281,1.7295485,-0.090207644,1.7955827,0.097058557
6.9882812,1.6064952,-0.24528053,1.6576762,0.1189979
6.9902343,1.4705967,-0.23667081,1.5152621,-0.063707329
6.9921875,1.364896,-0.069571517,1.4125298,-0.20154162
6.9941406,1.2423026,-0.078425601,1.298249,-0.041079745
6.9960937,1.1123244,-0.1767115,1.182806,0.097760774
6.9980468,1.0021048,-0.26634449,1.044188,-0.11525196
7.0,0.87405473,-0.22636729,0.93567401,-0.30301929
7.0019531,0.74681091,-0.10502744,0.81888986,-0.14477885
7.0039062,0.62531555,-0.17457861,0.67376184,0.04470956
7.0058593,0.5021711,-0.25636899,0.55990022,-0.11679627
7.0078125,0.38796657,-0.16094124,0.42874208,-0.30063981
7.0097656,0.27005401,-0.061970994,0.30509225,-0.12339789
7.0117187,0.12688829,-0.17324105,0.1872073,0.048164651
7.0136718,0.0090516908,-0.33114889,0.075172916,-0.080649018
7.015625,-0.10439153,-0.23573011,-0.056393161,-0.25181803
7.0175781,-0.23366705,-0.037796073,-0.19035274,-0.15125102
7.0195312,-0.35185459,-0.1677867,-0.31140047,-0.041751519
7.0214843,-0.4821142,-0.49219278,-0.45869657,-0.12280318
7.0234375,-0.59841323,-0.494086,-0.57335353,-0.16364872
7.0253906,-0.7250309,-0.33310315,-0.68313789,-0.11021817
7.0273437,-0.84736687,-0.43924204,-0.79625815,-0.01088289
7.0292968,-0.96755308,-0.75352281,-0.9226498,-0.065957755
7.03125,-1.0886609,-0.82175756,-1.0605413,-0.24078242
7.0332031,-1.2164884,-0.75987816,-1.1773144,-0.25870031
7.0351562,-1.3463528,-0.93839085,-1.2892295,-0.17622449
7.0371093,-1.4455765,-1.1742419,-1.4151462,-0.13563402
7.0390625,-1.5719032,-1.1921988,-1.547679,-0.23275356
7.0410156,-1.7010915,-1.1887954,-1.6539485,-0.357308
7.0429687,-1.8278633,-1.5335487,-1.7799769,-0.34776431
7.0449218,-1.9468534,-1.7766077,-1.9133218,-0.30586889
7.046875,-2.0716934,-1.624101,-2.0245738,-0.39552033
7.0488281,-2.1953563,-1.5699192,-2.1436042,-0.61438012
7.0507812,-2.3102412,-1.9237723,-2.2650954,-0.63372958
7.0527343,-2.4365394,-2.2192487,-2.3793966,-0.56444246
7.0546875,-2.5547411,-2.1130149,-2.5022139,-0.72971183
7.0566406,-2.6754195,-2.1178755,-2.6149001,-0.97209269
7.0585937,-2.7884972,-2.3866937,-2.7370133,-1.0857087
7.0605468,-2.9157867,-2.57343,-2.8766446,-1.0735979
7.0625,-3.0460016,-2.559602,-2.9756741,-1.2109326
7.0644531,-3.1693799,-2.6216499,-3.0886044,-1.4310603
7.0664062,-3.2876706,-2.8351242,-3.2228488,-1.4832495
7.0683593,-3.4010562,-2.8878533,-3.3500173,-1.5528516
7.0703125,-3.5224139,-2.8823506,-3.4668126,-1.7569843
7.0722656,-3.6555206,-3.0552206,-3.5788655,-1.8816134
7.0742187,-3.7825901,-3.295854,-3.710469,-1.8794726
7.0761718,-3.8886067,-3.360737,-3.8404071,-1.9789127
7.078125,-4.0095243,-3.243597,-3.9724667,-2.1987135
7.0800781,-4.13032,-3.3235902,-4.0745115,-2.3008241
7.0820312,-4.2499127,-3.6765742,-4.1863656,-2.2829933
7.0839843,-4.3723826,-3.8147313,-4.3313241,-2.3636848
7.0859375,-4.4784226,-3.6935808,-4.4443883,-2.6214499
7.0878906,-4.6003131,-3.7534177,-4.5544967,-2.802252
7.0898437,-4.7326726,-3.9969494,-4.6752352,-2.726583
7.0917968,-4.8431067,-4.1411209,-4.786251,-2.7481167
7.09375,-4.9599113,-4.1100926,-4.9232277,-3.0212645
7.0957031,-5.0798578,-4.1182236,-5.0556058,-3.2244234
7.0976562,-5.1977057,-4.2936868,-5.1617507,-3.1531999
7.0996093,-5.3258814,-4.4681296,-5.2853074,-3.1090948
7.1015625,-5.4340119,-4.4913449,-5.4024977,-3.3279717
7.1035156,-5.5514779,-4.4788694,-5.5204215,-3.5382354
7.1054687,-5.6783075,-4.6078167,-5.6250038,-3.5446374
7.1074218,-5.7926416,-4.7716918,-5.7389454,-3.5147795
7.109375,-5.9113631,-4.8617024,-5.8687567,-3.7045812
7.1113281,-6.0276031,-4.8405408,-5.9823856,-3.9467818
7.1132812,-6.1398048,-4.876708,-6.096158,-3.9567215
7.1152343,-6.264481,-5.0849399,-6.2189321,-3.8710985
7.1171875,-6.3896031,-5.2100586,-6.3549108,-3.9992122
7.1191406,-6.4978804,-5.2151083,-6.4616198,-4.2653842
7.1210937,-6.6118764,-5.1804909,-6.559133,-4.2822351
7.1230468,-6.7349133,-5.2580008,-6.6753587,-4.1653242
7.125,-6.8550214,-5.4865088,-6.7982969,-4.3124756
7.1269531,-6.9597744,-5.6014738,-6.9095077,-4.6388378
7.1289062,-7.0795311,-5.5327997,-7.0228891,-4.7069077
7.1308593,-7.201591,-5.5050339,-7.145956,-4.5263075
7.1328125,-7.3093805,-5.7386961,-7.2594656,-4.6341943
7.1347656,-7.4247417,-5.926146,-7.3796248,-4.9241828
7.1367187,-7.5291819,-5.827238,-7.504105,-4.951488
7.1386718,-7.6392006,-5.8045058,-7.6136045,-4.8495802
7.140625,-7.7561411,-6.0137028,-7.7165007,-4.9262294
7.1425781,-7.8681149,-6.2227549,-7.8399534,-5.1566023
7.1445312,-7.985538,-6.2175865,-7.9525799,-5.2333488
7.1464843,-8.100008,-6.1110463,-8.0588722,-5.197586
7.1484375,-8.2073392,-6.1904969,-8.1673727,-5.2870907
7.1503906,-8.3239393,-6.397542,-8.2750244,-5.4393296
7.1523437,-8.4438123,-6.4830069,-8.4000539,-5.5190873
7.1542968,-8.5512886,-6.4458012,-8.5015306,-5.5298504
7.15625,-8.6648817,-6.4476184,-8.6057424,-5.5889391
7.1582031,-8.7776975,-6.5568776,-8.7197332,-5.715022
7.1601562,-8.8858652,-6.7140231,-8.8285551,-5.778367
7.1621093,-9.0070543,-6.7482271,-8.941596,-5.7962513
7.1640625,-9.1059761,-6.7274389,-9.0499792,-5.8750128
7.1660156,-9.2118434,-6.8337507,-9.1715307,-5.9739999
7.1679687,-9.3312311,-6.9364819,-9.2791042,-6.0248212
7.1699218,-9.4344539,-7.0248789,-9.3938045,-6.0610613
7.171875,-9.5389633,-7.0563015,-9.5018987,-6.1087865
7.1738281,-9.6397771,-7.0372891,-9.5881452,-6.1771435
7.1757812,-9.7572784,-7.1274299,-9.7114152,-6.2573819
7.1777343,-9.8616809,-7.2830028,-9.8209095,-6.3313331
7.1796875,-9.9603729,-7.3208036,-9.9193058,-6.4243116
7.1816406,-10.066135,-7.2669463,-10.0483,-6.4706549
7.1835937,-10.176499,-7.3756318,-10.146581,-6.4876766
7.1855468,-10.296087,-7.5026774,-10.242939,-6.5574417
7.1875,-10.390785,-7.5324325,-10.352919,-6.6204509
7.1894531,-10.496284,-7.5433535,-10.445986,-6.6813764
7.1914062,-10.604103,-7.5760874,-10.555538,-6.7668352
7.1933593,-10.703056,-7.6230363,-10.655412,-6.8381533
7.1953125,-10.812868,-7.7596831,-10.764597,-6.8733377
7.1972656,-10.918308,-7.8941602,-10.866715,-6.919455
7.1992187,-11.018495,-7.7944932,-10.965958,-7.0088644
7.2011718,-11.123062,-7.7464828,-11.082084,-7.0522489
7.203125,-11.222592,-7.950747,-11.175037,-7.0645141
7.2050781,-11.326934,-8.1238861,-11.281578,-7.1317353
7.2070312,-11.429776,-8.0114669,-11.382393,-7.1973605
7.2089843,-11.530311,-7.9744267,-11.470326,-7.2293424
7.2109375,-11.631255,-8.179738,-11.575552,-7.3156333
7.2128906,-11.723659,-8.3062448,-11.677478,-7.3775606
7.2148437,-11.825454,-8.2492418,-11.781522,-7.4000239
7.2167968,-11.920559,-8.2090444,-11.901864,-7.462728
7.21875,-12.023011,-8.3848094,-11.998053,-7.5194792
7.2207031,-12.12495,-8.4870719,-12.084368,-7.5486278
7.2226562,-12.223561,-8.4137229,-12.178427,-7.5462136
7.2246093,-12.319732,-8.4020595,-12.274882,-7.6028347
7.2265625,-12.410867,-8.4880275,-12.375984,-7.7413063
7.2285156,-12.512453,-8.5876054,-12.460075,-7.8110437
7.2304687,-12.610703,-8.6557397,-12.561416,-7.7916817
7.2324218,-12.706895,-8.6504917,-12.658892,-7.8285021
7.234375,-12.796891,-8.6425123,-12.739278,-7.9267215
7.2363281,-12.885544,-8.7781391,-12.846114,-7.9680109
7.2382812,-12.994377,-8.8653268,-12.946719,-7.9920182
7.2402343,-13.092462,-8.8055067,-13.038844,-8.07514
7.2421875,-13.178015,-8.8414287,-13.128309,-8.1070013
7.2441406,-13.272971,-8.9272699,-13.214448,-8.1077585
7.2460937,-13.369299,-8.933711,-13.314157,-8.1343698
7.2480468,-13.4661,-8.9531412,-13.403414,-8.2136182
7.25,-13.549005,-9.0485191,-13.490649,-8.3203582
7.2519531,-13.642572,-9.1138124,-13.586291,-8.3395366
7.2539062,-13.728218,-9.0921039,-13.692261,-8.328226
7.2558593,-13.808545,-9.136198,-13.785452,-8.3637199
7.2578125,-13.906561,-9.2320404,-13.868882,-8.4512739
7.2597656,-13.994283,-9.3057642,-13.959787,-8.4651594
7.2617187,-14.082008,-9.3235101,-14.039951,-8.4425954
7.2636718,-14.17215,-9.2682447,-14.1389,-8.522479
7.265625,-14.262733,-9.2992973,-14.217353,-8.6452961
7.2675781,-14.349123,-9.4367961,-14.295979,-8.6936607
7.2695312,-14.42354,-9.4755229,-14.397968,-8.6257438
7.2714843,-14.512579,-9.3905868,-14.471589,-8.6671695
7.2734375,-14.603556,-9.4319105,-14.561605,-8.8334608
7.2753906,-14.681145,-9.6356601,-14.653758,-8.8448066
7.2773437,-14.761345,-9.6587038,-14.731648,-8.7658481
7.2792968,-14.84574,-9.4862251,-14.812022,-8.811222
7.28125,-14.929361,-9.539421,-14.890267,-8.9516534
7.2832031,-15.004061,-9.7916832,-14.979477,-8.9793357
7.2851562,-15.096405,-9.8031005,-15.067591,-8.9207658
7.2871093,-15.17445,-9.6428318,-15.142656,-8.9932041
7.2890625,-15.243418,-9.6973457,-15.212372,-9.1099519
7.2910156,-15.342143,-9.8599586,-15.298214,-9.0831146
7.2929687,-15.417473,-9.9039716,-15.374026,-9.0484046
7.2949218,-15.499663,-9.8571491,-15.442185,-9.1929302
7.296875,-15.581885,-9.8134288,-15.539298,-9.2881231
7.2988281,-15.641432,-9.9033279,-15.610271,-9.2163467
7.3007812,-15.721274,-10.023078,-15.67615,-9.2090368
7.3027343,-15.800122,-10.032142,-15.758357,-9.2941541
7.3046875,-15.873069,-10.044353,-15.825116,-9.3719606
7.3066406,-15.943859,-10.10572,-15.889077,-9.3777284
7.3085937,-16.014843,-10.132751,-15.968754,-9.3637609
7.3105468,-16.094303,-10.11598,-16.05353,-9.4414587
7.3125,-16.166338,-10.140816,-16.118176,-9.5602369
7.3144531,-16.23708,-10.23173,-16.197227,-9.5426597
7.3164062,-16.301632,-10.266156,-16.280069,-9.428873
7.3183593,-16.376059,-10.212011,-16.364168,-9.5086565
7.3203125,-16.461124,-10.247512,-16.429308,-9.6561298
7.3222656,-16.524858,-10.401359,-16.477676,-9.5995178
7.3242187,-16.598852,-10.395917,-16.561556,-9.5055723
7.3261718,-16.668787,-10.227961,-16.6434,-9.6316537
7.328125,-16.735437,-10.294977,-16.688227,-9.8390007
7.3300781,-16.799831,-10.508667,-16.743677,-9.7661666
7.3320312,-16.860039,-10.524722,-16.821827,-9.6127433
7.3339843,-16.930756,-10.428419,-16.880419,-9.7841758
7.3359375,-16.996719,-10.45927,-16.947395,-10.014748
7.3378906,-17.057533,-10.609404,-17.018097,-9.9150199
7.3398437,-17.115009,-10.635082,-17.09617,-9.7462749
7.3417968,-17.182266,-10.546663,-17.157425,-9.8591308
7.34375,-17.245415,-10.566607,-17.205521,-10.041093
7.3457031,-17.308569,-10.705483,-17.276915,-9.9535808
7.3476562,-17.371044,-10.756705,-17.340122,-9.8188228
7.3496093,-17.435453,-10.660817,-17.408777,-10.000322
7.3515625,-17.495478,-10.631763,-17.45739,-10.184471
7.3535156,-17.555847,-10.763113,-17.511675,-10.043688
7.3554687,-17.61549,-10.845866,-17.568903,-9.9210195
7.3574218,-17.668386,-10.774184,-17.625975,-10.126541
7.359375,-17.733412,-10.731092,-17.701017,-10.307287
7.3613281,-17.781979,-10.838449,-17.752541,-10.184543
7.3632812,-17.829647,-10.959786,-17.814026,-10.059713
7.3652343,-17.888069,-10.922852,-17.867718,-10.153609
7.3671875,-17.944361,-10.872319,-17.914286,-10.308314
7.3691406,-17.99618,-10.973619,-17.978931,-10.274605
7.3710937,-18.050503,-11.061214,-18.024261,-10.167799
7.3730468,-18.112223,-10.991614,-18.076662,-10.275001
7.375,-18.16256,-10.90912,-18.124767,-10.426655
7.3769531,-18.210314,-10.974141,-18.169235,-10.356458
7.3789062,-18.258377,-11.071157,-18.235355,-10.267946
7.3808593,-18.312773,-11.088114,-18.270103,-10.405095
7.3828125,-18.365759,-11.069139,-18.317862,-10.528151
7.3847656,-18.405827,-11.082665,-18.380791,-10.404085
7.3867187,-18.452091,-11.129112,-18.427111,-10.347092
7.3886718,-18.501331,-11.154742,-18.471378,-10.50259
7.390625,-18.553473,-11.175333,-18.510651,-10.57514
7.3925781,-18.590668,-11.175601,-18.550934,-10.471649
7.3945312,-18.64072,-11.183106,-18.60257,-10.422409
7.3964843,-18.690552,-11.22229,-18.665464,-10.586438
7.3984375,-18.720509,-11.240727,-18.704481,-10.704692
7.4003906,-18.772188,-11.20701,-18.748974,-10.553865
7.4023437,-18.813967,-11.24276,-18.785183,-10.436178
7.4042968,-18.846186,-11.36545,-18.811598,-10.618855
7.40625,-18.888842,-11.315378,-18.857225,-10.758956
7.4082031,-18.943157,-11.212049,-18.888958,-10.6415
7.4101562,-18.973244,-11.360329,-18.927483,-10.599915
7.4121093,-19.006058,-11.475051,-18.975744,-10.729383
7.4140625,-19.056536,-11.256929,-19.017494,-10.805579
7.4160156,-19.086994,-11.21374,-19.058075,-10.731777
7.4179687,-19.128664,-11.508672,-19.098059,-10.638747
7.4199218,-19.157528,-11.542216,-19.140516,-10.709785
7.421875,-19.186588,-11.287449,-19.179249,-10.833704
7.4238281,-19.223,-11.258072,-19.205467,-10.774579
7.4257812,-19.246607,-11.577779,-19.233007,-10.671067
7.4277343,-19.281904,-11.687072,-19.275562,-10.762246
7.4296875,-19.311989,-11.413989,-19.305979,-10.891166
7.4316406,-19.347075,-11.342793,-19.31731,-10.854655
7.4335937,-19.381142,-11.584292,-19.346806,-10.760128
7.4355468,-19.409668,-11.664881,-19.401228,-10.807743
7.4375,-19.444443,-11.415233,-19.429764,-10.971961
7.4394531,-19.475348,-11.33655,-19.442955,-10.977778
7.4414062,-19.510771,-11.608497,-19.477116,-10.77143
7.4433593,-19.532387,-11.69155,-19.498018,-10.754256
7.4453125,-19.55336,-11.440605,-19.528488,-11.010933
7.4472656,-19.579226,-11.361788,-19.565428,-11.050286
7.4492187,-19.598352,-11.680527,-19.567413,-10.843275
7.4511718,-19.621342,-11.833684,-19.592352,-10.811821
7.453125,-19.638266,-11.560615,-19.629377,-10.994793
7.4550781,-19.663504,-11.427519,-19.639597,-11.102993
7.4570312,-19.693949,-11.70271,-19.660326,-10.944696
7.4589843,-19.700794,-11.866703,-19.683249,-10.808087
7.4609375,-19.718441,-11.573394,-19.704714,-10.996779
7.4628906,-19.75268,-11.375511,-19.721716,-11.169873
7.4648437,-19.767899,-11.721927,-19.734024,-11.012946
7.4667968,-19.787945,-11.937441,-19.758625,-10.831823
7.46875,-19.801098,-11.571884,-19.782719,-10.99544
7.4707031,-19.807428,-11.381708,-19.789919,-11.198005
7.4726562,-19.838503,-11.713689,-19.807173,-11.034805
7.4746093,-19.851988,-11.971876,-19.825953,-10.848635
7.4765625,-19.856899,-11.739361,-19.812693,-11.00317
7.4785156,-19.881714,-11.431547,-19.830269,-11.199808
7.4804687,-19.890495,-11.624855,-19.859734,-11.084238
7.4824218,-19.904095,-11.936502,-19.878414,-10.940579
7.484375,-19.918234,-11.767071,-19.898272,-11.068744
7.4863281,-19.912441,-11.498246,-19.908037,-11.191216
7.4882812,-19.930851,-11.65685,-19.916437,-11.043947
7.4902343,-19.948753,-11.905457,-19.917555,-10.902336
7.4921875,-19.943272,-11.842621,-19.941933,-11.038827
7.4941406,-19.953222,-11.608907,-19.944681,-11.176551
7.4960937,-19.962151,-11.607129,-19.947613,-11.085699
7.4980468,-19.967369,-11.832616,-19.968889,-10.937947
7.5,-19.971521,-11.837426,-19.951351,-11.016043
7.5019531,-19.970207,-11.670971,-19.958927,-11.155896
7.5039062,-19.984079,-11.667786,-19.963257,-11.101259
7.5058593,-19.996437,-11.78758,-19.96258,-11.037264
7.5078125,-19.988575,-11.78219,-19.971348,-11.074485
7.5097656,-19.981478,-11.69147,-19.953732,-11.105736
7.5117187,-19.994125,-11.705964,-19.970354,-11.079813
7.5136718,-19.987593,-11.729945,-19.972759,-11.081223
7.515625,-19.980331,-11.702817,-19.964691,-11.082806
7.5175781,-19.989292,-11.644894,-19.975386,-11.081106
7.5195312,-19.990599,-11.593171,-19.959015,-11.068835
7.5214843,-19.987001,-11.557196,-19.969553,-11.027349
7.5234375,-19.986113,-11.453255,-19.990452,-11.05017
7.5253906,-19.986877,-11.346895,-19.984764,-11.019564
7.5273437,-19.980175,-11.234926,-19.978691,-10.950824
7.5292968,-19.979719,-11.193672,-19.961937,-10.922824
7.53125,-19.970694,-11.159538,-19.964113,-10.868361
7.5332031,-19.969051,-11.058665,-19.974007,-10.824264
7.5351562,-19.973875,-11.198804,-19.959297,-10.74398
7.5371093,-19.957115,-11.338853,-19.963305,-10.705161
7.5390625,-19.943001,-11.140864,-19.956097,-10.633366
7.5410156,-19.938192,-10.986922,-19.943909,-10.483577
7.5429687,-19.923733,-11.183424,-19.953651,-10.651311
7.5449218,-19.917238,-11.330694,-19.933693,-10.859399
7.546875,-19.905813,-11.124713,-19.9333,-10.661067
7.5488281,-19.884706,-10.981985,-19.930977,-10.436565
7.5507812,-19.878027,-11.125575,-19.89657,-10.58268
7.5527343,-19.864119,-11.222505,-19.895241,-10.782835
7.5546875,-19.855923,-11.086493,-19.881144,-10.625581
7.5566406,-19.831392,-10.960864,-19.865149,-10.424058
7.5585937,-19.813961,-11.057987,-19.860281,-10.533441
7.5605468,-19.805496,-11.130799,-19.841314,-10.703358
7.5625,-19.777678,-11.027004,-19.821404,-10.584498
7.5644531,-19.767746,-10.946122,-19.806292,-10.37589
7.5664062,-19.746365,-10.990486,-19.781092,-10.460176
7.5683593,-19.728981,-11.03902,-19.754848,-10.616448
7.5703125,-19.712404,-10.927434,-19.738184,-10.512735
7.5722656,-19.684607,-10.866993,-19.71026,-10.345183
7.5742187,-19.669815,-10.963187,-19.697912,-10.437462
7.5761718,-19.644733,-10.955004,-19.669489,-10.567211
7.578125,-19.617016,-10.825584,-19.653841,-10.397915
7.5800781,-19.595257,-10.788031,-19.640783,-10.263154
7.5820312,-19.571743,-10.901085,-19.598577,-10.395052
7.5839843,-19.54582,-10.883846,-19.590208,-10.450109
7.5859375,-19.517929,-10.719745,-19.565258,-10.274549
7.5878906,-19.490471,-10.723063,-19.525574,-10.187299
7.5898437,-19.458921,-10.827241,-19.495428,-10.295914
7.5917968,-19.421137,-10.792297,-19.468868,-10.321077
7.59375,-19.394917,-10.645528,-19.43755,-10.198433
7.5957031,-19.373724,-10.638972,-19.398071,-10.130354
7.5976562,-19.333389,-10.785888,-19.379944,-10.203702
7.5996093,-19.301891,-10.718785,-19.345098,-10.235079
7.6015625,-19.27783,-10.463137,-19.306799,-10.124026
7.6035156,-19.245705,-10.509524,-19.278761,-10.041283
7.6054687,-19.207747,-10.726378,-19.234118,-10.090935
7.6074218,-19.169359,-10.585719,-19.193689,-10.128951
7.609375,-19.136751,-10.319011,-19.171944,-10.037096
7.6113281,-19.097025,-10.439109,-19.130383,-9.9744215
7.6132812,-19.063429,-10.671826,-19.098108,-10.0182
7.6152343,-19.028759,-10.493608,-19.066107,-9.995903
7.6171875,-18.985975,-10.218368,-19.018581,-9.8973541
7.6191406,-18.943232,-10.31772,-18.996874,-9.846529
7.6210937,-18.899418,-10.50768,-18.951862,-9.8684577
7.6230468,-18.857471,-10.393042,-18.906725,-9.8741111
7.625,-18.824499,-10.183901,-18.870794,-9.8012714
7.6269531,-18.784277,-10.231133,-18.839451,-9.7402334
7.6289062,-18.737494,-10.354883,-18.798056,-9.7615776
7.6308593,-18.696367,-10.209921,-18.744225,-9.7675905
7.6328125,-18.647579,-10.006715,-18.698788,-9.6743145
7.6347656,-18.612335,-10.126584,-18.649958,-9.6096448
7.6367187,-18.572754,-10.283875,-18.614725,-9.649249
7.6386718,-18.520359,-10.119204,-18.573715,-9.6647119
7.640625,-18.46814,-9.8732957,-18.521984,-9.5811185
7.6425781,-18.424885,-9.9253053,-18.478317,-9.5042285
7.6445312,-18.372377,-10.140042,-18.448942,-9.5114784
7.6464843,-18.314434,-10.081229,-18.401644,-9.5250654
7.6484375,-18.277082,-9.8272886,-18.338961,-9.4528522
7.6503906,-18.226414,-9.8215169,-18.292778,-9.3497571
7.6523437,-18.172176,-9.99615,-18.230688,-9.3487482
7.6542968,-18.118288,-9.8987808,-18.170353,-9.399374
7.65625,-18.070412,-9.649312,-18.126787,-9.3493948
7.6582031,-18.015209,-9.6930742,-18.077923,-9.2679939
7.6601562,-17.954973,-9.8768739,-18.024624,-9.2607679
7.6621093,-17.905088,-9.7650489,-17.96946,-9.249053
7.6640625,-17.852453,-9.5569295,-17.923309,-9.1906299
7.6660156,-17.79937,-9.6134986,-17.871155,-9.1339502
7.6679687,-17.740391,-9.7127103,-17.814432,-9.1181097
7.6699218,-17.691351,-9.5636434,-17.753809,-9.0848712
7.671875,-17.634987,-9.4100723,-17.686737,-9.0253877
7.6738281,-17.576565,-9.4887065,-17.623722,-8.9847793
7.6757812,-17.516802,-9.5191249,-17.569059,-8.9779405
7.6777343,-17.452141,-9.3930416,-17.513128,-8.9914913
7.6796875,-17.40766,-9.3032741,-17.444843,-8.9361877
7.6816406,-17.345911,-9.3638229,-17.373938,-8.843853
7.6835937,-17.284134,-9.4196462,-17.323709,-8.8103351
7.6855468,-17.218801,-9.2506046,-17.263128,-8.8267135
7.6875,-17.14793,-9.0902319,-17.20155,-8.8240041
7.6894531,-17.092012,-9.1919155,-17.147884,-8.7361106
7.6914062,-17.021175,-9.3309459,-17.071262,-8.638381
7.6933593,-16.954697,-9.1923265,-17.026894,-8.6099519
7.6953125,-16.893343,-8.9523925,-16.965534,-8.6206178
7.6972656,-16.82786,-9.0115528,-16.881897,-8.5965766
7.6992187,-16.759443,-9.1760368,-16.827362,-8.4916915
7.7011718,-16.695339,-9.0219106,-16.758871,-8.4384975
7.703125,-16.618092,-8.7861557,-16.681475,-8.4814634
7.7050781,-16.547703,-8.8488388,-16.609289,-8.4709615
7.7070312,-16.484974,-8.9682149,-16.554585,-8.3524723
7.7089843,-16.414274,-8.8997039,-16.495998,-8.2993364
7.7109375,-16.352272,-8.7357893,-16.420965,-8.3581295
7.7128906,-16.273737,-8.659419,-16.367121,-8.3088493
7.7148437,-16.204847,-8.7017202,-16.294436,-8.1512088
7.7167968,-16.130726,-8.675642,-16.212948,-8.1030111
7.71875,-16.049345,-8.5919122,-16.146675,-8.1739835
7.7207031,-15.986739,-8.5319938,-16.064619,-8.1482057
7.7226562,-15.916638,-8.5644607,-15.990829,-7.9968285
7.7246093,-15.841816,-8.5985937,-15.934912,-7.9485602
7.7265625,-15.762947,-8.428421,-15.851611,-8.0452842
7.7285156,-15.682113,-8.259552,-15.766682,-8.0124931
7.7304687,-15.611771,-8.3453073,-15.712992,-7.8051328
7.7324218,-15.543832,-8.4857406,-15.621058,-7.7627854
7.734375,-15.460714,-8.3528041,-15.536319,-7.9034524
7.7363281,-15.384709,-8.1007747,-15.472627,-7.8409047
7.7382812,-15.312503,-8.0963945,-15.393102,-7.6324262
7.7402343,-15.23569,-8.2516241,-15.313749,-7.6324505
7.7421875,-15.15269,-8.1917991,-15.234016,-7.7045469
7.7441406,-15.05934,-7.9530601,-15.161525,-7.6136984
7.7460937,-15.001246,-7.9052467,-15.062351,-7.4831624
7.7480468,-14.918271,-8.0732193,-14.978017,-7.4561677
7.75,-14.822995,-8.08327,-14.921329,-7.4985551
7.7519531,-14.748831,-7.7611565,-14.827158,-7.4709229
7.7539062,-14.660951,-7.6453447,-14.727075,-7.3523011
7.7558593,-14.585056,-7.8971028,-14.665134,-7.2761721
7.7578125,-14.493247,-7.9219889,-14.589795,-7.2686319
7.7597656,-14.407752,-7.6004686,-14.503486,-7.3004851
7.7617187,-14.329529,-7.4534091,-14.407373,-7.2038731
7.7636718,-14.239786,-7.6974844,-14.315086,-7.0134272
7.765625,-14.155128,-7.7323541,-14.251554,-7.0194397
7.7675781,-14.063997,-7.3979163,-14.16048,-7.1263122
7.7695312,-13.971553,-7.2857675,-14.071769,-7.0731592
7.7714843,-13.886188,-7.4866247,-13.993248,-6.8524541
7.7734375,-13.806924,-7.5413246,-13.902113,-6.7987842
7.7753906,-13.714682,-7.2955555,-13.812183,-6.9174394
7.7773437,-13.623726,-7.1075005,-13.724221,-6.8474063
7.7792968,-13.54058,-7.1819758,-13.628778,-6.668221
7.78125,-13.447178,-7.2671184,-13.540734,-6.6278681
7.7832031,-13.352941,-7.1306204,-13.447639,-6.694911
7.7851562,-13.262528,-6.9626598,-13.355494,-6.6573076
7.7871093,-13.170063,-7.0047864,-13.25813,-6.4733223
7.7890625,-13.081038,-7.0633916,-13.161469,-6.3775067
7.7910156,-12.992863,-6.9260721,-13.077449,-6.4672284
7.7929687,-12.898584,-6.7788424,-12.958382,-6.508356
7.7949218,-12.798752,-6.7779059,-12.873495,-6.3236737
7.796875,-12.705363,-6.7945885,-12.791041,-6.1777639
7.7988281,-12.614038,-6.7182264,-12.687104,-6.2853579
7.8007812,-12.507034,-6.6449928,-12.598974,-6.3109011
7.8027343,-12.414079,-6.6005706,-12.489703,-6.0731983
7.8046875,-12.325323,-6.5569095,-12.396873,-5.9356141
7.8066406,-12.225478,-6.5402212,-12.31216,-6.0532126
7.8085937,-12.12571,-6.4546389,-12.214293,-6.0804162
7.8105468,-12.031541,-6.339653,-12.112842,-5.8757453
7.8125,-11.944195,-6.3156771,-12.011886,-5.7205462
7.8144531,-11.839635,-6.3256812,-11.910779,-5.7810554
7.8164062,-11.733631,-6.2179594,-11.805849,-5.8361811
7.8183593,-11.641716,-6.0664358,-11.709524,-5.684174
7.8203125,-11.539375,-6.1048669,-11.61967,-5.5333962
7.8222656,-11.437029,-6.1689672,-11.526701,-5.5598421
7.8242187,-11.348108,-6.0076704,-11.418574,-5.5907397
7.8261718,-11.242936,-5.8475985,-11.311564,-5.4394583
7.828125,-11.138008,-5.8899388,-11.215437,-5.2713165
7.8300781,-11.043589,-5.8625454,-11.115434,-5.3051323
7.8320312,-10.937258,-5.7295098,-11.011095,-5.359148
7.8339843,-10.841042,-5.6955661,-10.912599,-5.2053437
7.8359375,-10.735566,-5.6750745,-10.805043,-5.0463233
7.8378906,-10.62429,-5.5951213,-10.707965,-5.0715527
7.8398437,-10.531668,-5.4785842,-10.618478,-5.0729441
7.8417968,-10.421658,-5.4496164,-10.504201,-4.9580321
7.84375,-10.311532,-5.4818053,-10.393364,-4.8156824
7.8457031,-10.221,-5.3621158,-10.284077,-4.7637467
7.8476562,-10.111577,-5.2105841,-10.168599,-4.7920007
7.8496093,-9.998022,-5.2146129,-10.06578,-4.7415595
7.8515625,-9.8933134,-5.2182192,-9.9656019,-4.6294107
7.8535156,-9.784729,-5.0941758,-9.8499393,-4.5563416
7.8554687,-9.6706228,-4.9990115,-9.75667,-4.521418
7.8574218,-9.5555582,-4.9998202,-9.6442146,-4.4576249
7.859375,-9.4634237,-4.972228,-9.5249843,-4.3567919
7.8613281,-9.3554744,-4.8849062,-9.4470539,-4.2548379
7.8632812,-9.2460517,-4.7774038,-9.3389568,-4.2241792
7.8652343,-9.1434736,-4.6485395,-9.2106742,-4.2027397
7.8671875,-9.0336189,-4.6049122,-9.0964326,-4.0547628
7.8691406,-8.9237375,-4.6128306,-8.9852647,-3.9315118
7.8710937,-8.7997512,-4.5002079,-8.8679037,-3.9649651
7.8730468,-8.7090492,-4.3767523,-8.7663917,-3.9781382
7.875,-8.5959463,-4.4007425,-8.6581611,-3.8382759
7.8769531,-8.4682779,-4.4284248,-8.5451946,-3.6727337
7.8789062,-8.3759098,-4.1816587,-8.4495487,-3.6307153
7.8808593,-8.2622966,-4.003108,-8.3408432,-3.6259563
7.8828125,-8.1522674,-4.1819224,-8.2185897,-3.5157668
7.8847656,-8.0360794,-4.158431,-8.1020364,-3.3540029
7.8867187,-7.9122653,-3.8556234,-7.9920253,-3.2969586
7.8886718,-7.8101744,-3.744194,-7.8703012,-3.3255655
7.890625,-7.6976785,-3.8817281,-7.7606716,-3.2395832
7.8925781,-7.5802698,-3.8971712,-7.6493077,-3.0734517
7.8945312,-7.4728589,-3.6175739,-7.5359716,-3.0199782
7.8964843,-7.3526725,-3.4427695,-7.4176936,-3.0280933
7.8984375,-7.237195,-3.5255408,-7.3063035,-2.9060473
7.9003906,-7.1249237,-3.5271587,-7.1982922,-2.731256
7.9023437,-7.0015554,-3.3658971,-7.0705447,-2.7035505
7.9042968,-6.8908014,-3.2226202,-6.960658,-2.7061047
7.90625,-6.7863616,-3.1899709,-6.8448405,-2.5587806
7.9082031,-6.6758265,-3.1992294,-6.7248511,-2.3987696
7.9101562,-6.553317,-3.078516,-6.6087598,-2.3860564
7.9121093,-6.4343714,-2.8622021,-6.5004243,-2.3569095
7.9140625,-6.3186726,-2.7855186,-6.3776855,-2.2273335
7.9160156,-6.2020931,-2.8674504,-6.2551364,-2.1005828
7.9179687,-6.089086,-2.8332791,-6.1495657,-2.0135774
7.9199218,-5.9664616,-2.6304161,-6.0334034,-1.9752912
7.921875,-5.8430695,-2.4609069,-5.9204096,-1.8879194
7.9238281,-5.7336645,-2.4706254,-5.8070826,-1.736319
7.9257812,-5.6198062,-2.5104308,-5.6874375,-1.6388365
7.9277343,-5.4939031,-2.3535692,-5.561655,-1.5860438
7.9296875,-5.3748846,-2.1362147,-5.4617075,-1.4959516
7.9316406,-5.2583532,-2.0587189,-5.341783,-1.3723644
7.9335937,-5.1504464,-2.1153562,-5.2013821,-1.296706
7.9355468,-5.0302496,-2.0670015,-5.0937342,-1.2290777
7.9375,-4.9037809,-1.8593306,-4.9870233,-1.1175251
7.9394531,-4.795835,-1.6745011,-4.8745455,-1.0247101
7.9414062,-4.6785297,-1.667826,-4.7486252,-0.94634861
7.9433593,-4.5506534,-1.7203939,-4.61629,-0.8244307
7.9453125,-4.4313721,-1.5525217,-4.5063419,-0.71274567
7.9472656,-4.3114337,-1.3187735,-4.3822393,-0.66613674
7.9492187,-4.1903295,-1.3189564,-4.2523012,-0.61263657
7.9511718,-4.0834083,-1.3908352,-4.1389498,-0.49463844
7.953125,-3.9541213,-1.2178971,-4.0033307,-0.37537786
7.9550781,-3.8302664,-0.95719904,-3.8709468,-0.3445608
7.9570312,-3.7218613,-0.88006127,-3.7613246,-0.27875483
7.9589843,-3.5925583,-0.98345357,-3.6631839,-0.17339018
7.9609375,-3.472418,-0.93550664,-3.5349164,-0.13172962
7.9628906,-3.34869,-0.63881665,-3.4038085,-0.063223921
7.9648437,-3.2260501,-0.52477968,-3.2852792,0.089240104
7.9667968,-3.1042094,-0.62615734,-3.1628084,0.18190874
7.96875,-2.9751546,-0.57497674,-3.059601,0.10013524
7.9707031,-2.8544073,-0.32692656,-2.9453017,0.067664914
7.9726562,-2.7276451,-0.22630298,-2.8124058,0.20499669
7.9746093,-2.6167922,-0.31888697,-2.6817784,0.31087887
7.9765625,-2.4978354,-0.25130382,-2.575196,0.25095037
7.9785156,-2.3740632,-0.022976168,-2.4444532,0.14947951
7.9804687,-2.2615361,0.095456168,-2.3120546,0.17484516
7.9824218,-2.1298801,0.052467361,-2.217,0.29002428
7.984375,-2.0066816,0.053975172,-2.1008491,0.28542778
7.9863281,-1.8940897,0.19348682,-1.9513477,0.17799771
7.9882812,-1.771915,0.23874538,-1.8284001,0.21713719
7.9902343,-1.6364877,0.14162636,-1.7144211,0.32017019
7.9921875,-1.5172612,0.21310304,-1.5814096,0.241236
7.9941406,-1.4000165,0.36736149,-1.4577412,0.14146617
7.9960937,-1.2662284,0.28969291,-1.3267693,0.22175491
7.9980468,-1.140004,0.19509593,-1.2152564,0.30406424
8.0,-1.0200239,0.28727615,-1.0950954,0.21424569
8.0019531,-0.90450668,0.36644903,-0.96202052,0.14766358
8.0039062,-0.78581429,0.29647878,-0.84385061,0.26565069
8.0058593,-0.65804088,0.23142448,-0.72599918,0.33243525
8.0078125,-0.53235823,0.31752095,-0.61062324,0.24348299
8.0097656,-0.41284856,0.41834664,-0.48565277,0.19240198
8.0117187,-0.28550091,0.33187541,-0.35512978,0.31399947
8.0136718,-0.15896907,0.20793025,-0.22156136,0.39957681
8.015625,-0.034244176,0.28368762,-0.10939287,0.28457451
8.0175781,0.089731485,0.40294045,0.0040012449,0.18490213
8.0195312,0.21500276,0.34611583,0.13165204,0.25126606
8.0214843,0.33222806,0.2032025,0.2554062,0.35359284
8.0234375,0.44296062,0.23544547,0.36773673,0.36293674
8.0253906,0.57120353,0.42521793,0.48758677,0.37480465
8.0273437,0.68561518,0.45546716,0.6307497,0.50831068
8.0292968,0.81283766,0.28875229,0.7546137,0.67102343
8.03125,0.95217943,0.24903102,0.86915523,0.70276606
8.0332031,1.060701,0.39563191,0.9849205,0.68820506
8.0351562,1.1839124,0.40541977,1.1187552,0.79721838
8.0371093,1.3115282,0.19198287,1.2406244,1.0268799
8.0390625,1.424884,0.19503178,1.3586323,1.2022681
8.0410156,1.549941,0.53555417,1.4963953,1.2101726
8.0429687,1.6740955,0.63766134,1.6142412,1.2623521
8.0449218,1.792554,0.39291105,1.7391967,1.486908
8.046875,1.9217346,0.33570501,1.8752908,1.6920584
8.0488281,2.0433621,0.62804008,1.9944368,1.7380193
8.0507812,2.1638362,0.81415594,2.1056516,1.7114507
8.0527343,2.295778,0.6772812,2.2346417,1.856298
8.0546875,2.4121725,0.64803255,2.3541193,2.1490404
8.0566406,2.5333139,0.92573315,2.4632144,2.2602713
8.0585937,2.6525683,1.1561965,2.5811533,2.2035477
8.0605468,2.7756838,1.1317848,2.6984944,2.3251078
8.0625,2.9005928,1.1334397,2.8327035,2.6114118
8.0644531,3.0128092,1.3966524,2.9458351,2.7189924
8.0664062,3.1289646,1.6345953,3.0631556,2.6588637
8.0683593,3.2535471,1.6348424,3.2010026,2.7394497
8.0703125,3.3843214,1.6409027,3.3050108,3.0069687
8.0722656,3.4950909,1.8690798,3.4436922,3.1090357
8.0742187,3.6167206,2.1126911,3.5700521,3.0165042
8.0761718,3.738044,2.0970675,3.679857,3.1479764
8.078125,3.8586261,2.0719676,3.8113465,3.4093947
8.0800781,3.9881649,2.325802,3.9093701,3.4731843
8.0820312,4.1028595,2.5783646,4.0288591,3.4316439
8.0839843,4.2209725,2.5405817,4.1476173,3.5591619
8.0859375,4.3403916,2.4750537,4.2687916,3.8189849
8.0878906,4.4633603,2.6992015,4.3954682,3.8955228
8.0898437,4.5832881,3.0439572,4.513329,3.8508029
8.0917968,4.7016444,3.0663862,4.6358504,3.9393637
8.09375,4.8280057,2.8830194,4.7597088,4.1467452
8.0957031,4.9523053,3.0516512,4.8912878,4.2482276
8.0976562,5.0629758,3.435527,4.9941525,4.1985416
8.0996093,5.1856188,3.4627664,5.1160383,4.2912225
8.1015625,5.3124232,3.2621805,5.2471313,4.4837474
8.1035156,5.4178867,3.4436478,5.3464736,4.580338
8.1054687,5.5363612,3.8411939,5.4552779,4.6102252
8.1074218,5.653131,3.8677403,5.5816454,4.639481
8.109375,5.7647252,3.7055125,5.6956319,4.8132476
8.1113281,5.8848476,3.8616366,5.8050642,4.9994239
8.1132812,6.0027532,4.1862196,5.9257321,4.990602
8.1152343,6.1241707,4.2346367,6.0424399,4.9715676
8.1171875,6.2416048,4.1024518,6.1627836,5.1363048
8.1191406,6.3585667,4.1772642,6.2929172,5.3074007
8.1210937,6.4757819,4.4843878,6.4267482,5.3090543
8.1230468,6.587645,4.5999622,6.5321126,5.2884693
8.125,6.704298,4.4712519,6.6298623,5.3999447
8.1269531,6.8216991,4.5336685,6.7503304,5.5288653
8.1289062,6.9293708,4.8217907,6.8600945,5.5931329
8.1308593,7.0451388,4.9439606,6.9790673,5.6876697
8.1328125,7.1697788,4.815701,7.1036987,5.7872428
8.1347656,7.2849688,4.8586573,7.2183108,5.8666005
8.1367187,7.3971133,5.1645431,7.3362388,5.8924026
8.1386718,7.5119204,5.2540488,7.4482245,5.9186377
8.140625,7.6299557,5.0885157,7.5544028,6.0457902
8.1425781,7.7391481,5.1515855,7.6628384,6.1496501
8.1445312,7.857511,5.4788084,7.775495,6.1890907
8.1464843,7.9753055,5.5948648,7.890562,6.2502484
8.1484375,8.0761098,5.4347829,8.0136156,6.3466739
8.1503906,8.1966009,5.4326477,8.1336183,6.4522438
8.1523437,8.2999153,5.7164697,8.244893,6.4801821
8.1542968,8.4047861,5.9176411,8.3517561,6.4716534
8.15625,8.5334568,5.7893424,8.4654188,6.5661144
8.1582031,8.6307764,5.7643222,8.5762758,6.6903495
8.1601562,8.7366399,6.0226059,8.6675014,6.7472033
8.1621093,8.8562679,6.1317987,8.7705049,6.7650394
8.1640625,8.9591941,6.0584497,8.8931341,6.8649015
8.1660156,9.0692615,6.0986928,9.0088119,7.0113611
8.1679687,9.1877355,6.2894792,9.1256523,7.0492224
8.1699218,9.3013629,6.3952894,9.2359247,7.025433
8.171875,9.3994436,6.3362493,9.3454036,7.0893259
8.1738281,9.5103206,6.307445,9.4584579,7.1944923
8.1757812,9.6283969,6.4918584,9.5593395,7.2187266
8.1777343,9.730319,6.7065472,9.6634159,7.2554516
8.1796875,9.835186,6.6494431,9.7714576,7.3669915
8.1816406,9.9412603,6.5476722,9.8735408,7.4719185
8.1835937,10.053141,6.742907,9.9857692,7.4944496
8.1855468,10.160888,6.9800477,10.097122,7.517004
8.1875,10.265926,6.9144482,10.204966,7.6298508
8.1894531,10.370852,6.797203,10.314545,7.7103014
8.1914062,10.47642,6.9608812,10.386615,7.6804733
8.1933593,10.587866,7.1978764,10.507009,7.6912078
8.1953125,10.688878,7.1737051,10.638354,7.8343124
8.1972656,10.795521,7.0707445,10.722088,8.0075855
8.1992187,10.898768,7.1798524,10.826351,7.9795689
8.2011718,11.002831,7.4023418,10.927691,7.8203492
8.203125,11.109262,7.4394021,11.031954,7.9629974
8.2050781,11.203136,7.329885,11.134206,8.2633285
8.2070312,11.311154,7.4096155,11.232765,8.2592735
8.2089843,11.403469,7.6137261,11.342595,8.0730772
8.2109375,11.502851,7.6696958,11.432128,8.15841
8.2128906,11.606611,7.5770516,11.52082,8.4354171
8.2148437,11.698763,7.6584363,11.65477,8.4449205
8.2167968,11.812504,7.8596148,11.742728,8.3114099
8.21875,11.89665,7.8686423,11.822081,8.4118166
8.2207031,11.998776,7.7990264,11.932185,8.5892591
8.2226562,12.108579,7.8391723,12.034463,8.6018924
8.2246093,12.201347,8.0172653,12.152838,8.5624685
8.2265625,12.302147,8.0868883,12.231285,8.6330518
8.2285156,12.391501,7.996634,12.325267,8.7355833
8.2304687,12.493533,8.0175619,12.423309,8.723258
8.2324218,12.589815,8.2061224,12.519269,8.7446928
8.234375,12.681559,8.311943,12.63013,8.8612804
8.2363281,12.769691,8.2257604,12.704997,8.946165
8.2382812,12.867967,8.2328367,12.804015,8.9440212
8.2402343,12.966958,8.4020299,12.904181,8.9190759
8.2421875,13.052027,8.5097608,12.991897,9.0386629
8.2441406,13.14999,8.4607553,13.102451,9.1589651
8.2460937,13.249532,8.4109602,13.190391,9.1043443
8.2480468,13.332063,8.5219383,13.26626,9.0591688
8.25,13.415514,8.6591348,13.369466,9.1590948
8.2519531,13.514277,8.6363067,13.466227,9.3186006
8.2539062,13.604207,8.6300983,13.556293,9.3499727
8.2558593,13.701264,8.7680883,13.655657,9.2684507
8.2578125,13.795005,8.8230238,13.730156,9.3127269
8.2597656,13.873568,8.7695961,13.806591,9.4423608
8.2617187,13.96158,8.7613086,13.907632,9.4657573
8.2636718,14.054114,8.8848686,13.989716,9.4747543
8.265625,14.142914,9.0344591,14.068453,9.5831461
8.2675781,14.224194,9.0166626,14.165225,9.6286144
8.2695312,14.317168,8.9367914,14.257105,9.5986623
8.2714843,14.410119,9.0057878,14.340518,9.6666431
8.2734375,14.492868,9.1520223,14.425105,9.7229938
8.2753906,14.569699,9.1728687,14.524119,9.7171335
8.2773437,14.655928,9.094098,14.604072,9.7546234
8.2792968,14.747323,9.1380062,14.684102,9.8180503
8.28125,14.823106,9.3451633,14.786384,9.8483047
8.2832031,14.907187,9.3797607,14.860602,9.8594675
8.2851562,14.995407,9.2369222,14.93129,9.9198541
8.2871093,15.077745,9.2803316,15.005661,9.9542694
8.2890625,15.146736,9.4760294,15.087767,9.977293
8.2910156,15.227289,9.5002298,15.162269,10.072422
8.2929687,15.315836,9.3984556,15.239632,10.141071
8.2949218,15.388847,9.4927272,15.331829,10.124599
8.296875,15.464728,9.6342191,15.421762,10.144191
8.2988281,15.549693,9.5964813,15.498171,10.228083
8.3007812,15.628588,9.5562658,15.550079,10.221831
8.3027343,15.701202,9.6467552,15.633429,10.167561
8.3046875,15.782352,9.7250165,15.704865,10.241792
8.3066406,15.858375,9.7193613,15.78215,10.400643
8.3085937,15.92504,9.7280521,15.870685,10.43142
8.3105468,16.000233,9.7779645,15.933691,10.344313
8.3125,16.079689,9.836338,16.018459,10.351041
8.3144531,16.143923,9.8929033,16.091673,10.465108
8.3164062,16.224586,9.9142246,16.167377,10.533442
8.3183593,16.291285,9.8931493,16.253563,10.474198
8.3203125,16.346924,9.9277792,16.315899,10.446733
8.3222656,16.443567,9.9915475,16.379799,10.568236
8.3242187,16.502188,10.071119,16.452204,10.633998
8.3261718,16.568083,10.118878,16.528709,10.586329
8.328125,16.658545,10.001094,16.590385,10.616785
8.3300781,16.719345,10.010768,16.648685,10.730402
8.3320312,16.795292,10.203136,16.719999,10.738481
8.3339843,16.848602,10.203082,16.790846,10.692061
8.3359375,16.90686,10.089646,16.864977,10.776532
8.3378906,16.978653,10.144553,16.932564,10.883411
8.3398437,17.046848,10.374231,16.995842,10.839537
8.3417968,17.108036,10.439972,17.052578,10.759192
8.34375,17.157513,10.243703,17.101915,10.837963
8.3457031,17.232931,10.175786,17.171068,10.972874
8.3476562,17.296112,10.412546,17.251814,10.977818
8.3496093,17.365957,10.585608,17.306435,10.929589
8.3515625,17.423843,10.392256,17.371548,10.973227
8.3535156,17.475679,10.238671,17.444851,11.049623
8.3554687,17.542639,10.413712,17.492979,11.034595
8.3574218,17.592869,10.640601,17.552702,10.978551
8.359375,17.65399,10.61385,17.619831,11.024918
8.3613281,17.713383,10.444689,17.673592,11.143248
8.3632812,17.770756,10.504108,17.730328,11.154902
8.3652343,17.823557,10.697837,17.801842,11.075414
8.3671875,17.885948,10.685083,17.843439,11.121654
8.3691406,17.947834,10.541979,17.880253,11.248277
8.3710937,17.992069,10.593725,17.944845,11.223921
8.3730468,18.049097,10.741947,18.001719,11.173498
8.375,18.103159,10.71873,18.057774,11.289911
8.3769531,18.149338,10.673956,18.10581,11.382697
8.3789062,18.206676,10.752587,18.159052,11.300538
8.3808593,18.26432,10.832449,18.207657,11.241889
8.3828125,18.303429,10.824183,18.269087,11.34849
8.3847656,18.35541,10.770931,18.325323,11.453308
8.3867187,18.410334,10.785126,18.3591,11.394968
8.3886718,18.456766,10.89653,18.418442,11.2946
8.390625,18.511686,10.926723,18.454788,11.363605
8.3925781,18.543337,10.842125,18.501499,11.523737
8.3945312,18.592976,10.837433,18.553631,11.505726
8.3964843,18.649046,10.945297,18.597425,11.397021
8.3984375,18.683094,11.053148,18.646465,11.461703
8.4003906,18.731535,10.984571,18.676805,11.607438
8.4023437,18.766449,10.870152,18.723345,11.589248
8.4042968,18.813341,10.981282,18.757145,11.475793
8.40625,18.86038,11.125109,18.800894,11.536042
8.4082031,18.896235,11.099396,18.855589,11.690742
8.4101562,18.947054,10.993681,18.889589,11.682051
8.4121093,18.981325,11.007936,18.936268,11.557873
8.4140625,19.015619,11.123345,18.977375,11.562853
8.4160156,19.063148,11.126207,19.019903,11.709867
8.4179687,19.095713,11.079738,19.059992,11.744206
8.4199218,19.122036,11.138051,19.09634,11.63339
8.421875,19.164,11.198442,19.133913,11.611114
8.4238281,19.203026,11.174491,19.156826,11.743726
8.4257812,19.230515,11.180463,19.20134,11.807147
8.4277343,19.2635,11.209516,19.250551,11.705881
8.4296875,19.302328,11.214184,19.280533,11.675561
8.4316406,19.33699,11.226128,19.311066,11.793441
8.4335937,19.374165,11.234793,19.335506,11.840347
8.4355468,19.412041,11.234303,19.371475,11.750254
8.4375,19.437431,11.236549,19.418449,11.735435
8.4394531,19.458155,11.236543,19.430111,11.863944
8.4414062,19.496357,11.217896,19.452171,11.902365
8.4433593,19.526669,11.295868,19.489391,11.792816
8.4453125,19.536684,11.406436,19.517864,11.792986
8.4472656,19.569201,11.318047,19.542253,11.950437
8.4492187,19.600094,11.224121,19.572626,11.981556
8.4511718,19.614105,11.365262,19.607248,11.840022
8.453125,19.651085,11.469852,19.607975,11.82556
8.4550781,19.676285,11.343744,19.641584,11.965649
8.4570312,19.695255,11.269206,19.664227,11.99288
8.4589843,19.720547,11.358863,19.679146,11.909277
8.4609375,19.742281,11.449665,19.712242,11.90176
8.4628906,19.767683,11.423038,19.725288,11.99372
8.4648437,19.781729,11.321447,19.743124,12.030117
8.4667968,19.807663,11.335549,19.74749,11.958701
8.46875,19.820015,11.461726,19.789827,11.925358
8.4707031,19.836218,11.476537,19.810724,12.016232
8.4726562,19.856823,11.357698,19.819117,12.092398
8.4746093,19.86731,11.367249,19.84576,11.998129
8.4765625,19.880417,11.505141,19.846891,11.912634
8.4785156,19.887796,11.513482,19.868629,12.009795
8.4804687,19.911085,11.398052,19.885691,12.115679
8.4824218,19.927769,11.403011,19.894907,12.066418
8.484375,19.94528,11.541957,19.90938,11.98465
8.4863281,19.953163,11.539694,19.926756,12.021795
8.4882812,19.955744,11.371189,19.928347,12.101692
8.4902343,19.969112,11.332437,19.940256,12.090732
8.4921875,19.976946,11.525453,19.968147,12.029524
8.4941406,19.991123,11.622952,19.974312,12.059831
8.4960937,19.999796,11.456077,19.993729,12.118713
8.4980468,20.000771,11.353287,20.002419,12.079762
8.5,20.012722,11.472835,19.995602,12.021028
8.5019531,20.025017,11.574783,20.012217,12.040915
8.5039062,20.019531,11.507507,20.01228,12.109057
8.5058593,20.029818,11.404807,20.003075,12.13104
8.5078125,20.040564,11.44817,20.02178,12.075807
8.5097656,20.041061,11.550675,20.043434,12.061294
8.5117187,20.045916,11.51301,20.032858,12.13508
8.5136718,20.047953,11.410191,20.043894,12.144274
8.515625,20.06057,11.431251,20.066948,12.077129
8.5175781,20.065037,11.489379,20.034784,12.081313
8.5195312,20.063173,11.449194,20.036829,12.117681
8.5214843,20.058434,11.416151,20.056465,12.11079
8.5234375,20.060492,11.426048,20.044701,12.114215
8.5253906,20.069691,11.372012,20.052485,12.107688
8.5273437,20.065256,11.26967,20.051191,12.102494
8.5292968,20.057291,11.183209,20.046442,12.102653
8.53125,20.059164,11.065638,20.042246,12.077337
8.5332031,20.06653,10.902308,20.029837,12.057225
8.5351562,20.05748,10.648211,20.041014,12.003747
8.5371093,20.043673,10.52308,20.05496,11.927789
8.5390625,20.035835,10.698054,20.060513,11.886754
8.5410156,20.028736,10.764187,20.047331,11.753878
8.5429687,20.026089,10.629717,20.043785,11.60977
8.5449218,20.001553,10.567453,20.05859,11.353215
8.546875,19.980202,10.653372,20.036816,10.964065
8.5488281,19.975439,10.666833,20.027178,11.113284
8.5507812,19.950117,10.58299,20.031969,11.483286
8.5527343,19.93129,10.613084,20.002996,11.36805
8.5546875,19.911602,10.664462,19.975702,11.02147
8.5566406,19.894371,10.627391,19.961828,11.055038
8.5585937,19.877777,10.529799,19.947006,11.449323
8.5605468,19.850906,10.533724,19.920319,11.448706
8.5625,19.836933,10.579785,19.892553,11.060583
8.5644531,19.819881,10.501811,19.86956,11.006507
8.5664062,19.794283,10.422952,19.838875,11.372434
8.5683593,19.768717,10.425146,19.816166,11.449929
8.5703125,19.758533,10.477287,19.795454,11.054498
8.5722656,19.732565,10.465265,19.762646,10.937131
8.5742187,19.693249,10.356775,19.730577,11.277596
8.5761718,19.676458,10.278537,19.699635,11.342525
8.578125,19.657146,10.386886,19.675365,10.981239
8.5800781,19.6332,10.483329,19.651329,10.885284
8.5820312,19.599455,10.277382,19.624626,11.194587
8.5839843,19.567743,10.10738,19.58606,11.249693
8.5859375,19.551214,10.267005,19.554972,10.889748
8.5878906,19.516272,10.42681,19.54178,10.752481
8.5898437,19.486074,10.22888,19.513535,11.064219
8.5917968,19.458557,10.000406,19.492346,11.165698
8.59375,19.421421,10.170763,19.450893,10.77024
8.5957031,19.39764,10.337166,19.424303,10.565349
8.5976562,19.360661,10.113072,19.405668,10.873398
8.5996093,19.318081,9.9156808,19.346273,11.062643
8.6015625,19.286152,10.071472,19.312336,10.717498
8.6035156,19.252312,10.223061,19.285946,10.458352
8.6054687,19.213785,10.06242,19.250891,10.752008
8.6074218,19.173613,9.8703746,19.218763,11.028193
8.609375,19.146004,9.9706745,19.180189,10.747241
8.6113281,19.111378,10.082223,19.148207,10.375136
8.6132812,19.064291,9.906599,19.116459,10.569584
8.6152343,19.026083,9.7012329,19.071722,10.881347
8.6171875,18.984802,9.8000192,19.020563,10.6408
8.6191406,18.948101,10.012994,18.982565,10.267342
8.6210937,18.910229,9.8791303,18.949549,10.433472
8.6230468,18.868748,9.6120557,18.894726,10.771794
8.625,18.822361,9.6725091,18.863804,10.581917
8.6269531,18.777199,9.8441505,18.835997,10.195349
8.6289062,18.745283,9.7205638,18.771505,10.317743
8.6308593,18.696239,9.5415449,18.732267,10.6232
8.6328125,18.646297,9.6233577,18.690556,10.42164
8.6347656,18.59799,9.6716508,18.636103,10.0713
8.6367187,18.547062,9.5394277,18.605129,10.216885
8.6386718,18.505054,9.4743661,18.553625,10.496203
8.640625,18.459415,9.6004037,18.501925,10.302567
8.6425781,18.411327,9.6255502,18.447905,9.95158
8.6445312,18.363071,9.3702755,18.376156,10.07433
8.6464843,18.308687,9.2358617,18.332584,10.36962
8.6484375,18.266018,9.4159851,18.294943,10.229346
8.6503906,18.21155,9.5084438,18.246918,9.9399242
8.6523437,18.153402,9.2949438,18.18541,9.9983034
8.6542968,18.108149,9.10573,18.131191,10.156241
8.65625,18.042452,9.2660036,18.08955,10.004423
8.6582031,17.992523,9.437993,18.033764,9.8056411
8.6601562,17.935415,9.1940078,17.975859,9.887104
8.6621093,17.885239,8.9652452,17.924755,9.9903726
8.6640625,17.836037,9.1260347,17.856991,9.8409156
8.6660156,17.761793,9.2805099,17.805094,9.6709146
8.6679687,17.706318,8.9854679,17.775209,9.7656621
8.6699218,17.651459,8.7318906,17.702078,9.8947839
8.671875,17.596264,9.0739603,17.626205,9.7230005
8.6738281,17.534805,9.2833852,17.57382,9.4801712
8.6757812,17.476536,8.8559656,17.523724,9.5885524
8.6777343,17.410391,8.5436172,17.471863,9.824604
8.6796875,17.34688,8.8550663,17.40675,9.6697759
8.6816406,17.290216,9.0982132,17.338621,9.3280897
8.6835937,17.221521,8.8037138,17.27284,9.3686609
8.6855468,17.160013,8.5052766,17.214409,9.6280946
8.6875,17.090427,8.6478757,17.148539,9.5485544
8.6894531,17.026709,8.8812255,17.077507,9.2415847
8.6914062,16.97435,8.6980524,17.023912,9.2437143
8.6933593,16.915962,8.4120817,16.965872,9.4709549
8.6953125,16.833904,8.4782505,16.894526,9.4077806
8.6972656,16.763939,8.5980787,16.816059,9.0905075
8.6992187,16.702621,8.4513721,16.755665,9.0346155
8.7011718,16.632626,8.3600597,16.697189,9.2883462
8.703125,16.56184,8.4739389,16.615564,9.3144264
8.7050781,16.480421,8.4688234,16.5445,8.9992618
8.7070312,16.419548,8.2693367,16.481573,8.8706855
8.7089843,16.347324,8.1920204,16.415289,9.1054649
8.7109375,16.279053,8.3269414,16.339121,9.1684284
8.7128906,16.205574,8.3081331,16.268021,8.8604469
8.7148437,16.128773,8.0905714,16.205273,8.7111492
8.7167968,16.064304,8.0107364,16.130711,8.9157371
8.71875,15.981875,8.1308727,16.042437,8.9772625
8.7207031,15.915081,8.151041,15.965717,8.702403
8.7226562,15.835215,7.9694037,15.906049,8.5695009
8.7246093,15.760942,7.8650817,15.824402,8.784419
8.7265625,15.689919,7.9244542,15.735815,8.8613109
8.7285156,15.614458,7.970509,15.672131,8.5052585
8.7304687,15.540709,7.8611345,15.592242,8.357233
8.7324218,15.458594,7.6921815,15.506623,8.6620235
8.734375,15.385543,7.6675005,15.444568,8.6533632
8.7363281,15.301458,7.7779417,15.35392,8.3135719
8.7382812,15.219996,7.7698025,15.279258,8.2651062
8.7402343,15.141349,7.5732517,15.200431,8.4594144
8.7421875,15.062449,7.4873328,15.101186,8.4654254
8.7441406,14.985737,7.605525,15.032174,8.1893835
8.7460937,14.896781,7.6070261,14.957695,8.0914354
8.7480468,14.807125,7.377294,14.876021,8.3291368
8.75,14.734277,7.2726812,14.794191,8.3158636
8.7519531,14.651366,7.4422307,14.710168,7.9550581
8.7539062,14.563779,7.4910774,14.626092,7.8666472
8.7558593,14.480597,7.2102894,14.537434,8.1359968
8.7578125,14.395226,7.0391678,14.437439,8.1388034
8.7597656,14.309293,7.2100238,14.357051,7.8015904
8.7617187,14.222864,7.3074317,14.283071,7.7405414
8.7636718,14.139999,7.0662732,14.200537,8.0078325
8.765625,14.047421,6.8752927,14.106768,7.9796776
8.7675781,13.96446,6.9988241,14.011381,7.5767245
8.7695312,13.877493,7.0710454,13.936261,7.4855938
8.7714843,13.779959,6.8956065,13.852267,7.8030319
8.7734375,13.695825,6.7382884,13.773369,7.8136
8.7753906,13.611594,6.7843732,13.673501,7.4119234
8.7773437,13.524376,6.870078,13.573574,7.2608394
8.7792968,13.433104,6.7268314,13.48172,7.5158014
8.78125,13.340895,6.5013909,13.374479,7.6200203
8.7832031,13.243295,6.5438146,13.292829,7.3299212
8.7851562,13.159485,6.6525759,13.202845,7.170001
8.7871093,13.070768,6.5441036,13.125433,7.3925795
8.7890625,12.957226,6.4039249,13.040321,7.4188313
8.7910156,12.868791,6.3556056,12.925735,7.0519208
8.7929687,12.77454,6.3741025,12.835467,6.860044
8.7949218,12.680629,6.390881,12.744761,7.0900168
8.796875,12.594177,6.2689423,12.644793,7.2332596
8.7988281,12.497067,6.1377024,12.5459,6.9508557
8.8007812,12.400933,6.1219801,12.445403,6.7088356
8.8027343,12.294533,6.0948934,12.349361,6.8808393
8.8046875,12.208288,6.0020732,12.251924,7.0293607
8.8066406,12.113993,5.9569516,12.147153,6.7722764
8.8085937,12.006992,5.9804701,12.056055,6.5277195
8.8105468,11.908813,5.8694596,11.969498,6.6536111
8.8125,11.805223,5.7181868,11.872041,6.7815756
8.8144531,11.713404,5.7558574,11.781776,6.5563201
8.8164062,11.608866,5.8113856,11.68883,6.294939
8.8183593,11.504658,5.674129,11.58263,6.3654627
8.8203125,11.423367,5.4756331,11.472451,6.4821696
8.8222656,11.319567,5.4907002,11.368269,6.3221802
8.8242187,11.213354,5.5643339,11.264621,6.1332287
8.8261718,11.114042,5.3847045,11.166739,6.208364
8.828125,11.0067,5.19526,11.07703,6.3549685
8.8300781,10.915853,5.2853632,10.953708,6.2094202
8.8320312,10.798719,5.3696208,10.855055,5.8974642
8.8339843,10.693354,5.1834015,10.776898,5.890604
8.8359375,10.601442,4.9765362,10.663337,6.1321024
8.8378906,10.490874,5.0412659,10.558001,6.0124945
8.8398437,10.399135,5.1253385,10.459976,5.5690989
8.8417968,10.277995,4.9153561,10.356201,5.559174
8.84375,10.171799,4.6975722,10.240602,5.8933286
8.8457031,10.072389,4.7365236,10.138894,5.7754712
8.8476562,9.9596376,4.8657813,10.041205,5.3502073
8.8496093,9.8656835,4.7544002,9.9328289,5.4013905
8.8515625,9.7481288,4.4697966,9.8098831,5.6654176
8.8535156,9.6474027,4.4158754,9.708682,5.4566078
8.8554687,9.5374546,4.5127515,9.6101036,5.1182866
8.8574218,9.4297523,4.4595069,9.5034303,5.2250728
8.859375,9.3313474,4.2604012,9.4125442,5.4250731
8.8613281,9.2051439,4.1783213,9.2758369,5.1719298
8.8632812,9.1099004,4.2017965,9.1642646,4.849596
8.8652343,9.0001039,4.1353068,9.0585374,4.9248142
8.8671875,8.8888721,4.036971,8.9390449,5.1359005
8.8691406,8.7848014,3.9220132,8.8368969,5.0043983
8.8710937,8.6591196,3.8430645,8.7365942,4.689269
8.8730468,8.5457296,3.7986447,8.6229353,4.6920137
8.875,8.4359874,3.7625825,8.5004882,4.8104882
8.8769531,8.3308897,3.7521116,8.4196834,4.6326932
8.8789062,8.215558,3.6803894,8.3198757,4.3895816
8.8808593,8.099884,3.5043234,8.186469,4.4470725
8.8828125,7.996911,3.3659279,8.0481748,4.4926958
8.8847656,7.8955988,3.3716244,7.9447016,4.2442431
8.8867187,7.7847452,3.3348748,7.836061,4.1411881
8.8886718,7.666171,3.175853,7.7163634,4.3348851
8.890625,7.5574879,3.0024137,7.6309127,4.3022012
8.8925781,7.4387531,2.9845979,7.50844,3.9640741
8.8945312,7.3250665,3.0368576,7.3861017,3.8138239
8.8964843,7.2192063,2.9053387,7.2771034,3.9207139
8.8984375,7.0961904,2.7490577,7.1629681,3.8984353
8.9003906,6.9825196,2.7047033,7.041747,3.6998453
8.9023437,6.878273,2.633856,6.9097113,3.5916073
8.9042968,6.7601885,2.5488143,6.7868757,3.6107742
8.90625,6.6371436,2.4824845,6.6801796,3.6131262
8.9082031,6.5238094,2.3221235,6.5804295,3.4922766
8.9101562,6.4095625,2.2280557,6.4595956,3.344275
8.9121093,6.2931852,2.2698628,6.3482918,3.2759058
8.9140625,6.1761241,2.1736934,6.2282667,3.1922221
8.9160156,6.0610113,1.9675384,6.1101765,3.0729382
8.9179687,5.9460854,1.8712168,5.9985575,2.9988961
8.9199218,5.8246922,1.8921828,5.8784303,2.9723217
8.921875,5.7062883,1.7881726,5.7716054,2.8893897
8.9238281,5.5871071,1.6043869,5.6438727,2.7492928
8.9257812,5.4725875,1.5524582,5.5304899,2.6589021
8.9277343,5.3550329,1.5389848,5.4177179,2.6087815
8.9296875,5.2381925,1.4361681,5.2921233,2.5627372
8.9316406,5.1243152,1.2390745,5.1803703,2.4361877
8.9335937,4.9938125,1.1482689,5.0561447,2.2925069
8.9355468,4.8789339,1.1290932,4.9444608,2.2598092
8.9375,4.7684826,1.0457489,4.8324356,2.2122623
8.9394531,4.6439666,0.948439,4.7169294,2.0697081
8.9414062,4.5258793,0.81724817,4.5957417,1.9183552
8.9433593,4.4119916,0.71527135,4.4563136,1.8701899
8.9453125,4.2917485,0.64722973,4.3400864,1.8075072
8.9472656,4.1593246,0.57178098,4.2201113,1.6826114
8.9492187,4.0399127,0.46084079,4.0912666,1.6359022
8.9511718,3.9222588,0.38923582,3.9784035,1.5958927
8.953125,3.810487,0.40515631,3.8448538,1.4629905
8.9550781,3.6852078,0.31796297,3.7288053,1.3065519
8.9570312,3.5548307,0.13345984,3.6194346,1.2394349
8.9589843,3.4510357,0.025055863,3.4923424,1.2181332
8.9609375,3.327826,0.097041041,3.3832902,1.082231
8.9628906,3.1979913,0.087967403,3.2556879,0.86460304
8.9648437,3.0720474,-0.1100546,3.1221399,0.81015193
8.9667968,2.9571025,-0.17295246,3.0001311,0.81700355
8.96875,2.844681,-0.028936749,2.9056782,0.71082282
8.9707031,2.7214958,0.019450581,2.7855525,0.58027732
8.9726562,2.5961897,-0.21350561,2.6478657,0.50356311
8.9746093,2.4766311,-0.31443742,2.5258328,0.41571924
8.9765625,2.3527352,-0.15620425,2.3955538,0.2728501
8.9785156,2.2261748,-0.051981628,2.2856781,0.2526747
8.9804687,2.0979058,-0.15371262,2.1505992,0.28900155
8.9824218,1.9648182,-0.25398311,2.0252337,0.18440536
8.984375,1.8666064,-0.14931351,1.9005204,0.0060250382
8.9863281,1.7455923,-0.069952548,1.7729218,0.0010490399
8.9882812,1.6116211,-0.11895664,1.6621633,0.082596518
8.9902343,1.4931666,-0.2806915,1.5365539,0.033415992
8.9921875,1.3642236,-0.30439159,1.4113488,-0.092519604
8.9941406,1.2538918,-0.10995809,1.2780561,-0.15551053
8.9960937,1.1199854,-0.047321174,1.1657627,-0.063189223
8.9980468,0.99937481,-0.17911485,1.0405428,-0.027846757
9.0,0.89428502,-0.28781101,0.91985452,-0.096538603
9.0019531,0.75282902,-0.17515393,0.82265985,-0.14030664
9.0039062,0.63680905,-0.10043671,0.69053316,-0.12570943
9.0058593,0.5250814,-0.22369498,0.56742162,-0.10662041
9.0078125,0.40104246,-0.23267771,0.45186123,-0.17906514
9.0097656,0.2767967,-0.14029907,0.33309898,-0.21550249
9.0117187,0.14728463,-0.16531473,0.21083122,-0.12161831
9.0136718,0.017472535,-0.25019926,0.08097133,-0.093251504
9.015625,-0.10952436,-0.19762348,-0.050835028,-0.17154273
9.0175781,-0.22890663,-0.11011234,-0.17212117,-0.17631984
9.0195312,-0.36253008,-0.14196345,-0.2868396,-0.10639223
9.0214843,-0.48031509,-0.25730905,-0.4230828,-0.033396158
9.0234375,-0.59089518,-0.40391877,-0.55878955,-0.092708424
9.0253906,-0.714266,-0.45189208,-0.68946713,-0.18869822
9.0273437,-0.83602709,-0.48102483,-0.80179393,-0.12934445
9.0292968,-0.96185672,-0.61220431,-0.91283178,-0.012908342
9.03125,-1.0846301,-0.76419246,-1.0506973,-0.041604485
9.0332031,-1.2113461,-0.84356505,-1.1791453,-0.23092689
9.0351562,-1.3314703,-0.89701867,-1.290131,-0.28347704
9.0371093,-1.4514416,-1.0057951,-1.4060379,-0.12062953
9.0390625,-1.5822767,-1.1495364,-1.5213282,-0.099908888
9.0410156,-1.704643,-1.2896466,-1.6535015,-0.33293507
9.0429687,-1.815345,-1.3823593,-1.7683484,-0.43757328
9.0449218,-1.9247709,-1.5035277,-1.8827986,-0.31560698
9.046875,-2.049345,-1.6531529,-2.0127646,-0.29090068
9.0488281,-2.1829414,-1.8145647,-2.1182146,-0.5317592
9.0507812,-2.3038477,-1.9746387,-2.2486519,-0.7010442
9.0527343,-2.4273428,-1.9869694,-2.3710036,-0.60865539
9.0546875,-2.5508148,-1.994073,-2.4811306,-0.61759806
9.0566406,-2.6718392,-2.1547937,-2.6144011,-0.87214202
9.0585937,-2.794893,-2.3520729,-2.7294473,-1.0755971
9.0605468,-2.9173846,-2.4515366,-2.8403623,-1.0906826
9.0625,-3.0416717,-2.5046258,-2.966413,-1.1349659
9.0644531,-3.1467542,-2.6213338,-3.1021661,-1.3144447
9.0664062,-3.2727656,-2.7588207,-3.2319181,-1.5290154
9.0683593,-3.4032614,-2.86905,-3.3453252,-1.5873385
9.0703125,-3.512243,-2.9814512,-3.4698469,-1.5714238
9.0722656,-3.6378815,-3.0758514,-3.5873873,-1.7268759
9.0742187,-3.7611436,-3.1127758,-3.7135014,-1.9666832
9.0761718,-3.8714077,-3.2406749,-3.8523111,-2.0446839
9.078125,-3.9909174,-3.3839266,-3.9724164,-2.0525128
9.0800781,-4.1226496,-3.4484486,-4.0714292,-2.1781809
9.0820312,-4.2344598,-3.5404069,-4.1803474,-2.3299939
9.0839843,-4.3546242,-3.6532523,-4.3130216,-2.4485454
9.0859375,-4.4749159,-3.7495479,-4.4242439,-2.5655567
9.0878906,-4.58361,-3.8230443,-4.5484862,-2.7208855
9.0898437,-4.7250309,-3.9144175,-4.6747398,-2.7823998
9.0917968,-4.8394908,-4.0179157,-4.7870254,-2.8161714
9.09375,-4.953855,-4.1389026,-4.9081311,-2.9596552
9.0957031,-5.0853877,-4.1532034,-5.0292067,-3.0719001
9.0976562,-5.194736,-4.1960468,-5.1440239,-3.1493265
9.0996093,-5.3151149,-4.3878498,-5.2402911,-3.2209694
9.1015625,-5.4309234,-4.4918761,-5.3730397,-3.3393473
9.1035156,-5.5484442,-4.5414853,-5.5091061,-3.4692547
9.1054687,-5.6733651,-4.5981001,-5.6191325,-3.5662365
9.1074218,-5.7917556,-4.7241487,-5.742568,-3.6142416
9.109375,-5.8984417,-4.8455386,-5.8583016,-3.6370101
9.1113281,-6.014718,-4.8325138,-5.9764366,-3.7593007
9.1132812,-6.139306,-4.8802752,-6.0991492,-3.8979425
9.1152343,-6.2547407,-5.0468659,-6.2190051,-3.9984204
9.1171875,-6.3729291,-5.2081508,-6.3343362,-4.0281834
9.1191406,-6.4817757,-5.2035722,-6.454298,-4.0672459
9.1210937,-6.6149544,-5.1479725,-6.5695567,-4.2064671
9.1230468,-6.7350592,-5.306694,-6.6782026,-4.3493995
9.125,-6.8397946,-5.5041923,-6.7993326,-4.4042081
9.1269531,-6.95791,-5.4933881,-6.9160289,-4.4198799
9.1289062,-7.0678706,-5.4180831,-7.0345974,-4.5561142
9.1308593,-7.1874437,-5.5802002,-7.1503481,-4.6810178
9.1328125,-7.2999491,-5.8289971,-7.2610526,-4.7183508
9.1347656,-7.4183898,-5.8515763,-7.3706989,-4.7489047
9.1367187,-7.5202312,-5.7845959,-7.4745988,-4.8400874
9.1386718,-7.6352171,-5.8278384,-7.5969152,-4.9962711
9.140625,-7.7608032,-6.0072956,-7.7052373,-5.0698742
9.1425781,-7.8730835,-6.1903615,-7.8048553,-5.107757
9.1445312,-7.9883866,-6.1376285,-7.9309287,-5.1635284
9.1464843,-8.0863409,-6.0460619,-8.0401039,-5.2650961
9.1484375,-8.2094306,-6.1913514,-8.1526508,-5.3741579
9.1503906,-8.3272361,-6.435482,-8.2666664,-5.397963
9.1523437,-8.4306306,-6.504158,-8.3693838,-5.4620037
9.1542968,-8.5424423,-6.3577218,-8.4767637,-5.5377144
9.15625,-8.6500444,-6.3972225,-8.5883722,-5.5927567
9.1582031,-8.7638816,-6.6728248,-8.7184276,-5.6958527
9.1601562,-8.8809738,-6.7900266,-8.8314838,-5.775464
9.1621093,-8.9864349,-6.6751008,-8.9497299,-5.8127746
9.1640625,-9.0899095,-6.6634974,-9.0620899,-5.8336596
9.1660156,-9.2005958,-6.8546328,-9.1550102,-5.889574
9.1679687,-9.309288,-6.9649958,-9.2870187,-5.972764
9.1699218,-9.4202194,-6.974471,-9.3905286,-6.0562562
9.171875,-9.5284214,-7.0165629,-9.4902114,-6.1508235
9.1738281,-9.6388254,-7.0957183,-9.6024465,-6.1906495
9.1757812,-9.7457475,-7.1414308,-9.6969003,-6.2193827
9.1777343,-9.8539419,-7.1645669,-9.8151683,-6.3306384
9.1796875,-9.9621515,-7.2402401,-9.9149656,-6.4386463
9.1816406,-10.065884,-7.3573236,-10.019162,-6.4676532
9.1835937,-10.172129,-7.3962864,-10.140036,-6.4897236
9.1855468,-10.269924,-7.376801,-10.230244,-6.5795025
9.1875,-10.38087,-7.469572,-10.337995,-6.6837315
9.1894531,-10.495461,-7.6568965,-10.455177,-6.6745095
9.1914062,-10.586082,-7.7285418,-10.552971,-6.7069149
9.1933593,-10.693592,-7.5650925,-10.670587,-6.8471674
9.1953125,-10.81164,-7.6295876,-10.768247,-6.9027671
9.1972656,-10.906059,-7.93195,-10.870042,-6.8855056
9.1992187,-11.013498,-7.9070467,-10.96912,-6.9026346
9.2011718,-11.121896,-7.7311453,-11.049492,-7.0429749
9.203125,-11.211648,-7.8361644,-11.146756,-7.1495947
9.2050781,-11.313926,-8.1215152,-11.262608,-7.1390209
9.2070312,-11.416687,-8.1341409,-11.374432,-7.2187976
9.2089843,-11.517914,-7.9995017,-11.47206,-7.3868393
9.2109375,-11.622693,-8.1214723,-11.572142,-7.3617291
9.2128906,-11.727574,-8.2832336,-11.654876,-7.2059865
9.2148437,-11.83297,-8.2255983,-11.75779,-7.3343982
9.2167968,-11.924715,-8.1806736,-11.86901,-7.5940575
9.21875,-12.025324,-8.2994518,-11.960595,-7.5939068
9.2207031,-12.131744,-8.4309892,-12.066594,-7.4784421
9.2226562,-12.221951,-8.4590196,-12.183069,-7.5361843
9.2246093,-12.315671,-8.4442167,-12.267187,-7.7220521
9.2265625,-12.419991,-8.5126199,-12.34568,-7.7590489
9.2285156,-12.512018,-8.5816087,-12.451601,-7.6585927
9.2304687,-12.602792,-8.6383237,-12.572506,-7.7416143
9.2324218,-12.699387,-8.6689186,-12.67588,-7.9623894
9.234375,-12.794963,-8.6973152,-12.753255,-7.9877791
9.2363281,-12.893175,-8.7869138,-12.844253,-7.8210535
9.2382812,-12.980739,-8.8183927,-12.935324,-7.855359
9.2402343,-13.074629,-8.8209877,-13.035538,-8.1647939
9.2421875,-13.172709,-8.8466529,-13.153925,-8.2533721
9.2441406,-13.261692,-8.9443426,-13.243423,-8.0508184
9.2460937,-13.356415,-9.014182,-13.324509,-8.0292644
9.2480468,-13.458106,-8.9621772,-13.41354,-8.2431945
9.25,-13.543702,-8.9980278,-13.506503,-8.3820285
9.2519531,-13.631591,-9.1071987,-13.604154,-8.2754955
9.2539062,-13.719633,-9.107974,-13.681986,-8.2322225
9.2558593,-13.798186,-9.1126422,-13.761384,-8.4388761
9.2578125,-13.904764,-9.2238988,-13.840297,-8.5303306
9.2597656,-13.989806,-9.3202629,-13.92656,-8.4564733
9.2617187,-14.0659,-9.3377723,-14.017801,-8.4848871
9.2636718,-14.166578,-9.2558202,-14.109903,-8.6615877
9.265625,-14.250963,-9.2892017,-14.202774,-8.7166614
9.2675781,-14.343026,-9.4722185,-14.278682,-8.6156454
9.2695312,-14.427888,-9.471342,-14.376393,-8.6092958
9.2714843,-14.502746,-9.3779392,-14.457413,-8.7375526
9.2734375,-14.595532,-9.4217805,-14.534036,-8.8373756
9.2753906,-14.68185,-9.5918769,-14.63578,-8.741908
9.2773437,-14.762382,-9.6981096,-14.72099,-8.725213
9.2792968,-14.842056,-9.5705261,-14.798202,-8.9546432
9.28125,-14.932922,-9.5007162,-14.870359,-9.0140008
9.2832031,-15.010633,-9.7076501,-14.956062,-8.8480787
9.2851562,-15.073184,-9.826292,-15.04229,-8.8767652
9.2871093,-15.158741,-9.6744375,-15.132509,-9.130433
9.2890625,-15.245935,-9.6790151,-15.206845,-9.2008848
9.2910156,-15.324408,-9.9661436,-15.284841,-9.0112972
9.2929687,-15.404718,-9.9992561,-15.369027,-8.9754161
9.2949218,-15.491873,-9.7370777,-15.427649,-9.2422676
9.296875,-15.570831,-9.7662534,-15.519422,-9.35997
9.2988281,-15.642548,-10.043318,-15.593647,-9.1688537
9.3007812,-15.717704,-10.033967,-15.664256,-9.1696548
9.3027343,-15.794648,-9.8856477,-15.747026,-9.3995924
9.3046875,-15.868252,-10.014788,-15.820698,-9.4456052
9.3066406,-15.939152,-10.189884,-15.905988,-9.3126087
9.3085937,-16.018696,-10.131359,-15.971755,-9.3265953
9.3105468,-16.080629,-10.072883,-16.049829,-9.5071992
9.3125,-16.152245,-10.179537,-16.130852,-9.5292081
9.3144531,-16.234993,-10.257705,-16.193497,-9.4268159
9.3164062,-16.295231,-10.279167,-16.285229,-9.4668922
9.3183593,-16.371067,-10.256102,-16.355555,-9.6119995
9.3203125,-16.442038,-10.223275,-16.398499,-9.6408433
9.3222656,-16.517025,-10.32636,-16.474571,-9.5365781
9.3242187,-16.585924,-10.399755,-16.538748,-9.5622272
9.3261718,-16.64537,-10.357567,-16.601831,-9.8000888
9.328125,-16.72691,-10.324864,-16.672344,-9.879486
9.3300781,-16.795345,-10.422234,-16.748266,-9.7002573
9.3320312,-16.855961,-10.545302,-16.823586,-9.6933727
9.3339843,-16.921707,-10.483039,-16.880873,-9.8946905
9.3359375,-16.993673,-10.404338,-16.957336,-9.9031982
9.3378906,-17.05538,-10.531938,-17.006842,-9.7472448
9.3398437,-17.116676,-10.677013,-17.051348,-9.8045215
9.3417968,-17.187033,-10.605549,-17.133104,-9.9991636
9.34375,-17.238428,-10.530571,-17.216021,-10.040775
9.3457031,-17.295786,-10.629939,-17.280104,-9.9704933
9.3476562,-17.369799,-10.749099,-17.339016,-9.941389
9.3496093,-17.418238,-10.777524,-17.396265,-9.9710226
9.3515625,-17.481127,-10.729727,-17.441622,-10.025727
9.3535156,-17.541018,-10.685134,-17.523056,-10.072137
9.3554687,-17.587067,-10.796224,-17.583492,-10.099936
9.3574218,-17.663887,-10.888943,-17.621164,-10.154367
9.359375,-17.710243,-10.839714,-17.68321,-10.135552
9.3613281,-17.764162,-10.838628,-17.746044,-10.113969
9.3632812,-17.832886,-10.844332,-17.813244,-10.243377
9.3652343,-17.885286,-10.919341,-17.858099,-10.322106
9.3671875,-17.939255,-10.983726,-17.920315,-10.209663
9.3691406,-17.993351,-10.899198,-17.971375,-10.143678
9.3710937,-18.051619,-10.902555,-18.014341,-10.299189
9.3730468,-18.100483,-11.036624,-18.081247,-10.405758
9.375,-18.157093,-11.064981,-18.121807,-10.330427
9.3769531,-18.20628,-10.972443,-18.172255,-10.283921
9.3789062,-18.249119,-11.010674,-18.227461,-10.378536
9.3808593,-18.305632,-11.117217,-18.273706,-10.495776
9.3828125,-18.353767,-11.126555,-18.318478,-10.444376
9.3847656,-18.398117,-11.107021,-18.36874,-10.366355
9.3867187,-18.453054,-11.120173,-18.422709,-10.472867
9.3886718,-18.498188,-11.172527,-18.463848,-10.579659
9.390625,-18.53779,-11.192916,-18.506128,-10.515107
9.3925781,-18.584024,-11.152724,-18.53801,-10.454777
9.3945312,-18.631872,-11.192085,-18.584623,-10.549841
9.3964843,-18.679617,-11.307652,-18.639814,-10.650608
9.3984375,-18.717327,-11.290554,-18.677391,-10.643342
9.4003906,-18.752443,-11.180821,-18.729689,-10.583001
9.4023437,-18.799265,-11.20431,-18.769531,-10.590055
9.4042968,-18.85619,-11.367889,-18.81295,-10.689374
9.40625,-18.891764,-11.418997,-18.860075,-10.682276
9.4082031,-18.921581,-11.251543,-18.898882,-10.602885
9.4101562,-18.961174,-11.162909,-18.951466,-10.661743
9.4121093,-18.997957,-11.368458,-18.983931,-10.75131
9.4140625,-19.040821,-11.552962,-19.021275,-10.703968
9.4160156,-19.079208,-11.430276,-19.060987,-10.655416
9.4179687,-19.110697,-11.297513,-19.089827,-10.737165
9.4199218,-19.153553,-11.38495,-19.120092,-10.809004
9.421875,-19.190107,-11.478583,-19.159374,-10.780325
9.4238281,-19.220184,-11.456326,-19.209044,-10.759393
9.4257812,-19.254896,-11.396892,-19.224281,-10.832535
9.4277343,-19.281757,-11.428436,-19.237213,-10.884017
9.4296875,-19.323408,-11.523491,-19.270573,-10.800879
9.4316406,-19.352182,-11.539644,-19.301394,-10.797197
9.4335937,-19.369909,-11.513573,-19.320438,-10.981904
9.4355468,-19.400255,-11.484898,-19.350937,-11.024512
9.4375,-19.43461,-11.507513,-19.399055,-10.858613
9.4394531,-19.4604,-11.624907,-19.433897,-10.858624
9.4414062,-19.488405,-11.652839,-19.471413,-11.017132
9.4433593,-19.520807,-11.520406,-19.488276,-10.978267
9.4453125,-19.547377,-11.479483,-19.50193,-10.809345
9.4472656,-19.579987,-11.597603,-19.544172,-10.836675
9.4492187,-19.585682,-11.654306,-19.575348,-11.040176
9.4511718,-19.611811,-11.571301,-19.600079,-11.088169
9.453125,-19.637894,-11.539017,-19.631382,-10.887494
9.4550781,-19.652786,-11.708428,-19.637785,-10.822662
9.4570312,-19.681652,-11.781798,-19.64756,-11.035157
9.4589843,-19.696226,-11.634584,-19.679924,-11.11061
9.4609375,-19.718485,-11.565356,-19.703735,-10.952533
9.4628906,-19.736183,-11.653185,-19.725128,-10.945844
9.4648437,-19.756502,-11.743026,-19.74246,-11.090307
9.4667968,-19.770075,-11.709873,-19.748888,-11.081693
9.46875,-19.79438,-11.632321,-19.769394,-10.989257
9.4707031,-19.816475,-11.658958,-19.794771,-10.995292
9.4726562,-19.823706,-11.762187,-19.806717,-11.097924
9.4746093,-19.846148,-11.716934,-19.822582,-11.136886
9.4765625,-19.850399,-11.616301,-19.826559,-11.030547
9.4785156,-19.866238,-11.687239,-19.839481,-10.995093
9.4804687,-19.884634,-11.793144,-19.862822,-11.105374
9.4824218,-19.887154,-11.791766,-19.870642,-11.174672
9.484375,-19.907206,-11.685621,-19.877953,-11.089428
9.4863281,-19.919014,-11.662448,-19.893303,-11.003006
9.4882812,-19.925461,-11.786211,-19.89992,-11.069871
9.4902343,-19.928629,-11.800926,-19.909693,-11.164898
9.4921875,-19.933746,-11.685421,-19.926001,-11.127665
9.4941406,-19.938829,-11.696781,-19.913864,-11.040683
9.4960937,-19.953075,-11.822453,-19.924749,-11.065084
9.4980468,-19.957258,-11.850002,-19.947012,-11.133608
9.5,-19.950359,-11.74352,-19.944838,-11.149074
9.5019531,-19.97019,-11.667821,-19.950535,-11.099087
9.5039062,-19.974243,-11.75935,-19.952187,-11.060924
9.5058593,-19.976925,-11.848224,-19.952477,-11.102124
9.5078125,-19.983501,-11.752778,-19.953846,-11.132067
9.5097656,-19.980814,-11.679234,-19.96097,-11.121029
9.5117187,-19.984953,-11.751607,-19.969114,-11.10436
9.5136718,-19.990133,-11.768179,-19.964716,-11.109018
9.515625,-19.98484,-11.722113,-19.967628,-11.111809
9.5175781,-19.983532,-11.663446,-19.962997,-11.116187
9.5195312,-19.989357,-11.593801,-19.962814,-11.097999
9.5214843,-19.982843,-11.526395,-19.950867,-11.051801
9.5234375,-19.970015,-11.448219,-19.944773,-11.064134
9.5253906,-19.975409,-11.357399,-19.974964,-11.031067
9.5273437,-19.98234,-11.232198,-19.977032,-10.984891
9.5292968,-19.967903,-11.226385,-19.984907,-10.954977
9.53125,-19.962322,-11.162629,-19.97414,-10.895945
9.5332031,-19.965845,-11.085656,-19.954927,-10.837749
9.5351562,-19.952641,-11.275915,-19.959368,-10.729131
9.5371093,-19.94084,-11.325226,-19.943127,-10.704633
9.5390625,-19.931641,-11.123904,-19.93895,-10.58461
9.5410156,-19.916307,-11.085711,-19.933502,-10.522515
9.5429687,-19.921019,-11.267775,-19.93074,-10.818759
9.5449218,-19.910959,-11.294347,-19.940634,-10.87159
9.546875,-19.885593,-11.106542,-19.920319,-10.571775
9.5488281,-19.878279,-11.026562,-19.905087,-10.473484
9.5507812,-19.871803,-11.159799,-19.905714,-10.70202
9.5527343,-19.864824,-11.246319,-19.886007,-10.800447
9.5546875,-19.847193,-11.0914,-19.87348,-10.566907
9.5566406,-19.821962,-10.970635,-19.851152,-10.4308
9.5585937,-19.810795,-11.050047,-19.84841,-10.620645
9.5605468,-19.792685,-11.133417,-19.837486,-10.758034
9.5625,-19.781775,-11.088253,-19.783863,-10.555771
9.5644531,-19.766985,-11.007029,-19.768101,-10.376308
9.5664062,-19.74983,-11.000415,-19.756304,-10.537897
9.5683593,-19.728443,-10.984692,-19.744997,-10.744148
9.5703125,-19.694065,-10.934202,-19.726128,-10.596043
9.5722656,-19.686087,-10.914981,-19.691439,-10.341539
9.5742187,-19.666584,-10.991704,-19.680861,-10.429023
9.5761718,-19.641975,-11.027862,-19.658405,-10.601527
9.578125,-19.613811,-10.856226,-19.629049,-10.466132
9.5800781,-19.590576,-10.759212,-19.604702,-10.264317
9.5820312,-19.569036,-10.877193,-19.591358,-10.353423
9.5839843,-19.532888,-10.944394,-19.573313,-10.520419
9.5859375,-19.513613,-10.806955,-19.538944,-10.399511
9.5878906,-19.486696,-10.713546,-19.52981,-10.17693
9.5898437,-19.447115,-10.828944,-19.503504,-10.223961
9.5917968,-19.414137,-10.819712,-19.457792,-10.39525
9.59375,-19.39147,-10.665678,-19.430969,-10.301364
9.5957031,-19.363098,-10.715245,-19.401962,-10.087113
9.5976562,-19.327005,-10.800797,-19.372162,-10.157176
9.5996093,-19.28796,-10.650309,-19.339865,-10.333665
9.6015625,-19.262524,-10.499804,-19.318254,-10.222245
9.6035156,-19.23502,-10.615416,-19.288204,-10.012132
9.6054687,-19.190744,-10.75514,-19.248468,-10.065925
9.6074218,-19.162018,-10.546597,-19.215975,-10.189526
9.609375,-19.120829,-10.340189,-19.180351,-10.089735
9.6113281,-19.08606,-10.529856,-19.147367,-9.9434795
9.6132812,-19.061203,-10.667945,-19.094017,-9.9809055
9.6152343,-19.011951,-10.454059,-19.03842,-10.058831
9.6171875,-18.964928,-10.251564,-19.004606,-9.968254
9.6191406,-18.932247,-10.339936,-18.971972,-9.8785181
9.6210937,-18.903233,-10.536016,-18.922382,-9.9583368
9.6230468,-18.86165,-10.47188,-18.884361,-9.9940881
9.625,-18.819807,-10.189723,-18.862186,-9.8488826
9.6269531,-18.774267,-10.116847,-18.826914,-9.7501468
9.6289062,-18.734873,-10.312234,-18.77902,-9.8309583
9.6308593,-18.69742,-10.347152,-18.731081,-9.8274841
9.6328125,-18.641474,-10.162594,-18.694017,-9.6551446
9.6347656,-18.597933,-10.08966,-18.654505,-9.616949
9.6367187,-18.557709,-10.154899,-18.603533,-9.7213087
9.6386718,-18.507637,-10.180993,-18.563719,-9.6864538
9.640625,-18.453909,-10.08054,-18.534336,-9.5320653
9.6425781,-18.407381,-9.9902477,-18.481115,-9.5048322
9.6445312,-18.367975,-10.015738,-18.425219,-9.5939416
9.6464843,-18.31304,-10.054764,-18.374886,-9.5466175
9.6484375,-18.270958,-9.9745121,-18.319651,-9.3872613
9.6503906,-18.223461,-9.8479576,-18.284765,-9.3916797
9.6523437,-18.163574,-9.8620472,-18.2367,-9.5144491
9.6542968,-18.117403,-9.8760671,-18.17882,-9.4574012
9.65625,-18.059769,-9.8114557,-18.139688,-9.2560291
9.6582031,-18.018951,-9.7827367,-18.070185,-9.2328205
9.6601562,-17.964407,-9.77357,-18.010468,-9.3502769
9.6621093,-17.899239,-9.7318439,-17.963516,-9.3012981
9.6640625,-17.849932,-9.6248617,-17.899401,-9.1627922
9.6660156,-17.786825,-9.6224927,-17.85277,-9.1607923
9.6679687,-17.73893,-9.7061805,-17.802723,-9.2322349
9.6699218,-17.68421,-9.625658,-17.749662,-9.177411
9.671875,-17.62545,-9.5068683,-17.68786,-9.0095148
9.6738281,-17.563324,-9.4890718,-17.627348,-8.9648809
9.6757812,-17.504187,-9.4947309,-17.556549,-9.0445537
9.6777343,-17.45344,-9.4450864,-17.50016,-9.0287628
9.6796875,-17.38554,-9.4095087,-17.455044,-8.8859376
9.6816406,-17.331173,-9.3944082,-17.376131,-8.8482122
9.6835937,-17.258814,-9.2960701,-17.327404,-8.9281053
9.6855468,-17.193193,-9.2433757,-17.274866,-8.8754682
9.6875,-17.1457,-9.2786779,-17.207355,-8.725605
9.6894531,-17.071182,-9.3074064,-17.148146,-8.695755
9.6914062,-17.006989,-9.2157449,-17.079866,-8.7480888
9.6933593,-16.952299,-9.0481081,-17.019278,-8.6922864
9.6953125,-16.874092,-9.0756101,-16.960159,-8.5904884
9.6972656,-16.804998,-9.1762695,-16.886908,-8.5776529
9.6992187,-16.750071,-9.0489559,-16.812653,-8.5976314
9.7011718,-16.679668,-8.9202203,-16.750036,-8.5362873
9.703125,-16.618597,-8.9988565,-16.674097,-8.441533
9.7050781,-16.558037,-8.9998035,-16.609718,-8.4368591
9.7070312,-16.486572,-8.812828,-16.546051,-8.4572763
9.7089843,-16.416241,-8.6875925,-16.486217,-8.4056386
9.7109375,-16.346415,-8.7752304,-16.42588,-8.300271
9.7128906,-16.281231,-8.8689174,-16.34248,-8.2514247
9.7148437,-16.208082,-8.735012,-16.277208,-8.2579975
9.7167968,-16.12344,-8.5587196,-16.20619,-8.2131977
9.71875,-16.054005,-8.5681839,-16.144995,-8.1277608
9.7207031,-15.98225,-8.6886377,-16.061775,-8.0823707
9.7226562,-15.907729,-8.6659107,-15.975313,-8.0891256
9.7246093,-15.828928,-8.4517345,-15.92272,-8.047163
9.7265625,-15.748514,-8.3556642,-15.845243,-7.9866528
9.7285156,-15.688926,-8.4605016,-15.770624,-7.9732689
9.7304687,-15.610049,-8.512228,-15.694039,-7.9249072
9.7324218,-15.524541,-8.3409271,-15.612215,-7.8478159
9.734375,-15.455191,-8.1329793,-15.538268,-7.8153677
9.7363281,-15.388273,-8.2152423,-15.447536,-7.8078789
9.7382812,-15.307283,-8.3797845,-15.364098,-7.7689509
9.7402343,-15.224398,-8.1965189,-15.298748,-7.6950149
9.7421875,-15.14967,-7.9140224,-15.224767,-7.667633
9.7441406,-15.062705,-8.0063343,-15.148193,-7.6709857
9.7460937,-14.983461,-8.2017402,-15.071223,-7.5691204
9.7480468,-14.899491,-8.0432405,-14.980993,-7.4509673
9.75,-14.806393,-7.8185744,-14.90311,-7.4569187
9.7519531,-14.740836,-7.8630175,-14.830106,-7.4906826
9.7539062,-14.657247,-7.9637942,-14.741941,-7.412796
9.7558593,-14.564076,-7.8739776,-14.65557,-7.2767624
9.7578125,-14.498111,-7.6247429,-14.568798,-7.2416386
9.7597656,-14.398795,-7.5888547,-14.487735,-7.2837867
9.7617187,-14.307759,-7.7700662,-14.399115,-7.262423
9.7636718,-14.232308,-7.6770854,-14.313719,-7.1314344
9.765625,-14.128238,-7.4832277,-14.23248,-7.0637307
9.7675781,-14.04119,-7.5094552,-14.166602,-7.1052231
9.7695312,-13.965622,-7.536386,-14.093326,-7.0528192
9.7714843,-13.879978,-7.4762797,-13.978587,-6.9173731
9.7734375,-13.790376,-7.3729639,-13.884609,-6.839766
9.7753906,-13.706431,-7.2528619,-13.797291,-6.8392877
9.7773437,-13.614096,-7.2152438,-13.695419,-6.8536348
9.7792968,-13.535205,-7.2401218,-13.608008,-6.8019747
9.78125,-13.445688,-7.2195448,-13.531003,-6.6863236
9.7832031,-13.348891,-7.1301622,-13.432369,-6.6709475
9.7851562,-13.263236,-6.9844026,-13.339567,-6.6908593
9.7871093,-13.170556,-6.966381,-13.260291,-6.5597538
9.7890625,-13.089863,-7.0599069,-13.16106,-6.4460902
9.7910156,-12.980574,-6.9882745,-13.080136,-6.4682002
9.7929687,-12.886374,-6.7720589,-12.98075,-6.4358797
9.7949218,-12.790285,-6.7123179,-12.867806,-6.2660827
9.796875,-12.685563,-6.8957328,-12.775944,-6.1884536
9.7988281,-12.600309,-6.8573989,-12.67882,-6.2930588
9.8007812,-12.500747,-6.6018528,-12.598813,-6.3286371
9.8027343,-12.414168,-6.5462145,-12.500907,-6.1376743
9.8046875,-12.323327,-6.6162738,-12.390018,-5.9708018
9.8066406,-12.217187,-6.5697979,-12.297602,-6.018115
9.8085937,-12.123859,-6.3687157,-12.207519,-6.0561065
9.8105468,-12.02932,-6.2984027,-12.110686,-5.9382023
9.8125,-11.930637,-6.4060325,-12.007008,-5.7940321
9.8144531,-11.832112,-6.3654422,-11.91071,-5.7664957
9.8164062,-11.726188,-6.1759724,-11.816735,-5.7858057
9.8183593,-11.646399,-6.0986347,-11.711329,-5.7227087
9.8203125,-11.549371,-6.1642518,-11.596886,-5.5994706
9.8222656,-11.431966,-6.1422429,-11.497439,-5.5202765
9.8242187,-11.340846,-5.9327292,-11.401861,-5.5379543
9.8261718,-11.239965,-5.8268771,-11.290667,-5.5284285
9.828125,-11.128957,-5.9649019,-11.193782,-5.4115295
9.8300781,-11.032266,-5.9626193,-11.112439,-5.2970714
9.8320312,-10.925001,-5.7183756,-11.005467,-5.2837557
9.8339843,-10.822013,-5.6237487,-10.8993,-5.2622394
9.8359375,-10.72893,-5.7224693,-10.793407,-5.1078128
9.8378906,-10.619132,-5.7095532,-10.676113,-5.0001535
9.8398437,-10.516068,-5.5019793,-10.57344,-5.0354843
9.8417968,-10.413617,-5.353218,-10.474531,-5.0386405
9.84375,-10.314563,-5.4200134,-10.375916,-4.9183588
9.8457031,-10.203915,-5.4736266,-10.271644,-4.8037586
9.8476562,-10.090381,-5.3056407,-10.172832,-4.7728953
9.8496093,-9.9864168,-5.0938081,-10.06264,-4.7171993
9.8515625,-9.8774242,-5.158565,-9.9503078,-4.6326808
9.8535156,-9.7779798,-5.2867007,-9.8438425,-4.5328908
9.8554687,-9.6692743,-5.0877509,-9.7256813,-4.4832663
9.8574218,-9.561511,-4.8322191,-9.6357183,-4.493679
9.859375,-9.451785,-4.8563818,-9.532176,-4.4187378
9.8613281,-9.3377866,-4.9751639,-9.4252262,-4.2879734
9.8632812,-9.236269,-4.8549842,-9.3291816,-4.1849651
9.8652343,-9.1275796,-4.6189503,-9.2051973,-4.167612
9.8671875,-9.0273294,-4.6052746,-9.1067533,-4.1232996
9.8691406,-8.9208889,-4.6825776,-8.993803,-3.9763569
9.8710937,-8.8052749,-4.557455,-8.8718252,-3.8984053
9.8730468,-8.7025327,-4.3118782,-8.7692508,-3.9066848
9.875,-8.5875015,-4.2891774,-8.6509885,-3.8630552
9.8769531,-8.479,-4.4218864,-8.5341186,-3.7248995
9.8789062,-8.3677272,-4.3209967,-8.421957,-3.6161041
9.8808593,-8.2453298,-4.0650553,-8.3211393,-3.6029162
9.8828125,-8.1397686,-4.000453,-8.2021598,-3.5777161
9.8847656,-8.0327634,-4.1179304,-8.0973835,-3.4447515
9.8867187,-7.9185748,-4.1032033,-7.9898681,-3.2859921
9.8886718,-7.8074955,-3.8215396,-7.8548936,-3.2611899
9.890625,-7.687972,-3.64361,-7.7509412,-3.2782101
9.8925781,-7.5822153,-3.770895,-7.6419634,-3.1313402
9.8945312,-7.4650564,-3.8120722,-7.5125637,-2.9766647
9.8964843,-7.3382439,-3.5823547,-7.3958091,-2.9840633
9.8984375,-7.2345371,-3.3605861,-7.2962975,-2.9673335
9.9003906,-7.1149907,-3.4126656,-7.1846504,-2.8216266
9.9023437,-7.0049281,-3.5242843,-7.0713233,-2.6567809
9.9042968,-6.8858747,-3.3348057,-6.9620738,-2.6046688
9.90625,-6.7726416,-3.0653319,-6.8561191,-2.60397
9.9082031,-6.6692514,-3.0548489,-6.7439503,-2.4769992
9.9101562,-6.5438666,-3.1516411,-6.6170263,-2.2945039
9.9121093,-6.4280004,-3.0274004,-6.4767222,-2.2418558
9.9140625,-6.3125844,-2.7455577,-6.3790545,-2.2492511
9.9160156,-6.197874,-2.7227213,-6.283348,-2.1505179
9.9179687,-6.0812192,-2.8632936,-6.135128,-2.0314869
9.9199218,-5.9570856,-2.7157039,-6.0361805,-1.9319675
9.921875,-5.8391289,-2.4279148,-5.9165167,-1.8305697
9.9238281,-5.7233619,-2.4059057,-5.7878065,-1.78048
9.9257812,-5.6077156,-2.5165879,-5.6597328,-1.6793514
9.9277343,-5.4983534,-2.3909425,-5.5345015,-1.5469455
9.9296875,-5.3708672,-2.1297705,-5.4390668,-1.4919809
9.9316406,-5.2552118,-2.0292584,-5.3159403,-1.4799883
9.9335937,-5.1422457,-2.074372,-5.1992812,-1.352738
9.9355468,-5.0121722,-2.0532589,-5.0714983,-1.1329764
9.9375,-4.8974714,-1.8686149,-4.9565005,-1.057326
9.9394531,-4.7816553,-1.7046979,-4.8372817,-1.0787493
9.9414062,-4.6695575,-1.7012722,-4.7055907,-0.996041
9.9433593,-4.5464997,-1.6831497,-4.6032609,-0.80825132
9.9453125,-4.4118113,-1.5118675,-4.4900083,-0.69509315
9.9472656,-4.2982258,-1.314563,-4.3636112,-0.69105762
9.9492187,-4.1913247,-1.306777,-4.2459011,-0.61166239
9.9511718,-4.0641655,-1.3907864,-4.1373333,-0.41827789
9.953125,-3.9400491,-1.2125462,-4.0160098,-0.32410908
9.9550781,-3.8369557,-0.90887702,-3.8811245,-0.34319299
9.9570312,-3.7062573,-0.9027164,-3.7642436,-0.25833577
9.9589843,-3.5749187,-1.0116028,-3.6637351,-0.084593989
9.9609375,-3.4591794,-0.81098884,-3.5558657,-0.031651385
9.9628906,-3.3296487,-0.57924414,-3.4162826,-0.050697628
9.9648437,-3.2187676,-0.64139086,-3.2896323,0.062561385
9.9667968,-3.1043143,-0.66920239,-3.1735279,0.20536195
9.96875,-2.9829993,-0.47470993,-3.0498483,0.15339097
9.9707031,-2.8547804,-0.23351921,-2.9142775,0.052256882
9.9726562,-2.7332027,-0.18776864,-2.7831213,0.17340097
9.9746093,-2.6145539,-0.29168776,-2.6729104,0.29998803
9.9765625,-2.483915,-0.23477854,-2.5510897,0.17463188
9.9785156,-2.3670549,-0.011320783,-2.4210138,0.069263935
9.9804687,-2.2412428,0.096023344,-2.2737009,0.23116621
9.9824218,-2.1250596,0.026389865,-2.179872,0.347754
9.984375,-2.0013756,0.027560305,-2.0747368,0.18155377
9.9863281,-1.876617,0.19039437,-1.9295306,0.038893681
9.9882812,-1.7598592,0.31018445,-1.8247661,0.24984546
9.9902343,-1.6305987,0.22925439,-1.7043516,0.46557489
9.9921875,-1.5053772,0.16660769,-1.5789789,0.2358104
9.9941406,-1.3817918,0.2701093,-1.4730111,0.043822475
9.9960937,-1.2553235,0.36234912,-1.3509445,0.26001379
9.9980468,-1.1418144,0.29358667,-1.213351,0.43821737
10.0,-1.0286438,0.19503364,-1.086218,0.2842038
10.001953,-0.89873564,0.28592572,-0.97169137,0.10522099
10.003906,-0.77496558,0.41850427,-0.83677816,0.21732304
10.005859,-0.64956546,0.38226104,-0.72115076,0.36305121
10.007813,-0.53295243,0.23241937,-0.60226554,0.26688749
10.009766,-0.40871152,0.22908804,-0.4554742,0.13391006
10.011719,-0.28176039,0.40435794,-0.33539319,0.23110588
10.013672,-0.16616523,0.40069911,-0.2256182,0.41527751
10.015625,-0.036849782,0.23986216,-0.11234702,0.31388322
10.017578,0.10055017,0.2532143,0.025788605,0.088304944
10.019531,0.21898587,0.40821525,0.15112227,0.22571352
10.021484,0.32954139,0.37481883,0.2695362,0.49760532
10.023438,0.4561196,0.17206454,0.39631528,0.38653302
10.025391,0.57981831,0.24866386,0.5076642,0.1745235
10.027344,0.71102667,0.49460623,0.63196784,0.37718287
10.029297,0.83319604,0.42943543,0.766855,0.74859035
10.03125,0.94629526,0.18398851,0.88524848,0.76740539
10.033203,1.0783824,0.17455374,1.0058603,0.59857011
10.035156,1.1967352,0.38607118,1.1353216,0.72320145
10.037109,1.3190289,0.44993487,1.2488926,1.0661256
10.039063,1.4488483,0.27339536,1.3722817,1.189674
10.041016,1.5627437,0.29644069,1.5076644,1.117069
10.042969,1.6783608,0.52936631,1.6158076,1.2350778
10.044922,1.8026686,0.53427047,1.7444288,1.5166438
10.046875,1.9290124,0.45523399,1.8709472,1.6682499
10.048828,2.0498092,0.57449162,1.9781481,1.6927609
10.050781,2.1681573,0.72515899,2.1091496,1.7408962
10.052734,2.2852213,0.69573104,2.2255463,1.8927737
10.054688,2.4170577,0.70730972,2.3581256,2.1161973
10.056641,2.5391521,0.9354592,2.4695472,2.2082603
10.058594,2.6583628,1.1227605,2.5715551,2.2151043
10.060547,2.7813365,1.0939849,2.7138295,2.3399567
10.0625,2.9134557,1.1143883,2.8429703,2.5385396
10.064453,3.0348386,1.3839266,2.9596262,2.6783931
10.066406,3.1393809,1.5994321,3.0737502,2.6913805
10.068359,3.2741024,1.5868008,3.1909368,2.7229383
10.070313,3.3946116,1.6216125,3.3063519,2.9232428
10.072266,3.5046811,1.8746856,3.434582,3.1077837
10.074219,3.6215286,2.0947449,3.5667309,3.1330857
10.076172,3.7450797,2.076858,3.6815221,3.1811738
10.078125,3.8671512,2.1115791,3.7973191,3.3287551
10.080078,3.9913606,2.3828845,3.9254038,3.4624261
10.082031,4.1098408,2.5213117,4.0522441,3.5235078
10.083984,4.2357869,2.4684543,4.1663575,3.5772209
10.085938,4.364727,2.5307698,4.2825884,3.7197344
10.087891,4.4683628,2.7561919,4.4155087,3.8312263
10.089844,4.5893497,2.9154985,4.5440926,3.8694837
10.091797,4.7024884,2.9030172,4.6456289,3.9797194
10.09375,4.8289175,2.9866151,4.7731418,4.0945506
10.095703,4.9552545,3.2351846,4.8895874,4.1806931
10.097656,5.0656318,3.3979067,5.0027914,4.2510609
10.099609,5.1832642,3.305792,5.1233825,4.3472847
10.101563,5.2994799,3.2882478,5.2301979,4.5103077
10.103516,5.4280743,3.5944991,5.3483882,4.5617847
10.105469,5.5418467,3.8566715,5.4544959,4.6100544
10.107422,5.6527152,3.7729466,5.5775084,4.7449626
10.109375,5.774487,3.6214711,5.6874194,4.8620147
10.111328,5.891747,3.8780865,5.8129248,4.9266214
10.113281,6.0029211,4.2532744,5.9608373,4.9318232
10.115234,6.1218099,4.2214846,6.0724506,5.0565805
10.117188,6.2550215,4.0564923,6.1833601,5.2117958
10.119141,6.3700389,4.2320098,6.3036718,5.1658029
10.121094,6.4763898,4.5362772,6.4174814,5.1632118
10.123047,6.60189,4.5121045,6.5337553,5.3794717
10.125,6.7149086,4.398755,6.6527986,5.5506668
10.126953,6.8388958,4.6158905,6.7668952,5.5252571
10.128906,6.9559106,4.8715801,6.8688302,5.5058407
10.130859,7.0558657,4.8567924,6.9829211,5.6978812
10.132813,7.1748848,4.7616124,7.1093573,5.882286
10.134766,7.2851519,4.9063701,7.2212128,5.8637962
10.136719,7.4019599,5.2269821,7.3451046,5.8479604
10.138672,7.5184121,5.2653365,7.4555487,5.9834342
10.140625,7.6332202,5.0943188,7.5685439,6.1310491
10.142578,7.7463417,5.18507,7.6898765,6.1194586
10.144531,7.8642425,5.4630675,7.795135,6.1014823
10.146484,7.978661,5.5500283,7.8935608,6.254765
10.148438,8.0879554,5.4476065,8.0069398,6.4108686
10.150391,8.2076387,5.4620246,8.1397132,6.42246
10.152344,8.3069515,5.7130527,8.2510509,6.4544019
10.154297,8.4266967,5.8720021,8.3639679,6.5783462
10.15625,8.5398407,5.7854499,8.470232,6.6427841
10.158203,8.6334066,5.7923717,8.5674619,6.6380701
10.160156,8.7505188,5.9755606,8.6772651,6.6876525
10.162109,8.8606252,6.1323385,8.8051614,6.8223843
10.164063,8.971939,6.1569261,8.9117679,6.9519767
10.166016,9.0786285,6.1182489,9.014307,6.9947085
10.167969,9.198059,6.2057604,9.136444,6.9472026
10.169922,9.311738,6.3695907,9.2417469,6.9930362
10.171875,9.4070587,6.4103136,9.3527422,7.1882915
10.173828,9.5210514,6.3285021,9.46278,7.256196
10.175781,9.623579,6.4130706,9.5740985,7.1974821
10.177734,9.7391223,6.7077727,9.6838903,7.2409892
10.179688,9.8468961,6.763761,9.7948627,7.396872
10.181641,9.954194,6.5905351,9.8957328,7.5040965
10.183594,10.074667,6.6473059,10.004515,7.4568085
10.185547,10.165997,6.9174747,10.1143,7.4600567
10.1875,10.270677,6.9671769,10.202395,7.6372861
10.189453,10.381029,6.8267521,10.319235,7.7606091
10.191406,10.479409,6.9373579,10.42469,7.7268481
10.193359,10.593332,7.2172985,10.517361,7.7258229
10.195313,10.697663,7.2382402,10.623547,7.8433599
10.197266,10.791447,7.063723,10.731208,7.9424462
10.199219,10.896046,7.1253275,10.839148,7.9788723
10.201172,10.993173,7.4236402,10.949908,7.983448
10.203125,11.102136,7.5435586,11.049679,8.0214653
10.205078,11.203553,7.3949818,11.135674,8.120428
10.207031,11.304716,7.3600096,11.246843,8.1733789
10.208984,11.412809,7.5815239,11.350123,8.1909084
10.210938,11.512465,7.7238187,11.44323,8.2662191
10.212891,11.609931,7.6064662,11.551211,8.3643255
10.214844,11.710613,7.5538635,11.646638,8.3935251
10.216797,11.815675,7.7909669,11.743093,8.379425
10.21875,11.903418,7.9773244,11.858063,8.4524889
10.220703,12.016149,7.8787803,11.949273,8.5694131
10.222656,12.118045,7.7854051,12.052139,8.5847692
10.224609,12.203708,7.9670114,12.168216,8.5556831
10.226563,12.30547,8.1472129,12.242997,8.6213073
10.228516,12.396715,8.0539999,12.339326,8.737998
10.230469,12.496552,8.0109148,12.438303,8.7617149
10.232422,12.598535,8.2213535,12.528623,8.770874
10.234375,12.681309,8.3632364,12.636783,8.8521966
10.236328,12.772583,8.2447824,12.720174,8.9415674
10.238281,12.882511,8.1772041,12.814516,8.9772777
10.240234,12.973238,8.4224567,12.906594,8.9518957
10.242188,13.061839,8.61308,12.991352,9.0161695
10.244141,13.157934,8.4130277,13.09249,9.1374816
10.246094,13.244719,8.3006792,13.182673,9.1749067
10.248047,13.335676,8.603878,13.285539,9.158039
10.25,13.43475,8.8154926,13.372334,9.1716756
10.251953,13.529499,8.654787,13.465947,9.2665128
10.253906,13.616447,8.5088834,13.564317,9.329586
10.255859,13.711611,8.6966667,13.64507,9.3220434
10.257813,13.795862,8.9252004,13.745884,9.3401603
10.259766,13.880515,8.8447132,13.825948,9.4211683
10.261719,13.977531,8.7257137,13.912222,9.4911985
10.263672,14.064966,8.91084,14.016422,9.4981651
10.265625,14.156989,9.1283474,14.102617,9.5312023
10.267578,14.247673,9.0028305,14.183158,9.6014919
10.269531,14.323422,8.8437051,14.267983,9.629137
10.271484,14.411741,9.0155143,14.335176,9.6474857
10.273438,14.504745,9.253685,14.423626,9.6966381
10.275391,14.579965,9.239192,14.526783,9.7574977
10.277344,14.67531,9.0883626,14.589804,9.8520069
10.279297,14.759063,9.1286191,14.688859,9.8832569
10.28125,14.825245,9.3615541,14.779294,9.8144006
10.283203,14.90999,9.3868446,14.847355,9.8640508
10.285156,14.993494,9.247446,14.939504,9.9951076
10.287109,15.074703,9.3501653,15.021568,9.9889459
10.289063,15.15182,9.5529842,15.100899,9.9493207
10.291016,15.233312,9.5198783,15.181052,10.037129
10.292969,15.318674,9.3795118,15.255263,10.148531
10.294922,15.401875,9.4813652,15.319942,10.130478
10.296875,15.476619,9.6812534,15.405549,10.093893
10.298828,15.557558,9.6365795,15.508251,10.208561
10.300781,15.640499,9.5077619,15.588193,10.339914
10.302734,15.710213,9.609663,15.654886,10.296924
10.304688,15.78388,9.8214206,15.742706,10.181989
10.306641,15.864754,9.8158779,15.808961,10.215825
10.308594,15.953369,9.6920013,15.879734,10.407149
10.310547,16.010906,9.7422599,15.953975,10.477793
10.3125,16.083523,9.8888282,16.008863,10.360832
10.314453,16.16419,9.8885374,16.096027,10.378304
10.316406,16.219805,9.8710136,16.171513,10.593025
10.318359,16.303055,9.9647216,16.254416,10.670394
10.320313,16.367584,10.041642,16.326675,10.488564
10.322266,16.443634,10.036401,16.388321,10.446323
10.324219,16.516272,9.9738197,16.467464,10.657604
10.326172,16.575928,10.01714,16.526989,10.729786
10.328125,16.654919,10.14595,16.597183,10.61169
10.330078,16.718784,10.182646,16.67762,10.606119
10.332031,16.78142,10.117756,16.743647,10.782774
10.333984,16.845997,10.096789,16.788633,10.859465
10.335938,16.920649,10.250154,16.864134,10.725829
10.337891,16.977491,10.379374,16.943192,10.699197
10.339844,17.045401,10.274422,17.002491,10.915198
10.341797,17.121563,10.165851,17.071081,11.002348
10.34375,17.179605,10.332582,17.127586,10.830061
10.345703,17.244036,10.484891,17.211685,10.784039
10.347656,17.308607,10.33272,17.262054,10.991807
10.349609,17.376375,10.244164,17.296949,11.089038
10.351563,17.437252,10.462498,17.380177,10.919822
10.353516,17.492472,10.615683,17.443987,10.891896
10.355469,17.548658,10.443948,17.492807,11.162097
10.357422,17.607267,10.330966,17.553961,11.238045
10.359375,17.675209,10.568709,17.617697,11.004793
10.361328,17.72896,10.773431,17.673401,10.96703
10.363281,17.774931,10.614565,17.726856,11.210673
10.365234,17.837925,10.401856,17.787403,11.302366
10.367188,17.894876,10.58134,17.850416,11.126752
10.369141,17.946396,10.87819,17.911772,11.08158
10.371094,17.990124,10.783596,17.961296,11.30068
10.373047,18.05171,10.525313,18.000183,11.371001
10.375,18.109516,10.637836,18.048002,11.187402
10.376953,18.157452,10.971573,18.098324,11.168511
10.378906,18.209261,10.891528,18.162268,11.428726
10.380859,18.26565,10.579268,18.219347,11.537159
10.382813,18.326204,10.684036,18.271389,11.32642
10.384766,18.358988,11.039591,18.321222,11.21768
10.386719,18.400045,10.987939,18.365725,11.423154
10.388672,18.449715,10.653452,18.416136,11.562898
10.390625,18.499493,10.783936,18.46538,11.41345
10.392578,18.550995,11.195223,18.522198,11.321225
10.394531,18.597212,11.129695,18.566559,11.511877
10.396484,18.645184,10.753353,18.616507,11.627009
10.398438,18.691536,10.766312,18.656073,11.470851
10.400391,18.729958,11.134134,18.697252,11.386428
10.402344,18.783794,11.203374,18.739971,11.563048
10.404297,18.828714,10.912504,18.777107,11.714727
10.40625,18.867214,10.863564,18.836153,11.598752
10.408203,18.909714,11.134249,18.873034,11.498729
10.410156,18.942137,11.250072,18.900888,11.631693
10.412109,18.998354,11.048254,18.944761,11.747263
10.414063,19.029608,10.9622,18.988739,11.67144
10.416016,19.055229,11.195179,19.020391,11.593205
10.417969,19.099257,11.28077,19.076529,11.692964
10.419922,19.134958,11.12736,19.114563,11.807206
10.421875,19.181509,11.095286,19.123932,11.753488
10.423828,19.210325,11.261509,19.181143,11.630618
10.425781,19.239712,11.337367,19.208769,11.690862
10.427734,19.283587,11.157446,19.224884,11.886143
10.429688,19.318014,11.067919,19.269722,11.856811
10.431641,19.358177,11.311954,19.301979,11.707774
10.433594,19.383944,11.452835,19.331825,11.779768
10.435547,19.407822,11.199384,19.363432,11.941166
10.4375,19.444347,11.040538,19.402584,11.903747
10.439453,19.469503,11.340516,19.432539,11.763795
10.441406,19.49894,11.601723,19.465523,11.812804
10.443359,19.524693,11.344582,19.49518,11.950344
10.445313,19.549236,11.064916,19.531643,11.932479
10.447266,19.576506,11.292278,19.564283,11.813103
10.449219,19.599752,11.627783,19.570036,11.828924
10.451172,19.624538,11.489555,19.600729,11.967129
10.453125,19.645681,11.141994,19.637102,11.976165
10.455078,19.672697,11.249615,19.65247,11.897439
10.457031,19.703663,11.639322,19.675295,11.905538
10.458984,19.727354,11.583648,19.713364,11.986426
10.460938,19.74412,11.182413,19.726974,12.025296
10.462891,19.766912,11.189072,19.743046,11.970846
10.464844,19.792439,11.59276,19.769354,11.925013
10.466797,19.81389,11.676806,19.775206,11.99125
10.46875,19.83548,11.304114,19.798695,12.06931
10.470703,19.850176,11.171329,19.814774,12.04166
10.472656,19.860796,11.522013,19.828032,11.989916
10.474609,19.880993,11.704952,19.852198,12.015523
10.476563,19.888128,11.423855,19.863373,12.095579
10.478516,19.901335,11.248482,19.870173,12.111312
10.480469,19.927593,11.519588,19.899355,12.039502
10.482422,19.933151,11.740577,19.923656,12.02182
10.484375,19.946531,11.510798,19.911358,12.095408
10.486328,19.96166,11.243164,19.923,12.114124
10.488281,19.973642,11.439696,19.955202,12.055263
10.490234,19.983198,11.717876,19.962927,12.068402
10.492188,19.993198,11.559869,19.977415,12.149847
10.494141,19.999958,11.307995,19.981897,12.143049
10.496094,19.997513,11.428251,19.989031,12.038634
10.498047,20.011311,11.669937,19.997473,12.023382
10.5,20.027,11.608605,19.995214,12.155831
10.501953,20.022816,11.411249,20.029629,12.204427
10.503906,20.024649,11.436958,20.029421,12.094661
10.505859,20.038586,11.59328,20.025032,12.055006
10.507813,20.04179,11.58885,20.032009,12.119313
10.509766,20.049469,11.465319,20.037695,12.165183
10.511719,20.067047,11.448703,20.053013,12.154939
10.513672,20.06122,11.532981,20.053001,12.108785
10.515625,20.050053,11.523013,20.06192,12.117436
10.517578,20.06509,11.414778,20.059618,12.164346
10.519531,20.068233,11.461891,20.06081,12.164249
10.521484,20.068291,11.5279,20.067862,12.129157
10.523438,20.071463,11.455355,20.078703,12.140026
10.525391,20.075771,11.393579,20.084476,12.139787
10.527344,20.072401,11.299953,20.071938,12.130891
10.529297,20.062069,11.203684,20.061041,12.122846
10.53125,20.064579,11.083825,20.062874,12.066767
10.533203,20.061735,10.950232,20.064301,12.042476
10.535156,20.062008,10.714636,20.060366,11.968636
10.537109,20.055883,10.54604,20.074411,11.865793
10.539063,20.048401,10.730889,20.074753,11.747771
10.541016,20.039061,10.793354,20.048195,11.626013
10.542969,20.027246,10.601774,20.04789,11.323691
10.544922,20.008108,10.508373,20.047197,11.023662
10.546875,19.979946,10.675865,20.034365,11.297206
10.548828,19.96933,10.798868,20.028805,11.587081
10.550781,19.948324,10.643594,20.00423,11.352365
10.552734,19.93145,10.58268,19.990461,11.03446
10.554688,19.913063,10.696601,19.980526,11.214554
10.556641,19.896877,10.733764,19.970821,11.579348
10.558594,19.89085,10.565864,19.938908,11.395882
10.560547,19.873922,10.44606,19.906418,11.009418
10.5625,19.848442,10.54226,19.886135,11.117278
10.564453,19.816229,10.554166,19.865154,11.513539
10.566406,19.8078,10.423921,19.863924,11.44993
10.568359,19.785852,10.423117,19.826731,11.036614
10.570313,19.762583,10.564843,19.793642,11.023611
10.572266,19.736761,10.528148,19.785049,11.327788
10.574219,19.705036,10.326991,19.756002,11.33718
10.576172,19.688679,10.286913,19.714249,11.030746
10.578125,19.665308,10.466208,19.690285,10.952176
10.580078,19.640924,10.518281,19.66638,11.203593
10.582031,19.608418,10.267076,19.639822,11.284355
10.583984,19.590235,10.095982,19.615335,11.019391
10.585938,19.554575,10.293109,19.609085,10.857019
10.587891,19.516834,10.460517,19.592564,11.038804
10.589844,19.499847,10.224802,19.533703,11.127398
10.591797,19.463797,10.086595,19.503963,10.818111
10.59375,19.421776,10.275457,19.47794,10.6276
10.595703,19.392216,10.297837,19.436235,10.930837
10.597656,19.359558,10.064107,19.405132,11.135267
10.599609,19.313562,10.03308,19.360474,10.83217
10.601563,19.289082,10.223875,19.321642,10.605806
10.603516,19.259129,10.216636,19.31241,10.827207
10.605469,19.226608,10.021607,19.272865,10.997405
10.607422,19.188499,9.8750286,19.216528,10.804214
10.609375,19.154663,9.9504013,19.198322,10.540133
10.611328,19.13291,10.054703,19.158537,10.622678
10.613281,19.084946,9.9397831,19.108477,10.867968
10.615234,19.048756,9.7393703,19.08564,10.716148
10.617188,19.002512,9.7358169,19.029537,10.413454
10.619141,18.955854,9.9701185,18.97035,10.510993
10.621094,18.923595,9.9843788,18.945894,10.725638
10.623047,18.865387,9.7426567,18.905203,10.621272
10.625,18.818918,9.6765804,18.86352,10.418146
10.626953,18.795874,9.814002,18.831951,10.424645
10.628906,18.747175,9.881978,18.782915,10.524305
10.630859,18.690098,9.6784324,18.72934,10.449988
10.632813,18.651169,9.4238424,18.67964,10.277014
10.634766,18.605696,9.5781097,18.638323,10.284996
10.636719,18.556992,9.8306293,18.585253,10.409671
10.638672,18.511744,9.6176013,18.559164,10.36833
10.640625,18.462509,9.3302125,18.53569,10.198139
10.642578,18.416832,9.4566154,18.46509,10.175782
10.644531,18.371954,9.6456708,18.405567,10.22008
10.646484,18.317661,9.4647169,18.350868,10.11292
10.648438,18.272596,9.2147254,18.315779,10.043724
10.650391,18.221659,9.3171901,18.266296,10.152074
10.652344,18.165892,9.49269,18.199409,10.1743
10.654297,18.118126,9.3129882,18.156206,9.9812564
10.65625,18.063633,9.1051302,18.106232,9.8863258
10.658203,18.000246,9.2549638,18.043316,10.043069
10.660156,17.936378,9.3620481,17.990252,10.06977
10.662109,17.885725,9.1535139,17.948343,9.8343896
10.664063,17.827909,9.0813159,17.90152,9.763174
10.666016,17.775585,9.260663,17.836767,9.911395
10.667969,17.726738,9.2050037,17.757299,9.8755407
10.669922,17.657469,8.877098,17.702053,9.6294584
10.671875,17.587502,8.7977199,17.641632,9.6169796
10.673828,17.530428,9.0435743,17.580816,9.8696136
10.675781,17.480373,9.1054163,17.531013,9.8502454
10.677734,17.424496,8.9000453,17.450138,9.5396251
10.679688,17.363008,8.7778949,17.387121,9.46772
10.681641,17.300161,8.8114757,17.339361,9.6639585
10.683594,17.244318,8.7990245,17.267416,9.6871557
10.685547,17.178694,8.6905565,17.217951,9.4541015
10.6875,17.10667,8.6644411,17.162537,9.3237276
10.689453,17.046556,8.7029933,17.088114,9.4619989
10.691406,16.976513,8.6737651,17.023218,9.4731426
10.693359,16.9067,8.5963363,16.958504,9.2229099
10.695313,16.845076,8.5550594,16.896299,9.1669454
10.697266,16.776073,8.5919971,16.826725,9.3558254
10.699219,16.703344,8.553503,16.754793,9.3491869
10.701172,16.634777,8.408782,16.692238,9.1011667
10.703125,16.564005,8.3765449,16.628643,9.0446043
10.705078,16.490046,8.4500923,16.56493,9.2232589
10.707031,16.424149,8.3987131,16.487396,9.1930799
10.708984,16.363701,8.2533922,16.413975,8.9123954
10.710938,16.275366,8.247508,16.357857,8.8517437
10.712891,16.204618,8.2561054,16.280352,9.0701627
10.714844,16.145184,8.1272268,16.211151,9.0567617
10.716797,16.058187,8.1334457,16.131868,8.7525692
10.71875,15.998453,8.195631,16.062418,8.6887044
10.720703,15.921654,8.0560092,15.993679,8.9059057
10.722656,15.841756,7.9262461,15.909861,8.9058704
10.724609,15.768664,7.9357447,15.851913,8.6167583
10.726563,15.691871,8.0048942,15.762778,8.5074739
10.728516,15.624881,7.9587774,15.670741,8.7040081
10.730469,15.542998,7.8180508,15.592018,8.7171945
10.732422,15.465795,7.755968,15.511065,8.4398517
10.734375,15.375837,7.7616758,15.442865,8.4182672
10.736328,15.296639,7.7802653,15.376798,8.6592054
10.738281,15.231592,7.7193121,15.291343,8.59799
10.740234,15.146722,7.6537189,15.208283,8.2516288
10.742188,15.06804,7.6310524,15.129665,8.1445903
10.744141,14.995343,7.5331249,15.046364,8.3823719
10.746094,14.908154,7.4483799,14.965242,8.418127
10.748047,14.82143,7.4427075,14.873141,8.1158256
10.75,14.743616,7.4398174,14.797682,8.0205888
10.751953,14.662127,7.4112396,14.713971,8.2253389
10.753906,14.573941,7.3459382,14.619948,8.251399
10.755859,14.484342,7.259408,14.550554,7.9610939
10.757813,14.399137,7.21108,14.462097,7.8237342
10.759766,14.312627,7.2350101,14.361972,8.0243358
10.761719,14.22242,7.2158317,14.290276,8.0436115
10.763672,14.135888,7.0937185,14.210617,7.7684254
10.765625,14.049526,7.0264601,14.119225,7.711153
10.767578,13.964515,7.0595903,14.0248,7.8475918
10.769531,13.871387,7.0082025,13.92361,7.7754082
10.771484,13.780971,6.8620619,13.837943,7.5566411
10.773438,13.692736,6.8295145,13.756613,7.5585312
10.775391,13.611465,6.9009447,13.669877,7.7365851
10.777344,13.526726,6.8263926,13.58766,7.6522784
10.779297,13.431868,6.6425018,13.494505,7.3387007
10.78125,13.34879,6.597763,13.410484,7.3073377
10.783203,13.252888,6.6371436,13.321935,7.4876041
10.785156,13.1669,6.5912852,13.22485,7.3879585
10.787109,13.074156,6.470786,13.137674,7.1378397
10.789063,12.974876,6.4530878,13.028807,7.1313118
10.791016,12.886558,6.4710259,12.938974,7.2660131
10.792969,12.791389,6.3584675,12.855766,7.2066783
10.794922,12.696595,6.2741251,12.742949,7.0327711
10.796875,12.602544,6.2963047,12.638254,7.0000729
10.798828,12.505697,6.2637653,12.540637,7.030509
10.800781,12.411235,6.1181745,12.457355,6.9930963
10.802734,12.311938,6.0334157,12.36965,6.9261732
10.804688,12.20943,6.0996942,12.275803,6.8368549
10.806641,12.11512,6.0890321,12.182585,6.7371497
10.808594,12.019001,5.8940362,12.079535,6.6833663
10.810547,11.918283,5.8340244,11.987391,6.6278834
10.8125,11.812607,5.9172592,11.876145,6.5729455
10.814453,11.724001,5.8149104,11.766108,6.5612654
10.816406,11.629776,5.6388983,11.666438,6.5196671
10.818359,11.525462,5.6313648,11.573432,6.4636902
10.820313,11.414816,5.6495046,11.479294,6.4438147
10.822266,11.310036,5.5164456,11.361702,6.3949103
10.824219,11.229031,5.4069204,11.262948,6.2805247
10.826172,11.126445,5.4948587,11.175705,6.1755337
10.828125,11.017348,5.5049433,11.069069,6.1948928
10.830078,10.912173,5.2080569,10.958718,6.2146925
10.832031,10.805434,5.016745,10.866603,6.0137443
10.833984,10.706575,5.2291979,10.767365,5.8628401
10.835938,10.610508,5.3698787,10.66977,5.9997172
10.837891,10.502693,5.0753736,10.568863,6.0036253
10.839844,10.384554,4.7843155,10.455402,5.7429413
10.841797,10.282198,4.8491115,10.365283,5.6076679
10.84375,10.17309,5.0130224,10.246674,5.7272853
10.845703,10.072028,4.9438138,10.137106,5.7818574
10.847656,9.9745445,4.6635255,10.050459,5.5932378
10.849609,9.8665475,4.5801258,9.9247083,5.500329
10.851563,9.7552833,4.6759009,9.8122158,5.5169425
10.853516,9.6516656,4.5420055,9.7104225,5.4034228
10.855469,9.5490961,4.3437333,9.6192712,5.2950611
10.857422,9.4350128,4.4016399,9.5082092,5.3228077
10.859375,9.3398294,4.4498281,9.3751049,5.2932181
10.861328,9.2241153,4.2609138,9.272067,5.0736641
10.863281,9.1175127,4.1018405,9.1788749,4.9996104
10.865234,9.0064859,4.1155962,9.0889806,5.1488857
10.867188,8.8831129,4.132862,8.9788684,5.0786471
10.869141,8.7834177,4.0043592,8.8582363,4.7516989
10.871094,8.6659889,3.8854541,8.7543563,4.6406946
10.873047,8.5631713,3.8606424,8.6361827,4.7974119
10.875,8.4568548,3.7907106,8.4972667,4.8012399
10.876953,8.3439083,3.6775043,8.3869867,4.5706191
10.878906,8.2370281,3.5635838,8.292469,4.4637131
10.880859,8.1197233,3.502038,8.180088,4.6231651
10.882813,8.0122108,3.4416315,8.0629606,4.619544
10.884766,7.8951463,3.3645789,7.9649705,4.288464
10.886719,7.7838702,3.3185613,7.8458881,4.1247844
10.888672,7.6737241,3.2287223,7.7295923,4.2504496
10.890625,7.5626626,3.1127748,7.6249041,4.219284
10.892578,7.4593524,3.0631432,7.4892883,3.9890265
10.894531,7.3402833,2.995717,7.3865041,3.8919184
10.896484,7.2272491,2.8282647,7.2754235,3.955657
10.898438,7.1133022,2.7123472,7.1656131,3.9428527
10.900391,6.9950394,2.7328963,7.0633349,3.7552938
10.902344,6.8821411,2.7256214,6.9340171,3.577059
10.904297,6.7657675,2.55321,6.8195076,3.5777256
10.90625,6.6525435,2.4110455,6.7077226,3.6064555
10.908203,6.536941,2.4112741,6.5879097,3.4619195
10.910156,6.4153914,2.331834,6.4773974,3.3018629
10.912109,6.3024621,2.155159,6.3686409,3.2763474
10.914063,6.1851768,2.0748198,6.2461757,3.2615499
10.916016,6.0729689,2.0962059,6.1304721,3.1327805
10.917969,5.9595003,1.9935445,6.0014467,2.959305
10.919922,5.8273997,1.7922298,5.8879165,2.9238791
10.921875,5.7190694,1.6768157,5.773621,2.9335391
10.923828,5.6036367,1.6780273,5.6474323,2.8659315
10.925781,5.4795537,1.6905906,5.5394101,2.6986081
10.927734,5.3681063,1.4759943,5.4289774,2.5648574
10.929688,5.2381095,1.2516409,5.3228087,2.5852196
10.931641,5.1143779,1.2822628,5.1793365,2.5023102
10.933594,5.0032501,1.3260719,5.0572867,2.2654299
10.935547,4.8860549,1.1450337,4.9526338,2.1494267
10.9375,4.7695403,0.94632071,4.8172011,2.2616875
10.939453,4.648787,0.92730218,4.7102742,2.2227227
10.941406,4.522377,0.85817266,4.5975022,1.9362454
10.943359,4.4058833,0.69981247,4.4661355,1.8115111
10.945313,4.2951788,0.60356331,4.3579249,1.8540728
10.947266,4.1760363,0.63083977,4.2362737,1.7650384
10.949219,4.0532245,0.55031133,4.1055479,1.5618137
10.951172,3.9430236,0.27662948,3.9832129,1.4645347
10.953125,3.8129203,0.20084439,3.8539583,1.4731204
10.955078,3.683002,0.31951874,3.7473871,1.4174679
10.957031,3.5732605,0.2463948,3.625421,1.2463967
10.958984,3.4509782,0.042346798,3.4976959,1.1355513
10.960938,3.3352165,0.032325998,3.3745749,1.0640944
10.962891,3.2017993,0.062088974,3.268054,0.97550833
10.964844,3.0765719,-0.066592917,3.1619894,0.87395108
10.966797,2.9772961,-0.17874599,3.0144734,0.77581376
10.96875,2.8428289,-0.079057038,2.9044861,0.65570879
10.970703,2.7083227,0.0018279785,2.780296,0.51914072
10.972656,2.5934448,-0.19983007,2.6405959,0.51100296
10.974609,2.4688189,-0.29272759,2.5260264,0.47255546
10.976563,2.3510508,-0.088028468,2.402332,0.34616107
10.978516,2.2399632,-0.017305229,2.2728967,0.23825352
10.980469,2.1186506,-0.2228635,2.1397213,0.23127568
10.982422,1.993723,-0.31393573,2.0300655,0.18534745
10.984375,1.8731702,-0.19704846,1.9125642,0.047201194
10.986328,1.7504744,-0.12000659,1.7916767,0.0095182545
10.988281,1.6255106,-0.16977665,1.6758687,0.0050204322
10.990234,1.4980748,-0.23361729,1.5444926,-0.032901861
10.992188,1.376843,-0.15692131,1.4333094,-0.10298353
10.994141,1.2544721,-0.11567979,1.3151432,-0.14396702
10.996094,1.1322324,-0.14488949,1.184542,-0.094765022
10.998047,1.0113347,-0.1780504,1.0721873,-0.082929187
11.0,0.88042909,-0.23519751,0.95147479,-0.16057239
11.001953,0.75843877,-0.17601272,0.82369924,-0.1523487
11.003906,0.64154243,-0.13729532,0.69354874,-0.097971156
11.005859,0.52025223,-0.14996998,0.56318033,-0.10969144
11.007813,0.38799471,-0.16899067,0.44547796,-0.15614983
11.009766,0.26654038,-0.21961468,0.32782769,-0.13127846
11.011719,0.15649821,-0.17243581,0.19122316,-0.033133641
11.013672,0.028306337,-0.12318147,0.064531624,-0.094507508
11.015625,-0.090378806,-0.16321792,-0.042929962,-0.1981658
11.017578,-0.20875506,-0.28518316,-0.16315439,-0.11411674
11.019531,-0.34503362,-0.28574535,-0.29908836,-0.015361562
11.021484,-0.45773312,-0.19649804,-0.42991871,-0.12658942
11.023438,-0.58525759,-0.31609702,-0.5433892,-0.24858388
11.025391,-0.7169835,-0.43983167,-0.65471578,-0.12323678
11.027344,-0.82988292,-0.50193322,-0.76948822,0.010612908
11.029297,-0.97095448,-0.55126542,-0.89046329,-0.11358298
11.03125,-1.0787115,-0.60815901,-1.0192912,-0.31230572
11.033203,-1.1919924,-0.77554733,-1.1488047,-0.24975106
11.035156,-1.3290789,-0.90560001,-1.2712178,-0.097442865
11.037109,-1.4481483,-1.0238807,-1.3995261,-0.15271097
11.039063,-1.5777443,-1.1908432,-1.5114598,-0.28694838
11.041016,-1.6943723,-1.2393395,-1.6232968,-0.27822345
11.042969,-1.8049732,-1.2757126,-1.7530356,-0.16496323
11.044922,-1.9282449,-1.4458979,-1.8614956,-0.27922836
11.046875,-2.057218,-1.6582616,-1.9834802,-0.51256955
11.048828,-2.1741154,-1.836839,-2.123039,-0.52075261
11.050781,-2.2892487,-1.8584995,-2.2418327,-0.45447794
11.052734,-2.4183747,-1.8712942,-2.3557372,-0.56164736
11.054688,-2.5385177,-2.0444517,-2.4856736,-0.7433871
11.056641,-2.6593675,-2.258929,-2.6169323,-0.81044048
11.058594,-2.7843401,-2.327929,-2.7341671,-0.88870859
11.060547,-2.8974671,-2.3300554,-2.8529517,-1.0516538
11.0625,-3.0278487,-2.4751603,-2.9761526,-1.177481
11.064453,-3.150634,-2.6466553,-3.0923314,-1.2475309
11.066406,-3.2600646,-2.796797,-3.2250208,-1.385541
11.068359,-3.3896632,-2.8122251,-3.3502166,-1.5639265
11.070313,-3.5165607,-2.8340654,-3.4604089,-1.6548762
11.072266,-3.6394867,-3.0539243,-3.5845654,-1.7213932
11.074219,-3.7559247,-3.2034645,-3.6863794,-1.8374198
11.076172,-3.8731634,-3.2027518,-3.7973482,-2.0181317
11.078125,-3.9932909,-3.2267446,-3.9444842,-2.1531057
11.080078,-4.1115169,-3.4216375,-4.0677261,-2.2197859
11.082031,-4.2466926,-3.62838,-4.1796264,-2.3506677
11.083984,-4.3628516,-3.6641907,-4.3092236,-2.4442868
11.085938,-4.4747142,-3.6204645,-4.4276208,-2.4705455
11.087891,-4.5992631,-3.7015607,-4.5512075,-2.5994277
11.089844,-4.710659,-3.9573175,-4.67807,-2.7593076
11.091797,-4.836595,-4.1093778,-4.7925615,-2.8391296
11.09375,-4.9494233,-4.0483379,-4.9137525,-2.8695216
11.095703,-5.0615148,-4.0836916,-5.0338783,-2.9969854
11.097656,-5.1825075,-4.3075466,-5.1427273,-3.1810221
11.099609,-5.2921762,-4.4541325,-5.256917,-3.2256548
11.101563,-5.4179148,-4.4322528,-5.3805351,-3.264332
11.103516,-5.5450315,-4.4547944,-5.4938473,-3.4266002
11.105469,-5.6666975,-4.6365809,-5.6072249,-3.5938828
11.107422,-5.7806553,-4.7518649,-5.7243385,-3.6124377
11.109375,-5.9024138,-4.6870284,-5.8485174,-3.6249856
11.111328,-6.0264802,-4.7272234,-5.9488134,-3.799612
11.113281,-6.1419587,-4.9761672,-6.0743966,-3.9455657
11.115234,-6.2507586,-5.1018996,-6.2173528,-3.9511838
11.117188,-6.3613815,-5.0339851,-6.3133683,-4.0014705
11.119141,-6.489448,-5.0675315,-6.4389572,-4.1504044
11.121094,-6.6050391,-5.3125839,-6.5512447,-4.199366
11.123047,-6.7165708,-5.4571304,-6.6626386,-4.2252602
11.125,-6.8290991,-5.3409047,-6.788136,-4.3797841
11.126953,-6.943747,-5.3430924,-6.8926191,-4.5232243
11.128906,-7.0584144,-5.5748782,-7.0205683,-4.5560536
11.130859,-7.1745877,-5.7436499,-7.1382093,-4.5753788
11.132813,-7.2914166,-5.6903905,-7.2496476,-4.7077102
11.134766,-7.4062504,-5.6679792,-7.3665862,-4.8260388
11.136719,-7.5270214,-5.8347148,-7.4744834,-4.8437795
11.138672,-7.6306853,-5.9665074,-7.5802445,-4.881658
11.140625,-7.7498445,-5.9761905,-7.6848878,-5.0178585
11.142578,-7.8630476,-5.9459362,-7.805468,-5.1732173
11.144531,-7.9674887,-6.1030969,-7.925497,-5.2021575
11.146484,-8.0980968,-6.2802314,-8.0420723,-5.2438106
11.148438,-8.2027959,-6.2476091,-8.1616373,-5.3406934
11.150391,-8.3106317,-6.249669,-8.2587633,-5.4045977
11.152344,-8.427164,-6.3302683,-8.3772592,-5.4232702
11.154297,-8.5279769,-6.4897294,-8.5007534,-5.4551148
11.15625,-8.646451,-6.5811834,-8.5969572,-5.6297664
11.158203,-8.7601842,-6.5321874,-8.7146701,-5.7383737
11.160156,-8.8689842,-6.6261844,-8.8183765,-5.6967315
11.162109,-8.970622,-6.7539734,-8.919939,-5.7341995
11.164063,-9.0798463,-6.7432193,-9.05093,-5.9139232
11.166016,-9.2011842,-6.773899,-9.1544694,-6.0205469
11.167969,-9.294732,-6.962913,-9.2606411,-6.0003032
11.169922,-9.4031658,-7.0273585,-9.3822679,-6.0320682
11.171875,-9.5203332,-6.9212822,-9.4903183,-6.1199064
11.173828,-9.6323566,-7.0356292,-9.5966033,-6.2218117
11.175781,-9.7432813,-7.2387461,-9.688282,-6.2587513
11.177734,-9.8459367,-7.2291722,-9.8064451,-6.2823805
11.179688,-9.9560699,-7.1402154,-9.9190549,-6.3949737
11.181641,-10.06639,-7.2328467,-10.012205,-6.5040559
11.183594,-10.172896,-7.4648971,-10.121332,-6.5327878
11.185547,-10.27047,-7.5074105,-10.219244,-6.5482893
11.1875,-10.378537,-7.4021096,-10.331829,-6.635612
11.189453,-10.477434,-7.4771294,-10.434111,-6.7410707
11.191406,-10.585294,-7.7142243,-10.539347,-6.7743153
11.193359,-10.7041,-7.7637286,-10.651373,-6.787486
11.195313,-10.792622,-7.6621036,-10.744795,-6.8723745
11.197266,-10.901208,-7.7323613,-10.859822,-6.9546151
11.199219,-11.014711,-7.843975,-10.951432,-6.9777555
11.201172,-11.109723,-7.9097704,-11.051192,-7.0143556
11.203125,-11.215407,-7.9422721,-11.164365,-7.1072297
11.205078,-11.3119,-7.9243407,-11.264875,-7.1958584
11.207031,-11.403774,-8.0152502,-11.366731,-7.2421155
11.208984,-11.515471,-8.1335907,-11.468095,-7.2369551
11.210938,-11.614959,-8.1791782,-11.576025,-7.2212276
11.212891,-11.708796,-8.210411,-11.654848,-7.368956
11.214844,-11.812294,-8.2343959,-11.763516,-7.5297155
11.216797,-11.910498,-8.2940826,-11.866939,-7.4589052
11.21875,-12.010497,-8.3718872,-11.9649,-7.4104752
11.220703,-12.109813,-8.3621082,-12.073353,-7.594891
11.222656,-12.211809,-8.3617143,-12.158517,-7.7387909
11.224609,-12.309384,-8.4887008,-12.264426,-7.6206703
11.226563,-12.398954,-8.5629491,-12.3568,-7.561789
11.228516,-12.497678,-8.4956512,-12.447137,-7.8095221
11.230469,-12.602804,-8.5461158,-12.551662,-7.9702348
11.232422,-12.699987,-8.7454147,-12.633566,-7.8395505
11.234375,-12.79217,-8.7730455,-12.725536,-7.8008003
11.236328,-12.884279,-8.6575985,-12.824759,-8.0084676
11.238281,-12.978595,-8.7357778,-12.9127,-8.1628618
11.240234,-13.069605,-8.9143476,-13.01851,-8.0733957
11.242188,-13.15878,-8.9184608,-13.108484,-8.018507
11.244141,-13.257829,-8.8766307,-13.19961,-8.1444168
11.246094,-13.35446,-8.9665765,-13.308362,-8.2640991
11.248047,-13.44204,-9.0731334,-13.385808,-8.2400741
11.25,-13.522484,-9.0338697,-13.487969,-8.1808528
11.251953,-13.615199,-8.9851942,-13.591063,-8.3241367
11.253906,-13.715265,-9.116002,-13.668902,-8.4785594
11.255859,-13.798392,-9.2957611,-13.76498,-8.3996248
11.257813,-13.887762,-9.2618246,-13.856213,-8.2963848
11.259766,-13.989733,-9.126585,-13.958074,-8.4715471
11.261719,-14.067756,-9.2268352,-14.029671,-8.6629648
11.263672,-14.145708,-9.405755,-14.115344,-8.5597782
11.265625,-14.244098,-9.3614721,-14.197302,-8.4664392
11.267578,-14.332434,-9.3273553,-14.272917,-8.6511316
11.269531,-14.417115,-9.4791221,-14.369928,-8.8518533
11.271484,-14.498706,-9.5427522,-14.443533,-8.782401
11.273438,-14.583364,-9.4380426,-14.534981,-8.699294
11.275391,-14.666903,-9.4520645,-14.62014,-8.8210201
11.277344,-14.744619,-9.6506462,-14.699766,-8.9696722
11.279297,-14.835362,-9.7028064,-14.78185,-8.928895
11.28125,-14.917977,-9.590413,-14.875197,-8.8186883
11.283203,-14.995503,-9.6369295,-14.966371,-8.9408092
11.285156,-15.087136,-9.7540187,-15.060321,-9.117958
11.287109,-15.161947,-9.7468214,-15.135744,-9.0409784
11.289063,-15.245633,-9.7433118,-15.212758,-8.9179201
11.291016,-15.326972,-9.805726,-15.306275,-9.0385379
11.292969,-15.396234,-9.8589897,-15.367375,-9.2454462
11.294922,-15.474618,-9.8679685,-15.447091,-9.2133379
11.296875,-15.551617,-9.9258079,-15.523734,-9.081418
11.298828,-15.636565,-10.030693,-15.589847,-9.2190303
11.300781,-15.705179,-10.034803,-15.658632,-9.4349489
11.302734,-15.781162,-9.968811,-15.734182,-9.386774
11.304688,-15.865179,-10.006475,-15.815676,-9.2708625
11.306641,-15.933322,-10.145274,-15.86202,-9.4140043
11.308594,-16.0098,-10.16792,-15.943565,-9.5864515
11.310547,-16.081455,-10.082768,-16.030859,-9.4772424
11.3125,-16.149426,-10.144944,-16.107189,-9.4253692
11.314453,-16.232029,-10.283141,-16.204365,-9.590002
11.316406,-16.298336,-10.284346,-16.262157,-9.6267671
11.318359,-16.375175,-10.22296,-16.333763,-9.472886
11.320313,-16.452408,-10.241252,-16.403746,-9.4498243
11.322266,-16.511662,-10.358419,-16.473888,-9.6750755
11.324219,-16.584181,-10.364815,-16.548018,-9.7809419
11.326172,-16.649824,-10.304954,-16.60569,-9.639636
11.328125,-16.709909,-10.419049,-16.680325,-9.6134538
11.330078,-16.782526,-10.53507,-16.74091,-9.8075761
11.332031,-16.852301,-10.498788,-16.801411,-9.9062156
11.333984,-16.910851,-10.473763,-16.870348,-9.811182
11.335938,-16.972679,-10.528236,-16.945181,-9.7769699
11.337891,-17.032833,-10.575743,-17.010643,-9.926156
11.339844,-17.108158,-10.592136,-17.079199,-10.010176
11.341797,-17.168417,-10.629181,-17.126104,-9.8813104
11.34375,-17.235403,-10.689219,-17.176987,-9.8427772
11.345703,-17.300756,-10.64429,-17.272881,-10.013726
11.347656,-17.354879,-10.608741,-17.327539,-10.148225
11.349609,-17.421228,-10.693241,-17.382805,-10.070665
11.351563,-17.473112,-10.806882,-17.448183,-9.9295654
11.353516,-17.542332,-10.822006,-17.503441,-10.014108
11.355469,-17.595282,-10.750937,-17.5585,-10.211472
11.357422,-17.6584,-10.791124,-17.611364,-10.213411
11.359375,-17.719513,-10.887431,-17.688709,-10.078117
11.361328,-17.766722,-10.91256,-17.731863,-10.131193
11.363281,-17.826658,-10.815743,-17.773767,-10.330209
11.365234,-17.871544,-10.830969,-17.844587,-10.281079
11.367188,-17.940247,-11.036851,-17.886934,-10.137187
11.369141,-17.991589,-11.070337,-17.941086,-10.289837
11.371094,-18.029463,-10.927583,-17.986404,-10.464127
11.373047,-18.095964,-10.882755,-18.039942,-10.358493
11.375,-18.149328,-11.081523,-18.115768,-10.256968
11.376953,-18.190769,-11.229446,-18.168055,-10.406441
11.378906,-18.239147,-11.015604,-18.220869,-10.521182
11.380859,-18.289492,-10.899539,-18.266361,-10.370635
11.382813,-18.335367,-11.195595,-18.314562,-10.262963
11.384766,-18.38587,-11.368238,-18.360624,-10.433362
11.386719,-18.436237,-11.12286,-18.410915,-10.614122
11.388672,-18.494591,-10.98348,-18.462917,-10.520539
11.390625,-18.548164,-11.23055,-18.496897,-10.395019
11.392578,-18.580713,-11.350038,-18.550077,-10.529331
11.394531,-18.628082,-11.101045,-18.606834,-10.683661
11.396484,-18.676634,-11.025965,-18.657635,-10.604362
11.398438,-18.7138,-11.37262,-18.715145,-10.500373
11.400391,-18.757832,-11.515008,-18.737551,-10.569826
11.402344,-18.793858,-11.201338,-18.770922,-10.665143
11.404297,-18.829353,-11.112979,-18.817955,-10.63691
11.40625,-18.875721,-11.426992,-18.846724,-10.615287
11.408203,-18.9196,-11.557625,-18.895599,-10.70757
11.410156,-18.96067,-11.338359,-18.92564,-10.782377
11.412109,-19.000261,-11.205514,-18.9505,-10.756067
11.414063,-19.041777,-11.388261,-18.999569,-10.688577
11.416016,-19.074499,-11.504489,-19.039024,-10.763043
11.417969,-19.10466,-11.364248,-19.071434,-10.899315
11.419922,-19.140516,-11.305614,-19.109211,-10.818898
11.421875,-19.181494,-11.494116,-19.146645,-10.707904
11.423828,-19.212984,-11.623634,-19.171017,-10.808113
11.425781,-19.244099,-11.477948,-19.189877,-10.913878
11.427734,-19.279863,-11.336234,-19.240898,-10.858945
11.429688,-19.312729,-11.487126,-19.268608,-10.814843
11.431641,-19.344809,-11.660907,-19.294682,-10.901397
11.433594,-19.367138,-11.544727,-19.363092,-10.95348
11.435547,-19.407179,-11.396692,-19.370792,-10.888728
11.4375,-19.428385,-11.525249,-19.400761,-10.834243
11.439453,-19.450912,-11.708414,-19.438457,-10.860181
11.441406,-19.478796,-11.593544,-19.439659,-10.951882
11.443359,-19.494223,-11.478186,-19.480768,-10.964343
11.445313,-19.531702,-11.631221,-19.49058,-10.909765
11.447266,-19.563261,-11.771845,-19.516645,-10.965478
11.449219,-19.590357,-11.670744,-19.550835,-11.036161
11.451172,-19.608881,-11.486249,-19.578274,-11.047786
11.453125,-19.630726,-11.519403,-19.60181,-11.009109
11.455078,-19.652193,-11.69207,-19.612829,-10.963592
11.457031,-19.677467,-11.740081,-19.661642,-10.999935
11.458984,-19.700958,-11.662219,-19.672998,-11.049292
11.460938,-19.718472,-11.659525,-19.683449,-11.044244
11.462891,-19.747387,-11.683973,-19.703804,-10.980841
11.464844,-19.762684,-11.663921,-19.725031,-10.98668
11.466797,-19.778177,-11.668723,-19.753151,-11.107571
11.46875,-19.791739,-11.675035,-19.751551,-11.131917
11.470703,-19.803116,-11.714506,-19.768225,-11.020411
11.472656,-19.817507,-11.753017,-19.788347,-10.997838
11.474609,-19.828201,-11.765823,-19.7971,-11.145769
11.476563,-19.837738,-11.792218,-19.809608,-11.189826
11.478516,-19.863325,-11.773005,-19.826031,-11.054332
11.480469,-19.86805,-11.743001,-19.84631,-11.033673
11.482422,-19.868717,-11.764067,-19.867535,-11.142992
11.484375,-19.891665,-11.750949,-19.881084,-11.180989
11.486328,-19.907852,-11.758068,-19.879074,-11.089248
11.488281,-19.917055,-11.801694,-19.891684,-11.020882
11.490234,-19.914276,-11.761908,-19.900473,-11.099872
11.492188,-19.932339,-11.693709,-19.902763,-11.190562
11.494141,-19.940687,-11.751682,-19.921227,-11.142436
11.496094,-19.94585,-11.854367,-19.92499,-11.057916
11.498047,-19.952785,-11.786731,-19.921944,-11.114446
11.5,-19.954571,-11.704627,-19.935707,-11.176919
11.501953,-19.964216,-11.757266,-19.954296,-11.135436
11.503906,-19.967979,-11.816701,-19.942413,-11.110197
11.505859,-19.973877,-11.79872,-19.941862,-11.122851
11.507813,-19.971189,-11.756459,-19.96261,-11.13557
11.509766,-19.969151,-11.759855,-19.961264,-11.150821
11.511719,-19.978664,-11.783677,-19.961134,-11.144012
11.513672,-19.978085,-11.776352,-19.954126,-11.125278
11.515625,-19.975094,-11.75654,-19.9615,-11.136225
11.517578,-19.982819,-11.706785,-19.968275,-11.142237
11.519531,-19.97481,-11.637463,-19.953028,-11.114757
11.521484,-19.970802,-11.570086,-19.946211,-11.084227
11.523438,-19.97246,-11.484112,-19.95648,-11.079346
11.525391,-19.969517,-11.404867,-19.961794,-11.04011
11.527344,-19.963629,-11.273098,-19.957626,-10.992215
11.529297,-19.965588,-11.231483,-19.963696,-10.957621
11.53125,-19.973097,-11.204785,-19.946554,-10.907362
11.533203,-19.952362,-11.147495,-19.957073,-10.836855
11.535156,-19.94733,-11.266118,-19.973566,-10.753855
11.537109,-19.943213,-11.292994,-19.958506,-10.726265
11.539063,-19.917252,-11.194465,-19.942919,-10.568852
11.541016,-19.917227,-11.171613,-19.927214,-10.55055
11.542969,-19.908262,-11.248703,-19.935411,-10.849933
11.544922,-19.888844,-11.301657,-19.913689,-10.853568
11.546875,-19.880886,-11.176424,-19.895315,-10.579655
11.548828,-19.871691,-11.08685,-19.898243,-10.536801
11.550781,-19.861387,-11.194735,-19.887526,-10.769951
11.552734,-19.849636,-11.23843,-19.872408,-10.820593
11.554688,-19.838356,-11.085497,-19.854923,-10.565497
11.556641,-19.821165,-11.019629,-19.854158,-10.474194
11.558594,-19.805897,-11.133792,-19.832804,-10.677745
11.560547,-19.786251,-11.161789,-19.812828,-10.763131
11.5625,-19.775532,-11.034808,-19.791,-10.521513
11.564453,-19.766926,-10.998665,-19.763617,-10.407818
11.566406,-19.747282,-11.073412,-19.756536,-10.625546
11.568359,-19.71896,-11.037048,-19.744385,-10.710146
11.570313,-19.694674,-10.908253,-19.726482,-10.499802
11.572266,-19.681292,-10.926792,-19.70639,-10.371544
11.574219,-19.647753,-11.094419,-19.688522,-10.520783
11.576172,-19.62443,-11.060327,-19.65283,-10.587203
11.578125,-19.603523,-10.833141,-19.629869,-10.374269
11.580078,-19.570461,-10.848969,-19.60363,-10.289012
11.582031,-19.548332,-11.024225,-19.573957,-10.472678
11.583984,-19.527075,-10.936762,-19.566145,-10.522788
11.585938,-19.49844,-10.746507,-19.537355,-10.332962
11.587891,-19.46977,-10.769778,-19.500587,-10.248443
11.589844,-19.447546,-10.867665,-19.468733,-10.356706
11.591797,-19.425333,-10.819752,-19.454123,-10.384125
11.59375,-19.392309,-10.698846,-19.421095,-10.252099
11.595703,-19.353035,-10.669491,-19.375679,-10.177845
11.597656,-19.328295,-10.706584,-19.358498,-10.241071
11.599609,-19.301476,-10.729812,-19.328835,-10.269141
11.601563,-19.273981,-10.692608,-19.291628,-10.184715
11.603516,-19.236139,-10.615998,-19.27368,-10.105593
11.605469,-19.188272,-10.560659,-19.235296,-10.114014
11.607422,-19.163509,-10.531967,-19.191423,-10.129706
11.609375,-19.123095,-10.591818,-19.176189,-10.060587
11.611328,-19.077452,-10.650764,-19.137016,-10.011892
11.613281,-19.049294,-10.500305,-19.088627,-10.030602
11.615234,-19.007978,-10.376134,-19.051615,-9.9992122
11.617188,-18.962654,-10.49254,-19.020786,-9.9446907
11.619141,-18.917339,-10.515223,-18.995676,-9.9281816
11.621094,-18.888195,-10.370645,-18.932476,-9.9433479
11.623047,-18.858919,-10.335611,-18.879156,-9.9029426
11.625,-18.801996,-10.399585,-18.8514,-9.7961216
11.626953,-18.761433,-10.320072,-18.805656,-9.8269243
11.628906,-18.72366,-10.151055,-18.754553,-9.9222345
11.630859,-18.673801,-10.204988,-18.707863,-9.8244237
11.632813,-18.64237,-10.328055,-18.664953,-9.6570425
11.634766,-18.599016,-10.253708,-18.635979,-9.7034721
11.636719,-18.54977,-10.097942,-18.599319,-9.8267955
11.638672,-18.506783,-10.020361,-18.539713,-9.6997633
11.640625,-18.456547,-10.087872,-18.499538,-9.4810447
11.642578,-18.409948,-10.139489,-18.457043,-9.5216074
11.644531,-18.36385,-10.031389,-18.419882,-9.675909
11.646484,-18.31782,-9.9410409,-18.367865,-9.5932636
11.648438,-18.253792,-9.9738063,-18.30937,-9.3619756
11.650391,-18.206646,-9.989746,-18.270365,-9.3554401
11.652344,-18.174875,-9.9088506,-18.216522,-9.5291147
11.654297,-18.109447,-9.8798713,-18.161404,-9.4930162
11.65625,-18.046257,-9.8571405,-18.098032,-9.269905
11.658203,-18.002283,-9.7403659,-18.065847,-9.2229003
11.660156,-17.945972,-9.7496976,-18.020084,-9.396451
11.662109,-17.89926,-9.8410959,-17.943888,-9.4034061
11.664063,-17.845451,-9.7453527,-17.899651,-9.1357183
11.666016,-17.779434,-9.6016035,-17.833195,-9.044775
11.667969,-17.734535,-9.5644168,-17.770224,-9.25599
11.669922,-17.676208,-9.5940895,-17.729919,-9.2942762
11.671875,-17.614635,-9.6384353,-17.674465,-9.0467357
11.673828,-17.563112,-9.5368747,-17.623529,-8.9407472
11.675781,-17.501133,-9.4170093,-17.570635,-9.0717182
11.677734,-17.429502,-9.444848,-17.50536,-9.0846271
11.679688,-17.380548,-9.4565706,-17.428305,-8.8750534
11.681641,-17.328871,-9.4053621,-17.376638,-8.7656745
11.683594,-17.257933,-9.3715791,-17.32416,-8.9084901
11.685547,-17.191236,-9.2868804,-17.262863,-9.0039386
11.6875,-17.127977,-9.1975107,-17.198404,-8.8106355
11.689453,-17.073225,-9.2614393,-17.12421,-8.616373
11.691406,-17.007643,-9.3270454,-17.067644,-8.697196
11.693359,-16.936897,-9.1822357,-17.005686,-8.8349952
11.695313,-16.875925,-8.9848632,-16.942751,-8.717019
11.697266,-16.812284,-9.0493125,-16.879679,-8.4898748
11.699219,-16.742865,-9.200057,-16.812113,-8.5326089
11.701172,-16.673798,-9.0376567,-16.731764,-8.6533021
11.703125,-16.615208,-8.824151,-16.673063,-8.5312929
11.705078,-16.548159,-8.9250125,-16.603901,-8.3645172
11.707031,-16.471548,-9.0322303,-16.536461,-8.4151821
11.708984,-16.399994,-8.8258237,-16.482658,-8.499093
11.710938,-16.331053,-8.6510658,-16.395586,-8.3471555
11.712891,-16.270939,-8.8113679,-16.332441,-8.1802597
11.714844,-16.20129,-8.9202051,-16.259882,-8.2558746
11.716797,-16.122198,-8.6547174,-16.183149,-8.3494062
11.71875,-16.05085,-8.4139633,-16.133844,-8.2034606
11.720703,-15.98317,-8.5871114,-16.053703,-8.0396442
11.722656,-15.895083,-8.7767133,-15.970069,-8.090887
11.724609,-15.817672,-8.5600547,-15.907043,-8.14328
11.726563,-15.750293,-8.2822713,-15.832174,-8.018526
11.728516,-15.667284,-8.439887,-15.757686,-7.8986158
11.730469,-15.602895,-8.6472759,-15.671428,-7.9357476
11.732422,-15.522058,-8.3844299,-15.592036,-7.9650511
11.734375,-15.439163,-8.0935554,-15.524821,-7.8642568
11.736328,-15.372672,-8.2110948,-15.467267,-7.7855281
11.738281,-15.290481,-8.4117946,-15.38901,-7.7790613
11.740234,-15.207867,-8.2524118,-15.293374,-7.7268409
11.742188,-15.128872,-7.9621105,-15.22372,-7.6092829
11.744141,-15.056179,-8.0217027,-15.14572,-7.5869469
11.746094,-14.971807,-8.2272291,-15.067101,-7.6377301
11.748047,-14.894627,-8.073121,-14.980905,-7.5587635
11.75,-14.821194,-7.7638149,-14.903749,-7.4304757
11.751953,-14.72326,-7.8305463,-14.820909,-7.4026217
11.753906,-14.650748,-8.0026321,-14.73029,-7.4639854
11.755859,-14.571848,-7.8494796,-14.652942,-7.4097414
11.757813,-14.484068,-7.6607484,-14.573137,-7.2512435
11.759766,-14.404625,-7.6855535,-14.490611,-7.2325267
11.761719,-14.309287,-7.7346253,-14.395112,-7.2703819
11.763672,-14.22135,-7.6325082,-14.299537,-7.185595
11.765625,-14.140187,-7.5090875,-14.209986,-7.0685257
11.767578,-14.054107,-7.5536027,-14.136746,-7.0693116
11.769531,-13.961364,-7.5970792,-14.050699,-7.0916032
11.771484,-13.884276,-7.4194946,-13.952069,-7.0229573
11.773438,-13.791759,-7.2671952,-13.869117,-6.8954944
11.775391,-13.700114,-7.3521738,-13.781559,-6.8445024
11.777344,-13.612022,-7.3699526,-13.699095,-6.8634948
11.779297,-13.515148,-7.2222824,-13.604662,-6.8104062
11.78125,-13.43724,-7.1386857,-13.518273,-6.7016115
11.783203,-13.338044,-7.1718158,-13.413968,-6.6217961
11.785156,-13.243419,-7.1573467,-13.309231,-6.5832858
11.787109,-13.153779,-6.9952855,-13.241301,-6.5602946
11.789063,-13.055475,-6.9244241,-13.139647,-6.5781493
11.791016,-12.97765,-7.0129303,-13.04135,-6.5231823
11.792969,-12.880913,-6.9783206,-12.958982,-6.3627052
11.794922,-12.781218,-6.7796101,-12.857777,-6.3129625
11.796875,-12.694747,-6.6463532,-12.759723,-6.3859553
11.798828,-12.597372,-6.7410354,-12.695608,-6.3134946
11.800781,-12.514599,-6.8058576,-12.603423,-6.1231217
11.802734,-12.411686,-6.6233892,-12.496052,-6.1052351
11.804688,-12.311108,-6.4391608,-12.403583,-6.1213669
11.806641,-12.221714,-6.4566841,-12.291809,-5.9993338
11.808594,-12.120473,-6.5690298,-12.185089,-5.9114513
11.810547,-12.029223,-6.4838004,-12.090016,-5.9397501
11.8125,-11.92846,-6.2776675,-11.998693,-5.9525804
11.814453,-11.823571,-6.2257986,-11.897138,-5.849287
11.816406,-11.719612,-6.2930994,-11.800417,-5.7168498
11.818359,-11.632985,-6.2488412,-11.702065,-5.6784172
11.820313,-11.530901,-6.11482,-11.598781,-5.6841254
11.822266,-11.422046,-6.0818028,-11.495229,-5.6023478
11.824219,-11.331738,-6.0257606,-11.382729,-5.4814891
11.826172,-11.226522,-5.9428434,-11.284105,-5.4340481
11.828125,-11.126974,-5.8993315,-11.19373,-5.450695
11.830078,-11.034942,-5.8387684,-11.089076,-5.4133181
11.832031,-10.929483,-5.7826433,-10.996742,-5.2641429
11.833984,-10.815783,-5.7228288,-10.901146,-5.1503362
11.835938,-10.720296,-5.6407432,-10.78794,-5.1522526
11.837891,-10.619424,-5.5685005,-10.688939,-5.1318707
11.839844,-10.508742,-5.5781531,-10.593734,-5.0070099
11.841797,-10.412606,-5.5379023,-10.49387,-4.9017338
11.84375,-10.305764,-5.3817277,-10.370973,-4.8957161
11.845703,-10.196874,-5.3102598,-10.254712,-4.8664803
11.847656,-10.091811,-5.3191256,-10.15839,-4.7503905
11.849609,-9.9828834,-5.282886,-10.04981,-4.697299
11.851563,-9.8763055,-5.1846833,-9.9516553,-4.7143087
11.853516,-9.7593097,-5.0804257,-9.8462266,-4.6279897
11.855469,-9.654047,-5.0413465,-9.738676,-4.4881982
11.857422,-9.5561742,-5.0378217,-9.6409091,-4.4003973
11.859375,-9.4401931,-4.9875569,-9.5241947,-4.3830127
11.861328,-9.3285856,-4.8345799,-9.409523,-4.3430376
11.863281,-9.2247428,-4.7122082,-9.299838,-4.2090673
11.865234,-9.1222467,-4.7339906,-9.1847086,-4.1431164
11.867188,-9.0174017,-4.7319917,-9.0805978,-4.1327099
11.869141,-8.9104652,-4.5913534,-8.9857597,-4.0763611
11.871094,-8.7967166,-4.420144,-8.8717622,-3.9770579
11.873047,-8.6972227,-4.3843827,-8.7547512,-3.8708245
11.875,-8.589632,-4.4289903,-8.6466722,-3.7957694
11.876953,-8.464694,-4.3595771,-8.5329666,-3.7177879
11.878906,-8.3659248,-4.1693534,-8.4216671,-3.6773479
11.880859,-8.2499847,-4.0889244,-8.310111,-3.6072864
11.882813,-8.1292963,-4.1700515,-8.1966199,-3.4876468
11.884766,-8.0176801,-4.104959,-8.0786199,-3.4260385
11.886719,-7.9009022,-3.8994393,-7.9677939,-3.3835785
11.888672,-7.7886228,-3.8538389,-7.8508758,-3.3058984
11.890625,-7.680962,-3.9022793,-7.7303085,-3.1889865
11.892578,-7.5734586,-3.7969465,-7.6264529,-3.1245179
11.894531,-7.4569907,-3.6165392,-7.525978,-3.100821
11.896484,-7.3460092,-3.5234084,-7.4144153,-3.0072524
11.898438,-7.2283577,-3.4992678,-7.3051023,-2.8454322
11.900391,-7.1250715,-3.458111,-7.1890726,-2.7332017
11.902344,-7.0035829,-3.3442633,-7.0651097,-2.7192122
11.904297,-6.8736152,-3.2583699,-6.948821,-2.6481761
11.90625,-6.7720766,-3.185847,-6.8274211,-2.5156872
11.908203,-6.6501178,-3.140721,-6.7118401,-2.4357304
11.910156,-6.543519,-3.1013338,-6.6053919,-2.4067227
11.912109,-6.4282407,-2.9635889,-6.492484,-2.3447728
11.914063,-6.2964744,-2.8410828,-6.3591709,-2.208913
11.916016,-6.1883525,-2.7400279,-6.2556858,-2.0667092
11.917969,-6.0751013,-2.7215516,-6.1487755,-2.0100901
11.919922,-5.9552726,-2.7192823,-6.0126853,-1.9960171
11.921875,-5.8384623,-2.5681438,-5.900897,-1.8529155
11.923828,-5.7237696,-2.3911671,-5.7781224,-1.6895822
11.925781,-5.600594,-2.339343,-5.6667137,-1.6665853
11.927734,-5.481667,-2.37115,-5.5500378,-1.635636
11.929688,-5.3649487,-2.2537481,-5.417356,-1.4866193
11.931641,-5.2483682,-2.0739541,-5.3134222,-1.3211498
11.933594,-5.1381273,-2.0255754,-5.1995363,-1.2744045
11.935547,-5.0210399,-2.0078513,-5.076909,-1.2770886
11.9375,-4.8964114,-1.86927,-4.9593296,-1.1437647
11.939453,-4.7659087,-1.6760251,-4.8465986,-0.91696596
11.941406,-4.648745,-1.645135,-4.7244296,-0.84838212
11.943359,-4.5411453,-1.6778982,-4.6041178,-0.89213413
11.945313,-4.4222927,-1.5983748,-4.4870152,-0.77305299
11.947266,-4.3009209,-1.3867095,-4.3427104,-0.58116496
11.949219,-4.1733164,-1.2024067,-4.2187681,-0.50292629
11.951172,-4.0558042,-1.2265074,-4.1196718,-0.4868584
11.953125,-3.9425311,-1.2422602,-4.0056963,-0.45470634
11.955078,-3.819745,-1.0751955,-3.876697,-0.34866461
11.957031,-3.6991951,-0.88046449,-3.7581152,-0.16036895
11.958984,-3.5756092,-0.81366152,-3.6468391,-0.028141171
11.960938,-3.4640784,-0.81594408,-3.5219821,-0.073294014
11.962891,-3.3376522,-0.73213732,-3.4044325,-0.068722211
11.964844,-3.2099092,-0.57257402,-3.2838449,0.11977553
11.966797,-3.0830864,-0.45213258,-3.1595413,0.22055496
11.96875,-2.9618616,-0.45067111,-3.0454151,0.15504818
11.970703,-2.8520629,-0.43315828,-2.9240975,0.088755175
11.972656,-2.7216341,-0.29181886,-2.8040852,0.16552702
11.974609,-2.5914039,-0.14582536,-2.6696171,0.29610747
11.976563,-2.4743645,-0.066714801,-2.5418825,0.27671611
11.978516,-2.3685123,-0.067959629,-2.4167203,0.18195207
11.980469,-2.2468521,-0.052370455,-2.2876279,0.14770301
11.982422,-2.1178424,0.10083281,-2.18684,0.22231443
11.984375,-1.988596,0.26878321,-2.0672173,0.27896622
11.986328,-1.8693134,0.24562274,-1.937011,0.1901726
11.988281,-1.7570728,0.10706254,-1.8177681,0.18649207
11.990234,-1.6268875,0.11347633,-1.6881932,0.300017
11.992188,-1.5017111,0.31247634,-1.5640218,0.29627711
11.994141,-1.3753346,0.44997516,-1.4542263,0.199784
11.996094,-1.2528603,0.29804501,-1.3336536,0.18045652
11.998047,-1.1338484,0.12442181,-1.2196393,0.25480163
12.0,-1.0016467,0.2501592,-1.0945216,0.30065864
12.001953,-0.88592124,0.43899789,-0.96534908,0.25009587
12.003906,-0.76527733,0.3620142,-0.84520477,0.21606444
12.005859,-0.64044237,0.16516683,-0.71165121,0.29036668
12.007813,-0.52053481,0.239327,-0.58824354,0.30434391
12.009766,-0.39645398,0.46379855,-0.45077103,0.22274131
12.011719,-0.27851707,0.41169676,-0.33142948,0.22026113
12.013672,-0.14940317,0.19850817,-0.22769505,0.31227592
12.015625,-0.032773081,0.22553085,-0.10151388,0.31369773
12.017578,0.085112326,0.42904893,0.030691087,0.21641532
12.019531,0.21011505,0.41384602,0.16193865,0.26035428
12.021484,0.33277872,0.24227603,0.28831542,0.3706516
12.023438,0.47011441,0.26698843,0.40228695,0.32503286
12.025391,0.58741605,0.41554219,0.51824218,0.27310094
12.027344,0.70327514,0.37181857,0.65339947,0.42947224
12.029297,0.82323122,0.17165628,0.76568526,0.67383236
12.03125,0.95914799,0.23469284,0.87718511,0.73786443
12.033203,1.0821567,0.46128851,1.0120424,0.66337413
12.035156,1.1913716,0.42548394,1.1374301,0.78566074
12.037109,1.3345836,0.18038219,1.2530183,1.0475711
12.039063,1.4335767,0.19013,1.3705569,1.1379833
12.041016,1.5532608,0.52372426,1.4935977,1.1293039
12.042969,1.6905156,0.60235572,1.6245621,1.2514625
12.044922,1.8065639,0.42162779,1.7517602,1.5160424
12.046875,1.9259439,0.39324307,1.8691442,1.6746841
12.048828,2.0448682,0.6008485,1.9911475,1.6700058
12.050781,2.1741304,0.73687351,2.1134934,1.7034051
12.052734,2.2890329,0.66002309,2.2456388,1.8891071
12.054688,2.4294374,0.70053142,2.3640229,2.1302232
12.056641,2.5490479,0.94478428,2.4719538,2.1793255
12.058594,2.6647598,1.0955761,2.6028437,2.1419608
12.060547,2.7939782,1.001651,2.7181732,2.3624498
12.0625,2.908426,1.0817718,2.8359315,2.6449008
12.064453,3.0351998,1.4405359,2.9713645,2.6329009
12.066406,3.1534094,1.6366028,3.0904488,2.5783555
12.068359,3.2763216,1.5785828,3.1951222,2.7947409
12.070313,3.4012837,1.5930614,3.327126,3.0444018
12.072266,3.5193483,1.8579828,3.4677221,3.0151059
12.074219,3.6321196,2.0750336,3.5702476,2.9925508
12.076172,3.7492046,2.062818,3.6869945,3.2209646
12.078125,3.8774287,2.1020951,3.8087482,3.3920271
12.080078,4.0037593,2.3486418,3.9254002,3.4290106
12.082031,4.1231584,2.5308926,4.0562825,3.4868984
12.083984,4.2364163,2.5226595,4.1705169,3.6218383
12.085938,4.3524136,2.4880535,4.2961335,3.7890653
12.087891,4.4840159,2.6532442,4.4108166,3.8103838
12.089844,4.606924,2.9865071,4.5222401,3.8167398
12.091797,4.7119517,3.065324,4.6644959,4.0009107
12.09375,4.8353061,2.8819015,4.7801866,4.1678423
12.095703,4.9604477,3.0033118,4.8829226,4.189187
12.097656,5.0829825,3.4365277,5.014606,4.1783399
12.099609,5.1964001,3.5223944,5.1466264,4.3315086
12.101563,5.3156471,3.282454,5.2528495,4.5655303
12.103516,5.4383959,3.3475139,5.375637,4.5619864
12.105469,5.5529336,3.7799377,5.489644,4.4839448
12.107422,5.6676158,3.9584367,5.5963177,4.6668291
12.109375,5.7749676,3.7226777,5.7209172,4.9238877
12.111328,5.9099769,3.7191557,5.8345441,4.9355039
12.113281,6.0183801,4.1361217,5.9562549,4.8639946
12.115234,6.1256394,4.3574132,6.0667362,5.0300064
12.117188,6.2552766,4.1239008,6.1736125,5.2764949
12.119141,6.3635945,4.081305,6.2917976,5.2639851
12.121094,6.4860267,4.4751744,6.4134674,5.1785826
12.123047,6.6139349,4.685944,6.5364708,5.3610334
12.125,6.720932,4.5139813,6.6479764,5.6157617
12.126953,6.8209023,4.4401402,6.7493658,5.5734958
12.128906,6.9423222,4.6929807,6.8764948,5.4305152
12.130859,7.0590515,4.97579,6.9990572,5.632924
12.132813,7.1776952,5.0059065,7.11453,5.9385309
12.134766,7.2957673,4.8840675,7.2367658,5.9033675
12.136719,7.3995938,4.965444,7.3366894,5.7464976
12.138672,7.5257835,5.1915183,7.4551758,5.8808002
12.140625,7.6418848,5.264656,7.5720567,6.1722173
12.142578,7.7425723,5.2592535,7.6771736,6.2355437
12.144531,7.8588695,5.325335,7.7840108,6.1302557
12.146484,7.9769725,5.4705891,7.9092888,6.1752572
12.148438,8.0992231,5.5938801,8.0322942,6.411199
12.150391,8.2122745,5.6151237,8.1562233,6.5587153
12.152344,8.3195438,5.5954923,8.2725868,6.4493141
12.154297,8.4371147,5.6710481,8.3709011,6.3727207
12.15625,8.5367603,5.8395276,8.4787702,6.5635581
12.158203,8.6510477,5.938941,8.583496,6.7774457
12.160156,8.7651834,5.9626936,8.7047653,6.7674284
12.162109,8.8646192,6.0476431,8.8176002,6.7339105
12.164063,8.9850387,6.1223807,8.9211788,6.890295
12.166016,9.0892105,6.1457791,9.0287017,7.0366339
12.167969,9.1998348,6.2551493,9.1476793,7.0047082
12.169922,9.3185091,6.345241,9.2620315,6.9987888
12.171875,9.417881,6.3530721,9.3745536,7.154994
12.173828,9.5179987,6.3985471,9.4776878,7.2622308
12.175781,9.6364412,6.4985084,9.5663089,7.229866
12.177734,9.7464313,6.6389746,9.6745138,7.2266755
12.179688,9.8462858,6.7045421,9.7784719,7.3834691
12.181641,9.9569091,6.6446218,9.889821,7.5554027
12.183594,10.069991,6.7001314,9.9929857,7.5613741
12.185547,10.175399,6.9091386,10.101566,7.5354175
12.1875,10.262062,6.9710083,10.220656,7.5981302
12.189453,10.375282,6.840867,10.303622,7.7033662
12.191406,10.490777,6.9184641,10.418485,7.7622265
12.193359,10.590141,7.2613472,10.54361,7.742536
12.195313,10.701419,7.307579,10.634525,7.8088693
12.197266,10.799791,7.0267267,10.737161,7.9415893
12.199219,10.900609,7.0612216,10.823408,7.9628758
12.201172,11.004839,7.4414176,10.942607,7.9423527
12.203125,11.105289,7.5646023,11.057443,8.0383625
12.205078,11.215726,7.3615193,11.132209,8.2092895
12.207031,11.314548,7.3536829,11.243785,8.2201957
12.208984,11.421717,7.619831,11.350936,8.117094
12.210938,11.528507,7.7130713,11.454301,8.2317323
12.212891,11.617555,7.5906972,11.54819,8.456212
12.214844,11.718412,7.5904932,11.64799,8.4233522
12.216797,11.817183,7.8003697,11.761552,8.300457
12.21875,11.916256,7.9445691,11.859344,8.4331312
12.220703,12.020194,7.8829846,11.957029,8.6478576
12.222656,12.119402,7.8703427,12.048824,8.6120386
12.224609,12.211078,7.9928422,12.137247,8.5015087
12.226563,12.308397,8.0765209,12.239138,8.6285553
12.228516,12.413071,8.055439,12.35258,8.8421125
12.230469,12.504041,8.0997352,12.444365,8.8661127
12.232422,12.59609,8.2304477,12.534192,8.7550935
12.234375,12.700075,8.2501907,12.633579,8.7599363
12.236328,12.792423,8.2437658,12.718802,8.9279079
12.238281,12.881316,8.3279533,12.815477,9.0531826
12.240234,12.977198,8.4025182,12.925005,8.9962129
12.242188,13.063317,8.4332275,13.008533,8.96984
12.244141,13.158255,8.4894437,13.101583,9.1324777
12.246094,13.258646,8.544321,13.20866,9.2194347
12.248047,13.348434,8.5857944,13.29132,9.1481332
12.25,13.440703,8.6244115,13.374219,9.143361
12.251953,13.537002,8.6097688,13.47668,9.2798757
12.253906,13.62122,8.6598177,13.568057,9.3771619
12.255859,13.707216,8.7824668,13.64222,9.3447294
12.257813,13.809886,8.8203048,13.746025,9.3460149
12.259766,13.894818,8.8174743,13.84004,9.4595689
12.261719,13.981327,8.8665285,13.924604,9.5460529
12.263672,14.067122,8.9188985,14.01825,9.514121
12.265625,14.154416,8.946722,14.100792,9.5051775
12.267578,14.257801,9.0155305,14.191257,9.5978384
12.269531,14.339043,9.0828676,14.27248,9.684308
12.271484,14.413726,9.0614442,14.352804,9.6762657
12.273438,14.499691,9.0287008,14.435614,9.6722898
12.275391,14.581177,9.1443481,14.519031,9.7578468
12.277344,14.664114,9.3169269,14.61014,9.8680391
12.279297,14.758254,9.3076257,14.701816,9.9018449
12.28125,14.842882,9.2351751,14.780222,9.8557968
12.283203,14.928115,9.2865047,14.853342,9.8811178
12.285156,15.008046,9.3536691,14.946992,9.9785289
12.287109,15.081266,9.3647832,15.023554,10.021529
12.289063,15.163945,9.396286,15.105597,9.9972572
12.291016,15.248829,9.4901418,15.19434,10.028762
12.292969,15.32476,9.5652294,15.26309,10.129023
12.294922,15.406672,9.5579643,15.348064,10.166158
12.296875,15.492246,9.5283346,15.41962,10.151078
12.298828,15.557043,9.5812864,15.488507,10.205272
12.300781,15.631695,9.6754589,15.580317,10.280414
12.302734,15.709901,9.6910257,15.660448,10.299747
12.304688,15.784279,9.7411155,15.727131,10.329562
12.306641,15.86731,9.804635,15.802508,10.339986
12.308594,15.945036,9.7923488,15.885139,10.353502
12.310547,16.022985,9.8156518,15.948004,10.424738
12.3125,16.095377,9.8351392,16.013662,10.477859
12.314453,16.156595,9.8565559,16.09798,10.458544
12.316406,16.236704,9.8892087,16.183352,10.4855
12.318359,16.314737,9.9561262,16.257984,10.592344
12.320313,16.381433,10.064895,16.328176,10.603575
12.322266,16.444645,10.037385,16.401051,10.52904
12.324219,16.511307,9.9622478,16.467686,10.550811
12.326172,16.583057,10.042495,16.536999,10.679559
12.328125,16.656122,10.227663,16.608404,10.733385
12.330078,16.726212,10.235456,16.696518,10.69711
12.332031,16.788074,10.087766,16.759577,10.705503
12.333984,16.868362,10.111188,16.805557,10.787064
12.335938,16.923819,10.275008,16.882957,10.8105
12.337891,16.980486,10.326456,16.942272,10.789839
12.339844,17.054472,10.22765,16.99547,10.866211
12.341797,17.118267,10.266331,17.063366,10.952425
12.34375,17.182325,10.441761,17.128794,10.948256
12.345703,17.241302,10.437729,17.192415,10.924544
12.347656,17.308998,10.313259,17.263124,10.987138
12.349609,17.371609,10.359681,17.332869,11.050138
12.351563,17.433916,10.529662,17.382177,11.013244
12.353516,17.494312,10.534053,17.433773,10.988964
12.355469,17.556068,10.430993,17.50186,11.048624
12.357422,17.613289,10.462249,17.57761,11.122543
12.359375,17.663744,10.608285,17.633224,11.136066
12.361328,17.727356,10.632848,17.685516,11.119113
12.363281,17.782516,10.571823,17.750973,11.122416
12.365234,17.841099,10.635933,17.807138,11.1687
12.367188,17.900532,10.70654,17.867922,11.234283
12.369141,17.957045,10.676154,17.914074,11.240726
12.371094,18.013266,10.653645,17.958263,11.217973
12.373047,18.065008,10.701735,18.018568,11.252446
12.375,18.115417,10.74906,18.061468,11.329136
12.376953,18.160702,10.775333,18.112896,11.365598
12.378906,18.216257,10.810131,18.151461,11.351529
12.380859,18.271347,10.856786,18.208878,11.361546
12.382813,18.317142,10.870564,18.300797,11.409381
12.384766,18.365417,10.836133,18.340727,11.468168
12.386719,18.415483,10.846058,18.384321,11.449723
12.388672,18.459328,10.926677,18.426615,11.333177
12.390625,18.514971,10.968459,18.488115,11.362884
12.392578,18.558891,10.929973,18.551083,11.540412
12.394531,18.599312,10.948223,18.571808,11.577807
12.396484,18.658285,10.977442,18.611429,11.431412
12.398438,18.701786,10.991544,18.649811,11.398558
12.400391,18.741499,11.033719,18.706156,11.617747
12.402344,18.79228,11.019211,18.739408,11.742256
12.404297,18.839287,11.014657,18.773218,11.593154
12.40625,18.868376,11.074015,18.816965,11.488737
12.408203,18.910561,11.100394,18.846521,11.661641
12.410156,18.946133,11.078872,18.902128,11.820273
12.412109,18.980446,11.137029,18.939646,11.705777
12.414063,19.030085,11.208915,18.980223,11.577887
12.416016,19.068937,11.198557,19.025406,11.682229
12.417969,19.103613,11.155411,19.063639,11.830412
12.419922,19.135088,11.133932,19.097252,11.765695
12.421875,19.183191,11.190762,19.132952,11.629586
12.423828,19.219547,11.267876,19.169411,11.70212
12.425781,19.250546,11.278361,19.204779,11.873122
12.427734,19.293344,11.195441,19.260975,11.848924
12.429688,19.330029,11.176648,19.290174,11.720067
12.431641,19.360937,11.304054,19.30908,11.755947
12.433594,19.386618,11.326579,19.355326,11.875431
12.435547,19.414753,11.221862,19.379591,11.870687
12.4375,19.449261,11.261786,19.415173,11.80486
12.439453,19.476702,11.429024,19.446445,11.829818
12.441406,19.498196,11.434656,19.443026,11.921488
12.443359,19.528204,11.268813,19.481821,11.931355
12.445313,19.559177,11.266198,19.516352,11.885626
12.447266,19.584631,11.463845,19.545517,11.943813
12.449219,19.602962,11.508685,19.575781,12.024701
12.451172,19.630503,11.316553,19.592302,11.967013
12.453125,19.658213,11.264915,19.625416,11.888022
12.455078,19.685114,11.484408,19.654709,11.955188
12.457031,19.70347,11.568977,19.686571,12.043921
12.458984,19.727606,11.3745,19.721552,12.008759
12.460938,19.750599,11.276446,19.737343,11.928426
12.462891,19.764622,11.473819,19.741575,11.934175
12.464844,19.792139,11.600334,19.760048,12.00954
12.466797,19.8097,11.449314,19.783033,12.05149
12.46875,19.836817,11.348707,19.798281,12.042205
12.470703,19.853964,11.461755,19.815662,12.031387
12.472656,19.861429,11.575709,19.842306,12.059364
12.474609,19.884575,11.478467,19.834942,12.091587
12.476563,19.896507,11.377543,19.840195,12.091127
12.478516,19.908041,11.498787,19.871521,12.079678
12.480469,19.930748,11.616817,19.887558,12.095719
12.482422,19.933443,11.557754,19.910744,12.141915
12.484375,19.946276,11.431661,19.922787,12.144451
12.486328,19.963257,11.460896,19.939135,12.083957
12.488281,19.967588,11.631115,19.945904,12.07282
12.490234,19.989624,11.619399,19.955856,12.122776
12.492188,19.992535,11.457279,19.972456,12.137562
12.494141,19.997116,11.441824,19.984314,12.123058
12.496094,20.00989,11.564529,19.999474,12.113127
12.498047,20.011967,11.62891,19.997349,12.125414
12.5,20.020754,11.548555,19.991571,12.149395
12.501953,20.038723,11.485211,20.009546,12.14931
12.503906,20.045597,11.557018,20.018066,12.142546
12.505859,20.045715,11.609182,20.033009,12.16739
12.507813,20.053789,11.51577,20.061968,12.176432
12.509766,20.058407,11.463556,20.050915,12.149058
12.511719,20.066402,11.548361,20.059971,12.132823
12.513672,20.06769,11.58486,20.052439,12.132543
12.515625,20.060545,11.524982,20.05249,12.160142
12.517578,20.064657,11.469792,20.068241,12.180839
12.519531,20.069368,11.513205,20.05426,12.175447
12.521484,20.073038,11.5414,20.05653,12.167122
12.523438,20.077669,11.493221,20.068037,12.176767
12.525391,20.074133,11.457477,20.073427,12.171944
12.527344,20.06941,11.357695,20.070518,12.173529
12.529297,20.071524,11.243145,20.079344,12.168706
12.53125,20.068266,11.148907,20.070023,12.110053
12.533203,20.063465,11.057522,20.066465,12.098146
12.535156,20.062347,10.821576,20.065376,12.023853
12.537109,20.050711,10.538827,20.06027,11.916035
12.539063,20.051996,10.670211,20.052853,11.803925
12.541016,20.039324,10.874006,20.039024,11.697158
12.542969,20.030197,10.7343,20.042652,11.511861
12.544922,20.028826,10.499012,20.033733,11.173906
12.546875,19.998423,10.576293,20.025696,11.252442
12.548828,19.984167,10.797823,20.031395,11.537734
12.550781,19.9674,10.69387,20.03229,11.46067
12.552734,19.949194,10.545226,19.998747,11.190648
12.554688,19.933771,10.637997,19.974699,11.1535
12.556641,19.910339,10.761524,19.971172,11.402107
12.558594,19.890167,10.647132,19.938948,11.457265
12.560547,19.871037,10.44276,19.918541,11.241584
12.5625,19.85544,10.507689,19.921915,11.153915
12.564453,19.833807,10.68204,19.897131,11.358774
12.566406,19.813723,10.592133,19.878345,11.437749
12.568359,19.784901,10.3648,19.86272,11.161858
12.570313,19.765429,10.37977,19.806044,11.006979
12.572266,19.746576,10.570962,19.785223,11.222477
12.574219,19.71204,10.567424,19.763439,11.36445
12.576172,19.691633,10.322279,19.716499,11.20279
12.578125,19.670349,10.247376,19.691689,11.056627
12.580078,19.637232,10.465477,19.668779,11.162818
12.582031,19.607424,10.495321,19.645927,11.304823
12.583984,19.584936,10.222086,19.607267,11.159987
12.585938,19.549894,10.187222,19.571045,10.944161
12.587891,19.514484,10.421811,19.55908,10.986095
12.589844,19.483383,10.391223,19.545311,11.152585
12.591797,19.461924,10.153721,19.508551,11.092608
12.59375,19.43248,10.164656,19.471632,10.814458
12.595703,19.394327,10.3304,19.433985,10.737253
12.597656,19.372259,10.184235,19.397633,10.944249
12.599609,19.338856,9.9485712,19.375702,11.026947
12.601563,19.306574,10.072777,19.341177,10.828214
12.603516,19.268799,10.23892,19.313543,10.709817
12.605469,19.240469,10.080276,19.278662,10.791562
12.607422,19.203913,9.8684158,19.240788,10.848393
12.609375,19.163191,9.9883146,19.214128,10.784014
12.611328,19.130968,10.115899,19.164936,10.66396
12.613281,19.07332,9.9689731,19.122887,10.650059
12.615234,19.041878,9.8204965,19.089361,10.696716
12.617188,18.999865,9.8683214,19.04689,10.679784
12.619141,18.95245,10.046259,18.998108,10.60982
12.621094,18.924198,9.9581737,18.949194,10.550353
12.623047,18.87591,9.6875925,18.899794,10.569724
12.625,18.841194,9.6987247,18.879826,10.598676
12.626953,18.797562,9.8552017,18.848518,10.559866
12.628906,18.754505,9.8083095,18.780762,10.475729
12.630859,18.710388,9.5660276,18.731213,10.384965
12.632813,18.652281,9.5321312,18.694359,10.356251
12.634766,18.604813,9.7366199,18.65217,10.421235
12.636719,18.560894,9.7676954,18.589142,10.435852
12.638672,18.526253,9.5786056,18.537069,10.30044
12.640625,18.475248,9.4721422,18.509937,10.216296
12.642578,18.416344,9.5341939,18.481499,10.330466
12.644531,18.373285,9.4858455,18.416481,10.371305
12.646484,18.331108,9.393197,18.366936,10.128518
12.648438,18.274265,9.4547643,18.327644,9.9449548
12.650391,18.214535,9.459033,18.263905,10.128601
12.652344,18.164568,9.3010778,18.211784,10.267895
12.654297,18.129696,9.2500257,18.159914,10.031078
12.65625,18.069054,9.3823127,18.105963,9.8667621
12.658203,18.00939,9.3663854,18.049376,10.034423
12.660156,17.956623,9.0968217,17.989704,10.13363
12.662109,17.882063,9.0325136,17.92515,9.9291667
12.664063,17.830709,9.2597627,17.875908,9.7642183
12.666016,17.773605,9.3198528,17.824142,9.9206991
12.667969,17.719988,9.1342306,17.770565,10.046585
12.669922,17.663723,8.9330949,17.708952,9.8184251
12.671875,17.603739,8.9530668,17.640545,9.5948905
12.673828,17.545902,9.0637645,17.600523,9.6991853
12.675781,17.492924,9.0063762,17.551458,9.8407573
12.677734,17.435022,8.8414611,17.478203,9.7018337
12.679688,17.356184,8.7728424,17.416029,9.4636793
12.681641,17.290386,8.847372,17.383627,9.4795551
12.683594,17.229494,8.8882532,17.315948,9.6579666
12.685547,17.176184,8.8283691,17.235468,9.5969839
12.6875,17.122633,8.7604551,17.168188,9.3154382
12.689453,17.05068,8.7208623,17.094074,9.2881841
12.691406,16.979935,8.6029357,17.040564,9.5470933
12.693359,16.9233,8.4751358,16.957668,9.5645923
12.695313,16.848356,8.5657053,16.886471,9.2878503
12.697266,16.776407,8.7103176,16.82509,9.1771488
12.699219,16.714468,8.5723838,16.747715,9.3646755
12.701172,16.637691,8.3651485,16.702747,9.413517
12.703125,16.566429,8.3967008,16.639355,9.1436872
12.705078,16.495491,8.5010671,16.557203,8.9988002
12.707031,16.430721,8.4528732,16.499357,9.1033449
12.708984,16.366838,8.2783937,16.431002,9.1346044
12.710938,16.291388,8.2106924,16.347515,8.9935674
12.712891,16.218384,8.2664346,16.280575,8.8884449
12.714844,16.13777,8.2195453,16.211578,8.9282369
12.716797,16.069883,8.0993471,16.128799,8.9787979
12.71875,16.00153,8.0993995,16.052275,8.9034671
12.720703,15.923081,8.19631,16.001938,8.7685251
12.722656,15.843542,8.1021165,15.9224,8.7827978
12.724609,15.767554,7.8640518,15.833466,8.8393364
12.726563,15.708933,7.8637423,15.766585,8.6778821
12.728516,15.622758,8.0710926,15.682412,8.5390396
12.730469,15.537709,8.0042724,15.618635,8.6213483
12.732422,15.462577,7.6257782,15.536504,8.6873693
12.734375,15.385197,7.6233811,15.438439,8.5338821
12.736328,15.31074,7.9771709,15.367182,8.3311233
12.738281,15.229038,7.9213132,15.288664,8.434906
12.740234,15.155707,7.4897055,15.211223,8.6152229
12.742188,15.079139,7.3905506,15.127252,8.4544115
12.744141,14.997766,7.67844,15.034521,8.1812963
12.746094,14.909905,7.7106666,14.961077,8.2095642
12.748047,14.824182,7.3622179,14.882287,8.3909015
12.75,14.741787,7.2420873,14.791715,8.3162164
12.751953,14.65719,7.517703,14.714567,8.051279
12.753906,14.579757,7.591227,14.634969,7.9957947
12.755859,14.492929,7.2647724,14.540711,8.1653022
12.757813,14.407682,7.0611295,14.456882,8.1315765
12.759766,14.327956,7.2151675,14.381247,7.8683099
12.761719,14.242112,7.3172535,14.291449,7.8228607
12.763672,14.151806,7.1159806,14.212584,7.9991669
12.765625,14.061877,6.9072108,14.129417,7.933968
12.767578,13.974731,6.9858694,14.034627,7.6679868
12.769531,13.886638,7.1488032,13.95136,7.632862
12.771484,13.794855,7.0100584,13.865916,7.7687263
12.773438,13.706646,6.7545719,13.773004,7.7363176
12.775391,13.626911,6.774302,13.685754,7.5281467
12.777344,13.525679,6.9259109,13.600824,7.4449458
12.779297,13.431346,6.8086051,13.505498,7.5667815
12.78125,13.352364,6.5118613,13.414844,7.5551028
12.783203,13.254012,6.5755477,13.315509,7.3436555
12.785156,13.164535,6.7902751,13.217328,7.2711668
12.787109,13.079259,6.5824589,13.118403,7.3714518
12.789063,12.982724,6.2878222,13.0232,7.3866739
12.791016,12.887113,6.3610663,12.948661,7.2164979
12.792969,12.794766,6.5299439,12.842411,7.1018338
12.794922,12.696485,6.393258,12.734661,7.1732559
12.796875,12.593476,6.1491632,12.64373,7.1118536
12.798828,12.505249,6.172697,12.549257,6.9474678
12.800781,12.405981,6.3161988,12.457638,6.9514665
12.802734,12.319642,6.2305245,12.35761,6.9957795
12.804688,12.22253,5.9666266,12.270814,6.8955802
12.806641,12.110888,5.9055132,12.175603,6.7221427
12.808594,12.021319,5.9944791,12.08601,6.709011
12.810547,11.91455,5.9599828,11.997128,6.7409467
12.8125,11.829475,5.8427963,11.89406,6.6236729
12.814453,11.731396,5.7568764,11.807258,6.4976897
12.816406,11.623682,5.7602124,11.701519,6.472917
12.818359,11.528255,5.6772074,11.595255,6.4861335
12.820313,11.428956,5.5326004,11.492962,6.4163947
12.822266,11.336316,5.5489196,11.377143,6.3325982
12.824219,11.222428,5.5798859,11.274609,6.3168668
12.826172,11.124663,5.4463143,11.1857,6.3157396
12.828125,11.025061,5.2640347,11.080107,6.2826457
12.830078,10.91884,5.3001098,10.978138,6.1771965
12.832031,10.814959,5.386579,10.883095,6.0770325
12.833984,10.702338,5.2105379,10.773538,6.0715365
12.835938,10.612194,5.02598,10.674996,6.0271105
12.837891,10.510591,5.0745701,10.56522,5.8220796
12.839844,10.398306,5.1382041,10.455823,5.7530674
12.841797,10.292153,4.9386677,10.354361,5.9006619
12.84375,10.185296,4.7171263,10.254844,5.8465595
12.845703,10.086297,4.811542,10.164084,5.6091885
12.847656,9.9856348,4.9218111,10.051215,5.530425
12.849609,9.8751554,4.7203941,9.9374933,5.6082224
12.851563,9.7591285,4.4405236,9.8393316,5.5268969
12.853516,9.6490688,4.4322938,9.73283,5.3146629
12.855469,9.5464525,4.6104531,9.6283016,5.3179798
12.857422,9.4431228,4.5823941,9.52532,5.3721818
12.859375,9.3284034,4.3148422,9.4101114,5.2813978
12.861328,9.2150316,4.1332116,9.2934684,5.1061267
12.863281,9.1110763,4.2169065,9.1873388,5.0460963
12.865234,9.0110817,4.2994012,9.0860223,5.1161613
12.867188,8.9037513,4.1112585,8.9623241,5.0437984
12.869141,8.7932825,3.870017,8.8633842,4.8937354
12.871094,8.6820659,3.7781589,8.7467718,4.7840085
12.873047,8.5721416,3.9018724,8.6180629,4.8492384
12.875,8.4683494,3.890412,8.533864,4.820764
12.876953,8.3482914,3.609832,8.4094352,4.5912761
12.878906,8.2390241,3.4817757,8.3013792,4.545269
12.880859,8.1288766,3.5745201,8.1898889,4.5512199
12.882813,8.0116748,3.6472902,8.052206,4.4442973
12.884766,7.9051179,3.3374314,7.9618191,4.3247022
12.886719,7.7936625,3.1268599,7.8514947,4.3217492
12.888672,7.6790504,3.3601369,7.7365694,4.3108224
12.890625,7.563867,3.303899,7.6371417,4.1386513
12.892578,7.4546556,2.9092752,7.5221829,3.9832084
12.894531,7.3387532,2.8105244,7.4074697,3.9917337
12.896484,7.217648,3.0357821,7.2854371,3.9554452
12.898438,7.1104326,2.9712665,7.1708841,3.7974281
12.900391,6.9997806,2.6173386,7.0457086,3.7454183
12.902344,6.8845133,2.5206306,6.9282541,3.749948
12.904297,6.7649111,2.6539356,6.8268256,3.6797485
12.90625,6.6405763,2.5646174,6.7139272,3.5336737
12.908203,6.5383396,2.2579913,6.6023006,3.4605095
12.910156,6.4233331,2.2425751,6.4904971,3.4483015
12.912109,6.3038721,2.3936028,6.3724613,3.2641267
12.914063,6.1830849,2.1761608,6.245006,3.1071822
12.916016,6.0593504,1.8395704,6.1266555,3.1540799
12.917969,5.9538121,1.8774156,6.0101547,3.1571993
12.919922,5.8354053,2.072987,5.9021453,2.9919381
12.921875,5.7180824,1.8985461,5.7782888,2.8431892
12.923828,5.6042447,1.4885076,5.642919,2.8284518
12.925781,5.4890022,1.4195476,5.547101,2.7616391
12.927734,5.3691282,1.6317499,5.4252615,2.6306324
12.929688,5.2515749,1.5212124,5.2954707,2.5731508
12.931641,5.1360502,1.1234021,5.1904621,2.4718422
12.933594,5.0135903,1.0960122,5.0680604,2.3250031
12.935547,4.8929681,1.2808369,4.9496593,2.2739031
12.9375,4.7652864,1.1175346,4.8342294,2.2230849
12.939453,4.6561746,0.78848505,4.7111625,2.0941267
12.941406,4.5468173,0.77350914,4.5870785,1.9762671
12.943359,4.4272313,0.91646183,4.4657459,1.9081333
12.945313,4.3012666,0.70705605,4.3433737,1.8454881
12.947266,4.1665039,0.35367873,4.2381234,1.7443295
12.949219,4.0621352,0.33256507,4.1132664,1.6560095
12.951172,3.9461031,0.57846034,3.9946849,1.560512
12.953125,3.811896,0.53349864,3.8873834,1.4072465
12.955078,3.6978023,0.11839382,3.7500228,1.3126559
12.957031,3.5868451,-0.056869909,3.6236162,1.2698197
12.958984,3.461842,0.19592643,3.4993946,1.163462
12.960938,3.3326735,0.23647854,3.3854491,1.0307095
12.962891,3.2142202,-0.15352815,3.2569861,0.99961233
12.964844,3.0932631,-0.23918031,3.1430444,0.97031927
12.966797,2.9703126,0.035980508,3.0390772,0.76960087
12.96875,2.8490176,0.08003556,2.8998222,0.60313189
12.970703,2.7306578,-0.22139147,2.7735533,0.5905003
12.972656,2.6085693,-0.32543424,2.6576876,0.55776966
12.974609,2.4793493,-0.08019942,2.5463702,0.40882984
12.976563,2.3558471,-0.033970665,2.4171659,0.29876116
12.978516,2.2323019,-0.2287984,2.2896027,0.29617822
12.980469,2.1075437,-0.26681226,2.1719694,0.19066958
12.982422,2.0031187,-0.084441133,2.0358583,0.067131728
12.984375,1.8783801,-0.058885291,1.9311907,0.056729209
12.986328,1.7391821,-0.21919315,1.8183591,0.066775963
12.988281,1.6208539,-0.32338846,1.6808159,0.017295148
12.990234,1.4976594,-0.20843485,1.5562645,-0.10832945
12.992188,1.3763748,0.0017327508,1.4385248,-0.14893587
12.994141,1.2500693,-0.082266606,1.3283978,-0.057358798
12.996094,1.1305173,-0.2800861,1.1997859,-0.019156178
12.998047,1.010896,-0.24464253,1.0663255,-0.13448307
13.0,0.89779842,-0.083707362,0.95476425,-0.22329655
13.001953,0.77753752,-0.12461082,0.84085608,-0.11368553
13.003906,0.6424728,-0.30005908,0.70759684,-0.0007052226
13.005859,0.52340633,-0.2815803,0.5742687,-0.11878493
13.007813,0.40260366,-0.13709578,0.45299184,-0.26378131
13.009766,0.27993566,-0.062909417,0.32622582,-0.12221435
13.011719,0.16761383,-0.15782742,0.19213213,0.046327092
13.013672,0.045240507,-0.28059483,0.079766199,-0.10327707
13.015625,-0.087059803,-0.22038692,-0.032812074,-0.23372306
13.017578,-0.20530675,-0.18312663,-0.1644657,-0.091897301
13.019531,-0.33148256,-0.21480231,-0.2847572,-0.0021866658
13.021484,-0.45484936,-0.23014387,-0.40911484,-0.16566789
13.023438,-0.58344114,-0.31410709,-0.54638994,-0.25480554
13.025391,-0.71020174,-0.43256804,-0.68160117,-0.10546958
13.027344,-0.82585663,-0.48838046,-0.78834748,-0.020721499
13.029297,-0.95425868,-0.49763659,-0.89800328,-0.087677069
13.03125,-1.0737234,-0.62103754,-1.0242943,-0.16453306
13.033203,-1.1966069,-0.80896121,-1.1383906,-0.1580829
13.035156,-1.3198251,-0.91074169,-1.267131,-0.16132234
13.037109,-1.4440434,-0.95701581,-1.3876107,-0.24825828
13.039063,-1.5749443,-1.0946713,-1.5018653,-0.28429389
13.041016,-1.6850785,-1.2476632,-1.6301997,-0.2283299
13.042969,-1.8041051,-1.3219021,-1.7586851,-0.25377908
13.044922,-1.9353402,-1.426439,-1.8770003,-0.35860109
13.046875,-2.0501432,-1.6253262,-2.001466,-0.37014341
13.048828,-2.1704032,-1.801604,-2.1195781,-0.36099544
13.050781,-2.2889788,-1.7878676,-2.2363007,-0.45903549
13.052734,-2.4028475,-1.8889294,-2.3639795,-0.58618432
13.054688,-2.530997,-2.1310203,-2.4642996,-0.65776485
13.056641,-2.6594872,-2.234863,-2.5934574,-0.74383485
13.058594,-2.7777888,-2.2652251,-2.7280075,-0.92013842
13.060547,-2.8958261,-2.3016812,-2.835551,-1.0950657
13.0625,-3.022207,-2.4625442,-2.9713807,-1.1490961
13.064453,-3.1471426,-2.6465308,-3.1024978,-1.1651676
13.066406,-3.2653548,-2.739794,-3.2143049,-1.3444191
13.068359,-3.3875701,-2.7640698,-3.3354888,-1.5571856
13.070313,-3.5106701,-2.8446502,-3.4590287,-1.5477283
13.072266,-3.6280953,-3.0420537,-3.5707182,-1.6179926
13.074219,-3.7491648,-3.1329937,-3.6871318,-1.8814188
13.076172,-3.867984,-3.1867704,-3.8051936,-2.0265901
13.078125,-3.9896266,-3.3282995,-3.9285996,-2.0396096
13.080078,-4.1100435,-3.4604077,-4.0558929,-2.1475491
13.082031,-4.2280173,-3.4987003,-4.174426,-2.3708026
13.083984,-4.3493714,-3.5632846,-4.2953248,-2.4415493
13.085938,-4.4670186,-3.7229647,-4.4193248,-2.4182372
13.087891,-4.5911603,-3.832298,-4.5441293,-2.5398423
13.089844,-4.710813,-3.8946206,-4.6599283,-2.7579855
13.091797,-4.827465,-3.9457042,-4.7704553,-2.8446478
13.09375,-4.9485378,-4.0461611,-4.8950738,-2.8387646
13.095703,-5.066729,-4.1866264,-5.009418,-2.9693563
13.097656,-5.1793928,-4.2569813,-5.1253433,-3.1837315
13.099609,-5.2912554,-4.3264999,-5.2642726,-3.2727739
13.101563,-5.4111237,-4.4311604,-5.3848195,-3.2497739
13.103516,-5.5357904,-4.5313973,-5.4932847,-3.3601431
13.105469,-5.6476025,-4.6355166,-5.6128888,-3.5045261
13.107422,-5.7713432,-4.6836433,-5.7377495,-3.5556883
13.109375,-5.8941888,-4.7335295,-5.8447732,-3.634983
13.111328,-6.01058,-4.8582658,-5.9561486,-3.7729659
13.113281,-6.140716,-4.8970413,-6.078772,-3.8777597
13.115234,-6.2440743,-4.9556961,-6.1880087,-3.9333877
13.117188,-6.3616366,-5.0829014,-6.3088831,-4.051826
13.119141,-6.4868497,-5.1505475,-6.4326691,-4.1388373
13.121094,-6.59621,-5.2373786,-6.5406856,-4.1918845
13.123047,-6.7181835,-5.304234,-6.6694784,-4.2822442
13.125,-6.841113,-5.4007043,-6.788989,-4.3564543
13.126953,-6.9414038,-5.4896907,-6.895482,-4.4463868
13.128906,-7.0460786,-5.5112648,-7.0084424,-4.5126681
13.130859,-7.1667604,-5.5511045,-7.1281766,-4.5772094
13.132813,-7.2859745,-5.734373,-7.2517318,-4.713581
13.134766,-7.4011979,-5.9178791,-7.3454971,-4.8196291
13.136719,-7.5008568,-5.8229336,-7.4712967,-4.8436079
13.138672,-7.6235704,-5.7669687,-7.5955982,-4.8750166
13.140625,-7.7364168,-5.9662613,-7.6890883,-5.0196456
13.142578,-7.8584971,-6.1799984,-7.8007874,-5.1695756
13.144531,-7.9776177,-6.1277627,-7.9160051,-5.1236982
13.146484,-8.0716381,-6.0275168,-8.0268287,-5.1414732
13.148438,-8.2030468,-6.1864061,-8.1333255,-5.380414
13.150391,-8.3177461,-6.3901739,-8.2487964,-5.4819226
13.152344,-8.4140224,-6.4453616,-8.3638649,-5.4267506
13.154297,-8.5281248,-6.3679528,-8.4792223,-5.4750084
13.15625,-8.6445493,-6.427845,-8.5910081,-5.6335001
13.158203,-8.7472639,-6.6726803,-8.6977014,-5.7032423
13.160156,-8.85993,-6.7349433,-8.8136758,-5.6723351
13.162109,-8.9724903,-6.6318283,-8.9295043,-5.7491841
13.164063,-9.0761547,-6.7354145,-9.0313081,-5.9211163
13.166016,-9.1903123,-6.9117326,-9.1300706,-5.9640917
13.167969,-9.2935905,-6.9051003,-9.2480678,-5.8991718
13.169922,-9.4108524,-6.9160013,-9.3595838,-6.0429287
13.171875,-9.5220708,-7.0296316,-9.4669027,-6.2640953
13.173828,-9.6223306,-7.1195092,-9.5829248,-6.2460055
13.175781,-9.7348489,-7.0911898,-9.6816701,-6.1494092
13.177734,-9.8359432,-7.1207852,-9.7794284,-6.2707176
13.179688,-9.9487266,-7.3239035,-9.90172,-6.4897537
13.181641,-10.063741,-7.3991851,-10.002359,-6.488121
13.183594,-10.162779,-7.3281941,-10.120818,-6.4240312
13.185547,-10.264196,-7.3833837,-10.229163,-6.5417695
13.1875,-10.372,-7.5283474,-10.32417,-6.7131695
13.189453,-10.47803,-7.6295485,-10.441374,-6.6881837
13.191406,-10.586435,-7.5957241,-10.523889,-6.6352686
13.193359,-10.687438,-7.5790114,-10.647207,-6.8097119
13.195313,-10.787534,-7.7900066,-10.754354,-6.9662194
13.197266,-10.896555,-7.8632631,-10.849559,-6.9433188
13.199219,-10.997122,-7.7351827,-10.965216,-6.9037108
13.201172,-11.107834,-7.796801,-11.050838,-7.0148849
13.203125,-11.216867,-8.0426273,-11.159037,-7.1634173
13.205078,-11.316395,-8.096446,-11.25773,-7.1414747
13.207031,-11.410826,-7.9141831,-11.35009,-7.1388449
13.208984,-11.511958,-7.9287047,-11.462037,-7.2862939
13.210938,-11.621474,-8.2246303,-11.560012,-7.3698186
13.212891,-11.714684,-8.3834381,-11.662098,-7.3838367
13.214844,-11.811419,-8.1784009,-11.753905,-7.4056296
13.216797,-11.906283,-8.0822792,-11.845459,-7.4462409
13.21875,-12.006263,-8.3910617,-11.954301,-7.5118198
13.220703,-12.105754,-8.606759,-12.058248,-7.6163711
13.222656,-12.19737,-8.4481353,-12.15429,-7.7128553
13.224609,-12.302122,-8.3536586,-12.244546,-7.6701169
13.226563,-12.400912,-8.5181751,-12.354432,-7.6310844
13.228516,-12.498715,-8.6593399,-12.438413,-7.7525415
13.230469,-12.590909,-8.5985078,-12.527511,-7.9010152
13.232422,-12.686273,-8.5490112,-12.637656,-7.8734412
13.234375,-12.787212,-8.7415552,-12.724741,-7.8622293
13.236328,-12.878245,-8.8636894,-12.815915,-8.0232734
13.238281,-12.977239,-8.7716846,-12.910031,-8.0842208
13.240234,-13.076405,-8.7538051,-13.017857,-8.0213909
13.242188,-13.164898,-8.8918361,-13.117694,-8.0322055
13.244141,-13.250288,-8.9696798,-13.216897,-8.1941118
13.246094,-13.343773,-8.9013137,-13.301636,-8.29743
13.248047,-13.431461,-8.9269886,-13.38873,-8.1688079
13.25,-13.521012,-9.1875772,-13.503206,-8.1219978
13.251953,-13.61778,-9.2647085,-13.581092,-8.3536281
13.253906,-13.704236,-9.0408878,-13.666268,-8.4982414
13.255859,-13.793461,-9.0434436,-13.744975,-8.350214
13.257813,-13.883019,-9.2975454,-13.842573,-8.3005504
13.259766,-13.977592,-9.3680334,-13.952335,-8.5382852
13.261719,-14.058975,-9.1960029,-14.025036,-8.7246141
13.263672,-14.141364,-9.2030515,-14.123463,-8.6193008
13.265625,-14.243221,-9.4345359,-14.201982,-8.4644603
13.267578,-14.326408,-9.5117464,-14.275085,-8.6106224
13.269531,-14.406333,-9.4024143,-14.365448,-8.8109216
13.271484,-14.487737,-9.3575916,-14.446895,-8.7720737
13.273438,-14.579724,-9.5219602,-14.519627,-8.7276077
13.275391,-14.668686,-9.6715812,-14.613282,-8.8400583
13.277344,-14.745343,-9.5961246,-14.70924,-8.9611148
13.279297,-14.832,-9.4991331,-14.775773,-8.9572649
13.28125,-14.912072,-9.5969343,-14.858557,-8.8879785
13.283203,-14.993708,-9.7581167,-14.946537,-8.9020242
13.285156,-15.073652,-9.7569131,-15.040876,-9.0521831
13.287109,-15.152927,-9.6937055,-15.117136,-9.1444292
13.289063,-15.233041,-9.7748546,-15.185041,-9.0586195
13.291016,-15.310192,-9.9065113,-15.261499,-8.9914674
13.292969,-15.395692,-9.8756284,-15.333591,-9.1456842
13.294922,-15.478921,-9.8203764,-15.429413,-9.3393831
13.296875,-15.5425,-9.9415264,-15.511335,-9.295144
13.298828,-15.619901,-10.001022,-15.573629,-9.1958522
13.300781,-15.710348,-9.9248828,-15.65575,-9.2491626
13.302734,-15.776914,-10.019048,-15.742548,-9.3776063
13.304688,-15.857931,-10.189161,-15.820023,-9.4371709
13.306641,-15.926422,-10.096947,-15.892708,-9.372858
13.308594,-15.998297,-9.9886474,-15.965899,-9.3487663
13.310547,-16.086618,-10.140531,-16.033587,-9.4598588
13.3125,-16.144632,-10.315793,-16.103905,-9.5552873
13.314453,-16.223577,-10.256884,-16.184196,-9.5333595
13.316406,-16.305079,-10.113663,-16.246325,-9.5349588
13.318359,-16.362886,-10.250271,-16.322433,-9.617218
13.320313,-16.425747,-10.409013,-16.389053,-9.6581592
13.322266,-16.49605,-10.307036,-16.462685,-9.6678896
13.324219,-16.575911,-10.318995,-16.544306,-9.6739788
13.326172,-16.650463,-10.508854,-16.610546,-9.7110271
13.328125,-16.71492,-10.508267,-16.684692,-9.7618494
13.330078,-16.781078,-10.329191,-16.721666,-9.752057
13.332031,-16.845745,-10.334004,-16.798155,-9.7374773
13.333984,-16.921825,-10.54456,-16.872828,-9.8214139
13.335938,-16.976692,-10.647754,-16.927204,-9.9764757
13.337891,-17.032333,-10.554031,-17.002954,-9.9613008
13.339844,-17.113468,-10.475253,-17.061411,-9.8359966
13.341797,-17.167532,-10.640079,-17.124395,-9.9043254
13.34375,-17.222769,-10.795361,-17.188156,-10.047131
13.345703,-17.292858,-10.639288,-17.262178,-10.025893
13.347656,-17.354109,-10.582539,-17.308254,-9.9773464
13.349609,-17.410223,-10.79712,-17.36157,-10.028193
13.351563,-17.472324,-10.849027,-17.438036,-10.087315
13.353516,-17.529921,-10.72613,-17.49052,-10.159106
13.355469,-17.592636,-10.754976,-17.550888,-10.177034
13.357422,-17.656059,-10.874846,-17.611012,-10.12071
13.359375,-17.71126,-10.892061,-17.671921,-10.148558
13.361328,-17.765648,-10.848236,-17.733883,-10.237212
13.363281,-17.821564,-10.839316,-17.793661,-10.261371
13.365234,-17.882994,-10.906631,-17.845243,-10.220203
13.367188,-17.927551,-11.004945,-17.89677,-10.207427
13.369141,-17.978302,-11.015027,-17.948654,-10.281432
13.371094,-18.031645,-10.94771,-17.992811,-10.375004
13.373047,-18.080219,-10.997263,-18.058714,-10.365275
13.375,-18.141548,-11.121452,-18.110546,-10.339986
13.376953,-18.190151,-11.12712,-18.16272,-10.412559
13.378906,-18.243273,-11.050062,-18.208103,-10.45035
13.380859,-18.294825,-11.012862,-18.247795,-10.417678
13.382813,-18.33882,-11.107215,-18.298645,-10.429397
13.384766,-18.38793,-11.199947,-18.353111,-10.508624
13.386719,-18.431585,-11.171912,-18.412767,-10.566426
13.388672,-18.47957,-11.140158,-18.447027,-10.550698
13.390625,-18.534267,-11.184051,-18.502674,-10.489473
13.392578,-18.584,-11.287193,-18.546141,-10.499976
13.394531,-18.618317,-11.285243,-18.581928,-10.621732
13.396484,-18.659672,-11.144066,-18.62476,-10.634623
13.398438,-18.716608,-11.153512,-18.674147,-10.565002
13.400391,-18.754833,-11.394463,-18.730026,-10.626184
13.402344,-18.789837,-11.455773,-18.751495,-10.728248
13.404297,-18.838993,-11.207458,-18.799196,-10.691399
13.40625,-18.864813,-11.188225,-18.830292,-10.617679
13.408203,-18.903748,-11.475401,-18.875595,-10.696946
13.410156,-18.950521,-11.52425,-18.943411,-10.799232
13.412109,-18.979729,-11.345591,-18.951567,-10.798923
13.414063,-19.022982,-11.316473,-18.995007,-10.707717
13.416016,-19.072029,-11.462843,-19.046574,-10.67624
13.417969,-19.106001,-11.542579,-19.083815,-10.840981
13.419922,-19.137318,-11.396277,-19.118549,-10.900601
13.421875,-19.179935,-11.27863,-19.135742,-10.753425
13.423828,-19.212082,-11.475239,-19.168653,-10.722039
13.425781,-19.246847,-11.644896,-19.198862,-10.884607
13.427734,-19.274929,-11.483414,-19.239634,-10.993554
13.429688,-19.29954,-11.371343,-19.264235,-10.902369
13.431641,-19.33205,-11.537385,-19.300507,-10.813715
13.433594,-19.364431,-11.687857,-19.341448,-10.906754
13.435547,-19.389023,-11.622107,-19.354618,-11.025086
13.4375,-19.41646,-11.500821,-19.380566,-10.947359
13.439453,-19.450714,-11.532478,-19.424942,-10.824055
13.441406,-19.479887,-11.67553,-19.455164,-10.956306
13.443359,-19.505339,-11.655086,-19.478691,-11.108518
13.445313,-19.526808,-11.514718,-19.507849,-10.966529
13.447266,-19.554482,-11.562659,-19.532993,-10.829228
13.449219,-19.573524,-11.709629,-19.584961,-10.964033
13.451172,-19.605598,-11.703735,-19.601305,-11.122204
13.453125,-19.628355,-11.620516,-19.610188,-11.019642
13.455078,-19.63932,-11.664707,-19.639597,-10.836383
13.457031,-19.667267,-11.683829,-19.648119,-10.949279
13.458984,-19.694628,-11.651678,-19.650898,-11.179852
13.460938,-19.714609,-11.728928,-19.675465,-11.10903
13.462891,-19.733587,-11.747023,-19.712656,-10.944257
13.464844,-19.750866,-11.650785,-19.725588,-11.078854
13.466797,-19.758801,-11.636042,-19.736189,-11.245592
13.46875,-19.788822,-11.74002,-19.741102,-11.104391
13.470703,-19.803638,-11.839008,-19.751083,-10.94418
13.472656,-19.80859,-11.784882,-19.772017,-11.076981
13.474609,-19.830179,-11.606886,-19.787251,-11.280209
13.476563,-19.837538,-11.67221,-19.797272,-11.206169
13.478516,-19.85342,-11.912083,-19.817562,-10.993677
13.480469,-19.866558,-11.865495,-19.831133,-11.032574
13.482422,-19.872473,-11.674031,-19.828342,-11.248024
13.484375,-19.890322,-11.68705,-19.851366,-11.200952
13.486328,-19.898056,-11.860071,-19.877476,-11.01247
13.488281,-19.906282,-11.885904,-19.877897,-11.087673
13.490234,-19.918125,-11.703873,-19.889128,-11.24887
13.492188,-19.924557,-11.691192,-19.907946,-11.175387
13.494141,-19.938927,-11.870436,-19.910805,-11.012407
13.496094,-19.948746,-11.876364,-19.906374,-11.069151
13.498047,-19.952398,-11.726991,-19.927723,-11.214459
13.5,-19.958519,-11.708683,-19.944553,-11.180237
13.501953,-19.960823,-11.807208,-19.936882,-11.089062
13.503906,-19.960922,-11.83471,-19.938196,-11.105335
13.505859,-19.968956,-11.7931,-19.933605,-11.161198
13.507813,-19.970085,-11.788883,-19.943113,-11.163894
13.509766,-19.964407,-11.816407,-19.950272,-11.150513
13.511719,-19.966787,-11.807051,-19.959835,-11.161936
13.513672,-19.972544,-11.788427,-19.958464,-11.152897
13.515625,-19.972731,-11.78009,-19.939711,-11.148562
13.517578,-19.967154,-11.735935,-19.9575,-11.149282
13.519531,-19.974171,-11.663979,-19.95607,-11.133658
13.521484,-19.964611,-11.606477,-19.949986,-11.125232
13.523438,-19.958603,-11.51565,-19.967852,-11.103178
13.525391,-19.966198,-11.415138,-19.950508,-11.054668
13.527344,-19.954702,-11.318245,-19.94721,-11.004052
13.529297,-19.958323,-11.277203,-19.957972,-10.951934
13.53125,-19.958448,-11.244694,-19.941708,-10.915435
13.533203,-19.947411,-11.145248,-19.951172,-10.84518
13.535156,-19.938715,-11.249597,-19.952028,-10.778027
13.537109,-19.931934,-11.371074,-19.941408,-10.743159
13.539063,-19.924337,-11.258469,-19.935713,-10.575801
13.541016,-19.918682,-11.145527,-19.936457,-10.623367
13.542969,-19.909981,-11.222159,-19.923824,-10.904245
13.544922,-19.902187,-11.33043,-19.902428,-10.831193
13.546875,-19.894026,-11.204267,-19.915998,-10.545897
13.548828,-19.87895,-11.07977,-19.902937,-10.583137
13.550781,-19.864777,-11.167803,-19.877907,-10.841218
13.552734,-19.845865,-11.264869,-19.857258,-10.776247
13.554688,-19.839602,-11.163435,-19.839539,-10.497493
13.556641,-19.819654,-11.054244,-19.832748,-10.545611
13.558594,-19.794039,-11.140022,-19.829945,-10.817154
13.560547,-19.777418,-11.197778,-19.815046,-10.776597
13.5625,-19.76438,-11.098332,-19.787636,-10.474273
13.564453,-19.741762,-11.035889,-19.78352,-10.447985
13.566406,-19.719404,-11.082294,-19.764107,-10.698813
13.568359,-19.708872,-11.079931,-19.723967,-10.685737
13.570313,-19.681427,-11.023276,-19.698507,-10.385917
13.572266,-19.658998,-10.982059,-19.679594,-10.377429
13.574219,-19.643171,-10.98803,-19.651285,-10.691604
13.576172,-19.624796,-11.002306,-19.632381,-10.676058
13.578125,-19.601484,-10.958995,-19.623108,-10.326374
13.580078,-19.585382,-10.865705,-19.606436,-10.321111
13.582031,-19.561514,-10.84744,-19.583321,-10.59825
13.583984,-19.524694,-10.916851,-19.537823,-10.530051
13.585938,-19.493254,-10.853868,-19.511604,-10.19207
13.587891,-19.475412,-10.782152,-19.491444,-10.210951
13.589844,-19.453562,-10.878108,-19.455301,-10.536434
13.591797,-19.406847,-10.923773,-19.446756,-10.488226
13.59375,-19.374516,-10.727457,-19.423342,-10.122334
13.595703,-19.345539,-10.581038,-19.389803,-10.118777
13.597656,-19.313051,-10.805589,-19.358627,-10.394274
13.599609,-19.290829,-10.945174,-19.320997,-10.3403
13.601563,-19.260828,-10.670919,-19.294538,-10.022346
13.603516,-19.21472,-10.463592,-19.262512,-10.037099
13.605469,-19.181025,-10.584064,-19.22967,-10.322553
13.607422,-19.155882,-10.715621,-19.193287,-10.26109
13.609375,-19.119545,-10.661811,-19.153784,-9.9354133
13.611328,-19.078672,-10.518414,-19.125351,-9.9459972
13.613281,-19.040352,-10.442103,-19.084843,-10.218921
13.615234,-19.00551,-10.501162,-19.035318,-10.162424
13.617188,-18.965046,-10.568751,-18.999121,-9.8343286
13.619141,-18.925011,-10.459949,-18.962185,-9.8343763
13.621094,-18.88044,-10.307725,-18.927748,-10.113667
13.623047,-18.845997,-10.372121,-18.903778,-10.066372
13.625,-18.808676,-10.469786,-18.855522,-9.7379331
13.626953,-18.75272,-10.37878,-18.81881,-9.7029876
13.628906,-18.717995,-10.210172,-18.782034,-9.9314813
13.630859,-18.685591,-10.190549,-18.708563,-9.8915624
13.632813,-18.633362,-10.32886,-18.679203,-9.607685
13.634766,-18.586151,-10.296836,-18.631535,-9.6079216
13.636719,-18.542561,-10.064603,-18.580214,-9.881216
13.638672,-18.496925,-10.052749,-18.551928,-9.8277959
13.640625,-18.444586,-10.248469,-18.483721,-9.4862604
13.642578,-18.404022,-10.191374,-18.44771,-9.4803056
13.644531,-18.357031,-9.9557313,-18.402899,-9.726758
13.646484,-18.303371,-9.9594373,-18.356197,-9.7006292
13.648438,-18.259295,-10.070299,-18.319017,-9.4001026
13.650391,-18.197145,-9.9908924,-18.248661,-9.330492
13.652344,-18.152004,-9.8597717,-18.198854,-9.5500841
13.654297,-18.107027,-9.8719129,-18.149164,-9.5560426
13.65625,-18.047691,-9.9567718,-18.094227,-9.302411
13.658203,-17.996061,-9.8831548,-18.040651,-9.2350311
13.660156,-17.941065,-9.7030735,-17.995817,-9.4167146
13.662109,-17.890419,-9.6974563,-17.964443,-9.4262514
13.664063,-17.840698,-9.7918291,-17.900131,-9.1956558
13.666016,-17.786373,-9.7617836,-17.823971,-9.0794773
13.667969,-17.727396,-9.622013,-17.782463,-9.1900119
13.669922,-17.672573,-9.5346527,-17.727947,-9.2453079
13.671875,-17.614277,-9.5806913,-17.664764,-9.1010265
13.673828,-17.559917,-9.6311473,-17.621183,-8.9743804
13.675781,-17.487545,-9.5506343,-17.558575,-9.0354948
13.677734,-17.421375,-9.4196195,-17.50371,-9.1043624
13.679688,-17.384836,-9.3983612,-17.434212,-8.9671964
13.681641,-17.313755,-9.5293388,-17.370909,-8.8229084
13.683594,-17.246347,-9.4959688,-17.312,-8.8791875
13.685547,-17.188223,-9.1886301,-17.236938,-8.9673299
13.6875,-17.135426,-9.1443767,-17.175148,-8.8614091
13.689453,-17.073652,-9.4146089,-17.105587,-8.7061605
13.691406,-16.99403,-9.3937702,-17.056858,-8.7578125
13.693359,-16.940166,-9.0067529,-16.993649,-8.8427991
13.695313,-16.877077,-8.9453153,-16.93667,-8.7250881
13.697266,-16.810577,-9.3062381,-16.872293,-8.5351429
13.699219,-16.743593,-9.2839546,-16.793907,-8.5298948
13.701172,-16.665716,-8.857253,-16.747938,-8.6262102
13.703125,-16.611076,-8.7786836,-16.682032,-8.5511522
13.705078,-16.555389,-9.0870342,-16.60923,-8.4173679
13.707031,-16.478342,-9.1421785,-16.538923,-8.3835945
13.708984,-16.400255,-8.7418022,-16.469162,-8.4099521
13.710938,-16.318687,-8.5417547,-16.405794,-8.3996419
13.712891,-16.256058,-8.8654432,-16.339447,-8.3069343
13.714844,-16.188175,-9.06462,-16.259905,-8.2530946
13.716797,-16.10293,-8.7738294,-16.187244,-8.2487134
13.71875,-16.045275,-8.4381723,-16.106964,-8.2212543
13.720703,-15.974852,-8.5427799,-16.042948,-8.1546087
13.722656,-15.893968,-8.7919559,-15.991925,-8.0995721
13.724609,-15.825149,-8.575241,-15.903204,-8.1027822
13.726563,-15.742503,-8.2642355,-15.821286,-8.0581216
13.728516,-15.673522,-8.4244995,-15.752611,-7.9487304
13.730469,-15.596025,-8.6281328,-15.674761,-7.9068236
13.732422,-15.516036,-8.427679,-15.588414,-7.9408979
13.734375,-15.444278,-8.1393184,-15.519032,-7.9127731
13.736328,-15.356397,-8.2493352,-15.437355,-7.7936849
13.738281,-15.282329,-8.4377422,-15.364529,-7.7507257
13.740234,-15.206882,-8.2455015,-15.28525,-7.7871627
13.742188,-15.129871,-8.0339469,-15.192496,-7.733241
13.744141,-15.057662,-8.0791921,-15.142586,-7.5940213
13.746094,-14.97613,-8.1657381,-15.05389,-7.5529389
13.748047,-14.894372,-8.0222396,-14.961241,-7.6171183
13.75,-14.81118,-7.8038168,-14.890727,-7.519669
13.751953,-14.726974,-7.8625216,-14.808144,-7.3742237
13.753906,-14.647212,-8.0257711,-14.737738,-7.4044952
13.755859,-14.551888,-7.935215,-14.641221,-7.4348702
13.757813,-14.47016,-7.6854105,-14.549171,-7.3390464
13.759766,-14.394049,-7.651968,-14.473806,-7.1997475
13.761719,-14.302795,-7.8244266,-14.385421,-7.2169575
13.763672,-14.220181,-7.7537064,-14.300818,-7.25743
13.765625,-14.135215,-7.462399,-14.214115,-7.1655097
13.767578,-14.055462,-7.4256496,-14.136043,-7.0472607
13.769531,-13.964723,-7.6051468,-14.045575,-6.9889373
13.771484,-13.867531,-7.5517129,-13.946964,-7.028676
13.773438,-13.785715,-7.2712798,-13.86692,-6.985887
13.775391,-13.69761,-7.2626204,-13.769406,-6.8638982
13.777344,-13.604032,-7.4675021,-13.677842,-6.819065
13.779297,-13.522479,-7.3645653,-13.598761,-6.8316645
13.78125,-13.431512,-7.0583286,-13.505714,-6.7912964
13.783203,-13.336839,-7.0476083,-13.405097,-6.6731843
13.785156,-13.244502,-7.2100062,-13.320267,-6.6022238
13.787109,-13.151599,-7.1376609,-13.236132,-6.576436
13.789063,-13.063305,-6.9226813,-13.133839,-6.5368976
13.791016,-12.966912,-6.8824281,-13.058414,-6.4616184
13.792969,-12.870546,-6.9879131,-12.961188,-6.3837709
13.794922,-12.778237,-6.911705,-12.857862,-6.371468
13.796875,-12.680589,-6.7467331,-12.76537,-6.3398361
13.798828,-12.591214,-6.711647,-12.667542,-6.2552728
13.800781,-12.495577,-6.7355094,-12.57865,-6.2066555
13.802734,-12.3908,-6.6856298,-12.479838,-6.1882028
13.804688,-12.311242,-6.5308408,-12.401907,-6.1182827
13.806641,-12.20638,-6.4801044,-12.293389,-6.0189862
13.808594,-12.110341,-6.5226197,-12.187181,-5.9673214
13.810547,-12.019673,-6.4433255,-12.095144,-5.945518
13.8125,-11.911208,-6.327332,-11.983576,-5.9051489
13.814453,-11.829755,-6.2900738,-11.893147,-5.8202452
13.816406,-11.717156,-6.3009023,-11.811474,-5.762814
13.818359,-11.612679,-6.2426838,-11.706491,-5.7583894
13.820313,-11.526387,-6.076437,-11.591513,-5.6757736
13.822266,-11.431643,-6.0520539,-11.506201,-5.5148253
13.824219,-11.32375,-6.1266875,-11.404475,-5.488058
13.826172,-11.214955,-6.0013456,-11.288617,-5.5515036
13.828125,-11.128832,-5.7859187,-11.175768,-5.4434704
13.830078,-11.021411,-5.8138055,-11.079489,-5.2888631
13.832031,-10.920512,-5.9500861,-10.983767,-5.2822303
13.833984,-10.817335,-5.7838716,-10.888679,-5.336482
13.835938,-10.704401,-5.5185074,-10.79298,-5.2455005
13.837891,-10.60889,-5.5592527,-10.670677,-5.0406088
13.839844,-10.511794,-5.7142758,-10.582383,-4.9457778
13.841797,-10.403643,-5.6049971,-10.470995,-4.9862589
13.84375,-10.2931,-5.3189058,-10.361194,-4.9962296
13.845703,-10.186699,-5.240169,-10.252868,-4.8261876
13.847656,-10.077863,-5.3950896,-10.125354,-4.7033085
13.849609,-9.973978,-5.393773,-10.046858,-4.7424435
13.851563,-9.8739738,-5.16226,-9.9541692,-4.7481026
13.853516,-9.7670373,-5.0338945,-9.8349018,-4.6393876
13.855469,-9.6570768,-5.098669,-9.7209377,-4.4504947
13.857422,-9.5562124,-5.082406,-9.6193361,-4.3675241
13.859375,-9.4467697,-4.8830323,-9.4923582,-4.4200067
13.861328,-9.3338928,-4.7767586,-9.3940391,-4.3827533
13.863281,-9.2227897,-4.8322444,-9.3051166,-4.226614
13.865234,-9.1077499,-4.8070144,-9.1832532,-4.1373295
13.867188,-9.012927,-4.6598968,-9.0784072,-4.1256685
13.869141,-8.8997077,-4.5804991,-8.9732036,-4.0613842
13.871094,-8.7862634,-4.5669555,-8.8699169,-3.9315512
13.873047,-8.6962995,-4.4602551,-8.7552089,-3.8500702
13.875,-8.5801878,-4.3474478,-8.6433506,-3.8030831
13.876953,-8.4615125,-4.314661,-8.517023,-3.7448022
13.878906,-8.3588781,-4.2328505,-8.4078664,-3.6736435
13.880859,-8.2428922,-4.1398863,-8.304264,-3.5595529
13.882813,-8.1259689,-4.1370096,-8.1866283,-3.5248127
13.884766,-8.0252485,-4.0669765,-8.0840377,-3.4866812
13.886719,-7.9070749,-3.9514188,-7.9654917,-3.3471663
13.888672,-7.7848196,-3.9121389,-7.8627538,-3.2431244
13.890625,-7.6825413,-3.8119311,-7.746551,-3.1959462
13.892578,-7.5776619,-3.7209758,-7.6125841,-3.1547641
13.894531,-7.4501743,-3.7001142,-7.5038037,-3.0400307
13.896484,-7.3363499,-3.5963077,-7.3960828,-2.9128503
13.898438,-7.2271251,-3.4519853,-7.298676,-2.9119021
13.900391,-7.1068325,-3.4309451,-7.191328,-2.8818116
13.902344,-7.000379,-3.4484252,-7.0645265,-2.6880104
13.904297,-6.872076,-3.3179166,-6.9404616,-2.5257418
13.90625,-6.761712,-3.1267964,-6.8161668,-2.5213391
13.908203,-6.6535406,-3.0564315,-6.7099795,-2.526757
13.910156,-6.526308,-3.1249342,-6.5989193,-2.4050314
13.912109,-6.4097485,-3.0627241,-6.4794902,-2.2507524
13.914063,-6.2955603,-2.8079848,-6.3558721,-2.1718335
13.916016,-6.1808733,-2.6915044,-6.2342934,-2.1260612
13.917969,-6.0610985,-2.7942047,-6.1291508,-2.0333917
13.919922,-5.9468011,-2.7723383,-6.0171818,-1.9215024
13.921875,-5.829699,-2.5000484,-5.8988032,-1.8483091
13.923828,-5.719233,-2.3444979,-5.786776,-1.7565021
13.925781,-5.5937128,-2.4081912,-5.6702098,-1.6198709
13.927734,-5.4747352,-2.3902094,-5.546031,-1.5178209
13.929688,-5.360301,-2.1797738,-5.4395213,-1.4694483
13.931641,-5.2371301,-2.0508084,-5.3245644,-1.3717123
13.933594,-5.1180777,-2.0796189,-5.1865611,-1.2564078
13.935547,-4.998609,-2.0260875,-5.0694065,-1.1474585
13.9375,-4.8878464,-1.8626679,-4.9477868,-1.0486325
13.939453,-4.7689108,-1.7401377,-4.8203892,-1.028679
13.941406,-4.6557841,-1.6849602,-4.7189369,-0.96152896
13.943359,-4.5407471,-1.597704,-4.5956111,-0.79980445
13.945313,-4.4302721,-1.4756032,-4.4679584,-0.6718542
13.947266,-4.2988753,-1.3626507,-4.3423414,-0.60716617
13.949219,-4.1766138,-1.2813513,-4.2249298,-0.54850405
13.951172,-4.0656452,-1.2223382,-4.1166114,-0.45731789
13.953125,-3.9300377,-1.1755352,-3.9869656,-0.3470833
13.955078,-3.8125193,-1.0760848,-3.8737931,-0.24400318
13.957031,-3.6881249,-0.91538763,-3.7450006,-0.15641199
13.958984,-3.5644443,-0.84570038,-3.6130189,-0.10652157
13.960938,-3.4456849,-0.85399294,-3.5135574,-0.050492622
13.962891,-3.320698,-0.73548752,-3.3959651,0.028100584
13.964844,-3.2072706,-0.53209257,-3.2730732,0.095716231
13.966797,-3.0914363,-0.47602391,-3.1656303,0.1605159
13.96875,-2.9543221,-0.46810076,-3.0422189,0.1903723
13.970703,-2.8427918,-0.31950602,-2.9177589,0.20135781
13.972656,-2.7348008,-0.17067939,-2.791531,0.23693372
13.974609,-2.6002621,-0.2028634,-2.6645081,0.24391797
13.976563,-2.482604,-0.15936196,-2.5578734,0.221221
13.978516,-2.3612391,0.053530701,-2.4350488,0.22705707
13.980469,-2.235121,0.11985099,-2.2998263,0.22517057
13.982422,-2.1160295,0.05630872,-2.1853947,0.23376249
13.984375,-2.0007052,0.073430851,-2.0735745,0.27585942
13.986328,-1.8733937,0.21744661,-1.9451246,0.25797823
13.988281,-1.7387954,0.33080813,-1.8146798,0.20628695
13.990234,-1.6180058,0.26370996,-1.6845834,0.24661954
13.992188,-1.5068118,0.17993794,-1.5607193,0.27939135
13.994141,-1.3815244,0.23116209,-1.4406347,0.22406884
13.996094,-1.249983,0.35010234,-1.313254,0.1809101
13.998047,-1.1308492,0.40365979,-1.1890546,0.19381934
14.0,-1.0099034,0.27732494,-1.0668408,0.26158944
14.001953,-0.89131182,0.21196975,-0.95356786,0.26519588
14.003906,-0.75804824,0.33694229,-0.82745188,0.20465685
14.005859,-0.6353004,0.39344737,-0.69520593,0.2110333
14.007813,-0.52368003,0.30182457,-0.58092147,0.30443805
14.009766,-0.39049214,0.23219585,-0.46475762,0.33010328
14.011719,-0.26725653,0.34218714,-0.33905703,0.23411286
14.013672,-0.14481767,0.41126499,-0.21401764,0.25658751
14.015625,-0.021346955,0.25770608,-0.10373788,0.36939672
14.017578,0.10023647,0.22517741,0.030506685,0.36019266
14.019531,0.22437134,0.37978649,0.16465811,0.23863429
14.021484,0.34633121,0.40905914,0.27775234,0.22059233
14.023438,0.46948504,0.27250221,0.40004432,0.34518036
14.025391,0.58779478,0.24923882,0.52029294,0.41335753
14.027344,0.71206301,0.40821141,0.64499146,0.45160216
14.029297,0.83823299,0.42007294,0.76481354,0.5757398
14.03125,0.95877033,0.26588181,0.90116292,0.70893282
14.033203,1.077476,0.21937352,1.031086,0.75953782
14.035156,1.2042022,0.35982651,1.1373723,0.7884323
14.037109,1.3302575,0.41502169,1.2619926,0.8678869
14.039063,1.4476376,0.31172079,1.3906381,1.0555409
14.041016,1.5738124,0.34131694,1.5250577,1.2453126
14.042969,1.6945041,0.48531023,1.6318078,1.3308489
14.044922,1.8100018,0.51686615,1.7479102,1.4001927
14.046875,1.9431983,0.47265962,1.8894432,1.5367375
14.048828,2.058021,0.5296824,1.9941928,1.7700318
14.050781,2.1867651,0.67142212,2.1174907,1.8614009
14.052734,2.3180613,0.71929282,2.2596683,1.8098396
14.054688,2.4149878,0.73356581,2.3714363,1.9967033
14.056641,2.5535039,0.85996175,2.4959056,2.2754659
14.058594,2.6801371,0.98215079,2.6307425,2.2682042
14.060547,2.7913835,1.1348805,2.733946,2.2321167
14.0625,2.9135747,1.2668963,2.8611555,2.4630038
14.064453,3.0261228,1.3125649,2.9838273,2.6816651
14.066406,3.162141,1.4363381,3.0933771,2.7185971
14.068359,3.2851662,1.6476806,3.2199697,2.7548942
14.070313,3.390634,1.8101161,3.3364932,2.906815
14.072266,3.5087349,1.7999987,3.4444818,3.0795185
14.074219,3.6466994,1.8381853,3.5599045,3.1294236
14.076172,3.7633898,2.1303443,3.692305,3.1773703
14.078125,3.8756623,2.3430903,3.8141443,3.3605685
14.080078,4.0114779,2.237128,3.9401335,3.5144693
14.082031,4.1221051,2.2366333,4.054161,3.5209734
14.083984,4.2376132,2.5767889,4.1578006,3.5311548
14.085938,4.3577766,2.7823059,4.2892565,3.7106409
14.087891,4.4732174,2.6919851,4.4207816,3.8990323
14.089844,4.6016707,2.7530784,4.5312533,3.9291651
14.091797,4.7252674,3.0243439,4.6526532,3.950819
14.09375,4.8390173,3.1319248,4.7866406,4.0510864
14.095703,4.9518327,3.0878415,4.8950429,4.2166423
14.097656,5.0858774,3.1664238,5.0153346,4.324841
14.099609,5.2084083,3.4112768,5.1473794,4.2998199
14.101563,5.316349,3.5498604,5.2504468,4.386621
14.103516,5.4431748,3.482212,5.3679742,4.5970506
14.105469,5.5615034,3.5583102,5.492134,4.6710639
14.107422,5.6696972,3.8082196,5.5936393,4.6699538
14.109375,5.7892508,3.9012615,5.7169685,4.777945
14.111328,5.9082012,3.8861835,5.8563485,4.9477744
14.113281,6.0183773,4.0128946,5.9640579,5.046513
14.115234,6.1428399,4.2023177,6.0845785,5.0394191
14.117188,6.2534041,4.2569932,6.2148051,5.0609359
14.119141,6.3730068,4.25388,6.3162021,5.2101893
14.121094,6.4946522,4.3487649,6.430427,5.3508853
14.123047,6.597125,4.5241246,6.5532889,5.3536458
14.125,6.7296361,4.6075544,6.6669826,5.3845052
14.126953,6.8429274,4.625905,6.7619142,5.5702881
14.128906,6.9497919,4.7119622,6.8855271,5.6922946
14.130859,7.0682005,4.8004598,7.0123844,5.6856918
14.132813,7.1878337,4.8939614,7.1083364,5.7385749
14.134766,7.3040084,5.0370187,7.2260632,5.8857426
14.136719,7.416172,5.1111283,7.3400273,5.9641017
14.138672,7.5350575,5.0547952,7.4636364,5.9490323
14.140625,7.6435809,5.1476388,7.5742101,6.0420641
14.142578,7.7635955,5.3801865,7.6765699,6.2075343
14.144531,7.8737335,5.459043,7.7864737,6.2327151
14.146484,7.9733619,5.4111266,7.9065508,6.2117648
14.148438,8.0888929,5.437437,8.0312843,6.3404698
14.150391,8.2090625,5.6617975,8.1304149,6.5235185
14.152344,8.3226251,5.8326482,8.25494,6.5193347
14.154297,8.4357986,5.7517838,8.3626642,6.4229579
14.15625,8.5507583,5.6771225,8.4611091,6.5867037
14.158203,8.6447725,5.8682341,8.5911998,6.8189897
14.160156,8.7630281,6.0782947,8.709198,6.7858853
14.162109,8.8779077,6.0524272,8.8149223,6.7095427
14.164063,8.98736,6.0731663,8.9307966,6.8576927
14.166016,9.107789,6.2128968,9.0538959,7.0406827
14.167969,9.200735,6.2853775,9.1631288,7.001172
14.169922,9.3151741,6.2550663,9.2550611,6.9656152
14.171875,9.4183902,6.3145518,9.3578796,7.1114864
14.173828,9.5270996,6.5459461,9.4758253,7.2693333
14.175781,9.6424961,6.6134495,9.5872411,7.3027577
14.177734,9.7407236,6.5432643,9.6903505,7.2968673
14.179688,9.8541355,6.5858569,9.8045263,7.3906273
14.181641,9.9674119,6.7485451,9.9187479,7.4928083
14.183594,10.081295,6.8641881,10.00659,7.5122084
14.185547,10.176632,6.815659,10.107851,7.5182013
14.1875,10.274792,6.8031148,10.2345,7.6076951
14.189453,10.384815,6.9325866,10.340577,7.7545752
14.191406,10.491662,7.1149449,10.431131,7.7965602
14.193359,10.599697,7.1766367,10.54283,7.7266249
14.195313,10.698133,7.1306371,10.650287,7.7746896
14.197266,10.806655,7.1573238,10.742428,7.9709587
14.199219,10.912663,7.2510991,10.850738,8.0438222
14.201172,11.013929,7.3735957,10.950575,7.9657592
14.203125,11.116142,7.4153366,11.04544,8.0062999
14.205078,11.212605,7.4019842,11.155239,8.1876049
14.207031,11.309871,7.4818525,11.248508,8.2615547
14.208984,11.418853,7.6102476,11.340557,8.1999273
14.210938,11.521745,7.6990752,11.440742,8.2212314
14.212891,11.619286,7.6831107,11.552738,8.3724432
14.214844,11.730044,7.6481003,11.669221,8.4786272
14.216797,11.819852,7.7579703,11.776166,8.4547462
14.21875,11.926621,7.8868446,11.877994,8.4155349
14.220703,12.026587,7.8909912,11.979486,8.4672393
14.222656,12.118208,7.9241323,12.068274,8.5592241
14.224609,12.224031,7.9850297,12.139345,8.6202306
14.226563,12.315253,8.0487136,12.233148,8.6531639
14.228516,12.413212,8.1319265,12.342936,8.7359237
14.230469,12.501028,8.141613,12.444971,8.8642358
14.232422,12.593531,8.1810941,12.534907,8.9221572
14.234375,12.698679,8.303317,12.627455,8.8579959
14.236328,12.79355,8.3761358,12.728742,8.8330593
14.238281,12.887374,8.3402433,12.827961,8.9927072
14.240234,12.979403,8.3300018,12.921804,9.1124973
14.242188,13.074019,8.4309396,13.014248,9.0365057
14.244141,13.179601,8.5505924,13.103766,8.9890832
14.246094,13.267153,8.5755338,13.194958,9.1380357
14.248047,13.34753,8.5281763,13.290952,9.2802238
14.25,13.445422,8.5603923,13.394983,9.2531147
14.251953,13.543463,8.7046566,13.484957,9.2198495
14.253906,13.62481,8.8137521,13.574434,9.3188638
14.255859,13.707645,8.7583179,13.676784,9.3958997
14.257813,13.81165,8.6951217,13.761057,9.3669672
14.259766,13.89858,8.8737564,13.845465,9.3919448
14.261719,13.980468,9.0475111,13.936007,9.4915685
14.263672,14.076752,8.9207325,14.013196,9.5655822
14.265625,14.159779,8.833209,14.095756,9.5615711
14.267578,14.240199,9.0338134,14.194756,9.5906734
14.269531,14.326972,9.1920585,14.27274,9.7154035
14.271484,14.42611,9.1180925,14.35343,9.7626657
14.273438,14.508693,9.083064,14.456546,9.7107105
14.275391,14.580764,9.1772584,14.539795,9.7340011
14.277344,14.672449,9.2303819,14.609797,9.8481321
14.279297,14.757192,9.2515173,14.704163,9.8847208
14.28125,14.838626,9.3167276,14.794825,9.8364276
14.283203,14.925406,9.3821373,14.864663,9.9032211
14.285156,15.007367,9.3931064,14.947588,10.036858
14.287109,15.083091,9.3828325,15.048879,10.021134
14.289063,15.164331,9.413846,15.114987,9.9603576
14.291016,15.244194,9.4966163,15.186275,10.054477
14.292969,15.320148,9.569169,15.277749,10.163682
14.294922,15.409034,9.5989704,15.344856,10.158544
14.296875,15.493211,9.6132583,15.421374,10.168186
14.298828,15.566676,9.6224012,15.489349,10.24151
14.300781,15.65025,9.6436901,15.571686,10.304056
14.302734,15.72264,9.6847219,15.650145,10.315675
14.304688,15.79733,9.7369241,15.714655,10.348873
14.306641,15.874447,9.7784204,15.808562,10.385883
14.308594,15.940402,9.8208999,15.889404,10.38674
14.310547,16.025709,9.8716373,15.961858,10.42704
14.3125,16.094429,9.8876791,16.044607,10.459525
14.314453,16.160761,9.9069538,16.11734,10.45004
14.316406,16.240294,9.9388876,16.198843,10.472952
14.318359,16.316469,9.9920578,16.279066,10.544668
14.320313,16.392187,10.04153,16.334118,10.581353
14.322266,16.447021,10.031116,16.394503,10.572615
14.324219,16.522997,10.010555,16.4601,10.603049
14.326172,16.599213,10.079735,16.532177,10.704001
14.328125,16.66074,10.230466,16.608255,10.804466
14.330078,16.73966,10.213638,16.676405,10.796427
14.332031,16.80928,10.102787,16.743517,10.738321
14.333984,16.868509,10.174529,16.812998,10.765202
14.335938,16.928488,10.299314,16.873526,10.85891
14.337891,16.997992,10.289481,16.944418,10.883535
14.339844,17.062023,10.286674,17.034813,10.840402
14.341797,17.123905,10.389706,17.077288,10.886132
14.34375,17.185875,10.399708,17.136438,10.959598
14.345703,17.245743,10.355933,17.218006,10.918242
14.347656,17.311129,10.426979,17.275227,10.933786
14.349609,17.371252,10.513055,17.327736,11.051166
14.351563,17.434381,10.491526,17.385027,11.061347
14.353516,17.496891,10.450397,17.464685,11.005647
14.355469,17.55706,10.524533,17.504389,11.074592
14.357422,17.613518,10.609424,17.55357,11.187354
14.359375,17.677464,10.570228,17.623695,11.150547
14.361328,17.744814,10.541769,17.671953,11.112281
14.363281,17.790562,10.643158,17.743601,11.207448
14.365234,17.840595,10.694178,17.799324,11.290379
14.367188,17.896477,10.619358,17.851318,11.254489
14.369141,17.956757,10.665851,17.913136,11.181122
14.371094,18.023352,10.844018,17.965479,11.243505
14.373047,18.062889,10.854445,18.023144,11.369077
14.375,18.107977,10.662996,18.076258,11.346416
14.376953,18.169804,10.622877,18.138325,11.265387
14.378906,18.225542,10.909975,18.185637,11.332181
14.380859,18.275898,11.067766,18.234207,11.448776
14.382813,18.317114,10.823365,18.288895,11.424376
14.384766,18.379457,10.66207,18.325703,11.355404
14.386719,18.429403,10.91754,18.377834,11.418371
14.388672,18.464411,11.148646,18.428757,11.535642
14.390625,18.521332,10.938866,18.496948,11.540503
14.392578,18.567932,10.749414,18.555553,11.471142
14.394531,18.611012,10.985325,18.57852,11.492398
14.396484,18.656395,11.206452,18.632238,11.559484
14.398438,18.707954,11.038159,18.674946,11.549288
14.400391,18.747274,10.863467,18.712046,11.563244
14.402344,18.779482,11.032203,18.748566,11.613445
14.404297,18.831682,11.214969,18.781797,11.62878
14.40625,18.870832,11.160176,18.830599,11.637943
14.408203,18.919123,11.044375,18.879084,11.683286
14.410156,18.963594,11.081539,18.927505,11.734594
14.412109,18.994801,11.204246,18.940432,11.710081
14.414063,19.038822,11.188179,18.980621,11.661311
14.416016,19.077341,11.108728,19.041372,11.695285
14.417969,19.122267,11.149596,19.088614,11.80463
14.419922,19.153748,11.266025,19.126183,11.82617
14.421875,19.187279,11.289116,19.154503,11.713858
14.423828,19.226086,11.182146,19.186159,11.677907
14.425781,19.242926,11.184793,19.21464,11.811033
14.427734,19.283802,11.331508,19.247932,11.89752
14.429688,19.336102,11.382906,19.289057,11.817274
14.431641,19.365309,11.323694,19.335556,11.795517
14.433594,19.382944,11.22826,19.344284,11.926551
14.435547,19.413113,11.204943,19.385765,11.948488
14.4375,19.443224,11.343044,19.436741,11.815509
14.439453,19.474834,11.499622,19.452291,11.834788
14.441406,19.503609,11.425744,19.490896,11.981718
14.443359,19.526564,11.28631,19.518408,11.963833
14.445313,19.569132,11.360083,19.540995,11.850908
14.447266,19.581369,11.472013,19.552628,11.880076
14.449219,19.604599,11.429984,19.58259,12.019812
14.451172,19.649126,11.323953,19.615198,12.048045
14.453125,19.670193,11.431911,19.639706,11.960569
14.455078,19.691481,11.550684,19.688772,11.955779
14.457031,19.713085,11.389278,19.681139,12.037435
14.458984,19.741846,11.295017,19.697012,12.058372
14.460938,19.757551,11.48649,19.737823,11.963603
14.462891,19.775387,11.62867,19.739723,11.973972
14.464844,19.793995,11.468838,19.767439,12.125509
14.466797,19.805079,11.354259,19.775791,12.138659
14.46875,19.824091,11.518507,19.794895,12.028813
14.470703,19.840252,11.660882,19.826765,12.010225
14.472656,19.862818,11.546664,19.83021,12.144517
14.474609,19.882921,11.415802,19.86071,12.192423
14.476563,19.886024,11.518865,19.872198,12.074012
14.478516,19.903427,11.61668,19.89253,12.027645
14.480469,19.932777,11.534174,19.931538,12.113846
14.482422,19.941273,11.491328,19.919756,12.190971
14.484375,19.949894,11.559408,19.925995,12.117664
14.486328,19.966921,11.573704,19.940992,12.021285
14.488281,19.979319,11.535385,19.962574,12.12964
14.490234,19.993917,11.536889,19.975836,12.274105
14.492188,20.002483,11.56358,19.97072,12.187723
14.494141,20.00477,11.567246,19.986088,12.035645
14.496094,20.02305,11.545089,19.986773,12.111479
14.498047,20.030106,11.548422,19.997892,12.295603
14.5,20.029463,11.590567,19.99761,12.255194
14.501953,20.043856,11.588864,20.01136,12.080604
14.503906,20.049576,11.563524,20.030094,12.109205
14.505859,20.047886,11.564213,20.024258,12.287542
14.507813,20.056574,11.570976,20.034206,12.276706
14.509766,20.067091,11.588181,20.037914,12.099998
14.511719,20.061134,11.595243,20.039322,12.105354
14.513672,20.063812,11.552353,20.040655,12.259221
14.515625,20.081608,11.524596,20.057653,12.282996
14.517578,20.072189,11.567204,20.065462,12.177464
14.519531,20.073984,11.561712,20.065056,12.144423
14.521484,20.086933,11.518412,20.062498,12.221708
14.523438,20.076138,11.514583,20.056772,12.236465
14.525391,20.077497,11.469472,20.070284,12.191474
14.527344,20.085703,11.365607,20.077574,12.204893
14.529297,20.070517,11.254712,20.074057,12.214942
14.53125,20.061764,11.147388,20.073189,12.179465
14.533203,20.073097,11.005175,20.090097,12.171593
14.535156,20.062246,10.749277,20.080267,12.113111
14.537109,20.048338,10.622628,20.070324,12.031839
14.539063,20.04723,10.76828,20.091331,11.891456
14.541016,20.045725,10.830034,20.073584,11.72207
14.542969,20.028084,10.709523,20.060913,11.571122
14.544922,20.015278,10.585582,20.062195,11.163686
14.546875,20.007168,10.625646,20.048143,11.094071
14.548828,19.984535,10.770988,20.044668,11.547257
14.550781,19.965519,10.719103,20.025356,11.62269
14.552734,19.945562,10.568256,20.002605,11.212009
14.554688,19.937895,10.636458,19.98431,11.073893
14.556641,19.925068,10.784492,19.969997,11.489145
14.558594,19.905745,10.677838,19.970102,11.650408
14.560547,19.873426,10.447201,19.941456,11.261811
14.5625,19.845936,10.446463,19.905502,11.045281
14.564453,19.836721,10.638324,19.879772,11.33846
14.566406,19.811432,10.705331,19.857693,11.563213
14.568359,19.797737,10.529363,19.832491,11.289531
14.570313,19.767656,10.397619,19.795446,11.055607
14.572266,19.746475,10.457397,19.791023,11.263109
14.574219,19.728075,10.509967,19.768959,11.457103
14.576172,19.692553,10.455116,19.717766,11.239112
14.578125,19.671772,10.367908,19.706993,10.961425
14.580078,19.636278,10.366516,19.690874,11.098379
14.582031,19.609949,10.40492,19.646376,11.374772
14.583984,19.580801,10.393001,19.619787,11.19808
14.585938,19.556299,10.366629,19.588774,10.838677
14.587891,19.522163,10.342823,19.55933,10.961469
14.589844,19.494154,10.282132,19.539564,11.284945
14.591797,19.475096,10.222733,19.501972,11.138852
14.59375,19.422667,10.275168,19.47072,10.764682
14.595703,19.40564,10.25721,19.438887,10.822443
14.597656,19.384476,10.105312,19.415052,11.129285
14.599609,19.344763,10.132578,19.39175,11.048955
14.601563,19.311205,10.206354,19.343586,10.694057
14.603516,19.270647,10.07204,19.30686,10.686582
14.605469,19.239784,9.9570608,19.272247,10.923369
14.607422,19.199732,10.054107,19.237469,10.920689
14.609375,19.153776,10.190684,19.203543,10.737465
14.611328,19.123634,10.093996,19.157013,10.687947
14.613281,19.090374,9.8853855,19.120296,10.795912
14.615234,19.045023,9.8922672,19.086937,10.782464
14.617188,19.010227,9.996519,19.053848,10.631209
14.619141,18.967001,9.93822,19.015114,10.595812
14.621094,18.927336,9.7913961,18.965363,10.664755
14.623047,18.88542,9.7575454,18.899324,10.607268
14.625,18.838327,9.8855094,18.861151,10.487792
14.626953,18.801912,9.8944234,18.846485,10.530838
14.628906,18.761534,9.6972923,18.800123,10.665107
14.630859,18.713015,9.6186313,18.749363,10.572351
14.632813,18.660305,9.7259426,18.702993,10.294066
14.634766,18.622965,9.7480554,18.668383,10.27793
14.636719,18.57198,9.6022462,18.610443,10.494426
14.638672,18.523241,9.5426349,18.56863,10.472939
14.640625,18.475,9.6041641,18.536327,10.200802
14.642578,18.418806,9.6203994,18.478638,10.177625
14.644531,18.377529,9.5007057,18.433537,10.376342
14.646484,18.326298,9.4053039,18.377258,10.306265
14.648438,18.279293,9.4990425,18.340601,10.05502
14.650391,18.226509,9.5181245,18.290247,10.059047
14.652344,18.169443,9.3229284,18.226707,10.257986
14.654297,18.118736,9.1946392,18.173653,10.185079
14.65625,18.06151,9.3429851,18.122355,9.9142303
14.658203,18.010878,9.4517107,18.058525,9.9492225
14.660156,17.957428,9.2528152,17.990595,10.163344
14.662109,17.899139,9.0624666,17.94607,10.081254
14.664063,17.84683,9.1469755,17.883579,9.8316383
14.666016,17.789272,9.2756671,17.82324,9.8611726
14.667969,17.730694,9.1394529,17.769976,10.021165
14.669922,17.676966,8.9242925,17.715147,9.9171495
14.671875,17.617804,9.0024223,17.646292,9.7037773
14.673828,17.549427,9.1666097,17.589132,9.7034235
14.675781,17.487322,9.0131835,17.542189,9.816204
14.677734,17.42749,8.767394,17.471201,9.773302
14.679688,17.3603,8.8781518,17.412691,9.6008863
14.681641,17.29381,9.0878648,17.352486,9.5318384
14.683594,17.232164,8.9086351,17.293791,9.6257896
14.685547,17.17642,8.6290559,17.231709,9.6372785
14.6875,17.108219,8.7183971,17.179026,9.4774704
14.689453,17.043625,8.9022903,17.107224,9.3764619
14.691406,16.992964,8.6997709,17.023737,9.440607
14.693359,16.921268,8.4455213,16.983496,9.4530839
14.695313,16.848101,8.5567207,16.916925,9.3591222
14.697266,16.786573,8.6683378,16.849977,9.326106
14.699219,16.71454,8.5725698,16.775677,9.2804069
14.701172,16.643843,8.4433975,16.707567,9.2046203
14.703125,16.571785,8.4104909,16.636612,9.1876783
14.705078,16.502573,8.4809894,16.546307,9.2205429
14.707031,16.434668,8.4666452,16.506361,9.1843433
14.708984,16.36944,8.3311643,16.442595,9.1037817
14.710938,16.298004,8.2412147,16.361868,9.1131506
14.712891,16.223772,8.277934,16.296314,9.0419321
14.714844,16.148708,8.2456283,16.223038,8.8676128
14.716797,16.074984,8.1039161,16.147041,8.8579187
14.71875,16.013329,8.0960397,16.079197,8.971529
14.720703,15.930115,8.206232,16.023552,8.9099626
14.722656,15.85808,8.1449375,15.924098,8.7271328
14.724609,15.7848,7.8699607,15.822596,8.7050561
14.726563,15.702521,7.859137,15.774919,8.7455959
14.728516,15.626388,8.0774078,15.684074,8.7189512
14.730469,15.546151,8.0150823,15.598027,8.7366199
14.732422,15.474743,7.7633652,15.546868,8.6709861
14.734375,15.392187,7.7290945,15.447235,8.5422639
14.736328,15.313908,7.8622999,15.369596,8.5262928
14.738281,15.233339,7.7840871,15.30427,8.4993228
14.740234,15.148659,7.5945801,15.227305,8.4497718
14.742188,15.083899,7.5774474,15.153209,8.4140567
14.744141,14.997288,7.6942577,15.057436,8.3319406
14.746094,14.907619,7.6428875,14.983396,8.2475833
14.748047,14.832787,7.3608913,14.888062,8.2356252
14.75,14.743132,7.33218,14.781447,8.2727527
14.751953,14.671337,7.5615592,14.737638,8.2134084
14.753906,14.588402,7.5271549,14.655025,8.1294298
14.755859,14.490718,7.2228899,14.542597,8.1740016
14.757813,14.41806,7.0912756,14.476995,8.0673904
14.759766,14.334008,7.2717843,14.394952,7.8646969
14.761719,14.233714,7.3752312,14.299097,7.9527931
14.763672,14.14897,7.1116666,14.204322,8.0465869
14.765625,14.079023,6.8991055,14.120201,7.8412985
14.767578,13.985561,7.1026339,14.041966,7.6868825
14.769531,13.891387,7.2085623,13.951952,7.8292703
14.771484,13.803233,6.860517,13.864304,7.8899426
14.773438,13.708651,6.6539802,13.769853,7.628983
14.775391,13.622916,6.9193573,13.673565,7.4605193
14.777344,13.531101,7.0646491,13.589775,7.6066312
14.779297,13.437609,6.7496385,13.507976,7.6932539
14.78125,13.353395,6.4908185,13.400951,7.5065331
14.783203,13.265338,6.6521382,13.321782,7.3118734
14.785156,13.165011,6.8012933,13.234181,7.3544545
14.787109,13.077277,6.5525317,13.12069,7.4607033
14.789063,12.983249,6.2992558,13.040318,7.3184328
14.791016,12.886702,6.4421978,12.949257,7.1069884
14.792969,12.795907,6.5799322,12.857294,7.1839304
14.794922,12.697507,6.368514,12.775941,7.2680716
14.796875,12.603768,6.147324,12.66429,7.0839281
14.798828,12.518873,6.219161,12.56601,6.8942761
14.800781,12.417349,6.3337001,12.487712,6.9385542
14.802734,12.316347,6.1712622,12.376769,7.0478062
14.804688,12.226193,5.9176249,12.280425,6.9186124
14.806641,12.1224,5.9742722,12.187077,6.7232484
14.808594,12.028119,6.1277241,12.078574,6.7382464
14.810547,11.919716,5.9736061,11.987625,6.8292012
14.8125,11.82876,5.7494282,11.897943,6.7216434
14.814453,11.736002,5.7570233,11.78894,6.543961
14.816406,11.622702,5.8633914,11.684263,6.5251674
14.818359,11.532241,5.7355418,11.590807,6.5342316
14.820313,11.423727,5.5120673,11.496721,6.4733104
14.822266,11.322734,5.537251,11.39223,6.377212
14.824219,11.230146,5.6146354,11.282204,6.3133106
14.826172,11.129821,5.5045013,11.198608,6.2817406
14.828125,11.029565,5.3466529,11.092457,6.2496223
14.830078,10.921673,5.279891,10.991765,6.1803464
14.832031,10.828293,5.2592096,10.896849,6.0570492
14.833984,10.730153,5.2230758,10.778255,6.0021958
14.835938,10.618701,5.159513,10.682775,6.0185766
14.837891,10.515887,5.0488858,10.571552,5.9465322
14.839844,10.404398,4.9595732,10.479445,5.8262405
14.841797,10.300659,4.988728,10.385929,5.8054871
14.84375,10.197663,4.9798498,10.248071,5.8683242
14.845703,10.083401,4.8582549,10.143602,5.7674794
14.847656,9.9752674,4.7410392,10.048846,5.4978675
14.849609,9.8689308,4.6817064,9.9474172,5.5497541
14.851563,9.7723417,4.669425,9.8340272,5.7340884
14.853516,9.6592578,4.6144204,9.7115173,5.4935574
14.855469,9.5470199,4.4882049,9.6151666,5.1852812
14.857422,9.4397516,4.3737521,9.5206785,5.2840108
14.859375,9.3314495,4.3406496,9.4161167,5.4756703
14.861328,9.2318849,4.3448405,9.3055944,5.2664141
14.863281,9.123805,4.2657747,9.2045202,4.9259543
14.865234,9.0174493,4.1228604,9.0875759,4.9566288
14.867188,8.9002904,3.9928813,8.9664182,5.130619
14.869141,8.7849321,3.9422051,8.8615179,5.0007066
14.871094,8.6812229,3.977772,8.7590541,4.7423644
14.873047,8.5695323,3.9313948,8.6444902,4.7751774
14.875,8.457364,3.7863936,8.5285778,4.8880572
14.876953,8.3456831,3.6529531,8.412836,4.7001357
14.878906,8.2349262,3.6253752,8.288702,4.453793
14.880859,8.1239604,3.6150126,8.1980733,4.4965548
14.882813,8.0128498,3.4758944,8.0753364,4.6351785
14.884766,7.9065022,3.390424,7.9547562,4.4850792
14.886719,7.792787,3.3611478,7.8638405,4.179439
14.888672,7.6704297,3.2475295,7.744657,4.1775226
14.890625,7.5665497,3.12519,7.629054,4.2938294
14.892578,7.4531798,3.0472974,7.5079259,4.1192283
14.894531,7.3389706,3.0560727,7.3966107,3.9035937
14.896484,7.236484,2.9684269,7.2987661,3.9260726
14.898438,7.1083169,2.748233,7.1752128,4.0017194
14.900391,6.9943647,2.6592736,7.0601143,3.8440902
14.902344,6.8913965,2.6793031,6.9627094,3.57837
14.904297,6.770236,2.6656293,6.8290514,3.5793891
14.90625,6.6484355,2.4825031,6.6968669,3.6954267
14.908203,6.5478348,2.2976481,6.5999798,3.5120012
14.910156,6.4350905,2.3294651,6.4785556,3.2888264
14.912109,6.303205,2.3347883,6.367721,3.3564972
14.914063,6.1912179,2.0849096,6.2634315,3.3827858
14.916016,6.084877,1.8882767,6.12749,3.157377
14.917969,5.9744606,2.0261266,6.032875,2.9428386
14.919922,5.842514,2.0325298,5.9228634,2.9826667
14.921875,5.7181844,1.6906977,5.7908744,3.0326538
14.923828,5.6132378,1.4713407,5.664658,2.7946898
14.925781,5.4808235,1.6721884,5.5425186,2.5763988
14.927734,5.3624606,1.7754055,5.4389858,2.679254
14.929688,5.2523078,1.3436294,5.3176436,2.7577223
14.931641,5.1405911,1.1040651,5.1997456,2.4809165
14.933594,5.0226059,1.3060112,5.080935,2.2328095
14.935547,4.8929491,1.2650866,4.9737134,2.2936501
14.9375,4.783575,0.87490761,4.8555288,2.3385589
14.939453,4.6625428,0.74677873,4.732192,2.0967354
14.941406,4.5488028,0.97499055,4.6189951,1.8549889
14.943359,4.4259495,0.9095335,4.4828767,1.8918128
14.945313,4.295566,0.54621059,4.3666234,1.9425261
14.947266,4.1821899,0.40230832,4.2500815,1.7694456
14.949219,4.0687966,0.56251419,4.1243696,1.5581419
14.951172,3.951895,0.57135546,4.0143265,1.5567627
14.953125,3.8212368,0.27161688,3.8834402,1.5472422
14.955078,3.7054588,0.060219109,3.7456605,1.3669475
14.957031,3.584954,0.13807511,3.6382155,1.1717101
14.958984,3.4616899,0.23089154,3.5110993,1.1427289
14.960938,3.3443253,0.059453212,3.3844842,1.1933919
14.962891,3.2126534,-0.11833277,3.2873864,1.0213921
14.964844,3.09221,-0.089188665,3.1392707,0.79083979
14.966797,2.9716177,-0.022768017,3.0040352,0.74134737
14.96875,2.8497924,-0.06019729,2.8990323,0.73392868
14.970703,2.7286326,-0.136769,2.7736427,0.63885003
14.972656,2.6078975,-0.20075308,2.6600327,0.5365172
14.974609,2.4877834,-0.18356401,2.5376772,0.41308627
14.976563,2.3623952,-0.13244359,2.4259371,0.30626655
14.978516,2.2402405,-0.15798675,2.3091325,0.25731599
14.980469,2.1086585,-0.19433218,2.1677224,0.16040051
14.982422,1.985973,-0.177571,2.0547959,0.063837007
14.984375,1.8820262,-0.11662345,1.937168,0.0021149968
14.986328,1.7595634,-0.12472653,1.8132872,0.025956448
14.988281,1.6290433,-0.18159431,1.6907548,0.036752746
14.990234,1.5104924,-0.26557329,1.5650115,-0.084286593
14.992188,1.3809733,-0.24223623,1.4484267,-0.16584809
14.994141,1.2599411,-0.10215127,1.2986681,-0.072909266
14.996094,1.1443102,-0.09231057,1.1826924,-0.035123587
14.998047,1.0200117,-0.16728035,1.0665676,-0.1326872
15.0,0.89745843,-0.23626068,0.94054484,-0.087697558
15.001953,0.77515417,-0.21631292,0.8321631,-0.037448693
15.003906,0.66258156,-0.16095714,0.69567031,-0.10980902
15.005859,0.52718943,-0.15250202,0.5737192,-0.17865215
15.007813,0.39310023,-0.18970846,0.4486109,-0.1548164
15.009766,0.28681928,-0.23460671,0.34073955,-0.08278472
15.011719,0.1580091,-0.12246238,0.2189151,-0.10105395
15.013672,0.02631117,-0.066089071,0.091951624,-0.14442959
15.015625,-0.091055676,-0.21918878,-0.020693704,-0.16817233
15.017578,-0.21420722,-0.30085519,-0.1616978,-0.15343298
15.019531,-0.32777014,-0.16279976,-0.26666531,-0.12473655
15.021484,-0.44473323,-0.10230529,-0.3829428,-0.12163437
15.023438,-0.57743567,-0.36305887,-0.52517068,-0.1401986
15.025391,-0.69923186,-0.59175217,-0.64131773,-0.15059443
15.027344,-0.81769425,-0.53037179,-0.77396786,-0.14112242
15.029297,-0.93722451,-0.39764196,-0.89991248,-0.11190037
15.03125,-1.0562171,-0.5565089,-1.021519,-0.087442033
15.033203,-1.190402,-0.88078445,-1.1333149,-0.14748701
15.035156,-1.3138389,-0.93858808,-1.2429782,-0.165774
15.037109,-1.4244747,-0.90948659,-1.3760176,-0.13604082
15.039063,-1.562108,-1.000457,-1.493422,-0.19763367
15.041016,-1.6904366,-1.1858781,-1.6151161,-0.32570589
15.042969,-1.8126455,-1.3936481,-1.7436274,-0.32461277
15.044922,-1.93491,-1.4166603,-1.8647477,-0.22413138
15.046875,-2.0464479,-1.4603155,-1.9898859,-0.31637725
15.048828,-2.172168,-1.6537637,-2.123255,-0.45442802
15.050781,-2.2916448,-1.879034,-2.2452898,-0.46750516
15.052734,-2.4184019,-2.007586,-2.3514905,-0.45677599
15.054688,-2.5334188,-2.0210828,-2.460267,-0.56250054
15.056641,-2.6455235,-2.1268103,-2.5903394,-0.78126913
15.058594,-2.7816898,-2.2536287,-2.7177665,-0.90201944
15.060547,-2.8951244,-2.3776989,-2.8346512,-0.99098295
15.0625,-3.0082881,-2.5079839,-2.9685642,-1.1154032
15.064453,-3.1324276,-2.5948736,-3.0990202,-1.2202676
15.066406,-3.2443623,-2.6848077,-3.2179687,-1.3191119
15.068359,-3.3788156,-2.8318638,-3.3216249,-1.4094308
15.070313,-3.4989099,-2.9713769,-3.4391095,-1.5157355
15.072266,-3.6119086,-2.9960131,-3.5790071,-1.6815826
15.074219,-3.7445132,-3.0083844,-3.6985442,-1.880033
15.076172,-3.8699209,-3.162883,-3.8094797,-1.9550845
15.078125,-3.9929943,-3.3958544,-3.9358546,-1.9785567
15.080078,-4.1042161,-3.429593,-4.0613541,-2.1010079
15.082031,-4.2236371,-3.3637597,-4.1664667,-2.3124725
15.083984,-4.3363227,-3.5215303,-4.2932701,-2.4364514
15.085938,-4.4550418,-3.7928733,-4.4223012,-2.4030826
15.087891,-4.5825047,-3.9010834,-4.5205836,-2.5361957
15.089844,-4.6943855,-3.8590784,-4.6460661,-2.768785
15.091797,-4.8161301,-3.9089281,-4.7713217,-2.822092
15.09375,-4.9373016,-4.0758833,-4.8837418,-2.8474333
15.095703,-5.0572738,-4.184163,-5.003478,-3.0032675
15.097656,-5.1790399,-4.2378583,-5.1263771,-3.1577696
15.099609,-5.3025364,-4.3037457,-5.2504534,-3.1995523
15.101563,-5.4207401,-4.4223055,-5.3676939,-3.2424886
15.103516,-5.5443916,-4.5006547,-5.4833736,-3.369692
15.105469,-5.6666798,-4.5173893,-5.5993585,-3.5042285
15.107422,-5.7629084,-4.632442,-5.7291555,-3.5462966
15.109375,-5.881905,-4.7698984,-5.8484988,-3.6141679
15.111328,-6.0059037,-4.8643937,-5.9552578,-3.7692503
15.113281,-6.1241989,-4.9601926,-6.0645747,-3.8504128
15.115234,-6.2439599,-5.0353798,-6.1876211,-3.8761057
15.117188,-6.3563089,-5.0650339,-6.29775,-4.0066289
15.119141,-6.4735665,-5.098916,-6.4119916,-4.184246
15.121094,-6.5821175,-5.2101368,-6.5327024,-4.2328701
15.123047,-6.7024016,-5.3357148,-6.6364049,-4.2385702
15.125,-6.8179388,-5.4216857,-6.7654714,-4.3465743
15.126953,-6.9306035,-5.4764823,-6.8785061,-4.5063672
15.128906,-7.0528779,-5.5340561,-7.0005521,-4.5661993
15.130859,-7.1683626,-5.5933098,-7.1132364,-4.5569138
15.132813,-7.2790341,-5.6628089,-7.2188859,-4.6649594
15.134766,-7.400649,-5.7454533,-7.3377151,-4.8083348
15.136719,-7.5179457,-5.7949953,-7.4606757,-4.8830146
15.138672,-7.6221685,-5.9162826,-7.5780782,-4.9225606
15.140625,-7.7438373,-6.0018658,-7.6750922,-4.9818654
15.142578,-7.8542923,-5.9911637,-7.7999548,-5.0962691
15.144531,-7.9645214,-6.0867605,-7.908534,-5.1922864
15.146484,-8.0813169,-6.1934342,-8.0239601,-5.2432041
15.148438,-8.1840591,-6.265315,-8.1342735,-5.2768297
15.150391,-8.3072137,-6.333558,-8.2468986,-5.3767046
15.152344,-8.4270105,-6.3680119,-8.3750486,-5.506771
15.154297,-8.5235004,-6.4482965,-8.4847583,-5.5397524
15.15625,-8.6304578,-6.5197711,-8.5935649,-5.5559401
15.158203,-8.7405815,-6.5182166,-8.6963233,-5.6364412
15.160156,-8.8544406,-6.6186246,-8.8163366,-5.7570819
15.162109,-8.9724979,-6.8370041,-8.9289503,-5.8299956
15.164063,-9.0749836,-6.861999,-9.0230379,-5.8559956
15.166016,-9.1790323,-6.7184367,-9.1332559,-5.9104762
15.167969,-9.3067302,-6.7596426,-9.2390222,-6.0198268
15.169922,-9.4094324,-7.0369873,-9.3541708,-6.128787
15.171875,-9.5055885,-7.1634569,-9.4678211,-6.1540999
15.173828,-9.6330871,-6.977498,-9.5641727,-6.1994495
15.175781,-9.7282066,-6.9892602,-9.6888847,-6.2871341
15.177734,-9.8321323,-7.2908482,-9.8160057,-6.3264074
15.179688,-9.9517078,-7.3582325,-9.9198684,-6.3903713
15.181641,-10.051455,-7.2510032,-9.9940929,-6.459692
15.183594,-10.161646,-7.3273301,-10.092162,-6.4363403
15.185547,-10.268637,-7.4575772,-10.215291,-6.4967832
15.1875,-10.37011,-7.5137257,-10.321469,-6.7402634
15.189453,-10.474316,-7.52987,-10.432594,-6.8667106
15.191406,-10.582827,-7.5868811,-10.547704,-6.7270822
15.193359,-10.684699,-7.6996402,-10.650943,-6.6728887
15.195313,-10.774172,-7.7512245,-10.749076,-6.8968744
15.197266,-10.887406,-7.7985987,-10.855671,-7.0205311
15.199219,-10.997762,-7.8442535,-10.95011,-6.9273829
15.201172,-11.092553,-7.923347,-11.043277,-6.9543485
15.203125,-11.202764,-7.9428758,-11.142608,-7.1289925
15.205078,-11.303295,-7.9095892,-11.247945,-7.2560873
15.207031,-11.40834,-8.0278482,-11.353238,-7.2484207
15.208984,-11.505805,-8.1320781,-11.452484,-7.2423644
15.210938,-11.608702,-8.1298475,-11.556553,-7.3374152
15.212891,-11.711303,-8.1388511,-11.641723,-7.4121761
15.214844,-11.803518,-8.2486543,-11.73742,-7.4320001
15.216797,-11.906048,-8.313816,-11.849193,-7.4591975
15.21875,-12.00482,-8.3556432,-11.943508,-7.5514535
15.220703,-12.109507,-8.4238195,-12.040108,-7.633326
15.222656,-12.194648,-8.4015522,-12.129452,-7.6624746
15.224609,-12.287704,-8.4246082,-12.234298,-7.6671032
15.226563,-12.393049,-8.5505695,-12.342656,-7.6890387
15.228516,-12.491245,-8.6813812,-12.432735,-7.8510727
15.230469,-12.576095,-8.6558923,-12.540222,-7.9282255
15.232422,-12.675706,-8.5684433,-12.637757,-7.7858877
15.234375,-12.779667,-8.6532964,-12.725145,-7.8198738
15.236328,-12.86004,-8.8702907,-12.824958,-8.0183668
15.238281,-12.969679,-8.8747873,-12.913955,-8.0753622
15.240234,-13.063848,-8.7087268,-13.011938,-8.0325422
15.242188,-13.151843,-8.8415908,-13.105995,-8.0762262
15.244141,-13.260481,-9.0296421,-13.195409,-8.2291479
15.246094,-13.341013,-8.9712076,-13.297506,-8.2530937
15.248047,-13.428629,-8.9137821,-13.390512,-8.173027
15.25,-13.527712,-9.0116157,-13.484751,-8.2529001
15.251953,-13.607425,-9.2015056,-13.567447,-8.4402828
15.253906,-13.705647,-9.2029113,-13.659033,-8.4325084
15.255859,-13.797232,-9.0840215,-13.749085,-8.3110456
15.257813,-13.881199,-9.2041492,-13.834805,-8.4371299
15.259766,-13.978004,-9.3379201,-13.924695,-8.6261091
15.261719,-14.065423,-9.277358,-14.011542,-8.5839424
15.263672,-14.149047,-9.2521734,-14.104718,-8.5063667
15.265625,-14.234045,-9.3717279,-14.196918,-8.6153879
15.267578,-14.328223,-9.4550752,-14.281796,-8.786066
15.269531,-14.412261,-9.4358806,-14.355102,-8.7458534
15.271484,-14.488019,-9.4655494,-14.448343,-8.6290473
15.273438,-14.575039,-9.5170469,-14.524429,-8.7829771
15.275391,-14.665483,-9.5612897,-14.599349,-8.9833803
15.277344,-14.734903,-9.612256,-14.703554,-8.9027652
15.279297,-14.821671,-9.6341867,-14.790712,-8.7995796
15.28125,-14.910006,-9.6512785,-14.860886,-8.9659032
15.283203,-14.986108,-9.7092104,-14.940886,-9.0986337
15.285156,-15.071506,-9.7386426,-15.02498,-8.9699878
15.287109,-15.150047,-9.7236375,-15.119221,-8.9521379
15.289063,-15.235498,-9.7888221,-15.200307,-9.1637401
15.291016,-15.317084,-9.8550853,-15.25873,-9.2322969
15.292969,-15.393082,-9.8317756,-15.355469,-9.0783262
15.294922,-15.462852,-9.8570194,-15.426221,-9.0989713
15.296875,-15.548279,-9.9572153,-15.489062,-9.3469572
15.298828,-15.61874,-10.012999,-15.575896,-9.3801755
15.300781,-15.682422,-10.020461,-15.653051,-9.2236776
15.302734,-15.768958,-10.017712,-15.73283,-9.2958908
15.304688,-15.844869,-10.105288,-15.793946,-9.504301
15.306641,-15.923742,-10.194379,-15.869206,-9.475068
15.308594,-16.001371,-10.109737,-15.96171,-9.3420438
15.310547,-16.066504,-10.062346,-16.032883,-9.4525251
15.3125,-16.142986,-10.177003,-16.092272,-9.6442775
15.314453,-16.230116,-10.265678,-16.165092,-9.5766401
15.316406,-16.292234,-10.27014,-16.237194,-9.4300384
15.318359,-16.356745,-10.263503,-16.302118,-9.5809907
15.320313,-16.437622,-10.257769,-16.377701,-9.8103284
15.322266,-16.505352,-10.336607,-16.448759,-9.7374315
15.324219,-16.567551,-10.449739,-16.517439,-9.5866537
15.326172,-16.647142,-10.410213,-16.598099,-9.6894235
15.328125,-16.715406,-10.37431,-16.662539,-9.8787269
15.330078,-16.767179,-10.472656,-16.719299,-9.8278274
15.332031,-16.844311,-10.493257,-16.79121,-9.6816978
15.333984,-16.90864,-10.477511,-16.866776,-9.795516
15.335938,-16.964237,-10.600209,-16.928005,-10.026921
15.337891,-17.029163,-10.629435,-16.992716,-9.9817829
15.339844,-17.095554,-10.540771,-17.070362,-9.7810211
15.341797,-17.162102,-10.63447,-17.122845,-9.8879251
15.34375,-17.219963,-10.761562,-17.173613,-10.12642
15.345703,-17.283155,-10.659274,-17.251148,-10.035978
15.347656,-17.346279,-10.576914,-17.324175,-9.9003696
15.349609,-17.412069,-10.768302,-17.38126,-10.082465
15.351563,-17.468742,-10.892664,-17.451626,-10.229364
15.353516,-17.528898,-10.732821,-17.505995,-10.070508
15.355469,-17.589809,-10.664642,-17.55241,-9.9755544
15.357422,-17.645124,-10.872641,-17.609133,-10.154558
15.359375,-17.710861,-10.999831,-17.667143,-10.317387
15.361328,-17.76129,-10.847452,-17.72579,-10.236115
15.363281,-17.815195,-10.77554,-17.773371,-10.157912
15.365234,-17.872896,-10.948771,-17.833578,-10.314265
15.367188,-17.922197,-11.078708,-17.88781,-10.415051
15.369141,-17.98175,-10.995461,-17.947102,-10.308192
15.371094,-18.036406,-10.914684,-17.99662,-10.253033
15.373047,-18.085814,-11.050097,-18.048038,-10.384795
15.375,-18.135862,-11.149535,-18.10268,-10.462159
15.376953,-18.186926,-11.042608,-18.146341,-10.377451
15.378906,-18.239674,-11.001398,-18.209303,-10.353127
15.380859,-18.287474,-11.166109,-18.248896,-10.466996
15.382813,-18.333914,-11.238356,-18.29982,-10.554656
15.384766,-18.380472,-11.089143,-18.366398,-10.469044
15.386719,-18.429422,-11.079023,-18.40377,-10.437449
15.388672,-18.479479,-11.280925,-18.44482,-10.568624
15.390625,-18.521929,-11.326076,-18.490503,-10.584404
15.392578,-18.569901,-11.166944,-18.532352,-10.507597
15.394531,-18.624126,-11.146959,-18.579172,-10.570477
15.396484,-18.657009,-11.336072,-18.618322,-10.703667
15.398438,-18.699581,-11.382796,-18.6497,-10.684669
15.400391,-18.745657,-11.204645,-18.690691,-10.6038
15.402344,-18.780754,-11.221581,-18.740995,-10.670652
15.404297,-18.822458,-11.446715,-18.78385,-10.787424
15.40625,-18.872307,-11.466562,-18.829088,-10.77068
15.408203,-18.915342,-11.318959,-18.862043,-10.661076
15.410156,-18.944979,-11.31652,-18.892035,-10.679115
15.412109,-18.98682,-11.403875,-18.947535,-10.815118
15.414063,-19.021425,-11.426938,-18.987326,-10.83529
15.416016,-19.058176,-11.425882,-19.022659,-10.759542
15.417969,-19.1005,-11.449951,-19.063654,-10.755775
15.419922,-19.133341,-11.516192,-19.10041,-10.834343
15.421875,-19.166473,-11.506841,-19.149218,-10.860293
15.423828,-19.209843,-11.430208,-19.195305,-10.821114
15.425781,-19.240749,-11.457042,-19.220234,-10.81734
15.427734,-19.267965,-11.567219,-19.232309,-10.849124
15.429688,-19.306499,-11.559206,-19.267345,-10.873179
15.431641,-19.332392,-11.480264,-19.313341,-10.886147
15.433594,-19.362265,-11.52928,-19.351042,-10.950014
15.435547,-19.395388,-11.645875,-19.390945,-10.996453
15.4375,-19.421957,-11.663855,-19.409451,-10.919607
15.439453,-19.443569,-11.54954,-19.416506,-10.84794
15.441406,-19.476688,-11.527176,-19.439779,-10.934349
15.443359,-19.501184,-11.679159,-19.46085,-11.063361
15.445313,-19.509424,-11.751986,-19.498135,-11.056592
15.447266,-19.545633,-11.61634,-19.522842,-11.006573
15.449219,-19.579185,-11.56203,-19.5396,-11.037066
15.451172,-19.595139,-11.76734,-19.57234,-11.065738
15.453125,-19.622635,-11.80055,-19.588617,-11.040037
15.455078,-19.644308,-11.552423,-19.62134,-11.028072
15.457031,-19.667072,-11.541286,-19.636484,-11.056492
15.458984,-19.694759,-11.795819,-19.655649,-11.071615
15.460938,-19.708483,-11.854733,-19.677767,-11.04884
15.462891,-19.728962,-11.628401,-19.672915,-11.056393
15.464844,-19.754042,-11.549519,-19.691971,-11.099042
15.466797,-19.76429,-11.79864,-19.724068,-11.130365
15.46875,-19.786795,-11.894064,-19.751398,-11.136986
15.470703,-19.800854,-11.692635,-19.754131,-11.14042
15.472656,-19.806137,-11.623714,-19.761236,-11.125717
15.474609,-19.82115,-11.795574,-19.78117,-11.068014
15.476563,-19.831245,-11.924135,-19.78977,-11.102531
15.478516,-19.852243,-11.817805,-19.812025,-11.214738
15.480469,-19.86035,-11.712299,-19.837103,-11.196423
15.482422,-19.870071,-11.797988,-19.851143,-11.092046
15.484375,-19.889917,-11.857459,-19.859688,-11.084227
15.486328,-19.888683,-11.795023,-19.866739,-11.172488
15.488281,-19.896461,-11.738585,-19.87356,-11.201491
15.490234,-19.920046,-11.794064,-19.880257,-11.120255
15.492188,-19.923096,-11.889306,-19.900341,-11.107296
15.494141,-19.923737,-11.844726,-19.917122,-11.201919
15.496094,-19.938828,-11.714086,-19.928534,-11.230989
15.498047,-19.945692,-11.761345,-19.936209,-11.138928
15.5,-19.948168,-11.906693,-19.934114,-11.078526
15.501953,-19.950644,-11.854547,-19.933435,-11.154642
15.503906,-19.95212,-11.74332,-19.938627,-11.216133
15.505859,-19.956413,-11.795348,-19.951183,-11.176444
15.507813,-19.963972,-11.865829,-19.950886,-11.156534
15.509766,-19.965969,-11.840967,-19.944666,-11.185175
15.511719,-19.968296,-11.811152,-19.940947,-11.182654
15.513672,-19.971165,-11.807669,-19.958698,-11.178172
15.515625,-19.961054,-11.795581,-19.970385,-11.178882
15.517578,-19.968601,-11.739809,-19.94895,-11.154003
15.519531,-19.970768,-11.675124,-19.951305,-11.135603
15.521484,-19.958237,-11.647692,-19.94137,-11.109312
15.523438,-19.960644,-11.558687,-19.948938,-11.080746
15.525391,-19.957474,-11.43456,-19.952818,-11.037439
15.527344,-19.960447,-11.331134,-19.906567,-10.98258
15.529297,-19.960981,-11.309996,-19.939886,-10.943851
15.53125,-19.953915,-11.287719,-19.952805,-10.89877
15.533203,-19.950691,-11.147831,-19.920649,-10.844358
15.535156,-19.938652,-11.239343,-19.920364,-10.798368
15.537109,-19.926401,-11.407086,-19.913195,-10.695022
15.539063,-19.919897,-11.293262,-19.928688,-10.623184
15.541016,-19.917147,-11.165582,-19.914213,-10.818781
15.542969,-19.902338,-11.268031,-19.904448,-10.933978
15.544922,-19.887785,-11.372202,-19.91782,-10.683338
15.546875,-19.881258,-11.231814,-19.899246,-10.543455
15.548828,-19.871172,-11.119475,-19.881613,-10.751087
15.550781,-19.855856,-11.221345,-19.8673,-10.860842
15.552734,-19.836018,-11.293476,-19.854271,-10.650842
15.554688,-19.832449,-11.151917,-19.858147,-10.526535
15.556641,-19.81653,-11.059779,-19.849228,-10.71037
15.558594,-19.798899,-11.181735,-19.81691,-10.824244
15.560547,-19.784204,-11.230557,-19.803583,-10.600111
15.5625,-19.765575,-11.094345,-19.787889,-10.438317
15.564453,-19.748911,-10.991532,-19.774477,-10.642284
15.566406,-19.726799,-11.078437,-19.763777,-10.781513
15.568359,-19.710199,-11.169864,-19.725664,-10.555408
15.570313,-19.681616,-11.077424,-19.708923,-10.362043
15.572266,-19.667786,-10.93943,-19.695332,-10.537574
15.574219,-19.646875,-10.972636,-19.66946,-10.751653
15.576172,-19.621372,-11.113761,-19.637434,-10.541652
15.578125,-19.59668,-11.033085,-19.61249,-10.267292
15.580078,-19.561571,-10.811931,-19.605433,-10.453643
15.582031,-19.540371,-10.844449,-19.57004,-10.703608
15.583984,-19.519302,-11.035769,-19.539814,-10.48069
15.585938,-19.491505,-11.030928,-19.513062,-10.157003
15.587891,-19.451591,-10.802976,-19.497265,-10.330289
15.589844,-19.42922,-10.667086,-19.467115,-10.617096
15.591797,-19.406683,-10.873631,-19.424171,-10.408893
15.59375,-19.371664,-11.042613,-19.420361,-10.054011
15.595703,-19.3396,-10.761363,-19.379084,-10.198286
15.597656,-19.315802,-10.510984,-19.330557,-10.520315
15.599609,-19.28565,-10.718675,-19.309513,-10.313622
15.601563,-19.247595,-10.937586,-19.266472,-9.9668045
15.603516,-19.22056,-10.668665,-19.230774,-10.153252
15.605469,-19.182913,-10.393596,-19.221594,-10.451094
15.607422,-19.148834,-10.652003,-19.186388,-10.244864
15.609375,-19.106281,-10.856637,-19.147297,-9.8950576
15.611328,-19.063375,-10.563186,-19.120216,-9.9790134
15.613281,-19.039228,-10.313183,-19.077896,-10.239953
15.615234,-19.00835,-10.565548,-19.043221,-10.113828
15.617188,-18.96512,-10.782,-19.010336,-9.8116579
15.619141,-18.915255,-10.406854,-18.956581,-9.8922815
15.621094,-18.882458,-10.076775,-18.915689,-10.120329
15.623047,-18.852057,-10.436999,-18.881289,-9.9812002
15.625,-18.800747,-10.777093,-18.831512,-9.7347316
15.626953,-18.759357,-10.353299,-18.798023,-9.837738
15.628906,-18.718616,-9.920845,-18.740854,-10.031743
15.630859,-18.674011,-10.27442,-18.694679,-9.8932371
15.632813,-18.625751,-10.647207,-18.667078,-9.6492862
15.634766,-18.579453,-10.271138,-18.62326,-9.7374067
15.636719,-18.541821,-9.8607654,-18.568672,-9.9144935
15.638672,-18.489258,-10.152594,-18.521709,-9.7313833
15.640625,-18.453226,-10.472038,-18.500429,-9.4696064
15.642578,-18.395227,-10.121352,-18.444641,-9.5994501
15.644531,-18.338474,-9.7616806,-18.405006,-9.8107204
15.646484,-18.297514,-10.009295,-18.36878,-9.5876178
15.648438,-18.24791,-10.32708,-18.315228,-9.3053579
15.650391,-18.211853,-10.073133,-18.273413,-9.4382953
15.652344,-18.150095,-9.6904726,-18.210218,-9.6479501
15.654297,-18.102251,-9.8207368,-18.169613,-9.4598407
15.65625,-18.05475,-10.050867,-18.11709,-9.1787109
15.658203,-17.992195,-9.9006872,-18.048491,-9.3302307
15.660156,-17.936218,-9.6626157,-18.001896,-9.5308637
15.662109,-17.889236,-9.7216749,-17.954693,-9.3428697
15.664063,-17.843109,-9.9130544,-17.899637,-9.1136074
15.666016,-17.781195,-9.8163824,-17.835438,-9.2089233
15.667969,-17.723061,-9.5183754,-17.780552,-9.3539133
15.669922,-17.662928,-9.4958457,-17.723431,-9.1946907
15.671875,-17.609676,-9.7254133,-17.657652,-8.9971895
15.673828,-17.546385,-9.7286472,-17.600126,-9.0664596
15.675781,-17.475592,-9.4621982,-17.55386,-9.1963033
15.677734,-17.429201,-9.3796567,-17.496336,-9.0931587
15.679688,-17.375189,-9.5662031,-17.434212,-8.8862972
15.681641,-17.307203,-9.5884246,-17.369995,-8.8724193
15.683594,-17.25264,-9.2892217,-17.289301,-8.9882612
15.685547,-17.198303,-9.166069,-17.23089,-8.9574203
15.6875,-17.132854,-9.3975019,-17.181742,-8.789812
15.689453,-17.063641,-9.4023981,-17.118279,-8.7719659
15.691406,-16.994453,-9.1120109,-17.059851,-8.8688468
15.693359,-16.926641,-9.0698823,-16.990154,-8.7703285
15.695313,-16.859985,-9.3159427,-16.91485,-8.5791254
15.697266,-16.800915,-9.3164367,-16.849377,-8.5795345
15.699219,-16.731623,-9.0176754,-16.791109,-8.7009649
15.701172,-16.664007,-8.9159479,-16.724125,-8.6839008
15.703125,-16.610998,-9.044631,-16.652683,-8.4992141
15.705078,-16.524828,-9.0659933,-16.582884,-8.3941383
15.707031,-16.453699,-8.8853664,-16.514837,-8.4681844
15.708984,-16.400957,-8.7674694,-16.460335,-8.5178737
15.710938,-16.328203,-8.9129905,-16.400713,-8.3933572
15.712891,-16.259626,-8.960267,-16.325819,-8.2524366
15.714844,-16.185074,-8.6904611,-16.249897,-8.2535085
15.716797,-16.102409,-8.5350837,-16.188271,-8.29428
15.71875,-16.03758,-8.7018337,-16.109858,-8.2293071
15.720703,-15.974911,-8.8191518,-16.02969,-8.1132831
15.722656,-15.888218,-8.6598901,-15.967563,-8.0930233
15.724609,-15.817754,-8.4179859,-15.894558,-8.1424102
15.726563,-15.740492,-8.4097557,-15.822056,-8.1020355
15.728516,-15.664434,-8.6085519,-15.75561,-7.9689021
15.730469,-15.594161,-8.5481157,-15.669785,-7.9171457
15.732422,-15.512971,-8.2975864,-15.585052,-7.9594779
15.734375,-15.437823,-8.2581443,-15.511574,-7.9113926
15.736328,-15.362426,-8.3593473,-15.431586,-7.7958464
15.738281,-15.282608,-8.3454904,-15.357585,-7.7870707
15.740234,-15.197828,-8.1839799,-15.287091,-7.8088893
15.742188,-15.128783,-8.0900478,-15.205738,-7.7444958
15.744141,-15.042289,-8.1411972,-15.12833,-7.6204953
15.746094,-14.95683,-8.162302,-15.053835,-7.5499362
15.748047,-14.883569,-8.0366725,-14.973052,-7.5886502
15.75,-14.80042,-7.9389705,-14.888956,-7.5712003
15.751953,-14.728607,-7.9655461,-14.789536,-7.431591
15.753906,-14.636471,-7.9523363,-14.708482,-7.3661928
15.755859,-14.562168,-7.8046321,-14.632063,-7.4282889
15.757813,-14.480775,-7.6887259,-14.547594,-7.4509367
15.759766,-14.378893,-7.7693748,-14.462621,-7.3135209
15.761719,-14.313319,-7.7786607,-14.384276,-7.1526436
15.763672,-14.225663,-7.6448726,-14.288265,-7.1889534
15.765625,-14.136536,-7.5991349,-14.189297,-7.2356352
15.767578,-14.042253,-7.5382208,-14.130332,-7.1023535
15.769531,-13.955872,-7.4739174,-14.040663,-6.9988541
15.771484,-13.87382,-7.4945545,-13.948666,-7.0467348
15.773438,-13.766512,-7.4996485,-13.867577,-7.014254
15.775391,-13.685888,-7.384161,-13.770112,-6.8410673
15.777344,-13.598655,-7.2644858,-13.692887,-6.7809691
15.779297,-13.506562,-7.3265781,-13.608168,-6.8614683
15.78125,-13.423398,-7.3097786,-13.509836,-6.8353915
15.783203,-13.332703,-7.1230068,-13.426493,-6.6335444
15.785156,-13.242271,-7.0370202,-13.326721,-6.5413951
15.787109,-13.15157,-7.0882124,-13.239147,-6.6666913
15.789063,-13.06303,-7.0687556,-13.163037,-6.6575102
15.791016,-12.967741,-6.9103188,-13.054233,-6.4351711
15.792969,-12.872333,-6.8513779,-12.95413,-6.3522038
15.794922,-12.780944,-6.9097981,-12.853902,-6.3976368
15.796875,-12.684884,-6.8618364,-12.763358,-6.3448724
15.798828,-12.593957,-6.7193532,-12.664385,-6.271543
15.800781,-12.491944,-6.6532926,-12.55976,-6.2596993
15.802734,-12.393571,-6.6831617,-12.477885,-6.2139496
15.804688,-12.303079,-6.6611266,-12.372402,-6.1355657
15.806641,-12.19581,-6.5540471,-12.277768,-6.0568757
15.808594,-12.104919,-6.4613952,-12.173713,-6.0067005
15.810547,-12.010872,-6.4270334,-12.082919,-5.9789185
15.8125,-11.911076,-6.4385571,-12.001204,-5.9022684
15.814453,-11.816535,-6.3470649,-11.88343,-5.8340334
15.816406,-11.716515,-6.209505,-11.797837,-5.7739758
15.818359,-11.62668,-6.184587,-11.704909,-5.7104425
15.820313,-11.528038,-6.1773695,-11.587332,-5.6608834
15.822266,-11.421359,-6.1242637,-11.482287,-5.5850558
15.824219,-11.320248,-6.0007596,-11.394629,-5.5136632
15.826172,-11.222132,-5.9345822,-11.290765,-5.5070018
15.828125,-11.122525,-5.9750299,-11.178586,-5.4830513
15.830078,-11.024281,-5.9277381,-11.084915,-5.3454055
15.832031,-10.913361,-5.7806592,-10.999211,-5.24373
15.833984,-10.80569,-5.6895265,-10.895876,-5.2724075
15.835938,-10.711032,-5.684618,-10.782968,-5.2279853
15.837891,-10.613127,-5.7040228,-10.680715,-5.0420827
15.839844,-10.50256,-5.6360254,-10.57099,-4.9601192
15.841797,-10.392064,-5.4591002,-10.481524,-5.0313663
15.84375,-10.290883,-5.3548522,-10.360627,-5.0058145
15.845703,-10.185377,-5.4167866,-10.244452,-4.8083028
15.847656,-10.088248,-5.4363136,-10.148762,-4.675548
15.849609,-9.9747314,-5.2597937,-10.027555,-4.7597541
15.851563,-9.8717813,-5.1151409,-9.9306707,-4.8119297
15.853516,-9.7675705,-5.1162867,-9.8230552,-4.6046218
15.855469,-9.643094,-5.1216158,-9.7111425,-4.4093294
15.857422,-9.5398082,-5.016674,-9.6074247,-4.4580102
15.859375,-9.4414014,-4.8969235,-9.504075,-4.4879555
15.861328,-9.3342342,-4.9188017,-9.3874301,-4.321958
15.863281,-9.221529,-4.9006524,-9.2605667,-4.1683125
15.865234,-9.1127605,-4.6869096,-9.17908,-4.1401014
15.867188,-9.000576,-4.5493602,-9.079524,-4.17843
15.869141,-8.9036607,-4.6387543,-8.9667911,-4.1374392
15.871094,-8.8051023,-4.6634216,-8.8694219,-3.8911736
15.873047,-8.6811895,-4.4532761,-8.7452507,-3.7388427
15.875,-8.5609159,-4.2419061,-8.6225175,-3.8149831
15.876953,-8.4572467,-4.2725048,-8.5099515,-3.8259632
15.878906,-8.3500137,-4.3843994,-8.403573,-3.6618428
15.880859,-8.230277,-4.2944026,-8.2946605,-3.5168788
15.882813,-8.1235694,-4.0360698,-8.1830282,-3.5530438
15.884766,-8.0164213,-3.9347457,-8.0792007,-3.5249459
15.886719,-7.9006457,-4.0511307,-7.9636311,-3.3166611
15.888672,-7.7878913,-3.9738607,-7.8447866,-3.1737887
15.890625,-7.6756176,-3.7129454,-7.7346282,-3.1953973
15.892578,-7.5638623,-3.6580114,-7.6249351,-3.2034885
15.894531,-7.4469656,-3.7787239,-7.5233912,-3.0500991
15.896484,-7.3306798,-3.7093827,-7.4005889,-2.8835816
15.898438,-7.2154965,-3.4074065,-7.2644963,-2.854839
15.900391,-7.102283,-3.3231601,-7.1700844,-2.8495984
15.902344,-6.9957785,-3.4732289,-7.0486793,-2.728652
15.904297,-6.8802542,-3.4138555,-6.9021654,-2.5947301
15.90625,-6.7660274,-3.1199774,-6.8148074,-2.5367579
15.908203,-6.6516509,-2.9706573,-6.6982283,-2.5115139
15.910156,-6.5245895,-3.0813763,-6.5820474,-2.4320251
15.912109,-6.4133701,-3.0828294,-6.4881625,-2.2419235
15.914063,-6.3080411,-2.8734157,-6.3600521,-2.1175923
15.916016,-6.1780705,-2.7323834,-6.2450408,-2.1129679
15.917969,-6.068696,-2.704452,-6.1260719,-2.0378139
15.919922,-5.9484143,-2.6629931,-6.0169115,-1.8625844
15.921875,-5.8186125,-2.5865285,-5.8969183,-1.7640994
15.923828,-5.7100782,-2.444004,-5.7662162,-1.7702922
15.925781,-5.5844268,-2.3499612,-5.6603512,-1.6706861
15.927734,-5.472867,-2.3701939,-5.5395398,-1.4911955
15.929688,-5.3533406,-2.2733805,-5.4258327,-1.4388821
15.931641,-5.2335605,-2.0704395,-5.3154563,-1.4364955
15.933594,-5.1190843,-1.9739909,-5.1929016,-1.2802493
15.935547,-4.9936738,-1.9973895,-5.0768628,-1.084446
15.9375,-4.8784704,-1.921231,-4.9358825,-1.0287461
15.939453,-4.7680435,-1.7352163,-4.8109216,-1.0164346
15.941406,-4.652214,-1.6287604,-4.710875,-0.91347039
15.943359,-4.5241694,-1.6161556,-4.59486,-0.7725091
15.945313,-4.402337,-1.5178264,-4.4756231,-0.71518552
15.947266,-4.2872605,-1.3278356,-4.3540148,-0.64030778
15.949219,-4.1729006,-1.2943075,-4.2338743,-0.46249408
15.951172,-4.041635,-1.3361291,-4.1094903,-0.35447723
15.953125,-3.9198603,-1.178847,-3.9962694,-0.35172299
15.955078,-3.809746,-0.90342379,-3.8743612,-0.28466827
15.957031,-3.6873841,-0.90007639,-3.7433948,-0.13488168
15.958984,-3.571876,-0.99414831,-3.630228,-0.04373157
15.960938,-3.4429805,-0.79765224,-3.5077741,-0.035701066
15.962891,-3.3207938,-0.53107625,-3.38841,0.026554938
15.964844,-3.2030894,-0.49542332,-3.272289,0.13889511
15.966797,-3.0775196,-0.61507136,-3.1450779,0.17557459
15.96875,-2.9610283,-0.50926894,-3.0193474,0.15026304
15.970703,-2.8420004,-0.23102641,-2.9053592,0.17404966
15.972656,-2.7266917,-0.13082205,-2.783246,0.23331702
15.974609,-2.6003851,-0.21316673,-2.6543769,0.22189167
15.976563,-2.4738156,-0.17242289,-2.545228,0.21703319
15.978516,-2.361891,0.085325353,-2.4152226,0.25218865
15.980469,-2.2396471,0.16550513,-2.2839136,0.23208116
15.982422,-2.1204752,0.034353137,-2.1605806,0.21109642
15.984375,-1.9896025,0.062482804,-2.0309851,0.2253449
15.986328,-1.865668,0.29721683,-1.919083,0.22852813
15.988281,-1.75338,0.39353225,-1.789061,0.19492213
15.990234,-1.6194331,0.18095589,-1.6757545,0.19154513
15.992188,-1.4906033,0.089848325,-1.5630458,0.26194048
15.994141,-1.3635174,0.36480898,-1.439342,0.27259901
15.996094,-1.2455841,0.49849114,-1.3212447,0.23396583
15.998047,-1.1204,0.22016841,-1.1886746,0.23174836
16.0,-0.99101931,0.054595433,-1.0739189,0.28150755
16.001953,-0.87399042,0.33109951,-0.95112407,0.28962418
16.003906,-0.7561633,0.54741222,-0.85289001,0.2170974
16.005859,-0.63529027,0.30341154,-0.72608674,0.23034564
16.007813,-0.50182033,0.09789972,-0.57349139,0.30042571
16.009766,-0.39171824,0.33697477,-0.4586798,0.3441138
16.011719,-0.2719835,0.54954273,-0.33467609,0.29941034
16.013672,-0.14269112,0.32229364,-0.21702023,0.22236824
16.015625,-0.030227546,0.12678108,-0.082121879,0.24064533
16.017578,0.098970242,0.3282094,0.040795937,0.30737379
16.019531,0.22772695,0.49729893,0.17150147,0.33119607
16.021484,0.36411357,0.36854196,0.2977851,0.25585341
16.023438,0.47049633,0.17058071,0.41681927,0.24024929
16.025391,0.58516043,0.21667083,0.56441903,0.35235426
16.027344,0.72455657,0.40432137,0.66242957,0.49747655
16.029297,0.83569968,0.43414733,0.7770921,0.58900356
16.03125,0.96177536,0.29346186,0.91275042,0.56579214
16.033203,1.0839415,0.22028191,1.0317585,0.64293516
16.035156,1.2078568,0.35477549,1.1602847,0.87359172
16.037109,1.3314186,0.40722489,1.2695214,0.99239075
16.039063,1.4509358,0.31405026,1.3961906,1.0116529
16.041016,1.573964,0.33594787,1.5205427,1.0948858
16.042969,1.697032,0.47457501,1.6363675,1.3114293
16.044922,1.8289761,0.51378369,1.7767812,1.5100414
16.046875,1.9469245,0.45534691,1.8988217,1.5800849
16.048828,2.0638155,0.5088259,2.00478,1.6627072
16.050781,2.1828248,0.6109376,2.1157696,1.7157956
16.052734,2.3038208,0.68078882,2.2370631,1.8372229
16.054688,2.4298014,0.80564821,2.3585262,2.1094226
16.056641,2.5534229,0.93097019,2.4805388,2.2602589
16.058594,2.6664755,0.98984075,2.6058278,2.2139632
16.060547,2.787076,1.0459663,2.7291405,2.2826902
16.0625,2.9117279,1.1853537,2.855344,2.5422813
16.064453,3.033163,1.4116751,2.9787795,2.6710226
16.066406,3.1645083,1.5553659,3.1014256,2.6424536
16.068359,3.2781021,1.578807,3.2121355,2.6943244
16.070313,3.4072914,1.6455854,3.3227021,2.9127171
16.072266,3.5413219,1.796516,3.4596495,3.0778203
16.074219,3.6465022,1.9837565,3.5858435,3.0934724
16.076172,3.7645268,2.0805125,3.6953373,3.1896538
16.078125,3.8930237,2.1304018,3.8191251,3.3546907
16.080078,4.0079174,2.2911698,3.9422383,3.4442415
16.082031,4.1246156,2.4827332,4.0639791,3.4942386
16.083984,4.2510166,2.564558,4.1794853,3.5857873
16.085938,4.3547697,2.5704476,4.2998533,3.7281477
16.087891,4.4764514,2.6857264,4.4235682,3.8440139
16.089844,4.6142072,2.9144568,4.5339708,3.9051528
16.091797,4.730493,3.0686419,4.6540055,3.9945845
16.09375,4.8534541,3.0306112,4.7942013,4.0928988
16.095703,4.9650769,2.9897482,4.9117231,4.1916194
16.097656,5.0811204,3.1979634,5.0064272,4.2986989
16.099609,5.2051887,3.4806249,5.151719,4.3263154
16.101563,5.3248796,3.5407087,5.2810387,4.419929
16.103516,5.4490456,3.4673559,5.3806586,4.6048793
16.105469,5.5656995,3.5963609,5.4973888,4.6560788
16.107422,5.6759438,3.8313703,5.6124835,4.6242375
16.109375,5.7837319,3.8512768,5.7184529,4.749516
16.111328,5.9134836,3.8301308,5.8278594,4.9980869
16.113281,6.0351939,4.051876,5.9691224,5.0618581
16.115234,6.1438722,4.2981805,6.0805959,5.0146551
16.117188,6.2640256,4.2272372,6.1961379,5.1473836
16.119141,6.3797936,4.1157417,6.3197054,5.288887
16.121094,6.4933939,4.3572049,6.4253306,5.3042345
16.123047,6.609663,4.6389164,6.5545477,5.3229775
16.125,6.7328062,4.6179022,6.673232,5.4310259
16.126953,6.8357944,4.5649962,6.7867264,5.6154508
16.128906,6.9461631,4.6920728,6.8801884,5.6564121
16.130859,7.0694484,4.874053,6.9907012,5.6032309
16.132813,7.1820516,4.9972481,7.1212468,5.7279844
16.134766,7.2956094,4.9933877,7.235764,5.9625496
16.136719,7.4120974,4.9990596,7.35469,6.0376067
16.138672,7.5326314,5.140079,7.4724168,5.9386858
16.140625,7.646646,5.2951197,7.5894837,5.9735379
16.142578,7.7475147,5.3121047,7.6900591,6.1694636
16.144531,7.8598556,5.2882986,7.8070259,6.2695517
16.146484,7.9886961,5.4529919,7.9236946,6.2467517
16.148438,8.1003313,5.6570735,8.0354156,6.3076348
16.150391,8.2152309,5.6655964,8.147685,6.4900951
16.152344,8.3255624,5.5758738,8.2471542,6.555262
16.154297,8.4359207,5.6690039,8.3747749,6.4935813
16.15625,8.5493955,5.8969039,8.4831733,6.5835304
16.158203,8.657895,5.9746232,8.592205,6.797254
16.160156,8.766942,5.9366984,8.715043,6.823615
16.162109,8.8745918,6.0158705,8.8186321,6.7354435
16.164063,8.9959421,6.1850814,8.9549255,6.8211631
16.166016,9.1087799,6.2418685,9.0509185,7.0278134
16.167969,9.2130346,6.2346568,9.1431274,7.0726642
16.169922,9.3267374,6.2693014,9.2675743,6.9681687
16.171875,9.4374618,6.3754372,9.3556366,7.0874466
16.173828,9.5416393,6.4767561,9.4755535,7.3373937
16.175781,9.6542358,6.5234503,9.5821008,7.3665895
16.177734,9.7599201,6.5919756,9.6897277,7.2882661
16.179688,9.8599796,6.6635842,9.8027715,7.3413476
16.181641,9.9597053,6.7081303,9.90489,7.5107417
16.183594,10.066553,6.7811441,10.026736,7.5769057
16.185547,10.177005,6.9214444,10.12755,7.5488696
16.1875,10.282138,7.0106349,10.238356,7.5875248
16.189453,10.384701,6.9593129,10.328709,7.6918139
16.191406,10.492892,6.9603166,10.420097,7.7606625
16.193359,10.608985,7.1046752,10.541519,7.7904796
16.195313,10.699976,7.2309627,10.640638,7.8855876
16.197266,10.803564,7.2165775,10.743266,7.9820003
16.199219,10.916677,7.187088,10.849497,8.0072259
16.201172,11.016983,7.3633709,10.947382,7.9926567
16.203125,11.126339,7.5062756,11.0514,8.0483646
16.205078,11.224389,7.4228887,11.157269,8.1961002
16.207031,11.330521,7.4035415,11.271662,8.2495088
16.208984,11.422965,7.575418,11.366795,8.2074651
16.210938,11.52027,7.7113995,11.465179,8.2500886
16.212891,11.632637,7.6797747,11.56391,8.357809
16.214844,11.718339,7.7030453,11.658749,8.3966522
16.216797,11.830589,7.8364119,11.769543,8.4226951
16.21875,11.925453,7.8850975,11.869104,8.5223665
16.220703,12.014704,7.8762173,11.9789,8.5987758
16.222656,12.128673,7.9077224,12.080626,8.5742311
16.224609,12.226059,8.0320091,12.171535,8.5894603
16.226563,12.321935,8.1471061,12.261404,8.7070055
16.228516,12.416952,8.0885677,12.353918,8.7648782
16.230469,12.511092,8.0549774,12.453495,8.7534656
16.232422,12.602173,8.2208709,12.540313,8.8279409
16.234375,12.703535,8.3664407,12.623558,8.9487295
16.236328,12.804398,8.3384122,12.730991,8.9558095
16.238281,12.893682,8.3026943,12.816454,8.9727306
16.240234,12.980199,8.3905248,12.905193,9.0808677
16.242188,13.079635,8.4859161,13.02225,9.109622
16.244141,13.174976,8.5113678,13.112979,9.1112556
16.246094,13.258478,8.5522546,13.209014,9.161107
16.248047,13.352472,8.6187591,13.292545,9.1803293
16.25,13.451646,8.6484298,13.385372,9.1965723
16.251953,13.539177,8.6783485,13.494286,9.2688398
16.253906,13.627804,8.7413597,13.573705,9.3840847
16.255859,13.723508,8.7822523,13.64704,9.3964757
16.257813,13.808273,8.8172864,13.75719,9.337965
16.259766,13.898834,8.8577985,13.86336,9.4414873
16.261719,13.991217,8.90345,13.948483,9.5998735
16.263672,14.086187,8.9726476,14.030433,9.5684938
16.265625,14.170575,9.0231943,14.10992,9.4596681
16.267578,14.248378,9.0187339,14.205723,9.5400991
16.269531,14.346314,9.007617,14.28275,9.7541408
16.271484,14.43003,9.1149187,14.370779,9.8183565
16.273438,14.511729,9.2418746,14.46387,9.6948967
16.275391,14.596226,9.1899786,14.546658,9.7004623
16.277344,14.677016,9.1276474,14.627615,9.8998298
16.279297,14.763385,9.2759561,14.701216,9.9644718
16.28125,14.837922,9.4293718,14.778772,9.8403825
16.283203,14.923548,9.3831472,14.869409,9.8402586
16.285156,15.005635,9.3251609,14.955538,10.077108
16.287109,15.089631,9.4226188,15.029842,10.179995
16.289063,15.177871,9.5421724,15.117432,9.983592
16.291016,15.256724,9.5397625,15.198095,9.9445352
16.292969,15.331894,9.4721937,15.275585,10.207209
16.294922,15.399754,9.4983797,15.344108,10.297398
16.296875,15.488195,9.6369152,15.426772,10.120996
16.298828,15.570932,9.7529859,15.514815,10.115952
16.300781,15.645396,9.7344512,15.588267,10.378979
16.302734,15.726944,9.6475095,15.671255,10.45467
16.304688,15.789407,9.6976785,15.746145,10.26088
16.306641,15.86712,9.8242073,15.813766,10.23859
16.308594,15.961176,9.8733196,15.879603,10.453118
16.310547,16.024748,9.8954906,15.973771,10.555404
16.3125,16.087627,9.8804597,16.049837,10.44751
16.314453,16.165844,9.8586721,16.113087,10.420794
16.316406,16.234272,9.9553813,16.206923,10.554959
16.318359,16.305517,10.083473,16.265633,10.640714
16.320313,16.380085,10.068481,16.331686,10.575617
16.322266,16.454378,10.019224,16.403975,10.529814
16.324219,16.528328,10.078468,16.464951,10.672166
16.326172,16.598608,10.149246,16.527737,10.78665
16.328125,16.672333,10.146124,16.593771,10.739527
16.330078,16.738621,10.132452,16.670397,10.725368
16.332031,16.800091,10.187438,16.73081,10.828243
16.333984,16.867645,10.242634,16.802507,10.902285
16.335938,16.934668,10.28723,16.870121,10.852672
16.337891,17.000359,10.341104,16.944281,10.808595
16.339844,17.067265,10.343744,17.021111,10.906801
16.341797,17.129272,10.335869,17.083885,10.999578
16.34375,17.198284,10.355225,17.140116,10.918842
16.345703,17.25963,10.423907,17.203802,10.868409
16.347656,17.314449,10.496239,17.275789,10.998134
16.349609,17.376925,10.456078,17.323906,11.111696
16.351563,17.431385,10.450111,17.39757,11.050327
16.353516,17.49593,10.573773,17.469881,10.997478
16.355469,17.558912,10.62622,17.532944,11.12941
16.357422,17.614889,10.566113,17.594381,11.2147
16.359375,17.679451,10.556088,17.640244,11.10831
16.361328,17.737774,10.635858,17.711363,11.052529
16.363281,17.792856,10.682336,17.766806,11.190356
16.365234,17.853575,10.655412,17.81048,11.327741
16.367188,17.910301,10.664085,17.880468,11.254788
16.369141,17.966276,10.738585,17.943966,11.165185
16.371094,18.014503,10.771141,17.991024,11.293521
16.373047,18.064722,10.746243,18.025751,11.417038
16.375,18.125664,10.761548,18.071333,11.337109
16.376953,18.174978,10.864215,18.135756,11.265034
16.378906,18.229696,10.915618,18.176748,11.428635
16.380859,18.280506,10.82759,18.214521,11.56893
16.382813,18.326958,10.804978,18.29377,11.4366
16.384766,18.375992,10.926673,18.352499,11.344025
16.386719,18.43103,11.009579,18.373569,11.515225
16.388672,18.479322,10.957653,18.433067,11.606175
16.390625,18.521246,10.916945,18.480768,11.446301
16.392578,18.58083,10.970887,18.513901,11.415792
16.394531,18.623472,11.041129,18.569189,11.612423
16.396484,18.666319,11.055907,18.611277,11.691003
16.398438,18.706736,10.989698,18.645014,11.554996
16.400391,18.752859,11.001301,18.708746,11.513523
16.402344,18.800011,11.138909,18.766514,11.685265
16.404297,18.831646,11.201472,18.796469,11.763815
16.40625,18.87615,11.09055,18.844559,11.605371
16.408203,18.912262,11.058147,18.884188,11.52929
16.410156,18.960211,11.225162,18.928467,11.710833
16.412109,19.004593,11.285146,18.961716,11.839197
16.414063,19.039894,11.165807,19.006824,11.720202
16.416016,19.078911,11.102605,19.042133,11.607809
16.417969,19.108423,11.209033,19.068384,11.750262
16.419922,19.154133,11.301399,19.130682,11.904939
16.421875,19.183804,11.275427,19.158764,11.815189
16.423828,19.211666,11.250802,19.200062,11.714722
16.425781,19.262897,11.262453,19.22835,11.800851
16.427734,19.291006,11.328365,19.255405,11.918382
16.429688,19.319286,11.365997,19.295835,11.880983
16.431641,19.363937,11.301362,19.314615,11.801685
16.433594,19.390022,11.291021,19.358433,11.87097
16.435547,19.421984,11.362907,19.392895,11.986094
16.4375,19.459797,11.379141,19.429161,11.967451
16.439453,19.478701,11.367522,19.453911,11.870126
16.441406,19.512604,11.367678,19.493742,11.892751
16.443359,19.548922,11.388282,19.541574,11.998376
16.445313,19.562523,11.468281,19.547472,12.003933
16.447266,19.587671,11.466673,19.568256,11.913967
16.449219,19.622063,11.371716,19.599451,11.892808
16.451172,19.638941,11.427433,19.626881,12.021324
16.453125,19.665142,11.548711,19.655968,12.109406
16.455078,19.695534,11.502192,19.67218,12.017575
16.457031,19.717375,11.426514,19.691235,11.932921
16.458984,19.747555,11.459382,19.713627,12.021218
16.460938,19.755623,11.514297,19.709679,12.150491
16.462891,19.780619,11.505496,19.742264,12.11482
16.464844,19.808374,11.472071,19.777819,12.011649
16.466797,19.814419,11.518744,19.793032,12.091628
16.46875,19.844389,11.560802,19.817566,12.203392
16.470703,19.860268,11.544454,19.819464,12.135523
16.472656,19.877228,11.533236,19.851828,12.009596
16.474609,19.897663,11.525265,19.855639,12.040494
16.476563,19.913633,11.544232,19.846363,12.212431
16.478516,19.935074,11.563882,19.890665,12.207977
16.480469,19.944603,11.560246,19.913546,12.095766
16.482422,19.952444,11.547884,19.920403,12.145116
16.484375,19.964703,11.549053,19.925224,12.20587
16.486328,19.980976,11.587838,19.940968,12.142623
16.488281,19.979187,11.628834,19.974655,12.115599
16.490234,19.987724,11.614866,19.980917,12.213472
16.492188,20.008743,11.574426,19.984251,12.247421
16.494141,20.00561,11.612733,19.992174,12.134494
16.496094,20.016068,11.646385,19.993752,12.081566
16.498047,20.032248,11.591824,20.013166,12.206215
16.5,20.035179,11.5696,20.022648,12.302725
16.501953,20.039059,11.611145,20.03134,12.212772
16.503906,20.043026,11.629683,20.040216,12.120358
16.505859,20.048223,11.60449,20.048662,12.193646
16.507813,20.061678,11.602006,20.064386,12.287305
16.509766,20.064432,11.623142,20.06234,12.239087
16.511719,20.066248,11.626579,20.062918,12.158354
16.513672,20.070948,11.586813,20.067799,12.193565
16.515625,20.063726,11.567841,20.071653,12.270586
16.517578,20.072962,11.583067,20.078665,12.262749
16.519531,20.076767,11.58869,20.099455,12.219318
16.521484,20.075371,11.599417,20.079157,12.235485
16.523438,20.079088,11.565464,20.052259,12.242828
16.525391,20.083174,11.543822,20.082174,12.214681
16.527344,20.084608,11.48637,20.072645,12.237814
16.529297,20.075678,11.368371,20.06287,12.243731
16.53125,20.075878,11.24493,20.080759,12.190729
16.533203,20.0786,11.124902,20.076902,12.155444
16.535156,20.074497,10.931728,20.075291,12.098412
16.537109,20.066387,10.611829,20.077168,12.030281
16.539063,20.057449,10.622397,20.074251,11.912091
16.541016,20.049704,10.873822,20.07435,11.772262
16.542969,20.040964,10.824828,20.066319,11.60248
16.544922,20.029583,10.604122,20.061092,11.220179
16.546875,20.019308,10.603133,20.064356,11.159327
16.548828,19.998119,10.788732,20.042515,11.535913
16.550781,19.97353,10.758466,20.023911,11.591774
16.552734,19.961823,10.577621,20.018814,11.246418
16.554688,19.938469,10.632402,20.009375,11.147674
16.556641,19.920576,10.822253,19.993896,11.508471
16.558594,19.909492,10.734655,19.95664,11.608656
16.560547,19.878618,10.513235,19.931915,11.215852
16.5625,19.852905,10.516914,19.927706,11.077228
16.564453,19.834414,10.64952,19.883017,11.493217
16.566406,19.819643,10.658035,19.852678,11.665349
16.568359,19.799742,10.529879,19.851561,11.200195
16.570313,19.770851,10.483536,19.810694,11.010872
16.572266,19.741154,10.502534,19.783972,11.438484
16.574219,19.713297,10.47646,19.755972,11.540231
16.576172,19.697899,10.464999,19.729147,11.0983
16.578125,19.672878,10.504804,19.723148,10.963298
16.580078,19.643969,10.470732,19.670843,11.344928
16.582031,19.620674,10.318491,19.651478,11.435446
16.583984,19.597403,10.264993,19.63917,10.972923
16.585938,19.561068,10.386932,19.608648,10.855302
16.587891,19.525566,10.402662,19.605146,11.24225
16.589844,19.499533,10.238927,19.5541,11.279027
16.591797,19.469124,10.24737,19.498001,10.831772
16.59375,19.445761,10.392504,19.470165,10.683577
16.595703,19.411732,10.323885,19.45187,11.10908
16.597656,19.379467,10.096319,19.41699,11.32776
16.599609,19.348482,10.024262,19.375748,10.908894
16.601563,19.305006,10.196956,19.350992,10.585982
16.603516,19.27429,10.276282,19.30788,10.9078
16.605469,19.24633,10.093037,19.274357,11.154353
16.607422,19.207903,9.9848451,19.241123,10.82423
16.609375,19.170336,10.081625,19.196129,10.574016
16.611328,19.135317,10.104231,19.163544,10.810493
16.613281,19.09469,9.9428358,19.120855,10.997445
16.615234,19.046799,9.8565902,19.070694,10.725396
16.617188,19.015339,9.9631643,19.041439,10.474792
16.619141,18.974855,10.03944,19.012096,10.683066
16.621094,18.925404,9.9344215,18.968327,10.897289
16.623047,18.886261,9.7487049,18.938755,10.633945
16.625,18.845722,9.7810344,18.899927,10.326736
16.626953,18.80649,9.9610328,18.848127,10.501343
16.628906,18.757753,9.8634958,18.810863,10.726516
16.630859,18.71279,9.586585,18.752972,10.507656
16.632813,18.667992,9.5880966,18.699949,10.232327
16.634766,18.623463,9.8253364,18.681591,10.372303
16.636719,18.578077,9.7848892,18.631323,10.635771
16.638672,18.528549,9.4822473,18.590635,10.489592
16.640625,18.481403,9.4447469,18.535416,10.13383
16.642578,18.425711,9.674138,18.464462,10.164386
16.644531,18.375044,9.6844434,18.449129,10.421612
16.646484,18.326597,9.4178943,18.379839,10.384055
16.648438,18.272711,9.3754463,18.308149,10.152214
16.650391,18.23127,9.5755081,18.284521,10.060313
16.652344,18.181608,9.5139551,18.223585,10.22113
16.654297,18.120914,9.2285985,18.159935,10.316481
16.65625,18.069199,9.1640472,18.105082,10.056501
16.658203,18.010815,9.3885402,18.040861,9.8894186
16.660156,17.955482,9.455326,17.998138,10.082372
16.662109,17.902603,9.1913003,17.957705,10.203521
16.664063,17.840666,9.0634193,17.881626,9.9951543
16.666016,17.785166,9.230195,17.828196,9.7701616
16.667969,17.732449,9.2536869,17.786009,9.8302021
16.669922,17.674215,9.0320339,17.716097,9.9934778
16.671875,17.613449,8.9400167,17.667107,9.8974409
16.673828,17.552717,9.0504617,17.594522,9.6485509
16.675781,17.497091,9.0802946,17.538363,9.6602201
16.677734,17.430588,8.9351491,17.488169,9.8149232
16.679688,17.363224,8.84832,17.413599,9.7750034
16.681641,17.318266,8.909213,17.37286,9.5806837
16.683594,17.248249,8.9647426,17.306166,9.5208854
16.685547,17.175121,8.8389797,17.231958,9.6295509
16.6875,17.122185,8.6153364,17.173105,9.588624
16.689453,17.05357,8.7091951,17.108536,9.4184389
16.691406,16.990322,8.9022712,17.043037,9.4218883
16.693359,16.922222,8.6860847,16.978813,9.5129556
16.695313,16.849264,8.4508075,16.910067,9.4325552
16.697266,16.796312,8.5803718,16.846991,9.2790308
16.699219,16.728365,8.7296924,16.791368,9.2798023
16.701172,16.654829,8.558505,16.732601,9.3469371
16.703125,16.589052,8.2759437,16.671072,9.2573499
16.705078,16.509197,8.3536996,16.588881,9.095189
16.707031,16.436573,8.5774183,16.496765,9.0668067
16.708984,16.361742,8.4497928,16.448586,9.1235876
16.710938,16.293613,8.2330465,16.371595,9.1405763
16.712891,16.230028,8.2987899,16.273586,9.1037731
16.714844,16.145823,8.4011402,16.208248,8.9810733
16.716797,16.077406,8.1986627,16.130508,8.9188966
16.71875,16.0105,7.9829468,16.065145,9.0287227
16.720703,15.923951,8.1306848,15.990937,9.0296278
16.722656,15.859676,8.2448568,15.922038,8.8143434
16.724609,15.780462,8.0090189,15.830698,8.6835002
16.726563,15.69782,7.8765111,15.747568,8.7806024
16.728516,15.644146,7.9923815,15.697679,8.8226051
16.730469,15.554877,8.0243349,15.618766,8.6628637
16.732422,15.473816,7.8539338,15.536467,8.5616598
16.734375,15.401577,7.6505336,15.47798,8.5709199
16.736328,15.316272,7.7700309,15.405944,8.5243425
16.738281,15.232486,7.9399499,15.305052,8.4842195
16.740234,15.155571,7.7421751,15.218447,8.4318599
16.742188,15.087224,7.5278554,15.14381,8.3501386
16.744141,14.997682,7.6017742,15.064384,8.3965892
16.746094,14.91803,7.6798696,14.979793,8.4678459
16.748047,14.830697,7.4868388,14.898269,8.3295497
16.75,14.746322,7.3614363,14.806254,8.147726
16.751953,14.666968,7.4823546,14.721929,8.1902675
16.753906,14.577227,7.5366201,14.623771,8.2694282
16.755859,14.503243,7.3528823,14.54979,8.1727924
16.757813,14.423538,7.1899166,14.486322,8.0272884
16.759766,14.334487,7.2712273,14.392329,8.060996
16.761719,14.25113,7.2546052,14.312836,8.0655736
16.763672,14.172115,7.0600028,14.213739,7.8372483
16.765625,14.076447,7.0548653,14.139691,7.7549276
16.767578,13.981366,7.1454625,14.05183,7.8901405
16.769531,13.896657,7.0206365,13.950365,7.9097623
16.771484,13.808279,6.9079408,13.882423,7.6968154
16.773438,13.722917,7.0007967,13.784403,7.5807833
16.775391,13.627035,6.9761586,13.694419,7.7266969
16.777344,13.53759,6.7532529,13.602758,7.6988415
16.779297,13.457526,6.663187,13.50577,7.4660925
16.78125,13.359035,6.7837266,13.419921,7.415452
16.783203,13.261349,6.7727623,13.3262,7.5412697
16.785156,13.165361,6.5421929,13.241289,7.5315494
16.787109,13.067835,6.4780492,13.148034,7.3106465
16.789063,12.976603,6.6549158,13.04579,7.1940722
16.791016,12.89463,6.63346,12.943486,7.2828064
16.792969,12.802518,6.3622727,12.851498,7.2944254
16.794922,12.701666,6.246448,12.747979,7.1462087
16.796875,12.617791,6.2939968,12.648764,7.0774297
16.798828,12.521279,6.3009223,12.556324,7.1278395
16.800781,12.418909,6.2038698,12.470206,7.1050195
16.802734,12.322954,6.0856809,12.384436,6.9665622
16.804688,12.219556,6.0895009,12.291087,6.8494415
16.806641,12.131612,6.1268162,12.211131,6.8217043
16.808594,12.041716,6.0509119,12.111685,6.7632541
16.810547,11.92944,5.9087133,12.011094,6.6629848
16.8125,11.833195,5.8134799,11.902912,6.6110925
16.814453,11.739107,5.7866973,11.796748,6.602343
16.816406,11.635242,5.804738,11.697093,6.5826473
16.818359,11.542855,5.7601919,11.59476,6.5396094
16.820313,11.439454,5.6228694,11.489532,6.5282363
16.822266,11.332448,5.5539455,11.380719,6.4631738
16.824219,11.234317,5.5410113,11.290794,6.3357286
16.826172,11.136377,5.4768443,11.209654,6.3143477
16.828125,11.028902,5.423614,11.092162,6.3306427
16.830078,10.928687,5.3690614,10.993896,6.1881237
16.832031,10.832458,5.2746872,10.906237,5.9768066
16.833984,10.720204,5.221908,10.781919,6.0104689
16.835938,10.62015,5.1721887,10.686627,6.0998716
16.837891,10.510392,5.0892128,10.570561,5.93792
16.839844,10.406843,5.0555238,10.46467,5.8015031
16.841797,10.305034,5.0015325,10.357766,5.8545923
16.84375,10.18704,4.9220914,10.24778,5.8983407
16.845703,10.087444,4.8522105,10.163145,5.7275652
16.847656,9.9798326,4.7828249,10.048202,5.6376652
16.849609,9.8772716,4.7424736,9.9317531,5.6816911
16.851563,9.7805004,4.6581859,9.8223743,5.5043706
16.853516,9.6641225,4.5707778,9.7238483,5.3740196
16.855469,9.5513877,4.4954576,9.6088962,5.4157853
16.857422,9.4507961,4.3846449,9.4987621,5.4411244
16.859375,9.3410587,4.3562107,9.4080143,5.299335
16.861328,9.2265358,4.4002242,9.2910957,5.1649689
16.863281,9.1197214,4.2651376,9.1823024,5.185121
16.865234,9.0158968,4.0657091,9.0953693,5.0970025
16.867188,8.90522,4.0800681,8.9860839,4.9733395
16.869141,8.7899828,4.1158394,8.8638048,4.9276485
16.871094,8.6823835,3.9341633,8.7618846,4.8880653
16.873047,8.5615053,3.7525396,8.6650724,4.7736463
16.875,8.4508581,3.7944617,8.5470066,4.71528
16.876953,8.355853,3.8674051,8.4180259,4.704822
16.878906,8.2485208,3.7654676,8.3093853,4.5779032
16.880859,8.141427,3.4810421,8.2018175,4.4966955
16.882813,8.0203266,3.3379361,8.0828428,4.5302434
16.884766,7.9083676,3.4270031,7.9834966,4.5126323
16.886719,7.7972631,3.4039521,7.8661537,4.3119635
16.888672,7.675271,3.2468817,7.7545738,4.1764364
16.890625,7.5696225,3.1248173,7.6513943,4.230196
16.892578,7.456088,3.1330695,7.5176677,4.180581
16.894531,7.352281,3.1159675,7.3984322,3.9601481
16.896484,7.2347092,2.8865082,7.2906932,3.8560092
16.898438,7.1167702,2.7117738,7.1813745,3.9827492
16.900391,7.0159835,2.7309825,7.0347247,3.9688129
16.902344,6.8916516,2.7523527,6.9276003,3.6693635
16.904297,6.7700114,2.5991525,6.8511276,3.5387558
16.90625,6.6599149,2.3890678,6.7213683,3.7274172
16.908203,6.5463957,2.418854,6.6072959,3.6731202
16.910156,6.4202776,2.4718122,6.4970312,3.2378995
16.912109,6.3137912,2.2677309,6.3816461,3.0968916
16.914063,6.201621,2.029191,6.2654671,3.3735501
16.916016,6.0812163,2.0390183,6.1472473,3.3394842
16.917969,5.9738116,2.0565455,6.0310759,2.9330604
16.919922,5.8482351,1.8546953,5.9111342,2.8337392
16.921875,5.7300562,1.6970319,5.8008713,3.061922
16.923828,5.6158723,1.6702944,5.6790804,3.0132076
16.925781,5.4976773,1.6773886,5.5574441,2.6072735
16.927734,5.3743367,1.56037,5.4329466,2.4979555
16.929688,5.2586674,1.3434876,5.312715,2.7432344
16.931641,5.1503224,1.2742401,5.2040948,2.6626434
16.933594,5.0257954,1.2874392,5.0729274,2.274882
16.935547,4.8961443,1.1664497,4.9550352,2.1845448
16.9375,4.7742524,0.92504817,4.8391356,2.3453359
16.939453,4.668087,0.87244523,4.7304039,2.2451126
16.941406,4.5424585,0.97703785,4.611237,1.9210602
16.943359,4.4208626,0.83905262,4.4714345,1.8211962
16.945313,4.3066206,0.54377192,4.3633656,1.9314914
16.947266,4.1835188,0.48000905,4.2353591,1.8332985
16.949219,4.0650038,0.58144057,4.1224737,1.5929811
16.951172,3.9349799,0.45392177,4.0132236,1.5148199
16.953125,3.8207998,0.2110617,3.8748722,1.5424076
16.955078,3.7019524,0.19237855,3.7502853,1.4210284
16.957031,3.5853219,0.25638545,3.636228,1.1598347
16.958984,3.4696624,0.13536102,3.5224187,1.1170256
16.960938,3.3381643,-0.08438129,3.3882281,1.2046151
16.962891,3.2210514,-0.10189319,3.2889604,1.0587002
16.964844,3.1111993,-0.010378866,3.1683988,0.77796733
16.966797,2.9844281,-0.041071765,3.0288884,0.69997215
16.96875,2.8508689,-0.1530267,2.918957,0.77385688
16.970703,2.7320065,-0.22325255,2.7777574,0.64413434
16.972656,2.6108875,-0.14939465,2.6479218,0.41738391
16.974609,2.4949276,-0.070684329,2.5344884,0.3805812
16.976563,2.3723652,-0.10106663,2.4339299,0.45867175
16.978516,2.2491164,-0.21410219,2.3128821,0.3794603
16.980469,2.1298821,-0.25708622,2.1717178,0.11051963
16.982422,2.0017485,-0.17258756,2.0517933,-0.033612166
16.984375,1.8879121,-0.11137602,1.929071,0.039985307
16.986328,1.7570681,-0.12441175,1.8199591,0.11263947
16.988281,1.629592,-0.19891383,1.7057976,-0.0070818136
16.990234,1.5150123,-0.22207943,1.5797412,-0.13440537
16.992188,1.3896367,-0.15054914,1.4470725,-0.11690582
16.994141,1.2732645,-0.079872996,1.3164229,-0.093453661
16.996094,1.1470603,-0.16259091,1.201846,-0.11309025
16.998047,1.0194102,-0.28941453,1.0753574,-0.11443239
17.0,0.90209323,-0.23540579,0.94987482,-0.042298906
17.001953,0.77955723,-0.090609513,0.83739901,-0.063414201
17.003906,0.65539747,-0.08412867,0.71661574,-0.14661489
17.005859,0.53595918,-0.25303963,0.58469021,-0.1463536
17.007813,0.40161455,-0.26003239,0.45776209,-0.11548747
17.009766,0.28171179,-0.10462569,0.34187019,-0.11510167
17.011719,0.16633901,-0.10665876,0.21827808,-0.11843219
17.013672,0.038480338,-0.19446076,0.085588828,-0.082137622
17.015625,-0.085805923,-0.21424532,-0.047273651,-0.1104858
17.017578,-0.21535328,-0.1951046,-0.17435075,-0.14938471
17.019531,-0.3263635,-0.21252149,-0.27267981,-0.099050671
17.021484,-0.44867814,-0.2543228,-0.39787191,-0.0284715
17.023438,-0.57493854,-0.29298782,-0.52842844,-0.083466038
17.025391,-0.69772041,-0.41900945,-0.6486752,-0.21585366
17.027344,-0.82080889,-0.53012639,-0.7782594,-0.1954602
17.029297,-0.93930757,-0.5259586,-0.88889682,-0.062801853
17.03125,-1.0657385,-0.58381039,-1.0165364,-0.069848821
17.033203,-1.183515,-0.72407299,-1.1354644,-0.18556467
17.035156,-1.3056467,-0.87528461,-1.2508181,-0.20888649
17.037109,-1.4320243,-0.97777653,-1.3630536,-0.17094737
17.039063,-1.5514652,-1.0469973,-1.4952548,-0.16134812
17.041016,-1.6730718,-1.163343,-1.6257592,-0.25289714
17.042969,-1.7982668,-1.2776403,-1.7376688,-0.33710161
17.044922,-1.920359,-1.4337246,-1.8699426,-0.28648695
17.046875,-2.040884,-1.6019263,-1.9823924,-0.23554543
17.048828,-2.1657884,-1.6823177,-2.1074168,-0.35362875
17.050781,-2.2870612,-1.738974,-2.2251081,-0.49693799
17.052734,-2.403589,-1.8889956,-2.3385415,-0.51142973
17.054688,-2.5346465,-2.0966122,-2.4695634,-0.5441606
17.056641,-2.6468403,-2.1878039,-2.5783326,-0.69405067
17.058594,-2.7698712,-2.2018189,-2.7126853,-0.88229042
17.060547,-2.9008734,-2.2987482,-2.8333289,-0.94070119
17.0625,-3.0035507,-2.5257966,-2.9421892,-1.034924
17.064453,-3.1343033,-2.6647882,-3.0952782,-1.2183778
17.066406,-3.2586443,-2.6284601,-3.2080762,-1.3405101
17.068359,-3.3768534,-2.7578749,-3.3274364,-1.4031488
17.070313,-3.5050699,-2.9804487,-3.4500505,-1.4328151
17.072266,-3.6279881,-2.999783,-3.5519132,-1.6247148
17.074219,-3.7381079,-2.9732821,-3.6818382,-1.862133
17.076172,-3.8539781,-3.1411862,-3.8063523,-1.9310834
17.078125,-3.9910171,-3.4060862,-3.9224305,-1.9789618
17.080078,-4.1013808,-3.5062675,-4.0340981,-2.1161792
17.082031,-4.2223844,-3.4636917,-4.1630768,-2.2721374
17.083984,-4.3471446,-3.4770402,-4.2813229,-2.3729834
17.085938,-4.4554195,-3.6855609,-4.3994574,-2.4409835
17.087891,-4.5837764,-3.877711,-4.533946,-2.5664458
17.089844,-4.7009234,-3.8720114,-4.6498212,-2.7003037
17.091797,-4.8143277,-3.8946182,-4.746664,-2.7579433
17.09375,-4.9405889,-4.0524182,-4.8824062,-2.8127002
17.095703,-5.0534715,-4.2092585,-5.0193066,-2.9464249
17.097656,-5.1672158,-4.2297568,-5.1265578,-3.1667475
17.099609,-5.295361,-4.2796292,-5.2431521,-3.2311499
17.101563,-5.4131255,-4.4482617,-5.3482761,-3.17118
17.103516,-5.5310783,-4.5545845,-5.4799985,-3.3065807
17.105469,-5.6484537,-4.5259518,-5.5891609,-3.5636177
17.107422,-5.7613291,-4.5778355,-5.6971421,-3.6619303
17.109375,-5.8863382,-4.7973113,-5.8411097,-3.5878133
17.111328,-5.994317,-4.9187707,-5.9521961,-3.6796982
17.113281,-6.1162233,-4.883604,-6.0603356,-3.9077119
17.115234,-6.2384786,-4.9186143,-6.1965155,-3.9670004
17.117188,-6.347527,-5.150208,-6.3176116,-3.9274575
17.119141,-6.4757027,-5.2339634,-6.4275708,-4.0458464
17.121094,-6.5862813,-5.1412162,-6.5472459,-4.2469677
17.123047,-6.6996474,-5.2341618,-6.6587939,-4.2711362
17.125,-6.8154687,-5.4254188,-6.7737565,-4.2667675
17.126953,-6.9377946,-5.5329814,-6.8762822,-4.4405217
17.128906,-7.058886,-5.5199461,-6.9906821,-4.6063919
17.130859,-7.1658749,-5.5558133,-7.1284394,-4.6165542
17.132813,-7.2781562,-5.6726088,-7.2383298,-4.6658911
17.134766,-7.4008431,-5.7504439,-7.3575391,-4.8279986
17.136719,-7.5225362,-5.830513,-7.473504,-4.9011549
17.138672,-7.6144437,-5.9295358,-7.5738205,-4.8287158
17.140625,-7.7357688,-5.9963154,-7.696783,-4.9051885
17.142578,-7.8503332,-5.9867906,-7.7936868,-5.1488132
17.144531,-7.9508724,-6.1054477,-7.9025902,-5.2437996
17.146484,-8.0823545,-6.2524862,-8.0283632,-5.1878666
17.148438,-8.1909322,-6.2749629,-8.129136,-5.2524223
17.150391,-8.2938489,-6.3057084,-8.2436761,-5.4826345
17.152344,-8.4069032,-6.3035149,-8.3629875,-5.533791
17.154297,-8.5147829,-6.4040412,-8.4714269,-5.4741039
17.15625,-8.6315507,-6.6135797,-8.5860729,-5.5555086
17.158203,-8.7496709,-6.6726784,-8.6920414,-5.6998028
17.160156,-8.8530654,-6.575993,-8.8079395,-5.7751078
17.162109,-8.9677219,-6.608334,-8.9223089,-5.7578272
17.164063,-9.0734682,-6.8084445,-9.0223541,-5.8546295
17.166016,-9.1829395,-6.9080505,-9.145565,-5.9692592
17.167969,-9.3003482,-6.8699293,-9.2500667,-5.9852852
17.169922,-9.3963766,-6.9070758,-9.3521461,-6.0586299
17.171875,-9.5042524,-7.0514736,-9.4669933,-6.1378035
17.173828,-9.6093635,-7.1283021,-9.5883207,-6.1915998
17.175781,-9.7223634,-7.1576581,-9.6892366,-6.2586383
17.177734,-9.838334,-7.1733551,-9.7778825,-6.3297019
17.179688,-9.9344978,-7.256113,-9.8831319,-6.3979105
17.181641,-10.043751,-7.3406734,-9.994379,-6.4320759
17.183594,-10.155102,-7.3379859,-10.099377,-6.5309987
17.185547,-10.260504,-7.4294433,-10.198618,-6.6768946
17.1875,-10.357805,-7.5321679,-10.318592,-6.68191
17.189453,-10.462723,-7.554265,-10.410563,-6.6564359
17.191406,-10.580264,-7.577259,-10.509085,-6.7387785
17.193359,-10.682412,-7.7201738,-10.623917,-6.8476886
17.195313,-10.783557,-7.8055691,-10.725096,-6.9174857
17.197266,-10.884556,-7.716248,-10.826723,-6.9500536
17.199219,-10.990245,-7.7223143,-10.947309,-6.9711866
17.201172,-11.102416,-7.9109334,-11.043694,-7.04252
17.203125,-11.204236,-8.0911254,-11.132275,-7.1300406
17.205078,-11.306655,-8.0352478,-11.257276,-7.1448011
17.207031,-11.404498,-7.9010472,-11.3597,-7.1714482
17.208984,-11.502023,-7.9874334,-11.463361,-7.3023777
17.210938,-11.606318,-8.2398243,-11.55912,-7.3491935
17.212891,-11.704258,-8.3213787,-11.661202,-7.2860741
17.214844,-11.795811,-8.2170352,-11.764372,-7.385497
17.216797,-11.897082,-8.2057857,-11.857326,-7.5505361
17.21875,-12.004352,-8.3763637,-11.956695,-7.5953335
17.220703,-12.084347,-8.5296163,-12.035904,-7.5344643
17.222656,-12.195708,-8.4070253,-12.138123,-7.5754909
17.224609,-12.311411,-8.3475656,-12.246692,-7.7580843
17.226563,-12.395919,-8.5925569,-12.338,-7.8366279
17.228516,-12.498221,-8.6597404,-12.449588,-7.8156032
17.230469,-12.588442,-8.5294075,-12.542493,-7.7593088
17.232422,-12.677947,-8.5785408,-12.626771,-7.8462009
17.234375,-12.774416,-8.7642927,-12.735299,-8.0014152
17.236328,-12.880744,-8.8753147,-12.836848,-7.9930381
17.238281,-12.965843,-8.8489761,-12.927007,-7.9688272
17.240234,-13.045157,-8.7811641,-13.006282,-8.0345439
17.242188,-13.153331,-8.7814178,-13.106917,-8.1636047
17.244141,-13.248567,-9.0006055,-13.212783,-8.2217426
17.246094,-13.34244,-9.1659526,-13.287292,-8.1995477
17.248047,-13.422986,-8.9689703,-13.364213,-8.2285108
17.25,-13.516633,-8.8446216,-13.448352,-8.3051557
17.251953,-13.625668,-9.112873,-13.550314,-8.3819437
17.253906,-13.698463,-9.3725299,-13.657707,-8.4284105
17.255859,-13.783923,-9.2021055,-13.747011,-8.4741458
17.257813,-13.884625,-8.9839878,-13.8332,-8.5055866
17.259766,-13.960991,-9.2467155,-13.931098,-8.4611063
17.261719,-14.050721,-9.5634498,-14.023176,-8.4869403
17.263672,-14.143623,-9.3735742,-14.107188,-8.6301298
17.265625,-14.221611,-9.1800956,-14.18981,-8.647624
17.267578,-14.316332,-9.4200639,-14.271469,-8.5801706
17.269531,-14.407137,-9.6216011,-14.377661,-8.6859664
17.271484,-14.490211,-9.5084095,-14.459686,-8.8717851
17.273438,-14.576284,-9.36205,-14.528485,-8.866189
17.275391,-14.664962,-9.4866209,-14.606143,-8.7221384
17.277344,-14.740067,-9.7196569,-14.680866,-8.7746267
17.279297,-14.813674,-9.6739015,-14.775172,-9.0347604
17.28125,-14.904435,-9.5278701,-14.846847,-9.1300249
17.283203,-14.989322,-9.6921129,-14.924047,-8.9848384
17.285156,-15.071693,-9.9107332,-15.015921,-8.924633
17.287109,-15.145241,-9.7921972,-15.078774,-9.1311283
17.289063,-15.221402,-9.6283712,-15.161343,-9.2709035
17.291016,-15.306781,-9.7841348,-15.250587,-9.1189212
17.292969,-15.388046,-10.041304,-15.339106,-9.0843429
17.294922,-15.460564,-10.015685,-15.418246,-9.2954254
17.296875,-15.540025,-9.8230562,-15.490319,-9.3513202
17.298828,-15.621748,-9.8756055,-15.577994,-9.1824111
17.300781,-15.692275,-10.118339,-15.652205,-9.1874046
17.302734,-15.773725,-10.140246,-15.727568,-9.4250412
17.304688,-15.84302,-9.9868469,-15.800478,-9.4785461
17.306641,-15.924789,-10.032846,-15.88004,-9.3468561
17.308594,-16.005535,-10.227617,-15.957891,-9.3715581
17.310547,-16.058582,-10.258892,-16.032389,-9.5538282
17.3125,-16.140881,-10.109921,-16.106684,-9.6020479
17.314453,-16.217455,-10.148558,-16.176235,-9.4862222
17.316406,-16.287504,-10.410722,-16.256344,-9.4963855
17.318359,-16.351118,-10.409637,-16.321161,-9.6656436
17.320313,-16.416611,-10.194279,-16.384666,-9.726283
17.322266,-16.506483,-10.24641,-16.460859,-9.6276474
17.324219,-16.563978,-10.540973,-16.527967,-9.6425533
17.326172,-16.627277,-10.544871,-16.589443,-9.8136673
17.328125,-16.709444,-10.273724,-16.654871,-9.8570289
17.330078,-16.775442,-10.352566,-16.722773,-9.7507562
17.332031,-16.846479,-10.657232,-16.790154,-9.7833938
17.333984,-16.906942,-10.602324,-16.862894,-9.9512929
17.335938,-16.968481,-10.378891,-16.921669,-9.9778423
17.337891,-17.036169,-10.482572,-16.984491,-9.8672733
17.339844,-17.100031,-10.754773,-17.065002,-9.8624658
17.341797,-17.161987,-10.761455,-17.123837,-10.026313
17.34375,-17.214796,-10.58274,-17.178261,-10.079869
17.345703,-17.282375,-10.600684,-17.239023,-9.9512367
17.347656,-17.340033,-10.795112,-17.308352,-9.9610252
17.349609,-17.402372,-10.876639,-17.364397,-10.146406
17.351563,-17.464695,-10.762484,-17.424355,-10.206738
17.353516,-17.514763,-10.732532,-17.491596,-10.095015
17.355469,-17.583239,-10.853335,-17.555073,-10.091048
17.357422,-17.65555,-10.890114,-17.623903,-10.215005
17.359375,-17.708298,-10.887604,-17.665234,-10.258534
17.361328,-17.752001,-10.870713,-17.709803,-10.181894
17.363281,-17.818211,-10.816978,-17.76936,-10.151599
17.365234,-17.876238,-10.918685,-17.826092,-10.317774
17.367188,-17.926594,-11.122317,-17.869183,-10.463934
17.369141,-17.974909,-11.065866,-17.91946,-10.363592
17.371094,-18.028383,-10.886491,-17.974773,-10.251565
17.373047,-18.079048,-10.986938,-18.036919,-10.410433
17.375,-18.125832,-11.222322,-18.100204,-10.584443
17.376953,-18.184958,-11.187807,-18.144857,-10.46068
17.378906,-18.221207,-11.018746,-18.215872,-10.290653
17.380859,-18.273235,-11.082404,-18.268677,-10.38821
17.382813,-18.341616,-11.245514,-18.288488,-10.584509
17.384766,-18.378887,-11.278617,-18.342886,-10.519156
17.386719,-18.421625,-11.140029,-18.401966,-10.368505
17.388672,-18.47378,-11.035018,-18.454325,-10.539173
17.390625,-18.514593,-11.237195,-18.485939,-10.745538
17.392578,-18.568316,-11.437757,-18.516933,-10.60374
17.394531,-18.611643,-11.28983,-18.590914,-10.434936
17.396484,-18.656607,-11.142653,-18.630808,-10.641291
17.398438,-18.712717,-11.268476,-18.658621,-10.861566
17.400391,-18.747021,-11.428795,-18.710787,-10.654772
17.402344,-18.781513,-11.341596,-18.758062,-10.475377
17.404297,-18.825336,-11.196119,-18.804535,-10.727967
17.40625,-18.873837,-11.358572,-18.82757,-10.93363
17.408203,-18.908815,-11.576316,-18.861643,-10.705325
17.410156,-18.950394,-11.449774,-18.910906,-10.5226
17.412109,-18.988686,-11.230712,-18.958534,-10.817998
17.414063,-19.013817,-11.375764,-18.995419,-11.068874
17.416016,-19.058674,-11.599462,-19.014517,-10.795094
17.417969,-19.096235,-11.527693,-19.059526,-10.553932
17.419922,-19.12718,-11.420429,-19.10251,-10.846181
17.421875,-19.158659,-11.461407,-19.143501,-11.128018
17.423828,-19.188681,-11.569744,-19.181948,-10.88087
17.425781,-19.224848,-11.585526,-19.205841,-10.609163
17.427734,-19.268194,-11.52021,-19.240543,-10.84411
17.429688,-19.300346,-11.550657,-19.271885,-11.135755
17.431641,-19.324591,-11.58965,-19.289879,-10.961765
17.433594,-19.354424,-11.513485,-19.322651,-10.713052
17.435547,-19.383804,-11.51743,-19.349215,-10.913468
17.4375,-19.414181,-11.659038,-19.371758,-11.216014
17.439453,-19.441381,-11.711383,-19.415573,-11.060709
17.441406,-19.467497,-11.630053,-19.433315,-10.798718
17.443359,-19.497913,-11.559166,-19.46887,-10.968615
17.445313,-19.534605,-11.627937,-19.501694,-11.1991
17.447266,-19.547602,-11.748285,-19.50782,-11.061129
17.449219,-19.566252,-11.686522,-19.534403,-10.843317
17.451172,-19.602453,-11.546141,-19.568802,-10.971948
17.453125,-19.619268,-11.680578,-19.595341,-11.249075
17.455078,-19.633656,-11.868591,-19.614834,-11.163611
17.457031,-19.662079,-11.729254,-19.651157,-10.892591
17.458984,-19.692589,-11.611881,-19.656631,-10.959595
17.460938,-19.707264,-11.75413,-19.663588,-11.236252
17.462891,-19.724524,-11.814367,-19.689608,-11.180131
17.464844,-19.738884,-11.680102,-19.705208,-10.958156
17.466797,-19.761698,-11.656895,-19.726076,-11.064638
17.46875,-19.787207,-11.816093,-19.730345,-11.288871
17.470703,-19.788685,-11.897802,-19.74724,-11.209987
17.472656,-19.80435,-11.749437,-19.775101,-10.996255
17.474609,-19.815117,-11.634707,-19.788925,-11.097166
17.476563,-19.823359,-11.829852,-19.793169,-11.324189
17.478516,-19.847824,-11.963058,-19.801161,-11.233167
17.480469,-19.852146,-11.846313,-19.823633,-11.008768
17.482422,-19.858969,-11.751304,-19.849649,-11.110817
17.484375,-19.884827,-11.760151,-19.86595,-11.351523
17.486328,-19.898985,-11.868765,-19.858915,-11.243165
17.488281,-19.901363,-11.91398,-19.872738,-10.994755
17.490234,-19.917534,-11.753159,-19.897593,-11.066884
17.492188,-19.921753,-11.684643,-19.910307,-11.333713
17.494141,-19.926218,-11.858805,-19.92651,-11.294779
17.496094,-19.941456,-11.928224,-19.915171,-11.023406
17.498047,-19.938429,-11.829108,-19.919613,-11.046665
17.5,-19.943428,-11.772954,-19.926497,-11.26526
17.501953,-19.949656,-11.816396,-19.936243,-11.290012
17.503906,-19.956421,-11.89772,-19.954126,-11.164218
17.505859,-19.948185,-11.891898,-19.937149,-11.136712
17.507813,-19.952795,-11.802964,-19.935368,-11.210408
17.509766,-19.954014,-11.805432,-19.950886,-11.205295
17.511719,-19.949205,-11.872481,-19.946049,-11.190908
17.513672,-19.976955,-11.837429,-19.933701,-11.217135
17.515625,-19.964226,-11.837108,-19.949242,-11.199994
17.517578,-19.961075,-11.802376,-19.943838,-11.169588
17.519531,-19.964779,-11.685732,-19.932238,-11.170214
17.521484,-19.961254,-11.647835,-19.9487,-11.156974
17.523438,-19.960888,-11.577337,-19.941858,-11.125649
17.525391,-19.958435,-11.507136,-19.940901,-11.095982
17.527344,-19.95406,-11.384538,-19.942339,-11.041012
17.529297,-19.946396,-11.309684,-19.936876,-10.996474
17.53125,-19.957628,-11.287989,-19.932476,-10.966699
17.533203,-19.939337,-11.18943,-19.92308,-10.907834
17.535156,-19.939825,-11.309435,-19.929329,-10.834337
17.537109,-19.936491,-11.42992,-19.942158,-10.80827
17.539063,-19.915813,-11.29585,-19.938089,-10.691038
17.541016,-19.915157,-11.160075,-19.927538,-10.616321
17.542969,-19.898191,-11.272139,-19.913528,-10.821739
17.544922,-19.876656,-11.427574,-19.903654,-10.891342
17.546875,-19.868568,-11.268665,-19.88957,-10.673434
17.548828,-19.862728,-11.116828,-19.876474,-10.601922
17.550781,-19.849155,-11.283213,-19.880642,-10.787004
17.552734,-19.828537,-11.386589,-19.862886,-10.855446
17.554688,-19.817463,-11.150327,-19.844669,-10.666805
17.556641,-19.816534,-11.009053,-19.828199,-10.544112
17.558594,-19.798143,-11.243576,-19.822826,-10.685154
17.560547,-19.785807,-11.340917,-19.818542,-10.797346
17.5625,-19.767431,-11.033441,-19.781494,-10.652576
17.564453,-19.739174,-10.880978,-19.762617,-10.508146
17.566406,-19.720295,-11.141541,-19.759733,-10.58323
17.568359,-19.705122,-11.304746,-19.733696,-10.719007
17.570313,-19.692797,-11.085676,-19.709276,-10.629218
17.572266,-19.666052,-10.887897,-19.684551,-10.435083
17.574219,-19.639458,-11.019268,-19.661551,-10.50492
17.576172,-19.626064,-11.147001,-19.637255,-10.652786
17.578125,-19.599985,-11.006583,-19.608084,-10.551104
17.580078,-19.555801,-10.864185,-19.590059,-10.403449
17.582031,-19.535322,-10.920739,-19.55814,-10.462566
17.583984,-19.517744,-11.029046,-19.536539,-10.562758
17.585938,-19.484615,-11.01865,-19.494625,-10.459409
17.587891,-19.457571,-10.855176,-19.466988,-10.328629
17.589844,-19.420935,-10.743848,-19.465139,-10.37403
17.591797,-19.396763,-10.868322,-19.422066,-10.469278
17.59375,-19.371548,-10.949302,-19.405083,-10.381657
17.595703,-19.335314,-10.808901,-19.382725,-10.200379
17.597656,-19.302378,-10.68671,-19.34062,-10.243334
17.599609,-19.266542,-10.740309,-19.318401,-10.35139
17.601563,-19.240082,-10.80125,-19.275442,-10.252908
17.603516,-19.203226,-10.737105,-19.234156,-10.118918
17.605469,-19.176085,-10.658126,-19.212934,-10.16312
17.607422,-19.150261,-10.625883,-19.187799,-10.271411
17.609375,-19.107426,-10.645421,-19.152233,-10.20053
17.611328,-19.084997,-10.587601,-19.115263,-10.02518
17.613281,-19.04038,-10.483093,-19.069668,-10.02201
17.615234,-18.995895,-10.529322,-19.03474,-10.114002
17.617188,-18.961706,-10.547221,-19.005848,-10.067611
17.619141,-18.921957,-10.490793,-18.95949,-9.9650325
17.621094,-18.889898,-10.498582,-18.92182,-9.950982
17.623047,-18.834995,-10.467997,-18.893364,-9.9814767
17.625,-18.79775,-10.356652,-18.842495,-9.9463377
17.626953,-18.755409,-10.305528,-18.787481,-9.8550901
17.628906,-18.708727,-10.416518,-18.756018,-9.8187627
17.630859,-18.667229,-10.433398,-18.712257,-9.8654327
17.632813,-18.617767,-10.240426,-18.664049,-9.8650922
17.634766,-18.578218,-10.178061,-18.620794,-9.7638788
17.636719,-18.539064,-10.30172,-18.581619,-9.7032823
17.638672,-18.499195,-10.288932,-18.5371,-9.7306165
17.640625,-18.437941,-10.098711,-18.487818,-9.7350425
17.642578,-18.394485,-9.994379,-18.449877,-9.6339616
17.644531,-18.345661,-10.113602,-18.399342,-9.5562248
17.646484,-18.294394,-10.232123,-18.340015,-9.5917758
17.648438,-18.25474,-10.050004,-18.292866,-9.5856113
17.650391,-18.192204,-9.879343,-18.248411,-9.502181
17.652344,-18.146135,-9.9653024,-18.200235,-9.4616107
17.654297,-18.095276,-10.030001,-18.161665,-9.4881172
17.65625,-18.041891,-9.9275217,-18.093943,-9.4716033
17.658203,-17.989754,-9.7940816,-18.032902,-9.3595151
17.660156,-17.948507,-9.8290691,-17.991308,-9.294753
17.662109,-17.894651,-9.8978214,-17.93298,-9.3395195
17.664063,-17.821894,-9.770873,-17.880665,-9.3542861
17.666016,-17.776709,-9.583848,-17.822598,-9.2378349
17.667969,-17.719002,-9.6580305,-17.756674,-9.1547708
17.669922,-17.661667,-9.8295888,-17.695747,-9.2135763
17.671875,-17.604731,-9.6857442,-17.647848,-9.223545
17.673828,-17.547924,-9.4595966,-17.606874,-9.1390562
17.675781,-17.494656,-9.5138101,-17.557238,-9.0650863
17.677734,-17.432096,-9.6386089,-17.484703,-9.0451116
17.679688,-17.364452,-9.5042343,-17.430664,-8.9952507
17.681641,-17.307594,-9.3203392,-17.375853,-8.9093761
17.683594,-17.248152,-9.4043264,-17.304379,-8.9197607
17.685547,-17.181456,-9.5275354,-17.23991,-8.9363966
17.6875,-17.122932,-9.3482551,-17.186138,-8.8581857
17.689453,-17.046263,-9.151947,-17.127962,-8.7950477
17.691406,-16.987572,-9.2636804,-17.04925,-8.8029184
17.693359,-16.934011,-9.3588075,-16.97793,-8.7756643
17.695313,-16.867487,-9.2381353,-16.914042,-8.6798048
17.697266,-16.794933,-9.0664272,-16.866474,-8.6600723
17.699219,-16.733181,-9.0294494,-16.797125,-8.7278852
17.701172,-16.664316,-9.0912771,-16.718454,-8.6526498
17.703125,-16.579935,-9.0844726,-16.667076,-8.4561414
17.705078,-16.532368,-8.9778966,-16.600805,-8.4409065
17.707031,-16.463711,-8.9303655,-16.52327,-8.5696859
17.708984,-16.39327,-8.9816618,-16.460413,-8.5020551
17.710938,-16.328934,-8.8595056,-16.388683,-8.292756
17.712891,-16.245657,-8.7058544,-16.321711,-8.3001709
17.714844,-16.184305,-8.7616739,-16.253195,-8.4175157
17.716797,-16.106304,-8.8298263,-16.176182,-8.3315057
17.71875,-16.031382,-8.7491579,-16.105932,-8.1423254
17.720703,-15.964172,-8.6100692,-16.034761,-8.1347208
17.722656,-15.883229,-8.6027002,-15.966323,-8.2432661
17.724609,-15.811935,-8.6253328,-15.890073,-8.1877975
17.726563,-15.740447,-8.5325193,-15.813719,-7.9886403
17.728516,-15.666226,-8.4629287,-15.720478,-7.9377789
17.730469,-15.591835,-8.4613485,-15.658349,-8.059576
17.732422,-15.51728,-8.4123506,-15.600923,-8.043251
17.734375,-15.437596,-8.3256874,-15.510329,-7.8769507
17.736328,-15.361231,-8.2981643,-15.426749,-7.7820282
17.738281,-15.285388,-8.2977123,-15.350408,-7.8101916
17.740234,-15.210781,-8.257678,-15.289495,-7.8292145
17.742188,-15.124912,-8.1776361,-15.19734,-7.7440981
17.744141,-15.030514,-8.1216974,-15.11729,-7.6332302
17.746094,-14.95985,-8.1045961,-15.044732,-7.5954246
17.748047,-14.879845,-8.0804395,-14.936102,-7.6235199
17.75,-14.79901,-8.0560321,-14.86287,-7.5772156
17.751953,-14.717117,-7.9529781,-14.799766,-7.4611897
17.753906,-14.623662,-7.8494491,-14.71124,-7.4483594
17.755859,-14.546266,-7.8478789,-14.633252,-7.4800591
17.757813,-14.465924,-7.8560833,-14.554125,-7.3660049
17.759766,-14.383615,-7.8360986,-14.465006,-7.2346735
17.761719,-14.297502,-7.7144537,-14.376823,-7.25107
17.763672,-14.214927,-7.5863838,-14.292733,-7.2515788
17.765625,-14.134362,-7.5735797,-14.210235,-7.1482663
17.767578,-14.046549,-7.6058831,-14.124773,-7.0924658
17.769531,-13.952696,-7.5668859,-14.050463,-7.0919404
17.771484,-13.857226,-7.4213256,-13.959694,-7.0291256
17.773438,-13.775172,-7.3910727,-13.847767,-6.9525094
17.775391,-13.686963,-7.4649014,-13.763994,-6.8993191
17.777344,-13.604221,-7.4148316,-13.693604,-6.8790946
17.779297,-13.515092,-7.2453932,-13.604945,-6.8874855
17.78125,-13.419209,-7.1458897,-13.517915,-6.80901
17.783203,-13.332485,-7.2049121,-13.413196,-6.6581478
17.785156,-13.228395,-7.2125053,-13.315658,-6.6011614
17.787109,-13.137174,-7.0771174,-13.25726,-6.6499066
17.789063,-13.059785,-6.9704923,-13.150549,-6.6261754
17.791016,-12.959143,-7.0372691,-13.036389,-6.4688634
17.792969,-12.860835,-7.0338392,-12.952087,-6.3177557
17.794922,-12.775821,-6.7859325,-12.8415,-6.3611969
17.796875,-12.681522,-6.707098,-12.762432,-6.4897456
17.798828,-12.577029,-6.8694701,-12.671313,-6.3919963
17.800781,-12.483736,-6.8381238,-12.568547,-6.1630773
17.802734,-12.390617,-6.5906672,-12.47203,-6.1050062
17.804688,-12.304745,-6.5010247,-12.354535,-6.1795382
17.806641,-12.213629,-6.6232814,-12.280253,-6.1575613
17.808594,-12.100167,-6.6137414,-12.172511,-6.0016245
17.810547,-12.004052,-6.3586769,-12.058902,-5.9119868
17.8125,-11.897971,-6.251327,-11.991981,-5.9247708
17.814453,-11.80867,-6.4279012,-11.894094,-5.905312
17.816406,-11.719934,-6.4810805,-11.790686,-5.8075475
17.818359,-11.621512,-6.2384109,-11.685151,-5.6590781
17.820313,-11.529506,-5.984744,-11.589844,-5.5987873
17.822266,-11.417798,-6.0332956,-11.491558,-5.6351528
17.824219,-11.321897,-6.1637225,-11.381042,-5.6193313
17.826172,-11.21109,-6.0416512,-11.297112,-5.471765
17.828125,-11.117226,-5.8583836,-11.185152,-5.3487167
17.830078,-11.022244,-5.8653907,-11.072971,-5.3754472
17.832031,-10.902596,-5.9354314,-10.974864,-5.3638052
17.833984,-10.807338,-5.7898125,-10.866223,-5.2406306
17.835938,-10.707258,-5.5817146,-10.773163,-5.1510539
17.837891,-10.608239,-5.6325349,-10.680137,-5.1571145
17.839844,-10.506191,-5.7264895,-10.566917,-5.1042633
17.841797,-10.398624,-5.5291719,-10.445726,-4.9500441
17.84375,-10.294269,-5.2803392,-10.340507,-4.8629365
17.845703,-10.181723,-5.3530111,-10.248875,-4.8777303
17.847656,-10.07293,-5.5019803,-10.147205,-4.8841528
17.849609,-9.9666471,-5.3506708,-10.028421,-4.7509474
17.851563,-9.8607673,-5.1139807,-9.9235267,-4.5806245
17.853516,-9.7611579,-5.103506,-9.8272352,-4.5745863
17.855469,-9.655652,-5.2046384,-9.7251491,-4.6117949
17.857422,-9.5479517,-5.0906982,-9.620244,-4.4905734
17.859375,-9.4382619,-4.8137478,-9.5143718,-4.2959938
17.861328,-9.3295297,-4.7751193,-9.4023513,-4.2580666
17.863281,-9.2174139,-4.9191851,-9.281084,-4.3017411
17.865234,-9.1102466,-4.8611292,-9.1677827,-4.197483
17.867188,-9.0047636,-4.6129365,-9.071537,-4.0528516
17.869141,-8.8943281,-4.5419969,-8.9615554,-4.0460829
17.871094,-8.7789192,-4.637649,-8.8494033,-4.0411186
17.873047,-8.6666126,-4.535655,-8.7358779,-3.8718826
17.875,-8.5611238,-4.3148036,-8.6076993,-3.7236464
17.876953,-8.4417562,-4.3133096,-8.5175857,-3.7499525
17.878906,-8.3528623,-4.3712353,-8.419528,-3.7696518
17.880859,-8.2383451,-4.2265782,-8.3064727,-3.6208427
17.882813,-8.1162052,-4.0447053,-8.1941652,-3.4184458
17.884766,-8.0164871,-3.9651417,-8.0760755,-3.3621578
17.886719,-7.8920397,-3.9892377,-7.9633178,-3.3933091
17.888672,-7.7863378,-3.9705722,-7.8404469,-3.3177051
17.890625,-7.6729655,-3.8159916,-7.7262296,-3.1501421
17.892578,-7.5574774,-3.7177507,-7.6125912,-3.0835373
17.894531,-7.4459905,-3.7064423,-7.50038,-3.1174645
17.896484,-7.3276581,-3.6356573,-7.3900013,-3.029329
17.898438,-7.2114572,-3.5022475,-7.2781124,-2.8292093
17.900391,-7.098258,-3.4249634,-7.1595101,-2.7560081
17.902344,-6.9892492,-3.3924281,-7.0384383,-2.7521052
17.904297,-6.8660893,-3.3276445,-6.9234499,-2.6485192
17.90625,-6.7502894,-3.2229404,-6.8180837,-2.5003318
17.908203,-6.6351313,-3.0995614,-6.6922545,-2.4252867
17.910156,-6.5156402,-3.0432012,-6.572792,-2.4111003
17.912109,-6.4101443,-3.0168967,-6.4649672,-2.2921145
17.914063,-6.2933979,-2.906773,-6.3575263,-2.1349709
17.916016,-6.1796836,-2.7833449,-6.2468757,-2.0951511
17.917969,-6.0695762,-2.7004356,-6.1081552,-2.0559434
17.919922,-5.9508452,-2.6245675,-6.0105543,-1.8831832
17.921875,-5.8282976,-2.5456051,-5.8944258,-1.7362531
17.923828,-5.7069397,-2.4406578,-5.7744994,-1.753629
17.925781,-5.5989608,-2.389528,-5.650455,-1.705932
17.927734,-5.4672722,-2.3566651,-5.5169611,-1.490253
17.929688,-5.3472147,-2.2139437,-5.4201631,-1.3440996
17.931641,-5.2479777,-2.0902524,-5.2953229,-1.3933043
17.933594,-5.1173253,-2.0887379,-5.180921,-1.3897708
17.935547,-4.9954142,-2.0091877,-5.0705537,-1.139698
17.9375,-4.8844966,-1.7801129,-4.947349,-0.93438721
17.939453,-4.7620616,-1.69551,-4.8252134,-0.96211696
17.941406,-4.6371412,-1.7642058,-4.6999564,-0.96397901
17.943359,-4.5257439,-1.6639366,-4.5824384,-0.79580975
17.945313,-4.4113173,-1.4248781,-4.4724564,-0.60498852
17.947266,-4.2875127,-1.3410416,-4.3498144,-0.56066781
17.949219,-4.1725158,-1.3541085,-4.2166557,-0.57280654
17.951172,-4.044209,-1.2467802,-4.1042208,-0.42740464
17.953125,-3.9241871,-1.0801847,-3.9832961,-0.25862184
17.955078,-3.8127012,-0.98898613,-3.8642602,-0.22303811
17.957031,-3.687361,-0.9983089,-3.7542541,-0.19966197
17.958984,-3.5603904,-0.91413671,-3.6351752,-0.083230413
17.960938,-3.4351084,-0.67565477,-3.5205256,0.063467152
17.962891,-3.3209493,-0.59520012,-3.3865568,0.095254242
17.964844,-3.2026848,-0.64729428,-3.2546889,0.1113888
17.966797,-3.0769822,-0.55914694,-3.1436102,0.17349654
17.96875,-2.9594991,-0.34371167,-3.0252819,0.17698336
17.970703,-2.8345608,-0.21652508,-2.8951053,0.14666738
17.972656,-2.7114064,-0.24861485,-2.7707252,0.18573476
17.974609,-2.5952696,-0.20640346,-2.6533825,0.28580233
17.976563,-2.4631407,-0.065032601,-2.5310866,0.25678828
17.978516,-2.3396816,0.031801313,-2.4038159,0.14220943
17.980469,-2.228693,0.074298494,-2.2740099,0.16348517
17.982422,-2.1031901,0.086080775,-2.1575706,0.2913737
17.984375,-1.9837236,0.12931836,-2.0369811,0.29194391
17.986328,-1.8636938,0.25454831,-1.9057576,0.15106831
17.988281,-1.7398042,0.31632048,-1.787312,0.17059591
17.990234,-1.6187865,0.2585367,-1.6779226,0.31019217
17.992188,-1.4924639,0.26453325,-1.5564893,0.29436973
17.994141,-1.3743139,0.30231327,-1.427488,0.17421253
17.996094,-1.2579664,0.32316709,-1.3173201,0.19034445
17.998047,-1.1235004,0.32534826,-1.2045034,0.33083168
18.0,-0.98915958,0.27708292,-1.0818221,0.31663918
18.001953,-0.87868547,0.30603158,-0.95046097,0.20868802
18.003906,-0.75301182,0.32344604,-0.82295549,0.23867521
18.005859,-0.62483895,0.26604933,-0.7153281,0.33069792
18.007813,-0.51029074,0.28879699,-0.59963548,0.27882749
18.009766,-0.38725865,0.34535608,-0.45985329,0.1802344
18.011719,-0.26624078,0.36788315,-0.32549509,0.24884482
18.013672,-0.13942374,0.32380423,-0.20533958,0.38247699
18.015625,-0.019589482,0.2782833,-0.072037518,0.34912747
18.017578,0.098792844,0.30725545,0.05167006,0.16315871
18.019531,0.22783057,0.34088784,0.16940413,0.18703859
18.021484,0.35775822,0.37009725,0.29215246,0.37355742
18.023438,0.4747045,0.30845731,0.42549551,0.35529861
18.025391,0.59039646,0.25370941,0.5397166,0.25827491
18.027344,0.71960086,0.33293411,0.6602689,0.38271037
18.029297,0.84433192,0.38892755,0.80387509,0.64945114
18.03125,0.97240734,0.32716399,0.92371207,0.68583059
18.033203,1.0894696,0.2433978,1.0351299,0.59771311
18.035156,1.2093181,0.28935799,1.1560342,0.71700996
18.037109,1.3403984,0.35981232,1.2841246,0.94252473
18.039063,1.4550141,0.36038125,1.3962111,1.111888
18.041016,1.5762072,0.37528995,1.5243611,1.1847103
18.042969,1.7003783,0.45918339,1.6445221,1.2455887
18.044922,1.8276064,0.49692908,1.7695243,1.4262299
18.046875,1.955046,0.45976779,1.9066821,1.6544483
18.048828,2.0695576,0.50413156,2.00896,1.7306377
18.050781,2.1956663,0.59898096,2.1273944,1.674911
18.052734,2.3168544,0.68794763,2.2460336,1.7897375
18.054688,2.4335722,0.78836083,2.3648109,2.1550164
18.056641,2.5592131,0.86428261,2.50832,2.2895338
18.058594,2.6818661,0.96008033,2.6194512,2.1594619
18.060547,2.7995331,1.1030141,2.737297,2.2673499
18.0625,2.9166789,1.2247968,2.8674492,2.5243697
18.064453,3.0374651,1.3324734,2.9733295,2.627192
18.066406,3.1557931,1.4684338,3.1018967,2.6325235
18.068359,3.2820603,1.6556057,3.2234771,2.7516894
18.070313,3.4065938,1.7476586,3.3199007,2.9739899
18.072266,3.5256252,1.7903003,3.4477341,3.0474751
18.074219,3.6530313,1.9298404,3.5809354,3.0502734
18.076172,3.7808406,2.0761096,3.6936628,3.235794
18.078125,3.896276,2.2055404,3.8201997,3.3985877
18.080078,4.0084433,2.2654867,3.9431269,3.4169373
18.082031,4.1277723,2.3354768,4.0677604,3.4725313
18.083984,4.2468233,2.5569589,4.1897039,3.6031677
18.085938,4.3762407,2.7501494,4.3117275,3.7513699
18.087891,4.4938483,2.7379617,4.4367742,3.7929744
18.089844,4.6012244,2.7702858,4.55587,3.8597414
18.091797,4.7265329,2.9468164,4.6814179,4.0207614
18.09375,4.8504781,3.0830848,4.7963132,4.0885067
18.095703,4.9656148,3.1839714,4.9087686,4.124845
18.097656,5.086976,3.2674722,5.0121159,4.2523074
18.099609,5.2081003,3.3560481,5.1208162,4.4451355
18.101563,5.3203873,3.4464831,5.2639007,4.516005
18.103516,5.4428429,3.5336237,5.3826217,4.5228438
18.105469,5.5562505,3.668123,5.4925684,4.6896867
18.107422,5.6723194,3.8128199,5.6295137,4.7915196
18.109375,5.7987136,3.8651392,5.7238082,4.7633085
18.111328,5.9105577,3.9113593,5.8361201,4.8432498
18.113281,6.0316634,4.0366978,5.977035,5.0114402
18.115234,6.1442446,4.1514883,6.0802402,5.138061
18.117188,6.2631683,4.218276,6.1964879,5.1641979
18.119141,6.3853492,4.2936291,6.3088984,5.1764168
18.121094,6.4885668,4.4222078,6.4276814,5.2953887
18.123047,6.6117119,4.4909887,6.5608644,5.4753656
18.125,6.7310705,4.5559129,6.6718444,5.5147714
18.126953,6.8444285,4.7081437,6.7878608,5.473483
18.128906,6.9566927,4.791337,6.9071502,5.5849056
18.130859,7.0746626,4.7963218,7.0139656,5.7675118
18.132813,7.1902847,4.8669953,7.1208462,5.8099823
18.134766,7.2982115,5.0319633,7.2409753,5.7739381
18.136719,7.42352,5.1260643,7.3526186,5.891201
18.138672,7.5376324,5.1292276,7.4719657,6.0950346
18.140625,7.6515612,5.1988,7.588571,6.1598978
18.142578,7.7609558,5.3144245,7.7000618,6.1052303
18.144531,7.8818063,5.4248967,7.8124389,6.1460995
18.146484,8.0061035,5.4833183,7.9243803,6.3069524
18.148438,8.1104221,5.5165681,8.0417709,6.4144916
18.150391,8.2140255,5.5883288,8.1428985,6.423911
18.152344,8.325509,5.6882534,8.2733612,6.4473853
18.154297,8.4429035,5.7898483,8.3887147,6.5877003
18.15625,8.5408525,5.8713078,8.4939174,6.7193832
18.158203,8.6527557,5.937519,8.6005277,6.678184
18.160156,8.7702598,5.9942345,8.7052192,6.6564064
18.162109,8.8849754,6.0985264,8.8207483,6.8275046
18.164063,8.9969835,6.1528644,8.9271688,7.0139842
18.166016,9.1025638,6.1326766,9.040451,7.0344991
18.167969,9.2186212,6.2034335,9.152131,6.9674215
18.169922,9.3248386,6.3782477,9.2731552,7.0466585
18.171875,9.4314613,6.4526429,9.3714466,7.2336883
18.173828,9.5441856,6.4057464,9.4752254,7.2696108
18.175781,9.6484451,6.5020384,9.5844993,7.2114796
18.177734,9.7556972,6.6770243,9.6976699,7.3111553
18.179688,9.8741807,6.7015123,9.8042507,7.477806
18.181641,9.9698724,6.663196,9.8932409,7.5048317
18.183594,10.07153,6.7765722,10.011474,7.4813704
18.185547,10.18149,6.9210877,10.11526,7.5666947
18.1875,10.274104,6.944415,10.22323,7.721909
18.189453,10.395627,6.9654846,10.331882,7.7618026
18.191406,10.499696,7.0662026,10.443127,7.7234969
18.193359,10.593026,7.192337,10.555713,7.7888722
18.195313,10.706002,7.160252,10.637691,7.9081492
18.197266,10.816195,7.1291246,10.745646,7.9436793
18.199219,10.918046,7.3255648,10.855938,7.9277443
18.201172,11.011145,7.4606876,10.95943,8.0284948
18.203125,11.123323,7.3579301,11.066547,8.1739454
18.205078,11.225735,7.363039,11.15839,8.1914482
18.207031,11.324802,7.6148233,11.271304,8.1500234
18.208984,11.425357,7.7017574,11.375865,8.1926717
18.210938,11.526078,7.5605278,11.472451,8.3643989
18.212891,11.62793,7.5779652,11.582999,8.4387464
18.214844,11.726815,7.8342323,11.665067,8.3435764
18.216797,11.82719,7.9449529,11.759842,8.3686332
18.21875,11.921321,7.7941269,11.870818,8.5533561
18.220703,12.0272,7.7895479,11.96382,8.6659994
18.222656,12.132653,8.0490598,12.059567,8.6094389
18.224609,12.227467,8.1837453,12.165027,8.5952539
18.226563,12.319967,8.0100374,12.269648,8.7347469
18.228516,12.412422,7.9433016,12.352011,8.8400058
18.230469,12.505083,8.2052965,12.457939,8.7979288
18.232422,12.610322,8.4171009,12.574098,8.772294
18.234375,12.705686,8.3323335,12.657607,8.9238395
18.236328,12.798164,8.2092428,12.745722,9.01231
18.238281,12.898509,8.3059597,12.849557,8.9303188
18.240234,12.989112,8.4994154,12.935939,8.9437465
18.242188,13.081839,8.5529832,13.023572,9.1111936
18.244141,13.176771,8.4653282,13.121056,9.2163066
18.246094,13.266094,8.4829521,13.204287,9.1751632
18.248047,13.358843,8.6680898,13.30352,9.1483345
18.25,13.456452,8.7559471,13.384993,9.2691068
18.251953,13.539075,8.6814279,13.463962,9.3931503
18.253906,13.637174,8.6699838,13.56625,9.3675098
18.255859,13.725318,8.8020029,13.6745,9.3450346
18.257813,13.805129,8.9143104,13.764965,9.4730062
18.259766,13.904129,8.8681669,13.845215,9.5748786
18.261719,14.00136,8.8656873,13.943156,9.4726734
18.263672,14.083104,9.0170335,14.032057,9.4242792
18.265625,14.158932,9.0700645,14.107982,9.6115684
18.267578,14.261111,8.9605827,14.17826,9.7393484
18.269531,14.344139,9.0084419,14.278038,9.6427087
18.271484,14.431353,9.2512474,14.370384,9.6448955
18.273438,14.519622,9.2559022,14.445926,9.8619022
18.275391,14.592882,9.0985555,14.534348,9.9228582
18.277344,14.678036,9.1482677,14.633315,9.7691927
18.279297,14.760006,9.3672485,14.721012,9.7923946
18.28125,14.851096,9.4697341,14.790541,9.9831085
18.283203,14.93498,9.3692007,14.86831,9.9994926
18.285156,15.012213,9.3059053,14.951205,9.9256935
18.287109,15.089716,9.4107456,15.044773,9.9843969
18.289063,15.173105,9.5581264,15.125147,10.141376
18.291016,15.250549,9.5602645,15.206131,10.20084
18.292969,15.326658,9.5189361,15.295403,10.105562
18.294922,15.414567,9.5892238,15.368065,10.073342
18.296875,15.492741,9.6947813,15.439438,10.228961
18.298828,15.575431,9.7024488,15.51067,10.345193
18.300781,15.650056,9.6278476,15.576614,10.266394
18.302734,15.727448,9.6831178,15.670778,10.244247
18.304688,15.812692,9.8199739,15.7493,10.421313
18.306641,15.87905,9.8454647,15.802512,10.537663
18.308594,15.948827,9.8019762,15.887516,10.410099
18.310547,16.028593,9.8290443,15.968094,10.357357
18.3125,16.10235,9.9760675,16.039217,10.557461
18.314453,16.175888,10.043726,16.122072,10.656889
18.316406,16.243305,9.9392423,16.195549,10.52291
18.318359,16.312174,9.9059114,16.265429,10.459779
18.320313,16.393896,10.069828,16.342161,10.604853
18.322266,16.463892,10.211139,16.405861,10.723479
18.324219,16.530609,10.114997,16.473873,10.674143
18.326172,16.60317,9.995449,16.552591,10.624564
18.328125,16.677462,10.138824,16.629103,10.74891
18.330078,16.73995,10.330922,16.703026,10.880161
18.332031,16.799458,10.25935,16.766695,10.805578
18.333984,16.87672,10.128662,16.825708,10.72854
18.335938,16.945196,10.268796,16.900873,10.835268
18.337891,16.998428,10.462386,16.964579,10.942138
18.339844,17.064835,10.369905,17.015217,10.929144
18.341797,17.129183,10.230784,17.078726,10.888669
18.34375,17.188295,10.406545,17.138271,10.956413
18.345703,17.259081,10.598871,17.195856,11.080196
18.347656,17.324934,10.484169,17.270527,11.093452
18.349609,17.382261,10.369375,17.334869,11.051894
18.351563,17.440252,10.468286,17.38138,11.080205
18.353516,17.500217,10.613083,17.457569,11.135819
18.355469,17.550854,10.620103,17.51273,11.116617
18.357422,17.61224,10.559278,17.566851,11.112179
18.359375,17.684654,10.617952,17.641449,11.182429
18.361328,17.751358,10.727139,17.692579,11.225499
18.363281,17.807106,10.695515,17.744923,11.208208
18.365234,17.856234,10.577906,17.800467,11.204323
18.367188,17.907238,10.611527,17.861767,11.273366
18.369141,17.965342,10.793921,17.919468,11.340875
18.371094,18.02047,10.897479,17.975269,11.335197
18.373047,18.073654,10.838993,18.04497,11.320787
18.375,18.126604,10.745638,18.105185,11.353051
18.376953,18.184427,10.788646,18.149464,11.384884
18.378906,18.241241,10.922313,18.202501,11.368758
18.380859,18.278603,10.940819,18.238804,11.367012
18.382813,18.332832,10.83402,18.290384,11.453316
18.384766,18.380102,10.853106,18.348902,11.524159
18.386719,18.427254,11.044493,18.403343,11.505432
18.388672,18.474344,11.092526,18.461304,11.482325
18.390625,18.518543,10.958526,18.485903,11.528429
18.392578,18.567825,10.929894,18.526579,11.575389
18.394531,18.611811,11.070225,18.576057,11.559109
18.396484,18.662426,11.150582,18.630718,11.572498
18.398438,18.711096,11.055907,18.669897,11.654177
18.400391,18.754288,10.981897,18.704063,11.687104
18.402344,18.793669,11.101504,18.760862,11.625645
18.404297,18.843426,11.214072,18.799498,11.625162
18.40625,18.888575,11.160272,18.834799,11.733631
18.408203,18.927877,11.100099,18.871078,11.767334
18.410156,18.966856,11.142116,18.914654,11.682959
18.412109,19.004719,11.22944,18.967314,11.689983
18.414063,19.038387,11.245219,19.011093,11.830952
18.416016,19.080362,11.204705,19.053883,11.849448
18.417969,19.114037,11.230968,19.096865,11.706752
18.419922,19.15612,11.329273,19.131227,11.673041
18.421875,19.195692,11.336536,19.169746,11.827577
18.423828,19.219452,11.247091,19.214479,11.916707
18.425781,19.269512,11.243406,19.244848,11.814586
18.427734,19.305292,11.374141,19.26796,11.753606
18.429688,19.329628,11.438864,19.293427,11.87604
18.431641,19.356747,11.290095,19.327061,11.985727
18.433594,19.39661,11.221621,19.374086,11.922885
18.435547,19.438559,11.425812,19.411037,11.877679
18.4375,19.46398,11.56668,19.422094,11.962866
18.439453,19.496016,11.376925,19.450886,12.001227
18.441406,19.523777,11.208161,19.481867,11.928794
18.443359,19.541359,11.404657,19.494759,11.94114
18.445313,19.573061,11.608197,19.522512,12.052282
18.447266,19.603369,11.502073,19.554207,12.068871
18.449219,19.619493,11.356908,19.578861,12.018116
18.451172,19.647116,11.453455,19.622299,12.013916
18.453125,19.668938,11.597454,19.644243,12.074399
18.455078,19.68754,11.536834,19.64715,12.078595
18.457031,19.718693,11.438032,19.695221,12.002156
18.458984,19.731693,11.5049,19.709839,12.015874
18.460938,19.742075,11.608323,19.727024,12.136594
18.462891,19.774122,11.555598,19.745152,12.140854
18.464844,19.80406,11.499182,19.758484,12.03699
18.466797,19.825207,11.59115,19.805241,12.063166
18.46875,19.84444,11.611497,19.825346,12.191337
18.470703,19.851301,11.490838,19.834555,12.211699
18.472656,19.86791,11.460467,19.851557,12.069339
18.474609,19.897625,11.596766,19.868998,12.014648
18.476563,19.90217,11.716374,19.878214,12.185954
18.478516,19.912312,11.62054,19.89502,12.286066
18.480469,19.934002,11.467443,19.902969,12.153967
18.482422,19.945915,11.585548,19.921755,12.092311
18.484375,19.962399,11.760108,19.937111,12.218087
18.486328,19.986303,11.660553,19.955305,12.287963
18.488281,19.997858,11.497265,19.974636,12.195389
18.490234,19.994783,11.536288,19.985584,12.135522
18.492188,20.017458,11.671595,20.007002,12.227487
18.494141,20.024477,11.680085,20.009899,12.276164
18.496094,20.023781,11.604747,20.017927,12.18797
18.498047,20.04969,11.583009,20.019485,12.128738
18.5,20.039814,11.656974,20.019213,12.215959
18.501953,20.047361,11.696741,20.035276,12.310905
18.503906,20.067053,11.618739,20.063276,12.269814
18.505859,20.05685,11.610537,20.061077,12.197662
18.507813,20.058634,11.668655,20.057234,12.224702
18.509766,20.066355,11.661313,20.075655,12.280904
18.511719,20.071503,11.639177,20.064501,12.270938
18.513672,20.074856,11.641024,20.05813,12.246062
18.515625,20.07132,11.640402,20.058575,12.254959
18.517578,20.076571,11.617695,20.060354,12.278749
18.519531,20.093979,11.609747,20.084036,12.286951
18.521484,20.085238,11.616776,20.079485,12.288476
18.523438,20.081808,11.593876,20.069777,12.278162
18.525391,20.086637,11.544775,20.080885,12.258869
18.527344,20.079203,11.457668,20.070766,12.269664
18.529297,20.085625,11.355908,20.073315,12.266823
18.53125,20.081381,11.249704,20.068319,12.250395
18.533203,20.077778,11.14337,20.071238,12.227671
18.535156,20.080866,10.840388,20.074478,12.172697
18.537109,20.069496,10.559152,20.065031,12.106549
18.539063,20.065022,10.739209,20.07609,12.035604
18.541016,20.047186,10.92846,20.072474,11.89298
18.542969,20.036129,10.762791,20.074507,11.775052
18.544922,20.030714,10.552283,20.057739,11.542212
18.546875,20.009436,10.716369,20.0655,11.156446
18.548828,19.997574,10.932335,20.071997,11.239497
18.550781,19.976786,10.732822,20.035456,11.604718
18.552734,19.959627,10.514891,20.023624,11.539065
18.554688,19.940231,10.670137,20.000944,11.151947
18.556641,19.923092,10.903323,19.993139,11.183124
18.558594,19.910685,10.72556,19.985287,11.61981
18.560547,19.887022,10.431604,19.951317,11.603358
18.5625,19.865364,10.523456,19.924303,11.148204
18.564453,19.83942,10.766958,19.903255,11.092491
18.566406,19.819584,10.672994,19.890099,11.552381
18.568359,19.793715,10.394371,19.861837,11.642223
18.570313,19.767899,10.463633,19.813524,11.167618
18.572266,19.749184,10.71793,19.781326,10.991663
18.574219,19.720133,10.643418,19.756971,11.392085
18.576172,19.70245,10.319277,19.736835,11.613349
18.578125,19.676655,10.30321,19.705114,11.250915
18.580078,19.641861,10.594528,19.665125,10.968001
18.582031,19.61372,10.544585,19.630095,11.213538
18.583984,19.596434,10.201591,19.585194,11.459276
18.585938,19.569704,10.256701,19.588699,11.205289
18.587891,19.533052,10.587394,19.578358,10.916723
18.589844,19.510368,10.440178,19.543545,11.120217
18.591797,19.477112,10.029491,19.516626,11.258202
18.59375,19.443527,10.147605,19.481739,10.910518
18.595703,19.406904,10.513918,19.443481,10.691047
18.597656,19.383444,10.392684,19.404472,10.99013
18.599609,19.354567,9.9875917,19.372734,11.215657
18.601563,19.31321,10.015841,19.33753,10.932589
18.603516,19.280111,10.33899,19.313311,10.691001
18.605469,19.237652,10.27089,19.265388,10.885022
18.607422,19.207529,9.9102077,19.250515,11.074723
18.609375,19.174757,9.9148025,19.220573,10.883657
18.611328,19.131773,10.282851,19.176414,10.647161
18.613281,19.09124,10.226201,19.157017,10.702133
18.615234,19.053377,9.7271385,19.091671,10.844354
18.617188,19.020536,9.7027835,19.06308,10.753578
18.619141,18.976978,10.201021,19.023182,10.538267
18.621094,18.93111,10.222797,18.975412,10.60489
18.623047,18.893421,9.6231651,18.944078,10.783787
18.625,18.853085,9.4917602,18.903053,10.678151
18.626953,18.811865,10.059715,18.854273,10.457724
18.628906,18.752691,10.179556,18.783712,10.479031
18.630859,18.707115,9.5464124,18.753878,10.626921
18.632813,18.675661,9.3288555,18.717798,10.575368
18.634766,18.616335,9.9496936,18.668575,10.450475
18.636719,18.569859,10.154174,18.610886,10.422512
18.638672,18.527744,9.4188604,18.561663,10.426755
18.640625,18.480618,9.1528387,18.527149,10.389965
18.642578,18.434767,9.790759,18.472368,10.341927
18.644531,18.379839,9.993432,18.421707,10.320845
18.646484,18.332851,9.3444223,18.369188,10.275966
18.648438,18.284143,9.0314855,18.315762,10.238132
18.650391,18.229137,9.5959453,18.281126,10.217865
18.652344,18.18021,9.8756828,18.222963,10.196891
18.654297,18.137741,9.2946434,18.152523,10.161916
18.65625,18.083374,8.9404506,18.120173,10.084848
18.658203,18.024874,9.3724832,18.067158,10.043642
18.660156,17.96895,9.6322507,18.007425,10.089884
18.662109,17.909855,9.2117614,17.948856,10.062099
18.664063,17.856783,8.8986053,17.891521,9.9280967
18.666016,17.801662,9.2268972,17.846777,9.900774
18.667969,17.746479,9.5164003,17.791304,9.9664821
18.669922,17.674376,9.1208849,17.722565,9.9394092
18.671875,17.607649,8.682744,17.667112,9.8006191
18.673828,17.560011,8.9535169,17.627514,9.7374401
18.675781,17.49527,9.4397583,17.565334,9.8336381
18.677734,17.432112,9.2113952,17.498135,9.8303747
18.679688,17.362717,8.5979852,17.423058,9.6368484
18.681641,17.302366,8.6760387,17.355858,9.5363969
18.683594,17.249292,9.2146387,17.299364,9.664606
18.685547,17.174416,9.1288442,17.242825,9.7622928
18.6875,17.117134,8.5161304,17.180166,9.6237516
18.689453,17.063368,8.4531946,17.104729,9.4494266
18.691406,16.990995,8.9779901,17.04541,9.4276619
18.693359,16.926889,8.9594831,16.983328,9.5011024
18.695313,16.867535,8.3483486,16.933846,9.5030927
18.697266,16.788662,8.3208742,16.857841,9.3639993
18.699219,16.719728,8.8374233,16.76589,9.2294864
18.701172,16.660721,8.7906379,16.709923,9.2277383
18.703125,16.57374,8.3034544,16.639149,9.3281688
18.705078,16.510408,8.269741,16.574072,9.3569459
18.707031,16.4461,8.6144714,16.509848,9.1906461
18.708984,16.364008,8.6367626,16.426689,9.0437564
18.710938,16.303263,8.19705,16.358412,9.1075029
18.712891,16.22753,8.051177,16.300098,9.1615915
18.714844,16.158335,8.4163131,16.216936,9.0391359
18.716797,16.090631,8.4521875,16.138493,8.9028587
18.71875,16.016872,8.031351,16.079271,8.9214162
18.720703,15.941479,7.8952398,15.999532,8.9946441
18.722656,15.86662,8.199274,15.931709,8.8956308
18.724609,15.787717,8.2607183,15.864841,8.7374
18.726563,15.707747,7.9144864,15.764775,8.7494459
18.728516,15.644269,7.7920026,15.696711,8.8043403
18.730469,15.560991,8.0738868,15.632263,8.7182264
18.732422,15.48431,8.1146879,15.546354,8.6239318
18.734375,15.401304,7.6795911,15.475443,8.6354017
18.736328,15.312486,7.5718221,15.392097,8.603362
18.738281,15.244072,7.932693,15.298089,8.5223474
18.740234,15.167444,7.992979,15.21398,8.4268369
18.742188,15.08342,7.6148381,15.158141,8.4003868
18.744141,14.994557,7.3987498,15.081464,8.4973821
18.746094,14.90632,7.5956974,14.993464,8.441946
18.748047,14.833158,7.7349114,14.930396,8.209856
18.75,14.753556,7.5359859,14.835039,8.1390562
18.751953,14.666688,7.3559246,14.73693,8.2674446
18.753906,14.58454,7.4068656,14.654222,8.2328767
18.755859,14.495273,7.4345841,14.564084,8.0491943
18.757813,14.426152,7.3004169,14.478105,8.0714445
18.759766,14.343936,7.2062611,14.379544,8.1969966
18.761719,14.243295,7.2499461,14.283376,8.0933609
18.763672,14.16352,7.1799178,14.218653,7.8764896
18.765625,14.083763,7.0315051,14.137754,7.9182939
18.767578,13.990015,7.0842766,14.036155,8.0457067
18.769531,13.900388,7.1586351,13.944207,7.8331852
18.771484,13.8097,6.9983072,13.873487,7.5407247
18.773438,13.719378,6.8390154,13.777739,7.6751775
18.775391,13.633482,6.8922863,13.681399,7.904386
18.777344,13.534116,6.9593043,13.615115,7.6336836
18.779297,13.453912,6.8325719,13.512484,7.3296895
18.78125,13.360144,6.6542229,13.425371,7.5088057
18.783203,13.263382,6.6813893,13.340263,7.6436295
18.785156,13.174866,6.7176594,13.252931,7.4047212
18.787109,13.077315,6.6124711,13.159944,7.2015471
18.789063,12.988484,6.5047497,13.043972,7.3098616
18.791016,12.889145,6.4708714,12.949398,7.4034237
18.792969,12.794511,6.4993944,12.852987,7.2165646
18.794922,12.704293,6.4237885,12.773091,7.1100621
18.796875,12.617987,6.2967,12.676375,7.2175002
18.798828,12.51932,6.2639951,12.574794,7.1894822
18.800781,12.426257,6.2517185,12.487034,6.954359
18.802734,12.333118,6.1545033,12.365376,6.8346176
18.804688,12.229201,6.0575943,12.287086,6.9713029
18.806641,12.134304,6.0448145,12.194215,6.9959311
18.808594,12.033128,6.0464496,12.078027,6.7923579
18.810547,11.93943,5.996696,12.001245,6.6600885
18.8125,11.841215,5.8814244,11.893435,6.7056927
18.814453,11.731912,5.7992663,11.809251,6.746859
18.816406,11.63544,5.7966814,11.713987,6.5718989
18.818359,11.542881,5.7672128,11.60237,6.4068961
18.820313,11.438386,5.6814212,11.502592,6.4473352
18.822266,11.334385,5.5947403,11.37923,6.4836769
18.824219,11.241357,5.5089187,11.282874,6.3694386
18.826172,11.140715,5.4981594,11.187946,6.2743039
18.828125,11.028605,5.4780492,11.093127,6.3514013
18.830078,10.931424,5.3191318,10.994041,6.3233828
18.832031,10.827798,5.2530584,10.901926,6.0885005
18.833984,10.717259,5.3315968,10.784483,5.9482297
18.835938,10.624063,5.2415294,10.678699,6.0241885
18.837891,10.520252,5.0535559,10.59177,6.0490436
18.839844,10.407853,5.0408411,10.463199,5.9291896
18.841797,10.307802,5.0438718,10.364784,5.8479156
18.84375,10.196508,4.9188728,10.257615,5.7789788
18.845703,10.084282,4.8213667,10.154663,5.7316722
18.847656,9.9812994,4.8243737,10.049337,5.7243151
18.849609,9.8782749,4.8142137,9.9379177,5.627808
18.851563,9.7755165,4.6970477,9.8514766,5.4968056
18.853516,9.6713142,4.5615377,9.7521715,5.4654383
18.855469,9.5591754,4.4812369,9.6414852,5.446527
18.857422,9.4421329,4.4386062,9.5274953,5.3339152
18.859375,9.3432407,4.3848156,9.4158897,5.182177
18.861328,9.2347574,4.3366756,9.3338546,5.1880726
18.863281,9.1229362,4.2996864,9.2243423,5.257801
18.865234,9.0171947,4.1807336,9.0747833,5.1319398
18.867188,8.9104452,4.0722069,8.9727211,4.9080538
18.869141,8.7982912,4.0201301,8.8602323,4.8931384
18.871094,8.6887912,3.9780547,8.7528553,5.0733056
18.873047,8.5883388,3.8727133,8.6511764,4.983829
18.875,8.4674024,3.7928056,8.5229444,4.65557
18.876953,8.3523263,3.7985682,8.414155,4.5954728
18.878906,8.2420034,3.644521,8.3088445,4.7629365
18.880859,8.1363582,3.5421896,8.1956481,4.6711816
18.882813,8.0246362,3.6091363,8.0836925,4.4014005
18.884766,7.9035077,3.483525,7.9712591,4.3340086
18.886719,7.80127,3.2511172,7.8719058,4.4045944
18.888672,7.6886811,3.218718,7.7640361,4.3585929
18.890625,7.5785341,3.2889645,7.6354727,4.1504373
18.892578,7.4614501,3.135576,7.550167,4.0265903
18.894531,7.345952,2.886348,7.4354543,4.0557689
18.896484,7.241436,2.8851344,7.3017759,4.0255217
18.898438,7.1185264,2.9854586,7.1975646,3.8240039
18.900391,7.0016641,2.8354127,7.0603661,3.699753
18.902344,6.8911891,2.5428907,6.9369826,3.8062682
18.904297,6.7807765,2.5564601,6.8289508,3.8138601
18.90625,6.6606497,2.6806166,6.7148156,3.6109421
18.908203,6.5464086,2.4767432,6.6092577,3.4726905
18.910156,6.431056,2.167149,6.5038952,3.4892633
18.912109,6.3116803,2.1835224,6.3831753,3.4185314
18.914063,6.2033257,2.3298454,6.2517805,3.1910839
18.916016,6.0868196,2.1303491,6.143548,3.0699737
18.917969,5.963622,1.8512384,6.0329308,3.1142211
18.919922,5.8491435,1.8338046,5.9047026,3.1265204
18.921875,5.7484822,1.8724106,5.781701,2.9285054
18.923828,5.6206064,1.7503992,5.6597185,2.7274432
18.925781,5.4964222,1.5351175,5.5557808,2.7935152
18.927734,5.382524,1.4235364,5.4491744,2.826796
18.929688,5.2609467,1.4427762,5.3237361,2.5997932
18.931641,5.1513047,1.4281513,5.2132406,2.3554823
18.933594,5.0277376,1.2501705,5.1060209,2.3516326
18.935547,4.9035987,1.0597562,4.9754328,2.4072461
18.9375,4.7927207,0.97931892,4.8468766,2.2165489
18.939453,4.6693553,0.97570348,4.7381076,1.9805185
18.941406,4.540524,0.92190707,4.6205897,1.9979915
18.943359,4.4292073,0.72842896,4.4831619,2.0873103
18.945313,4.3078603,0.60392255,4.349636,1.901923
18.947266,4.1862273,0.60694003,4.2363424,1.6233102
18.949219,4.0704436,0.53790623,4.1113162,1.650443
18.951172,3.9472398,0.35654336,3.9893167,1.7883073
18.953125,3.8350479,0.2327465,3.871726,1.5341726
18.955078,3.7082569,0.22913553,3.7602319,1.215636
18.957031,3.5844311,0.19607905,3.6507177,1.2761945
18.958984,3.4649295,0.059847977,3.5267512,1.3228819
18.960938,3.3314685,-0.019211996,3.4198558,1.0503922
18.962891,3.2173385,0.0066110184,3.2908043,0.78099805
18.964844,3.0963394,-0.0059125926,3.1527023,0.84149587
18.966797,2.976521,-0.081200711,3.0333533,0.88205445
18.96875,2.864166,-0.13869509,2.9176998,0.68249953
18.970703,2.7354741,-0.1638692,2.7970747,0.5377264
18.972656,2.6115925,-0.17189488,2.6644451,0.56586188
18.974609,2.4960646,-0.17277457,2.542129,0.49725994
18.976563,2.3725352,-0.17138806,2.4265556,0.27407965
18.978516,2.2432656,-0.14458542,2.3081696,0.1793696
18.980469,2.1305625,-0.16961093,2.1948556,0.24290717
18.982422,2.0129048,-0.16825475,2.0500388,0.17926003
18.984375,1.887155,-0.14140746,1.9267557,-0.062404703
18.986328,1.7650451,-0.19828251,1.819622,-0.11378612
18.988281,1.6410964,-0.24264653,1.6838929,0.069503635
18.990234,1.5217191,-0.17145343,1.5621132,0.082616366
18.992188,1.3930143,-0.090297289,1.4388787,-0.17944732
18.994141,1.275865,-0.15823372,1.326835,-0.22115026
18.996094,1.1534061,-0.22061777,1.1976177,0.0066415155
18.998047,1.0104723,-0.17183539,1.0749645,0.008304392
19.0,0.8909936,-0.13162857,0.95117122,-0.20920885
19.001953,0.77441704,-0.16706033,0.83004338,-0.2383887
19.003906,0.65357602,-0.14051804,0.73345965,-0.028731572
19.005859,0.53812975,-0.1075356,0.59984469,-0.024737129
19.007813,0.41149443,-0.19779612,0.47511637,-0.22576043
19.009766,0.29345387,-0.2688036,0.35387307,-0.26692879
19.011719,0.1662591,-0.22386536,0.23336923,-0.10621825
19.013672,0.044883292,-0.11214763,0.10489701,-0.022353642
19.015625,-0.069041744,-0.1507556,-0.023349836,-0.16245441
19.017578,-0.20231879,-0.24815059,-0.13023959,-0.20981671
19.019531,-0.31704736,-0.24657921,-0.27973175,-0.082598686
19.021484,-0.44440013,-0.248468,-0.41409552,-0.018450644
19.023438,-0.56804144,-0.27626225,-0.52757162,-0.15345109
19.025391,-0.68049872,-0.40669265,-0.65783197,-0.20218766
19.027344,-0.81555432,-0.49399808,-0.76358366,-0.0059932722
19.029297,-0.9446941,-0.50622207,-0.87149227,0.0020071962
19.03125,-1.064781,-0.60450399,-1.0150928,-0.20362341
19.033203,-1.1888605,-0.66769087,-1.1343021,-0.27405229
19.035156,-1.3127702,-0.74641508,-1.2339704,-0.16212031
19.037109,-1.4263627,-0.93314242,-1.3741121,-0.1082036
19.039063,-1.5535442,-1.099449,-1.5031859,-0.2292271
19.041016,-1.6870638,-1.1490473,-1.6126872,-0.33966973
19.042969,-1.7998436,-1.2396489,-1.7472503,-0.24647316
19.044922,-1.910685,-1.4234186,-1.8762384,-0.13580701
19.046875,-2.0360333,-1.5184161,-1.983551,-0.31743163
19.048828,-2.1604235,-1.6616476,-2.0929646,-0.48524711
19.050781,-2.2797858,-1.8480479,-2.2098736,-0.37215102
19.052734,-2.4141337,-1.9276118,-2.3502984,-0.37294224
19.054688,-2.5359273,-1.998367,-2.4660263,-0.68444943
19.056641,-2.6504278,-2.1171488,-2.5824472,-0.87633389
19.058594,-2.7688984,-2.214828,-2.7163436,-0.7301144
19.060547,-2.8849585,-2.2645421,-2.8366966,-0.722727
19.0625,-3.0100977,-2.4470527,-2.97036,-1.0609021
19.064453,-3.1322319,-2.683202,-3.0756125,-1.2982397
19.066406,-3.2544021,-2.7519216,-3.1849255,-1.2188595
19.068359,-3.3734295,-2.7452254,-3.3229026,-1.233751
19.070313,-3.4945969,-2.8285613,-3.4383215,-1.544321
19.072266,-3.6072456,-2.9983406,-3.5454776,-1.8106923
19.074219,-3.7298765,-3.0915329,-3.6784408,-1.7733619
19.076172,-3.8545584,-3.1615946,-3.8020906,-1.7270714
19.078125,-3.9645941,-3.3460023,-3.9155237,-2.0223839
19.080078,-4.0993213,-3.4646019,-4.0407996,-2.2612669
19.082031,-4.222856,-3.4496903,-4.1681337,-2.1949436
19.083984,-4.3339839,-3.5181562,-4.2853465,-2.1973202
19.085938,-4.457818,-3.6816723,-4.4048147,-2.4413211
19.087891,-4.5841059,-3.7769401,-4.5359263,-2.6334965
19.089844,-4.7033205,-3.854665,-4.6505794,-2.6383321
19.091797,-4.8151226,-3.968307,-4.7594976,-2.6811685
19.09375,-4.934515,-4.0181407,-4.8804335,-2.8386507
19.095703,-5.0485043,-4.1023769,-4.9993577,-3.0095651
19.097656,-5.1726594,-4.2686719,-5.1196436,-3.1033134
19.099609,-5.2896623,-4.3921876,-5.2443943,-3.1584227
19.101563,-5.4022717,-4.4369235,-5.3710265,-3.2544157
19.103516,-5.5338521,-4.4236865,-5.4888072,-3.3806142
19.105469,-5.6470093,-4.5360493,-5.5896191,-3.4618101
19.107422,-5.7649221,-4.7404599,-5.7101674,-3.4856944
19.109375,-5.8856058,-4.7657775,-5.8211307,-3.5813612
19.111328,-5.9979982,-4.7523398,-5.927484,-3.7866773
19.113281,-6.111793,-4.8832821,-6.0483083,-3.9185564
19.115234,-6.223474,-5.0410695,-6.1673722,-3.9158978
19.117188,-6.3505735,-5.118154,-6.2962374,-3.9943814
19.119141,-6.4701747,-5.1605296,-6.4117903,-4.162323
19.121094,-6.5883317,-5.234909,-6.5328288,-4.2193036
19.123047,-6.702363,-5.2697711,-6.645545,-4.1926894
19.125,-6.8148183,-5.3303103,-6.757246,-4.2764711
19.126953,-6.9328622,-5.4433589,-6.8897881,-4.4703493
19.128906,-7.0451469,-5.5545034,-7.0009021,-4.5639162
19.130859,-7.1672711,-5.6437573,-7.1224532,-4.5736317
19.132813,-7.2678666,-5.6670694,-7.2375159,-4.6240286
19.134766,-7.3864631,-5.7238268,-7.3361616,-4.7744412
19.136719,-7.5019826,-5.8217172,-7.4621472,-4.8867297
19.138672,-7.6073846,-5.9671855,-7.5748505,-4.8883981
19.140625,-7.7332053,-6.0169081,-7.6800694,-4.9994564
19.142578,-7.8474741,-5.9892668,-7.7965817,-5.1405916
19.144531,-7.9681053,-6.0937228,-7.9083423,-5.1895875
19.146484,-8.0758743,-6.1763577,-8.0340108,-5.222382
19.148438,-8.1855812,-6.2099137,-8.1409378,-5.2903542
19.150391,-8.2981786,-6.2719187,-8.2467918,-5.4022755
19.152344,-8.4135828,-6.3852558,-8.3613596,-5.4817638
19.154297,-8.5234918,-6.5115628,-8.446639,-5.4901886
19.15625,-8.6251945,-6.5450372,-8.5747118,-5.5696215
19.158203,-8.7402763,-6.5371418,-8.6982183,-5.752264
19.160156,-8.8549604,-6.6225805,-8.8035478,-5.8393368
19.162109,-8.9595546,-6.7770285,-8.9280262,-5.7770891
19.164063,-9.0604066,-6.8220391,-9.0330123,-5.771769
19.166016,-9.1778631,-6.7723431,-9.1505203,-5.9355015
19.167969,-9.2886352,-6.8655147,-9.2468156,-6.0625138
19.169922,-9.4030914,-7.050455,-9.3480806,-6.0343461
19.171875,-9.5093956,-7.0477495,-9.4676713,-6.0690498
19.173828,-9.6127872,-6.9852652,-9.5706195,-6.2552132
19.175781,-9.7178869,-7.0748238,-9.6848583,-6.3641548
19.177734,-9.8177166,-7.2450757,-9.7805652,-6.3033928
19.179688,-9.9415178,-7.3435645,-9.8694,-6.321887
19.181641,-10.039808,-7.3606476,-9.9919319,-6.5115928
19.183594,-10.145793,-7.3756456,-10.113955,-6.6088304
19.185547,-10.267507,-7.3635683,-10.208982,-6.6085357
19.1875,-10.366894,-7.4585399,-10.314432,-6.6231265
19.189453,-10.468724,-7.6173343,-10.421528,-6.6711926
19.191406,-10.579627,-7.6060395,-10.517879,-6.7579832
19.193359,-10.681393,-7.5801506,-10.611863,-6.8489327
19.195313,-10.775822,-7.705903,-10.723298,-6.9317998
19.197266,-10.886963,-7.868463,-10.843483,-6.9327826
19.199219,-10.988981,-7.8850693,-10.930551,-7.0110249
19.201172,-11.090665,-7.839971,-11.037867,-7.1224484
19.203125,-11.190764,-7.9242811,-11.155967,-7.0774674
19.205078,-11.286187,-8.0275774,-11.245174,-7.1067509
19.207031,-11.391996,-8.0715503,-11.354096,-7.2506437
19.208984,-11.497046,-8.0929021,-11.454988,-7.3211522
19.210938,-11.600364,-8.1798782,-11.541689,-7.3231749
19.212891,-11.69864,-8.2302093,-11.666546,-7.3415546
19.214844,-11.793553,-8.1687459,-11.758334,-7.4585299
19.216797,-11.894854,-8.2500019,-11.855122,-7.5862169
19.21875,-12.000837,-8.4563398,-11.95367,-7.4954772
19.220703,-12.088385,-8.4813375,-12.030411,-7.4530973
19.222656,-12.191114,-8.3404932,-12.137897,-7.6729836
19.224609,-12.295991,-8.4025955,-12.228219,-7.8605837
19.226563,-12.387153,-8.6551904,-12.349672,-7.7967014
19.228516,-12.489036,-8.6853513,-12.441244,-7.6945872
19.230469,-12.57982,-8.4929428,-12.51592,-7.9091882
19.232422,-12.681603,-8.5464201,-12.621481,-7.9973335
19.234375,-12.777199,-8.815422,-12.714311,-7.8464388
19.236328,-12.869416,-8.8731823,-12.817913,-7.9564495
19.238281,-12.96728,-8.7276201,-12.916834,-8.1443433
19.240234,-13.060068,-8.7480077,-13.021269,-8.1300849
19.242188,-13.155612,-8.98526,-13.111782,-8.0737295
19.244141,-13.244902,-9.0545558,-13.19487,-8.1454763
19.246094,-13.335878,-8.9093313,-13.279806,-8.228775
19.248047,-13.422803,-8.9068937,-13.375676,-8.2489976
19.25,-13.520311,-9.1222581,-13.466416,-8.2968606
19.251953,-13.611428,-9.2407913,-13.558618,-8.383996
19.253906,-13.686777,-9.1397056,-13.649242,-8.4268474
19.255859,-13.783439,-9.0671482,-13.727484,-8.4556026
19.257813,-13.882749,-9.2451534,-13.820292,-8.4986753
19.259766,-13.960602,-9.4394989,-13.918323,-8.5410594
19.261719,-14.047562,-9.3185691,-14.01302,-8.6061182
19.263672,-14.142718,-9.175333,-14.091453,-8.6408023
19.265625,-14.224947,-9.3878631,-14.183259,-8.6134767
19.267578,-14.314047,-9.5794334,-14.265968,-8.6604385
19.269531,-14.398475,-9.4271049,-14.343207,-8.7823934
19.271484,-14.483873,-9.3602819,-14.441587,-8.8006992
19.273438,-14.578238,-9.5670146,-14.52713,-8.790307
19.275391,-14.654292,-9.680232,-14.608929,-8.8563623
19.277344,-14.73912,-9.5633983,-14.695881,-8.9216909
19.279297,-14.833819,-9.5060129,-14.762134,-8.9186325
19.28125,-14.898519,-9.6927013,-14.855805,-8.9392147
19.283203,-14.978254,-9.796462,-14.94304,-9.033555
19.285156,-15.077516,-9.675868,-15.010899,-9.1100301
19.287109,-15.14945,-9.7414331,-15.091808,-9.0791845
19.289063,-15.231851,-9.9201107,-15.166269,-9.0606613
19.291016,-15.312483,-9.8455505,-15.26819,-9.1850509
19.292969,-15.382617,-9.756133,-15.341615,-9.2915163
19.294922,-15.472057,-9.9101533,-15.415495,-9.2713241
19.296875,-15.537952,-10.066329,-15.500707,-9.1723957
19.298828,-15.594465,-10.017595,-15.558859,-9.2203254
19.300781,-15.685469,-9.9228839,-15.631889,-9.4227237
19.302734,-15.772637,-10.05919,-15.722577,-9.4456214
19.304688,-15.839247,-10.30491,-15.813432,-9.3541364
19.306641,-15.91447,-10.157331,-15.881784,-9.4359407
19.308594,-15.995516,-9.8873672,-15.934172,-9.5493707
19.310547,-16.073374,-10.112794,-16.009958,-9.4657964
19.3125,-16.142279,-10.4196,-16.094557,-9.42772
19.314453,-16.205179,-10.262136,-16.1542,-9.6460685
19.316406,-16.281374,-10.057912,-16.224482,-9.7733097
19.318359,-16.356461,-10.291993,-16.289795,-9.6008606
19.320313,-16.424772,-10.563148,-16.361036,-9.5424461
19.322266,-16.490585,-10.398954,-16.458412,-9.7739973
19.324219,-16.56407,-10.187634,-16.53281,-9.9071369
19.326172,-16.630377,-10.390098,-16.590601,-9.7420253
19.328125,-16.689997,-10.632414,-16.660402,-9.5696697
19.330078,-16.764555,-10.486014,-16.733667,-9.7391576
19.332031,-16.824375,-10.366984,-16.797647,-10.015752
19.333984,-16.89538,-10.585749,-16.858313,-9.9257907
19.335938,-16.97282,-10.705924,-16.92005,-9.7170944
19.337891,-17.034487,-10.57519,-16.993677,-9.8822183
19.339844,-17.098606,-10.490361,-17.06011,-10.16695
19.341797,-17.155237,-10.586848,-17.112684,-10.088054
19.34375,-17.216616,-10.71857,-17.193993,-9.8595161
19.345703,-17.283321,-10.731924,-17.26128,-9.962779
19.347656,-17.342663,-10.736986,-17.304564,-10.233401
19.349609,-17.409172,-10.783074,-17.358322,-10.164049
19.351563,-17.473848,-10.782199,-17.421097,-9.9275665
19.353516,-17.527433,-10.784098,-17.50485,-10.082772
19.355469,-17.58415,-10.801974,-17.554611,-10.415411
19.357422,-17.636328,-10.832215,-17.598421,-10.316479
19.359375,-17.685633,-10.90834,-17.662243,-9.9802732
19.361328,-17.738565,-10.977493,-17.721504,-10.108255
19.363281,-17.799269,-11.014739,-17.773632,-10.523689
19.365234,-17.860958,-11.012251,-17.821728,-10.463658
19.367188,-17.913216,-10.993837,-17.879322,-10.107315
19.369141,-17.964685,-10.967613,-17.927988,-10.201511
19.371094,-18.027536,-10.969962,-17.996126,-10.595175
19.373047,-18.088432,-11.061362,-18.034918,-10.574759
19.375,-18.126694,-11.119202,-18.073933,-10.245993
19.376953,-18.180084,-11.052465,-18.146284,-10.267895
19.378906,-18.235531,-11.026637,-18.178581,-10.643451
19.380859,-18.277287,-11.191224,-18.23682,-10.709729
19.382813,-18.332853,-11.280469,-18.309763,-10.369461
19.384766,-18.371841,-11.159994,-18.349138,-10.350055
19.386719,-18.419367,-11.130357,-18.397043,-10.68651
19.388672,-18.474432,-11.237478,-18.439346,-10.686193
19.390625,-18.514679,-11.330716,-18.495153,-10.419034
19.392578,-18.563114,-11.292258,-18.538074,-10.460693
19.394531,-18.607512,-11.213986,-18.569519,-10.767774
19.396484,-18.65633,-11.281715,-18.622433,-10.768925
19.398438,-18.698185,-11.367501,-18.647097,-10.522218
19.400391,-18.736019,-11.341205,-18.694698,-10.60101
19.402344,-18.785355,-11.284513,-18.748774,-10.863733
19.404297,-18.828348,-11.351703,-18.793446,-10.871769
19.40625,-18.870337,-11.459782,-18.83625,-10.673724
19.408203,-18.907316,-11.417617,-18.85915,-10.649716
19.410156,-18.938141,-11.331338,-18.908192,-10.830503
19.412109,-18.97987,-11.384894,-18.947596,-10.876084
19.414063,-19.021616,-11.518857,-18.984356,-10.773327
19.416016,-19.053791,-11.568287,-19.033531,-10.756742
19.417969,-19.092091,-11.482814,-19.056084,-10.889749
19.419922,-19.129023,-11.396869,-19.09502,-10.929042
19.421875,-19.155874,-11.505565,-19.140684,-10.810446
19.423828,-19.194101,-11.628046,-19.164509,-10.82302
19.425781,-19.229347,-11.558175,-19.210314,-10.963984
19.427734,-19.247147,-11.486879,-19.249098,-10.966963
19.429688,-19.282125,-11.560338,-19.272272,-10.867631
19.431641,-19.321293,-11.669655,-19.306704,-10.87798
19.433594,-19.345322,-11.682395,-19.326532,-10.981074
19.435547,-19.378807,-11.596305,-19.348959,-11.017237
19.4375,-19.402733,-11.53711,-19.382391,-10.971468
19.439453,-19.438307,-11.630603,-19.403593,-10.986938
19.441406,-19.486341,-11.726785,-19.436888,-11.071591
19.443359,-19.493752,-11.685584,-19.461529,-11.081396
19.445313,-19.515347,-11.548319,-19.484478,-11.014929
19.447266,-19.555908,-11.534082,-19.52935,-11.01512
19.449219,-19.571972,-11.796386,-19.546267,-11.098302
19.451172,-19.599239,-11.881212,-19.553661,-11.115782
19.453125,-19.627487,-11.629004,-19.563974,-11.026108
19.455078,-19.636675,-11.580194,-19.590544,-11.021813
19.457031,-19.658436,-11.798859,-19.622576,-11.171967
19.458984,-19.687483,-11.845444,-19.63283,-11.239859
19.460938,-19.70524,-11.738766,-19.656965,-11.12635
19.462891,-19.717815,-11.734804,-19.690113,-11.033274
19.464844,-19.737106,-11.769099,-19.702238,-11.152829
19.466797,-19.753496,-11.777638,-19.725105,-11.257959
19.46875,-19.766317,-11.824771,-19.744244,-11.096225
19.470703,-19.788071,-11.84785,-19.738386,-11.016102
19.472656,-19.801657,-11.801699,-19.771782,-11.183414
19.474609,-19.811722,-11.790388,-19.80089,-11.269671
19.476563,-19.826277,-11.801473,-19.811405,-11.180492
19.478516,-19.831736,-11.82868,-19.829185,-11.098288
19.480469,-19.851332,-11.865735,-19.828466,-11.136024
19.482422,-19.874897,-11.850786,-19.836693,-11.22271
19.484375,-19.881348,-11.8549,-19.862366,-11.227503
19.486328,-19.895046,-11.827176,-19.871271,-11.177733
19.488281,-19.901285,-11.76832,-19.879631,-11.184212
19.490234,-19.914515,-11.801072,-19.896193,-11.213232
19.492188,-19.921902,-11.865295,-19.896118,-11.212246
19.494141,-19.922657,-11.888304,-19.892839,-11.197033
19.496094,-19.934439,-11.8374,-19.896387,-11.195346
19.498047,-19.933966,-11.827029,-19.909904,-11.235313
19.5,-19.931866,-11.895904,-19.921097,-11.268359
19.501953,-19.935095,-11.897648,-19.918837,-11.250015
19.503906,-19.946047,-11.865053,-19.920174,-11.203684
19.505859,-19.954704,-11.871627,-19.937843,-11.191631
19.507813,-19.959669,-11.853693,-19.931953,-11.218797
19.509766,-19.957344,-11.801555,-19.920464,-11.222127
19.511719,-19.960075,-11.805691,-19.935808,-11.206747
19.513672,-19.960913,-11.722837,-19.918283,-11.213642
19.515625,-19.955101,-11.620239,-19.910589,-11.199884
19.517578,-19.961668,-11.497034,-19.932377,-11.166044
19.519531,-19.951019,-11.327497,-19.929823,-11.160933
19.521484,-19.951378,-11.236087,-19.930828,-11.095359
19.523438,-19.946121,-11.006816,-19.929605,-11.009449
19.525391,-19.92655,-11.113981,-19.924875,-10.871425
19.527344,-19.927551,-11.448236,-19.921535,-10.766953
19.529297,-19.899544,-11.287095,-19.918688,-10.565009
19.53125,-19.880056,-10.967403,-19.915453,-10.291594
19.533203,-19.865002,-11.002081,-19.902538,-10.663656
19.535156,-19.841202,-11.328364,-19.879417,-11.033741
19.537109,-19.814558,-11.287494,-19.84269,-10.603766
19.539063,-19.782188,-10.899624,-19.830748,-10.185876
19.541016,-19.7624,-10.908439,-19.823483,-10.521184
19.542969,-19.729343,-11.247713,-19.795452,-10.914444
19.544922,-19.695553,-11.164772,-19.763086,-10.546341
19.546875,-19.654533,-10.723872,-19.731127,-10.103199
19.548828,-19.608631,-10.753376,-19.685974,-10.398263
19.550781,-19.565233,-11.109123,-19.635012,-10.757975
19.552734,-19.527681,-11.023454,-19.599279,-10.372922
19.554688,-19.477465,-10.687047,-19.538334,-10.022059
19.556641,-19.420996,-10.716044,-19.48229,-10.362848
19.558594,-19.367771,-10.908689,-19.450781,-10.624404
19.560547,-19.321125,-10.804296,-19.382599,-10.278627
19.5625,-19.275784,-10.580359,-19.327909,-9.9914979
19.564453,-19.212595,-10.602628,-19.280563,-10.226001
19.566406,-19.162176,-10.667903,-19.204668,-10.400633
19.568359,-19.105518,-10.529715,-19.152161,-10.081407
19.570313,-19.035624,-10.41815,-19.099339,-9.8053464
19.572266,-18.974051,-10.423475,-19.008549,-10.049063
19.574219,-18.913864,-10.449224,-18.940145,-10.206979
19.576172,-18.838287,-10.406304,-18.897232,-9.8541383
19.578125,-18.768627,-10.260899,-18.822939,-9.6485147
19.580078,-18.702579,-10.203829,-18.750961,-9.9001779
19.582031,-18.620916,-10.278518,-18.697868,-9.9593124
19.583984,-18.544188,-10.23731,-18.628605,-9.5879774
19.585938,-18.476856,-10.062157,-18.540749,-9.4348907
19.587891,-18.390583,-10.043356,-18.450272,-9.6535615
19.589844,-18.303741,-10.094947,-18.371164,-9.6703004
19.591797,-18.231985,-9.9492044,-18.301678,-9.4055109
19.59375,-18.144806,-9.8152551,-18.21184,-9.3461093
19.595703,-18.063387,-9.8633222,-18.130064,-9.5009851
19.597656,-17.974991,-9.8611459,-18.034544,-9.4207963
19.599609,-17.88125,-9.7145776,-17.939419,-9.1816463
19.601563,-17.790108,-9.6035003,-17.856844,-9.1552162
19.603516,-17.696672,-9.6251449,-17.763023,-9.2713346
19.605469,-17.605009,-9.6774339,-17.671122,-9.2109804
19.607422,-17.50193,-9.5560255,-17.545866,-8.989933
19.609375,-17.407679,-9.3502674,-17.477442,-8.8968496
19.611328,-17.315163,-9.3487825,-17.407246,-9.003292
19.613281,-17.214582,-9.4489393,-17.285275,-9.0056467
19.615234,-17.105213,-9.3260917,-17.184278,-8.7376804
19.617188,-16.997942,-9.0830946,-17.069954,-8.5826616
19.619141,-16.900024,-9.0869731,-16.968779,-8.7385635
19.621094,-16.793861,-9.2256345,-16.864468,-8.8122901
19.623047,-16.689678,-9.1365356,-16.777002,-8.5630235
19.625,-16.580744,-8.8729677,-16.675806,-8.3827495
19.626953,-16.465454,-8.7820015,-16.551405,-8.487935
19.628906,-16.362045,-8.8799171,-16.441128,-8.4771938
19.630859,-16.24334,-8.8769149,-16.32592,-8.2285871
19.632813,-16.130829,-8.6876106,-16.229763,-8.1175146
19.634766,-16.031971,-8.533143,-16.114635,-8.2405233
19.636719,-15.905259,-8.6206178,-16.001999,-8.1873922
19.638672,-15.780332,-8.6300668,-15.875745,-7.9428257
19.640625,-15.665918,-8.3619289,-15.75549,-7.9071774
19.642578,-15.54364,-8.2706279,-15.641141,-8.0110092
19.644531,-15.423769,-8.4305505,-15.504777,-7.9397897
19.646484,-15.3054,-8.3967609,-15.378976,-7.7032666
19.648438,-15.181502,-8.1462802,-15.241755,-7.6514487
19.650391,-15.056968,-8.0069465,-15.137766,-7.7901477
19.652344,-14.928275,-8.0518608,-15.015182,-7.7086029
19.654297,-14.804722,-8.0633058,-14.882744,-7.4421348
19.65625,-14.682956,-7.9179091,-14.759808,-7.3605666
19.658203,-14.554983,-7.7897839,-14.620129,-7.4525303
19.660156,-14.422718,-7.7533593,-14.490241,-7.3895325
19.662109,-14.282904,-7.7005777,-14.355542,-7.1786794
19.664063,-14.156425,-7.6119852,-14.241621,-7.0978002
19.666016,-14.037082,-7.5521874,-14.109061,-7.1589379
19.667969,-13.895331,-7.5254445,-13.972672,-7.1019024
19.669922,-13.754614,-7.4424057,-13.837966,-6.8754739
19.671875,-13.62604,-7.2837009,-13.701248,-6.7861938
19.673828,-13.494544,-7.1971139,-13.575581,-6.8654875
19.675781,-13.372795,-7.2659215,-13.434396,-6.8004775
19.677734,-13.238799,-7.2306804,-13.30972,-6.5737891
19.679688,-13.099691,-6.9622316,-13.160914,-6.5000047
19.681641,-12.96472,-6.7697382,-13.025364,-6.5799274
19.683594,-12.818542,-6.8739838,-12.905088,-6.4893021
19.685547,-12.678519,-6.9794893,-12.755678,-6.2707042
19.6875,-12.537988,-6.7535243,-12.6115,-6.2101969
19.689453,-12.396042,-6.5347223,-12.463642,-6.2339344
19.691406,-12.263435,-6.6300454,-12.32398,-6.139935
19.693359,-12.123267,-6.7004599,-12.176517,-6.0118188
19.695313,-11.977782,-6.4358391,-12.035447,-5.9597687
19.697266,-11.844012,-6.1511359,-11.89553,-5.9395957
19.699219,-11.708923,-6.2554254,-11.751904,-5.836955
19.701172,-11.565526,-6.4214897,-11.620522,-5.6711602
19.703125,-11.424059,-6.1482548,-11.472389,-5.6304783
19.705078,-11.280583,-5.7994084,-11.335746,-5.6334333
19.707031,-11.138145,-5.9285421,-11.208308,-5.4857826
19.708984,-11.008614,-6.1262507,-11.065178,-5.3264598
19.710938,-10.866829,-5.897171,-10.925068,-5.2895641
19.712891,-10.717391,-5.5501499,-10.801323,-5.240529
19.714844,-10.584079,-5.5064988,-10.660219,-5.1088242
19.716797,-10.446125,-5.6810531,-10.512197,-4.9791793
19.71875,-10.298779,-5.6302661,-10.370774,-4.9164905
19.720703,-10.159538,-5.2933187,-10.222737,-4.875328
19.722656,-10.016728,-5.1734809,-10.09955,-4.8138327
19.724609,-9.8710622,-5.3425827,-9.9545517,-4.7099347
19.726563,-9.7329406,-5.3001694,-9.8044681,-4.5746717
19.728516,-9.5992898,-4.9824066,-9.6727657,-4.5203785
19.730469,-9.4610595,-4.8606634,-9.5183687,-4.4691462
19.732422,-9.3127689,-4.9898467,-9.3815965,-4.3453669
19.734375,-9.1769847,-4.9253335,-9.2474746,-4.236166
19.736328,-9.0396909,-4.6268739,-9.0997467,-4.1865086
19.738281,-8.9005823,-4.5319271,-8.9607191,-4.1337952
19.740234,-8.7655153,-4.6614418,-8.8162717,-3.9837493
19.742188,-8.634963,-4.6060738,-8.6853256,-3.8673591
19.744141,-8.4887867,-4.3264789,-8.5596971,-3.837188
19.746094,-8.3372917,-4.1582207,-8.406929,-3.7527363
19.748047,-8.2067966,-4.2434153,-8.2718429,-3.6129405
19.75,-8.0756883,-4.2876367,-8.1446914,-3.4787275
19.751953,-7.9436106,-4.1149401,-7.9903917,-3.4357354
19.753906,-7.8052358,-3.8942785,-7.8543553,-3.4175477
19.755859,-7.6761531,-3.8024098,-7.7333855,-3.2513783
19.757813,-7.5352253,-3.8290941,-7.594913,-3.1085968
19.759766,-7.4092264,-3.781213,-7.4589266,-3.1299109
19.761719,-7.284264,-3.5989239,-7.3330025,-3.0569911
19.763672,-7.1351928,-3.4930555,-7.2117762,-2.8241627
19.765625,-7.0119934,-3.461611,-7.0794,-2.6924595
19.767578,-6.8787851,-3.3650162,-6.9243478,-2.7285838
19.769531,-6.7516474,-3.3004035,-6.7903957,-2.6671834
19.771484,-6.632575,-3.2354826,-6.6697111,-2.4358835
19.773438,-6.4973306,-3.132045,-6.5488271,-2.3715827
19.775391,-6.3696341,-2.9597535,-6.4216904,-2.4491064
19.777344,-6.2426991,-2.8539173,-6.2846913,-2.3035357
19.779297,-6.1202859,-2.9306759,-6.1718521,-2.0157983
19.78125,-5.9954209,-2.8613765,-6.0557718,-1.9701581
19.783203,-5.8721966,-2.6346023,-5.9173646,-2.0448055
19.785156,-5.7568893,-2.526143,-5.8037338,-1.8688038
19.787109,-5.6312751,-2.5450472,-5.6844964,-1.6098705
19.789063,-5.5255365,-2.4924526,-5.5503358,-1.6000047
19.791016,-5.4020628,-2.2962038,-5.4322795,-1.6708121
19.792969,-5.2715859,-2.1507067,-5.2974648,-1.4952732
19.794922,-5.1632027,-2.1418526,-5.1968412,-1.2751377
19.796875,-5.039711,-2.1608512,-5.0877013,-1.2670136
19.798828,-4.9347729,-2.0682375,-4.9555077,-1.3214933
19.800781,-4.8199615,-1.8967596,-4.8502159,-1.1599532
19.802734,-4.7021894,-1.8087769,-4.7408413,-0.89397383
19.804688,-4.5824942,-1.7667982,-4.6387534,-0.88084137
19.806641,-4.4743695,-1.674651,-4.5263261,-0.97706199
19.808594,-4.3936491,-1.5890783,-4.4373679,-0.82693291
19.810547,-4.2758679,-1.5945254,-4.3319759,-0.53809893
19.8125,-4.1581115,-1.463844,-4.2036023,-0.49982685
19.814453,-4.0560989,-1.175655,-4.1059327,-0.58209407
19.816406,-3.9590625,-1.1746404,-3.9895918,-0.46681213
19.818359,-3.862632,-1.3924332,-3.901472,-0.29673332
19.820313,-3.7586977,-1.2741205,-3.8100087,-0.29939905
19.822266,-3.6583302,-0.88122553,-3.7082784,-0.36161309
19.824219,-3.5647642,-0.79584926,-3.6114301,-0.18156835
19.826172,-3.4683764,-1.0110307,-3.5001614,0.018283106
19.828125,-3.3655929,-1.0074113,-3.4262385,-0.048932016
19.830078,-3.2779874,-0.67117918,-3.3280344,-0.12260452
19.832031,-3.1805603,-0.52839029,-3.2298581,-0.02095299
19.833984,-3.0863189,-0.71336365,-3.1430029,0.14050315
19.835938,-3.0130651,-0.72871727,-3.0442826,0.12429273
19.837891,-2.9145867,-0.49007875,-2.961775,-0.025794879
19.839844,-2.8147046,-0.32649845,-2.8846447,0.019214312
19.841797,-2.7445473,-0.370866,-2.8058958,0.17896265
19.84375,-2.6533503,-0.45577148,-2.7164795,0.16915585
19.845703,-2.5658674,-0.38781324,-2.6170032,0.085289553
19.847656,-2.4975254,-0.18175782,-2.5113241,0.12515956
19.849609,-2.4194767,-0.10966938,-2.4486813,0.19959782
19.851563,-2.346071,-0.22508562,-2.3728327,0.12199693
19.853516,-2.2690348,-0.1943213,-2.2891664,-0.010837081
19.855469,-2.182362,0.020369213,-2.2381541,0.064700224
19.857422,-2.1111557,0.084455729,-2.1421179,0.22672875
19.859375,-2.0544004,-0.081362873,-2.0834147,0.18691801
19.861328,-1.9790262,-0.14406882,-2.0235419,0.085339323
19.863281,-1.906755,0.078596316,-1.9287389,0.10611605
19.865234,-1.8413256,0.27723041,-1.8805505,0.19926444
19.867188,-1.7711644,0.12726688,-1.8027962,0.21155433
19.869141,-1.6961975,-0.081196405,-1.7381269,0.10429528
19.871094,-1.6333978,0.073165543,-1.6702951,0.09108296
19.873047,-1.5727036,0.27295646,-1.601299,0.1836862
19.875,-1.5059075,0.12177382,-1.5633047,0.20284081
19.876953,-1.4490693,-0.027958278,-1.4925149,0.11035863
19.878906,-1.3882108,0.15437362,-1.4334821,0.089267112
19.880859,-1.3321234,0.33077645,-1.3738104,0.21481493
19.882813,-1.2752784,0.18505371,-1.3245508,0.23736921
19.884766,-1.2271279,0.026337944,-1.2632308,0.112445
19.886719,-1.1746479,0.15922242,-1.1901032,0.071356736
19.888672,-1.1137464,0.32248875,-1.1503042,0.18708485
19.890625,-1.0650538,0.25714111,-1.0982972,0.24003564
19.892578,-1.0179935,0.094735555,-1.0502485,0.10742747
19.894531,-0.97517425,0.090347864,-1.0064278,0.054048628
19.896484,-0.9269883,0.24045937,-0.96135372,0.18697156
19.898438,-0.88099736,0.28547612,-0.91422319,0.24405043
19.900391,-0.8389439,0.1824708,-0.86619866,0.13490516
19.902344,-0.79114276,0.1349688,-0.82363158,0.087668382
19.904297,-0.7539885,0.22727068,-0.78033441,0.18682484
19.90625,-0.72130924,0.27758339,-0.74247801,0.23436487
19.908203,-0.68171674,0.17312765,-0.70202136,0.15533845
19.910156,-0.64812857,0.14122625,-0.67036945,0.11227206
19.912109,-0.61291856,0.26964968,-0.63030022,0.18424596
19.914063,-0.57373798,0.30018184,-0.60501111,0.23031648
19.916016,-0.54089862,0.18349746,-0.56751788,0.17843738
19.917969,-0.50186431,0.14268994,-0.52249587,0.15277398
19.919922,-0.48061129,0.22790129,-0.51906306,0.22439474
19.921875,-0.44619948,0.25612399,-0.48378825,0.23928353
19.923828,-0.40738723,0.16812819,-0.44495958,0.15911147
19.925781,-0.39467728,0.18698783,-0.42149955,0.16882186
19.927734,-0.36441496,0.25828907,-0.3880986,0.25704923
19.929688,-0.34307089,0.21484601,-0.36555499,0.24327512
19.931641,-0.31890526,0.18282458,-0.35174349,0.15142067
19.933594,-0.29554296,0.23736516,-0.33074588,0.17206228
19.935547,-0.26624015,0.29222599,-0.29961365,0.26700029
19.9375,-0.23977207,0.22375342,-0.26584387,0.27196503
19.939453,-0.23071243,0.14336655,-0.23787068,0.18967344
19.941406,-0.20853904,0.17715319,-0.2180391,0.16363262
19.943359,-0.19494475,0.25351778,-0.19891532,0.21942089
19.945313,-0.17767721,0.25831831,-0.1925935,0.21837589
19.947266,-0.16021314,0.19049776,-0.18098922,0.18119156
19.949219,-0.14235611,0.21513088,-0.15986124,0.1953869
19.951172,-0.12190066,0.29262844,-0.1328771,0.25753829
19.953125,-0.11477301,0.24892148,-0.12174965,0.27892318
19.955078,-0.097113229,0.1507269,-0.12067863,0.23233765
19.957031,-0.084588937,0.18293133,-0.10207826,0.22911149
19.958984,-0.086354852,0.31175011,-0.087184548,0.27866209
19.960938,-0.06953188,0.2828902,-0.078443155,0.29276249
19.962891,-0.05737444,0.16162431,-0.074699238,0.23985469
19.964844,-0.043854218,0.22387438,-0.073395386,0.21658063
19.966797,-0.040896077,0.33125913,-0.065820009,0.28641444
19.96875,-0.039846547,0.26806876,-0.058475599,0.33474737
19.970703,-0.019232711,0.15129699,-0.060368046,0.30011326
19.972656,-0.013834594,0.21508723,-0.043201908,0.26564381
19.974609,-0.00071500393,0.34249505,-0.033275872,0.29782292
19.976563,0.0075890212,0.27735394,-0.02021873,0.34153247
19.978516,0.0081113754,0.15954909,-0.0018604994,0.30427471
19.980469,0.013339918,0.18725908,-0.0033338517,0.24156222
19.982422,0.022752713,0.29256839,0.0059123188,0.25513136
19.984375,0.031145316,0.3067416,0.01108861,0.30862409
19.986328,0.025554109,0.23369482,0.011984542,0.3149308
19.988281,0.031154087,0.19896987,0.020759463,0.28379282
19.990234,0.036013409,0.24988948,0.033816606,0.2813125
19.992188,0.039000627,0.30055574,0.022389278,0.31787452
19.994141,0.046989035,0.26643908,0.028450325,0.33053684
19.996094,0.053092375,0.22798127,0.044185951,0.30297977
19.998047,0.047216672,0.23284441,0.045253247,0.30382413
20.0,0.045891881,0.242551,0.047957808,0.32919639
20.001953,0.065019272,0.24327487,0.039620608,0.33117467
20.003906,0.067032859,0.26843256,0.036083445,0.33360884
20.005859,0.061817605,0.28455365,0.032173753,0.33931714
20.007813,0.059067663,0.22092813,0.039482772,0.34530243
20.009766,0.071412601,0.19954032,0.037392884,0.35716227
20.011719,0.070179828,0.25812224,0.035841301,0.36026794
20.013672,0.054792546,0.26616073,0.048350826,0.36591256
20.015625,0.062986374,0.23128538,0.043873027,0.36135861
20.017578,0.064005621,0.24946362,0.042634368,0.35852966
20.019531,0.065718815,0.27533168,0.049652815,0.35971791
20.021484,0.07349886,0.25688615,0.03781198,0.35784915
20.023438,0.073585905,0.26278526,0.042956606,0.35999772
20.025391,0.063767307,0.25450173,0.044994339,0.36389795
20.027344,0.068873592,0.22948967,0.040615261,0.37855738
20.029297,0.074292645,0.24483274,0.051394388,0.37197152
20.03125,0.06289833,0.27238032,0.057433084,0.36528635
20.033203,0.067779072,0.26678658,0.065645486,0.37203279
20.035156,0.071096927,0.24625114,0.058694094,0.36610684
20.037109,0.064894222,0.25077853,0.07323204,0.35673174
20.039063,0.063844711,0.24536686,0.072645307,0.35512522
20.041016,0.062660076,0.24679691,0.062870145,0.36460435
20.042969,0.070828855,0.25819036,0.063590989,0.36531913
20.044922,0.074654326,0.26315999,0.067573324,0.36717683
20.046875,0.072818235,0.26696399,0.071488604,0.37323153
20.048828,0.070988014,0.2526634,0.050053284,0.37329897
20.050781,0.06189879,0.24126601,0.04050909,0.37698475
20.052734,0.077545099,0.24896607,0.05372642,0.37688765
20.054688,0.072267145,0.2720837,0.063475505,0.38032019
20.056641,0.057207141,0.2746056,0.05568406,0.38415805
20.058594,0.068606913,0.24778503,0.073371738,0.37506601
20.060547,0.058858957,0.24641797,0.066843167,0.37701759
20.0625,0.061333921,0.26395664,0.058375582,0.38843194
20.064453,0.064835191,0.27248976,0.07285206,0.38580698
20.066406,0.068621449,0.27776909,0.058274999,0.38527024
20.068359,0.078982674,0.27907375,0.051824659,0.39201662
20.070313,0.057479933,0.27548477,0.05886732,0.39044684
20.072266,0.057329889,0.25656846,0.055780917,0.39433947
20.074219,0.075614221,0.25667554,0.052266106,0.39851058
20.076172,0.079207264,0.29968217,0.072166607,0.39221579
20.078125,0.071742922,0.30029055,0.065451771,0.39371282
20.080078,0.062975213,0.26198524,0.052178562,0.39711979
20.082031,0.079804562,0.25571793,0.069624096,0.38970581
20.083984,0.077483714,0.26316383,0.065544903,0.39078873
20.085938,0.07211978,0.26875281,0.060955346,0.39903662
20.087891,0.080208384,0.26137069,0.064002633,0.3923893
20.089844,0.075363331,0.26039433,0.067599401,0.39355752
20.091797,0.078137621,0.24641657,0.060364887,0.39978254
20.09375,0.073562466,0.21742299,0.054890573,0.39789054
20.095703,0.077072926,0.2303431,0.075644165,0.39956972
20.097656,0.083707638,0.24794231,0.063937441,0.40051648
20.099609,0.078419566,0.22667311,0.052856565,0.39983225
20.101563,0.074725211,0.17530426,0.055793956,0.39748761
20.103516,0.073100828,0.16014932,0.050580412,0.39827487
20.105469,0.071473822,0.19288577,0.057714343,0.40558791
20.107422,0.070144877,0.19893402,0.055432603,0.41055992
20.109375,0.068577304,0.16791411,0.068700224,0.40987441
20.111328,0.06367325,0.14738788,0.067517444,0.41196641
20.113281,0.069560148,0.14855692,0.05806452,0.41516328
20.115234,0.071755849,0.1543197,0.059757665,0.41329944
20.117188,0.072385311,0.15866584,0.051340371,0.41228375
20.119141,0.074043848,0.15337045,0.063892737,0.41726989
20.121094,0.072099924,0.1411557,0.060392827,0.41564661
20.123047,0.075102672,0.13684204,0.069037363,0.41342056
20.125,0.076973885,0.15687793,0.058079422,0.41599318
20.126953,0.073531687,0.1721727,0.046294466,0.4086957
20.128906,0.063199587,0.15368362,0.066433385,0.39971513
20.130859,0.070059165,0.12498875,0.041166604,0.40085891
20.132813,0.078136012,0.13377649,0.056868702,0.4028542
20.134766,0.070687324,0.1759917,0.068687186,0.40128052
20.136719,0.072392479,0.17513686,0.06877473,0.40361744
20.138672,0.075626113,0.12661007,0.071523994,0.39864886
20.140625,0.075007632,0.11034487,0.067306966,0.38809204
20.142578,0.072145991,0.14014661,0.086577892,0.38093358
20.144531,0.071981758,0.1622079,0.066517204,0.38565323
20.146484,0.072117925,0.16119765,0.066891596,0.3903316
20.148438,0.063323773,0.1363886,0.058852419,0.38139075
20.150391,0.068953574,0.11518972,0.052189738,0.39184681
20.152344,0.072386496,0.13459499,0.066133499,0.4017674
20.154297,0.069709294,0.17909743,0.067001492,0.3995184
20.15625,0.070267335,0.17231286,0.071428999,0.4060396
20.158203,0.065620609,0.10765882,0.074090719,0.40444356
20.160156,0.068178862,0.10966081,0.080032557,0.40148574
20.162109,0.06291379,0.18591459,0.070097208,0.39970046
20.164063,0.068759039,0.21072643,0.082399979,0.39304784
20.166016,0.064964123,0.16950749,0.08773832,0.3975758
20.167969,0.066593677,0.14972503,0.081053287,0.40450713
20.169922,0.081731908,0.16980015,0.078866541,0.39790446
20.171875,0.068695761,0.21032293,0.071844369,0.39960775
20.173828,0.071912847,0.21677537,0.061791673,0.40298137
20.175781,0.077327907,0.17948788,0.050666094,0.40058362
20.177734,0.072815567,0.16881599,0.065461084,0.39936295
20.179688,0.071507722,0.20302869,0.070426896,0.40008062
20.181641,0.069717377,0.23583955,0.070933536,0.40310985
20.183594,0.069833875,0.2198882,0.076946154,0.40299776
20.185547,0.072737403,0.18352564,0.082113132,0.41011152
20.1875,0.066724204,0.18205833,0.080714285,0.40938076
20.189453,0.066220373,0.22785927,0.077493772,0.41066375
20.191406,0.069015421,0.24998493,0.070672765,0.41044319
20.193359,0.067907847,0.21876176,0.062655941,0.40851793
20.195313,0.082651898,0.19082057,0.073891416,0.4158473
20.197266,0.074858889,0.22023267,0.077022523,0.41510335
20.199219,0.076831266,0.25629511,0.078307748,0.41894189
20.201172,0.07982704,0.21871613,0.07994315,0.41913909
20.203125,0.064275123,0.19238356,0.078648612,0.41851169
20.205078,0.071534164,0.21594986,0.080015793,0.41475207
20.207031,0.069562957,0.2524626,0.072183371,0.41064507
20.208984,0.072604686,0.26331425,0.071326554,0.41355214
20.210938,0.081876211,0.22274247,0.071622714,0.41145861
20.212891,0.074502237,0.19557928,0.069013149,0.41796204
20.214844,0.063990645,0.20512731,0.072904214,0.42193004
20.216797,0.065188937,0.22245178,0.086775333,0.4227795
20.21875,0.074512132,0.23551789,0.090072215,0.42574608
20.220703,0.072298802,0.24046786,0.07149978,0.41977039
20.222656,0.077221356,0.23402439,0.069836438,0.40829378
20.224609,0.065910704,0.2239767,0.082720354,0.4073185
20.226563,0.061816901,0.22763494,0.085631669,0.40993509
20.228516,0.07562644,0.24562891,0.07897085,0.40793401
20.230469,0.067855485,0.26484734,0.091458023,0.40628445
20.232422,0.07461229,0.27343562,0.086486623,0.40582162
20.234375,0.074602775,0.25935951,0.078967124,0.40890259
20.236328,0.075431079,0.2360045,0.073122144,0.39398003
20.238281,0.068188034,0.24470702,0.078425094,0.39629924
20.240234,0.066129968,0.28022254,0.10642065,0.41114661
20.242188,0.079497486,0.28540337,0.085480794,0.4159022
20.244141,0.065314293,0.26783618,0.086680338,0.4128077
20.246094,0.073168084,0.2594828,0.089420289,0.39795822
20.248047,0.074856952,0.26681301,0.078037664,0.40869296
20.25,0.070712693,0.29226187,0.07654196,0.41809863
20.251953,0.080123976,0.28904355,0.072749615,0.41376516
20.253906,0.072692037,0.27448371,0.083579034,0.41557848
20.255859,0.072297305,0.27608955,0.07906957,0.42067945
20.257813,0.07672333,0.27743381,0.083364829,0.41872287
20.259766,0.076371998,0.28569907,0.093752801,0.42009369
20.261719,0.071634211,0.28191161,0.085633531,0.42603377
20.263672,0.066628307,0.28084466,0.090536013,0.41848481
20.265625,0.07431078,0.28082836,0.10103202,0.40452111
20.267578,0.075756356,0.28164455,0.092979804,0.40554157
20.269531,0.078592308,0.2977562,0.098107666,0.40887302
20.271484,0.074184656,0.29509819,0.096366093,0.39281955
20.273438,0.067907356,0.27452993,0.082094505,0.400269
20.275391,0.080417946,0.26267165,0.081597179,0.40410694
20.277344,0.070190907,0.28785729,0.077447206,0.39643788
20.279297,0.073574588,0.30911669,0.089079425,0.40432194
20.28125,0.079161741,0.29351401,0.096274823,0.40499708
20.283203,0.076654837,0.27114877,0.09001261,0.41285679
20.285156,0.079339042,0.26548982,0.099527001,0.41137484
20.287109,0.072070479,0.27971682,0.088950902,0.4118306
20.289063,0.070219398,0.27863848,0.075754061,0.41827402
20.291016,0.07076408,0.27714416,0.092156515,0.41555077
20.292969,0.07683403,0.2797336,0.08988595,0.42494223
20.294922,0.067008302,0.28130716,0.073490947,0.42866999
20.296875,0.076236442,0.27884826,0.088192806,0.42153257
20.298828,0.080667563,0.26555082,0.10371982,0.41720214
20.300781,0.078253984,0.27358487,0.10498455,0.42447048
20.302734,0.082596935,0.27125332,0.10506092,0.41122171
20.304688,0.074723579,0.27012363,0.10743952,0.38230655
20.306641,0.070167951,0.26622707,0.1068323,0.38667104
20.308594,0.068224773,0.241905,0.098957032,0.39515716
20.310547,0.079158202,0.25030169,0.090407491,0.38814533
20.3125,0.078480475,0.28545669,0.088785127,0.37675342
20.314453,0.07857459,0.2866298,0.097209871,0.38122267
20.316406,0.074118212,0.22181942,0.10192609,0.39364645
20.318359,0.072280638,0.18601809,0.095611721,0.39459348
20.320313,0.074809067,0.22184828,0.082185775,0.38459927
20.322266,0.07385803,0.27375019,0.090161622,0.37226903
20.324219,0.082176596,0.27001628,0.10111211,0.37867114
20.326172,0.084367998,0.2126652,0.091895744,0.39387012
20.328125,0.078170083,0.18465731,0.096684605,0.39922625
20.330078,0.076956965,0.18127532,0.099113494,0.3812677
20.332031,0.076809973,0.18519352,0.092685506,0.37305829
20.333984,0.072309226,0.1922881,0.1020602,0.38477796
20.335938,0.071921431,0.18722461,0.10390794,0.39701188
20.337891,0.073169708,0.16996057,0.10392098,0.40033358
20.339844,0.088384017,0.16409604,0.092743248,0.3882893
20.341797,0.078834392,0.16313654,0.091962799,0.3787435
20.34375,0.066525221,0.13608721,0.09989953,0.37977707
20.345703,0.07077679,0.091438442,0.091186076,0.40362063
20.347656,0.058585543,0.097783074,0.092754424,0.41224447
20.349609,0.076293424,0.15908657,0.090731591,0.39301416
20.351563,0.066846408,0.17771022,0.093514383,0.37945572
20.353516,0.061125625,0.14238936,0.10227068,0.38915494
20.355469,0.091714397,0.080654539,0.11687009,0.4097988
20.357422,0.078930922,0.088233523,0.12015393,0.4058443
20.359375,0.072799966,0.15665686,0.094263166,0.38315901
20.361328,0.076698408,0.149166,0.091387242,0.36201498
20.363281,0.062960453,0.10916174,0.10375707,0.37617016
20.365234,0.066385247,0.092444614,0.10087556,0.40160725
20.367188,0.073465861,0.12269945,0.10949402,0.40365103
20.369141,0.0683681,0.18433006,0.10107672,0.3796314
20.371094,0.069614902,0.17546701,0.087200016,0.3535668
20.373047,0.071236171,0.091712013,0.083389044,0.36145341
20.375,0.072985396,0.058650881,0.096299037,0.3821893
20.376953,0.065015838,0.14166117,0.10408303,0.39816627
20.378906,0.069815695,0.2067683,0.089917615,0.38322029
20.380859,0.068104103,0.15173925,0.090826586,0.35084191
20.382813,0.067349114,0.093033329,0.082651436,0.34711131
20.384766,0.080410607,0.12177452,0.089587927,0.37389427
20.386719,0.063049212,0.19345085,0.097086936,0.39649019
20.388672,0.06935107,0.19927977,0.093642905,0.38637164
20.390625,0.073282905,0.12758516,0.09809649,0.36448714
20.392578,0.069181897,0.11725167,0.08641398,0.35930037
20.394531,0.063931458,0.17977229,0.081531987,0.37771282
20.396484,0.061703045,0.20834737,0.085024446,0.39605591
20.398438,0.083981059,0.1700785,0.095784947,0.38989142
20.400391,0.068008937,0.14435433,0.12070341,0.3763932
20.402344,0.074080288,0.15266638,0.12404872,0.3770211
20.404297,0.073656358,0.17207131,0.11209241,0.37934914
20.40625,0.0654383,0.19920667,0.096710682,0.37057385
20.408203,0.085915551,0.17700696,0.088218883,0.35236725
20.410156,0.071499586,0.14890698,0.088360444,0.33596212
20.412109,0.073585585,0.17009701,0.09967415,0.34637651
20.414063,0.072551288,0.19123919,0.10098732,0.36702007
20.416016,0.069453381,0.16620408,0.081159458,0.36043346
20.417969,0.070489392,0.13365191,0.092150927,0.32248235
20.419922,0.066234387,0.15594056,0.097757488,0.28936428
20.421875,0.079373576,0.18402541,0.099316522,0.30298471
20.423828,0.07067471,0.17205885,0.097804055,0.33340517
20.425781,0.063949421,0.13902925,0.089414701,0.32340261
20.427734,0.071072631,0.12385359,0.096923023,0.27921191
20.429688,0.075461373,0.15889554,0.092974216,0.25607207
20.431641,0.080352381,0.18520086,0.0969491,0.27512026
20.433594,0.06997256,0.16320232,0.095231742,0.29909682
20.435547,0.070411608,0.13230534,0.08873111,0.28809169
20.4375,0.075458258,0.11308657,0.095138609,0.25523931
20.439453,0.06660679,0.13535495,0.098545387,0.23249158
20.441406,0.072012722,0.17239843,0.10435125,0.240196
20.443359,0.071023203,0.16466822,0.099446908,0.25647175
20.445313,0.074982733,0.13484156,0.083549231,0.24660574
20.447266,0.074405231,0.10685776,0.07608375,0.21245106
20.449219,0.065576591,0.11520137,0.075687006,0.1882433
20.451172,0.074262738,0.14383768,0.078141972,0.21347402
20.453125,0.066072211,0.14005208,0.10115309,0.24889179
20.455078,0.063119493,0.11620813,0.109006,0.24373336
20.457031,0.066772491,0.10341851,0.088021442,0.20030472
20.458984,0.075420819,0.12733103,0.097306728,0.16613376
20.460938,0.078750387,0.15159687,0.10262272,0.18435986
20.462891,0.069215782,0.12072399,0.089267552,0.22448415
20.464844,0.07571023,0.083599851,0.084288701,0.22686671
20.466797,0.066416971,0.1100288,0.087265208,0.18483022
20.46875,0.071630694,0.14585702,0.090891778,0.16575658
20.470703,0.072815932,0.13763879,0.089602828,0.19141898
20.472656,0.067762256,0.11378075,0.092672467,0.22045636
20.474609,0.074573338,0.097732201,0.099521413,0.21633098
20.476563,0.06577602,0.10151256,0.080587626,0.1823668
20.478516,0.076691464,0.11817206,0.073716328,0.16709687
20.480469,0.066949777,0.12943268,0.090334848,0.17467082
20.482422,0.059509069,0.11504689,0.086564854,0.204814
20.484375,0.072653458,0.084061198,0.093499482,0.22100857
20.486328,0.075719342,0.10700654,0.091176763,0.19103424
20.488281,0.074677631,0.15099768,0.085600004,0.16256692
20.490234,0.064784326,0.11673712,0.075532407,0.17111777
20.492188,0.069675542,0.067169689,0.078840464,0.20940188
20.494141,0.07864093,0.087753311,0.1012574,0.22004317
20.496094,0.069021322,0.14015371,0.092530906,0.19518091
20.498047,0.063067287,0.1387416,0.088727385,0.17391269
20.5,0.076075234,0.086601965,0.087462649,0.17579673
20.501953,0.066812396,0.083943851,0.092208669,0.19818169
20.503906,0.062563471,0.11388611,0.094762355,0.20921928
20.505859,0.06317547,0.12726468,0.071693495,0.19288947
20.507813,0.059779771,0.13596311,0.081291705,0.17259665
20.509766,0.061828163,0.12041351,0.087123647,0.18446802
20.511719,0.060837943,0.10730527,0.078909382,0.21067604
20.513672,0.076293081,0.14219528,0.090671986,0.21216998
20.515625,0.069849603,0.1982452,0.094609618,0.19246429
20.517578,0.073066838,0.1737081,0.093261063,0.18019284
20.519531,0.085182071,0.095796213,0.088375345,0.18830436
20.521484,0.068350501,0.12465347,0.088913649,0.19191475
20.523438,0.064707063,0.2133438,0.086216539,0.18775766
20.525391,0.072121419,0.2081342,0.085937142,0.18242845
20.527344,0.075525507,0.15198827,0.088868946,0.17559001
20.529297,0.077196054,0.14892107,0.089710861,0.17671315
20.53125,0.064802356,0.1773746,0.095289484,0.18481767
20.533203,0.062100809,0.17296281,0.084193707,0.18719725
20.535156,0.068752304,0.14072368,0.077899829,0.16912684
20.537109,0.069048673,0.15668143,0.086095467,0.14975335
20.539063,0.064818494,0.19025956,0.093734175,0.15714851
20.541016,0.069611967,0.17343022,0.1012723,0.17841852
20.542969,0.086134225,0.14715038,0.092596099,0.18029188
20.544922,0.075989731,0.15110292,0.088127613,0.15224688
20.546875,0.071742989,0.1668949,0.088446125,0.12833764
20.548828,0.083388828,0.1619937,0.088846594,0.14128338
20.550781,0.079669535,0.16006422,0.086929932,0.15975823
20.552734,0.074691132,0.14012076,0.093551636,0.15818685
20.554688,0.073347546,0.10279371,0.1014418,0.14066553
20.556641,0.07011915,0.11494153,0.085441679,0.12811895
20.558594,0.070418119,0.13182792,0.083130136,0.1323723
20.560547,0.064749159,0.10428894,0.087941349,0.12929912
20.5625,0.065733604,0.072819322,0.07526046,0.1298425
20.564453,0.074845418,0.085384376,0.079831392,0.13733485
20.566406,0.06835454,0.10996163,0.091824964,0.13447307
20.568359,0.069959514,0.07635206,0.069100693,0.12777236
20.570313,0.063926607,0.029630519,0.075683281,0.13191788
20.572266,0.067435823,0.048344865,0.10040431,0.13731617
20.574219,0.084766611,0.090881273,0.083556682,0.14020504
20.576172,0.071721703,0.089371368,0.07490097,0.14031777
20.578125,0.062309083,0.051572829,0.086721316,0.13334729
20.580078,0.065713674,0.026675433,0.090243578,0.14095938
20.582031,0.067560121,0.038124412,0.082856327,0.15125574
20.583984,0.074216507,0.071933053,0.082304984,0.153478
20.585938,0.068662927,0.101937,0.092430323,0.14837673
20.587891,0.062911689,0.076105841,0.082901031,0.15208511
20.589844,0.069588788,0.0048351027,0.082960635,0.17204249
20.591797,0.070980787,0.004961879,0.082293808,0.16444892
20.59375,0.074678347,0.093541831,0.086417705,0.15439387
20.595703,0.070226364,0.11964634,0.092748836,0.16912334
20.597656,0.059872646,0.037780173,0.078503326,0.1736801
20.599609,0.07006377,-0.022782918,0.087855667,0.16817008
20.601563,0.073591903,0.036527429,0.08908315,0.1677814
20.603516,0.061865568,0.13212699,0.093071073,0.17466827
20.605469,0.078498334,0.10674682,0.095643386,0.18124375
20.607422,0.076045759,0.010841551,0.095848277,0.17556787
20.609375,0.061488017,-0.0030973209,0.099042714,0.16710007
20.611328,0.063998222,0.057450172,0.089742526,0.16820055
20.613281,0.062742628,0.11080843,0.092041031,0.17165439
20.615234,0.063830942,0.10754392,0.094045237,0.16484848
20.617188,0.063928567,0.045857884,0.082426056,0.15764816
20.619141,0.066973962,0.027823171,0.086307809,0.16500035
20.621094,0.059578158,0.092656955,0.081582278,0.16068096
20.623047,0.072814316,0.13758966,0.07288,0.15068434
20.625,0.072926447,0.097195879,0.095077142,0.15472139
20.626953,0.063077025,0.05475504,0.083312675,0.16173318
20.628906,0.076989152,0.088371478,0.065038264,0.16464642
20.630859,0.074672118,0.13500932,0.075575247,0.14540596
20.632813,0.0684992,0.14004242,0.075206444,0.13745806
20.634766,0.069023639,0.092719592,0.079741985,0.15920976
20.636719,0.066748016,0.078672104,0.080308229,0.16980742
20.638672,0.067034483,0.12752591,0.077262804,0.1594304
20.640625,0.067838088,0.14080913,0.085126892,0.14495695
20.642578,0.063641585,0.12519678,0.081029072,0.15600182
20.644531,0.071515985,0.10422492,0.084610939,0.17551672
20.646484,0.076696254,0.10210092,0.089159518,0.17517057
20.648438,0.071975753,0.12847272,0.081619531,0.16796635
20.650391,0.067800552,0.13829631,0.076402262,0.16795939
20.652344,0.062502109,0.12271132,0.086602107,0.17375003
20.654297,0.064618111,0.10500769,0.08009775,0.18256672
20.65625,0.067749076,0.11688322,0.08481583,0.19392616
20.658203,0.070274457,0.15609294,0.1025985,0.18996657
20.660156,0.076459743,0.1672743,0.090422392,0.18046114
20.662109,0.075472422,0.12470016,0.091469198,0.17915902
20.664063,0.069132008,0.086917453,0.093020782,0.18210872
20.666016,0.069353536,0.10961542,0.093816131,0.19073401
20.667969,0.063151136,0.16052209,0.085369036,0.190502
20.669922,0.06348791,0.16369615,0.079078883,0.17237738
20.671875,0.081199385,0.12314427,0.088129476,0.16431975
20.673828,0.080054112,0.11148737,0.090679437,0.1797926
20.675781,0.067406163,0.13188182,0.089697823,0.1857875
20.677734,0.067939088,0.11775936,0.088339955,0.16794015
20.679688,0.070946008,0.091811903,0.082694277,0.14530401
20.681641,0.070813738,0.10956035,0.090325534,0.14425595
20.683594,0.07251662,0.13387986,0.10891287,0.16344211
20.685547,0.072276056,0.13294597,0.090658948,0.16370331
20.6875,0.066336118,0.09982197,0.087866843,0.13879764
20.689453,0.065981641,0.065200754,0.084979743,0.11897177
20.691406,0.075239226,0.07579688,0.07435894,0.11213161
20.693359,0.077549234,0.125899,0.07535173,0.11467811
20.695313,0.061206825,0.14453675,0.068338871,0.12510066
20.697266,0.060413472,0.070492178,0.075390846,0.12627174
20.699219,0.071459398,0.021046169,0.078602046,0.12127146
20.701172,0.060485784,0.096391216,0.095662013,0.10269414
20.703125,0.065066777,0.17271961,0.097297415,0.085140951
20.705078,0.067373171,0.13343981,0.094298556,0.09448497
20.707031,0.064329818,0.053977385,0.088099673,0.094981186
20.708984,0.069512516,0.0645146,0.081934318,0.087275013
20.710938,0.064390399,0.14229703,0.094570503,0.080227353
20.712891,0.069333985,0.178371,0.10032794,0.084355727
20.714844,0.064427644,0.14715993,0.091605172,0.094342068
20.716797,0.065325186,0.092788391,0.084994644,0.080061808
20.71875,0.079411238,0.10283817,0.083545506,0.054134309
20.720703,0.073320776,0.18403251,0.076176882,0.040548235
20.722656,0.071715511,0.2112404,0.079892859,0.048855983
20.724609,0.073232822,0.13279463,0.084813967,0.0579415
20.726563,0.07334464,0.081129164,0.084366933,0.061712891
20.728516,0.079679132,0.14177643,0.069460183,0.053572606
20.730469,0.069385722,0.20163952,0.07099314,0.028080968
20.732422,0.068854883,0.16796464,0.079440236,0.011682415
20.734375,0.07501331,0.078187004,0.08882983,0.023524472
20.736328,0.068908557,0.072701514,0.088600725,0.041982297
20.738281,0.066549927,0.14247666,0.078695178,0.040999111
20.740234,0.066279478,0.16496903,0.083254933,0.021452688
20.742188,0.065371946,0.12387908,0.094823822,0.0099031813
20.744141,0.068949953,0.064319842,0.090750217,0.038839083
20.746094,0.069790751,0.079084799,0.073153809,0.057765186
20.748047,0.069193847,0.14480776,0.078881443,0.0371297
20.75,0.074623205,0.14813083,0.085961357,0.018150974
20.751953,0.06285955,0.084589027,0.081787169,0.030249087
20.753906,0.063698031,0.053333841,0.084378108,0.051004775
20.755859,0.072657794,0.10230464,0.074968025,0.042891674
20.757813,0.077323712,0.16275342,0.072378948,0.028151516
20.759766,0.074970514,0.14280193,0.077242315,0.024914937
20.761719,0.066250741,0.065868393,0.076489806,0.030622315
20.763672,0.069840848,0.046546597,0.081129655,0.042299643
20.765625,0.060111471,0.10851028,0.071505368,0.047370058
20.767578,0.071384951,0.15879984,0.083754122,0.040293925
20.769531,0.075947329,0.13547894,0.076173156,0.028170085
20.771484,0.065849505,0.086557962,0.075761512,0.032515343
20.773438,0.075584948,0.06086114,0.082908481,0.048355862
20.775391,0.078727752,0.08981584,0.068281129,0.055423379
20.777344,0.074438974,0.14465165,0.077329859,0.04668821
20.779297,0.06661579,0.1254344,0.085072875,0.030005081
20.78125,0.067031115,0.058022354,0.091197252,0.043844592
20.783203,0.064785473,0.050980389,0.091128334,0.07069625
20.785156,0.071398258,0.10894288,0.094056413,0.06314183
20.787109,0.077890076,0.1449421,0.086503386,0.03342507
20.789063,0.064742312,0.10645939,0.085166007,0.028261296
20.791016,0.068687335,0.026487654,0.083595797,0.048868962
20.792969,0.077928811,0.016359521,0.08715345,0.064102083
20.794922,0.070734434,0.097763635,0.078322649,0.053151008
20.796875,0.064325079,0.12795769,0.072231799,0.02278314
20.798828,0.069445513,0.058233764,0.089275002,0.021089995
20.800781,0.077115044,0.0055977395,0.081060737,0.040021628
20.802734,0.074055828,0.040477168,0.086812586,0.041751269
20.804688,0.069522552,0.090434819,0.081980884,0.026610643
20.806641,0.07008519,0.075976156,0.074805975,0.014426034
20.808594,0.065878406,0.011754713,0.073220864,0.014246056
20.810547,0.062131047,-0.018243421,0.070818052,0.02046141
20.8125,0.076279595,0.026131075,0.079736397,0.032658301
20.814453,0.077811934,0.098154902,0.08122465,0.033974785
20.816406,0.065194286,0.07465554,0.078831151,0.019927647
20.818359,0.063128889,-0.042557225,0.077693075,0.006023874
20.820313,0.070148095,-0.060794618,0.076907039,0.011177755
20.822266,0.072507285,0.034108084,0.081954807,0.033666458
20.824219,0.069829971,0.095702037,0.08369638,0.034713034
20.826172,0.074636154,0.036398556,0.078624398,0.012880387
20.828125,0.055841714,-0.04451533,0.078380391,0.0071533937
20.830078,0.065502934,-0.033277877,0.074439034,0.022288607
20.832031,0.07218416,0.033014014,0.064557701,0.039101541
20.833984,0.052399602,0.082377367,0.075495154,0.032682516
20.835938,0.063780978,0.040893469,0.094021022,0.015958408
20.837891,0.06046927,-0.021697231,0.081269354,0.026889341
20.839844,0.065966941,0.010556101,0.077361524,0.033883806
20.841797,0.071995631,0.10003036,0.080589488,0.026307032
20.84375,0.064989671,0.12955818,0.089567438,0.02354956
20.845703,0.071077026,0.057882421,0.090165347,0.033506621
20.847656,0.066750608,-0.0034990702,0.078264907,0.039735306
20.849609,0.066064343,0.060303744,0.082267731,0.020481668
20.851563,0.073090702,0.16186203,0.075493291,0.017714184
20.853516,0.070653997,0.15164751,0.073420167,0.028497269
20.855469,0.059752386,0.060651708,0.079604149,0.030456772
20.857422,0.069180556,0.027307684,0.070208967,0.028704546
20.859375,0.08089187,0.1009909,0.065300897,0.023908004
20.861328,0.06881965,0.17224021,0.082191363,0.021589942
20.863281,0.066032514,0.11967684,0.087933898,0.024141241
20.865234,0.068861194,0.025216281,0.086002335,0.026655696
20.867188,0.068727329,0.046767902,0.072127491,0.019071005
20.869141,0.071548723,0.14232741,0.062844068,0.012778174
20.871094,0.077576406,0.16389045,0.073416442,0.014763114
20.873047,0.075373612,0.090245999,0.072924703,0.021194303
20.875,0.067461036,0.020373173,0.083577171,0.027345747
20.876953,0.064188316,0.039582632,0.071650654,0.033215933
20.878906,0.071040057,0.11680254,0.074310511,0.021455307
20.880859,0.0711613,0.15123051,0.08472456,0.0040671071
20.882813,0.069121033,0.088710599,0.053271934,0.020523518
20.884766,0.071285449,0.0092537627,0.074150324,0.037703861
20.886719,0.063044198,0.046641242,0.094138369,0.036539763
20.888672,0.06405931,0.12903057,0.082267731,0.024635132
20.890625,0.061704755,0.117193,0.085642844,0.018474028
20.892578,0.069295146,0.058228873,0.073198512,0.023482796
20.894531,0.074766539,0.060243674,0.076385498,0.027466703
20.896484,0.070762619,0.10952915,0.081457481,0.035123397
20.898438,0.070126981,0.11601639,0.079436511,0.022736283
20.900391,0.069401465,0.078785606,0.092735797,0.022944201
20.902344,0.074483529,0.067707643,0.084674269,0.029044887
20.904297,0.061758861,0.096263625,0.079153389,0.016036466
20.90625,0.068012461,0.12294205,0.092415422,0.0085492134
20.908203,0.076793686,0.1224055,0.092270136,-0.00011167908
20.910156,0.062523909,0.10346869,0.081561789,0.0050335289
20.912109,0.05446405,0.073214203,0.079779238,-0.0034336485
20.914063,0.07140258,0.082679465,0.095485061,-0.029226394
20.916016,0.079916015,0.14748007,0.087302461,-0.051497635
20.917969,0.063371427,0.17009422,0.072282091,-0.063718334
20.919922,0.07787744,0.097814739,0.082329199,-0.06807401
20.921875,0.078364313,0.041038521,0.080704972,-0.076529779
20.923828,0.067936912,0.11394315,0.10029255,-0.079410888
20.925781,0.068921395,0.16966371,0.092955589,-0.098403521
20.927734,0.062117688,0.13121267,0.061307386,-0.12480221
20.929688,0.06548626,0.09568283,0.065522552,-0.16397911
20.931641,0.070420302,0.10120813,0.063330218,-0.19005096
20.933594,0.068833411,0.13428323,0.066440836,-0.16934678
20.935547,0.073324427,0.14187445,0.068949819,-0.14237259
20.9375,0.078173943,0.12604719,0.084352031,-0.14363024
20.939453,0.075841524,0.082002975,0.097601026,-0.18049553
20.941406,0.071579434,0.069474593,0.083670303,-0.21194711
20.943359,0.071112886,0.12020234,0.073461145,-0.22039875
20.945313,0.072178744,0.14455934,0.07602787,-0.20884348
20.947266,0.069746874,0.10302223,0.070004076,-0.18857545
20.949219,0.070026539,0.046712372,0.070942849,-0.18976738
20.951172,0.065537907,0.072981142,0.071723297,-0.21208203
20.953125,0.06822776,0.1229842,0.062929749,-0.21706066
20.955078,0.060190152,0.10243084,0.076093063,-0.20241165
20.957031,0.058990847,0.054787636,0.081599042,-0.18721333
20.958984,0.06819509,0.057877999,0.089148343,-0.18988723
20.960938,0.0625154,0.11494561,0.078331962,-0.21724918
20.962891,0.058743022,0.12484114,0.062475264,-0.22871895
20.964844,0.066245057,0.085100792,0.078957811,-0.21505831
20.966797,0.066767834,0.090341225,0.089291766,-0.19228846
20.96875,0.066358209,0.13656707,0.071671143,-0.19214021
20.970703,0.078005843,0.14958045,0.060867801,-0.21481721
20.972656,0.065925993,0.14276025,0.078421369,-0.22821307
20.974609,0.063072488,0.13717115,0.080781341,-0.20985134
20.976563,0.075374588,0.11824656,0.058036581,-0.18560477
20.978516,0.07284797,0.1479575,0.06938009,-0.20125535
20.980469,0.067560636,0.1993686,0.093795642,-0.2181194
20.982422,0.073505931,0.16871877,0.087658226,-0.21170345
20.984375,0.068160482,0.10568209,0.076199234,-0.19859467
20.986328,0.065707728,0.12378758,0.065187275,-0.20449217
20.988281,0.072631747,0.18625243,0.070058092,-0.22396548
20.990234,0.070108272,0.19364771,0.064561427,-0.2196283
20.992188,0.08049126,0.13109905,0.066321626,-0.21052323
20.994141,0.063433111,0.094675139,0.067189619,-0.20370659
20.996094,0.062697142,0.12906364,0.070758447,-0.19745766
20.998047,0.063755624,0.1597257,0.085093364,-0.20636062
21.0,0.048093006,0.16785172,0.082547128,-0.21668568
21.001953,0.071634874,0.14636785,0.079969227,-0.21882726
21.003906,0.079527818,0.13068706,0.078920558,-0.21108587
21.005859,0.08024811,0.15619098,0.085691273,-0.20227253
21.007813,0.074978404,0.15874745,0.081736878,-0.20587215
21.009766,0.064296186,0.11928254,0.063611478,-0.21681491
21.011719,0.058703374,0.099002644,0.05921936,-0.22313777
21.013672,0.069412582,0.13252071,0.080131277,-0.21432413
21.015625,0.070742555,0.1959376,0.063196108,-0.20326771
21.017578,0.059050739,0.20130062,0.049263522,-0.21019192
21.019531,0.068778589,0.1121273,0.061547667,-0.22342007
21.021484,0.079139359,0.07393039,0.061188176,-0.21907009
21.023438,0.076734707,0.14804237,0.071637616,-0.19945313
21.025391,0.066888534,0.21206264,0.08035852,-0.19871569
21.027344,0.078722067,0.15576361,0.080591351,-0.21054472
21.029297,0.078987092,0.081928588,0.07577455,-0.21144961
21.03125,0.060264029,0.11962073,0.075582698,-0.20637704
21.033203,0.062791467,0.1716826,0.078657925,-0.2005334
21.035156,0.074133597,0.17049842,0.073187336,-0.19526985
21.037109,0.060147788,0.14857671,0.067262262,-0.18843384
21.039063,0.065101705,0.11550812,0.074517265,-0.191643
21.041016,0.071425125,0.11334012,0.07577455,-0.19451985
21.042969,0.059573051,0.17403266,0.071639478,-0.18952231
21.044922,0.070076078,0.18695278,0.069298133,-0.18062469
21.046875,0.073946238,0.13338684,0.078065604,-0.17960234
21.048828,0.07093244,0.13346006,0.085901752,-0.19366419
21.050781,0.07584963,0.18032607,0.08260487,-0.1924876
21.052734,0.078171387,0.18046311,0.08732295,-0.1825605
21.054688,0.072385669,0.15356988,0.080118239,-0.18099938
21.056641,0.072473362,0.14984761,0.068592191,-0.1914288
21.058594,0.065486915,0.15422961,0.066532105,-0.20020948
21.060547,0.06244627,0.16698687,0.06921804,-0.1911824
21.0625,0.077082828,0.16609174,0.06797193,-0.17500812
21.064453,0.07469628,0.16031928,0.072304443,-0.17496505
21.066406,0.061266363,0.15336452,0.080839083,-0.19237624
21.068359,0.063414976,0.12723464,0.072405025,-0.19971733
21.070313,0.068839446,0.12999043,0.071317241,-0.18941748
21.072266,0.068424024,0.16719897,0.074716568,-0.17780523
21.074219,0.07393571,0.1747698,0.070585221,-0.18198204
21.076172,0.075935632,0.14153823,0.064896703,-0.1878662
21.078125,0.070949145,0.12194601,0.078738019,-0.18771282
21.080078,0.073399059,0.12867098,0.085134342,-0.18256487
21.082031,0.073839307,0.14708519,0.063678533,-0.17155822
21.083984,0.070822746,0.15747386,0.076085612,-0.17572582
21.085938,0.065514781,0.13228974,0.085939005,-0.18712457
21.087891,0.071130089,0.10688478,0.077892378,-0.18162109
21.089844,0.073232703,0.12295393,0.078704491,-0.17596139
21.091797,0.065135173,0.16159625,0.075688869,-0.17791729
21.09375,0.066544548,0.14250775,0.081150144,-0.18111451
21.095703,0.064062588,0.081532426,0.084309191,-0.18582293
21.097656,0.066624247,0.088374391,0.066755623,-0.18563695
21.099609,0.06532719,0.14807926,0.050157592,-0.1836753
21.101563,0.062985316,0.16635089,0.067616165,-0.18346162
21.103516,0.067822143,0.12118965,0.066936299,-0.18042655
21.105469,0.069149844,0.094278976,0.07518968,-0.17754854
21.107422,0.060372774,0.13451165,0.087326676,-0.1809921
21.109375,0.070090435,0.17072099,0.054940864,-0.18080281
21.111328,0.068558551,0.16028064,0.062663391,-0.17788544
21.113281,0.05850634,0.14136222,0.074595496,-0.18381494
21.115234,0.077857822,0.13152245,0.068012908,-0.17220117
21.117188,0.069996938,0.1605697,0.061067104,-0.15222867
21.119141,0.068457775,0.20049666,0.05495204,-0.15472333
21.121094,0.075643264,0.16908129,0.065353051,-0.16370745
21.123047,0.069122553,0.12474626,0.076446965,-0.16189253
21.125,0.067932099,0.14769976,0.083105922,-0.14076537
21.126953,0.071363308,0.19348416,0.079009965,-0.12734449
21.128906,0.069773152,0.19604716,0.081140831,-0.13542046
21.130859,0.0645428,0.15435627,0.067318141,-0.14598101
21.132813,0.073734649,0.13449861,0.061532766,-0.14008771
21.134766,0.068909205,0.16792296,0.06065546,-0.11910123
21.136719,0.063919351,0.18554731,0.061165825,-0.10751902
21.138672,0.070588201,0.15539365,0.069601744,-0.10863381
21.140625,0.071807437,0.13206576,0.0629372,-0.11789802
21.142578,0.067518152,0.14682932,0.071307927,-0.11541232
21.144531,0.070269994,0.17199424,0.092627764,-0.10140128
21.146484,0.07613644,0.16669011,0.096701369,-0.093900576
21.148438,0.06968794,0.14871931,0.073356837,-0.096600711
21.150391,0.070946008,0.1382679,0.086441919,-0.11564155
21.152344,0.073806986,0.13977082,0.077877477,-0.11933762
21.154297,0.070710212,0.15863231,0.073472321,-0.092774086
21.15625,0.063888863,0.15185811,0.091551155,-0.073204957
21.158203,0.070786193,0.12178943,0.071110487,-0.091587052
21.160156,0.073960423,0.12229525,0.085138068,-0.12423736
21.162109,0.062833451,0.15039721,0.08206284,-0.1260528
21.164063,0.072773919,0.14460973,0.073220864,-0.10749492
21.166016,0.073651716,0.099705555,0.077253491,-0.10175995
21.167969,0.07176058,0.10648349,0.060634971,-0.11663771
21.169922,0.079977758,0.13769898,0.072503746,-0.13072681
21.171875,0.069668315,0.12077498,0.077102616,-0.12956324
21.173828,0.069764607,0.09494219,0.069020599,-0.11695896
21.175781,0.072057962,0.076178133,0.072522372,-0.11656094
21.177734,0.064421706,0.089238308,0.070788249,-0.1272914
21.179688,0.069770455,0.11475259,0.080289602,-0.13558355
21.181641,0.064191893,0.10765311,0.075474665,-0.13629746
21.183594,0.068587877,0.082022421,0.084778577,-0.12020659
21.185547,0.078390934,0.05691338,0.085085914,-0.11463589
21.1875,0.070824958,0.074586391,0.076454416,-0.12446915
21.189453,0.065176688,0.094162442,0.081397876,-0.14455934
21.191406,0.068545051,0.06521938,0.067437351,-0.14482331
21.193359,0.069064029,0.04513308,0.07942906,-0.1173596
21.195313,0.064417474,0.071849346,0.085579515,-0.11207359
21.197266,0.071847506,0.097254902,0.080736637,-0.13018845
21.199219,0.062970541,0.076299094,0.073554277,-0.14896922
21.201172,0.061894402,0.041374728,0.068018496,-0.14491674
21.203125,0.069097295,0.037853282,0.068605229,-0.12298118
21.205078,0.0604822,0.082915321,0.073960334,-0.11859931
21.207031,0.069190875,0.11161938,0.072056711,-0.13055563
21.208984,0.068287261,0.078108303,0.066029191,-0.14108586
21.210938,0.055964835,0.048596323,0.081086814,-0.13923503
21.212891,0.065412492,0.059973124,0.075497016,-0.12828647
21.214844,0.069181748,0.10722203,0.064390063,-0.12431192
21.216797,0.077563904,0.13664356,0.064101353,-0.13135196
21.21875,0.07814832,0.10656661,0.075206444,-0.13883783
21.220703,0.071201421,0.061217487,0.07698527,-0.12875772
21.222656,0.070565179,0.055413604,0.060955346,-0.1172472
21.224609,0.066679947,0.1063091,0.082042351,-0.11884803
21.226563,0.079401635,0.13374691,0.088330641,-0.12923275
21.228516,0.065938003,0.11406213,0.066295549,-0.12859344
21.230469,0.062168974,0.074928418,0.078127071,-0.11854908
21.232422,0.074419484,0.044319339,0.079615325,-0.1211722
21.234375,0.06731569,0.085338041,0.064857587,-0.1173716
21.236328,0.06575463,0.12158418,0.071797803,-0.12230062
21.238281,0.069796316,0.081973061,0.086026549,-0.13473721
21.240234,0.072186396,0.03219026,0.079531506,-0.12294625
21.242188,0.073263258,0.046852302,0.066936299,-0.11295142
21.244141,0.072629713,0.09256243,0.084305465,-0.12099316
21.246094,0.070430145,0.090639018,0.083202779,-0.13203992
21.248047,0.066049345,0.046280585,0.068137705,-0.12942018
21.25,0.06176481,0.020032074,0.07070443,-0.12077226
21.251953,0.069191031,0.037723362,0.066681117,-0.12423783
21.253906,0.065589473,0.092083611,0.078002274,-0.12763424
21.255859,0.066517003,0.10613529,0.082087055,-0.13113998
21.257813,0.068855017,0.027271945,0.067858309,-0.12864001
21.259766,0.06060103,-0.011173401,0.061875492,-0.12675123
21.261719,0.064039715,0.046211667,0.076890275,-0.1390415
21.263672,0.078492455,0.10578454,0.077953845,-0.13862735
21.265625,0.071620591,0.085144095,0.075966403,-0.12639466
21.267578,0.055083822,0.021917887,0.086507112,-0.12739863
21.269531,0.068999059,0.0067214966,0.071399197,-0.1377288
21.271484,0.070628136,0.067033015,0.06111367,-0.1427843
21.273438,0.061203986,0.13525961,0.066872969,-0.14465329
21.275391,0.064634331,0.088705361,0.084894061,-0.1373778
21.277344,0.068742253,0.013816428,0.080721736,-0.12527823
21.279297,0.069523983,0.042604309,0.069659486,-0.12833588
21.28125,0.058762547,0.10360198,0.076176882,-0.15283327
21.283203,0.053882297,0.11062182,0.074159637,-0.15823564
21.285156,0.069494866,0.082583658,0.07728143,-0.13484024
21.287109,0.07467638,0.074794777,0.071188718,-0.12579401
21.289063,0.065404572,0.10359674,0.067988694,-0.13109609
21.291016,0.07111644,0.11402033,0.064567015,-0.14768992
21.292969,0.081003174,0.094464421,0.071030393,-0.1481932
21.294922,0.075417072,0.085982054,0.080623016,-0.12560774
21.296875,0.069242619,0.08880233,0.07041572,-0.11576302
21.298828,0.068530217,0.099328026,0.080911726,-0.1317036
21.300781,0.064703599,0.1088558,0.066783562,-0.14666419
21.302734,0.061185595,0.082384937,0.081269354,-0.14254129
21.304688,0.059304077,0.050878409,0.093272239,-0.12603936
21.306641,0.065857001,0.098905548,0.057615623,-0.11360323
21.308594,0.070562132,0.13466205,0.074917734,-0.13167007
21.310547,0.066562749,0.080178633,0.088550434,-0.14705336
21.3125,0.067549162,0.028990816,0.083223268,-0.13788095
21.314453,0.065756924,0.058460891,0.070540518,-0.1136544
21.316406,0.06549003,0.11982853,0.062339291,-0.11587612
21.318359,0.069233201,0.10799794,0.083457962,-0.14271241
21.320313,0.070716761,0.073912464,0.087999091,-0.14611284
21.322266,0.074242063,0.076763004,0.084268212,-0.12911801
21.324219,0.065596886,0.088487893,0.081397876,-0.11965974
21.326172,0.068306074,0.088451922,0.073783383,-0.13897467
21.328125,0.0727631,0.084745489,0.070095345,-0.15567358
21.330078,0.060675725,0.08770477,0.068897665,-0.15604052
21.332031,0.068348944,0.078114592,0.072868824,-0.13743798
21.333984,0.073262908,0.072341904,0.072883725,-0.12332664
21.335938,0.075027019,0.091877095,0.07999903,-0.13698716
21.337891,0.071499631,0.085570991,0.06829603,-0.16577336
21.339844,0.063579649,0.043871839,0.0621344,-0.17570353
21.341797,0.066756517,0.048038341,0.070665315,-0.1456338
21.34375,0.064820766,0.080935217,0.063078761,-0.12864926
21.345703,0.068498522,0.088595696,0.077698663,-0.14306039
21.347656,0.06981682,0.0744645,0.081990197,-0.16267771
21.349609,0.070763096,0.053655729,0.083349928,-0.15887383
21.351563,0.069583833,0.044019219,0.079291224,-0.13875651
21.353516,0.067073099,0.043729462,0.063915089,-0.13797979
21.355469,0.069245599,0.060202114,0.085788131,-0.15871085
21.357422,0.070992082,0.071781948,0.078684002,-0.16365251
21.359375,0.071178414,0.045117483,0.05969806,-0.14445002
21.361328,0.065372564,0.022352699,0.069326073,-0.13937055
21.363281,0.066583708,0.034591906,0.048574343,-0.14556168
21.365234,0.071082823,0.054963775,0.046421126,-0.15371728
21.367188,0.067270301,0.049520776,0.072481394,-0.14957678
21.369141,0.062845707,0.017843584,0.080721736,-0.13314877
21.371094,0.063030079,0.013572771,0.086058214,-0.1213697
21.373047,0.066891305,0.040238284,0.069076478,-0.12943071
21.375,0.072916545,0.048675716,0.055434465,-0.15400884
21.376953,0.069185205,0.031217493,0.06945087,-0.154433
21.378906,0.064419508,0.016357193,0.067102075,-0.12547305
21.380859,0.055675194,0.020465605,0.077899829,-0.094160065
21.382813,0.060160197,0.027781261,0.074524716,-0.10424076
21.384766,0.071997471,0.043290578,0.067550972,-0.13262992
21.386719,0.063233085,0.075981632,0.083359241,-0.13464716
21.388672,0.066116609,0.064532064,0.066712782,-0.10900669
21.390625,0.06794405,0.012283471,0.071045294,-0.081535466
21.392578,0.06001522,0.023752943,0.079475626,-0.090833269
21.394531,0.066104554,0.085744217,0.068255052,-0.11147277
21.396484,0.075583041,0.093561858,0.066936299,-0.11132178
21.398438,0.063691579,0.060615972,0.082034901,-0.093312681
21.400391,0.059846316,0.045698859,0.077098891,-0.073816083
21.402344,0.079057716,0.048212148,0.073436931,-0.076549917
21.404297,0.06979955,0.085280299,0.095973074,-0.097920746
21.40625,0.068401515,0.1078807,0.078773409,-0.10150948
21.408203,0.074025586,0.06507922,0.058083147,-0.082904391
21.410156,0.060716338,0.031046826,0.062907398,-0.073307812
21.412109,0.069115601,0.044047624,0.083817452,-0.083196886
21.414063,0.067194559,0.085200444,0.085834697,-0.085131243
21.416016,0.060973302,0.099769473,0.072544724,-0.076978967
21.417969,0.069429003,0.05208296,0.076255113,-0.080734238
21.419922,0.056723595,0.014650428,0.084951803,-0.084164411
21.421875,0.056733511,0.04625253,0.083068669,-0.085148126
21.423828,0.069383018,0.098468177,0.07583788,-0.085880667
21.425781,0.061237108,0.095423453,0.080444202,-0.087255359
21.427734,0.06068521,0.052241169,0.078745469,-0.084886014
21.429688,0.068425663,0.039739791,0.067644104,-0.07961677
21.431641,0.070913561,0.088906989,0.054169729,-0.090637743
21.433594,0.063517414,0.12437548,0.064034298,-0.095517121
21.435547,0.079453081,0.096544534,0.082271457,-0.084288917
21.4375,0.077915199,0.068618596,0.085996747,-0.072505362
21.439453,0.062257815,0.07847175,0.07897085,-0.079415366
21.441406,0.070665039,0.08778777,0.070693254,-0.10625637
21.443359,0.068034977,0.090153679,0.075117037,-0.10592238
21.445313,0.067845397,0.10552225,0.076221585,-0.081222601
21.447266,0.060764387,0.088695347,0.078378528,-0.070790678
21.449219,0.066001363,0.066381902,0.079918936,-0.080083705
21.451172,0.073060535,0.077888861,0.081019759,-0.091716275
21.453125,0.06836243,0.099474937,0.067323729,-0.094489001
21.455078,0.067733333,0.085367963,0.07166183,-0.08552444
21.457031,0.062637903,0.050550118,0.084461927,-0.080995008
21.458984,0.062727176,0.06598819,0.070097208,-0.082005434
21.460938,0.06460207,0.091767199,0.072073475,-0.079297028
21.462891,0.070027933,0.087932363,0.066694155,-0.087491155
21.464844,0.071844198,0.080908328,0.080559686,-0.087668687
21.466797,0.067780003,0.081264094,0.082465172,-0.071073689
21.46875,0.069621317,0.064165592,0.063715786,-0.063810363
21.470703,0.067924276,0.059713285,0.069985449,-0.076006725
21.472656,0.070517033,0.095839053,0.051116854,-0.090435065
21.474609,0.064375654,0.096963741,0.075998068,-0.077322394
21.476563,0.059994377,0.059064154,0.095295072,-0.047590621
21.478516,0.076475099,0.051094942,0.059783742,-0.046984445
21.480469,0.07387732,0.093200736,0.077057913,-0.076061964
21.482422,0.060979977,0.10714903,0.071702808,-0.093658663
21.484375,0.063882738,0.049274091,0.069210589,-0.064269967
21.486328,0.071000427,0.028614677,0.092266411,-0.03283783
21.488281,0.077735297,0.085242003,0.080064222,-0.042680688
21.490234,0.063335419,0.11391626,0.087552056,-0.059496999
21.492188,0.057303909,0.060244024,0.080017656,-0.069599807
21.494141,0.067414053,0.015658353,0.072729126,-0.062430255
21.496094,0.065352783,0.046783499,0.066947475,-0.045201838
21.498047,0.067150809,0.10527801,0.067590088,-0.037845086
21.5,0.065189272,0.10476346,0.074630886,-0.048243303
21.501953,0.072678834,0.048927173,0.071149603,-0.062793702
21.503906,0.063486993,0.017430194,0.068737477,-0.057195581
21.505859,0.064290844,0.043610718,0.052253067,-0.045085829
21.507813,0.07535395,0.10839003,0.079404846,-0.032632068
21.509766,0.065162621,0.12201865,0.084124789,-0.037432395
21.511719,0.084522344,0.040757261,0.082401842,-0.047163494
21.513672,0.080708452,-0.0072170263,0.086348787,-0.043434303
21.515625,0.065517582,0.063666053,0.054866359,-0.039059415
21.517578,0.073692314,0.087272637,0.06425409,-0.038740784
21.519531,0.065472752,0.013030741,0.077069089,-0.045773786
21.521484,0.063560039,-0.014423135,0.08408381,-0.035566896
21.523438,0.066996157,0.011972759,0.07757014,-0.013948455
21.525391,0.059073444,0.038651776,0.066381231,-0.019712992
21.527344,0.059676737,0.026783001,0.073679075,-0.04235775
21.529297,0.06218018,-0.021125864,0.074766859,-0.043674059
21.53125,0.06670361,-0.029866327,0.075284675,-0.019046864
21.533203,0.066651486,0.007979597,0.081986472,-0.0017226343
21.535156,0.057299234,0.029303974,0.089763016,-0.018047962
21.537109,0.068443365,0.0049524494,0.085592553,-0.033176366
21.539063,0.070320822,-0.018332245,0.081807658,-0.039321639
21.541016,0.060499977,0.015001653,0.073910043,-0.0323621
21.542969,0.064762406,0.041096497,0.072814807,-0.011133824
21.544922,0.07110168,0.028872771,0.083316401,-0.016638581
21.546875,0.059428345,0.023459576,0.074679315,-0.022956789
21.548828,0.059679542,0.023741184,0.077160358,-0.031131066
21.550781,0.070567004,0.035688888,0.091431946,-0.031829439
21.552734,0.062824085,0.068411492,0.083025828,-0.016870713
21.554688,0.065219104,0.076369405,0.073440656,-0.027246227
21.556641,0.066698872,0.036195412,0.083113372,-0.044298977
21.558594,0.066375427,0.03432776,0.08783704,-0.050044596
21.560547,0.05915856,0.082410082,0.083310813,-0.031201612
21.5625,0.065663062,0.086533278,0.081163183,-0.023059409
21.564453,0.078744322,0.070289731,0.075469077,-0.047825314
21.566406,0.067786202,0.086257607,0.072397575,-0.062507033
21.568359,0.062508807,0.080730096,0.076078162,-0.05359346
21.570313,0.071195871,0.052309036,0.076243937,-0.034520324
21.572266,0.071661174,0.072992198,0.066418484,-0.035029233
21.574219,0.064028345,0.11882631,0.075757787,-0.05555075
21.576172,0.06939216,0.092152297,0.070629925,-0.069292299
21.578125,0.063477755,0.034558378,0.060683399,-0.055574734
21.580078,0.053800192,0.060996883,0.08250615,-0.039973043
21.582031,0.061964165,0.10426799,0.088941589,-0.038877983
21.583984,0.060519848,0.10367882,0.085894302,-0.043245129
21.585938,0.062037557,0.090901881,0.091219604,-0.059429184
21.587891,0.071788467,0.07615532,0.099133983,-0.063789926
21.589844,0.069042817,0.08484526,0.092950001,-0.051397111
21.591797,0.068670109,0.10384122,0.063410312,-0.04117503
21.59375,0.057893172,0.10079276,0.068983346,-0.057306584
21.595703,0.058938459,0.082487151,0.081593454,-0.074337095
21.597656,0.070021898,0.09694849,0.073032737,-0.059176099
21.599609,0.073699281,0.1408238,0.07104902,-0.041497093
21.601563,0.071588241,0.15955712,0.062614962,-0.046373032
21.603516,0.063009962,0.11354943,0.073673487,-0.076769017
21.605469,0.067103498,0.052278537,0.07130979,-0.080264151
21.607422,0.064127944,0.089574397,0.061929509,-0.050802402
21.609375,0.067367837,0.17420658,0.060741141,-0.038167149
21.611328,0.068323173,0.17757681,0.068543762,-0.049029224
21.613281,0.069483541,0.094085261,0.077389464,-0.061784673
21.615234,0.074253052,0.057345282,0.068445042,-0.050428882
21.617188,0.063643686,0.12255125,0.088170454,-0.040149529
21.619141,0.060968973,0.16779956,0.081870988,-0.033772238
21.621094,0.06048866,0.13192129,0.064892977,-0.030837234
21.623047,0.067129046,0.084714524,0.074461386,-0.046213135
21.625,0.069014803,0.099741295,0.078300297,-0.046409588
21.626953,0.0646713,0.14339018,0.080753401,-0.024189627
21.628906,0.069511637,0.14949767,0.086691514,-0.0025019767
21.630859,0.064697593,0.10319615,0.086982086,-0.014523488
21.632813,0.068798877,0.079873621,0.069961235,-0.04505102
21.634766,0.073790289,0.12080572,0.062257335,-0.047980495
21.636719,0.07190273,0.16791062,0.073304683,-0.017345512
21.638672,0.068192467,0.14553513,0.087587446,0.0050399899
21.640625,0.059652548,0.070923269,0.078434408,-0.0097167585
21.642578,0.067190476,0.076026447,0.076884687,-0.036352061
21.644531,0.072148494,0.1573287,0.06960547,-0.03919271
21.646484,0.06810952,0.18588735,0.068625718,-0.013174875
21.648438,0.074880816,0.11265385,0.076934978,7.7845063e-05
21.650391,0.073520839,0.05498077,0.070648551,-0.0073424093
21.652344,0.066662021,0.10062966,0.079080746,-0.017048828
21.654297,0.074134029,0.14995262,0.072382674,-0.016973566
21.65625,0.070818812,0.13013047,0.075742885,-0.0058674854
21.658203,0.065487944,0.092276976,0.075908661,0.0085691204
21.660156,0.067964077,0.069909871,0.075698182,0.0067123543
21.662109,0.062288463,0.088086262,0.091728106,-0.0038021612
21.664063,0.069719769,0.12684803,0.079885408,0.0030555744
21.666016,0.070186488,0.11995821,0.079896584,0.011403484
21.667969,0.067726687,0.081200764,0.087162763,0.017325882
21.669922,0.068044975,0.050797969,0.083130136,0.013110774
21.671875,0.065702274,0.081204139,0.084286839,0.011629505
21.673828,0.071148962,0.12142645,0.07202132,0.011421063
21.675781,0.063805021,0.095882945,0.07407023,0.010824842
21.677734,0.059844438,0.061208174,0.078348726,0.024511151
21.679688,0.061394427,0.064372227,0.076297954,0.016290016
21.681641,0.064163417,0.10138729,0.077979922,0.00672126
21.683594,0.065987311,0.11299273,0.075454175,0.011841614
21.685547,0.065175749,0.093910404,0.087922722,0.019505002
21.6875,0.071615621,0.082205422,0.094114155,0.023021558
21.689453,0.073046558,0.080650583,0.092551395,0.011857096
21.691406,0.068814658,0.10234237,0.088691995,0.0030964362
21.693359,0.069016993,0.11270531,0.079937562,-0.0015197806
21.695313,0.06112906,0.094310872,0.084432125,0.0021959054
21.697266,0.065362096,0.07523226,0.089342058,0.0053384788
21.699219,0.060455374,0.093320757,0.072559625,0.0055206106
21.701172,0.062295571,0.13532713,0.072349146,-0.0016013877
21.703125,0.078706019,0.11936298,0.084642604,-0.011381147
21.705078,0.072044842,0.078669772,0.074608535,-0.0082885167
21.707031,0.082407065,0.072752148,0.085611179,-0.0028864383
21.708984,0.068399109,0.092411436,0.082789272,-0.0039379015
21.710938,0.058570355,0.10028973,0.069698602,-0.01709586
21.712891,0.079616398,0.070337348,0.08318229,-0.022500906
21.714844,0.076098666,0.068359219,0.073094204,-0.023062436
21.716797,0.067611612,0.092378259,0.07012701,-0.012855548
21.71875,0.067484602,0.07340198,0.079438373,-0.0051854663
21.720703,0.074220806,0.029643558,0.069195688,-0.020906541
21.722656,0.067027941,0.019375144,0.081565514,-0.018982835
21.724609,0.056176923,0.03815759,0.088073596,-0.0092290938
21.726563,0.073750861,0.044634823,0.064274579,-0.0056617213
21.728516,0.068511195,0.045916323,0.077257216,-0.01001874
21.730469,0.064562693,0.031799685,0.08545658,-0.018705476
21.732422,0.069508582,-0.0088505661,0.070458561,-0.0075014327
21.734375,0.053053129,-0.0027987156,0.086933658,0.0037706555
21.736328,0.065104045,0.041857038,0.083381593,-0.0010890439
21.738281,0.066369131,0.041832823,0.060607031,-0.0024561672
21.740234,0.06171735,0.017547889,0.06575352,-0.0049748127
21.742188,0.06486474,0.01302038,0.065783322,-0.0041774842
21.744141,0.068647206,0.033470713,0.073954746,0.010526236
21.746094,0.073511913,0.048924495,0.084510356,0.022611428
21.748047,0.052802742,0.041813616,0.079438373,0.021668987
21.75,0.054476403,0.033296902,0.080712423,-0.00085510733
21.751953,0.070047155,0.036747452,0.064356536,-0.0016542403
21.753906,0.073737592,0.072417341,0.073613882,0.023221735
21.755859,0.067593358,0.09865386,0.091811925,0.036856007
21.757813,0.063750848,0.064693883,0.076774791,0.039865691
21.759766,0.068074554,0.01520375,0.078277946,0.025758307
21.761719,0.058576848,0.032403532,0.075569659,0.016341647
21.763672,0.062766954,0.10337438,0.077735916,0.02994309
21.765625,0.069279648,0.12599912,0.093382135,0.050498545
21.767578,0.072193392,0.081144296,0.086903855,0.056345619
21.769531,0.071735315,0.03325313,0.081014171,0.041663259
21.771484,0.067894027,0.041791029,0.074982926,0.023741646
21.773438,0.062774569,0.094510756,0.074150324,0.02840961
21.775391,0.060493462,0.10466112,0.083945975,0.051361356
21.777344,0.07138487,0.051337551,0.089859873,0.060703047
21.779297,0.065134004,0.034924038,0.090984911,0.047330011
21.78125,0.057621822,0.083393678,0.084026068,0.025890963
21.783203,0.070093565,0.10028007,0.079354554,0.023774825
21.785156,0.076415859,0.059862062,0.082265869,0.040972978
21.787109,0.063737452,0.041987423,0.094587266,0.051093366
21.789063,0.063198909,0.057685446,0.10027578,0.039689265
21.791016,0.070201352,0.069189258,0.10174914,0.018963495
21.792969,0.077303253,0.077165224,0.083033279,0.010124255
21.794922,0.062773682,0.061200492,0.06781733,0.012165597
21.796875,0.059941247,0.036074221,0.084648192,0.016462253
21.798828,0.07240396,0.038454335,0.090332985,0.020485276
21.800781,0.064786583,0.072194055,0.078322649,0.02256358
21.802734,0.068577267,0.075316779,0.079002514,0.0056993081
21.804688,0.060775109,0.039114177,0.089792818,-0.0099937096
21.806641,0.060757097,0.031976402,0.078024626,0.0015691253
21.808594,0.058308914,0.048218206,0.080570862,0.0071563623
21.810547,0.061771933,0.063554063,0.082452133,-0.0036259666
21.8125,0.072353758,0.071822107,0.070885107,-0.014664002
21.814453,0.064296454,0.081645466,0.063399136,-0.014641941
21.816406,0.074773274,0.060502931,0.055838659,-0.0064235432
21.818359,0.076949455,0.031688858,0.062022641,-0.0015029586
21.820313,0.066092938,0.060139947,0.067899287,-0.0026998827
21.822266,0.061511323,0.096344762,0.080159217,0.0032393942
21.824219,0.066104062,0.070362955,0.081267491,0.010915006
21.826172,0.065756291,0.037710439,0.06793654,0.0064605479
21.828125,0.057166584,0.080285735,0.074848816,0.008166207
21.830078,0.067014277,0.10452469,0.083312675,0.01673094
21.832031,0.072463438,0.071115702,0.080827907,0.031269643
21.833984,0.060384236,0.051750127,0.097537696,0.031983212
21.835938,0.060027253,0.054084372,0.090010747,0.026225716
21.837891,0.062494624,0.07368964,0.081958532,0.025675071
21.839844,0.067855798,0.093459643,0.094360024,0.022111714
21.841797,0.067649573,0.094602957,0.077162221,0.030732619
21.84375,0.060150124,0.07833869,0.094646871,0.035047263
21.845703,0.069490843,0.071935028,0.09263894,0.034170073
21.847656,0.060990222,0.094382703,0.081215337,0.028802335
21.849609,0.058722872,0.1118117,0.097671807,0.017346079
21.851563,0.073261887,0.10010871,0.075912386,0.015230464
21.853516,0.068591952,0.10211966,0.079956189,0.022156417
21.855469,0.065192975,0.11311556,0.082565755,0.021292035
21.857422,0.065254852,0.091399327,0.083256796,0.010499519
21.859375,0.072023571,0.0835144,0.090861976,0.0074655614
21.861328,0.07676357,0.11570219,0.073725641,0.0071914033
21.863281,0.070693709,0.13157134,0.073835537,7.7321194e-05
21.865234,0.076348841,0.09387932,0.080844671,-0.0062606782
21.867188,0.07929904,0.059018169,0.084996507,-0.0027574501
21.869141,0.075763203,0.080678985,0.071568698,0.0046052951
21.871094,0.072663784,0.099248275,0.063941166,0.0026295525
21.873047,0.073213957,0.065200172,0.071822017,-0.0071753534
21.875,0.0749126,0.030077437,0.073382914,-0.0034788176
21.876953,0.071965612,0.027188474,0.076465592,0.010654817
21.878906,0.059541523,0.025645621,0.081254452,0.0084860586
21.880859,0.062710047,0.010966698,0.07589376,-0.0019838703
21.882813,0.070123747,-0.0080564972,0.067279026,-0.00036604656
21.884766,0.060646717,-0.014430352,0.067031294,0.010563023
21.886719,0.061862133,-0.0085406685,0.062063619,0.016025987
21.888672,0.057838868,-0.018449008,0.07923907,0.021003848
21.890625,0.068133995,-0.028634069,0.088334367,0.027174152
21.892578,0.068327539,-0.028134881,0.078479111,0.02485382
21.894531,0.060792603,-0.021261953,0.076884687,0.020294646
21.896484,0.06256298,-0.010715656,0.089843109,0.015367949
21.898438,0.065284006,-0.014391586,0.087330401,0.033024896
21.900391,0.070294291,-0.017762974,0.093475267,0.046161257
21.902344,0.058941141,-0.0030741543,0.1160915,0.032230709
21.904297,0.063734464,0.014815505,0.088556021,0.022040818
21.90625,0.065715075,0.007605671,0.090074077,0.016444733
21.908203,0.062965587,-0.0045166565,0.082947597,0.014352634
21.910156,0.068363957,0.0093324594,0.067841545,0.0098879319
21.912109,0.071387909,0.034386434,0.076236486,0.010758135
21.914063,0.062320884,0.034953143,0.080781341,0.012925033
21.916016,0.061429426,0.0036760718,0.086020961,0.011444986
21.917969,0.068975635,-0.0045130476,0.072144255,-0.0027564606
21.919922,0.06585484,0.046988159,0.080282152,-0.021044783
21.921875,0.070545048,0.076594785,0.085253552,-0.018350992
21.923828,0.065680042,0.036987387,0.082256556,-0.0076778601
21.925781,0.065487497,0.0019254182,0.088133201,-0.011024568
21.927734,0.07272201,0.016745672,0.087380692,-0.022444736
21.929688,0.071043484,0.058823176,0.078633711,-0.022249974
21.931641,0.066116288,0.058754954,0.078674689,-0.020376502
21.933594,0.060894512,0.015229594,0.070788249,-0.021030232
21.935547,0.064085387,-0.013551068,0.079034179,-0.019509092
21.9375,0.068216421,0.0095112734,0.086676612,-0.017305756
21.939453,0.063982517,0.056246206,0.067707434,-0.016260173
21.941406,0.060456805,0.046057884,0.062182829,-0.023936365
21.943359,0.066671401,-0.016574256,0.061670601,-0.030751783
21.945313,0.065811187,-0.036024462,0.072403163,-0.016353944
21.947266,0.064661376,0.032219477,0.076247662,0.00091015641
21.949219,0.076545537,0.06967064,0.083651677,-0.0021903329
21.951172,0.066168524,0.015546709,0.079889134,-0.014985017
21.953125,0.065135643,-0.039542999,0.070549831,-0.013774705
21.955078,0.071186185,-0.021868477,0.080094025,-0.003007161
21.957031,0.066927306,0.044205137,0.082275182,0.0035503395
21.958984,0.073527403,0.047315054,0.081479833,0.011751682
21.960938,0.065503091,-0.015351896,0.080237448,0.012630735
21.962891,0.061786931,-0.047455516,0.056762531,0.0076810461
21.964844,0.066587962,-0.026648141,0.071222246,0.0070296442
21.966797,0.065710291,0.019806113,0.10032421,0.019032471
21.96875,0.067799382,0.031688858,0.079645127,0.045358282
21.970703,0.072832085,-0.026195867,0.082532227,0.043644011
21.972656,0.0611449,-0.067795716,0.072358459,0.0087063741
21.974609,0.056819037,-0.037786294,0.079758748,0.0041513918
21.976563,0.068850875,0.0063736476,0.10027951,0.040398117
21.978516,0.064219236,0.008200204,0.090189561,0.065300286
21.980469,0.062299579,-0.024811689,0.088736698,0.043010943
21.982422,0.065393016,-0.045018245,0.090729728,0.0047833524
21.984375,0.064759314,-0.022266734,0.085199535,0.010298062
21.986328,0.06642586,0.011960768,0.070035741,0.034112271
21.988281,0.060214002,0.0046926104,0.078162462,0.043967761
21.990234,0.065630689,-0.025466058,0.077670723,0.034725606
21.992188,0.074237555,-0.022369761,0.07554917,0.018392012
21.994141,0.063696824,0.0088701742,0.084612802,0.021045584
21.996094,0.06283965,0.012476604,0.083007202,0.021257751
21.998047,0.060026057,-0.015143978,0.08958979,0.028820846
22.0,0.06040651,-0.022745084,0.099486023,0.023559164
22.001953,0.06395629,-0.0031420244,0.081057012,-0.00056523317
22.003906,0.064842716,0.020812057,0.07637991,-0.0022394019
22.005859,0.064823836,0.025904994,0.074696079,0.013817938
22.007813,0.055818018,-0.0007403763,0.053394869,0.036461592
22.009766,0.069021106,-0.022810742,0.072745889,0.030567717
22.011719,0.067694709,0.0078932168,0.083359241,0.0071928585
22.013672,0.064069845,0.061735187,0.07935828,0.0068315053
22.015625,0.070644721,0.040860988,0.079442099,0.028910428
22.017578,0.062007893,-0.02346395,0.082066566,0.035019204
22.019531,0.066643983,-0.017066229,0.091018438,0.013136559
22.021484,0.070219584,0.043248784,0.078875855,0.0057129869
22.023438,0.061059356,0.060481742,0.066440836,0.020505823
22.025391,0.06232493,0.015917726,0.077678174,0.036384698
22.027344,0.074727491,-0.021332383,0.095144197,0.0343685
22.029297,0.071941242,0.012301516,0.090292007,0.031537805
22.03125,0.065060414,0.05094558,0.093369097,0.030353745
22.033203,0.05787719,0.022874471,0.081517085,0.022095067
22.035156,0.063324407,-0.020573821,0.062002152,0.0242959
22.037109,0.067980595,-0.015645728,0.092271999,0.028311878
22.039063,0.064564347,0.040711511,0.096041992,0.036425095
22.041016,0.070664056,0.056460992,0.088950902,0.039671745
22.042969,0.064163394,0.0014821086,0.086495936,0.02106712
22.044922,0.063635178,-0.047685552,0.085968807,0.006269976
22.046875,0.062407866,-0.012818233,0.10465859,0.015245772
22.048828,0.071410693,0.065229394,0.098659009,0.031705733
22.050781,0.075735092,0.053288206,0.10202667,0.026004817
22.052734,0.059113663,-0.027631734,0.085961357,8.2734507e-05
22.054688,0.071303569,-0.06064095,0.079177603,-0.014205209
22.056641,0.073381327,0.0048838807,0.08039391,-0.010153549
22.058594,0.065490365,0.063858598,0.07278128,0.002982582
22.060547,0.069241375,0.0039993571,0.07810472,0.0075792992
22.0625,0.06774009,-0.068908885,0.070609435,-0.0043560071
22.064453,0.06537614,-0.048438761,0.084240273,-0.020173125
22.066406,0.057928756,0.015566151,0.081032798,-0.031571988
22.068359,0.065540381,0.019692725,0.07323949,-0.016158076
22.070313,0.060736656,-0.026646161,0.079676792,-0.0014136098
22.072266,0.055352852,-0.049854487,0.08959724,-0.013099089
22.074219,0.074993514,-0.035123758,0.083072394,-0.029646887
22.076172,0.074436054,0.0076446701,0.085957631,-0.021630876
22.078125,0.060099132,0.022213932,0.08981517,-0.0049712621
22.080078,0.065366872,-0.040355578,0.060713202,-0.0090517355
22.082031,0.07051494,-0.082137972,0.075629264,-0.017551452
22.083984,0.05871759,-0.0013763532,0.08494994,-0.021586232
22.085938,0.059470363,0.056610234,0.079023004,-0.0039596711
22.087891,0.065748572,-0.0010349071,0.07743603,0.014043842
22.089844,0.062842034,-0.052831225,0.071807116,-0.0011591259
22.091797,0.062227022,-0.027567472,0.078676552,-0.02210783
22.09375,0.070974745,0.026226418,0.078192264,-0.012324636
22.095703,0.072618015,0.032338805,0.074195027,0.012910015
22.097656,0.066013604,-0.0073256418,0.072190821,0.021219159
22.099609,0.058529299,-0.045064811,0.081084952,0.0075189378
22.101563,0.063976012,-0.024917161,0.079842567,0.0024100514
22.103516,0.054816786,0.036157694,0.069815949,0.01432452
22.105469,0.063381411,0.053091466,0.061219841,0.029040057
22.107422,0.073013522,-0.0029600672,0.073859751,0.034582242
22.109375,0.047412258,-0.034814443,0.080663994,0.034364194
22.111328,0.062898025,0.003380144,0.05915603,0.039239377
22.113281,0.058568973,0.03792569,0.072213173,0.031584315
22.115234,0.070815109,0.05766682,0.08006236,0.035338476
22.117188,0.071114734,0.030997816,0.075808078,0.059464969
22.119141,0.057535224,0.0067631733,0.095837101,0.073210821
22.121094,0.077167161,0.011881024,0.079980403,0.067610316
22.123047,0.061571684,0.030515973,0.062540457,0.062764585
22.125,0.064012147,0.064098537,0.077316821,0.065236084
22.126953,0.068763211,0.045068353,0.082843289,0.077395201
22.128906,0.070944451,0.023853408,0.10239175,0.099075109
22.130859,0.067421697,0.024162024,0.0906813,0.10947879
22.132813,0.065112948,0.025995683,0.076376185,0.10091633
22.134766,0.073080361,0.031895611,0.07711193,0.077305093
22.136719,0.069855556,0.026817342,0.057010263,0.076482207
22.138672,0.073149011,0.012326545,0.072520509,0.10627813
22.140625,0.063121587,-0.0034362059,0.092067108,0.12826535
22.142578,0.064161979,-0.0018807808,0.087457061,0.12121204
22.144531,0.071970358,0.0092115039,0.078570381,0.089650586
22.146484,0.068460084,0.0067645703,0.079425335,0.074265957
22.148438,0.074021101,-0.014729074,0.081911966,0.09460412
22.150391,0.063040696,-0.029678199,0.077186435,0.12527318
22.152344,0.060469292,-0.041225433,0.074744508,0.12271982
22.154297,0.062893577,-0.055266518,0.071354493,0.091798976
22.15625,0.059549026,-0.042022645,0.079443961,0.089559667
22.158203,0.061316807,-0.017413147,0.084037244,0.11020432
22.160156,0.058048971,-0.023900971,0.078616947,0.12858985
22.162109,0.064765669,-0.070750572,0.086019099,0.11682926
22.164063,0.054490734,-0.079367168,0.085160419,0.090662062
22.166016,0.0548173,-0.031648412,0.096338153,0.09683568
22.167969,0.062707737,-0.011759087,0.10245694,0.11523268
22.169922,0.060253322,-0.021936929,0.086257517,0.12550744
22.171875,0.075570375,-0.037287105,0.073617607,0.10794258
22.173828,0.066202439,-0.028972022,0.071483016,0.085460685
22.175781,0.058560751,-0.0063553201,0.094428942,0.089728996
22.177734,0.070147797,-0.018987313,0.10067253,0.1182215
22.179688,0.062742248,-0.020791169,0.093760252,0.1390963
22.181641,0.060083933,0.0051707281,0.095941409,0.095337473
22.183594,0.064347491,0.0052028587,0.093752801,0.046128836
22.185547,0.073175341,-0.0047114193,0.089902714,0.056956567
22.1875,0.067322984,-0.0086656986,0.087635875,0.099552177
22.189453,0.061293088,-0.018259136,0.090958834,0.1086349
22.191406,0.066181712,-0.021853575,0.089863598,0.06300161
22.193359,0.064610302,-0.0021847412,0.076825082,0.029525392
22.195313,0.068177618,0.0016119117,0.084720835,0.033628684
22.197266,0.054388467,-0.027554784,0.086626321,0.057745803
22.199219,0.062944166,-0.035309672,0.068117216,0.069407538
22.201172,0.072394967,-0.011955828,0.089930654,0.04238655
22.203125,0.061449785,0.0074933302,0.090278968,0.010265524
22.205078,0.068014845,-0.021582095,0.08109054,0.017322272
22.207031,0.062632799,-0.045393568,0.089686647,0.046581574
22.208984,0.063798428,-0.022748576,0.087622836,0.045864921
22.210938,0.06305442,-0.016324896,0.076927528,0.017256323
22.212891,0.0630548,-0.023831239,0.060519487,-0.0025170525
22.214844,0.068292081,-0.021202464,0.077382013,0.0056442437
22.216797,0.060321778,-0.021810269,0.071972892,0.042144462
22.21875,0.072342649,-0.039896902,0.084804654,0.053265676
22.220703,0.0701662,-0.039682001,0.07537967,0.02045268
22.222656,0.061093166,-0.0088837445,0.054436088,-0.0024752594
22.224609,0.066944636,-0.029052816,0.087501764,0.011616001
22.226563,0.067840487,-0.072760716,0.086268693,0.051938076
22.228516,0.072649404,-0.049460653,0.089690372,0.068101935
22.230469,0.064160317,-0.0088918936,0.075100273,0.029294714
22.232422,0.059140123,-0.038888864,0.074057192,-0.0058142254
22.234375,0.065526918,-0.10068665,0.080079123,0.022509506
22.236328,0.059428137,-0.090922207,0.063913226,0.069526047
22.238281,0.057030603,-0.034459494,0.075402021,0.073242433
22.240234,0.060255609,-0.028646294,0.078723118,0.036901698
22.242188,0.064278193,-0.070409007,0.068955407,0.022413172
22.244141,0.065535665,-0.090421967,0.075670242,0.049298652
22.246094,0.058365665,-0.073945127,0.089757428,0.071776412
22.248047,0.065262266,-0.04897986,0.08023186,0.07890103
22.25,0.061263468,-0.038386066,0.082262143,0.064987771
22.251953,0.055025935,-0.057927191,0.082319885,0.038859338
22.253906,0.067273751,-0.08262901,0.086684063,0.044788606
22.255859,0.066960797,-0.055055108,0.08950597,0.085962728
22.257813,0.068458326,-0.0053125881,0.083957151,0.094920531
22.259766,0.067213126,-0.033971481,0.090524837,0.062089492
22.261719,0.063368604,-0.10031366,0.090036824,0.035989527
22.263672,0.058600765,-0.08284042,0.093683884,0.048962675
22.265625,0.058081407,-0.015030706,0.087812826,0.086365871
22.267578,0.067176357,-0.0041514616,0.076510295,0.082220204
22.269531,0.064629704,-0.05150025,0.080192745,0.04257258
22.271484,0.06347914,-0.079165421,0.089681059,0.027797438
22.273438,0.059586078,-0.051282089,0.086026549,0.058097843
22.275391,0.064975709,-0.028879821,0.084180668,0.075815268
22.277344,0.072940566,-0.037802242,0.067351669,0.050177004
22.279297,0.067638695,-0.044896591,0.067841545,0.019454185
22.28125,0.056977235,-0.061217204,0.090992361,0.017703649
22.283203,0.060621601,-0.075789146,0.085620493,0.056519546
22.285156,0.072554938,-0.057010069,0.089679196,0.076967314
22.287109,0.061851054,-0.023659876,0.084951803,0.043322064
22.289063,0.058370985,-0.04481487,0.075593874,0.0055083288
22.291016,0.061845146,-0.097480811,0.075523093,0.0081817489
22.292969,0.065462478,-0.084023662,0.083416983,0.040973209
22.294922,0.068201862,-0.041342549,0.091569781,0.063981652
22.296875,0.06261649,-0.037620168,0.067377746,0.04705108
22.298828,0.059275303,-0.079752505,0.072017595,0.006617825
22.300781,0.0649186,-0.10166338,0.097558185,-0.0012471359
22.302734,0.061645273,-0.067252293,0.078803211,0.036184929
22.304688,0.057338417,-0.041119382,0.07028906,0.067479812
22.306641,0.068054006,-0.040231016,0.085771367,0.036264673
22.308594,0.0638301,-0.068776868,0.082036763,-0.01075396
22.310547,0.061172687,-0.095301166,0.085439816,0.0081939138
22.3125,0.062781438,-0.078307673,0.092368856,0.051080853
22.314453,0.053842053,-0.032077171,0.080192745,0.053232964
22.316406,0.061930362,-0.03216739,0.078510776,0.018236773
22.318359,0.064202666,-0.09503679,0.069171473,-0.0073344931
22.320313,0.064333335,-0.088603675,0.064742103,0.015985999
22.322266,0.072485194,-0.029255727,0.086961597,0.05012456
22.324219,0.059764821,-0.025594115,0.082304984,0.053831514
22.326172,0.059535578,-0.078856803,0.085588828,0.027909314
22.328125,0.06241427,-0.098462537,0.087669402,-0.00096121989
22.330078,0.056451373,-0.035637382,0.081474245,0.007657181
22.332031,0.05874379,-0.0075190077,0.088319466,0.04065039
22.333984,0.071221597,-0.05245148,0.075664654,0.053568706
22.335938,0.075166941,-0.077195324,0.079438373,0.026702844
22.337891,0.061006766,-0.057083528,0.085272178,-0.00076575857
22.339844,0.063244864,-0.053146131,0.076156393,0.020706814
22.341797,0.064275615,-0.068600379,0.062400758,0.056363955
22.34375,0.06115054,-0.052382447,0.064717889,0.048264008
22.345703,0.06977731,-0.049853671,0.093981907,0.020430969
22.347656,0.066970959,-0.065009668,0.078363627,0.016323313
22.349609,0.058359452,-0.057216242,0.069791734,0.038802586
22.351563,0.061980341,-0.070712388,0.08044979,0.054118942
22.353516,0.067825995,-0.093160987,0.075282812,0.038744494
22.355469,0.060217708,-0.072697848,0.089565575,0.026466928
22.357422,0.056461234,-0.045615923,0.077378288,0.028798144
22.359375,0.064352907,-0.074674934,0.079360142,0.043966189
22.361328,0.070281513,-0.11150548,0.081876576,0.05150117
22.363281,0.067558274,-0.086341612,0.082021862,0.039357249
22.365234,0.05572116,-0.056785855,0.088580236,0.030471848
22.367188,0.055077482,-0.091341302,0.069238529,0.036608681
22.369141,0.062693693,-0.12984112,0.081399739,0.047216855
22.371094,0.069460757,-0.092860401,0.085752741,0.051157862
22.373047,0.060723707,-0.039447539,0.080302641,0.050731201
22.375,0.056336712,-0.07205233,0.077620432,0.031083029
22.376953,0.065793663,-0.14158545,0.08385098,0.028885398
22.378906,0.057684392,-0.12888093,0.099391028,0.050600406
22.380859,0.061558079,-0.064773925,0.086589068,0.052278068
22.382813,0.06823872,-0.049116064,0.071199894,0.032564297
22.384766,0.057287149,-0.091679022,0.060964659,0.015583958
22.386719,0.066565514,-0.1291225,0.069286957,0.029034643
22.388672,0.072738253,-0.1121148,0.081086814,0.062173195
22.390625,0.065586694,-0.055977583,0.072222486,0.066953383
22.392578,0.059735019,-0.051086742,0.080472142,0.034336429
22.394531,0.063468352,-0.12593295,0.088017717,0.014244892
22.396484,0.06815993,-0.15151247,0.073248804,0.033263721
22.398438,0.052906137,-0.091747358,0.067910463,0.054424942
22.400391,0.064582437,-0.059299029,0.081695899,0.046376277
22.402344,0.062676281,-0.10121308,0.084154591,0.037161306
22.404297,0.050464179,-0.14415736,0.072704911,0.045719404
22.40625,0.059438366,-0.13167152,0.092411697,0.047583677
22.408203,0.058988433,-0.080195814,0.10216637,0.043290399
22.410156,0.063046038,-0.06225691,0.082204401,0.052908458
22.412109,0.059264388,-0.1093327,0.072051123,0.051129166
22.414063,0.061404098,-0.14211805,0.08327356,0.025139851
22.416016,0.06809409,-0.11340992,0.080770165,0.025110457
22.417969,0.068500564,-0.061777163,0.07406278,0.060261656
22.419922,0.067205802,-0.069382921,0.090027511,0.064523682
22.421875,0.06172907,-0.12368461,0.090880603,0.032022558
22.423828,0.070280038,-0.13757914,0.093076661,0.0094825737
22.425781,0.064717755,-0.094060183,0.084026068,0.023074353
22.427734,0.05400648,-0.06770049,0.089092463,0.044334292
22.429688,0.065970749,-0.10849358,0.089556262,0.034280375
22.431641,0.064980559,-0.14713579,0.074830189,0.007297283
22.433594,0.05855586,-0.13037676,0.079224169,-0.0022970857
22.435547,0.061706387,-0.11029755,0.07583043,0.0088401353
22.4375,0.06726791,-0.11804837,0.084530845,0.012857569
22.439453,0.060851052,-0.13146546,0.081824422,0.0080407113
22.441406,0.065566398,-0.15480086,0.074595496,-0.0087446906
22.443359,0.064329043,-0.15326925,0.079550132,-0.020564454
22.445313,0.057831407,-0.12273828,0.083502665,-0.01895798
22.447266,0.066254646,-0.12888686,0.077255353,-0.0057180664
22.449219,0.057026248,-0.16061953,0.071740061,-0.0045824931
22.451172,0.064387217,-0.16617027,0.078587145,-0.023786947
22.453125,0.057837464,-0.14443274,0.075139388,-0.027175855
22.455078,0.050041839,-0.13635921,0.063970968,-0.024042886
22.457031,0.06925448,-0.1608161,0.06833142,-0.014341241
22.458984,0.063668422,-0.16382934,0.067910463,-0.01010186
22.460938,0.060993101,-0.14313844,0.05481793,-0.020628249
22.462891,0.067199484,-0.15606664,0.080792516,-0.023216279
22.464844,0.056592427,-0.16807413,0.10448723,-0.0091211777
22.466797,0.057100214,-0.15092732,0.083653539,0.0073220795
22.46875,0.05985494,-0.13696121,0.0762458,-0.0063658012
22.470703,0.064392112,-0.14321561,0.082718492,-0.040137421
22.472656,0.058785181,-0.14847434,0.080926627,-0.031238399
22.474609,0.050278343,-0.14283563,0.084966704,0.0083829723
22.476563,0.06722261,-0.15805729,0.072609916,0.00921412
22.478516,0.065975741,-0.14837694,0.072606191,-0.020738553
22.480469,0.063913815,-0.11665849,0.069828987,-0.035553742
22.482422,0.067170635,-0.13324337,0.063199833,-0.02469679
22.484375,0.062485728,-0.16984905,0.073598981,-0.0017260686
22.486328,0.064202145,-0.16826808,0.07364741,0.00035328371
22.488281,0.062853314,-0.13200179,0.081792757,-0.013990888
22.490234,0.052754022,-0.12538823,0.07756269,-0.026446804
22.492188,0.059915975,-0.15406057,0.072166607,-0.032049526
22.494141,0.059945986,-0.16157432,0.073412716,-0.0096196095
22.496094,0.05295226,-0.14486615,0.067597538,0.0071300524
22.498047,0.068301059,-0.14364216,0.079354554,-0.0044536213
22.5,0.05551606,-0.14695814,0.077173397,-0.021802239
22.501953,0.056488272,-0.15108564,0.068150744,-0.01766903
22.503906,0.073357254,-0.16421735,0.091327637,0.0063938419
22.505859,0.064039402,-0.14555195,0.088950902,0.016243335
22.507813,0.061068006,-0.12164374,0.085242376,-0.0052137552
22.509766,0.056417558,-0.14361434,0.10131514,-0.031047363
22.511719,0.061737265,-0.17535934,0.084474966,-0.021871099
22.513672,0.0630389,-0.15718301,0.071214795,0.0022633099
22.515625,0.056957703,-0.11086217,0.084793478,-0.0082218684
22.517578,0.058839206,-0.12549837,0.07971032,-0.031211857
22.519531,0.062881082,-0.17582011,0.067103937,-0.02373945
22.521484,0.066214278,-0.17077915,0.065047577,-0.015296253
22.523438,0.054205123,-0.13470659,0.082120582,-0.024188753
22.525391,0.05647346,-0.12461688,0.079315439,-0.027166599
22.527344,0.059667103,-0.15105252,0.071065784,-0.022485599
22.529297,0.054798961,-0.16251688,0.087324813,-0.035137326
22.53125,0.067773797,-0.13808578,0.075998068,-0.043794315
22.533203,0.067169137,-0.11915036,0.090357199,-0.041279163
22.535156,0.058642175,-0.12233502,0.079857469,-0.04302359
22.537109,0.064333461,-0.16307503,0.071497917,-0.04669917
22.539063,0.065673232,-0.17890832,0.086147621,-0.060669184
22.541016,0.062734455,-0.12033489,0.072069749,-0.06034648
22.542969,0.057930868,-0.090272143,0.069497436,-0.045517437
22.544922,0.063205972,-0.14155053,0.072060436,-0.047516931
22.546875,0.065906055,-0.1819052,0.091944173,-0.062500805
22.548828,0.058857504,-0.15138325,0.090092704,-0.062182348
22.550781,0.064426482,-0.11222748,0.093117639,-0.057009958
22.552734,0.062218037,-0.1285907,0.08712551,-0.075237863
22.554688,0.06056717,-0.16865434,0.06778194,-0.092773326
22.556641,0.062975116,-0.17757677,0.071009904,-0.0997338
22.558594,0.056533691,-0.15373194,0.079328477,-0.093612857
22.560547,0.06250865,-0.1313635,0.093134403,-0.076235078
22.5625,0.068902984,-0.14614503,0.074478149,-0.07505998
22.564453,0.057665244,-0.17091525,0.075599462,-0.10185117
22.566406,0.056640718,-0.17778917,0.078745469,-0.13628653
22.568359,0.068869285,-0.16831017,0.080229998,-0.13482319
22.570313,0.057929862,-0.1412369,0.08692807,-0.1129442
22.572266,0.052167635,-0.14923744,0.07352075,-0.10681523
22.574219,0.053639602,-0.18666916,0.08132337,-0.13132007
22.576172,0.046262696,-0.18500289,0.071239009,-0.15973128
22.578125,0.060797509,-0.14781234,0.071531445,-0.15827394
22.580078,0.069792189,-0.13595887,0.071428999,-0.13636412
22.582031,0.058315236,-0.15455069,0.073489085,-0.1190446
22.583984,0.062787607,-0.17841443,0.075536132,-0.13421288
22.585938,0.071955711,-0.19419785,0.06942293,-0.1597034
22.587891,0.060046673,-0.1596013,0.08350639,-0.16518889
22.589844,0.060879063,-0.12208309,0.067878798,-0.14652915
22.591797,0.063162275,-0.14969932,0.060502723,-0.12881103
22.59375,0.057216555,-0.18755443,0.07105647,-0.14496295
22.595703,0.059875783,-0.18253501,0.073146358,-0.16752838
22.597656,0.064689741,-0.15292396,0.073515162,-0.15068698
22.599609,0.063038304,-0.13560612,0.066377506,-0.12477566
22.601563,0.061618187,-0.16975884,0.067552835,-0.12938543
22.603516,0.065347739,-0.20951059,0.077810422,-0.14139314
22.605469,0.063822374,-0.18781421,0.082565755,-0.13942665
22.607422,0.067452163,-0.16018763,0.083370417,-0.1265099
22.609375,0.061722822,-0.17360723,0.091405869,-0.12149334
22.611328,0.05577907,-0.21334398,0.10188511,-0.12814176
22.613281,0.05951675,-0.23268853,0.080038145,-0.13552877
22.615234,0.059071299,-0.21376516,0.058664292,-0.14544055
22.617188,0.058652673,-0.19277281,0.065932333,-0.14808126
22.619141,0.066631228,-0.19661883,0.074673727,-0.13012484
22.621094,0.062170234,-0.21587269,0.058811441,-0.1099319
22.623047,0.057166129,-0.22746661,0.063272476,-0.12416577
22.625,0.064324431,-0.23634078,0.081263766,-0.15262465
22.626953,0.067801654,-0.21379392,0.076849297,-0.1436874
22.628906,0.068313286,-0.19783263,0.074254632,-0.12074793
22.630859,0.056237187,-0.21135089,0.06110622,-0.12135521
22.632813,0.055338319,-0.22846277,0.077028111,-0.14471936
22.634766,0.059950754,-0.23656674,0.07220386,-0.14973965
22.636719,0.060611967,-0.19962077,0.057174176,-0.12359946
22.638672,0.060660217,-0.18130194,0.076413438,-0.11772433
22.640625,0.05570152,-0.20019457,0.070138186,-0.1273081
22.642578,0.059928734,-0.21849157,0.079820216,-0.12863809
22.644531,0.053363129,-0.21944995,0.091465473,-0.12254038
22.646484,0.05055153,-0.2031471,0.084767401,-0.12042849
22.648438,0.060101934,-0.183047,0.086034,-0.12100556
22.650391,0.064531893,-0.16476712,0.080352932,-0.1186237
22.652344,0.060584329,-0.17814411,0.07929495,-0.12473568
22.654297,0.056955002,-0.19685258,0.073474184,-0.13114324
22.65625,0.06517452,-0.19454546,0.072215036,-0.13049026
22.658203,0.057765361,-0.16617161,0.080554098,-0.12020974
22.660156,0.054042857,-0.15385586,0.077115655,-0.11945316
22.662109,0.052689519,-0.18183383,0.064378887,-0.13175908
22.664063,0.055095855,-0.18040805,0.068992659,-0.14553159
22.666016,0.058895297,-0.15927249,0.074364528,-0.14013742
22.667969,0.05385945,-0.14363785,0.077501222,-0.11671344
22.669922,0.057622489,-0.14787048,0.073883966,-0.12723914
22.671875,0.050345294,-0.16300291,0.05963473,-0.15283781
22.673828,0.052191257,-0.16170236,0.067983106,-0.15266517
22.675781,0.059413638,-0.14362854,0.071134701,-0.1314646
22.677734,0.060503095,-0.095404193,0.075521231,-0.11741281
22.679688,0.061713327,-0.082620509,0.071455076,-0.1318277
22.681641,0.051271781,-0.13044311,0.082357138,-0.14656094
22.683594,0.061538879,-0.16146761,0.093430564,-0.13894166
22.685547,0.064604476,-0.1086469,0.072606191,-0.12743652
22.6875,0.050086241,-0.040232643,0.073498398,-0.13575515
22.689453,0.058635212,-0.069335543,0.069747031,-0.1469802
22.691406,0.061398081,-0.12635857,0.060048237,-0.1319107
22.693359,0.064629301,-0.11869599,0.073021561,-0.13056745
22.695313,0.066928528,-0.073139064,0.077974334,-0.14043306
22.697266,0.05297659,-0.06241896,0.076255113,-0.13146506
22.699219,0.051733054,-0.098557301,0.074630886,-0.12855078
22.701172,0.066031553,-0.12626263,0.083249345,-0.13905808
22.703125,0.06015107,-0.093801036,0.076519608,-0.15176755
22.705078,0.052301388,-0.048954364,0.07134518,-0.13607004
22.707031,0.059126187,-0.07042589,0.08530198,-0.119846
22.708984,0.058200568,-0.12407112,0.066118598,-0.13397108
22.710938,0.0595369,-0.12386239,0.079274461,-0.15682586
22.712891,0.062767133,-0.058814857,0.081757367,-0.15484907
22.714844,0.063581891,-0.03329755,0.055441916,-0.13215005
22.716797,0.07021074,-0.088744305,0.072129354,-0.13663967
22.71875,0.062486056,-0.14471778,0.082817212,-0.1601551
22.720703,0.053012889,-0.11793114,0.070464149,-0.15808983
22.722656,0.060953096,-0.05343356,0.06277515,-0.14115839
22.724609,0.06346745,-0.056420542,0.070503265,-0.14680919
22.726563,0.063563541,-0.10776576,0.080833495,-0.15466233
22.728516,0.063648365,-0.13089225,0.091845453,-0.15166993
22.730469,0.068065971,-0.10675527,0.097114876,-0.14952242
22.732422,0.059008263,-0.090502761,0.076854885,-0.15904304
22.734375,0.056158029,-0.11610761,0.068771005,-0.17218359
22.736328,0.066152766,-0.14251596,0.073794559,-0.18208995
22.738281,0.060634311,-0.12416076,0.075074196,-0.17266805
22.740234,0.057453401,-0.10231868,0.083439335,-0.16050981
22.742188,0.056689065,-0.12883507,0.068374261,-0.17471516
22.744141,0.055258483,-0.15293665,0.065306485,-0.19189352
22.746094,0.058399778,-0.14223762,0.072812945,-0.20902607
22.748047,0.064301386,-0.12255481,0.076158255,-0.20663443
22.75,0.062881693,-0.12025817,0.088969529,-0.19323562
22.751953,0.064110577,-0.14303435,0.070434347,-0.18892412
22.753906,0.058351226,-0.16377352,0.059526697,-0.21542501
22.755859,0.05652307,-0.1575439,0.079090059,-0.25440705
22.757813,0.066994652,-0.13701499,0.072576389,-0.25100002
22.759766,0.062219568,-0.12302524,0.055039585,-0.22240481
22.761719,0.060210202,-0.14765111,0.054907337,-0.2130637
22.763672,0.056727026,-0.18668911,0.068962857,-0.23227753
22.765625,0.056093462,-0.1740236,0.068536311,-0.24214444
22.767578,0.062648214,-0.14613129,0.067027569,-0.23639828
22.769531,0.061470665,-0.13840418,0.093335569,-0.22771184
22.771484,0.059491031,-0.15657993,0.091048241,-0.22852319
22.773438,0.059624426,-0.18694203,0.072062299,-0.24317081
22.775391,0.057273213,-0.18785885,0.076053947,-0.26000044
22.777344,0.049251344,-0.16750707,0.072641581,-0.2552436
22.779297,0.056199029,-0.15044588,0.071198031,-0.2287122
22.78125,0.060787681,-0.15384731,0.070803151,-0.22554477
22.783203,0.057267047,-0.17358069,0.062527418,-0.24547711
22.785156,0.057396587,-0.18182564,0.064432904,-0.26133752
22.787109,0.058997497,-0.15965421,0.063140228,-0.25518662
22.789063,0.061815009,-0.14046472,0.07149978,-0.23227817
22.791016,0.05377169,-0.16349569,0.071276262,-0.22929561
22.792969,0.056545239,-0.18294497,0.062313214,-0.24967644
22.794922,0.051539086,-0.15714471,0.062031955,-0.26245874
22.796875,0.051127739,-0.13450658,0.062303901,-0.24799128
22.798828,0.06419763,-0.14706261,0.072734714,-0.2225426
22.800781,0.057070516,-0.15215911,0.063004255,-0.22031365
22.802734,0.055579618,-0.13968614,0.053705931,-0.23781012
22.804688,0.05410846,-0.14667903,0.070333764,-0.25029165
22.806641,0.054121662,-0.15116177,0.075286537,-0.23141833
22.808594,0.060880441,-0.12485541,0.077152908,-0.19548976
22.810547,0.05658849,-0.10262136,0.082334787,-0.19887105
22.8125,0.055238865,-0.11116823,0.090079665,-0.22975843
22.814453,0.063523188,-0.13999103,0.084640741,-0.23754527
22.816406,0.066244945,-0.13929522,0.070512578,-0.22491036
22.818359,0.054834213,-0.10794736,0.070853442,-0.21057865
22.820313,0.057512943,-0.1148899,0.059157893,-0.20901275
22.822266,0.063127473,-0.13432685,0.064716026,-0.22077984
22.824219,0.05219166,-0.12446879,0.075305164,-0.22498527
22.826172,0.067204826,-0.12192558,0.067264125,-0.22019921
22.828125,0.073209293,-0.11987399,0.065664113,-0.20969722
22.830078,0.059234895,-0.11501586,0.06964086,-0.21337396
22.832031,0.061233833,-0.15019792,0.079207405,-0.23429251
22.833984,0.055554863,-0.18856283,0.057474062,-0.23588589
22.835938,0.053568527,-0.15989043,0.041954502,-0.21687765
22.837891,0.049306612,-0.11046088,0.06258516,-0.21152091
22.839844,0.051224876,-0.12558126,0.064285755,-0.21209997
22.841797,0.068622746,-0.17623234,0.062881321,-0.21529074
22.84375,0.05784101,-0.17534409,0.068012908,-0.21739325
22.845703,0.0545993,-0.1402362,0.066157714,-0.20219494
22.847656,0.061856546,-0.14368914,0.067975655,-0.19477463
22.849609,0.057206042,-0.16023844,0.080528021,-0.19745626
22.851563,0.057516873,-0.14981428,0.066230357,-0.2000816
22.853516,0.057857677,-0.14303227,0.057107121,-0.19906802
22.855469,0.062761255,-0.1494599,0.073252529,-0.19292438
22.857422,0.049934924,-0.14983441,0.064766318,-0.18048902
22.859375,0.056850001,-0.15304008,0.078052565,-0.17593479
22.861328,0.062061694,-0.15226464,0.088753462,-0.18356366
22.863281,0.05662128,-0.13246699,0.078834876,-0.18368112
22.865234,0.065107346,-0.12730117,0.069044814,-0.17870094
22.867188,0.050408367,-0.14772415,0.066835716,-0.18641654
22.869141,0.062078323,-0.16445333,0.093175381,-0.18877651
22.871094,0.057684053,-0.14637984,0.087525979,-0.17267056
22.873047,0.049789529,-0.11248593,0.07266207,-0.17781897
22.875,0.06486509,-0.12432688,0.07028906,-0.20755894
22.876953,0.059445031,-0.1476192,0.062512517,-0.2236646
22.878906,0.055255964,-0.14254692,0.069856927,-0.20514438
22.880859,0.058058467,-0.13779742,0.065230116,-0.18037359
22.882813,0.059003443,-0.13374069,0.060295969,-0.18837604
22.884766,0.06011603,-0.12407286,0.07288,-0.21472915
22.886719,0.067923598,-0.13280146,0.081962258,-0.22058332
22.888672,0.052457023,-0.14838329,0.067075998,-0.20455898
22.890625,0.050277628,-0.14769289,0.071799666,-0.20100692
22.892578,0.061712295,-0.14423157,0.078423232,-0.21551989
22.894531,0.055198334,-0.12594715,0.065679014,-0.221753
22.896484,0.061061531,-0.12122267,0.067757726,-0.21514812
22.898438,0.066519439,-0.15080333,0.061475024,-0.21732096
22.900391,0.052425094,-0.15990439,0.068564251,-0.21628824
22.902344,0.047012761,-0.14897096,0.061186314,-0.20322527
22.904297,0.054856077,-0.14099592,0.063188657,-0.20987433
22.90625,0.057196788,-0.12718418,0.078460485,-0.22409162
22.908203,0.057735234,-0.12188099,0.077462107,-0.21493433
22.910156,0.059936915,-0.13793549,0.069164023,-0.19860166
22.912109,0.059970558,-0.16165027,0.060657322,-0.20733246
22.914063,0.058499187,-0.14723299,0.064121842,-0.23107007
22.916016,0.061770953,-0.12092313,0.053232819,-0.22667871
22.917969,0.066614941,-0.13383126,0.067225009,-0.19610554
22.919922,0.065815181,-0.14298348,0.065235704,-0.18461674
22.921875,0.058463715,-0.14416516,0.073023424,-0.20433582
22.923828,0.059975956,-0.15200974,0.077329859,-0.22319591
22.925781,0.062228907,-0.15038936,0.05789502,-0.21010298
22.927734,0.061361186,-0.13851301,0.077665135,-0.18880299
22.929688,0.059911273,-0.14302061,0.076310992,-0.19076121
22.931641,0.054450467,-0.1688944,0.079689831,-0.19976465
22.933594,0.052361552,-0.17852858,0.073651135,-0.20687623
22.935547,0.06044231,-0.16617569,0.071980342,-0.20615295
22.9375,0.056879558,-0.14931653,0.082832113,-0.20000884
22.939453,0.05430216,-0.15740508,0.077039286,-0.19331478
22.941406,0.061238047,-0.18452327,0.079827666,-0.19624385
22.943359,0.059711467,-0.18582118,0.077542201,-0.20851292
22.945313,0.061040293,-0.16625781,0.082589969,-0.2140069
22.947266,0.059355333,-0.15308152,0.070406407,-0.2110637
22.949219,0.069723323,-0.16664793,0.071421549,-0.19863723
22.951172,0.067300022,-0.18719052,0.087537155,-0.21021171
22.953125,0.062895775,-0.19119643,0.079147801,-0.22986698
22.955078,0.059640113,-0.1921515,0.06559892,-0.23034644
22.957031,0.056331683,-0.19382001,0.066103697,-0.23202142
22.958984,0.059563804,-0.21003836,0.07904163,-0.23172858
22.960938,0.051353294,-0.21565016,0.071028531,-0.2351303
22.962891,0.053121664,-0.20368098,0.062015191,-0.23658763
22.964844,0.051682238,-0.19978659,0.067338631,-0.24043795
22.966797,0.050056797,-0.21131986,0.067822918,-0.24833597
22.96875,0.057080735,-0.23689234,0.078792036,-0.24107102
22.970703,0.051045787,-0.22615223,0.075079784,-0.23768735
22.972656,0.046446726,-0.1946131,0.064604267,-0.24710099
22.974609,0.059586514,-0.19916901,0.069694877,-0.25839832
22.976563,0.049529053,-0.20314994,0.060547426,-0.26238555
22.978516,0.059929881,-0.18301453,0.067046195,-0.24811101
22.980469,0.056581117,-0.17200333,0.069173336,-0.23733036
22.982422,0.049959589,-0.16700421,0.063905776,-0.24437506
22.984375,0.070879765,-0.17495352,0.072976857,-0.2523607
22.986328,0.065181941,-0.15893058,0.088284075,-0.25466648
22.988281,0.068785176,-0.13128258,0.082694277,-0.24130851
22.990234,0.057393406,-0.15883599,0.06395793,-0.23643675
22.992188,0.058121875,-0.18496349,0.076884687,-0.25552246
22.994141,0.052701097,-0.17317423,0.061670601,-0.26750067
22.996094,0.057059441,-0.14433832,0.065096006,-0.25722253
22.998047,0.066454656,-0.14024563,0.075547308,-0.24092951
23.0,0.050647959,-0.15727603,0.063509032,-0.24520993
23.001953,0.059043437,-0.19192798,0.08035852,-0.25515181
23.003906,0.057780217,-0.20927776,0.070339352,-0.26327825
23.005859,0.058299072,-0.15709139,0.075787589,-0.26395571
23.007813,0.058892585,-0.13322496,0.078700766,-0.25714216
23.009766,0.059924439,-0.17586103,0.062788188,-0.25325742
23.011719,0.055488884,-0.21275875,0.076167569,-0.25948396
23.013672,0.052233458,-0.18790001,0.076912627,-0.27972022
23.015625,0.060502347,-0.14934798,0.075748473,-0.27878994
23.017578,0.053781494,-0.15890509,0.070069268,-0.26713192
23.019531,0.058006141,-0.19067186,0.065394029,-0.27880234
23.021484,0.056129534,-0.20707233,0.075405747,-0.29582947
23.023438,0.055942398,-0.18038604,0.071620852,-0.29925632
23.025391,0.065700017,-0.15315004,0.068446904,-0.29299924
23.027344,0.053336132,-0.1634614,0.074278846,-0.2944091
23.029297,0.055612918,-0.19476363,0.08657603,-0.301889
23.03125,0.064311273,-0.19918357,0.077735916,-0.29759037
23.033203,0.052856773,-0.16710643,0.062575847,-0.30973959
23.035156,0.052482024,-0.15038884,0.071203619,-0.32195085
23.037109,0.062507376,-0.17933761,0.059390724,-0.30898428
23.039063,0.056287851,-0.1997792,0.06665504,-0.30044073
23.041016,0.055733677,-0.17831548,0.089805856,-0.29179561
23.042969,0.05497811,-0.16384453,0.075314477,-0.28146353
23.044922,0.055888865,-0.16477695,0.068093002,-0.29196164
23.046875,0.056446657,-0.1776142,0.059170932,-0.30846944
23.048828,0.050230261,-0.17787519,0.039700702,-0.3002072
23.050781,0.065281369,-0.16729519,0.063943028,-0.29173526
23.052734,0.057661667,-0.15501106,0.07483764,-0.28123665
23.054688,0.052854232,-0.15703756,0.055721313,-0.27293274
23.056641,0.055776354,-0.19126476,0.068554938,-0.28789112
23.058594,0.05708658,-0.18318816,0.068398476,-0.30111688
23.060547,0.063386619,-0.13852164,0.07237336,-0.29957223
23.0625,0.060210574,-0.14035693,0.074709117,-0.28451198
23.064453,0.057756983,-0.17928347,0.067193344,-0.27858731
23.066406,0.051111564,-0.19285907,0.070262983,-0.28694093
23.068359,0.063311674,-0.16755283,0.052590206,-0.2908752
23.070313,0.061295293,-0.14697933,0.051731527,-0.28606421
23.072266,0.054907206,-0.15418497,0.064019397,-0.27662665
23.074219,0.060850978,-0.18595831,0.062264785,-0.27068004
23.076172,0.057074111,-0.20530462,0.055244476,-0.2677348
23.078125,0.05232615,-0.17827798,0.060998186,-0.27363849
23.080078,0.052075054,-0.14690331,0.068778455,-0.28043336
23.082031,0.050001632,-0.15476571,0.064755142,-0.27068767
23.083984,0.049426004,-0.19133741,0.061596096,-0.2559582
23.085938,0.056116894,-0.19103722,0.074701667,-0.25412998
23.087891,0.051519349,-0.14753486,0.083538055,-0.26144534
23.089844,0.059520658,-0.13522464,0.073148221,-0.25839245
23.091797,0.056271061,-0.16676509,0.076368734,-0.25309086
23.09375,0.052825265,-0.18685518,0.07550633,-0.25091156
23.095703,0.062294703,-0.16899917,0.070160538,-0.25511071
23.097656,0.055571362,-0.1325053,0.060444981,-0.2563135
23.099609,0.065201305,-0.12990201,0.050017893,-0.25099102
23.101563,0.062559806,-0.16536497,0.070354253,-0.25386599
23.103516,0.056287147,-0.17845075,0.072937742,-0.24414502
23.105469,0.056537922,-0.16441385,0.051038623,-0.24005739
23.107422,0.050908312,-0.14398018,0.061624035,-0.25667515
23.109375,0.052690636,-0.14339,0.068977758,-0.2648516
23.111328,0.051080018,-0.16082948,0.060357437,-0.2439651
23.113281,0.058562823,-0.17246951,0.067286476,-0.23128702
23.115234,0.05851138,-0.16755882,0.078670964,-0.24650913
23.117188,0.053679857,-0.14647356,0.085659608,-0.25127372
23.119141,0.055867169,-0.15961924,0.071158916,-0.24779977
23.121094,0.057748903,-0.18466197,0.071857408,-0.24425015
23.123047,0.057933968,-0.16218741,0.066405445,-0.25425336
23.125,0.051520608,-0.13479449,0.058496654,-0.25368834
23.126953,0.052078877,-0.14766373,0.07242924,-0.24171677
23.128906,0.053392354,-0.17020924,0.067996144,-0.24694698
23.130859,0.054342061,-0.15936975,0.076908901,-0.24901479
23.132813,0.057654057,-0.1393363,0.067480192,-0.25594965
23.134766,0.058898456,-0.13878404,0.049026966,-0.26193374
23.136719,0.058865942,-0.15061259,0.044722393,-0.26621917
23.138672,0.05588543,-0.16439843,0.051256552,-0.26020887
23.140625,0.058097366,-0.15966633,0.068996385,-0.24406452
23.142578,0.059029792,-0.137237,0.071380571,-0.24215147
23.144531,0.062557064,-0.12396914,0.066668078,-0.25507033
23.146484,0.066897586,-0.14488454,0.062473401,-0.26272613
23.148438,0.051802263,-0.17047857,0.075983167,-0.25316402
23.150391,0.050714035,-0.16714205,0.080136865,-0.23987351
23.152344,0.060299721,-0.14805354,0.076053947,-0.23256257
23.154297,0.056001488,-0.1346017,0.069160298,-0.25209987
23.15625,0.05482024,-0.15033185,0.075571522,-0.26744813
23.158203,0.051280148,-0.18146451,0.087049142,-0.25194463
23.160156,0.059394095,-0.18327814,0.079293087,-0.23298039
23.162109,0.051167052,-0.15404835,0.073371738,-0.24108179
23.164063,0.042804886,-0.14627349,0.059534147,-0.27016926
23.166016,0.06503205,-0.16492778,0.060305282,-0.2778891
23.167969,0.058364723,-0.1610119,0.058664292,-0.25728682
23.169922,0.060190126,-0.14606808,0.057105258,-0.23812363
23.171875,0.071451157,-0.16124479,0.066411033,-0.24682572
23.173828,0.060806554,-0.16489041,0.061419144,-0.26944888
23.175781,0.062193293,-0.15618701,0.063507169,-0.27452406
23.177734,0.055688087,-0.17658187,0.069991037,-0.26544651
23.179688,0.048786659,-0.1753924,0.066299275,-0.25003803
23.181641,0.056660011,-0.15361308,0.063065723,-0.24370189
23.183594,0.055898983,-0.15247244,0.051988572,-0.26082519
23.185547,0.04885019,-0.16984697,0.051828384,-0.2712304
23.1875,0.05232878,-0.18799116,0.060761631,-0.2560038
23.189453,0.058696747,-0.17489345,0.06113416,-0.22418003
23.191406,0.058896955,-0.15704983,0.068074375,-0.22091196
23.193359,0.06177919,-0.16087711,0.071123526,-0.25312203
23.195313,0.063219339,-0.16937286,0.079475626,-0.26256141
23.197266,0.056824856,-0.17734405,0.06412743,-0.23681541
23.199219,0.06089592,-0.17463925,0.066103697,-0.21621996
23.201172,0.063458875,-0.1598165,0.076493531,-0.22975965
23.203125,0.060055718,-0.14653432,0.065567255,-0.24671845
23.205078,0.057564046,-0.16835713,0.071415961,-0.2412453
23.207031,0.053141497,-0.20442685,0.062249884,-0.22870713
23.208984,0.063206539,-0.19776411,0.071706533,-0.2231873
23.210938,0.055356354,-0.16008396,0.08240743,-0.23361561
23.212891,0.047570497,-0.15000485,0.082247242,-0.2433314
23.214844,0.050444651,-0.19772296,0.063406587,-0.24283203
23.216797,0.047602106,-0.21060687,0.055618867,-0.24664964
23.21875,0.051172197,-0.16474739,0.065015912,-0.24490289
23.220703,0.04778704,-0.14836496,0.055019096,-0.23507226
23.222656,0.054357547,-0.16076866,0.061605409,-0.24067213
23.224609,0.05654072,-0.17641994,0.069441557,-0.25375667
23.226563,0.057758346,-0.17322004,0.074979201,-0.24791019
23.228516,0.060347147,-0.1506481,0.073159397,-0.23799206
23.230469,0.059798554,-0.13363917,0.068120942,-0.2473975
23.232422,0.061599638,-0.13895598,0.06223312,-0.26162228
23.234375,0.051189341,-0.16930138,0.066139087,-0.25854117
23.236328,0.059610032,-0.16662557,0.061434045,-0.24175502
23.238281,0.057668641,-0.12482142,0.063339531,-0.23598914
23.240234,0.046866812,-0.11090094,0.08177413,-0.24940491
23.242188,0.055424534,-0.1569273,0.063879699,-0.25892827
23.244141,0.059143372,-0.18382943,0.058040306,-0.25222355
23.246094,0.059433531,-0.13205174,0.065474123,-0.24632746
23.248047,0.05687869,-0.11064471,0.05921191,-0.25063726
23.25,0.054739568,-0.15355796,0.065539315,-0.24516122
23.251953,0.051654425,-0.17332801,0.071537033,-0.23912701
23.253906,0.05164744,-0.14249174,0.063278064,-0.25005758
23.255859,0.05457481,-0.11354566,0.062465951,-0.2553263
23.257813,0.060118791,-0.12348345,0.068744928,-0.25068197
23.259766,0.051780436,-0.14245228,0.061411694,-0.24347104
23.261719,0.047554281,-0.15222727,0.067347944,-0.23846425
23.263672,0.065415338,-0.1499652,0.070236906,-0.24893348
23.265625,0.0619113,-0.11741786,0.056905955,-0.24721472
23.267578,0.057938006,-0.10071588,0.069914669,-0.23751384
23.269531,0.055633355,-0.15210649,0.063011706,-0.23890977
23.271484,0.048960395,-0.18720245,0.047320783,-0.23628227
23.273438,0.058472082,-0.13726377,0.072421789,-0.24018265
23.275391,0.058439799,-0.086608551,0.068692774,-0.2339478
23.277344,0.052863512,-0.11682659,0.057859629,-0.22990499
23.279297,0.054371886,-0.17481789,0.06171903,-0.23588687
23.28125,0.046942666,-0.16952734,0.06116955,-0.23667279
23.283203,0.044291276,-0.12121149,0.075836018,-0.22913595
23.285156,0.053916253,-0.1054811,0.063384235,-0.21735215
23.287109,0.051389974,-0.11648154,0.061670601,-0.22315767
23.289063,0.061895479,-0.12851655,0.076588526,-0.23079336
23.291016,0.058213849,-0.12654796,0.065451771,-0.22513232
23.292969,0.053350713,-0.10878159,0.067152366,-0.21201091
23.294922,0.064243846,-0.1123744,0.067815468,-0.21701938
23.296875,0.044738911,-0.11815943,0.05850783,-0.22079811
23.298828,0.058190398,-0.11523752,0.058671743,-0.20982638
23.300781,0.057313468,-0.096653327,0.065367952,-0.2107116
23.302734,0.048947673,-0.064657047,0.076726362,-0.2177109
23.304688,0.067957096,-0.094890222,0.081435129,-0.2137119
23.306641,0.050783493,-0.13007116,0.072377086,-0.2022333
23.308594,0.056750547,-0.10399599,0.062780738,-0.21612974
23.310547,0.067487083,-0.078914195,0.060603306,-0.23378138
23.3125,0.059806041,-0.078827001,0.060724378,-0.22170329
23.314453,0.057287663,-0.10673711,0.076439515,-0.19346665
23.316406,0.056278441,-0.12542363,0.072092101,-0.19816324
23.318359,0.058407873,-0.10228667,0.059420526,-0.23179033
23.320313,0.050423007,-0.08762835,0.073192924,-0.23995128
23.322266,0.058409572,-0.1010175,0.067463428,-0.22547096
23.324219,0.064278185,-0.11683765,0.068348184,-0.20443244
23.326172,0.052611105,-0.115192,0.064660147,-0.20877671
23.328125,0.054568898,-0.11529294,0.065511376,-0.22749473
23.330078,0.061009072,-0.1283474,0.078469798,-0.22821638
23.332031,0.05408331,-0.11332272,0.061849415,-0.21526565
23.333984,0.054224644,-0.10660393,0.058314115,-0.21377791
23.335938,0.058838565,-0.13493487,0.059068486,-0.22359069
23.337891,0.056517672,-0.13712861,0.067210108,-0.22461897
23.339844,0.055959992,-0.11683474,0.06124033,-0.22686596
23.341797,0.054795031,-0.11882358,0.057835415,-0.22134928
23.34375,0.051559124,-0.14165519,0.062639177,-0.2171762
23.345703,0.053122073,-0.13859625,0.047553614,-0.21535237
23.347656,0.063608669,-0.11591867,0.062255472,-0.21581967
23.349609,0.060207117,-0.11817817,0.071529582,-0.22188531
23.351563,0.059905548,-0.12979269,0.077378288,-0.20924814
23.353516,0.065435879,-0.14420573,0.060459882,-0.19546299
23.355469,0.067206919,-0.14714405,0.060484096,-0.20749655
23.357422,0.069934003,-0.1457746,0.070976377,-0.23034959
23.359375,0.060412861,-0.15767446,0.062210768,-0.21899751
23.361328,0.05082918,-0.17474386,0.080908,-0.18535116
23.363281,0.051812656,-0.20183317,0.069249704,-0.18368345
23.365234,0.052041691,-0.19069433,0.076320305,-0.20950861
23.367188,0.051848058,-0.14814784,0.08574529,-0.22497824
23.369141,0.060227182,-0.15312809,0.076590389,-0.20839731
23.371094,0.051028114,-0.22101103,0.083910584,-0.19453743
23.373047,0.050743233,-0.25841194,0.077771306,-0.20788236
23.375,0.060050331,-0.20522191,0.073397815,-0.22965662
23.376953,0.053432077,-0.1497414,0.0746402,-0.23863305
23.378906,0.053079791,-0.17095897,0.065366089,-0.2321
23.380859,0.055249702,-0.22667871,0.083355516,-0.23083974
23.382813,0.054719422,-0.22046749,0.093119502,-0.23835523
23.384766,0.064774081,-0.16389354,0.064080864,-0.25092947
23.386719,0.063593112,-0.14738585,0.06470485,-0.27261707
23.388672,0.048144143,-0.18097371,0.069594294,-0.2883257
23.390625,0.05872076,-0.22808447,0.077871889,-0.27088779
23.392578,0.057939719,-0.21927428,0.074886069,-0.25291121
23.394531,0.055391714,-0.14857101,0.064421728,-0.28236994
23.396484,0.060845818,-0.13829719,0.065060616,-0.32480612
23.398438,0.058102448,-0.20738059,0.042027146,-0.32559133
23.400391,0.056319498,-0.24493845,0.047587141,-0.30967993
23.402344,0.057549883,-0.20121315,0.063212872,-0.30290037
23.404297,0.058593038,-0.15018605,0.063706473,-0.29381874
23.40625,0.047042094,-0.17594206,0.068618268,-0.29691404
23.408203,0.057275698,-0.23559135,0.080444202,-0.31693545
23.410156,0.064822204,-0.22949025,0.084856808,-0.3182396
23.412109,0.056438975,-0.16868322,0.053415358,-0.30579677
23.414063,0.053106979,-0.16364424,0.066723958,-0.31270993
23.416016,0.051380951,-0.23234516,0.073081166,-0.30554181
23.417969,0.054535285,-0.25497338,0.056160897,-0.29166135
23.419922,0.059229959,-0.20310019,0.080442339,-0.29549053
23.421875,0.059542481,-0.16151512,0.061283171,-0.29726836
23.423828,0.055909064,-0.18474691,0.045752436,-0.29653403
23.425781,0.058801334,-0.24803288,0.064362124,-0.30143219
23.427734,0.04994851,-0.25315988,0.056090117,-0.30520371
23.429688,0.046609312,-0.20061302,0.055695236,-0.28737888
23.431641,0.052919477,-0.17509957,0.06370461,-0.27904978
23.433594,0.052852362,-0.19343887,0.054249823,-0.28829059
23.435547,0.064118564,-0.23056954,0.046937078,-0.28968576
23.4375,0.057807256,-0.23091139,0.048285633,-0.29259396
23.439453,0.050634902,-0.19411916,0.062244296,-0.27856722
23.441406,0.064678632,-0.1954872,0.064533487,-0.2582024
23.443359,0.057762649,-0.22104467,0.061987251,-0.26210716
23.445313,0.057041347,-0.21577804,0.061361402,-0.27555418
23.447266,0.060676344,-0.20215327,0.051399976,-0.2694363
23.449219,0.052445002,-0.19807716,0.059463367,-0.24906527
23.451172,0.061159715,-0.21374922,0.067906737,-0.23829179
23.453125,0.054273698,-0.22958717,0.062069207,-0.23548198
23.455078,0.059247337,-0.22096336,0.071967304,-0.24249355
23.457031,0.065453582,-0.21682298,0.087712243,-0.24279264
23.458984,0.044264909,-0.225384,0.069733992,-0.22814059
23.460938,0.046549294,-0.25096533,0.060593992,-0.22607167
23.462891,0.053203199,-0.25397357,0.069180787,-0.23952433
23.464844,0.054777056,-0.2145579,0.072090238,-0.23694701
23.466797,0.05866297,-0.19356599,0.076722637,-0.21979862
23.46875,0.058708433,-0.22407071,0.066034779,-0.21799791
23.470703,0.054896109,-0.25626183,0.067670181,-0.2315823
23.472656,0.057703655,-0.25331047,0.068903252,-0.24177714
23.474609,0.060897905,-0.23176402,0.055143893,-0.23894499
23.476563,0.053385384,-0.20217107,0.053638875,-0.23256385
23.478516,0.049765259,-0.21636,0.064140469,-0.23328383
23.480469,0.060434386,-0.2491734,0.070216417,-0.23431195
23.482422,0.06275522,-0.24147765,0.070141912,-0.23891309
23.484375,0.053488079,-0.20975704,0.063771665,-0.24679965
23.486328,0.055394109,-0.20919743,0.056060314,-0.24606489
23.488281,0.048184369,-0.24859849,0.064902291,-0.23410164
23.490234,0.050300717,-0.25322157,0.067716748,-0.22550821
23.492188,0.057950038,-0.23187537,0.068430141,-0.23736505
23.494141,0.053457614,-0.19642149,0.068631306,-0.24503304
23.496094,0.049403884,-0.20229593,0.061635211,-0.24042852
23.498047,0.049000762,-0.25509471,0.066848755,-0.23144546
23.5,0.057252422,-0.25287443,0.073679075,-0.23453623
23.501953,0.053305183,-0.20833719,0.072837159,-0.24408804
23.503906,0.046263333,-0.17482506,0.071240872,-0.23721744
23.505859,0.058218688,-0.20565498,0.067251086,-0.23171204
23.507813,0.05592791,-0.24227975,0.063376784,-0.23949133
23.509766,0.049536929,-0.21248972,0.05738093,-0.24635296
23.511719,0.059401132,-0.17377022,0.056635872,-0.23312637
23.513672,0.057034738,-0.16923043,0.063594714,-0.22594652
23.515625,0.053252585,-0.19542207,0.066530243,-0.23495159
23.517578,0.051107924,-0.22473714,0.061275721,-0.23906326
23.519531,0.051791999,-0.20719352,0.057563469,-0.23944837
23.521484,0.049756493,-0.15270364,0.054672644,-0.23582442
23.523438,0.051456351,-0.15941371,0.056647047,-0.22386035
23.525391,0.055043276,-0.20607518,0.061290622,-0.22089019
23.527344,0.055241566,-0.19485693,0.059170932,-0.22308585
23.529297,0.060561948,-0.15622643,0.077035561,-0.21809418
23.53125,0.048757944,-0.15499562,0.063792154,-0.21540843
23.533203,0.045649372,-0.18780024,0.064423591,-0.20883824
23.535156,0.050777566,-0.19282508,0.080788791,-0.20879482
23.537109,0.051646419,-0.14906089,0.062626138,-0.20969558
23.539063,0.061746128,-0.1231285,0.059750214,-0.20355245
23.541016,0.064147688,-0.138293,0.054380208,-0.2061161
23.542969,0.047027711,-0.16517347,0.062661529,-0.20161514
23.544922,0.046015475,-0.19034356,0.0706411,-0.18488194
23.546875,0.06033719,-0.16707139,0.055564851,-0.18366505
23.548828,0.055153467,-0.094186604,0.045849293,-0.19955586
23.550781,0.054380659,-0.094743535,0.051787406,-0.20328966
23.552734,0.052439123,-0.16993073,0.055814445,-0.18144909
23.554688,0.052366089,-0.18978152,0.072773829,-0.16338539
23.556641,0.060881831,-0.13142146,0.066642001,-0.16159132
23.558594,0.064813629,-0.086664781,0.072934017,-0.17519596
23.560547,0.064516403,-0.12022208,0.08240743,-0.18366511
23.5625,0.046160571,-0.17294285,0.057114571,-0.17020255
23.564453,0.048500542,-0.18514137,0.074362665,-0.16439518
23.566406,0.060497966,-0.13668926,0.080885649,-0.15745834
23.568359,0.052151885,-0.076896489,0.074427858,-0.14902666
23.570313,0.059438732,-0.10886483,0.07862626,-0.15776002
23.572266,0.057424478,-0.20070459,0.085503146,-0.17393047
23.574219,0.046941359,-0.20281717,0.062199593,-0.17575952
23.576172,0.057029843,-0.11112876,0.053268209,-0.17239675
23.578125,0.061093327,-0.081911542,0.070508853,-0.18281296
23.580078,0.04827594,-0.13988474,0.063039646,-0.18545792
23.582031,0.053002618,-0.20019621,0.06521149,-0.17928377
23.583984,0.05765051,-0.17665027,0.058917612,-0.180195
23.585938,0.05306451,-0.097666845,0.081051424,-0.19106226
23.587891,0.05319006,-0.099820524,0.088110849,-0.19737476
23.589844,0.04223242,-0.1625905,0.054087773,-0.19087198
23.591797,0.046239957,-0.1866128,0.062156752,-0.19625467
23.59375,0.054418363,-0.13432138,0.076556861,-0.2079834
23.595703,0.058522452,-0.069615521,0.079915211,-0.20201072
23.597656,0.050954562,-0.082199201,0.069132358,-0.19027732
23.599609,0.050732993,-0.15111457,0.05366309,-0.20433855
23.601563,0.062275708,-0.18343228,0.068709537,-0.22775963
23.603516,0.05126721,-0.11043411,0.06902805,-0.22251448
23.605469,0.052550677,-0.028198559,0.052402079,-0.20171869
23.607422,0.052662287,-0.065729931,0.054406285,-0.20131746
23.609375,0.054836743,-0.14203633,0.073671624,-0.22113124
23.611328,0.059975453,-0.13023822,0.074824601,-0.2217689
23.613281,0.053617138,-0.065613627,0.05761376,-0.21498281
23.615234,0.055995882,-0.049255762,0.064850137,-0.22164997
23.617188,0.060609631,-0.10495409,0.07452099,-0.22078006
23.619141,0.05375398,-0.1387157,0.061067104,-0.21389951
23.621094,0.045486171,-0.099693865,0.059865698,-0.21275532
23.623047,0.057301369,-0.054689214,0.058688506,-0.2287108
23.625,0.061160952,-0.057943955,0.05776836,-0.22585811
23.626953,0.05806509,-0.10437702,0.071523994,-0.19723687
23.628906,0.053327542,-0.13785049,0.06690836,-0.20140943
23.630859,0.062372819,-0.10614991,0.071287438,-0.21922196
23.632813,0.059990861,-0.057985749,0.076310992,-0.22402264
23.634766,0.057786994,-0.081853569,0.062119499,-0.21378246
23.636719,0.064051948,-0.14260875,0.066364467,-0.20237195
23.638672,0.058684219,-0.13476992,0.069823399,-0.20685981
23.640625,0.064855985,-0.088677369,0.062814265,-0.21094757
23.642578,0.054102879,-0.1055584,0.072974995,-0.20769143
23.644531,0.061672844,-0.15514341,0.056242853,-0.19929428
23.646484,0.04842924,-0.15942901,0.056462646,-0.20232625
23.648438,0.048057113,-0.13490903,0.074135423,-0.21009518
23.650391,0.055864278,-0.1382044,0.053363204,-0.20293756
23.652344,0.053634621,-0.14161724,0.067731649,-0.19408551
23.654297,0.063229255,-0.150491,0.07595709,-0.20343459
23.65625,0.044548221,-0.18060036,0.065431282,-0.21028854
23.658203,0.055319797,-0.18431453,0.062642902,-0.1997263
23.660156,0.046678331,-0.14881094,0.059483856,-0.20115843
23.662109,0.049837016,-0.12566356,0.073103517,-0.20576918
23.664063,0.064124294,-0.15634878,0.070007801,-0.19892582
23.666016,0.054288372,-0.16575129,0.056967422,-0.19161582
23.667969,0.062254861,-0.15009995,0.059994221,-0.19315425
23.669922,0.058426712,-0.15328769,0.07679528,-0.20790838
23.671875,0.05114647,-0.15974386,0.082260281,-0.20140477
23.673828,0.048088469,-0.15777551,0.078477249,-0.18131667
23.675781,0.053707074,-0.15035741,0.067225009,-0.19525351
23.677734,0.057093211,-0.14481312,0.064501822,-0.22238782
23.679688,0.050735019,-0.14357767,0.0720772,-0.22228125
23.681641,0.052420728,-0.15319037,0.05604355,-0.19839136
23.683594,0.056699261,-0.16421629,0.067906737,-0.18622899
23.685547,0.066091351,-0.1546029,0.077454656,-0.20523629
23.6875,0.056678087,-0.12830339,0.06602174,-0.21865869
23.689453,0.043405931,-0.13879289,0.074325413,-0.21679214
23.691406,0.060551722,-0.17527972,0.070030153,-0.21009773
23.693359,0.060386572,-0.16115923,0.080243036,-0.20990333
23.695313,0.052915666,-0.11339933,0.070076719,-0.22103146
23.697266,0.051887371,-0.1263191,0.057194665,-0.22328119
23.699219,0.055187188,-0.18484008,0.079285637,-0.23456445
23.701172,0.058279876,-0.18637887,0.067370296,-0.23519845
23.703125,0.055232964,-0.14056507,0.050267488,-0.21650767
23.705078,0.055244625,-0.12568125,0.04814221,-0.2201449
23.707031,0.051047303,-0.15743773,0.051357135,-0.24423601
23.708984,0.055956192,-0.19052616,0.073857889,-0.24465132
23.710938,0.055381265,-0.17863294,0.078875855,-0.21663713
23.712891,0.056427725,-0.14360544,0.06784527,-0.20986892
23.714844,0.05496715,-0.13416968,0.066541418,-0.24393047
23.716797,0.050551593,-0.17774609,0.053944349,-0.27227271
23.71875,0.05856612,-0.21653457,0.057941586,-0.24487902
23.720703,0.056646269,-0.17670691,0.068947956,-0.2090546
23.722656,0.0501098,-0.12598859,0.058807716,-0.21211743
23.724609,0.055871584,-0.14941101,0.046532884,-0.23624922
23.726563,0.057774208,-0.20956111,0.054423049,-0.24655907
23.728516,0.045452129,-0.20494659,0.068625718,-0.22065929
23.730469,0.049429342,-0.15826282,0.058336467,-0.1917965
23.732422,0.055536676,-0.14221771,0.060376063,-0.19692889
23.734375,0.056046613,-0.16239318,0.070184752,-0.22461939
23.736328,0.051240914,-0.20283882,0.066355154,-0.23488529
23.738281,0.047739748,-0.19829264,0.060325772,-0.21412472
23.740234,0.060523443,-0.16345431,0.068947956,-0.19086395
23.742188,0.057756986,-0.14555673,0.075159878,-0.19156453
23.744141,0.054855831,-0.16459483,0.066506028,-0.20526917
23.746094,0.059243005,-0.20284942,0.072399437,-0.21539982
23.748047,0.055555098,-0.18474422,0.076348245,-0.20490393
23.75,0.051977243,-0.14972772,0.065645486,-0.17893487
23.751953,0.054696888,-0.16308737,0.055872187,-0.17738143
23.753906,0.053181712,-0.18931289,0.053709656,-0.20723526
23.755859,0.05404054,-0.18421791,0.062065482,-0.21953791
23.757813,0.05791432,-0.17118481,0.069255292,-0.18816987
23.759766,0.052303512,-0.1734042,0.063438252,-0.16740474
23.761719,0.057377443,-0.17916775,0.064347222,-0.18782678
23.763672,0.047865905,-0.18712398,0.064220563,-0.21699452
23.765625,0.037496522,-0.19160615,0.070819914,-0.20986089
23.767578,0.055197183,-0.18332,0.0671058,-0.17337207
23.769531,0.061842941,-0.15342471,0.051463306,-0.16742617
23.771484,0.06159408,-0.14415014,0.045791551,-0.19375616
23.773438,0.057833441,-0.19404662,0.056430981,-0.20590702
23.775391,0.051559839,-0.22366682,0.073446244,-0.18705717
23.777344,0.054215461,-0.18603101,0.059638456,-0.15556565
23.779297,0.052732468,-0.14943126,0.061819613,-0.1560957
23.78125,0.055714343,-0.15632421,0.05825451,-0.18315615
23.783203,0.057300776,-0.18583567,0.057693854,-0.19140953
23.785156,0.054070253,-0.20208783,0.060731828,-0.17247574
23.787109,0.056986619,-0.18927377,0.052690789,-0.14040582
23.789063,0.050468486,-0.16771492,0.068093002,-0.13374658
23.791016,0.051123485,-0.1684849,0.067783803,-0.15361197
23.792969,0.063327454,-0.19628105,0.065997526,-0.16897455
23.794922,0.06051949,-0.20699893,0.06620428,-0.16305989
23.796875,0.056978285,-0.17623688,0.066997766,-0.13537569
23.798828,0.05499446,-0.17789353,0.062411934,-0.12235045
23.800781,0.044884335,-0.22313671,0.06556353,-0.14278558
23.802734,0.061237697,-0.23643064,0.068454355,-0.16268015
23.804688,0.062922187,-0.19450833,0.062411934,-0.14277138
23.806641,0.036514495,-0.15376092,0.070937261,-0.11240811
23.808594,0.048753556,-0.20583484,0.071639478,-0.11776205
23.810547,0.058433607,-0.26416922,0.078933597,-0.14329647
23.8125,0.052046981,-0.21772724,0.078903794,-0.14895077
23.814453,0.054261174,-0.16222973,0.072421789,-0.13241094
23.816406,0.04991354,-0.18920676,0.062503204,-0.12520263
23.818359,0.041473813,-0.24601378,0.061320424,-0.13960402
23.820313,0.045663517,-0.23516847,0.071807116,-0.1568851
23.822266,0.056785908,-0.17521976,0.065315798,-0.14555743
23.824219,0.057069648,-0.13715468,0.06922549,-0.12803157
23.826172,0.056132518,-0.15956283,0.070071131,-0.13930023
23.828125,0.05335651,-0.23430124,0.075200856,-0.1534466
23.830078,0.050020646,-0.24120787,0.076094925,-0.15687637
23.832031,0.052301962,-0.14702111,0.072742164,-0.15370907
23.833984,0.052998804,-0.093548536,0.079034179,-0.14941888
23.835938,0.052392337,-0.15557362,0.072477669,-0.15482864
23.837891,0.060875949,-0.22832854,0.070844129,-0.16824219
23.839844,0.05493689,-0.19004764,0.054512456,-0.17923126
23.841797,0.04687874,-0.11901963,0.053080082,-0.17928667
23.84375,0.050130624,-0.14005622,0.084299877,-0.16387375
23.845703,0.049704242,-0.1883893,0.076050222,-0.14913662
23.847656,0.056817528,-0.17426324,0.053614661,-0.16528831
23.849609,0.047198385,-0.12976779,0.066183791,-0.19934015
23.851563,0.046815675,-0.12198018,0.065377265,-0.19631411
23.853516,0.059389073,-0.15219723,0.064054787,-0.16062123
23.855469,0.065482438,-0.16823892,0.07849215,-0.15281232
23.857422,0.053998604,-0.14263214,0.084486142,-0.18286185
23.859375,0.052731525,-0.12633143,0.071294889,-0.20857485
23.861328,0.055819895,-0.14533426,0.059509933,-0.19596568
23.863281,0.045726929,-0.15176882,0.064296931,-0.17946421
23.865234,0.062110819,-0.14783375,0.064077139,-0.18292198
23.867188,0.059289027,-0.11908354,0.069616646,-0.18344009
23.869141,0.056417864,-0.11435882,0.054173455,-0.184504
23.871094,0.055898234,-0.17191188,0.058410972,-0.20011455
23.873047,0.05633264,-0.19663994,0.088570923,-0.2031184
23.875,0.05830254,-0.15158564,0.071330279,-0.18310632
23.876953,0.055012885,-0.10845144,0.05417718,-0.18352361
23.878906,0.05963907,-0.15307361,0.068886489,-0.21015595
23.880859,0.058579013,-0.21372476,0.074101895,-0.22178961
23.882813,0.050989576,-0.19702266,0.066586122,-0.19068961
23.884766,0.054834336,-0.15476798,0.062849656,-0.17344309
23.886719,0.063339852,-0.15817918,0.067679495,-0.19741033
23.888672,0.045134388,-0.1841615,0.081658646,-0.21807946
23.890625,0.051499706,-0.20916897,0.070015252,-0.21009116
23.892578,0.053722151,-0.21892993,0.055833071,-0.18531571
23.894531,0.054920271,-0.1782188,0.062017053,-0.19431357
23.896484,0.062988125,-0.157502,0.052467272,-0.21623643
23.898438,0.051124927,-0.20005465,0.049317539,-0.21073133
23.900391,0.053217657,-0.24670261,0.053223506,-0.19134974
23.902344,0.050345916,-0.22781131,0.068148881,-0.18688126
23.904297,0.052193027,-0.17014167,0.076325893,-0.19735503
23.90625,0.05639429,-0.16636899,0.062799364,-0.19943561
23.908203,0.053551141,-0.21160485,0.059232399,-0.20244232
23.910156,0.051964536,-0.2372158,0.055467993,-0.20281591
23.912109,0.05027796,-0.21096987,0.058546945,-0.18661816
23.914063,0.060223747,-0.17375676,0.078043252,-0.17065285
23.916016,0.052004483,-0.17226328,0.077909142,-0.17707089
23.917969,0.049993865,-0.21316871,0.060197249,-0.19640625
23.919922,0.061854683,-0.23845458,0.06665504,-0.19938153
23.921875,0.047122698,-0.20445241,0.080947116,-0.18145724
23.923828,0.049650207,-0.16462415,0.076270014,-0.16522981
23.925781,0.051983822,-0.18077044,0.060776532,-0.17747542
23.927734,0.050385244,-0.22142151,0.067308828,-0.20104097
23.929688,0.051652666,-0.2079781,0.065710679,-0.19345716
23.931641,0.053497586,-0.17684969,0.051886126,-0.17164965
23.933594,0.058442991,-0.1710635,0.067942128,-0.17402756
23.935547,0.051131684,-0.19423416,0.074547067,-0.18779932
23.9375,0.050915852,-0.22345214,0.063836858,-0.18883343
23.939453,0.052871898,-0.2017695,0.066438973,-0.18605919
23.941406,0.048060957,-0.16010411,0.068528861,-0.19716156
23.943359,0.052480135,-0.1578382,0.062275961,-0.19354656
23.945313,0.058973584,-0.20787111,0.052729905,-0.17613398
23.947266,0.054211125,-0.21344607,0.050351307,-0.18049082
23.949219,0.048906896,-0.16996332,0.05847244,-0.1929369
23.951172,0.051062353,-0.16779211,0.063978419,-0.18959199
23.953125,0.063206226,-0.18702392,0.067564011,-0.1627142
23.955078,0.052310042,-0.19186273,0.052022099,-0.15970376
23.957031,0.048869569,-0.18184018,0.07156311,-0.19111407
23.958984,0.047580045,-0.18383303,0.081474245,-0.19666964
23.960938,0.053205132,-0.17808998,0.071395472,-0.15998717
23.962891,0.065655112,-0.16807145,0.079812765,-0.14826187
23.964844,0.050722435,-0.17711914,0.056095704,-0.18130368
23.966797,0.054659735,-0.19260865,0.054877535,-0.20042491
23.96875,0.064532392,-0.19683588,0.07618247,-0.17583095
23.970703,0.051479049,-0.18063901,0.075752199,-0.14389299
23.972656,0.049612015,-0.18048453,0.056004435,-0.15682085
23.974609,0.055534597,-0.19243106,0.065632448,-0.1890761
23.976563,0.05522747,-0.18567647,0.063656181,-0.19319609
23.978516,0.061569292,-0.19223246,0.061286896,-0.17203331
23.980469,0.0514156,-0.20645916,0.074075818,-0.16254877
23.982422,0.053713933,-0.20023048,0.062924162,-0.1664371
23.984375,0.059695438,-0.20456812,0.069659486,-0.17839406
23.986328,0.058748126,-0.21302623,0.064935818,-0.19157943
23.988281,0.058466032,-0.20665778,0.072608054,-0.19112524
23.990234,0.055637047,-0.20778927,0.072991759,-0.16238992
23.992188,0.050168935,-0.22921394,0.065777734,-0.15084741
23.994141,0.04905358,-0.25340882,0.079226032,-0.18065333
23.996094,0.052523959,-0.25002238,0.057982564,-0.19852798
23.998047,0.050082538,-0.21023516,0.055440053,-0.18715851
24.0,0.062858269,-0.20488709,0.064108804,-0.15922458
24.001953,0.058693562,-0.25814682,0.058561847,-0.15809588
24.003906,0.058023889,-0.28213158,0.066818953,-0.18396989
24.005859,0.056353845,-0.26198444,0.063279927,-0.19847879
24.007813,0.050989788,-0.24739778,0.067442939,-0.17872626
24.009766,0.055842556,-0.26507384,0.069765657,-0.15597463
24.011719,0.051256392,-0.27300993,0.064172134,-0.16871122
24.013672,0.052502409,-0.25366342,0.074737057,-0.19892763
24.015625,0.053538926,-0.25468048,0.067277163,-0.19530578
24.017578,0.05306967,-0.26380095,0.061290622,-0.16773699
24.019531,0.051829178,-0.26488882,0.065382853,-0.16345041
24.021484,0.05313234,-0.26222003,0.052951559,-0.17842899
24.023438,0.057083502,-0.25404334,0.056932032,-0.19242071
24.025391,0.052098479,-0.24920397,0.066643864,-0.18074676
24.027344,0.045459889,-0.23603979,0.060608894,-0.16438127
24.029297,0.052404709,-0.23589979,0.072485119,-0.16492726
24.03125,0.047008935,-0.24072462,0.083538055,-0.17202586
24.033203,0.04179002,-0.21516448,0.072144255,-0.18016019
24.035156,0.058139242,-0.21953489,0.07262668,-0.1877676
24.037109,0.055631932,-0.2312341,0.066587985,-0.17854488
24.039063,0.045434892,-0.21693596,0.060985148,-0.16272858
24.041016,0.058125719,-0.22272234,0.065025225,-0.17116962
24.042969,0.053133182,-0.22414854,0.065963998,-0.18292733
24.044922,0.045553084,-0.21158354,0.083416983,-0.18417321
24.046875,0.050715253,-0.2045811,0.070337489,-0.1729804
24.048828,0.049807277,-0.1979697,0.059757665,-0.17021461
24.050781,0.050913196,-0.19663721,0.06826809,-0.19507375
24.052734,0.048460234,-0.19977076,0.060694575,-0.20240897
24.054688,0.059242699,-0.19759053,0.077348486,-0.18444015
24.056641,0.048996679,-0.1857703,0.0727254,-0.17564718
24.058594,0.046036504,-0.19196337,0.058062658,-0.19114608
24.060547,0.055412266,-0.21049984,0.058321565,-0.21637747
24.0625,0.05258929,-0.18643877,0.07012701,-0.21901509
24.064453,0.055885844,-0.15613742,0.080291465,-0.18755071
24.066406,0.061249293,-0.17412819,0.080965742,-0.17399839
24.068359,0.062368352,-0.21160007,0.089617729,-0.20333651
24.070313,0.049215402,-0.20566924,0.077607393,-0.22794572
24.072266,0.040975545,-0.18480505,0.07532379,-0.23209371
24.074219,0.041656729,-0.19404075,0.078767821,-0.22413707
24.076172,0.057553653,-0.18744075,0.066900909,-0.22315395
24.078125,0.054879494,-0.16583966,0.063495994,-0.22823548
24.080078,0.044834819,-0.18702503,0.066772386,-0.24551995
24.082031,0.055429395,-0.22342397,0.04943116,-0.26304284
24.083984,0.062659539,-0.20345508,0.042654857,-0.25220376
24.085938,0.053005815,-0.16663641,0.062806815,-0.24416773
24.087891,0.052256256,-0.17875116,0.065926746,-0.24457681
24.089844,0.054522324,-0.20900542,0.04871963,-0.26354873
24.091797,0.049574245,-0.20180337,0.050947353,-0.28437579
24.09375,0.051660202,-0.18218285,0.061704129,-0.27162585
24.095703,0.05042664,-0.17949797,0.062492028,-0.24567007
24.097656,0.059019268,-0.1814591,0.074215516,-0.24027248
24.099609,0.054126207,-0.19674665,0.071311653,-0.26416096
24.101563,0.051375017,-0.22063029,0.055628181,-0.27061263
24.103516,0.057099439,-0.20936228,0.056501761,-0.25579163
24.105469,0.041614398,-0.16972245,0.071151465,-0.23818205
24.107422,0.047211457,-0.17513774,0.06735912,-0.23374571
24.109375,0.053373568,-0.21688667,0.06614095,-0.23878404
24.111328,0.048340105,-0.20180361,0.076467454,-0.24235538
24.113281,0.054344364,-0.15528981,0.059660807,-0.25063732
24.115234,0.03998515,-0.17733288,0.061132297,-0.24400876
24.117188,0.044933669,-0.22063565,0.074854404,-0.23472953
24.119141,0.053630088,-0.20180996,0.08131592,-0.22982012
24.121094,0.041228503,-0.14110257,0.071330279,-0.23740843
24.123047,0.052700333,-0.12462328,0.060422629,-0.25759909
24.125,0.057177208,-0.17700686,0.055413976,-0.25325626
24.126953,0.048828762,-0.19050625,0.052945971,-0.23071297
24.128906,0.050162632,-0.1537856,0.073097929,-0.22777523
24.130859,0.051163435,-0.13467969,0.073600844,-0.23831984
24.132813,0.046768118,-0.12260591,0.071386158,-0.2481875
24.134766,0.052936308,-0.13558866,0.065312073,-0.24863924
24.136719,0.053694524,-0.15206452,0.072542861,-0.24210759
24.138672,0.043179814,-0.12930864,0.062370956,-0.24450859
24.140625,0.057772391,-0.11167347,0.054562747,-0.24415876
24.142578,0.05582558,-0.11538386,0.071829468,-0.24402703
24.144531,0.045292132,-0.13387945,0.060485959,-0.24351551
24.146484,0.058669511,-0.13870685,0.058949277,-0.23925303
24.148438,0.056935269,-0.11184809,0.055464268,-0.2417957
24.150391,0.056540422,-0.097602695,0.052556679,-0.24147755
24.152344,0.059446894,-0.12843622,0.063780978,-0.2389738
24.154297,0.053430211,-0.15008907,0.060009122,-0.23858508
24.15625,0.050500792,-0.12553959,0.05799374,-0.23759638
24.158203,0.058026031,-0.12273269,0.069311172,-0.23739363
24.160156,0.06187278,-0.13412254,0.058591649,-0.23375124
24.162109,0.061398081,-0.12903599,0.062115774,-0.23641278
24.164063,0.05763863,-0.14215158,0.081142694,-0.2322571
24.166016,0.041260958,-0.17598863,0.083342478,-0.22273253
24.167969,0.04697505,-0.18620093,0.068795219,-0.22096685
24.169922,0.058287524,-0.14583741,0.058608413,-0.23052099
24.171875,0.050168213,-0.10945669,0.068506509,-0.24536501
24.173828,0.051295958,-0.15391815,0.064691812,-0.23037991
24.175781,0.062154226,-0.22443236,0.074744508,-0.2141739
24.177734,0.052416965,-0.20072368,0.082461447,-0.22268631
24.179688,0.052223586,-0.14705366,0.068312794,-0.24705756
24.181641,0.053973436,-0.15351674,0.066785425,-0.26147291
24.183594,0.04244316,-0.17421836,0.060741141,-0.24860553
24.185547,0.049262464,-0.18953693,0.054700583,-0.23501615
24.1875,0.060998805,-0.18245277,0.066466913,-0.23398709
24.189453,0.062646806,-0.14811635,0.07740064,-0.24345882
24.191406,0.047776729,-0.14789778,0.062804952,-0.25298712
24.193359,0.049121719,-0.20621994,0.06482406,-0.25636405
24.195313,0.057597063,-0.23388965,0.081334546,-0.26012191
24.197266,0.053690452,-0.1610363,0.074949399,-0.25207973
24.199219,0.050005134,-0.10760592,0.069521651,-0.25030771
24.201172,0.04742226,-0.18065141,0.055594653,-0.2717028
24.203125,0.056682635,-0.24866118,0.052603245,-0.27494752
24.205078,0.049794201,-0.19355558,0.06319052,-0.26359722
24.207031,0.044064194,-0.12162361,0.070249945,-0.24620593
24.208984,0.051011018,-0.1508382,0.065714404,-0.25204065
24.210938,0.045589063,-0.21447431,0.058474302,-0.2780529
24.212891,0.053434748,-0.20551981,0.070879519,-0.27594125
24.214844,0.055918355,-0.15354306,0.064781219,-0.26425105
24.216797,0.048269078,-0.12630489,0.059949517,-0.2528632
24.21875,0.053718999,-0.16585578,0.064533487,-0.26187804
24.220703,0.051740248,-0.20974919,0.052893817,-0.27888882
24.222656,0.050399806,-0.18646076,0.054806754,-0.26942566
24.224609,0.048653997,-0.13303964,0.048669338,-0.26120168
24.226563,0.04246429,-0.1195769,0.057984427,-0.25505808
24.228516,0.048664574,-0.17983598,0.075364769,-0.24724296
24.230469,0.046300597,-0.20679019,0.063546285,-0.25065589
24.232422,0.049652044,-0.1451686,0.078641161,-0.26394185
24.234375,0.04782233,-0.09859921,0.081984609,-0.2688213
24.236328,0.044999216,-0.13195255,0.073395953,-0.24934658
24.238281,0.063864969,-0.18775135,0.072885588,-0.24758038
24.240234,0.053367354,-0.16506648,0.059759527,-0.26532662
24.242188,0.04162908,-0.099511445,0.058194906,-0.27527529
24.244141,0.059081163,-0.11241224,0.06810604,-0.26175883
24.246094,0.059928548,-0.15111847,0.080753401,-0.23431079
24.248047,0.054463942,-0.13976926,0.073334485,-0.24429958
24.25,0.053124286,-0.12403072,0.05857861,-0.27815261
24.251953,0.050367743,-0.12416565,0.066839442,-0.29356572
24.253906,0.052112903,-0.14144912,0.070689529,-0.27769527
24.255859,0.047870614,-0.14669684,0.056730866,-0.26095551
24.257813,0.055620708,-0.13390717,0.056745768,-0.273285
24.259766,0.052704141,-0.12932809,0.064187035,-0.29227969
24.261719,0.045329604,-0.13956238,0.050876573,-0.29604489
24.263672,0.058881588,-0.16422328,0.033822194,-0.28622341
24.265625,0.049284644,-0.15555313,0.055155069,-0.28088513
24.267578,0.048256259,-0.12249765,0.06296514,-0.27437145
24.269531,0.059818495,-0.12558115,0.050470516,-0.27245072
24.271484,0.045190755,-0.16088851,0.06694375,-0.28564015
24.273438,0.047536749,-0.16695468,0.069666937,-0.28472745
24.275391,0.044734694,-0.13868007,0.06912677,-0.26771924
24.277344,0.042456683,-0.12238543,0.076659307,-0.25666207
24.279297,0.060235675,-0.13977182,0.067856446,-0.27679044
24.28125,0.052743498,-0.1512091,0.05369848,-0.29607925
24.283203,0.044968925,-0.13197631,0.062428698,-0.27990624
24.285156,0.052969757,-0.14093329,0.073498398,-0.25061452
24.287109,0.058668114,-0.14572477,0.058595374,-0.24593945
24.289063,0.052363742,-0.12267576,0.06915471,-0.27687544
24.291016,0.055792954,-0.11831531,0.080263525,-0.28652737
24.292969,0.055066425,-0.13895458,0.062067345,-0.26538128
24.294922,0.046094976,-0.15200812,0.063617066,-0.25382218
24.296875,0.049142938,-0.14080431,0.068068787,-0.27463153
24.298828,0.050934002,-0.12533364,0.064255953,-0.29294086
24.300781,0.058773864,-0.11729598,0.067731649,-0.27838084
24.302734,0.061701372,-0.13875365,0.067789391,-0.2700685
24.304688,0.052602187,-0.16742156,0.058180004,-0.27344328
24.306641,0.045244664,-0.16638628,0.06476073,-0.2794354
24.308594,0.056662619,-0.14135122,0.063414037,-0.28578329
24.310547,0.05396631,-0.12853424,0.056553915,-0.2822257
24.3125,0.047757879,-0.14239116,0.070225731,-0.27871811
24.314453,0.059457839,-0.17133905,0.065833613,-0.27407074
24.316406,0.061598063,-0.17138667,0.071082547,-0.26923183
24.318359,0.049567133,-0.1512102,0.066783562,-0.28632852
24.320313,0.048721112,-0.17713264,0.066215456,-0.29714859
24.322266,0.055675421,-0.19484389,0.079877958,-0.28233764
24.324219,0.051297717,-0.16973916,0.064470157,-0.26738596
24.326172,0.050204709,-0.15179583,0.063881561,-0.27777404
24.328125,0.046782698,-0.18080013,0.057412595,-0.30611396
24.330078,0.047642242,-0.20269029,0.052180424,-0.29801673
24.332031,0.04214352,-0.18343274,0.066075757,-0.26787063
24.333984,0.046040602,-0.17406346,0.055827484,-0.26451892
24.335938,0.051723629,-0.16954312,0.04824093,-0.28881323
24.337891,0.054486848,-0.16638221,0.052592069,-0.30871129
24.339844,0.052647509,-0.1761625,0.049753398,-0.29505369
24.341797,0.04356325,-0.18871258,0.054041207,-0.27074128
24.34375,0.045834005,-0.17049359,0.061195627,-0.26787913
24.345703,0.050823152,-0.14371067,0.063497856,-0.27476808
24.347656,0.052650332,-0.14980048,0.063184932,-0.2773228
24.349609,0.053253453,-0.16162547,0.078659788,-0.2728509
24.351563,0.058663774,-0.15785252,0.067612439,-0.26013845
24.353516,0.049918707,-0.1528548,0.052437469,-0.25575012
24.355469,0.045430414,-0.16422242,0.077480733,-0.26107582
24.357422,0.051142421,-0.16198148,0.068309069,-0.2666299
24.359375,0.056833405,-0.13519262,0.053510353,-0.26339272
24.361328,0.056554809,-0.12935731,0.0727254,-0.25497979
24.363281,0.054776836,-0.16547748,0.074286297,-0.25235912
24.365234,0.056990698,-0.18849984,0.058086872,-0.25778157
24.367188,0.051889025,-0.15644284,0.046748951,-0.27320147
24.369141,0.048511527,-0.14507349,0.041488841,-0.27195561
24.371094,0.052543636,-0.17106786,0.06402126,-0.24649155
24.373047,0.057661146,-0.17501219,0.061454535,-0.23150279
24.375,0.056014474,-0.16428271,0.065798223,-0.25203788
24.376953,0.044740394,-0.17456132,0.081271216,-0.27686629
24.378906,0.052764684,-0.196952,0.057632387,-0.26749527
24.380859,0.057376761,-0.19004339,0.055317119,-0.2458366
24.382813,0.040857602,-0.1691324,0.057224467,-0.24623863
24.384766,0.059278745,-0.1791511,0.06242311,-0.25979102
24.386719,0.056427766,-0.19983706,0.054549709,-0.2531178
24.388672,0.043867894,-0.19216332,0.054981843,-0.23687541
24.390625,0.053820889,-0.20207293,0.08253409,-0.24292541
24.392578,0.046270169,-0.21365684,0.080550373,-0.24801223
24.394531,0.052591737,-0.18124722,0.086561128,-0.24230951
24.396484,0.04759052,-0.17114377,0.071304202,-0.2580705
24.398438,0.046987277,-0.21274891,0.057038203,-0.27103058
24.400391,0.052305337,-0.22816004,0.074751958,-0.26481894
24.402344,0.049063902,-0.175809,0.050502181,-0.24912126
24.404297,0.060700908,-0.16743378,0.054441676,-0.245332
24.40625,0.051725283,-0.2129073,0.0547546,-0.26444378
24.408203,0.049890175,-0.21472524,0.049988091,-0.27200025
24.410156,0.052472435,-0.19280942,0.078046978,-0.25709483
24.412109,0.049521741,-0.18887377,0.063885286,-0.25320384
24.414063,0.057204634,-0.19487539,0.04952988,-0.27184856
24.416016,0.05669342,-0.19070585,0.064252228,-0.28533307
24.417969,0.057499561,-0.20022956,0.068681598,-0.27481249
24.419922,0.056347888,-0.23276536,0.052308947,-0.24989635
24.421875,0.058056224,-0.23544583,0.059254751,-0.25697109
24.423828,0.050789274,-0.20814079,0.058044031,-0.27799064
24.425781,0.045624174,-0.22670293,0.049956426,-0.27872464
24.427734,0.049717564,-0.26260185,0.068616405,-0.26390776
24.429688,0.044256575,-0.25658202,0.069855064,-0.25548255
24.431641,0.047940984,-0.23155162,0.078611359,-0.25958887
24.433594,0.04139642,-0.22906651,0.082146659,-0.26142019
24.435547,0.043996859,-0.26294914,0.061009362,-0.27738398
24.4375,0.054793362,-0.26751867,0.062143713,-0.28406674
24.439453,0.044710495,-0.24854966,0.060828686,-0.27122486
24.441406,0.044575602,-0.24209693,0.055482894,-0.25559291
24.443359,0.050086707,-0.24218506,0.065865278,-0.25934887
24.445313,0.050975531,-0.23255023,0.054026306,-0.28551722
24.447266,0.049674172,-0.21975014,0.046951979,-0.28968465
24.449219,0.054587215,-0.23117822,0.064339772,-0.26538065
24.451172,0.048839439,-0.22846755,0.06444408,-0.25433892
24.453125,0.042045284,-0.21685477,0.06601429,-0.2736977
24.455078,0.049352743,-0.22567771,0.070981964,-0.29064992
24.457031,0.047524761,-0.21700995,0.06842269,-0.2814495
24.458984,0.049139854,-0.18718103,0.074709117,-0.2677047
24.460938,0.049802087,-0.19146068,0.06688787,-0.27378279
24.462891,0.047296815,-0.22566229,0.054605588,-0.28897306
24.464844,0.05443098,-0.22695979,0.053843766,-0.28660315
24.466797,0.064647026,-0.17834085,0.054776952,-0.27571353
24.46875,0.049376767,-0.16398691,0.052079841,-0.27324328
24.470703,0.049093194,-0.21610714,0.075552896,-0.26965192
24.472656,0.06052145,-0.24208221,0.085605592,-0.27158231
24.474609,0.045788083,-0.19701818,0.071412235,-0.27819389
24.476563,0.057144132,-0.17132759,0.082072154,-0.29740754
24.478516,0.057669338,-0.21312651,0.067357257,-0.30452237
24.480469,0.048089746,-0.232256,0.063007981,-0.29120785
24.482422,0.053363182,-0.22922868,0.058695957,-0.29320145
24.484375,0.046835303,-0.23203667,0.052947834,-0.30492499
24.486328,0.04676171,-0.21502723,0.070097208,-0.31736928
24.488281,0.04884718,-0.20806943,0.051526636,-0.31629062
24.490234,0.056905787,-0.23287806,0.048773646,-0.31520134
24.492188,0.056324404,-0.2494549,0.067431763,-0.32496032
24.494141,0.044652537,-0.23071593,0.063747451,-0.31620485
24.496094,0.056311484,-0.2235394,0.059418663,-0.30761629
24.498047,0.051960785,-0.2472039,0.060234502,-0.32035887
24.5,0.033613048,-0.25251511,0.058526456,-0.30981195
24.501953,0.045437187,-0.24032439,0.076046497,-0.28960013
24.503906,0.045969278,-0.22094613,0.066293687,-0.29221594
24.505859,0.042261913,-0.20909202,0.05622609,-0.29258609
24.507813,0.057992321,-0.23491848,0.079771787,-0.28633261
24.509766,0.052804422,-0.23585549,0.055352509,-0.27785915
24.511719,0.051312193,-0.21911247,0.054771364,-0.26267055
24.513672,0.048733827,-0.23094958,0.07605581,-0.26600561
24.515625,0.044186596,-0.23041372,0.074960575,-0.28280756
24.517578,0.059138726,-0.20591801,0.063909501,-0.28571472
24.519531,0.047674768,-0.19225138,0.060996324,-0.29071495
24.521484,0.047311384,-0.20969459,0.06954214,-0.29599833
24.523438,0.052176423,-0.22485361,0.053990915,-0.29466957
24.525391,0.040297873,-0.20920466,0.057848454,-0.2979863
24.527344,0.050561499,-0.19698465,0.063551873,-0.30097002
24.529297,0.053949013,-0.20582238,0.058276862,-0.29426804
24.53125,0.046714883,-0.1951535,0.064863175,-0.29164562
24.533203,0.044527151,-0.19787844,0.065138847,-0.29469261
24.535156,0.047808625,-0.22268793,0.055872187,-0.29563382
24.537109,0.046249092,-0.20346195,0.058686644,-0.29933193
24.539063,0.04937765,-0.16758199,0.051154107,-0.30054733
24.541016,0.057452112,-0.17457505,0.051206261,-0.29258665
24.542969,0.043339208,-0.21495312,0.065025225,-0.29001755
24.544922,0.046559177,-0.21445993,0.054991156,-0.28809664
24.546875,0.05945985,-0.18285823,0.050116614,-0.27566233
24.548828,0.057224359,-0.16615194,0.052640498,-0.27748358
24.550781,0.057390887,-0.17718421,0.057131335,-0.27859041
24.552734,0.055008117,-0.21672538,0.059547186,-0.27030599
24.554688,0.048896946,-0.2235256,0.059932753,-0.26293877
24.556641,0.049751353,-0.20255588,0.051927105,-0.25677359
24.558594,0.062385209,-0.18551186,0.053109884,-0.26312917
24.560547,0.052361846,-0.18934548,0.060104117,-0.26235762
24.5625,0.046948001,-0.23289058,0.060783982,-0.25553241
24.564453,0.053178065,-0.2682341,0.058519006,-0.24766386
24.566406,0.052428856,-0.2410908,0.051854461,-0.24007718
24.568359,0.048038196,-0.19336757,0.072721675,-0.24781357
24.570313,0.039587863,-0.22116022,0.071099311,-0.24820402
24.572266,0.049829401,-0.27614346,0.070691392,-0.23172456
24.574219,0.050404381,-0.26339179,0.072133079,-0.22996332
24.576172,0.051540039,-0.21711065,0.055279866,-0.24431086
24.578125,0.050546031,-0.21809162,0.060245678,-0.24894139
24.580078,0.044373486,-0.2658346,0.063821957,-0.24242692
24.582031,0.056046098,-0.26847979,0.066051543,-0.23074847
24.583984,0.04915268,-0.24276608,0.063184932,-0.22965284
24.585938,0.047417909,-0.22280139,0.065518826,-0.24425073
24.587891,0.054639112,-0.22058909,0.058675468,-0.2539171
24.589844,0.047491167,-0.24751298,0.066306725,-0.24593934
24.591797,0.047592007,-0.25639263,0.075599462,-0.23024312
24.59375,0.048277214,-0.24249722,0.061082006,-0.23293732
24.595703,0.055623576,-0.21113138,0.062333703,-0.25190592
24.597656,0.051992796,-0.2182705,0.068055749,-0.26790261
24.599609,0.048295841,-0.2617479,0.072831571,-0.26412421
24.601563,0.052362151,-0.26609042,0.062970728,-0.2420176
24.603516,0.052376993,-0.21548223,0.052979499,-0.2451309
24.605469,0.054382067,-0.19821982,0.068262503,-0.27539632
24.607422,0.049389016,-0.24939874,0.068633169,-0.27925688
24.609375,0.052352056,-0.26563197,0.043619707,-0.25509277
24.611328,0.051455721,-0.23426817,0.041265324,-0.25353602
24.613281,0.052856222,-0.2229504,0.059606791,-0.27106601
24.615234,0.050159495,-0.2534079,0.073671624,-0.27467898
24.617188,0.042060457,-0.26695213,0.067798704,-0.26912716
24.619141,0.045937005,-0.25789973,0.057185352,-0.26642081
24.621094,0.046855651,-0.2529887,0.059513658,-0.27741489
24.623047,0.051575325,-0.23082985,0.04811427,-0.281481
24.625,0.049728338,-0.23422533,0.045378044,-0.26691365
24.626953,0.04202399,-0.26936287,0.039257392,-0.26170924
24.628906,0.054819111,-0.27792585,0.047715664,-0.26020265
24.630859,0.052472297,-0.24240439,0.064356536,-0.25361028
24.632813,0.048168484,-0.20337474,0.057861492,-0.25835875
24.634766,0.051818851,-0.24109407,0.069698602,-0.27054679
24.636719,0.045642044,-0.27759948,0.070261121,-0.2707659
24.638672,0.054698825,-0.25138628,0.076685384,-0.25370309
24.640625,0.0519116,-0.22073804,0.066561908,-0.24619563
24.642578,0.043049309,-0.22289713,0.053702205,-0.26413727
24.644531,0.041409027,-0.26110476,0.065388441,-0.2740694
24.646484,0.044125237,-0.25966528,0.061089456,-0.25078627
24.648438,0.049654707,-0.23216961,0.049680755,-0.23143311
24.650391,0.05227071,-0.20778264,0.051271453,-0.25195813
24.652344,0.044898093,-0.21258384,0.061186314,-0.26891476
24.654297,0.043250505,-0.25761703,0.059891775,-0.26027849
24.65625,0.048558388,-0.26386327,0.06832397,-0.2415808
24.658203,0.054416776,-0.21025914,0.068960994,-0.24796881
24.660156,0.049540125,-0.16238748,0.070421308,-0.27599713
24.662109,0.03740181,-0.19984114,0.060184211,-0.27689388
24.664063,0.053020775,-0.26679242,0.051006958,-0.26339757
24.666016,0.045983434,-0.23807222,0.054491967,-0.2591123
24.667969,0.043617569,-0.15526134,0.047266766,-0.26709735
24.669922,0.052681964,-0.15275964,0.051491246,-0.26107228
24.671875,0.048790812,-0.21372448,0.066256434,-0.26036948
24.673828,0.055458583,-0.23354925,0.067461565,-0.26828822
24.675781,0.054748472,-0.1979349,0.059839621,-0.26712233
24.677734,0.052842882,-0.16288812,0.048794135,-0.26995623
24.679688,0.053800445,-0.17713852,0.037038982,-0.27587017
24.681641,0.052320439,-0.22579576,0.061199352,-0.27948582
24.683594,0.050786793,-0.23292835,0.06428203,-0.26423541
24.685547,0.052508824,-0.18736298,0.04340364,-0.24888028
24.6875,0.05097802,-0.16573669,0.049446061,-0.25891137
24.689453,0.043117773,-0.20507704,0.051200673,-0.28214893
24.691406,0.037806228,-0.2584981,0.050057009,-0.2701124
24.693359,0.044554546,-0.23688425,0.052223265,-0.23888417
24.695313,0.044677638,-0.16800451,0.054572061,-0.23430665
24.697266,0.047661353,-0.16554554,0.063408449,-0.25446177
24.699219,0.049406786,-0.23134953,0.057272896,-0.26818117
24.701172,0.046154797,-0.26040295,0.068787768,-0.25558358
24.703125,0.047859889,-0.20818008,0.073153809,-0.23738566
24.705078,0.047367454,-0.16273555,0.05549407,-0.23667797
24.707031,0.053892557,-0.17501895,0.056546465,-0.25600785
24.708984,0.050662868,-0.20957246,0.055372998,-0.26241076
24.710938,0.050160591,-0.22056882,0.061495513,-0.24600208
24.712891,0.050651409,-0.19518289,0.052497074,-0.22564273
24.714844,0.044679176,-0.16602354,0.057602584,-0.23460153
24.716797,0.037697505,-0.18072434,0.068372399,-0.25990376
24.71875,0.042753704,-0.2207232,0.055346921,-0.26064783
24.720703,0.053496905,-0.20316771,0.05138135,-0.25367275
24.722656,0.048489291,-0.1540373,0.057233781,-0.24218279
24.724609,0.050968725,-0.15423736,0.068256915,-0.24339177
24.726563,0.049194131,-0.19409388,0.060815647,-0.25843611
24.728516,0.048088282,-0.21165985,0.055350646,-0.26179475
24.730469,0.054203726,-0.18013574,0.054583237,-0.2629194
24.732422,0.054684028,-0.15010571,0.059549049,-0.25241488
24.734375,0.046804599,-0.15572339,0.061400518,-0.24385737
24.736328,0.040998794,-0.19015707,0.05642353,-0.25658721
24.738281,0.055714868,-0.20937619,0.069642723,-0.27257231
24.740234,0.056154802,-0.16760789,0.068187997,-0.26184139
24.742188,0.053311896,-0.13627808,0.060444981,-0.24535201
24.744141,0.06024057,-0.18038341,0.058466852,-0.26283336
24.746094,0.046368912,-0.23682384,0.056075215,-0.28010967
24.748047,0.041442212,-0.22551677,0.054490104,-0.26869062
24.75,0.051244471,-0.17664003,0.05164212,-0.25222147
24.751953,0.048261184,-0.14630313,0.057021439,-0.25272116
24.753906,0.046067856,-0.17254128,0.057686403,-0.26523146
24.755859,0.04504301,-0.24332948,0.052124545,-0.2712298
24.757813,0.05195827,-0.24184193,0.064449668,-0.26908445
24.759766,0.060748555,-0.17300984,0.070143774,-0.26544508
24.761719,0.054077044,-0.15686928,0.066820815,-0.2637755
24.763672,0.051081669,-0.22481804,0.071525857,-0.26880056
24.765625,0.052323576,-0.27305281,0.045657441,-0.28063214
24.767578,0.055042673,-0.22624838,0.057023302,-0.28454295
24.769531,0.054432739,-0.17681012,0.058273137,-0.27552187
24.771484,0.052181944,-0.19637394,0.041313753,-0.26111856
24.773438,0.054404721,-0.25512096,0.06357795,-0.25769803
24.775391,0.052964281,-0.28501356,0.046426713,-0.2827034
24.777344,0.048737586,-0.26368383,0.057297111,-0.29167187
24.779297,0.037575681,-0.24748899,0.07082364,-0.28041393
24.78125,0.041824583,-0.26417875,0.064453393,-0.26830709
24.783203,0.053373482,-0.27511027,0.053925723,-0.27263808
24.785156,0.043784797,-0.25366476,0.046270251,-0.29443219
24.787109,0.044840727,-0.25636438,0.059141129,-0.29264611
24.789063,0.043417294,-0.27315357,0.056730866,-0.27315053
24.791016,0.044757459,-0.26966348,0.061391205,-0.25760591
24.792969,0.052546632,-0.26370698,0.061640799,-0.27502057
24.794922,0.053083494,-0.23374926,0.069951922,-0.29215354
24.796875,0.048103791,-0.22179084,0.06742245,-0.28712422
24.798828,0.04478386,-0.25436029,0.05449383,-0.27727938
24.800781,0.053547554,-0.2733697,0.066673666,-0.27676961
24.802734,0.048081744,-0.23056914,0.066628963,-0.29181629
24.804688,0.044991747,-0.19123332,0.050714523,-0.29453027
24.806641,0.047132064,-0.23041739,0.059161618,-0.2996065
24.808594,0.0517205,-0.26016393,0.053901508,-0.30163091
24.810547,0.050990533,-0.23192957,0.056077078,-0.29554471
24.8125,0.044462297,-0.20616767,0.06479612,-0.29864526
24.814453,0.051967524,-0.22564919,0.03627716,-0.30789208
24.816406,0.050678656,-0.24480125,0.043064639,-0.31871083
24.818359,0.050360397,-0.23686562,0.060957208,-0.31031889
24.820313,0.060273867,-0.22782482,0.06101495,-0.29463074
24.822266,0.052808173,-0.21343769,0.058712721,-0.30355731
24.824219,0.047003221,-0.23153393,0.062896222,-0.32298008
24.826172,0.056216236,-0.26571685,0.052742943,-0.31540129
24.828125,0.052087788,-0.25710425,0.045858607,-0.30103615
24.830078,0.042950939,-0.22231226,0.055197909,-0.30590871
24.832031,0.047894895,-0.22726481,0.053763673,-0.29829434
24.833984,0.054133482,-0.26955545,0.066502303,-0.28650892
24.835938,0.05031307,-0.27355012,0.069884866,-0.28675273
24.837891,0.045632504,-0.25063187,0.062460363,-0.29242998
24.839844,0.053984664,-0.25877604,0.058662429,-0.30313081
24.841797,0.054869331,-0.27154821,0.060942307,-0.30372623
24.84375,0.053253893,-0.26828635,0.052027687,-0.29312345
24.845703,0.049219962,-0.27378693,0.054644704,-0.28694034
24.847656,0.046861753,-0.276537,0.060279205,-0.29218912
24.849609,0.059635106,-0.27486202,0.046132416,-0.2983104
24.851563,0.04924918,-0.26365331,0.060960934,-0.2983222
24.853516,0.037367471,-0.26462829,0.062031955,-0.29359773
24.855469,0.042066019,-0.28117236,0.053489864,-0.29208604
24.857422,0.048894517,-0.25838396,0.064321145,-0.30004993
24.859375,0.044280071,-0.23174685,0.064187035,-0.302764
24.861328,0.041528445,-0.24247336,0.0746402,-0.300078
24.863281,0.046549849,-0.24909797,0.063011706,-0.29997995
24.865234,0.042928912,-0.23991746,0.056833312,-0.30617267
24.867188,0.045690134,-0.23033503,0.074984789,-0.31528857
24.869141,0.054719221,-0.21700664,0.053391144,-0.31602421
24.871094,0.057015289,-0.19570158,0.03117165,-0.31588945
24.873047,0.046923656,-0.20965472,0.038881138,-0.32330027
24.875,0.043489117,-0.24804197,0.059061036,-0.31629702
24.876953,0.039816771,-0.23104055,0.066079482,-0.2864446
24.878906,0.032715399,-0.17787769,0.071481153,-0.28606474
24.880859,0.036292862,-0.16200347,0.076094925,-0.31287682
24.882813,0.04027573,-0.19880207,0.068307206,-0.30463412
24.884766,0.045818429,-0.19960301,0.059128091,-0.29416323
24.886719,0.049482152,-0.15480226,0.050504044,-0.30518046
24.888672,0.041141495,-0.14320944,0.04657945,-0.29355729
24.890625,0.046913266,-0.16682476,0.044700041,-0.28821689
24.892578,0.045973137,-0.17493646,0.056982324,-0.28527042
24.894531,0.041289654,-0.13267444,0.065803811,-0.27174348
24.896484,0.046964504,-0.098305382,0.053895921,-0.26327351
24.898438,0.042703174,-0.099006899,0.063104838,-0.27193442
24.900391,0.051295578,-0.11554661,0.061100632,-0.30148253
24.902344,0.043434121,-0.13014741,0.047182947,-0.2945489
24.904297,0.04795821,-0.11071211,0.054939002,-0.28750974
24.90625,0.052015565,-0.081861831,0.037266225,-0.28689605
24.908203,0.041797705,-0.07766518,0.03665714,-0.27760342
24.910156,0.053770967,-0.10999371,0.056449607,-0.28021476
24.912109,0.044234097,-0.11898924,0.057596996,-0.27271563
24.914063,0.051609546,-0.07672745,0.051580653,-0.27381599
24.916016,0.055869937,-0.071423799,0.035688564,-0.27733561
24.917969,0.042391431,-0.10498285,0.046983644,-0.27666727
24.919922,0.048867829,-0.12075724,0.064263403,-0.27165815
24.921875,0.048484813,-0.09895882,0.054048657,-0.2609497
24.923828,0.04812533,-0.08367686,0.055708274,-0.25609395
24.925781,0.045058236,-0.098883495,0.059029371,-0.26296809
24.927734,0.03898444,-0.10760754,0.063868523,-0.26827291
24.929688,0.046416581,-0.11120489,0.05045189,-0.25992787
24.931641,0.059659235,-0.10452929,0.045880958,-0.24796316
24.933594,0.0455282,-0.083690487,0.062145576,-0.24357174
24.935547,0.045241721,-0.085933805,0.046232998,-0.24913627
24.9375,0.058083821,-0.12773575,0.045901448,-0.24767485
24.939453,0.049451806,-0.12991703,0.045439512,-0.24549922
24.941406,0.05393846,-0.085161157,0.046812281,-0.23669229
24.943359,0.051913913,-0.073689826,0.054868221,-0.22418189
24.945313,0.046382464,-0.11052003,0.057192802,-0.22995535
24.947266,0.052330982,-0.14701378,0.058297351,-0.23624508
24.949219,0.047927968,-0.12144665,0.046983644,-0.22977833
24.951172,0.043842964,-0.084529489,0.03791815,-0.22326687
24.953125,0.046330594,-0.10186443,0.049311951,-0.21953151
24.955078,0.04986909,-0.14069581,0.064287618,-0.20916763
24.957031,0.057207748,-0.1435874,0.054011405,-0.20104714
24.958984,0.048360188,-0.11356277,0.050433263,-0.19933234
24.960938,0.04653028,-0.10818066,0.043193161,-0.21420138
24.962891,0.050903734,-0.13921326,0.055058211,-0.21553102
24.964844,0.047370169,-0.14920489,0.059901088,-0.18795118
24.966797,0.051060423,-0.13244033,0.047095403,-0.1786986
24.96875,0.054087445,-0.11377931,0.05206494,-0.18333909
24.970703,0.054060202,-0.11154681,0.05564867,-0.19681492
24.972656,0.043540262,-0.15305987,0.043627158,-0.1918667
24.974609,0.043606911,-0.18249403,0.039525613,-0.17138277
24.976563,0.044716276,-0.15787841,0.05402258,-0.16783461
24.978516,0.036505274,-0.1114751,0.040447623,-0.16785486
24.980469,0.041064501,-0.11718911,0.039803147,-0.16758205
24.982422,0.047769405,-0.1673321,0.051079601,-0.16987927
24.984375,0.052811563,-0.16780591,0.067184031,-0.15812522
24.986328,0.04731771,-0.12884438,0.056103155,-0.13947339
24.988281,0.04221471,-0.12692213,0.046449065,-0.1437442
24.990234,0.051365104,-0.15671526,0.060187936,-0.15769233
24.992188,0.045845784,-0.15135591,0.046439752,-0.16316991
24.994141,0.045197979,-0.12075235,0.040017352,-0.12911993
24.996094,0.055408116,-0.11790308,0.047399014,-0.11085955
24.998047,0.056388449,-0.13238981,0.068744928,-0.12668197
25.0,0.04784821,-0.14334053,0.059394449,-0.13337591
25.001953,0.036020063,-0.15996888,0.054844007,-0.13746558
25.003906,0.046856262,-0.15236056,0.057056829,-0.12803122
25.005859,0.049822558,-0.10825714,0.061855003,-0.12259235
25.007813,0.052728783,-0.09886767,0.084342718,-0.11692928
25.009766,0.048064142,-0.14768428,0.054871947,-0.12162075
25.011719,0.048775002,-0.18315411,0.047875851,-0.13425356
25.013672,0.057131998,-0.1523935,0.05889526,-0.13682319
25.015625,0.042246986,-0.111746,0.041587561,-0.12732556
25.017578,0.049160797,-0.13889603,0.054972529,-0.11484718
25.019531,0.056199882,-0.16759537,0.055603966,-0.12453888
25.021484,0.058771048,-0.15665355,0.061610997,-0.13915186
25.023438,0.050114412,-0.15011549,0.073237628,-0.14048649
25.025391,0.047636606,-0.15887068,0.042569175,-0.13617471
25.027344,0.050991494,-0.17516045,0.040589184,-0.14089075
25.029297,0.042206861,-0.18069251,0.05286774,-0.14832771
25.03125,0.045277584,-0.18333554,0.057081044,-0.13927013
25.033203,0.043876484,-0.16711365,0.059481993,-0.12413649
25.035156,0.047059499,-0.15730764,0.058163241,-0.13529891
25.037109,0.047428105,-0.19359796,0.057017714,-0.15176028
25.039063,0.050840147,-0.22697888,0.057081044,-0.14930379
25.041016,0.054236274,-0.19600019,0.053197429,-0.13752052
25.042969,0.044706564,-0.15457286,0.04779762,-0.1349141
25.044922,0.048763614,-0.19291303,0.056652635,-0.14533944
25.046875,0.048815764,-0.22807546,0.051865637,-0.14331114
25.048828,0.048401531,-0.18617159,0.052662849,-0.14106205
25.050781,0.046872955,-0.15221725,0.053586721,-0.1419116
25.052734,0.038334861,-0.19035085,0.067604989,-0.1420811
25.054688,0.040130612,-0.22619331,0.065453634,-0.14077398
25.056641,0.038145982,-0.20024341,0.05873321,-0.13585451
25.058594,0.042076051,-0.16335517,0.083338752,-0.14982463
25.060547,0.044554591,-0.16430762,0.076620191,-0.15787126
25.0625,0.045287654,-0.17831041,0.063181207,-0.14051788
25.064453,0.040190063,-0.18719384,0.05465588,-0.14558119
25.066406,0.041122749,-0.1874737,0.058058932,-0.1749686
25.068359,0.050995838,-0.15008715,0.061724618,-0.17582704
25.070313,0.052256443,-0.11957283,0.062736034,-0.14851135
25.072266,0.054014686,-0.13912979,0.059973732,-0.14437988
25.074219,0.048251804,-0.18059792,0.047210887,-0.17531802
25.076172,0.04343101,-0.17711425,0.048009962,-0.20246823
25.078125,0.04161074,-0.12789536,0.059718549,-0.19768991
25.080078,0.05314463,-0.11510912,0.054076597,-0.17447634
25.082031,0.05279405,-0.14085041,0.050420225,-0.17498571
25.083984,0.044167113,-0.15990008,0.057300836,-0.2002057
25.085938,0.042174581,-0.16604629,0.044318199,-0.21333088
25.087891,0.045893725,-0.16034444,0.046821594,-0.19893223
25.089844,0.044670314,-0.13491486,0.04253751,-0.18222721
25.091797,0.034131669,-0.11976223,0.044387117,-0.18111975
25.09375,0.042560637,-0.15255864,0.044830427,-0.18484993
25.095703,0.046179246,-0.17846467,0.042859748,-0.19784515
25.097656,0.048973408,-0.13568169,0.050152004,-0.19536293
25.099609,0.044234239,-0.099402711,0.04876247,-0.17009167
25.101563,0.046237644,-0.13194999,0.072799906,-0.1566031
25.103516,0.052798588,-0.16518942,0.062732309,-0.16352719
25.105469,0.042809799,-0.14489071,0.053458199,-0.19136074
25.107422,0.045456078,-0.10274593,0.055546224,-0.19633204
25.109375,0.047407385,-0.10159539,0.054450989,-0.16064428
25.111328,0.050461426,-0.13209854,0.059576988,-0.1378753
25.113281,0.046769902,-0.1432212,0.050174356,-0.15647574
25.115234,0.047089759,-0.12573364,0.073945433,-0.18824413
25.117188,0.052624006,-0.10719707,0.070397094,-0.17494695
25.119141,0.050322987,-0.1129233,0.065181687,-0.14609161
25.121094,0.061754771,-0.13739392,0.062065482,-0.16228294
25.123047,0.048314407,-0.1489702,0.055104777,-0.19074194
25.125,0.046801973,-0.12879363,0.063332081,-0.18786509
25.126953,0.053721428,-0.12703808,0.049632326,-0.16926262
25.128906,0.040668499,-0.145069,0.055156931,-0.16717727
25.130859,0.040189955,-0.15281336,0.047330096,-0.17962387
25.132813,0.0420021,-0.1512105,0.044698179,-0.19032657
25.134766,0.044535164,-0.13066348,0.055952281,-0.1903033
25.136719,0.038471796,-0.13267374,0.058656842,-0.18523055
25.138672,0.042531047,-0.1648156,0.062769562,-0.18129995
25.140625,0.052372791,-0.16343062,0.054251686,-0.17936409
25.142578,0.054889776,-0.12755507,0.060646147,-0.19640927
25.144531,0.048061214,-0.12244922,0.059118778,-0.20977806
25.146484,0.043686721,-0.15577258,0.045031592,-0.19366816
25.148438,0.039175257,-0.16546188,0.052782059,-0.17422627
25.150391,0.044825543,-0.13132194,0.052279145,-0.17736058
25.152344,0.049584325,-0.10473779,0.047173634,-0.20204814
25.154297,0.033003964,-0.11399968,0.049090296,-0.20699038
25.15625,0.048357461,-0.14352307,0.055481032,-0.18153274
25.158203,0.051323142,-0.15386111,0.061419144,-0.16813047
25.160156,0.042123239,-0.12067179,0.056509212,-0.18538415
25.162109,0.051394757,-0.098868482,0.056054726,-0.2081082
25.164063,0.048595626,-0.11138068,0.054849595,-0.20117061
25.166016,0.048068244,-0.13386305,0.065610096,-0.17609388
25.167969,0.052033871,-0.1408574,0.06281054,-0.17190681
25.169922,0.050760902,-0.10713909,0.043843225,-0.19166139
25.171875,0.044048045,-0.082838908,0.050546885,-0.20475794
25.173828,0.054818392,-0.12260126,0.056276381,-0.18930282
25.175781,0.055519212,-0.15775734,0.054091498,-0.16952986
25.177734,0.047847781,-0.12730525,0.05009985,-0.17164268
25.179688,0.054504707,-0.10603105,0.050097987,-0.19287375
25.181641,0.04695278,-0.1323202,0.052510113,-0.20297515
25.183594,0.051531691,-0.16860318,0.049112648,-0.1898023
25.185547,0.054074056,-0.16837175,0.03681919,-0.17820047
25.1875,0.053215191,-0.13777041,0.038309306,-0.17440014
25.189453,0.061982669,-0.14079826,0.045715183,-0.18313728
25.191406,0.043399993,-0.18074931,0.045743123,-0.18807441
25.193359,0.04832416,-0.2269524,0.052061215,-0.17381522
25.195313,0.049298745,-0.2263964,0.04997319,-0.16114976
25.197266,0.037568655,-0.16860254,0.067057371,-0.15832947
25.199219,0.05620373,-0.16875306,0.070361704,-0.16996273
25.201172,0.045941193,-0.23421089,0.054827243,-0.18657108
25.203125,0.048490018,-0.26339406,0.049105197,-0.1780514
25.205078,0.053938784,-0.24661088,0.042967781,-0.15683529
25.207031,0.038147248,-0.21030931,0.057414457,-0.14949861
25.208984,0.042817269,-0.22329219,0.066336527,-0.16047868
25.210938,0.039802127,-0.26310611,0.053955525,-0.16774014
25.212891,0.038141821,-0.24579056,0.068461806,-0.16004875
25.214844,0.046976421,-0.21294565,0.081159458,-0.15827708
25.216797,0.040891375,-0.21293338,0.04724814,-0.16472353
25.21875,0.03655646,-0.24011728,0.039935395,-0.17534165
25.220703,0.044441618,-0.24927469,0.057222605,-0.18331057
25.222656,0.045325484,-0.21647927,0.048976675,-0.16886058
25.224609,0.039828248,-0.18007353,0.045603424,-0.15088972
25.226563,0.049229588,-0.1784007,0.050647467,-0.1696015
25.228516,0.0456139,-0.1994966,0.046829045,-0.18750316
25.230469,0.036722865,-0.20195524,0.049751535,-0.18076573
25.232422,0.051086608,-0.18023568,0.059917852,-0.16638605
25.234375,0.047175325,-0.15093926,0.057189077,-0.15939112
25.236328,0.041708492,-0.14231631,0.056207463,-0.17455579
25.238281,0.044613276,-0.17715535,0.060059413,-0.1796429
25.240234,0.042646114,-0.19463068,0.064142331,-0.17681402
25.242188,0.047438327,-0.14954215,0.063395411,-0.17667787
25.244141,0.055147067,-0.11433554,0.051750153,-0.16877507
25.246094,0.05181301,-0.14479974,0.051884264,-0.17229216
25.248047,0.048859127,-0.1887269,0.061517864,-0.18011527
25.25,0.040913839,-0.18491849,0.053033516,-0.18303658
25.251953,0.040421039,-0.14852235,0.054648429,-0.17356306
25.253906,0.05262218,-0.12659767,0.061024264,-0.16241327
25.255859,0.053616498,-0.1411525,0.058731347,-0.17358664
25.257813,0.045551859,-0.18012056,0.071727023,-0.19102582
25.259766,0.042148061,-0.19901697,0.059135541,-0.19181401
25.261719,0.049688186,-0.17581394,0.057917371,-0.17748468
25.263672,0.038920514,-0.13854189,0.059552774,-0.18010822
25.265625,0.045530591,-0.14556749,0.057339951,-0.19784781
25.267578,0.047879115,-0.1865823,0.061124846,-0.20362295
25.269531,0.04514835,-0.18016416,0.052465409,-0.19464017
25.271484,0.055518687,-0.15833396,0.069368914,-0.19082233
25.273438,0.051367957,-0.16049159,0.072226211,-0.20049044
25.275391,0.049884222,-0.17463216,0.068282992,-0.21806426
25.277344,0.052573364,-0.19012308,0.051683098,-0.23351905
25.279297,0.052527916,-0.18069908,0.055639356,-0.23610853
25.28125,0.043678641,-0.17109744,0.069232941,-0.23303925
25.283203,0.052786954,-0.17777583,0.044010863,-0.22499645
25.285156,0.053403173,-0.18822673,0.041516781,-0.23160437
25.287109,0.046322245,-0.19419377,0.053441435,-0.25794083
25.289063,0.044774041,-0.20230716,0.054732248,-0.25750986
25.291016,0.047559127,-0.20815279,0.045299813,-0.23715633
25.292969,0.043988526,-0.2014454,0.049487039,-0.23900186
25.294922,0.038300104,-0.2034138,0.053620249,-0.25861621
25.296875,0.050958216,-0.21840513,0.070195928,-0.26685736
25.298828,0.045513622,-0.21536547,0.082690552,-0.25629938
25.300781,0.048941303,-0.20320897,0.059793055,-0.24931288
25.302734,0.048800744,-0.22528604,0.051187634,-0.26521182
25.304688,0.034789391,-0.23134691,0.059051722,-0.28188908
25.306641,0.041452061,-0.20494699,0.063518345,-0.26891577
25.308594,0.045743413,-0.20096548,0.051414877,-0.26030609
25.310547,0.034101028,-0.20434356,0.042710736,-0.26591608
25.3125,0.030773131,-0.20720977,0.058137164,-0.27364397
25.314453,0.040583331,-0.20771,0.053545743,-0.28221294
25.316406,0.041634746,-0.18965724,0.043228552,-0.27881572
25.318359,0.04537084,-0.16684362,0.060512036,-0.28081334
25.320313,0.048032351,-0.16171268,0.045409709,-0.28340086
25.322266,0.043369029,-0.16845882,0.032194242,-0.28493387
25.324219,0.047061641,-0.18785007,0.039272293,-0.29092327
25.326172,0.053746443,-0.18249042,0.045618325,-0.29453301
25.328125,0.048331708,-0.1251404,0.059344158,-0.28100049
25.330078,0.03817917,-0.11434287,0.050111026,-0.26208898
25.332031,0.0483278,-0.16598913,0.047499597,-0.27509195
25.333984,0.05054415,-0.17985874,0.059817269,-0.29622465
25.335938,0.037344828,-0.13139829,0.05944474,-0.2880066
25.337891,0.043129154,-0.12212826,0.038996622,-0.25136191
25.339844,0.050135229,-0.16597261,0.043539613,-0.24994914
25.341797,0.04783142,-0.16439138,0.065841064,-0.27905712
25.34375,0.048814103,-0.147461,0.067476466,-0.27635074
25.345703,0.039354041,-0.15150374,0.056399316,-0.25386336
25.347656,0.045000155,-0.15625158,0.045422748,-0.25100434
25.349609,0.052920613,-0.15894873,0.045845568,-0.2795268
25.351563,0.037543654,-0.15567718,0.041781276,-0.27712235
25.353516,0.044721346,-0.15498795,0.048898444,-0.24981399
25.355469,0.052562945,-0.14847526,0.05084677,-0.24492989
25.357422,0.04392834,-0.14487354,0.056864977,-0.25457141
25.359375,0.042891692,-0.16785254,0.062644765,-0.26855871
25.361328,0.046855927,-0.17247416,0.053646326,-0.26486206
25.363281,0.044641696,-0.13325314,0.058204219,-0.25898153
25.365234,0.048413869,-0.1292651,0.055995122,-0.25960812
25.367188,0.04871374,-0.16907816,0.044364765,-0.25411978
25.369141,0.045965709,-0.16579419,0.044714943,-0.250552
25.371094,0.042581059,-0.13234988,0.064229876,-0.25624931
25.373047,0.039111897,-0.14087346,0.063360021,-0.25827157
25.375,0.053843733,-0.16739403,0.04949449,-0.24128622
25.376953,0.044735648,-0.14998452,0.050444439,-0.24406895
25.378906,0.041802593,-0.12848815,0.043774307,-0.26846179
25.380859,0.051678881,-0.16192152,0.058403522,-0.27030575
25.382813,0.043916695,-0.17453763,0.069555178,-0.2462298
25.384766,0.047545519,-0.1322104,0.048699141,-0.23044923
25.386719,0.043866895,-0.12861958,0.055162519,-0.2578648
25.388672,0.044627182,-0.15585646,0.058878496,-0.28601915
25.390625,0.05232871,-0.15511757,0.040034115,-0.26340693
25.392578,0.037801687,-0.13527097,0.048447683,-0.2351478
25.394531,0.04795834,-0.13450077,0.061678052,-0.24686955
25.396484,0.052225597,-0.15226702,0.048337787,-0.27114367
25.398438,0.037236419,-0.14449781,0.047246277,-0.27381504
25.400391,0.048306622,-0.14642763,0.057241231,-0.26036417
25.402344,0.048628613,-0.15802754,0.052182287,-0.25384113
25.404297,0.045141634,-0.13325512,0.050386697,-0.25353241
25.40625,0.043351114,-0.13330367,0.053217918,-0.26154125
25.408203,0.041537896,-0.16333538,0.047039524,-0.2675828
25.410156,0.046522122,-0.16289063,0.041129351,-0.26185057
25.412109,0.049175341,-0.12908606,0.071537033,-0.25049415
25.414063,0.040893938,-0.12011789,0.071462527,-0.23990454
25.416016,0.047704373,-0.16035655,0.053210467,-0.25331751
25.417969,0.050224148,-0.17613973,0.059033096,-0.28194246
25.419922,0.042403981,-0.13976611,0.0554028,-0.27693945
25.421875,0.055871565,-0.1247993,0.067321867,-0.24205258
25.423828,0.051399339,-0.15148966,0.046963155,-0.23695457
25.425781,0.053693153,-0.15957046,0.041034356,-0.2658622
25.427734,0.050361328,-0.1603874,0.054274037,-0.29060429
25.429688,0.035808746,-0.16189039,0.053169489,-0.26951024
25.431641,0.042667508,-0.16503267,0.057282209,-0.23518343
25.433594,0.039078817,-0.15528008,0.043550789,-0.24755228
25.435547,0.042318758,-0.14332703,0.066720232,-0.28003529
25.4375,0.047467049,-0.16471572,0.067660868,-0.2867465
25.439453,0.039304297,-0.17067909,0.04451564,-0.25804186
25.441406,0.045833524,-0.16856547,0.049021378,-0.25368685
25.443359,0.045942839,-0.16238363,0.042256251,-0.27220625
25.445313,0.04657001,-0.15311243,0.046901688,-0.26760831
25.447266,0.049088482,-0.1496347,0.063494131,-0.26509634
25.449219,0.049329121,-0.15228315,0.067839682,-0.26098853
25.451172,0.043787144,-0.17017147,0.049244896,-0.25543371
25.453125,0.040298369,-0.16269237,0.043465108,-0.26664481
25.455078,0.051135592,-0.13352032,0.055635631,-0.27863654
25.457031,0.039913386,-0.13316025,0.059105739,-0.28115061
25.458984,0.041526232,-0.16775358,0.053452611,-0.25908127
25.460938,0.051809382,-0.17533682,0.04703021,-0.24084809
25.462891,0.051443655,-0.14068882,0.060929269,-0.27027917
25.464844,0.05007758,-0.13179749,0.064540938,-0.29571149
25.466797,0.047674406,-0.1643748,0.052240029,-0.28298748
25.46875,0.047950786,-0.18182994,0.049723595,-0.25627697
25.470703,0.042820763,-0.15907593,0.052638635,-0.25070876
25.472656,0.041108139,-0.14822084,0.057298973,-0.27684352
25.474609,0.042420037,-0.15451872,0.051364586,-0.28960207
25.476563,0.045435317,-0.15759733,0.05298695,-0.27228993
25.478516,0.0452317,-0.16881593,0.051459581,-0.25730148
25.480469,0.045557518,-0.16983329,0.05340977,-0.26906833
25.482422,0.043909181,-0.15777697,0.069333524,-0.29277027
25.484375,0.039456997,-0.15042184,0.051312432,-0.28949276
25.486328,0.037254695,-0.16768245,0.038668796,-0.27105564
25.488281,0.051204462,-0.17239198,0.046257213,-0.26980644
25.490234,0.048740551,-0.13072786,0.053094983,-0.27793953
25.492188,0.047197826,-0.12563469,0.044020176,-0.28068373
25.494141,0.0590939,-0.17772862,0.051802307,-0.27508804
25.496094,0.044311065,-0.18996859,0.068618268,-0.27343968
25.498047,0.049426802,-0.14812258,0.045974091,-0.27405363
25.5,0.047527928,-0.13485129,0.045186192,-0.27971485
25.501953,0.05233302,-0.15938064,0.046616703,-0.28869176
25.503906,0.057018083,-0.17668153,0.03714329,-0.28134316
25.505859,0.050159752,-0.17695726,0.050524533,-0.26435634
25.507813,0.046301313,-0.17823026,0.060523212,-0.2588321
25.509766,0.038558129,-0.19911237,0.061368853,-0.27069739
25.511719,0.048993062,-0.20559391,0.071758687,-0.28608161
25.513672,0.036121707,-0.1930657,0.053983465,-0.28170121
25.515625,0.041550931,-0.18497345,0.044675827,-0.26767257
25.517578,0.053219929,-0.19525909,0.063622653,-0.26390532
25.519531,0.036925491,-0.21637759,0.053927585,-0.27293769
25.521484,0.040341493,-0.22808343,0.062695056,-0.28158152
25.523438,0.050511274,-0.21951102,0.068497196,-0.27758887
25.525391,0.040855844,-0.17932573,0.05308567,-0.2837235
25.527344,0.044410367,-0.17734236,0.033268988,-0.28664237
25.529297,0.049487013,-0.22300342,0.033637792,-0.28888267
25.53125,0.041327469,-0.22733861,0.064451531,-0.28530785
25.533203,0.051641472,-0.18425249,0.051249102,-0.26628622
25.535156,0.049632646,-0.16940813,0.049252346,-0.27207494
25.537109,0.042095553,-0.20021547,0.069557041,-0.29567099
25.539063,0.048564315,-0.22117652,0.05706428,-0.30858713
25.541016,0.047678631,-0.19750533,0.054532945,-0.29663554
25.542969,0.049425986,-0.17450881,0.048714042,-0.29025021
25.544922,0.054712549,-0.19435611,0.040049016,-0.29413149
25.546875,0.048089921,-0.21173541,0.050535709,-0.2915622
25.548828,0.043035995,-0.22159468,0.061597958,-0.2951223
25.550781,0.050398391,-0.2248511,0.053620249,-0.28906348
25.552734,0.048956055,-0.21095443,0.049328715,-0.28554168
25.554688,0.044566888,-0.20290984,0.054717347,-0.29385197
25.556641,0.053005695,-0.2254393,0.05148007,-0.29890931
25.558594,0.044739999,-0.26061109,0.062234983,-0.29433319
25.560547,0.039497621,-0.25926721,0.057263583,-0.28683674
25.5625,0.039573409,-0.24306533,0.045525193,-0.28762102
25.564453,0.042150747,-0.23957573,0.047281668,-0.29289034
25.566406,0.046323776,-0.2414844,0.044722393,-0.30531615
25.568359,0.038947593,-0.24646093,0.047328234,-0.2979587
25.570313,0.041298002,-0.26406711,0.058614001,-0.27662072
25.572266,0.042482734,-0.27136734,0.061566293,-0.2773113
25.574219,0.041792918,-0.25261942,0.057557881,-0.29392684
25.576172,0.042244028,-0.23631015,0.052707553,-0.31128767
25.578125,0.040836763,-0.24229833,0.04009372,-0.30454355
25.580078,0.040363852,-0.25566146,0.060322046,-0.27944762
25.582031,0.052519307,-0.24455696,0.069748893,-0.28016177
25.583984,0.044573545,-0.22132914,0.048971087,-0.29795283
25.585938,0.035319567,-0.21769784,0.057695717,-0.30994967
25.587891,0.049458433,-0.23813777,0.074958712,-0.30894664
25.589844,0.043743212,-0.23499973,0.067452252,-0.28483456
25.591797,0.044163052,-0.2040612,0.050302878,-0.28959846
25.59375,0.049512994,-0.19615933,0.050103575,-0.32205051
25.595703,0.040989805,-0.2159529,0.050751776,-0.32862541
25.597656,0.05130196,-0.23087728,0.05190289,-0.31486505
25.599609,0.048489612,-0.22294714,0.041887447,-0.30075529
25.601563,0.031137886,-0.20028397,0.042833671,-0.28450051
25.603516,0.044218834,-0.20047694,0.05626148,-0.25836492
25.605469,0.049528256,-0.22037505,0.042509571,-0.25748062
25.607422,0.047175646,-0.21281417,0.042230174,-0.27103958
25.609375,0.04975348,-0.20159796,0.055952281,-0.26450926
25.611328,0.045688316,-0.20573565,0.055682197,-0.25950357
25.613281,0.046757489,-0.22908135,0.045014828,-0.24765955
25.615234,0.054908868,-0.23829119,0.043209925,-0.22592673
25.617188,0.045416132,-0.2056828,0.049064219,-0.22602661
25.619141,0.041443102,-0.19513504,0.052292183,-0.2394291
25.621094,0.052980132,-0.23372126,0.050694034,-0.23869452
25.623047,0.042431619,-0.25697178,0.048572481,-0.23261072
25.625,0.044128012,-0.22786504,0.039335623,-0.22012925
25.626953,0.047858164,-0.20638676,0.037309065,-0.21318117
25.628906,0.034021873,-0.22675759,0.052903131,-0.22115649
25.630859,0.042164467,-0.26313633,0.050882161,-0.22192268
25.632813,0.045650218,-0.25990546,0.038475081,-0.21253361
25.634766,0.035801366,-0.21296021,0.047510773,-0.20559549
25.636719,0.045694262,-0.20427109,0.045270011,-0.21040513
25.638672,0.051076274,-0.24455953,0.042209685,-0.20893842
25.640625,0.044227116,-0.25895312,0.061108083,-0.20454502
25.642578,0.033322331,-0.22801253,0.058522731,-0.19395763
25.644531,0.046111729,-0.20934366,0.062380269,-0.18102394
25.646484,0.051389188,-0.21485236,0.060251266,-0.19183479
25.648438,0.040125549,-0.21809354,0.04772684,-0.20609502
25.650391,0.041379061,-0.22850853,0.049731046,-0.20527942
25.652344,0.034771349,-0.23027432,0.043565691,-0.18134776
25.654297,0.040650226,-0.21580948,0.05138135,-0.16846465
25.65625,0.046109557,-0.20471621,0.055069387,-0.18807335
25.658203,0.047750391,-0.19913816,0.054266587,-0.20114161
25.660156,0.039888311,-0.19819234,0.056762531,-0.19691399
25.662109,0.037862726,-0.21396098,0.051195085,-0.18235411
25.664063,0.042772379,-0.2279623,0.044815525,-0.18012853
25.666016,0.037951875,-0.195968,0.029145092,-0.19173945
25.667969,0.043744072,-0.15491547,0.034358636,-0.19313055
25.669922,0.05004701,-0.16133712,0.035060853,-0.17751071
25.671875,0.045019187,-0.20047164,0.047553614,-0.16554374
25.673828,0.04362841,-0.21233577,0.062406346,-0.17028451
25.675781,0.057051431,-0.18020973,0.047622532,-0.17257138
25.677734,0.049902655,-0.15264282,0.058858007,-0.18033069
25.679688,0.048638795,-0.17029394,0.060664773,-0.18697451
25.681641,0.061178908,-0.21330678,0.063570499,-0.16913968
25.683594,0.049749985,-0.20916496,0.054471478,-0.15284114
25.685547,0.051573854,-0.17749131,0.041602463,-0.16753985
25.6875,0.052520279,-0.19476049,0.059655219,-0.18304881
25.689453,0.047397256,-0.22786242,0.045685381,-0.16796237
25.691406,0.048769221,-0.24589981,0.048151523,-0.1495606
25.693359,0.048284195,-0.24656069,0.059098288,-0.15546234
25.695313,0.046840716,-0.23474275,0.0496286,-0.1762352
25.697266,0.045301724,-0.24803062,0.040427133,-0.18274502
25.699219,0.048539206,-0.28743786,0.032054543,-0.17097253
25.701172,0.036518984,-0.30550027,0.049878195,-0.15988158
25.703125,0.04478769,-0.28910613,0.056755081,-0.15743913
25.705078,0.049809448,-0.27079156,0.045940563,-0.16317084
25.707031,0.040893402,-0.26476228,0.04541716,-0.1675902
25.708984,0.044622466,-0.29023415,0.043737054,-0.17289716
25.710938,0.036073085,-0.29218864,0.048117995,-0.15713896
25.712891,0.034856532,-0.2639915,0.04712148,-0.14244582
25.714844,0.041681383,-0.26346892,0.043476284,-0.15684657
25.716797,0.041027628,-0.25392431,0.050898924,-0.16389838
25.71875,0.046620719,-0.23099841,0.056702927,-0.16020341
25.720703,0.045763474,-0.23189382,0.048030451,-0.1431796
25.722656,0.038142554,-0.25000596,0.043301195,-0.13956466
25.724609,0.041139655,-0.25109217,0.061324149,-0.15065055
25.726563,0.044981264,-0.22268967,0.048019275,-0.15101917
25.728516,0.043785777,-0.1969102,0.048518464,-0.14016962
25.730469,0.032697979,-0.20414472,0.070059955,-0.13053013
25.732422,0.044606898,-0.23171315,0.060608894,-0.13547412
25.734375,0.050481234,-0.21865827,0.052856565,-0.14335084
25.736328,0.047480993,-0.18312785,0.04821299,-0.15093623
25.738281,0.04264003,-0.18959047,0.048486799,-0.14678445
25.740234,0.031806607,-0.21722753,0.058891535,-0.13700853
25.742188,0.038785007,-0.22365022,0.066234082,-0.13352405
25.744141,0.046111006,-0.18400417,0.069175199,-0.14649481
25.746094,0.044393066,-0.14997667,0.059228674,-0.16471037
25.748047,0.035615079,-0.16106558,0.037683457,-0.16782436
25.75,0.041147131,-0.20457871,0.046253487,-0.16090679
25.751953,0.045492779,-0.21791293,0.049468413,-0.14820978
25.753906,0.050315846,-0.16362143,0.043284431,-0.14345439
25.755859,0.033135325,-0.11906817,0.053543881,-0.15717621
25.757813,0.032956883,-0.15462367,0.051936418,-0.16974074
25.759766,0.056377292,-0.21808521,0.060608894,-0.16399157
25.761719,0.04480334,-0.17320473,0.066818953,-0.1592502
25.763672,0.051667895,-0.09785299,0.056796059,-0.16744742
25.765625,0.057953421,-0.12457369,0.054883122,-0.18123041
25.767578,0.04200406,-0.19532876,0.054072872,-0.1828236
25.769531,0.039890796,-0.2190655,0.046735913,-0.17373465
25.771484,0.04043857,-0.16090631,0.049559683,-0.17007753
25.773438,0.038123704,-0.098214574,0.055926204,-0.17141694
25.775391,0.041470286,-0.12170346,0.055646807,-0.17723125
25.777344,0.04952414,-0.19587801,0.04878296,-0.18077156
25.779297,0.044048022,-0.20732477,0.052042589,-0.18676834
25.78125,0.042702373,-0.14431836,0.057934135,-0.18449847
25.783203,0.045672603,-0.11980566,0.041907936,-0.17773946
25.785156,0.036520455,-0.16534273,0.033384472,-0.1860908
25.787109,0.04173116,-0.2022227,0.056626558,-0.19582766
25.789063,0.042772103,-0.16554955,0.067211971,-0.185205
25.791016,0.041160777,-0.10881617,0.04791683,-0.16908118
25.792969,0.047889959,-0.13174626,0.047182947,-0.18415737
25.794922,0.040756959,-0.18675448,0.049464688,-0.19994521
25.796875,0.035665497,-0.18942197,0.05908525,-0.1962027
25.798828,0.041098952,-0.14210036,0.057364166,-0.17825192
25.800781,0.04453551,-0.10929766,0.036360979,-0.17157003
25.802734,0.048850086,-0.12879223,0.036133736,-0.19905487
25.804688,0.039166018,-0.16295017,0.047033936,-0.2085993
25.806641,0.035450332,-0.16488557,0.062817991,-0.18575616
25.808594,0.050462842,-0.13344023,0.04653661,-0.16520089
25.810547,0.043613214,-0.10379541,0.029387236,-0.17231369
25.8125,0.04175467,-0.10261787,0.049421847,-0.19563761
25.814453,0.044832118,-0.14112712,0.054842144,-0.19389039
25.816406,0.036403414,-0.14987352,0.042613879,-0.16605829
25.818359,0.039787862,-0.1115638,0.046180844,-0.15814146
25.820313,0.038829468,-0.087585159,0.050705209,-0.17279868
25.822266,0.040886804,-0.091521628,0.052964598,-0.18004471
25.824219,0.050043795,-0.10884155,0.057980701,-0.17739336
25.826172,0.055575814,-0.11801345,0.060349986,-0.16618495
25.828125,0.04356508,-0.10993923,0.054996744,-0.1601509
25.830078,0.044315025,-0.094512805,0.046370834,-0.16521113
25.832031,0.048272733,-0.10069166,0.039441794,-0.18138936
25.833984,0.038576808,-0.11153284,0.039348662,-0.18583655
25.835938,0.049866542,-0.10156536,0.050597176,-0.16110109
25.837891,0.048556883,-0.084660925,0.047296569,-0.13851762
25.839844,0.037320223,-0.089666314,0.052159935,-0.16294627
25.841797,0.03810681,-0.1282233,0.050643742,-0.19753531
25.84375,0.040228382,-0.13837948,0.049028829,-0.1789667
25.845703,0.042592216,-0.088929988,0.044755921,-0.14378996
25.847656,0.048815366,-0.068416096,0.03569974,-0.13561982
25.849609,0.036847401,-0.11137859,0.051174596,-0.1661396
25.851563,0.045431633,-0.14037718,0.044599459,-0.17942567
25.853516,0.052942004,-0.11590179,0.061344638,-0.14736752
25.855469,0.038281482,-0.069557428,0.059495032,-0.1276637
25.857422,0.044876084,-0.077432111,0.060089216,-0.13862886
25.859375,0.038240302,-0.12532771,0.069961235,-0.16474973
25.861328,0.036701217,-0.12895556,0.045970365,-0.17114447
25.863281,0.044449564,-0.090055838,0.067021981,-0.1530526
25.865234,0.047419641,-0.058487963,0.050461203,-0.14245351
25.867188,0.041615963,-0.077629551,0.051209986,-0.14595091
25.869141,0.040613815,-0.12426495,0.066729546,-0.1601778
25.871094,0.046441693,-0.13273893,0.063283652,-0.17721407
25.873047,0.045626149,-0.075103804,0.05979678,-0.16456206
25.875,0.048907563,-0.037397817,0.048669338,-0.15256831
25.876953,0.045149341,-0.088735692,0.05055806,-0.16915871
25.878906,0.050075445,-0.1369527,0.04779017,-0.18410155
25.880859,0.04064038,-0.10795738,0.077002034,-0.1900381
25.882813,0.036421075,-0.056471884,0.064103216,-0.17059813
25.884766,0.055833299,-0.071493186,0.06457074,-0.16533308
25.886719,0.047222372,-0.11074482,0.058999568,-0.20160902
25.888672,0.044862203,-0.10942991,0.038579389,-0.23211373
25.890625,0.051096901,-0.1019529,0.054769501,-0.22369568
25.892578,0.047228456,-0.092897192,0.049993679,-0.18831964
25.894531,0.048563648,-0.093653657,0.049542919,-0.17592005
25.896484,0.046277501,-0.12188519,0.046301916,-0.21020047
25.898438,0.036297243,-0.13558005,0.055531323,-0.2493733
25.900391,0.043554593,-0.1196074,0.054512456,-0.23924516
25.902344,0.057033386,-0.098432973,0.065904394,-0.20817432
25.904297,0.051755428,-0.10308143,0.067856446,-0.21062946
25.90625,0.049585067,-0.14521942,0.04387489,-0.2408805
25.908203,0.041493256,-0.17241538,0.053523391,-0.26547483
25.910156,0.043157514,-0.16150114,0.049706832,-0.25567719
25.912109,0.045466825,-0.14443757,0.048188776,-0.22578068
25.914063,0.039458979,-0.12577008,0.049775749,-0.21961707
25.916016,0.047939274,-0.13236035,0.041511193,-0.24397914
25.917969,0.043062616,-0.17460631,0.048373178,-0.268231
25.919922,0.037835758,-0.19812028,0.045070708,-0.26087233
25.921875,0.044755239,-0.16418505,0.042807594,-0.2386135
25.923828,0.03716452,-0.12301069,0.045215994,-0.23400752
25.925781,0.036263015,-0.14697775,0.050334543,-0.25295022
25.927734,0.051962834,-0.18877517,0.049710557,-0.26850906
25.929688,0.049778719,-0.16941664,0.040237144,-0.25673512
25.931641,0.049483374,-0.12163222,0.05212082,-0.23554286
25.933594,0.055659898,-0.13571846,0.056384414,-0.23099492
25.935547,0.05268348,-0.18339485,0.041133076,-0.24786758
25.9375,0.045160994,-0.18729565,0.037873447,-0.26011634
25.939453,0.035834208,-0.16126826,0.043841362,-0.24937715
25.941406,0.038697448,-0.15041968,0.054858908,-0.22250627
25.943359,0.039057732,-0.16216728,0.057025164,-0.21260561
25.945313,0.044706628,-0.16808146,0.047946632,-0.23319669
25.947266,0.046372339,-0.17167975,0.048972949,-0.25295237
25.949219,0.043002151,-0.18061614,0.050664231,-0.24346451
25.951172,0.052517008,-0.18938059,0.050369933,-0.21243693
25.953125,0.041976295,-0.18645856,0.057781398,-0.20452575
25.955078,0.039568063,-0.17479502,0.056641459,-0.23102979
25.957031,0.054021634,-0.16964486,0.048129171,-0.24606256
25.958984,0.046825748,-0.16731952,0.050133377,-0.23093957
25.960938,0.043907281,-0.19140615,0.047153145,-0.21354362
25.962891,0.040836256,-0.21653463,0.045668617,-0.21363415
25.964844,0.038138203,-0.19411385,0.052742943,-0.22512619
25.966797,0.046726376,-0.17603159,0.05129008,-0.23325984
25.96875,0.040457021,-0.18761136,0.059720412,-0.22798902
25.970703,0.033985361,-0.2010944,0.064485058,-0.21552676
25.972656,0.038370572,-0.21106713,0.045415297,-0.21611716
25.974609,0.05318369,-0.20349297,0.042731225,-0.23213655
25.976563,0.056238931,-0.18807486,0.054404423,-0.24291335
25.978516,0.049458195,-0.18495226,0.059834033,-0.22743413
25.980469,0.045164488,-0.20650743,0.050731286,-0.20592815
25.982422,0.037093733,-0.23305868,0.045623913,-0.21622711
25.984375,0.044260699,-0.21968494,0.061983526,-0.24160974
25.986328,0.048136752,-0.18225101,0.063203558,-0.24622922
25.988281,0.037200082,-0.16917892,0.045761749,-0.22310965
25.990234,0.041705925,-0.20954046,0.039395228,-0.21312751
25.992188,0.042484947,-0.25541589,0.043453932,-0.23691307
25.994141,0.037404131,-0.22384848,0.046862572,-0.24833429
25.996094,0.038007714,-0.16808921,0.056056589,-0.23200652
25.998047,0.034577776,-0.18645163,0.049822316,-0.21757707
26.0,0.038649965,-0.23300204,0.046916589,-0.22624314
26.001953,0.032823108,-0.21992476,0.04121317,-0.24334607
26.003906,0.038828358,-0.1702348,0.050116614,-0.25074026
26.005859,0.045356393,-0.15226552,0.05770503,-0.23811477
26.007813,0.05205819,-0.17355199,0.032391682,-0.21868843
26.009766,0.048118103,-0.19881849,0.045603424,-0.22255947
26.011719,0.03641906,-0.19845125,0.052897543,-0.24215147
26.013672,0.042242441,-0.17339885,0.054890573,-0.24852724
26.015625,0.039788384,-0.13993771,0.055622593,-0.22997466
26.017578,0.043201338,-0.14404036,0.064736515,-0.21362512
26.019531,0.039786428,-0.18250218,0.06373255,-0.22377782
26.021484,0.048297126,-0.18370306,0.053249583,-0.24827701
26.023438,0.042696446,-0.15115851,0.067107663,-0.25529394
26.025391,0.034615431,-0.14873952,0.044793174,-0.23153433
26.027344,0.040755101,-0.17735191,0.045564309,-0.21356674
26.029297,0.044553809,-0.16731563,0.043599218,-0.23123759
26.03125,0.044733457,-0.13743594,0.04131934,-0.25677782
26.033203,0.037725404,-0.14739406,0.050666094,-0.24882236
26.035156,0.055615202,-0.17028393,0.055576026,-0.22268619
26.037109,0.045497261,-0.16381077,0.060454294,-0.21743377
26.039063,0.035612732,-0.15075997,0.050025344,-0.24630058
26.041016,0.047756754,-0.16709206,0.05051522,-0.27084103
26.042969,0.053042427,-0.16183876,0.030447081,-0.25053802
26.044922,0.043763507,-0.1376016,0.035750031,-0.22757639
26.046875,0.036138922,-0.16537794,0.039076716,-0.22311251
26.048828,0.042256646,-0.1983906,0.038251564,-0.23656714
26.050781,0.03831144,-0.17091583,0.054799303,-0.25447777
26.052734,0.04225846,-0.13280332,0.052286595,-0.23788351
26.054688,0.034490086,-0.15335655,0.061188176,-0.21776852
26.056641,0.03539928,-0.18643603,0.0595714,-0.21830298
26.058594,0.045766789,-0.16954714,0.058563709,-0.23575765
26.060547,0.047337815,-0.14792019,0.060834274,-0.25253367
26.0625,0.050854336,-0.14423059,0.052070528,-0.23785511
26.064453,0.037665315,-0.14538921,0.049086571,-0.21377926
26.066406,0.034542486,-0.16515496,0.049429297,-0.21621647
26.068359,0.042559657,-0.1811092,0.055000469,-0.23890249
26.070313,0.037715804,-0.12839222,0.05270569,-0.24769191
26.072266,0.042364426,-0.08037439,0.043181986,-0.23374617
26.074219,0.050114661,-0.12969328,0.042064399,-0.21871364
26.076172,0.040585734,-0.1744161,0.04304415,-0.23107612
26.078125,0.038662627,-0.16150114,0.044569656,-0.24830897
26.080078,0.038255971,-0.11346813,0.048615322,-0.24372448
26.082031,0.04084241,-0.090012185,0.052094743,-0.23437569
26.083984,0.048347764,-0.1289545,0.046124965,-0.22393312
26.085938,0.036917396,-0.14182073,0.04480435,-0.22780037
26.087891,0.0425612,-0.11979926,0.052927345,-0.24743091
26.089844,0.045109507,-0.11001991,0.041270912,-0.23993242
26.091797,0.043920431,-0.11257778,0.04648073,-0.21770281
26.09375,0.048785042,-0.11843754,0.053517804,-0.21592142
26.095703,0.046185859,-0.11964314,0.043878615,-0.2208243
26.097656,0.047520142,-0.12486472,0.054296389,-0.23418936
26.099609,0.036891777,-0.12253571,0.051012546,-0.23038502
26.101563,0.044886909,-0.11796281,0.051563889,-0.20901391
26.103516,0.048249409,-0.12333561,0.051735252,-0.21039134
26.105469,0.040697761,-0.11801904,0.049868882,-0.22166209
26.107422,0.045856442,-0.12084606,0.037765414,-0.22910348
26.109375,0.05323761,-0.13931547,0.031007737,-0.22573842
26.111328,0.045349091,-0.13704084,0.055890813,-0.20694527
26.113281,0.036253434,-0.12945731,0.059131816,-0.19604053
26.115234,0.0511421,-0.13987985,0.053657502,-0.21073622
26.117188,0.04309376,-0.14638118,0.05167751,-0.22681294
26.119141,0.033338211,-0.14035879,0.062840343,-0.2274438
26.121094,0.049890868,-0.14753422,0.048384354,-0.2139658
26.123047,0.048432522,-0.15098366,0.027831927,-0.20414658
26.125,0.035909642,-0.14232062,0.052366689,-0.21784942
26.126953,0.051378828,-0.16225196,0.057217017,-0.22291599
26.128906,0.049035292,-0.16700748,0.050066322,-0.20724544
26.130859,0.03918644,-0.14507599,0.063309729,-0.20462784
26.132813,0.056657169,-0.15778022,0.052821174,-0.21663493
26.134766,0.043212134,-0.17520532,0.043761268,-0.22520304
26.136719,0.032375716,-0.16701457,0.04323414,-0.2242585
26.138672,0.050373703,-0.1765576,0.035994038,-0.2177408
26.140625,0.043960981,-0.18039256,0.038201272,-0.20947713
26.142578,0.046097282,-0.15603656,0.047732428,-0.2086727
26.144531,0.046774261,-0.16300966,0.053005576,-0.21901643
26.146484,0.03735071,-0.20225844,0.039557278,-0.22003897
26.148438,0.042738806,-0.21335585,0.046275839,-0.21711729
26.150391,0.04302758,-0.18084769,0.040604085,-0.20486684
26.152344,0.050833195,-0.15367076,0.048907757,-0.19738664
26.154297,0.042396251,-0.16944684,0.053819552,-0.20593141
26.15625,0.031206097,-0.21713795,0.040447623,-0.20532803
26.158203,0.035147462,-0.22983688,0.046259075,-0.20235077
26.160156,0.043474674,-0.18211725,0.048287496,-0.19393848
26.162109,0.040887784,-0.13960348,0.063283652,-0.19218159
26.164063,0.03840268,-0.16572994,0.05982472,-0.19396973
26.166016,0.039909035,-0.22751004,0.051718488,-0.19710504
26.167969,0.039995734,-0.21740454,0.037001729,-0.20128219
26.169922,0.052998912,-0.1502354,0.048335925,-0.19814205
26.171875,0.041647565,-0.1319522,0.070069268,-0.19207303
26.173828,0.03598772,-0.1811545,0.058554396,-0.18002731
26.175781,0.041899186,-0.22797354,0.048578069,-0.19161232
26.177734,0.041979253,-0.19471927,0.042045772,-0.2138193
26.179688,0.051740676,-0.12703831,0.037225246,-0.21375702
26.181641,0.048732717,-0.12975045,0.046454653,-0.19608191
26.183594,0.041905206,-0.19813047,0.057194665,-0.18204775
26.185547,0.043835808,-0.23738892,0.057308286,-0.18941818
26.1875,0.048449479,-0.17892893,0.05482538,-0.21304189
26.189453,0.051086821,-0.11887783,0.040548205,-0.22185092
26.191406,0.04056374,-0.15133302,0.051079601,-0.20798236
26.193359,0.034709338,-0.23686983,0.049723595,-0.18933995
26.195313,0.04166428,-0.25198129,0.042895138,-0.18943763
26.197266,0.041893132,-0.16604477,0.036424309,-0.21336231
26.199219,0.050915532,-0.12252605,0.040889069,-0.21947174
26.201172,0.045660287,-0.18646216,0.053128511,-0.20615976
26.203125,0.041638747,-0.26942751,0.036448523,-0.18678208
26.205078,0.042801511,-0.25076249,0.042794555,-0.19209941
26.207031,0.039253537,-0.1674023,0.032220319,-0.21422407
26.208984,0.056511302,-0.14940664,0.030353948,-0.2115283
26.210938,0.042004421,-0.20651092,0.042069986,-0.19150364
26.212891,0.041952334,-0.26286596,0.051047936,-0.16851173
26.214844,0.043011229,-0.25283572,0.049669579,-0.17735615
26.216797,0.034411758,-0.1887446,0.043964297,-0.19578139
26.21875,0.043590151,-0.17152067,0.061508551,-0.19596556
26.220703,0.040107802,-0.22465082,0.050688446,-0.17922236
26.222656,0.042813919,-0.2609235,0.049161077,-0.15980271
26.224609,0.039225269,-0.22581497,0.044539854,-0.16732302
26.226563,0.038137607,-0.1829126,0.045378044,-0.18221948
26.228516,0.039503399,-0.2032748,0.042347521,-0.17684504
26.230469,0.042339247,-0.23426805,0.034852237,-0.15527648
26.232422,0.041311275,-0.22238298,0.055026546,-0.14472657
26.234375,0.043984152,-0.19031399,0.050319642,-0.14800449
26.236328,0.030276554,-0.18238337,0.063885286,-0.1619667
26.238281,0.026119988,-0.20849435,0.05917652,-0.16674432
26.240234,0.04254375,-0.21424578,0.045499116,-0.15855858
26.242188,0.042774521,-0.17045389,0.057483375,-0.15195189
26.244141,0.041230805,-0.1402901,0.059914127,-0.15429731
26.246094,0.032317579,-0.16417393,0.063002393,-0.16335937
26.248047,0.043112352,-0.2072735,0.059478268,-0.16265303
26.25,0.043554716,-0.19239445,0.047138244,-0.16097467
26.251953,0.037951704,-0.12155014,0.045759887,-0.16292013
26.253906,0.050137155,-0.099928439,0.052817449,-0.17298995
26.255859,0.050185658,-0.14492954,0.043122381,-0.17068894
26.257813,0.040491696,-0.18968256,0.043100029,-0.16391426
26.259766,0.039411396,-0.18308938,0.058533907,-0.16564368
26.261719,0.041238725,-0.12229776,0.063920677,-0.16986379
26.263672,0.038460944,-0.090608001,0.054087773,-0.18456174
26.265625,0.042063359,-0.15311697,0.058621451,-0.18855433
26.267578,0.047336392,-0.19355354,0.058610275,-0.18808202
26.269531,0.042510744,-0.1463363,0.046933353,-0.18477787
26.271484,0.041184481,-0.10851023,0.05064933,-0.18567561
26.273438,0.050313942,-0.14240584,0.046404362,-0.19920027
26.275391,0.041953776,-0.18631327,0.033963755,-0.20212439
26.277344,0.052031208,-0.16894637,0.041453451,-0.19669636
26.279297,0.047939502,-0.14709632,0.054477066,-0.19762366
26.28125,0.046156954,-0.14851135,0.057455435,-0.20240769
26.283203,0.05476018,-0.18389562,0.047551751,-0.20682117
26.285156,0.037542894,-0.20734055,0.040119797,-0.21304043
26.287109,0.043442212,-0.18991435,0.047289118,-0.20983924
26.289063,0.038040858,-0.17942189,0.042045772,-0.20073561
26.291016,0.044273578,-0.17404519,0.045860469,-0.19918898
26.292969,0.046827659,-0.19882582,0.054175317,-0.19634315
26.294922,0.042014189,-0.22722761,0.056814685,-0.20278913
26.296875,0.053613473,-0.21844763,0.052938521,-0.21281214
26.298828,0.039478071,-0.20948789,0.051357135,-0.20492394
26.300781,0.04296444,-0.22366838,0.058478028,-0.19894747
26.302734,0.053525168,-0.23963375,0.054978117,-0.19927105
26.304688,0.03847817,-0.21975194,0.058833793,-0.20416102
26.306641,0.039652791,-0.20515852,0.059826583,-0.20607786
26.308594,0.039335508,-0.24268809,0.043694213,-0.20334937
26.310547,0.035772014,-0.24534597,0.043861851,-0.20723484
26.3125,0.043674853,-0.21635564,0.041099548,-0.21226358
26.314453,0.031169694,-0.21127556,0.040512815,-0.21454573
26.316406,0.032668792,-0.22998299,0.044595733,-0.20705599
26.318359,0.044149153,-0.24482012,0.033233598,-0.20069551
26.320313,0.042417847,-0.22066021,0.047989473,-0.20910053
26.322266,0.044619676,-0.20641744,0.051219299,-0.21746549
26.324219,0.039384741,-0.21534218,0.066751897,-0.21149682
26.326172,0.041307542,-0.22395745,0.067375883,-0.19943829
26.328125,0.048574194,-0.21998389,0.048337787,-0.20190832
26.330078,0.047260508,-0.19690812,0.055164382,-0.22048011
26.332031,0.044781782,-0.18290707,0.032374918,-0.22286844
26.333984,0.036179971,-0.20443016,0.035036638,-0.20468256
26.335938,0.037754696,-0.23777822,0.055372998,-0.19519961
26.337891,0.04556654,-0.22801469,0.05160673,-0.19724526
26.339844,0.043671478,-0.167942,0.048291221,-0.20657222
26.341797,0.039401121,-0.16312927,0.05119136,-0.22075392
26.34375,0.03775233,-0.24386656,0.05533202,-0.21783225
26.345703,0.045012861,-0.26928183,0.05997932,-0.20196345
26.347656,0.043470588,-0.19718407,0.058206081,-0.19961658
26.349609,0.037643779,-0.15035671,0.04330492,-0.21230352
26.351563,0.031402308,-0.20516416,0.051403701,-0.22590804
26.353516,0.030018777,-0.26042965,0.050464928,-0.22030742
26.355469,0.041440848,-0.22239177,0.039371014,-0.20414181
26.357422,0.04146897,-0.15680012,0.060245678,-0.20450538
26.359375,0.041833337,-0.1542788,0.055546224,-0.22046871
26.361328,0.040208291,-0.21137905,0.045398533,-0.22492258
26.363281,0.041373912,-0.24303302,0.042187333,-0.22414185
26.365234,0.043671571,-0.20801453,0.046577588,-0.22245947
26.367188,0.032443207,-0.1493209,0.052815586,-0.2180925
26.369141,0.040542819,-0.14452785,0.030944407,-0.22101441
26.371094,0.048645489,-0.19813652,0.044524953,-0.2214743
26.373047,0.045022856,-0.20831268,0.04663533,-0.22622213
26.375,0.042128637,-0.16145842,0.043534026,-0.21464276
26.376953,0.042074498,-0.14772455,0.061860591,-0.20645446
26.378906,0.044507872,-0.18883918,0.053523391,-0.21979648
26.380859,0.043896943,-0.20766948,0.057069868,-0.22834735
26.382813,0.048484791,-0.17293039,0.063691571,-0.22501199
26.384766,0.044917438,-0.1463196,0.052627459,-0.21007416
26.386719,0.044239659,-0.17718148,0.043286294,-0.21212785
26.388672,0.043941092,-0.22300412,0.053802788,-0.226162
26.390625,0.043020893,-0.21395014,0.059448466,-0.22884881
26.392578,0.045932416,-0.17515521,0.051046073,-0.21559812
26.394531,0.039637208,-0.17570399,0.046374559,-0.20956531
26.396484,0.047475625,-0.21940671,0.040304199,-0.22735345
26.398438,0.052686252,-0.23989174,0.050863534,-0.23738752
26.400391,0.045373123,-0.2187964,0.057269171,-0.22565705
26.402344,0.050936766,-0.20827252,0.041814804,-0.2135796
26.404297,0.04874539,-0.23634659,0.045750573,-0.22147897
26.40625,0.042712152,-0.26911157,0.055354372,-0.24147725
26.408203,0.042556215,-0.28893006,0.059686884,-0.24011263
26.410156,0.037326407,-0.29102239,0.058329016,-0.22436403
26.412109,0.041762058,-0.27892253,0.044791311,-0.22888629
26.414063,0.0414249,-0.27539694,0.048259556,-0.2414733
26.416016,0.037057791,-0.27542797,0.034526274,-0.24112399
26.417969,0.035764575,-0.29320481,0.041730985,-0.23824033
26.419922,0.031274945,-0.29841104,0.058278725,-0.23174126
26.421875,0.030962383,-0.28064576,0.048863053,-0.22040206
26.423828,0.035274174,-0.27322295,0.042194784,-0.23203725
26.425781,0.042335279,-0.25386187,0.021543637,-0.25699896
26.427734,0.035120789,-0.2228976,0.048924521,-0.25616339
26.429688,0.036625683,-0.21761747,0.053201154,-0.22318217
26.431641,0.04542223,-0.22994742,0.044338688,-0.20342441
26.433594,0.040343165,-0.21045391,0.060832411,-0.23249179
26.435547,0.040179364,-0.18534335,0.046909139,-0.26247346
26.4375,0.047167476,-0.19951797,0.059817269,-0.24945834
26.439453,0.041444417,-0.20058712,0.053052142,-0.21728504
26.441406,0.035621859,-0.17870681,0.049801826,-0.21016875
26.443359,0.044788629,-0.18772644,0.063719511,-0.24339932
26.445313,0.043108579,-0.19324732,0.061961174,-0.2577115
26.447266,0.02787168,-0.17122102,0.063985869,-0.23600708
26.449219,0.02596241,-0.16990738,0.056674987,-0.2256822
26.451172,0.042227563,-0.18601198,0.044416919,-0.23540899
26.453125,0.042622298,-0.16536084,0.040632024,-0.25996831
26.455078,0.040548723,-0.12531234,0.062665254,-0.27151158
26.457031,0.040464718,-0.14350468,0.05081138,-0.25220823
26.458984,0.035129283,-0.19038752,0.046178982,-0.23599526
26.460938,0.037114833,-0.1803021,0.060115293,-0.25592974
26.462891,0.037774824,-0.12670362,0.045582935,-0.2871713
26.464844,0.047116268,-0.094306163,0.053407907,-0.29547027
26.466797,0.046625447,-0.11024866,0.048896581,-0.28836823
26.46875,0.038454458,-0.15304701,0.037608951,-0.27879483
26.470703,0.041968845,-0.17460905,0.038391262,-0.28486168
26.472656,0.040289167,-0.13593791,0.033984244,-0.30175489
26.474609,0.04468428,-0.087783411,0.041816667,-0.29017216
26.476563,0.045438346,-0.1134892,0.050509632,-0.27311987
26.478516,0.040892262,-0.16445333,0.051787406,-0.28277564
26.480469,0.042427488,-0.17009737,0.049023241,-0.29042745
26.482422,0.03945826,-0.12573725,0.031525552,-0.2908718
26.484375,0.044297285,-0.10340076,0.043131694,-0.28897047
26.486328,0.041548766,-0.14423367,0.079697281,-0.27866462
26.488281,0.035560008,-0.16935255,0.059256613,-0.26488161
26.490234,0.046749555,-0.15480296,0.048321024,-0.27316731
26.492188,0.047158279,-0.1273354,0.049433023,-0.30087504
26.494141,0.041822258,-0.12717313,0.046648368,-0.29008931
26.496094,0.041109812,-0.16057029,0.04888168,-0.26119351
26.498047,0.041372221,-0.17445014,0.035913944,-0.26103827
26.5,0.037997972,-0.15573178,0.058049619,-0.28099862
26.501953,0.041430477,-0.12761317,0.056624696,-0.28888687
26.503906,0.047288846,-0.12856883,0.049954563,-0.27478263
26.505859,0.040449563,-0.16960721,0.045271873,-0.27118948
26.507813,0.04503249,-0.18541075,0.034246877,-0.28509825
26.509766,0.039227553,-0.15347588,0.055050761,-0.29030108
26.511719,0.037114397,-0.13176233,0.046486318,-0.27225804
26.513672,0.047746327,-0.15581845,0.04167138,-0.26472488
26.515625,0.037820414,-0.17888312,0.049623013,-0.27732718
26.517578,0.033570018,-0.16895825,0.039914906,-0.28312197
26.519531,0.040077958,-0.15848564,0.054640979,-0.2760759
26.521484,0.038085833,-0.15020938,0.051169008,-0.27076358
26.523438,0.042705335,-0.15097569,0.042271152,-0.27388257
26.525391,0.038815551,-0.15956883,0.036930948,-0.2745339
26.527344,0.039340101,-0.16067,0.023452848,-0.26905757
26.529297,0.040010609,-0.14903347,0.031648487,-0.26472989
26.53125,0.034095045,-0.13939708,0.048037902,-0.261778
26.533203,0.047531925,-0.14919348,0.065164924,-0.2530767
26.535156,0.043766808,-0.14871898,0.041660205,-0.24431255
26.537109,0.032496728,-0.1348031,0.037288576,-0.25872046
26.539063,0.041948222,-0.14446476,0.04606536,-0.27892748
26.541016,0.046267763,-0.15548375,0.034436867,-0.25873938
26.542969,0.034328539,-0.13632558,0.039978236,-0.22269987
26.544922,0.037951104,-0.13088013,0.038657621,-0.2259786
26.546875,0.038302224,-0.14669609,0.049075395,-0.2570684
26.548828,0.044035859,-0.14447588,0.070639238,-0.2591463
26.550781,0.047706027,-0.12949176,0.058587924,-0.22964264
26.552734,0.034521651,-0.13047536,0.043411091,-0.2192172
26.554688,0.044559993,-0.14872375,0.045771062,-0.25033769
26.556641,0.043162934,-0.15163256,0.045504704,-0.25744945
26.558594,0.039329536,-0.13806157,0.043353349,-0.22595432
26.560547,0.04256478,-0.12934729,0.036547244,-0.21788086
26.5625,0.042383641,-0.13259004,0.047864676,-0.23234208
26.564453,0.051596578,-0.14631966,0.053827003,-0.24508816
26.566406,0.042669386,-0.15413724,0.062670842,-0.24079512
26.568359,0.044315156,-0.15046777,0.052726179,-0.23641697
26.570313,0.042941187,-0.1444236,0.044128209,-0.24096631
26.572266,0.034769502,-0.14783737,0.06171158,-0.24470085
26.574219,0.04436218,-0.16501729,0.041961953,-0.23965146
26.576172,0.029462978,-0.162021,0.044362903,-0.24332686
26.578125,0.031840015,-0.14096671,0.051612318,-0.25673053
26.580078,0.046213333,-0.1527172,0.059685022,-0.2387529
26.582031,0.04215312,-0.16237804,0.064211249,-0.22497952
26.583984,0.041812431,-0.1544302,0.043925181,-0.25365803
26.585938,0.039968394,-0.15984607,0.048896581,-0.28196883
26.587891,0.035857093,-0.16316298,0.040062055,-0.26757199
26.589844,0.046250116,-0.16195092,0.039723054,-0.23574322
26.591797,0.046931449,-0.14232318,0.050196707,-0.23744771
26.59375,0.039967407,-0.13166815,0.050725698,-0.26699439
26.595703,0.046147253,-0.15858005,0.040918872,-0.27573311
26.597656,0.040203374,-0.17486189,0.048542678,-0.25741568
26.599609,0.035972949,-0.16457754,0.070425034,-0.25065491
26.601563,0.038174059,-0.14163727,0.042394087,-0.2603972
26.603516,0.03985564,-0.1389405,0.031665251,-0.26681784
26.605469,0.037436899,-0.16215993,0.048302397,-0.26692519
26.607422,0.047721092,-0.17293267,0.047533125,-0.26085395
26.609375,0.045662727,-0.16034159,0.042090476,-0.25041959
26.611328,0.033565886,-0.14513636,0.035969824,-0.24974687
26.613281,0.043804053,-0.1588431,0.03227061,-0.26191536
26.615234,0.04562591,-0.17552175,0.035053402,-0.26859778
26.617188,0.038821273,-0.16010788,0.042105377,-0.25935045
26.619141,0.03662654,-0.14786938,0.052443057,-0.24233831
26.621094,0.043597076,-0.16324051,0.058356956,-0.23789346
26.623047,0.044773456,-0.17602623,0.049596936,-0.25698006
26.625,0.041091301,-0.16674833,0.046240449,-0.2778326
26.626953,0.049051452,-0.1517601,0.03900966,-0.26183289
26.628906,0.043255288,-0.16047466,0.033712298,-0.22445804
26.630859,0.04087441,-0.18455487,0.039775208,-0.22440524
26.632813,0.044848233,-0.19509372,0.040822014,-0.2489946
26.634766,0.032966826,-0.17452598,0.039285332,-0.25432399
26.636719,0.0445606,-0.15032154,0.042055085,-0.23109406
26.638672,0.049856238,-0.17311527,0.049693793,-0.21374311
26.640625,0.032503571,-0.20217358,0.047758505,-0.22842988
26.642578,0.035615217,-0.20461312,0.051694274,-0.24033825
26.644531,0.035819255,-0.19586736,0.052308947,-0.2359349
26.646484,0.039292853,-0.17693345,0.056438431,-0.22022761
26.648438,0.046329778,-0.17549817,0.04734686,-0.21520138
26.650391,0.041430093,-0.18758348,0.039207101,-0.22122321
26.652344,0.04726864,-0.20273469,0.044001549,-0.22350197
26.654297,0.04780316,-0.20433959,0.039236903,-0.22671346
26.65625,0.049792759,-0.18259089,0.050904512,-0.21567357
26.658203,0.042068209,-0.1829941,0.046100751,-0.2037137
26.660156,0.040150236,-0.20502354,0.056606069,-0.20965368
26.662109,0.037777897,-0.2294388,0.05725427,-0.22723769
26.664063,0.034224879,-0.22596398,0.048106819,-0.23090343
26.666016,0.053570546,-0.18972255,0.053486139,-0.21787922
26.667969,0.045716301,-0.17114645,0.047873989,-0.2106446
26.669922,0.041488014,-0.22337943,0.047661647,-0.21958692
26.671875,0.044570804,-0.2843951,0.044744745,-0.23096228
26.673828,0.038123515,-0.2620725,0.043312371,-0.22694786
26.675781,0.035799604,-0.213231,0.043968022,-0.20939901
26.677734,0.03953876,-0.20547104,0.051828384,-0.20380822
26.679688,0.039224882,-0.23687243,0.042457417,-0.22172192
26.681641,0.040413324,-0.26006699,0.047689587,-0.23207584
26.683594,0.052359663,-0.25215247,0.039791971,-0.22692779
26.685547,0.046261057,-0.2357967,0.041697457,-0.20894523
26.6875,0.03841655,-0.23820114,0.061791673,-0.20409513
26.689453,0.039818004,-0.26437846,0.041015729,-0.21954513
26.691406,0.038050652,-0.27517384,0.045856744,-0.22606055
26.693359,0.031526148,-0.24520783,0.041531682,-0.22223985
26.695313,0.040651828,-0.2230345,0.042267427,-0.21225433
26.697266,0.05002607,-0.23940663,0.056185111,-0.20686722
26.699219,0.040891059,-0.2674973,0.048043489,-0.20977783
26.701172,0.043202754,-0.27856049,0.049902409,-0.21870944
26.703125,0.041547358,-0.2708891,0.054769501,-0.2266935
26.705078,0.038082965,-0.24814406,0.052115232,-0.21629737
26.707031,0.038816258,-0.23810062,0.045884684,-0.20343348
26.708984,0.032473944,-0.26137432,0.044383392,-0.21616927
26.710938,0.026748795,-0.266114,0.044331238,-0.23368871
26.712891,0.030987697,-0.25303096,0.036761448,-0.22297303
26.714844,0.041707281,-0.23466247,0.04407233,-0.20403942
26.716797,0.033778355,-0.22322199,0.044038802,-0.20177603
26.71875,0.035620108,-0.23802245,0.050189257,-0.2147937
26.720703,0.036186442,-0.25353131,0.055959731,-0.22338724
26.722656,0.036467999,-0.23287812,0.033982381,-0.21536082
26.724609,0.049096759,-0.19639897,0.049140587,-0.21493962
26.726563,0.037101511,-0.18642952,0.04914245,-0.21242505
26.728516,0.045734622,-0.20310298,0.043513536,-0.20833749
26.730469,0.046211623,-0.23341346,0.047350585,-0.21347244
26.732422,0.028431982,-0.21456185,0.032877833,-0.21259752
26.734375,0.031474251,-0.17701373,0.028049856,-0.20735295
26.736328,0.030366475,-0.17402086,0.031786323,-0.19915725
26.738281,0.035455897,-0.18604243,0.045892134,-0.19324674
26.740234,0.028426757,-0.19624938,0.047458619,-0.19236775
26.742188,0.033634406,-0.1771767,0.043606669,-0.19129579
26.744141,0.051733717,-0.14896682,0.046119377,-0.19073711
26.746094,0.037737321,-0.1344896,0.052504525,-0.18960887
26.748047,0.049335629,-0.16323981,0.056760669,-0.1824002
26.75,0.048948206,-0.1982509,0.044640437,-0.17444263
26.751953,0.035982307,-0.15497473,0.042408988,-0.17581226
26.753906,0.04661379,-0.11076473,0.054220021,-0.18134059
26.755859,0.042271804,-0.13123962,0.049287736,-0.17448401
26.757813,0.044470817,-0.15530384,0.046598077,-0.16117431
26.759766,0.038631115,-0.1604441,0.051943868,-0.16149521
26.761719,0.05080257,-0.15645251,0.049926624,-0.17134564
26.763672,0.047510292,-0.14939705,0.046106339,-0.17695406
26.765625,0.041695699,-0.15491146,0.056298733,-0.17617694
26.767578,0.039635282,-0.17935076,0.053774849,-0.16882193
26.769531,0.033980954,-0.199543,0.043310508,-0.1680679
26.771484,0.05024093,-0.17945309,0.040414095,-0.1785291
26.773438,0.034297835,-0.14971077,0.036841542,-0.18524686
26.775391,0.044061597,-0.16980802,0.042824358,-0.17782007
26.777344,0.048360527,-0.21677043,0.044666514,-0.16085708
26.779297,0.041256435,-0.22074543,0.050990194,-0.16218893
26.78125,0.03223525,-0.18917271,0.044312611,-0.17975768
26.783203,0.030505743,-0.18701147,0.043735191,-0.18887126
26.785156,0.044751469,-0.19869666,0.053799063,-0.17608002
26.787109,0.041929752,-0.18774052,0.056593031,-0.15897994
26.789063,0.044971924,-0.18669057,0.051012546,-0.16394272
26.791016,0.036127601,-0.19821878,0.037759826,-0.18000089
26.792969,0.040185623,-0.20898689,0.038247839,-0.18853012
26.794922,0.03958787,-0.20840372,0.049568996,-0.17657943
26.796875,0.037437193,-0.19026905,0.046907276,-0.15557364
26.798828,0.032068372,-0.18379404,0.045039043,-0.15696119
26.800781,0.041734319,-0.18497315,0.063984007,-0.18443829
26.802734,0.053846821,-0.19736148,0.055572301,-0.19227985
26.804688,0.036653683,-0.20315543,0.068143293,-0.17542198
26.806641,0.040556028,-0.19264889,0.073222727,-0.16859183
26.808594,0.04185703,-0.18911812,0.051111266,-0.17904162
26.810547,0.041549884,-0.19015887,0.05174084,-0.19872682
26.8125,0.042498626,-0.1999639,0.049025103,-0.20580509
26.814453,0.042075571,-0.19335365,0.054180905,-0.19283928
26.816406,0.036049761,-0.18098092,0.048138484,-0.17948005
26.818359,0.034818202,-0.20160884,0.047171772,-0.19344185
26.820313,0.039083313,-0.22378148,0.058217257,-0.22110452
26.822266,0.038793627,-0.19170016,0.060228914,-0.23138574
26.824219,0.043743722,-0.16280372,0.03993167,-0.21811461
26.826172,0.040712595,-0.19802907,0.029420763,-0.20936519
26.828125,0.041946795,-0.22829171,0.060553014,-0.22412345
26.830078,0.040638704,-0.20288208,0.055153206,-0.23325786
26.832031,0.035552617,-0.16960086,0.042617604,-0.22925708
26.833984,0.04337611,-0.18144618,0.046223685,-0.22752896
26.835938,0.042161364,-0.20464717,0.034969583,-0.23029894
26.837891,0.035673838,-0.20429443,0.050409049,-0.23565386
26.839844,0.054318927,-0.19852966,0.045458138,-0.2403734
26.841797,0.038682234,-0.19178624,0.036662728,-0.23685923
26.84375,0.029643781,-0.19495052,0.042237625,-0.23541202
26.845703,0.048515916,-0.22442043,0.053352028,-0.23745754
26.847656,0.038258549,-0.22029088,0.069801047,-0.23613054
26.849609,0.045243178,-0.18170357,0.050401598,-0.24244332
26.851563,0.043586269,-0.18522735,0.046309367,-0.24108668
26.853516,0.033188678,-0.22998333,0.044109583,-0.2381075
26.855469,0.035571702,-0.24556337,0.031430557,-0.23937118
26.857422,0.040209495,-0.21062836,0.037314653,-0.23507732
26.859375,0.040581383,-0.17646663,0.047363624,-0.23159143
26.861328,0.04313026,-0.18971086,0.046467692,-0.2267818
26.863281,0.046162054,-0.23625323,0.051617905,-0.22678192
26.865234,0.042737015,-0.24329123,0.053044692,-0.23884451
26.867188,0.042400111,-0.21229123,0.045143351,-0.24406971
26.869141,0.045151699,-0.19505297,0.050142691,-0.22922519
26.871094,0.040956385,-0.21770105,0.039764032,-0.22412054
26.873047,0.023743609,-0.24531308,0.039194062,-0.22749612
26.875,0.038410567,-0.24836868,0.040687904,-0.23427516
26.876953,0.038758229,-0.21525149,0.038616642,-0.22978322
26.878906,0.031264707,-0.17653869,0.04548049,-0.21181685
26.880859,0.04349843,-0.21913522,0.056075215,-0.21372063
26.882813,0.037261605,-0.27127486,0.059033096,-0.22498097
26.884766,0.04460426,-0.24607985,0.034563527,-0.22959486
26.886719,0.04298814,-0.19528027,0.034591466,-0.22591037
26.888672,0.042362247,-0.18899316,0.049514979,-0.22395907
26.890625,0.036127653,-0.2322887,0.062644765,-0.21483247
26.892578,0.038034033,-0.25211081,0.059103876,-0.20558007
26.894531,0.048031051,-0.21726397,0.03807275,-0.22144666
26.896484,0.03551,-0.18364066,0.047911242,-0.24227068
26.898438,0.045002002,-0.20678152,0.056660086,-0.23228125
26.900391,0.042191092,-0.26102763,0.04076986,-0.20220985
26.902344,0.043340538,-0.26390386,0.039695114,-0.2035751
26.904297,0.041227911,-0.21112859,0.04208675,-0.23400083
26.90625,0.032670952,-0.19298112,0.042554274,-0.24176079
26.908203,0.045384716,-0.23449884,0.04393822,-0.21866462
26.910156,0.037827317,-0.26182264,0.037739336,-0.20460165
26.912109,0.024841301,-0.2416354,0.048902169,-0.21618818
26.914063,0.036742147,-0.21144484,0.04570587,-0.22779991
26.916016,0.042192455,-0.21042714,0.047110304,-0.22544919
26.917969,0.035484958,-0.23288074,0.040035978,-0.21545033
26.919922,0.040382233,-0.25134251,0.030033574,-0.20730498
26.921875,0.045894209,-0.2360903,0.03688997,-0.20873423
26.923828,0.042309131,-0.20039573,0.047108442,-0.2121229
26.925781,0.030517446,-0.21274851,0.05956395,-0.21146742
26.927734,0.040916316,-0.25871807,0.033144191,-0.20671214
26.929688,0.042465497,-0.24104103,0.035915807,-0.20256409
26.931641,0.03554257,-0.18613702,0.050628841,-0.20826058
26.933594,0.039299369,-0.19929905,0.041641578,-0.20721814
26.935547,0.036998678,-0.24117288,0.040682316,-0.19885306
26.9375,0.038742349,-0.23816861,0.041649029,-0.19442096
26.939453,0.030035079,-0.21042708,0.049274698,-0.1901193
26.941406,0.029468954,-0.20072398,0.059843346,-0.20028341
26.943359,0.043853693,-0.20339587,0.06764783,-0.20642193
26.945313,0.040052593,-0.19764636,0.061041027,-0.19775835
26.947266,0.033320405,-0.20072234,0.043174535,-0.19076465
26.949219,0.042207763,-0.20666778,0.045392945,-0.19834398
26.951172,0.036122594,-0.18641956,0.050045833,-0.20741005
26.953125,0.034276869,-0.16873758,0.037025943,-0.19832645
26.955078,0.04177561,-0.1856281,0.037880898,-0.18893307
26.957031,0.040671304,-0.18607147,0.038860649,-0.19101383
26.958984,0.040584248,-0.16954993,0.04699482,-0.20848882
26.960938,0.040939242,-0.18070391,0.052225128,-0.21260509
26.962891,0.040516585,-0.18598503,0.045286775,-0.20020849
26.964844,0.036688525,-0.17360549,0.051439092,-0.19578058
26.966797,0.037456624,-0.16287619,0.0560361,-0.20490596
26.96875,0.042705763,-0.17465299,0.044826701,-0.21336319
26.970703,0.039234839,-0.18458886,0.037646204,-0.20693508
26.972656,0.033371244,-0.16264667,0.046674445,-0.20024708
26.974609,0.0433078,-0.17187469,0.053111747,-0.19646621
26.976563,0.045817781,-0.19002424,0.042239487,-0.19848728
26.978516,0.038777027,-0.17031623,0.038443416,-0.20733643
26.980469,0.034305785,-0.1635461,0.052357376,-0.21645419
26.982422,0.035111256,-0.18547176,0.053677991,-0.20831193
26.984375,0.036235422,-0.19246995,0.053862393,-0.1917246
26.986328,0.032649763,-0.16326851,0.043729603,-0.19990966
26.988281,0.031417474,-0.15091765,0.051232338,-0.22071563
26.990234,0.022993911,-0.17736815,0.055855423,-0.21848272
26.992188,0.038684923,-0.18103343,0.045718908,-0.19688262
26.994141,0.04983148,-0.14277987,0.058342054,-0.19233124
26.996094,0.045002181,-0.11210316,0.045409709,-0.21426657
26.998047,0.053012829,-0.14223331,0.041337967,-0.22938159
27.0,0.041551653,-0.20134714,0.056559503,-0.21541558
27.001953,0.03898349,-0.19615427,0.059768841,-0.20028095
27.003906,0.040023118,-0.12976487,0.050153866,-0.20193167
27.005859,0.036636654,-0.088017061,0.056216776,-0.2241592
27.007813,0.042877939,-0.12974426,0.07204181,-0.24213156
27.009766,0.042030964,-0.18780874,0.04095985,-0.23239988
27.011719,0.039367329,-0.18348898,0.036424309,-0.22782558
27.013672,0.033367429,-0.13744503,0.047942907,-0.23542854
27.015625,0.040441681,-0.12314038,0.034015909,-0.23553257
27.017578,0.047655251,-0.16993415,0.046590626,-0.23037036
27.019531,0.04678724,-0.18944572,0.048829526,-0.23762082
27.021484,0.045322016,-0.15949897,0.040801525,-0.24434026
27.023438,0.040520236,-0.13611288,0.044632986,-0.24274112
27.025391,0.050663806,-0.17070559,0.03140448,-0.25180987
27.027344,0.047372743,-0.21457385,0.023218155,-0.25764665
27.029297,0.036050528,-0.19308475,0.051120579,-0.24447355
27.03125,0.042835239,-0.17048632,0.05293107,-0.22763321
27.033203,0.041845858,-0.18912336,0.052083567,-0.22753268
27.035156,0.040034804,-0.21410742,0.057166725,-0.24972278
27.037109,0.040179454,-0.22165889,0.049341753,-0.26515898
27.039063,0.038708638,-0.2152143,0.058478028,-0.24249938
27.041016,0.036124457,-0.21099669,0.050070047,-0.22114049
27.042969,0.034095619,-0.23126931,0.043122381,-0.23699462
27.044922,0.046192687,-0.24166031,0.039208964,-0.26256704
27.046875,0.04552795,-0.21863982,0.044420645,-0.25395313
27.048828,0.038928866,-0.20764196,0.042401537,-0.22595751
27.050781,0.038002186,-0.2359087,0.041742161,-0.23091611
27.052734,0.035238042,-0.2548174,0.058394209,-0.24314071
27.054688,0.036897562,-0.22829391,0.040656239,-0.24834634
27.056641,0.033433378,-0.206993,0.033952579,-0.24707258
27.058594,0.03404431,-0.22009809,0.04910706,-0.24204658
27.060547,0.04179851,-0.24592495,0.048997164,-0.23614764
27.0625,0.035924204,-0.24153237,0.042988271,-0.22863321
27.064453,0.022666581,-0.21507227,0.031326249,-0.24344344
27.066406,0.036569677,-0.21687375,0.030374438,-0.25378689
27.068359,0.042265665,-0.22181511,0.041714221,-0.24128506
27.070313,0.039607134,-0.19709641,0.046540335,-0.21577491
27.072266,0.043265466,-0.20280339,0.036590084,-0.2147394
27.074219,0.039911315,-0.22325151,0.036994278,-0.23614031
27.076172,0.043502156,-0.21516895,0.037063196,-0.24174094
27.078125,0.040645804,-0.20599706,0.039311409,-0.21532443
27.080078,0.04536061,-0.19169503,0.04852964,-0.19576748
27.082031,0.048655611,-0.19634722,0.038851336,-0.20952654
27.083984,0.041144989,-0.21558438,0.050444439,-0.2191765
27.085938,0.0326683,-0.2354545,0.061242193,-0.21627118
27.087891,0.029573206,-0.23114929,0.058990255,-0.19131535
27.089844,0.037739143,-0.19706003,0.045387357,-0.18839571
27.091797,0.044688456,-0.19760369,0.039020836,-0.21028866
27.09375,0.044411097,-0.22099002,0.04994525,-0.21158296
27.095703,0.042261366,-0.24779098,0.050112888,-0.19736713
27.097656,0.037562907,-0.2434577,0.040876031,-0.1833775
27.099609,0.038452134,-0.23449123,0.041788727,-0.19404908
27.101563,0.041602351,-0.22587247,0.053242132,-0.20667244
27.103516,0.03871825,-0.20263417,0.045003653,-0.20852345
27.105469,0.041582998,-0.23078124,0.039508849,-0.20533338
27.107422,0.042705253,-0.24995397,0.054009542,-0.19515246
27.109375,0.039592765,-0.24562176,0.052385315,-0.1874847
27.111328,0.039537478,-0.225545,0.036940262,-0.19078891
27.113281,0.04302479,-0.21956311,0.033466429,-0.21312815
27.115234,0.039899588,-0.24804115,0.036131874,-0.2122907
27.117188,0.037944186,-0.25467443,0.063555598,-0.18542717
27.119141,0.03756902,-0.24614614,0.058342054,-0.17297126
27.121094,0.042592928,-0.2390788,0.041418061,-0.20001966
27.123047,0.045064442,-0.24140815,0.044498876,-0.23411259
27.125,0.036895443,-0.25530779,0.046652094,-0.21405283
27.126953,0.037243966,-0.27081805,0.053020477,-0.17565498
27.128906,0.033841848,-0.26998439,0.056667536,-0.17982562
27.130859,0.030973312,-0.2576234,0.064680636,-0.21603742
27.132813,0.03275815,-0.23299453,0.045398533,-0.23012222
27.134766,0.037845649,-0.24114622,0.037394747,-0.21559958
27.136719,0.039881133,-0.26126233,0.045394808,-0.2043446
27.138672,0.040873826,-0.24715535,0.067509994,-0.20636348
27.140625,0.042950843,-0.24570522,0.067383334,-0.20676716
27.142578,0.039352167,-0.25423637,0.036534205,-0.22115259
27.144531,0.038689036,-0.25547707,0.030564427,-0.24774051
27.146484,0.027771823,-0.24601465,0.036243632,-0.2470592
27.148438,0.040556144,-0.23642011,0.048954323,-0.2127548
27.150391,0.052069549,-0.23265769,0.046603665,-0.19635886
27.152344,0.037230872,-0.23123701,0.037892073,-0.23304424
27.154297,0.041194044,-0.24919447,0.041418061,-0.2634244
27.15625,0.039995879,-0.27227423,0.055911303,-0.24386831
27.158203,0.034173585,-0.25239938,0.052975774,-0.21335661
27.160156,0.042815026,-0.22632731,0.050949216,-0.22389366
27.162109,0.050949484,-0.23270664,0.065682739,-0.25410971
27.164063,0.035876248,-0.25289324,0.059658945,-0.25690484
27.166016,0.033662081,-0.27595049,0.04975526,-0.23531254
27.167969,0.037940536,-0.26675439,0.060025886,-0.23175727
27.169922,0.042641219,-0.22681671,0.071659967,-0.25129938
27.171875,0.051557869,-0.21702188,0.056298733,-0.25503695
27.173828,0.030207356,-0.26103216,0.038866237,-0.2596671
27.175781,0.034731682,-0.30047473,0.031288996,-0.27897167
27.177734,0.038321078,-0.27848783,0.039385915,-0.281831
27.179688,0.03413827,-0.22371913,0.052055627,-0.26342195
27.181641,0.042391241,-0.22427532,0.040717706,-0.25818005
27.183594,0.038172204,-0.26705191,0.036705568,-0.28607818
27.185547,0.038308255,-0.28978363,0.040091857,-0.30853719
27.1875,0.036351856,-0.26888666,0.038799182,-0.29095331
27.189453,0.030671574,-0.23023951,0.046326131,-0.26965389
27.191406,0.036564682,-0.22905917,0.03650254,-0.2795904
27.193359,0.052198097,-0.25528726,0.037506506,-0.30034354
27.195313,0.042794302,-0.26551569,0.047324508,-0.29422829
27.197266,0.040335592,-0.24684307,0.036414996,-0.2684792
27.199219,0.038421396,-0.24488559,0.048062116,-0.27183446
27.201172,0.036646403,-0.25371581,0.046126828,-0.28640565
27.203125,0.046106022,-0.25579023,0.0496286,-0.28037849
27.205078,0.033507511,-0.24492681,0.054490104,-0.26506457
27.207031,0.038919583,-0.23082222,0.033779353,-0.26861697
27.208984,0.038935967,-0.25900218,0.046303779,-0.27930671
27.210938,0.040246394,-0.27485952,0.050984606,-0.26229307
27.212891,0.046861365,-0.2568351,0.047676548,-0.24922231
27.214844,0.034026325,-0.23973964,0.054840282,-0.26101792
27.216797,0.045016259,-0.25561491,0.047095403,-0.27672437
27.21875,0.042685509,-0.28722528,0.036821052,-0.26546091
27.220703,0.034092296,-0.27508321,0.035273194,-0.25105107
27.222656,0.042155035,-0.26167542,0.042613879,-0.26366776
27.224609,0.028381296,-0.2619341,0.054735973,-0.26946402
27.226563,0.032665357,-0.27321538,0.067547247,-0.25504336
27.228516,0.041836906,-0.28613278,0.056635872,-0.2479489
27.230469,0.030023748,-0.26184121,0.036318138,-0.26710045
27.232422,0.034615714,-0.2529451,0.040972888,-0.28914228
27.234375,0.035768341,-0.28016463,0.038806632,-0.27199861
27.236328,0.032278936,-0.28615966,0.032885283,-0.23571295
27.238281,0.041500576,-0.26443493,0.030987248,-0.2442842
27.240234,0.036276329,-0.24198657,0.022786021,-0.27920315
27.242188,0.033113681,-0.2442427,0.030618444,-0.27391109
27.244141,0.039069034,-0.27247119,0.038186371,-0.24497361
27.246094,0.037683789,-0.26634595,0.051446542,-0.23927706
27.248047,0.042367641,-0.22386914,0.058271274,-0.24116451
27.25,0.034614898,-0.21742211,0.055685923,-0.2482347
27.251953,0.03400626,-0.2526789,0.054348543,-0.25800288
27.253906,0.03005963,-0.2738421,0.033555835,-0.25456229
27.255859,0.027333578,-0.23315682,0.032801464,-0.24447995
27.257813,0.043421403,-0.19172786,0.047745466,-0.22392398
27.259766,0.040042952,-0.20346881,0.045193642,-0.21896544
27.261719,0.036876205,-0.22245626,0.042993858,-0.24534597
27.263672,0.03258742,-0.2452991,0.051934555,-0.25940835
27.265625,0.037836842,-0.23074365,0.050826281,-0.23883235
27.267578,0.041779187,-0.18675238,0.04792428,-0.22126865
27.269531,0.038377378,-0.17401102,0.049896821,-0.23894411
27.271484,0.04768008,-0.19613715,0.04738225,-0.25917354
27.273438,0.037685525,-0.23056459,0.053083807,-0.24319071
27.275391,0.032181282,-0.22081964,0.057608172,-0.22528738
27.277344,0.039155081,-0.19368584,0.05116342,-0.23554729
27.279297,0.034553021,-0.17729819,0.053411633,-0.26001674
27.28125,0.040622625,-0.18627916,0.056917131,-0.26495725
27.283203,0.0384131,-0.22112902,0.043724015,-0.24367383
27.285156,0.03507508,-0.22123122,0.049680755,-0.2431009
27.287109,0.046346828,-0.19463871,0.059154168,-0.25780001
27.289063,0.046581537,-0.18143699,0.060161859,-0.26252067
27.291016,0.035511758,-0.20431037,0.052005336,-0.26351288
27.292969,0.030550895,-0.2437218,0.044612497,-0.271568
27.294922,0.041252203,-0.22951767,0.043152183,-0.28404742
27.296875,0.040217966,-0.17749289,0.033747688,-0.27712253
27.298828,0.038549528,-0.17807373,0.048630223,-0.26722577
27.300781,0.034158308,-0.23137607,0.054519907,-0.27945322
27.302734,0.036477167,-0.25657654,0.04336825,-0.28778842
27.304688,0.040359344,-0.21730599,0.040099308,-0.28731114
27.306641,0.031135704,-0.1784309,0.046581313,-0.28812686
27.308594,0.043686628,-0.19803157,0.055959731,-0.29022944
27.310547,0.034158673,-0.23051821,0.054778814,-0.2912012
27.3125,0.0298377,-0.23964347,0.042166844,-0.28235701
27.314453,0.042949472,-0.21605691,0.041540995,-0.28909111
27.316406,0.041427024,-0.17397441,0.052312672,-0.30628699
27.318359,0.042805489,-0.18544376,0.048190638,-0.30323443
27.320313,0.037365206,-0.24443467,0.04502973,-0.28402996
27.322266,0.043549221,-0.250774,0.027548805,-0.28449667
27.324219,0.036464069,-0.19144067,0.040505365,-0.30564451
27.326172,0.032954659,-0.17009412,0.062145576,-0.31143412
27.328125,0.036726229,-0.21987167,0.03945297,-0.28642091
27.330078,0.02885754,-0.24600138,0.044532403,-0.27088311
27.332031,0.036422536,-0.20888701,0.053361341,-0.30198359
27.333984,0.031524494,-0.17859872,0.042842984,-0.31456298
27.335938,0.031319354,-0.19114543,0.02883403,-0.29885405
27.337891,0.042447545,-0.22076434,0.035412893,-0.28935528
27.339844,0.042333037,-0.22515105,0.049131274,-0.28544074
27.341797,0.044777036,-0.19238742,0.035496712,-0.28957507
27.34375,0.038689606,-0.17210321,0.03117165,-0.29264545
27.345703,0.037996985,-0.19474284,0.04295288,-0.29261467
27.347656,0.039698426,-0.22559762,0.049969465,-0.28089654
27.349609,0.040393762,-0.20723148,0.040468112,-0.26658314
27.351563,0.048178088,-0.16208136,0.037895799,-0.27022001
27.353516,0.037223008,-0.17092294,0.030391201,-0.28537369
27.355469,0.035475776,-0.23254709,0.035809636,-0.28616154
27.357422,0.037081752,-0.25067109,0.060653597,-0.262301
27.359375,0.038725916,-0.1883035,0.055933654,-0.24431756
27.361328,0.034649733,-0.154588,0.047821835,-0.26390558
27.363281,0.040181071,-0.20139819,0.055400938,-0.29205009
27.365234,0.04976711,-0.2526243,0.055680335,-0.28420749
27.367188,0.037355091,-0.23320286,0.05363515,-0.25136173
27.369141,0.046265852,-0.19104974,0.050312191,-0.24208814
27.371094,0.041880958,-0.19814892,0.04111445,-0.26998025
27.373047,0.041054182,-0.22804804,0.053018615,-0.28409445
27.375,0.041894283,-0.25119221,0.047549888,-0.26820359
27.376953,0.032906651,-0.24259396,0.027520865,-0.25513044
27.378906,0.044282589,-0.2132169,0.049341753,-0.26109859
27.380859,0.041606307,-0.21633637,0.06643711,-0.27185938
27.382813,0.037538543,-0.26187029,0.057857767,-0.27510849
27.384766,0.035804857,-0.29101115,0.06017676,-0.27485719
27.386719,0.043410558,-0.26218939,0.049969465,-0.27942935
27.388672,0.044215366,-0.22965464,0.04669866,-0.28281021
27.390625,0.036454987,-0.25138956,0.046000168,-0.28108525
27.392578,0.043585755,-0.29240745,0.040384293,-0.2946198
27.394531,0.027770933,-0.29177606,0.044554755,-0.29510573
27.396484,0.025061507,-0.27096134,0.039695114,-0.27845344
27.398438,0.043262292,-0.27157444,0.051342234,-0.28579441
27.400391,0.035471871,-0.25682813,0.049231857,-0.30863121
27.402344,0.028984053,-0.25573835,0.042269289,-0.31644815
27.404297,0.046262059,-0.29849049,0.03862223,-0.29769769
27.40625,0.048493605,-0.29596242,0.041783139,-0.28792295
27.408203,0.036961656,-0.24856043,0.04645279,-0.30039325
27.410156,0.037331261,-0.2515378,0.040371254,-0.30839384
27.412109,0.03754672,-0.28815973,0.053579271,-0.30335131
27.414063,0.04189983,-0.28087732,0.039285332,-0.2944847
27.416016,0.036401197,-0.25254178,0.029955342,-0.29825062
27.417969,0.035482906,-0.25572044,0.036407545,-0.30676472
27.419922,0.036893912,-0.2801162,0.041324928,-0.29776028
27.421875,0.028109478,-0.27974269,0.045625776,-0.2791183
27.423828,0.037817761,-0.27296299,0.03557308,-0.27891916
27.425781,0.036994774,-0.26074147,0.046087712,-0.29431275
27.427734,0.04136641,-0.24157871,0.045638815,-0.29090464
27.429688,0.047080673,-0.26390541,0.045119137,-0.2708514
27.431641,0.029005105,-0.28847864,0.038393125,-0.26383308
27.433594,0.03664533,-0.280835,0.034306481,-0.27122217
27.435547,0.044825103,-0.25153083,0.04426977,-0.27350253
27.4375,0.035456996,-0.24011007,0.031560943,-0.26175755
27.439453,0.033848438,-0.27312151,0.040451348,-0.25343019
27.441406,0.040432096,-0.28803518,0.044215754,-0.25306106
27.443359,0.036904648,-0.26314896,0.032833129,-0.24839431
27.445313,0.031869177,-0.25072849,0.046078399,-0.24324334
27.447266,0.040440973,-0.26222998,0.060009122,-0.25091556
27.449219,0.032338601,-0.26552191,0.052500799,-0.24637106
27.451172,0.036874887,-0.26348481,0.049602523,-0.23150629
27.453125,0.047807436,-0.26812524,0.045709595,-0.23506202
27.455078,0.034793071,-0.2543377,0.03717868,-0.24559283
27.457031,0.035967324,-0.25248921,0.053266346,-0.24608055
27.458984,0.03681368,-0.27860984,0.049535468,-0.22394395
27.460938,0.032688949,-0.27585009,0.047078639,-0.21495174
27.462891,0.040211998,-0.24646594,0.054447263,-0.23902887
27.464844,0.03311187,-0.23491055,0.038074613,-0.25489768
27.466797,0.031977348,-0.26098567,0.046085849,-0.24130775
27.46875,0.04332415,-0.28005415,0.06335257,-0.22456071
27.470703,0.043342471,-0.25025094,0.053126648,-0.22804095
27.472656,0.041338045,-0.22157873,0.036489502,-0.24755967
27.474609,0.039267983,-0.2516242,0.044351727,-0.26574868
27.476563,0.026417462,-0.28652072,0.0485017,-0.25322634
27.478516,0.030656371,-0.27126694,0.046970606,-0.22802727
27.480469,0.037528444,-0.23054487,0.055974633,-0.23508938
27.482422,0.02772234,-0.20522138,0.04605791,-0.25852686
27.484375,0.047482673,-0.24005297,0.039911181,-0.27284321
27.486328,0.039762929,-0.27804923,0.047644883,-0.26450002
27.488281,0.029706808,-0.26310885,0.050152004,-0.23929401
27.490234,0.045385391,-0.22914357,0.053257033,-0.24091265
27.492188,0.033303399,-0.20672093,0.064565152,-0.26043421
27.494141,0.04026841,-0.23033333,0.055978358,-0.27798539
27.496094,0.042030673,-0.26444408,0.043930769,-0.28109148
27.498047,0.032138754,-0.2432403,0.031987488,-0.26735231
27.5,0.038527671,-0.21471564,0.04012166,-0.26374874
27.501953,0.042865783,-0.23386358,0.057120159,-0.26946595
27.503906,0.041162949,-0.25854713,0.045756161,-0.27485719
27.505859,0.036275521,-0.25114042,0.051256552,-0.27411255
27.507813,0.036160376,-0.23689014,0.046523571,-0.27826864
27.509766,0.037095554,-0.24496587,0.045176879,-0.28040212
27.511719,0.031622916,-0.25693133,0.046424851,-0.27965567
27.513672,0.035257146,-0.24925496,0.043010622,-0.28242663
27.515625,0.036305699,-0.2447338,0.045312852,-0.27497
27.517578,0.033023171,-0.24671972,0.060046375,-0.27123475
27.519531,0.034111589,-0.25728896,0.063663632,-0.27956516
27.521484,0.022428729,-0.25921214,0.043876752,-0.28571489
27.523438,0.034869291,-0.24266852,0.046756402,-0.29030317
27.525391,0.039544426,-0.23053677,0.041870683,-0.2862815
27.527344,0.025690757,-0.21344054,0.047004133,-0.2755487
27.529297,0.043955155,-0.22719152,0.053845629,-0.27602634
27.53125,0.046266556,-0.23856978,0.050481692,-0.28179589
27.533203,0.043462154,-0.21228185,0.041915387,-0.28822047
27.535156,0.043318868,-0.21244414,0.029294103,-0.29457957
27.537109,0.031659395,-0.23377632,0.041310027,-0.29546329
27.539063,0.039269798,-0.23402621,0.041906074,-0.28252047
27.541016,0.035130054,-0.21510434,0.037517682,-0.2736786
27.542969,0.033136472,-0.20163888,0.052297771,-0.28373927
27.544922,0.031961828,-0.21238478,0.055339471,-0.29847461
27.546875,0.037710868,-0.2285551,0.046631604,-0.29147002
27.548828,0.046420354,-0.23125726,0.052681476,-0.27742741
27.550781,0.031983312,-0.22091825,0.052614421,-0.27966446
27.552734,0.034720078,-0.21632834,0.035042226,-0.28207621
27.554688,0.032401647,-0.22846143,0.027155787,-0.29025394
27.556641,0.031910513,-0.23013002,0.032889009,-0.28520489
27.558594,0.040307604,-0.21197371,0.046408087,-0.27210897
27.560547,0.037513167,-0.19529831,0.045305401,-0.26821378
27.5625,0.039287005,-0.21165478,0.040665552,-0.27201608
27.564453,0.03849408,-0.24007154,0.042582214,-0.28526267
27.566406,0.040885448,-0.23699503,0.043118656,-0.28023821
27.568359,0.037882358,-0.20034201,0.058241472,-0.26510805
27.570313,0.031992201,-0.19108048,0.048568755,-0.2574268
27.572266,0.044034317,-0.22311175,0.041643441,-0.26998872
27.574219,0.044497736,-0.23107047,0.043506086,-0.28494698
27.576172,0.042495929,-0.20842141,0.037335142,-0.27372366
27.578125,0.040490273,-0.20857455,0.053661227,-0.25340092
27.580078,0.034951247,-0.23568803,0.052582756,-0.24690209
27.582031,0.038085755,-0.25116858,0.043904692,-0.26249856
27.583984,0.038207252,-0.23538838,0.042287916,-0.27953506
27.585938,0.034034982,-0.20624264,0.050343856,-0.27542204
27.587891,0.034462098,-0.21839617,0.038886726,-0.25419948
27.589844,0.042720813,-0.25471577,0.043183848,-0.25333992
27.591797,0.037458878,-0.26299617,0.054694995,-0.2725088
27.59375,0.031715509,-0.2350364,0.038091376,-0.27848122
27.595703,0.039172161,-0.22345948,0.055127129,-0.27261293
27.597656,0.034352221,-0.24243227,0.060407728,-0.26050574
27.599609,0.034979429,-0.24994804,0.054272175,-0.25547916
27.601563,0.044769075,-0.24361376,0.051144794,-0.27393541
27.603516,0.036975719,-0.22805829,0.042539373,-0.29469877
27.605469,0.040661845,-0.23371986,0.038905352,-0.28797564
27.607422,0.038380671,-0.26134202,0.054970667,-0.26089934
27.609375,0.042424481,-0.25620508,0.044953361,-0.25331721
27.611328,0.047373179,-0.2287792,0.035871103,-0.28005823
27.613281,0.040802732,-0.23548378,0.052936658,-0.30126357
27.615234,0.03885109,-0.27045989,0.030363262,-0.29572687
27.617188,0.034787975,-0.2846888,0.035817087,-0.27167475
27.619141,0.037201632,-0.26613379,0.036785662,-0.26720336
27.621094,0.031577114,-0.25670415,0.035295546,-0.28693452
27.623047,0.040189393,-0.27078649,0.047775269,-0.2877247
27.625,0.039059222,-0.27699795,0.049034417,-0.27631569
27.626953,0.037046362,-0.27972934,0.070097208,-0.26266566
27.628906,0.041552186,-0.29305431,0.044323787,-0.26864848
27.630859,0.034466695,-0.29641533,0.02898863,-0.28620106
27.632813,0.032304529,-0.28616235,0.048907757,-0.290315
27.634766,0.040759239,-0.29063484,0.055246338,-0.27591151
27.636719,0.034618914,-0.29092541,0.049185291,-0.2473989
27.638672,0.018571656,-0.2825416,0.049488902,-0.25981942
27.640625,0.030937208,-0.29039684,0.061678052,-0.29444423
27.642578,0.038513854,-0.28558654,0.032546282,-0.30326346
27.644531,0.03720459,-0.26541916,0.0355023,-0.28619605
27.646484,0.04041389,-0.26526183,0.037437588,-0.26384583
27.648438,0.039991099,-0.28578037,0.022931308,-0.26506701
27.650391,0.039010532,-0.28742173,0.036949575,-0.28280011
27.652344,0.040256545,-0.26872781,0.036217555,-0.29175127
27.654297,0.031316865,-0.25561857,0.048492387,-0.27919692
27.65625,0.032378338,-0.26026726,0.045152664,-0.25694636
27.658203,0.03255979,-0.26651812,0.050390422,-0.25845772
27.660156,0.034414884,-0.26580152,0.049157351,-0.28344998
27.662109,0.03554045,-0.25606793,0.032378644,-0.2869989
27.664063,0.024862949,-0.24889709,0.050256312,-0.26841012
27.666016,0.037029162,-0.26301548,0.046681896,-0.2421332
27.667969,0.03752555,-0.25732666,0.051066563,-0.24267808
27.669922,0.037912533,-0.23688675,0.052569717,-0.26960033
27.671875,0.041936845,-0.23191734,0.051968083,-0.27932486
27.673828,0.037370853,-0.24577339,0.070026428,-0.25997052
27.675781,0.036892012,-0.25849664,0.059150442,-0.24023208
27.677734,0.034317356,-0.2511251,0.050345719,-0.26421526
27.679688,0.035561368,-0.23113364,0.043029249,-0.29199645
27.681641,0.02836721,-0.22233152,0.046210647,-0.29354557
27.683594,0.034128081,-0.24623106,0.041909799,-0.26750714
27.685547,0.040959898,-0.25958845,0.033486918,-0.25146335
27.6875,0.042227939,-0.23044398,0.041164741,-0.27712432
27.689453,0.045247279,-0.22084275,0.035245255,-0.29836017
27.691406,0.036180209,-0.25405866,0.039907455,-0.29872304
27.693359,0.044902727,-0.27658859,0.0515434,-0.27848148
27.695313,0.039048579,-0.2556054,0.047760367,-0.26853648
27.697266,0.040932823,-0.22374597,0.039991274,-0.28347012
27.699219,0.041146122,-0.24477588,0.029668495,-0.30055273
27.701172,0.027730461,-0.27773747,0.032112285,-0.30149901
27.703125,0.040244218,-0.28420213,0.048151523,-0.27083918
27.705078,0.041540205,-0.26484245,0.04445231,-0.25148803
27.707031,0.039059822,-0.23909912,0.049228132,-0.26468524
27.708984,0.036596399,-0.26544017,0.060884565,-0.29078561
27.710938,0.039848678,-0.30711755,0.046648368,-0.2934702
27.712891,0.031277575,-0.29643151,0.043457657,-0.26143411
27.714844,0.0321678,-0.2723839,0.041106999,-0.25189933
27.716797,0.040688582,-0.26984638,0.043124244,-0.27465168
27.71875,0.03663706,-0.26992181,0.049310088,-0.28805217
27.720703,0.039953832,-0.28721705,0.04500179,-0.27343604
27.722656,0.036080815,-0.29751748,0.05857116,-0.259408
27.724609,0.032389946,-0.28911284,0.053484276,-0.26351625
27.726563,0.029251546,-0.2763969,0.051813483,-0.27883404
27.728516,0.039721202,-0.26929894,0.045940563,-0.28850111
27.730469,0.042758744,-0.27023089,0.05273363,-0.28084299
27.732422,0.035044778,-0.27072507,0.057056829,-0.2676079
27.734375,0.034390222,-0.28187612,0.029746726,-0.26206797
27.736328,0.034884151,-0.28764489,0.037344456,-0.28328955
27.738281,0.031188414,-0.26745296,0.031380266,-0.30005181
27.740234,0.027011173,-0.25446343,0.028793052,-0.28301221
27.742188,0.036250316,-0.26522568,0.052420706,-0.26194429
27.744141,0.038659595,-0.26531282,0.053679854,-0.26515794
27.746094,0.03658988,-0.25609285,0.035429657,-0.29139504
27.748047,0.0359254,-0.25788155,0.043176398,-0.3047725
27.75,0.03533585,-0.27110034,0.060487822,-0.28522083
27.751953,0.039834943,-0.25949323,0.049477726,-0.2570163
27.753906,0.035146367,-0.24752246,0.044975713,-0.25690466
27.755859,0.038849112,-0.24866712,0.04105857,-0.29157844
27.757813,0.045568243,-0.24943109,0.04253751,-0.30608806
27.759766,0.034563065,-0.26436654,0.042509571,-0.27225322
27.761719,0.036796793,-0.27110747,0.043962434,-0.24629021
27.763672,0.046967812,-0.27218482,0.047633708,-0.26431602
27.765625,0.044724315,-0.25166488,0.044521227,-0.29243615
27.767578,0.028629022,-0.25514731,0.044202715,-0.29578757
27.769531,0.020435,-0.2907548,0.037823156,-0.27604136
27.771484,0.033336781,-0.28917155,0.057665914,-0.25691199
27.773438,0.037532192,-0.25512618,0.043247178,-0.26315606
27.775391,0.042908087,-0.22798675,0.023821652,-0.28679356
27.777344,0.034697145,-0.26517817,0.036731645,-0.29625753
27.779297,0.029395841,-0.31234199,0.035358876,-0.27606571
27.78125,0.042544827,-0.29677069,0.04738225,-0.24415253
27.783203,0.035107624,-0.24440603,0.04506512,-0.24826828
27.785156,0.040999573,-0.21936515,0.038475081,-0.28276202
27.787109,0.038473554,-0.25494972,0.045195505,-0.29135987
27.789063,0.037007809,-0.29315063,0.05225493,-0.26122043
27.791016,0.046111125,-0.28820643,0.047950357,-0.22993205
27.792969,0.033281691,-0.23913148,0.03429158,-0.24626873
27.794922,0.037847765,-0.22462951,0.043070227,-0.28616285
27.796875,0.040806569,-0.27869755,0.035126045,-0.27861333
27.798828,0.041141998,-0.3012946,0.033334181,-0.23850861
27.800781,0.036041066,-0.27315921,0.046773165,-0.22591904
27.802734,0.026462799,-0.24837218,0.026855901,-0.24574201
27.804688,0.036676757,-0.27334693,0.037117213,-0.26473767
27.806641,0.035106067,-0.29599327,0.042232037,-0.25362939
27.808594,0.034933444,-0.27109972,0.040548205,-0.22748734
27.810547,0.035607759,-0.25977141,0.060150683,-0.21738638
27.8125,0.03310426,-0.27018434,0.042874649,-0.22584908
27.814453,0.036242872,-0.28472972,0.039343074,-0.24573928
27.816406,0.033778816,-0.28075957,0.043390602,-0.25458515
27.818359,0.036113091,-0.25993118,0.035556316,-0.22800888
27.820313,0.031982921,-0.25913566,0.043887928,-0.19718425
27.822266,0.030527327,-0.27169493,0.047460482,-0.20660527
27.824219,0.029681386,-0.27432716,0.054508731,-0.23719445
27.826172,0.029328585,-0.2586655,0.044374079,-0.24006024
27.828125,0.038298216,-0.23598029,0.049503803,-0.21463689
27.830078,0.038181238,-0.23704584,0.058373719,-0.2034272
27.832031,0.033170462,-0.25563848,0.045022279,-0.21669243
27.833984,0.024834644,-0.26597056,0.055749252,-0.2372597
27.835938,0.039111033,-0.24622373,0.042047635,-0.23513635
27.837891,0.047532272,-0.21252546,0.041112587,-0.21504946
27.839844,0.037277408,-0.20529763,0.05125469,-0.21393578
27.841797,0.040232524,-0.24020146,0.040302336,-0.22792575
27.84375,0.038695049,-0.26968667,0.041146114,-0.24191201
27.845703,0.038809109,-0.24503705,0.041781276,-0.24022369
27.847656,0.03878225,-0.20673694,0.059141129,-0.22609983
27.849609,0.03265648,-0.20108311,0.063475505,-0.22052872
27.851563,0.036728896,-0.24057165,0.054477066,-0.23519745
27.853516,0.036706917,-0.26820797,0.050004855,-0.25631085
27.855469,0.030068366,-0.24129349,0.042954743,-0.26591825
27.857422,0.038383652,-0.21083808,0.048270732,-0.25174135
27.859375,0.035122141,-0.22510484,0.050194845,-0.23061723
27.861328,0.036571205,-0.26596177,0.059370235,-0.24141486
27.863281,0.036901314,-0.27538559,0.047315195,-0.27045035
27.865234,0.030171501,-0.23015533,0.043796659,-0.28052318
27.867188,0.034669027,-0.19802448,0.055555537,-0.26808229
27.869141,0.035175238,-0.2374597,0.040982202,-0.25713325
27.871094,0.041443214,-0.27152905,0.047136381,-0.26659769
27.873047,0.038627688,-0.24304578,0.053622112,-0.28731701
27.875,0.040288378,-0.20354629,0.051770642,-0.28939137
27.876953,0.042813927,-0.22363271,0.044089094,-0.28356284
27.878906,0.038031403,-0.27323046,0.045305401,-0.28230673
27.880859,0.041947648,-0.26557645,0.055033997,-0.2914525
27.882813,0.028308807,-0.23465002,0.049870744,-0.3033936
27.884766,0.025510766,-0.23077159,0.044202715,-0.29858533
27.886719,0.034860566,-0.25559109,0.032477364,-0.2969909
27.888672,0.026311439,-0.26141727,0.029007256,-0.30202633
27.890625,0.030368205,-0.23506428,0.038337246,-0.30071345
27.892578,0.030551629,-0.22964393,0.045946151,-0.29718354
27.894531,0.030220456,-0.23645538,0.042904451,-0.29644257
27.896484,0.038486846,-0.24539149,0.036970064,-0.30035418
27.898438,0.03213276,-0.23639828,0.042759165,-0.30614719
27.900391,0.029357959,-0.20970227,0.043865576,-0.30652827
27.902344,0.039448708,-0.20356323,0.045437649,-0.29968283
27.904297,0.037317041,-0.21595621,0.042634368,-0.29353428
27.90625,0.034488205,-0.21262203,0.045122862,-0.29322851
27.908203,0.036116734,-0.19864857,0.053104296,-0.29491422
27.910156,0.031087955,-0.19170283,0.04571332,-0.30005634
27.912109,0.035301864,-0.19576468,0.054139927,-0.29690188
27.914063,0.033411074,-0.20115104,0.043094441,-0.28754246
27.916016,0.030324552,-0.18012887,0.035587981,-0.28476623
27.917969,0.029486824,-0.17430939,0.043276981,-0.29432911
27.919922,0.03463424,-0.18587188,0.02639024,-0.29525462
27.921875,0.037034884,-0.17764278,0.039737955,-0.28275323
27.923828,0.029460536,-0.162294,0.051308706,-0.27593082
27.925781,0.038589157,-0.16618419,0.039000347,-0.27549893
27.927734,0.041432735,-0.17385508,0.034028947,-0.2884531
27.929688,0.032334764,-0.15989654,0.03707251,-0.289453
27.931641,0.03696841,-0.15626094,0.047544301,-0.27184239
27.933594,0.041108999,-0.16035014,0.04653661,-0.25576404
27.935547,0.03790205,-0.15216818,0.038743302,-0.2618404
27.9375,0.031978168,-0.15582706,0.030447081,-0.28053686
27.939453,0.033249602,-0.1692937,0.045432061,-0.27777159
27.941406,0.045631442,-0.16353032,0.04167138,-0.25583231
27.943359,0.048316382,-0.14972655,0.031668976,-0.24120344
27.945313,0.038324304,-0.15791923,0.047920555,-0.24932131
27.947266,0.029111577,-0.18813558,0.050638154,-0.26020855
27.949219,0.043332715,-0.19606188,0.058498517,-0.25122663
27.951172,0.044552654,-0.17054027,0.044806212,-0.23996566
27.953125,0.032506835,-0.15487403,0.045044631,-0.2463706
27.955078,0.039684981,-0.17872089,0.049135,-0.25330186
27.957031,0.029480232,-0.21770798,0.037273675,-0.25337008
27.958984,0.035789426,-0.21787399,0.044025764,-0.24881659
27.960938,0.042453535,-0.18759634,0.037441313,-0.24146689
27.962891,0.028051114,-0.16153398,0.032138363,-0.23682228
27.964844,0.037676815,-0.18716829,0.039203376,-0.23882781
27.966797,0.031886667,-0.24159133,0.048505425,-0.24588415
27.96875,0.028506033,-0.22084706,0.046707973,-0.24585243
27.970703,0.040464435,-0.15874018,0.050511494,-0.23602337
27.972656,0.042043678,-0.15438952,0.05450128,-0.23174697
27.974609,0.040118143,-0.20785242,0.051271453,-0.24582624
27.976563,0.040179353,-0.24418716,0.05244492,-0.25653669
27.978516,0.036319479,-0.20933929,0.035129771,-0.24534999
27.980469,0.020647127,-0.16238247,0.036172852,-0.23546976
27.982422,0.02793006,-0.17778584,0.057433084,-0.23275176
27.984375,0.039192107,-0.21643667,0.050280526,-0.2389068
27.986328,0.038760874,-0.20402959,0.042390361,-0.24711147
27.988281,0.041530933,-0.17059249,0.053582996,-0.24351923
27.990234,0.032427005,-0.18072684,0.045439512,-0.24463612
27.992188,0.03300697,-0.2160596,0.048721492,-0.2448221
27.994141,0.042152703,-0.21922173,0.061085731,-0.24669167
27.996094,0.035029717,-0.17242615,0.043537751,-0.24943791
27.998047,0.031564333,-0.15134397,0.03720662,-0.25304911
28.0,0.042972457,-0.19611154,0.035045952,-0.26509792
28.001953,0.040698878,-0.2336829,0.040559381,-0.25855923
28.003906,0.031189956,-0.20556197,0.052616283,-0.24592519
28.005859,0.038827822,-0.16395861,0.044372216,-0.24963634
28.007813,0.037606049,-0.1765867,0.04997319,-0.25986704
28.009766,0.036924809,-0.21157324,0.053303599,-0.27246243
28.011719,0.038289029,-0.21951754,0.039529338,-0.26907828
28.013672,0.03468141,-0.19411269,0.04403694,-0.25687975
28.015625,0.033432044,-0.17663205,0.043139145,-0.2576336
28.017578,0.03371371,-0.20078997,0.045035318,-0.26345989
28.019531,0.040858779,-0.22840561,0.052562267,-0.26714969
28.021484,0.028740555,-0.20422725,0.050738737,-0.26540688
28.023438,0.033384316,-0.18038948,0.050898924,-0.26563692
28.025391,0.043896031,-0.20462836,0.047765955,-0.26553646
28.027344,0.039285492,-0.21482308,0.048633948,-0.26567826
28.029297,0.048384931,-0.20740382,0.044225067,-0.2724371
28.03125,0.048154633,-0.20287998,0.047838598,-0.27627274
28.033203,0.043650974,-0.21448642,0.052281007,-0.26981571
28.035156,0.032562621,-0.24780017,0.044837877,-0.26932031
28.037109,0.02724058,-0.26600793,0.033652693,-0.28075475
28.039063,0.032375276,-0.24812771,0.031447321,-0.29168615
28.041016,0.040022276,-0.19640653,0.032918811,-0.28678855
28.042969,0.044031516,-0.20379134,0.034218937,-0.26460457
28.044922,0.041092981,-0.28231946,0.044277221,-0.26396084
28.046875,0.036930725,-0.31764296,0.04076241,-0.28157046
28.048828,0.031313244,-0.28413427,0.054057971,-0.28620258
28.050781,0.036192097,-0.24410661,0.045763612,-0.27191433
28.052734,0.039750632,-0.24980991,0.028400034,-0.26372248
28.054688,0.03819216,-0.27526033,0.049067944,-0.27385741
28.056641,0.030535666,-0.29374871,0.039682075,-0.27338094
28.058594,0.028373096,-0.30100685,0.043668136,-0.26293194
28.060547,0.029455852,-0.28266242,0.052022099,-0.26062226
28.0625,0.033525743,-0.25650331,0.044372216,-0.26292101
28.064453,0.032617956,-0.2686809,0.048598558,-0.26303592
28.066406,0.026073152,-0.29570124,0.051321745,-0.2658751
28.068359,0.040351663,-0.29021835,0.057513177,-0.2655364
28.070313,0.041108124,-0.2647092,0.042507708,-0.25872228
28.072266,0.02953968,-0.25363594,0.053361341,-0.26154959
28.074219,0.028539613,-0.27821782,0.068679735,-0.26676318
28.076172,0.03242024,-0.28976959,0.04141061,-0.26688555
28.078125,0.037344504,-0.26185307,0.039281607,-0.27230728
28.080078,0.036640871,-0.2352861,0.049256071,-0.28035077
28.082031,0.037428785,-0.24066356,0.040155187,-0.27218738
28.083984,0.035382453,-0.27093861,0.040229693,-0.26063085
28.085938,0.039296824,-0.28746358,0.041079059,-0.27481213
28.087891,0.0342604,-0.25781381,0.055229574,-0.28363556
28.089844,0.035561785,-0.21384025,0.060739279,-0.27766007
28.091797,0.042884506,-0.23605265,0.053301737,-0.27859926
28.09375,0.02967708,-0.28356528,0.054780677,-0.29124793
28.095703,0.034007296,-0.28309625,0.040555656,-0.30438447
28.097656,0.028728785,-0.24478135,0.044653475,-0.29726347
28.099609,0.02891898,-0.21657211,0.05446589,-0.28621921
28.101563,0.042021427,-0.25490338,0.052532464,-0.28887105
28.103516,0.037234508,-0.28916976,0.040225968,-0.3010731
28.105469,0.03110932,-0.25888127,0.035858065,-0.31399539
28.107422,0.026828051,-0.23563716,0.050835595,-0.31483963
28.109375,0.036236484,-0.24858102,0.061895981,-0.31087911
28.111328,0.037860926,-0.25520825,0.05417718,-0.30689067
28.113281,0.029790539,-0.24075791,0.040507227,-0.3121587
28.115234,0.038520627,-0.23946041,0.042878374,-0.34516722
28.117188,0.04226207,-0.24995647,0.03127782,-0.33544225
28.119141,0.034620639,-0.25038344,0.02771458,-0.28876877
28.121094,0.035845716,-0.25419667,0.041161016,-0.27614626
28.123047,0.031979464,-0.25221819,0.04891707,-0.25591701
28.125,0.024380529,-0.23522726,0.049718007,-0.25299585
28.126953,0.034829736,-0.23570281,0.04760763,-0.27313164
28.128906,0.037406847,-0.24777369,0.042489082,-0.2658357
28.130859,0.041342188,-0.23618996,0.043070227,-0.24627194
28.132813,0.040415667,-0.23334797,0.050969705,-0.21775629
28.134766,0.030342273,-0.25514847,0.042395949,-0.2116552
28.136719,0.041477691,-0.27210334,0.032989591,-0.23729353
28.138672,0.036217496,-0.2475529,0.042094201,-0.2492623
28.140625,0.035346184,-0.21231224,0.046173394,-0.23348656
28.142578,0.034161285,-0.24577413,0.051871225,-0.21456307
28.144531,0.032067686,-0.28014046,0.046275839,-0.21844488
28.146484,0.038953118,-0.2604509,0.015465826,-0.23433028
28.148438,0.034909151,-0.23042221,0.026088491,-0.24460615
28.150391,0.034137469,-0.23340198,0.04423438,-0.23571813
28.152344,0.030805098,-0.26670554,0.043433443,-0.20179838
28.154297,0.032407463,-0.27111012,0.034982622,-0.19065067
28.15625,0.037619658,-0.24476662,0.032896459,-0.22492439
28.158203,0.040463038,-0.21730442,0.042267427,-0.24468409
28.160156,0.03394416,-0.23316194,0.039892554,-0.2214158
28.162109,0.035079058,-0.27664846,0.046495631,-0.18744035
28.164063,0.039455891,-0.27433205,0.032834992,-0.18609452
28.166016,0.03522383,-0.22669744,0.043573141,-0.21249118
28.167969,0.038338892,-0.20532249,0.055248201,-0.22303043
28.169922,0.042054471,-0.25287518,0.029245675,-0.19464308
28.171875,0.037903897,-0.28838605,0.03361544,-0.16645381
28.173828,0.034322508,-0.26346433,0.029756039,-0.17475404
28.175781,0.033255436,-0.23475002,0.044038802,-0.198403
28.177734,0.03499274,-0.24285695,0.046653956,-0.19366327
28.179688,0.037303723,-0.2749899,0.04109396,-0.16415809
28.181641,0.033715907,-0.28110683,0.066133499,-0.15834425
28.183594,0.035238642,-0.26188141,0.052623734,-0.17085664
28.185547,0.039106358,-0.25036597,0.057192802,-0.1874606
28.1875,0.035475779,-0.26344883,0.048168287,-0.18978967
28.189453,0.030389873,-0.28314078,0.040367529,-0.17274396
28.191406,0.036410067,-0.27979228,0.043697938,-0.15660909
28.193359,0.044050321,-0.26324266,0.049356654,-0.16649723
28.195313,0.034811039,-0.25366506,0.047015309,-0.18886119
28.197266,0.029094854,-0.28255823,0.032469913,-0.19432189
28.199219,0.035029233,-0.30747029,0.055099189,-0.18072051
28.201172,0.029205002,-0.27654701,0.042191058,-0.16448581
28.203125,0.030743023,-0.23924556,0.05055061,-0.17572087
28.205078,0.045918163,-0.25896767,0.055432603,-0.20122036
28.207031,0.035455029,-0.28853825,0.04910706,-0.20743398
28.208984,0.02959705,-0.28454801,0.061312973,-0.18879025
28.210938,0.034646809,-0.2842401,0.050643742,-0.18582107
28.212891,0.026847024,-0.26442841,0.03764993,-0.20562115
28.214844,0.033289507,-0.24517582,0.023426771,-0.22008407
28.216797,0.038788378,-0.26290232,0.035668075,-0.21252429
28.21875,0.041593101,-0.28042325,0.044165462,-0.19098537
28.220703,0.036840755,-0.27385968,0.048440233,-0.18099321
28.222656,0.033174194,-0.25722283,0.046827182,-0.2035524
28.224609,0.039546706,-0.26698378,0.035317898,-0.23241368
28.226563,0.03632465,-0.27445474,0.045873508,-0.22413015
28.228516,0.035576586,-0.25814542,0.043355212,-0.19777162
28.230469,0.041995838,-0.26003891,0.041516781,-0.18664831
28.232422,0.042808559,-0.27321392,0.043701664,-0.20224093
28.234375,0.039395336,-0.28000769,0.040866718,-0.22530571
28.236328,0.037667859,-0.28651112,0.031877592,-0.22218125
28.238281,0.037229247,-0.29224643,0.028139263,-0.19500263
28.240234,0.040079825,-0.29186633,0.041192681,-0.1833583
28.242188,0.029942622,-0.29714495,0.036433622,-0.19094154
28.244141,0.028305205,-0.31584579,0.038368911,-0.20866257
28.246094,0.035786442,-0.33144766,0.041561484,-0.20465171
28.248047,0.030791719,-0.31522653,0.044184089,-0.17652483
28.25,0.037162233,-0.29780102,0.044800624,-0.16924457
28.251953,0.031083506,-0.31700966,0.035992175,-0.18084751
28.253906,0.0242656,-0.33460957,0.047497734,-0.19699734
28.255859,0.035386942,-0.33069795,0.044090956,-0.1873517
28.257813,0.028671399,-0.30743229,0.02489081,-0.15928879
28.259766,0.030824937,-0.30140686,0.035144672,-0.15365936
28.261719,0.037307922,-0.30220369,0.057721794,-0.17025453
28.263672,0.030039934,-0.29676753,0.054985568,-0.1714035
28.265625,0.025419021,-0.30301887,0.038238525,-0.15666158
28.267578,0.028040184,-0.29254854,0.037536308,-0.15483283
28.269531,0.03838804,-0.26879603,0.037543759,-0.15885177
28.271484,0.042498082,-0.25151271,0.031564668,-0.16088979
28.273438,0.041158959,-0.27128184,0.035433382,-0.15132913
28.275391,0.031455111,-0.29553512,0.030871764,-0.14257097
28.277344,0.019965693,-0.28866836,0.039859027,-0.13991933
28.279297,0.035062026,-0.26533213,0.040144011,-0.14064988
28.28125,0.040008582,-0.23169434,0.028232396,-0.14515254
28.283203,0.034931112,-0.22537056,0.046212509,-0.13875511
28.285156,0.044122115,-0.26653776,0.040751234,-0.13237852
28.287109,0.037973192,-0.29858997,0.033000767,-0.11961643
28.289063,0.029656373,-0.27656454,0.044754058,-0.11762055
28.291016,0.030271564,-0.24187702,0.047836736,-0.12789968
28.292969,0.031234493,-0.23712914,0.054665193,-0.11701874
28.294922,0.028990647,-0.26063696,0.049544781,-0.10200192
28.296875,0.036341831,-0.27852881,0.034878314,-0.10183749
28.298828,0.036912225,-0.26949754,0.033276439,-0.12372158
28.300781,0.032170527,-0.24999338,0.041298851,-0.12453865
28.302734,0.033293419,-0.2555919,0.044070467,-0.096192852
28.304688,0.024640119,-0.2797901,0.036359116,-0.080714911
28.306641,0.036092926,-0.26961163,0.0528249,-0.096997984
28.308594,0.034562856,-0.23312677,0.051660746,-0.1240816
28.310547,0.020430787,-0.22243485,0.039115831,-0.11094529
28.3125,0.025363309,-0.25192481,0.047661647,-0.090997003
28.314453,0.035421547,-0.26959422,0.04782556,-0.097052991
28.316406,0.044263963,-0.22647056,0.04860042,-0.10442027
28.318359,0.034816906,-0.18734412,0.031320661,-0.10529421
28.320313,0.040686198,-0.22236966,0.036295786,-0.10768241
28.322266,0.035435297,-0.2739417,0.049330577,-0.10198777
28.324219,0.036535777,-0.26095271,0.043278843,-0.09157908
28.326172,0.041792665,-0.19106516,0.046972468,-0.093827762
28.328125,0.034888484,-0.16753495,0.052638635,-0.11265288
28.330078,0.038326357,-0.23139527,0.044258595,-0.12087418
28.332031,0.025339745,-0.28186435,0.043187574,-0.10383476
28.333984,0.042081043,-0.25598049,0.045636952,-0.092476994
28.335938,0.041708197,-0.18212791,0.03191857,-0.097746879
28.337891,0.034136117,-0.17972718,0.035081342,-0.11906532
28.339844,0.043635514,-0.27511486,0.04243134,-0.11343123
28.341797,0.033435218,-0.31304538,0.045990855,-0.091089092
28.34375,0.03810158,-0.23819812,0.049520567,-0.097972959
28.345703,0.038265657,-0.18707229,0.04965654,-0.11167516
28.347656,0.030372588,-0.23419727,0.057105258,-0.12334452
28.349609,0.031328939,-0.29465729,0.058295488,-0.11130065
28.351563,0.031244876,-0.29233247,0.047328234,-0.099863425
28.353516,0.021671714,-0.22894043,0.047000408,-0.10976467
28.355469,0.028700436,-0.20560795,0.03277725,-0.12081609
28.357422,0.044037499,-0.25163594,0.039950296,-0.12798402
28.359375,0.038414102,-0.28521863,0.051636532,-0.11689569
28.361328,0.035358235,-0.26620236,0.050183669,-0.1077724
28.363281,0.037225064,-0.23739626,0.068925604,-0.11287639
28.365234,0.03260925,-0.23629321,0.048734531,-0.13307789
28.367188,0.03458751,-0.25195795,0.039268568,-0.14913586
28.369141,0.04006302,-0.26255929,0.046551511,-0.14722456
28.371094,0.031358276,-0.23905756,0.04506512,-0.12907989
28.373047,0.031573482,-0.22690165,0.048805311,-0.1115049
28.375,0.033304576,-0.25350726,0.050021619,-0.13627389
28.376953,0.039983984,-0.26624286,0.050174356,-0.16893607
28.378906,0.034996897,-0.24713609,0.044295847,-0.16106716
28.380859,0.026661996,-0.23357545,0.060553014,-0.14198779
28.382813,0.03399732,-0.26082605,0.061558843,-0.14936975
28.384766,0.026413513,-0.27318162,0.04089652,-0.16849545
28.386719,0.040777046,-0.24049389,0.032654315,-0.18557799
28.388672,0.037303921,-0.22558999,0.031825438,-0.18355231
28.390625,0.02350427,-0.23977724,0.048997164,-0.16566393
28.392578,0.037518218,-0.26937723,0.058699682,-0.15835893
28.394531,0.041488271,-0.26042098,0.054272175,-0.16512795
28.396484,0.037596118,-0.21364771,0.041576385,-0.19743861
28.398438,0.028046273,-0.21585715,0.037886485,-0.212024
28.400391,0.029646516,-0.25929451,0.037255049,-0.19480833
28.402344,0.039632834,-0.27671441,0.029044509,-0.17287044
28.404297,0.030686723,-0.23010965,0.044064879,-0.16263875
28.40625,0.030103831,-0.20240729,0.044636711,-0.18962918
28.408203,0.036681879,-0.23889627,0.038918391,-0.21145555
28.410156,0.034406748,-0.26542929,0.040035978,-0.19868472
28.412109,0.039392263,-0.25583643,0.043168947,-0.18167913
28.414063,0.029195026,-0.21603526,0.058161378,-0.18176818
28.416016,0.030903356,-0.21042253,0.034617543,-0.19383167
28.417969,0.045741182,-0.25270486,0.033337906,-0.20214646
28.419922,0.038479812,-0.26702785,0.048864916,-0.19826837
28.421875,0.030373594,-0.241257,0.040628299,-0.18023238
28.423828,0.032587223,-0.22052167,0.059791192,-0.17337568
28.425781,0.041607793,-0.23963225,0.041580111,-0.1914774
28.427734,0.034738246,-0.26844859,0.031473398,-0.20437424
28.429688,0.023671115,-0.2530041,0.04491052,-0.20064294
28.431641,0.032008443,-0.23209476,0.029932991,-0.18044396
28.433594,0.042523891,-0.24055256,0.042047635,-0.16872157
28.435547,0.038668845,-0.24692275,0.048589244,-0.18666928
28.4375,0.039943092,-0.26179108,0.036869481,-0.19976127
28.439453,0.027907645,-0.26617435,0.037856683,-0.19655217
28.441406,0.03019131,-0.25751394,0.040103033,-0.18224037
28.443359,0.043467931,-0.25431699,0.047954082,-0.17539038
28.445313,0.032412596,-0.23769887,0.041958228,-0.18630524
28.447266,0.044101007,-0.23817816,0.039179161,-0.19238724
28.449219,0.038483001,-0.26735684,0.034978896,-0.18803243
28.451172,0.033068597,-0.28420249,0.035487399,-0.17576826
28.453125,0.035257548,-0.27467662,0.053737596,-0.1678264
28.455078,0.041937083,-0.25080764,0.043826461,-0.17450254
28.457031,0.035192639,-0.25168577,0.058589786,-0.18800421
28.458984,0.022801757,-0.2851766,0.058764875,-0.18675932
28.460938,0.040276445,-0.3103112,0.046162218,-0.17597844
28.462891,0.025171949,-0.27899662,0.047419503,-0.17617391
28.464844,0.029069481,-0.23329622,0.040736333,-0.18698382
28.466797,0.040250394,-0.27319852,0.042792693,-0.19041307
28.46875,0.029399956,-0.31468648,0.034174234,-0.18233658
28.470703,0.038604047,-0.29034439,0.038633406,-0.18097331
28.472656,0.027960058,-0.2635912,0.038640857,-0.18568882
28.474609,0.020885933,-0.25854135,0.05450128,-0.19005172
28.476563,0.041172329,-0.27564916,0.055305943,-0.18889077
28.478516,0.036587466,-0.27897987,0.033123702,-0.19082442
28.480469,0.022603154,-0.25914076,0.043802246,-0.1973208
28.482422,0.034563184,-0.26356608,0.039808735,-0.20086443
28.484375,0.038927156,-0.27693024,0.036001489,-0.19579704
28.486328,0.02667135,-0.26304248,0.043252766,-0.18816969
28.488281,0.028937897,-0.25287291,0.044813663,-0.19250226
28.490234,0.035542913,-0.25088203,0.040145874,-0.19947699
28.492188,0.037116542,-0.24453007,0.039277881,-0.19742738
28.494141,0.037598833,-0.255371,0.036841542,-0.19369557
28.496094,0.037173923,-0.26495403,0.032203555,-0.19469664
28.498047,0.030160205,-0.25154775,0.043483734,-0.18652032
28.5,0.0388138,-0.24225496,0.042984545,-0.18501268
28.501953,0.040482767,-0.25446174,0.045409709,-0.19253078
28.503906,0.028363608,-0.25646219,0.044735432,-0.19607708
28.505859,0.035477396,-0.24322878,0.030391201,-0.1965442
28.507813,0.04031508,-0.25052622,0.04304415,-0.18448561
28.509766,0.037551019,-0.26461312,0.057868943,-0.18264002
28.511719,0.027857261,-0.26060602,0.036128148,-0.19161402
28.513672,0.034899265,-0.25795385,0.045253247,-0.18748179
28.515625,0.036980644,-0.27188808,0.044722393,-0.18557683
28.517578,0.033975545,-0.27172709,0.025695473,-0.185294
28.519531,0.042868495,-0.25771391,0.037445039,-0.18596292
28.521484,0.039911032,-0.26129615,0.044657201,-0.18581094
28.523438,0.034240272,-0.27912185,0.040360078,-0.1785135
28.525391,0.030423157,-0.30034027,0.038292542,-0.18326272
28.527344,0.03796339,-0.29447365,0.060819373,-0.18865468
28.529297,0.037183665,-0.26017419,0.060506448,-0.18651444
28.53125,0.026075426,-0.2667892,0.058437049,-0.17915373
28.533203,0.039356139,-0.31382397,0.051033035,-0.18118547
28.535156,0.044927265,-0.31883571,0.046089575,-0.196768
28.537109,0.028419314,-0.28179613,0.060865939,-0.19871669
28.539063,0.024645392,-0.28795508,0.047611356,-0.19125906
28.541016,0.023048317,-0.32953352,0.037735611,-0.19258334
28.542969,0.032715928,-0.32162088,0.036189616,-0.21357098
28.544922,0.033769272,-0.28294078,0.028856382,-0.22963665
28.546875,0.026950411,-0.27388191,0.034688324,-0.21227255
28.548828,0.039492745,-0.30502129,0.043770581,-0.19669722
28.550781,0.026431467,-0.32763401,0.035733268,-0.20320508
28.552734,0.025184289,-0.3123785,0.025837034,-0.22066365
28.554688,0.037472688,-0.27974564,0.031663388,-0.23754136
28.556641,0.033550333,-0.2506521,0.051051661,-0.22602615
28.558594,0.02536929,-0.27213645,0.05357182,-0.20666349
28.560547,0.030412864,-0.32174835,0.041077197,-0.20331073
28.5625,0.041534442,-0.30262125,0.045918211,-0.2228412
28.564453,0.035346616,-0.22524424,0.048352689,-0.24651739
28.566406,0.038703635,-0.23525263,0.032957926,-0.22696224
28.568359,0.035499822,-0.31185603,0.023469612,-0.20007117
28.570313,0.031173913,-0.30905896,0.036066681,-0.1958428
28.572266,0.030006651,-0.248528,0.041714221,-0.21549499
28.574219,0.024692006,-0.23083223,0.032557458,-0.22999078
28.576172,0.033734176,-0.26578891,0.039581493,-0.21147633
28.578125,0.033600472,-0.27974153,0.048326612,-0.19681685
28.580078,0.030307395,-0.27112538,0.058412835,-0.19627912
28.582031,0.036737777,-0.25733313,0.050092399,-0.21634755
28.583984,0.029772859,-0.23814777,0.042591527,-0.23425083
28.585938,0.036502667,-0.25224927,0.053188115,-0.22007319
28.587891,0.033678431,-0.28076845,0.052919894,-0.19292414
28.589844,0.03009221,-0.26734665,0.058206081,-0.18800525
28.591797,0.044351675,-0.22224694,0.042008519,-0.21962464
28.59375,0.034918793,-0.22115125,0.025993496,-0.23801017
28.595703,0.035108339,-0.27681291,0.051535949,-0.22475478
28.597656,0.039421357,-0.2951535,0.052491486,-0.20180035
28.599609,0.032466691,-0.24008445,0.033054784,-0.19948806
28.601563,0.029272648,-0.22524005,0.037350044,-0.23640661
28.603516,0.031201905,-0.27978373,0.037025943,-0.25523755
28.605469,0.032634787,-0.28861171,0.033786803,-0.23228522
28.607422,0.034000054,-0.25269592,0.02991809,-0.20609567
28.609375,0.030673152,-0.24082585,0.036748409,-0.21145742
28.611328,0.034809433,-0.26479268,0.047967121,-0.23384117
28.613281,0.035948999,-0.28151184,0.043979198,-0.23888136
28.615234,0.034569383,-0.26904336,0.049634188,-0.22697389
28.617188,0.03968931,-0.25991347,0.047806934,-0.2136161
28.619141,0.032722902,-0.2494404,0.022920132,-0.21715198
28.621094,0.035949171,-0.26090768,0.043193161,-0.23330507
28.623047,0.033794761,-0.28956312,0.056579992,-0.23785336
28.625,0.037105657,-0.28187227,0.025349021,-0.22199643
28.626953,0.03249551,-0.25076458,0.046745226,-0.21033156
28.628906,0.032825053,-0.25202331,0.055652395,-0.21673115
28.630859,0.038584575,-0.29073572,0.030860588,-0.23492871
28.632813,0.029120151,-0.29342672,0.037169367,-0.24174652
28.634766,0.0431641,-0.26529798,0.04618457,-0.22543994
28.636719,0.034314997,-0.26368707,0.043293744,-0.20548944
28.638672,0.031793058,-0.29002005,0.034764692,-0.20936571
28.640625,0.038933918,-0.30880511,0.047514498,-0.23894249
28.642578,0.030787081,-0.29215989,0.050731286,-0.24320462
28.644531,0.031961486,-0.27200913,0.043312371,-0.21327808
28.646484,0.033592757,-0.28323385,0.043418542,-0.20375288
28.648438,0.042604692,-0.30291981,0.040654376,-0.23215389
28.650391,0.036983132,-0.29789591,0.035409167,-0.24815141
28.652344,0.035859849,-0.29855999,0.030130431,-0.22859135
28.654297,0.039020739,-0.31068882,0.039801285,-0.20584008
28.65625,0.031441592,-0.30773979,0.039834812,-0.20996206
28.658203,0.037641674,-0.31272796,0.03416492,-0.23500217
28.660156,0.03748532,-0.32156068,0.027099907,-0.23763992
28.662109,0.036377829,-0.31169221,0.036057368,-0.22465192
28.664063,0.038069498,-0.31804878,0.023579508,-0.21364038
28.666016,0.030043706,-0.33867076,0.039188474,-0.20129324
28.667969,0.026986916,-0.33258027,0.072315618,-0.20757571
28.669922,0.028367726,-0.3145107,0.051947594,-0.21791106
28.671875,0.032878414,-0.29252595,0.046771303,-0.2204814
28.673828,0.031883571,-0.28724605,0.051070288,-0.21574703
28.675781,0.03252621,-0.30460909,0.053448886,-0.20610736
28.677734,0.035308722,-0.30179763,0.051660746,-0.20564677
28.679688,0.033388495,-0.29276875,0.05017063,-0.21768406
28.681641,0.044644911,-0.28685629,0.048868641,-0.23034352
28.683594,0.035235859,-0.2717326,0.050729424,-0.22505501
28.685547,0.030148424,-0.27529922,0.034930468,-0.22211017
28.6875,0.038503308,-0.29715824,0.037618265,-0.23797227
28.689453,0.022815617,-0.29299319,0.041680694,-0.25256291
28.691406,0.025718886,-0.27498356,0.021094739,-0.24642299
28.693359,0.030764237,-0.26758951,0.033434764,-0.23817106
28.695313,0.022162043,-0.26129702,0.039179161,-0.24691664
28.697266,0.027542943,-0.27389407,0.040088132,-0.25196394
28.699219,0.039613463,-0.28235793,0.03964296,-0.24673428
28.701172,0.041496001,-0.26627705,0.021105915,-0.25156662
28.703125,0.03746048,-0.25379708,0.036983103,-0.26743299
28.705078,0.027669355,-0.27591768,0.054313153,-0.26524431
28.707031,0.026008669,-0.29201734,0.043088853,-0.23962975
28.708984,0.039011154,-0.25549081,0.044765234,-0.23409757
28.710938,0.03180683,-0.2218076,0.041667655,-0.25877953
28.712891,0.029969456,-0.23891129,0.060932994,-0.27195257
28.714844,0.033169258,-0.28386074,0.050243273,-0.25226656
28.716797,0.028779078,-0.28572056,0.023696855,-0.23288853
28.71875,0.03156703,-0.24995182,0.041190818,-0.25636712
28.720703,0.032070991,-0.22993462,0.033831507,-0.27205437
28.722656,0.038119182,-0.24582373,0.03095372,-0.24777654
28.724609,0.031092091,-0.27879697,0.028712958,-0.23675987
28.726563,0.031177638,-0.28478533,0.025442153,-0.24667235
28.728516,0.033552337,-0.24457605,0.041425511,-0.25536036
28.730469,0.030945692,-0.2087951,0.050807655,-0.2497371
28.732422,0.041475989,-0.24720931,0.043958709,-0.24266283
28.734375,0.036598925,-0.28713307,0.032753035,-0.24619848
28.736328,0.026738876,-0.26051307,0.040376842,-0.25158396
28.738281,0.03078578,-0.23128718,0.032868519,-0.24356994
28.740234,0.033741463,-0.24807119,0.031488299,-0.23361841
28.742188,0.024192853,-0.26544759,0.033937678,-0.24093045
28.744141,0.029923214,-0.25647089,0.033585638,-0.23622786
28.746094,0.026727635,-0.24581727,0.041356593,-0.22425087
28.748047,0.022631101,-0.23737,0.036996141,-0.22738716
28.75,0.033858187,-0.24007171,0.043990374,-0.23777676
28.751953,0.030119646,-0.23573704,0.042841122,-0.22973455
28.753906,0.028063701,-0.23239778,0.044122621,-0.21372616
28.755859,0.03292181,-0.23473524,0.038808495,-0.21910608
28.757813,0.032782625,-0.21981166,0.031827301,-0.23466101
28.759766,0.024435993,-0.20905501,0.03884761,-0.2311469
28.761719,0.036047377,-0.21073115,0.031641036,-0.20749131
28.763672,0.036979839,-0.21124233,0.030957446,-0.20285845
28.765625,0.030522453,-0.19639343,0.028655216,-0.21842521
28.767578,0.040028419,-0.20479414,0.025125504,-0.22506344
28.769531,0.030462069,-0.21581361,0.024564847,-0.20204407
28.771484,0.029341046,-0.1937812,0.041935876,-0.18227069
28.773438,0.032863803,-0.19073367,0.054424912,-0.19373754
28.775391,0.026471725,-0.19995645,0.035694152,-0.20172328
28.777344,0.028105997,-0.20129301,0.0350236,-0.20182987
28.779297,0.029245017,-0.19212228,0.035196826,-0.20343074
28.78125,0.030539948,-0.18814343,0.040764272,-0.19586702
28.783203,0.02890813,-0.19169952,0.034483433,-0.17773591
28.785156,0.030893806,-0.18314199,0.03621383,-0.16855447
28.787109,0.030710056,-0.17590673,0.039536789,-0.18411914
28.789063,0.023834202,-0.17507267,0.022929445,-0.19134998
28.791016,0.029445838,-0.17867835,0.048684239,-0.17596313
28.792969,0.034094382,-0.16555706,0.04423438,-0.15877622
28.794922,0.028750338,-0.13500857,0.040823877,-0.15807976
28.796875,0.025462981,-0.13800231,0.05113548,-0.18071911
28.798828,0.033242017,-0.16586189,0.051815346,-0.18351442
28.800781,0.035461027,-0.15487897,0.044860229,-0.1630553
28.802734,0.03071958,-0.11702752,0.032475501,-0.15552415
28.804688,0.031819269,-0.11319514,0.047039524,-0.172039
28.806641,0.031825189,-0.14233063,0.03698124,-0.18047656
28.808594,0.028148871,-0.14051908,0.033380747,-0.1637415
28.810547,0.035997793,-0.11297382,0.036543518,-0.16259667
28.8125,0.033476584,-0.097549148,0.04128395,-0.17017049
28.814453,0.030855251,-0.096842736,0.037808254,-0.17274693
28.816406,0.038016997,-0.12792958,0.040807113,-0.17382668
28.818359,0.036665194,-0.14091268,0.037839919,-0.17923947
28.820313,0.043281637,-0.10606109,0.023125023,-0.18067487
28.822266,0.038360137,-0.088186212,0.03881222,-0.16999051
28.824219,0.03076838,-0.12035316,0.040361941,-0.16757163
28.826172,0.037596487,-0.16124433,0.043245316,-0.17018521
28.828125,0.040936779,-0.13942268,0.045433924,-0.1774472
28.830078,0.032568332,-0.092381701,0.059901088,-0.1741786
28.832031,0.030028688,-0.11671308,0.057822376,-0.16532342
28.833984,0.031067666,-0.17171584,0.04818505,-0.17535149
28.835938,0.039889306,-0.16763046,0.0590927,-0.19471118
28.837891,0.044604667,-0.12116306,0.033252224,-0.19463871
28.839844,0.027460666,-0.11413437,0.038771242,-0.18135968
28.841797,0.028136022,-0.17048538,0.047430679,-0.1875286
28.84375,0.033519346,-0.2093436,0.026800022,-0.19672878
28.845703,0.030140769,-0.1706681,0.043792933,-0.19241343
28.847656,0.032923855,-0.11166264,0.06078957,-0.19215098
28.849609,0.036095187,-0.12219695,0.067225009,-0.19835353
28.851563,0.033826891,-0.19810049,0.056118056,-0.20732798
28.853516,0.030220898,-0.21930397,0.032102972,-0.22123368
28.855469,0.039231822,-0.1595754,0.043796659,-0.22980824
28.857422,0.041901711,-0.11387337,0.056194425,-0.23051664
28.859375,0.036151715,-0.14841856,0.036118835,-0.21537997
28.861328,0.03651166,-0.22210923,0.03736867,-0.2143179
28.863281,0.036331873,-0.22022744,0.042939842,-0.24541534
28.865234,0.033862144,-0.154332,0.041691869,-0.26076239
28.867188,0.036096603,-0.1321117,0.04580459,-0.24732293
28.869141,0.030738648,-0.19459796,0.03082706,-0.23117606
28.871094,0.030242803,-0.2400284,0.040237144,-0.23751546
28.873047,0.030974956,-0.20820156,0.042589664,-0.26154697
28.875,0.023151334,-0.16609164,0.031449184,-0.26743799
28.876953,0.037218399,-0.16731347,0.035779834,-0.25451356
28.878906,0.039160464,-0.21037416,0.02905941,-0.24796771
28.880859,0.037626117,-0.22920865,0.030808434,-0.2512399
28.882813,0.037913173,-0.21211335,0.030843824,-0.26274168
28.884766,0.028415715,-0.18944566,0.039879516,-0.26124308
28.886719,0.033634067,-0.19188362,0.051815346,-0.24425341
28.888672,0.038249359,-0.21967411,0.036875069,-0.23263143
28.890625,0.027394734,-0.21724622,0.04163599,-0.23870634
28.892578,0.022837963,-0.1977279,0.05240953,-0.26449785
28.894531,0.030728336,-0.19996051,0.04586792,-0.25741825
28.896484,0.031158084,-0.21463071,0.058519006,-0.23470671
28.898438,0.032051735,-0.21777195,0.055834934,-0.23053195
28.900391,0.036631703,-0.21029064,0.04336825,-0.24379019
28.902344,0.029251108,-0.20342888,0.058524594,-0.275794
28.904297,0.023850499,-0.20646907,0.049814865,-0.26749066
28.90625,0.031752255,-0.22057483,0.046929628,-0.24190572
28.908203,0.031075887,-0.20239645,0.040535167,-0.25079811
28.910156,0.028444067,-0.17075896,0.030044749,-0.28672162
28.912109,0.031068241,-0.1873894,0.050785303,-0.31358957
28.914063,0.032279249,-0.21904035,0.041127488,-0.29614887
28.916016,0.026690399,-0.20857403,0.029968381,-0.26381758
28.917969,0.036938816,-0.18268646,0.045854881,-0.26108497
28.919922,0.037632786,-0.17728922,0.0502619,-0.26855975
28.921875,0.030839911,-0.19252968,0.032114148,-0.26311886
28.923828,0.033997793,-0.21083109,0.031519964,-0.27157131
28.925781,0.031482611,-0.20080762,0.027107358,-0.270778
28.927734,0.043042619,-0.17790419,0.026386514,-0.25678983
28.929688,0.034505688,-0.169615,0.033188894,-0.25500426
28.931641,0.032325763,-0.20097892,0.030914605,-0.23889865
28.933594,0.034287591,-0.23560596,0.040656239,-0.21679994
28.935547,0.028333655,-0.20937899,0.034621269,-0.21987709
28.9375,0.036339875,-0.17370641,0.032803327,-0.24409282
28.939453,0.029606923,-0.18895036,0.037346318,-0.25337052
28.941406,0.035130333,-0.22212198,0.029772803,-0.22665352
28.943359,0.035316333,-0.22737394,0.036279023,-0.20126268
28.945313,0.025256546,-0.20472342,0.050317779,-0.2091351
28.947266,0.037698176,-0.18902639,0.039482772,-0.22563778
28.949219,0.038078655,-0.19722104,0.036761448,-0.23331718
28.951172,0.032741945,-0.21310334,0.032624513,-0.21733056
28.953125,0.032587092,-0.22897536,0.035405442,-0.19188188
28.955078,0.026654802,-0.21617322,0.041192681,-0.1973878
28.957031,0.028674355,-0.19372287,0.035871103,-0.21488957
28.958984,0.02158504,-0.20107543,0.026522487,-0.21967098
28.960938,0.027968917,-0.22002749,0.021884501,-0.20831163
28.962891,0.045073528,-0.21739918,0.03990373,-0.19230388
28.964844,0.037341762,-0.18645564,0.043647647,-0.18605354
28.966797,0.035283856,-0.19934724,0.043029249,-0.19368666
28.96875,0.035041321,-0.24424875,0.042468593,-0.20262498
28.970703,0.031830553,-0.23427144,0.044165462,-0.20363621
28.972656,0.031528424,-0.19299847,0.041418061,-0.1870124
28.974609,0.032907616,-0.18682404,0.033490643,-0.18199286
28.976563,0.039594587,-0.21269496,0.032700881,-0.19581747
28.978516,0.034604385,-0.23406112,0.040645063,-0.19259533
28.980469,0.024669811,-0.23520584,0.029770941,-0.18376674
28.982422,0.030748626,-0.22638889,0.021059349,-0.17721263
28.984375,0.039096177,-0.21040531,0.034576565,-0.18715507
28.986328,0.043901395,-0.20591401,0.036020115,-0.18955654
28.988281,0.035978105,-0.24050128,0.036243632,-0.18224986
28.990234,0.027902612,-0.25792849,0.020696133,-0.17410235
28.992188,0.033332642,-0.25021666,0.022469372,-0.17402825
28.994141,0.032167494,-0.24340475,0.046402499,-0.18268454
28.996094,0.030325841,-0.23121606,0.047747329,-0.16666225
28.998047,0.036209457,-0.23254715,0.040021077,-0.15608697
29.0,0.035164937,-0.25428236,0.042643681,-0.16377608
29.001953,0.024440531,-0.27669883,0.05264236,-0.17836455
29.003906,0.030637672,-0.27851239,0.046240449,-0.16780493
29.005859,0.030398291,-0.24805029,0.043949395,-0.15173955
29.007813,0.023944052,-0.22360715,0.04176265,-0.16000533
29.009766,0.025481476,-0.25792795,0.03948836,-0.16806063
29.011719,0.032050516,-0.28329217,0.063123465,-0.16750376
29.013672,0.030439328,-0.25149265,0.049084708,-0.16303585
29.015625,0.022207387,-0.22251076,0.039104655,-0.17175426
29.017578,0.034598984,-0.24617228,0.032734409,-0.18226825
29.019531,0.034708988,-0.26902473,0.022653773,-0.18539283
29.021484,0.024761356,-0.23332638,0.066606611,-0.18002294
29.023438,0.028349739,-0.21904071,0.048272595,-0.17501976
29.025391,0.024753518,-0.23557785,0.033404961,-0.17932917
29.027344,0.028412748,-0.22326244,0.048682377,-0.19829549
29.029297,0.037900619,-0.21216929,0.044962674,-0.21324706
29.03125,0.028378502,-0.20186542,0.041025043,-0.20289594
29.033203,0.037167013,-0.20049243,0.039108381,-0.18871352
29.035156,0.030226318,-0.21813422,0.061707854,-0.19546166
29.037109,0.016778085,-0.21704149,0.038525373,-0.21510442
29.039063,0.034084067,-0.20215605,0.036256671,-0.22908886
29.041016,0.027381931,-0.17510416,0.038322344,-0.2349956
29.042969,0.029013652,-0.16184172,0.032512754,-0.21807748
29.044922,0.030781426,-0.18983331,0.034140706,-0.20752914
29.046875,0.027430981,-0.19683966,0.017086327,-0.21965002
29.048828,0.033702374,-0.17024219,0.035640135,-0.2377919
29.050781,0.032267127,-0.15455221,0.037430137,-0.23672582
29.052734,0.031468414,-0.1604034,0.02841866,-0.21078104
29.054688,0.022817619,-0.17406818,0.047449306,-0.21240596
29.056641,0.033908345,-0.17075127,0.046594352,-0.23674729
29.058594,0.037507724,-0.1555213,0.040682316,-0.23907852
29.060547,0.037375987,-0.14638339,0.043660685,-0.22134544
29.0625,0.037060257,-0.15440534,0.041017592,-0.21536216
29.064453,0.032808978,-0.17797793,0.046680033,-0.2204183
29.066406,0.044605829,-0.18791212,0.031046852,-0.22575752
29.068359,0.043756161,-0.15868349,0.046041146,-0.2243149
29.070313,0.035613898,-0.13628541,0.046167806,-0.21709861
29.072266,0.032529756,-0.1699068,0.026479647,-0.2131902
29.074219,0.038542129,-0.21999542,0.049541056,-0.21453311
29.076172,0.034628678,-0.21001846,0.045046493,-0.22548412
29.078125,0.027538693,-0.16923532,0.039032012,-0.22986546
29.080078,0.032635063,-0.18300445,0.045746848,-0.22917838
29.082031,0.033624135,-0.2205679,0.03827019,-0.22399434
29.083984,0.028229028,-0.23314971,0.034869,-0.22324067
29.085938,0.037820343,-0.22393946,0.04163599,-0.23342516
29.087891,0.025945593,-0.20301729,0.02991809,-0.23745894
29.089844,0.019171489,-0.2125297,0.02869992,-0.22970325
29.091797,0.039940767,-0.24709091,0.044986889,-0.21586594
29.09375,0.028687188,-0.23307241,0.032950476,-0.2196442
29.095703,0.031533837,-0.18985853,0.026224464,-0.23309919
29.097656,0.035573892,-0.20567663,0.036197066,-0.23582326
29.099609,0.029598678,-0.24875507,0.028366506,-0.22445117
29.101563,0.036937278,-0.24541011,0.028638452,-0.21136002
29.103516,0.037241988,-0.2058676,0.044191539,-0.22420228
29.105469,0.028370647,-0.18345067,0.040652514,-0.22740258
29.107422,0.027468506,-0.21874966,0.028033093,-0.21270049
29.109375,0.032783121,-0.25289905,0.03390415,-0.2150933
29.111328,0.023270311,-0.21968541,0.045491666,-0.21448852
29.113281,0.032136947,-0.17258708,0.037370533,-0.20581394
29.115234,0.029946251,-0.19476211,0.038534686,-0.1975839
29.117188,0.028744318,-0.24167503,0.036314413,-0.20808503
29.119141,0.033317156,-0.23765522,0.021703824,-0.21961154
29.121094,0.022875542,-0.19331862,0.028841481,-0.20619462
29.123047,0.02967401,-0.16930999,0.04022783,-0.19471671
29.125,0.032717139,-0.20068102,0.034991935,-0.19081278
29.126953,0.034910716,-0.22111714,0.029901326,-0.19677657
29.128906,0.03372559,-0.19504005,0.048512876,-0.20017333
29.130859,0.030936357,-0.17403518,0.05584611,-0.19134608
29.132813,0.028392883,-0.18505633,0.043828323,-0.1852766
29.134766,0.028516388,-0.20919883,0.034669697,-0.19493267
29.136719,0.027807454,-0.19927558,0.039018974,-0.20723648
29.138672,0.023380326,-0.16303836,0.034759104,-0.19284615
29.140625,0.0224023,-0.17154779,0.018177837,-0.1792798
29.142578,0.026436986,-0.20229913,0.026485234,-0.18302326
29.144531,0.032227397,-0.1949553,0.020133615,-0.18785857
29.146484,0.029775601,-0.15720956,0.028688744,-0.18839739
29.148438,0.03191356,-0.14505602,0.047039524,-0.18584999
29.150391,0.02825444,-0.17346358,0.040840641,-0.17805646
29.152344,0.030181468,-0.18465045,0.035718367,-0.17831309
29.154297,0.035961486,-0.16129108,0.035047814,-0.18403119
29.15625,0.03270736,-0.13014881,0.053279385,-0.18555436
29.158203,0.035074919,-0.13251938,0.036262259,-0.18445261
29.160156,0.036462273,-0.17392866,0.024965316,-0.17059878
29.162109,0.036105573,-0.1834739,0.044049978,-0.17243336
29.164063,0.039763514,-0.15272512,0.041196406,-0.18055898
29.166016,0.028323673,-0.13685445,0.037947953,-0.17796868
29.167969,0.026876519,-0.15896784,0.049703106,-0.17352878
29.169922,0.036514688,-0.19352251,0.05501537,-0.16737115
29.171875,0.034356244,-0.1742098,0.04519178,-0.1694781
29.173828,0.042863742,-0.14249384,0.053989053,-0.18501104
29.175781,0.028911749,-0.16187192,0.054231197,-0.19403271
29.177734,0.027409121,-0.20584293,0.028660804,-0.17932259
29.179688,0.028015461,-0.21697369,0.026991874,-0.18112721
29.181641,0.027865002,-0.17050959,0.037767276,-0.197669
29.183594,0.036839478,-0.139805,0.024158791,-0.19458085
29.185547,0.026614139,-0.16785713,0.035060853,-0.18577968
29.1875,0.034422584,-0.22556333,0.031300172,-0.18351646
29.189453,0.032692075,-0.22673371,0.025293142,-0.19526118
29.191406,0.031310935,-0.16636707,0.048514739,-0.20360991
29.193359,0.036428809,-0.14406784,0.039661586,-0.19690143
29.195313,0.03170377,-0.19129497,0.043168947,-0.18676944
29.197266,0.02348841,-0.23230559,0.038463905,-0.18525209
29.199219,0.035282433,-0.19833426,0.026870802,-0.2029971
29.201172,0.0373802,-0.15331057,0.035707191,-0.20270373
29.203125,0.033552613,-0.15345824,0.029195383,-0.18606414
29.205078,0.041054048,-0.21184932,0.028299451,-0.18060741
29.207031,0.028754884,-0.24134226,0.034233838,-0.17854144
29.208984,0.028307317,-0.19086906,0.025766253,-0.1837537
29.210938,0.030003192,-0.15921313,0.028809816,-0.18803576
29.212891,0.028859464,-0.17521942,0.036992416,-0.17927457
29.214844,0.028789582,-0.21156766,0.038340971,-0.16276816
29.216797,0.025961902,-0.22255115,0.038575664,-0.16420996
29.21875,0.024656607,-0.19052728,0.036951438,-0.17717968
29.220703,0.029922055,-0.16176355,0.042021558,-0.17719731
29.222656,0.0374934,-0.17653054,0.04673405,-0.16413814
29.224609,0.041887302,-0.20439535,0.039460421,-0.15088372
29.226563,0.044389624,-0.20331874,0.034675285,-0.15403648
29.228516,0.0318169,-0.18265456,0.044187814,-0.16908084
29.230469,0.03033803,-0.1821775,0.024473578,-0.16949184
29.232422,0.040702201,-0.20584589,0.032928124,-0.14962603
29.234375,0.035063554,-0.20205308,0.040656239,-0.14461534
29.236328,0.023613933,-0.1896091,0.022543877,-0.15215288
29.238281,0.025905127,-0.21020634,0.03158702,-0.16267264
29.240234,0.036450941,-0.22671136,0.035491124,-0.16170028
29.242188,0.027144138,-0.20691401,0.049785063,-0.14626268
29.244141,0.023102269,-0.20004363,0.039784521,-0.13887891
29.246094,0.032386608,-0.22359923,0.02376391,-0.14818661
29.248047,0.032202482,-0.22582456,0.029033333,-0.16625299
29.25,0.041968923,-0.20943905,0.030262679,-0.15686287
29.251953,0.036487475,-0.2061065,0.027470574,-0.13106303
29.253906,0.031151081,-0.21588719,0.039212689,-0.11878115
29.255859,0.035906531,-0.22782308,0.05542329,-0.13727762
29.257813,0.029614646,-0.22845165,0.051453993,-0.15705536
29.259766,0.03683855,-0.21398781,0.040790349,-0.15089123
29.261719,0.025544371,-0.20200798,0.027898982,-0.14358459
29.263672,0.028754948,-0.21759988,0.017697275,-0.13560008
29.265625,0.037494265,-0.2463022,0.033183306,-0.13542959
29.267578,0.030296648,-0.23247527,0.046180844,-0.1332273
29.269531,0.041404139,-0.20068829,0.045892134,-0.13213626
29.271484,0.038127847,-0.21775879,0.048080742,-0.13949598
29.273438,0.030376866,-0.25770602,0.029593989,-0.1408397
29.275391,0.020643173,-0.26526177,0.025479406,-0.14603247
29.277344,0.028927995,-0.24165694,0.039274156,-0.14933039
29.279297,0.035622571,-0.20804824,0.042351246,-0.14006718
29.28125,0.033246554,-0.21304868,0.048380628,-0.12837616
29.283203,0.032262564,-0.2632297,0.046337306,-0.1442952
29.285156,0.022459919,-0.28365719,0.0358264,-0.16573162
29.287109,0.03150237,-0.25406146,0.046329856,-0.16359797
29.289063,0.031889956,-0.21275666,0.034570977,-0.14587821
29.291016,0.02538527,-0.2104982,0.029230773,-0.13286711
29.292969,0.028014304,-0.25068256,0.052217677,-0.15036963
29.294922,0.034907658,-0.26880389,0.046948254,-0.16492358
29.296875,0.032472853,-0.23174161,0.036077857,-0.15679111
29.298828,0.028836234,-0.19955684,0.031402618,-0.14989425
29.300781,0.029826801,-0.22729687,0.0385589,-0.15676375
29.302734,0.025694296,-0.26361939,0.047831148,-0.1626139
29.304688,0.029323986,-0.24738201,0.036618024,-0.15673278
29.306641,0.037808854,-0.20412144,0.030847549,-0.1615331
29.308594,0.032334626,-0.19475879,0.032717645,-0.16833328
29.310547,0.034386303,-0.23414676,0.034652933,-0.16576952
29.3125,0.030617634,-0.27218756,0.025598615,-0.15960859
29.314453,0.023524443,-0.24451743,0.029268026,-0.16240808
29.316406,0.03757282,-0.1948702,0.054210708,-0.16985616
29.318359,0.028874071,-0.20124499,0.034543037,-0.15814425
29.320313,0.035434823,-0.24454287,0.016818106,-0.15865369
29.322266,0.036705971,-0.26771879,0.017155245,-0.17026874
29.324219,0.030187396,-0.23316479,0.033716023,-0.1694494
29.326172,0.029556535,-0.20315607,0.053584859,-0.1511424
29.328125,0.017671168,-0.22840858,0.046024382,-0.13151483
29.330078,0.02876576,-0.26076749,0.033812881,-0.15277494
29.332031,0.031669568,-0.24515615,0.032255709,-0.18678144
29.333984,0.03337412,-0.20232229,0.055617005,-0.17276882
29.335938,0.032042112,-0.21055716,0.040438309,-0.13339424
29.337891,0.032005034,-0.26336035,0.027103633,-0.13382766
29.339844,0.026068006,-0.27234292,0.044077918,-0.16867234
29.341797,0.024252502,-0.21995042,0.035813361,-0.18169776
29.34375,0.039114963,-0.192866,0.023372754,-0.15137097
29.345703,0.038372736,-0.2078774,0.031246156,-0.13652419
29.347656,0.03925268,-0.24791688,0.041840881,-0.15453811
29.349609,0.030337371,-0.26858282,0.03139703,-0.15910043
29.351563,0.027890952,-0.2306281,0.031769559,-0.16065568
29.353516,0.032214046,-0.20684811,0.04580459,-0.16686289
29.355469,0.034420602,-0.22287932,0.038977996,-0.1527186
29.357422,0.033728488,-0.24947701,0.04291749,-0.13759835
29.359375,0.026470397,-0.2515417,0.044040665,-0.15105765
29.361328,0.029435543,-0.23847012,0.027507827,-0.17745727
29.363281,0.027719934,-0.23688617,0.027757421,-0.1739158
29.365234,0.023113839,-0.23779684,0.024352506,-0.1391497
29.367188,0.026046954,-0.24409677,0.037730023,-0.13016529
29.369141,0.032299429,-0.23960099,0.04006578,-0.160798
29.371094,0.033369049,-0.2226122,0.026285931,-0.1807956
29.373047,0.030104492,-0.21816997,0.031300172,-0.1561223
29.375,0.029986903,-0.23586184,0.040401056,-0.13269517
29.376953,0.034223028,-0.24082188,0.045594111,-0.14037089
29.378906,0.030603053,-0.22101313,0.04092446,-0.1599097
29.380859,0.02856054,-0.20443831,0.038387537,-0.16768664
29.382813,0.030410837,-0.21269478,0.034552351,-0.15474062
29.384766,0.028916463,-0.23052891,0.028971866,-0.14608584
29.386719,0.030362563,-0.22362281,0.03187573,-0.14407989
29.388672,0.032222595,-0.2064842,0.038074613,-0.1512963
29.390625,0.028195467,-0.19836172,0.033851996,-0.1543337
29.392578,0.021183319,-0.21665454,0.031575844,-0.14903371
29.394531,0.026717702,-0.24249431,0.02847454,-0.1471646
29.396484,0.02840527,-0.21514904,0.037817568,-0.1400305
29.398438,0.026158396,-0.17008509,0.046031833,-0.14180915
29.400391,0.031838369,-0.18163913,0.052266106,-0.15531617
29.402344,0.041040372,-0.21593031,0.06027548,-0.15912262
29.404297,0.036534641,-0.2154118,0.034395888,-0.14850047
29.40625,0.029978981,-0.19327869,0.027975351,-0.14766763
29.408203,0.035096735,-0.1843061,0.044947773,-0.15931661
29.410156,0.026496546,-0.1895715,0.042578489,-0.15517882
29.412109,0.031921819,-0.19719897,0.03762199,-0.13978696
29.414063,0.032688998,-0.19806388,0.039561003,-0.14446184
29.416016,0.024793576,-0.18856277,0.050606489,-0.16842943
29.417969,0.031550854,-0.18599452,0.04885374,-0.17651936
29.419922,0.038572833,-0.2070104,0.035567492,-0.16083881
29.421875,0.044177502,-0.21642601,0.029374197,-0.1612363
29.423828,0.033316117,-0.19814369,0.023627937,-0.18060769
29.425781,0.03159282,-0.20344925,0.036424309,-0.18410109
29.427734,0.037800357,-0.23293877,0.044491425,-0.16970599
29.429688,0.032536659,-0.22984689,0.042364284,-0.1585626
29.431641,0.030706996,-0.20165017,0.040943086,-0.17071374
29.433594,0.035579838,-0.20787717,0.030817747,-0.18869105
29.435547,0.034434672,-0.23647192,0.044092819,-0.18885805
29.4375,0.034719195,-0.25384223,0.036683217,-0.17562407
29.439453,0.034797948,-0.25623965,0.029873386,-0.16834888
29.441406,0.028614676,-0.23972847,0.025742039,-0.18014687
29.443359,0.029067248,-0.23812635,0.015840217,-0.1912806
29.445313,0.032629643,-0.2619026,0.049004614,-0.1912338
29.447266,0.035895713,-0.26716825,0.026656598,-0.17390741
29.449219,0.037362304,-0.24973232,0.0079519153,-0.15904845
29.451172,0.031750407,-0.24399491,0.040432721,-0.17861508
29.453125,0.0311248,-0.27548146,0.043498635,-0.1914767
29.455078,0.032722816,-0.29538831,0.035403579,-0.17511539
29.457031,0.024741733,-0.26738024,0.039510712,-0.15808879
29.458984,0.023957672,-0.25172552,0.043968022,-0.15985754
29.460938,0.025950613,-0.26500204,0.041768238,-0.1762749
29.462891,0.029555269,-0.27852276,0.027068242,-0.17932381
29.464844,0.039032642,-0.27711362,0.018436745,-0.16664642
29.466797,0.037192963,-0.26707903,0.027859867,-0.15133023
29.46875,0.028156899,-0.26768571,0.037635028,-0.1448282
29.470703,0.031696219,-0.28376517,0.041080922,-0.1551064
29.472656,0.027938219,-0.28155607,0.038245976,-0.16405536
29.474609,0.026571942,-0.25629303,0.046314955,-0.16210337
29.476563,0.031443108,-0.24715285,0.041641578,-0.14996782
29.478516,0.028790042,-0.25960514,0.033360258,-0.14904907
29.480469,0.02891984,-0.2833859,0.036035016,-0.16221355
29.482422,0.020395169,-0.27912876,0.054462165,-0.16431403
29.484375,0.015034022,-0.25256562,0.049731046,-0.15318909
29.486328,0.02158509,-0.24281631,0.033671319,-0.1429428
29.488281,0.030953605,-0.24018207,0.044122621,-0.16752093
29.490234,0.030260906,-0.23253551,0.039218277,-0.18263018
29.492188,0.036229461,-0.22439988,0.048913345,-0.16222775
29.494141,0.040309496,-0.22714932,0.045130312,-0.15068994
29.496094,0.030933451,-0.23970954,0.032436386,-0.16095382
29.498047,0.033309642,-0.2431594,0.042138904,-0.18616019
29.5,0.025534706,-0.217995,0.040611535,-0.19002284
29.501953,0.02368751,-0.19300558,0.035936296,-0.17151898
29.503906,0.036423229,-0.20621708,0.033794254,-0.16428395
29.505859,0.030921161,-0.22138582,0.035129771,-0.1813623
29.507813,0.032912355,-0.21697135,0.040948674,-0.19532551
29.509766,0.03408619,-0.21661524,0.030927643,-0.19280227
29.511719,0.037807748,-0.22023454,0.019794613,-0.18980195
29.513672,0.040787827,-0.22251959,0.032000527,-0.18303443
29.515625,0.026433052,-0.22010113,0.037165642,-0.18224555
29.517578,0.042775955,-0.23192613,0.026788846,-0.18889123
29.519531,0.039751753,-0.2401567,0.024421424,-0.19593243
29.521484,0.021963943,-0.23246974,0.038242251,-0.19402672
29.523438,0.034276284,-0.24986963,0.038197547,-0.17609935
29.525391,0.033216193,-0.25860614,0.041546583,-0.16872694
29.527344,0.025245612,-0.24101385,0.050800204,-0.18944176
29.529297,0.031153787,-0.25433061,0.028277099,-0.19648233
29.53125,0.029004803,-0.27845001,0.032980278,-0.17555189
29.533203,0.026762253,-0.26814929,0.043344036,-0.16615613
29.535156,0.034853932,-0.25923878,0.022232816,-0.17094749
29.537109,0.031445362,-0.26654407,0.031408206,-0.18528783
29.539063,0.034204278,-0.26713082,0.030974209,-0.18520488
29.541016,0.039930083,-0.26118258,0.02305983,-0.17047118
29.542969,0.034407821,-0.26685846,0.034101591,-0.17377657
29.544922,0.029291695,-0.27659398,0.03591767,-0.17886572
29.546875,0.034875903,-0.27197906,0.025563225,-0.17094535
29.548828,0.026702372,-0.25966424,0.024445638,-0.16281356
29.550781,0.025253762,-0.26178491,0.033803567,-0.1665495
29.552734,0.039415624,-0.27945232,0.029946029,-0.16361548
29.554688,0.030463638,-0.27019203,0.033084586,-0.14692113
29.556641,0.026501212,-0.25875783,0.039970785,-0.15005566
29.558594,0.035249237,-0.28447759,0.035442695,-0.1608692
29.560547,0.030298481,-0.29326081,0.026917368,-0.15620902
29.5625,0.021035042,-0.26489618,0.032242671,-0.14343664
29.564453,0.023632618,-0.26152474,0.028582573,-0.1310657
29.566406,0.027241653,-0.27375874,0.033412412,-0.1342499
29.568359,0.03246462,-0.26408732,0.02758047,-0.13547027
29.570313,0.029543571,-0.25939414,0.021960869,-0.12566106
29.572266,0.029098559,-0.26881355,0.043804109,-0.11757881
29.574219,0.030536251,-0.27446911,0.046888649,-0.11309782
29.576172,0.032798752,-0.25801945,0.0510647,-0.11517699
29.578125,0.035998531,-0.24843819,0.054471478,-0.11889099
29.580078,0.026107663,-0.26011541,0.050906375,-0.12596869
29.582031,0.027236413,-0.26791814,0.039873928,-0.13127042
29.583984,0.031505764,-0.26771307,0.041017592,-0.12377141
29.585938,0.029531436,-0.25335416,0.05607149,-0.11395329
29.587891,0.02465025,-0.24038504,0.061026126,-0.11601833
29.589844,0.030160991,-0.25199026,0.052212089,-0.13002688
29.591797,0.034390695,-0.2722241,0.041807353,-0.14641199
29.59375,0.033130281,-0.2713972,0.048689827,-0.15644972
29.595703,0.027863927,-0.24538001,0.048745707,-0.1509091
29.597656,0.026787668,-0.23873968,0.036252946,-0.14886706
29.599609,0.034172747,-0.25750652,0.038387537,-0.16545311
29.601563,0.034660198,-0.26559943,0.033259675,-0.18513009
29.603516,0.043219641,-0.24945857,0.032285511,-0.1941312
29.605469,0.030564275,-0.23393284,0.041645303,-0.18558091
29.607422,0.025803514,-0.26434577,0.034148157,-0.18065175
29.609375,0.035932887,-0.29343441,0.029938579,-0.19161774
29.611328,0.036807172,-0.25795922,0.030421004,-0.21038149
29.613281,0.031658668,-0.22195329,0.026230052,-0.21119757
29.615234,0.02619615,-0.25738522,0.024397209,-0.19494948
29.617188,0.037232436,-0.30873132,0.026103392,-0.19216087
29.619141,0.030306406,-0.29619378,0.023041204,-0.19760655
29.621094,0.031486958,-0.24600732,0.012681171,-0.21247785
29.623047,0.036546137,-0.24806763,0.02760841,-0.2116442
29.625,0.035713848,-0.28581628,0.04708609,-0.18821882
29.626953,0.036566582,-0.30664253,0.032311589,-0.17764761
29.628906,0.019957565,-0.3038123,0.030350223,-0.18291458
29.630859,0.018844038,-0.28133461,0.033449665,-0.20258412
29.632813,0.024261497,-0.28178331,0.041516781,-0.19315477
29.634766,0.030444512,-0.28451356,0.04455103,-0.16015556
29.636719,0.03456777,-0.27758864,0.031536728,-0.15418474
29.638672,0.030193333,-0.29016978,0.046739638,-0.17894261
29.640625,0.030018644,-0.30853823,0.043828323,-0.19968392
29.642578,0.026365461,-0.31892231,0.035096243,-0.1763217
29.644531,0.031280261,-0.29785305,0.031633586,-0.15778302
29.646484,0.02384457,-0.25966594,0.032514617,-0.16215174
29.648438,0.021707239,-0.26119697,0.050323367,-0.17343779
29.650391,0.031088971,-0.30568588,0.028787464,-0.17782596
29.652344,0.028741153,-0.30844715,0.031987488,-0.17050256
29.654297,0.026148958,-0.2532253,0.039426893,-0.16792512
29.65625,0.025109369,-0.24003696,0.034027085,-0.16168514
29.658203,0.027857771,-0.27989972,0.043506086,-0.1718138
29.660156,0.025833372,-0.29811126,0.035547003,-0.18393788
29.662109,0.02768125,-0.25742576,0.036059231,-0.17782736
29.664063,0.031440936,-0.21718848,0.021945968,-0.1707567
29.666016,0.031577293,-0.23355734,0.023339227,-0.16641253
29.667969,0.022924613,-0.26190162,0.026760906,-0.17527105
29.669922,0.037995115,-0.26517072,0.026922956,-0.17925327
29.671875,0.045197256,-0.22910532,0.036254808,-0.16498122
29.673828,0.027869262,-0.196051,0.02979143,-0.15647149
29.675781,0.033798292,-0.23805982,0.045724496,-0.16080621
29.677734,0.028461665,-0.2859996,0.05055061,-0.17067491
29.679688,0.022712845,-0.25678796,0.032006115,-0.16943438
29.681641,0.031809535,-0.20500782,0.025498033,-0.15853378
29.683594,0.028289093,-0.21049727,0.037735611,-0.16106914
29.685547,0.022447666,-0.25742364,0.036144912,-0.1647162
29.6875,0.029184142,-0.28332797,0.034459218,-0.15164502
29.689453,0.041486178,-0.25286338,0.042511433,-0.14933924
29.691406,0.039394937,-0.20692565,0.039745405,-0.15969317
29.693359,0.027911631,-0.22580478,0.042256251,-0.16092891
29.695313,0.034521762,-0.28949991,0.028191417,-0.15744792
29.697266,0.030995736,-0.29576993,0.023657739,-0.15597853
29.699219,0.026588982,-0.23029864,0.043636471,-0.15716352
29.701172,0.035245761,-0.21023737,0.048883542,-0.16160348
29.703125,0.034970395,-0.25590652,0.027079418,-0.15882732
29.705078,0.035099592,-0.29087734,0.01776433,-0.15976045
29.707031,0.034537811,-0.28845036,0.027610272,-0.17785338
29.708984,0.033035304,-0.25558376,0.03836146,-0.16722675
29.710938,0.030867198,-0.24287313,0.03797403,-0.13874958
29.712891,0.032812849,-0.27640301,0.033548385,-0.14517181
29.714844,0.031146046,-0.30497086,0.031892493,-0.16944464
29.716797,0.032100514,-0.2905497,0.032099247,-0.17500323
29.71875,0.027119141,-0.25892505,0.037247598,-0.15400179
29.720703,0.021139508,-0.27187771,0.035886005,-0.14095891
29.722656,0.031981401,-0.31494144,0.041310027,-0.15178524
29.724609,0.029248165,-0.30398676,0.033293203,-0.1663481
29.726563,0.028341342,-0.26168507,0.02584821,-0.16448027
29.728516,0.033574592,-0.26283929,0.033483192,-0.14832002
29.730469,0.028173422,-0.2917586,0.034904391,-0.13854277
29.732422,0.033258516,-0.29915562,0.035066441,-0.13642232
29.734375,0.028440913,-0.2768369,0.049852118,-0.14128587
29.736328,0.02644901,-0.25724983,0.035919532,-0.15483777
29.738281,0.040468063,-0.27002427,0.032017291,-0.16118741
29.740234,0.037590247,-0.28453124,0.04721275,-0.14620878
29.742188,0.024524152,-0.28457561,0.044280946,-0.13827856
29.744141,0.029017262,-0.2813789,0.040738195,-0.15525012
29.746094,0.036411326,-0.26975679,0.031352326,-0.16443156
29.748047,0.014551562,-0.26107785,0.038747028,-0.15473102
29.75,0.027699983,-0.27723929,0.033168405,-0.14253622
29.751953,0.042199418,-0.29069248,0.042526335,-0.14152142
29.753906,0.027964277,-0.25575432,0.045970365,-0.15756252
29.755859,0.02926024,-0.25467572,0.037210345,-0.16441904
29.757813,0.033715896,-0.29778069,0.039087892,-0.15517281
29.759766,0.032789811,-0.29292148,0.040503502,-0.15341744
29.761719,0.022539364,-0.26177043,0.047520086,-0.1622915
29.763672,0.028986979,-0.26596719,0.038011283,-0.17055582
29.765625,0.029058045,-0.28229013,0.036172852,-0.16552359
29.767578,0.028256182,-0.26619887,0.047024623,-0.16208829
29.769531,0.028391207,-0.27436516,0.036886245,-0.16854294
29.771484,0.026084328,-0.28493276,0.0310096,-0.16698769
29.773438,0.031269267,-0.26433626,0.044841602,-0.16939196
29.775391,0.040555734,-0.25841853,0.0255595,-0.17952411
29.777344,0.039757725,-0.27366534,0.034958407,-0.17589968
29.779297,0.029119262,-0.28981808,0.035874829,-0.1702188
29.78125,0.028342647,-0.28618696,0.023246095,-0.17396614
29.783203,0.030776689,-0.27585348,0.041887447,-0.18278885
29.785156,0.039034504,-0.27329496,0.026323184,-0.19278242
29.787109,0.026996393,-0.26860934,0.039218277,-0.18676025
29.789063,0.033789031,-0.27782565,0.045154527,-0.17302173
29.791016,0.03480963,-0.3067213,0.02748175,-0.1742477
29.792969,0.023097534,-0.30083218,0.033902287,-0.18634418
29.794922,0.030491926,-0.28079233,0.038944468,-0.18927301
29.796875,0.03464153,-0.27795658,0.040496051,-0.1738431
29.798828,0.043080214,-0.29036599,0.035710916,-0.1676852
29.800781,0.029560762,-0.30857065,0.03745994,-0.17835587
29.802734,0.028228249,-0.31449881,0.03056629,-0.18552195
29.804688,0.035039935,-0.31967285,0.04756479,-0.1853734
29.806641,0.027019536,-0.31064624,0.050753638,-0.17378472
29.808594,0.0280897,-0.30447754,0.030288756,-0.17011106
29.810547,0.02338781,-0.31776509,0.037061334,-0.18572037
29.8125,0.026455786,-0.32499942,0.0404737,-0.19290756
29.814453,0.033548929,-0.32077181,0.043655097,-0.18321994
29.816406,0.020123258,-0.312125,0.044895619,-0.17187957
29.818359,0.029748511,-0.3193804,0.047065601,-0.17930065
29.820313,0.044363029,-0.33466581,0.037186131,-0.19589059
29.822266,0.032879159,-0.32179114,0.040035978,-0.20097886
29.824219,0.03400322,-0.31576625,0.03117165,-0.20123725
29.826172,0.03255295,-0.32719257,0.032279924,-0.18694441
29.828125,0.021063728,-0.32552341,0.038096964,-0.17546935
29.830078,0.030587737,-0.32436246,0.022393003,-0.19395977
29.832031,0.035800133,-0.32077041,0.015914723,-0.21199618
29.833984,0.020622727,-0.31040311,0.029078037,-0.20680389
29.835938,0.02693256,-0.32329127,0.056539014,-0.1875053
29.837891,0.029285088,-0.34888428,0.026297107,-0.17869481
29.839844,0.016912896,-0.33082926,0.020709172,-0.20404786
29.841797,0.023412144,-0.30154067,0.023929685,-0.22616677
29.84375,0.021419905,-0.30832562,0.028977454,-0.20149767
29.845703,0.02206183,-0.327225,0.054713622,-0.16358668
29.847656,0.03682578,-0.3235504,0.038003832,-0.16614681
29.849609,0.027878219,-0.29017791,0.033928365,-0.20335101
29.851563,0.023891928,-0.27539939,0.034245014,-0.21690542
29.853516,0.031834658,-0.29793653,0.037106037,-0.19350442
29.855469,0.024594871,-0.31389502,0.029679671,-0.16190074
29.857422,0.035839997,-0.28640366,0.0244326,-0.16405146
29.859375,0.044973973,-0.24854837,0.038344696,-0.19319144
29.861328,0.030443283,-0.25906122,0.034068063,-0.19873986
29.863281,0.034131624,-0.31131503,0.0231511,-0.18601118
29.865234,0.032598432,-0.33277836,0.023933411,-0.1713195
29.867188,0.026579453,-0.27771372,0.034570977,-0.168253
29.869141,0.035709146,-0.23398086,0.035858065,-0.17720634
29.871094,0.033173073,-0.27595645,0.03367877,-0.18266505
29.873047,0.025542438,-0.33236217,0.030573741,-0.17500976
29.875,0.026688945,-0.33023986,0.036627337,-0.1590272
29.876953,0.027801827,-0.2807638,0.049095884,-0.15331703
29.878906,0.024151735,-0.26014334,0.043059051,-0.17038265
29.880859,0.030198725,-0.30418196,0.040062055,-0.18693097
29.882813,0.025096724,-0.33646539,0.051778093,-0.17705266
29.884766,0.029286789,-0.31080532,0.038055986,-0.15548708
29.886719,0.038252749,-0.27545226,0.029476643,-0.15771987
29.888672,0.030023703,-0.28128523,0.036245495,-0.18196265
29.890625,0.036969937,-0.3194899,0.031575844,-0.18035915
29.892578,0.031653367,-0.33052421,0.046393186,-0.15497799
29.894531,0.028939398,-0.29608169,0.045646265,-0.14881322
29.896484,0.032916252,-0.27700046,0.038883001,-0.17707489
29.898438,0.027308661,-0.29683635,0.046491906,-0.19374913
29.900391,0.028720433,-0.32599983,0.029403999,-0.18355924
29.902344,0.031548008,-0.32876301,0.040468112,-0.17322651
29.904297,0.037388913,-0.29388261,0.050204158,-0.17544974
29.90625,0.039536208,-0.28489074,0.03643176,-0.18600483
29.908203,0.032715324,-0.31834331,0.047624394,-0.18884204
29.910156,0.027462646,-0.34608272,0.036273435,-0.19766505
29.912109,0.023105852,-0.34140036,0.032253847,-0.1996114
29.914063,0.026045425,-0.30439565,0.035424069,-0.19037966
29.916016,0.032321215,-0.28983951,0.035405442,-0.19042856
29.917969,0.02110124,-0.31885839,0.048568755,-0.19624822
29.919922,0.022628766,-0.34969908,0.043161497,-0.21078785
29.921875,0.030574832,-0.34717247,0.038093239,-0.21039186
29.923828,0.024225213,-0.30170971,0.023193941,-0.20469584
29.925781,0.030428061,-0.28527391,0.022990912,-0.21410877
29.927734,0.031905547,-0.32520768,0.044955224,-0.21707433
29.929688,0.031149928,-0.34468496,0.043001309,-0.20714539
29.931641,0.029758168,-0.32063612,0.040678591,-0.19633366
29.933594,0.0242102,-0.28813657,0.043725878,-0.2173893
29.935547,0.033665508,-0.2897602,0.041250423,-0.23646826
29.9375,0.031564798,-0.31627113,0.032728821,-0.22837669
29.939453,0.036560331,-0.32255122,0.041002691,-0.2146678
29.941406,0.031000724,-0.30335116,0.048013687,-0.21353467
29.943359,0.024709661,-0.28948814,0.036897421,-0.22970708
29.945313,0.040196203,-0.31065187,0.022279382,-0.23695667
29.947266,0.031248059,-0.32881638,0.017086327,-0.24065787
29.949219,0.030164845,-0.31402898,0.029301554,-0.23714544
29.951172,0.030311,-0.3009688,0.035794735,-0.22144236
29.953125,0.03236245,-0.31428897,0.041125625,-0.21846491
29.955078,0.038378131,-0.33234134,0.033870623,-0.23418523
29.957031,0.030058524,-0.32587102,0.037208483,-0.25205714
29.958984,0.026387986,-0.31802976,0.029295966,-0.24721228
29.960938,0.030559683,-0.3325102,0.025971144,-0.22328876
29.962891,0.032022078,-0.3436448,0.049362242,-0.21695425
29.964844,0.021276124,-0.33264202,0.042066261,-0.23114161
29.966797,0.023498971,-0.32447356,0.037944227,-0.24152097
29.96875,0.028798938,-0.32705665,0.042096063,-0.23898527
29.970703,0.022640323,-0.32921827,0.038225487,-0.22964893
29.972656,0.029123796,-0.33609176,0.030545801,-0.2230646
29.974609,0.034003913,-0.33305764,0.027539492,-0.23169883
29.976563,0.026429374,-0.32004076,0.037698358,-0.24073476
29.978516,0.025702452,-0.32849148,0.041147977,-0.23773095
29.980469,0.025672307,-0.34118134,0.042092338,-0.22789887
29.982422,0.027263472,-0.32152054,0.038175195,-0.22741865
29.984375,0.035772488,-0.29315984,0.032710195,-0.24309391
29.986328,0.028586989,-0.30365199,0.026794434,-0.24610791
29.988281,0.02406637,-0.3324641,0.022437707,-0.2370441
29.990234,0.034091368,-0.32610688,0.029873386,-0.22250517
29.992188,0.035728484,-0.29660696,0.029189795,-0.21670175
29.994141,0.02670585,-0.2877329,0.048358276,-0.22723418
29.996094,0.02330187,-0.30932921,0.049863294,-0.2346981
29.998047,0.025895411,-0.32987148,0.030955583,-0.22963403
30.0,0.031632259,-0.3139523,0.049935937,-0.22733302
30.001953,0.035599735,-0.28344038,0.047482833,-0.23101524
30.003906,0.031504549,-0.28792125,0.043876752,-0.22845888
30.005859,0.022774097,-0.32341313,0.041432962,-0.23347102
30.007813,0.022621553,-0.34307534,0.027541354,-0.23838311
30.009766,0.03506932,-0.30680615,0.025525972,-0.23256321
30.011719,0.026598172,-0.24875344,0.013519362,-0.22913392
30.013672,0.028614847,-0.26466089,0.019222781,-0.23110744
30.015625,0.030158123,-0.33457348,0.022726417,-0.22985016
30.017578,0.025077699,-0.33919588,0.021199048,-0.22602138
30.019531,0.027016874,-0.27742565,0.031272233,-0.22883157
30.021484,0.02843428,-0.2538037,0.031905532,-0.22936371
30.023438,0.034993879,-0.28882489,0.033725336,-0.22552788
30.025391,0.029711485,-0.31780478,0.030568153,-0.22311816
30.027344,0.030969612,-0.3137871,0.029493406,-0.21981288
30.029297,0.02494479,-0.28081754,0.032093659,-0.21799558
30.03125,0.026768878,-0.26557541,0.029880837,-0.21183181
30.033203,0.02899899,-0.2895942,0.043407366,-0.20396177
30.035156,0.026636051,-0.31417733,0.049595073,-0.20052537
30.037109,0.022517398,-0.29561397,0.045774788,-0.19736773
30.039063,0.023251634,-0.25816101,0.055702686,-0.20625655
30.041016,0.041285958,-0.26956862,0.042427614,-0.21887591
30.042969,0.033163253,-0.29362679,0.023423046,-0.20824626
30.044922,0.029103775,-0.29532441,0.032471776,-0.2013922
30.046875,0.02683018,-0.2876091,0.032933712,-0.20455503
30.048828,0.020399181,-0.28274712,0.029968381,-0.20361404
30.050781,0.029364528,-0.27308249,0.037575424,-0.2053477
30.052734,0.02647537,-0.26508644,0.030480608,-0.20953074
30.054688,0.029120985,-0.26686865,0.025175795,-0.20964739
30.056641,0.027358608,-0.27832776,0.031287134,-0.20442982
30.058594,0.016852114,-0.28814605,0.036059231,-0.20256869
30.060547,0.031158656,-0.2735711,0.04462181,-0.20345181
30.0625,0.037607338,-0.24939786,0.031113908,-0.20922469
30.064453,0.028013777,-0.2383139,0.028675705,-0.20984174
30.066406,0.03542712,-0.26695359,0.046981782,-0.21018115
30.068359,0.03353326,-0.28859735,0.033356532,-0.20704299
30.070313,0.027136197,-0.26286384,0.03445363,-0.19904469
30.072266,0.031099156,-0.23330052,0.048404843,-0.19838211
30.074219,0.022069633,-0.24139686,0.030592367,-0.20278919
30.076172,0.035164937,-0.26362276,0.031635448,-0.2073465
30.078125,0.038470715,-0.26523301,0.042468593,-0.20997341
30.080078,0.025394537,-0.25675407,0.025425389,-0.1998423
30.082031,0.029681431,-0.26562172,0.029977694,-0.19313858
30.083984,0.03101724,-0.27115652,0.03537564,-0.20792514
30.085938,0.035822868,-0.26544613,0.043681175,-0.2092745
30.087891,0.024952879,-0.26743031,0.050666094,-0.20155612
30.089844,0.030825576,-0.26473767,0.029657319,-0.19693239
30.091797,0.037258521,-0.26835346,0.025024921,-0.20338359
30.09375,0.030191839,-0.26987532,0.033626616,-0.21409114
30.095703,0.039055172,-0.284392,0.032948613,-0.20344536
30.097656,0.030104261,-0.28725228,0.017119855,-0.18747196
30.099609,0.03283434,-0.27990571,0.029564187,-0.19456641
30.101563,0.035954703,-0.29706794,0.041289538,-0.21427356
30.103516,0.033218559,-0.29800352,0.040723294,-0.21305497
30.105469,0.030201072,-0.29106116,0.025213048,-0.19884986
30.107422,0.021210225,-0.30083779,0.024276137,-0.19579816
30.109375,0.030886501,-0.32377177,0.03826274,-0.19875556
30.111328,0.025489852,-0.31965369,0.037864134,-0.19338894
30.113281,0.024307558,-0.28839844,0.045175016,-0.188935
30.115234,0.033306047,-0.30066338,0.024348781,-0.19074294
30.117188,0.025850419,-0.33249465,0.037713259,-0.19683373
30.119141,0.031487282,-0.32705748,0.053778574,-0.19429877
30.121094,0.03070908,-0.30965042,0.05564867,-0.18385528
30.123047,0.026581885,-0.30282801,0.049496353,-0.1921242
30.125,0.032624222,-0.31360313,0.033410549,-0.2045541
30.126953,0.030270137,-0.32002366,0.038320482,-0.20641913
30.128906,0.029286709,-0.30906489,0.030501097,-0.20387219
30.130859,0.021080839,-0.29731917,0.027196765,-0.19870487
30.132813,0.028769569,-0.30480376,0.033593088,-0.19949329
30.134766,0.029013161,-0.31665826,0.028208181,-0.20159966
30.136719,0.022116223,-0.30435276,0.029264301,-0.20459303
30.138672,0.032518614,-0.29799271,0.036677629,-0.21582612
30.140625,0.025484905,-0.29630426,0.041300714,-0.21971969
30.142578,0.022988787,-0.30010611,0.053363204,-0.20385659
30.144531,0.0308415,-0.31467402,0.034131393,-0.20552371
30.146484,0.031775277,-0.295306,0.049192742,-0.23007414
30.148438,0.035370603,-0.2624104,0.053173214,-0.2306079
30.150391,0.034810796,-0.28728482,0.037439451,-0.21068278
30.152344,0.020201629,-0.32728797,0.042161256,-0.20329769
30.154297,0.026099095,-0.3136853,0.023402557,-0.22557393
30.15625,0.039162382,-0.26714119,0.038415477,-0.24108383
30.158203,0.026477301,-0.25355667,0.042576626,-0.22527847
30.160156,0.022731239,-0.29392642,0.054432362,-0.21302482
30.162109,0.02423959,-0.33077997,0.046294466,-0.22751969
30.164063,0.026451187,-0.30758584,0.022204876,-0.2580772
30.166016,0.030996446,-0.25392821,0.034954682,-0.26888275
30.167969,0.027039528,-0.25925329,0.025617242,-0.25786656
30.169922,0.032297503,-0.30469316,0.030508548,-0.24796206
30.171875,0.031724732,-0.32138041,0.030987248,-0.25114414
30.173828,0.035176296,-0.29578069,0.010948911,-0.2597796
30.175781,0.034434065,-0.25712824,0.029294103,-0.26883811
30.177734,0.031329207,-0.26453492,0.034977034,-0.2699405
30.179688,0.035585571,-0.31906089,0.018600658,-0.25306273
30.181641,0.023135222,-0.33653706,0.03012298,-0.25116161
30.183594,0.030281112,-0.28838873,0.025514796,-0.27076492
30.185547,0.03730477,-0.25708377,0.025268927,-0.27730307
30.1875,0.027738241,-0.29545757,0.034502059,-0.2602593
30.189453,0.03170329,-0.34533322,0.023801163,-0.23460241
30.191406,0.032677103,-0.33826756,0.026030749,-0.23044434
30.193359,0.030892355,-0.29564366,0.034455493,-0.25366956
30.195313,0.039380621,-0.29094106,0.038970545,-0.25031307
30.197266,0.039401874,-0.33428803,0.039302096,-0.22018053
30.199219,0.023530031,-0.35895836,0.044891894,-0.20980693
30.201172,0.036242735,-0.35560367,0.036323726,-0.22571357
30.203125,0.042236105,-0.33575976,0.042306542,-0.24675086
30.205078,0.018323736,-0.32467526,0.047842324,-0.23745126
30.207031,0.035643913,-0.38017213,0.024045169,-0.21127354
30.208984,0.037133381,-0.42042983,0.037182406,-0.20698078
30.210938,0.027011046,-0.3800357,0.031551629,-0.22360139
30.212891,0.031218341,-0.36920029,0.036714882,-0.23216246
30.214844,0.022570651,-0.3987062,0.047071189,-0.21936731
30.216797,0.017603936,-0.39447927,0.029173031,-0.21142399
30.21875,0.016214537,-0.37890002,0.031568393,-0.21822701
30.220703,0.03034078,-0.3666006,0.034485295,-0.23098794
30.222656,0.026261823,-0.35316822,0.035582393,-0.23733455
30.224609,0.027314836,-0.35768804,0.015048593,-0.22224101
30.226563,0.017828491,-0.35800672,0.023177177,-0.21099728
30.228516,0.012170073,-0.34210664,0.030480608,-0.21631141
30.230469,0.027568871,-0.32181123,0.027666152,-0.22878344
30.232422,0.023717849,-0.28818348,0.034539312,-0.23204273
30.234375,0.026058266,-0.28014386,0.036014527,-0.2149976
30.236328,0.023692571,-0.30705273,0.037405923,-0.19954452
30.238281,0.031837072,-0.31643498,0.029353708,-0.20511295
30.240234,0.02818799,-0.28773972,0.035517201,-0.22467509
30.242188,0.027619805,-0.25422531,0.026732966,-0.2243695
30.244141,0.029707575,-0.25174573,0.033343494,-0.20344622
30.246094,0.021804579,-0.26658612,0.027023539,-0.19176564
30.248047,0.030408097,-0.26675561,0.017114267,-0.20167066
30.25,0.026173865,-0.24179652,0.034867138,-0.21774611
30.251953,0.025890652,-0.22476041,0.027094319,-0.20731343
30.253906,0.037674304,-0.23730725,0.026401415,-0.18255422
30.255859,0.032953784,-0.25762051,0.044282809,-0.18238157
30.257813,0.022250626,-0.25617096,0.037040845,-0.1941234
30.259766,0.030445646,-0.24635586,0.026377201,-0.19660345
30.261719,0.017899109,-0.23756243,0.038292542,-0.1903186
30.263672,0.016423311,-0.2353715,0.048645124,-0.18314381
30.265625,0.036048803,-0.24998435,0.045985267,-0.17523578
30.267578,0.025263777,-0.23269226,0.032935575,-0.17482634
30.269531,0.02354259,-0.2172748,0.029702023,-0.19186966
30.271484,0.030481208,-0.24361458,0.03569974,-0.192871
30.273438,0.03800793,-0.25282961,0.052754119,-0.17284763
30.275391,0.038542032,-0.22787155,0.03698869,-0.1600984
30.277344,0.027445231,-0.21661036,0.032866657,-0.18134147
30.279297,0.031180397,-0.24532157,0.041179642,-0.21104257
30.28125,0.027037995,-0.26000592,0.035018012,-0.20267923
30.283203,0.030166896,-0.23000754,0.038204998,-0.17299496
30.285156,0.02919415,-0.21304502,0.01962325,-0.17149459
30.287109,0.031346474,-0.23247597,0.032607749,-0.19901238
30.289063,0.038800273,-0.25520232,0.041252285,-0.20895821
30.291016,0.025054691,-0.26528034,0.044340551,-0.19374831
30.292969,0.040998369,-0.2496141,0.044483975,-0.17763923
30.294922,0.036771894,-0.23217008,0.0369533,-0.18846026
30.296875,0.023472747,-0.24194628,0.044914246,-0.20894593
30.298828,0.030570885,-0.28156817,0.045666754,-0.21415609
30.300781,0.021134451,-0.29466915,0.033153504,-0.20400193
30.302734,0.025016924,-0.23888299,0.018582031,-0.19524844
30.304688,0.031206982,-0.21896747,0.03072089,-0.20448838
30.306641,0.033970241,-0.26639694,0.029262438,-0.21103692
30.308594,0.030807113,-0.29907721,0.034531862,-0.21166906
30.310547,0.02574555,-0.28368467,0.042647406,-0.20662944
30.3125,0.039593544,-0.25692767,0.039901868,-0.20082921
30.314453,0.029427065,-0.25493154,0.033827782,-0.20994441
30.316406,0.018866293,-0.2680406,0.025062174,-0.22797453
30.318359,0.037131604,-0.29953787,0.040071368,-0.23113014
30.320313,0.027963595,-0.28601584,0.034537449,-0.20473385
30.322266,0.027416119,-0.24083015,0.024535045,-0.18987122
30.324219,0.033213239,-0.26148596,0.040676728,-0.21542571
30.326172,0.019991063,-0.29938114,0.050375521,-0.24211201
30.328125,0.021379463,-0.29994062,0.042420164,-0.22155125
30.330078,0.024812546,-0.26679298,0.03418541,-0.1908391
30.332031,0.029578164,-0.2339496,0.036873206,-0.20526202
30.333984,0.029422762,-0.2523129,0.035619646,-0.23277369
30.335938,0.027114488,-0.29483733,0.044623673,-0.23240477
30.337891,0.022699542,-0.29538518,0.047037661,-0.20698787
30.339844,0.026660986,-0.2589623,0.033477604,-0.20524764
30.341797,0.032328159,-0.23394547,0.036558419,-0.23289274
30.34375,0.02310003,-0.24861689,0.022514075,-0.24538159
30.345703,0.025140829,-0.28091928,0.031624272,-0.23784305
30.347656,0.0352423,-0.28246003,0.04728353,-0.22137041
30.349609,0.039577603,-0.2405078,0.027234018,-0.21563625
30.351563,0.034166548,-0.21809122,0.049902409,-0.22749868
30.353516,0.027832035,-0.26249343,0.042025283,-0.24677427
30.355469,0.034810569,-0.30572763,0.016173631,-0.25102964
30.357422,0.034232881,-0.27755913,0.030990973,-0.23415048
30.359375,0.02117007,-0.22677225,0.030633345,-0.22059305
30.361328,0.02383667,-0.24842957,0.039773345,-0.2239805
30.363281,0.023454785,-0.2963067,0.025343433,-0.24842469
30.365234,0.021781877,-0.2965045,0.022726417,-0.25525105
30.367188,0.025184063,-0.26703182,0.040296748,-0.23262282
30.369141,0.028391577,-0.24242277,0.039881378,-0.21449405
30.371094,0.030139498,-0.25755885,0.044642299,-0.22165278
30.373047,0.025094924,-0.29558507,0.019064456,-0.24626315
30.375,0.026076496,-0.29365924,0.018168524,-0.24867433
30.376953,0.033614837,-0.24637496,0.041401297,-0.22495064
30.378906,0.03477753,-0.22426327,0.04872708,-0.2074564
30.380859,0.029035153,-0.25961226,0.044893757,-0.2171621
30.382813,0.029299449,-0.30525637,0.036718607,-0.24644126
30.384766,0.021864301,-0.2772415,0.033850133,-0.25359377
30.386719,0.026494911,-0.22453102,0.017253965,-0.22928764
30.388672,0.031482942,-0.23910785,0.017646983,-0.21340044
30.390625,0.027996207,-0.26862153,0.030685499,-0.21084186
30.392578,0.03508782,-0.28316784,0.032894596,-0.22322217
30.394531,0.02628099,-0.26991758,0.029027745,-0.2310809
30.396484,0.024763208,-0.24560295,0.019487277,-0.22925243
30.398438,0.030758299,-0.25208327,0.032682255,-0.21726561
30.400391,0.030265473,-0.26745579,0.047397152,-0.20436457
30.402344,0.033545852,-0.27561435,0.044554755,-0.22388038
30.404297,0.026947059,-0.26125255,0.0472202,-0.2369604
30.40625,0.020542828,-0.24592204,0.024423286,-0.23239908
30.408203,0.018282419,-0.26489612,0.02539745,-0.21667729
30.410156,0.024164891,-0.28202185,0.04388234,-0.20574503
30.412109,0.030130126,-0.2547664,0.028712958,-0.21119507
30.414063,0.031653609,-0.22432381,0.035997763,-0.21822621
30.416016,0.037473083,-0.24806775,0.047786444,-0.22035812
30.417969,0.029896172,-0.28458321,0.040021077,-0.21615855
30.419922,0.023746405,-0.27950233,0.039339349,-0.21642147
30.421875,0.025488257,-0.24765617,0.035116732,-0.22789747
30.423828,0.02935116,-0.2249514,0.02446799,-0.233652
30.425781,0.028667267,-0.23635271,0.031592607,-0.21932255
30.427734,0.019282108,-0.26122141,0.039246216,-0.21102434
30.429688,0.022615792,-0.27115047,0.036359116,-0.21801992
30.431641,0.024001632,-0.24776135,0.027686641,-0.2260059
30.433594,0.033299852,-0.21012346,0.028863832,-0.23238336
30.435547,0.038992837,-0.22888339,0.032708332,-0.23039976
30.4375,0.024731267,-0.26335019,0.029456154,-0.21903017
30.439453,0.037752014,-0.27127147,0.050356895,-0.21374916
30.441406,0.027844807,-0.25127697,0.04939577,-0.21910596
30.443359,0.019915702,-0.21980241,0.026542976,-0.23305367
30.445313,0.029271271,-0.23496218,0.035422206,-0.23987718
30.447266,0.027198961,-0.252437,0.029724374,-0.23075889
30.449219,0.038476992,-0.25118133,0.033503681,-0.20950775
30.451172,0.028295042,-0.24127084,0.042915627,-0.21226981
30.453125,0.02304915,-0.24624923,0.025905952,-0.23778398
30.455078,0.029136239,-0.27110162,0.038260877,-0.24190043
30.457031,0.029747298,-0.26055551,0.034444317,-0.23011483
30.458984,0.019512458,-0.23363097,0.031514376,-0.21867359
30.460938,0.029561851,-0.22943479,0.049513116,-0.22852802
30.462891,0.033127792,-0.24867055,0.031218216,-0.24506058
30.464844,0.022425447,-0.26318598,0.022370651,-0.24658829
30.466797,0.032700256,-0.2627205,0.041289538,-0.23118596
30.46875,0.026221503,-0.244809,0.041252285,-0.22160511
30.470703,0.031022551,-0.22602527,0.033296928,-0.22414085
30.472656,0.025979232,-0.24999449,0.036120698,-0.23504257
30.474609,0.023456451,-0.2694965,0.026515037,-0.24800815
30.476563,0.028036103,-0.2434141,0.031527415,-0.23629637
30.478516,0.016381871,-0.21722543,0.052972049,-0.22285022
30.480469,0.026171954,-0.23421532,0.045245796,-0.22169147
30.482422,0.029980805,-0.26160568,0.036074132,-0.24349549
30.484375,0.031266853,-0.23675242,0.036640376,-0.25928187
30.486328,0.032891247,-0.21584813,0.027077556,-0.24899855
30.488281,0.031713404,-0.23400222,0.03717868,-0.23224552
30.490234,0.035985656,-0.25512946,0.057259858,-0.22561799
30.492188,0.029835204,-0.25168827,0.056442156,-0.24659406
30.494141,0.027732823,-0.23478383,0.03890349,-0.26219779
30.496094,0.02940248,-0.23372684,0.038191959,-0.26652402
30.498047,0.026254416,-0.23029689,0.044683278,-0.26472592
30.5,0.028011534,-0.24539091,0.03900221,-0.26012793
30.501953,0.027389748,-0.2580286,0.039238766,-0.26555073
30.503906,0.028660258,-0.24166498,0.026297107,-0.28410512
30.505859,0.033704799,-0.23640934,0.026680812,-0.30846578
30.507813,0.032652903,-0.25556466,0.039510712,-0.3057465
30.509766,0.033805896,-0.26919666,0.036407545,-0.2779592
30.511719,0.027470076,-0.26025236,0.031046852,-0.26317644
30.513672,0.029182734,-0.25565058,0.025147855,-0.2772457
30.515625,0.036857676,-0.26325116,0.020381346,-0.28090322
30.517578,0.028968509,-0.27073231,0.026060551,-0.26408201
30.519531,0.019840205,-0.26700929,0.023950174,-0.26476428
30.521484,0.017348208,-0.27972946,0.017987847,-0.26629344
30.523438,0.018695483,-0.28847113,0.025393724,-0.25534931
30.525391,0.029804483,-0.25615051,0.030046612,-0.23355624
30.527344,0.034617081,-0.24220118,0.029575363,-0.22176948
30.529297,0.03454211,-0.26844659,0.030009359,-0.23392254
30.53125,0.037723172,-0.30382818,0.035321623,-0.23526475
30.533203,0.020008419,-0.29321983,0.030223563,-0.22606358
30.535156,0.019796763,-0.26029351,0.021886364,-0.21491227
30.537109,0.030560441,-0.25660223,0.023506865,-0.21312256
30.539063,0.0361339,-0.25422484,0.028908536,-0.21158035
30.541016,0.031469952,-0.26806384,0.031842202,-0.20796826
30.542969,0.027834803,-0.29308498,0.027114809,-0.20959802
30.544922,0.033855293,-0.29314026,0.0213909,-0.20167346
30.546875,0.025248881,-0.26200292,0.033945128,-0.19453825
30.548828,0.029690579,-0.25980282,0.026138783,-0.18583754
30.550781,0.028081577,-0.28908682,0.0196307,-0.18550006
30.552734,0.033926003,-0.28777009,0.040827602,-0.19145417
30.554688,0.032708135,-0.27841875,0.035226628,-0.17549719
30.556641,0.026075754,-0.28382915,0.032130912,-0.16358051
30.558594,0.035353091,-0.29756558,0.036446661,-0.17374799
30.560547,0.02501405,-0.29049683,0.042759165,-0.18465506
30.5625,0.028071344,-0.2944766,0.042626917,-0.17741013
30.564453,0.027318304,-0.31154922,0.031600058,-0.1565982
30.566406,0.022331558,-0.29467189,0.031702504,-0.16606522
30.568359,0.029525649,-0.28606519,0.031106457,-0.17691699
30.570313,0.023525093,-0.29925719,0.038367048,-0.16338387
30.572266,0.026036434,-0.31410992,0.026997462,-0.15620431
30.574219,0.036408938,-0.30601349,0.02912274,-0.15153088
30.576172,0.030335091,-0.28726926,0.042891413,-0.16631307
30.578125,0.027630536,-0.29992363,0.036111385,-0.17074971
30.580078,0.035820432,-0.32030934,0.033194482,-0.16045435
30.582031,0.030042818,-0.3094191,0.028860107,-0.17195292
30.583984,0.026846109,-0.29182315,0.03367877,-0.17723532
30.585938,0.034978289,-0.30566981,0.024147615,-0.16715573
30.587891,0.029860409,-0.31659168,0.030074552,-0.15278682
30.589844,0.027010884,-0.31524038,0.027036577,-0.16248119
30.591797,0.030181775,-0.32542136,0.01836969,-0.17349565
30.59375,0.021481523,-0.32036829,0.030165821,-0.15748668
30.595703,0.025167001,-0.30927277,0.031316936,-0.15469463
30.597656,0.025869291,-0.32002383,0.040905833,-0.16027029
30.599609,0.031168973,-0.33263981,0.04009372,-0.16551113
30.601563,0.033041161,-0.32692313,0.044103995,-0.16087979
30.603516,0.019219523,-0.31565365,0.038598016,-0.15524523
30.605469,0.031028649,-0.33119398,0.029959068,-0.17019825
30.607422,0.030064702,-0.34155449,0.036195204,-0.17003149
30.609375,0.021325201,-0.31179833,0.0274892,-0.15170038
30.611328,0.01549303,-0.3050909,0.037202895,-0.14112853
30.613281,0.021254173,-0.33286303,0.050975293,-0.15631583
30.615234,0.033870511,-0.32533348,0.040158913,-0.17004947
30.617188,0.024820799,-0.29298311,0.035668075,-0.16452044
30.619141,0.025814837,-0.30256835,0.035301134,-0.16544071
30.621094,0.034414761,-0.33490443,0.034248739,-0.16789049
30.623047,0.031064665,-0.32424825,0.038000107,-0.17461196
30.625,0.028683964,-0.29820481,0.047320783,-0.17184076
30.626953,0.02760249,-0.30170304,0.037567973,-0.1675023
30.628906,0.024705194,-0.3085227,0.029456154,-0.18061364
30.630859,0.026904363,-0.30928579,0.039154947,-0.18675612
30.632813,0.024109356,-0.31388187,0.043293744,-0.18046905
30.634766,0.027158415,-0.30440369,0.047274217,-0.17084184
30.636719,0.032305565,-0.29108536,0.03405875,-0.18226586
30.638672,0.02616623,-0.30729136,0.025170207,-0.20507436
30.640625,0.017603427,-0.33262894,0.031959549,-0.20666546
30.642578,0.035343222,-0.32106808,0.042606428,-0.19352509
30.644531,0.035735611,-0.27670908,0.044828564,-0.18650186
30.646484,0.028393954,-0.27995902,0.037405923,-0.19539221
30.648438,0.029927159,-0.33920866,0.042662308,-0.21199711
30.650391,0.023211811,-0.3413184,0.046342894,-0.22152331
30.652344,0.034058899,-0.28836778,0.032775387,-0.21098541
30.654297,0.025186824,-0.27785361,0.034697637,-0.20312324
30.65625,0.019887889,-0.31411034,0.033006355,-0.2113744
30.658203,0.016443873,-0.3352187,0.023715481,-0.22004764
30.660156,0.019652391,-0.31907535,0.04410772,-0.22996913
30.662109,0.025639258,-0.29160285,0.039829224,-0.22802931
30.664063,0.024688829,-0.27660748,0.029174894,-0.21706316
30.666016,0.021866867,-0.29677382,0.021729901,-0.22409429
30.667969,0.019221347,-0.32522237,0.01863046,-0.24422576
30.669922,0.036471535,-0.31295127,0.035539553,-0.24311802
30.671875,0.031682454,-0.25549877,0.020772502,-0.21433945
30.673828,0.031823136,-0.23792943,0.03203778,-0.20767955
30.675781,0.026672663,-0.30518338,0.030875489,-0.23353779
30.677734,0.015985144,-0.33305565,0.019794613,-0.24712922
30.679688,0.031772975,-0.27962306,0.037355632,-0.23759021
30.681641,0.031895537,-0.22257303,0.026937857,-0.21385545
30.683594,0.030497529,-0.24340759,0.025667533,-0.2095582
30.685547,0.036111716,-0.3119244,0.027926922,-0.22998933
30.6875,0.035807062,-0.32403463,0.032438248,-0.23667932
30.689453,0.039487645,-0.2771824,0.037165642,-0.2189924
30.691406,0.031302579,-0.24122719,0.036521167,-0.19877589
30.693359,0.020117009,-0.27983931,0.023603722,-0.20142888
30.695313,0.023772364,-0.34285915,0.023866355,-0.21394399
30.697266,0.024308121,-0.33351719,0.021206498,-0.22246721
30.699219,0.026873853,-0.25859416,0.027982801,-0.20539775
30.701172,0.035676297,-0.24344695,0.047773406,-0.18200049
30.703125,0.035262246,-0.32791877,0.037957266,-0.18583061
30.705078,0.030591812,-0.38196406,0.040419683,-0.20658973
30.707031,0.030964945,-0.32855499,0.023531079,-0.22679646
30.708984,0.023372438,-0.25591356,0.018494487,-0.21519084
30.710938,0.020548994,-0.27834767,0.031398892,-0.17796309
30.712891,0.028526496,-0.3544125,0.038767517,-0.16901302
30.714844,0.026035547,-0.34762713,0.030957446,-0.19316268
30.716797,0.026213419,-0.28564876,0.020701721,-0.21294077
30.71875,0.02891122,-0.28209567,0.035874829,-0.20315537
30.720703,0.024674203,-0.33250105,0.041459039,-0.17120011
30.722656,0.016909583,-0.35884532,0.029240087,-0.17047957
30.724609,0.025136992,-0.31833303,0.023884982,-0.19698274
30.726563,0.029396823,-0.2728053,0.036357254,-0.21171428
30.728516,0.024284663,-0.27389944,0.021381587,-0.19214574
30.730469,0.029345285,-0.32843384,0.020083323,-0.16371129
30.732422,0.027358485,-0.35481712,0.025315493,-0.16904154
30.734375,0.031496093,-0.29586825,0.027124122,-0.18618713
30.736328,0.028020069,-0.25295934,0.033203796,-0.18895561
30.738281,0.026165243,-0.28992355,0.026131332,-0.17651954
30.740234,0.028185973,-0.34219077,0.037886485,-0.16568121
30.742188,0.027392633,-0.32216385,0.03560847,-0.16810748
30.744141,0.019438317,-0.26856092,0.025740176,-0.17765349
30.746094,0.01703909,-0.2717759,0.021318257,-0.18325655
30.748047,0.026474178,-0.31475866,0.025628418,-0.1722794
30.75,0.017363269,-0.31663248,0.024745524,-0.14625482
30.751953,0.032476973,-0.28420419,0.020508006,-0.1384728
30.753906,0.033662118,-0.26352009,0.044763371,-0.15992291
30.755859,0.029168623,-0.2711933,0.054315016,-0.17236456
30.757813,0.031676698,-0.31317699,0.037521407,-0.15179345
30.759766,0.023993332,-0.32357299,0.031553492,-0.13997409
30.761719,0.03698216,-0.27832842,0.029631242,-0.15826266
30.763672,0.031985916,-0.23817869,0.030245915,-0.16908392
30.765625,0.028484041,-0.26744705,0.02402468,-0.15463468
30.767578,0.028318651,-0.33607885,0.014663026,-0.13003141
30.769531,0.026867608,-0.32315221,0.026248679,-0.13849685
30.771484,0.031092597,-0.2627674,0.039022699,-0.15812504
30.773438,0.023766169,-0.26344731,0.031022638,-0.15290126
30.775391,0.017963408,-0.3072139,0.031644762,-0.14616349
30.777344,0.030258132,-0.33142647,0.049542919,-0.13852821
30.779297,0.031863026,-0.30360642,0.03515026,-0.14271095
30.78125,0.029316779,-0.2694369,0.03537564,-0.15364248
30.783203,0.027223824,-0.28782305,0.047417641,-0.1568312
30.785156,0.013372123,-0.32606858,0.033360258,-0.15353927
30.787109,0.029023452,-0.33441749,0.034774005,-0.13804062
30.789063,0.032566104,-0.28393579,0.036835954,-0.14048335
30.791016,0.025327589,-0.23390234,0.042492807,-0.15459615
30.792969,0.028782394,-0.28257301,0.040104896,-0.1586322
30.794922,0.029239649,-0.35053194,0.03753072,-0.15551926
30.796875,0.029210204,-0.32513452,0.039626196,-0.14810443
30.798828,0.024350254,-0.24812573,0.023013264,-0.15751992
30.800781,0.030299757,-0.24351819,0.038795456,-0.17626134
30.802734,0.026287897,-0.31433201,0.047840461,-0.17336318
30.804688,0.026968993,-0.33527604,0.053532705,-0.15440336
30.806641,0.033682697,-0.28475365,0.056078941,-0.16081727
30.808594,0.028573791,-0.2416492,0.032745585,-0.19318759
30.810547,0.030666852,-0.2715947,0.033127427,-0.20985006
30.8125,0.028114894,-0.33362561,0.026827961,-0.19932455
30.814453,0.033963371,-0.32941139,0.02491875,-0.17234495
30.816406,0.034918431,-0.26489419,0.037677869,-0.16941163
30.818359,0.026442569,-0.24284694,0.025755078,-0.19850963
30.820313,0.028644558,-0.31110722,0.017315432,-0.21231265
30.822266,0.027473142,-0.36268365,0.031639174,-0.21252418
30.824219,0.024366543,-0.31672013,0.021595791,-0.20055005
30.826172,0.02084467,-0.25916553,0.022987187,-0.18332605
30.828125,0.026324714,-0.27486411,0.025548324,-0.19355261
30.830078,0.028028203,-0.33307353,0.018233716,-0.20722613
30.832031,0.026030382,-0.34393916,0.027727619,-0.20548438
30.833984,0.026593084,-0.29777122,0.030875489,-0.18390493
30.835938,0.02568125,-0.27928609,0.043565691,-0.1675902
30.837891,0.023574539,-0.30521214,0.040196165,-0.18698901
30.839844,0.025787311,-0.33639216,0.029551148,-0.20109999
30.841797,0.026664838,-0.32093146,0.034461081,-0.19628407
30.84375,0.02769351,-0.27589411,0.038883001,-0.1722212
30.845703,0.033747654,-0.28451872,0.039989412,-0.15595926
30.847656,0.022975877,-0.32706171,0.033613577,-0.17439729
30.849609,0.031707726,-0.33658361,0.026624933,-0.18887016
30.851563,0.03225464,-0.29589495,0.034787044,-0.18341185
30.853516,0.010659345,-0.26920184,0.029450566,-0.16435507
30.855469,0.010468473,-0.30344397,0.029064998,-0.15721183
30.857422,0.026663061,-0.32994416,0.040175676,-0.1757019
30.859375,0.037695203,-0.28946522,0.037078097,-0.19153158
30.861328,0.036767509,-0.24303471,0.034943506,-0.18237482
30.863281,0.027908592,-0.27337599,0.027522728,-0.16763985
30.865234,0.018896097,-0.33517849,0.026349261,-0.172295
30.867188,0.030712472,-0.32988986,0.032719508,-0.18238641
30.869141,0.028938456,-0.25025654,0.037210345,-0.18306848
30.871094,0.029484456,-0.20513192,0.022359475,-0.1750555
30.873047,0.030716034,-0.26244116,0.029187933,-0.16846925
30.875,0.029862022,-0.33979952,0.033451527,-0.16798048
30.876953,0.033362165,-0.32739973,0.023430496,-0.17545231
30.878906,0.020312702,-0.24206731,0.035384953,-0.18020926
30.880859,0.031709444,-0.22690123,0.031529278,-0.17623648
30.882813,0.035986669,-0.30353993,0.029564187,-0.16557546
30.884766,0.029258192,-0.34196037,0.031268507,-0.16167322
30.886719,0.03201564,-0.29704893,0.036821052,-0.17916444
30.888672,0.035481278,-0.24885024,0.016674682,-0.17941916
30.890625,0.03005706,-0.27591407,0.010591283,-0.16241373
30.892578,0.024941688,-0.33992648,0.029919952,-0.1516474
30.894531,0.033761784,-0.34847918,0.036387056,-0.15355836
30.896484,0.016555378,-0.29253212,0.027507827,-0.15873943
30.898438,0.018442176,-0.2665506,0.024099186,-0.15745974
30.900391,0.026898095,-0.32104242,0.044929147,-0.16009119
30.902344,0.029545417,-0.35326722,0.021716863,-0.15038617
30.904297,0.03620616,-0.31696445,0.041693732,-0.14284496
30.90625,0.022526154,-0.29421362,0.051358998,-0.14804721
30.908203,0.026233403,-0.31449068,0.019414634,-0.15064269
30.910156,0.030146277,-0.34194699,0.034997523,-0.15042429
30.912109,0.026951393,-0.32291937,0.032782838,-0.15492089
30.914063,0.019206824,-0.28560826,0.02067937,-0.14865838
30.916016,0.02476451,-0.29734892,0.027081281,-0.13062979
30.917969,0.031407371,-0.32067752,0.043377563,-0.14113441
30.919922,0.02096374,-0.32412466,0.045657441,-0.15404364
30.921875,0.02299146,-0.30945379,0.05895859,-0.14645959
30.923828,0.028818799,-0.28773376,0.055697098,-0.14713672
30.925781,0.030693041,-0.28990835,0.036265984,-0.15957209
30.927734,0.029605083,-0.30945402,0.038780555,-0.17391737
30.929688,0.035060037,-0.31878558,0.034539312,-0.17287096
30.931641,0.032350332,-0.29531428,0.031458497,-0.1566202
30.933594,0.026415333,-0.28519523,0.03066501,-0.15444778
30.935547,0.026021168,-0.31670856,0.027247056,-0.17106968
30.9375,0.019299936,-0.31972709,0.023663327,-0.18297821
30.939453,0.02656767,-0.29356897,0.03089039,-0.18248355
30.941406,0.028395293,-0.28618085,0.031957686,-0.17950204
30.943359,0.026066672,-0.30184099,0.026103392,-0.17713666
30.945313,0.025805153,-0.31883198,0.030912742,-0.18102284
30.947266,0.023088504,-0.31509596,0.021247476,-0.18960305
30.949219,0.034473475,-0.30760983,0.018697515,-0.18752562
30.951172,0.03381167,-0.29550922,0.031465948,-0.17569079
30.953125,0.025591748,-0.28759903,0.030800983,-0.16861023
30.955078,0.019900288,-0.31370378,0.029800743,-0.17464234
30.957031,0.024257336,-0.33711675,0.02889736,-0.18664669
30.958984,0.028869592,-0.30629033,0.034889489,-0.18375644
30.960938,0.022227632,-0.26838076,0.038521647,-0.16630556
30.962891,0.026000354,-0.30066162,0.027120396,-0.15624896
30.964844,0.032055132,-0.34485552,0.032782838,-0.16967881
30.966797,0.030076033,-0.32656229,0.040514678,-0.18626182
30.96875,0.030018894,-0.28693122,0.03724201,-0.17230316
30.970703,0.037884537,-0.29116964,0.024687782,-0.15281884
30.972656,0.031409908,-0.31814554,0.018153623,-0.15742208
30.974609,0.028422961,-0.33680254,0.032168165,-0.17267714
30.976563,0.032360472,-0.33697593,0.023434222,-0.16878526
30.978516,0.025669385,-0.30296317,0.017144069,-0.15175946
30.980469,0.024921836,-0.30462563,0.029895738,-0.15054291
30.982422,0.033223864,-0.35096005,0.03076373,-0.1585056
30.984375,0.031065727,-0.365926,0.038512334,-0.15877733
30.986328,0.018737566,-0.33480427,0.032963514,-0.15692003
30.988281,0.024069186,-0.3249369,0.026084766,-0.16034165
30.990234,0.025354326,-0.35707965,0.03303802,-0.15158954
30.992188,0.01851137,-0.3654592,0.026123881,-0.1409869
30.994141,0.02558724,-0.344987,0.030556977,-0.14290212
30.996094,0.026639869,-0.32852715,0.040212929,-0.14824185
30.998047,0.025972171,-0.34247139,0.033146054,-0.14261842
31.0,0.034241721,-0.36406747,0.026906192,-0.12874852
31.001953,0.03705268,-0.35221058,0.03457284,-0.13753083
31.003906,0.025607852,-0.32733488,0.040037841,-0.14816444
31.005859,0.01618913,-0.33469763,0.043796659,-0.13976222
31.007813,0.025923178,-0.36234137,0.029143229,-0.12747161
31.009766,0.018512255,-0.35204917,0.026868939,-0.13234866
31.011719,0.016599512,-0.31614506,0.038158432,-0.1489592
31.013672,0.024740266,-0.31403351,0.029145092,-0.14230374
31.015625,0.024585811,-0.34202069,0.033036157,-0.12663674
31.017578,0.025938109,-0.35403091,0.032402858,-0.12814391
31.019531,0.02116577,-0.33317679,0.035208002,-0.14871968
31.021484,0.027539829,-0.31069309,0.037331417,-0.15581594
31.023438,0.020499812,-0.30824196,0.046802968,-0.14343302
31.025391,0.023900241,-0.32173485,0.037655517,-0.13989744
31.027344,0.03316034,-0.32966349,0.016305879,-0.14660883
31.029297,0.027355934,-0.29904702,0.035254568,-0.16044421
31.03125,0.034851138,-0.28389126,0.025512934,-0.1546157
31.033203,0.037142336,-0.31686193,0.03508693,-0.14023702
31.035156,0.022755533,-0.33541471,0.056416079,-0.14057346
31.037109,0.025083315,-0.31953606,0.026991874,-0.14774761
31.039063,0.029507559,-0.30147916,0.030154645,-0.16148177
31.041016,0.022428351,-0.30189621,0.034503922,-0.16922955
31.042969,0.030141747,-0.32400012,0.023417458,-0.15766591
31.044922,0.023550799,-0.33810914,0.042861611,-0.13891472
31.046875,0.02255339,-0.32922879,0.044273496,-0.14423443
31.048828,0.018830165,-0.32166418,0.029014707,-0.1682817
31.050781,0.016104061,-0.31757039,0.035254568,-0.18186393
31.052734,0.028373204,-0.31648284,0.036696255,-0.1645056
31.054688,0.023334336,-0.31596956,0.026291519,-0.14158738
31.056641,0.027825948,-0.31254503,0.02777046,-0.15479127
31.058594,0.027972853,-0.31672928,0.031970724,-0.18111323
31.060547,0.020681925,-0.31649563,0.040862992,-0.18032917
31.0625,0.014830908,-0.31369659,0.046491906,-0.15753879
31.064453,0.025424609,-0.30676332,0.037310928,-0.15753284
31.066406,0.031669147,-0.28024554,0.039993137,-0.18190742
31.068359,0.020002158,-0.27585492,0.033764452,-0.1960364
31.070313,0.03332391,-0.30174384,0.019837454,-0.18536204
31.072266,0.022392839,-0.31329486,0.018973187,-0.16927664
31.074219,0.020438442,-0.2864784,0.038018733,-0.1679562
31.076172,0.038384274,-0.26445758,0.041516781,-0.17348215
31.078125,0.034023352,-0.26859444,0.025555775,-0.18443677
31.080078,0.025919644,-0.28203425,0.041872546,-0.19749816
31.082031,0.02047036,-0.3092224,0.040689766,-0.19153631
31.083984,0.02992723,-0.30993417,0.033848271,-0.17371899
31.085938,0.022444235,-0.26624855,0.029294103,-0.17837887
31.087891,0.017395012,-0.24419445,0.026786983,-0.19993934
31.089844,0.024952918,-0.28971499,0.04407233,-0.20508803
31.091797,0.02842937,-0.31917766,0.040011764,-0.17875984
31.09375,0.03712213,-0.2821278,0.034963995,-0.17178302
31.095703,0.034036849,-0.2544319,0.025762528,-0.19778182
31.097656,0.027239772,-0.28467101,0.017393664,-0.21579999
31.099609,0.022648128,-0.32358131,0.034537449,-0.20640074
31.101563,0.02018974,-0.31382036,0.032633826,-0.17200635
31.103516,0.015676277,-0.27040604,0.017786682,-0.17387749
31.105469,0.011813983,-0.24904349,0.010697454,-0.20304064
31.107422,0.02512601,-0.27856061,0.023629799,-0.21035786
31.109375,0.032295197,-0.30790743,0.027487338,-0.18967138
31.111328,0.027410083,-0.28837726,0.022301733,-0.16639549
31.113281,0.027281176,-0.25168291,0.056980461,-0.17660767
31.115234,0.025803579,-0.25099689,0.043437168,-0.18991883
31.117188,0.032627027,-0.29723001,0.028506204,-0.19670531
31.119141,0.03309378,-0.30086339,0.040753096,-0.1955258
31.121094,0.0276406,-0.24125123,0.014633223,-0.18303379
31.123047,0.029435731,-0.23204324,0.022013023,-0.16830079
31.125,0.021385957,-0.27810615,0.039141908,-0.17431673
31.126953,0.028016908,-0.30501026,0.02671434,-0.1899977
31.128906,0.029641975,-0.26846942,0.020847008,-0.18124734
31.130859,0.023753174,-0.22418027,0.018840939,-0.17251904
31.132813,0.030289521,-0.25388253,0.027487338,-0.16535769
31.134766,0.028867546,-0.30991659,0.034585878,-0.17408326
31.136719,0.028272217,-0.30461597,0.037653655,-0.18190619
31.138672,0.027706929,-0.25814101,0.04564999,-0.16762315
31.140625,0.0392492,-0.24704854,0.039104655,-0.15998635
31.142578,0.03429329,-0.28079104,0.041259736,-0.17389059
31.144531,0.027755441,-0.3169032,0.019932449,-0.18984985
31.146484,0.040116936,-0.31321627,0.019118473,-0.17718998
31.148438,0.025495687,-0.27860668,0.048551992,-0.15845585
31.150391,0.026599985,-0.27738306,0.034813121,-0.1511258
31.152344,0.027320573,-0.324974,0.027610272,-0.16470811
31.154297,0.023580603,-0.33655393,0.026537389,-0.18592218
31.15625,0.029221833,-0.30231234,0.023372754,-0.17949681
31.158203,0.019803034,-0.29443017,0.039007798,-0.16078874
31.160156,0.028943192,-0.3245649,0.045921937,-0.15534842
31.162109,0.031393122,-0.34464464,0.028582573,-0.17040116
31.164063,0.028177913,-0.32344684,0.028915986,-0.18812743
31.166016,0.020275827,-0.31356663,0.026611894,-0.18856689
31.167969,0.020259496,-0.32894126,0.031056166,-0.16942485
31.169922,0.026748408,-0.33219412,0.041963816,-0.14682293
31.171875,0.02020728,-0.32296175,0.033155367,-0.1598307
31.173828,0.02360793,-0.31341919,0.032956064,-0.18680856
31.175781,0.020709965,-0.31669319,0.031417519,-0.18967034
31.177734,0.035816416,-0.31931719,0.023732245,-0.17012893
31.179688,0.030839056,-0.32225949,0.017809033,-0.14982772
31.181641,0.020626538,-0.32462177,0.032961652,-0.16673046
31.183594,0.03876875,-0.32139054,0.037553072,-0.1893158
31.185547,0.026507797,-0.31283221,0.033080861,-0.18073633
31.1875,0.021754613,-0.31077051,0.025870562,-0.16493692
31.189453,0.030192684,-0.3288987,0.018310085,-0.16437864
31.191406,0.020311207,-0.31773326,0.02860865,-0.17494503
31.193359,0.027960261,-0.30592862,0.031134397,-0.17980012
31.195313,0.030017151,-0.32376868,0.03123498,-0.16902454
31.197266,0.015383363,-0.32626194,0.040427133,-0.1579545
31.199219,0.032003481,-0.32159445,0.032313451,-0.1683239
31.201172,0.025051691,-0.32403743,0.026898742,-0.1826544
31.203125,0.0090962918,-0.31788388,0.041105136,-0.18279776
31.205078,0.029762132,-0.31424549,0.039883241,-0.17139098
31.207031,0.031027202,-0.3123239,0.035379365,-0.15414621
31.208984,0.024506513,-0.30292544,0.029752314,-0.15835036
31.210938,0.02354821,-0.31561717,0.024648666,-0.181518
31.212891,0.029455397,-0.31898618,0.041807353,-0.18211289
31.214844,0.034058142,-0.30420178,0.044532403,-0.16113672
31.216797,0.025830826,-0.29964697,0.034611955,-0.14765041
31.21875,0.025353113,-0.30761302,0.040745646,-0.16916291
31.220703,0.02944126,-0.32238385,0.037456214,-0.19923747
31.222656,0.02752625,-0.31810305,0.048822075,-0.19199422
31.224609,0.026306961,-0.31565231,0.048492387,-0.16593505
31.226563,0.025534175,-0.31603062,0.025727138,-0.1653091
31.228516,0.023675265,-0.30904296,0.0221937,-0.19271378
31.230469,0.029916648,-0.32202744,0.039900005,-0.21044832
31.232422,0.021989016,-0.32904753,0.050366208,-0.191531
31.234375,0.027609801,-0.31305578,0.029998183,-0.16173398
31.236328,0.033561245,-0.31202611,0.032592848,-0.18144722
31.238281,0.019936977,-0.32973695,0.028739035,-0.22474989
31.240234,0.029561501,-0.34086159,0.027163237,-0.22776993
31.242188,0.030716835,-0.32610735,0.036815464,-0.19830504
31.244141,0.0251914,-0.30694586,0.039574042,-0.18095654
31.246094,0.030750928,-0.32657602,0.049792513,-0.19717704
31.248047,0.031209826,-0.34890515,0.031385854,-0.23154598
31.25,0.034831118,-0.33444205,0.032617062,-0.25043029
31.251953,0.033254784,-0.32468718,0.035835713,-0.22811674
31.253906,0.023011748,-0.34140176,0.017956182,-0.19406927
31.255859,0.023608796,-0.36096281,0.024898261,-0.2007121
31.257813,0.026537817,-0.35930178,0.03986834,-0.23993656
31.259766,0.030379526,-0.34620151,0.035289958,-0.25095519
31.261719,0.031059291,-0.34397855,0.047378525,-0.22016837
31.263672,0.027919982,-0.3574847,0.058539495,-0.20400287
31.265625,0.026134361,-0.39258265,0.023529217,-0.23306479
31.267578,0.018949054,-0.4081749,0.015640914,-0.26986036
31.269531,0.016464975,-0.38450721,0.024862871,-0.26952717
31.271484,0.017988602,-0.35901469,0.021035135,-0.23439233
31.273438,0.021024792,-0.35846052,0.012168944,-0.20583181
31.275391,0.0242022,-0.37872165,0.013534263,-0.22774298
31.277344,0.022149492,-0.3974196,0.032024741,-0.26342928
31.279297,0.023099383,-0.3893024,0.014765471,-0.26153573
31.28125,0.030411769,-0.37196177,0.016907513,-0.23566027
31.283203,0.028283108,-0.36111513,0.027006775,-0.21976534
31.285156,0.024705904,-0.3545703,0.020811617,-0.23165268
31.287109,0.022078363,-0.37451097,0.026408866,-0.23919395
31.289063,0.025257599,-0.37406987,0.027902707,-0.23319034
31.291016,0.024190528,-0.34420708,0.043176398,-0.21558008
31.292969,0.02247264,-0.32423922,0.042571038,-0.195756
31.294922,0.027787134,-0.34749103,0.035064578,-0.20202184
31.296875,0.02118014,-0.37747881,0.028236121,-0.22163159
31.298828,0.027549809,-0.35631114,0.027926922,-0.22454453
31.300781,0.032409068,-0.33188114,0.027144611,-0.19753879
31.302734,0.026736893,-0.33242032,0.025738314,-0.17272097
31.304688,0.023057368,-0.35558185,0.0403191,-0.1883935
31.306641,0.021312628,-0.36908573,0.036709294,-0.21569091
31.308594,0.028785996,-0.34213233,0.030681774,-0.20938085
31.310547,0.031449288,-0.3110258,0.03185524,-0.18703155
31.3125,0.027237998,-0.31981212,0.033229873,-0.18578626
31.314453,0.027756022,-0.36533344,0.039976373,-0.19633768
31.316406,0.024794158,-0.38322303,0.039601982,-0.2055835
31.318359,0.018078065,-0.34522861,0.035744444,-0.19778512
31.320313,0.021146687,-0.31839135,0.03672792,-0.18677451
31.322266,0.025042756,-0.33456475,0.042198509,-0.19312653
31.324219,0.02756994,-0.35931435,0.049162939,-0.20023312
31.326172,0.030117992,-0.36251998,0.036962613,-0.21057783
31.328125,0.021001751,-0.34016922,0.027472436,-0.21543735
31.330078,0.017620983,-0.32745183,0.02181372,-0.21744023
31.332031,0.019873319,-0.34696379,0.031894356,-0.20961991
31.333984,0.025880462,-0.34981596,0.048017412,-0.20171595
31.335938,0.029239805,-0.32019252,0.044539854,-0.21285917
31.337891,0.026568232,-0.30516657,0.042928666,-0.22593668
31.339844,0.02395957,-0.32937706,0.021666571,-0.23555754
31.341797,0.024085112,-0.36855343,0.023495689,-0.23955524
31.34375,0.034000132,-0.34217551,0.029368609,-0.23621225
31.345703,0.024687788,-0.28174251,0.025213048,-0.22683541
31.347656,0.023845045,-0.29517761,0.029569775,-0.22527666
31.349609,0.025129111,-0.34965938,0.013839737,-0.23428261
31.351563,0.025061471,-0.35239789,0.030584916,-0.24899232
31.353516,0.032081269,-0.30673024,0.044603184,-0.24706857
31.355469,0.020406015,-0.28883937,0.02915068,-0.22739623
31.357422,0.018179001,-0.32174912,0.026751593,-0.22793815
31.359375,0.026642775,-0.35869792,0.029418901,-0.24918652
31.361328,0.026700713,-0.33390701,0.026684538,-0.25533801
31.363281,0.022841766,-0.28428963,0.027312249,-0.23250158
31.365234,0.02285587,-0.29395244,0.032825679,-0.21874483
31.367188,0.023982912,-0.33914989,0.022081941,-0.22688611
31.369141,0.032804355,-0.3514069,0.026347399,-0.24461325
31.371094,0.029726285,-0.29982182,0.048890993,-0.24131951
31.373047,0.021087551,-0.26527917,0.043338448,-0.21706234
31.375,0.027549921,-0.32019067,0.028619826,-0.20999262
31.376953,0.026346484,-0.36267823,0.016896337,-0.22715351
31.378906,0.028792001,-0.31792223,0.0092054754,-0.24797684
31.380859,0.041521505,-0.26755887,0.029370472,-0.23129196
31.382813,0.029990077,-0.29043642,0.03900966,-0.20167445
31.384766,0.024259051,-0.35974514,0.032155126,-0.19935161
31.386719,0.035167884,-0.38110572,0.028247297,-0.2224168
31.388672,0.027483072,-0.31811368,0.01593335,-0.24674807
31.390625,0.02842121,-0.27606902,0.02527079,-0.23233877
31.392578,0.03010791,-0.33067378,0.030905291,-0.19131663
31.394531,0.025790533,-0.39116991,0.017797858,-0.18070891
31.396484,0.031713158,-0.37616554,0.025816545,-0.20848422
31.398438,0.027811142,-0.32102901,0.032192379,-0.23269098
31.400391,0.026418896,-0.32051843,0.036735371,-0.21451244
31.402344,0.025176624,-0.37940601,0.040661827,-0.17577104
31.404297,0.014680896,-0.40402877,0.035492986,-0.17470539
31.40625,0.027548216,-0.37042665,0.025317356,-0.20421055
31.408203,0.041636679,-0.32441393,0.026040062,-0.22631446
31.410156,0.028859125,-0.32933754,0.031985626,-0.19743367
31.412109,0.021592854,-0.40436906,0.025758803,-0.15565459
31.414063,0.034536649,-0.43982032,0.033870623,-0.16666271
31.416016,0.027396826,-0.36638123,0.030450806,-0.20119056
31.417969,0.010773118,-0.31292319,0.034181684,-0.21489346
31.419922,0.025051638,-0.37018183,0.044653475,-0.18644656
31.421875,0.03109628,-0.41923496,0.044094682,-0.16317683
31.423828,0.023907095,-0.38339061,0.038676247,-0.18051468
31.425781,0.025393579,-0.34898791,0.030959308,-0.21368676
31.427734,0.019161612,-0.36448342,0.047391564,-0.22395763
31.429688,0.023881724,-0.39224538,0.043779895,-0.18916871
31.431641,0.031925369,-0.39513057,0.020887986,-0.16578051
31.433594,0.02316305,-0.37119484,0.031348601,-0.1965456
31.435547,0.027846357,-0.34521633,0.03729789,-0.2325581
31.4375,0.023357945,-0.35675445,0.032540694,-0.22386472
31.439453,0.012251728,-0.39918795,0.03168574,-0.18978763
31.441406,0.017365979,-0.40121561,0.041954502,-0.18798482
31.443359,0.022482878,-0.33612251,0.039466009,-0.21873267
31.445313,0.029857339,-0.3030417,0.024551809,-0.24316341
31.447266,0.019462172,-0.3618795,0.03724201,-0.23992445
31.449219,0.016990934,-0.41130632,0.029171169,-0.21124193
31.451172,0.026290204,-0.37254745,0.035796598,-0.19610532
31.453125,0.024158565,-0.30191287,0.038959369,-0.22180533
31.455078,0.02900934,-0.3040148,0.032121599,-0.25444308
31.457031,0.028608622,-0.35372537,0.035947472,-0.25042856
31.458984,0.025715927,-0.37060401,0.03227061,-0.22329295
31.460938,0.035292558,-0.34484288,0.035176337,-0.21322389
31.462891,0.032597434,-0.31290182,0.041667655,-0.23840761
31.464844,0.028265139,-0.31094617,0.039808735,-0.26404414
31.466797,0.030841995,-0.3541643,0.026269168,-0.25474495
31.46875,0.017755434,-0.39381212,0.03438285,-0.23336549
31.470703,0.020618958,-0.35441327,0.022836313,-0.24194227
31.472656,0.032921612,-0.30702844,0.018546641,-0.26166448
31.474609,0.02732374,-0.32231745,0.026082903,-0.26660579
31.476563,0.021771776,-0.38266495,0.019999504,-0.25509337
31.478516,0.024603017,-0.40877643,0.024600238,-0.23409553
31.480469,0.020638613,-0.35403502,0.024861008,-0.24486884
31.482422,0.026365405,-0.32006952,0.033645242,-0.26762721
31.484375,0.030992366,-0.35131896,0.031290859,-0.26532981
31.486328,0.02477818,-0.38450086,0.01997529,-0.2464135
31.488281,0.023487426,-0.38468078,0.025246575,-0.23136018
31.490234,0.018263334,-0.3604072,0.028990492,-0.23705597
31.492188,0.020149371,-0.3364431,0.036470875,-0.2443044
31.494141,0.017590212,-0.3421945,0.036590084,-0.24103773
31.496094,0.02476917,-0.37213612,0.027185589,-0.23019451
31.498047,0.029217543,-0.37253302,0.033365846,-0.22335726
31.5,0.022598878,-0.3370001,0.034587741,-0.2243883
31.501953,0.030722786,-0.33085918,0.022176936,-0.22854909
31.503906,0.025398109,-0.37008062,0.0310096,-0.22905725
31.505859,0.022076981,-0.37562135,0.041958228,-0.22000718
31.507813,0.027280353,-0.33303097,0.030229151,-0.21402436
31.509766,0.020107847,-0.31371045,0.04220596,-0.2244415
31.511719,0.027691126,-0.33958149,0.04282622,-0.24000692
31.513672,0.029863052,-0.36365554,0.028670117,-0.23370059
31.515625,0.020106964,-0.34474561,0.03631255,-0.21918337
31.517578,0.02747805,-0.32981452,0.053394869,-0.21900043
31.519531,0.030040268,-0.33944035,0.05112803,-0.23364367
31.521484,0.027373219,-0.34435701,0.037951678,-0.24201486
31.523438,0.025848201,-0.34950182,0.037405923,-0.24570884
31.525391,0.020181524,-0.35667697,0.023005813,-0.24856113
31.527344,0.025575833,-0.34593287,0.038868099,-0.24795978
31.529297,0.031879306,-0.33158049,0.047849774,-0.24825193
31.53125,0.015456184,-0.34520894,0.026885703,-0.24733143
31.533203,0.025854455,-0.35923728,0.031005874,-0.27187043
31.535156,0.036250375,-0.35134548,0.033952579,-0.29005924
31.537109,0.021061266,-0.33011615,0.035787284,-0.28872955
31.539063,0.025426636,-0.34544063,0.033466429,-0.28846341
31.541016,0.020468179,-0.37906393,0.02425006,-0.28362617
31.542969,0.023440951,-0.35937268,0.032067582,-0.28587794
31.544922,0.027901161,-0.33671796,0.043001309,-0.27907497
31.546875,0.026490496,-0.34131801,0.042261839,-0.26684934
31.548828,0.029396402,-0.35638592,0.03396748,-0.27121326
31.550781,0.023545664,-0.36978149,0.020822793,-0.27416697
31.552734,0.016821487,-0.36799416,0.016287252,-0.26381531
31.554688,0.022800041,-0.35378003,0.025170207,-0.25687546
31.556641,0.02931729,-0.32695836,0.018131271,-0.24843307
31.558594,0.027010567,-0.33463523,0.011325166,-0.23422021
31.560547,0.029886439,-0.38230604,0.012509808,-0.21515918
31.5625,0.020794189,-0.3841306,0.02800329,-0.21512996
31.564453,0.020852808,-0.33639079,0.031590745,-0.24178162
31.566406,0.033931561,-0.32893559,0.033807293,-0.24294648
31.568359,0.025515117,-0.35767069,0.048345238,-0.22134578
31.570313,0.016563877,-0.36396992,0.021757841,-0.20840558
31.572266,0.019234879,-0.35581568,0.017367586,-0.21854122
31.574219,0.027659306,-0.34228203,0.024315253,-0.23310146
31.576172,0.033051353,-0.33150682,0.031106457,-0.2175134
31.578125,0.018577686,-0.33675498,0.026177898,-0.19690824
31.580078,0.01623085,-0.36612731,0.023246095,-0.19728303
31.582031,0.024253098,-0.37865704,0.024501517,-0.2120797
31.583984,0.026546711,-0.33021611,0.017561302,-0.21731409
31.585938,0.018977793,-0.29933706,0.041215032,-0.20214954
31.587891,0.017911399,-0.34040165,0.033049196,-0.18043883
31.589844,0.029458335,-0.3741641,0.029297829,-0.17102264
31.591797,0.026310865,-0.33909085,0.041257873,-0.19189672
31.59375,0.024555368,-0.30277324,0.035884142,-0.2084018
31.595703,0.033558667,-0.31649655,0.026740417,-0.19756918
31.597656,0.026506281,-0.34131473,0.014895856,-0.17339745
31.599609,0.026204612,-0.35364696,0.0244326,-0.16791546
31.601563,0.028170612,-0.3427425,0.023620486,-0.18184915
31.603516,0.019530613,-0.30579433,0.014240205,-0.18359137
31.605469,0.036615226,-0.30157888,0.016108438,-0.17816636
31.607422,0.030824663,-0.35034886,0.025339708,-0.15424068
31.609375,0.02622788,-0.36563727,0.023849592,-0.1486479
31.611328,0.032817032,-0.33366433,0.0069498122,-0.16753146
31.613281,0.023651533,-0.31267989,0.032276198,-0.17288709
31.615234,0.01981416,-0.34165967,0.031367227,-0.1555911
31.617188,0.025254851,-0.38041678,0.020707309,-0.12528312
31.619141,0.027028561,-0.34973449,0.027094319,-0.13114353
31.621094,0.023212621,-0.31221801,0.031963274,-0.15066952
31.623047,0.03094399,-0.34274018,0.053013027,-0.14649405
31.625,0.029364143,-0.388385,0.03544642,-0.12124851
31.626953,0.032548405,-0.37811729,0.019565508,-0.11129093
31.628906,0.025408726,-0.34174687,0.031402618,-0.1371391
31.630859,0.019547569,-0.34914133,0.047672823,-0.14308344
31.632813,0.02406898,-0.3744044,0.023760185,-0.11424287
31.634766,0.022360012,-0.37482342,0.021832347,-0.10182404
31.636719,0.026491722,-0.36041373,0.037065059,-0.12510028
31.638672,0.019240884,-0.34548125,0.030458257,-0.13560444
31.640625,0.021952245,-0.36544183,0.051491246,-0.12332944
31.642578,0.025495408,-0.39312229,0.04695943,-0.12346471
31.644531,0.020892208,-0.37339374,0.034464806,-0.12631927
31.646484,0.027100794,-0.34165311,0.029184207,-0.13260512
31.648438,0.020298086,-0.34078243,0.032693431,-0.14279717
31.650391,0.011523084,-0.37751496,0.035966098,-0.14019021
31.652344,0.020162441,-0.38826591,0.037716985,-0.1314667
31.654297,0.024764812,-0.33598077,0.029668495,-0.12784408
31.65625,0.025463322,-0.29933915,0.033494368,-0.14358838
31.658203,0.02701946,-0.33770081,0.035580531,-0.16710387
31.660156,0.026371192,-0.38028955,0.01872173,-0.16550007
31.662109,0.023843257,-0.36100343,0.033300653,-0.14207265
31.664063,0.026139691,-0.32420233,0.030948132,-0.13437167
31.666016,0.035074703,-0.30749655,0.038050398,-0.15884566
31.667969,0.027617143,-0.32552323,0.03572768,-0.17811361
31.669922,0.028530534,-0.35655782,0.021983221,-0.16549665
31.671875,0.028876277,-0.36564136,0.025620967,-0.14708614
31.673828,0.020819413,-0.33690673,0.032348841,-0.14722554
31.675781,0.033153616,-0.31208354,0.034565389,-0.16450432
31.677734,0.033488426,-0.34322667,0.021865875,-0.16798961
31.679688,0.025953205,-0.37628531,0.032704607,-0.15533905
31.681641,0.03496303,-0.37379909,0.020852596,-0.14844912
31.683594,0.028000286,-0.34785146,0.025105014,-0.15499383
31.685547,0.020907518,-0.34419316,0.044025764,-0.16378312
31.6875,0.024515361,-0.38809851,0.01718691,-0.15337344
31.689453,0.023154717,-0.4003337,0.017879814,-0.14924134
31.691406,0.023904666,-0.3699362,0.015057907,-0.15806882
31.693359,0.019503174,-0.36164412,0.026550427,-0.15251401
31.695313,0.026159551,-0.38421676,0.041226208,-0.13752291
31.697266,0.022527171,-0.40304518,0.020008817,-0.13606673
31.699219,0.021942971,-0.401595,0.028848931,-0.14596972
31.701172,0.021791989,-0.3890155,0.02982682,-0.14823388
31.703125,0.021870246,-0.37244704,0.03669998,-0.13743356
31.705078,0.027684797,-0.37913725,0.040818289,-0.12419184
31.707031,0.023312651,-0.40299559,0.044310749,-0.12987745
31.708984,0.024020316,-0.4047133,0.050891474,-0.14195962
31.710938,0.031492133,-0.37147301,0.022247717,-0.14183615
31.712891,0.029107122,-0.35414296,0.02132757,-0.14321649
31.714844,0.016897365,-0.38725334,0.03698869,-0.13814405
31.716797,0.031065159,-0.41354293,0.032613337,-0.12555052
31.71875,0.025631092,-0.3805978,0.012615979,-0.12414703
31.720703,0.020886995,-0.34791893,0.021990672,-0.14375439
31.722656,0.030184787,-0.37659115,0.032441974,-0.15338881
31.724609,0.023666689,-0.40283448,0.022953659,-0.1311838
31.726563,0.029751917,-0.38990852,0.032233357,-0.11462105
31.728516,0.020287018,-0.37272161,0.024771601,-0.13227683
31.730469,0.020139001,-0.37325996,0.02145423,-0.15624453
31.732422,0.028750103,-0.38130805,0.027071968,-0.14111334
31.734375,0.024620131,-0.3860642,0.026183486,-0.1154834
31.736328,0.027531372,-0.38914007,0.037579149,-0.11312982
31.738281,0.01395426,-0.38055772,0.039710015,-0.12954421
31.740234,0.017921321,-0.37387803,0.036042467,-0.14090699
31.742188,0.022268414,-0.38610059,0.033693671,-0.13530497
31.744141,0.02210068,-0.37723202,0.026446119,-0.12693343
31.746094,0.027529377,-0.35653773,0.051886126,-0.12236133
31.748047,0.022257438,-0.36001661,0.040343314,-0.12430855
31.75,0.024922051,-0.38373962,0.0085162967,-0.13002355
31.751953,0.024788516,-0.39367697,0.021441191,-0.14497192
31.753906,0.026262153,-0.35274357,0.014769197,-0.13775888
31.755859,0.018252784,-0.33404228,0.015396908,-0.10721389
31.757813,0.027051585,-0.36882275,0.021435603,-0.1078781
31.759766,0.032762613,-0.385162,0.019189253,-0.13476475
31.761719,0.01800926,-0.35562113,0.015151039,-0.14639312
31.763672,0.022775833,-0.34531948,0.020625353,-0.12117785
31.765625,0.029751621,-0.36816692,0.040538892,-0.10088748
31.767578,0.022811403,-0.35929334,0.033764452,-0.1076267
31.769531,0.019626191,-0.3494918,0.02649641,-0.11584336
31.771484,0.017833091,-0.35510349,0.033004493,-0.11903051
31.773438,0.018691737,-0.35462445,0.030866176,-0.10351112
31.775391,0.028028717,-0.3472926,0.034310207,-0.094047606
31.777344,0.027211672,-0.34168535,0.039564729,-0.092113368
31.779297,0.029975869,-0.34933016,0.039015248,-0.093829334
31.78125,0.029167501,-0.35073274,0.049943388,-0.10228609
31.783203,0.020611096,-0.35782406,0.047743604,-0.10165617
31.785156,0.022918321,-0.3598963,0.039249942,-0.10297981
31.787109,0.022905169,-0.335908,0.035107419,-0.091773435
31.789063,0.024004975,-0.31862679,0.031110182,-0.098905094
31.791016,0.030189596,-0.34318098,0.02932018,-0.1199644
31.792969,0.031627707,-0.37172899,0.029323906,-0.1081696
31.794922,0.028703876,-0.35437474,0.043889791,-0.095179223
31.796875,0.035778247,-0.33589974,0.041764513,-0.10364873
31.798828,0.040843032,-0.35564941,0.019794613,-0.12863821
31.800781,0.02645704,-0.37980542,0.017773643,-0.14071019
31.802734,0.022546776,-0.38337642,0.030068964,-0.12549825
31.804688,0.024147589,-0.37671879,0.027600959,-0.10898451
31.806641,0.02687344,-0.36920926,0.032808915,-0.10857723
31.808594,0.029317949,-0.3735761,0.028809816,-0.13088712
31.810547,0.024230072,-0.3909668,0.018794373,-0.14376307
31.8125,0.017850466,-0.41419202,0.027483612,-0.13171007
31.814453,0.024990622,-0.42705154,0.028828442,-0.11902318
31.816406,0.032794528,-0.41368777,0.037800804,-0.11171806
31.818359,0.019301213,-0.39533564,0.034477845,-0.12338229
31.820313,0.017998014,-0.41297925,0.017652571,-0.13453488
31.822266,0.023041323,-0.44468549,0.031419381,-0.13080196
31.824219,0.025929557,-0.43630004,0.031983763,-0.12036754
31.826172,0.023295749,-0.40140745,0.028940201,-0.10362021
31.828125,0.0099899126,-0.39096063,0.042587802,-0.11752125
31.830078,0.024053697,-0.42693007,0.030378163,-0.13551894
31.832031,0.031308871,-0.44317815,0.038763791,-0.12900643
31.833984,0.014019003,-0.40183133,0.033838958,-0.11124855
31.835938,0.019952044,-0.37898564,0.021785781,-0.10512599
31.837891,0.023643022,-0.40201277,0.026718065,-0.12276331
31.839844,0.016344644,-0.42041352,0.021800682,-0.1294335
31.841797,0.021413898,-0.40294653,0.031443596,-0.12161715
31.84375,0.025338802,-0.3660517,0.034250602,-0.10752379
31.845703,0.024758691,-0.34872067,0.045826942,-0.10827641
31.847656,0.027015334,-0.38126528,0.038618505,-0.12751265
31.849609,0.033830538,-0.41959769,0.023082182,-0.13512073
31.851563,0.030549457,-0.38172239,0.031402618,-0.12612043
31.853516,0.017085701,-0.32931843,0.032872245,-0.11313495
31.855469,0.026399555,-0.36581242,0.021145031,-0.1049467
31.857422,0.030401047,-0.42461711,0.012411088,-0.11894361
31.859375,0.022386231,-0.38445202,0.025660083,-0.13488261
31.861328,0.020020777,-0.33652744,0.031356052,-0.12540197
31.863281,0.017848641,-0.3813279,0.024041444,-0.10347941
31.865234,0.028643535,-0.41610077,0.031624272,-0.10582931
31.867188,0.033244003,-0.39118597,0.045981541,-0.13178149
31.869141,0.022912385,-0.35955882,0.037469253,-0.13377498
31.871094,0.021611288,-0.37957719,0.0098629892,-0.1176879
31.873047,0.02894968,-0.41413608,0.0078513324,-0.10481032
31.875,0.024507137,-0.41083458,0.02354598,-0.11310864
31.876953,0.020916922,-0.38174525,0.016723111,-0.11225758
31.878906,0.024823561,-0.36665079,0.010019451,-0.10276502
31.880859,0.02294999,-0.38771677,0.032563046,-0.10374495
31.882813,0.019392105,-0.4236784,0.034176096,-0.096695416
31.884766,0.028568842,-0.42300105,0.035485536,-0.095139936
31.886719,0.026176613,-0.36658204,0.044323787,-0.099355742
31.888672,0.019727089,-0.36449134,0.035858065,-0.10574362
31.890625,0.030300155,-0.42538342,0.035081342,-0.096809968
31.892578,0.029516166,-0.44065803,0.030106217,-0.087378465
31.894531,0.019872939,-0.37538061,0.040315375,-0.091073312
31.896484,0.019055547,-0.35858047,0.033775628,-0.094880968
31.898438,0.028952941,-0.42473722,0.040971026,-0.095731497
31.900391,0.033655979,-0.43137705,0.046367109,-0.090290479
31.902344,0.034620944,-0.3895708,0.028470814,-0.096548505
31.904297,0.032968879,-0.3821204,0.032525793,-0.11266451
31.90625,0.025134789,-0.42605367,0.027867317,-0.11636047
31.908203,0.024253167,-0.45619243,0.026501998,-0.10245314
31.910156,0.019976486,-0.4347533,0.027440771,-0.095838487
31.912109,0.01813326,-0.41464517,0.016561061,-0.11126782
31.914063,0.026251514,-0.41763458,0.020828381,-0.12251226
31.916016,0.023990853,-0.42964247,0.031937197,-0.1174525
31.917969,0.024265174,-0.45218223,0.028612375,-0.1025351
31.919922,0.023887381,-0.46457684,0.043796659,-0.10109132
31.921875,0.017850075,-0.44517624,0.042589664,-0.11569568
31.923828,0.021331795,-0.43147463,0.035018012,-0.12217116
31.925781,0.026415205,-0.44536099,0.043545201,-0.12212925
31.927734,0.026917841,-0.44206655,0.038253427,-0.11858156
31.929688,0.021501172,-0.42432147,0.025710374,-0.111701
31.931641,0.021829478,-0.43963802,0.017946869,-0.11535668
31.933594,0.021947226,-0.4498753,0.019809514,-0.12954892
31.935547,0.02601023,-0.42961454,0.025257751,-0.12624535
31.9375,0.031002,-0.41417733,0.033613577,-0.11109238
31.939453,0.017127272,-0.42701074,0.032486677,-0.10723141
31.941406,0.018954424,-0.4502874,0.031894356,-0.12818669
31.943359,0.032094166,-0.43902311,0.037227109,-0.14994396
31.945313,0.026288988,-0.40672064,0.035938159,-0.13559432
31.947266,0.021059196,-0.41263571,0.034336284,-0.11469527
31.949219,0.027379569,-0.44705391,0.034613818,-0.11802154
31.951172,0.029358154,-0.44054112,0.024231434,-0.13680328
31.953125,0.024534727,-0.41641316,0.03200984,-0.14394671
31.955078,0.030152112,-0.4207775,0.030761868,-0.12744309
31.957031,0.030254629,-0.43189541,0.015367106,-0.11096741
31.958984,0.020108264,-0.4410471,0.031199589,-0.11701472
31.960938,0.027959552,-0.45083013,0.029584676,-0.13458453
31.962891,0.0282485,-0.44912913,0.026081041,-0.1377735
31.964844,0.024718732,-0.42778128,0.034692049,-0.12751451
31.966797,0.033433389,-0.43647099,0.032661766,-0.11893593
31.96875,0.022345554,-0.46858713,0.02851738,-0.11708603
31.970703,0.019581651,-0.46403518,0.028483853,-0.12961546
31.972656,0.027804455,-0.45525023,0.042742401,-0.13905948
31.974609,0.026312055,-0.44634262,0.035569355,-0.12224637
31.976563,0.029105024,-0.44219548,0.036392644,-0.10764032
31.978516,0.025791472,-0.456696,0.035003111,-0.11839768
31.980469,0.020478919,-0.46160901,0.020692408,-0.13841122
31.982422,0.019747391,-0.46603152,0.032769799,-0.13934068
31.984375,0.020883249,-0.45500687,0.023180902,-0.11980543
31.986328,0.025486663,-0.4282119,0.024464265,-0.10659963
31.988281,0.024117388,-0.4207224,0.041079059,-0.12271174
31.990234,0.024682553,-0.43978795,0.029787704,-0.1422397
31.992188,0.028142564,-0.44981843,0.019591585,-0.13397725
31.994141,0.019815456,-0.43590319,0.032211006,-0.11981829
31.996094,0.017347153,-0.42666334,0.039432481,-0.11696467
31.998047,0.027046477,-0.42372194,0.020435363,-0.12647626
