Time,Actuator1_Disp,Actuator1_Force,Actuator2_Disp,Actuator2_Force
0.0,0.0010799624,-0.58524781,-0.0067722946,0.50101507
0.001953125,-0.0064011728,-0.56196618,0.0018610656,0.50613755
0.00390625,-0.0032280369,-0.58613902,-0.0050176829,0.45497304
0.005859375,-0.0060637644,-0.63081163,-0.005757153,0.45441079
0.0078125,-0.00058930868,-0.60402149,0.0033176541,0.50807285
0.009765625,0.0033648624,-0.54560018,-0.012520418,0.5281294
0.01171875,0.0010539498,-0.56049657,-0.0070051253,0.48937777
0.013671875,0.0042748782,-0.62501353,0.014514014,0.47940189
0.015625,-0.0080708973,-0.61152375,0.0054894984,0.5204072
0.017578125,-0.0020958483,-0.54945052,-0.008649841,0.53232473
0.01953125,0.013676117,-0.52395231,-0.01209946,0.49963441
0.021484375,-0.0032664174,-0.52641332,-0.0068374872,0.49973986
0.0234375,-0.011376537,-0.54756647,0.0068473667,0.55511367
0.025390625,0.0031467027,-0.52227426,-0.00014314055,0.57980138
0.02734375,-0.00028111401,-0.42549866,-0.00032567978,0.59101498
0.029296875,0.0010033525,-0.24595022,0.0056310594,0.5973292
0.03125,0.0079531418,-0.12421838,0.0059234947,0.7371304
0.033203125,0.005778675,0.031444736,0.025691748,0.82797045
0.03515625,0.012635865,0.22761188,0.008179158,0.77629775
0.037109375,0.015393498,0.18328279,-0.0020467639,0.90666181
0.0390625,0.024164252,0.14343767,0.023404419,0.76747543
0.041015625,0.031025298,0.17344604,0.030506685,0.58984202
0.04296875,0.043526512,0.18449876,0.035535827,0.82099551
0.044921875,0.05585647,0.17902945,0.048956186,0.91669554
0.046875,0.048452042,0.19946127,0.044627398,0.78567708
0.048828125,0.073859066,0.25152999,0.046627879,0.74577773
0.05078125,0.097678632,0.24690086,0.077257216,0.90200657
0.052734375,0.11472873,0.33828887,0.08693552,1.059519
0.0546875,0.14025036,0.34310356,0.10569422,0.99356252
0.056640625,0.15333243,0.2198904,0.12536189,0.83202863
0.05859375,0.18625599,0.23514512,0.15240377,0.91229832
0.060546875,0.21304524,0.39713565,0.17993739,1.101517
0.0625,0.243172,0.52913225,0.21555303,1.0745061
0.064453125,0.28201565,0.43743747,0.26217133,0.95083189
0.06640625,0.31932089,0.3564747,0.27836144,1.0317657
0.068359375,0.36266866,0.41481587,0.32949102,1.1770925
0.0703125,0.40115875,0.49115893,0.35712898,1.1912387
0.072265625,0.44909585,0.50098449,0.38366419,1.2261192
0.07421875,0.49321207,0.39196682,0.44275662,1.2619091
0.076171875,0.54075718,0.39622888,0.49467599,1.3436607
0.078125,0.59170979,0.51955426,0.55194116,1.4675018
0.080078125,0.64221001,0.57857323,0.60425544,1.4452259
0.08203125,0.70701504,0.49203834,0.66712153,1.3369911
0.083984375,0.76821333,0.4419978,0.72334361,1.430384
0.0859375,0.83181655,0.55704618,0.77374309,1.6987843
0.087890625,0.89938873,0.54122663,0.85825127,1.7558596
0.08984375,0.96330673,0.43641102,0.94096208,1.6754951
0.091796875,1.0407571,0.47015098,1.0070468,1.808691
0.09375,1.1165584,0.67259967,1.0811744,1.9296523
0.095703125,1.1950635,0.80595881,1.1516999,1.8305333
0.09765625,1.2881107,0.70504683,1.2370071,1.940448
0.099609375,1.3726611,0.71092427,1.3306888,2.2818665
0.1015625,1.471958,0.90548062,1.4264475,2.3520536
0.10351563,1.576255,0.97829908,1.5053155,2.2054843
0.10546875,1.6661304,0.92889965,1.5890545,2.2563262
0.10742188,1.7653644,1.0166398,1.6887917,2.5600111
0.109375,1.8792572,1.2531828,1.7981811,2.7560863
0.11132813,1.9909468,1.4417008,1.90576,2.7500867
0.11328125,2.0971784,1.44448,2.0171761,2.8040168
0.11523438,2.2087788,1.3798928,2.147917,2.9305484
0.1171875,2.3264517,1.5688327,2.254842,3.1482725
0.11914063,2.4570291,1.9176906,2.3850262,3.2215895
0.12109375,2.5831363,1.9982553,2.5234503,3.103512
0.12304688,2.7095949,1.8643368,2.6570711,3.2919857
0.125,2.8527841,1.9949643,2.7891883,3.5930697
0.12695313,2.9995732,2.3465356,2.9219932,3.571361
0.12890625,3.1301503,2.4470269,3.0788838,3.537919
0.13085938,3.2715261,2.3363237,3.2295904,3.8498356
0.1328125,3.4299223,2.4937934,3.3659322,4.1474132
0.13476563,3.577547,2.9333384,3.4995901,4.0544204
0.13671875,3.7283406,3.0495483,3.6669936,3.9974706
0.13867188,3.8869586,2.8853623,3.8325676,4.4102473
0.140625,4.04777,3.075793,3.9950258,4.8197183
0.14257813,4.2103481,3.510344,4.1763134,4.6574578
0.14453125,4.3778252,3.5812964,4.3376703,4.4078455
0.14648438,4.5440402,3.4419491,4.492434,4.7961297
0.1484375,4.7224121,3.6980986,4.6639261,5.3293833
0.15039063,4.9005904,4.1297588,4.8479142,5.2944822
0.15234375,5.0776901,4.1292362,5.0295538,5.1495018
0.15429688,5.2562146,3.9918069,5.2119512,5.5244388
0.15625,5.4450616,4.3363223,5.4051265,5.8827762
0.15820313,5.6378917,4.7607789,5.586708,5.7185869
0.16015625,5.8251147,4.7074751,5.7716798,5.6650795
0.16210938,6.0219006,4.6094341,5.9870486,6.1592173
0.1640625,6.221765,4.9183821,6.1917548,6.3698725
0.16601563,6.430581,5.3063039,6.377036,5.755218
0.16796875,6.6185722,5.3230009,6.5751562,5.9109149
0.16992188,6.833733,5.2712373,6.7810959,7.0784983
0.171875,7.0437221,5.3876013,6.9692416,7.2185025
0.17382813,7.250957,5.199398,7.1692228,6.4429798
0.17578125,7.4817729,5.480721,7.3871784,6.5366344
0.17773438,7.6630201,6.4092688,7.5918645,7.5162525
0.1796875,7.8777737,6.4441533,7.8117051,7.6707143
0.18164063,8.1035022,5.835617,8.0312957,6.9827356
0.18359375,8.2988977,6.152811,8.2519521,7.1483993
0.18554688,8.5236206,6.9987459,8.48108,8.0122022
0.1875,8.7432937,6.9588422,8.6991291,8.0254774
0.18945313,8.9550666,6.5736217,8.9357404,7.440608
0.19140625,9.1930046,6.78196,9.173623,7.6876301
0.19335938,9.4220094,7.3440394,9.4069299,8.504054
0.1953125,9.6445045,7.515141,9.6499939,8.4742879
0.19726563,9.877922,7.2355551,9.8955164,7.9201622
0.19921875,10.112341,7.33253,10.154179,8.2586603
0.20117188,10.352626,7.8418612,10.402599,8.9841232
0.203125,10.591451,8.1164484,10.634011,8.7754364
0.20507813,10.84004,7.8816032,10.891559,8.3327503
0.20703125,11.070048,7.9159441,11.147155,8.7821807
0.20898438,11.319859,8.520276,11.384624,9.424016
0.2109375,11.577146,8.6614646,11.637828,9.3155422
0.21289063,11.811674,8.4125223,11.893785,8.8573951
0.21484375,12.079601,8.5712442,12.151788,9.2342786
0.21679688,12.333105,8.9316501,12.413898,9.929862
0.21875,12.587274,8.988965,12.670851,9.6907796
0.22070313,12.839608,8.9489955,12.917286,9.2550582
0.22265625,13.099509,9.0783567,13.186163,9.7117624
0.22460938,13.372466,9.3123617,13.457685,10.393703
0.2265625,13.628775,9.4617681,13.718577,10.070154
0.22851563,13.89606,9.4564361,13.990561,9.706726
0.23046875,14.166496,9.4958868,14.258126,10.276149
0.23242188,14.416655,9.6397266,14.519377,10.642716
0.234375,14.683268,9.8625173,14.783388,10.374496
0.23632813,14.970319,9.9514379,15.069487,10.315529
0.23828125,15.221729,9.9697485,15.340122,10.743762
0.24023438,15.495611,10.107066,15.606186,10.947619
0.2421875,15.768981,10.222652,15.875811,10.701818
0.24414063,16.022705,10.329238,16.152622,10.775053
0.24609375,16.291214,10.408211,16.416109,11.189034
0.24804688,16.556887,10.497637,16.662834,11.328043
0.25,16.822077,10.6468,16.938242,11.078245
0.25195313,17.101509,10.708402,17.21731,11.098854
0.25390625,17.373196,10.804673,17.479887,11.700825
0.25585938,17.637659,10.960838,17.738449,11.779533
0.2578125,17.912464,10.992532,18.018591,11.394998
0.25976563,18.169313,10.979998,18.283764,11.538828
0.26171875,18.433662,11.150331,18.547258,11.899289
0.26367188,18.693531,11.386807,18.8057,11.973777
0.265625,18.95738,11.406784,19.055063,11.869586
0.26757813,19.217882,11.416853,19.313446,11.958377
0.26953125,19.473736,11.563688,19.568096,12.187255
0.27148438,19.733253,11.69399,19.832968,12.373396
0.2734375,19.972364,11.739229,20.079145,12.354219
0.27539063,20.230989,11.716579,20.321461,12.210515
0.27734375,20.479328,11.804103,20.570124,12.349678
0.27929688,20.720301,12.085985,20.808022,12.614099
0.28125,20.96204,12.156387,21.049387,12.682969
0.28320313,21.191858,12.002562,21.288874,12.58819
0.28515625,21.439108,12.131866,21.538416,12.656001
0.28710938,21.665079,12.378763,21.762247,12.854286
0.2890625,21.889664,12.422954,21.958078,12.862926
0.29101563,22.115255,12.308452,22.209713,12.739029
0.29296875,22.321873,12.35257,22.425657,12.876931
0.29492188,22.54191,12.635261,22.619324,13.29767
0.296875,22.759708,12.697172,22.824223,13.239637
0.29882813,22.959583,12.653992,23.01293,12.847004
0.30078125,23.166628,12.673097,23.221014,13.031757
0.30273438,23.372791,12.709332,23.395269,13.502171
0.3046875,23.556231,12.766888,23.587248,13.475296
0.30664063,23.75503,12.909953,23.755888,13.116343
0.30859375,23.927061,13.270758,23.919264,13.324365
0.31054688,24.091471,13.038254,24.088032,13.921498
0.3125,24.277977,12.44544,24.257927,13.660707
0.31445313,24.443031,12.789799,24.432711,13.042487
0.31640625,24.601456,13.453979,24.555805,13.376279
0.31835938,24.734695,13.141477,24.718384,13.871842
0.3203125,24.872469,12.50195,24.866665,13.544239
0.32226563,25.018753,12.874231,24.980055,13.240261
0.32421875,25.13699,13.605232,25.095528,13.582026
0.32617188,25.245785,13.324083,25.210516,13.864215
0.328125,25.353626,12.618903,25.305363,13.659077
0.33007813,25.447012,12.920816,25.38415,13.500748
0.33203125,25.532873,13.665985,25.478994,13.716687
0.33398438,25.613003,13.446806,25.554909,13.917784
0.3359375,25.680367,12.771932,25.610683,13.790934
0.33789063,25.741228,12.979828,25.668266,13.605912
0.33984375,25.789202,13.620106,25.717085,13.720329
0.34179688,25.838675,13.431846,25.753702,13.970642
0.34375,25.868406,12.848236,25.793573,13.894983
0.34570313,25.88921,12.995815,25.811708,13.698411
0.34765625,25.914125,13.648136,25.814081,13.851276
0.34960938,25.913033,13.666143,25.827034,14.215443
0.3515625,25.921148,13.221717,25.841789,14.224954
0.35351563,25.91025,12.433969,25.841957,13.846405
0.35546875,25.89135,11.046902,25.839581,12.928437
0.35742188,25.893595,11.260157,25.839588,11.332672
0.359375,25.852522,13.048427,25.827616,11.658051
0.36132813,25.787203,12.758058,25.78933,13.569523
0.36328125,25.740511,10.739247,25.714947,13.089252
0.36523438,25.682554,11.005349,25.655239,11.175327
0.3671875,25.595409,13.028472,25.584681,11.702454
0.36914063,25.493259,12.763488,25.47403,13.755412
0.37109375,25.385826,10.67091,25.36961,13.295617
0.37304688,25.287661,10.911428,25.268393,11.317264
0.375,25.171211,13.034092,25.155096,11.729678
0.37695313,25.035027,12.657614,25.029985,13.725537
0.37890625,24.909552,10.638733,24.912039,13.190824
0.38085938,24.789749,10.775098,24.783113,10.909389
0.3828125,24.659994,12.281301,24.649105,11.310094
0.38476563,24.509041,11.98923,24.51037,13.20732
0.38671875,24.358124,10.329631,24.361799,12.605668
0.38867188,24.209064,10.445681,24.218658,10.761459
0.390625,24.056404,11.851387,24.067057,11.274048
0.39257813,23.888245,11.521647,23.910234,12.820571
0.39453125,23.708914,10.080461,23.746027,11.913005
0.39648438,23.54417,10.210367,23.579563,10.233956
0.3984375,23.355623,11.318047,23.410419,10.969695
0.40039063,23.15349,10.938779,23.216757,12.179029
0.40234375,22.959656,9.6348085,23.027054,11.165051
0.40429688,22.757706,9.9545412,22.843996,9.9254083
0.40625,22.544889,11.060774,22.648832,10.801889
0.40820313,22.314629,10.475708,22.438692,11.612218
0.41015625,22.09931,9.3168048,22.205961,10.575425
0.41210938,21.878839,9.7106485,21.995174,9.8887491
0.4140625,21.633783,10.582878,21.759974,10.638536
0.41601563,21.391006,9.9673852,21.514555,10.975268
0.41796875,21.155031,8.9430542,21.289616,10.088133
0.41992188,20.915283,9.3984737,21.0415,9.5858831
0.421875,20.658562,10.167762,20.786894,10.208603
0.42382813,20.396624,9.4506855,20.523115,10.248385
0.42578125,20.128342,8.5117597,20.266804,9.3389692
0.42773438,19.863865,9.0428247,19.997747,9.4016418
0.4296875,19.588171,9.5024042,19.712179,10.055579
0.43164063,19.298176,8.8661956,19.418219,9.5185728
0.43359375,19.021017,8.2805166,19.120609,8.8348388
0.43554688,18.737022,8.4814901,18.827179,9.1840915
0.4375,18.445698,8.8188734,18.517488,9.4052972
0.43945313,18.147184,8.163166,18.211285,9.0099382
0.44140625,17.844551,7.6039919,17.900578,8.6727924
0.44335938,17.533747,8.094778,17.585962,8.5427579
0.4453125,17.210716,8.3010225,17.281233,8.5942745
0.44726563,16.894354,7.5486259,16.948967,8.4720754
0.44921875,16.575325,7.168889,16.607571,8.0353803
0.45117188,16.239294,7.6658568,16.291107,8.0061054
0.453125,15.916324,7.6972823,15.949434,8.1923599
0.45507813,15.579931,6.7985124,15.592313,7.8957405
0.45703125,15.219357,6.6843028,15.26002,7.4175686
0.45898438,14.884367,7.5720343,14.927379,7.1488752
0.4609375,14.528348,6.8375496,14.564717,7.4378824
0.46289063,14.166934,5.7294158,14.203298,7.5953769
0.46484375,13.824014,6.4040598,13.853358,6.8346352
0.46679688,13.453959,6.9350714,13.48796,6.5554451
0.46875,13.088524,6.1128459,13.117487,6.8112616
0.47070313,12.735648,5.0906167,12.738294,6.4889588
0.47265625,12.351574,5.4342637,12.372049,6.1222653
0.47460938,11.970258,6.167027,12.001938,6.1882419
0.4765625,11.610364,5.3294076,11.628719,6.0205063
0.47851563,11.227,4.4913487,11.247849,5.5689916
0.48046875,10.849616,5.0997929,10.871412,5.5061907
0.48242188,10.468954,5.0037941,10.500664,5.5391459
0.484375,10.06531,3.9258866,10.10132,5.1260705
0.48632813,9.6838941,4.0082259,9.717493,4.5318803
0.48828125,9.2972459,4.4668393,9.313857,4.5249023
0.49023438,8.9054431,3.5492522,8.9034462,4.5626926
0.4921875,8.5147943,2.7850441,8.5075368,4.3475585
0.49414063,8.1173868,3.2977778,8.1037416,4.0025534
0.49609375,7.7087092,3.4613382,7.6888933,3.4975628
0.49804688,7.3035712,2.5180683,7.2998127,3.3231618
0.5,6.9120459,1.7077134,6.9049038,3.3429482
0.50195313,6.4995813,1.8694782,6.4696264,2.9487252
0.50390625,6.0923495,2.2550625,6.0475602,2.4710757
0.50585938,5.6819801,1.7575417,5.6183581,2.4736964
0.5078125,5.2775974,0.45129728,5.2070751,2.1208462
0.50976563,4.873651,0.23045591,4.7950429,1.4849355
0.51171875,4.4515438,1.2983145,4.3984484,1.1825072
0.51367188,4.0249996,0.87738752,3.9766564,1.1539715
0.515625,3.6043114,-0.75297797,3.5065136,0.94862628
0.51757813,3.2071311,-0.57139218,3.0881149,0.30005327
0.51953125,2.7889552,0.5663175,2.6749374,-0.13771093
0.52148438,2.3602013,0.059637964,2.2466447,0.21414004
0.5234375,1.9433152,-0.97606277,1.8016736,0.2245068
0.52539063,1.5125566,-0.34513998,1.3681652,-0.21422669
0.52734375,1.0838507,0.39159638,0.92964458,-0.37530866
0.52929688,0.66740423,-0.20598571,0.464652,-0.12676038
0.53125,0.24434525,-1.0410503,0.043105617,0.17789026
0.53320313,-0.1810772,-0.92039561,-0.37259209,-0.47358286
0.53515625,-0.60806227,-0.72742367,-0.81198633,-0.65022242
0.53710938,-1.0281354,-1.7860401,-1.2641322,-0.64204282
0.5390625,-1.4533209,-2.4208204,-1.6934328,-1.079369
0.54101563,-1.8747507,-2.0696041,-2.1100673,-1.3432666
0.54296875,-2.3051869,-2.1794819,-2.5528423,-1.8266177
0.54492188,-2.7400848,-3.1749386,-3.0010471,-2.5611336
0.546875,-3.1516022,-3.8646628,-3.4591069,-2.6733186
0.54882813,-3.5883629,-3.7151522,-3.9000675,-2.1874666
0.55078125,-4.0115957,-3.7047557,-4.3147797,-3.1275861
0.55273438,-4.4343385,-4.416367,-4.7445554,-4.0365252
0.5546875,-4.8581228,-5.0431385,-5.1851697,-3.9753408
0.55664063,-5.2597332,-4.8607597,-5.6158247,-3.949613
0.55859375,-5.7023453,-4.9737672,-6.0549764,-4.1142859
0.56054688,-6.1459283,-5.5127468,-6.4837503,-4.9526224
0.5625,-6.5588989,-5.8803458,-6.9061031,-5.5000491
0.56445313,-6.9753136,-5.9594941,-7.3736958,-5.290452
0.56640625,-7.4152617,-6.1071023,-7.8352351,-5.3971109
0.56835938,-7.8529744,-6.7012653,-8.26054,-6.1239504
0.5703125,-8.2599916,-6.9477424,-8.6729602,-6.1784372
0.57226563,-8.6823482,-6.9508538,-9.0984926,-6.2611937
0.57421875,-9.1138696,-7.2459516,-9.5267486,-6.7917418
0.57617188,-9.5274972,-7.6750259,-9.9589948,-6.9853882
0.578125,-9.9583311,-7.9149766,-10.407761,-7.1316714
0.58007813,-10.392008,-8.0261449,-10.834411,-7.2221856
0.58203125,-10.811365,-7.9979,-11.259542,-7.5007281
0.58398438,-11.246904,-8.1430187,-11.702988,-7.6711077
0.5859375,-11.667279,-8.8430872,-12.152933,-8.2028369
0.58789063,-12.083756,-9.1215019,-12.578915,-8.3553848
0.58984375,-12.519794,-8.9881782,-12.997938,-8.0991735
0.59179688,-12.937812,-8.7850637,-13.430136,-8.5206241
0.59375,-13.366895,-9.2025108,-13.842289,-8.9494924
0.59570313,-13.794401,-10.163858,-14.27253,-9.1452093
0.59765625,-14.208786,-9.9570159,-14.731329,-9.1168394
0.59960938,-14.637947,-9.3822059,-15.14539,-9.2752418
0.6015625,-15.064417,-9.9594297,-15.553865,-9.3961076
0.60351563,-15.50695,-10.717994,-15.964227,-9.7169399
0.60546875,-15.928552,-10.63564,-16.368082,-10.084568
0.60742188,-16.339159,-10.308089,-16.808916,-10.079272
0.609375,-16.768019,-10.57338,-17.237017,-10.322028
0.61132813,-17.191584,-11.21383,-17.650175,-10.473333
0.61328125,-17.636164,-11.264569,-18.068403,-10.484034
0.61523438,-18.056902,-11.114473,-18.492981,-10.889133
0.6171875,-18.471045,-11.361125,-18.899168,-11.008264
0.61914063,-18.898741,-11.619168,-19.306597,-11.058418
0.62109375,-19.309351,-11.812999,-19.744596,-11.440886
0.62304688,-19.730667,-12.106168,-20.17499,-11.427464
0.625,-20.158329,-12.054425,-20.591669,-11.453109
0.62695313,-20.572477,-12.158596,-20.99457,-11.817831
0.62890625,-21.005651,-12.644235,-21.415943,-12.110069
0.63085938,-21.432581,-12.550603,-21.846483,-12.082678
0.6328125,-21.852156,-12.652085,-22.263536,-11.911871
0.63476563,-22.286751,-13.000607,-22.670341,-12.343887
0.63671875,-22.692715,-12.962292,-23.064081,-13.092347
0.63867188,-23.120525,-13.157335,-23.484236,-12.529194
0.640625,-23.555565,-13.552779,-23.893665,-12.195442
0.64257813,-23.971439,-13.515275,-24.281567,-13.294634
0.64453125,-24.399607,-13.423435,-24.682863,-13.757652
0.64648438,-24.824671,-13.576571,-25.080339,-13.099442
0.6484375,-25.234013,-13.941371,-25.493471,-12.735854
0.65039063,-25.645008,-14.1549,-25.902784,-13.605949
0.65234375,-26.070915,-13.938954,-26.305084,-14.157911
0.65429688,-26.481844,-14.378887,-26.713594,-13.748476
0.65625,-26.895411,-14.778846,-27.095535,-13.595016
0.65820313,-27.302923,-14.287652,-27.484776,-14.136678
0.66015625,-27.707491,-14.222604,-27.879765,-14.527042
0.66210938,-28.120028,-14.920341,-28.254505,-14.128065
0.6640625,-28.520142,-15.301229,-28.639069,-14.156008
0.66601563,-28.922697,-14.849401,-29.013098,-15.018337
0.66796875,-29.319435,-14.720929,-29.370758,-15.163939
0.66992188,-29.709505,-15.361094,-29.765251,-14.259941
0.671875,-30.100733,-15.839238,-30.157509,-14.511475
0.67382813,-30.486746,-15.391735,-30.525715,-15.888988
0.67578125,-30.877592,-15.042438,-30.888168,-15.696306
0.67773438,-31.26862,-15.935317,-31.253569,-14.725392
0.6796875,-31.643555,-16.472115,-31.626879,-15.160142
0.68164063,-32.014328,-15.823218,-31.975725,-16.067953
0.68359375,-32.38232,-15.278046,-32.330471,-15.972583
0.68554688,-32.75975,-16.260157,-32.696552,-15.125897
0.6875,-33.117508,-17.04882,-33.044216,-15.455068
0.68945313,-33.460102,-16.224461,-33.367222,-16.641842
0.69140625,-33.820278,-16.076254,-33.716084,-16.072607
0.69335938,-34.169781,-16.801201,-34.048729,-15.456133
0.6953125,-34.49538,-16.877949,-34.350471,-16.275675
0.69726563,-34.82093,-16.466095,-34.691444,-16.594023
0.69921875,-35.155056,-16.634319,-34.99432,-16.244795
0.70117188,-35.470638,-17.325802,-35.296894,-16.07789
0.703125,-35.759777,-17.394917,-35.618271,-16.538849
0.70507813,-36.049324,-16.869707,-35.899776,-16.80279
0.70703125,-36.371006,-16.920979,-36.188625,-16.396732
0.70898438,-36.652596,-17.55802,-36.485809,-16.395163
0.7109375,-36.902657,-17.637655,-36.761536,-16.873194
0.71289063,-37.180771,-16.989622,-37.016922,-17.025017
0.71484375,-37.425907,-17.045183,-37.268169,-16.625042
0.71679688,-37.660385,-17.93536,-37.516441,-16.495886
0.71875,-37.90831,-17.900745,-37.745224,-17.001255
0.72070313,-38.125694,-17.173588,-37.964008,-17.19854
0.72265625,-38.336975,-17.330931,-38.174286,-16.91893
0.72460938,-38.540821,-18.010147,-38.382126,-16.916302
0.7265625,-38.72998,-17.937078,-38.584938,-17.110411
0.72851563,-38.903477,-17.385767,-38.771069,-17.147085
0.73046875,-39.064816,-17.460211,-38.949425,-16.938652
0.73242188,-39.22905,-17.999847,-39.096222,-16.825794
0.734375,-39.36433,-17.982094,-39.238289,-17.079906
0.73632813,-39.483437,-17.556,-39.365345,-17.239395
0.73828125,-39.597446,-17.660643,-39.486946,-17.208551
0.74023438,-39.696739,-18.151037,-39.612953,-17.265556
0.7421875,-39.789917,-18.22957,-39.70562,-17.411245
0.74414063,-39.87233,-17.904469,-39.79451,-17.407312
0.74609375,-39.934124,-17.877028,-39.868591,-17.234926
0.74804688,-39.991192,-18.182392,-39.92672,-17.311626
0.75,-40.035156,-18.205812,-39.978336,-17.567057
0.75195313,-40.074585,-18.039097,-40.031818,-17.576603
0.75390625,-40.113045,-18.118248,-40.066898,-17.487051
0.75585938,-40.135708,-18.376415,-40.096504,-17.55036
0.7578125,-40.152317,-18.252922,-40.121025,-17.661285
0.75976563,-40.160984,-18.137106,-40.10878,-17.70569
0.76171875,-40.164787,-18.325047,-40.110802,-17.882616
0.76367188,-40.157124,-18.186388,-40.121384,-17.907202
0.765625,-40.154449,-17.833714,-40.11916,-17.675514
0.76757813,-40.154297,-17.455593,-40.108952,-17.469173
0.76953125,-40.148216,-17.742659,-40.138058,-16.807219
0.77148438,-40.129154,-18.219585,-40.114571,-16.714289
0.7734375,-40.105457,-17.648136,-40.04039,-17.597862
0.77539063,-40.081985,-17.062323,-40.047638,-17.334185
0.77734375,-40.046947,-17.560287,-40.017513,-16.500626
0.77929688,-40.00301,-18.047712,-39.984718,-17.037752
0.78125,-39.956558,-17.454432,-39.958378,-17.625963
0.78320313,-39.909492,-16.985418,-39.882446,-16.864101
0.78515625,-39.840382,-17.494165,-39.848785,-16.127293
0.78710938,-39.772438,-17.764286,-39.806061,-16.718801
0.7890625,-39.700027,-17.100971,-39.727772,-17.478216
0.79101563,-39.629925,-16.787954,-39.662506,-16.754627
0.79296875,-39.560253,-17.341288,-39.586296,-15.829739
0.79492188,-39.462429,-17.408701,-39.493229,-16.485422
0.796875,-39.376564,-16.671862,-39.407032,-17.238111
0.79882813,-39.278175,-16.476257,-39.306961,-16.490488
0.80078125,-39.163807,-17.090078,-39.203255,-15.759112
0.80273438,-39.050339,-17.043053,-39.106373,-16.350811
0.8046875,-38.932159,-16.313484,-38.986786,-16.674295
0.80664063,-38.820889,-16.302496,-38.891586,-15.814714
0.80859375,-38.690266,-16.801516,-38.782501,-15.306058
0.81054688,-38.556484,-16.586182,-38.63163,-15.972952
0.8125,-38.417934,-15.880369,-38.502174,-16.21348
0.81445313,-38.267254,-15.949542,-38.368153,-15.37766
0.81640625,-38.124031,-16.445246,-38.227295,-15.175983
0.81835938,-37.976433,-16.182215,-38.068279,-15.822139
0.8203125,-37.819454,-15.58349,-37.907738,-15.765139
0.82226563,-37.657635,-15.596058,-37.737564,-14.949728
0.82421875,-37.480721,-15.907863,-37.565369,-14.884437
0.82617188,-37.311043,-15.689702,-37.40797,-15.448017
0.828125,-37.137135,-15.215009,-37.218906,-15.306486
0.83007813,-36.952877,-15.260332,-37.043625,-14.575899
0.83203125,-36.77367,-15.506917,-36.868645,-14.418076
0.83398438,-36.559025,-15.253878,-36.663044,-14.937797
0.8359375,-36.367451,-14.778823,-36.443588,-14.878786
0.83789063,-36.17881,-14.81125,-36.231812,-14.128771
0.83984375,-35.965649,-15.077993,-36.039761,-14.083111
0.84179688,-35.760345,-14.845049,-35.828041,-14.724169
0.84375,-35.546143,-14.263295,-35.596222,-14.564492
0.84570313,-35.340046,-14.337795,-35.381351,-14.156748
0.84765625,-35.119362,-14.596607,-35.170357,-14.176473
0.84960938,-34.884392,-14.280579,-34.948635,-13.808619
0.8515625,-34.648014,-14.700921,-34.715057,-13.469327
0.85351563,-34.421131,-14.599502,-34.495487,-13.691102
0.85546875,-34.204411,-13.290795,-34.27282,-13.798976
0.85742188,-33.97583,-13.169549,-34.021374,-13.248268
0.859375,-33.734463,-14.108334,-33.801563,-12.889247
0.86132813,-33.493866,-13.967949,-33.565014,-13.235095
0.86328125,-33.23661,-12.657895,-33.312435,-13.328412
0.86523438,-32.982674,-12.711278,-33.065315,-12.752178
0.8671875,-32.741364,-13.780251,-32.81076,-12.438955
0.86914063,-32.476173,-13.454329,-32.567932,-12.733914
0.87109375,-32.211308,-12.321865,-32.310631,-12.741696
0.87304688,-31.935688,-12.256733,-32.055737,-12.352526
0.875,-31.663202,-13.055426,-31.787884,-12.023891
0.87695313,-31.394686,-12.922791,-31.503544,-12.123592
0.87890625,-31.096939,-11.987919,-31.23242,-12.134302
0.88085938,-30.807922,-11.968328,-30.9492,-11.832959
0.8828125,-30.514622,-12.492188,-30.648643,-11.880661
0.88476563,-30.209686,-12.24846,-30.356302,-11.753425
0.88671875,-29.918543,-11.576182,-30.077543,-11.434576
0.88867188,-29.600523,-11.516925,-29.77961,-11.372903
0.890625,-29.296412,-12.043042,-29.466049,-11.319779
0.89257813,-28.991938,-11.72778,-29.166567,-11.122589
0.89453125,-28.660351,-10.851484,-28.840616,-10.984262
0.89648438,-28.357853,-11.02282,-28.521046,-10.964137
0.8984375,-28.031393,-11.592906,-28.205124,-10.855911
0.90039063,-27.692101,-11.095657,-27.872238,-10.699727
0.90234375,-27.360781,-10.333161,-27.542807,-10.462069
0.90429688,-27.021811,-10.502661,-27.206688,-10.363962
0.90625,-26.673401,-11.018542,-26.871729,-10.281528
0.90820313,-26.334766,-10.665785,-26.52022,-9.9709758
0.91015625,-25.997612,-9.7603998,-26.182487,-10.069414
0.91210938,-25.633049,-9.9563608,-25.829708,-10.085394
0.9140625,-25.278622,-10.671067,-25.459549,-9.6498775
0.91601563,-24.920143,-10.015563,-25.099638,-9.4183445
0.91796875,-24.546616,-8.9558382,-24.726871,-9.440731
0.91992188,-24.186956,-9.4536848,-24.361235,-9.6621513
0.921875,-23.818146,-10.271524,-23.990108,-9.2996511
0.92382813,-23.432697,-9.5100126,-23.616764,-8.6561231
0.92578125,-23.066874,-8.3608551,-23.242596,-9.0559396
0.92773438,-22.68548,-8.7374382,-22.857485,-9.2548828
0.9296875,-22.294268,-9.6281385,-22.481321,-8.4093914
0.93164063,-21.896292,-9.192378,-22.091831,-8.0552597
0.93359375,-21.494194,-7.9772691,-21.677107,-8.4544363
0.93554688,-21.122448,-7.95757,-21.275667,-8.6280307
0.9375,-20.71888,-8.9371681,-20.882343,-8.0636205
0.93945313,-20.294962,-8.7277393,-20.487274,-7.622858
0.94140625,-19.915869,-7.5223126,-20.092522,-7.8436183
0.94335938,-19.525047,-7.3108463,-19.687689,-7.8230133
0.9453125,-19.107943,-8.1263771,-19.274179,-7.4178094
0.94726563,-18.699402,-8.0061607,-18.867146,-7.0522575
0.94921875,-18.287996,-6.8066172,-18.46372,-6.9643392
0.95117188,-17.870489,-6.6212635,-18.059586,-6.9882578
0.953125,-17.468485,-7.6707248,-17.64168,-6.8873291
0.95507813,-17.074375,-7.3590321,-17.201965,-6.5488014
0.95703125,-16.619442,-5.9314475,-16.79394,-6.3200526
0.95898438,-16.174774,-6.1106724,-16.365274,-6.2118754
0.9609375,-15.776361,-6.9265999,-15.925787,-6.2000141
0.96289063,-15.352239,-6.2792196,-15.516626,-6.019835
0.96484375,-14.902947,-5.4889154,-15.095993,-5.3573889
0.96679688,-14.466889,-5.6645822,-14.675159,-5.2168946
0.96875,-14.037978,-5.8293399,-14.238535,-5.3135576
0.97070313,-13.598618,-5.6225419,-13.805464,-5.280723
0.97265625,-13.170404,-4.8631134,-13.378471,-4.969109
0.97460938,-12.719872,-4.681024,-12.939054,-4.4579134
0.9765625,-12.279965,-5.1494569,-12.489205,-4.292252
0.97851563,-11.843333,-4.9022269,-12.061533,-4.0669741
0.98046875,-11.387783,-3.9239478,-11.627616,-4.2021822
0.98242188,-10.94616,-3.5818946,-11.1775,-4.0742316
0.984375,-10.497281,-4.2664461,-10.730177,-3.1687431
0.98632813,-10.054696,-3.8311255,-10.274927,-2.8105776
0.98828125,-9.6002655,-2.9104769,-9.8597688,-3.1330857
0.99023438,-9.1425075,-2.837172,-9.4188337,-3.0401105
0.9921875,-8.6960601,-3.0632042,-8.9648504,-2.4318347
0.99414063,-8.2380571,-2.8586897,-8.507451,-2.0461773
0.99609375,-7.7807831,-2.1308572,-8.0345735,-1.8221163
0.99804688,-7.3031005,-1.8595525,-7.6117682,-1.5535253
1.0,-6.8387541,-1.8216643,-7.1658825,-1.2853345
1.0019531,-6.403284,-1.5322892,-6.6913585,-1.0283802
1.0039062,-5.9262452,-1.0326716,-6.2230095,-0.67659801
1.0058593,-5.4456977,-1.0129481,-5.7563962,-0.35631737
1.0078125,-4.980895,-1.1931741,-5.3143572,-0.20257463
1.0097656,-4.5101814,-0.33687937,-4.866281,-0.27733329
1.0117187,-4.0440168,0.29829916,-4.3953037,-0.023334034
1.0136718,-3.5827455,-0.14272493,-3.9128789,0.5276823
1.015625,-3.1214966,-0.23384419,-3.4344453,0.30113044
1.0175781,-2.6270704,0.46185383,-2.9802877,0.073271997
1.0195312,-2.1332147,0.80183488,-2.5198662,0.11223388
1.0214843,-1.6705199,0.13599664,-2.0548195,0.25722668
1.0234375,-1.2045431,-0.19098513,-1.586232,0.62422544
1.0253906,-0.733899,0.49789417,-1.1166517,0.44428423
1.0273437,-0.25041693,0.84754813,-0.64966798,0.021614971
1.0292968,0.22928265,0.34181637,-0.15564048,0.24264474
1.03125,0.69844925,0.25169158,0.30336744,0.8458479
1.0332031,1.1768713,0.7555095,0.76996934,0.8627972
1.0351562,1.650666,0.62747759,1.2617393,0.77848077
1.0371093,2.1436204,0.36898375,1.7297717,1.392453
1.0390625,2.6389186,0.74232024,2.2188744,2.2440841
1.0410156,3.1171157,1.8134907,2.6966075,2.4075346
1.0429687,3.5832188,2.3132932,3.156135,2.2834045
1.0449218,4.0537676,2.0873599,3.6214742,2.8117084
1.046875,4.5460391,2.7480335,4.1191191,3.7544271
1.0488281,5.0306963,3.174535,4.5884404,4.0499172
1.0507812,5.5103669,3.3267939,5.0412883,3.500081
1.0527343,5.9846706,4.076261,5.528182,4.4819102
1.0546875,6.4603133,4.6948628,5.9983172,5.8124818
1.0566406,6.9523739,4.6796937,6.4798317,4.9103999
1.0585937,7.4265513,4.5684137,6.9645814,4.5329732
1.0605468,7.9041581,5.3362445,7.4415564,6.0189423
1.0625,8.3843612,6.0916085,7.8943953,7.0812854
1.0644531,8.8504619,6.0042877,8.3773489,6.191318
1.0664062,9.3250436,5.8494434,8.8675003,5.6834545
1.0683593,9.7974891,6.4127597,9.3300552,7.4333324
1.0703125,10.273596,7.1836581,9.8028507,8.2170095
1.0722656,10.762053,7.0562515,10.269626,6.8947243
1.0742187,11.242048,6.9088993,10.758238,6.8218035
1.0761718,11.694756,7.930551,11.213648,8.4806394
1.078125,12.201242,8.3583173,11.695496,8.9565467
1.0800781,12.680099,7.6030483,12.1706,8.015913
1.0820312,13.082878,7.8165755,12.626102,8.0673837
1.0839843,13.552773,8.8356876,13.123015,9.3292284
1.0859375,14.070042,9.2089719,13.581926,9.5118694
1.0878906,14.531509,9.0409526,14.04723,8.8514852
1.0898437,14.970586,8.8770704,14.498132,9.4584913
1.0917968,15.462232,9.2126102,14.951336,10.047606
1.09375,15.937528,9.6819343,15.432613,9.6230545
1.0957031,16.391624,9.7901115,15.8964,9.8648529
1.0976562,16.822838,9.9425115,16.341097,10.503775
1.0996093,17.261524,10.115212,16.802238,10.874545
1.1015625,17.727755,10.387596,17.265854,10.660278
1.1035156,18.174114,10.69442,17.729898,10.423101
1.1054687,18.624374,10.692796,18.205856,11.298536
1.1074218,19.064562,10.639934,18.642138,11.443226
1.109375,19.510979,11.075457,19.085175,10.784808
1.1113281,19.955381,11.471776,19.525166,11.449877
1.1132812,20.388481,11.324305,19.97588,12.266344
1.1152343,20.844612,11.474047,20.419138,11.973419
1.1171875,21.287252,11.955261,20.83548,11.619797
1.1191406,21.701027,12.107172,21.288628,12.247082
1.1210937,22.147156,11.744168,21.723522,12.922606
1.1230468,22.591278,11.897139,22.15617,12.421748
1.125,23.008425,12.768027,22.610561,12.127131
1.1269531,23.433937,12.732131,23.036646,12.814241
1.1289062,23.836517,12.288936,23.446901,13.378824
1.1308593,24.253677,12.65943,23.887659,13.094175
1.1328125,24.676319,13.232876,24.302679,12.844501
1.1347656,25.109152,13.355309,24.703863,13.502874
1.1367187,25.517849,12.952005,25.11978,13.935016
1.1386718,25.888128,13.077723,25.515182,13.637124
1.140625,26.320799,13.814688,25.943073,13.685705
1.1425781,26.742655,13.722623,26.350456,13.998821
1.1445312,27.102777,13.516528,26.735577,14.213378
1.1464843,27.457912,13.857141,27.146509,14.3386
1.1484375,27.856421,14.017379,27.539505,14.192266
1.1503906,28.267031,14.093627,27.917231,14.331704
1.1523437,28.607042,14.338203,28.301208,14.683125
1.1542968,28.955603,14.412974,28.656477,14.882573
1.15625,29.344799,14.360595,29.028027,14.913492
1.1582031,29.713346,14.650577,29.405697,14.942843
1.1601562,30.068092,14.853095,29.760843,15.095017
1.1621093,30.396509,14.787939,30.138792,15.18681
1.1640625,30.759888,14.845283,30.476706,15.332277
1.1660156,31.106009,15.111652,30.816948,15.560037
1.1679687,31.433851,15.319341,31.17281,15.674789
1.1699218,31.769157,15.214995,31.517563,15.642438
1.171875,32.070656,15.318281,31.83992,15.719296
1.1738281,32.409931,15.621798,32.153576,16.068205
1.1757812,32.729561,15.678114,32.483261,16.100353
1.1777343,33.026054,15.760405,32.78035,15.919108
1.1796875,33.339798,15.940393,33.080204,16.371347
1.1816406,33.620663,15.936098,33.391693,16.658522
1.1835937,33.895645,15.969311,33.684345,16.354279
1.1855468,34.188995,16.291218,33.967915,16.35865
1.1875,34.450081,16.474939,34.260315,16.804472
1.1894531,34.709705,16.444212,34.548805,17.024847
1.1914062,34.977051,16.4097,34.816299,16.812977
1.1933593,35.221504,16.658077,35.058865,16.813873
1.1953125,35.487865,16.95554,35.313751,17.152138
1.1972656,35.731014,16.84786,35.574829,17.35672
1.1992187,35.948437,16.706861,35.809593,17.253763
1.2011718,36.206409,16.927069,36.050613,17.190336
1.203125,36.440678,17.347027,36.284264,17.431046
1.2050781,36.6395,17.246695,36.511314,17.627663
1.2070312,36.847328,17.048004,36.724724,17.545027
1.2089843,37.050682,17.338375,36.933304,17.494751
1.2109375,37.268642,17.955248,37.146206,17.721247
1.2128906,37.455322,17.962669,37.341953,17.939724
1.2148437,37.618706,17.10198,37.526802,17.767963
1.2167968,37.827145,17.118126,37.707363,17.80661
1.21875,38.025383,18.042515,37.887535,18.227432
1.2207031,38.187569,18.188467,38.051064,18.017666
1.2226562,38.337791,17.321438,38.222233,17.697214
1.2246093,38.491638,17.178164,38.385468,18.028223
1.2265625,38.645008,18.152739,38.5317,18.342739
1.2285156,38.785896,18.441299,38.669552,18.11594
1.2304687,38.918232,17.675272,38.795609,17.849112
1.2324218,39.026817,17.476986,38.932804,18.192671
1.234375,39.126671,18.261763,39.048523,18.53583
1.2363281,39.23764,18.476917,39.151455,18.279163
1.2382812,39.331032,17.904833,39.247128,18.02729
1.2402343,39.422909,17.897282,39.330894,18.328781
1.2421875,39.506443,18.492954,39.43243,18.656569
1.2441406,39.584244,18.496153,39.510239,18.4646
1.2460937,39.650276,17.927519,39.572979,18.244656
1.2480468,39.704662,17.995314,39.648335,18.408464
1.25,39.765434,18.571115,39.70002,18.621185
1.2519531,39.808678,18.53721,39.744953,18.521481
1.2539062,39.861221,18.046114,39.797054,18.346689
1.2558593,39.88826,18.09602,39.82814,18.470085
1.2578125,39.914848,18.569523,39.852509,18.686716
1.2597656,39.946049,18.513433,39.886372,18.558737
1.2617187,39.948875,18.083782,39.899059,18.388844
1.2636718,39.959747,18.336107,39.909946,18.64057
1.265625,39.96764,18.697519,39.934586,18.829159
1.2675781,39.978596,18.268129,39.944546,18.752199
1.2695312,39.978336,17.724802,39.942364,18.590752
1.2714843,39.965672,16.630531,39.91301,18.016857
1.2734375,39.950134,15.670725,39.900959,16.640669
1.2753906,39.928986,16.519173,39.910831,15.9422
1.2773437,39.900158,17.480124,39.894524,17.269672
1.2792968,39.85112,16.539509,39.852764,18.010822
1.28125,39.796642,15.407418,39.802917,16.52037
1.2832031,39.73872,16.355127,39.767529,15.723204
1.2851562,39.668785,17.458336,39.69022,17.092131
1.2871093,39.578201,16.533377,39.614933,17.806726
1.2890625,39.499649,15.415794,39.526329,16.43716
1.2910156,39.422222,16.252245,39.415779,15.743123
1.2929687,39.308849,17.201262,39.358128,17.095488
1.2949218,39.204891,16.201735,39.249996,17.735428
1.296875,39.109566,15.271651,39.132172,16.42321
1.2988281,39.005844,16.003822,39.049248,15.577037
1.3007812,38.893425,16.636835,38.932781,16.739614
1.3027343,38.770153,15.85132,38.799759,17.432049
1.3046875,38.657536,15.187898,38.677002,15.909606
1.3066406,38.535954,15.707643,38.575645,15.115205
1.3085937,38.396938,16.017433,38.441711,16.405012
1.3105468,38.262711,15.303472,38.306564,16.919489
1.3125,38.131615,14.842974,38.20018,15.473206
1.3144531,37.989277,15.398656,38.063183,14.813992
1.3164062,37.831722,15.630379,37.902374,15.965794
1.3183593,37.667805,14.855149,37.748207,16.227365
1.3203125,37.499599,14.538647,37.59589,14.983795
1.3222656,37.341419,15.144927,37.422909,14.680185
1.3242187,37.174225,15.282684,37.271236,15.658268
1.3261718,36.993557,14.592887,37.112896,15.726942
1.328125,36.810608,14.264801,36.925804,14.724978
1.3300781,36.624798,14.748304,36.745178,14.52612
1.3320312,36.439621,14.776415,36.559338,15.096206
1.3339843,36.244644,14.073907,36.360748,14.98096
1.3359375,36.049057,13.977481,36.161465,14.391982
1.3378906,35.84481,14.414415,35.976418,14.399651
1.3398437,35.639473,14.210582,35.762028,14.673273
1.3417968,35.438614,13.617065,35.548161,14.449389
1.34375,35.227451,13.614215,35.34264,13.980688
1.3457031,35.008728,13.956629,35.123848,14.047895
1.3476562,34.783215,13.668736,34.899773,14.259195
1.3496093,34.564129,13.147691,34.670746,13.844816
1.3515625,34.341503,13.250021,34.443306,13.534062
1.3535156,34.11005,13.4252,34.208824,13.692639
1.3554687,33.869987,13.201852,33.971729,13.807563
1.3574218,33.637924,12.744245,33.715622,13.387867
1.359375,33.392269,12.793034,33.476669,13.051559
1.3613281,33.123173,13.06669,33.228855,13.337279
1.3632812,32.882065,12.632334,32.970711,13.212183
1.3652343,32.62318,12.280229,32.720989,12.830061
1.3671875,32.352207,12.417294,32.460861,12.781689
1.3691406,32.086506,12.562497,32.215515,12.817632
1.3710937,31.814985,12.231812,31.937601,12.644934
1.3730468,31.538736,11.723721,31.661833,12.307358
1.375,31.256855,11.931011,31.378674,12.270755
1.3769531,30.979488,12.193118,31.095299,12.355392
1.3789062,30.680672,11.69418,30.831078,12.116516
1.3808593,30.381176,11.368309,30.517353,11.879127
1.3828125,30.09523,11.625654,30.226673,11.984955
1.3847656,29.797283,11.532845,29.950253,11.903789
1.3867187,29.488997,11.109879,29.663549,11.464584
1.3886718,29.177759,11.044763,29.361504,11.403687
1.390625,28.852922,11.206137,29.03883,11.562328
1.3925781,28.540157,11.020893,28.725082,11.268057
1.3945312,28.226143,10.742656,28.404268,10.911892
1.3964843,27.900681,10.797797,28.090118,10.960598
1.3984375,27.587948,10.467809,27.780437,11.059696
1.4003906,27.254013,9.9887704,27.448019,10.701178
1.4023437,26.915842,10.328189,27.098009,10.630113
1.4042968,26.576647,10.472548,26.795597,10.839863
1.40625,26.225389,10.114874,26.468122,10.412027
1.4082031,25.897829,9.8417053,26.11055,9.9715261
1.4101562,25.550266,9.5885658,25.759285,9.978651
1.4121093,25.192051,9.6028223,25.397314,10.25268
1.4140625,24.833092,9.585082,25.06884,10.105066
1.4160156,24.478159,9.4322862,24.716711,9.3298454
1.4179687,24.127626,9.4584074,24.357529,9.3520164
1.4199218,23.745377,9.3484144,23.999908,10.040853
1.421875,23.405298,8.8706636,23.641783,9.6208314
1.4238281,23.043718,8.9611578,23.260408,9.0298528
1.4257812,22.665947,8.8776493,22.893122,9.3013896
1.4277343,22.298494,8.1882267,22.549765,9.0231094
1.4296875,21.917892,8.2533884,22.156002,8.5956707
1.4316406,21.552204,8.5806074,21.792913,8.889368
1.4335937,21.157789,8.323657,21.415939,8.746231
1.4355468,20.781839,7.6916909,21.023529,8.0166463
1.4375,20.398827,7.612915,20.646082,8.258295
1.4394531,20.013826,8.0827703,20.259033,8.6958465
1.4414062,19.639507,7.941205,19.874996,7.8610467
1.4433593,19.242329,6.9449319,19.475876,7.2747874
1.4453125,18.855097,6.8542885,19.098545,7.767168
1.4472656,18.460299,7.4669218,18.709475,8.1018314
1.4492187,18.065783,7.0327467,18.307945,7.4463443
1.4511718,17.659931,6.4804711,17.913042,6.6208801
1.453125,17.256866,6.7708969,17.508747,6.7245411
1.4550781,16.870781,6.7382249,17.101896,7.3213138
1.4570312,16.458208,5.9644241,16.698202,7.0573844
1.4589843,16.056234,5.8093614,16.29022,6.1906867
1.4609375,15.656356,6.1820111,15.863391,6.2331318
1.4628906,15.247574,5.8049316,15.466979,6.444478
1.4648437,14.835726,5.1427822,15.048584,5.9824018
1.4667968,14.418648,5.4946527,14.625745,5.9100537
1.46875,14.013338,5.5737152,14.229117,5.8121075
1.4707031,13.594886,4.7091236,13.802583,5.27531
1.4726562,13.195041,4.1689405,13.393576,5.1685957
1.4746093,12.770302,4.6339483,12.987985,5.2055802
1.4765625,12.33204,4.6934175,12.565488,4.952815
1.4785156,11.926241,3.4781105,12.155967,4.5841083
1.4804687,11.494194,3.5163416,11.738441,4.3403878
1.4824218,11.06155,4.3908801,11.288477,4.1419773
1.484375,10.639946,3.3929853,10.863302,4.3264856
1.4863281,10.211797,2.258135,10.462745,3.9058201
1.4882812,9.782587,2.9261155,10.023879,2.5826556
1.4902343,9.3555593,3.0107243,9.5931463,3.3491711
1.4921875,8.9088096,2.216048,9.1408882,4.2819628
1.4941406,8.483201,1.7686191,8.7127218,2.4994854
1.4960937,8.0550108,1.6812983,8.3289871,1.4594062
1.4980468,7.609909,1.575118,7.8749232,2.3117158
1.5,7.173418,1.1291246,7.4049515,2.9029345
1.5019531,6.7386598,0.76065063,6.9762601,1.8180218
1.5039062,6.2945728,0.80686694,6.5616354,0.4480024
1.5058593,5.8303403,0.68622351,6.1208014,1.1835948
1.5078125,5.4020242,0.022459917,5.6865868,1.7258824
1.5097656,4.9560623,-0.096600831,5.2441639,0.4923737
1.5117187,4.5032672,-0.05584126,4.7938323,-0.65879709
1.5136718,4.0650382,-0.03375122,4.3187089,0.16335636
1.515625,3.615853,-0.3022379,3.8613753,1.2377654
1.5175781,3.1632332,-0.68089181,3.4334831,-0.05984921
1.5195312,2.7339291,0.022978082,3.005542,-1.0837547
1.5214843,2.2813394,0.50126868,2.5702662,0.05439537
1.5234375,1.8061711,-0.40361592,2.0801167,0.67687994
1.5253906,1.3815953,-0.78543031,1.6436486,-0.52763021
1.5273437,0.93101609,-0.11696932,1.1965971,-0.94372475
1.5292968,0.46768755,0.091892347,0.74545693,0.41869465
1.53125,0.012655064,-0.47463763,0.31058332,0.64119583
1.5332031,-0.43774015,-0.67634118,-0.14081755,-0.86887681
1.5351562,-0.88038766,-0.13178375,-0.59303612,-0.82968456
1.5371093,-1.3433901,-0.72400755,-1.0782309,0.47645009
1.5390625,-1.7968442,-1.7783888,-1.5480738,0.14820921
1.5410156,-2.238578,-1.7809826,-1.9791719,-0.69586408
1.5429687,-2.7021272,-1.5940331,-2.3889203,-0.44634306
1.5449218,-3.1570584,-2.4309592,-2.8562524,-0.44926336
1.546875,-3.5896914,-3.3306241,-3.3326034,-1.3239119
1.5488281,-4.0485734,-3.1916036,-3.8044543,-2.1228113
1.5507812,-4.5094718,-3.2343719,-4.2784471,-1.9417589
1.5527343,-4.9575567,-3.8693397,-4.6922469,-1.8884184
1.5546875,-5.4101109,-4.4447403,-5.1023659,-2.8742733
1.5566406,-5.8586669,-4.5925312,-5.5583505,-3.4015252
1.5585937,-6.312355,-4.8655009,-6.021449,-3.3326623
1.5605468,-6.7558178,-5.0839228,-6.4872388,-3.3172633
1.5625,-7.2036991,-5.357449,-6.9329514,-3.9482007
1.5644531,-7.6686158,-5.7550153,-7.3780527,-4.8182296
1.5664062,-8.12399,-5.925755,-7.8488364,-4.7293052
1.5683593,-8.5844259,-5.9873824,-8.2534217,-4.5874967
1.5703125,-9.012331,-6.3557663,-8.7072,-5.1941194
1.5722656,-9.4610729,-7.2842359,-9.1746511,-6.0034756
1.5742187,-9.9328098,-6.9338045,-9.6069927,-5.9579806
1.5761718,-10.365185,-6.9047589,-10.095059,-5.481759
1.578125,-10.812581,-8.009983,-10.553513,-6.3232722
1.5800781,-11.255672,-8.0030002,-10.973375,-7.2706875
1.5820312,-11.720757,-7.5355405,-11.390841,-6.6482701
1.5839843,-12.17768,-8.0399236,-11.821576,-6.2860465
1.5859375,-12.610764,-8.9941635,-12.265451,-7.5146651
1.5878906,-13.070552,-8.7039003,-12.714143,-8.1475248
1.5898437,-13.523096,-8.3768711,-13.157327,-7.4696378
1.5917968,-13.981642,-9.1861982,-13.610293,-7.2914981
1.59375,-14.431257,-9.5658836,-14.048729,-8.3683471
1.5957031,-14.867088,-9.1162834,-14.480111,-9.1099834
1.5976562,-15.328564,-9.5776205,-14.941669,-8.2259073
1.5996093,-15.782436,-10.01581,-15.392315,-8.0992031
1.6015625,-16.212997,-9.7963762,-15.831844,-9.4359808
1.6035156,-16.671688,-10.230506,-16.262123,-9.8359088
1.6054687,-17.136288,-10.405253,-16.706745,-8.983798
1.6074218,-17.576141,-10.330402,-17.147633,-8.677699
1.609375,-18.031593,-10.703765,-17.580135,-10.008431
1.6113281,-18.47789,-10.924765,-18.009035,-10.709161
1.6132812,-18.914621,-11.152647,-18.435459,-9.6365222
1.6152343,-19.37277,-11.351032,-18.880632,-9.7979869
1.6171875,-19.815905,-11.089876,-19.302771,-10.842297
1.6191406,-20.249897,-11.496615,-19.73867,-10.625226
1.6210937,-20.701363,-11.692268,-20.172495,-10.322195
1.6230468,-21.140265,-11.642829,-20.601967,-10.900476
1.625,-21.574034,-12.334321,-21.033831,-11.52034
1.6269531,-22.029781,-12.184937,-21.466244,-11.435223
1.6289062,-22.464876,-12.082436,-21.896324,-11.049892
1.6308593,-22.896917,-12.627751,-22.318592,-11.282824
1.6328125,-23.350815,-12.646107,-22.761318,-11.914207
1.6347656,-23.77841,-12.618217,-23.17104,-11.957683
1.6367187,-24.198542,-12.777528,-23.590021,-12.00464
1.6386718,-24.637922,-13.004156,-24.010036,-12.233287
1.640625,-25.060213,-13.301147,-24.412155,-12.119186
1.6425781,-25.483341,-13.216155,-24.832541,-12.5101
1.6445312,-25.920137,-13.26512,-25.236734,-13.003581
1.6464843,-26.320246,-13.76439,-25.64497,-12.434002
1.6484375,-26.749365,-13.692004,-26.06974,-12.426836
1.6503906,-27.187492,-13.440761,-26.4771,-13.541124
1.6523437,-27.559172,-14.249092,-26.884226,-13.559085
1.6542968,-27.976545,-14.880531,-27.303257,-12.696426
1.65625,-28.403427,-13.924191,-27.686644,-12.967544
1.6582031,-28.78676,-13.326189,-28.07832,-14.207376
1.6601562,-29.186094,-14.571219,-28.473192,-14.118022
1.6621093,-29.588272,-15.79707,-28.853617,-13.115299
1.6640625,-29.976337,-14.734299,-29.256561,-13.571967
1.6660156,-30.355431,-13.627525,-29.621546,-14.926085
1.6679687,-30.746113,-15.050887,-29.998022,-14.697475
1.6699218,-31.131832,-16.285986,-30.396832,-13.432731
1.671875,-31.493988,-15.356952,-30.777205,-14.233953
1.6738281,-31.859562,-14.086298,-31.14851,-15.369143
1.6757812,-32.229553,-15.342395,-31.514912,-14.676559
1.6777343,-32.575741,-16.930111,-31.892239,-14.193775
1.6796875,-32.926338,-15.68728,-32.245621,-15.103352
1.6816406,-33.280113,-14.84806,-32.605412,-15.615086
1.6835937,-33.613338,-16.134945,-32.952156,-14.807576
1.6855468,-33.937519,-16.925674,-33.291088,-14.719016
1.6875,-34.267906,-15.976473,-33.641563,-15.613523
1.6894531,-34.58654,-15.44414,-33.960854,-15.889975
1.6914062,-34.899632,-16.770691,-34.284065,-15.384445
1.6933593,-35.211437,-17.410099,-34.624062,-15.381234
1.6953125,-35.498543,-16.243635,-34.948067,-15.886232
1.6972656,-35.791977,-15.94853,-35.234219,-16.091351
1.6992187,-36.078266,-17.10899,-35.524021,-15.905537
1.7011718,-36.332615,-17.601952,-35.825771,-15.734032
1.703125,-36.596062,-16.761389,-36.123447,-16.102448
1.7050781,-36.864532,-16.394936,-36.401363,-16.510633
1.7070312,-37.088272,-17.502138,-36.667263,-16.373779
1.7089843,-37.325905,-17.875612,-36.921795,-16.019823
1.7109375,-37.557442,-16.899874,-37.167149,-16.254471
1.7128906,-37.772438,-16.929768,-37.417881,-16.788582
1.7148437,-37.989948,-17.872932,-37.638866,-16.719814
1.7167968,-38.178329,-17.954323,-37.863869,-16.398458
1.71875,-38.361931,-17.319893,-38.088116,-16.664635
1.7207031,-38.536961,-17.263184,-38.288189,-17.083269
1.7226562,-38.714237,-17.988729,-38.484421,-16.853029
1.7246093,-38.866817,-18.13522,-38.666058,-16.47279
1.7265625,-39.009335,-17.530468,-38.825054,-16.746119
1.7285156,-39.155628,-17.501667,-38.975002,-17.208721
1.7304687,-39.28759,-18.196762,-39.122665,-17.059774
1.7324218,-39.400719,-18.332991,-39.269417,-16.840073
1.734375,-39.501469,-17.727036,-39.398384,-17.195116
1.7363281,-39.608681,-17.744497,-39.508831,-17.499817
1.7382812,-39.700321,-18.461746,-39.615108,-17.096434
1.7402343,-39.774929,-18.574434,-39.704056,-16.865423
1.7421875,-39.845505,-17.929497,-39.783886,-17.417994
1.7441406,-39.920109,-17.839306,-39.861897,-17.726864
1.7460937,-39.974979,-18.574594,-39.917286,-17.370459
1.7480468,-40.023266,-18.647144,-39.962372,-17.145746
1.75,-40.068077,-17.962307,-40.01643,-17.53496
1.7519531,-40.102062,-17.96837,-40.052929,-17.848228
1.7539062,-40.133904,-18.598848,-40.086582,-17.519266
1.7558593,-40.149731,-18.614941,-40.111115,-17.245417
1.7578125,-40.170273,-18.052183,-40.129452,-17.645197
1.7597656,-40.1777,-18.301579,-40.143909,-17.909056
1.7617187,-40.177425,-18.599367,-40.122021,-17.711086
1.7636718,-40.174797,-18.191847,-40.116119,-17.681309
1.765625,-40.168339,-18.000547,-40.121738,-17.560625
1.7675781,-40.165115,-17.664875,-40.131966,-17.473431
1.7695312,-40.150661,-17.763794,-40.138439,-17.10672
1.7714843,-40.142189,-18.232695,-40.122604,-16.62487
1.7734375,-40.116222,-17.94446,-40.1096,-17.162987
1.7753906,-40.088837,-17.462797,-40.078854,-17.53693
1.7773437,-40.058426,-17.52804,-40.051632,-16.875805
1.7792968,-40.004066,-17.924118,-40.013493,-16.505646
1.78125,-39.959637,-17.778603,-39.961758,-17.115374
1.7832031,-39.9067,-17.344574,-39.920895,-17.406633
1.7851562,-39.851498,-17.475206,-39.868279,-16.666595
1.7871093,-39.786053,-17.70924,-39.801403,-16.340046
1.7890625,-39.708324,-17.444796,-39.72551,-16.978514
1.7910156,-39.640667,-17.074772,-39.64719,-17.139368
1.7929687,-39.552044,-17.175499,-39.580219,-16.429665
1.7949218,-39.469372,-17.421967,-39.524151,-16.214367
1.796875,-39.380714,-17.167677,-39.432926,-16.781845
1.7988281,-39.271118,-16.779917,-39.332367,-16.726068
1.8007812,-39.171333,-16.856728,-39.241638,-15.887477
1.8027343,-39.063919,-17.031097,-39.122078,-15.862335
1.8046875,-38.948269,-16.828014,-39.010551,-16.486902
1.8066406,-38.819069,-16.501635,-38.904671,-16.302114
1.8085937,-38.684326,-16.442503,-38.782673,-15.523231
1.8105468,-38.554142,-16.611855,-38.65144,-15.526937
1.8125,-38.429367,-16.535936,-38.500462,-16.187429
1.8144531,-38.280769,-16.156929,-38.356735,-15.900803
1.8164062,-38.117569,-16.037003,-38.220692,-15.128145
1.8183593,-37.968906,-16.142607,-38.061562,-15.369617
1.8203125,-37.811977,-16.049925,-37.900604,-15.853359
1.8222656,-37.647884,-15.859686,-37.735012,-15.358594
1.8242187,-37.471504,-15.755851,-37.559055,-14.730934
1.8261718,-37.299862,-15.654438,-37.401844,-15.061368
1.828125,-37.117588,-15.556154,-37.2206,-15.444249
1.8300781,-36.921001,-15.470734,-37.023079,-14.879096
1.8320312,-36.740993,-15.356725,-36.858498,-14.33154
1.8339843,-36.540741,-15.233577,-36.66119,-14.644653
1.8359375,-36.334576,-15.104938,-36.450207,-14.941976
1.8378906,-36.138866,-15.069027,-36.243073,-14.418242
1.8398437,-35.92997,-14.920547,-36.024811,-14.002248
1.8417968,-35.715508,-14.71748,-35.829479,-14.30345
1.84375,-35.502899,-14.603557,-35.603886,-14.602032
1.8457031,-35.28373,-14.527747,-35.375416,-14.688104
1.8476562,-35.062157,-14.409608,-35.155308,-13.971409
1.8496093,-34.833324,-14.291477,-34.936157,-13.207443
1.8515625,-34.587383,-14.888999,-34.725025,-13.742044
1.8535156,-34.360844,-14.727652,-34.481392,-14.203249
1.8554687,-34.125488,-13.356095,-34.255585,-13.409822
1.8574218,-33.889252,-13.278774,-34.036037,-12.671591
1.859375,-33.667862,-14.193501,-33.807121,-13.291219
1.8613281,-33.416828,-13.960974,-33.563789,-13.695263
1.8632812,-33.163639,-12.837185,-33.311241,-12.804824
1.8652343,-32.911915,-12.836516,-33.077118,-12.194757
1.8671875,-32.65469,-13.621449,-32.821941,-12.842702
1.8691406,-32.392292,-13.331972,-32.552723,-13.238509
1.8710937,-32.123837,-12.49982,-32.270638,-12.279864
1.8730468,-31.860117,-12.496078,-32.012756,-11.721856
1.875,-31.572138,-12.964819,-31.755896,-12.317243
1.8769531,-31.283413,-12.808043,-31.47052,-12.615873
1.8789062,-31.011692,-12.119203,-31.183765,-11.868509
1.8808593,-30.714394,-12.066193,-30.889467,-11.412118
1.8828125,-30.418705,-12.508804,-30.614052,-11.994718
1.8847656,-30.113543,-12.245378,-30.309126,-12.00671
1.8867187,-29.79817,-11.551755,-30.003239,-11.215569
1.8886718,-29.498396,-11.559915,-29.718504,-11.05334
1.890625,-29.189806,-12.014856,-29.410704,-11.445451
1.8925781,-28.870337,-11.737867,-29.106539,-11.343349
1.8945312,-28.546947,-10.930208,-28.791515,-10.68821
1.8964843,-28.223112,-10.956478,-28.480223,-10.499482
1.8984375,-27.90023,-11.545273,-28.143871,-10.912689
1.9003906,-27.573734,-11.110653,-27.781944,-10.796709
1.9023437,-27.228941,-10.305704,-27.4662,-10.155594
1.9042968,-26.893686,-10.710352,-27.139406,-10.049814
1.90625,-26.55447,-11.062328,-26.783295,-10.468007
1.9082031,-26.207832,-10.321688,-26.434696,-10.173963
1.9101562,-25.859718,-9.8491849,-26.082693,-9.5736789
1.9121093,-25.488672,-10.25809,-25.722988,-9.6422243
1.9140625,-25.13205,-10.344469,-25.368849,-9.7740593
1.9160156,-24.774918,-9.5810985,-25.007263,-9.5545988
1.9179687,-24.403969,-9.4013462,-24.638134,-9.1189079
1.9199218,-24.015532,-9.9131612,-24.269342,-9.0611639
1.921875,-23.64212,-9.6854143,-23.889523,-9.2930641
1.9238281,-23.286263,-8.8026142,-23.517189,-9.1004781
1.9257812,-22.888325,-8.90485,-23.122282,-8.6117773
1.9277343,-22.494345,-9.5321283,-22.748495,-8.3079624
1.9296875,-22.117004,-8.9298057,-22.373104,-8.4173479
1.9316406,-21.72648,-8.2894887,-21.975285,-8.4195404
1.9335937,-21.329653,-8.489912,-21.596956,-8.1020584
1.9355468,-20.948759,-8.650424,-21.191618,-7.9740147
1.9375,-20.540241,-8.3467779,-20.804504,-7.7974882
1.9394531,-20.123161,-7.7806692,-20.384811,-7.6497039
1.9414062,-19.74123,-7.683515,-19.956345,-7.5449423
1.9433593,-19.331139,-7.9071159,-19.568016,-7.2583727
1.9453125,-18.915504,-7.780313,-19.136633,-7.0979013
1.9472656,-18.501122,-7.2694292,-18.737503,-6.8191485
1.9492187,-18.080418,-6.8931736,-18.34935,-6.7813663
1.9511718,-17.670439,-7.1168446,-17.919706,-6.9246144
1.953125,-17.238691,-7.2718615,-17.50746,-6.615323
1.9550781,-16.811495,-6.6044507,-17.104879,-5.8951559
1.9570312,-16.395672,-6.0574455,-16.711538,-5.5935173
1.9589843,-15.959122,-6.4523916,-16.292248,-6.2621736
1.9609375,-15.52921,-6.605968,-15.840779,-6.122179
1.9628906,-15.103324,-5.7399544,-15.404305,-4.8456163
1.9648437,-14.688062,-5.225326,-14.981922,-4.6753902
1.9667968,-14.252578,-5.7780509,-14.551802,-5.7566928
1.96875,-13.793506,-5.6252284,-14.123885,-5.3247642
1.9707031,-13.350343,-4.7428717,-13.678535,-3.9529292
1.9726562,-12.903405,-4.6977305,-13.232013,-4.1523094
1.9746093,-12.474765,-4.9297065,-12.804895,-4.660551
1.9765625,-12.017611,-4.5177435,-12.359865,-4.2403287
1.9785156,-11.54899,-4.0340304,-11.929596,-3.3315079
1.9804687,-11.106663,-3.9918949,-11.496086,-3.0922739
1.9824218,-10.660295,-3.8703875,-11.044428,-3.5070519
1.984375,-10.209239,-3.3682534,-10.59371,-3.2073891
1.9863281,-9.7281379,-2.992361,-10.140219,-2.4690537
1.9882812,-9.2818946,-3.1425445,-9.6784935,-2.1186661
1.9902343,-8.8333759,-2.8973913,-9.2299194,-2.2034359
1.9921875,-8.3687973,-2.0959308,-8.7865533,-2.2185423
1.9941406,-7.9229159,-1.9685075,-8.3443222,-1.3705087
1.9960937,-7.4491577,-2.2751257,-7.90067,-0.9918223
1.9980468,-6.9925022,-1.7585288,-7.4296588,-1.3011745
2.0,-6.5104899,-0.92565411,-6.9666128,-0.59747577
2.0019531,-6.0443143,-0.85309583,-6.4991393,0.018076468
2.0039062,-5.6166253,-1.1001561,-6.0454959,0.017970938
2.0058593,-5.1369319,-0.57516986,-5.5911054,-0.38249341
2.0078125,-4.6379942,0.082442909,-5.1123123,-0.36359075
2.0097656,-4.1911072,-0.10746203,-4.6381297,0.77367604
2.0117187,-3.7602787,0.065140799,-4.1994729,0.7559436
2.0136718,-3.2748208,0.42309988,-3.7304103,-0.2756466
2.015625,-2.8052122,0.5230332,-3.2357235,-0.0050321473
2.0175781,-2.319175,0.48477229,-2.7798821,1.0434782
2.0195312,-1.8524222,0.20211169,-2.3099515,0.57711196
2.0214843,-1.4020359,0.37633246,-1.8530522,-0.45913351
2.0234375,-0.89938736,0.27449432,-1.3714299,0.22831072
2.0253906,-0.42413926,0.058733299,-0.88773823,1.0208683
2.0273437,0.084604099,0.53074747,-0.42500693,0.26697475
2.0292968,0.55322522,0.95641208,0.061657563,-0.52945697
2.03125,1.0063813,0.42082012,0.52785343,0.31589857
2.0332031,1.5010262,-0.05982092,0.98794913,1.5046112
2.0351562,1.9766993,0.46275035,1.4646744,0.67924094
2.0371093,2.4556412,0.73296112,1.9534363,-0.35437053
2.0390625,2.9305958,0.6392687,2.4365935,1.0943656
2.0410156,3.4392244,1.0565879,2.8960707,2.6454367
2.0429687,3.9171693,1.9915638,3.3595843,2.2461087
2.0449218,4.3795938,2.3472099,3.8541371,1.7772959
2.046875,4.8690123,2.4580807,4.3418092,2.6510038
2.0488281,5.3423538,2.7809374,4.8080925,3.7699332
2.0507812,5.8037056,3.3575666,5.2952394,3.8104763
2.0527343,6.2853961,3.9153704,5.763453,3.488507
2.0546875,6.7853522,3.9193668,6.2242713,4.2303204
2.0566406,7.2565407,4.3006372,6.6981039,5.4377265
2.0585937,7.7126164,4.9176993,7.1826858,5.2518878
2.0605468,8.1958389,5.4284334,7.678142,4.2930574
2.0625,8.6685237,5.284213,8.1463518,5.1445641
2.0644531,9.1361789,5.4077587,8.6254539,6.9911685
2.0664062,9.6306266,6.0982937,9.1038332,6.8663291
2.0683593,10.10337,6.8638067,9.5717334,5.8469224
2.0703125,10.568531,5.0218348,10.054799,6.2248363
2.0722656,11.032827,2.5983858,10.537045,7.5828485
2.0742187,11.485202,7.4649977,10.995587,7.9221282
2.0761718,11.886203,11.200771,11.451932,7.1818857
2.078125,12.289155,7.0814304,11.93642,7.576024
2.0800781,12.73428,4.6203694,12.398037,8.5033922
2.0820312,13.147348,8.3902988,12.876163,8.3492727
2.0839843,13.553459,11.288886,13.35513,7.9193282
2.0859375,13.979853,8.2502574,13.811889,8.7969846
2.0878906,14.389232,5.9873223,14.274577,9.6957531
2.0898437,14.801042,9.0259599,14.714448,9.0087194
2.0917968,15.229478,11.647648,15.191461,8.8161754
2.09375,15.630357,8.9842643,15.657733,9.8499383
2.0957031,16.071489,7.2187557,16.090742,10.557764
2.0976562,16.471844,10.416142,16.554853,9.7670822
2.0996093,16.841373,11.512558,17.035662,9.4069824
2.1015625,17.270533,9.0289535,17.496466,10.821605
2.1035156,17.697657,8.7579593,17.953062,11.211642
2.1054687,18.121273,11.310993,18.399897,10.328102
2.1074218,18.500227,11.777331,18.846712,10.295635
2.109375,18.90023,9.7830963,19.296539,11.451529
2.1113281,19.32037,9.7677497,19.729191,11.846671
2.1132812,19.738232,11.756985,20.174561,11.068759
2.1152343,20.16585,12.002506,20.612934,11.242394
2.1171875,20.56822,10.726197,21.063681,11.958627
2.1191406,20.971964,10.896297,21.500069,12.062051
2.1210937,21.371876,11.998762,21.926041,12.0425
2.1230468,21.764103,12.311724,22.372311,12.25708
2.125,22.147881,12.002916,22.789127,12.383692
2.1269531,22.563578,11.940719,23.202007,12.584146
2.1289062,22.988403,12.274768,23.633068,12.930179
2.1308593,23.372538,12.628527,24.059465,12.709309
2.1328125,23.753395,12.678531,24.477663,12.776886
2.1347656,24.173277,12.471226,24.866148,13.409844
2.1367187,24.588465,12.615849,25.267584,13.362163
2.1386718,24.974262,13.074903,25.681446,13.220903
2.140625,25.371618,13.133963,26.079617,13.646123
2.1425781,25.758348,13.036939,26.489788,13.882518
2.1445312,26.146523,13.265083,26.877913,13.955982
2.1464843,26.521624,13.532009,27.271585,14.010415
2.1484375,26.909708,13.606217,27.677534,14.070748
2.1503906,27.313255,13.662485,28.040489,14.156114
2.1523437,27.672213,13.729229,28.389475,14.327701
2.1542968,28.043608,13.831192,28.766876,14.630635
2.15625,28.418892,14.137096,29.146786,14.64782
2.1582031,28.783747,14.230011,29.509386,14.702713
2.1601562,29.148209,14.114202,29.863796,14.96798
2.1621093,29.493393,14.297653,30.217594,14.978251
2.1640625,29.832605,14.642875,30.565155,15.003819
2.1660156,30.180063,14.728065,30.913649,15.418074
2.1679687,30.518082,14.650221,31.252245,15.575763
2.1699218,30.84446,14.866105,31.577847,15.362453
2.171875,31.179585,15.149831,31.907095,15.398673
2.1738281,31.503799,15.234542,32.221329,15.770306
2.1757812,31.852312,15.202935,32.533695,16.075499
2.1777343,32.159973,15.205528,32.843758,15.957168
2.1796875,32.449924,15.584902,33.153023,15.927156
2.1816406,32.776752,15.748291,33.454067,16.281523
2.1835937,33.063038,15.503169,33.734875,16.427427
2.1855468,33.375679,15.691369,34.023632,16.337097
2.1875,33.666351,16.144558,34.315006,16.417831
2.1894531,33.913719,16.180637,34.589687,16.657351
2.1914062,34.19894,15.961576,34.855457,16.841473
2.1933593,34.489792,16.120153,35.112476,16.843777
2.1953125,34.735489,16.5893,35.349499,16.779171
2.1972656,34.99194,16.661718,35.6059,17.022873
2.1992187,35.270626,16.340103,35.851871,17.280186
2.2011718,35.508667,16.47303,36.063164,17.257923
2.203125,35.747364,16.979105,36.301556,17.221071
2.2050781,35.980515,16.964836,36.538116,17.337212
2.2070312,36.215649,16.618706,36.754257,17.648174
2.2089843,36.443115,16.855419,36.959667,17.666786
2.2109375,36.652618,17.417736,37.164299,17.404045
2.2128906,36.881393,17.357925,37.369968,17.488846
2.2148437,37.084774,16.954855,37.534695,18.128885
2.2167968,37.281536,17.113657,37.710045,18.245691
2.21875,37.471283,17.603441,37.897652,17.477606
2.2207031,37.646164,17.58205,38.058601,17.532103
2.2226562,37.835464,17.302729,38.225143,18.373304
2.2246093,37.987179,17.406073,38.377151,18.382132
2.2265625,38.137844,17.906591,38.525749,17.664133
2.2285156,38.303673,18.326103,38.669289,17.70936
2.2304687,38.448345,17.869846,38.803879,18.494755
2.2324218,38.588104,17.228792,38.93644,18.558357
2.234375,38.735371,17.752399,39.042156,17.895702
2.2363281,38.872646,18.52025,39.145592,17.864138
2.2382812,38.982071,18.048748,39.243195,18.583874
2.2402343,39.101147,17.254126,39.323265,18.744043
2.2421875,39.203796,17.751732,39.409447,18.223278
2.2441406,39.288342,18.685055,39.485485,18.149775
2.2460937,39.39183,18.325626,39.563404,18.698479
2.2480468,39.472824,17.494463,39.635303,18.828444
2.25,39.54105,17.956932,39.691093,18.29591
2.2519531,39.611301,18.810781,39.748119,18.163183
2.2539062,39.65995,18.373632,39.780888,18.629013
2.2558593,39.711704,17.596497,39.820831,18.806366
2.2578125,39.769279,18.023256,39.86536,18.444521
2.2597656,39.803104,18.870968,39.881634,18.274288
2.2617187,39.824028,18.500589,39.887459,18.674791
2.2636718,39.855309,17.562757,39.904961,18.838482
2.265625,39.88073,18.04557,39.89819,18.646875
2.2675781,39.878059,18.841393,39.90202,18.689125
2.2695312,39.880531,18.316807,39.906414,18.582615
2.2714843,39.891048,17.792025,39.899395,17.933819
2.2734375,39.887585,17.154528,39.907383,16.759752
2.2753906,39.885647,15.823469,39.894897,16.368818
2.2773437,39.867279,15.888798,39.878044,17.269463
2.2792968,39.826012,17.30489,39.828617,17.488411
2.28125,39.787701,17.145887,39.778378,16.668907
2.2832031,39.739555,15.759665,39.717854,16.45381
2.2851562,39.669518,15.962553,39.668705,17.246046
2.2871093,39.59433,17.290911,39.591434,17.43321
2.2890625,39.518055,17.071171,39.489979,16.626543
2.2910156,39.439995,15.696372,39.427067,16.341387
2.2929687,39.341209,15.976563,39.325211,17.088415
2.2949218,39.238255,17.239265,39.229874,17.352348
2.296875,39.147289,16.651159,39.11692,16.44795
2.2988281,39.054295,15.249957,39.000446,16.192322
2.3007812,38.938572,15.607511,38.896019,16.869289
2.3027343,38.820927,16.686516,38.772556,16.886936
2.3046875,38.710358,16.084229,38.663876,16.084572
2.3066406,38.579624,14.877836,38.54068,15.842491
2.3085937,38.460239,15.33476,38.438507,16.389172
2.3105468,38.328751,16.296125,38.319435,16.355223
2.3125,38.176277,15.771194,38.168854,15.605079
2.3144531,38.028557,14.656318,38.042076,15.379003
2.3164062,37.88298,14.903753,37.89579,15.866673
2.3183593,37.708824,15.870517,37.740376,15.886764
2.3203125,37.530151,15.467978,37.586094,15.245422
2.3222656,37.3801,14.416456,37.431404,15.121027
2.3242187,37.191498,14.646068,37.264687,15.620191
2.3261718,37.01128,15.471668,37.079578,15.487058
2.328125,36.837559,15.103386,36.908302,14.743442
2.3300781,36.635159,14.129436,36.714611,14.783467
2.3320312,36.456718,14.338815,36.529736,15.325316
2.3339843,36.253525,14.925613,36.334995,15.002402
2.3359375,36.051926,14.55217,36.117249,14.37601
2.3378906,35.859596,13.86162,35.931221,14.535724
2.3398437,35.652531,13.841929,35.712601,14.885682
2.3417968,35.449055,14.377015,35.499519,14.53636
2.34375,35.226707,14.194424,35.291645,13.943674
2.3457031,35.010227,13.409269,35.05793,14.094016
2.3476562,34.79248,13.409565,34.835186,14.421528
2.3496093,34.568279,13.91395,34.61245,14.022051
2.3515625,34.33638,13.644014,34.374355,13.543152
2.3535156,34.101997,12.999667,34.131611,13.659584
2.3554687,33.871449,13.004746,33.901707,13.868305
2.3574218,33.624939,13.270843,33.658825,13.655865
2.359375,33.372772,13.08047,33.412907,13.182526
2.3613281,33.125519,12.566237,33.170708,12.993065
2.3632812,32.886784,12.646269,32.915897,13.378032
2.3652343,32.621304,12.945125,32.657185,13.302642
2.3671875,32.344398,12.474549,32.406944,12.560278
2.3691406,32.077011,12.085533,32.142582,12.552683
2.3710937,31.806755,12.379738,31.86294,13.003726
2.3730468,31.526968,12.236039,31.60371,12.630343
2.375,31.238699,11.81722,31.328117,12.055144
2.3769531,30.962132,11.951173,31.035299,12.26224
2.3789062,30.662952,11.939013,30.74523,12.543714
2.3808593,30.361973,11.601789,30.460875,12.007674
2.3828125,30.060644,11.346828,30.172846,11.54281
2.3847656,29.754688,11.557945,29.866537,11.922758
2.3867187,29.455128,11.749614,29.579523,12.078761
2.3886718,29.142263,11.181408,29.276752,11.374315
2.390625,28.832417,10.707292,28.954285,11.035424
2.3925781,28.512268,11.103593,28.65052,11.642939
2.3945312,28.193378,11.369345,28.342537,11.358369
2.3964843,27.873579,10.613291,28.026203,10.599622
2.3984375,27.534468,10.145193,27.715107,11.138271
2.4003906,27.206575,10.704156,27.390213,11.159154
2.4023437,26.884621,10.742941,27.05883,10.165014
2.4042968,26.54034,10.012966,26.729862,10.149478
2.40625,26.198372,9.7715377,26.386404,10.75222
2.4082031,25.858839,10.162808,26.042896,10.584452
2.4101562,25.513187,10.336196,25.687946,9.7973146
2.4121093,25.173063,9.4765338,25.34927,9.7582063
2.4140625,24.830469,8.8966522,24.997658,10.455074
2.4160156,24.469618,9.822586,24.619171,9.9960289
2.4179687,24.101866,10.036106,24.27858,9.060955
2.4199218,23.750219,8.7528533,23.909605,9.3966302
2.421875,23.393555,8.370326,23.529829,9.8523025
2.4238281,23.028444,9.2754354,23.174612,9.1718988
2.4257812,22.654354,9.3402767,22.816612,8.4769554
2.4277343,22.290428,8.1687669,22.450729,9.0769157
2.4296875,21.9144,7.9573907,22.061193,9.4568567
2.4316406,21.53727,8.7968816,21.692871,8.4307937
2.4335937,21.168413,8.5615921,21.313885,7.8377199
2.4355468,20.770958,7.5012579,20.923191,8.6968259
2.4375,20.388266,7.7187066,20.551378,9.0046272
2.4394531,20.007456,8.2642641,20.1423,7.6287932
2.4414062,19.620541,7.4668984,19.741486,7.1669302
2.4433593,19.228556,6.7367925,19.363455,8.1247749
2.4453125,18.841835,7.1284751,18.959278,8.0013217
2.4472656,18.448084,7.7492485,18.579079,7.0771617
2.4492187,18.048683,7.1743903,18.19791,7.0360131
2.4511718,17.654886,5.9467544,17.786407,7.480668
2.453125,17.254927,5.9891319,17.388712,6.8569874
2.4550781,16.863523,7.1452112,16.978109,6.184328
2.4570312,16.439602,6.9760251,16.572622,6.7808928
2.4589843,16.027052,5.4563841,16.151262,6.8591442
2.4609375,15.627483,4.9336657,15.739633,6.0002594
2.4628906,15.208501,6.0626626,15.347129,5.5987
2.4648437,14.797477,6.4568481,14.928682,5.9689898
2.4667968,14.379995,4.5538916,14.533954,6.0285468
2.46875,13.96759,4.0226926,14.106816,5.2254262
2.4707031,13.537993,5.8293623,13.703278,4.9279308
2.4726562,13.117795,5.1937956,13.298916,5.3241844
2.4746093,12.703012,3.3212609,12.845496,5.2424631
2.4765625,12.27995,3.9637863,12.429184,4.2656374
2.4785156,11.87232,4.4923777,12.019626,3.9594276
2.4804687,11.442939,3.7684736,11.612067,4.5211191
2.4824218,11.008373,2.8936328,11.174953,4.2548456
2.484375,10.570849,2.9303875,10.745032,3.3762016
2.4863281,10.140517,3.2399959,10.330299,3.0751843
2.4882812,9.7181234,2.5244162,9.8970594,3.6485805
2.4902343,9.2836494,2.4228317,9.4791631,3.1411001
2.4921875,8.8447656,2.0042016,9.0368299,2.0090074
2.4941406,8.4010896,1.3666068,8.6206703,2.0473716
2.4960937,7.964746,1.9565626,8.2090778,2.6189346
2.4980468,7.5313062,1.3714665,7.7333693,2.1549689
2.5,7.0923743,0.34290963,7.2750248,0.99117786
2.5019531,6.6392188,0.58149153,6.8552646,1.0697635
2.5039062,6.2009129,0.69396794,6.4278249,1.1964477
2.5058593,5.7662663,0.29985377,5.996561,0.9325949
2.5078125,5.3100071,-0.42873654,5.5631141,0.57324356
2.5097656,4.8754596,-0.24230024,5.1041693,-0.13009061
2.5117187,4.4215793,0.25706077,4.68334,-0.12902622
2.5136718,3.9850385,-0.40433785,4.2443594,0.3075428
2.515625,3.5342166,-0.65749562,3.7548823,-0.049914621
2.5175781,3.0714535,0.13098554,3.3084025,-0.40989959
2.5195312,2.6403322,0.049074091,2.8670656,-0.14359567
2.5214843,2.1720233,-0.69562924,2.421329,-0.089419052
2.5234375,1.7338631,-0.23001918,1.9898026,-0.023920882
2.5253906,1.2846599,0.11736611,1.5244915,-0.30356982
2.5273437,0.8183291,-0.31790176,1.0623562,-0.29685462
2.5292968,0.35758874,-0.51610172,0.62968236,0.089262456
2.53125,-0.09238366,-0.27090612,0.16726395,-0.1649978
2.5332031,-0.55087692,0.2120035,-0.29285598,-0.24215828
2.5351562,-1.0071809,-0.058339767,-0.75105923,0.17122507
2.5371093,-1.4320821,-1.013076,-1.1941471,-0.24902894
2.5390625,-1.9293766,-1.2249467,-1.6243157,-0.76777405
2.5410156,-2.3660454,-0.98421299,-2.0985786,0.15639487
2.5429687,-2.7927846,-1.8425439,-2.5563869,0.37323409
2.5449218,-3.2871158,-2.6942942,-3.0200719,-0.7875182
2.546875,-3.7255151,-2.8125364,-3.4669933,-1.3553569
2.5488281,-4.1836752,-2.6333527,-3.8953456,-0.85839033
2.5507812,-4.6430029,-2.8304185,-4.3606605,-1.2970978
2.5527343,-5.0915374,-4.1392889,-4.8044433,-2.2904846
2.5546875,-5.5480074,-4.4279685,-5.2714996,-2.4451909
2.5566406,-6.0013008,-3.7665026,-5.7228074,-2.4302887
2.5585937,-6.4683094,-4.2000374,-6.1601786,-2.7271182
2.5605468,-6.9140791,-5.4662113,-6.6285781,-3.4647452
2.5625,-7.3598995,-5.7964391,-7.0798468,-3.7080872
2.5644531,-7.8177137,-5.1037941,-7.5227036,-3.9578447
2.5664062,-8.289011,-5.5015187,-7.9521794,-4.2357463
2.5683593,-8.746005,-6.396563,-8.401369,-4.8550524
2.5703125,-9.1815729,-6.7505278,-8.8831138,-5.3628873
2.5722656,-9.6411256,-6.569695,-9.3362693,-4.9054064
2.5742187,-10.10239,-6.4422488,-9.7703008,-5.3415937
2.5761718,-10.560861,-7.4684705,-10.213256,-6.0649099
2.578125,-11.011569,-7.8754134,-10.660513,-6.1763038
2.5800781,-11.468443,-7.422398,-11.121018,-6.217803
2.5820312,-11.93905,-7.4899144,-11.581588,-6.3757238
2.5839843,-12.385033,-8.1738491,-12.039425,-6.8896503
2.5859375,-12.839529,-8.7133951,-12.469898,-7.3085246
2.5878906,-13.295545,-8.419959,-12.897546,-7.2837204
2.5898437,-13.727316,-8.4448967,-13.343806,-7.4538974
2.5917968,-14.191646,-9.111721,-13.783691,-7.7375502
2.59375,-14.649219,-9.6956119,-14.228255,-7.8024539
2.5957031,-15.096799,-9.4023799,-14.66422,-8.238182
2.5976562,-15.559836,-9.0886488,-15.096838,-8.7364063
2.5996093,-16.015171,-9.8577394,-15.561363,-8.6866273
2.6015625,-16.465223,-10.423541,-16.016661,-8.4120435
2.6035156,-16.920359,-10.102855,-16.441051,-8.9031086
2.6054687,-17.386135,-9.9817609,-16.898911,-9.7027425
2.6074218,-17.822903,-10.505846,-17.348862,-9.4223804
2.609375,-18.279589,-10.821886,-17.761473,-9.1502533
2.6113281,-18.729439,-10.620877,-18.214069,-9.7554655
2.6132812,-19.173103,-10.816363,-18.657995,-9.9615621
2.6152343,-19.632839,-11.512229,-19.08201,-9.9877595
2.6171875,-20.052444,-11.449773,-19.526957,-10.496404
2.6191406,-20.501333,-11.034313,-19.95639,-10.642801
2.6210937,-20.960058,-11.741739,-20.391762,-10.45239
2.6230468,-21.397388,-12.456842,-20.828217,-10.836164
2.625,-21.826866,-12.077846,-21.252693,-11.224667
2.6269531,-22.261459,-11.784669,-21.685266,-11.15884
2.6289062,-22.720839,-12.068606,-22.123644,-11.207808
2.6308593,-23.144764,-12.802969,-22.558805,-11.250609
2.6328125,-23.58465,-12.765204,-22.972147,-11.586827
2.6347656,-24.028864,-12.074268,-23.386642,-11.953733
2.6367187,-24.450119,-12.639929,-23.815779,-11.92757
2.6386718,-24.878967,-13.578311,-24.227936,-12.196518
2.640625,-25.281752,-13.358991,-24.643557,-12.165342
2.6425781,-25.724409,-12.539357,-25.054472,-12.006724
2.6445312,-26.158556,-13.120236,-25.468557,-12.772189
2.6464843,-26.54541,-14.523041,-25.896971,-13.150126
2.6484375,-26.950964,-13.984041,-26.298367,-12.645683
2.6503906,-27.364138,-13.148852,-26.705254,-12.671872
2.6523437,-27.773033,-14.290654,-27.121141,-13.134644
2.6542968,-28.179686,-14.776315,-27.516359,-13.264312
2.65625,-28.577236,-13.630302,-27.906061,-13.385282
2.6582031,-28.990564,-13.900272,-28.307524,-13.451243
2.6601562,-29.389154,-15.173265,-28.693743,-13.543854
2.6621093,-29.755568,-14.643456,-29.082664,-14.099166
2.6640625,-30.157942,-14.111309,-29.480436,-14.206436
2.6660156,-30.550591,-15.113582,-29.837193,-13.719724
2.6679687,-30.902102,-15.575103,-30.222752,-13.999212
2.6699218,-31.269245,-14.816116,-30.6138,-14.497791
2.671875,-31.65143,-14.70277,-30.973127,-14.411879
2.6738281,-31.997856,-15.872765,-31.342047,-14.553123
2.6757812,-32.357162,-15.950306,-31.702507,-14.618464
2.6777343,-32.723221,-15.369576,-32.067181,-14.608913
2.6796875,-33.059284,-15.634504,-32.435783,-15.016354
2.6816406,-33.395466,-15.807344,-32.791592,-15.125634
2.6835937,-33.724854,-15.958287,-33.110924,-14.893489
2.6855468,-34.062115,-16.182817,-33.452316,-15.16706
2.6875,-34.378059,-16.231829,-33.811554,-15.610187
2.6894531,-34.700462,-16.289642,-34.136047,-15.477268
2.6914062,-35.011353,-16.467535,-34.457897,-15.261415
2.6933593,-35.287895,-16.490671,-34.762482,-15.596319
2.6953125,-35.594383,-16.572981,-35.070572,-16.04155
2.6972656,-35.870251,-16.78137,-35.368427,-15.881071
2.6992187,-36.131462,-16.823107,-35.668728,-15.613133
2.7011718,-36.401096,-17.03336,-35.971123,-15.935138
2.703125,-36.648415,-17.067387,-36.25177,-16.527407
2.7050781,-36.904705,-17.041178,-36.532757,-16.271437
2.7070312,-37.149117,-17.266598,-36.764359,-15.735454
2.7089843,-37.38028,-17.306007,-37.008789,-16.31229
2.7109375,-37.613358,-17.278675,-37.266369,-16.811743
2.7128906,-37.829941,-17.401009,-37.49712,-16.509783
2.7148437,-38.027618,-17.585558,-37.742229,-16.465883
2.7167968,-38.227852,-17.639992,-37.949368,-16.730028
2.71875,-38.405834,-17.568266,-38.16013,-16.800072
2.7207031,-38.574577,-17.733141,-38.377579,-16.737921
2.7226562,-38.741306,-17.840055,-38.553219,-16.722195
2.7246093,-38.887207,-17.736759,-38.72691,-16.8307
2.7265625,-39.038586,-17.885294,-38.889709,-16.859591
2.7285156,-39.166695,-18.073948,-39.04187,-16.951553
2.7304687,-39.28907,-18.035522,-39.17926,-17.148975
2.7324218,-39.417877,-17.955153,-39.302025,-17.149189
2.734375,-39.517292,-18.147768,-39.409523,-17.138325
2.7363281,-39.610241,-18.368237,-39.523815,-17.264656
2.7382812,-39.700394,-18.18741,-39.636551,-17.463461
2.7402343,-39.787071,-18.085632,-39.726524,-17.483686
2.7421875,-39.864098,-18.383511,-39.799015,-17.294907
2.7441406,-39.922234,-18.526554,-39.856709,-17.296776
2.7460937,-39.971699,-18.252951,-39.935173,-17.536001
2.7480468,-40.015137,-18.177294,-39.996609,-17.673531
2.75,-40.074429,-18.516418,-40.033203,-17.548157
2.7519531,-40.110748,-18.677923,-40.066628,-17.408966
2.7539062,-40.137985,-18.394693,-40.108768,-17.494089
2.7558593,-40.168018,-18.136221,-40.136482,-17.773708
2.7578125,-40.170914,-18.439127,-40.152321,-17.765179
2.7597656,-40.18845,-18.791178,-40.160133,-17.556078
2.7617187,-40.190308,-18.545963,-40.16235,-17.838434
2.7636718,-40.182236,-18.256613,-40.173328,-17.779543
2.765625,-40.181744,-18.098055,-40.162239,-17.573677
2.7675781,-40.171101,-17.730762,-40.158943,-17.55946
2.7695312,-40.158016,-17.874823,-40.155033,-16.785976
2.7714843,-40.135265,-18.384693,-40.141628,-16.727484
2.7734375,-40.117626,-18.102863,-40.121883,-17.75696
2.7753906,-40.08831,-17.513821,-40.093948,-17.686295
2.7773437,-40.056843,-17.701607,-40.077435,-16.574615
2.7792968,-40.019413,-18.144085,-40.041275,-16.578241
2.78125,-39.963291,-17.834204,-39.978115,-17.588036
2.7832031,-39.913399,-17.314705,-39.936058,-17.357578
2.7851562,-39.850609,-17.542114,-39.877571,-16.302162
2.7871093,-39.787308,-17.972227,-39.811615,-16.568163
2.7890625,-39.718708,-17.613544,-39.762569,-17.503506
2.7910156,-39.6404,-17.074684,-39.680092,-17.123535
2.7929687,-39.562241,-17.29344,-39.59803,-16.060656
2.7949218,-39.470844,-17.625269,-39.504784,-16.290306
2.796875,-39.369419,-17.226883,-39.416004,-17.14827
2.7988281,-39.265697,-16.77273,-39.336838,-16.806889
2.8007812,-39.169117,-17.091059,-39.224773,-15.917219
2.8027343,-39.052662,-17.380287,-39.133694,-16.002258
2.8046875,-38.927219,-16.830494,-39.024742,-16.660971
2.8066406,-38.816998,-16.313421,-38.900326,-16.332859
2.8085937,-38.697395,-16.717552,-38.782661,-15.520534
2.8105468,-38.562119,-17.03504,-38.655712,-15.652173
2.8125,-38.411957,-16.341442,-38.518742,-16.096422
2.8144531,-38.270744,-15.864708,-38.36446,-15.908506
2.8164062,-38.124454,-16.43985,-38.239052,-15.319344
2.8183593,-37.964844,-16.699881,-38.092625,-15.371277
2.8203125,-37.804405,-15.925638,-37.916,-15.846016
2.8222656,-37.63364,-15.548686,-37.750473,-15.456977
2.8242187,-37.466141,-16.05216,-37.593636,-14.86843
2.8261718,-37.289894,-16.169344,-37.405956,-15.127024
2.828125,-37.107201,-15.517285,-37.217651,-15.460959
2.8300781,-36.914146,-15.190305,-37.040657,-14.9397
2.8320312,-36.722897,-15.623433,-36.843658,-14.484224
2.8339843,-36.534199,-15.653982,-36.652351,-14.790128
2.8359375,-36.337528,-15.071093,-36.451794,-14.964532
2.8378906,-36.137661,-14.868577,-36.24831,-14.540744
2.8398437,-35.92664,-15.110709,-36.042728,-14.137993
2.8417968,-35.715816,-15.059156,-35.833042,-14.395994
2.84375,-35.490337,-14.564568,-35.603855,-14.36332
2.8457031,-35.270054,-14.397439,-35.376057,-14.362504
2.8476562,-35.053638,-14.750065,-35.155083,-14.560875
2.8496093,-34.801167,-14.519378,-34.923195,-13.839269
2.8515625,-34.568306,-14.264214,-34.714218,-13.408602
2.8535156,-34.348289,-14.897156,-34.505985,-13.743882
2.8554687,-34.107914,-14.563266,-34.277481,-13.823435
2.8574218,-33.874115,-13.281088,-34.043285,-13.218667
2.859375,-33.633625,-13.230258,-33.802113,-12.817345
2.8613281,-33.393776,-14.126216,-33.56023,-13.190181
2.8632812,-33.141342,-13.909773,-33.313671,-13.339136
2.8652343,-32.886578,-12.776865,-33.063309,-12.794728
2.8671875,-32.635529,-12.809984,-32.809074,-12.492685
2.8691406,-32.365753,-13.591831,-32.544266,-12.858161
2.8710937,-32.101681,-13.31152,-32.283203,-12.737626
2.8730468,-31.825047,-12.405827,-32.01086,-12.097418
2.875,-31.545792,-12.439694,-31.735209,-12.063751
2.8769531,-31.264074,-13.080261,-31.474483,-12.388723
2.8789062,-30.952538,-12.769722,-31.182631,-12.100723
2.8808593,-30.67518,-12.00978,-30.886354,-11.669045
2.8828125,-30.394886,-12.068061,-30.596254,-11.780366
2.8847656,-30.079357,-12.454439,-30.29944,-11.75749
2.8867187,-29.773664,-12.160625,-30.015478,-11.509004
2.8886718,-29.464127,-11.418431,-29.699434,-11.460093
2.890625,-29.155727,-11.50103,-29.383417,-11.280074
2.8925781,-28.842594,-12.020638,-29.071638,-11.013446
2.8945312,-28.516272,-11.582115,-28.756628,-10.912115
2.8964843,-28.194916,-10.926042,-28.448454,-10.816868
2.8984375,-27.878967,-11.102184,-28.117329,-10.766748
2.9003906,-27.536674,-11.331079,-27.787245,-10.563602
2.9023437,-27.193832,-10.912341,-27.444225,-10.329744
2.9042968,-26.851719,-10.490338,-27.105225,-10.352791
2.90625,-26.504488,-10.546055,-26.765133,-10.232006
2.9082031,-26.166822,-10.67265,-26.408581,-9.8940944
2.9101562,-25.812708,-10.452676,-26.056396,-9.7512941
2.9121093,-25.448359,-9.9602336,-25.690641,-9.9581451
2.9140625,-25.077629,-9.9107093,-25.338203,-9.9068327
2.9160156,-24.723082,-10.110666,-24.976591,-9.2736606
2.9179687,-24.351585,-9.7855215,-24.616541,-8.9467935
2.9199218,-23.970928,-9.5144071,-24.263205,-9.3983612
2.921875,-23.609121,-9.5588684,-23.88253,-9.3566551
2.9238281,-23.22027,-9.3196668,-23.503267,-8.5672998
2.9257812,-22.837967,-9.1120204,-23.121214,-8.2982931
2.9277343,-22.445906,-8.9229774,-22.741673,-8.7364082
2.9296875,-22.059601,-8.8842849,-22.346825,-8.8811636
2.9316406,-21.674002,-8.9569168,-21.959202,-8.0412397
2.9335937,-21.262417,-8.5446491,-21.562632,-7.6560549
2.9355468,-20.872965,-8.2298688,-21.148117,-8.1531209
2.9375,-20.47654,-8.1573553,-20.77677,-7.9208245
2.9394531,-20.07703,-8.1639976,-20.386272,-7.3809013
2.9414062,-19.664963,-7.9597892,-19.987129,-7.4219651
2.9433593,-19.262287,-7.6883273,-19.583155,-7.414144
2.9453125,-18.854153,-7.6015524,-19.146461,-6.9146771
2.9472656,-18.426805,-7.3964419,-18.739275,-6.7007408
2.9492187,-18.028994,-7.1362156,-18.326332,-6.934401
2.9511718,-17.602303,-6.9929895,-17.912273,-6.6793141
2.953125,-17.17786,-6.9934005,-17.515734,-6.2382488
2.9550781,-16.756598,-6.7336859,-17.080862,-6.1368804
2.9570312,-16.332119,-6.3512153,-16.652708,-6.0622997
2.9589843,-15.910139,-6.2177577,-16.252686,-5.6903495
2.9609375,-15.464047,-6.2194051,-15.830663,-5.3585181
2.9628906,-15.046235,-5.8178181,-15.388347,-5.2848987
2.9648437,-14.606775,-5.3703908,-14.968617,-5.2102723
2.9667968,-14.162539,-5.5789446,-14.528624,-5.0106906
2.96875,-13.725997,-5.4749789,-14.079857,-4.6813645
2.9707031,-13.268118,-4.9131569,-13.656887,-4.3884449
2.9726562,-12.828222,-4.7367711,-13.220304,-4.1197028
2.9746093,-12.393494,-4.8387723,-12.79381,-4.0780363
2.9765625,-11.94394,-4.3384704,-12.35684,-3.9440448
2.9785156,-11.483793,-3.6641638,-11.921995,-3.4597883
2.9804687,-11.042666,-4.02005,-11.465413,-2.8931105
2.9824218,-10.585048,-4.0162234,-11.031106,-2.8648626
2.984375,-10.120859,-3.1022918,-10.579276,-3.1771979
2.9863281,-9.6768331,-2.6906933,-10.095618,-2.4714539
2.9882812,-9.22159,-2.9805789,-9.6631631,-1.7273449
2.9902343,-8.7643013,-2.9686458,-9.2153425,-1.8161712
2.9921875,-8.3061809,-2.0578625,-8.7600603,-1.9202172
2.9941406,-7.8432941,-1.5965143,-8.2911748,-1.3568322
2.9960937,-7.3832955,-1.8792285,-7.8484301,-0.39659753
2.9980468,-6.9112997,-1.6574511,-7.3918118,-0.47473526
3.0,-6.450325,-0.84172767,-6.9239153,-1.0436772
3.0019531,-6.006597,-0.44768873,-6.4599695,-0.21135235
3.0039062,-5.5204424,-0.84688467,-5.9850044,0.75265503
3.0058593,-5.0502491,-0.49549142,-5.5474581,0.21061473
3.0078125,-4.5883159,0.53177661,-5.0826015,-0.11909291
3.0097656,-4.1116948,0.19688977,-4.6186628,0.43600142
3.0117187,-3.6467461,-0.3766993,-4.1550936,0.40784332
3.0136718,-3.144309,0.45843413,-3.6758012,0.14853048
3.015625,-2.6636519,1.0698939,-3.2142696,0.45876333
3.0175781,-2.2101221,0.38986412,-2.7521789,0.28827265
3.0195312,-1.7482078,-0.41218549,-2.29267,-0.056074969
3.0214843,-1.2611481,0.12581995,-1.8188802,0.33094338
3.0234375,-0.76684684,1.0521693,-1.3405957,0.60019821
3.0253906,-0.31581643,0.93268591,-0.86261487,0.28980187
3.0273437,0.1391986,-0.0028330581,-0.38188297,0.38286904
3.0292968,0.63776278,-0.49751326,0.1017212,0.52379155
3.03125,1.1321166,0.85184759,0.57248801,-0.14664418
3.0332031,1.5811653,1.5232075,1.0329599,-0.099271283
3.0351562,2.0572156,0.015356603,1.5106483,0.89199698
3.0371093,2.5494344,-0.76277345,2.0021407,0.96619153
3.0390625,3.0187583,0.879798,2.4750161,0.4410952
3.0410156,3.5041792,2.4102067,2.9373078,0.95679814
3.0429687,3.9842886,1.1113369,3.4255836,1.9030805
3.0449218,4.4393219,0.69554138,3.9073772,2.1841318
3.046875,4.9407134,2.8699507,4.373733,2.4008505
3.0488281,5.4487061,3.4591901,4.8402867,2.8016536
3.0507812,5.9008493,2.6144511,5.3278226,3.1474707
3.0527343,6.3850011,2.9479146,5.8120341,3.8509774
3.0546875,6.879003,4.214221,6.2862916,4.1712145
3.0566406,7.3428778,4.9163546,6.7592473,4.341432
3.0585937,7.8171005,4.3857622,7.2183966,4.6956419
3.0605468,8.3016243,4.4165597,7.7042713,4.8480782
3.0625,8.7953939,5.5433492,8.187561,5.4446773
3.0644531,9.2672824,6.0117297,8.6526336,5.8961854
3.0664062,9.7137889,5.6428432,9.1479816,6.1489572
3.0683593,10.192828,5.9045066,9.6275119,6.0638232
3.0703125,10.686791,6.904644,10.077396,6.2964954
3.0722656,11.161224,7.0649743,10.540491,7.2986125
3.0742187,11.610842,6.7471303,11.010511,7.2123608
3.0761718,12.076428,6.9895687,11.485002,7.0512995
3.078125,12.563207,7.8889617,11.969568,7.7997021
3.0800781,13.030239,8.2454328,12.447888,8.1124315
3.0820312,13.47729,7.7282962,12.919365,8.1213512
3.0839843,13.929308,8.0718174,13.391854,8.1480503
3.0859375,14.401149,8.9638834,13.850329,8.5220766
3.0878906,14.884437,8.9925394,14.30515,9.0306453
3.0898437,15.345098,8.6092023,14.77507,8.9957695
3.0917968,15.78031,8.9279775,15.23185,9.2688322
3.09375,16.244301,9.5226554,15.698249,9.5484933
3.0957031,16.711081,9.7014465,16.174513,9.8518848
3.0976562,17.155409,9.7256431,16.599188,10.122848
3.0996093,17.594105,10.123312,17.040485,9.5841074
3.1015625,18.040823,10.315369,17.509403,9.8741312
3.1035156,18.497103,10.073681,17.966627,10.93927
3.1054687,18.956066,10.407453,18.413542,11.136067
3.1074218,19.380348,11.096916,18.86162,10.571842
3.109375,19.790932,11.139922,19.314034,10.546742
3.1113281,20.267002,10.61538,19.756792,11.53525
3.1132812,20.736055,11.05699,20.20895,11.815943
3.1152343,21.137302,12.024839,20.642923,10.973248
3.1171875,21.55442,11.686528,21.097654,11.225722
3.1191406,22.031109,11.097149,21.526022,12.148751
3.1210937,22.457064,11.673904,21.951017,12.145146
3.1230468,22.852644,12.573249,22.403601,12.038893
3.125,23.273876,12.540698,22.812458,12.204771
3.1269531,23.679823,11.99333,23.232433,12.528714
3.1289062,24.111841,12.194567,23.653326,12.724702
3.1308593,24.525452,12.979975,24.086954,12.910462
3.1328125,24.94998,13.372228,24.503721,12.967983
3.1347656,25.332483,12.799456,24.904081,12.921206
3.1367187,25.70825,12.357937,25.304773,13.358088
3.1386718,26.13924,13.280613,25.699509,13.494305
3.140625,26.511,14.047335,26.120087,13.353439
3.1425781,26.907036,13.564103,26.514189,13.446586
3.1445312,27.28834,12.999181,26.914961,13.948779
3.1464843,27.653545,13.548431,27.316614,14.205533
3.1484375,28.044949,14.428441,27.699778,13.873056
3.1503906,28.411587,14.176752,28.085136,13.990581
3.1523437,28.78783,13.838036,28.449057,14.465177
3.1542968,29.147974,14.236036,28.817217,14.633984
3.15625,29.495676,14.595331,29.178745,14.442416
3.1582031,29.862404,14.538631,29.553326,14.569507
3.1601562,30.215488,14.487024,29.912441,14.927238
3.1621093,30.554054,14.831989,30.230175,15.085226
3.1640625,30.877609,15.031876,30.580687,15.033555
3.1660156,31.246813,15.012476,30.943731,15.10635
3.1679687,31.590153,15.023512,31.287172,15.492588
3.1699218,31.871933,15.19283,31.620043,15.563076
3.171875,32.204578,15.318426,31.928642,15.380414
3.1738281,32.541904,15.357763,32.241726,15.643758
3.1757812,32.843964,15.716213,32.568214,16.027744
3.1777343,33.116478,15.819545,32.871174,15.81607
3.1796875,33.415794,15.650283,33.173008,15.886971
3.1816406,33.71727,15.822091,33.464458,16.376486
3.1835937,33.994812,16.08742,33.752155,16.389345
3.1855468,34.259636,16.254534,34.037121,16.197147
3.1875,34.515572,16.230621,34.31525,16.389002
3.1894531,34.781521,16.255789,34.583805,16.801077
3.1914062,35.038136,16.528566,34.850983,16.851362
3.1933593,35.288757,16.678776,35.118015,16.617105
3.1953125,35.534691,16.685129,35.35091,16.80356
3.1972656,35.775742,16.621775,35.611343,17.262266
3.1992187,35.999653,16.748829,35.865913,17.172558
3.2011718,36.215244,17.058027,36.091599,16.970245
3.203125,36.448212,17.13139,36.323376,17.221998
3.2050781,36.667938,17.097618,36.53442,17.590607
3.2070312,36.859089,17.142664,36.741505,17.543802
3.2089843,37.05587,17.443739,36.961819,17.320494
3.2109375,37.26722,17.868208,37.157001,17.571054
3.2128906,37.473999,17.550737,37.344627,18.016369
3.2148437,37.645805,16.976244,37.540459,18.10755
3.2167968,37.836117,17.388098,37.711124,17.685394
3.21875,38.019985,18.005947,37.875034,17.511395
3.2207031,38.174603,17.740599,38.054966,18.054077
3.2226562,38.350182,17.208151,38.223747,18.350166
3.2246093,38.500393,17.553141,38.365047,17.996359
3.2265625,38.631042,18.312477,38.527611,17.723131
3.2285156,38.769604,18.041269,38.673492,18.063808
3.2304687,38.90461,17.365477,38.781986,18.494598
3.2324218,39.020447,17.811611,38.894207,18.233076
3.234375,39.122253,18.595648,39.014587,17.927528
3.2363281,39.22224,18.25882,39.125034,18.342297
3.2382812,39.320183,17.537758,39.229984,18.805332
3.2402343,39.412102,17.969559,39.326214,18.484072
3.2421875,39.485359,18.868393,39.397369,17.990728
3.2441406,39.55061,18.475388,39.483833,18.346153
3.2460937,39.624374,17.601419,39.551418,18.85721
3.2480468,39.68951,18.028675,39.620872,18.674683
3.25,39.739464,18.994656,39.683559,18.24889
3.2519531,39.786816,18.676607,39.711208,18.39278
3.2539062,39.826027,17.683592,39.758064,18.874493
3.2558593,39.869514,17.960871,39.794113,18.715458
3.2578125,39.910912,18.961876,39.820225,18.369703
3.2597656,39.926746,18.811371,39.845081,18.534096
3.2617187,39.939568,17.80905,39.871346,18.842157
3.2636718,39.955563,18.039001,39.88652,18.766474
3.265625,39.966938,18.753242,39.894024,18.533419
3.2675781,39.963341,18.305372,39.906837,18.714752
3.2695312,39.94857,17.435965,39.898338,18.734333
3.2714843,39.945015,16.217293,39.890686,17.904381
3.2734375,39.93412,16.055977,39.883354,16.612141
3.2753906,39.906097,17.369961,39.877224,16.500402
3.2773437,39.866604,17.426735,39.856285,17.693054
3.2792968,39.823452,16.129196,39.803215,17.83099
3.28125,39.772675,15.889554,39.759056,16.61368
3.2832031,39.705856,17.10475,39.705635,16.283848
3.2851562,39.633827,17.295237,39.628143,17.448042
3.2871093,39.552677,16.025185,39.553459,17.832998
3.2890625,39.475491,15.804749,39.46806,16.697544
3.2910156,39.387363,16.952402,39.394859,16.262552
3.2929687,39.292747,17.146803,39.303818,17.312696
3.2949218,39.200729,15.793945,39.191261,17.651834
3.296875,39.096378,15.385607,39.101223,16.46418
3.2988281,38.994228,16.561785,38.995975,16.089657
3.3007812,38.874805,16.784575,38.893425,17.062334
3.3027343,38.737007,15.483503,38.774677,17.180414
3.3046875,38.618099,15.095567,38.658791,16.02424
3.3066406,38.500778,16.357794,38.545864,15.671534
3.3085937,38.356392,16.607748,38.427593,16.582735
3.3105468,38.210152,15.006787,38.310143,16.6936
3.3125,38.070526,14.526525,38.161335,15.703252
3.3144531,37.93354,16.024351,38.031479,15.373481
3.3164062,37.779335,16.346306,37.887856,15.963199
3.3183593,37.616196,14.668764,37.729961,16.108307
3.3203125,37.452778,14.134517,37.57243,15.44445
3.3222656,37.285744,15.538772,37.407589,15.17168
3.3242187,37.112381,15.922072,37.233124,15.534429
3.3261718,36.928967,14.434284,37.044525,15.635298
3.328125,36.762409,13.916454,36.877579,15.227833
3.3300781,36.575031,15.209054,36.684357,14.899671
3.3320312,36.380054,15.383233,36.498875,15.150646
3.3339843,36.189854,13.915069,36.319954,15.202006
3.3359375,35.987816,13.643873,36.111942,14.710156
3.3378906,35.802071,14.800067,35.904175,14.528831
3.3398437,35.592361,14.777755,35.681938,14.730631
3.3417968,35.375759,13.472518,35.481762,14.696805
3.34375,35.181767,13.4009,35.267017,14.357648
3.3457031,34.967461,14.348951,35.039253,14.157117
3.3476562,34.735847,14.161978,34.825493,14.212856
3.3496093,34.514877,12.971372,34.591221,14.229056
3.3515625,34.292873,12.936085,34.364498,13.881605
3.3535156,34.059444,13.988865,34.134613,13.628073
3.3554687,33.818588,13.661613,33.889191,13.800965
3.3574218,33.570892,12.571877,33.649246,13.788881
3.359375,33.333576,12.617953,33.389389,13.370107
3.3613281,33.077751,13.317215,33.13773,13.163876
3.3632812,32.81348,13.191245,32.890228,13.370202
3.3652343,32.560749,12.25495,32.621677,13.339711
3.3671875,32.289143,12.124576,32.373722,12.988413
3.3691406,32.029774,12.828275,32.112,12.696784
3.3710937,31.748772,12.680732,31.831095,12.692604
3.3730468,31.456799,11.73773,31.55146,12.821558
3.375,31.187601,11.82222,31.287832,12.671147
3.3769531,30.895184,12.35107,31.021276,12.204014
3.3789062,30.604336,12.086422,30.709917,12.021134
3.3808593,30.310232,11.373124,30.426653,12.405474
3.3828125,30.005596,11.296005,30.146523,12.24216
3.3847656,29.70256,11.951206,29.83761,11.580933
3.3867187,29.38649,11.76327,29.541842,11.67155
3.3886718,29.071644,10.862068,29.240501,11.902266
3.390625,28.771185,10.717526,28.940441,11.626622
3.3925781,28.451906,11.544189,28.625423,11.268025
3.3945312,28.11894,11.334936,28.323715,11.133602
3.3964843,27.796219,10.16968,27.999876,11.289815
3.3984375,27.474215,10.168753,27.673079,11.153112
3.4003906,27.14534,11.204104,27.367054,10.699172
3.4023437,26.80662,10.985994,27.032436,10.541108
3.4042968,26.469019,9.3374357,26.701788,10.81791
3.40625,26.122652,9.5212287,26.347456,10.774361
3.4082031,25.779469,10.79996,26.016838,10.151743
3.4101562,25.431551,10.406554,25.677776,10.03032
3.4121093,25.065781,9.0551986,25.312965,10.320107
3.4140625,24.721556,9.130743,24.983479,9.9780616
3.4160156,24.37141,10.131954,24.640924,9.5370922
3.4179687,23.997978,9.9320526,24.279072,9.8397188
3.4199218,23.643246,8.6484155,23.918974,9.9355649
3.421875,23.279299,8.4263362,23.547701,8.9641704
3.4238281,22.905457,9.5956001,23.186373,8.6206693
3.4257812,22.533819,9.22408,22.834948,9.8902273
3.4277343,22.159157,8.119872,22.450762,9.7222757
3.4296875,21.806438,7.9344868,22.061577,8.1955423
3.4316406,21.438757,8.6403446,21.70908,8.2012224
3.4335937,21.040543,8.8240547,21.339403,8.9489984
3.4355468,20.658726,7.6252541,20.933329,8.8862047
3.4375,20.282255,7.3113927,20.55143,7.9060587
3.4394531,19.881609,7.7353272,20.168713,7.4098496
3.4414062,19.495165,7.9141812,19.788576,8.1641931
3.4433593,19.112705,7.4959259,19.393387,8.4759979
3.4453125,18.714418,6.8552494,18.984201,7.5017895
3.4472656,18.315804,6.8604064,18.599277,6.7833576
3.4492187,17.918066,7.2157068,18.221775,7.3267993
3.4511718,17.521605,7.0139079,17.822618,7.6634607
3.453125,17.115925,6.071114,17.435366,6.6980347
3.4550781,16.712996,5.8302083,17.034111,5.9987092
3.4570312,16.309238,6.5551099,16.613598,6.6089167
3.4589843,15.90861,6.6795511,16.220699,7.0511155
3.4609375,15.493222,5.4598927,15.809072,5.9615693
3.4628906,15.082047,4.9342441,15.399045,5.4229159
3.4648437,14.677914,5.7081871,14.951805,6.2375044
3.4667968,14.248571,5.5811319,14.574314,6.1307387
3.46875,13.842557,4.3784465,14.203894,5.0635709
3.4707031,13.430819,4.2569336,13.752634,4.6126046
3.4726562,13.003767,5.1309986,13.334805,5.1885285
3.4746093,12.591168,4.4663715,12.903905,4.9002361
3.4765625,12.176914,3.4875638,12.491895,4.0559425
3.4785156,11.74489,3.3284106,12.046972,4.4654035
3.4804687,11.328024,3.6984221,11.628418,4.4638252
3.4824218,10.902081,3.787579,11.224585,3.5415215
3.484375,10.45728,2.4519593,10.765152,3.1512775
3.4863281,10.04917,2.377309,10.339541,3.6608958
3.4882812,9.6117162,2.9777951,9.8991041,3.3742911
3.4902343,9.1721553,2.2289638,9.4859399,1.9886517
3.4921875,8.7346115,1.3291851,9.0565443,2.3845741
3.4941406,8.2970809,1.2528327,8.6208457,2.9710612
3.4960937,7.8603353,1.6167258,8.1848411,1.8177841
3.4980468,7.4061026,1.2679811,7.721404,0.8968662
3.5,6.986504,0.6881687,7.2955994,1.4027956
3.5019531,6.5364103,-0.006863473,6.8355932,1.9415378
3.5039062,6.0910258,0.0065660821,6.4002108,0.54709357
3.5058593,5.6583981,0.42892647,5.9745259,-0.41511419
3.5078125,5.2114682,-0.23208998,5.5250678,0.26844838
3.5097656,4.7693791,-0.49612436,5.0965642,0.61995125
3.5117187,4.3150725,-0.23522767,4.6624712,0.15930973
3.5136718,3.8652451,-0.26016802,4.2115731,-0.64304036
3.515625,3.4184594,-0.39423186,3.7409815,-0.44087818
3.5175781,2.9703617,-0.029223945,3.3052511,0.55819327
3.5195312,2.5090842,0.1859083,2.8595702,0.015550023
3.5214843,2.0603685,-0.47886947,2.3706035,-0.89639562
3.5234375,1.6066428,-0.67558485,1.9119533,-0.17199215
3.5253906,1.1448998,-0.023375124,1.4641567,0.51762265
3.5273437,0.68517053,0.3047857,1.0338335,0.051551111
3.5292968,0.240004,-0.64047295,0.57497275,-0.85643291
3.53125,-0.20331971,-0.57749289,0.0943712,-0.38058937
3.5332031,-0.68193036,0.29411286,-0.35209739,0.70477366
3.5351562,-1.1360173,-0.25693685,-0.7936933,-0.1340659
3.5371093,-1.5824278,-0.68700045,-1.2350415,-0.99040937
3.5390625,-2.044995,-0.85717833,-1.702692,-0.091332048
3.5410156,-2.4909665,-0.98089063,-2.1530573,0.39508298
3.5429687,-2.94751,-1.7656759,-2.6120297,-0.41704273
3.5449218,-3.4190149,-2.6062965,-3.0797474,-0.72740752
3.546875,-3.8672089,-2.1066069,-3.5293061,-0.25586486
3.5488281,-4.3142614,-2.4439623,-3.977494,-0.63006032
3.5507812,-4.7648038,-3.5465521,-4.4136529,-1.7974128
3.5527343,-5.209558,-3.9552428,-4.8815808,-2.112889
3.5546875,-5.6680502,-3.8164014,-5.3682193,-1.3525441
3.5566406,-6.1463742,-4.0518531,-5.8135385,-1.7087134
3.5585937,-6.5900797,-4.4935841,-6.2588114,-3.6184511
3.5605468,-7.0371031,-5.0474095,-6.7206955,-3.8717699
3.5625,-7.5156598,-5.3585009,-7.1721725,-2.6039271
3.5644531,-7.9652891,-5.2942881,-7.6464037,-2.9738833
3.5664062,-8.4239292,-5.9229574,-8.0948171,-4.8820557
3.5683593,-8.8744869,-6.1932086,-8.5433874,-5.2232513
3.5703125,-9.3283472,-5.9892172,-9.0123376,-4.1420345
3.5722656,-9.7859172,-6.4562354,-9.4596452,-4.5791363
3.5742187,-10.235079,-7.330779,-9.9156732,-6.0124921
3.5761718,-10.67779,-7.2723574,-10.376999,-6.2737188
3.578125,-11.133203,-6.9750433,-10.814289,-5.4663806
3.5800781,-11.617446,-7.7664094,-11.239206,-5.7221293
3.5820312,-12.05636,-8.5823049,-11.701077,-6.6620078
3.5839843,-12.501086,-7.8272657,-12.152004,-7.2227711
3.5859375,-12.978802,-7.4672889,-12.612263,-7.1289725
3.5878906,-13.43537,-9.1338548,-13.091039,-6.5531201
3.5898437,-13.871361,-9.5265512,-13.518015,-7.4045624
3.5917968,-14.314761,-8.4705095,-13.946132,-8.3579158
3.59375,-14.779309,-8.7672281,-14.396438,-7.8304052
3.5957031,-15.22987,-9.7294492,-14.845102,-7.5504579
3.5976562,-15.682586,-9.7808733,-15.287539,-8.614314
3.5996093,-16.13851,-9.7215156,-15.726115,-9.1563949
3.6015625,-16.593382,-9.8374691,-16.15403,-8.5331964
3.6035156,-17.053429,-10.143266,-16.612333,-8.7526474
3.6054687,-17.488403,-10.521247,-17.077768,-9.2124099
3.6074218,-17.930698,-10.363065,-17.506474,-9.2303476
3.609375,-18.392841,-10.571279,-17.971991,-9.5546121
3.6113281,-18.844936,-10.893779,-18.419161,-10.004005
3.6132812,-19.288523,-11.187055,-18.833168,-10.051009
3.6152343,-19.733206,-11.250992,-19.278128,-9.792839
3.6171875,-20.166365,-11.206001,-19.710644,-10.141801
3.6191406,-20.598829,-11.750603,-20.142719,-10.694867
3.6210937,-21.051779,-11.813474,-20.567961,-10.629544
3.6230468,-21.507889,-11.729012,-20.99225,-10.814472
3.625,-21.932974,-12.095911,-21.423098,-11.282929
3.6269531,-22.351162,-12.131957,-21.855598,-11.374777
3.6289062,-22.803734,-12.059333,-22.30126,-11.046093
3.6308593,-23.23764,-12.622792,-22.724924,-11.105736
3.6328125,-23.660065,-12.935274,-23.13191,-11.906612
3.6347656,-24.110544,-12.454623,-23.556732,-11.869694
3.6367187,-24.528542,-12.620119,-23.992081,-11.542038
3.6386718,-24.944689,-13.685299,-24.41184,-12.367372
3.640625,-25.387579,-13.390368,-24.829559,-12.540785
3.6425781,-25.79546,-12.505236,-25.238241,-11.923489
3.6445312,-26.203047,-13.50515,-25.658745,-12.425026
3.6464843,-26.631512,-14.379665,-26.069147,-13.137271
3.6484375,-27.030136,-13.765269,-26.467201,-13.036594
3.6503906,-27.423212,-13.520104,-26.866381,-12.7934
3.6523437,-27.842379,-14.04847,-27.263727,-13.042347
3.6542968,-28.255005,-14.26196,-27.681427,-13.313331
3.65625,-28.657249,-14.241265,-28.078753,-13.375783
3.6582031,-29.030865,-14.711581,-28.462326,-13.574236
3.6601562,-29.427641,-14.657412,-28.863359,-13.885943
3.6621093,-29.838976,-14.043782,-29.238735,-13.982548
3.6640625,-30.216881,-14.83591,-29.604988,-13.850635
3.6660156,-30.59828,-15.923246,-30.002956,-13.985127
3.6679687,-30.954813,-14.887261,-30.37569,-14.075315
3.6699218,-31.323317,-13.920493,-30.749758,-14.459252
3.671875,-31.708241,-15.566605,-31.133266,-14.902979
3.6738281,-32.055157,-16.723276,-31.480103,-14.357877
3.6757812,-32.400581,-15.449076,-31.846806,-13.992811
3.6777343,-32.76506,-14.609607,-32.217655,-15.077692
3.6796875,-33.104809,-15.818732,-32.542786,-15.604875
3.6816406,-33.445259,-16.77033,-32.89761,-14.608386
3.6835937,-33.78056,-15.954103,-33.244019,-14.689533
3.6855468,-34.098251,-15.446347,-33.570671,-15.809212
3.6875,-34.414783,-16.294491,-33.909389,-15.74328
3.6894531,-34.72794,-17.082224,-34.237186,-14.909222
3.6914062,-35.047977,-16.537104,-34.556702,-15.188767
3.6933593,-35.333748,-15.913,-34.870636,-16.238142
3.6953125,-35.61404,-16.62422,-35.172283,-16.135952
3.6972656,-35.901585,-17.291435,-35.45726,-15.314551
3.6992187,-36.176674,-16.94182,-35.779945,-15.782722
3.7011718,-36.448025,-16.474804,-36.04673,-16.622074
3.703125,-36.700001,-17.128435,-36.29763,-16.167406
3.7050781,-36.946301,-17.772337,-36.577553,-15.769434
3.7070312,-37.1716,-17.068186,-36.835148,-16.40682
3.7089843,-37.403831,-16.8276,-37.089947,-16.915321
3.7109375,-37.646164,-17.625065,-37.323009,-16.410166
3.7128906,-37.846279,-17.977638,-37.55901,-16.146553
3.7148437,-38.049297,-17.483465,-37.780205,-16.785105
3.7167968,-38.240059,-17.303177,-37.989422,-17.080389
3.71875,-38.42194,-17.886946,-38.190285,-16.714012
3.7207031,-38.599945,-18.063467,-38.386112,-16.529797
3.7226562,-38.752285,-17.702494,-38.582764,-16.969833
3.7246093,-38.908497,-17.669323,-38.768032,-17.231804
3.7265625,-39.048027,-18.081633,-38.932369,-16.886513
3.7285156,-39.188511,-18.261223,-39.067081,-16.667536
3.7304687,-39.323326,-18.032352,-39.198048,-17.063681
3.7324218,-39.431198,-18.018204,-39.345535,-17.471693
3.734375,-39.533993,-18.311213,-39.458939,-17.375267
3.7363281,-39.629402,-18.394083,-39.560772,-17.20776
3.7382812,-39.71373,-18.244251,-39.674507,-17.290314
3.7402343,-39.794689,-18.322926,-39.751587,-17.537703
3.7421875,-39.875874,-18.578459,-39.8237,-17.57276
3.7441406,-39.946358,-18.557835,-39.893528,-17.407925
3.7460937,-39.997227,-18.305971,-39.955494,-17.497713
3.7480468,-40.048328,-18.333105,-40.01606,-17.742748
3.75,-40.090202,-18.568022,-40.066612,-17.717892
3.7519531,-40.115353,-18.610928,-40.092743,-17.510923
3.7539062,-40.146877,-18.462635,-40.108322,-17.51194
3.7558593,-40.162865,-18.512379,-40.123489,-17.762428
3.7578125,-40.170811,-18.754011,-40.148624,-17.902765
3.7597656,-40.179859,-18.741184,-40.161674,-17.802113
3.7617187,-40.186676,-18.64954,-40.152775,-17.905294
3.7636718,-40.188862,-18.435776,-40.175312,-17.91934
3.765625,-40.180286,-18.285172,-40.17131,-17.68738
3.7675781,-40.178074,-18.045599,-40.157238,-17.706068
3.7695312,-40.176922,-17.765867,-40.162552,-17.200329
3.7714843,-40.167221,-18.235899,-40.15144,-16.590883
3.7734375,-40.13232,-18.392719,-40.137039,-17.318541
3.7753906,-40.095379,-17.75087,-40.111691,-17.958265
3.7773437,-40.074024,-17.557899,-40.07473,-17.120821
3.7792968,-40.039715,-18.188864,-40.029713,-16.4249
3.78125,-39.995209,-18.337189,-39.9995,-17.182362
3.7832031,-39.93084,-17.529373,-39.963593,-17.776524
3.7851562,-39.875015,-17.25939,-39.915817,-16.952185
3.7871093,-39.814785,-17.873676,-39.8377,-16.264584
3.7890625,-39.728252,-18.109142,-39.742512,-16.868011
3.7910156,-39.644142,-17.400358,-39.689049,-17.430107
3.7929687,-39.564228,-17.022915,-39.605484,-16.81547
3.7949218,-39.488869,-17.63357,-39.504173,-16.326332
3.796875,-39.392162,-17.823452,-39.424042,-16.743023
3.7988281,-39.288521,-17.046934,-39.333111,-16.966635
3.8007812,-39.181923,-16.647116,-39.245522,-16.483162
3.8027343,-39.070122,-17.231627,-39.146751,-16.02313
3.8046875,-38.948357,-17.426695,-39.039772,-16.261658
3.8066406,-38.822998,-16.7171,-38.93166,-16.429672
3.8085937,-38.697453,-16.412502,-38.806992,-15.99082
3.8105468,-38.565659,-16.876991,-38.678932,-15.665654
3.8125,-38.432327,-16.952522,-38.538857,-15.783163
3.8144531,-38.286045,-16.274666,-38.384426,-15.980753
3.8164062,-38.138699,-16.057911,-38.23901,-15.813405
3.8183593,-37.975037,-16.520414,-38.090866,-15.537395
3.8203125,-37.80788,-16.45125,-37.925629,-15.572223
3.8222656,-37.645409,-15.828507,-37.759098,-15.606698
3.8242187,-37.471428,-15.79403,-37.581902,-15.295206
3.8261718,-37.286026,-16.215237,-37.408119,-15.086756
3.828125,-37.109173,-15.972065,-37.235088,-15.238423
3.8300781,-36.932384,-15.374068,-37.052261,-15.168647
3.8320312,-36.73801,-15.376611,-36.872574,-14.888877
3.8339843,-36.549904,-15.7683,-36.665871,-14.693019
3.8359375,-36.346405,-15.490492,-36.452206,-14.704265
3.8378906,-36.138832,-14.789927,-36.251888,-14.745596
3.8398437,-35.933475,-14.944821,-36.046371,-14.503933
3.8417968,-35.719936,-15.353306,-35.832169,-14.394479
3.84375,-35.504002,-15.029122,-35.61272,-14.312413
3.8457031,-35.28371,-14.370988,-35.39333,-14.652047
3.8476562,-35.058006,-14.435583,-35.178154,-14.798088
3.8496093,-34.817776,-14.72313,-34.955456,-13.644997
3.8515625,-34.58667,-14.802954,-34.729786,-13.167449
3.8535156,-34.349331,-14.986979,-34.516323,-13.982432
3.8554687,-34.112011,-14.060191,-34.278698,-14.189673
3.8574218,-33.883942,-13.371837,-34.032246,-13.163618
3.859375,-33.634785,-14.000793,-33.795029,-12.736097
3.8613281,-33.393291,-14.195,-33.554161,-13.513134
3.8632812,-33.151718,-13.353244,-33.302517,-13.60742
3.8652343,-32.894421,-12.887565,-33.053665,-12.786472
3.8671875,-32.642189,-13.60503,-32.811871,-12.395782
3.8691406,-32.372013,-13.646748,-32.557816,-12.912742
3.8710937,-32.095116,-12.763548,-32.300732,-13.030138
3.8730468,-31.836838,-12.543247,-32.026115,-12.184509
3.875,-31.562027,-13.099059,-31.752516,-11.862597
3.8769531,-31.254251,-13.244286,-31.473835,-12.411233
3.8789062,-30.969044,-12.37117,-31.183838,-12.484645
3.8808593,-30.686367,-11.924655,-30.892666,-11.822173
3.8828125,-30.376366,-12.592759,-30.607752,-11.596045
3.8847656,-30.078754,-12.72552,-30.319159,-11.926711
3.8867187,-29.773829,-11.784161,-30.005781,-11.813995
3.8886718,-29.472589,-11.406125,-29.700403,-11.24825
3.890625,-29.163687,-12.103413,-29.407875,-11.130212
3.8925781,-28.829998,-12.15167,-29.092981,-11.352061
3.8945312,-28.516018,-11.235388,-28.749363,-11.228444
3.8964843,-28.195318,-11.019786,-28.427624,-10.735402
3.8984375,-27.857485,-11.583174,-28.119434,-10.560877
3.9003906,-27.521843,-11.450674,-27.797634,-10.798927
3.9023437,-27.193659,-10.647834,-27.465519,-10.596106
3.9042968,-26.862583,-10.481102,-27.114712,-10.257292
3.90625,-26.501129,-10.979058,-26.767748,-10.154302
3.9082031,-26.151514,-10.883752,-26.42955,-10.11132
3.9101562,-25.811974,-10.069427,-26.074713,-10.031376
3.9121093,-25.453995,-10.028473,-25.711445,-9.7959022
3.9140625,-25.083111,-10.496353,-25.351358,-9.6853771
3.9160156,-24.712358,-10.124924,-24.979492,-9.4476146
3.9179687,-24.348396,-9.5487575,-24.618513,-9.2389965
3.9199218,-23.976341,-9.5467815,-24.258694,-9.3683481
3.921875,-23.594095,-9.7568731,-23.875916,-9.101469
3.9238281,-23.211519,-9.5106782,-23.508089,-8.6233768
3.9257812,-22.84267,-8.928338,-23.130173,-8.7111682
3.9277343,-22.447273,-9.0480251,-22.736238,-8.7939891
3.9296875,-22.049271,-9.3044309,-22.341557,-8.3287582
3.9316406,-21.684944,-8.7063894,-21.939983,-8.2095174
3.9335937,-21.287622,-8.256463,-21.55772,-8.2384862
3.9355468,-20.863281,-8.4735508,-21.170704,-7.8094029
3.9375,-20.462072,-8.473792,-20.771828,-7.870018
3.9394531,-20.070065,-8.1158828,-20.36762,-7.8857917
3.9414062,-19.667194,-7.8626794,-19.959188,-7.1992502
3.9433593,-19.251755,-7.8701577,-19.565092,-6.9062156
3.9453125,-18.831314,-7.8065223,-19.161875,-7.3506555
3.9472656,-18.429234,-7.3477201,-18.7339,-7.3086409
3.9492187,-18.023916,-7.0715966,-18.327396,-6.2112093
3.9511718,-17.601954,-7.0526485,-17.931593,-5.9461236
3.953125,-17.172003,-6.8257165,-17.502359,-6.8388257
3.9550781,-16.736343,-6.6530313,-17.070704,-6.7057571
3.9570312,-16.324207,-6.7684917,-16.659708,-5.6049251
3.9589843,-15.888121,-6.3122172,-16.248426,-5.108138
3.9609375,-15.446764,-5.7467217,-15.813079,-5.6519794
3.9628906,-15.035139,-5.856172,-15.386234,-5.9177627
3.9648437,-14.608713,-5.7957115,-14.973939,-4.8790984
3.9667968,-14.163321,-5.6078667,-14.534809,-4.2814517
3.96875,-13.714016,-5.1044116,-14.093393,-4.7598147
3.9707031,-13.281729,-4.7283806,-13.671679,-4.7090735
3.9726562,-12.832023,-5.1041297,-13.223939,-4.0382466
3.9746093,-12.377032,-4.965455,-12.770261,-3.5902454
3.9765625,-11.933271,-4.0571541,-12.332752,-3.6621236
3.9785156,-11.475247,-3.6032095,-11.882546,-3.8900969
3.9804687,-11.032462,-3.8767132,-11.438001,-3.1007084
3.9824218,-10.58694,-3.8530163,-10.993832,-2.1609251
3.984375,-10.125546,-3.2927095,-10.546237,-2.6958317
3.9863281,-9.6798458,-2.831639,-10.093638,-3.065134
3.9882812,-9.2199354,-2.5708832,-9.651102,-1.7432515
3.9902343,-8.753376,-2.4667179,-9.2164964,-0.77366024
3.9921875,-8.2868518,-2.1842281,-8.7706031,-1.4960711
3.9941406,-7.8341698,-1.9602184,-8.2903966,-1.8202563
3.9960937,-7.38595,-1.672841,-7.8305616,-0.68080461
3.9980468,-6.9118423,-0.91942143,-7.393598,0.41534761
4.0,-6.4195399,-0.87371373,-6.9100427,0.022026906
4.0019531,-5.9507975,-1.0039473,-6.4585337,-0.73004746
4.0039062,-5.5203752,-0.53763264,-5.9975771,-0.10072391
4.0058593,-5.0405407,0.085866801,-5.5225896,0.75634217
4.0078125,-4.5646238,0.32449877,-5.056951,0.393776
4.0097656,-4.0972056,0.2682704,-4.5922579,0.012617114
4.0117187,-3.6332633,0.29848042,-4.1295437,0.36429882
4.0136718,-3.1865632,0.1800645,-3.6288776,0.10945211
4.015625,-2.694519,0.55223185,-3.183536,0.076045536
4.0175781,-2.1891653,0.4437764,-2.7443931,0.74357843
4.0195312,-1.7475662,0.28532374,-2.2567229,0.67831838
4.0214843,-1.28485,0.62713975,-1.7963924,-0.1400138
4.0234375,-0.75264829,0.12789063,-1.3227385,-0.31843716
4.0253906,-0.31036392,-0.014303576,-0.83865011,1.1218775
4.0273437,0.15416682,0.63169527,-0.3823337,1.011213
4.0292968,0.65403962,0.86343116,0.090612382,-0.79243976
4.03125,1.129592,0.17921734,0.58709115,-0.17724784
4.0332031,1.6111661,-0.18404329,1.0777994,1.3631671
4.0351562,2.0781855,0.57028461,1.5482271,0.84038067
4.0371093,2.5614509,1.036305,2.0176863,-0.45562616
4.0390625,3.018511,0.45561945,2.5052356,0.083374292
4.0410156,3.4968912,0.041448653,2.9944555,1.4472587
4.0429687,3.9905357,1.2933256,3.4778642,1.5729924
4.0449218,4.4573416,2.4821357,3.9441607,1.62096
4.046875,4.9310259,2.0478849,4.4154081,2.1183574
4.0488281,5.424066,1.8578214,4.8987383,2.6668837
4.0507812,5.9009227,2.8732821,5.3726811,3.1464719
4.0527343,6.3713388,4.0451197,5.8460292,3.0330998
4.0546875,6.8494424,3.7936592,6.3258261,3.4159843
4.0566406,7.317625,3.6000514,6.8174343,4.8854961
4.0585937,7.8059887,4.6525535,7.2879366,4.9616651
4.0605468,8.2995624,5.0685925,7.7383351,4.2145295
4.0625,8.7471361,4.7292847,8.2139024,4.9476814
4.0644531,9.204751,5.1769285,8.6940364,6.0480947
4.0664062,9.6990547,6.587295,9.1719017,6.095334
4.0683593,10.176338,6.5206584,9.6721487,5.7586336
4.0703125,10.655889,5.7958288,10.1471,6.498166
4.0722656,11.13469,6.4376492,10.598409,7.015387
4.0742187,11.607043,7.3074655,11.061134,6.7557525
4.0761718,12.067826,7.4118228,11.535762,7.0891881
4.078125,12.527725,7.1028184,12.012104,7.8503503
4.0800781,12.995583,7.7484402,12.475768,8.0417223
4.0820312,13.457728,8.4567604,12.959199,7.9412474
4.0839843,13.905383,8.2605562,13.427032,8.1860189
4.0859375,14.354226,8.2234449,13.890753,8.3888206
4.0878906,14.845304,8.8198013,14.353825,8.7114391
4.0898437,15.315665,9.2011776,14.80729,8.9888
4.0917968,15.76023,8.944087,15.270053,9.436491
4.09375,16.206121,9.2844018,15.728815,9.7297763
4.0957031,16.662689,9.7271814,16.202885,9.3911476
4.0976562,17.163767,9.7340946,16.662165,9.7004327
4.0996093,17.584459,9.8975515,17.121758,10.23805
4.1015625,17.996748,10.128583,17.563942,10.363103
4.1035156,18.485897,10.404814,17.997774,10.369505
4.1054687,18.964571,10.583806,18.477077,10.376679
4.1074218,19.376865,11.027475,18.92539,10.863108
4.109375,19.760576,10.756683,19.359297,11.158109
4.1113281,20.234959,10.560633,19.817482,10.995124
4.1132812,20.700649,11.593085,20.259542,11.252585
4.1152343,21.121603,11.901843,20.699034,11.795548
4.1171875,21.540159,11.308111,21.124321,11.605928
4.1191406,21.96373,11.100152,21.567425,11.444486
4.1210937,22.403391,12.154557,21.99704,12.009019
4.1230468,22.842224,12.801996,22.420486,12.40623
4.125,23.260118,12.066607,22.85718,12.433871
4.1269531,23.675951,11.758246,23.273247,12.243361
4.1289062,24.0987,12.515883,23.688822,12.758983
4.1308593,24.506678,13.332029,24.092003,13.155981
4.1328125,24.926996,12.839319,24.529131,12.720219
4.1347656,25.305037,12.266149,24.939781,12.697099
4.1367187,25.688723,13.115744,25.338789,13.330992
4.1386718,26.107924,13.872613,25.759312,13.93426
4.140625,26.481991,13.44925,26.150345,13.35299
4.1425781,26.870518,13.127075,26.54591,13.159282
4.1445312,27.270914,13.779132,26.946394,14.140687
4.1464843,27.647013,14.161304,27.336182,14.314157
4.1484375,28.030069,13.719475,27.722286,13.823673
4.1503906,28.4039,13.691375,28.09647,13.845318
4.1523437,28.775633,14.453996,28.463303,14.478096
4.1542968,29.14579,14.708842,28.847466,14.823544
4.15625,29.526043,14.118049,29.214512,14.435157
4.1582031,29.885517,14.215834,29.560774,14.447944
4.1601562,30.201189,15.017323,29.906483,15.137232
4.1621093,30.550474,15.040322,30.256176,15.262646
4.1640625,30.888983,14.464639,30.598616,14.911045
4.1660156,31.218773,14.878855,30.949051,15.080514
4.1679687,31.567022,15.718988,31.279358,15.602649
4.1699218,31.869513,15.467625,31.596748,15.601847
4.171875,32.175758,14.936573,31.930765,15.334889
4.1738281,32.516144,15.245851,32.234985,15.727726
4.1757812,32.8074,16.027973,32.548946,16.241495
4.1777343,33.080536,16.022762,32.876377,15.870025
4.1796875,33.395061,15.514719,33.184464,15.69066
4.1816406,33.689365,15.771012,33.467533,16.442255
4.1835937,33.988937,16.39712,33.745213,16.603601
4.1855468,34.255527,16.3127,34.029289,16.140856
4.1875,34.494877,15.945035,34.304153,16.215036
4.1894531,34.768677,16.205385,34.569927,16.867584
4.1914062,35.030407,16.753782,34.827103,17.042686
4.1933593,35.277859,16.836214,35.095928,16.693094
4.1953125,35.511093,16.568993,35.345268,16.84334
4.1972656,35.77037,16.657238,35.576302,17.173143
4.1992187,36.005192,16.954424,35.848698,17.272076
4.2011718,36.222046,17.034454,36.089161,17.214903
4.203125,36.45335,17.057747,36.301014,17.212753
4.2050781,36.658699,17.163113,36.541473,17.365021
4.2070312,36.876797,17.300102,36.752235,17.58832
4.2089843,37.078304,17.701632,36.946728,17.652052
4.2109375,37.265453,17.727081,37.149521,17.578302
4.2128906,37.465965,17.155733,37.340527,17.641314
4.2148437,37.669083,17.171108,37.513546,18.011745
4.2167968,37.847454,17.786926,37.699165,18.364191
4.21875,38.012745,17.980122,37.879406,17.91938
4.2207031,38.176399,17.455654,38.029984,17.574183
4.2226562,38.328465,17.298801,38.200115,18.104464
4.2246093,38.490822,17.946329,38.357319,18.4702
4.2265625,38.628395,18.350939,38.494289,18.139544
4.2285156,38.74791,17.897636,38.642097,17.858616
4.2304687,38.878933,17.465448,38.777779,18.273878
4.2324218,39.003876,17.998543,38.902977,18.657833
4.234375,39.111244,18.616766,39.010422,18.324257
4.2363281,39.205753,18.27346,39.114925,18.041216
4.2382812,39.290825,17.673635,39.214024,18.45262
4.2402343,39.388622,18.002089,39.308155,18.857838
4.2421875,39.47702,18.761171,39.386982,18.580542
4.2441406,39.549881,18.624973,39.45216,18.276047
4.2460937,39.620079,17.93462,39.545509,18.583641
4.2480468,39.67556,17.964701,39.593983,18.957066
4.25,39.739376,18.651751,39.646622,18.757702
4.2519531,39.785843,18.786854,39.72263,18.36783
4.2539062,39.817051,18.162081,39.762691,18.620037
4.2558593,39.848602,18.015585,39.808918,19.048384
4.2578125,39.888447,18.584696,39.816879,18.722368
4.2597656,39.916451,18.881077,39.844864,18.278662
4.2617187,39.931969,18.434441,39.887268,18.676085
4.2636718,39.932117,18.158924,39.876465,19.173925
4.265625,39.927013,18.59951,39.873878,18.91643
4.2675781,39.940811,18.455814,39.889351,18.654682
4.2695312,39.934818,17.648727,39.887676,18.596832
4.2714843,39.935326,16.588476,39.870525,17.96973
4.2734375,39.916855,16.184553,39.874771,16.861864
4.2753906,39.887077,17.144627,39.863014,16.688625
4.2773437,39.85873,17.388641,39.853119,17.622982
4.2792968,39.810055,16.47933,39.82589,17.709951
4.28125,39.75745,16.138241,39.750729,16.821009
4.2832031,39.684231,16.849047,39.690758,16.518005
4.2851562,39.622402,17.216948,39.625103,17.217123
4.2871093,39.554546,16.514898,39.548294,17.773643
4.2890625,39.465622,16.13969,39.470951,17.192356
4.2910156,39.388622,16.702785,39.383354,16.559666
4.2929687,39.286072,16.967787,39.282211,17.033873
4.2949218,39.176147,16.169117,39.185631,17.543631
4.296875,39.093254,15.727789,39.073895,16.899467
4.2988281,38.982658,16.492294,38.968254,16.394396
4.3007812,38.851963,16.741722,38.880344,16.962715
4.3027343,38.736168,15.716098,38.75103,17.101597
4.3046875,38.619141,15.384265,38.631329,16.313911
4.3066406,38.495331,16.378836,38.523922,15.917343
4.3085937,38.345737,16.46932,38.406597,16.439796
4.3105468,38.203762,15.220906,38.277977,16.709469
4.3125,38.077354,14.922563,38.13974,16.019695
4.3144531,37.91663,15.934064,38.006767,15.496581
4.3164062,37.753448,16.05727,37.857155,15.856165
4.3183593,37.595501,14.922774,37.708565,16.192789
4.3203125,37.449684,14.636335,37.541759,15.720457
4.3222656,37.29591,15.564104,37.380596,15.24114
4.3242187,37.104523,15.722322,37.231186,15.513326
4.3261718,36.923668,14.582621,37.062164,15.766336
4.328125,36.745205,14.165009,36.888908,15.363095
4.3300781,36.562134,15.200402,36.677357,14.916401
4.3320312,36.366661,15.415204,36.477566,15.060148
4.3339843,36.174873,14.217121,36.287369,15.22359
4.3359375,35.98698,13.845561,36.080288,15.00246
4.3378906,35.775265,14.666265,35.882767,14.799909
4.3398437,35.565331,14.725596,35.67569,14.738387
4.3417968,35.3624,13.867818,35.448624,14.73151
4.34375,35.158443,13.682709,35.219177,14.533611
4.3457031,34.938042,14.16721,35.016644,14.235232
4.3476562,34.7174,14.151938,34.796066,14.260394
4.3496093,34.498531,13.410974,34.55579,14.394279
4.3515625,34.268368,13.105149,34.331562,14.044213
4.3535156,34.033264,13.675632,34.102062,13.677781
4.3554687,33.797604,13.802825,33.856533,13.861646
4.3574218,33.551392,12.997012,33.615841,13.861172
4.359375,33.30014,12.607792,33.366112,13.519235
4.3613281,33.052811,13.241231,33.105408,13.340365
4.3632812,32.793964,13.374118,32.85413,13.40537
4.3652343,32.538155,12.395807,32.599583,13.361187
4.3671875,32.279953,12.200004,32.347038,13.09736
4.3691406,32.002018,12.897386,32.08926,12.821821
4.3710937,31.719376,12.736384,31.814764,12.738003
4.3730468,31.442936,12.010849,31.532356,12.974215
4.375,31.160252,11.82732,31.259081,12.756062
4.3769531,30.859526,12.346656,30.965408,12.225901
4.3789062,30.575714,12.299102,30.674467,12.280289
4.3808593,30.289335,11.400998,30.412691,12.463905
4.3828125,29.980135,11.474089,30.119783,12.177229
4.3847656,29.687317,12.147711,29.840443,11.783901
4.3867187,29.369141,11.585659,29.546017,11.862283
4.3886718,29.057367,10.809892,29.218721,11.999581
4.390625,28.74365,11.185837,28.911428,11.633875
4.3925781,28.419029,11.637666,28.60977,11.134268
4.3945312,28.100372,11.133203,28.304564,11.016772
4.3964843,27.76623,10.463067,27.981537,11.701388
4.3984375,27.452888,10.750118,27.655481,11.510115
4.4003906,27.118269,11.089653,27.337151,10.200015
4.4023437,26.785273,10.572133,27.018005,10.45391
4.4042968,26.453897,9.7760362,26.669235,11.268212
4.40625,26.117064,9.9852075,26.318497,10.842808
4.4082031,25.765907,10.575978,25.979174,10.036105
4.4101562,25.411789,10.102024,25.615244,10.342972
4.4121093,25.080734,9.6421985,25.267111,10.616302
4.4140625,24.726721,9.4676532,24.940231,9.8574905
4.4160156,24.376097,9.6149196,24.587234,9.6639394
4.4179687,24.018581,9.6424274,24.231417,9.8438339
4.4199218,23.646109,8.9699058,23.876558,9.8783178
4.421875,23.289888,9.0117731,23.504646,9.4564704
4.4238281,22.930101,9.4000434,23.139259,9.0749435
4.4257812,22.546854,9.0096368,22.766998,9.2288541
4.4277343,22.182737,8.3594684,22.396488,9.0180931
4.4296875,21.820328,8.183443,22.042828,8.8889875
4.4316406,21.432943,8.6824493,21.654001,8.8179006
4.4335937,21.055937,8.7130069,21.264626,8.4272546
4.4355468,20.674221,7.6695113,20.896009,8.3647241
4.4375,20.279152,7.3530359,20.518063,8.444128
4.4394531,19.908367,8.0285644,20.126482,8.1207056
4.4414062,19.520969,8.1374673,19.734776,7.5840334
4.4433593,19.120802,7.3016634,19.338818,7.479321
4.4453125,18.741751,6.664709,18.941263,7.970149
4.4472656,18.343676,7.1094121,18.550926,7.9160785
4.4492187,17.94907,7.2723331,18.136961,6.9106841
4.4511718,17.556211,6.5579838,17.750422,6.6510019
4.453125,17.143436,6.1887154,17.352301,7.2919449
4.4550781,16.71983,6.4873051,16.946739,7.2375159
4.4570312,16.319754,6.3862314,16.546982,6.2286171
4.4589843,15.915132,5.7501916,16.131891,5.7527713
4.4609375,15.49418,5.7284984,15.737096,6.4223761
4.4628906,15.083933,5.9182639,15.354199,6.3786926
4.4648437,14.664275,5.2186212,14.95296,5.3836326
4.4667968,14.256301,4.6346855,14.514952,5.1644802
4.46875,13.838826,5.4164581,14.081208,5.6351361
4.4707031,13.411979,5.341495,13.663733,5.4271345
4.4726562,13.001471,3.541974,13.268428,4.6822938
4.4746093,12.58149,3.3768892,12.849251,4.4924798
4.4765625,12.157537,4.6870403,12.416718,4.4289569
4.4785156,11.731046,4.3878011,12.000563,4.1986026
4.4804687,11.288994,3.0060892,11.600727,4.0586257
4.4824218,10.86361,2.6496167,11.182605,3.6999123
4.484375,10.443558,3.4113206,10.725713,3.2817556
4.4863281,10.014325,3.1663496,10.28174,2.9440748
4.4882812,9.5814619,1.5825957,9.8622312,3.0247948
4.4902343,9.1532392,1.2959692,9.4510374,3.0604622
4.4921875,8.7154264,2.1849575,8.9924354,2.1181638
4.4941406,8.2605457,2.1140296,8.5648174,1.3428108
4.4960937,7.8335237,0.74713665,8.1448879,1.8780331
4.4980468,7.3909277,0.22711374,7.6893663,2.2381413
4.5,6.9575467,1.0038701,7.236196,0.69773316
4.5019531,6.5209164,0.45061895,6.7803268,0.074013568
4.5039062,6.0638885,-0.50877523,6.3637328,1.2364796
4.5058593,5.6312551,-0.053159401,5.9401993,0.68195784
4.5078125,5.1747117,0.15203924,5.4938983,-0.44656274
4.5097656,4.7144722,-0.33276647,5.0342345,-0.33407593
4.5117187,4.2780451,-0.53210706,4.5737385,0.36816162
4.5136718,3.8279757,-0.32281896,4.1401333,0.350849
4.515625,3.3676011,0.095976077,3.7071614,-0.60501504
4.5175781,2.9341583,-0.052026216,3.2503104,-0.54147863
4.5195312,2.4705643,-0.39481941,2.8069207,0.1047512
4.5214843,2.0133011,-0.29364651,2.3505542,0.16837116
4.5234375,1.5705028,-0.019114438,1.8586276,-0.49237147
4.5253906,1.1140638,-0.041849654,1.4034941,-0.32996634
4.5273437,0.67461181,-0.60865223,0.98503411,0.37371334
4.5292968,0.21451341,-0.64175016,0.52914798,-0.35686433
4.53125,-0.24283306,0.07996501,0.04404439,-0.47700465
4.5332031,-0.70333034,0.26895097,-0.41438052,0.21678613
4.5351562,-1.1522557,-0.542503,-0.85558343,-0.073389068
4.5371093,-1.6037552,-0.77315956,-1.2956166,-0.48612335
4.5390625,-2.0731444,-0.20701627,-1.7783918,-0.34690255
4.5410156,-2.5303683,-0.83293796,-2.2683885,-0.12455256
4.5429687,-2.983637,-1.7989822,-2.6920919,0.067123175
4.5449218,-3.4459531,-2.1545715,-3.1266562,-0.30406928
4.546875,-3.89629,-2.262053,-3.588134,-0.43528816
4.5488281,-4.3373613,-2.4098949,-4.0685138,-0.48801544
4.5507812,-4.8048849,-3.5389576,-4.5334525,-1.2828265
4.5527343,-5.2612671,-3.7557005,-4.9638485,-1.6023864
4.5546875,-5.7081508,-3.216345,-5.4029407,-1.6817456
4.5566406,-6.1665659,-3.947478,-5.8578939,-2.1385695
4.5585937,-6.6248869,-4.812479,-6.3639521,-2.8302612
4.5605468,-7.0934972,-5.1761627,-6.7967228,-3.1365504
4.5625,-7.5543675,-4.8803057,-7.2140617,-3.1760609
4.5644531,-7.9957704,-5.1845746,-7.6785383,-3.5514309
4.5664062,-8.4575986,-6.1764264,-8.1321411,-4.1510467
4.5683593,-8.9055175,-6.0634002,-8.6140794,-4.5298671
4.5703125,-9.3561983,-5.7849597,-9.0576219,-4.4856066
4.5722656,-9.8231658,-6.5558533,-9.502841,-4.8280568
4.5742187,-10.275023,-7.5110635,-9.9593067,-5.5817298
4.5761718,-10.725551,-7.448409,-10.400249,-5.7758998
4.578125,-11.176971,-6.8075652,-10.867649,-5.5794491
4.5800781,-11.641633,-7.3094162,-11.336986,-5.9326534
4.5820312,-12.088265,-8.4460334,-11.773708,-6.730165
4.5839843,-12.54359,-8.2500505,-12.230638,-6.8775095
4.5859375,-13.014821,-7.8330307,-12.695774,-6.7188692
4.5878906,-13.460463,-8.5321655,-13.113567,-6.9599528
4.5898437,-13.903417,-9.23596,-13.544969,-7.5387435
4.5917968,-14.359956,-9.0105018,-13.97501,-7.9681119
4.59375,-14.821243,-8.8615694,-14.417621,-7.813457
4.5957031,-15.269923,-9.5212373,-14.896626,-7.9340362
4.5976562,-15.713195,-10.080027,-15.357753,-8.5129623
4.5996093,-16.190334,-9.6772394,-15.807524,-8.7182464
4.6015625,-16.644791,-9.4320411,-16.24502,-8.4957523
4.6035156,-17.068981,-10.733651,-16.681709,-9.0496892
4.6054687,-17.529789,-10.777107,-17.130144,-9.3730373
4.6074218,-17.984634,-9.7826223,-17.578968,-8.7394733
4.609375,-18.426687,-10.488506,-18.016357,-9.1980867
4.6113281,-18.882252,-11.576136,-18.442152,-10.564229
4.6132812,-19.314737,-11.595952,-18.880432,-10.449961
4.6152343,-19.746887,-10.545269,-19.322025,-9.2845468
4.6171875,-20.218302,-11.064815,-19.754604,-10.056247
4.6191406,-20.666773,-12.448115,-20.178843,-11.323363
4.6210937,-21.085199,-11.82153,-20.631517,-10.687221
4.6230468,-21.528685,-11.178585,-21.080141,-10.371675
4.625,-21.986498,-12.063709,-21.499283,-11.113928
4.6269531,-22.41721,-13.008761,-21.935553,-11.396224
4.6289062,-22.857552,-12.476954,-22.37392,-11.48181
4.6308593,-23.298428,-11.750784,-22.805061,-11.236274
4.6328125,-23.717648,-12.604763,-23.216301,-11.240321
4.6347656,-24.16518,-13.538002,-23.639494,-12.084608
4.6367187,-24.598558,-12.997732,-24.064516,-12.204229
4.6386718,-24.995813,-12.408106,-24.465494,-11.938204
4.640625,-25.424446,-13.193606,-24.872677,-12.334804
4.6425781,-25.870535,-14.127665,-25.285372,-12.669307
4.6445312,-26.271162,-14.012995,-25.702187,-12.525888
4.6464843,-26.667143,-13.366175,-26.113155,-12.701283
4.6484375,-27.100285,-13.147341,-26.52413,-13.023684
4.6503906,-27.518486,-14.296246,-26.920841,-12.888929
4.6523437,-27.90918,-14.982246,-27.307478,-13.036628
4.6542968,-28.30402,-13.866404,-27.70973,-13.421822
4.65625,-28.704908,-13.459833,-28.1071,-13.811849
4.6582031,-29.114779,-15.032852,-28.514952,-13.701492
4.6601562,-29.49321,-15.626146,-28.911644,-13.344202
4.6621093,-29.882023,-14.012043,-29.284206,-14.072003
4.6640625,-30.293636,-13.928818,-29.672537,-14.214299
4.6660156,-30.66329,-15.550937,-30.056326,-13.806507
4.6679687,-31.02207,-16.103321,-30.431427,-14.429139
4.6699218,-31.396433,-14.887645,-30.803778,-14.654686
4.671875,-31.770502,-14.527438,-31.173847,-14.075572
4.6738281,-32.123646,-16.066204,-31.55418,-14.319441
4.6757812,-32.476475,-16.207973,-31.907944,-15.282056
4.6777343,-32.822311,-15.30193,-32.256073,-14.989547
4.6796875,-33.17107,-15.485027,-32.615856,-14.490258
4.6816406,-33.507339,-16.35359,-32.94833,-15.222913
4.6835937,-33.823097,-16.45933,-33.291538,-15.559487
4.6855468,-34.156109,-15.810192,-33.618908,-15.158704
4.6875,-34.468494,-16.038456,-33.932163,-15.244
4.6894531,-34.775673,-16.993076,-34.27306,-15.646262
4.6914062,-35.085484,-16.738636,-34.583096,-15.787212
4.6933593,-35.376812,-16.10717,-34.892498,-15.840671
4.6953125,-35.666637,-16.734142,-35.224091,-15.909312
4.6972656,-35.937965,-17.319029,-35.517086,-15.850291
4.6992187,-36.203217,-16.93121,-35.802006,-15.797783
4.7011718,-36.474979,-16.591293,-36.079536,-16.158611
4.703125,-36.729126,-17.211926,-36.343678,-16.452337
4.7050781,-36.969147,-17.773159,-36.622807,-16.292311
4.7070312,-37.21698,-17.333773,-36.869232,-16.14782
4.7089843,-37.440037,-16.881407,-37.109138,-16.581854
4.7109375,-37.64698,-17.610008,-37.35194,-16.898649
4.7128906,-37.872959,-18.12396,-37.568897,-16.4839
4.7148437,-38.073513,-17.610933,-37.818638,-16.438854
4.7167968,-38.266903,-17.473564,-38.030949,-17.062016
4.71875,-38.453285,-17.870203,-38.207527,-17.271271
4.7207031,-38.61021,-18.143551,-38.408176,-16.597097
4.7226562,-38.773815,-17.843336,-38.600609,-16.482002
4.7246093,-38.936893,-17.675083,-38.796158,-17.349607
4.7265625,-39.071537,-18.209301,-38.933971,-17.616121
4.7285156,-39.203403,-18.469313,-39.088104,-16.790636
4.7304687,-39.33012,-18.075716,-39.256165,-16.498642
4.7324218,-39.440392,-18.010185,-39.365429,-17.628025
4.734375,-39.549839,-18.527716,-39.486946,-18.030239
4.7363281,-39.642349,-18.717386,-39.579834,-16.996784
4.7382812,-39.720585,-18.300959,-39.678669,-16.763157
4.7402343,-39.799728,-18.172741,-39.775955,-17.924349
4.7421875,-39.883301,-18.680691,-39.825821,-18.369888
4.7441406,-39.939919,-18.918806,-39.907787,-17.324709
4.7460937,-39.991196,-18.475943,-39.96151,-16.993986
4.7480468,-40.048042,-18.245052,-39.992111,-18.119724
4.75,-40.09803,-18.716024,-40.054249,-18.346399
4.7519531,-40.135159,-19.020063,-40.090717,-17.387945
4.7539062,-40.151608,-18.566305,-40.126934,-17.280758
4.7558593,-40.178265,-18.209372,-40.144592,-18.143139
4.7578125,-40.195045,-18.741413,-40.153427,-18.281784
4.7597656,-40.20245,-19.111887,-40.184345,-17.399406
4.7617187,-40.198849,-18.782204,-40.190426,-17.849491
4.7636718,-40.200478,-18.502674,-40.182102,-18.250284
4.765625,-40.207497,-18.391247,-40.179638,-17.549191
4.7675781,-40.201797,-18.067738,-40.187294,-17.769814
4.7695312,-40.194454,-17.96884,-40.183689,-17.309214
4.7714843,-40.162304,-18.476498,-40.168182,-16.730637
4.7734375,-40.143234,-18.399626,-40.140549,-17.480629
4.7753906,-40.125671,-17.760548,-40.108112,-17.893684
4.7773437,-40.088139,-17.905947,-40.08279,-17.198652
4.7792968,-40.04504,-18.436129,-40.052567,-16.681986
4.78125,-39.988094,-18.088129,-40.017109,-17.350714
4.7832031,-39.937347,-17.476946,-39.967857,-17.684729
4.7851562,-39.882042,-17.78043,-39.914925,-16.869884
4.7871093,-39.816837,-18.287703,-39.848305,-16.445951
4.7890625,-39.73362,-17.89299,-39.780125,-17.148134
4.7910156,-39.657726,-17.175932,-39.716492,-17.479296
4.7929687,-39.588444,-17.436882,-39.616703,-16.710148
4.7949218,-39.489899,-18.073069,-39.529282,-16.321028
4.796875,-39.390278,-17.600826,-39.455299,-16.929983
4.7988281,-39.30341,-16.777889,-39.35405,-17.184187
4.8007812,-39.203564,-17.128271,-39.267204,-16.406513
4.8027343,-39.083157,-17.807699,-39.153877,-15.99874
4.8046875,-38.961399,-17.217051,-39.03862,-16.492805
4.8066406,-38.838596,-16.32984,-38.945652,-16.609552
4.8085937,-38.716091,-16.783457,-38.809231,-16.01841
4.8105468,-38.578644,-17.464199,-38.683384,-15.616565
4.8125,-38.436291,-16.859957,-38.546238,-15.988637
4.8144531,-38.29615,-15.994986,-38.39378,-16.249886
4.8164062,-38.145878,-16.36117,-38.250271,-15.814197
4.8183593,-37.983711,-17.000034,-38.078251,-15.469889
4.8203125,-37.813889,-16.428757,-37.936329,-15.678514
4.8222656,-37.657375,-15.641245,-37.771828,-15.877767
4.8242187,-37.49305,-16.058395,-37.584354,-15.406633
4.8261718,-37.317001,-16.603142,-37.42416,-15.005185
4.828125,-37.1273,-15.882356,-37.23407,-15.218037
4.8300781,-36.936817,-15.172972,-37.044796,-15.376347
4.8320312,-36.748917,-15.671476,-36.863499,-15.082568
4.8339843,-36.547588,-16.102161,-36.658318,-14.686442
4.8359375,-36.350643,-15.5143,-36.466324,-14.698548
4.8378906,-36.149654,-14.87146,-36.256565,-14.957376
4.8398437,-35.936653,-15.156654,-36.040386,-14.719761
4.8417968,-35.71904,-15.49907,-35.847321,-14.238162
4.84375,-35.509846,-14.978823,-35.601414,-14.271125
4.8457031,-35.295849,-14.450008,-35.386726,-14.753352
4.8476562,-35.057453,-14.733091,-35.192749,-14.89509
4.8496093,-34.825291,-14.93897,-34.946819,-13.854403
4.8515625,-34.600361,-14.404634,-34.72858,-13.213843
4.8535156,-34.364449,-14.817009,-34.511852,-13.98748
4.8554687,-34.123051,-15.14114,-34.272011,-14.326804
4.8574218,-33.87175,-13.668984,-34.046776,-13.409807
4.859375,-33.634674,-13.079176,-33.811283,-12.813299
4.8613281,-33.404751,-14.235645,-33.569073,-13.406603
4.8632812,-33.149632,-14.538034,-33.321186,-13.683781
4.8652343,-32.895428,-13.166426,-33.056812,-12.941859
4.8671875,-32.649551,-12.600291,-32.823032,-12.386162
4.8691406,-32.385746,-13.642981,-32.568577,-12.904873
4.8710937,-32.105289,-13.906346,-32.277657,-13.166812
4.8730468,-31.816151,-12.742342,-32.002201,-12.395477
4.875,-31.546783,-12.246427,-31.727528,-11.973493
4.8769531,-31.271257,-13.207225,-31.455811,-12.430144
4.8789062,-30.977535,-13.477807,-31.173456,-12.655991
4.8808593,-30.688484,-12.283286,-30.891115,-11.952518
4.8828125,-30.394268,-11.759466,-30.610903,-11.501862
4.8847656,-30.094114,-12.590765,-30.316145,-11.860833
4.8867187,-29.787374,-12.820372,-30.006817,-12.051064
4.8886718,-29.483856,-11.675535,-29.692173,-11.474895
4.890625,-29.157209,-11.286789,-29.395721,-10.871387
4.8925781,-28.844475,-12.152457,-29.098143,-11.276786
4.8945312,-28.536249,-12.10875,-28.772657,-11.629757
4.8964843,-28.198742,-11.134842,-28.43486,-10.935144
4.8984375,-27.87257,-11.015946,-28.118711,-10.405126
4.9003906,-27.537941,-11.542356,-27.788153,-10.68898
4.9023437,-27.198002,-11.318672,-27.456413,-10.980688
4.9042968,-26.86528,-10.695228,-27.121695,-10.446492
4.90625,-26.521276,-10.5068,-26.752342,-9.7771587
4.9082031,-26.16737,-10.822766,-26.414902,-10.129604
4.9101562,-25.810547,-10.791782,-26.08914,-10.376006
4.9121093,-25.448854,-10.151504,-25.714029,-9.8900346
4.9140625,-25.092525,-9.9820022,-25.348278,-9.4556932
4.9160156,-24.738621,-10.220889,-24.977011,-9.3795423
4.9179687,-24.351919,-10.170995,-24.600679,-9.7166404
4.9199218,-23.969244,-9.6811399,-24.254671,-9.5120306
4.921875,-23.598951,-9.3668422,-23.869137,-8.7829132
4.9238281,-23.217438,-9.5921859,-23.498722,-8.781703
4.9257812,-22.845253,-9.5490198,-23.126299,-9.1116962
4.9277343,-22.457348,-8.9922199,-22.738617,-8.5837497
4.9296875,-22.074842,-8.8494758,-22.351765,-8.068531
4.9316406,-21.679695,-8.9696493,-21.949932,-8.5023117
4.9335937,-21.279625,-8.6791305,-21.557039,-8.529252
4.9355468,-20.897501,-8.4228506,-21.155178,-7.7109236
4.9375,-20.480536,-8.2883825,-20.771154,-7.3591113
4.9394531,-20.079327,-8.1979255,-20.370262,-7.937942
4.9414062,-19.677757,-8.0461378,-19.967741,-7.8434772
4.9433593,-19.248049,-7.8210096,-19.571896,-6.9205617
4.9453125,-18.846766,-7.8011493,-19.150673,-6.6739239
4.9472656,-18.441277,-7.5267791,-18.734652,-7.0329828
4.9492187,-18.016903,-7.0810914,-18.328987,-7.1888222
4.9511718,-17.587122,-6.9343748,-17.904928,-6.307744
4.953125,-17.153969,-7.0124507,-17.485106,-5.7352623
4.9550781,-16.740568,-6.8698482,-17.087242,-6.3035469
4.9570312,-16.319847,-6.4785165,-16.66799,-6.4094567
4.9589843,-15.888302,-6.3518657,-16.252754,-5.7329363
4.9609375,-15.453591,-6.2971329,-15.839148,-5.0472626
4.9628906,-15.007281,-5.7771511,-15.419253,-5.079658
4.9648437,-14.596867,-5.3197321,-14.977538,-5.3980674
4.9667968,-14.160476,-5.5571994,-14.525036,-4.9072766
4.96875,-13.702866,-5.5784215,-14.093468,-4.2757306
4.9707031,-13.274409,-5.054419,-13.653028,-4.1558156
4.9726562,-12.81778,-4.4140954,-13.238534,-4.1579999
4.9746093,-12.369577,-4.3924832,-12.814643,-4.2512097
4.9765625,-11.931824,-4.7400927,-12.361076,-3.6352438
4.9785156,-11.490226,-4.1806836,-11.920579,-2.827775
4.9804687,-11.033674,-3.359678,-11.474099,-2.9870338
4.9824218,-10.584396,-2.9841275,-11.010384,-3.1509759
4.984375,-10.137968,-3.3638126,-10.551466,-2.4011938
4.9863281,-9.6525144,-3.6371297,-10.109242,-1.6068321
4.9882812,-9.2078933,-2.3058478,-9.6650714,-1.9505879
4.9902343,-8.7646808,-1.8334343,-9.2070341,-2.1684143
4.9921875,-8.2749271,-2.7294008,-8.7576313,-0.99692559
4.9941406,-7.8281331,-2.0149972,-8.3124618,-0.32403183
4.9960937,-7.3923001,-0.70373541,-7.8372225,-0.86141902
4.9980468,-6.9027199,-1.0116983,-7.3897762,-0.84540015
5.0,-6.3993387,-1.6873776,-6.9206934,0.073241383
5.0019531,-5.953927,-0.79809016,-6.4497623,0.67283714
5.0039062,-5.5207204,0.46017197,-6.0274615,0.134656
5.0058593,-5.0466904,0.20261927,-5.5526418,-0.091180362
5.0078125,-4.571227,-0.4025979,-5.0744357,0.35435846
5.0097656,-4.0818376,0.22508544,-4.620131,0.31865394
5.0117187,-3.6354579,0.81966436,-4.154097,0.40301564
5.0136718,-3.1667261,0.52896774,-3.6840734,0.29988694
5.015625,-2.6729726,0.15456685,-3.2250914,0.21377686
5.0175781,-2.2169756,0.096170723,-2.7389318,0.59930819
5.0195312,-1.7237832,0.4331719,-2.2540016,0.12532106
5.0214843,-1.2553876,0.87024218,-1.8101685,-0.076004162
5.0234375,-0.79998803,0.60145038,-1.3490409,0.49694902
5.0253906,-0.3003988,-0.20809847,-0.87717521,0.70563781
5.0273437,0.2018912,0.059693493,-0.38455957,0.43234625
5.0292968,0.65049481,1.0776618,0.097001255,-0.22667027
5.03125,1.122358,0.9441489,0.56230491,0.12305285
5.0332031,1.632088,-0.22739775,1.0424631,0.92059785
5.0351562,2.1175301,-0.14673124,1.5238564,0.38514104
5.0371093,2.5808262,1.1862727,1.9986035,-0.30961257
5.0390625,3.0370128,0.52531904,2.4771843,0.74397665
5.0410156,3.5499432,-0.39831552,2.9541983,1.6323611
5.0429687,4.0382552,1.1071543,3.4263453,0.70257443
5.0449218,4.5012784,2.4069869,3.9211328,0.69683737
5.046875,4.9771475,2.0256462,4.3827018,2.3764903
5.0488281,5.4653806,1.3486909,4.868649,3.1122267
5.0507812,5.950241,2.5578944,5.3588452,2.4936518
5.0527343,6.4042043,4.3522481,5.8417043,2.6024305
5.0546875,6.8723206,4.1174893,6.3401837,3.5459356
5.0566406,7.3375845,3.1122622,6.7960062,4.5594186
5.0585937,7.8411727,3.7247576,7.2696862,4.6678304
5.0605468,8.3088893,5.7641401,7.7344946,4.06395
5.0625,8.7621727,5.9384608,8.2147064,4.6794099
5.0644531,9.2400112,4.4340806,8.6937122,5.9339957
5.0664062,9.7096166,5.1209092,9.1707315,6.0140004
5.0683593,10.203259,7.0518302,9.637969,5.7811455
5.0703125,10.670421,6.9891552,10.082083,6.4894022
5.0722656,11.141757,5.7911739,10.592097,6.8033542
5.0742187,11.614696,6.3365941,11.066587,6.8187198
5.0761718,12.09216,8.0740423,11.52513,7.1438174
5.078125,12.540386,7.9356761,11.999065,7.7305469
5.0800781,13.004204,7.0893654,12.47037,7.7985301
5.0820312,13.482033,7.836318,12.949022,7.4089412
5.0839843,13.928754,8.6927413,13.40312,8.2726125
5.0859375,14.385299,8.4160041,13.888767,9.1044874
5.0878906,14.843993,8.2758588,14.360948,8.920824
5.0898437,15.341198,9.096096,14.803434,8.4867944
5.0917968,15.80493,9.6768426,15.263395,8.7923631
5.09375,16.235098,9.263648,15.74654,9.8611497
5.0957031,16.676462,9.0070676,16.193045,9.9757642
5.0976562,17.173359,10.068159,16.639,9.4484329
5.0996093,17.647421,10.507023,17.113836,9.730525
5.1015625,18.020834,9.8484449,17.552956,10.43117
5.1035156,18.462282,10.169086,18.008961,10.678872
5.1054687,18.951967,10.790948,18.473333,10.411767
5.1074218,19.394924,11.1057,18.912046,10.684086
5.109375,19.809612,10.767727,19.355928,11.319085
5.1113281,20.239069,11.229373,19.810827,11.285656
5.1132812,20.697931,10.409289,20.252275,11.088954
5.1152343,21.15649,8.3409528,20.693043,11.447036
5.1171875,21.549562,11.715027,21.137861,11.966354
5.1191406,21.913675,14.746248,21.567616,11.795465
5.1210937,22.307642,11.87749,21.989393,11.914644
5.1230468,22.717695,9.5953054,22.425076,12.353171
5.125,23.12879,12.184643,22.859028,12.362566
5.1269531,23.477888,14.87928,23.293568,12.403311
5.1289062,23.854271,12.645521,23.702818,12.693321
5.1308593,24.265648,10.245337,24.104887,13.012412
5.1328125,24.638844,12.593462,24.530979,12.843039
5.1347656,25.008492,15.293586,24.927547,12.957647
5.1367187,25.378233,13.409314,25.351429,13.541188
5.1386718,25.757475,11.262137,25.763096,13.590479
5.140625,26.125587,13.095114,26.157921,13.331576
5.1425781,26.482738,14.968659,26.568146,13.581278
5.1445312,26.833504,13.671503,26.954445,14.053871
5.1464843,27.178276,12.442222,27.343491,14.121715
5.1484375,27.546898,13.908328,27.721943,14.020613
5.1503906,27.913225,15.254523,28.10037,14.248572
5.1523437,28.244715,14.213019,28.484331,14.621296
5.1542968,28.578827,13.287397,28.850569,14.483829
5.15625,28.943747,14.297549,29.213297,14.364968
5.1582031,29.295055,15.307629,29.577667,14.818039
5.1601562,29.607349,14.827793,29.912802,15.21386
5.1621093,29.946733,14.057418,30.262573,15.137614
5.1640625,30.293348,14.633431,30.621426,14.914262
5.1660156,30.58399,15.700252,30.948711,15.275182
5.1679687,30.895067,15.399482,31.289396,15.667055
5.1699218,31.204844,14.611671,31.618706,15.49766
5.171875,31.516037,15.185181,31.942337,15.5119
5.1738281,31.847692,16.091301,32.261223,15.803598
5.1757812,32.137577,15.842376,32.570538,16.019009
5.1777343,32.430664,15.192842,32.899994,16.075481
5.1796875,32.733486,15.42256,33.18148,16.084656
5.1816406,33.050896,16.250219,33.463287,16.165039
5.1835937,33.333683,16.284859,33.765488,16.358244
5.1855468,33.594048,15.656175,34.031429,16.562195
5.1875,33.881405,15.829644,34.314514,16.637537
5.1894531,34.165897,16.669464,34.595322,16.629519
5.1914062,34.432476,16.751406,34.850597,16.775646
5.1933593,34.674347,16.119875,35.100163,17.033871
5.1953125,34.935719,16.197104,35.36631,17.046392
5.1972656,35.197178,16.997911,35.615685,17.047047
5.1992187,35.448055,17.083193,35.845734,17.215904
5.2011718,35.698589,16.552149,36.083485,17.30438
5.203125,35.942829,16.646837,36.302277,17.369417
5.2050781,36.153355,17.236227,36.512905,17.505417
5.2070312,36.379257,17.288998,36.716084,17.663998
5.2089843,36.625244,16.922113,36.937199,17.703018
5.2109375,36.812477,17.104942,37.123188,17.721067
5.2128906,36.999073,17.661831,37.300373,18.018225
5.2148437,37.205254,17.540108,37.508469,18.04274
5.2167968,37.39397,17.109901,37.688282,17.886555
5.21875,37.570286,17.518026,37.865562,18.08132
5.2207031,37.747272,18.018818,38.039074,18.105551
5.2226562,37.909821,17.794262,38.209026,17.984064
5.2246093,38.065689,17.421997,38.342728,18.07299
5.2265625,38.221436,17.795931,38.473042,18.338877
5.2285156,38.362114,18.77013,38.63382,18.372313
5.2304687,38.481815,18.32279,38.763184,18.234798
5.2324218,38.622349,17.122318,38.883286,18.455633
5.234375,38.770828,17.689219,38.997616,18.567743
5.2363281,38.876251,18.978504,39.1124,18.372423
5.2382812,38.986794,18.560122,39.225296,18.40283
5.2402343,39.110035,17.273197,39.292152,18.68762
5.2421875,39.214314,17.728945,39.372795,18.750944
5.2441406,39.298973,19.101526,39.460281,18.502609
5.2460937,39.39595,18.741287,39.517048,18.623318
5.2480468,39.470238,17.477488,39.596172,19.010796
5.25,39.537777,17.954933,39.654129,18.877146
5.2519531,39.612999,19.21557,39.683456,18.544926
5.2539062,39.653027,18.855646,39.724987,18.611759
5.2558593,39.713558,17.731819,39.761383,18.967516
5.2578125,39.764782,17.957485,39.818005,19.059469
5.2597656,39.790054,19.054199,39.8395,18.724155
5.2617187,39.817978,18.941725,39.84713,18.638325
5.2636718,39.84597,17.820482,39.868721,18.848047
5.265625,39.867916,18.084732,39.866821,19.036957
5.2675781,39.871189,18.968483,39.870884,19.019621
5.2695312,39.868649,18.492056,39.862389,18.703377
5.2714843,39.869705,17.895922,39.862881,18.033545
5.2734375,39.87125,16.872847,39.860325,16.972372
5.2753906,39.864746,15.805964,39.843269,16.849821
5.2773437,39.83762,16.76663,39.81171,17.712145
5.2792968,39.792198,17.819986,39.779068,17.703804
5.28125,39.744919,16.827477,39.741943,16.926502
5.2832031,39.688427,15.756502,39.690273,16.927626
5.2851562,39.627651,16.750412,39.634899,17.564129
5.2871093,39.548302,17.852083,39.548229,17.477823
5.2890625,39.465797,16.838905,39.468044,16.770493
5.2910156,39.380188,15.682346,39.376648,16.769421
5.2929687,39.296227,16.620066,39.279083,17.493896
5.2949218,39.211937,17.651981,39.187328,17.507339
5.296875,39.094559,16.535973,39.086262,16.734415
5.2988281,38.998554,15.30574,38.993637,16.59955
5.3007812,38.909039,16.027693,38.879089,17.280067
5.3027343,38.785751,17.026098,38.754288,17.137251
5.3046875,38.669674,16.234325,38.63092,16.125198
5.3066406,38.553852,15.050127,38.516808,16.101721
5.3085937,38.411182,15.632824,38.393417,16.882614
5.3105468,38.268768,16.594011,38.247208,16.719162
5.3125,38.128708,15.922529,38.125393,15.78554
5.3144531,37.976097,14.879006,38.002537,15.75519
5.3164062,37.828144,15.375334,37.846416,16.411077
5.3183593,37.661358,16.197916,37.694794,16.165621
5.3203125,37.482849,15.50945,37.547031,15.317451
5.3222656,37.320526,14.634284,37.379734,15.401619
5.3242187,37.139343,15.088889,37.224014,16.03513
5.3261718,36.955204,15.700882,37.0378,15.714388
5.328125,36.77874,15.201898,36.833801,15.015113
5.3300781,36.596855,14.477384,36.643867,15.211884
5.3320312,36.404247,14.690629,36.455303,15.592422
5.3339843,36.202499,15.122024,36.283405,15.279698
5.3359375,35.994766,14.707564,36.075302,14.841028
5.3378906,35.788334,14.10955,35.867466,14.862615
5.3398437,35.592567,14.262522,35.663342,14.955016
5.3417968,35.373177,14.585285,35.453732,14.695856
5.34375,35.153267,14.321465,35.234997,14.408543
5.3457031,34.950382,13.747637,35.00164,14.514667
5.3476562,34.727882,13.782104,34.781414,14.599678
5.3496093,34.502316,14.133441,34.535717,14.183269
5.3515625,34.276054,13.745547,34.299988,13.912756
5.3535156,34.040913,13.283337,34.077446,14.198586
5.3554687,33.808136,13.395653,33.833256,14.198127
5.3574218,33.574478,13.475641,33.596558,13.649333
5.359375,33.322227,13.199591,33.356209,13.49793
5.3613281,33.068596,12.911491,33.093616,13.664538
5.3632812,32.817345,13.02178,32.855053,13.526228
5.3652343,32.555706,13.032404,32.598541,13.269006
5.3671875,32.284039,12.566196,32.315693,13.070057
5.3691406,32.003975,12.516344,32.049568,13.043661
5.3710937,31.73241,12.743787,31.780741,13.171349
5.3730468,31.455635,12.461067,31.532719,12.878281
5.375,31.172695,12.14508,31.268867,12.544389
5.3769531,30.883524,12.240723,30.963863,12.637172
5.3789062,30.593765,12.163072,30.676144,12.505013
5.3808593,30.290865,11.762073,30.400282,12.249483
5.3828125,29.996252,11.733704,30.107008,11.971083
5.3847656,29.687889,11.87446,29.820377,12.126851
5.3867187,29.375523,11.696435,29.519958,12.374725
5.3886718,29.073641,11.343636,29.20059,11.595531
5.390625,28.741817,11.219028,28.892332,11.246475
5.3925781,28.42934,11.098799,28.596035,11.873876
5.3945312,28.109848,11.187387,28.286518,11.79085
5.3964843,27.780441,11.188935,27.968475,10.952855
5.3984375,27.45026,10.526783,27.645985,10.903486
5.4003906,27.112488,10.676181,27.314453,11.530113
5.4023437,26.777353,11.12567,26.991436,11.216214
5.4042968,26.445587,10.37873,26.671516,10.28095
5.40625,26.102894,9.85114,26.331009,10.340985
5.4082031,25.756102,10.310882,25.978445,11.030612
5.4101562,25.413027,10.344869,25.640774,10.618048
5.4121093,25.047512,9.8625421,25.285707,9.787673
5.4140625,24.707956,9.5251417,24.936041,9.9568042
5.4160156,24.360445,9.758336,24.591116,10.299437
5.4179687,23.990999,9.7470054,24.235891,9.8767271
5.4199218,23.630793,8.9942894,23.889191,9.4831829
5.421875,23.273701,9.0632696,23.54563,9.5501165
5.4238281,22.915133,9.4990224,23.168037,9.4791927
5.4257812,22.534143,8.956953,22.779041,9.1219844
5.4277343,22.165653,8.3682403,22.418262,8.937849
5.4296875,21.798962,8.5863132,22.039145,9.2311458
5.4316406,21.428516,8.5545635,21.656097,8.8943014
5.4335937,21.038118,8.3283004,21.281639,8.4417953
5.4355468,20.642712,7.9720935,20.888603,8.2726497
5.4375,20.260788,7.8366193,20.514294,8.5029754
5.4394531,19.875494,8.1162328,20.156338,8.6454496
5.4414062,19.493063,7.6685547,19.761806,7.4337754
5.4433593,19.096668,7.2633972,19.370453,7.4704189
5.4453125,18.706173,7.2920661,18.975651,8.2283392
5.4472656,18.306858,7.3447012,18.569256,7.4533381
5.4492187,17.916183,6.80203,18.188286,6.8219142
5.4511718,17.513844,6.4776082,17.779251,7.2133865
5.453125,17.115067,6.8270134,17.371719,7.2863946
5.4550781,16.723965,6.324131,16.980795,6.4554534
5.4570312,16.297277,5.9315609,16.578323,6.1531729
5.4589843,15.890263,6.0088429,16.180157,6.7967948
5.4609375,15.495016,5.9711208,15.76004,6.4629035
5.4628906,15.085032,5.6420993,15.34723,5.2437205
5.4648437,14.674747,5.1695466,14.924409,5.6162695
5.4667968,14.250078,5.1685614,14.497629,6.284245
5.46875,13.821085,4.8374223,14.094821,5.2044806
5.4707031,13.402261,4.4445514,13.682807,4.5471701
5.4726562,12.98807,4.5200686,13.251765,5.0988974
5.4746093,12.575887,4.3368506,12.819921,4.9146423
5.4765625,12.127307,3.9854624,12.4033,4.2653818
5.4785156,11.703844,3.3492903,12.007805,4.0035834
5.4804687,11.299968,3.0321834,11.594037,4.0509648
5.4824218,10.861761,3.5070569,11.142174,3.7154204
5.484375,10.419533,3.0760681,10.72268,2.9479546
5.4863281,9.9881305,2.1740975,10.306309,3.0192046
5.4882812,9.5570869,1.8987505,9.8611621,3.2977542
5.4902343,9.1170034,2.3580222,9.4123725,2.7644343
5.4921875,8.6771497,2.341845,8.9760332,1.5739045
5.4941406,8.2222127,0.41573927,8.5787687,1.3061736
5.4960937,7.7930717,0.21173772,8.1463813,2.4246959
5.4980468,7.379209,2.0837786,7.6689705,1.8629479
5.5,6.9188165,0.84660703,7.2267675,-0.13694386
5.5019531,6.4705452,-1.441707,6.7893438,0.29036632
5.5039062,6.0524497,-0.122003,6.3689465,1.6085927
5.5058593,5.5953917,1.3003494,5.9212451,0.50284994
5.5078125,5.1432018,-0.32919341,5.4680409,-0.84956896
5.5097656,4.7130222,-1.4851778,5.0133562,-0.15916248
5.5117187,4.2530517,-0.35188106,4.5527463,0.66130847
5.5136718,3.803514,0.55907393,4.1325354,0.00061306451
5.515625,3.3427889,-0.03490606,3.6681091,-0.82695264
5.5175781,2.8773322,-0.53346699,3.2305123,-0.29638192
5.5195312,2.4491913,-0.26230884,2.7836973,0.51559836
5.5214843,1.9872398,-0.16060004,2.3061785,-0.22816493
5.5234375,1.5314459,-0.063566469,1.8621965,-0.64350444
5.5253906,1.0825581,-0.24564783,1.4149866,-0.028984891
5.5273437,0.60550088,-0.64986551,0.95243406,0.10760302
5.5292968,0.16743927,-0.12564063,0.48739678,-0.088052921
5.53125,-0.27573171,0.20834701,0.026513174,-0.2952669
5.5332031,-0.74906659,-0.35457426,-0.40521443,-0.23933685
5.5351562,-1.1999422,-0.59692085,-0.88515103,0.03154834
5.5371093,-1.6459316,-0.1482199,-1.3593841,-0.20118806
5.5390625,-2.105108,0.0028863102,-1.7937214,-0.57303149
5.5410156,-2.5660376,-1.326327,-2.255145,0.19756928
5.5429687,-3.0350728,-1.9712966,-2.6904583,0.34279883
5.5449218,-3.4921174,-1.3618215,-3.1689999,-0.60770506
5.546875,-3.9407885,-1.8872687,-3.5939045,-0.79437751
5.5488281,-4.395132,-2.9685537,-4.0394139,-0.35564554
5.5507812,-4.8626513,-3.0957443,-4.5104413,-0.56874108
5.5527343,-5.3197917,-2.8029189,-4.9813723,-1.5111599
5.5546875,-5.7561383,-3.7754447,-5.4321007,-1.9812992
5.5566406,-6.2334132,-4.7345094,-5.845375,-2.0817546
5.5585937,-6.68896,-4.3266091,-6.3310298,-2.1832227
5.5605468,-7.13489,-4.2356529,-6.7760887,-2.8564088
5.5625,-7.5951485,-5.1504435,-7.2416863,-3.3179831
5.5644531,-8.0354423,-6.0101413,-7.6896414,-3.3171343
5.5664062,-8.4930009,-5.693592,-8.1454029,-3.7691168
5.5683593,-8.9533929,-5.4091057,-8.6026163,-4.3277654
5.5703125,-9.425559,-6.3885889,-9.0454826,-4.8521289
5.5722656,-9.8550157,-7.2126894,-9.5137128,-4.6401209
5.5742187,-10.292049,-6.9493279,-9.960495,-4.8388795
5.5761718,-10.781203,-6.3687858,-10.435805,-5.8457365
5.578125,-11.23219,-7.2795572,-10.87225,-5.9978346
5.5800781,-11.699376,-8.4085712,-11.330789,-5.7679128
5.5820312,-12.151737,-7.8597302,-11.802828,-6.0857963
5.5839843,-12.582004,-7.6552786,-12.224242,-6.8277487
5.5859375,-13.061093,-8.5286464,-12.661452,-7.2641005
5.5878906,-13.508782,-8.9453678,-13.127318,-6.928308
5.5898437,-13.967529,-8.4415302,-13.587343,-6.7367582
5.5917968,-14.450515,-8.6860799,-14.023169,-7.8894367
5.59375,-14.884802,-9.7195968,-14.468267,-8.4206161
5.5957031,-15.330445,-9.8185215,-14.916534,-7.9109644
5.5976562,-15.777085,-9.3677368,-15.348807,-8.1363344
5.5996093,-16.234306,-9.6087856,-15.782921,-8.4693231
5.6015625,-16.704779,-10.322617,-16.245316,-8.733056
5.6035156,-17.150347,-10.345504,-16.698421,-8.8749561
5.6054687,-17.603004,-10.018919,-17.139072,-9.2004833
5.6074218,-18.030922,-10.524269,-17.598194,-9.4581747
5.609375,-18.478762,-11.451607,-18.033611,-9.4088516
5.6113281,-18.941771,-11.148722,-18.443333,-9.760107
5.6132812,-19.36842,-10.241459,-18.89258,-10.121716
5.6152343,-19.822636,-11.209802,-19.347641,-10.211262
5.6171875,-20.281248,-12.542313,-19.780792,-9.8484325
5.6191406,-20.707857,-11.551687,-20.228212,-10.215036
5.6210937,-21.153992,-10.798285,-20.654661,-11.392852
5.6230468,-21.592449,-12.201828,-21.066475,-11.327466
5.625,-22.026608,-13.068638,-21.491341,-10.242193
5.6269531,-22.481989,-12.071793,-21.936129,-10.507696
5.6289062,-22.893473,-11.467706,-22.358213,-12.153499
5.6308593,-23.320261,-12.975289,-22.766436,-12.189092
5.6328125,-23.755783,-14.010217,-23.217899,-11.105185
5.6347656,-24.17552,-12.442033,-23.640129,-11.541072
5.6367187,-24.618162,-11.818007,-24.046926,-12.573419
5.6386718,-25.054461,-13.883481,-24.464077,-12.568012
5.640625,-25.46603,-14.400831,-24.872337,-12.006482
5.6425781,-25.875311,-12.900877,-25.299088,-11.985614
5.6445312,-26.300385,-12.910132,-25.71628,-12.712431
5.6464843,-26.724901,-14.229506,-26.120916,-13.166381
5.6484375,-27.125202,-14.505182,-26.525646,-12.899875
5.6503906,-27.527235,-13.594786,-26.960152,-12.728188
5.6523437,-27.943268,-13.750914,-27.378082,-13.110117
5.6542968,-28.335257,-14.894705,-27.752558,-13.84458
5.65625,-28.738504,-14.905499,-28.131489,-13.478356
5.6582031,-29.135284,-14.109996,-28.516525,-13.214663
5.6601562,-29.52022,-14.373993,-28.913559,-14.106698
5.6621093,-29.908136,-15.356363,-29.28467,-13.984856
5.6640625,-30.282063,-15.195643,-29.661074,-13.969044
5.6660156,-30.667385,-14.731493,-30.054113,-14.23946
5.6679687,-31.043934,-15.142102,-30.439791,-14.32234
5.6699218,-31.40276,-15.545048,-30.818419,-14.571527
5.671875,-31.776573,-15.472917,-31.181406,-14.402634
5.6738281,-32.12994,-15.35941,-31.55154,-14.735533
5.6757812,-32.472694,-15.768227,-31.908686,-14.9386
5.6777343,-32.836174,-15.943865,-32.262531,-14.902859
5.6796875,-33.190056,-15.796722,-32.619877,-14.990937
5.6816406,-33.518982,-16.214813,-32.964222,-14.865578
5.6835937,-33.839745,-16.383341,-33.304882,-15.331788
5.6855468,-34.169357,-16.023695,-33.640007,-15.596299
5.6875,-34.47559,-16.237196,-33.963272,-15.44891
5.6894531,-34.78323,-16.856033,-34.278774,-15.565825
5.6914062,-35.100227,-16.71183,-34.597694,-15.635076
5.6933593,-35.38871,-16.445908,-34.896698,-15.783448
5.6953125,-35.674503,-16.937313,-35.190697,-15.884325
5.6972656,-35.949642,-17.214951,-35.501019,-16.012869
5.6992187,-36.209244,-16.789526,-35.799553,-16.257204
5.7011718,-36.480824,-16.912725,-36.081562,-16.247747
5.703125,-36.733334,-17.624344,-36.352402,-16.19191
5.7050781,-36.974876,-17.519636,-36.619694,-16.249523
5.7070312,-37.225353,-17.073807,-36.879292,-16.468992
5.7089843,-37.463833,-17.387499,-37.134197,-16.649763
5.7109375,-37.67524,-17.856651,-37.378166,-16.558844
5.7128906,-37.874676,-17.703602,-37.588177,-16.655138
5.7148437,-38.080257,-17.527353,-37.808208,-16.795748
5.7167968,-38.269527,-17.844172,-38.027592,-16.866964
5.71875,-38.452007,-18.187033,-38.223057,-17.099333
5.7207031,-38.629833,-18.0758,-38.431591,-17.053453
5.7226562,-38.781963,-17.819799,-38.6059,-16.819443
5.7246093,-38.93227,-17.984934,-38.769672,-16.966167
5.7265625,-39.08427,-18.294031,-38.943851,-17.255444
5.7285156,-39.216629,-18.349237,-39.090141,-17.256683
5.7304687,-39.330799,-18.239607,-39.226685,-17.18206
5.7324218,-39.437584,-18.261448,-39.356216,-17.350042
5.734375,-39.547108,-18.508961,-39.479588,-17.504984
5.7363281,-39.643593,-18.67868,-39.5784,-17.468756
5.7382812,-39.726639,-18.623997,-39.66753,-17.481098
5.7402343,-39.80764,-18.4764,-39.768478,-17.567295
5.7421875,-39.890045,-18.542194,-39.846825,-17.741663
5.7441406,-39.950188,-18.75045,-39.915924,-17.804312
5.7460937,-40.005032,-18.733952,-39.978611,-17.637976
5.7480468,-40.066929,-18.602314,-40.024273,-17.646849
5.75,-40.104065,-18.646143,-40.070404,-17.810963
5.7519531,-40.134094,-18.818279,-40.1073,-17.876282
5.7539062,-40.160267,-18.746037,-40.151165,-17.829473
5.7558593,-40.19519,-18.678795,-40.175056,-17.815836
5.7578125,-40.20015,-18.858171,-40.167347,-17.933395
5.7597656,-40.206425,-18.98967,-40.184551,-17.965876
5.7617187,-40.215153,-18.919582,-40.191502,-18.042664
5.7636718,-40.205696,-18.639919,-40.193508,-18.142378
5.765625,-40.210175,-18.447409,-40.202358,-17.937574
5.7675781,-40.202465,-18.140577,-40.196438,-17.709705
5.7695312,-40.187561,-18.113012,-40.195736,-17.23291
5.7714843,-40.158035,-18.647669,-40.18364,-16.898977
5.7734375,-40.147301,-18.50559,-40.159836,-17.593025
5.7753906,-40.124176,-17.901247,-40.131859,-17.923996
5.7773437,-40.089375,-18.039066,-40.095726,-17.177792
5.7792968,-40.052921,-18.471909,-40.052494,-16.837936
5.78125,-40.00021,-18.164368,-40.021969,-17.449791
5.7832031,-39.944534,-17.628811,-39.970253,-17.734821
5.7851562,-39.8932,-17.870369,-39.900822,-16.966715
5.7871093,-39.836071,-18.321442,-39.844822,-16.562775
5.7890625,-39.740154,-17.982716,-39.774555,-17.270231
5.7910156,-39.66452,-17.327843,-39.701084,-17.588272
5.7929687,-39.588108,-17.525703,-39.629719,-16.820057
5.7949218,-39.492191,-18.139597,-39.537918,-16.375919
5.796875,-39.403671,-17.783869,-39.457317,-16.936445
5.7988281,-39.304096,-16.971775,-39.361858,-17.23164
5.8007812,-39.197914,-17.160192,-39.252785,-16.527309
5.8027343,-39.085903,-17.761574,-39.171925,-16.044912
5.8046875,-38.973866,-17.370457,-39.043179,-16.575758
5.8066406,-38.848209,-16.621159,-38.928051,-16.771709
5.8085937,-38.717072,-16.844158,-38.817543,-16.065748
5.8105468,-38.587231,-17.365709,-38.688396,-15.673779
5.8125,-38.437881,-16.975168,-38.56559,-16.104593
5.8144531,-38.296051,-16.291613,-38.412556,-16.394148
5.8164062,-38.149162,-16.508806,-38.274307,-15.786007
5.8183593,-37.993015,-17.029242,-38.117256,-15.426176
5.8203125,-37.831993,-16.533991,-37.951435,-15.859651
5.8222656,-37.653946,-15.809006,-37.777927,-15.925432
5.8242187,-37.490288,-16.141724,-37.602795,-15.436666
5.8261718,-37.325401,-16.587429,-37.437401,-15.156262
5.828125,-37.133625,-16.042145,-37.252937,-15.449301
5.8300781,-36.941952,-15.461201,-37.068413,-15.513277
5.8320312,-36.751274,-15.725222,-36.880283,-14.977699
5.8339843,-36.552589,-16.044331,-36.685009,-14.726633
5.8359375,-36.366615,-15.657142,-36.475262,-14.951892
5.8378906,-36.158009,-15.095237,-36.276844,-15.040288
5.8398437,-35.939068,-15.257347,-36.063168,-14.610493
5.8417968,-35.734928,-15.493291,-35.842041,-14.401238
5.84375,-35.514912,-15.055684,-35.629848,-14.509116
5.8457031,-35.290127,-14.698273,-35.403954,-14.900187
5.8476562,-35.071487,-14.877169,-35.17654,-14.953883
5.8496093,-34.843357,-14.9231,-34.953232,-13.725446
5.8515625,-34.601517,-14.647688,-34.742981,-13.336987
5.8535156,-34.369431,-14.943956,-34.515697,-14.39252
5.8554687,-34.132816,-14.954776,-34.26656,-14.428845
5.8574218,-33.878548,-13.890577,-34.029312,-13.079071
5.859375,-33.641495,-13.466025,-33.825081,-12.80809
5.8613281,-33.411358,-14.206534,-33.581448,-13.924455
5.8632812,-33.155636,-14.384402,-33.319664,-13.952635
5.8652343,-32.897289,-13.372456,-33.076,-12.64677
5.8671875,-32.63855,-12.93325,-32.807011,-12.238753
5.8691406,-32.371468,-13.606103,-32.55191,-13.236992
5.8710937,-32.112953,-13.744743,-32.310955,-13.496171
5.8730468,-31.839043,-13.058277,-32.043392,-12.384704
5.875,-31.555696,-12.709115,-31.752081,-11.882356
5.8769531,-31.274757,-12.988636,-31.489559,-12.515685
5.8789062,-30.983383,-13.096239,-31.208155,-12.703435
5.8808593,-30.697514,-12.678007,-30.903822,-11.992915
5.8828125,-30.397303,-12.340972,-30.615492,-11.594873
5.8847656,-30.08147,-12.415053,-30.327545,-12.006917
5.8867187,-29.781271,-12.480577,-30.018293,-12.127076
5.8886718,-29.478214,-12.150805,-29.701435,-11.537681
5.890625,-29.174057,-11.815001,-29.398758,-11.204185
5.8925781,-28.860029,-11.825641,-29.079449,-11.389476
5.8945312,-28.524357,-11.871854,-28.757313,-11.363265
5.8964843,-28.199707,-11.645123,-28.443203,-11.038791
5.8984375,-27.873852,-11.339386,-28.132328,-10.687573
5.9003906,-27.546421,-11.253395,-27.792147,-10.694422
5.9023437,-27.200312,-11.177306,-27.461884,-10.894097
5.9042968,-26.845531,-11.145981,-27.120239,-10.403815
5.90625,-26.512039,-10.943497,-26.767706,-10.021268
5.9082031,-26.164764,-10.504938,-26.430832,-10.329763
5.9101562,-25.80842,-10.528833,-26.07477,-10.382647
5.9121093,-25.447084,-10.680369,-25.710268,-9.9348669
5.9140625,-25.080008,-10.380448,-25.347916,-9.4963636
5.9160156,-24.714516,-9.8898649,-24.996391,-9.6463441
5.9179687,-24.357595,-9.900299,-24.613148,-9.6966781
5.9199218,-23.980925,-10.191749,-24.246328,-9.0448331
5.921875,-23.592192,-9.7515153,-23.890797,-8.9325199
5.9238281,-23.23068,-9.2261629,-23.508234,-9.3123369
5.9257812,-22.841896,-9.2879314,-23.113094,-9.0606393
5.9277343,-22.440334,-9.4391555,-22.734783,-8.3149967
5.9296875,-22.056763,-9.2431478,-22.355406,-8.1376714
5.9316406,-21.662775,-8.6902818,-21.962503,-8.6452684
5.9335937,-21.273046,-8.6879282,-21.576216,-8.5243167
5.9355468,-20.877905,-8.8660478,-21.169237,-7.6488547
5.9375,-20.46106,-8.4134645,-20.771317,-7.3909621
5.9394531,-20.082838,-7.9857945,-20.374599,-8.0900917
5.9414062,-19.699614,-7.9445457,-19.971783,-7.7566824
5.9433593,-19.267481,-8.1213569,-19.546032,-6.7608485
5.9453125,-18.836374,-7.8962001,-19.134462,-6.9306621
5.9472656,-18.420555,-7.2025079,-18.737238,-7.3401093
5.9492187,-18.03821,-7.0933141,-18.32169,-7.1141605
5.9511718,-17.61244,-7.5122237,-17.924797,-6.2296042
5.953125,-17.160416,-7.2538938,-17.510347,-5.785665
5.9550781,-16.733994,-6.4257912,-17.102098,-6.2682423
5.9570312,-16.332733,-6.0479526,-16.683092,-6.2893962
5.9589843,-15.913749,-6.59522,-16.244968,-5.5353312
5.9609375,-15.448273,-6.9032445,-15.821372,-5.11203
5.9628906,-15.010422,-5.733694,-15.388941,-5.2916655
5.9648437,-14.572206,-4.8046226,-14.958817,-5.1469669
5.9667968,-14.138383,-5.649249,-14.509789,-4.7435464
5.96875,-13.703847,-6.1986007,-14.09142,-4.3260097
5.9707031,-13.250876,-4.9440341,-13.677558,-4.1516685
5.9726562,-12.803362,-4.0211186,-13.23426,-4.3555822
5.9746093,-12.365902,-4.5004491,-12.777193,-3.9274659
5.9765625,-11.922675,-4.7691683,-12.324678,-3.1509475
5.9785156,-11.470728,-4.0484619,-11.905578,-2.9738509
5.9804687,-11.023837,-3.3557949,-11.463427,-3.214539
5.9824218,-10.573918,-3.375323,-11.001803,-3.00689
5.984375,-10.133051,-3.4178237,-10.543788,-2.302941
5.9863281,-9.666748,-3.0288379,-10.109237,-1.4627814
5.9882812,-9.1977787,-2.4571163,-9.6626682,-1.3433497
5.9902343,-8.7697191,-2.159163,-9.2180404,-2.0568852
5.9921875,-8.3133029,-2.0883338,-8.7601985,-1.6194375
5.9941406,-7.8312244,-1.7543243,-8.2941408,-0.12648971
5.9960937,-7.3736538,-1.3693627,-7.8525281,0.059440635
5.9980468,-6.9332895,-1.0808906,-7.3787155,-0.65607435
6.0,-6.4675517,-0.85661203,-6.9058775,-0.23451236
6.0019531,-5.9606294,-0.53989315,-6.4559965,0.38751811
6.0039062,-5.5136184,-0.096235402,-5.9943475,0.12594636
6.0058593,-5.0720067,0.26820904,-5.5225453,-0.08396709
6.0078125,-4.5739908,0.42650059,-5.066143,0.61063617
6.0097656,-4.1097827,-0.017081479,-4.6197676,0.64025307
6.0117187,-3.6464774,0.21875222,-4.1610093,-0.19760649
6.0136718,-3.164175,1.1453849,-3.6765129,0.22900005
6.015625,-2.6882681,0.4123942,-3.2149195,0.76765335
6.0175781,-2.2150356,-0.69730413,-2.7367153,0.37503639
6.0195312,-1.7392725,0.138953,-2.256339,0.0072907056
6.0214843,-1.2783001,1.3276463,-1.7816366,0.15672165
6.0234375,-0.80900657,1.094429,-1.2992227,0.39498845
6.0253906,-0.30552602,-0.36525166,-0.87344801,0.57779461
6.0273437,0.20528844,-0.68210357,-0.38211393,0.47447011
6.0292968,0.65877628,1.2298603,0.11040299,-0.18878913
6.03125,1.1206418,1.567545,0.5717839,-0.022950329
6.0332031,1.6553185,-0.43945053,1.0464268,0.94001186
6.0351562,2.1211328,-0.73508847,1.5038943,0.68097162
6.0371093,2.5671262,1.1299151,1.9979461,-0.32447585
6.0390625,3.0509755,1.3513515,2.4973418,0.31952402
6.0410156,3.5389277,-0.09183152,2.9692168,1.4906672
6.0429687,4.0179143,0.032460228,3.4204015,0.85760933
6.0449218,4.4655666,1.4602173,3.9195718,0.44710296
6.046875,4.9342179,2.5499734,4.4037628,2.0557532
6.0488281,5.4368109,2.3378865,4.8558192,3.137011
6.0507812,5.9115824,2.0992877,5.3291678,2.4440906
6.0527343,6.3770279,3.2956094,5.8128686,2.3670895
6.0546875,6.8561792,3.9518733,6.2959551,3.5526206
6.0566406,7.3345894,3.5942449,6.7537841,4.2986922
6.0585937,7.8130793,3.8481504,7.2367959,4.3462152
6.0605468,8.2654247,5.1650681,7.7226071,4.4498777
6.0625,8.7477226,5.6659293,8.1923065,4.9398803
6.0644531,9.2339305,4.6399025,8.6772613,5.2465543
6.0664062,9.718482,4.9498629,9.1577081,5.5477938
6.0683593,10.170815,6.6767725,9.6255521,5.9421382
6.0703125,10.631558,7.3089938,10.101615,6.4120192
6.0722656,11.123689,6.3200287,10.572097,6.8054757
6.0742187,11.5959,5.6387529,11.045879,6.806663
6.0761718,12.069593,7.2197709,11.531452,6.8658328
6.078125,12.531269,8.5557775,11.987756,7.1852769
6.0800781,12.998162,7.4523038,12.445601,8.2209568
6.0820312,13.465763,6.75811,12.926182,8.1899728
6.0839843,13.958393,8.3657836,13.39321,7.5380158
6.0859375,14.367229,9.6268358,13.852758,8.4419441
6.0878906,14.80164,8.5842447,14.32273,9.3995828
6.0898437,15.345178,7.8434152,14.7868,9.1100568
6.0917968,15.811123,9.3184156,15.238388,8.5019044
6.09375,16.224998,10.544693,15.686544,8.9338178
6.0957031,16.667501,9.4284868,16.126564,10.13314
6.0976562,17.128864,8.5735054,16.586395,10.728324
6.0996093,17.575335,10.185106,17.071909,9.9619474
6.1015625,18.002068,11.401639,17.543325,9.1690349
6.1035156,18.423077,10.394739,18.002054,10.443535
6.1054687,18.86377,9.4645156,18.449909,11.55692
6.1074218,19.306345,10.442414,18.894787,10.488536
6.109375,19.715544,12.002964,19.336445,10.345903
6.1113281,20.137424,11.692239,19.785929,11.56422
6.1132812,20.572672,10.303865,20.232426,11.871886
6.1152343,20.995045,10.699029,20.657862,11.425996
6.1171875,21.424259,12.518936,21.107244,11.505625
6.1191406,21.846039,12.739514,21.545294,11.972206
6.1210937,22.268904,11.215482,21.984419,12.103966
6.1230468,22.695789,11.28945,22.438383,12.079993
6.125,23.095964,12.852427,22.836922,12.402773
6.1269531,23.505144,13.047275,23.238653,12.783723
6.1289062,23.928661,12.289519,23.672985,12.668598
6.1308593,24.326244,12.222198,24.082701,12.737896
6.1328125,24.736664,13.164878,24.510441,13.253662
6.1347656,25.13096,13.592326,24.934517,13.340328
6.1367187,25.521929,12.969039,25.327539,13.027828
6.1386718,25.934891,12.979448,25.739456,13.400811
6.140625,26.313457,13.758304,26.148537,13.943401
6.1425781,26.717573,14.010506,26.532722,13.942142
6.1445312,27.12442,13.481479,26.925312,13.665165
6.1464843,27.478354,13.561162,27.340078,13.706075
6.1484375,27.852104,14.173693,27.714399,14.514794
6.1503906,28.25493,14.34017,28.071663,14.959213
6.1523437,28.628458,14.256498,28.450838,14.185472
6.1542968,28.957621,14.128169,28.832113,13.880559
6.15625,29.31628,14.531914,29.201298,15.017763
6.1582031,29.684647,14.923689,29.56274,15.45235
6.1601562,30.021147,14.825212,29.912243,14.687499
6.1621093,30.374645,14.804478,30.246021,14.57954
6.1640625,30.6992,15.010332,30.596382,15.523494
6.1660156,31.012739,15.356499,30.943258,16.045538
6.1679687,31.347837,15.221628,31.284878,15.307247
6.1699218,31.664207,15.127613,31.610226,14.898705
6.171875,31.996582,15.661344,31.919727,15.907695
6.1738281,32.313168,15.902276,32.232384,16.445381
6.1757812,32.607861,15.584245,32.54929,15.727285
6.1777343,32.920803,15.512209,32.860764,15.546046
6.1796875,33.211498,16.014002,33.151283,16.476652
6.1816406,33.50169,16.338364,33.451309,16.881699
6.1835937,33.794857,16.132841,33.746094,16.160465
6.1855468,34.065598,16.092714,34.030949,16.067314
6.1875,34.343708,16.467232,34.302681,16.903791
6.1894531,34.615498,16.654222,34.572666,17.124641
6.1914062,34.867374,16.498569,34.844879,16.645279
6.1933593,35.119087,16.588842,35.085361,16.705612
6.1953125,35.375065,16.888195,35.324448,17.313086
6.1972656,35.633942,17.014599,35.572182,17.417793
6.1992187,35.867989,16.954327,35.821133,17.149965
6.2011718,36.092701,16.935196,36.051506,17.281942
6.203125,36.311928,17.120605,36.262348,17.631765
6.2050781,36.531277,17.31431,36.509281,17.742666
6.2070312,36.744892,17.467772,36.734463,17.515303
6.2089843,36.941647,17.508099,36.911709,17.551762
6.2109375,37.144524,17.903088,37.117645,17.939413
6.2128906,37.335522,18.083538,37.31374,18.000134
6.2148437,37.526779,17.297754,37.488255,18.130886
6.2167968,37.717628,17.195448,37.674225,18.211769
6.21875,37.900402,18.070763,37.848511,17.952738
6.2207031,38.069157,18.258131,38.012791,18.024391
6.2226562,38.232719,17.526468,38.178722,18.370279
6.2246093,38.38546,17.35354,38.325798,18.397886
6.2265625,38.53548,18.26609,38.479977,18.179214
6.2285156,38.673195,18.639156,38.638916,18.241379
6.2304687,38.792072,17.884069,38.755619,18.554369
6.2324218,38.926926,17.595995,38.861084,18.607244
6.234375,39.039169,18.407497,38.99696,18.30529
6.2363281,39.142464,18.877293,39.113487,18.381083
6.2382812,39.252136,18.187092,39.201672,18.945208
6.2402343,39.343517,17.759371,39.296272,18.877718
6.2421875,39.429882,18.512957,39.373356,18.33514
6.2441406,39.508583,18.979692,39.454967,18.530613
6.2460937,39.573956,18.337276,39.537601,19.154388
6.2480468,39.635399,17.950321,39.58168,19.115225
6.25,39.70507,18.601423,39.632748,18.492954
6.2519531,39.767807,19.134737,39.688835,18.4888
6.2539062,39.801937,18.548147,39.7253,19.210306
6.2558593,39.827911,17.984558,39.767342,19.290936
6.2578125,39.867744,18.450062,39.793777,18.653189
6.2597656,39.898945,19.124565,39.819691,18.480818
6.2617187,39.907867,18.845512,39.837669,19.108973
6.2636718,39.915207,18.271423,39.856777,19.317234
6.265625,39.918072,18.643835,39.86467,18.825733
6.2675781,39.919743,18.686604,39.85923,18.83679
6.2695312,39.929024,17.917995,39.866493,18.866354
6.2714843,39.915653,16.802502,39.866463,18.138067
6.2734375,39.895161,16.283459,39.86779,17.042072
6.2753906,39.879765,17.208838,39.839642,16.863237
6.2773437,39.827709,17.622709,39.812389,17.763439
6.2792968,39.7808,16.761127,39.779724,17.831587
6.28125,39.732872,16.270714,39.736622,17.082294
6.2832031,39.664242,17.05076,39.693687,17.046192
6.2851562,39.598289,17.484682,39.613323,17.624975
6.2871093,39.523209,16.658285,39.533939,17.607588
6.2890625,39.442646,16.282307,39.451927,16.916357
6.2910156,39.350498,16.881664,39.376171,16.893286
6.2929687,39.257221,17.111784,39.286495,17.595226
6.2949218,39.157906,16.460651,39.173687,17.571289
6.296875,39.060955,16.081699,39.081642,16.744719
6.2988281,38.955849,16.469101,38.972549,16.620745
6.3007812,38.839668,16.604219,38.862366,17.431458
6.3027343,38.725548,16.165039,38.748363,17.302401
6.3046875,38.606277,15.910997,38.637699,16.205858
6.3066406,38.488541,16.09425,38.525398,16.154728
6.3085937,38.3554,16.201942,38.385193,16.933102
6.3105468,38.209675,15.815993,38.24255,16.736374
6.3125,38.073704,15.4727,38.105717,15.818689
6.3144531,37.91917,15.729205,37.972771,15.873345
6.3164062,37.764404,15.896079,37.8153,16.549295
6.3183593,37.611603,15.449771,37.668762,16.303869
6.3203125,37.431206,15.239382,37.524078,15.49349
6.3222656,37.266075,15.483963,37.359211,15.564434
6.3242187,37.086594,15.395087,37.201572,16.065298
6.3261718,36.917576,15.155209,37.030987,15.706985
6.328125,36.741779,15.085006,36.837696,15.134185
6.3300781,36.541702,15.018991,36.644176,15.322543
6.3320312,36.364426,14.892089,36.462578,15.593328
6.3339843,36.177177,14.697083,36.261471,15.313976
6.3359375,35.975563,14.630119,36.061356,14.981949
6.3378906,35.76862,14.598911,35.870029,14.954039
6.3398437,35.561699,14.428944,35.642296,15.039465
6.3417968,35.362049,14.256701,35.42783,14.915706
6.34375,35.153866,14.219445,35.207272,14.531252
6.3457031,34.924393,14.269691,34.984089,14.465642
6.3476562,34.70594,13.980905,34.78587,14.620164
6.3496093,34.478622,13.587046,34.54491,14.499034
6.3515625,34.247719,13.777117,34.29871,14.227466
6.3535156,34.020981,13.922887,34.060764,13.878274
6.3554687,33.782749,13.538257,33.824238,14.007453
6.3574218,33.548584,13.182983,33.584381,14.24915
6.359375,33.295494,13.157434,33.351849,13.744612
6.3613281,33.037189,13.389812,33.116081,13.313114
6.3632812,32.785469,13.178821,32.842789,13.616266
6.3652343,32.521301,12.730001,32.590763,13.601344
6.3671875,32.251614,12.780231,32.325371,12.967251
6.3691406,31.985607,12.817551,32.048424,13.086537
6.3710937,31.712957,12.669042,31.794651,13.348145
6.3730468,31.431835,12.393829,31.516253,12.855154
6.375,31.151966,12.187119,31.229364,12.69626
6.3769531,30.856993,12.339952,30.954054,12.738281
6.3789062,30.551565,12.297485,30.68206,12.493064
6.3808593,30.254385,12.065367,30.386446,12.441851
6.3828125,29.957911,11.800858,30.093702,12.388277
6.3847656,29.662413,11.658107,29.806732,12.084494
6.3867187,29.357891,11.859105,29.495104,11.884363
6.3886718,29.045877,11.631171,29.202221,12.051916
6.390625,28.73218,11.318116,28.892679,11.933737
6.3925781,28.40621,11.179116,28.577103,11.423021
6.3945312,28.076658,11.076234,28.275331,11.375082
6.3964843,27.753094,11.210432,27.946079,11.679993
6.3984375,27.430725,11.097851,27.617512,11.38903
6.4003906,27.0989,10.737544,27.304785,10.557493
6.4023437,26.76144,10.400926,26.987644,10.813728
6.4042968,26.429537,10.579552,26.645506,11.45624
6.40625,26.087006,10.694762,26.301319,10.814157
6.4082031,25.74214,10.263539,25.976183,10.094566
6.4101562,25.404676,9.8397693,25.620512,10.49228
6.4121093,25.048061,9.9407062,25.255198,11.000374
6.4140625,24.701843,10.052282,24.922424,10.027373
6.4160156,24.35302,9.6404857,24.575243,9.031063
6.4179687,23.988937,9.4592437,24.205776,9.9937562
6.4199218,23.640411,9.3217544,23.826967,10.623313
6.421875,23.266535,9.3465528,23.469353,9.3587884
6.4238281,22.907356,9.1426496,23.118338,8.6337652
6.4257812,22.538441,8.8578405,22.753208,9.8024749
6.4277343,22.143103,8.9728021,22.378868,10.049323
6.4296875,21.780306,8.6255855,22.009504,8.5211095
6.4316406,21.397127,8.3429498,21.625256,8.0324811
6.4335937,21.019985,8.4943904,21.235695,9.0452251
6.4355468,20.642035,8.2211666,20.880463,9.3722791
6.4375,20.265385,7.8460454,20.463343,7.8366622
6.4394531,19.881704,7.9963617,20.049101,7.3073039
6.4414062,19.485718,7.5284242,19.710434,8.5624151
6.4433593,19.10643,7.2743678,19.334885,8.591856
6.4453125,18.707077,7.6641206,18.919575,7.3455543
6.4472656,18.310179,7.3000984,18.537933,7.0339326
6.4492187,17.916327,6.3988366,18.14072,7.5894951
6.4511718,17.521145,6.2876763,17.737547,7.3026971
6.453125,17.113867,7.3362851,17.341221,6.5806169
6.4550781,16.708891,7.0999174,16.917055,6.4321856
6.4570312,16.303867,5.5915341,16.538235,6.8713669
6.4589843,15.903969,5.1360645,16.125755,6.6237449
6.4609375,15.493065,6.3228044,15.713254,5.6257424
6.4628906,15.0657,6.4378099,15.338241,5.6661286
6.4648437,14.661815,4.668756,14.91073,6.4327359
6.4667968,14.258517,4.3873629,14.491709,5.9498362
6.46875,13.835724,5.2163629,14.08027,4.5284028
6.4707031,13.391028,5.2118058,13.654752,4.6088905
6.4726562,12.987117,4.2166361,13.221967,5.2981982
6.4746093,12.582726,3.6131093,12.795141,4.8936185
6.4765625,12.125881,3.8316121,12.393253,4.0322303
6.4785156,11.692886,3.9578435,11.966711,3.8439228
6.4804687,11.289081,3.5883879,11.529001,4.0776
6.4824218,10.848244,2.9862835,11.129936,3.7218782
6.484375,10.413252,2.506179,10.684548,3.2401628
6.4863281,10.004238,2.0601787,10.242651,2.9134855
6.4882812,9.5538778,2.6258652,9.8183851,2.6089923
6.4902343,9.1189718,2.5509829,9.3840942,2.257687
6.4921875,8.6830797,0.72586972,8.9724645,2.2487576
6.4941406,8.2461862,0.27320874,8.5303316,2.0720987
6.4960937,7.8135328,1.6580518,8.0711937,1.4984844
6.4980468,7.3684659,1.4286005,7.638926,0.84012604
6.5,6.9245195,-0.44856852,7.2122459,0.91476905
6.5019531,6.4663162,-0.61305887,6.7632536,0.99704206
6.5039062,6.0331563,0.64693391,6.3401088,-0.035097104
6.5058593,5.5741176,0.23712197,5.8875904,0.14058913
6.5078125,5.1349954,-1.0565975,5.4400286,0.3329269
6.5097656,4.7029938,-0.4226681,4.9858098,-0.2130101
6.5117187,4.2455921,0.5341751,4.5377745,-0.15037277
6.5136718,3.7918806,-0.26344231,4.1166286,-0.09107855
6.515625,3.329647,-0.97793978,3.643552,-0.10991705
6.5175781,2.8949744,0.1098061,3.2053127,-0.20725469
6.5195312,2.4359099,0.48024362,2.7462563,-0.30614665
6.5214843,1.9757533,-0.63527298,2.2792613,-0.13795342
6.5234375,1.5284334,-0.63267142,1.8552973,0.28494298
6.5253906,1.0602086,0.058939472,1.3951531,-0.29963341
6.5273437,0.60843891,-0.11307395,0.94890994,-0.95982105
6.5292968,0.15857132,-0.682495,0.501266,0.28502715
6.53125,-0.29988393,-0.35127237,0.010540992,0.76345885
6.5332031,-0.76486701,0.37999338,-0.44815958,-0.65444732
6.5351562,-1.22434,0.018245216,-0.90584874,-0.87055016
6.5371093,-1.6658487,-0.83666593,-1.3468766,0.073103607
6.5390625,-2.1322443,-0.33747059,-1.7792021,0.49312669
6.5410156,-2.6005563,-0.13695922,-2.2489836,-0.22649443
6.5429687,-3.0403425,-1.9756448,-2.7030127,-0.80790776
6.5449218,-3.4869458,-2.3031919,-3.1553838,0.17473468
6.546875,-3.9590954,-1.3202003,-3.6297419,0.0081236567
6.5488281,-4.4175634,-2.0300488,-4.0899772,-1.2243139
6.5507812,-4.8717494,-3.3280572,-4.5141687,-1.0051457
6.5527343,-5.3168406,-3.7380664,-4.9715971,-0.71814179
6.5546875,-5.7616381,-3.311377,-5.4556908,-1.4736071
6.5566406,-6.2387576,-3.7845466,-5.9283986,-2.3203861
6.5585937,-6.6884236,-5.0031929,-6.3666811,-2.3795559
6.5605468,-7.1434612,-4.8572239,-6.8189926,-2.3283605
6.5625,-7.5989232,-4.2799787,-7.2855482,-3.1092009
6.5644531,-8.0504798,-5.428545,-7.725192,-3.7409527
6.5664062,-8.5189456,-6.4189987,-8.1894559,-3.6291394
6.5683593,-8.9613199,-5.7933111,-8.6432151,-3.7843864
6.5703125,-9.4206924,-5.68578,-9.0923872,-4.5844378
6.5722656,-9.8843526,-6.7985854,-9.537486,-5.0242829
6.5742187,-10.324057,-7.4060649,-10.002988,-5.0476713
6.5761718,-10.779647,-6.8274006,-10.473457,-5.3141341
6.578125,-11.237842,-6.7853684,-10.910594,-5.8601102
6.5800781,-11.695395,-7.9075112,-11.3557,-6.1292414
6.5820312,-12.142862,-8.8271217,-11.813271,-5.9834485
6.5839843,-12.592748,-7.9353838,-12.271518,-6.5423364
6.5859375,-13.053861,-7.4227514,-12.709842,-7.2515759
6.5878906,-13.499558,-9.0140342,-13.147843,-7.1702041
6.5898437,-13.961908,-9.6290464,-13.581375,-7.1466722
6.5917968,-14.422538,-8.6432981,-14.032842,-7.6083126
6.59375,-14.873736,-8.5898428,-14.517671,-7.8959226
6.5957031,-15.317728,-9.9509248,-14.961001,-7.9401521
6.5976562,-15.77606,-10.231824,-15.39401,-8.4637622
6.5996093,-16.22566,-9.627985,-15.853422,-8.8934907
6.6015625,-16.665689,-9.8468341,-16.286766,-8.6200752
6.6035156,-17.125731,-10.297222,-16.723753,-8.5842666
6.6054687,-17.572237,-10.615695,-17.185497,-8.8921365
6.6074218,-18.036987,-10.598757,-17.625435,-9.4191494
6.609375,-18.458944,-10.884332,-18.048733,-10.071538
6.6113281,-18.911158,-11.339004,-18.490442,-9.8508768
6.6132812,-19.395889,-11.012146,-18.936621,-9.7402267
6.6152343,-19.80407,-11.15244,-19.382502,-9.9357328
6.6171875,-20.247015,-11.841751,-19.814539,-10.445762
6.6191406,-20.716749,-11.918829,-20.223808,-10.982391
6.6210937,-21.155687,-11.609224,-20.671024,-10.430619
6.6230468,-21.565979,-11.895288,-21.115774,-10.614594
6.625,-22.008282,-12.619499,-21.538065,-11.342472
6.6269531,-22.48324,-12.339647,-21.964239,-11.781828
6.6289062,-22.907949,-12.107101,-22.384909,-11.310517
6.6308593,-23.325689,-12.763956,-22.81945,-10.976962
6.6328125,-23.766226,-13.20739,-23.248615,-12.1285
6.6347656,-24.201845,-12.929331,-23.683094,-12.154547
6.6367187,-24.632278,-12.732089,-24.093605,-11.60246
6.6386718,-25.050314,-13.541582,-24.502623,-12.122446
6.640625,-25.464138,-13.909299,-24.90703,-12.762577
6.6425781,-25.883272,-13.365643,-25.305382,-12.435626
6.6445312,-26.293226,-13.310792,-25.765448,-12.279532
6.6464843,-26.716373,-14.064116,-26.175564,-13.315479
6.6484375,-27.126637,-14.381048,-26.556061,-13.474508
6.6503906,-27.534281,-14.066028,-26.966639,-12.434405
6.6523437,-27.950439,-14.248122,-27.366201,-12.810732
6.6542968,-28.331823,-14.390407,-27.757513,-14.29471
6.65625,-28.730089,-14.486644,-28.143938,-14.045815
6.6582031,-29.136553,-14.735614,-28.533447,-12.976856
6.6601562,-29.519901,-15.061027,-28.918394,-13.648365
6.6621093,-29.903036,-14.843853,-29.310469,-15.043995
6.6640625,-30.288939,-14.657616,-29.69121,-14.086773
6.6660156,-30.681713,-15.433643,-30.084085,-13.084686
6.6679687,-31.052895,-15.612841,-30.464666,-14.66429
6.6699218,-31.404558,-15.445089,-30.818842,-15.439926
6.671875,-31.776999,-15.390796,-31.201384,-14.429358
6.6738281,-32.136772,-15.578746,-31.574562,-13.832316
6.6757812,-32.487968,-15.782914,-31.934374,-15.068068
6.6777343,-32.848587,-15.950644,-32.281643,-15.905546
6.6796875,-33.174496,-16.306829,-32.634186,-14.725977
6.6816406,-33.505966,-16.249279,-32.988007,-14.584123
6.6835937,-33.846138,-16.046021,-33.309467,-15.73536
6.6855468,-34.169899,-16.202303,-33.652607,-15.849013
6.6875,-34.491421,-16.659288,-33.972549,-15.240714
6.6894531,-34.802517,-17.006573,-34.292862,-15.309204
6.6914062,-35.111931,-16.863197,-34.642761,-16.022003
6.6933593,-35.406734,-16.16083,-34.929424,-16.232397
6.6953125,-35.694279,-16.635542,-35.220749,-15.765215
6.6972656,-35.976418,-17.646809,-35.528061,-15.900504
6.6992187,-36.243496,-17.341393,-35.811111,-16.442705
6.7011718,-36.505409,-16.73592,-36.092136,-16.400591
6.703125,-36.756409,-17.014435,-36.371952,-16.167774
6.7050781,-36.996582,-17.923616,-36.636284,-16.301441
6.7070312,-37.226604,-17.737247,-36.892105,-16.746271
6.7089843,-37.460781,-17.145723,-37.141365,-16.798773
6.7109375,-37.678787,-17.686396,-37.376671,-16.434488
6.7128906,-37.874416,-18.191092,-37.608566,-16.639622
6.7148437,-38.085102,-17.94718,-37.8423,-17.143568
6.7167968,-38.273769,-17.699747,-38.082645,-17.140404
6.71875,-38.452225,-17.994106,-38.255875,-16.85129
6.7207031,-38.626236,-18.320791,-38.430889,-16.748697
6.7226562,-38.785347,-18.115805,-38.646873,-17.027515
6.7246093,-38.948135,-17.959406,-38.80925,-17.405355
6.7265625,-39.082237,-18.318638,-38.952923,-17.43219
6.7285156,-39.211636,-18.576723,-39.093624,-17.086676
6.7304687,-39.337902,-18.323223,-39.231724,-17.082747
6.7324218,-39.456036,-18.293907,-39.36729,-17.700529
6.734375,-39.562023,-18.729776,-39.483181,-17.934874
6.7363281,-39.655056,-18.819744,-39.589375,-17.419405
6.7382812,-39.745544,-18.468206,-39.688393,-17.246756
6.7402343,-39.823753,-18.437004,-39.784439,-17.798252
6.7421875,-39.889893,-18.901613,-39.857655,-18.110199
6.7441406,-39.954189,-19.007616,-39.897438,-17.704826
6.7460937,-40.018707,-18.642897,-39.966335,-17.432295
6.7480468,-40.067261,-18.651789,-40.022743,-17.968372
6.75,-40.100143,-18.959919,-40.063114,-18.391665
6.7519531,-40.138306,-18.97772,-40.122456,-17.882463
6.7539062,-40.176441,-18.711306,-40.135361,-17.497999
6.7558593,-40.192448,-18.78828,-40.161629,-17.913363
6.7578125,-40.210819,-19.04212,-40.201565,-18.342335
6.7597656,-40.205505,-19.000473,-40.206337,-18.015854
6.7617187,-40.213505,-18.9727,-40.211555,-17.884571
6.7636718,-40.233192,-18.767744,-40.206318,-18.31852
6.765625,-40.222481,-18.571772,-40.205986,-17.981249
6.7675781,-40.211826,-18.288292,-40.219948,-17.669209
6.7695312,-40.19561,-18.167336,-40.201424,-17.397451
6.7714843,-40.191528,-18.678511,-40.184181,-17.054646
6.7734375,-40.159775,-18.660877,-40.163761,-17.655777
6.7753906,-40.12104,-18.102432,-40.132626,-17.956879
6.7773437,-40.09285,-18.019398,-40.117188,-17.365849
6.7792968,-40.052204,-18.497236,-40.081306,-17.036358
6.78125,-40.000561,-18.505594,-40.040295,-17.416029
6.7832031,-39.941437,-17.922178,-39.984386,-17.58486
6.7851562,-39.89798,-17.848671,-39.915554,-17.066216
6.7871093,-39.825356,-18.252132,-39.8708,-16.87249
6.7890625,-39.76329,-18.222765,-39.807312,-17.39044
6.7910156,-39.6875,-17.6173,-39.71785,-17.445587
6.7929687,-39.584301,-17.548542,-39.634701,-16.812788
6.7949218,-39.513199,-17.948233,-39.54443,-16.616318
6.796875,-39.421787,-17.832386,-39.481712,-17.098185
6.7988281,-39.314831,-17.441231,-39.376873,-17.283947
6.8007812,-39.211178,-17.373419,-39.257885,-16.570408
6.8027343,-39.094093,-17.512825,-39.182159,-16.12578
6.8046875,-38.974815,-17.34207,-39.052448,-16.674807
6.8066406,-38.864048,-17.091169,-38.931492,-16.867456
6.8085937,-38.728775,-17.156504,-38.808083,-16.192976
6.8105468,-38.593407,-17.140289,-38.684319,-15.864116
6.8125,-38.464478,-16.799021,-38.568302,-16.267492
6.8144531,-38.304211,-16.689377,-38.413857,-16.329912
6.8164062,-38.151276,-16.917761,-38.274715,-15.780613
6.8183593,-37.997162,-16.74954,-38.126705,-15.593493
6.8203125,-37.832169,-16.368237,-37.970139,-15.879212
6.8222656,-37.664608,-16.411896,-37.8092,-15.955121
6.8242187,-37.491829,-16.491171,-37.626957,-15.546374
6.8261718,-37.309204,-16.270262,-37.454327,-15.166201
6.828125,-37.126156,-16.00511,-37.272518,-15.443944
6.8300781,-36.956665,-15.945169,-37.082169,-15.655275
6.8320312,-36.756435,-16.014479,-36.894638,-15.164
6.8339843,-36.556034,-15.913921,-36.692375,-14.766667
6.8359375,-36.363758,-15.465444,-36.47995,-15.003401
6.8378906,-36.158569,-15.361471,-36.277405,-15.204707
6.8398437,-35.956169,-15.630758,-36.070484,-14.788315
6.8417968,-35.733509,-15.410942,-35.861359,-14.434879
6.84375,-35.515358,-15.019732,-35.638844,-14.525828
6.8457031,-35.304943,-14.83961,-35.408978,-14.984385
6.8476562,-35.076385,-15.14785,-35.198887,-14.999204
6.8496093,-34.838131,-14.977227,-34.967026,-13.909833
6.8515625,-34.603207,-14.823679,-34.752911,-13.455462
6.8535156,-34.369373,-15.411339,-34.540348,-14.309272
6.8554687,-34.130836,-14.61287,-34.294956,-14.464286
6.8574218,-33.898426,-13.582092,-34.04702,-13.319765
6.859375,-33.668037,-14.104646,-33.808483,-12.935473
6.8613281,-33.418873,-14.728361,-33.576721,-13.81839
6.8632812,-33.167728,-13.933589,-33.321053,-13.978064
6.8652343,-32.925915,-13.027282,-33.063862,-12.949239
6.8671875,-32.669056,-13.558182,-32.815899,-12.512842
6.8691406,-32.401714,-14.128368,-32.558319,-13.227131
6.8710937,-32.12764,-13.502163,-32.291389,-13.390166
6.8730468,-31.846874,-12.681662,-32.020081,-12.462135
6.875,-31.566866,-13.034414,-31.752045,-11.999671
6.8769531,-31.284847,-13.604729,-31.479816,-12.570825
6.8789062,-30.987497,-13.107708,-31.200777,-12.919136
6.8808593,-30.694393,-12.323525,-30.909605,-12.187044
6.8828125,-30.417068,-12.452467,-30.60965,-11.478167
6.8847656,-30.104006,-12.92762,-30.315193,-11.91025
6.8867187,-29.795477,-12.573912,-30.007328,-12.345716
6.8886718,-29.492033,-11.876804,-29.723043,-11.754617
6.890625,-29.17359,-11.888301,-29.426949,-11.1795
6.8925781,-28.873663,-12.30172,-29.097965,-11.383589
6.8945312,-28.53059,-11.973976,-28.793877,-11.548914
6.8964843,-28.197958,-11.443699,-28.465242,-11.047439
6.8984375,-27.884014,-11.51425,-28.127649,-10.599884
6.9003906,-27.552723,-11.631529,-27.796659,-10.834551
6.9023437,-27.210054,-11.418076,-27.451456,-11.050241
6.9042968,-26.863508,-10.860567,-27.10058,-10.653694
6.90625,-26.525396,-10.750271,-26.755077,-10.173745
6.9082031,-26.158087,-11.130106,-26.419659,-10.169327
6.9101562,-25.823889,-10.815739,-26.061852,-10.306202
6.9121093,-25.472174,-10.279819,-25.702568,-10.232267
6.9140625,-25.099648,-10.311684,-25.351854,-9.7213821
6.9160156,-24.740259,-10.392817,-24.988949,-9.1732759
6.9179687,-24.360216,-10.092297,-24.633844,-9.6777381
6.9199218,-23.995518,-9.7211408,-24.278557,-9.9488601
6.921875,-23.624138,-9.7171478,-23.885555,-8.9295921
6.9238281,-23.246717,-9.8705053,-23.505333,-8.5270233
6.9257812,-22.85107,-9.631422,-23.132658,-9.0603303
6.9277343,-22.470552,-9.0335235,-22.748209,-8.9639968
6.9296875,-22.091312,-8.9799413,-22.378107,-8.3719482
6.9316406,-21.667749,-9.1344709,-21.974733,-8.3318519
6.9335937,-21.27367,-8.8865833,-21.566797,-8.3051281
6.9355468,-20.884333,-8.6322975,-21.192879,-7.9086036
6.9375,-20.478394,-8.4764852,-20.810005,-7.6774997
6.9394531,-20.085152,-8.4203424,-20.383493,-7.7661643
6.9414062,-19.665874,-8.1153564,-19.971354,-7.7200226
6.9433593,-19.252102,-7.8431987,-19.575365,-7.0136556
6.9453125,-18.854973,-7.6992688,-19.164106,-7.0654296
6.9472656,-18.451725,-7.4309864,-18.73258,-7.4247236
6.9492187,-18.025112,-7.4257111,-18.317785,-6.4770302
6.9511718,-17.591724,-7.3575716,-17.927179,-5.9571294
6.953125,-17.188816,-7.0335965,-17.505398,-6.7865347
6.9550781,-16.769604,-6.7664389,-17.094275,-6.9098029
6.9570312,-16.343559,-6.556993,-16.666304,-5.4515948
6.9589843,-15.899076,-6.1832222,-16.254465,-4.8192677
6.9609375,-15.468879,-6.1646738,-15.847122,-5.7463951
6.9628906,-15.052093,-6.0679278,-15.404403,-5.9165973
6.9648437,-14.602192,-5.6133995,-14.962599,-4.530054
6.9667968,-14.154488,-5.6009807,-14.527857,-3.9156305
6.96875,-13.72262,-5.3730764,-14.110806,-4.9379291
6.9707031,-13.300033,-4.9859767,-13.665157,-5.0642075
6.9726562,-12.852184,-4.5035729,-13.211972,-3.8308663
6.9746093,-12.395644,-4.5524487,-12.791925,-3.1163532
6.9765625,-11.922003,-4.5228142,-12.378518,-3.410506
6.9785156,-11.487054,-3.7478566,-11.932564,-3.7156891
6.9804687,-11.074247,-3.5301141,-11.481232,-2.9518706
6.9824218,-10.61177,-3.5975067,-11.040745,-1.9087802
6.984375,-10.14863,-3.6295487,-10.589551,-1.9831817
6.9863281,-9.6835632,-2.68945,-10.128501,-2.4137773
6.9882812,-9.2479152,-1.7494127,-9.679696,-1.831736
6.9902343,-8.8053493,-2.2247216,-9.2408933,-0.79899234
6.9921875,-8.3375482,-2.885699,-8.7746801,-1.0880225
6.9941406,-7.8379874,-1.9184416,-8.3058767,-1.3807182
6.9960937,-7.3785214,-0.26996663,-7.8381409,-0.14032887
6.9980468,-6.9661455,-0.8035993,-7.3821225,0.50461936
7.0,-6.4604578,-1.737522,-6.9279909,0.011112854
7.0019531,-5.9916896,-0.44223192,-6.4555387,-0.40625802
7.0039062,-5.5278067,0.92482954,-5.9851574,0.17402637
7.0058593,-5.0306258,0.26318026,-5.5209207,0.64545888
7.0078125,-4.584239,-0.54186398,-5.0939488,-0.095289819
7.0097656,-4.112349,0.16599628,-4.6369113,0.07087943
7.0117187,-3.6454172,1.1327058,-4.1469073,0.83876896
7.0136718,-3.1926016,0.39568755,-3.6865973,0.59195691
7.015625,-2.710535,-0.1124815,-3.2256913,-0.17604725
7.0175781,-2.2423942,0.66476411,-2.7585771,-0.046960756
7.0195312,-1.7688158,0.79786932,-2.2868063,0.86944777
7.0214843,-1.2849173,0.29177547,-1.7924213,0.45410448
7.0234375,-0.81184751,-0.15388031,-1.3301984,-0.16776255
7.0253906,-0.31719473,0.50102431,-0.8822397,0.34331876
7.0273437,0.15224093,1.0238943,-0.39214799,0.62879109
7.0292968,0.62478048,0.064145215,0.075040668,0.65159941
7.03125,1.1097008,-0.24712467,0.55809718,0.086038046
7.0332031,1.5809772,1.0001374,1.0342675,-0.41244292
7.0351562,2.0641558,1.0084071,1.5118497,0.24825191
7.0371093,2.5444574,-0.27860221,2.000997,1.1451344
7.0390625,3.0388186,-0.33563849,2.4908318,1.0156066
7.0410156,3.5231511,0.88908142,2.9820709,0.10684077
7.0429687,4.0015916,1.5569118,3.4357833,0.26150876
7.0449218,4.4767994,0.78491694,3.9400534,1.5223373
7.046875,4.943788,0.91399848,4.4130406,2.8200626
7.0488281,5.4672513,2.4786801,4.8849864,2.0910174
7.0507812,5.9657058,3.1877021,5.3761529,0.95726746
7.0527343,6.3994588,2.8094511,5.8312697,3.0045535
7.0546875,6.8684501,3.2109153,6.3115267,4.9104471
7.0566406,7.3784618,4.2299933,6.7807493,3.8719365
7.0585937,7.8576159,4.1360464,7.2630553,2.8072803
7.0605468,8.3073043,4.2476711,7.741755,4.4617595
7.0625,8.7939243,5.0925846,8.2222356,6.153932
7.0644531,9.2724809,5.192883,8.7051487,5.0723986
7.0664062,9.7342119,5.6897268,9.1638097,4.8855495
7.0683593,10.206945,6.3736329,9.641571,6.4778795
7.0703125,10.659649,6.2043242,10.118308,6.4024658
7.0722656,11.137084,6.27917,10.586078,5.8204193
7.0742187,11.625386,7.1444401,11.047846,6.8105845
7.0761718,12.101618,7.5210108,11.531445,7.8831148
7.078125,12.550617,6.9191012,12.007008,7.4351739
7.0800781,13.000557,7.2353649,12.456319,6.8877792
7.0820312,13.476218,8.6208419,12.939009,7.9893031
7.0839843,13.917053,8.9899959,13.408846,8.8819179
7.0859375,14.413427,7.8502502,13.863752,8.4958934
7.0878906,14.88057,8.0921163,14.332684,8.4787664
7.0898437,15.308321,9.669856,14.811068,8.9063539
7.0917968,15.794785,9.7292537,15.267896,9.3350896
7.09375,16.269739,8.8989772,15.71736,9.3983097
7.0957031,16.704338,9.1495895,16.187462,9.4643411
7.0976562,17.135612,10.390664,16.642408,10.175706
7.0996093,17.610905,10.366006,17.084988,10.259918
7.1015625,18.07865,9.8433761,17.542871,10.040591
7.1035156,18.523962,10.582009,18.00956,10.281188
7.1054687,18.955124,10.786746,18.450106,10.637932
7.1074218,19.391586,10.459341,18.89147,11.186586
7.109375,19.843863,11.097119,19.355427,11.169187
7.1113281,20.286055,11.520275,19.788639,10.756639
7.1132812,20.717411,11.364068,20.220203,11.462174
7.1152343,21.160402,11.395132,20.679405,12.065912
7.1171875,21.57662,11.570087,21.116575,11.77543
7.1191406,22.010687,12.282992,21.557837,11.735913
7.1210937,22.447651,12.335977,21.99786,11.990822
7.1230468,22.837221,11.780295,22.429926,12.508672
7.125,23.271118,12.105803,22.851856,12.414355
7.1269531,23.701553,12.807632,23.267248,12.233894
7.1289062,24.126854,13.252146,23.689362,13.031689
7.1308593,24.524132,12.708889,24.099821,13.57644
7.1328125,24.900776,12.49375,24.509249,13.033267
7.1347656,25.324572,13.394753,24.907021,12.603051
7.1367187,25.742479,13.71582,25.308723,13.365001
7.1386718,26.138365,13.373255,25.71225,14.168759
7.140625,26.515333,13.28529,26.11916,13.757859
7.1425781,26.886951,13.773208,26.540493,13.364296
7.1445312,27.280071,14.157262,26.940746,14.112541
7.1464843,27.685631,14.070767,27.322775,14.424327
7.1484375,28.032024,14.048806,27.688547,14.075192
7.1503906,28.390734,14.257455,28.069368,14.259581
7.1523437,28.780725,14.360194,28.442381,14.605436
7.1542968,29.142509,14.343551,28.790546,14.788533
7.15625,29.493431,14.667287,29.167665,14.874751
7.1582031,29.847631,15.072958,29.524597,14.823501
7.1601562,30.213266,15.050476,29.874834,14.993725
7.1621093,30.542152,14.867126,30.246408,15.347144
7.1640625,30.88271,14.933995,30.591372,15.444921
7.1660156,31.232475,15.389199,30.934921,15.307122
7.1679687,31.553785,15.696921,31.274626,15.348391
7.1699218,31.86775,15.447414,31.591608,15.858585
7.171875,32.181164,15.298796,31.909002,15.988805
7.1738281,32.484364,15.807295,32.224068,15.499858
7.1757812,32.789623,16.15983,32.53915,15.881851
7.1777343,33.095184,15.970104,32.864468,16.681067
7.1796875,33.383511,15.96203,33.161167,16.50135
7.1816406,33.673084,16.220409,33.436584,15.978102
7.1835937,33.941189,16.457029,33.751751,16.20853
7.1855468,34.221561,16.32979,34.047806,16.94796
7.1875,34.505348,16.31016,34.313637,17.010763
7.1894531,34.766666,16.739191,34.569553,16.564774
7.1914062,35.027813,16.98575,34.832767,16.61758
7.1933593,35.275963,16.70755,35.077709,17.220728
7.1953125,35.521729,16.535484,35.319218,17.511032
7.1972656,35.785313,17.087126,35.580154,17.173239
7.1992187,36.010185,17.456631,35.792786,17.151207
7.2011718,36.201847,17.189693,36.033142,17.577972
7.203125,36.436996,16.967169,36.265995,17.679487
7.2050781,36.656364,17.327007,36.481354,17.573128
7.2070312,36.841965,17.951946,36.713295,17.707714
7.2089843,37.02969,18.06856,36.91597,17.858999
7.2109375,37.232071,17.557217,37.118366,17.896795
7.2128906,37.44249,17.253036,37.30201,17.846415
7.2148437,37.622307,17.829723,37.478546,17.975082
7.2167968,37.792202,18.3269,37.672699,18.503763
7.21875,37.975822,17.775963,37.859039,18.436178
7.2207031,38.137482,17.298616,38.012199,17.859997
7.2226562,38.283485,17.98699,38.174076,18.049459
7.2246093,38.43396,18.584518,38.341496,18.597082
7.2265625,38.583271,18.16161,38.483219,18.557083
7.2285156,38.724827,17.698797,38.614559,18.230545
7.2304687,38.852566,18.141371,38.742069,18.283924
7.2324218,38.977055,18.73418,38.867981,18.670345
7.234375,39.086937,18.379328,38.966061,18.839106
7.2363281,39.193489,17.89237,39.088421,18.569748
7.2382812,39.290035,18.269213,39.202202,18.497978
7.2402343,39.381336,18.877697,39.288376,18.868759
7.2421875,39.462837,18.691998,39.374207,18.942326
7.2441406,39.529686,18.129238,39.44556,18.624607
7.2460937,39.602375,18.336565,39.51572,18.606487
7.2480468,39.661201,18.949461,39.586025,19.035089
7.25,39.716152,18.899899,39.631599,19.162424
7.2519531,39.76572,18.365795,39.669182,18.80337
7.2539062,39.796616,18.344591,39.724964,18.707724
7.2558593,39.831192,18.898638,39.758438,19.044718
7.2578125,39.864449,18.96454,39.79491,19.228842
7.2597656,39.880749,18.498274,39.824593,18.881685
7.2617187,39.894756,18.483772,39.835709,18.686243
7.2636718,39.907093,18.965048,39.849014,19.026375
7.265625,39.90686,19.012482,39.858925,19.182255
7.2675781,39.908772,18.524265,39.855503,19.063009
7.2695312,39.915192,18.039242,39.853767,18.843828
7.2714843,39.900536,17.030865,39.855438,18.103943
7.2734375,39.887844,16.327253,39.842361,17.084419
7.2753906,39.871784,17.151354,39.829891,17.051441
7.2773437,39.837765,17.813381,39.79792,17.944744
7.2792968,39.788799,17.000378,39.747643,17.979464
7.28125,39.739964,16.192974,39.715946,17.064915
7.2832031,39.677105,16.857628,39.665642,17.050817
7.2851562,39.592007,17.621599,39.595421,17.973814
7.2871093,39.514713,17.004356,39.522121,17.825228
7.2890625,39.42807,16.25939,39.4263,16.806911
7.2910156,39.344875,16.768305,39.353218,16.899853
7.2929687,39.2449,17.466387,39.269463,17.743904
7.2949218,39.146294,16.760395,39.163273,17.676743
7.296875,39.047211,15.874562,39.076614,16.821676
7.2988281,38.942207,16.390434,38.962917,16.64134
7.3007812,38.83514,17.06675,38.845684,17.323341
7.3027343,38.698578,16.42857,38.742321,17.452871
7.3046875,38.583607,15.474717,38.633202,16.632198
7.3066406,38.468807,15.900658,38.512695,16.22854
7.3085937,38.319973,16.612217,38.37595,16.699724
7.3105468,38.16909,16.102333,38.243275,16.835468
7.3125,38.034424,15.325254,38.111874,16.237429
7.3144531,37.880417,15.592142,37.976528,15.968419
7.3164062,37.720566,16.221991,37.832722,16.347618
7.3183593,37.557602,15.834,37.676586,16.339436
7.3203125,37.378815,15.465364,37.514828,15.793423
7.3222656,37.212944,15.639451,37.35117,15.680671
7.3242187,37.038551,15.459415,37.173126,15.983307
7.3261718,36.864185,15.166045,37.002228,15.881237
7.328125,36.689392,15.12199,36.841629,15.467288
7.3300781,36.507103,15.233436,36.647968,15.455577
7.3320312,36.317955,14.968572,36.442997,15.536917
7.3339843,36.126904,14.565877,36.251831,15.227118
7.3359375,35.936245,14.672504,36.052738,15.026573
7.3378906,35.738499,14.813834,35.85149,15.244396
7.3398437,35.533775,14.576323,35.646275,15.286639
7.3417968,35.332851,14.227806,35.432335,14.808929
7.34375,35.120937,14.303544,35.214596,14.55666
7.3457031,34.893353,14.45937,34.988934,14.739834
7.3476562,34.681049,13.972467,34.756744,14.702312
7.3496093,34.460106,13.730276,34.52066,14.386001
7.3515625,34.232719,14.051517,34.2882,14.218968
7.3535156,34.002254,13.858654,34.052071,14.262824
7.3554687,33.766712,13.418877,33.821953,14.268291
7.3574218,33.51313,13.399678,33.579105,13.957441
7.359375,33.264149,13.45649,33.32782,13.692341
7.3613281,33.033958,13.355565,33.078472,13.850758
7.3632812,32.770439,13.114671,32.825493,13.693404
7.3652343,32.51244,13.054887,32.575153,13.352001
7.3671875,32.247387,12.948066,32.312412,13.440453
7.3691406,31.969984,12.725202,32.051392,13.321739
7.3710937,31.695248,12.772606,31.778885,12.909288
7.3730468,31.414639,12.424634,31.508713,12.952969
7.375,31.139938,12.357846,31.224937,13.080906
7.3769531,30.854839,12.626845,30.928886,12.709463
7.3789062,30.56706,12.288671,30.657759,12.457798
7.3808593,30.259409,11.888252,30.357166,12.490967
7.3828125,29.959583,11.831957,30.049229,12.432383
7.3847656,29.662834,11.927919,29.774195,12.360933
7.3867187,29.348606,11.850216,29.493799,12.169876
7.3886718,29.035105,11.771285,29.184362,11.912645
7.390625,28.715858,11.472237,28.863655,11.886218
7.3925781,28.396353,11.162395,28.547234,11.594375
7.3945312,28.079889,11.25874,28.240889,11.260329
7.3964843,27.760532,11.285234,27.93693,11.632733
7.3984375,27.414621,10.942056,27.616514,11.592253
7.4003906,27.075348,10.885472,27.290327,10.947728
7.4023437,26.765247,11.007933,26.957096,10.904399
7.4042968,26.423731,10.534632,26.628683,11.048185
7.40625,26.061014,10.154806,26.287189,10.87034
7.4082031,25.726589,10.526007,25.941523,10.491529
7.4101562,25.385185,10.600817,25.60421,10.331652
7.4121093,25.02651,9.6678018,25.24675,10.433953
7.4140625,24.677591,9.6043815,24.895901,10.38104
7.4160156,24.323984,10.009593,24.528244,10.170528
7.4179687,23.955774,9.7260999,24.172293,9.8793172
7.4199218,23.598213,9.2307348,23.803442,9.8324956
7.421875,23.246099,9.0012626,23.419796,9.815505
7.4238281,22.88225,9.4060735,23.07756,9.5146226
7.4257812,22.511045,9.2425518,22.70719,9.2562227
7.4277343,22.118631,8.903963,22.341421,9.2047815
7.4296875,21.746336,8.6838159,21.982269,8.980751
7.4316406,21.388092,8.3429203,21.608418,8.9018278
7.4335937,20.999641,8.2538337,21.224993,8.7189865
7.4355468,20.616409,8.5072221,20.827549,8.2720165
7.4375,20.235777,8.3875417,20.438904,8.4886102
7.4394531,19.84297,7.418571,20.041925,8.3724126
7.4414062,19.457842,7.3563652,19.660107,7.80552
7.4433593,19.067354,7.8558158,19.28447,7.9404063
7.4453125,18.671438,7.529829,18.867558,7.8913412
7.4472656,18.287992,6.9082212,18.487761,7.4646735
7.4492187,17.885466,6.8499279,18.128263,7.0842733
7.4511718,17.487772,6.9834537,17.697367,6.9045205
7.453125,17.087118,6.7284469,17.281668,7.2387957
7.4550781,16.685007,6.2299199,16.876898,6.9350223
7.4570312,16.280422,5.7704296,16.477226,6.1926994
7.4589843,15.869127,6.0969057,16.102934,6.0285458
7.4609375,15.473356,6.2334098,15.685986,6.6067829
7.4628906,15.045927,5.6220493,15.254161,6.4201607
7.4648437,14.628703,5.1314005,14.846078,4.9268684
7.4667968,14.216195,4.8343081,14.449375,5.0995349
7.46875,13.800094,5.1207857,14.031349,6.3155903
7.4707031,13.383256,4.8523621,13.602769,5.3293929
7.4726562,12.957502,3.9554812,13.192544,3.6895811
7.4746093,12.543193,3.8942923,12.798985,4.4965839
7.4765625,12.119387,4.0976119,12.358377,5.3743491
7.4785156,11.689483,3.6794931,11.920246,4.0142073
7.4804687,11.259591,2.8802502,11.506031,2.708173
7.4824218,10.838323,3.0853061,11.081806,3.1843817
7.484375,10.404779,3.128591,10.695109,4.0315432
7.4863281,9.9686327,2.1364533,10.247836,3.3405859
7.4882812,9.539463,1.8391466,9.8163471,1.9019925
7.4902343,9.1087703,1.9159437,9.3997774,1.856749
7.4921875,8.6765422,1.4311791,8.9425954,2.7887151
7.4941406,8.2390537,0.77771097,8.5149765,2.0144875
7.4960937,7.796205,0.85597104,8.0678443,0.69945687
7.4980468,7.3524985,0.89677507,7.615736,1.1247053
7.5,6.9181027,0.079471178,7.1801567,1.3535643
7.5019531,6.4686336,-0.3934038,6.7670741,0.24459298
7.5039062,6.0332408,-0.14969064,6.3254332,-0.16880685
7.5058593,5.5857539,0.095087364,5.8762025,0.55766851
7.5078125,5.1292629,-0.10937217,5.4352769,0.33767134
7.5097656,4.6871104,-0.35248503,4.9859957,-0.33999047
7.5117187,4.2425174,-0.44539446,4.5673999,-0.10230274
7.5136718,3.7954776,-0.32872471,4.1131157,-0.10506202
7.515625,3.3248894,0.046593394,3.6252758,-0.28695467
7.5175781,2.8825936,-0.27185437,3.1679387,-0.2832697
7.5195312,2.4259657,-0.45838735,2.7253258,-0.23392987
7.5214843,1.9689204,-0.2019943,2.2788031,0.065864317
7.5234375,1.5306392,-0.12424725,1.8308054,-0.20567431
7.5253906,1.0674471,-0.12125247,1.3896993,-0.37428579
7.5273437,0.61944675,-0.4943257,0.93516922,0.1392998
7.5292968,0.15839258,-0.4492605,0.45571131,0.0057358625
7.53125,-0.30397812,0.13612178,-0.012470126,-0.58626813
7.5332031,-0.76780427,0.043090459,-0.44890651,-0.26718682
7.5351562,-1.2158919,-0.69136792,-0.8982175,0.38641855
7.5371093,-1.6607459,-0.34091818,-1.3898961,-0.19728972
7.5390625,-2.1465344,0.14513698,-1.8239316,-0.70714599
7.5410156,-2.5947499,-0.80745673,-2.270523,-0.1039939
7.5429687,-3.0431647,-1.7151989,-2.7499494,0.22876504
7.5449218,-3.5109217,-1.5295275,-3.2070629,-0.33994564
7.546875,-3.9569222,-1.2835998,-3.6533062,-0.74553102
7.5488281,-4.4169101,-2.3219878,-4.0970368,-0.35919967
7.5507812,-4.8745045,-3.572189,-4.5717897,-0.77917027
7.5527343,-5.3284196,-3.5053753,-4.9978752,-1.371823
7.5546875,-5.788722,-2.9161214,-5.4709162,-1.0963023
7.5566406,-6.2413611,-3.6629502,-5.9427914,-1.6574758
7.5585937,-6.7051944,-4.9103751,-6.3811407,-2.7650923
7.5605468,-7.1620788,-4.8737845,-6.8539619,-2.7144384
7.5625,-7.6164979,-4.6326446,-7.2875037,-2.7786839
7.5644531,-8.081501,-5.0991363,-7.7339873,-3.3913226
7.5664062,-8.5317211,-6.089672,-8.1927328,-3.6193549
7.5683593,-8.9950771,-6.2973198,-8.6789579,-4.2368388
7.5703125,-9.4556312,-5.654355,-9.1459312,-4.5944089
7.5722656,-9.9007453,-6.387484,-9.5735378,-4.7357196
7.5742187,-10.356075,-7.5098533,-10.025353,-4.9928593
7.5761718,-10.804166,-7.2991924,-10.457258,-5.3194508
7.578125,-11.265525,-6.8243303,-10.898469,-5.8560786
7.5800781,-11.729416,-7.5029974,-11.380575,-6.0788149
7.5820312,-12.188603,-8.340413,-11.854251,-6.3205313
7.5839843,-12.65401,-8.2122793,-12.293537,-6.1541948
7.5859375,-13.080141,-8.2334947,-12.729254,-6.7496771
7.5878906,-13.532046,-8.6457977,-13.164022,-7.9371562
7.5898437,-14.013565,-9.1524581,-13.609051,-7.3013782
7.5917968,-14.444516,-9.161292,-14.066058,-6.6309604
7.59375,-14.904202,-8.9979286,-14.517737,-7.8270902
7.5957031,-15.365344,-9.9632988,-14.952934,-8.9944305
7.5976562,-15.799349,-10.101281,-15.371653,-8.3653554
7.5996093,-16.271166,-9.2178802,-15.827162,-7.8142523
7.6015625,-16.717709,-10.00878,-16.283659,-8.653387
7.6035156,-17.166517,-10.966545,-16.732939,-9.528202
7.6054687,-17.618242,-10.70785,-17.179087,-9.4831237
7.6074218,-18.059023,-10.354106,-17.610048,-8.9649286
7.609375,-18.518198,-10.88859,-18.055069,-9.4173727
7.6113281,-18.956514,-11.444584,-18.490088,-10.050941
7.6132812,-19.411053,-11.059429,-18.936356,-10.138316
7.6152343,-19.874935,-11.351507,-19.369946,-10.288404
7.6171875,-20.296469,-11.937346,-19.793325,-10.187842
7.6191406,-20.734982,-11.74491,-20.252062,-10.375997
7.6210937,-21.207373,-11.771004,-20.68401,-10.926135
7.6230468,-21.630356,-12.324744,-21.106052,-10.948412
7.625,-22.054308,-12.370253,-21.535675,-10.949369
7.6269531,-22.506559,-12.123639,-21.966164,-11.531759
7.6289062,-22.951191,-12.591461,-22.39731,-11.787117
7.6308593,-23.385588,-13.238477,-22.828342,-11.184421
7.6328125,-23.807962,-12.775363,-23.247957,-11.433043
7.6347656,-24.239161,-12.51466,-23.65913,-12.551045
7.6367187,-24.668512,-13.750024,-24.090336,-12.339226
7.6386718,-25.094164,-13.750566,-24.502829,-11.820295
7.640625,-25.517284,-12.845012,-24.914537,-12.19683
7.6425781,-25.949911,-13.468892,-25.312883,-12.90237
7.6445312,-26.357653,-14.407185,-25.72928,-13.093812
7.6464843,-26.748018,-14.492641,-26.162971,-12.703073
7.6484375,-27.177734,-13.630378,-26.572601,-12.81233
7.6503906,-27.592421,-13.453076,-26.967382,-13.301295
7.6523437,-27.975554,-15.134714,-27.341591,-13.624104
7.6542968,-28.365765,-15.249856,-27.72559,-13.544853
7.65625,-28.777512,-13.700182,-28.118423,-13.508505
7.6582031,-29.188021,-14.467094,-28.530537,-13.657851
7.6601562,-29.563984,-15.760787,-28.938953,-14.087072
7.6621093,-29.938799,-14.98094,-29.341068,-14.226081
7.6640625,-30.331625,-14.496137,-29.730247,-13.866011
7.6660156,-30.725922,-15.469978,-30.101784,-14.375376
7.6679687,-31.072021,-16.107546,-30.478605,-14.789907
7.6699218,-31.430628,-15.363905,-30.83625,-14.352936
7.671875,-31.82527,-15.001354,-31.202868,-14.477171
7.6738281,-32.168877,-16.003483,-31.577791,-15.144995
7.6757812,-32.514679,-16.459265,-31.928555,-14.955254
7.6777343,-32.868896,-15.809606,-32.286713,-14.534669
7.6796875,-33.210587,-15.721351,-32.640995,-15.342986
7.6816406,-33.532494,-16.583549,-32.983234,-16.025509
7.6835937,-33.84845,-16.644526,-33.306667,-15.167427
7.6855468,-34.192425,-16.068497,-33.650856,-14.812344
7.6875,-34.518238,-16.38859,-34.006134,-15.970646
7.6894531,-34.821796,-17.039124,-34.312439,-16.345121
7.6914062,-35.123615,-16.947569,-34.635769,-15.512437
7.6933593,-35.408634,-16.603291,-34.941753,-15.489867
7.6953125,-35.685349,-16.998524,-35.241047,-16.348764
7.6972656,-35.962948,-17.560753,-35.555931,-16.515352
7.6992187,-36.230419,-17.234018,-35.852928,-15.942376
7.7011718,-36.494297,-16.900394,-36.12064,-15.951265
7.703125,-36.749123,-17.546402,-36.376575,-16.717718
7.7050781,-36.999531,-17.925798,-36.64661,-16.751577
7.7070312,-37.235046,-17.416821,-36.908211,-16.379694
7.7089843,-37.465557,-17.323372,-37.160736,-16.677568
7.7109375,-37.692139,-17.989201,-37.394798,-16.98844
7.7128906,-37.899033,-18.142756,-37.631477,-16.888485
7.7148437,-38.099174,-17.706423,-37.84663,-16.73328
7.7167968,-38.282825,-17.940395,-38.067558,-16.965256
7.71875,-38.460419,-18.361647,-38.273506,-17.294802
7.7207031,-38.629189,-18.149218,-38.438053,-17.162344
7.7226562,-38.796448,-18.025446,-38.627975,-16.903681
7.7246093,-38.955887,-18.408819,-38.813229,-17.130527
7.7265625,-39.09449,-18.600216,-38.963509,-17.595987
7.7285156,-39.228111,-18.290386,-39.105354,-17.557358
7.7304687,-39.359734,-18.23011,-39.261936,-17.121733
7.7324218,-39.470467,-18.672409,-39.385571,-17.30896
7.734375,-39.569386,-18.915592,-39.479332,-17.92218
7.7363281,-39.67765,-18.576517,-39.602695,-17.756142
7.7382812,-39.756325,-18.482302,-39.701866,-17.392174
7.7402343,-39.830841,-18.963554,-39.774345,-17.789841
7.7421875,-39.91235,-19.020258,-39.864281,-18.16692
7.7441406,-39.966194,-18.67198,-39.925594,-17.859055
7.7460937,-40.027164,-18.723413,-39.994392,-17.582649
7.7480468,-40.076027,-19.07937,-40.046207,-17.951729
7.75,-40.112473,-19.082439,-40.065163,-18.219799
7.7519531,-40.148472,-18.756834,-40.104424,-17.875113
7.7539062,-40.177395,-18.756678,-40.14296,-17.771952
7.7558593,-40.192234,-19.169144,-40.176865,-18.187906
7.7578125,-40.197666,-19.156065,-40.200859,-18.401012
7.7597656,-40.228271,-18.851017,-40.218925,-17.925201
7.7617187,-40.230476,-19.0777,-40.219852,-17.898973
7.7636718,-40.23587,-19.013325,-40.209969,-18.41576
7.765625,-40.23106,-18.661081,-40.212414,-18.038221
7.7675781,-40.21151,-18.329287,-40.227009,-17.747734
7.7695312,-40.214455,-18.214128,-40.206242,-17.506908
7.7714843,-40.18631,-18.814064,-40.187656,-17.164331
7.7734375,-40.160427,-18.870922,-40.178417,-17.730362
7.7753906,-40.136818,-18.173967,-40.151577,-18.021595
7.7773437,-40.103245,-18.051729,-40.129078,-17.436762
7.7792968,-40.059361,-18.623205,-40.087608,-17.030394
7.78125,-40.005943,-18.583475,-40.048611,-17.406113
7.7832031,-39.959435,-17.953611,-39.984909,-17.767801
7.7851562,-39.909706,-17.971649,-39.922798,-17.296806
7.7871093,-39.841869,-18.411032,-39.870762,-16.901089
7.7890625,-39.763714,-18.266701,-39.808487,-17.355532
7.7910156,-39.693127,-17.645586,-39.739677,-17.594852
7.7929687,-39.616695,-17.695761,-39.647507,-17.044968
7.7949218,-39.521568,-18.195202,-39.556122,-16.59701
7.796875,-39.423836,-17.941465,-39.478477,-16.968857
7.7988281,-39.3232,-17.294933,-39.390747,-17.407673
7.8007812,-39.224884,-17.416872,-39.291142,-16.831953
7.8027343,-39.108994,-17.872808,-39.184834,-16.231001
7.8046875,-38.978287,-17.558073,-39.06139,-16.606205
7.8066406,-38.860287,-16.948309,-38.95388,-16.867012
7.8085937,-38.737843,-17.077518,-38.836956,-16.387201
7.8105468,-38.60955,-17.54373,-38.702473,-15.93414
7.8125,-38.457649,-17.176474,-38.560944,-16.122719
7.8144531,-38.312859,-16.484804,-38.419247,-16.428953
7.8164062,-38.15683,-16.708529,-38.280941,-16.135504
7.8183593,-37.995651,-17.15344,-38.129902,-15.806487
7.8203125,-37.833023,-16.75984,-37.966545,-15.840167
7.8222656,-37.664394,-16.233612,-37.8013,-15.882859
7.8242187,-37.511307,-16.382586,-37.627369,-15.687293
7.8261718,-37.317837,-16.609825,-37.434677,-15.420761
7.828125,-37.140652,-16.281454,-37.25367,-15.473403
7.8300781,-36.957623,-15.761118,-37.063698,-15.551927
7.8320312,-36.767406,-15.886273,-36.878941,-15.293365
7.8339843,-36.587055,-16.235954,-36.680336,-15.106386
7.8359375,-36.369743,-15.764606,-36.471031,-15.081505
7.8378906,-36.163879,-15.266332,-36.273598,-15.0199
7.8398437,-35.96558,-15.491544,-36.053013,-14.780714
7.8417968,-35.752228,-15.690412,-35.876225,-14.677273
7.84375,-35.526134,-15.399154,-35.675453,-14.667934
7.8457031,-35.30685,-14.845065,-35.418816,-14.748528
7.8476562,-35.081585,-14.926923,-35.198399,-15.028633
7.8496093,-34.850716,-15.174832,-34.960545,-14.24415
7.8515625,-34.62413,-15.039952,-34.734241,-13.53104
7.8535156,-34.383316,-15.354527,-34.531876,-14.183976
7.8554687,-34.141205,-14.802401,-34.289165,-14.670886
7.8574218,-33.902222,-13.740417,-34.052326,-13.800269
7.859375,-33.672314,-14.041623,-33.833038,-12.814685
7.8613281,-33.428799,-14.733375,-33.588615,-13.480576
7.8632812,-33.168926,-14.270925,-33.336731,-14.187433
7.8652343,-32.920719,-13.232319,-33.080082,-13.386798
7.8671875,-32.662697,-13.411382,-32.821213,-12.474297
7.8691406,-32.401184,-14.173448,-32.590263,-12.925019
7.8710937,-32.125866,-13.799039,-32.303967,-13.593414
7.8730468,-31.84564,-12.895673,-32.015453,-12.875476
7.875,-31.573921,-12.969098,-31.770386,-11.981541
7.8769531,-31.284187,-13.573102,-31.475399,-12.407324
7.8789062,-30.997828,-13.310604,-31.19253,-13.029318
7.8808593,-30.711313,-12.489225,-30.909117,-12.412979
7.8828125,-30.416262,-12.515437,-30.618309,-11.633184
7.8847656,-30.116367,-12.946604,-30.341297,-11.956255
7.8867187,-29.802177,-12.600846,-30.018759,-12.34255
7.8886718,-29.484982,-11.983416,-29.692335,-11.753633
7.890625,-29.172638,-12.033965,-29.405554,-11.162795
7.8925781,-28.861496,-12.45866,-29.101282,-11.471769
7.8945312,-28.53809,-12.086361,-28.779348,-11.735772
7.8964843,-28.202736,-11.489442,-28.462696,-11.104023
7.8984375,-27.880327,-11.581177,-28.132299,-10.679496
7.9003906,-27.553194,-11.622985,-27.802082,-10.990835
7.9023437,-27.213598,-11.399828,-27.454325,-11.053658
7.9042968,-26.868595,-11.070943,-27.133091,-10.519933
7.90625,-26.527855,-10.907365,-26.796606,-10.212922
7.9082031,-26.190273,-11.048756,-26.424877,-10.433039
7.9101562,-25.820662,-10.936752,-26.085299,-10.296776
7.9121093,-25.455406,-10.488485,-25.722378,-9.8816576
7.9140625,-25.103727,-10.24229,-25.34277,-9.868041
7.9160156,-24.746136,-10.517801,-24.993599,-9.9023056
7.9179687,-24.380817,-10.405766,-24.6502,-9.4957876
7.9199218,-23.993858,-9.7421522,-24.271084,-9.3551235
7.921875,-23.624935,-9.5909595,-23.898674,-9.2869939
7.9238281,-23.249697,-9.8554821,-23.531097,-8.995491
7.9257812,-22.84967,-9.7198629,-23.133665,-8.9092454
7.9277343,-22.459551,-9.1581516,-22.752947,-8.7959175
7.9296875,-22.074333,-9.0709343,-22.37492,-8.7328424
7.9316406,-21.687567,-9.262269,-21.982361,-8.3230218
7.9335937,-21.294025,-9.0758123,-21.612864,-7.8999943
7.9355468,-20.88394,-8.5796299,-21.213024,-7.94282
7.9375,-20.480217,-8.321371,-20.794138,-8.202732
7.9394531,-20.095978,-8.4783783,-20.389473,-7.8718338
7.9414062,-19.678511,-8.3133983,-19.974844,-7.1519079
7.9433593,-19.257786,-7.81709,-19.561729,-7.1918239
7.9453125,-18.856634,-7.6307883,-19.140615,-7.4209413
7.9472656,-18.451603,-7.7597708,-18.725163,-7.1230359
7.9492187,-18.036779,-7.422739,-18.323473,-6.3232946
7.9511718,-17.611107,-7.0947861,-17.926517,-6.2440962
7.953125,-17.179724,-6.947227,-17.510479,-6.6589007
7.9550781,-16.745502,-6.6480741,-17.076571,-6.4731745
7.9570312,-16.33366,-6.6814208,-16.640699,-5.7865972
7.9589843,-15.891751,-6.5506844,-16.248013,-5.3156771
7.9609375,-15.441115,-6.1088228,-15.829885,-5.5817308
7.9628906,-15.025435,-5.6800847,-15.377014,-5.3204202
7.9648437,-14.594579,-5.7307977,-14.95872,-4.6116366
7.9667968,-14.163869,-5.8862338,-14.52775,-4.6368827
7.96875,-13.712237,-5.2180872,-14.110611,-4.7078633
7.9707031,-13.256626,-4.51551,-13.676889,-4.1649961
7.9726562,-12.847596,-4.8055105,-13.243038,-3.9363646
7.9746093,-12.400502,-4.9020466,-12.804465,-3.7158339
7.9765625,-11.922365,-4.0777626,-12.346177,-3.1792671
7.9785156,-11.489882,-3.8045129,-11.913643,-3.0104312
7.9804687,-11.060833,-3.8071332,-11.471773,-3.0790514
7.9824218,-10.610508,-3.329751,-11.024392,-2.7580072
7.984375,-10.158473,-2.926321,-10.561857,-1.7360894
7.9863281,-9.686304,-2.787373,-10.111978,-1.5696024
7.9882812,-9.2355823,-2.5818135,-9.6719226,-1.9490693
7.9902343,-8.7903709,-2.3566551,-9.2270536,-1.5229688
7.9921875,-8.3102197,-1.8105113,-8.7806644,-0.77695608
7.9941406,-7.8599619,-1.2557703,-8.3118782,-0.21015048
7.9960937,-7.3904557,-1.2542226,-7.8455672,-0.32261029
7.9980468,-6.9215574,-1.1019637,-7.3681173,-0.57250935
8.0,-6.4754729,-0.70611441,-6.9060268,-0.086171418
8.0019531,-5.9855122,-0.22875823,-6.4722819,0.62867707
8.0039062,-5.5153002,0.028618054,-6.0137081,0.37636653
8.0058593,-5.0707092,0.33666942,-5.5572743,-0.27301964
8.0078125,-4.5971159,0.33750573,-5.0902848,0.048548818
8.0097656,-4.1110658,-0.071342424,-4.6133732,0.71212012
8.0117187,-3.6437108,0.25131544,-4.1819176,0.76542521
8.0136718,-3.1756956,0.93277532,-3.7096531,0.093170755
8.015625,-2.6954414,0.74515879,-3.2335219,-0.092038691
8.0175781,-2.2345941,0.072663791,-2.781877,0.66295356
8.0195312,-1.7544615,0.0085423486,-2.2887511,0.46003959
8.0214843,-1.2720034,0.4631308,-1.8155497,0.20795891
8.0234375,-0.81254363,0.96976072,-1.348998,0.40996179
8.0253906,-0.33626577,0.59705114,-0.85257524,0.055334784
8.0273437,0.1516072,-0.026075378,-0.36238664,0.16417685
8.0292968,0.63614309,0.39387101,0.11491804,0.63019085
8.03125,1.1186574,0.70391691,0.56835854,0.46205732
8.0332031,1.6044068,0.51155943,1.0552017,-0.34949833
8.0351562,2.0725693,0.18177789,1.5329982,0.022252344
8.0371093,2.5599324,-0.18369748,1.9765927,1.0498272
8.0390625,3.0461454,0.52936411,2.4972896,0.86820084
8.0410156,3.5200996,0.87538004,2.9843807,0.32225788
8.0429687,3.9864578,0.46701768,3.4375305,0.47154292
8.0449218,4.4670996,0.49588692,3.9191193,1.4874084
8.046875,4.9666886,1.2096878,4.3970608,2.1886854
8.0488281,5.428277,2.8067278,4.8746728,1.8263636
8.0507812,5.9064302,3.2079379,5.3542037,1.8736596
8.0527343,6.3950657,2.3411936,5.8302955,2.9647259
8.0546875,6.8576383,2.3236715,6.3018746,3.4517447
8.0566406,7.3519916,4.0085568,6.7698922,3.5792086
8.0585937,7.8609809,5.3678913,7.2444696,4.1966977
8.0605468,8.2937812,4.3858928,7.7329373,4.5979428
8.0625,8.776514,3.4431319,8.2004203,4.5397133
8.0644531,9.2844858,5.0058665,8.6904602,4.7870912
8.0664062,9.7050666,6.9956464,9.1781377,5.7670803
8.0683593,10.179336,6.3513717,9.6301755,6.0991158
8.0703125,10.663118,4.8482689,10.098713,6.0135011
8.0722656,11.138297,5.9378624,10.58205,6.3682742
8.0742187,11.6085,8.1984233,11.059309,7.1091723
8.0761718,12.03888,7.9186725,11.52107,7.5254492
8.078125,12.512218,6.4362783,12.003502,6.9844965
8.0800781,12.997364,7.0501046,12.486773,7.1403031
8.0820312,13.451878,8.7374343,12.934792,8.2172327
8.0839843,13.898908,8.9676933,13.41535,8.6246757
8.0859375,14.372742,8.2177791,13.880054,8.4038219
8.0878906,14.847836,8.2934789,14.327778,8.4699411
8.0898437,15.289521,9.0120029,14.826341,8.6921043
8.0917968,15.747205,9.3378315,15.282864,9.2875642
8.09375,16.216465,9.1396637,15.726617,9.7348165
8.0957031,16.69964,9.6447792,16.194181,9.6115007
8.0976562,17.159082,10.37018,16.640099,9.7030706
8.0996093,17.549248,10.007103,17.099022,10.094432
8.1015625,18.011423,9.744606,17.555559,10.377782
8.1035156,18.501413,10.589995,18.005682,10.21827
8.1054687,18.934814,11.546437,18.455023,10.660646
8.1074218,19.351856,10.875239,18.889709,11.281603
8.109375,19.798895,10.10656,19.346672,10.952833
8.1113281,20.259285,11.335895,19.793852,10.914561
8.1132812,20.689156,12.365945,20.229454,11.777665
8.1152343,21.141233,11.678523,20.669037,12.128615
8.1171875,21.560154,10.857443,21.094532,11.512399
8.1191406,21.9674,11.682239,21.542622,11.570421
8.1210937,22.406822,13.116092,21.997261,12.398102
8.1230468,22.841536,12.547817,22.419693,12.557847
8.125,23.25313,11.574131,22.821388,12.317837
8.1269531,23.676758,12.522577,23.240379,12.402072
8.1289062,24.09816,13.498842,23.670057,12.924883
8.1308593,24.477074,13.034071,24.09778,13.415308
8.1328125,24.889027,12.560765,24.505655,13.29948
8.1347656,25.303202,13.126259,24.913023,13.004256
8.1367187,25.703369,13.879602,25.338066,13.162515
8.1386718,26.100622,13.672602,25.719809,13.694242
8.140625,26.490326,13.137682,26.114838,13.921972
8.1425781,26.891562,13.59712,26.53624,13.805142
8.1445312,27.256744,14.411546,26.926762,13.992447
8.1464843,27.63438,14.319567,27.308575,14.286638
8.1484375,28.008228,13.839581,27.685667,14.23057
8.1503906,28.387503,14.194235,28.076471,14.38029
8.1523437,28.784126,14.806871,28.444218,14.743747
8.1542968,29.127712,14.808595,28.795122,14.811828
8.15625,29.48094,14.477737,29.177151,14.757321
8.1582031,29.8419,14.629136,29.544344,14.991016
8.1601562,30.201077,15.31501,29.888502,15.375059
8.1621093,30.5333,15.406674,30.251535,15.040875
8.1640625,30.864517,14.948689,30.609856,14.776687
8.1660156,31.222105,15.01963,30.93767,15.804906
8.1679687,31.540644,15.692678,31.268513,16.126495
8.1699218,31.849634,15.94196,31.587461,15.341385
8.171875,32.159271,15.563344,31.910742,15.628327
8.1738281,32.482471,15.530656,32.218742,16.35339
8.1757812,32.780579,16.040335,32.520428,16.204903
8.1777343,33.072941,16.381639,32.845352,15.806211
8.1796875,33.37542,16.210115,33.135963,16.376936
8.1816406,33.651154,16.005089,33.435005,16.901611
8.1835937,33.942188,16.280701,33.727581,16.355667
8.1855468,34.199982,16.674265,34.009869,16.214516
8.1875,34.467297,16.71216,34.299667,16.879292
8.1894531,34.738918,16.606752,34.569187,17.395178
8.1914062,35.006283,16.709612,34.822544,16.961685
8.1933593,35.25951,16.982594,35.0741,16.551207
8.1953125,35.469849,17.08144,35.34684,17.238903
8.1972656,35.717045,16.988197,35.582115,17.846333
8.1992187,35.968163,17.039488,35.795517,17.474478
8.2011718,36.202023,17.338089,36.026245,17.019724
8.203125,36.406044,17.670668,36.244968,17.50877
8.2050781,36.614605,17.489281,36.485676,18.145418
8.2070312,36.831127,17.360552,36.705242,18.001493
8.2089843,37.030315,17.974199,36.889267,17.58762
8.2109375,37.223476,18.122757,37.103741,17.729702
8.2128906,37.418282,17.534292,37.289761,18.19454
8.2148437,37.627739,17.401451,37.46841,18.384924
8.2167968,37.814316,18.021091,37.650265,18.324083
8.21875,37.985439,18.350857,37.833363,18.086424
8.2207031,38.155582,17.78253,38.005184,18.12471
8.2226562,38.308319,17.51421,38.155602,18.483675
8.2246093,38.450413,18.147636,38.321709,18.534456
8.2265625,38.602444,18.600241,38.46344,18.288692
8.2285156,38.726109,18.270445,38.612534,18.332396
8.2304687,38.841732,17.934895,38.736835,18.691629
8.2324218,38.967922,18.306013,38.855175,18.73687
8.234375,39.077663,18.771427,38.978855,18.496965
8.2363281,39.173119,18.599279,39.078922,18.593893
8.2382812,39.265041,18.198618,39.183029,18.935062
8.2402343,39.364735,18.361761,39.271523,18.946606
8.2421875,39.441658,18.883612,39.359879,18.681997
8.2441406,39.503864,18.829622,39.43597,18.760809
8.2460937,39.569828,18.398932,39.496201,19.096802
8.2480468,39.641674,18.460512,39.560284,19.083889
8.25,39.692646,18.955729,39.637047,18.831923
8.2519531,39.726616,19.048328,39.679047,18.885281
8.2539062,39.770855,18.502943,39.72076,19.177343
8.2558593,39.822205,18.441261,39.771687,19.019453
8.2578125,39.8554,18.978613,39.788883,18.783463
8.2597656,39.874371,19.120922,39.812546,18.976086
8.2617187,39.886299,18.594898,39.82431,19.217552
8.2636718,39.903183,18.471237,39.835632,19.177551
8.265625,39.929775,19.087902,39.83506,19.053053
8.2675781,39.91135,18.892155,39.840611,19.143303
8.2695312,39.903122,17.995117,39.847786,18.971649
8.2714843,39.90934,16.776766,39.844559,18.377581
8.2734375,39.895481,16.422098,39.836052,17.40029
8.2753906,39.858883,17.686813,39.813721,16.881332
8.2773437,39.817997,17.964575,39.805145,17.677101
8.2792968,39.786724,16.752626,39.76796,18.257839
8.28125,39.727776,16.177517,39.721806,17.486509
8.2832031,39.664719,17.257761,39.671764,16.890957
8.2851562,39.585388,17.95319,39.588184,17.507093
8.2871093,39.489796,16.851189,39.513454,18.030764
8.2890625,39.413265,16.129139,39.442265,17.435337
8.2910156,39.330803,17.043839,39.36145,16.848011
8.2929687,39.235268,17.870985,39.269741,17.441082
8.2949218,39.145287,16.794228,39.154472,17.89666
8.296875,39.035835,15.638356,39.054047,17.188307
8.2988281,38.924507,16.411268,38.95076,16.588694
8.3007812,38.805103,17.386362,38.841667,17.225147
8.3027343,38.691723,16.69832,38.731579,17.753334
8.3046875,38.580391,15.440053,38.61113,16.842861
8.3066406,38.441658,15.869753,38.496662,16.105352
8.3085937,38.314415,16.898331,38.374344,16.653784
8.3105468,38.164089,16.29649,38.245537,17.147102
8.3125,38.018154,15.223332,38.095871,16.458805
8.3144531,37.880714,15.599196,37.969307,15.778504
8.3164062,37.71402,16.518143,37.830315,16.228134
8.3183593,37.543495,16.105362,37.665421,16.647652
8.3203125,37.374275,15.180458,37.509121,16.076834
8.3222656,37.207989,15.471774,37.345329,15.491062
8.3242187,37.033943,16.087746,37.183617,15.813295
8.3261718,36.859673,15.564421,36.999977,16.229267
8.328125,36.677349,14.775099,36.81319,15.814873
8.3300781,36.486324,15.012146,36.627842,15.169945
8.3320312,36.313515,15.492349,36.441467,15.345058
8.3339843,36.121471,15.005733,36.257973,15.801553
8.3359375,35.917767,14.366472,36.054497,15.397419
8.3378906,35.724602,14.663662,35.841671,14.82081
8.3398437,35.513874,15.026164,35.62989,15.022754
8.3417968,35.313923,14.526925,35.409225,15.231173
8.34375,35.102753,14.10408,35.201645,14.926804
8.3457031,34.879559,14.358921,34.986023,14.587037
8.3476562,34.665321,14.423229,34.760666,14.614258
8.3496093,34.43837,14.010493,34.521183,14.712481
8.3515625,34.211845,13.782107,34.268139,14.388581
8.3535156,33.975124,13.8758,34.039772,14.057142
8.3554687,33.73613,13.907593,33.807041,14.210269
8.3574218,33.506756,13.536976,33.560307,14.359801
8.359375,33.26585,13.25097,33.31078,13.938455
8.3613281,33.005634,13.530493,33.068249,13.610772
8.3632812,32.744255,13.40136,32.821796,13.618665
8.3652343,32.489964,12.915889,32.563675,13.682218
8.3671875,32.224304,12.914777,32.306103,13.623343
8.3691406,31.952753,13.04764,32.035099,13.191883
8.3710937,31.679279,12.861862,31.766237,12.966199
8.3730468,31.405722,12.533085,31.48831,13.187415
8.375,31.119715,12.534024,31.211042,13.268899
8.3769531,30.829006,12.620593,30.932003,12.698857
8.3789062,30.548571,12.166878,30.624544,12.39923
8.3808593,30.241169,11.908512,30.362823,12.798558
8.3828125,29.939281,12.293103,30.083252,12.677822
8.3847656,29.64464,12.181331,29.7591,12.138721
8.3867187,29.330612,11.593935,29.464672,12.019958
8.3886718,29.02667,11.637295,29.176733,12.225829
8.390625,28.70595,11.805164,28.861887,11.9238
8.3925781,28.377586,11.33604,28.542774,11.54678
8.3945312,28.07073,11.111652,28.251743,11.838282
8.3964843,27.74012,11.269476,27.92771,11.678678
8.3984375,27.386225,11.271216,27.595299,11.015593
8.4003906,27.055334,11.091038,27.273638,11.049555
8.4023437,26.723804,10.910785,26.946749,11.509847
8.4042968,26.369358,10.625251,26.627438,11.311088
8.40625,26.032728,10.385652,26.287159,10.543967
8.4082031,25.691929,10.508072,25.942894,10.156981
8.4101562,25.361822,10.396925,25.583879,10.616396
8.4121093,25.011288,10.024823,25.236803,10.881797
8.4140625,24.644789,9.6540632,24.893293,10.233985
8.4160156,24.304422,9.6256723,24.519762,9.6493568
8.4179687,23.930172,10.071044,24.159887,10.099736
8.4199218,23.569294,9.8748922,23.800484,10.445387
8.421875,23.212492,8.7681512,23.433039,9.6815319
8.4238281,22.8552,8.9686336,23.066519,9.4718513
8.4257812,22.474497,9.5038147,22.681864,9.2160301
8.4277343,22.096188,8.9967975,22.30134,9.1072197
8.4296875,21.730473,8.7455587,21.947256,9.6370992
8.4316406,21.339083,8.4432458,21.57799,8.9398307
8.4335937,20.981604,8.4978809,21.202414,8.1580562
8.4355468,20.598257,8.4068889,20.829781,8.4543447
8.4375,20.209021,7.9764957,20.428398,9.028881
8.4394531,19.828632,7.8128624,20.038118,8.3763017
8.4414062,19.430756,7.8171706,19.659328,7.3691859
8.4433593,19.040674,7.4705481,19.257359,7.8033027
8.4453125,18.648598,7.1498985,18.873552,8.3478574
8.4472656,18.2698,7.5063028,18.49836,7.4803323
8.4492187,17.866877,7.2233791,18.09367,6.3743152
8.4511718,17.462584,6.304718,17.69351,7.0921044
8.453125,17.074524,6.1159486,17.285416,7.8645834
8.4550781,16.662676,6.9664883,16.867573,6.8725609
8.4570312,16.257864,6.8065676,16.459232,5.8936967
8.4589843,15.838439,5.4445099,16.054718,6.1184525
8.4609375,15.427712,5.1273336,15.651914,6.4955492
8.4628906,15.024753,5.9548592,15.236831,5.9544611
8.4648437,14.610442,5.7208371,14.830401,5.4054088
8.4667968,14.197769,4.507533,14.412025,5.5279355
8.46875,13.778826,4.6381969,13.994365,5.536746
8.4707031,13.359941,5.0055708,13.586937,5.0828218
8.4726562,12.932094,4.3784446,13.154047,4.4472312
8.4746093,12.513751,3.6623091,12.747756,4.2602129
8.4765625,12.074502,3.8376359,12.35068,4.6009349
8.4785156,11.637226,3.8947167,11.911603,4.360588
8.4804687,11.236175,3.0651788,11.476776,3.1776087
8.4824218,10.812799,2.8508367,11.059957,2.8217821
8.484375,10.36208,2.6083645,10.636726,3.5473682
8.4863281,9.9340152,2.1394598,10.203713,3.5872907
8.4882812,9.5068321,1.9191181,9.7870512,2.3551659
8.4902343,9.0668058,1.7754514,9.3457717,1.4705611
8.4921875,8.6230545,1.721392,8.9040269,2.1497414
8.4941406,8.1931905,0.78432965,8.4743671,2.2772579
8.4960937,7.7685694,-0.09684588,8.0125351,1.158323
8.4980468,7.3302779,0.31987616,7.6104164,0.32683766
8.5,6.8972392,0.82477814,7.180026,0.70625353
8.5019531,6.4306073,0.018486079,6.7074618,1.1087038
8.5039062,5.9719047,-0.74236673,6.283101,0.098328069
8.5058593,5.5405879,-0.1718851,5.8486166,-0.70107901
8.5078125,5.0773592,0.17938742,5.3923206,0.083168931
8.5097656,4.6334266,-0.32714048,4.9242529,0.86477602
8.5117187,4.195559,-0.52775246,4.4627361,-0.064731672
8.5136718,3.7295205,-0.01781117,4.0254597,-1.0958609
8.515625,3.2944765,-0.11291096,3.5872705,-0.41276762
8.5175781,2.838278,-0.6128456,3.1231644,0.54769456
8.5195312,2.3803074,-0.16857925,2.6708769,0.1606053
8.5214843,1.9399677,0.29628772,2.2363479,-0.64757478
8.5234375,1.4756438,-0.26238272,1.7844235,-0.22125579
8.5253906,1.0324649,-1.0109195,1.3301374,0.34268588
8.5273437,0.56922448,-0.40876037,0.90096545,-0.35882384
8.5292968,0.10228793,0.63234282,0.42517698,-0.67302883
8.53125,-0.33813328,-0.16895272,-0.037884057,0.033529673
8.5332031,-0.80957836,-1.1149897,-0.46932855,0.34996811
8.5351562,-1.2583018,-0.14902696,-0.97044343,-0.41819829
8.5371093,-1.7128746,0.83695412,-1.4311239,-0.71218652
8.5390625,-2.1931514,-0.17360643,-1.8514597,0.090370558
8.5410156,-2.6214427,-1.5284793,-2.3314912,0.19739395
8.5429687,-3.0730071,-1.1092525,-2.8029248,-0.28815991
8.5449218,-3.5507841,-0.70029336,-3.2465007,-0.39341822
8.546875,-4.0078191,-1.7989127,-3.6907565,-0.22244574
8.5488281,-4.4494314,-2.7595944,-4.1541585,-0.3274973
8.5507812,-4.8847127,-2.7973268,-4.6383681,-0.81771636
8.5527343,-5.3632273,-2.7899377,-5.0549187,-1.4015061
8.5546875,-5.815072,-3.3327565,-5.5059785,-1.6086279
8.5566406,-6.2476792,-4.2561059,-5.9979891,-1.4418921
8.5585937,-6.7394371,-4.393085,-6.4628028,-1.8714255
8.5605468,-7.1944074,-4.3197464,-6.9263443,-2.7423577
8.5625,-7.6300149,-5.0685372,-7.3565297,-3.1007003
8.5644531,-8.102333,-5.457365,-7.7899279,-3.0638604
8.5664062,-8.5635395,-5.5922336,-8.267704,-3.5401647
8.5683593,-9.0107774,-5.9078803,-8.7502327,-4.4633593
8.5703125,-9.4604034,-6.0235233,-9.1759166,-4.6897382
8.5722656,-9.9275856,-6.5275602,-9.6155729,-4.1325302
8.5742187,-10.387697,-6.9525003,-10.085337,-4.3506794
8.5761718,-10.838408,-7.0959625,-10.529282,-5.8004012
8.578125,-11.297348,-7.4078478,-10.963787,-6.1907882
8.5800781,-11.750793,-7.4664392,-11.424082,-5.5170574
8.5820312,-12.206105,-7.8711915,-11.889786,-6.0769996
8.5839843,-12.657592,-8.5423088,-12.33602,-6.9205908
8.5859375,-13.106213,-8.5835199,-12.792401,-6.9678783
8.5878906,-13.562499,-8.4952344,-13.251705,-6.7266421
8.5898437,-14.021685,-8.8708086,-13.703632,-7.211523
8.5917968,-14.478303,-9.2778568,-14.131564,-7.8610696
8.59375,-14.941585,-9.3392877,-14.572698,-7.8548021
8.5957031,-15.401868,-9.467143,-15.042177,-8.1297025
8.5976562,-15.83574,-9.930499,-15.473172,-8.2462921
8.5996093,-16.287621,-10.042076,-15.907572,-8.4783973
8.6015625,-16.760599,-10.035122,-16.347713,-8.9211397
8.6035156,-17.198582,-10.612679,-16.78879,-8.9973249
8.6054687,-17.641701,-10.738423,-17.249422,-9.0967006
8.6074218,-18.103445,-10.541504,-17.68676,-9.5062265
8.609375,-18.537994,-10.87226,-18.132038,-9.7356729
8.6113281,-18.994164,-11.221475,-18.571335,-9.5511875
8.6132812,-19.455187,-11.516242,-19.018091,-9.8380498
8.6152343,-19.883186,-11.620015,-19.433372,-10.706676
8.6171875,-20.3386,-11.292727,-19.838423,-10.63342
8.6191406,-20.787363,-11.825842,-20.315165,-9.9218177
8.6210937,-21.21443,-12.553174,-20.759546,-10.603432
8.6230468,-21.675264,-11.872256,-21.195621,-11.530962
8.625,-22.104578,-11.941801,-21.624016,-11.231468
8.6269531,-22.519947,-13.064829,-22.03776,-11.069146
8.6289062,-22.969307,-13.119122,-22.460526,-11.838748
8.6308593,-23.413887,-12.359395,-22.865709,-11.919502
8.6328125,-23.835066,-12.354502,-23.284433,-11.183153
8.6347656,-24.248981,-13.609759,-23.708138,-11.865851
8.6367187,-24.707924,-13.898269,-24.127888,-12.881544
8.6386718,-25.126501,-13.018741,-24.545282,-12.211008
8.640625,-25.514576,-13.444403,-24.971994,-11.811922
8.6425781,-25.954916,-14.238118,-25.391041,-12.912642
8.6445312,-26.391439,-13.897566,-25.798769,-13.553041
8.6464843,-26.777048,-13.75808,-26.215715,-12.571631
8.6484375,-27.171202,-14.414651,-26.613867,-12.340522
8.6503906,-27.614819,-14.591543,-27.005932,-13.660834
8.6523437,-28.006954,-14.339748,-27.4,-14.225132
8.6542968,-28.402903,-14.420654,-27.8076,-13.457789
8.65625,-28.816402,-14.570333,-28.20422,-12.939477
8.6582031,-29.20138,-15.053699,-28.593853,-13.972371
8.6601562,-29.602964,-15.192272,-28.987074,-14.617987
8.6621093,-29.975931,-14.875561,-29.357159,-13.932452
8.6640625,-30.345592,-15.224421,-29.766541,-13.719437
8.6660156,-30.740637,-15.517531,-30.13459,-14.498314
8.6679687,-31.127729,-15.554654,-30.48625,-14.97303
8.6699218,-31.485905,-15.603617,-30.879721,-14.580548
8.671875,-31.832863,-15.593902,-31.234997,-14.427292
8.6738281,-32.194752,-15.888709,-31.593805,-14.891136
8.6757812,-32.545128,-16.377245,-31.961733,-15.405266
8.6777343,-32.88657,-16.260134,-32.324379,-15.052619
8.6796875,-33.224293,-15.914006,-32.65773,-14.818373
8.6816406,-33.563831,-16.200397,-32.988758,-15.548535
8.6835937,-33.911789,-16.498953,-33.331017,-15.769532
8.6855468,-34.232864,-16.824354,-33.677998,-15.339134
8.6875,-34.533058,-16.756863,-34.034931,-15.506182
8.6894531,-34.850262,-16.450693,-34.33886,-16.138529
8.6914062,-35.153156,-16.951529,-34.663849,-15.943935
8.6933593,-35.436859,-17.215952,-34.96236,-15.611943
8.6953125,-35.725109,-16.977335,-35.226452,-16.156027
8.6972656,-35.99773,-17.165449,-35.538063,-16.545174
8.6992187,-36.272274,-17.450857,-35.82238,-16.366627
8.7011718,-36.531368,-17.433649,-36.115509,-16.290165
8.703125,-36.776356,-17.415409,-36.411446,-16.50532
8.7050781,-37.022869,-17.555326,-36.663078,-16.693064
8.7070312,-37.260357,-17.852619,-36.897896,-16.53451
8.7089843,-37.493179,-17.950071,-37.140198,-16.525116
8.7109375,-37.700077,-17.699677,-37.395573,-16.993216
8.7128906,-37.906792,-17.854176,-37.643772,-17.204397
8.7148437,-38.113205,-18.319199,-37.852989,-17.021563
8.7167968,-38.30444,-18.201628,-38.072731,-16.898014
8.71875,-38.482723,-17.972103,-38.267719,-17.015673
8.7207031,-38.657379,-18.255325,-38.448795,-17.240305
8.7226562,-38.825275,-18.496487,-38.658745,-17.263256
8.7246093,-38.961792,-18.324547,-38.816349,-17.249126
8.7265625,-39.107548,-18.209454,-38.975315,-17.33901
8.7285156,-39.245781,-18.600271,-39.108868,-17.430105
8.7304687,-39.363873,-18.900438,-39.245693,-17.459665
8.7324218,-39.47768,-18.593761,-39.383327,-17.592184
8.734375,-39.576286,-18.465954,-39.483097,-17.829769
8.7363281,-39.67709,-18.953609,-39.59444,-17.749887
8.7382812,-39.763351,-19.158527,-39.676369,-17.655544
8.7402343,-39.839195,-18.729799,-39.767464,-17.830109
8.7421875,-39.909176,-18.599201,-39.864704,-18.051836
8.7441406,-39.972149,-19.1108,-39.931705,-18.090397
8.7460937,-40.034866,-19.315079,-40.002579,-17.85001
8.7480468,-40.080658,-18.848772,-40.047958,-17.771816
8.75,-40.129971,-18.719881,-40.079403,-17.976131
8.7519531,-40.162907,-19.195343,-40.134422,-18.086405
8.7539062,-40.188557,-19.258413,-40.154396,-18.118299
8.7558593,-40.213394,-18.799339,-40.186974,-18.038019
8.7578125,-40.219913,-18.912865,-40.200802,-18.091751
8.7597656,-40.228123,-19.420006,-40.199543,-18.20159
8.7617187,-40.225178,-19.282356,-40.23608,-18.12575
8.7636718,-40.223045,-18.923599,-40.220844,-18.40753
8.765625,-40.220333,-18.838413,-40.222031,-18.157349
8.7675781,-40.224091,-18.522854,-40.219238,-17.70883
8.7695312,-40.213219,-18.411074,-40.200962,-17.563997
8.7714843,-40.193859,-18.86689,-40.213093,-17.228498
8.7734375,-40.174549,-18.772028,-40.179775,-17.757092
8.7753906,-40.142315,-18.211645,-40.149532,-18.08301
8.7773437,-40.115765,-18.273783,-40.125443,-17.387419
8.7792968,-40.069984,-18.715538,-40.082401,-17.103983
8.78125,-40.027,-18.598082,-40.053257,-17.621349
8.7832031,-39.966377,-18.070286,-39.990475,-17.874949
8.7851562,-39.909451,-18.070881,-39.938576,-17.198776
8.7871093,-39.860485,-18.450169,-39.884846,-16.893858
8.7890625,-39.770473,-18.407795,-39.80378,-17.482414
8.7910156,-39.693871,-17.893682,-39.744259,-17.56185
8.7929687,-39.615093,-17.712206,-39.651939,-16.992113
8.7949218,-39.522205,-18.129025,-39.56694,-16.780878
8.796875,-39.424034,-18.171118,-39.487942,-17.179256
8.7988281,-39.330074,-17.619957,-39.376999,-17.359449
8.8007812,-39.230461,-17.434771,-39.280483,-16.720785
8.8027343,-39.111973,-17.770185,-39.18681,-16.376114
8.8046875,-38.995388,-17.686842,-39.069469,-16.842661
8.8066406,-38.863644,-17.19418,-38.963642,-16.911211
8.8085937,-38.742371,-17.174511,-38.844021,-16.22928
8.8105468,-38.611931,-17.429667,-38.697838,-15.869886
8.8125,-38.471832,-17.30397,-38.582733,-16.352903
8.8144531,-38.321724,-16.86886,-38.436413,-16.620462
8.8164062,-38.166862,-16.776762,-38.277245,-16.044907
8.8183593,-38.015442,-16.958782,-38.121941,-15.681446
8.8203125,-37.842106,-16.870594,-37.965229,-15.9786
8.8222656,-37.67926,-16.594326,-37.804882,-16.217701
8.8242187,-37.497967,-16.420002,-37.615879,-15.790994
8.8261718,-37.330471,-16.528868,-37.449203,-15.236252
8.828125,-37.156063,-16.478504,-37.27021,-15.489136
8.8300781,-36.955708,-16.118725,-37.084084,-15.81817
8.8320312,-36.769783,-15.953085,-36.889427,-15.38221
8.8339843,-36.573784,-16.06851,-36.691334,-14.852822
8.8359375,-36.375343,-15.966533,-36.487633,-15.008267
8.8378906,-36.173771,-15.670035,-36.276012,-15.342976
8.8398437,-35.968742,-15.579372,-36.072952,-15.079424
8.8417968,-35.74902,-15.512433,-35.870861,-14.533872
8.84375,-35.535671,-15.481585,-35.66407,-14.51104
8.8457031,-35.312046,-15.167349,-35.424603,-15.156504
8.8476562,-35.07658,-15.037249,-35.21743,-15.196774
8.8496093,-34.85664,-15.072567,-34.993881,-14.005868
8.8515625,-34.615593,-15.219675,-34.746662,-13.443867
8.8535156,-34.377052,-15.788003,-34.531696,-14.467263
8.8554687,-34.156563,-14.783448,-34.301125,-14.819785
8.8574218,-33.915569,-13.549781,-34.048996,-13.535129
8.859375,-33.677925,-14.335258,-33.813133,-12.919748
8.8613281,-33.440445,-15.033278,-33.58699,-13.872556
8.8632812,-33.182808,-14.05987,-33.335003,-14.27824
8.8652343,-32.92691,-13.131039,-33.076019,-13.167835
8.8671875,-32.672394,-13.855768,-32.823994,-12.537505
8.8691406,-32.412663,-14.503635,-32.585506,-13.213533
8.8710937,-32.130726,-13.585504,-32.307499,-13.584723
8.8730468,-31.85531,-12.779598,-32.02029,-12.763783
8.875,-31.588074,-13.331401,-31.760777,-12.063747
8.8769531,-31.297218,-13.908525,-31.488552,-12.588636
8.8789062,-30.99382,-13.224078,-31.213247,-13.0921
8.8808593,-30.702065,-12.354226,-30.922693,-12.403853
8.8828125,-30.410591,-12.798744,-30.631559,-11.587379
8.8847656,-30.103586,-13.320388,-30.341618,-11.95817
8.8867187,-29.8006,-12.588312,-30.034637,-12.493792
8.8886718,-29.491589,-11.810363,-29.721308,-11.976317
8.890625,-29.179472,-12.285999,-29.416552,-11.188056
8.8925781,-28.862389,-12.729421,-29.109631,-11.433258
8.8945312,-28.535908,-11.966304,-28.793417,-11.91468
8.8964843,-28.203316,-11.357512,-28.465477,-11.171009
8.8984375,-27.874634,-11.807894,-28.124357,-10.541858
8.9003906,-27.551641,-12.067204,-27.798262,-10.995434
8.9023437,-27.209255,-11.286369,-27.473551,-11.345738
8.9042968,-26.870106,-10.795851,-27.135653,-10.772579
8.90625,-26.532114,-11.384267,-26.793856,-10.051795
8.9082031,-26.17095,-11.531983,-26.438053,-10.23122
8.9101562,-25.81353,-10.547489,-26.068331,-10.645755
8.9121093,-25.458254,-10.254745,-25.722439,-10.176382
8.9140625,-25.093227,-10.858828,-25.380987,-9.3798589
8.9160156,-24.72805,-10.799996,-25.017992,-9.6978282
8.9179687,-24.364777,-9.9546194,-24.6611,-10.104662
8.9199218,-23.990671,-9.6323022,-24.264814,-9.4055223
8.921875,-23.620087,-10.15371,-23.889017,-8.8235569
8.9238281,-23.245415,-10.160016,-23.532921,-9.1023378
8.9257812,-22.848467,-9.355133,-23.127638,-9.4096183
8.9277343,-22.460291,-9.0381374,-22.736776,-8.8810567
8.9296875,-22.080666,-9.5954837,-22.367741,-8.2649927
8.9316406,-21.680092,-9.4237604,-21.983494,-8.3357601
8.9335937,-21.273758,-8.6266946,-21.581999,-8.4270229
8.9355468,-20.871298,-8.5668993,-21.204855,-8.0403423
8.9375,-20.475485,-8.792653,-20.80233,-7.6529564
8.9394531,-20.092312,-8.5247592,-20.406757,-7.6732311
8.9414062,-19.679449,-7.9437265,-20.010588,-7.7389044
8.9433593,-19.265114,-7.8854055,-19.57843,-7.3961505
8.9453125,-18.842487,-8.143485,-19.176426,-6.8955612
8.9472656,-18.427889,-7.7401819,-18.766291,-6.7832908
8.9492187,-18.029346,-7.1005373,-18.34907,-6.9221911
8.9511718,-17.599821,-7.2668371,-17.9259,-6.7612495
8.953125,-17.177015,-7.5579819,-17.505825,-6.1366825
8.9550781,-16.758728,-6.8206248,-17.075481,-5.7108731
8.9570312,-16.343658,-5.9899411,-16.669575,-5.9189567
8.9589843,-15.92059,-6.1830849,-16.249924,-5.9060545
8.9609375,-15.475037,-6.8058219,-15.821931,-5.5246024
8.9628906,-15.02662,-6.2720046,-15.425701,-4.9745326
8.9648437,-14.598272,-5.0048461,-14.98637,-4.7441606
8.9667968,-14.15215,-5.2128086,-14.551517,-4.8464298
8.96875,-13.712676,-5.7563238,-14.105759,-4.5531597
8.9707031,-13.294518,-5.2560954,-13.670727,-3.9835867
8.9726562,-12.826173,-4.4320445,-13.218419,-3.5950884
8.9746093,-12.379857,-4.102806,-12.7708,-3.6519782
8.9765625,-11.936828,-4.3407344,-12.35828,-3.3000445
8.9785156,-11.480799,-4.1777415,-11.913756,-3.0663971
8.9804687,-11.036906,-3.6534514,-11.466579,-3.0806155
8.9824218,-10.585082,-3.2144541,-11.020289,-2.3067715
8.984375,-10.141397,-2.9061818,-10.581362,-1.6058607
8.9863281,-9.6646471,-2.7852056,-10.137439,-1.7515583
8.9882812,-9.2030391,-2.5388,-9.6712236,-1.7676096
8.9902343,-8.7523155,-1.8655957,-9.2101631,-1.1876424
8.9921875,-8.2740697,-1.5688804,-8.7594795,-0.52941936
8.9941406,-7.8185296,-1.5603848,-8.3022222,-0.27752304
8.9960937,-7.3729462,-1.406057,-7.8441329,-0.42718485
8.9980468,-6.8990097,-1.222917,-7.386116,-0.19021307
9.0,-6.4191985,-0.44627386,-6.9335489,0.090738781
9.0019531,-5.9457974,0.187006,-6.4601187,0.20823458
9.0039062,-5.4806017,0.073462747,-5.9839186,0.24474458
9.0058593,-5.0396661,0.066152915,-5.5337748,0.30757785
9.0078125,-4.5910921,0.56152725,-5.0665917,0.36422974
9.0097656,-4.1280741,0.77212685,-4.5987701,0.32658702
9.0117187,-3.6175804,0.060256828,-4.1373367,0.21133184
9.0136718,-3.148081,0.080603547,-3.6547703,0.10227947
9.015625,-2.7028901,0.77647835,-3.1952445,0.53354651
9.0175781,-2.1934659,0.47127137,-2.7291288,0.501266
9.0195312,-1.7220379,0.28472409,-2.234142,0.05144209
9.0214843,-1.2495687,0.51801807,-1.7696336,0.31868562
9.0234375,-0.78323126,0.27870378,-1.3289858,0.48323306
9.0253906,-0.29855913,0.21282865,-0.87092233,0.16558222
9.0273437,0.20164409,0.53877872,-0.38442919,0.41954711
9.0292968,0.6579622,0.74993986,0.10325043,0.65655339
9.03125,1.1321349,0.44035891,0.57649827,0.14736314
9.0332031,1.6185808,-0.078327812,1.0367467,-0.1899431
9.0351562,2.110111,0.24100488,1.5368017,0.29664066
9.0371093,2.5962743,0.65661061,2.0305516,0.71805221
9.0390625,3.0735127,0.67963314,2.4936239,0.54397804
9.0410156,3.5476059,0.082797632,2.9651768,0.53992474
9.0429687,4.0369215,-0.0096457992,3.4462757,0.70777863
9.0449218,4.5124096,0.8909592,3.9386212,1.1482751
9.046875,4.9888949,1.2205119,4.410161,1.6151633
9.0488281,5.4697604,1.524828,4.8954134,1.9854724
9.0507812,5.9263763,1.9387627,5.3671283,2.1191873
9.0527343,6.3854961,2.9411611,5.8403053,2.6265215
9.0546875,6.8454389,2.5102355,6.301476,3.5612819
9.0566406,7.3157668,1.9681552,6.7748189,3.53851
9.0585937,7.7674088,4.4775986,7.2812867,3.5372042
9.0605468,8.1975259,5.6778159,7.7363872,4.5704503
9.0625,8.5988616,4.4186143,8.1977195,5.1725153
9.0644531,9.0474224,3.8858263,8.6685962,4.8828454
9.0664062,9.487442,5.5382685,9.1589632,5.3540716
9.0683593,9.9363145,7.1159658,9.6313266,5.9768595
9.0703125,10.378746,6.2704978,10.093132,5.9998221
9.0722656,10.782605,5.3456182,10.578236,6.5338397
9.0742187,11.26349,6.2879881,11.053836,6.8998446
9.0761718,11.680047,7.687468,11.540452,6.6159987
9.078125,12.131814,7.4780182,12.003361,7.2532382
9.0800781,12.590604,6.7446661,12.468303,7.9871268
9.0820312,13.014852,7.3753728,12.937686,7.9227528
9.0839843,13.45952,8.2568521,13.399368,8.116971
9.0859375,13.892827,8.4187107,13.868066,8.4333505
9.0878906,14.334212,8.3208494,14.327804,8.8151092
9.0898437,14.735909,8.4920167,14.803509,8.8776388
9.0917968,15.185275,9.1322565,15.272478,8.8917961
9.09375,15.6217,9.6350088,15.715366,9.5972757
9.0957031,16.060852,9.4088306,16.189812,9.9067859
9.0976562,16.505037,9.2811107,16.64065,9.4076414
9.0996093,16.896545,10.104929,17.073137,9.8575706
9.1015625,17.359549,10.502672,17.52993,11.070294
9.1035156,17.792713,9.9835958,17.987242,10.763083
9.1054687,18.184475,10.370542,18.461042,10.023481
9.1074218,18.617519,10.930881,18.896683,10.744106
9.109375,19.037676,10.868362,19.330488,11.713003
9.1113281,19.473021,10.999759,19.776476,11.385083
9.1132812,19.889532,11.164903,20.218992,10.741674
9.1152343,20.301558,11.43299,20.660492,11.607245
9.1171875,20.730349,11.716531,21.090338,12.552614
9.1191406,21.174801,11.783669,21.540026,12.039773
9.1210937,21.622046,11.884733,21.975885,11.571424
9.1230468,22.005623,12.108714,22.411955,12.325694
9.125,22.413061,12.242974,22.84346,13.097984
9.1269531,22.85384,12.297857,23.25351,12.625303
9.1289062,23.280912,12.456341,23.668671,12.25161
9.1308593,23.692144,12.927146,24.07316,13.032825
9.1328125,24.073812,13.051311,24.494982,13.756491
9.1347656,24.475912,12.769871,24.898821,13.443528
9.1367187,24.900501,12.965454,25.308376,13.013858
9.1386718,25.285051,13.548791,25.733789,13.589543
9.140625,25.661755,13.804283,26.131905,14.197236
9.1425781,26.072216,13.33762,26.552616,13.943843
9.1445312,26.471983,13.488515,26.917561,13.689982
9.1464843,26.872126,14.295464,27.287712,13.904733
9.1484375,27.231779,14.213532,27.683178,14.676034
9.1503906,27.585314,13.806904,28.062059,14.955574
9.1523437,27.961054,14.017987,28.445358,14.193583
9.1542968,28.330692,14.723888,28.796873,14.455284
9.15625,28.711174,14.99115,29.182894,15.329438
9.1582031,29.042549,14.50343,29.532148,15.324053
9.1601562,29.393759,14.488798,29.884169,14.80642
9.1621093,29.771341,15.116571,30.257442,14.887106
9.1640625,30.129475,15.522688,30.582855,15.711791
9.1660156,30.447277,15.254082,30.919413,15.838515
9.1679687,30.764429,14.907903,31.251171,15.463944
9.1699218,31.131252,15.425776,31.582577,15.464951
9.171875,31.453133,15.985396,31.909561,16.018101
9.1738281,31.782188,15.845941,32.226009,16.351137
9.1757812,32.09288,15.427776,32.522385,16.005014
9.1777343,32.371517,15.673024,32.835331,15.949143
9.1796875,32.696953,16.324415,33.140129,16.485922
9.1816406,33.007782,16.287848,33.434883,16.770395
9.1835937,33.310303,16.083185,33.722656,16.430025
9.1855468,33.59734,16.271151,33.979664,16.494978
9.1875,33.872692,16.632433,34.270504,16.970539
9.1894531,34.162262,16.711617,34.555424,17.06459
9.1914062,34.427391,16.460669,34.807415,17.005522
9.1933593,34.704216,16.5937,35.069771,17.060762
9.1953125,34.973923,17.111729,35.336807,17.267756
9.1972656,35.203915,17.163309,35.577148,17.377283
9.1992187,35.449249,16.845592,35.813633,17.407991
9.2011718,35.709488,16.934053,36.050488,17.522137
9.203125,35.943024,17.418535,36.267136,17.652332
9.2050781,36.139427,17.58918,36.473732,17.812134
9.2070312,36.367462,17.305338,36.694576,17.775391
9.2089843,36.61776,17.266773,36.91161,17.873655
9.2109375,36.816177,17.719751,37.10376,18.12495
9.2128906,36.995548,17.968145,37.285946,18.178181
9.2148437,37.197617,17.64809,37.476147,18.296206
9.2167968,37.387611,17.474653,37.67532,18.205355
9.21875,37.558655,18.002226,37.842304,18.105646
9.2207031,37.729443,18.265814,38.005634,18.360746
9.2226562,37.892128,18.29315,38.190514,18.444145
9.2246093,38.07074,18.574005,38.330521,18.346636
9.2265625,38.231812,18.102715,38.458515,18.409992
9.2285156,38.387733,17.734526,38.604412,18.532669
9.2304687,38.551426,18.288578,38.728783,18.671999
9.2324218,38.679218,18.709349,38.842865,18.771132
9.234375,38.82254,18.278708,38.957031,18.730803
9.2363281,38.949459,17.827936,39.076508,18.72467
9.2382812,39.05027,18.477863,39.171513,18.828478
9.2402343,39.161095,19.030535,39.274136,18.910404
9.2421875,39.259212,18.463551,39.378906,18.822931
9.2441406,39.360573,18.069786,39.435493,18.851681
9.2460937,39.432667,18.754091,39.498928,18.95516
9.2480468,39.500587,19.277496,39.565849,18.91729
9.25,39.574371,18.614521,39.624557,19.046856
9.2519531,39.633354,18.118187,39.670479,19.18421
9.2539062,39.691818,18.92676,39.708363,19.090673
9.2558593,39.729336,19.473366,39.752815,18.872829
9.2578125,39.768448,18.699501,39.783913,18.997456
9.2597656,39.796036,18.075579,39.810875,19.27408
9.2617187,39.823151,18.820154,39.815964,19.090406
9.2636718,39.843891,19.560099,39.822723,18.926258
9.265625,39.841606,18.880114,39.836334,19.056402
9.2675781,39.853825,18.408134,39.8367,19.294018
9.2695312,39.857956,18.640099,39.83717,19.084297
9.2714843,39.863029,18.298271,39.829659,18.270905
9.2734375,39.860195,17.206043,39.834114,17.363474
9.2753906,39.838779,16.468767,39.81963,17.140079
9.2773437,39.824028,17.1931,39.80323,17.906878
9.2792968,39.77103,17.826214,39.776676,18.126244
9.28125,39.718697,17.153791,39.71302,17.321812
9.2832031,39.668415,16.507511,39.654579,17.093006
9.2851562,39.602707,17.124559,39.591316,17.819994
9.2871093,39.529644,17.865213,39.51207,18.045849
9.2890625,39.437408,17.221731,39.415733,17.387802
9.2910156,39.366104,16.382162,39.344933,17.045313
9.2929687,39.280258,16.893572,39.267639,17.56554
9.2949218,39.178253,17.682604,39.157085,17.917673
9.296875,39.072067,16.983126,39.053913,17.218279
9.2988281,38.977333,15.953419,38.956169,16.727007
9.3007812,38.877304,16.378162,38.835579,17.392025
9.3027343,38.74963,17.19146,38.701775,17.641182
9.3046875,38.628433,16.606215,38.599964,16.715269
9.3066406,38.505836,15.639355,38.486782,16.369682
9.3085937,38.367069,16.094099,38.359585,17.104042
9.3105468,38.22723,16.812046,38.235806,17.109797
9.3125,38.088173,16.2955,38.095623,16.152763
9.3144531,37.935799,15.499571,37.95982,15.955731
9.3164062,37.778233,15.722444,37.823303,16.655787
9.3183593,37.610954,16.273674,37.662861,16.6696
9.3203125,37.443245,15.889817,37.506771,15.788277
9.3222656,37.277206,15.318727,37.346138,15.618452
9.3242187,37.110649,15.556575,37.159748,16.308754
9.3261718,36.919437,15.86095,36.989269,16.247452
9.328125,36.72472,15.518445,36.804188,15.481624
9.3300781,36.547997,14.992734,36.60413,15.444239
9.3320312,36.349251,15.079313,36.423779,15.876715
9.3339843,36.150757,15.457561,36.238293,15.700645
9.3359375,35.951572,15.076316,36.041649,15.166081
9.3378906,35.745678,14.538553,35.832039,15.108117
9.3398437,35.548832,14.683719,35.617996,15.338609
9.3417968,35.334496,14.857906,35.406353,15.102733
9.34375,35.112057,14.698633,35.181587,14.802831
9.3457031,34.902721,14.322865,34.964767,14.885595
9.3476562,34.688526,14.137212,34.740894,14.848141
9.3496093,34.468403,14.313958,34.505444,14.613863
9.3515625,34.230991,14.231425,34.278843,14.448315
9.3535156,33.992035,13.795338,34.050537,14.338878
9.3554687,33.760803,13.696071,33.831245,14.295385
9.3574218,33.518009,13.818697,33.57209,14.183038
9.359375,33.275311,13.680776,33.309738,13.952578
9.3613281,33.014503,13.431121,33.072014,13.79621
9.3632812,32.759914,13.275458,32.819248,13.76143
9.3652343,32.503395,13.349053,32.574188,13.824933
9.3671875,32.224808,13.173638,32.305801,13.646702
9.3691406,31.956285,12.839799,32.017693,13.229805
9.3710937,31.678583,12.958459,31.762524,13.165463
9.3730468,31.395487,12.873799,31.493055,13.32353
9.375,31.114815,12.510509,31.202471,13.176953
9.3769531,30.828436,12.542307,30.924135,12.737475
9.3789062,30.535084,12.587976,30.643183,12.600009
9.3808593,30.238886,12.166612,30.360157,12.848333
9.3828125,29.940369,11.988719,30.058729,12.612387
9.3847656,29.62274,12.30946,29.767319,12.174431
9.3867187,29.31311,12.045544,29.456429,12.284237
9.3886718,29.008146,11.517483,29.128756,12.335555
9.390625,28.684858,11.652946,28.842337,12.038992
9.3925781,28.36636,11.908422,28.549387,11.69795
9.3945312,28.042101,11.59316,28.230946,11.707052
9.3964843,27.722107,10.947206,27.911356,11.838536
9.3984375,27.386992,11.045671,27.576054,11.366178
9.4003906,27.048567,11.422184,27.255896,11.210069
9.4023437,26.712503,10.905802,26.938812,11.399688
9.4042968,26.373379,10.515247,26.595963,11.04206
9.40625,26.049135,10.486876,26.283087,10.694099
9.4082031,25.690437,10.626203,25.951586,10.65367
9.4101562,25.332115,10.717981,25.595007,10.854304
9.4121093,25.002209,10.017108,25.241583,10.679634
9.4140625,24.652716,9.5478344,24.899633,10.177645
9.4160156,24.289843,9.7979984,24.558636,10.016603
9.4179687,23.936243,10.243711,24.203032,10.159632
9.4199218,23.57147,9.8450393,23.84598,9.960246
9.421875,23.20965,8.9314289,23.472033,9.5049324
9.4238281,22.831932,9.0471773,23.110113,9.7245321
9.4257812,22.466936,9.5089445,22.746349,9.7762365
9.4277343,22.106361,9.2219953,22.37528,9.152276
9.4296875,21.709707,8.516056,21.992559,8.7035484
9.4316406,21.345936,8.302042,21.621769,9.1535625
9.4335937,20.970201,8.7339973,21.241314,9.2910823
9.4355468,20.572796,8.6774158,20.83614,8.4138698
9.4375,20.199659,7.8247118,20.478727,8.0030937
9.4394531,19.815273,7.5353536,20.096252,8.4734201
9.4414062,19.422632,7.9531102,19.689644,8.5336723
9.4433593,19.022385,7.8474564,19.306345,7.5357565
9.4453125,18.626886,7.0296125,18.924738,7.3032555
9.4472656,18.245239,7.0962014,18.517977,7.8376021
9.4492187,17.845821,7.3939776,18.118443,7.8473887
9.4511718,17.43882,6.786746,17.73945,6.8568544
9.453125,17.038891,6.452619,17.323324,6.2755637
9.4550781,16.628056,6.188704,16.914452,7.2288174
9.4570312,16.20405,6.3545494,16.523726,7.0969348
9.4589843,15.794983,6.1201095,16.125727,5.9167842
9.4609375,15.393286,5.1964631,15.689398,5.8089518
9.4628906,14.986835,5.5335125,15.280766,6.2161836
9.4648437,14.56261,6.013874,14.893929,5.8670897
9.4667968,14.133271,5.1456308,14.464563,5.0692138
9.46875,13.713618,3.7948644,14.065502,5.1690735
9.4707031,13.307313,4.1498041,13.644437,5.7138538
9.4726562,12.867336,5.4192104,13.227826,4.7372613
9.4746093,12.436632,4.5058894,12.812878,3.6789987
9.4765625,12.050247,2.5169978,12.381213,4.3287563
9.4785156,11.586786,2.7975037,11.948603,4.5566058
9.4804687,11.14432,3.9661095,11.509231,3.6464271
9.4824218,10.7362,3.3373811,11.107335,2.8368613
9.484375,10.295219,1.8460593,10.679843,3.1590681
9.4863281,9.8725967,1.4370073,10.249904,3.2287182
9.4882812,9.4235734,2.5239462,9.8159742,2.3646647
9.4902343,8.9935474,2.0243673,9.3990173,1.9852107
9.4921875,8.5662736,0.4385781,8.9816284,1.7429012
9.4941406,8.1141338,0.50236744,8.5202589,1.7077499
9.4960937,7.669085,1.1628739,8.0810546,1.1415908
9.4980468,7.2050495,0.54819816,7.6454081,0.70800316
9.5,6.7810068,-1.0433032,7.2166008,0.92593586
9.5019531,6.3291425,-0.38868803,6.7734313,0.57100773
9.5039062,5.864284,0.98985076,6.3097143,0.092159458
9.5058593,5.4411974,-0.13409168,5.8773608,0.048766516
9.5078125,4.9855084,-1.224573,5.4396877,0.37295869
9.5097656,4.5258183,-0.0067393743,4.9831328,-0.032355636
9.5117187,4.0753417,0.53533322,4.5090022,-0.70378464
9.5136718,3.6330664,-0.45412359,4.0953459,-0.14040448
9.515625,3.191168,-0.84022146,3.6759734,0.5003804
9.5175781,2.7296218,-0.24859652,3.1907429,-0.32741266
9.5195312,2.2732873,0.5459674,2.7564039,-0.77188921
9.5214843,1.8357383,-0.3721492,2.3080077,-0.083068773
9.5234375,1.3557394,-1.201358,1.835406,0.40237266
9.5253906,0.89854586,-0.20969802,1.3772475,-0.17472593
9.5273437,0.45729971,0.52486616,0.94693929,-0.75663775
9.5292968,-0.020458143,-0.20739533,0.47576642,0.15872897
9.53125,-0.45374021,-0.93839484,0.012032971,0.27305523
9.5332031,-0.91900164,-0.13868904,-0.42972684,-0.41400009
9.5351562,-1.3911854,0.482932,-0.91449332,-0.30420998
9.5371093,-1.8530989,-0.32108223,-1.3713889,-0.31247768
9.5390625,-2.317101,-0.87134916,-1.7947254,-0.41210672
9.5410156,-2.7604067,-0.45465001,-2.2281982,0.079025656
9.5429687,-3.2204566,-0.43054482,-2.7238984,0.012041906
9.5449218,-3.6819481,-1.4283559,-3.1919105,-0.40748423
9.546875,-4.150794,-2.2949204,-3.6402807,-0.13440374
9.5488281,-4.5820627,-2.3624951,-4.0741319,-0.31300953
9.5507812,-5.0338139,-2.4827992,-4.5186891,-0.64774859
9.5527343,-5.5145163,-3.0244333,-5.0034313,-0.96543634
9.5546875,-5.9598379,-3.7614162,-5.4528822,-1.2329251
9.5566406,-6.4058508,-3.9375608,-5.9037523,-1.4144095
9.5585937,-6.8592572,-3.8588745,-6.3365731,-1.7912931
9.5605468,-7.3276119,-4.8210644,-6.7946815,-2.131577
9.5625,-7.7843456,-5.4984145,-7.2899236,-2.8473312
9.5644531,-8.2196264,-5.0744075,-7.7457685,-2.9854812
9.5664062,-8.6752843,-5.1809382,-8.1904773,-3.2824854
9.5683593,-9.1347408,-6.1406617,-8.6360178,-4.1222176
9.5703125,-9.5807638,-6.5863966,-9.057044,-4.2062244
9.5722656,-10.023546,-6.1701278,-9.5070371,-4.0880947
9.5742187,-10.473051,-6.365303,-9.9712371,-4.9681077
9.5761718,-10.941106,-7.5482502,-10.391689,-5.5659952
9.578125,-11.382384,-7.8734889,-10.848146,-4.7413516
9.5800781,-11.805468,-6.8987464,-11.293385,-5.3455677
9.5820312,-12.254899,-7.3083605,-11.719583,-6.7086372
9.5839843,-12.699302,-8.9609756,-12.195532,-6.7470417
9.5859375,-13.140388,-8.642785,-12.635629,-5.8059802
9.5878906,-13.573428,-7.4733576,-13.057763,-6.4821195
9.5898437,-13.994613,-8.509696,-13.507427,-8.1352672
9.5917968,-14.438184,-9.9876613,-13.921428,-6.8548879
9.59375,-14.851749,-9.4351158,-14.319086,-6.3316664
9.5957031,-15.256447,-8.7384719,-14.752496,-8.3786888
9.5976562,-15.700434,-9.5542993,-15.18716,-9.0005779
9.5996093,-16.126816,-10.319633,-15.622239,-7.4786744
9.6015625,-16.534191,-9.81534,-16.044937,-7.618515
9.6035156,-16.943958,-9.4733696,-16.433651,-9.7656755
9.6054687,-17.348583,-10.389085,-16.798227,-9.270215
9.6074218,-17.750401,-11.034245,-17.182432,-7.6346225
9.609375,-18.156403,-10.393272,-17.598665,-8.9567003
9.6113281,-18.548195,-10.209809,-18.040291,-10.590177
9.6132812,-18.937611,-11.203896,-18.447062,-9.5875845
9.6152343,-19.330944,-11.393671,-18.806469,-8.5516367
9.6171875,-19.692142,-10.593591,-19.201948,-9.8220052
9.6191406,-20.057526,-10.932704,-19.584259,-10.88805
9.6210937,-20.427553,-11.938217,-19.959278,-10.095711
9.6230468,-20.776619,-11.873904,-20.341496,-9.5201826
9.625,-21.133854,-11.233662,-20.697721,-10.140004
9.6269531,-21.478973,-11.241388,-20.999058,-11.020182
9.6289062,-21.806427,-12.034172,-21.312231,-10.743559
9.6308593,-22.140278,-12.299114,-21.688007,-10.102792
9.6328125,-22.462526,-11.682359,-22.026316,-10.867717
9.6347656,-22.757776,-11.624822,-22.338736,-11.638251
9.6367187,-23.050283,-12.438606,-22.671509,-10.858663
9.6386718,-23.333141,-12.570456,-22.996807,-10.321894
9.640625,-23.617073,-11.866883,-23.286261,-11.345358
9.6425781,-23.875824,-11.873696,-23.546434,-11.746242
9.6445312,-24.110037,-12.732461,-23.780725,-10.879922
9.6464843,-24.364115,-12.837572,-24.02899,-10.778933
9.6484375,-24.580511,-11.99515,-24.286373,-11.788491
9.6503906,-24.783184,-12.047133,-24.512949,-12.20995
9.6523437,-24.974298,-12.827114,-24.717821,-11.240293
9.6542968,-25.145544,-12.723392,-24.914141,-10.641313
9.65625,-25.310225,-12.11453,-25.105011,-11.485527
9.6582031,-25.443201,-12.332942,-25.254438,-12.107684
9.6601562,-25.55434,-13.054944,-25.393768,-11.517897
9.6621093,-25.665163,-13.031499,-25.526194,-11.030628
9.6640625,-25.757446,-12.510851,-25.634022,-11.715354
9.6660156,-25.820419,-12.720613,-25.738834,-12.437886
9.6679687,-25.896938,-13.2804,-25.794245,-11.953348
9.6699218,-25.950188,-13.217398,-25.849497,-11.327559
9.671875,-25.980129,-12.754565,-25.91354,-11.790678
9.6738281,-26.006102,-12.915162,-25.941589,-12.717001
9.6757812,-26.001415,-13.595221,-25.967241,-12.481955
9.6777343,-25.999756,-13.566697,-25.977348,-11.895391
9.6796875,-26.017412,-13.023425,-25.978786,-12.533179
9.6816406,-25.999008,-12.483157,-25.966513,-12.707336
9.6835937,-25.984858,-12.759848,-25.977736,-11.581631
9.6855468,-25.973505,-13.388673,-25.963337,-11.108829
9.6875,-25.925596,-12.916676,-25.934948,-12.319983
9.6894531,-25.903662,-12.214538,-25.932676,-12.801616
9.6914062,-25.87709,-12.611374,-25.882759,-11.427067
9.6933593,-25.823784,-13.360396,-25.857876,-10.886407
9.6953125,-25.760098,-12.785595,-25.812332,-12.037625
9.6972656,-25.695742,-11.873065,-25.736149,-12.471099
9.6992187,-25.638372,-12.443302,-25.663889,-11.425586
9.7011718,-25.566973,-13.314164,-25.591694,-10.994797
9.703125,-25.483852,-12.662939,-25.518478,-11.883692
9.7050781,-25.399693,-11.550778,-25.416309,-12.350522
9.7070312,-25.31616,-11.921688,-25.3325,-11.31739
9.7089843,-25.224617,-12.864942,-25.23127,-10.647324
9.7109375,-25.109913,-12.386039,-25.123466,-11.552672
9.7128906,-24.991268,-11.314395,-25.014641,-12.108394
9.7148437,-24.881618,-11.616884,-24.901955,-11.062688
9.7167968,-24.759327,-12.573088,-24.808798,-10.302915
9.71875,-24.616306,-12.170455,-24.683596,-11.203414
9.7207031,-24.484245,-11.033657,-24.54133,-11.707993
9.7226562,-24.335176,-11.288094,-24.409555,-10.584162
9.7246093,-24.168682,-12.246076,-24.29126,-9.9792366
9.7265625,-24.017441,-11.806801,-24.149387,-10.933344
9.7285156,-23.84601,-10.793024,-23.977264,-11.401561
9.7304687,-23.691147,-11.078605,-23.83231,-10.341238
9.7324218,-23.519171,-11.899443,-23.691027,-9.808114
9.734375,-23.327503,-11.450037,-23.526754,-10.409809
9.7363281,-23.149061,-10.351845,-23.33774,-10.253478
9.7382812,-22.976593,-10.70053,-23.162556,-9.6507482
9.7402343,-22.790897,-11.616814,-22.983931,-9.7720375
9.7421875,-22.57127,-11.084956,-22.78952,-10.270264
9.7441406,-22.394287,-10.006823,-22.586376,-10.009234
9.7460937,-22.204346,-10.247632,-22.400757,-9.2896728
9.7480468,-21.988115,-11.187852,-22.203842,-9.4119978
9.75,-21.786249,-10.722552,-21.983145,-9.8146371
9.7519531,-21.570404,-9.5613222,-21.787804,-9.5261611
9.7539062,-21.35351,-9.9083833,-21.541981,-8.9896202
9.7558593,-21.137762,-10.745641,-21.31624,-8.9417276
9.7578125,-20.916779,-10.197237,-21.085405,-9.4569807
9.7597656,-20.703863,-9.2772522,-20.854132,-9.9335737
9.7617187,-20.482864,-9.4664287,-20.636402,-9.0259246
9.7636718,-20.245476,-10.125961,-20.40666,-7.7712502
9.765625,-20.023623,-9.6515865,-20.187168,-8.4007196
9.7675781,-19.793222,-8.7916545,-19.939514,-9.3358879
9.7695312,-19.569715,-9.1184415,-19.735184,-8.4587106
9.7714843,-19.322723,-10.15447,-19.502863,-7.5069026
9.7734375,-19.072861,-9.9635028,-19.253628,-8.1378164
9.7753906,-18.852938,-8.0709829,-19.012825,-8.6499986
9.7773437,-18.615683,-7.7728047,-18.749058,-7.8608827
9.7792968,-18.389538,-9.4512701,-18.510071,-7.2539553
9.78125,-18.137732,-9.3593359,-18.267765,-7.6841874
9.7832031,-17.890585,-7.5450511,-18.039778,-8.1214866
9.7851562,-17.664917,-7.2838411,-17.793089,-7.532938
9.7871093,-17.404392,-8.8346138,-17.542704,-6.710495
9.7890625,-17.149036,-8.9795122,-17.298605,-6.8536582
9.7910156,-16.896894,-7.2472982,-17.042204,-7.3034906
9.7929687,-16.635242,-6.8601312,-16.801832,-7.1259589
9.7949218,-16.380312,-8.1978197,-16.544065,-6.3735413
9.796875,-16.126303,-8.4438791,-16.303154,-6.2287621
9.7988281,-15.848433,-6.9669265,-16.04966,-6.7689986
9.8007812,-15.587043,-6.3966655,-15.774455,-6.6454262
9.8027343,-15.352489,-7.5485787,-15.523722,-5.7690329
9.8046875,-15.066329,-7.8434577,-15.283214,-5.5528645
9.8066406,-14.795043,-6.4882555,-15.034877,-6.1751718
9.8085937,-14.554616,-5.8253378,-14.771273,-5.9832482
9.8105468,-14.284953,-6.8503522,-14.508012,-5.1287207
9.8125,-14.022812,-7.2596807,-14.248886,-4.9118099
9.8144531,-13.754496,-5.994708,-13.998784,-5.3412261
9.8164062,-13.49246,-5.1756057,-13.734722,-5.3775725
9.8183593,-13.232187,-6.0353283,-13.460708,-4.6782116
9.8203125,-12.956676,-6.7127609,-13.194328,-4.2560925
9.8222656,-12.690384,-5.5583825,-12.939801,-4.570013
9.8242187,-12.423672,-4.5210905,-12.68755,-4.7799277
9.8261718,-12.165448,-5.3387498,-12.418498,-4.1133513
9.828125,-11.893584,-6.0821003,-12.16226,-3.4868297
9.8300781,-11.640971,-4.991888,-11.887447,-3.7783978
9.8320312,-11.388152,-3.8687999,-11.602441,-4.0928874
9.8339843,-11.131665,-4.5711202,-11.352626,-3.4591553
9.8359375,-10.881552,-5.3254404,-11.096403,-2.7003293
9.8378906,-10.589227,-4.4069819,-10.819511,-3.1365835
9.8398437,-10.330592,-3.274244,-10.541039,-3.4548318
9.8417968,-10.088119,-3.7371628,-10.266252,-2.6397523
9.84375,-9.8300113,-4.6755409,-10.012706,-1.9561865
9.8457031,-9.5618667,-3.9120733,-9.7842569,-2.3299622
9.8476562,-9.311531,-2.6350522,-9.5252695,-2.7590317
9.8496093,-9.0715475,-3.0282864,-9.2680177,-1.9398719
9.8515625,-8.8153085,-3.8525919,-9.017951,-1.1000697
9.8535156,-8.5659408,-3.1789538,-8.7510261,-1.3921706
9.8554687,-8.3147153,-2.0298204,-8.4927673,-1.8775855
9.8574218,-8.0902872,-2.3031601,-8.2441377,-1.2661973
9.859375,-7.8521194,-3.1238322,-8.0038328,-0.56660408
9.8613281,-7.6057734,-2.4865605,-7.7686138,-0.88400811
9.8632812,-7.3725509,-1.3611208,-7.5417046,-1.1457872
9.8652343,-7.1381988,-1.5593137,-7.3078012,-0.64573705
9.8671875,-6.9146528,-2.2539212,-7.077053,-0.081891641
9.8691406,-6.6856279,-1.8344476,-6.8586072,-0.36117443
9.8710937,-6.4649839,-0.76267743,-6.6279506,-0.66228509
9.8730468,-6.2474732,-0.82130331,-6.3883214,-0.31758848
9.875,-6.0283432,-1.5241706,-6.1852202,0.078615285
9.8769531,-5.8212146,-1.1918522,-5.9700775,-0.073839948
9.8789062,-5.614222,-0.27204186,-5.7460756,-0.40943453
9.8808593,-5.4018597,-0.27004096,-5.5466327,-0.13617593
9.8828125,-5.1968202,-0.79340994,-5.341783,0.18676937
9.8847656,-4.9982266,-0.37324008,-5.1465106,-0.026357222
9.8867187,-4.8061966,0.41208756,-4.9472169,-0.3114931
9.8886718,-4.6154413,0.13408358,-4.7521977,-0.12077221
9.890625,-4.4282593,-0.67614371,-4.5692133,0.24205382
9.8925781,-4.2286977,-0.33086145,-4.4002513,0.073114023
9.8945312,-4.0452928,0.56268531,-4.2378358,-0.41377357
9.8964843,-3.8792922,0.26610368,-4.0523424,0.0041460367
9.8984375,-3.6848259,-0.62637055,-3.8773284,0.69533831
9.9003906,-3.5154266,-0.38126627,-3.7064232,0.094784558
9.9023437,-3.3587136,0.55104005,-3.5295445,-0.68096292
9.9042968,-3.2068314,0.27445579,-3.3810546,-0.26712838
9.90625,-3.0522472,-0.61983204,-3.2318062,0.4507055
9.9082031,-2.8975269,-0.32198626,-3.0856428,0.070877917
9.9101562,-2.7537815,0.59763229,-2.9392762,-0.58919716
9.9121093,-2.6117138,0.3750087,-2.80025,-0.16219103
9.9140625,-2.4872992,-0.56283152,-2.6669778,0.47457296
9.9160156,-2.3496277,-0.42129877,-2.520643,0.093561791
9.9179687,-2.2256584,0.49471915,-2.3913698,-0.54629427
9.9199218,-2.1121985,0.47685197,-2.2678782,-0.19632435
9.921875,-2.0023238,-0.41788396,-2.1616253,0.35159048
9.9238281,-1.8820899,-0.45137715,-2.0511763,0.0077106156
9.9257812,-1.7681593,0.43899441,-1.9345616,-0.44995487
9.9277343,-1.6795979,0.52387047,-1.8233095,-0.089178599
9.9296875,-1.5844548,-0.31993827,-1.7056201,0.37997404
9.9316406,-1.4894353,-0.47292012,-1.6149334,0.039239958
9.9335937,-1.402556,0.36250475,-1.5258283,-0.48261273
9.9355468,-1.3223117,0.6046102,-1.4418025,-0.26047471
9.9375,-1.2379121,-0.1557259,-1.3691444,0.30816397
9.9394531,-1.1668262,-0.42394838,-1.2847927,0.25068894
9.9414062,-1.0924425,0.29061353,-1.2123451,-0.22561008
9.9433593,-1.0211247,0.58460915,-1.142291,-0.1641102
9.9453125,-0.96522391,-0.066922955,-1.073157,0.27086318
9.9472656,-0.89962268,-0.38084817,-1.0112763,0.23218232
9.9492187,-0.82479256,0.2173983,-0.93373811,-0.19167769
9.9511718,-0.77476519,0.60283232,-0.8661893,-0.18788406
9.953125,-0.73289055,0.032187697,-0.81799525,0.23450981
9.9550781,-0.68014252,-0.44259486,-0.76767772,0.20351289
9.9570312,-0.63391387,0.10161058,-0.72549814,-0.23793492
9.9589843,-0.58463007,0.66965717,-0.68672907,-0.16527067
9.9609375,-0.54654682,0.21420503,-0.64196783,0.33678341
9.9628906,-0.51417291,-0.37968767,-0.6101445,0.37512621
9.9648437,-0.47759858,-0.02481099,-0.57904768,-0.072449483
9.9667968,-0.44608289,0.57154417,-0.52707243,-0.18138902
9.96875,-0.40852812,0.33197671,-0.49990946,0.27562347
9.9707031,-0.38027525,-0.21620634,-0.47218585,0.43483686
9.9726562,-0.35679355,-0.043218348,-0.43396622,-0.061179839
9.9746093,-0.33126119,0.4414857,-0.40550315,-0.26726359
9.9765625,-0.32613757,0.32873407,-0.3695932,0.22905508
9.9785156,-0.29395625,-0.11352541,-0.3547889,0.49239627
9.9804687,-0.26493686,-0.020373238,-0.32712305,0.040063888
9.9824218,-0.26056165,0.46657854,-0.30641788,-0.24670215
9.984375,-0.24613759,0.37642267,-0.31519282,0.20883343
9.9863281,-0.23397924,-0.1058158,-0.29748279,0.59092033
9.9882812,-0.22321524,-0.021138785,-0.28833532,0.25363648
9.9902343,-0.21327457,0.45477682,-0.28842101,-0.050103094
9.9921875,-0.20446673,0.4543249,-0.27267048,0.23778068
9.9941406,-0.20597146,0.0091655198,-0.2726891,0.51161456
9.9960937,-0.19463541,-0.02285789,-0.25767434,0.28033257
9.9980468,-0.18190598,0.38511077,-0.24127746,-0.018512459
10.0,-0.18510991,0.48087913,-0.23402059,0.16965675
10.001953,-0.18070111,0.13795765,-0.21279761,0.44766244
10.003906,-0.17286445,0.012631902,-0.21817879,0.28253546
10.005859,-0.16901003,0.31964752,-0.2173406,0.033641778
10.007813,-0.16329283,0.44761589,-0.21160738,0.17663181
10.009766,-0.16157885,0.21231002,-0.20854519,0.44472203
10.011719,-0.16002472,0.08895658,-0.18924819,0.42714429
10.013672,-0.15480001,0.24779691,-0.19072713,0.2112997
10.015625,-0.15158422,0.35080236,-0.18733153,0.15266667
10.017578,-0.14675383,0.25704947,-0.18112706,0.29591882
10.019531,-0.14375892,0.18676734,-0.19655348,0.36378109
10.021484,-0.14751159,0.24625033,-0.19011991,0.31067857
10.023438,-0.14526005,0.28524095,-0.17045783,0.27198067
10.025391,-0.13364513,0.25267541,-0.17859758,0.32378763
10.027344,-0.13578996,0.2481295,-0.17563412,0.35136288
10.029297,-0.14261343,0.25686449,-0.18112519,0.27001369
10.03125,-0.14070088,0.23868741,-0.18214034,0.24445896
10.033203,-0.13611205,0.22395505,-0.17138356,0.31669813
10.035156,-0.14016066,0.25567997,-0.16964757,0.35910264
10.037109,-0.13149153,0.28226924,-0.15487494,0.34163389
10.039063,-0.13196748,0.26708007,-0.17829584,0.28870559
10.041016,-0.14179981,0.25705296,-0.15953341,0.251344
10.042969,-0.12537003,0.2350861,-0.14650048,0.29736865
10.044922,-0.13856836,0.25373444,-0.17247507,0.36201501
10.046875,-0.13659795,0.28813574,-0.15405165,0.32060078
10.048828,-0.12804297,0.24824731,-0.1430341,0.27420142
10.050781,-0.13477033,0.25639755,-0.14880644,0.32515436
10.052734,-0.12554342,0.27405962,-0.16470784,0.33278021
10.054688,-0.12653074,0.25698358,-0.15446143,0.29389462
10.056641,-0.12408012,0.25991005,-0.15818113,0.30483174
10.058594,-0.13199168,0.24614474,-0.15592174,0.32804385
10.060547,-0.13061617,0.24381597,-0.14696987,0.33680972
10.0625,-0.12513065,0.25445563,-0.15995437,0.34847105
10.064453,-0.12755701,0.26513547,-0.1621765,0.33810785
10.066406,-0.12881351,0.25437483,-0.17415704,0.30869943
10.068359,-0.13276626,0.22855148,-0.15375735,0.32658112
10.070313,-0.13023788,0.2220796,-0.15087025,0.36372715
10.072266,-0.12693761,0.24589247,-0.15841582,0.35757717
10.074219,-0.12720902,0.27269012,-0.14257589,0.28851342
10.076172,-0.1298418,0.25350487,-0.13893256,0.25809857
10.078125,-0.12426103,0.22397286,-0.13882639,0.31869876
10.080078,-0.12305111,0.23530787,-0.14485204,0.32181942
10.082031,-0.1249192,0.26178735,-0.14958689,0.28402799
10.083984,-0.12328579,0.24801984,-0.15607634,0.264312
10.085938,-0.12996113,0.22560686,-0.14343084,0.29437616
10.087891,-0.13073508,0.23106721,-0.14189602,0.34921703
10.089844,-0.13390127,0.24475113,-0.13982476,0.33157378
10.091797,-0.13225891,0.25621524,-0.1373996,0.30847529
10.09375,-0.1252685,0.25501326,-0.1425405,0.29847842
10.095703,-0.13241354,0.24798712,-0.13784291,0.29062238
10.097656,-0.12815173,0.23083368,-0.15421742,0.31184784
10.099609,-0.12308487,0.23253125,-0.1461205,0.33575609
10.101563,-0.11705809,0.26675537,-0.13360725,0.32822615
10.103516,-0.12040545,0.27806455,-0.14572376,0.31172392
10.105469,-0.13239944,0.25486401,-0.15382254,0.30802065
10.107422,-0.13309799,0.22644565,-0.14744298,0.30583784
10.109375,-0.13438518,0.24815045,-0.1464949,0.32523081
10.111328,-0.12495514,0.29957587,-0.14232071,0.34039041
10.113281,-0.11789088,0.29528925,-0.12672105,0.33463988
10.115234,-0.13072565,0.26656958,-0.13878354,0.31378281
10.117188,-0.1226503,0.2308253,-0.14300057,0.29703367
10.119141,-0.11239089,0.21782112,-0.13855816,0.30760404
10.121094,-0.12574294,0.27635825,-0.14023641,0.31969258
10.123047,-0.12203085,0.28569242,-0.13920636,0.33608201
10.125,-0.12500119,0.24964884,-0.15022205,0.33724159
10.126953,-0.12158688,0.23637401,-0.15284652,0.30884558
10.128906,-0.12332424,0.23642197,-0.16091736,0.29522938
10.130859,-0.13068058,0.26763001,-0.14424109,0.31862804
10.132813,-0.12836991,0.27427325,-0.12440206,0.35105732
10.134766,-0.13032645,0.23883212,-0.15026861,0.34341043
10.136719,-0.12660755,0.2158374,-0.14355564,0.29310095
10.138672,-0.12425256,0.24395509,-0.13490924,0.2745603
10.140625,-0.12055993,0.28269204,-0.14163712,0.33437392
10.142578,-0.12787694,0.27221724,-0.13979496,0.36514354
10.144531,-0.12125168,0.21917737,-0.14273049,0.32480821
10.146484,-0.12569351,0.22036399,-0.13741823,0.29148185
10.148438,-0.13005385,0.28286341,-0.14718035,0.30756932
10.150391,-0.12078352,0.29100457,-0.14307322,0.34775868
10.152344,-0.12797335,0.25956488,-0.15551755,0.34841797
10.154297,-0.12930383,0.23754886,-0.15254104,0.32893834
10.15625,-0.13007028,0.24563961,-0.13344707,0.31803477
10.158203,-0.12362962,0.27495533,-0.15558647,0.32268378
10.160156,-0.12028804,0.29072854,-0.13131247,0.32904303
10.162109,-0.1289098,0.28053802,-0.12796903,0.33785477
10.164063,-0.13270772,0.25233024,-0.15119249,0.35296321
10.166016,-0.13162524,0.24912275,-0.14804834,0.3265031
10.167969,-0.12572066,0.28568193,-0.15927637,0.29833791
10.169922,-0.11700208,0.31376132,-0.1601276,0.3476913
10.171875,-0.11789971,0.2931962,-0.14929631,0.38078812
10.173828,-0.12767428,0.26369727,-0.1295858,0.34863567
10.175781,-0.13332461,0.24412505,-0.12377249,0.33134088
10.177734,-0.12564489,0.25470302,-0.14502341,0.32866573
10.179688,-0.12721333,0.3092117,-0.14187926,0.32992539
10.181641,-0.12451739,0.3140797,-0.13476209,0.3360444
10.183594,-0.12159697,0.28208831,-0.14198543,0.36548164
10.185547,-0.13326766,0.28004709,-0.15346491,0.36523089
10.1875,-0.12128229,0.26660335,-0.1610999,0.34127289
10.189453,-0.12249565,0.27563646,-0.14579082,0.34099445
10.191406,-0.12517309,0.30394426,-0.14447579,0.35751072
10.193359,-0.11015053,0.28662923,-0.15057036,0.37629816
10.195313,-0.11701547,0.27816501,-0.14352025,0.35166734
10.197266,-0.12893178,0.27734441,-0.14664391,0.34708109
10.199219,-0.13284694,0.25682795,-0.14973776,0.35773161
10.201172,-0.12223853,0.26798368,-0.14013024,0.35835144
10.203125,-0.12804413,0.30384856,-0.14471421,0.36678663
10.205078,-0.14049342,0.31173441,-0.14671096,0.36889902
10.207031,-0.12906927,0.28382489,-0.13596909,0.36602223
10.208984,-0.13016191,0.30761272,-0.13631926,0.36626208
10.210938,-0.11579987,0.35236534,-0.13365009,0.3693971
10.212891,-0.1198949,0.31797159,-0.13343962,0.36000925
10.214844,-0.13016039,0.25234699,-0.13386616,0.3637591
10.216797,-0.10991383,0.22654669,-0.14544623,0.36016139
10.21875,-0.12112304,0.29744151,-0.16377652,0.34848815
10.220703,-0.12410948,0.31013975,-0.15127631,0.3530663
10.222656,-0.11469726,0.25981936,-0.14299871,0.37710401
10.224609,-0.12256896,0.28392792,-0.14435099,0.38706937
10.226563,-0.12093092,0.26573488,-0.13774419,0.36022982
10.228516,-0.1170018,0.22143768,-0.12789266,0.36251688
10.230469,-0.12054514,0.24192607,-0.12687752,0.37707269
10.232422,-0.11730344,0.28307238,-0.13639191,0.3707422
10.234375,-0.12342063,0.26088968,-0.14169486,0.36066383
10.236328,-0.13008469,0.22620454,-0.14198357,0.36494687
10.238281,-0.12029161,0.23625608,-0.13774605,0.38247326
10.240234,-0.12282141,0.26726481,-0.13494463,0.38264829
10.242188,-0.12393326,0.28486192,-0.13603801,0.36862516
10.244141,-0.11005525,0.25822201,-0.1402718,0.36740464
10.246094,-0.11229886,0.24660365,-0.13700658,0.37084132
10.248047,-0.11613707,0.24357383,-0.13131993,0.3681426
10.25,-0.11232425,0.23940988,-0.13636583,0.36745095
10.251953,-0.12096723,0.26081902,-0.13759518,0.36322051
10.253906,-0.1173953,0.25827545,-0.12308703,0.36799246
10.255859,-0.11591054,0.24150826,-0.13668434,0.36631826
10.257813,-0.13412713,0.24358407,-0.14020102,0.35167328
10.259766,-0.1293819,0.24188393,-0.12341113,0.34099081
10.261719,-0.12133531,0.2384795,-0.13866806,0.35901013
10.263672,-0.12661093,0.26017371,-0.13743126,0.37868413
10.265625,-0.1082959,0.27617395,-0.14410698,0.35568863
10.267578,-0.11155856,0.26420659,-0.15362696,0.34436744
10.269531,-0.12527041,0.24190991,-0.13966085,0.35644573
10.271484,-0.11549319,0.21973802,-0.14544623,0.37228099
10.273438,-0.11397823,0.26819241,-0.1383719,0.37038305
10.275391,-0.11228939,0.31636262,-0.13410458,0.35211095
10.277344,-0.12155038,0.29032737,-0.14140801,0.35857472
10.279297,-0.11912457,0.24707618,-0.14469558,0.37044558
10.28125,-0.10967556,0.23031214,-0.13935538,0.36747059
10.283203,-0.11862503,0.27689514,-0.14567906,0.37154913
10.285156,-0.11802927,0.29536676,-0.15425467,0.38390687
10.287109,-0.1172374,0.26975983,-0.14423923,0.38175827
10.289063,-0.12242464,0.24968667,-0.16377279,0.38084328
10.291016,-0.1212269,0.24705976,-0.15063183,0.38762659
10.292969,-0.11162798,0.28191927,-0.13391832,0.39220408
10.294922,-0.10768527,0.30294716,-0.13116719,0.38991636
10.296875,-0.11764657,0.28193885,-0.14603855,0.38110819
10.298828,-0.12461493,0.22937685,-0.16210945,0.36517027
10.300781,-0.11941388,0.23034671,-0.14553936,0.36061546
10.302734,-0.10985762,0.30560642,-0.14928328,0.39249274
10.304688,-0.11247233,0.32501438,-0.145707,0.39371797
10.306641,-0.10665485,0.27011779,-0.15365118,0.37453556
10.308594,-0.11119858,0.22043872,-0.14427835,0.37238249
10.310547,-0.11225882,0.23348202,-0.129895,0.36623833
10.3125,-0.10417316,0.26585025,-0.14709094,0.36669978
10.314453,-0.12018898,0.27338174,-0.14365436,0.34800446
10.316406,-0.11885679,0.25748476,-0.12294547,0.33610725
10.318359,-0.12591228,0.21149325,-0.12923935,0.36208791
10.320313,-0.12422147,0.2176245,-0.14188299,0.36123851
10.322266,-0.12020972,0.27599886,-0.12820558,0.3365733
10.324219,-0.12145123,0.29973781,-0.13229968,0.34366539
10.326172,-0.11273601,0.25869837,-0.14652842,0.36676651
10.328125,-0.1228531,0.21027741,-0.1395286,0.36844057
10.330078,-0.1172786,0.2342564,-0.13660052,0.35742912
10.332031,-0.11536123,0.3002342,-0.14242315,0.36389694
10.333984,-0.12378845,0.32470098,-0.13857493,0.36489767
10.335938,-0.1191189,0.29230317,-0.12489939,0.36234853
10.337891,-0.10764831,0.28436506,-0.11452632,0.37188777
10.339844,-0.11342955,0.32189772,-0.11811005,0.37547433
10.341797,-0.12279493,0.31479591,-0.1218372,0.36235875
10.34375,-0.12021985,0.27740574,-0.14009112,0.33876732
10.345703,-0.12157378,0.30269778,-0.14274725,0.34754682
10.347656,-0.11962969,0.33066121,-0.13886736,0.38886991
10.349609,-0.12479277,0.31864518,-0.14578523,0.40445018
10.351563,-0.12516668,0.31625947,-0.14072628,0.37522638
10.353516,-0.12411048,0.31772619,-0.14193141,0.3694129
10.355469,-0.11384021,0.31567624,-0.13267407,0.39085406
10.357422,-0.11342887,0.31185618,-0.14501968,0.39872742
10.359375,-0.12172557,0.30536127,-0.14439756,0.40210974
10.361328,-0.1193356,0.26299226,-0.13452926,0.37320352
10.363281,-0.11460661,0.26755422,-0.13550156,0.34961104
10.365234,-0.1051035,0.32201564,-0.12982981,0.35633633
10.367188,-0.11432038,0.30094469,-0.1412292,0.34155667
10.369141,-0.10525762,0.26692533,-0.13368921,0.32747084
10.371094,-0.10602541,0.24259885,-0.11665532,0.34765998
10.373047,-0.11310586,0.22640873,-0.10979147,0.36761257
10.375,-0.10129553,0.22852924,-0.10445127,0.34572423
10.376953,-0.10941734,0.22968268,-0.1219918,0.29585561
10.378906,-0.1097532,0.23027278,-0.12940513,0.25709906
10.380859,-0.10815013,0.18129617,-0.1145822,0.27637172
10.382813,-0.11439049,0.13944323,-0.12205885,0.34760013
10.384766,-0.10884716,0.15019791,-0.1311914,0.36772451
10.386719,-0.11517239,0.163427,-0.14242688,0.29492161
10.388672,-0.11668737,0.14595178,-0.14042453,0.23146662
10.390625,-0.10648617,0.09611205,-0.13358676,0.25879979
10.392578,-0.11468659,0.091529131,-0.12746984,0.33466536
10.394531,-0.11866478,0.10958945,-0.11840807,0.34706941
10.396484,-0.12000971,0.10509105,-0.12354152,0.26788607
10.398438,-0.11373284,0.098327667,-0.12214826,0.20644271
10.400391,-0.11222012,0.085860282,-0.11833543,0.23268567
10.402344,-0.11786222,0.082997166,-0.10973746,0.29194075
10.404297,-0.11154317,0.078836948,-0.12064511,0.30112362
10.40625,-0.11003817,0.087798715,-0.13297582,0.23818178
10.408203,-0.11259447,0.096104018,-0.12752758,0.16257797
10.410156,-0.11826906,0.073157862,-0.12885751,0.17922743
10.412109,-0.11171916,0.062685601,-0.1340636,0.27446398
10.414063,-0.11225528,0.083635353,-0.13033086,0.30746302
10.416016,-0.11763265,0.094764546,-0.12306468,0.21399394
10.417969,-0.11344023,0.077721454,-0.12930082,0.12206373
10.419922,-0.11246168,0.072771125,-0.12238668,0.14909714
10.421875,-0.1181396,0.082647219,-0.12502232,0.22847924
10.423828,-0.12390737,0.0710859,-0.1309772,0.24931909
10.425781,-0.11113968,0.065048136,-0.12858742,0.17696431
10.427734,-0.11302572,0.095833585,-0.13579586,0.12209161
10.429688,-0.11827436,0.10870784,-0.13316022,0.16272998
10.431641,-0.12339461,0.066246398,-0.13635652,0.22867836
10.433594,-0.12517434,0.051835343,-0.12729475,0.23340869
10.435547,-0.11205969,0.10613401,-0.11432329,0.1755406
10.4375,-0.11288738,0.13658302,-0.12622559,0.13385095
10.439453,-0.1107296,0.11239099,-0.13058046,0.14184098
10.441406,-0.11456699,0.075201876,-0.12987638,0.17223614
10.443359,-0.12115885,0.070255741,-0.13568783,0.18732813
10.445313,-0.11531588,0.098920919,-0.1344976,0.17587292
10.447266,-0.11770596,0.13775626,-0.13768831,0.15165813
10.449219,-0.11836966,0.15837562,-0.13660239,0.15358603
10.451172,-0.11704753,0.1017895,-0.14269324,0.18121703
10.453125,-0.11863421,0.060108982,-0.14913426,0.18699279
10.455078,-0.11559026,0.11454456,-0.13695256,0.15256722
10.457031,-0.12246788,0.16664168,-0.12831548,0.13863862
10.458984,-0.1149352,0.13887583,-0.11693844,0.18475379
10.460938,-0.1045867,0.084498107,-0.11612633,0.19666138
10.462891,-0.10619204,0.10219789,-0.12783864,0.15411213
10.464844,-0.11090186,0.14193556,-0.1354997,0.11776821
10.466797,-0.12089706,0.11826088,-0.13443799,0.13294131
10.46875,-0.10591262,0.079476297,-0.13545313,0.19444086
10.470703,-0.10653429,0.09631671,-0.12636901,0.21522805
10.472656,-0.11467601,0.13305144,-0.11762576,0.17345399
10.474609,-0.11227036,0.11227632,-0.12900279,0.13434359
10.476563,-0.12133434,0.063147418,-0.13515139,0.12603265
10.478516,-0.12214384,0.039538044,-0.13337629,0.14144595
10.480469,-0.12462438,0.067312412,-0.12315409,0.17045446
10.482422,-0.11632427,0.13460757,-0.1189501,0.17783575
10.484375,-0.10731474,0.15048942,-0.12107165,0.15284918
10.486328,-0.11919355,0.076848105,-0.1369656,0.11373173
10.488281,-0.12506722,0.0067337202,-0.15253732,0.097727947
10.490234,-0.11632001,0.057272289,-0.14596777,0.12076351
10.492188,-0.12367541,0.18162143,-0.13489248,0.16957247
10.494141,-0.12306191,0.19227378,-0.11994475,0.20060439
10.496094,-0.11309066,0.092468247,-0.12346329,0.15304226
10.498047,-0.12144476,0.080169439,-0.14042826,0.079424374
10.5,-0.11447188,0.14974657,-0.13695629,0.074350648
10.501953,-0.11141422,0.17342696,-0.13928273,0.14014186
10.503906,-0.11487027,0.16509581,-0.13023587,0.19341852
10.505859,-0.11540771,0.1558671,-0.11582085,0.18152867
10.507813,-0.11342218,0.13666289,-0.1399477,0.12883028
10.509766,-0.11185063,0.14712757,-0.13913745,0.089339063
10.511719,-0.12126927,0.19606543,-0.13402449,0.12526271
10.513672,-0.11986375,0.19491047,-0.1294461,0.20065437
10.515625,-0.12209251,0.14161588,-0.1203564,0.21194273
10.517578,-0.12129956,0.14050354,-0.13118209,0.14231648
10.519531,-0.10696678,0.19488963,-0.12064883,0.087176703
10.521484,-0.11567057,0.22602305,-0.12698369,0.12359042
10.523438,-0.11724015,0.18191573,-0.12915739,0.1911114
10.525391,-0.10739566,0.11948976,-0.12847008,0.18904725
10.527344,-0.11699525,0.15788388,-0.12688869,0.12930636
10.529297,-0.1127404,0.23478179,-0.13281749,0.10592534
10.53125,-0.11023055,0.22437507,-0.14148252,0.14637142
10.533203,-0.12071462,0.16564693,-0.12921327,0.18750349
10.535156,-0.1092988,0.13627347,-0.13974839,0.17254685
10.537109,-0.10316075,0.16847256,-0.13496698,0.12211751
10.539063,-0.11439201,0.23442452,-0.13413252,0.11022385
10.541016,-0.11016838,0.21043038,-0.14496194,0.15648326
10.542969,-0.11087221,0.1146605,-0.13242075,0.1971558
10.544922,-0.11619351,0.10806848,-0.11643925,0.17718577
10.546875,-0.11047349,0.18953477,-0.12452127,0.13232486
10.548828,-0.1081861,0.23797494,-0.13864385,0.12267933
10.550781,-0.11543835,0.17828403,-0.13841474,0.14848578
10.552734,-0.11650535,0.079321235,-0.1317651,0.18464339
10.554688,-0.11099521,0.088361003,-0.12496831,0.19837792
10.556641,-0.11323439,0.19001497,-0.130234,0.16716686
10.558594,-0.1141429,0.22598311,-0.14071883,0.12628311
10.560547,-0.11159098,0.13523073,-0.14886418,0.13483359
10.5625,-0.11340787,0.063788407,-0.13929018,0.18322276
10.564453,-0.11132051,0.11838602,-0.12581767,0.20519148
10.566406,-0.10479726,0.18776129,-0.12116665,0.1835835
10.568359,-0.11716076,0.18034622,-0.11963369,0.15243806
10.570313,-0.11932787,0.1042858,-0.13614045,0.14643732
10.572266,-0.10415957,0.056215353,-0.14897408,0.16615275
10.574219,-0.10361727,0.1229651,-0.13468945,0.18501048
10.576172,-0.1023145,0.20179795,-0.12450637,0.20377977
10.578125,-0.11080074,0.15000722,-0.12065069,0.20474835
10.580078,-0.11901148,0.028734237,-0.12758905,0.17453709
10.582031,-0.11835264,0.0016711671,-0.13949694,0.15039483
10.583984,-0.12613444,0.11534619,-0.12131752,0.15613849
10.585938,-0.11990764,0.22818127,-0.13138698,0.20088333
10.587891,-0.11627401,0.17086209,-0.13278024,0.22454213
10.589844,-0.12329352,0.038359921,-0.12974226,0.18256229
10.591797,-0.12525328,0.021465149,-0.1417675,0.14951585
10.59375,-0.11292227,0.12902965,-0.12279646,0.16927448
10.595703,-0.11446235,0.23349738,-0.13169432,0.20322223
10.597656,-0.12780468,0.21601285,-0.13084309,0.20181154
10.599609,-0.1197255,0.10161023,-0.13769762,0.17154402
10.601563,-0.11400715,0.096927658,-0.15340717,0.16617218
10.603516,-0.10624588,0.24774207,-0.14207298,0.1927173
10.605469,-0.10687033,0.33069441,-0.1337097,0.21890399
10.607422,-0.1137268,0.23577121,-0.14241756,0.23575813
10.609375,-0.10262978,0.10654158,-0.14911936,0.21745895
10.611328,-0.10574453,0.15318327,-0.1228095,0.18343346
10.613281,-0.11800329,0.30426183,-0.1119242,0.20221756
10.615234,-0.10891829,0.32192296,-0.11510932,0.25632733
10.617188,-0.10483678,0.20788042,-0.13150246,0.2616508
10.619141,-0.11283332,0.13808559,-0.12978697,0.19257969
10.621094,-0.12396925,0.1818914,-0.13037556,0.17129792
10.623047,-0.11782346,0.26972815,-0.1409349,0.25611281
10.625,-0.10800484,0.29415104,-0.12128027,0.32506934
10.626953,-0.11415454,0.21805383,-0.13549039,0.29075843
10.628906,-0.10786798,0.14762455,-0.12492174,0.20419447
10.630859,-0.11574627,0.19510977,-0.11348696,0.19252695
10.632813,-0.11670116,0.27922276,-0.13220282,0.26459926
10.634766,-0.11142864,0.25655693,-0.13187686,0.30766705
10.636719,-0.11669882,0.19850829,-0.13693953,0.26821855
10.638672,-0.11414275,0.22527903,-0.1264547,0.21632312
10.640625,-0.11321628,0.26902571,-0.12831548,0.23329793
10.642578,-0.10087932,0.26246709,-0.12754062,0.27979347
10.644531,-0.10623764,0.25309753,-0.13073133,0.29428646
10.646484,-0.11321253,0.24802822,-0.14051767,0.26685631
10.648438,-0.11259872,0.22595145,-0.13592625,0.23457809
10.650391,-0.11166549,0.23882687,-0.13419026,0.24761756
10.652344,-0.11451356,0.29034323,-0.12934738,0.29979894
10.654297,-0.11746529,0.29460785,-0.14509977,0.33601934
10.65625,-0.10443795,0.24746606,-0.12939581,0.2957595
10.658203,-0.10987031,0.23701674,-0.12733573,0.24425791
10.660156,-0.1039599,0.27357998,-0.13644965,0.27522567
10.662109,-0.10028689,0.27275088,-0.12122811,0.33528993
10.664063,-0.10899459,0.24910623,-0.14349231,0.348167
10.666016,-0.11676288,0.23787029,-0.14211954,0.30253577
10.667969,-0.11551617,0.22625402,-0.1286135,0.27317822
10.669922,-0.10437695,0.25516751,-0.13368548,0.32523438
10.671875,-0.11124828,0.30003583,-0.12672292,0.38600111
10.673828,-0.11338945,0.27030942,-0.13050781,0.36740923
10.675781,-0.11334154,0.17799801,-0.13821544,0.31004119
10.677734,-0.11365122,0.17293568,-0.12092823,0.29867858
10.679688,-0.10458047,0.27245587,-0.11735195,0.34902722
10.681641,-0.10354649,0.31149191,-0.13208547,0.38988644
10.683594,-0.11176661,0.23605654,-0.1290773,0.360769
10.685547,-0.10930727,0.16747802,-0.12405188,0.31423023
10.6875,-0.11108576,0.19920667,-0.13140374,0.324709
10.689453,-0.10804525,0.27271909,-0.13877237,0.36725652
10.691406,-0.11171571,0.29444954,-0.13345079,0.37838891
10.693359,-0.11589856,0.22746986,-0.11108787,0.3590337
10.695313,-0.10468379,0.16941656,-0.12017572,0.33621809
10.697266,-0.1167876,0.21642414,-0.14371024,0.320658
10.699219,-0.11476256,0.28372595,-0.12383395,0.32309952
10.701172,-0.11348692,0.27340978,-0.11609839,0.3621572
10.703125,-0.11846144,0.21956538,-0.120077,0.38710883
10.705078,-0.11279167,0.21343669,-0.13408223,0.34809121
10.707031,-0.11666296,0.26565072,-0.139713,0.29371953
10.708984,-0.10457487,0.31017596,-0.13361284,0.31767249
10.710938,-0.10772734,0.29464838,-0.13184333,0.3923856
10.712891,-0.10967385,0.23389389,-0.13102376,0.38981918
10.714844,-0.10811047,0.2196833,-0.12445049,0.33084196
10.716797,-0.11103128,0.28353116,-0.11603692,0.30718327
10.71875,-0.10388134,0.32317293,-0.13755606,0.34126112
10.720703,-0.10582603,0.28294256,-0.11997828,0.37122238
10.722656,-0.10316259,0.23560007,-0.12058178,0.35559735
10.724609,-0.10789011,0.24563099,-0.13244124,0.34386945
10.726563,-0.11103635,0.27850342,-0.11589909,0.34322208
10.728516,-0.10905772,0.27765197,-0.12503722,0.34024969
10.730469,-0.10496892,0.25237972,-0.12823911,0.35393694
10.732422,-0.11070216,0.2406908,-0.13061212,0.3571133
10.734375,-0.11295308,0.23485269,-0.12492546,0.34392968
10.736328,-0.10940813,0.22824985,-0.12239785,0.33612987
10.738281,-0.11085197,0.24304448,-0.13244496,0.33466101
10.740234,-0.11490782,0.2511684,-0.13356441,0.35354304
10.742188,-0.12557606,0.23481055,-0.1276412,0.36680073
10.744141,-0.11764707,0.22974217,-0.12545818,0.34689385
10.746094,-0.10784033,0.25867173,-0.1336948,0.32823879
10.748047,-0.11799987,0.29164708,-0.11375704,0.34721878
10.75,-0.12126791,0.28305271,-0.10427432,0.37278369
10.751953,-0.10663601,0.24926852,-0.13967575,0.36391726
10.753906,-0.10964156,0.26700416,-0.12204954,0.31191868
10.755859,-0.11005227,0.31252989,-0.10341005,0.29649222
10.757813,-0.10851572,0.31188983,-0.12085558,0.36703214
10.759766,-0.11709385,0.30137461,-0.1256668,0.38449278
10.761719,-0.11915901,0.29707026,-0.12948336,0.30593672
10.763672,-0.11871799,0.30788863,-0.11207694,0.27281117
10.765625,-0.11278597,0.35017568,-0.1122781,0.3307462
10.767578,-0.10206806,0.36945161,-0.13206685,0.36664212
10.769531,-0.10158943,0.3336907,-0.135699,0.31723124
10.771484,-0.11073742,0.28831467,-0.12638205,0.26222461
10.773438,-0.10818847,0.28723109,-0.12349868,0.29296973
10.775391,-0.11421569,0.32969111,-0.12417109,0.34583139
10.777344,-0.10595158,0.3373892,-0.12981118,0.33360463
10.779297,-0.099608973,0.32176405,-0.12933621,0.2890335
10.78125,-0.10703492,0.33214831,-0.11935802,0.27014127
10.783203,-0.10141376,0.30030394,-0.12408169,0.29630899
10.785156,-0.10623463,0.25360429,-0.12959139,0.3249737
10.787109,-0.10442916,0.26251331,-0.13924176,0.32433477
10.789063,-0.11161502,0.30026948,-0.14452422,0.30474195
10.791016,-0.11369596,0.3053205,-0.13842219,0.28875282
10.792969,-0.10559054,0.25487798,-0.13654278,0.29840064
10.794922,-0.11766551,0.2345237,-0.12453058,0.33560652
10.796875,-0.11560388,0.26787832,-0.11758851,0.35769233
10.798828,-0.10566115,0.27181524,-0.14071697,0.32336596
10.800781,-0.11284924,0.26545361,-0.12959698,0.26808015
10.802734,-0.10732979,0.26080957,-0.13316022,0.28715605
10.804688,-0.099321105,0.24457337,-0.13009989,0.38290232
10.806641,-0.11244773,0.25851947,-0.11533657,0.40585908
10.808594,-0.11328611,0.2740283,-0.14363201,0.32059997
10.810547,-0.10743473,0.26693651,-0.13265172,0.2643365
10.8125,-0.10903961,0.26435047,-0.13225684,0.32323194
10.814453,-0.11057245,0.27471912,-0.13840729,0.40723383
10.816406,-0.11043482,0.28068888,-0.12624794,0.38694501
10.818359,-0.1080092,0.2640287,-0.12488262,0.31896892
10.820313,-0.10705835,0.25441337,-0.13036439,0.31435058
10.822266,-0.10663807,0.26973084,-0.12797461,0.35362527
10.824219,-0.10917275,0.28760314,-0.12169936,0.37444344
10.826172,-0.10929539,0.28067374,-0.12494595,0.36849329
10.828125,-0.10524426,0.25437599,-0.12377994,0.35396299
10.830078,-0.11085239,0.25703213,-0.13155648,0.34237999
10.832031,-0.11201266,0.28876311,-0.12672105,0.3419202
10.833984,-0.10699532,0.29120132,-0.11948282,0.37361789
10.835938,-0.11647559,0.26367676,-0.1257562,0.3942695
10.837891,-0.11840254,0.25575098,-0.12452127,0.35651216
10.839844,-0.11102052,0.27770472,-0.12298273,0.31772089
10.841797,-0.11221737,0.31323662,-0.12219669,0.33782282
10.84375,-0.10931982,0.31755635,-0.1249385,0.39103872
10.845703,-0.10776848,0.29223311,-0.1282298,0.387586
10.847656,-0.11490983,0.27520421,-0.13149315,0.33535376
10.849609,-0.10872869,0.28653085,-0.13486081,0.31688273
10.851563,-0.098190516,0.31887895,-0.12776972,0.35888627
10.853516,-0.10749278,0.33390886,-0.12703025,0.40227664
10.855469,-0.11347733,0.31349739,-0.11954428,0.37295726
10.857422,-0.1097331,0.27157602,-0.11836709,0.32043251
10.859375,-0.10900114,0.2918005,-0.1295113,0.32232609
10.861328,-0.10506582,0.3477298,-0.10456862,0.36150053
10.863281,-0.10583477,0.33675998,-0.11569047,0.37292001
10.865234,-0.10824751,0.29371879,-0.13234065,0.34507492
10.867188,-0.10924187,0.2757147,-0.11694217,0.30950677
10.869141,-0.11120559,0.29820591,-0.13500424,0.31122595
10.871094,-0.11121254,0.33724147,-0.13644779,0.3558974
10.873047,-0.10957341,0.33862287,-0.13998868,0.37263769
10.875,-0.11668199,0.30334204,-0.12193219,0.3449671
10.876953,-0.11648369,0.29015148,-0.11134678,0.31650436
10.878906,-0.11014334,0.32447886,-0.14490606,0.30835319
10.880859,-0.11064252,0.36778212,-0.14289626,0.32231185
10.882813,-0.10357168,0.34816951,-0.13836072,0.34764156
10.884766,-0.10603187,0.31584039,-0.13123797,0.3648181
10.886719,-0.10195839,0.31688696,-0.13148943,0.35863861
10.888672,-0.10730793,0.315449,-0.14280313,0.33662355
10.890625,-0.10386745,0.33337077,-0.14412002,0.34046265
10.892578,-0.10005949,0.3352389,-0.14283852,0.36668387
10.894531,-0.10960557,0.3264066,-0.12027816,0.37563524
10.896484,-0.10052484,0.31499776,-0.11032605,0.37759697
10.898438,-0.11219551,0.29649869,-0.12321742,0.38155299
10.900391,-0.11334609,0.30112314,-0.12636715,0.36587235
10.902344,-0.10918625,0.31121495,-0.12309821,0.34245801
10.904297,-0.10499208,0.31662443,-0.13029547,0.3755846
10.90625,-0.1001472,0.30913359,-0.12593874,0.41773567
10.908203,-0.10564846,0.29408911,-0.12099342,0.40062889
10.910156,-0.1079125,0.27292958,-0.13486454,0.38171408
10.912109,-0.11233389,0.27959296,-0.12784423,0.3624438
10.914063,-0.096621454,0.3059679,-0.12297341,0.36984748
10.916016,-0.10673759,0.31549904,-0.12457715,0.40002081
10.917969,-0.11294026,0.30187184,-0.1220663,0.39026296
10.919922,-0.094065078,0.26345,-0.13978006,0.36909944
10.921875,-0.1103954,0.27142933,-0.13540098,0.35431921
10.923828,-0.11378808,0.3001689,-0.12201601,0.37858239
10.925781,-0.1067614,0.28559858,-0.12267725,0.41164136
10.927734,-0.11191706,0.28098133,-0.12551033,0.39689159
10.929688,-0.11527392,0.29475641,-0.12628706,0.36669472
10.931641,-0.11734312,0.28991237,-0.11931145,0.35710657
10.933594,-0.10915149,0.28981352,-0.12873644,0.38440233
10.935547,-0.1110718,0.31530511,-0.12385817,0.40102249
10.9375,-0.1153881,0.31922877,-0.13060281,0.38516179
10.939453,-0.1090505,0.28952447,-0.13553695,0.37418583
10.941406,-0.10826933,0.30544949,-0.11322619,0.36887246
10.943359,-0.11285557,0.34639543,-0.11287788,0.38255912
10.945313,-0.10548554,0.33673275,-0.11829259,0.39502743
10.947266,-0.097958095,0.33131513,-0.12299949,0.3680664
10.949219,-0.1112334,0.35392496,-0.1268533,0.34218609
10.951172,-0.10455893,0.32650983,-0.12866752,0.35576656
10.953125,-0.10169913,0.3096025,-0.12387307,0.39156407
10.955078,-0.10572828,0.34858754,-0.12474479,0.39731699
10.957031,-0.1009444,0.33620387,-0.13382518,0.36468759
10.958984,-0.10329133,0.31472686,-0.12413384,0.34008765
10.960938,-0.10570517,0.31131765,-0.11293562,0.34991115
10.962891,-0.1116543,0.31033346,-0.1207103,0.37819907
10.964844,-0.10243834,0.31157666,-0.1205259,0.38113275
10.966797,-0.1016516,0.30908865,-0.11495659,0.34539744
10.96875,-0.099289134,0.32221937,-0.11784182,0.32874045
10.970703,-0.098491952,0.30336228,-0.12225257,0.35297313
10.972656,-0.098253764,0.26692605,-0.13116346,0.37735319
10.974609,-0.10342546,0.25828162,-0.12252079,0.36824876
10.976563,-0.1048163,0.28191811,-0.12767845,0.33661354
10.978516,-0.09841422,0.29179305,-0.13730274,0.33408359
10.980469,-0.11553675,0.28061113,-0.12709358,0.35551575
10.982422,-0.1053779,0.2489862,-0.13244869,0.36750677
10.984375,-0.09696833,0.2347896,-0.10042982,0.35077712
10.986328,-0.10854571,0.27640331,-0.10750601,0.33037952
10.988281,-0.11250352,0.26940686,-0.12961374,0.33468521
10.990234,-0.10695422,0.22225946,-0.11805789,0.33266521
10.992188,-0.11129862,0.22964974,-0.12578042,0.33742449
10.994141,-0.11235533,0.26985237,-0.11024223,0.35414585
10.996094,-0.10157489,0.27538374,-0.11483924,0.35432988
10.998047,-0.11551313,0.26605082,-0.13110572,0.33381128
11.0,-0.11191538,0.25020611,-0.13899216,0.30930969
11.001953,-0.10676751,0.23369564,-0.12900652,0.31796163
11.003906,-0.1034836,0.2736865,-0.13243937,0.34851375
11.005859,-0.096367389,0.32260156,-0.14088275,0.35524529
11.007813,-0.10939282,0.29550052,-0.13129199,0.33202347
11.009766,-0.10368075,0.21439956,-0.1267639,0.31787637
11.011719,-0.10512238,0.22978897,-0.11214586,0.33250207
11.013672,-0.10567432,0.324687,-0.12119459,0.3492189
11.015625,-0.09952753,0.33246484,-0.13099769,0.34191537
11.017578,-0.10093875,0.26704526,-0.13535441,0.3249909
11.019531,-0.10321713,0.22373211,-0.13285474,0.33176675
11.021484,-0.1148983,0.25105548,-0.11700736,0.35911182
11.023438,-0.10692873,0.28881863,-0.11649327,0.3776058
11.025391,-0.10376774,0.29787704,-0.11470141,0.36364698
11.027344,-0.10842403,0.28836766,-0.1319495,0.32810766
11.029297,-0.10613716,0.24084598,-0.13668434,0.30521178
11.03125,-0.10452147,0.22779,-0.12606168,0.33462948
11.033203,-0.1019529,0.28545657,-0.12034149,0.39411324
11.035156,-0.10338565,0.30617803,-0.1257115,0.3995268
11.037109,-0.098606668,0.25723854,-0.13737538,0.33590096
11.039063,-0.09810666,0.23631661,-0.12162486,0.29102117
11.041016,-0.1042982,0.26233065,-0.12300508,0.35173234
11.042969,-0.11105838,0.27830377,-0.12973295,0.42030087
11.044922,-0.11003122,0.25886697,-0.13430947,0.38584742
11.046875,-0.11069339,0.2491592,-0.13001607,0.32091445
11.048828,-0.11715841,0.27104434,-0.13956586,0.32986128
11.050781,-0.10198782,0.27004316,-0.14166692,0.3966369
11.052734,-0.10440254,0.2657477,-0.13258094,0.41687813
11.054688,-0.10707511,0.27052268,-0.14708908,0.38748115
11.056641,-0.10406521,0.23959452,-0.13850787,0.36317894
11.058594,-0.11540031,0.23106605,-0.13408782,0.37669253
11.060547,-0.10092804,0.28162649,-0.12921886,0.42840475
11.0625,-0.10036878,0.31995055,-0.12025023,0.42585212
11.064453,-0.10585637,0.29181099,-0.10555954,0.37205151
11.066406,-0.10939529,0.23837867,-0.1123433,0.37029392
11.068359,-0.11557161,0.24763823,-0.13429643,0.37093103
11.070313,-0.10480081,0.28938347,-0.12289332,0.35930875
11.072266,-0.10860657,0.30937573,-0.12517133,0.39536434
11.074219,-0.11553511,0.29909253,-0.12367935,0.39791685
11.076172,-0.10936106,0.26724291,-0.11161686,0.3632265
11.078125,-0.10955451,0.2676591,-0.10896632,0.35094491
11.080078,-0.10660512,0.3067019,-0.10403404,0.35713175
11.082031,-0.10215159,0.33736256,-0.11165039,0.3573336
11.083984,-0.11046962,0.32001737,-0.11416869,0.32948786
11.085938,-0.11638117,0.27798119,-0.11163549,0.31573781
11.087891,-0.10982062,0.27976409,-0.12682536,0.34398398
11.089844,-0.11005645,0.35047346,-0.12567611,0.37045464
11.091797,-0.10517431,0.38971046,-0.1078655,0.33122015
11.09375,-0.091533452,0.34478658,-0.12293802,0.30388463
11.095703,-0.10222994,0.32168442,-0.12688124,0.32341141
11.097656,-0.10914183,0.31173861,-0.11004852,0.32011524
11.099609,-0.10454079,0.30604798,-0.11829259,0.31606203
11.101563,-0.10759757,0.34806031,-0.1137943,0.31411287
11.103516,-0.11667778,0.37095326,-0.11733705,0.30579886
11.105469,-0.10357629,0.34637043,-0.12933248,0.30141133
11.107422,-0.10427146,0.33049813,-0.11529186,0.30102861
11.109375,-0.11386036,0.33814451,-0.11821435,0.3075493
11.111328,-0.092796274,0.32535663,-0.13220468,0.32029855
11.113281,-0.10323689,0.33050779,-0.12493291,0.3080242
11.115234,-0.10392325,0.34330568,-0.12064138,0.28241003
11.117188,-0.098561279,0.32324171,-0.12322673,0.29137751
11.119141,-0.10432582,0.32688925,-0.13582566,0.31884316
11.121094,-0.091039471,0.32960555,-0.13011293,0.31555822
11.123047,-0.10161858,0.32446328,-0.11425251,0.29119721
11.125,-0.11168192,0.3195892,-0.12252638,0.29623652
11.126953,-0.10534151,0.28941551,-0.12761885,0.30985495
11.128906,-0.10083342,0.29641834,-0.13176882,0.30770683
11.130859,-0.10297311,0.33775067,-0.12268843,0.29546919
11.132813,-0.11466599,0.32751963,-0.12922817,0.30474114
11.134766,-0.11598761,0.27368501,-0.13515884,0.32163078
11.136719,-0.10332845,0.26031563,-0.12544142,0.31151029
11.138672,-0.10680836,0.32943758,-0.12383395,0.311212
11.140625,-0.10608538,0.36993253,-0.11574821,0.32117057
11.142578,-0.10531994,0.31633794,-0.12156339,0.31655249
11.144531,-0.11301264,0.28106141,-0.12184465,0.30709583
11.146484,-0.09652967,0.29469761,-0.10606991,0.30693612
11.148438,-0.10415246,0.35299352,-0.11592144,0.31890047
11.150391,-0.10624202,0.37343255,-0.12153918,0.31752485
11.152344,-0.092790224,0.31973949,-0.11933567,0.28958744
11.154297,-0.10519623,0.30429909,-0.12030238,0.28529167
11.15625,-0.10838589,0.31457111,-0.11623622,0.31897163
11.158203,-0.098811984,0.33408603,-0.13132179,0.32953978
11.160156,-0.1056129,0.34625727,-0.13550343,0.29313573
11.162109,-0.11142855,0.33013734,-0.13772742,0.2741085
11.164063,-0.10309946,0.31158739,-0.14163153,0.30119652
11.166016,-0.10267271,0.32806888,-0.12494223,0.32946524
11.167969,-0.1013172,0.34374455,-0.12789825,0.32284918
11.169922,-0.10196073,0.31973004,-0.13859355,0.30508292
11.171875,-0.09936633,0.31200984,-0.11680619,0.301328
11.173828,-0.09713129,0.31606564,-0.11796103,0.31222343
11.175781,-0.10276384,0.32810962,-0.13699168,0.33337751
11.177734,-0.10992627,0.32110816,-0.12318948,0.33133242
11.179688,-0.10402793,0.30810189,-0.11613005,0.32349318
11.181641,-0.096003003,0.32621661,-0.12272568,0.32749808
11.183594,-0.10192334,0.32628599,-0.1230088,0.32655743
11.185547,-0.1080244,0.31450823,-0.12786099,0.32475615
11.1875,-0.11492511,0.30096588,-0.12740651,0.33545318
11.189453,-0.10368813,0.30346078,-0.12732455,0.34410128
11.191406,-0.097873308,0.33166531,-0.11315913,0.32351896
11.193359,-0.10771684,0.3485617,-0.11476474,0.32842714
11.195313,-0.10435429,0.32811254,-0.12672105,0.35166007
11.197266,-0.10463971,0.29341179,-0.11539803,0.32774976
11.199219,-0.10053674,0.30197519,-0.13579214,0.30101985
11.201172,-0.098406389,0.35252553,-0.14420943,0.31939983
11.203125,-0.10026902,0.36838141,-0.12806961,0.35466507
11.205078,-0.10197547,0.32618445,-0.11611702,0.36159733
11.207031,-0.11037128,0.29400983,-0.10522613,0.34034416
11.208984,-0.10276008,0.31185362,-0.11780643,0.31796136
11.210938,-0.10409037,0.36132756,-0.1416427,0.31276387
11.212891,-0.10621656,0.36340186,-0.12670057,0.32290578
11.214844,-0.10727832,0.31638917,-0.11191675,0.35359669
11.216797,-0.10841912,0.30538872,-0.11910656,0.37653524
11.21875,-0.10495155,0.33378917,-0.12127095,0.34856683
11.220703,-0.10086887,0.3543472,-0.13096975,0.3087011
11.222656,-0.094943419,0.35303462,-0.12530172,0.31282815
11.224609,-0.10620888,0.34282941,-0.13112621,0.35729885
11.226563,-0.10085055,0.31874913,-0.13257535,0.37869141
11.228516,-0.10377892,0.31587669,-0.12416551,0.35880178
11.230469,-0.10377339,0.35607609,-0.12674713,0.33649459
11.232422,-0.099950321,0.35768679,-0.12656645,0.33522981
11.234375,-0.0999538,0.33820736,-0.11883834,0.36094093
11.236328,-0.095439345,0.33230197,-0.10825293,0.38345072
11.238281,-0.10449162,0.31928301,-0.11601084,0.37780157
11.240234,-0.09867955,0.31375051,-0.12008631,0.34843105
11.242188,-0.11044586,0.32214543,-0.12968639,0.33041126
11.244141,-0.1127092,0.33804509,-0.12561837,0.36216253
11.246094,-0.098195389,0.33513448,-0.1149361,0.40511224
11.248047,-0.10397168,0.329671,-0.12296037,0.39195561
11.25,-0.1044085,0.33033711,-0.11342177,0.34548986
11.251953,-0.098273918,0.33023688,-0.13025635,0.3254039
11.253906,-0.10042483,0.32806295,-0.13294229,0.35907939
11.255859,-0.09302932,0.32962513,-0.10714465,0.39429319
11.257813,-0.091208331,0.33894104,-0.11663483,0.37717581
11.259766,-0.10544568,0.34372628,-0.11907676,0.34780577
11.261719,-0.1042918,0.32230935,-0.12267166,0.33103451
11.263672,-0.098179504,0.31218365,-0.1348217,0.350449
11.265625,-0.10343628,0.3471505,-0.12793922,0.37921679
11.267578,-0.097951345,0.35989287,-0.11946233,0.37791637
11.269531,-0.090511031,0.32512987,-0.12174965,0.36690545
11.271484,-0.1014631,0.29538086,-0.12462372,0.35106182
11.273438,-0.097135939,0.29495513,-0.13170922,0.34239849
11.275391,-0.10266188,0.30008915,-0.12240344,0.35835153
11.277344,-0.098214008,0.31293571,-0.11631632,0.38563365
11.279297,-0.092895694,0.30960947,-0.12850174,0.38134772
11.28125,-0.10264564,0.29396489,-0.11724205,0.3413237
11.283203,-0.09375722,0.27710992,-0.12365514,0.33597559
11.285156,-0.096594341,0.26693931,-0.12913318,0.37799188
11.287109,-0.10562006,0.2791549,-0.12436481,0.39393127
11.289063,-0.10704646,0.26523662,-0.12602256,0.37436259
11.291016,-0.089784518,0.25060239,-0.11295611,0.360019
11.292969,-0.096436463,0.27553949,-0.12112567,0.376349
11.294922,-0.1084855,0.27110815,-0.12966776,0.38330099
11.296875,-0.10010567,0.21336207,-0.12108655,0.36723697
11.298828,-0.099520236,0.20340332,-0.12434059,0.36630049
11.300781,-0.095667541,0.26118666,-0.13405243,0.37820935
11.302734,-0.10683651,0.28086665,-0.11984789,0.37896669
11.304688,-0.10655242,0.23120376,-0.11091837,0.3756772
11.306641,-0.097610213,0.19773389,-0.11608535,0.38826272
11.308594,-0.1054818,0.22784181,-0.13289759,0.38363841
11.310547,-0.1109509,0.26399469,-0.12666517,0.35941571
11.3125,-0.10733859,0.26373497,-0.11669071,0.36096042
11.314453,-0.099356726,0.24240431,-0.1215727,0.39904198
11.316406,-0.10108323,0.22799769,-0.10420167,0.3990396
11.318359,-0.10223061,0.24321572,-0.11111768,0.36443922
11.320313,-0.099301688,0.27230209,-0.10848017,0.35028809
11.322266,-0.097185239,0.27541238,-0.11685276,0.35094923
11.324219,-0.094529577,0.23577808,-0.12802118,0.36886561
11.326172,-0.10899877,0.22846521,-0.12425119,0.36963287
11.328125,-0.11241237,0.28316981,-0.11594193,0.36184922
11.330078,-0.10044303,0.29270831,-0.11890167,0.36673173
11.332031,-0.10378031,0.25814146,-0.14003338,0.36392111
11.333984,-0.098369576,0.26236477,-0.12716436,0.34137756
11.335938,-0.097744122,0.28961712,-0.12829499,0.33467638
11.337891,-0.092989281,0.28589267,-0.12219669,0.37260103
11.339844,-0.096100457,0.24418674,-0.12500742,0.38854188
11.341797,-0.10941163,0.24504682,-0.14479244,0.35801035
11.34375,-0.096414305,0.2852973,-0.12526447,0.33596936
11.345703,-0.09983439,0.29439795,-0.1244449,0.36741853
11.347656,-0.10147196,0.28282103,-0.1261455,0.40577587
11.349609,-0.093555428,0.25540453,-0.12039551,0.39348859
11.351563,-0.10306304,0.25249973,-0.11395262,0.37605587
11.353516,-0.103742,0.26758856,-0.10668086,0.38235152
11.355469,-0.10069633,0.26724443,-0.10944316,0.38664833
11.357422,-0.10110094,0.26751021,-0.11185901,0.37691975
11.359375,-0.096033148,0.26365709,-0.13167383,0.37737098
11.361328,-0.10174945,0.26731429,-0.11916617,0.39020789
11.363281,-0.10319669,0.27223215,-0.10467851,0.39709258
11.365234,-0.10095918,0.26037583,-0.11645788,0.40548792
11.367188,-0.10342573,0.25754437,-0.11514658,0.39470875
11.369141,-0.10070407,0.27475077,-0.10850252,0.37218052
11.371094,-0.10082613,0.28603655,-0.10711113,0.36299059
11.373047,-0.097770467,0.27411959,-0.10738866,0.36744222
11.375,-0.10423737,0.24753369,-0.1131908,0.37937561
11.376953,-0.10616654,0.25630164,-0.12217434,0.36778495
11.378906,-0.098561913,0.29010305,-0.11239545,0.34519708
11.380859,-0.096959874,0.28874156,-0.11343481,0.3430402
11.382813,-0.091305263,0.27398708,-0.11914754,0.36576155
11.384766,-0.094400525,0.26801848,-0.11968771,0.37617809
11.386719,-0.1006128,0.26301017,-0.13402635,0.35272667
11.388672,-0.1003476,0.2614409,-0.11657895,0.32749879
11.390625,-0.10070375,0.27142003,-0.11283876,0.33436245
11.392578,-0.1085261,0.28884298,-0.14932239,0.37242419
11.394531,-0.10320333,0.27956048,-0.13535628,0.36379308
11.396484,-0.09670046,0.25395471,-0.11886255,0.3228538
11.398438,-0.1083758,0.26039934,-0.12701163,0.33926824
11.400391,-0.10115123,0.27769503,-0.13223262,0.38412228
11.402344,-0.099231809,0.27165121,-0.12927288,0.38575378
11.404297,-0.095252365,0.26904142,-0.11306973,0.35981563
11.40625,-0.09035562,0.27300221,-0.11000195,0.35953939
11.408203,-0.10158771,0.27505091,-0.11795731,0.37889984
11.410156,-0.10344391,0.26821789,-0.11793309,0.38597584
11.412109,-0.10384371,0.26687029,-0.11990191,0.37780625
11.414063,-0.10717233,0.28656694,-0.12106793,0.38259441
11.416016,-0.11628364,0.29718658,-0.12214826,0.38195485
11.417969,-0.10985741,0.29350856,-0.12059854,0.38301322
11.419922,-0.10200974,0.28667146,-0.10523172,0.39601153
11.421875,-0.10294475,0.31829664,-0.12080902,0.3911297
11.423828,-0.097971074,0.33652064,-0.11766674,0.36934912
11.425781,-0.095539093,0.31321266,-0.10846713,0.3556703
11.427734,-0.096958302,0.32146034,-0.11152187,0.38635609
11.429688,-0.097766697,0.32732695,-0.12123743,0.40428388
11.431641,-0.10053311,0.3358545,-0.12972178,0.37811998
11.433594,-0.10317665,0.35755235,-0.11493237,0.34770232
11.435547,-0.089656465,0.36001068,-0.11993916,0.36553758
11.4375,-0.091780618,0.35165206,-0.1211741,0.40823421
11.439453,-0.099165373,0.34013265,-0.12502232,0.38767803
11.441406,-0.098611906,0.32950613,-0.12454735,0.34634474
11.443359,-0.099173784,0.32608551,-0.10738494,0.34870243
11.445313,-0.097762994,0.33727464,-0.11467719,0.39283627
11.447266,-0.099681005,0.34503025,-0.12812549,0.4047882
11.449219,-0.10473764,0.34032205,-0.12044208,0.35876536
11.451172,-0.11129586,0.31421754,-0.11989073,0.34212434
11.453125,-0.09482871,0.29738459,-0.11802623,0.3773672
11.455078,-0.097913928,0.34132871,-0.12348378,0.39963716
11.457031,-0.096722364,0.36761725,-0.11909725,0.37923211
11.458984,-0.087478556,0.32826307,-0.12022415,0.36275712
11.460938,-0.099072412,0.29281947,-0.12391591,0.36907771
11.462891,-0.098229244,0.30441886,-0.11392654,0.37005264
11.464844,-0.10008992,0.34512943,-0.10847645,0.37853155
11.466797,-0.098325208,0.35841742,-0.10261098,0.39584526
11.46875,-0.098604672,0.33673775,-0.12312987,0.38016608
11.470703,-0.090776972,0.30692866,-0.12985775,0.33832085
11.472656,-0.10028286,0.30056635,-0.11145109,0.339239
11.474609,-0.11357836,0.32268512,-0.10227942,0.40133753
11.476563,-0.094695106,0.31909385,-0.11447975,0.42503318
11.478516,-0.092754185,0.3146171,-0.10954933,0.35213938
11.480469,-0.094862677,0.34016258,-0.097609773,0.29098895
11.482422,-0.090566285,0.33074689,-0.11608535,0.33698696
11.484375,-0.10001703,0.29688483,-0.11542411,0.39618263
11.486328,-0.11568294,0.28921339,-0.10172436,0.36737332
11.488281,-0.10081924,0.3049573,-0.12367935,0.32100809
11.490234,-0.091637447,0.34926903,-0.12343162,0.32064536
11.492188,-0.098539799,0.36691189,-0.11515403,0.33406425
11.494141,-0.090155445,0.3029227,-0.13140933,0.35499603
11.496094,-0.10171789,0.24343564,-0.13037929,0.35216102
11.498047,-0.10059491,0.28987885,-0.12915181,0.32475212
11.5,-0.098657221,0.36810994,-0.13846689,0.32102931
11.501953,-0.10356764,0.35469645,-0.12790011,0.33443794
11.503906,-0.091325618,0.29810742,-0.11478895,0.35888615
11.505859,-0.089935556,0.28359276,-0.13386802,0.36800602
11.507813,-0.093736768,0.31147724,-0.12802304,0.34377271
11.509766,-0.10072988,0.33091825,-0.12307586,0.31672853
11.511719,-0.10969763,0.31000924,-0.12870477,0.34759527
11.513672,-0.10615113,0.28386879,-0.12171799,0.41069132
11.515625,-0.10600723,0.29765213,-0.11647278,0.40194738
11.517578,-0.1046237,0.34781384,-0.12314478,0.34672359
11.519531,-0.092884652,0.3566784,-0.1313162,0.3359974
11.521484,-0.099708982,0.31507298,-0.12347446,0.3849079
11.523438,-0.10325756,0.28620431,-0.1238768,0.43009251
11.525391,-0.094738871,0.30292726,-0.12172171,0.40992224
11.527344,-0.098565869,0.36444762,-0.12249099,0.38882759
11.529297,-0.09794943,0.37811548,-0.11915313,0.40480819
11.53125,-0.0880173,0.33314738,-0.12009749,0.40840366
11.533203,-0.094505265,0.31720233,-0.11445181,0.40189826
11.535156,-0.097107135,0.33029452,-0.11327462,0.39288005
11.537109,-0.096730247,0.34231648,-0.12939209,0.38399452
11.539063,-0.10320352,0.33382758,-0.12206072,0.36777025
11.541016,-0.098148525,0.32732487,-0.11632191,0.37998906
11.542969,-0.10057773,0.33828467,-0.11011185,0.40012801
11.544922,-0.10112333,0.34047818,-0.095110103,0.37848857
11.546875,-0.098058492,0.3348282,-0.10840194,0.3681469
11.548828,-0.098780818,0.32997704,-0.11256309,0.34655106
11.550781,-0.10025187,0.32033226,-0.11054212,0.31033954
11.552734,-0.097931549,0.32610589,-0.12577669,0.33394292
11.554688,-0.095896468,0.35299119,-0.10841684,0.37389037
11.556641,-0.10302532,0.35328585,-0.1037118,0.37431589
11.558594,-0.099500977,0.32491997,-0.10584266,0.34787884
11.560547,-0.094567947,0.32493395,-0.10723592,0.3148582
11.5625,-0.095055357,0.3581385,-0.11813799,0.30346033
11.564453,-0.094856039,0.3676565,-0.11500129,0.32156378
11.566406,-0.09535265,0.3330639,-0.1200323,0.3515445
11.568359,-0.1005645,0.31596994,-0.11590281,0.35112134
11.570313,-0.10568506,0.34154117,-0.11052722,0.3211461
11.572266,-0.10572039,0.35062587,-0.1146567,0.29295465
11.574219,-0.1017705,0.35323647,-0.11515589,0.30316365
11.576172,-0.092564851,0.35370561,-0.10490389,0.32534149
11.578125,-0.095501222,0.3534309,-0.11364715,0.32651317
11.580078,-0.098296314,0.35050967,-0.12501301,0.30828419
11.582031,-0.096876241,0.33902287,-0.11842111,0.28460518
11.583984,-0.098037183,0.34578556,-0.12762816,0.31042308
11.585938,-0.092554167,0.35800812,-0.12876065,0.34624285
11.587891,-0.092372693,0.37257817,-0.12821303,0.33652467
11.589844,-0.10270856,0.36608896,-0.12055756,0.30467075
11.591797,-0.098689072,0.34186399,-0.1107526,0.30443349
11.59375,-0.094022512,0.33059114,-0.12437226,0.32701239
11.595703,-0.10068358,0.35531366,-0.11661434,0.32829911
11.597656,-0.10001186,0.37241274,-0.11033723,0.31163755
11.599609,-0.10142723,0.3480362,-0.11353911,0.3156653
11.601563,-0.10292559,0.32864583,-0.11615613,0.33116949
11.603516,-0.094430462,0.34102836,-0.12717927,0.32585821
11.605469,-0.094829857,0.3744868,-0.12559602,0.32302868
11.607422,-0.10091014,0.37570009,-0.11409791,0.33137441
11.609375,-0.10121054,0.34234244,-0.11793868,0.34396529
11.611328,-0.10150109,0.32606015,-0.12144791,0.3352268
11.613281,-0.086035214,0.36052746,-0.11370489,0.31937519
11.615234,-0.094875403,0.39327312,-0.12909406,0.3304818
11.617188,-0.097337902,0.36615741,-0.12051472,0.34448427
11.619141,-0.093800277,0.32450727,-0.11200057,0.34961903
11.621094,-0.10604046,0.32488072,-0.12909406,0.35300705
11.623047,-0.093070507,0.35838902,-0.12758532,0.35029432
11.625,-0.093662046,0.37428135,-0.11367323,0.34445032
11.626953,-0.092888735,0.36149219,-0.1071521,0.35246021
11.628906,-0.098693676,0.32957029,-0.11883275,0.37301299
11.630859,-0.099116348,0.30978632,-0.12316713,0.3709318
11.632813,-0.093694933,0.33829877,-0.12440765,0.34917006
11.634766,-0.094880745,0.36967978,-0.11930214,0.34987828
11.636719,-0.098493084,0.35132924,-0.10685781,0.37898898
11.638672,-0.10513174,0.31747299,-0.10372111,0.39941087
11.640625,-0.091759749,0.32345942,-0.11888118,0.38856158
11.642578,-0.098542474,0.35781461,-0.12908103,0.35125157
11.644531,-0.093250379,0.36411643,-0.1055167,0.33230194
11.646484,-0.095452376,0.33762914,-0.10875398,0.39411908
11.648438,-0.10252047,0.32408246,-0.11686021,0.42074668
11.650391,-0.088182203,0.32650089,-0.11320011,0.37079528
11.652344,-0.096069813,0.35101771,-0.12558112,0.35271052
11.654297,-0.088176832,0.37073904,-0.1246442,0.35972691
11.65625,-0.094111212,0.34150296,-0.12823166,0.38336122
11.658203,-0.10356224,0.31160194,-0.11922018,0.39298117
11.660156,-0.095240936,0.31431812,-0.1175587,0.38998517
11.662109,-0.097003922,0.35429549,-0.11943066,0.3917053
11.664063,-0.099301785,0.37827241,-0.11897804,0.38910663
11.666016,-0.11054466,0.33712727,-0.11912705,0.3966901
11.667969,-0.094964065,0.29174194,-0.10171691,0.4013361
11.669922,-0.089732826,0.32704768,-0.10825852,0.40038833
11.671875,-0.10590817,0.38759694,-0.12000622,0.37895131
11.673828,-0.098567039,0.3628065,-0.11513168,0.36033207
11.675781,-0.095707707,0.31538671,-0.11186087,0.38982555
11.677734,-0.094968446,0.32488328,-0.12030424,0.396357
11.679688,-0.091005266,0.36577907,-0.11790515,0.36948496
11.681641,-0.096360013,0.37471765,-0.11800201,0.38303712
11.683594,-0.10124175,0.3612732,-0.12293057,0.38470513
11.685547,-0.095566325,0.33278254,-0.12062462,0.37101403
11.6875,-0.090673313,0.33220035,-0.1143028,0.3702867
11.689453,-0.099130251,0.3746143,-0.09753713,0.38294148
11.691406,-0.10645071,0.36639118,-0.093802527,0.40122458
11.693359,-0.10539742,0.32866028,-0.11892216,0.37851456
11.695313,-0.10411659,0.3247287,-0.1337097,0.34285784
11.697266,-0.097411342,0.38094857,-0.12488076,0.33493367
11.699219,-0.10341326,0.41446093,-0.10511065,0.40617085
11.701172,-0.10508637,0.38822091,-0.093780175,0.42333797
11.703125,-0.091787882,0.3465817,-0.10983431,0.36218476
11.705078,-0.088116325,0.34505805,-0.11919597,0.35936016
11.707031,-0.098337479,0.38508818,-0.11518197,0.33901769
11.708984,-0.091909103,0.34117469,-0.10380493,0.35121715
11.710938,-0.085755572,0.3220807,-0.10963129,0.39005101
11.712891,-0.096943393,0.36460537,-0.11661993,0.37953755
11.714844,-0.088457078,0.34019819,-0.10791765,0.34458438
11.716797,-0.091926426,0.31814623,-0.11055888,0.32473361
11.71875,-0.095131561,0.31674913,-0.11652493,0.35879165
11.720703,-0.091075979,0.30417928,-0.1088825,0.37899444
11.722656,-0.092284836,0.29837692,-0.11401036,0.36935523
11.724609,-0.092422053,0.311418,-0.11859247,0.35290155
11.726563,-0.090814382,0.30818084,-0.10803872,0.33962175
11.728516,-0.089416869,0.27213213,-0.10992931,0.35793796
11.730469,-0.09317629,0.268969,-0.10126056,0.37818664
11.732422,-0.088520996,0.28501743,-0.10630274,0.36416373
11.734375,-0.094260119,0.2839548,-0.11605182,0.33574209
11.736328,-0.099972591,0.25911957,-0.12051472,0.33436975
11.738281,-0.096301794,0.23976973,-0.11164294,0.35993695
11.740234,-0.091709055,0.26090458,-0.10482939,0.38611862
11.742188,-0.08843068,0.28158727,-0.11822367,0.37910348
11.744141,-0.097352877,0.26325837,-0.11006901,0.33456859
11.746094,-0.10494579,0.22129868,-0.11839689,0.32292995
11.748047,-0.099794894,0.21373099,-0.10613324,0.36358428
11.75,-0.097461261,0.25963205,-0.091539413,0.39366063
11.751953,-0.099338397,0.30297312,-0.11293189,0.37046242
11.753906,-0.095790811,0.27352935,-0.1015828,0.31773481
11.755859,-0.09210024,0.21853243,-0.10783197,0.30906102
11.757813,-0.093942329,0.21900496,-0.12389728,0.36121359
11.759766,-0.095025882,0.26903293,-0.10844478,0.38972563
11.761719,-0.091476522,0.29810858,-0.11203596,0.36081538
11.763672,-0.0947816,0.27044865,-0.11588418,0.33506012
11.765625,-0.092020214,0.23903467,-0.1188104,0.33361289
11.767578,-0.08363729,0.24491458,-0.12023346,0.34927085
11.769531,-0.08769761,0.28756064,-0.11557499,0.37082398
11.771484,-0.087827079,0.2786372,-0.11737058,0.37255284
11.773438,-0.090572476,0.20773746,-0.11425065,0.34781447
11.775391,-0.10179649,0.18897922,-0.10479772,0.32791311
11.777344,-0.088505492,0.23098385,-0.10621147,0.3507421
11.779297,-0.087042831,0.27364203,-0.11042291,0.38389936
11.78125,-0.096107244,0.2689136,-0.11126296,0.37268713
11.783203,-0.090784334,0.19500558,-0.11569047,0.34175208
11.785156,-0.093880266,0.14989406,-0.1044047,0.34932408
11.787109,-0.09097185,0.19608313,-0.10173739,0.38967615
11.789063,-0.092918307,0.24357848,-0.10462449,0.3942202
11.791016,-0.10162698,0.22506018,-0.11872658,0.3539764
11.792969,-0.10118687,0.16791469,-0.11817896,0.32444072
11.794922,-0.086923219,0.15565732,-0.1166665,0.34652761
11.796875,-0.085147023,0.21088859,-0.12220973,0.39535412
11.798828,-0.096795835,0.2382172,-0.11426368,0.39656219
11.800781,-0.10403024,0.1789759,-0.1191494,0.35910991
11.802734,-0.1048832,0.12452798,-0.11365274,0.34620637
11.804688,-0.089656867,0.17070726,-0.1098548,0.38128158
11.806641,-0.084500074,0.26554838,-0.10673301,0.41130912
11.808594,-0.093135908,0.26265058,-0.10267244,0.40235183
11.810547,-0.099333465,0.14607878,-0.10856958,0.38807848
11.8125,-0.09507522,0.085138738,-0.11719362,0.37071055
11.814453,-0.093964815,0.16677511,-0.1063996,0.36533076
11.816406,-0.090721659,0.28013137,-0.10172994,0.40131378
11.818359,-0.087231837,0.25195339,-0.119643,0.41146392
11.820313,-0.10370528,0.11699894,-0.11736685,0.37510416
11.822266,-0.095782824,0.08127515,-0.11128718,0.38475829
11.824219,-0.084648609,0.17209424,-0.10453323,0.39999217
11.826172,-0.090648673,0.27869329,-0.11183107,0.38438776
11.828125,-0.09286204,0.23018163,-0.12070844,0.38420373
11.830078,-0.0984817,0.063663021,-0.11180872,0.37013033
11.832031,-0.090787783,0.049599588,-0.11499757,0.37131128
11.833984,-0.093184851,0.17956565,-0.10676654,0.39633766
11.835938,-0.099896125,0.26626724,-0.11353911,0.39865518
11.837891,-0.096630283,0.17902897,-0.11850865,0.39208433
11.839844,-0.10010785,0.037072368,-0.11323364,0.38347539
11.841797,-0.090658396,0.071147949,-0.11578546,0.39773795
11.84375,-0.094463237,0.20776482,-0.099036559,0.40611297
11.845703,-0.10520972,0.24323133,-0.10663801,0.39554352
11.847656,-0.092023157,0.12120805,-0.098930389,0.38145456
11.849609,-0.096275687,0.04412283,-0.092185751,0.3593778
11.851563,-0.10359289,0.14167631,-0.10509016,0.37476301
11.853516,-0.097618632,0.24069941,-0.098356694,0.37610304
11.855469,-0.096309349,0.21103947,-0.10100351,0.36271492
11.857422,-0.095326044,0.11746518,-0.097693592,0.36531705
11.859375,-0.095623679,0.093683623,-0.10239863,0.35965443
11.861328,-0.094910629,0.18304007,-0.10053413,0.3533715
11.863281,-0.10166906,0.25887218,-0.11321315,0.33692548
11.865234,-0.093006432,0.19850351,-0.11895941,0.33992881
11.867188,-0.086798109,0.11877427,-0.1003162,0.35508758
11.869141,-0.10062256,0.16846254,-0.10366896,0.35356715
11.871094,-0.097893938,0.25228226,-0.10108174,0.3394523
11.873047,-0.095806226,0.23218922,-0.12052031,0.31278962
11.875,-0.094245188,0.17423558,-0.12280205,0.30264497
11.876953,-0.091515601,0.17949826,-0.10094763,0.32322168
11.878906,-0.089648351,0.22150765,-0.10671625,0.35299647
11.880859,-0.088935256,0.23208642,-0.11113816,0.353531
11.882813,-0.093312398,0.19564447,-0.10592835,0.31529599
11.884766,-0.094056681,0.16701375,-0.10008337,0.29463562
11.886719,-0.094095215,0.19065236,-0.11290209,0.32251638
11.888672,-0.089460231,0.23855074,-0.12187445,0.35263619
11.890625,-0.087389849,0.22983961,-0.12226747,0.34044927
11.892578,-0.086830527,0.1748251,-0.1308077,0.31919673
11.894531,-0.097209007,0.15485977,-0.10520937,0.32260188
11.896484,-0.10342309,0.17631371,-0.092236042,0.34870473
11.898438,-0.088562906,0.20030807,-0.10654116,0.37101161
11.900391,-0.083746195,0.2136807,-0.099410951,0.33291891
11.902344,-0.093921982,0.19426914,-0.094433963,0.28600824
11.904297,-0.091285169,0.14196688,-0.098658442,0.31407714
11.90625,-0.096784957,0.13353841,-0.098721772,0.36355463
11.908203,-0.10237593,0.1749059,-0.10945247,0.35865945
11.910156,-0.10029921,0.19743004,-0.12139761,0.3103449
11.912109,-0.099306226,0.1904882,-0.10551484,0.28351873
11.914063,-0.089780696,0.16343246,-0.10661566,0.31400445
11.916016,-0.10010519,0.14841792,-0.12173662,0.35960329
11.917969,-0.090890415,0.16610233,-0.11683972,0.33764231
11.919922,-0.094649784,0.18963942,-0.12357132,0.27804062
11.921875,-0.096227407,0.1940617,-0.1072024,0.27867907
11.923828,-0.081789412,0.16330336,-0.093768999,0.3338505
11.925781,-0.096735053,0.16586345,-0.11519314,0.37213793
11.927734,-0.090780556,0.20443814,-0.10938355,0.323006
11.929688,-0.089131117,0.19909805,-0.11322619,0.26011556
11.931641,-0.0942697,0.17202567,-0.1026445,0.28566062
11.933594,-0.094314493,0.16859642,-0.093046293,0.36330885
11.935547,-0.089837275,0.18570423,-0.10784315,0.38393241
11.9375,-0.089916006,0.19469488,-0.10249735,0.30786243
11.939453,-0.10445992,0.18438886,-0.10966668,0.25274968
11.941406,-0.09751045,0.15940613,-0.11848444,0.28898302
11.943359,-0.089862451,0.16943635,-0.11613564,0.3645193
11.945313,-0.095594265,0.20988823,-0.10587619,0.37930483
11.947266,-0.1012359,0.20164929,-0.096056327,0.31787622
11.949219,-0.099499598,0.15579934,-0.094342694,0.26433039
11.951172,-0.090254627,0.15416732,-0.10262588,0.27931532
11.953125,-0.091767594,0.21684894,-0.12000436,0.33775127
11.955078,-0.095370241,0.2420999,-0.11866139,0.34717059
11.957031,-0.090105832,0.20017536,-0.095700562,0.30984253
11.958984,-0.093843378,0.1581493,-0.10287547,0.2958211
11.960938,-0.095055588,0.17302416,-0.10483497,0.31648606
11.962891,-0.092942245,0.23903142,-0.098066121,0.32079434
11.964844,-0.10189104,0.26663709,-0.097978577,0.30107728
11.966797,-0.099252149,0.2098071,-0.091615781,0.28840357
11.96875,-0.092105702,0.16013815,-0.10791951,0.27779889
11.970703,-0.089416146,0.21780658,-0.10208198,0.28566572
11.972656,-0.09408056,0.28789315,-0.10736631,0.29535115
11.974609,-0.092160001,0.25242302,-0.11582458,0.28710961
11.976563,-0.089098863,0.16901737,-0.082879975,0.26754588
11.978516,-0.092245609,0.18437093,-0.089190617,0.26539287
11.980469,-0.090304948,0.27723473,-0.10077813,0.2792241
11.982422,-0.096891306,0.29654884,-0.091694012,0.23918065
11.984375,-0.092801563,0.22845252,-0.10661194,0.19139473
11.986328,-0.093644165,0.18804011,-0.10434137,0.20288756
11.988281,-0.10417821,0.23296012,-0.12065256,0.24393821
11.990234,-0.096146405,0.28402093,-0.12998441,0.25854379
11.992188,-0.097257048,0.27414823,-0.10159025,0.23215204
11.994141,-0.10734954,0.2337181,-0.10530064,0.20253852
11.996094,-0.10451119,0.23093124,-0.10545337,0.19131161
11.998047,-0.095328689,0.28174466,-0.11547254,0.19188006
12.0,-0.086134322,0.33317137,-0.11455612,0.19502176
12.001953,-0.096770696,0.32549575,-0.094752476,0.20084052
12.003906,-0.099754393,0.2704632,-0.11228928,0.21666905
12.005859,-0.088808395,0.27171105,-0.1107675,0.21387449
12.007813,-0.089407571,0.34387296,-0.11453004,0.18958867
12.009766,-0.084622905,0.37888837,-0.11990377,0.19950864
12.011719,-0.082740605,0.35210854,-0.11376263,0.22790997
12.013672,-0.091747627,0.31604365,-0.12368308,0.23496732
12.015625,-0.089720994,0.29909357,-0.12029307,0.22256562
12.017578,-0.09429419,0.31118935,-0.10189013,0.22111388
12.019531,-0.10503452,0.35668027,-0.10053226,0.23789485
12.021484,-0.09301386,0.37187248,-0.10954933,0.24264395
12.023438,-0.086339474,0.32562777,-0.096622571,0.22603621
12.025391,-0.086348265,0.29128176,-0.096298471,0.21662365
12.027344,-0.085367352,0.30883685,-0.096736193,0.24140187
12.029297,-0.085414059,0.33093223,-0.096326411,0.25369236
12.03125,-0.087085523,0.30893379,-0.10543102,0.23192906
12.033203,-0.091738187,0.2744821,-0.11169137,0.2242496
12.035156,-0.099035025,0.27946666,-0.10945806,0.23493595
12.037109,-0.1003613,0.31853959,-0.10313997,0.24586473
12.039063,-0.087020785,0.33293515,-0.1004708,0.24687539
12.041016,-0.087448895,0.3009426,-0.10682055,0.238837
12.042969,-0.086208813,0.26558867,-0.11360058,0.22014008
12.044922,-0.083211385,0.26536316,-0.10206336,0.20053367
12.046875,-0.097828574,0.2813386,-0.10502124,0.22075391
12.048828,-0.099645533,0.28200379,-0.10169828,0.25998583
12.050781,-0.083159581,0.26782024,-0.096099168,0.25294274
12.052734,-0.084506907,0.28336564,-0.10195532,0.20893639
12.054688,-0.10405126,0.30687407,-0.11899666,0.19148789
12.056641,-0.088203609,0.24964814,-0.12496831,0.21989208
12.058594,-0.086291835,0.20660521,-0.10929787,0.26388022
12.060547,-0.10824993,0.26868799,-0.12199739,0.26782396
12.0625,-0.092125908,0.30125272,-0.1198125,0.22552606
12.064453,-0.091901585,0.26810685,-0.105716,0.20648605
12.066406,-0.090732008,0.25580919,-0.10465802,0.24114868
12.068359,-0.083909474,0.24703729,-0.11138031,0.27273643
12.070313,-0.094917171,0.2557056,-0.10864222,0.24933912
12.072266,-0.098919615,0.28201732,-0.10739052,0.22281325
12.074219,-0.0960325,0.26614395,-0.12460881,0.25082314
12.076172,-0.088767938,0.2411,-0.11992054,0.28440586
12.078125,-0.094009973,0.26749089,-0.11156099,0.28290096
12.080078,-0.089384153,0.30550036,-0.11918852,0.28067487
12.082031,-0.095110707,0.27220896,-0.11157216,0.28094614
12.083984,-0.10158478,0.21792799,-0.10704593,0.27520716
12.085938,-0.092269704,0.24374914,-0.11870982,0.2875891
12.087891,-0.092690833,0.31816497,-0.11054771,0.30425015
12.089844,-0.095466465,0.3210012,-0.11134864,0.30988714
12.091797,-0.090734623,0.24831741,-0.11004479,0.3139039
12.09375,-0.085294902,0.23010899,-0.10582404,0.32460004
12.095703,-0.093003444,0.29243484,-0.11086063,0.33734706
12.097656,-0.091176204,0.3204205,-0.10385709,0.34151536
12.099609,-0.095304951,0.27829051,-0.098574623,0.33549628
12.101563,-0.08812803,0.25694761,-0.11732773,0.33636966
12.103516,-0.083711773,0.27971041,-0.11033909,0.34838346
12.105469,-0.10230821,0.30491945,-0.099869162,0.36093518
12.107422,-0.092589274,0.29703373,-0.10992372,0.38373426
12.109375,-0.08698871,0.26203218,-0.10769972,0.38020217
12.111328,-0.091405369,0.26686341,-0.12401463,0.3575643
12.113281,-0.087759994,0.291731,-0.11574076,0.36459726
12.115234,-0.092133887,0.29642847,-0.10366151,0.40109798
12.117188,-0.095017947,0.27536416,-0.10018395,0.42560378
12.119141,-0.091334425,0.2415114,-0.09826915,0.41835985
12.121094,-0.10000452,0.26916635,-0.1030934,0.37862632
12.123047,-0.099638075,0.32008594,-0.10219188,0.33189878
12.125,-0.085394755,0.30253702,-0.10655606,0.37293327
12.126953,-0.090010062,0.25830489,-0.087445319,0.39573157
12.128906,-0.087005548,0.26389843,-0.078491583,0.37290332
12.130859,-0.089136444,0.29676583,-0.095016971,0.38273084
12.132813,-0.085507765,0.29007161,-0.097470075,0.3595292
12.134766,-0.083314769,0.25597253,-0.10061422,0.32578292
12.136719,-0.097560018,0.26033205,-0.097052842,0.32207671
12.138672,-0.087414578,0.28619838,-0.098898724,0.35942867
12.140625,-0.090671241,0.28301278,-0.10465989,0.36398113
12.142578,-0.098671444,0.26997903,-0.097823977,0.32153627
12.144531,-0.087527834,0.25989515,-0.10055089,0.30053791
12.146484,-0.093177371,0.26868856,-0.099653095,0.31580332
12.148438,-0.099432752,0.27586079,-0.10061422,0.33632869
12.150391,-0.092578657,0.25590208,-0.097736433,0.32407033
12.152344,-0.088380732,0.25537437,-0.096836776,0.31083974
12.154297,-0.090866931,0.28027317,-0.093180403,0.31096956
12.15625,-0.095722154,0.27815801,-0.08165808,0.31482998
12.158203,-0.091268003,0.24867956,-0.08823508,0.30384982
12.160156,-0.093908437,0.25411361,-0.1006403,0.29486293
12.162109,-0.093861394,0.28577334,-0.10347338,0.27872339
12.164063,-0.089839965,0.29310226,-0.096089855,0.26750389
12.166016,-0.1014836,0.27836791,-0.094130352,0.29643348
12.167969,-0.093227327,0.25976253,-0.10045403,0.31348595
12.169922,-0.086369202,0.26558423,-0.097622812,0.28597081
12.171875,-0.093001604,0.3080821,-0.10505849,0.23587659
12.173828,-0.086159669,0.31546691,-0.11933753,0.22536285
12.175781,-0.087698147,0.26777634,-0.11202851,0.2697615
12.177734,-0.086153693,0.24770924,-0.11760527,0.31099355
12.179688,-0.086806372,0.28864971,-0.11384645,0.29900166
12.181641,-0.095400415,0.32128885,-0.092342213,0.23950322
12.183594,-0.089711919,0.2877461,-0.096400917,0.22813566
12.185547,-0.089119308,0.25110286,-0.10654302,0.27940947
12.1875,-0.091791555,0.26797447,-0.094957367,0.28686675
12.189453,-0.089453958,0.29579461,-0.086867899,0.25924832
12.191406,-0.091434367,0.28438905,-0.1008843,0.25600597
12.193359,-0.091062307,0.2527959,-0.10864595,0.2675423
12.195313,-0.083044194,0.24522063,-0.098935977,0.26865828
12.197266,-0.086919926,0.28192091,-0.10975981,0.27319384
12.199219,-0.094008267,0.29362413,-0.12781256,0.28378576
12.201172,-0.086292043,0.24701937,-0.11330815,0.2645641
12.203125,-0.088138185,0.22270183,-0.1070329,0.25492036
12.205078,-0.087430604,0.24957888,-0.10312134,0.28800434
12.207031,-0.090037055,0.27973616,-0.10997029,0.30036172
12.208984,-0.094555326,0.25154909,-0.10652439,0.26810074
12.210938,-0.09786918,0.2093859,-0.096775308,0.25416365
12.212891,-0.10138851,0.21530703,-0.10030688,0.2821742
12.214844,-0.095312908,0.25303245,-0.096436307,0.30825099
12.216797,-0.098859407,0.27860227,-0.11432143,0.29561594
12.21875,-0.091943786,0.24849761,-0.11368254,0.26208341
12.220703,-0.094279729,0.21972813,-0.11302502,0.26852971
12.222656,-0.097511217,0.24317953,-0.11917175,0.31321523
12.224609,-0.090636306,0.28083605,-0.10350318,0.32775784
12.226563,-0.088203631,0.29745886,-0.11464553,0.30759585
12.228516,-0.086462803,0.27506229,-0.10656723,0.28979155
12.230469,-0.100499,0.25484726,-0.097991616,0.28935561
12.232422,-0.096127234,0.27092189,-0.11311629,0.31580645
12.234375,-0.085922047,0.29983106,-0.095983684,0.32898173
12.236328,-0.091183655,0.32030222,-0.10514604,0.31840354
12.238281,-0.097147427,0.30106005,-0.10538259,0.31539297
12.240234,-0.096224762,0.27362925,-0.093230695,0.31512219
12.242188,-0.088074058,0.28527555,-0.089667454,0.3282761
12.244141,-0.090089254,0.31766811,-0.093625575,0.34223977
12.246094,-0.096678346,0.33628547,-0.11945488,0.32586545
12.248047,-0.094668701,0.31295258,-0.11646719,0.28957722
12.25,-0.091426373,0.28702411,-0.1061649,0.30325553
12.251953,-0.09699022,0.30478638,-0.11142315,0.36916086
12.253906,-0.09214735,0.34958977,-0.12281881,0.37187469
12.255859,-0.090461098,0.3664836,-0.10542916,0.2998707
12.257813,-0.092283137,0.33901635,-0.10566013,0.2794989
12.259766,-0.088179238,0.30338547,-0.11178078,0.34319022
12.261719,-0.091976032,0.3221969,-0.10276371,0.38377512
12.263672,-0.08807905,0.37994251,-0.10963501,0.35302773
12.265625,-0.083686128,0.37417132,-0.098516881,0.31914127
12.267578,-0.089454576,0.33204934,-0.097922698,0.33825064
12.269531,-0.096366219,0.32563394,-0.10510319,0.37386471
12.271484,-0.092428267,0.35354543,-0.10443078,0.37761804
12.273438,-0.080373645,0.37049702,-0.10428922,0.35741794
12.275391,-0.085952558,0.36127764,-0.10960148,0.34768984
12.277344,-0.092785358,0.340123,-0.11223526,0.35109043
12.279297,-0.088077523,0.31780744,-0.10514045,0.36928758
12.28125,-0.094007172,0.33634427,-0.096864715,0.39038578
12.283203,-0.084393814,0.36656427,-0.094795316,0.38867441
12.285156,-0.082877256,0.35585907,-0.10701613,0.36984938
12.287109,-0.094521232,0.33170056,-0.10817283,0.34154528
12.289063,-0.08487688,0.31475738,-0.096821874,0.3593134
12.291016,-0.088440873,0.32147023,-0.090883762,0.40651363
12.292969,-0.090447135,0.34938964,-0.097006276,0.39727125
12.294922,-0.087302506,0.34262171,-0.10514604,0.36334935
12.296875,-0.098843277,0.31797764,-0.10202238,0.35313079
12.298828,-0.098896474,0.31154045,-0.10610902,0.38041058
12.300781,-0.091128863,0.32044485,-0.10318653,0.39502609
12.302734,-0.083634362,0.35242215,-0.11459896,0.37354919
12.304688,-0.081680909,0.36715195,-0.10793442,0.36502165
12.306641,-0.086154401,0.3205772,-0.091401577,0.37919652
12.308594,-0.090567283,0.27189091,-0.10280469,0.40021288
12.310547,-0.082769871,0.30754974,-0.097593009,0.37960765
12.3125,-0.080159359,0.36981437,-0.10485733,0.35884738
12.314453,-0.096102126,0.35952315,-0.098792553,0.37307033
12.316406,-0.092162214,0.28669465,-0.10098675,0.3854579
12.318359,-0.088545077,0.25615785,-0.10281214,0.38686365
12.320313,-0.084342986,0.33097321,-0.084362641,0.3803471
12.322266,-0.088511422,0.37689683,-0.10078186,0.38621283
12.324219,-0.093182772,0.31207377,-0.10735327,0.38238946
12.326172,-0.086566471,0.24180722,-0.093090996,0.3551195
12.328125,-0.094249323,0.26883885,-0.086582914,0.36756328
12.330078,-0.087407641,0.34347203,-0.10009454,0.4020271
12.332031,-0.089519083,0.3487879,-0.10309899,0.37683028
12.333984,-0.098573141,0.29717201,-0.099837497,0.32701394
12.335938,-0.095272824,0.2472728,-0.10305242,0.34079126
12.337891,-0.091170043,0.28745088,-0.098611876,0.39491713
12.339844,-0.090337962,0.37724957,-0.11577056,0.39734995
12.341797,-0.091183491,0.3624872,-0.099483594,0.34640962
12.34375,-0.090175465,0.27853113,-0.088393405,0.32812777
12.345703,-0.091558784,0.25569755,-0.094528958,0.37466511
12.347656,-0.088327281,0.34042707,-0.10018395,0.39142913
12.349609,-0.087571792,0.39960819,-0.11363783,0.34476602
12.351563,-0.091618307,0.34814832,-0.090885624,0.31941488
12.353516,-0.089548565,0.28510872,-0.10464498,0.35996565
12.355469,-0.095139675,0.29428911,-0.1134851,0.39765623
12.357422,-0.10416517,0.36784136,-0.10522054,0.3624121
12.359375,-0.098404244,0.39154479,-0.09750919,0.33104002
12.361328,-0.091223985,0.35103109,-0.089602262,0.3603301
12.363281,-0.091666877,0.35062087,-0.10020071,0.377101
12.365234,-0.091987431,0.39008275,-0.094335243,0.35354391
12.367188,-0.089404963,0.41024679,-0.093295887,0.33831108
12.369141,-0.090612836,0.38255695,-0.078471094,0.35770535
12.371094,-0.085480548,0.34718755,-0.083787084,0.36310303
12.373047,-0.091240779,0.36873624,-0.10434882,0.33182374
12.375,-0.083586179,0.39284551,-0.10911533,0.31308925
12.376953,-0.079648338,0.36725441,-0.11259103,0.32837451
12.378906,-0.098759271,0.35629693,-0.10321075,0.35735238
12.380859,-0.086717181,0.34678927,-0.11324668,0.35991913
12.382813,-0.091552757,0.3378444,-0.10515721,0.33708891
12.384766,-0.097649992,0.34641057,-0.097350866,0.31645444
12.386719,-0.088836372,0.32889333,-0.10311948,0.31453645
12.388672,-0.086839572,0.33382887,-0.10436372,0.31755817
12.390625,-0.087011002,0.36016005,-0.1188104,0.33810607
12.392578,-0.093289331,0.35244834,-0.10927552,0.35938564
12.394531,-0.090966605,0.31959441,-0.11113258,0.34057018
12.396484,-0.08958555,0.32327372,-0.1082045,0.32553264
12.398438,-0.085126355,0.36829621,-0.1076811,0.34100544
12.400391,-0.084248759,0.37397099,-0.10488899,0.37850878
12.402344,-0.084439456,0.34469333,-0.096285433,0.37672466
12.404297,-0.088045552,0.32785827,-0.11544274,0.33746621
12.40625,-0.084919803,0.33141488,-0.10343985,0.33137089
12.408203,-0.084253751,0.3469767,-0.1092215,0.37631109
12.410156,-0.083372332,0.35696828,-0.1138837,0.41240367
12.412109,-0.074322864,0.34332198,-0.096341312,0.37689069
12.414063,-0.086322889,0.31384456,-0.10782266,0.34700033
12.416016,-0.080230951,0.28976929,-0.11278474,0.37659958
12.417969,-0.080878541,0.29206371,-0.11731842,0.40724987
12.419922,-0.094107419,0.32081795,-0.12008259,0.40384758
12.421875,-0.084394023,0.3106499,-0.10719122,0.41346139
12.423828,-0.085254058,0.26756585,-0.099083126,0.43481556
12.425781,-0.08654315,0.27441272,-0.098010242,0.43693703
12.427734,-0.079738878,0.28322232,-0.10281959,0.36158851
12.429688,-0.082343794,0.25745112,-0.09538205,0.28439617
12.431641,-0.094710559,0.24653858,-0.090209484,0.36700511
12.433594,-0.091130413,0.22820595,-0.096119657,0.3853994
12.435547,-0.080837168,0.22811526,-0.084697917,0.33002853
12.4375,-0.089869909,0.27590457,-0.095067263,0.35214019
12.439453,-0.085887961,0.27846676,-0.10558562,0.33226255
12.441406,-0.078838855,0.21263215,-0.10800892,0.29969645
12.443359,-0.085473545,0.18389142,-0.10678703,0.30398345
12.445313,-0.091749854,0.22709884,-0.085245535,0.347087
12.447266,-0.092713177,0.24129033,-0.089054644,0.36345649
12.449219,-0.087091945,0.22274305,-0.091328934,0.30741444
12.451172,-0.090922214,0.22641829,-0.092923358,0.25061113
12.453125,-0.095079489,0.21471633,-0.1033877,0.25936127
12.455078,-0.094636098,0.20550241,-0.10150829,0.31827515
12.457031,-0.091099642,0.22637148,-0.081944928,0.34210643
12.458984,-0.083713159,0.23361741,-0.086465567,0.31882739
12.460938,-0.094964944,0.21784243,-0.11095376,0.2660659
12.462891,-0.095447682,0.21641192,-0.1034324,0.22608486
12.464844,-0.086253725,0.23044299,-0.10902965,0.25885302
12.466797,-0.087669,0.24558863,-0.10286988,0.32547286
12.46875,-0.079814807,0.25097784,-0.087506786,0.32489383
12.470703,-0.09033519,0.24916176,-0.10384405,0.25317806
12.472656,-0.09150061,0.23117128,-0.10624686,0.2101742
12.474609,-0.078896895,0.20723012,-0.09375596,0.24908265
12.476563,-0.088244252,0.24083108,-0.098574623,0.30882117
12.478516,-0.081613578,0.28330743,-0.099343896,0.31170449
12.480469,-0.083829835,0.24330653,-0.10676095,0.25508577
12.482422,-0.092152037,0.18434171,-0.087022498,0.22099745
12.484375,-0.085232079,0.19394433,-0.072329953,0.26640239
12.486328,-0.089338534,0.25601548,-0.08941786,0.30840516
12.488281,-0.088954203,0.27453575,-0.075908095,0.25889379
12.490234,-0.088428624,0.20260379,-0.098762751,0.17859836
12.492188,-0.079105757,0.15938307,-0.095270291,0.16380857
12.494141,-0.087131269,0.20445432,-0.091772243,0.21322283
12.496094,-0.092156827,0.25157714,-0.10614255,0.27353039
12.498047,-0.083194681,0.22502479,-0.089794114,0.26201424
12.5,-0.0980995,0.17288214,-0.11906745,0.17533156
12.501953,-0.082940459,0.17638263,-0.11656591,0.12227191
12.503906,-0.085009627,0.22337623,-0.10919729,0.15796444
12.505859,-0.09892001,0.24847141,-0.10347152,0.24016792
12.507813,-0.08527451,0.19250964,-0.086307243,0.25109211
12.509766,-0.097480424,0.14503466,-0.10571973,0.15766697
12.511719,-0.096982047,0.19903134,-0.10018022,0.095578633
12.513672,-0.093061872,0.26013541,-0.10651881,0.14675155
12.515625,-0.095463336,0.240639,-0.10266499,0.24158309
12.517578,-0.087133117,0.17864877,-0.087227389,0.24853285
12.519531,-0.096012235,0.17943224,-0.093042567,0.16567539
12.521484,-0.08767619,0.24453133,-0.10345662,0.12605339
12.523438,-0.087270886,0.26754212,-0.11215703,0.16486062
12.525391,-0.097433113,0.23602521,-0.095231175,0.21625873
12.527344,-0.090378262,0.20345315,-0.099062636,0.2284411
12.529297,-0.090373419,0.22853343,-0.093646064,0.18935138
12.53125,-0.096505046,0.29240051,-0.089395508,0.1377112
12.533203,-0.097239465,0.29180631,-0.11244202,0.14566004
12.535156,-0.085537389,0.24476102,-0.11082152,0.19195285
12.537109,-0.08324457,0.25247085,-0.10096812,0.2054013
12.539063,-0.085364096,0.29446128,-0.098995581,0.19187112
12.541016,-0.081185766,0.29327443,-0.10674605,0.1654188
12.542969,-0.085234016,0.25841877,-0.1068131,0.15722647
12.544922,-0.087313645,0.25938034,-0.099131554,0.1848819
12.546875,-0.088294484,0.28609487,-0.11023664,0.20555411
12.548828,-0.092741586,0.29190934,-0.099869162,0.18609126
12.550781,-0.083933726,0.29170296,-0.078661084,0.1565361
12.552734,-0.089085601,0.27353808,-0.099358797,0.17675649
12.554688,-0.082422867,0.24266043,-0.10192738,0.19732484
12.556641,-0.08100085,0.25527728,-0.10229246,0.17075415
12.558594,-0.093932793,0.28306702,-0.10687271,0.15560322
12.560547,-0.083691731,0.25552687,-0.093165502,0.18082294
12.5625,-0.08496619,0.22026677,-0.10855095,0.20512381
12.564453,-0.086246081,0.25066748,-0.11404948,0.18397842
12.566406,-0.091605604,0.2802088,-0.1138688,0.15537396
12.568359,-0.089158714,0.23872,-0.10338584,0.16320732
12.570313,-0.08809524,0.2062059,-0.093131974,0.19494079
12.572266,-0.083943479,0.23688379,-0.11200616,0.20489363
12.574219,-0.082050763,0.26339179,-0.10834606,0.17010556
12.576172,-0.091265291,0.2380016,-0.092046052,0.153777
12.578125,-0.087650284,0.20388016,-0.09477669,0.1826923
12.580078,-0.093260475,0.20576946,-0.10804804,0.20940004
12.582031,-0.086885192,0.23908636,-0.094743162,0.19052082
12.583984,-0.084296778,0.26758739,-0.085064858,0.16504011
12.585938,-0.091837317,0.25113198,-0.084740758,0.17718211
12.587891,-0.098122023,0.19388951,-0.086465567,0.18393655
12.589844,-0.098101817,0.18182003,-0.10186964,0.17076543
12.591797,-0.085187644,0.25195432,-0.10598795,0.16138679
12.59375,-0.087241314,0.29803011,-0.10885084,0.16193227
12.595703,-0.088946246,0.25234687,-0.099582314,0.16764458
12.597656,-0.080957264,0.18182027,-0.1103484,0.18551837
12.599609,-0.085239872,0.20563884,-0.11699618,0.19175725
12.601563,-0.089820765,0.28722236,-0.11206017,0.15748842
12.603516,-0.09036199,0.2883836,-0.10549994,0.12847559
12.605469,-0.090071961,0.2281297,-0.099140868,0.15502976
12.607422,-0.088383079,0.21411726,-0.1083442,0.20147604
12.609375,-0.098230362,0.25310451,-0.10571787,0.19284707
12.611328,-0.090191521,0.28197831,-0.11274935,0.14606115
12.613281,-0.086016811,0.27088776,-0.10973932,0.13310106
12.615234,-0.086119555,0.2440176,-0.10398374,0.18643695
12.617188,-0.079646975,0.23820987,-0.099636331,0.23417325
12.619141,-0.090451762,0.25682735,-0.097039804,0.20708969
12.621094,-0.089901209,0.27491924,-0.08589001,0.15970764
12.623047,-0.087819196,0.26537585,-0.08903043,0.15257929
12.625,-0.081270181,0.24909157,-0.10260539,0.19801995
12.626953,-0.082390301,0.2688151,-0.084701642,0.21955134
12.628906,-0.088556312,0.28500161,-0.087059751,0.18806446
12.630859,-0.085410789,0.24360305,-0.10202238,0.16688441
12.632813,-0.075610667,0.21270782,-0.1029686,0.1653356
12.634766,-0.082796246,0.25117853,-0.10178582,0.17787597
12.636719,-0.091013864,0.28344411,-0.10572532,0.19393089
12.638672,-0.079247944,0.22645029,-0.1015977,0.19292238
12.640625,-0.089942947,0.18449131,-0.10322937,0.16359812
12.642578,-0.084269673,0.22283676,-0.10651322,0.14375059
12.644531,-0.078198284,0.25630617,-0.097946912,0.16658781
12.646484,-0.090356827,0.24372691,-0.10067569,0.1906646
12.648438,-0.089477785,0.18298687,-0.098477766,0.18492772
12.650391,-0.085126147,0.14926262,-0.089527756,0.15076758
12.652344,-0.085672095,0.19490395,-0.10506594,0.14314052
12.654297,-0.086521648,0.25991586,-0.11104131,0.17705426
12.65625,-0.092674218,0.22606368,-0.097660065,0.18972461
12.658203,-0.090846702,0.14085023,-0.099420264,0.18015055
12.660156,-0.08709383,0.15239187,-0.10853046,0.17273428
12.662109,-0.093563735,0.23358142,-0.10999823,0.16979218
12.664063,-0.089158311,0.25461513,-0.11250348,0.17546035
12.666016,-0.090464175,0.18644883,-0.11156844,0.19181065
12.667969,-0.08782848,0.15203738,-0.099600941,0.20317014
12.669922,-0.089065015,0.19316763,-0.09994553,0.19048904
12.671875,-0.088814333,0.24622612,-0.10092714,0.17355695
12.673828,-0.084452689,0.23752943,-0.10542729,0.17705658
12.675781,-0.088520296,0.19103268,-0.1104881,0.19219595
12.677734,-0.084866598,0.17785551,-0.10704035,0.20834331
12.679688,-0.096994974,0.21360107,-0.11385204,0.21531865
12.681641,-0.095309362,0.26484302,-0.11125924,0.20468898
12.683594,-0.08429727,0.24010511,-0.099891514,0.20739724
12.685547,-0.085087217,0.20655084,-0.10126987,0.22711572
12.6875,-0.090433218,0.23468226,-0.1120788,0.22741592
12.689453,-0.093161933,0.24738899,-0.1106278,0.21312368
12.691406,-0.090040766,0.22809827,-0.092547104,0.21115896
12.693359,-0.090420261,0.23391181,-0.094480529,0.24233045
12.695313,-0.087884605,0.26175115,-0.1143624,0.25594422
12.697266,-0.099015318,0.27622354,-0.11325972,0.21997021
12.699219,-0.087659448,0.2593694,-0.10463381,0.20643443
12.701172,-0.080993861,0.23631312,-0.098960191,0.2501471
12.703125,-0.087739877,0.26863047,-0.09400183,0.28139791
12.705078,-0.091333039,0.29077977,-0.10167406,0.25788724
12.707031,-0.096193694,0.26011854,-0.10375464,0.22096364
12.708984,-0.093315646,0.2428872,-0.10188268,0.21497907
12.710938,-0.096056297,0.2786769,-0.079113707,0.24983603
12.712891,-0.085150391,0.31389275,-0.069059148,0.28165719
12.714844,-0.089526989,0.31497112,-0.096061915,0.26887485
12.716797,-0.087807454,0.28494677,-0.10632509,0.20448861
12.71875,-0.087883748,0.23825981,-0.10046335,0.1716336
12.720703,-0.094120674,0.27365124,-0.097708493,0.23838955
12.722656,-0.092619136,0.3492474,-0.10480517,0.31446943
12.724609,-0.090894774,0.35007465,-0.11122198,0.28145051
12.726563,-0.08483474,0.30009019,-0.11038566,0.18070611
12.728516,-0.095856309,0.29543242,-0.091558039,0.15843569
12.730469,-0.087020509,0.33344936,-0.094212309,0.24486218
12.732422,-0.086475581,0.3383998,-0.098472178,0.30798319
12.734375,-0.091774575,0.33568594,-0.08371444,0.24271363
12.736328,-0.083823591,0.33714789,-0.090606228,0.15391816
12.738281,-0.087146722,0.33630213,-0.093323827,0.16765423
12.740234,-0.089074358,0.34531161,-0.11032046,0.24929261
12.742188,-0.086282656,0.34601232,-0.10068873,0.27518839
12.744141,-0.08408542,0.35190386,-0.08251676,0.22437818
12.746094,-0.082190052,0.35589376,-0.092532203,0.18317144
12.748047,-0.078202456,0.35163832,-0.10103518,0.18372934
12.75,-0.088937707,0.3480624,-0.11492865,0.20466264
12.751953,-0.089210637,0.34129447,-0.11032233,0.22075641
12.753906,-0.083047256,0.34622002,-0.10262029,0.22282486
12.755859,-0.090066254,0.36425892,-0.084409207,0.19661479
12.757813,-0.090830214,0.36191407,-0.09182626,0.17923741
12.759766,-0.084747113,0.33519804,-0.09237574,0.19470701
12.761719,-0.077360474,0.33364692,-0.081702784,0.19874607
12.763672,-0.075274944,0.35810566,-0.10398188,0.1789038
12.765625,-0.08264187,0.35796794,-0.10020816,0.15515581
12.767578,-0.08835981,0.32245114,-0.10378817,0.1704572
12.769531,-0.079681225,0.30200115,-0.10239491,0.21814787
12.771484,-0.07917916,0.31984717,-0.089458838,0.21848492
12.773438,-0.08803279,0.35091341,-0.10187709,0.15711685
12.775391,-0.096743196,0.337587,-0.11297287,0.13129604
12.777344,-0.091448419,0.27989972,-0.098382771,0.16877261
12.779297,-0.083873942,0.27589783,-0.10258676,0.19782095
12.78125,-0.091379322,0.33411211,-0.11598291,0.18838537
12.783203,-0.085109748,0.35189351,-0.095963195,0.15984996
12.785156,-0.089760117,0.29479179,-0.10002562,0.16817918
12.787109,-0.091238961,0.25521535,-0.092180163,0.18665983
12.789063,-0.077004991,0.28877965,-0.089667454,0.1766016
12.791016,-0.080487728,0.35745233,-0.10795118,0.16431952
12.792969,-0.084328972,0.35419875,-0.097209305,0.16657694
12.794922,-0.088160433,0.25351372,-0.10395394,0.17451712
12.796875,-0.091844477,0.22415459,-0.10887319,0.1715247
12.798828,-0.089080565,0.32226139,-0.11231536,0.18098921
12.800781,-0.077454977,0.38804057,-0.10359445,0.18913327
12.802734,-0.078383662,0.32910147,-0.092703566,0.18189286
12.804688,-0.093664765,0.23440193,-0.092856303,0.16798352
12.806641,-0.092114814,0.22676915,-0.092833951,0.16838765
12.808594,-0.086158656,0.3129881,-0.11132257,0.18266672
12.810547,-0.089789756,0.36637396,-0.090768278,0.17314674
12.8125,-0.085692018,0.30885175,-0.076247096,0.1653181
12.814453,-0.082601212,0.22901946,-0.0976284,0.18296544
12.816406,-0.093325801,0.25085559,-0.11457288,0.18109944
12.818359,-0.084439449,0.32556909,-0.1164467,0.146754
12.820313,-0.080016337,0.3332887,-0.11508697,0.13548851
12.822266,-0.082601108,0.2889035,-0.11332305,0.18308102
12.824219,-0.078275844,0.25416785,-0.10302821,0.22678697
12.826172,-0.082005613,0.27198243,-0.10862359,0.19271883
12.828125,-0.087986954,0.30669129,-0.10698633,0.1358083
12.830078,-0.082598306,0.2875213,-0.11236937,0.13544573
12.832031,-0.079646096,0.25050762,-0.11135423,0.19452353
12.833984,-0.092024244,0.25777033,-0.10963129,0.23443243
12.835938,-0.08739002,0.26840255,-0.10107616,0.20415722
12.837891,-0.08137688,0.25971457,-0.086903289,0.1641949
12.839844,-0.084662028,0.26166394,-0.11267112,0.17410795
12.841797,-0.086411074,0.2510024,-0.11406438,0.21034425
12.84375,-0.085292183,0.22406763,-0.10711671,0.22082275
12.845703,-0.081047952,0.23621382,-0.1062301,0.21788104
12.847656,-0.081783056,0.26429516,-0.10396139,0.2137371
12.849609,-0.091326199,0.24620377,-0.1103037,0.20828755
12.851563,-0.088955842,0.21480528,-0.10958844,0.21913813
12.853516,-0.083460115,0.21958785,-0.1074464,0.23407261
12.855469,-0.087922521,0.25091988,-0.093543619,0.22940314
12.857422,-0.083120286,0.25018075,-0.088842303,0.22159955
12.859375,-0.083598495,0.22371209,-0.10611461,0.23028329
12.861328,-0.086656451,0.21101385,-0.10816352,0.23588197
12.863281,-0.089483462,0.21991229,-0.094888449,0.23478074
12.865234,-0.088284485,0.24177159,-0.10361308,0.24427025
12.867188,-0.092538692,0.25904554,-0.095464006,0.25235438
12.869141,-0.091482438,0.24074399,-0.084921435,0.24689762
12.871094,-0.08393915,0.2057258,-0.092748269,0.23842078
12.873047,-0.094924182,0.23288539,-0.10257931,0.22701712
12.875,-0.088089347,0.27428558,-0.10973932,0.21627134
12.876953,-0.090201251,0.25778079,-0.096704528,0.23192333
12.878906,-0.093424313,0.22826369,-0.10381983,0.26530111
12.880859,-0.079994932,0.24466684,-0.10055089,0.25233105
12.882813,-0.085099459,0.29115683,-0.10461332,0.20770042
12.884766,-0.084344551,0.2985031,-0.10714093,0.20702299
12.886719,-0.076588549,0.24688455,-0.095165983,0.24412601
12.888672,-0.075839244,0.23197688,-0.096879616,0.25631741
12.890625,-0.087415658,0.27991986,-0.098498255,0.23551142
12.892578,-0.08813151,0.29190737,-0.09791711,0.21171598
12.894531,-0.077165097,0.25239241,-0.097056568,0.21304478
12.896484,-0.088482752,0.23955983,-0.11540176,0.24256423
12.898438,-0.088783123,0.26066396,-0.094471216,0.24638319
12.900391,-0.08288952,0.2625047,-0.096892655,0.23483004
12.902344,-0.092039563,0.26277071,-0.11943625,0.2350806
12.904297,-0.093498185,0.24190478,-0.10629715,0.226809
12.90625,-0.096674368,0.21701634,-0.1059805,0.23194312
12.908203,-0.090504467,0.25474095,-0.10407688,0.2612775
12.910156,-0.084816828,0.30159056,-0.092612296,0.26844499
12.912109,-0.087694019,0.2780692,-0.10163309,0.23602216
12.914063,-0.085638829,0.21811484,-0.11803181,0.21715592
12.916016,-0.093517005,0.23084567,-0.1028792,0.2348948
12.917969,-0.09254247,0.29400924,-0.093118936,0.27114362
12.919922,-0.091064066,0.31082708,-0.087139845,0.28981993
12.921875,-0.087948807,0.29105753,-0.075706929,0.25544962
12.923828,-0.076925971,0.29461241,-0.081816405,0.21884447
12.925781,-0.082204275,0.30170476,-0.09894529,0.22111917
12.927734,-0.084445342,0.28131148,-0.10463381,0.23799822
12.929688,-0.081369013,0.27715614,-0.10502496,0.24982475
12.931641,-0.08349064,0.30684614,-0.095182747,0.26081371
12.933594,-0.091038018,0.32597318,-0.097864956,0.25955805
12.935547,-0.089140452,0.30168185,-0.095179021,0.22721942
12.9375,-0.079540841,0.28483397,-0.082106978,0.1984046
12.939453,-0.08419162,0.30591586,-0.096339449,0.21736693
12.941406,-0.093844384,0.30890191,-0.091084927,0.24444984
12.943359,-0.089709498,0.28568149,-0.094430238,0.22308648
12.945313,-0.08444611,0.29289702,-0.082121879,0.19877517
12.947266,-0.082239538,0.31536156,-0.087665111,0.20717418
12.949219,-0.086176381,0.30792904,-0.10430971,0.21791828
12.951172,-0.093493141,0.29757202,-0.090293303,0.19684801
12.953125,-0.077660054,0.29188478,-0.10764571,0.17695795
12.955078,-0.085138805,0.29309306,-0.093130112,0.19574051
12.957031,-0.092792138,0.3158305,-0.08634077,0.20918101
12.958984,-0.080722965,0.31851304,-0.10552974,0.1965578
12.960938,-0.088727951,0.29991478,-0.1006403,0.16453986
12.962891,-0.088604718,0.2872355,-0.097337827,0.15086465
12.964844,-0.090534702,0.30160105,-0.098641679,0.18366367
12.966797,-0.094221883,0.34465912,-0.096125245,0.21227612
12.96875,-0.086720847,0.3335517,-0.10537328,0.19020677
12.970703,-0.082560122,0.29241693,-0.11393213,0.15143971
12.972656,-0.086538173,0.31139868,-0.095717326,0.15305512
12.974609,-0.086783916,0.34555307,-0.10263519,0.18071507
12.976563,-0.081026435,0.33246833,-0.10483311,0.19772789
12.978516,-0.080432162,0.30368361,-0.074831486,0.18659158
12.980469,-0.076726489,0.32257071,-0.094860509,0.16420695
12.982422,-0.091149978,0.35800055,-0.11005038,0.15192117
12.984375,-0.096858911,0.34253475,-0.087711677,0.15384017
12.986328,-0.084754027,0.30848968,-0.092230454,0.18838571
12.988281,-0.09414991,0.33030638,-0.089224145,0.21107584
12.990234,-0.085486747,0.37477192,-0.1034622,0.16035788
12.992188,-0.073094241,0.35904351,-0.10389806,0.11391969
12.994141,-0.085125752,0.33570525,-0.087702364,0.15794639
12.996094,-0.089051753,0.32001889,-0.10315487,0.21607985
12.998047,-0.078650683,0.30607092,-0.10154368,0.1953658
13.0,-0.084571958,0.36185935,-0.1075861,0.12451008
13.001953,-0.0944717,0.39851063,-0.10330947,0.12063892
13.003906,-0.090026483,0.35137686,-0.10024728,0.18575461
13.005859,-0.085717849,0.31169787,-0.1001467,0.2085654
13.007813,-0.085822478,0.35354742,-0.096713841,0.17170157
13.009766,-0.089108482,0.39945218,-0.10492997,0.13970147
13.011719,-0.080470212,0.35685933,-0.095158532,0.15160327
13.013672,-0.083795875,0.32844189,-0.094789729,0.17882635
13.015625,-0.084118381,0.35170132,-0.10042423,0.19023834
13.017578,-0.082486987,0.36369348,-0.11607604,0.17665724
13.019531,-0.08857163,0.36546811,-0.10124193,0.15957251
13.021484,-0.083732478,0.36697012,-0.085441113,0.16830744
13.023438,-0.089611411,0.36280745,-0.097302437,0.19838561
13.025391,-0.091773815,0.36009356,-0.10257745,0.20302375
13.027344,-0.086005002,0.37550998,-0.10187523,0.16594657
13.029297,-0.091416702,0.38399875,-0.092185751,0.1429801
13.03125,-0.091351241,0.37136501,-0.10752836,0.17002977
13.033203,-0.081740685,0.36328638,-0.10277861,0.21489982
13.035156,-0.092772461,0.39589244,-0.10014856,0.21612163
13.037109,-0.090601929,0.40982935,-0.11808397,0.16748549
13.039063,-0.077033527,0.3834317,-0.11358568,0.14278156
13.041016,-0.083662391,0.4044421,-0.10033482,0.18560004
13.042969,-0.07858599,0.39830971,-0.11549117,0.24337198
13.044922,-0.069212049,0.35482356,-0.10804431,0.23267339
13.046875,-0.085068032,0.37106606,-0.082086489,0.16648522
13.048828,-0.088273495,0.3782852,-0.098447964,0.16611534
13.050781,-0.072317891,0.36281466,-0.086387336,0.21719588
13.052734,-0.081707329,0.36984649,-0.085200831,0.22576185
13.054688,-0.081770279,0.3576124,-0.099105477,0.2024681
13.056641,-0.078539729,0.32449818,-0.099356934,0.18156128
13.058594,-0.087738544,0.30988982,-0.1014878,0.18813822
13.060547,-0.078784153,0.31919676,-0.098222584,0.22118564
13.0625,-0.076599285,0.33761039,-0.10816538,0.23878391
13.064453,-0.090052985,0.3404088,-0.097954363,0.20779221
13.066406,-0.090339713,0.29760638,-0.090704948,0.16410665
13.068359,-0.084746525,0.26337129,-0.0987553,0.17545147
13.070313,-0.089490943,0.3040871,-0.10238373,0.2149674
13.072266,-0.081336625,0.35892966,-0.10252716,0.21160553
13.074219,-0.078196451,0.32832289,-0.095680073,0.18794939
13.076172,-0.089022882,0.26553324,-0.10966109,0.18005987
13.078125,-0.089023463,0.26618949,-0.1126972,0.19094798
13.080078,-0.08836361,0.31269333,-0.10316232,0.21195599
13.082031,-0.085647054,0.35524592,-0.11169882,0.21484697
13.083984,-0.082797095,0.33871517,-0.11516893,0.20639001
13.085938,-0.083042212,0.28782153,-0.10605501,0.19683018
13.087891,-0.095077589,0.27469617,-0.11323178,0.20224629
13.089844,-0.090629116,0.31826204,-0.11370303,0.23031196
13.091797,-0.084700547,0.35826164,-0.090542898,0.23568965
13.09375,-0.088519752,0.34731105,-0.09605819,0.226575
13.095703,-0.078302689,0.31171438,-0.10964805,0.21573053
13.097656,-0.092885494,0.30645066,-0.099826321,0.20425481
13.099609,-0.08755479,0.34105372,-0.097140387,0.22938472
13.101563,-0.07678134,0.35087347,-0.10656723,0.26033282
13.103516,-0.082987718,0.3539544,-0.080706269,0.25294715
13.105469,-0.074317962,0.35804257,-0.075356752,0.22438002
13.107422,-0.081354313,0.33233854,-0.10796794,0.22043774
13.109375,-0.090309367,0.31769347,-0.11440897,0.21981767
13.111328,-0.075785957,0.33105576,-0.10174857,0.21276101
13.113281,-0.071852133,0.36058229,-0.098781377,0.24750423
13.115234,-0.082598835,0.36067459,-0.10813931,0.27141634
13.117188,-0.080131322,0.30901286,-0.099925041,0.23185508
13.119141,-0.083561689,0.2753813,-0.10396512,0.18910702
13.121094,-0.077667549,0.30583066,-0.092876792,0.21447997
13.123047,-0.082330935,0.34911934,-0.091653034,0.262261
13.125,-0.082024358,0.33519199,-0.11272328,0.25822783
13.126953,-0.077984035,0.27571157,-0.099109203,0.21276553
13.128906,-0.088568904,0.25288099,-0.10238746,0.2006156
13.130859,-0.079697661,0.27589747,-0.11396752,0.2472693
13.132813,-0.081664898,0.29830834,-0.11607976,0.27650997
13.134766,-0.082449257,0.29782093,-0.10218257,0.2543523
13.136719,-0.086793385,0.25533178,-0.096130833,0.23165414
13.138672,-0.079068571,0.22787103,-0.11093327,0.25078934
13.140625,-0.083362013,0.26044461,-0.096779034,0.25896594
13.142578,-0.089487612,0.30608001,-0.089006215,0.25468525
13.144531,-0.085139938,0.27882683,-0.093560383,0.26985314
13.146484,-0.087098479,0.22477834,-0.091461182,0.26510856
13.148438,-0.077016599,0.24400783,-0.093674004,0.23859733
13.150391,-0.092942551,0.28913215,-0.093782037,0.24378203
13.152344,-0.092564613,0.28419369,-0.10350505,0.28407755
13.154297,-0.088311337,0.24266334,-0.11595497,0.2813552
13.15625,-0.087844238,0.25796193,-0.10093273,0.24409467
13.158203,-0.087413162,0.3009057,-0.096335724,0.23895118
13.160156,-0.084335186,0.30859703,-0.11774497,0.27673137
13.162109,-0.079552278,0.29290667,-0.10151015,0.2894786
13.164063,-0.087135866,0.26701546,-0.088056266,0.25151181
13.166016,-0.077882506,0.26893234,-0.087631583,0.23766007
13.167969,-0.08701133,0.3109003,-0.089430898,0.26415071
13.169922,-0.087082505,0.34825972,-0.1010538,0.27298716
13.171875,-0.07633061,0.30943674,-0.095111966,0.24942902
13.173828,-0.087291032,0.26904318,-0.095123142,0.24523678
13.175781,-0.082878411,0.30419418,-0.099256352,0.26898646
13.177734,-0.085353777,0.32819963,-0.11361362,0.27947128
13.179688,-0.09106569,0.31261858,-0.10748552,0.2528854
13.181641,-0.070223123,0.29302704,-0.10071294,0.24188231
13.183594,-0.07398659,0.31052846,-0.11466415,0.26939026
13.185547,-0.096261814,0.33106109,-0.10686712,0.27884409
13.1875,-0.090801217,0.29087198,-0.10160328,0.26048344
13.189453,-0.073153414,0.27320349,-0.10420913,0.25641602
13.191406,-0.082257472,0.33123118,-0.097395569,0.27738789
13.193359,-0.092520431,0.34981188,-0.10301144,0.28287357
13.195313,-0.085944943,0.2821421,-0.095754579,0.27911526
13.197266,-0.083311453,0.26468864,-0.07305266,0.27931398
13.199219,-0.080566086,0.31458414,-0.0873615,0.28908703
13.201172,-0.086775139,0.34082463,-0.0982766,0.28039363
13.203125,-0.093701273,0.32603708,-0.099295467,0.24448268
13.205078,-0.090770647,0.28937104,-0.10115997,0.26804611
13.207031,-0.075732239,0.27861986,-0.10111341,0.31959996
13.208984,-0.082931072,0.33079299,-0.099355072,0.31020674
13.210938,-0.079449601,0.38800204,-0.10107429,0.2601352
13.212891,-0.070493132,0.33090115,-0.091612056,0.25160441
13.214844,-0.091917232,0.2413539,-0.082244813,0.28979266
13.216797,-0.083508566,0.26762185,-0.10897563,0.29895446
13.21875,-0.071077451,0.37472138,-0.10789157,0.27063882
13.220703,-0.071727067,0.401723,-0.095395088,0.25431806
13.222656,-0.076491356,0.2910842,-0.099075675,0.29113656
13.224609,-0.084947638,0.21192957,-0.093279123,0.31523153
13.226563,-0.08243148,0.26591206,-0.095531061,0.28129062
13.228516,-0.085237078,0.34963506,-0.09343186,0.26118645
13.230469,-0.09332072,0.34688812,-0.09615691,0.27313378
13.232422,-0.089089967,0.28086677,-0.10427804,0.28418589
13.234375,-0.087117068,0.2367931,-0.093480289,0.28374434
13.236328,-0.08424449,0.27682507,-0.10343799,0.2971828
13.238281,-0.090100445,0.33741888,-0.11208066,0.30320665
13.240234,-0.10173007,0.32741824,-0.10626362,0.27030548
13.242188,-0.083050855,0.27707583,-0.11290209,0.2674298
13.244141,-0.090011939,0.27591911,-0.11460455,0.31114495
13.246094,-0.092854604,0.35933232,-0.10394649,0.33596975
13.248047,-0.075582922,0.38960719,-0.09689638,0.32296029
13.25,-0.089614257,0.34975868,-0.1140234,0.30695918
13.251953,-0.083789878,0.32543755,-0.10316418,0.32461587
13.253906,-0.084376201,0.33724788,-0.091643721,0.36212629
13.255859,-0.091532908,0.39513084,-0.10701054,0.38290238
13.257813,-0.083963446,0.41336802,-0.1011041,0.36703348
13.259766,-0.081704475,0.38922545,-0.095752716,0.34476936
13.261719,-0.07970953,0.39138728,-0.093390882,0.3682285
13.263672,-0.072828636,0.39334378,-0.093918011,0.402594
13.265625,-0.073174886,0.37883854,-0.090073511,0.3770203
13.267578,-0.086884104,0.36517578,-0.083939821,0.36770359
13.269531,-0.077120252,0.3614291,-0.095415577,0.38684714
13.271484,-0.084727272,0.38149944,-0.087557077,0.366427
13.273438,-0.085626744,0.37914249,-0.087789908,0.36353752
13.275391,-0.074943461,0.36099496,-0.10914141,0.37110981
13.277344,-0.081480123,0.35841277,-0.10410109,0.35429907
13.279297,-0.066441074,0.34901187,-0.10668644,0.33874401
13.28125,-0.071418598,0.34328622,-0.08877711,0.35568783
13.283203,-0.083740748,0.33212945,-0.080456674,0.37558895
13.285156,-0.07680966,0.30869761,-0.10543847,0.36215737
13.287109,-0.080414899,0.29899567,-0.097116172,0.32955432
13.289063,-0.089313485,0.33019382,-0.093390882,0.30897033
13.291016,-0.08697392,0.34173661,-0.094640717,0.35239014
13.292969,-0.084311031,0.30082768,-0.09358646,0.38942537
13.294922,-0.077712566,0.27427581,-0.098092198,0.35366607
13.296875,-0.07090769,0.28893691,-0.10486478,0.31395468
13.298828,-0.076639056,0.30186531,-0.10162936,0.31352079
13.300781,-0.082208164,0.28564692,-0.090922877,0.35730264
13.302734,-0.08495342,0.26553291,-0.093472838,0.38579276
13.304688,-0.084185712,0.2633259,-0.092934534,0.35033685
13.306641,-0.07933414,0.29692778,-0.098291501,0.30852261
13.308594,-0.081493951,0.32928228,-0.10548317,0.3132866
13.310547,-0.084276915,0.28883982,-0.08418569,0.36328873
13.3125,-0.081443422,0.22450674,-0.080769598,0.38943434
13.314453,-0.088985287,0.24435276,-0.097477525,0.35290328
13.316406,-0.085624002,0.31014487,-0.094879135,0.29879454
13.318359,-0.084229209,0.31616029,-0.10119723,0.29352626
13.320313,-0.087043613,0.27339059,-0.090408787,0.3550778
13.322266,-0.078914866,0.2589843,-0.089270711,0.39181021
13.324219,-0.084429711,0.29698297,-0.090196446,0.34841114
13.326172,-0.085930936,0.32728133,-0.07402496,0.28269744
13.328125,-0.091026641,0.30333027,-0.095998585,0.28732526
13.330078,-0.08761768,0.28497529,-0.095493808,0.33986723
13.332031,-0.074412785,0.30152398,-0.091097966,0.33889121
13.333984,-0.078612544,0.34389704,-0.10302821,0.31645572
13.335938,-0.081555516,0.3544175,-0.096520126,0.30379611
13.337891,-0.081596397,0.28572163,-0.10674605,0.30425128
13.339844,-0.083158769,0.26222017,-0.10502496,0.3269541
13.341797,-0.087414458,0.3341985,-0.096687764,0.33131158
13.34375,-0.078931697,0.38908821,-0.096616983,0.32013518
13.345703,-0.077365018,0.34988698,-0.093582734,0.30077788
13.347656,-0.084200568,0.27983755,-0.10391483,0.30095944
13.349609,-0.084951378,0.27950111,-0.10291831,0.32002613
13.351563,-0.080382735,0.34109738,-0.10041492,0.33068958
13.353516,-0.077374801,0.36863741,-0.094810218,0.33047754
13.355469,-0.087437004,0.32052773,-0.092381328,0.31085131
13.357422,-0.082870036,0.27560666,-0.11856267,0.30716211
13.359375,-0.080322877,0.29688936,-0.11736685,0.3248978
13.361328,-0.07697437,0.35773629,-0.09811455,0.33615381
13.363281,-0.075592414,0.35359994,-0.098475903,0.3439613
13.365234,-0.080341585,0.28864658,-0.10538445,0.35292295
13.367188,-0.075962141,0.27091292,-0.10547945,0.33652216
13.369141,-0.082899377,0.30562004,-0.11496031,0.32095066
13.371094,-0.086717904,0.33391514,-0.10472694,0.34051976
13.373047,-0.075411424,0.31709546,-0.070944145,0.37691206
13.375,-0.079377063,0.29330936,-0.084375679,0.40318939
13.376953,-0.076908857,0.28914729,-0.097421646,0.38255852
13.378906,-0.070619933,0.29246464,-0.093759686,0.31958565
13.380859,-0.079880394,0.2975803,-0.080227569,0.30461615
13.382813,-0.076507382,0.27891171,-0.079305559,0.39292693
13.384766,-0.081523053,0.25362396,-0.10000327,0.41102338
13.386719,-0.083758503,0.26906085,-0.092245355,0.34086251
13.388672,-0.076435901,0.30325717,-0.079842001,0.3193655
13.390625,-0.082150675,0.2914508,-0.082784981,0.34657669
13.392578,-0.088817328,0.24757455,-0.097730845,0.37004641
13.394531,-0.083675809,0.23237793,-0.10061422,0.33238798
13.396484,-0.081066407,0.26210445,-0.1021509,0.3034358
13.398438,-0.08302334,0.29512906,-0.093346179,0.31949332
13.400391,-0.085080527,0.2728546,-0.081056446,0.34502605
13.402344,-0.082368352,0.23636726,-0.095976233,0.3507379
13.404297,-0.078546122,0.24331224,-0.086014807,0.31832409
13.40625,-0.083306871,0.28408995,-0.086048335,0.28683296
13.408203,-0.082547083,0.29961151,-0.096782759,0.29711315
13.410156,-0.079939865,0.26769358,-0.078262478,0.32400945
13.412109,-0.071268722,0.24554729,-0.087909117,0.3308475
13.414063,-0.076621689,0.25618359,-0.08691819,0.30738917
13.416016,-0.088697679,0.29376116,-0.10394649,0.25954872
13.417969,-0.086658165,0.2890467,-0.11981809,0.24478707
13.419922,-0.089231923,0.24475078,-0.099224687,0.29939532
13.421875,-0.083666712,0.25539255,-0.11185528,0.35587639
13.423828,-0.087511167,0.30346915,-0.12335898,0.31968912
13.425781,-0.088753469,0.3135491,-0.11576498,0.23651649
13.427734,-0.075773574,0.27378872,-0.092303097,0.248394
13.429688,-0.07721363,0.25922388,-0.091261879,0.34217662
13.431641,-0.079523928,0.29171446,-0.10385336,0.36488268
13.433594,-0.083137602,0.30367824,-0.11164853,0.28042608
13.435547,-0.079521343,0.29164985,-0.1020913,0.23235092
13.4375,-0.080758862,0.28960526,-0.0884884,0.31282547
13.439453,-0.08128427,0.29930615,-0.091822535,0.39437312
13.441406,-0.0787616,0.31479672,-0.093923599,0.36449912
13.443359,-0.088756733,0.31352711,-0.11249045,0.27843317
13.445313,-0.079664685,0.28629395,-0.099781618,0.26441905
13.447266,-0.074760281,0.2730149,-0.090162918,0.33581182
13.449219,-0.087903,0.31478146,-0.094711497,0.39179128
13.451172,-0.088612251,0.33047321,-0.084440872,0.37502399
13.453125,-0.081388801,0.28361067,-0.087722853,0.30952269
13.455078,-0.079120152,0.27452773,-0.091129631,0.27412009
13.457031,-0.075658821,0.3157973,-0.10423893,0.31162763
13.458984,-0.075402722,0.33220825,-0.094277501,0.38128731
13.460938,-0.077964023,0.29550111,-0.091872826,0.39289603
13.462891,-0.078219578,0.26540133,-0.091576666,0.33141437
13.464844,-0.085140087,0.28313744,-0.074941382,0.27523538
13.466797,-0.083170794,0.32545629,-0.087899804,0.30951673
13.46875,-0.08211834,0.33079451,-0.091386676,0.38510752
13.470703,-0.085343979,0.28840023,-0.10246383,0.36087471
13.472656,-0.079893515,0.26180109,-0.10215276,0.27290744
13.474609,-0.084225252,0.290663,-0.086575463,0.27384582
13.476563,-0.079579234,0.32626268,-0.088177338,0.35264739
13.478516,-0.077495441,0.30568454,-0.098157391,0.3845956
13.480469,-0.08573176,0.27175808,-0.10546269,0.30800971
13.482422,-0.081032254,0.28387192,-0.10877261,0.23983407
13.484375,-0.081438519,0.32490519,-0.11529559,0.30337238
13.486328,-0.078118511,0.33312607,-0.10174112,0.38887987
13.488281,-0.082135372,0.3017078,-0.091194823,0.37895659
13.490234,-0.088724077,0.28318706,-0.068898961,0.30925667
13.492188,-0.078674741,0.29731208,-0.070346236,0.28068963
13.494141,-0.075701572,0.31885961,-0.093137562,0.29840967
13.496094,-0.077771068,0.33437127,-0.096425131,0.3233645
13.498047,-0.084260643,0.31708008,-0.10711299,0.33474439
13.5,-0.081561364,0.28191894,-0.10252343,0.32772452
13.501953,-0.078369394,0.29133564,-0.10333741,0.3300024
13.503906,-0.077454761,0.33685753,-0.098038182,0.32516417
13.505859,-0.079807654,0.35575932,-0.083405241,0.32684612
13.507813,-0.08077883,0.30847991,-0.091308445,0.32912862
13.509766,-0.069892667,0.27094981,-0.096361801,0.30686972
13.511719,-0.075599715,0.30515346,-0.098116413,0.28645089
13.513672,-0.078670986,0.34255305,-0.096160635,0.31042337
13.515625,-0.085832834,0.31924435,-0.091885865,0.36482
13.517578,-0.084451839,0.27464998,-0.10103332,0.35280949
13.519531,-0.08204671,0.27598035,-0.088819951,0.29217032
13.521484,-0.086197451,0.32621077,-0.089829504,0.29450697
13.523438,-0.075982042,0.35450166,-0.10269479,0.35272363
13.525391,-0.073642939,0.30314225,-0.09618485,0.36427006
13.527344,-0.079990685,0.25000972,-0.096456796,0.31789795
13.529297,-0.092582084,0.26814014,-0.08684741,0.30915776
13.53125,-0.081722334,0.32569191,-0.081063896,0.34667087
13.533203,-0.079754904,0.35136452,-0.10006288,0.35393751
13.535156,-0.087075889,0.30283424,-0.11192234,0.31660074
13.537109,-0.08097221,0.26809123,-0.10734023,0.29828322
13.539063,-0.086554207,0.30756477,-0.11657336,0.34466112
13.541016,-0.086307891,0.35230514,-0.098060533,0.38513815
13.542969,-0.078118697,0.33625427,-0.092236042,0.36615634
13.544922,-0.075149879,0.31039166,-0.11055516,0.35029778
13.546875,-0.081727944,0.33050823,-0.091315895,0.3513661
13.548828,-0.074868247,0.33046716,-0.091500297,0.35784778
13.550781,-0.077576019,0.31642687,-0.089276299,0.39274517
13.552734,-0.089176022,0.33299977,-0.083243191,0.40424922
13.554688,-0.080442071,0.34961328,-0.086670458,0.37683308
13.556641,-0.074140266,0.34409684,-0.096104756,0.35834697
13.558594,-0.07678131,0.33825058,-0.10476606,0.35219151
13.560547,-0.081602551,0.3361659,-0.087789908,0.39423808
13.5625,-0.079545535,0.32364044,-0.091124043,0.41660482
13.564453,-0.085497476,0.3326433,-0.088959649,0.37237185
13.566406,-0.080953792,0.35033587,-0.095171571,0.36579469
13.568359,-0.07744544,0.34560138,-0.10467292,0.37586707
13.570313,-0.086294025,0.33967957,-0.095905453,0.3727791
13.572266,-0.081709452,0.3313511,-0.096440032,0.37568438
13.574219,-0.078906067,0.33088252,-0.08857967,0.36877745
13.576172,-0.07867039,0.35045403,-0.080238745,0.36817554
13.578125,-0.075918399,0.36254573,-0.089829504,0.37615907
13.580078,-0.072544724,0.35184544,-0.099876612,0.36483976
13.582031,-0.076261938,0.32813373,-0.10615373,0.34686607
13.583984,-0.07848002,0.3244749,-0.097719669,0.36690772
13.585938,-0.081503071,0.34923097,-0.080836654,0.40107131
13.587891,-0.084693834,0.36159357,-0.11347206,0.39479855
13.589844,-0.084036477,0.34339356,-0.1187806,0.36225286
13.591797,-0.074802324,0.32867599,-0.092308685,0.34557688
13.59375,-0.080006741,0.34585679,-0.081905812,0.38347846
13.595703,-0.080104858,0.36444807,-0.079499274,0.42069173
13.597656,-0.067057759,0.33610129,-0.10655233,0.3894963
13.599609,-0.081296906,0.31134313,-0.10665292,0.34881547
13.601563,-0.077595629,0.33552122,-0.095611155,0.34039262
13.603516,-0.074519306,0.3547487,-0.10448107,0.38541284
13.605469,-0.080437787,0.35296896,-0.10072039,0.41028753
13.607422,-0.08796946,0.33130652,-0.082421765,0.38018698
13.609375,-0.08987131,0.31296468,-0.076323465,0.39493489
13.611328,-0.074192628,0.33529642,-0.092167124,0.38536748
13.613281,-0.086771138,0.36553144,-0.096505225,0.3338196
13.615234,-0.088671915,0.34604597,-0.081672981,0.32542425
13.617188,-0.081670344,0.30198604,-0.073268726,0.35737395
13.619141,-0.084358245,0.32798949,-0.089175716,0.38912413
13.621094,-0.082110696,0.38296989,-0.091116592,0.35491875
13.623047,-0.082939565,0.38738552,-0.093005314,0.32237935
13.625,-0.074529558,0.36529735,-0.1126674,0.34359974
13.626953,-0.08180768,0.35680997,-0.094013005,0.36479485
13.628906,-0.084765479,0.36645263,-0.081604064,0.36402437
13.630859,-0.0756758,0.37941164,-0.08996734,0.34973568
13.632813,-0.07639844,0.40431067,-0.075742319,0.33661389
13.634766,-0.077364467,0.40236548,-0.080384031,0.31875557
13.636719,-0.079350509,0.36996233,-0.093972027,0.3239747
13.638672,-0.082833268,0.36496544,-0.10237814,0.33791205
13.640625,-0.082806401,0.38672823,-0.097134799,0.34425962
13.642578,-0.078579113,0.4005096,-0.0756585,0.35146439
13.644531,-0.076558068,0.39391896,-0.076602861,0.34080699
13.646484,-0.073057286,0.3903974,-0.084358916,0.32695994
13.648438,-0.08032164,0.38221574,-0.081557497,0.31590104
13.650391,-0.075075664,0.36040986,-0.077020094,0.30756015
13.652344,-0.075554974,0.36067739,-0.084362641,0.30688971
13.654297,-0.082182154,0.3885414,-0.093823016,0.31076029
13.65625,-0.071819417,0.38529587,-0.098585799,0.31479725
13.658203,-0.080711044,0.35899672,-0.10061236,0.31129527
13.660156,-0.080991901,0.35985619,-0.085359156,0.30492762
13.662109,-0.07763809,0.36257997,-0.08467184,0.30419475
13.664063,-0.078624055,0.36392736,-0.10440098,0.30229348
13.666016,-0.078273349,0.36360326,-0.0896153,0.28749809
13.667969,-0.084239505,0.35579354,-0.10553347,0.27609047
13.669922,-0.074002914,0.35512647,-0.10750973,0.2905682
13.671875,-0.074854277,0.35688505,-0.095992997,0.31835821
13.673828,-0.085755117,0.36037344,-0.11722156,0.32509178
13.675781,-0.077964522,0.35441706,-0.084900945,0.30199718
13.677734,-0.07352794,0.34910187,-0.085195243,0.2859318
13.679688,-0.077218063,0.36117601,-0.09618485,0.30660209
13.681641,-0.082231969,0.36278695,-0.096805111,0.32573873
13.683594,-0.080370806,0.34818813,-0.11575566,0.3159405
13.685547,-0.073718436,0.34537134,-0.097196266,0.31498694
13.6875,-0.078741789,0.36558676,-0.088071167,0.33399713
13.689453,-0.078287281,0.37092438,-0.096127108,0.35720623
13.691406,-0.075079627,0.34846541,-0.087486297,0.34805885
13.693359,-0.080817275,0.33648604,-0.083509549,0.30625987
13.695313,-0.075889066,0.34711802,-0.093344316,0.30425715
13.697266,-0.071359895,0.36397812,-0.087922156,0.3407259
13.699219,-0.084551178,0.36967689,-0.1024452,0.36231709
13.701172,-0.080264635,0.34060344,-0.11672983,0.35326597
13.703125,-0.069366731,0.31405771,-0.088376641,0.32687038
13.705078,-0.077465281,0.35585698,-0.082906052,0.33944201
13.707031,-0.083777249,0.37761092,-0.088358015,0.37871924
13.708984,-0.088752419,0.33710515,-0.077424288,0.36270821
13.710938,-0.078317791,0.30673298,-0.085422486,0.31805268
13.712891,-0.077294618,0.34354955,-0.091764793,0.30982268
13.714844,-0.07753069,0.39353365,-0.090358496,0.33874834
13.716797,-0.072036609,0.35188314,-0.094117314,0.37034956
13.71875,-0.085626826,0.30874592,-0.086486056,0.37038678
13.720703,-0.082220174,0.31135431,-0.080074832,0.34353909
13.722656,-0.078951642,0.35497189,-0.087609231,0.32292062
13.724609,-0.082974412,0.40141448,-0.095346659,0.3321138
13.726563,-0.082152396,0.36407045,-0.09503001,0.35147581
13.728516,-0.07674183,0.30496126,-0.099414676,0.35580879
13.730469,-0.079459451,0.31479615,-0.090060472,0.33838546
13.732422,-0.074895315,0.38022318,-0.081147715,0.32785493
13.734375,-0.073061742,0.38698295,-0.076155826,0.34203285
13.736328,-0.082939595,0.33032897,-0.088080481,0.34635478
13.738281,-0.079168625,0.30492157,-0.097689867,0.32593963
13.740234,-0.079948179,0.35142702,-0.099410951,0.29853874
13.742188,-0.076617062,0.40101716,-0.11053094,0.31695911
13.744141,-0.074531235,0.368292,-0.092012525,0.36944631
13.746094,-0.082241409,0.31603026,-0.084504202,0.37219372
13.748047,-0.088980153,0.31765473,-0.077187732,0.32738161
13.75,-0.082179531,0.36244738,-0.084852517,0.29004082
13.751953,-0.086708866,0.39522025,-0.092860028,0.30185467
13.753906,-0.08164724,0.37521163,-0.086381748,0.33904561
13.755859,-0.075747259,0.3483716,-0.089464426,0.35161322
13.757813,-0.081639923,0.36527428,-0.094625816,0.33743098
13.759766,-0.068983667,0.3803567,-0.092487499,0.31508046
13.761719,-0.076407604,0.38145554,-0.088846028,0.3184512
13.763672,-0.077591166,0.37741348,-0.11293562,0.33546579
13.765625,-0.079246297,0.36762065,-0.10686153,0.33869177
13.767578,-0.080701672,0.38177732,-0.09397389,0.33038184
13.769531,-0.07672444,0.39494565,-0.094435826,0.33445442
13.771484,-0.082311198,0.3971453,-0.078325808,0.34386364
13.773438,-0.075274713,0.38034984,-0.080337465,0.33800533
13.775391,-0.080775328,0.36591235,-0.090090275,0.3315053
13.777344,-0.080734901,0.37717694,-0.091239527,0.31773251
13.779297,-0.079832755,0.38039908,-0.10411972,0.32444206
13.78125,-0.080133349,0.38563648,-0.10761218,0.35804307
13.783203,-0.072599217,0.3859947,-0.099075675,0.37670383
13.785156,-0.069160439,0.38388595,-0.090820432,0.36246997
13.787109,-0.077455886,0.37714782,-0.087020636,0.33391154
13.789063,-0.087449051,0.3636297,-0.081993356,0.3379626
13.791016,-0.073775172,0.36938632,-0.087806672,0.35625318
13.792969,-0.074050821,0.38793069,-0.10053413,0.3612062
13.794922,-0.07582812,0.39706194,-0.092347801,0.34819713
13.796875,-0.073604457,0.3725158,-0.094320342,0.34431237
13.798828,-0.074613884,0.34796262,-0.087778732,0.37165317
13.800781,-0.074506201,0.35418874,-0.084470674,0.3841224
13.802734,-0.082620442,0.37288693,-0.080909297,0.37137991
13.804688,-0.078368247,0.37811443,-0.087517962,0.34796432
13.806641,-0.079168156,0.3679671,-0.096164361,0.34173191
13.808594,-0.078301258,0.35613474,-0.085236222,0.36039385
13.810547,-0.078302763,0.35358259,-0.10716514,0.38581589
13.8125,-0.079162575,0.36466578,-0.095184609,0.38171041
13.814453,-0.07686574,0.36811051,-0.072655916,0.35303882
13.816406,-0.082125857,0.35408351,-0.084714681,0.35332167
13.818359,-0.073982462,0.34411672,-0.086130291,0.36276007
13.820313,-0.072088793,0.3691898,-0.085144952,0.35926759
13.822266,-0.078004733,0.38433275,-0.083433181,0.3529281
13.824219,-0.079169862,0.35613534,-0.091302857,0.35686994
13.826172,-0.080893293,0.33656928,-0.10290527,0.36186889
13.828125,-0.084786281,0.36018217,-0.096806973,0.35669246
13.830078,-0.090874292,0.39119533,-0.089566872,0.36218286
13.832031,-0.074296974,0.37651664,-0.091012284,0.36229557
13.833984,-0.065737076,0.36585262,-0.078046411,0.35058582
13.835938,-0.077704869,0.38388166,-0.05791308,0.34726027
13.837891,-0.066256292,0.36614215,-0.075230092,0.34816077
13.839844,-0.068752833,0.34254712,-0.10439353,0.34490284
13.841797,-0.080076851,0.3621482,-0.089890972,0.31903109
13.84375,-0.079075441,0.37853551,-0.089909598,0.33399156
13.845703,-0.072465651,0.36776698,-0.10185288,0.39217332
13.847656,-0.077801071,0.36852297,-0.08488977,0.38641077
13.849609,-0.07922443,0.36807534,-0.079432219,0.32462862
13.851563,-0.069743618,0.32990718,-0.084001288,0.29637349
13.853516,-0.088022262,0.33294854,-0.085804328,0.32415301
13.855469,-0.087434828,0.36122561,-0.084463224,0.34847304
13.857422,-0.082501695,0.34029564,-0.082179621,0.34871566
13.859375,-0.073505461,0.34442419,-0.087843925,0.32981908
13.861328,-0.068264261,0.37641534,-0.09041065,0.31396067
13.863281,-0.078387611,0.37027594,-0.084973589,0.32483932
13.865234,-0.077192925,0.31861562,-0.097127348,0.3486937
13.867188,-0.073168181,0.31077957,-0.099133417,0.34907204
13.869141,-0.071857095,0.37825856,-0.099843085,0.32775497
13.871094,-0.078139536,0.40147725,-0.096477285,0.31970382
13.873047,-0.079290941,0.34597844,-0.090071648,0.33285901
13.875,-0.077986613,0.30309606,-0.10269852,0.36096865
13.876953,-0.070509821,0.33834869,-0.097995341,0.35543624
13.878906,-0.08242166,0.38931406,-0.10095695,0.32388023
13.880859,-0.092333548,0.37211111,-0.088134497,0.33198306
13.882813,-0.083445109,0.31548321,-0.080685779,0.37501833
13.884766,-0.07993374,0.31672245,-0.098176017,0.396972
13.886719,-0.081127129,0.39378637,-0.089652553,0.36642882
13.888672,-0.084390558,0.42133525,-0.082874388,0.33610106
13.890625,-0.081758752,0.36622295,-0.085139364,0.36922494
13.892578,-0.074910454,0.3180666,-0.087860689,0.40546545
13.894531,-0.069655865,0.36467394,-0.080682054,0.38570002
13.896484,-0.07034076,0.43858415,-0.083075553,0.35633704
13.898438,-0.069707192,0.40453511,-0.10521495,0.35724032
13.900391,-0.079142191,0.34080634,-0.10174671,0.37697721
13.902344,-0.079342589,0.32879844,-0.097976714,0.39342579
13.904297,-0.076097369,0.39317381,-0.084789187,0.40398899
13.90625,-0.079177238,0.43392825,-0.07928507,0.40105876
13.908203,-0.069922604,0.37990513,-0.09666355,0.39668748
13.910156,-0.076490559,0.33621097,-0.085938439,0.38927767
13.912109,-0.078302085,0.34232637,-0.085657179,0.38235751
13.914063,-0.076732308,0.37246001,-0.099796519,0.40029356
13.916016,-0.077101484,0.3805964,-0.097643301,0.39801508
13.917969,-0.067248434,0.36077285,-0.10205591,0.38926044
13.919922,-0.069728576,0.34622651,-0.10046148,0.40757355
13.921875,-0.070926398,0.35074392,-0.098358557,0.40258715
13.923828,-0.086688496,0.35037392,-0.10920846,0.40441141
13.925781,-0.083010599,0.33300605,-0.087607369,0.40864152
13.927734,-0.072455004,0.32733825,-0.072713658,0.38553402
13.929688,-0.086851999,0.37162077,-0.076850593,0.36061811
13.931641,-0.07837753,0.37371755,-0.069740877,0.30428892
13.933594,-0.074729271,0.31102008,-0.07472904,0.30988023
13.935547,-0.077582948,0.30506533,-0.081339568,0.35582939
13.9375,-0.084500335,0.34822387,-0.073872223,0.3382771
13.939453,-0.080001354,0.37514654,-0.085066721,0.31928197
13.941406,-0.07421951,0.35611624,-0.096229553,0.31700414
13.943359,-0.079973489,0.34051415,-0.084664389,0.32662964
13.945313,-0.071906224,0.34494689,-0.08450979,0.33640379
13.947266,-0.078933403,0.35431892,-0.080747247,0.33486444
13.949219,-0.075636536,0.37309566,-0.076031029,0.30418256
13.951172,-0.07140588,0.35542601,-0.092135459,0.27995846
13.953125,-0.075559795,0.33808631,-0.0918542,0.29204139
13.955078,-0.072025277,0.36301419,-0.077146754,0.30659246
13.957031,-0.078979999,0.37211764,-0.081021056,0.31676182
13.958984,-0.079368562,0.3442435,-0.083800122,0.30644351
13.960938,-0.077466302,0.32832825,-0.088402718,0.27991346
13.962891,-0.075569451,0.3624256,-0.080903709,0.27145013
13.964844,-0.069410473,0.38685,-0.082788706,0.29358706
13.966797,-0.072969265,0.34150612,-0.085254848,0.31570148
13.96875,-0.081130415,0.30993894,-0.084390581,0.29830092
13.970703,-0.070571907,0.34042335,-0.082846448,0.26874998
13.972656,-0.069072507,0.37170601,-0.071922034,0.26895428
13.974609,-0.082188375,0.36306345,-0.09336108,0.28664303
13.976563,-0.079732388,0.32101202,-0.086646244,0.28736377
13.978516,-0.085308723,0.31079879,-0.088020876,0.26776406
13.980469,-0.077298112,0.34984076,-0.10405639,0.26809409
13.982422,-0.074584365,0.38155439,-0.092869341,0.27800205
13.984375,-0.080118559,0.35786095,-0.089892834,0.28883642
13.986328,-0.068068095,0.30610457,-0.088864654,0.29771245
13.988281,-0.082814232,0.31200811,-0.085064858,0.28077304
13.990234,-0.084060065,0.35632417,-0.085806191,0.26100919
13.992188,-0.071707316,0.36790097,-0.086189896,0.26520154
13.994141,-0.081015155,0.35526875,-0.075466648,0.29132721
13.996094,-0.075621985,0.33268136,-0.084969863,0.30390421
13.998047,-0.068920821,0.32346722,-0.092722192,0.27855906
14.0,-0.07511203,0.35866898,-0.088035777,0.25189549
14.001953,-0.074296169,0.36987281,-0.078566089,0.27592653
14.003906,-0.073884986,0.33328974,-0.080859005,0.3176139
14.005859,-0.08011812,0.32250074,-0.091891453,0.30429256
14.007813,-0.072931521,0.35352564,-0.084243432,0.25145569
14.009766,-0.069483019,0.36949003,-0.07572183,0.24843474
14.011719,-0.081766285,0.34046745,-0.080264822,0.30399135
14.013672,-0.081812888,0.31041041,-0.086540073,0.31331459
14.015625,-0.081494369,0.31320405,-0.076926962,0.25812823
14.017578,-0.080070898,0.34874156,-0.08422108,0.23948036
14.019531,-0.074074715,0.37513199,-0.085273474,0.27197754
14.021484,-0.079038955,0.34724981,-0.079696715,0.29292339
14.023438,-0.074713752,0.31149402,-0.075494587,0.28156188
14.025391,-0.0680703,0.32090095,-0.078132093,0.25674042
14.027344,-0.084665447,0.36263305,-0.087257192,0.24323212
14.029297,-0.081903443,0.36931482,-0.078685299,0.24016847
14.03125,-0.068808757,0.33012304,-0.077359095,0.25637832
14.033203,-0.073765099,0.33009905,-0.089224145,0.27556929
14.035156,-0.074142009,0.36052024,-0.091518924,0.25111857
14.037109,-0.074720152,0.35793138,-0.086618304,0.2044007
14.039063,-0.069577992,0.32995468,-0.10019885,0.21189168
14.041016,-0.0713434,0.32546538,-0.090729162,0.26741111
14.042969,-0.077836864,0.34509522,-0.082056686,0.28040662
14.044922,-0.078122735,0.35536769,-0.090552211,0.23217601
14.046875,-0.078034118,0.34713596,-0.084146574,0.19708249
14.048828,-0.076418646,0.32871348,-0.085171029,0.21875498
14.050781,-0.071625829,0.32648051,-0.089337766,0.26288795
14.052734,-0.067904025,0.3435286,-0.090462804,0.2580331
14.054688,-0.075295337,0.34064722,-0.0822355,0.21196878
14.056641,-0.0811304,0.31059995,-0.090470254,0.21376501
14.058594,-0.075023606,0.30323049,-0.10355906,0.25145298
14.060547,-0.072259367,0.33810085,-0.070027724,0.25922805
14.0625,-0.081154153,0.36476079,-0.07344754,0.25016508
14.064453,-0.075770207,0.32952315,-0.093308926,0.2471678
14.066406,-0.073228076,0.29169607,-0.077951416,0.22360039
14.068359,-0.080762424,0.31856602,-0.085847169,0.2160622
14.070313,-0.0762503,0.35205603,-0.086668596,0.25435004
14.072266,-0.074363761,0.33891425,-0.089266986,0.26869804
14.074219,-0.081647404,0.32054776,-0.1046543,0.23832847
14.076172,-0.08230222,0.31325397,-0.10187151,0.21127188
14.078125,-0.080068469,0.32085708,-0.086100489,0.23116069
14.080078,-0.07556574,0.36240068,-0.10421471,0.27798948
14.082031,-0.075383291,0.37331077,-0.11357078,0.27374673
14.083984,-0.083372295,0.33557278,-0.10328712,0.23088403
14.085938,-0.069761559,0.31413257,-0.099908277,0.23927274
14.087891,-0.075139612,0.35000828,-0.097198129,0.29184192
14.089844,-0.080394477,0.39510292,-0.10171132,0.31449983
14.091797,-0.071346857,0.36688817,-0.099647507,0.27931389
14.09375,-0.074158013,0.33861065,-0.095955744,0.25357702
14.095703,-0.072911792,0.36575624,-0.072465926,0.28539288
14.097656,-0.070943065,0.37281439,-0.086508408,0.33453539
14.099609,-0.067432635,0.35999927,-0.092442796,0.33810964
14.101563,-0.077219427,0.36370361,-0.093677729,0.29468587
14.103516,-0.066092834,0.35766572,-0.10335231,0.28901431
14.105469,-0.073883533,0.34214371,-0.072980016,0.3282128
14.107422,-0.078340031,0.35463449,-0.078124642,0.3648698
14.109375,-0.068780832,0.36497638,-0.092833951,0.36079222
14.111328,-0.090146191,0.34838033,-0.086992696,0.3024123
14.113281,-0.087486453,0.33232757,-0.078657359,0.26836142
14.115234,-0.083548114,0.34836346,-0.082602441,0.32528228
14.117188,-0.075293109,0.37997103,-0.088415757,0.38458526
14.119141,-0.074509598,0.37909058,-0.084044129,0.35441634
14.121094,-0.082142748,0.35442087,-0.092161536,0.29420978
14.123047,-0.075584814,0.34776378,-0.085800603,0.28607911
14.125,-0.072112933,0.37618101,-0.074045449,0.34697837
14.126953,-0.087150872,0.40095523,-0.074322984,0.38778129
14.128906,-0.088562161,0.40114534,-0.072303876,0.34176117
14.130859,-0.077882014,0.3931582,-0.085612476,0.26917219
14.132813,-0.078515485,0.42238182,-0.08114399,0.26724851
14.134766,-0.067792207,0.43728134,-0.077219397,0.33376709
14.136719,-0.067451343,0.42146203,-0.074220538,0.37499937
14.138672,-0.074823856,0.3950327,-0.055905148,0.3346135
14.140625,-0.07550367,0.33564484,-0.085333079,0.25691101
14.142578,-0.072036915,0.37648684,-0.10418119,0.24236447
14.144531,-0.076419264,0.4272438,-0.093346179,0.28434834
14.146484,-0.082041994,0.3869372,-0.094406024,0.34720573
14.148438,-0.07129883,0.36833274,-0.089818329,0.35924566
14.150391,-0.070812821,0.36046913,-0.082017571,0.27733839
14.152344,-0.079981335,0.3563692,-0.082241088,0.22554331
14.154297,-0.072042786,0.34786844,-0.08274959,0.26941147
14.15625,-0.077242799,0.3464596,-0.080844104,0.32060698
14.158203,-0.079436392,0.36549243,-0.085031331,0.30845061
14.160156,-0.076592505,0.36104643,-0.076066419,0.27069181
14.162109,-0.074613892,0.35365278,-0.064955741,0.26124901
14.164063,-0.069123492,0.35975492,-0.068627015,0.29144666
14.166016,-0.082145497,0.36160207,-0.082013845,0.30702981
14.167969,-0.081184924,0.34743074,-0.088046953,0.27407089
14.169922,-0.07300391,0.34903178,-0.082764491,0.24353604
14.171875,-0.074801624,0.37598369,-0.08207345,0.26639205
14.173828,-0.072318874,0.3795715,-0.080086008,0.29997009
14.175781,-0.078072026,0.35892349,-0.087273955,0.28773114
14.177734,-0.083359733,0.34608358,-0.07896097,0.25093994
14.179688,-0.073987603,0.35533857,-0.072903648,0.23102935
14.181641,-0.081030369,0.38067114,-0.092157811,0.24794452
14.183594,-0.076115534,0.39838293,-0.097237244,0.27146411
14.185547,-0.0647071,0.38851905,-0.10420913,0.27070346
14.1875,-0.074054904,0.38134927,-0.093565971,0.25474423
14.189453,-0.07611642,0.36839619,-0.080803126,0.24858472
14.191406,-0.076442868,0.36068428,-0.085580811,0.25755513
14.193359,-0.075901635,0.38917539,-0.088352427,0.27389547
14.195313,-0.071930878,0.40134186,-0.0817568,0.26271254
14.197266,-0.066295259,0.39407963,-0.078558639,0.2369201
14.199219,-0.064141102,0.38137779,-0.080983803,0.24987125
14.201172,-0.063684449,0.36191896,-0.07620053,0.27742997
14.203125,-0.072144605,0.35005146,-0.094659343,0.28574505
14.205078,-0.071273305,0.34807822,-0.088710055,0.25589252
14.207031,-0.069920227,0.35966784,-0.076986566,0.23361009
14.208984,-0.075874165,0.36260012,-0.092668176,0.27189654
14.210938,-0.070078336,0.34418505,-0.093843505,0.30242181
14.212891,-0.075680271,0.32830927,-0.09391056,0.27213252
14.214844,-0.076394394,0.31704623,-0.089285612,0.23412873
14.216797,-0.084027544,0.31475654,-0.067295223,0.2554571
14.21875,-0.086157314,0.32480425,-0.07748948,0.30467021
14.220703,-0.074559979,0.33545798,-0.1031884,0.29724222
14.222656,-0.074934714,0.34055373,-0.085258573,0.23668319
14.224609,-0.066575073,0.33369082,-0.084647626,0.22575541
14.226563,-0.066451259,0.32105964,-0.1017672,0.29631829
14.228516,-0.072708517,0.31562361,-0.089468151,0.33074564
14.230469,-0.074350506,0.31856123,-0.071502939,0.28496611
14.232422,-0.076710321,0.32574326,-0.073259413,0.25264746
14.234375,-0.072669789,0.33736324,-0.086577326,0.26339108
14.236328,-0.078686051,0.33825567,-0.091960371,0.26871872
14.238281,-0.084293172,0.31778905,-0.093554795,0.28127393
14.240234,-0.075496443,0.31229156,-0.090133116,0.30494377
14.242188,-0.064698227,0.33530247,-0.093439311,0.30135992
14.244141,-0.07018584,0.3481788,-0.090591326,0.27651244
14.246094,-0.077694722,0.32295114,-0.081790328,0.27430603
14.248047,-0.073863655,0.29112214,-0.078594029,0.30994612
14.25,-0.07630451,0.31480336,-0.071394905,0.31134433
14.251953,-0.073066518,0.35794827,-0.085528657,0.27094272
14.253906,-0.072254859,0.35627598,-0.077362821,0.25559786
14.255859,-0.067757688,0.32363579,-0.070204675,0.29298073
14.257813,-0.07367263,0.29796165,-0.088408306,0.33107871
14.259766,-0.084954731,0.29938579,-0.082000807,0.29338175
14.261719,-0.073700249,0.33514345,-0.075878292,0.24349053
14.263672,-0.074857444,0.36075887,-0.069008857,0.2716881
14.265625,-0.068540514,0.33365437,-0.080121398,0.31698322
14.267578,-0.063153751,0.29139072,-0.088141948,0.28454527
14.269531,-0.080015965,0.29477292,-0.074889228,0.23443501
14.271484,-0.076478474,0.33460292,-0.077455953,0.25334018
14.273438,-0.072555177,0.33138007,-0.084576845,0.29595947
14.275391,-0.070534579,0.30985069,-0.078351885,0.27557081
14.277344,-0.066089757,0.31843248,-0.092372015,0.23317839
14.279297,-0.070793435,0.322148,-0.10572159,0.24496576
14.28125,-0.074016355,0.28909546,-0.094057709,0.26552844
14.283203,-0.080630712,0.27035901,-0.092019975,0.26675877
14.285156,-0.072622247,0.29863966,-0.073220298,0.26837361
14.287109,-0.068178892,0.32359248,-0.072717384,0.26896989
14.289063,-0.076744691,0.32100353,-0.087501198,0.25254494
14.291016,-0.072482906,0.26612732,-0.092552692,0.21758305
14.292969,-0.070675954,0.23262089,-0.085364744,0.22950287
14.294922,-0.081892096,0.28141451,-0.077495068,0.29734918
14.296875,-0.073781185,0.31176957,-0.081265062,0.30243024
14.298828,-0.070890389,0.29224056,-0.07832022,0.22885843
14.300781,-0.076757513,0.27112839,-0.07962966,0.19953443
14.302734,-0.065819956,0.25951469,-0.078815684,0.25815493
14.304688,-0.070786029,0.27859259,-0.088665351,0.29960099
14.306641,-0.074685395,0.30405146,-0.08084783,0.26089856
14.308594,-0.065805875,0.27959704,-0.085850894,0.22202721
14.310547,-0.06309782,0.24454495,-0.092686802,0.24886577
14.3125,-0.067944266,0.26178432,-0.078675985,0.28154871
14.314453,-0.078639276,0.28505656,-0.086769179,0.26133686
14.316406,-0.073517174,0.25159436,-0.084690467,0.23733722
14.318359,-0.068312548,0.22797184,-0.085612476,0.23951948
14.320313,-0.073590942,0.26655,-0.08424902,0.25155684
14.322266,-0.074302934,0.27474368,-0.076634526,0.25626934
14.324219,-0.079951987,0.23035406,-0.076450124,0.257231
14.326172,-0.077973627,0.21019755,-0.087853238,0.26353523
14.328125,-0.08337678,0.23160784,-0.096704528,0.24440598
14.330078,-0.08530315,0.26883164,-0.088758484,0.22889449
14.332031,-0.074363448,0.26833838,-0.084830165,0.26303387
14.333984,-0.071556248,0.24480446,-0.065462381,0.30240935
14.335938,-0.073232114,0.24087369,-0.087050438,0.27617371
14.337891,-0.073846698,0.24855757,-0.095640957,0.19998306
14.339844,-0.07782536,0.26635084,-0.084813401,0.19720711
14.341797,-0.082490221,0.27514681,-0.098131314,0.28520748
14.34375,-0.074425958,0.26071247,-0.07616514,0.32617941
14.345703,-0.07798595,0.26988101,-0.081078798,0.26329333
14.347656,-0.079881079,0.31047153,-0.086381748,0.20718634
14.349609,-0.076590322,0.30543146,-0.083647385,0.23273605
14.351563,-0.077813707,0.2651563,-0.0905727,0.28528336
14.353516,-0.071338534,0.27035469,-0.082725376,0.29028258
14.355469,-0.071605861,0.32088965,-0.084800363,0.25272366
14.357422,-0.075125188,0.33963531,-0.081859246,0.24219249
14.359375,-0.072195746,0.2987144,-0.065222099,0.25413808
14.361328,-0.066426255,0.27513063,-0.069610491,0.26635602
14.363281,-0.071514174,0.31771433,-0.085161716,0.2685962
14.365234,-0.077578895,0.35513964,-0.091192961,0.24803913
14.367188,-0.07112135,0.32435104,-0.094813943,0.23159835
14.369141,-0.067678191,0.29196593,-0.094808355,0.24764687
14.371094,-0.075044557,0.30826232,-0.08637616,0.29005361
14.373047,-0.074569568,0.32659319,-0.092100069,0.295311
14.375,-0.076801233,0.31996566,-0.076411009,0.24846371
14.376953,-0.084920339,0.29924595,-0.062886342,0.21117738
14.378906,-0.073812194,0.28797266,-0.084288135,0.23871468
14.380859,-0.068731338,0.31900513,-0.078864112,0.28013125
14.382813,-0.07568974,0.3591179,-0.087838337,0.26709107
14.384766,-0.071863718,0.3223629,-0.082917228,0.23760748
14.386719,-0.065308385,0.26440692,-0.083602682,0.23814581
14.388672,-0.073897906,0.29726049,-0.10394835,0.27875999
14.390625,-0.071705274,0.35738528,-0.08829841,0.29073805
14.392578,-0.077392258,0.34017536,-0.083887666,0.2468437
14.394531,-0.086979181,0.2845107,-0.085968241,0.23264457
14.396484,-0.07230404,0.28920433,-0.085809916,0.2585941
14.398438,-0.068548441,0.34618437,-0.090146154,0.27044594
14.400391,-0.071586609,0.36786872,-0.091543138,0.26701903
14.402344,-0.074845336,0.31177866,-0.088236943,0.26145884
14.404297,-0.065087438,0.26047641,-0.089162678,0.267364
14.40625,-0.070455834,0.30285668,-0.10246196,0.27912021
14.408203,-0.081252985,0.36495695,-0.087780595,0.27955914
14.410156,-0.082329884,0.34986359,-0.081039682,0.28415278
14.412109,-0.082339562,0.29605314,-0.098066121,0.28923789
14.414063,-0.066912845,0.29533151,-0.082852036,0.2787576
14.416016,-0.065345906,0.35264915,-0.07658051,0.28048864
14.417969,-0.07041318,0.38209316,-0.090751514,0.30908415
14.419922,-0.070992216,0.32460529,-0.092381328,0.31647602
14.421875,-0.069401145,0.25493211,-0.08402364,0.29028812
14.423828,-0.072781198,0.3018865,-0.085212007,0.29013085
14.425781,-0.064461194,0.39738944,-0.092748269,0.3267411
14.427734,-0.071987651,0.37920895,-0.07460238,0.3371399
14.429688,-0.082846157,0.2808862,-0.084168926,0.31008226
14.431641,-0.070175365,0.24232073,-0.094735712,0.29388297
14.433594,-0.077661432,0.31955194,-0.076817065,0.30674961
14.435547,-0.076379195,0.39343166,-0.087095141,0.32747936
14.4375,-0.07686501,0.33649653,-0.078253165,0.3342573
14.439453,-0.080348723,0.24620225,-0.078296006,0.32311708
14.441406,-0.064659826,0.26637238,-0.098053083,0.30995622
14.443359,-0.069425322,0.3618547,-0.095288917,0.31058204
14.445313,-0.076807991,0.39006564,-0.09018527,0.32264197
14.447266,-0.068109632,0.30023664,-0.084789187,0.34608921
14.449219,-0.067078963,0.24071874,-0.07597515,0.35519576
14.451172,-0.077505887,0.31193161,-0.076960489,0.3305321
14.453125,-0.080076844,0.3845706,-0.090209484,0.30615455
14.455078,-0.073290981,0.34645703,-0.072065458,0.30805618
14.457031,-0.079873405,0.27484065,-0.06132172,0.34147066
14.458984,-0.079740763,0.27736035,-0.069956943,0.35933506
14.460938,-0.084539726,0.34420893,-0.070495248,0.31639901
14.462891,-0.077183291,0.38141051,-0.082233638,0.27607059
14.464844,-0.063780196,0.33090872,-0.076245233,0.29923642
14.466797,-0.077587523,0.29187152,-0.086856723,0.34239203
14.46875,-0.072857641,0.32658225,-0.084535867,0.33707306
14.470703,-0.070874326,0.36761901,-0.071884781,0.30046162
14.472656,-0.072868943,0.36768186,-0.093510091,0.28935489
14.474609,-0.068345152,0.33371025,-0.085713059,0.29190931
14.476563,-0.076353349,0.33666301,-0.070171148,0.29551384
14.478516,-0.073239401,0.36686197,-0.078741178,0.31118312
14.480469,-0.071940795,0.36596438,-0.083466709,0.30546492
14.482422,-0.079964399,0.35293099,-0.082490683,0.26851982
14.484375,-0.077493228,0.3469412,-0.097930148,0.2612333
14.486328,-0.073231921,0.36194643,-0.094609052,0.30334693
14.488281,-0.070148312,0.37508613,-0.078674123,0.33330169
14.490234,-0.068356834,0.36703005,-0.08488977,0.31460536
14.492188,-0.075249113,0.35911453,-0.082902327,0.2744908
14.494141,-0.072294511,0.34830338,-0.087804809,0.26130065
14.496094,-0.067298025,0.3538402,-0.099936217,0.29610744
14.498047,-0.066402793,0.37879068,-0.085694432,0.33231339
14.5,-0.070179075,0.38113865,-0.07633464,0.31314829
14.501953,-0.076361962,0.35392416,-0.090941504,0.28957677
14.503906,-0.070086703,0.33182734,-0.088162437,0.29244927
14.505859,-0.072836682,0.35102352,-0.082745865,0.30193537
14.507813,-0.071071319,0.38398036,-0.076167002,0.32412511
14.509766,-0.071727142,0.37219599,-0.082680672,0.32578242
14.511719,-0.078495704,0.32807609,-0.086324006,0.30638558
14.513672,-0.075261168,0.31657088,-0.069796756,0.28912309
14.515625,-0.070864998,0.35816294,-0.089710295,0.30113432
14.517578,-0.075891159,0.39668372,-0.071393043,0.33027378
14.519531,-0.07286647,0.36690375,-0.070649847,0.32424662
14.521484,-0.066483796,0.31045815,-0.09474875,0.29999506
14.523438,-0.073274516,0.32905921,-0.087700501,0.27652568
14.525391,-0.073161498,0.38684744,-0.091716364,0.28923085
14.527344,-0.07962212,0.38925084,-0.080957726,0.34502873
14.529297,-0.072585203,0.34225339,-0.090628579,0.346472
14.53125,-0.070682578,0.32378176,-0.078899503,0.29278967
14.533203,-0.075656019,0.36973962,-0.073494107,0.27113825
14.535156,-0.071349554,0.39698035,-0.080618724,0.29955214
14.537109,-0.074087687,0.36491129,-0.078530699,0.32434148
14.539063,-0.065274335,0.33114004,-0.094655618,0.31485975
14.541016,-0.069720417,0.34611583,-0.08659409,0.29333815
14.542969,-0.076644853,0.39029357,-0.083572879,0.28627607
14.544922,-0.074569292,0.38150793,-0.089846268,0.312565
14.546875,-0.072573394,0.33763599,-0.094340831,0.33321905
14.548828,-0.071492463,0.34072194,-0.085454151,0.31274292
14.550781,-0.071533315,0.38132131,-0.079516038,0.28843084
14.552734,-0.075782858,0.38573474,-0.085338667,0.29917398
14.554688,-0.077742487,0.33819085,-0.078128368,0.32136279
14.556641,-0.068813697,0.32437479,-0.074507385,0.32220173
14.558594,-0.0658447,0.37926379,-0.085228771,0.31194976
14.560547,-0.067643292,0.40860417,-0.091589704,0.2974523
14.5625,-0.077076964,0.36013746,-0.084429696,0.29330364
14.564453,-0.078372858,0.30937722,-0.084917709,0.32773873
14.566406,-0.074622981,0.34161961,-0.075824276,0.34940335
14.568359,-0.073814504,0.41458422,-0.075166762,0.3170191
14.570313,-0.068380617,0.40828612,-0.075779572,0.28472915
14.572266,-0.069254115,0.33476311,-0.081201732,0.29420403
14.574219,-0.071993805,0.30646208,-0.10505104,0.32768053
14.576172,-0.072454683,0.34881699,-0.074276417,0.32648784
14.578125,-0.086085334,0.40321252,-0.057032049,0.30454212
14.580078,-0.074322447,0.39221269,-0.068831906,0.30958745
14.582031,-0.061671302,0.34390301,-0.086145192,0.30187503
14.583984,-0.081060827,0.35311693,-0.094730124,0.27750263
14.585938,-0.075174719,0.37765145,-0.07338421,0.2806237
14.587891,-0.071891516,0.38173273,-0.081320941,0.32344958
14.589844,-0.080292583,0.3786546,-0.092524752,0.34235901
14.591797,-0.08062835,0.3723698,-0.084064618,0.28746212
14.59375,-0.072404996,0.38164052,-0.08364366,0.25310871
14.595703,-0.06692028,0.41546848,-0.087532863,0.28686506
14.597656,-0.069609188,0.42855787,-0.081509069,0.3208755
14.599609,-0.068201289,0.39381129,-0.086476743,0.30718523
14.601563,-0.069573194,0.37078422,-0.0830383,0.27884838
14.603516,-0.062519275,0.3895838,-0.078413352,0.2829338
14.605469,-0.071917273,0.41397128,-0.078716964,0.30455449
14.607422,-0.076747209,0.40163904,-0.087797359,0.31688032
14.609375,-0.073642038,0.39852169,-0.098487079,0.30591726
14.611328,-0.075633571,0.40054148,-0.090092137,0.29458463
14.613281,-0.069091633,0.38013378,-0.09442465,0.29788193
14.615234,-0.076452218,0.37421486,-0.089464426,0.31288156
14.617188,-0.061150976,0.38197592,-0.08931914,0.32677779
14.619141,-0.071713857,0.37918195,-0.08938992,0.3183682
14.621094,-0.079562984,0.36019719,-0.070281044,0.29912165
14.623047,-0.061469231,0.35809228,-0.080235019,0.29966339
14.625,-0.081534334,0.39762843,-0.096827462,0.3315075
14.626953,-0.079567216,0.39257148,-0.089095622,0.34644616
14.628906,-0.072771288,0.34604654,-0.082820371,0.32905048
14.630859,-0.073312446,0.37362161,-0.079486236,0.31891608
14.632813,-0.074569598,0.39738628,-0.088385954,0.33744681
14.634766,-0.070123121,0.3757093,-0.097414196,0.35536906
14.636719,-0.066369765,0.36367148,-0.086208522,0.33642727
14.638672,-0.072566569,0.37994507,-0.083537489,0.32502228
14.640625,-0.069473512,0.38550004,-0.075829864,0.34367868
14.642578,-0.072945923,0.3682473,-0.078068763,0.36873195
14.644531,-0.06642437,0.38657096,-0.084686741,0.37080011
14.646484,-0.067140624,0.39078951,-0.082533523,0.3384991
14.648438,-0.079544947,0.37010482,-0.088926122,0.33071768
14.650391,-0.080825023,0.36077926,-0.080959588,0.3626034
14.652344,-0.074915178,0.37839848,-0.086972207,0.39110702
14.654297,-0.079048343,0.39785939,-0.072722971,0.37849993
14.65625,-0.079251371,0.38798225,-0.053802222,0.35170111
14.658203,-0.074628644,0.38395244,-0.067820489,0.35200098
14.660156,-0.070976034,0.39604902,-0.073646843,0.34756383
14.662109,-0.066947289,0.4112567,-0.08486928,0.33641779
14.664063,-0.069357947,0.41279805,-0.085765213,0.34072563
14.666016,-0.067641713,0.39857793,-0.07761614,0.36210713
14.667969,-0.06878031,0.3856529,-0.069254726,0.37901944
14.669922,-0.062765412,0.39290804,-0.077310666,0.35932362
14.671875,-0.070274025,0.40777194,-0.08201012,0.31474257
14.673828,-0.076608494,0.40525237,-0.074894816,0.29399669
14.675781,-0.067805596,0.38556886,-0.071951836,0.32369122
14.677734,-0.074380964,0.37139773,-0.07113786,0.35758057
14.679688,-0.072056271,0.38426605,-0.08974196,0.34379411
14.681641,-0.063561082,0.39242548,-0.076407284,0.29491708
14.683594,-0.068291485,0.37440729,-0.074039862,0.28238225
14.685547,-0.077651799,0.35311621,-0.091112867,0.32507566
14.6875,-0.07153599,0.35140771,-0.086107939,0.34209633
14.689453,-0.063799694,0.3781859,-0.092990413,0.31639478
14.691406,-0.068897583,0.39308834,-0.089203656,0.29419938
14.693359,-0.065889716,0.36046913,-0.079124883,0.29565874
14.695313,-0.067028932,0.32794991,-0.079584956,0.32097834
14.697266,-0.075966209,0.34250066,-0.087588742,0.33175874
14.699219,-0.071198314,0.35964444,-0.08200267,0.30453214
14.701172,-0.058292568,0.35655186,-0.079119295,0.27709419
14.703125,-0.061332021,0.35873476,-0.082773805,0.29856965
14.705078,-0.0684283,0.33770457,-0.075937897,0.34356776
14.707031,-0.074432135,0.28811666,-0.087378263,0.34349263
14.708984,-0.066533446,0.28146166,-0.077241749,0.30466384
14.710938,-0.069046497,0.33562621,-0.0649129,0.28420767
14.712891,-0.078039601,0.36710295,-0.076954901,0.31447539
14.714844,-0.066781268,0.30695686,-0.084979177,0.3445597
14.716797,-0.068207867,0.25259018,-0.083313972,0.3165071
14.71875,-0.074702233,0.28224525,-0.071318537,0.28135577
14.720703,-0.070023775,0.31510383,-0.082542837,0.2955409
14.722656,-0.05765757,0.31757811,-0.098092198,0.32804492
14.724609,-0.070252784,0.29829833,-0.096162498,0.33316123
14.726563,-0.083986521,0.25745764,-0.094849333,0.3098391
14.728516,-0.077147394,0.24524485,-0.079367027,0.30050197
14.730469,-0.066483647,0.30986071,-0.072231233,0.32348916
14.732422,-0.062457941,0.36577278,-0.075077355,0.3415173
14.734375,-0.080810867,0.29507503,-0.075913683,0.3165845
14.736328,-0.081965081,0.19905661,-0.082106978,0.28109175
14.738281,-0.06612435,0.25767019,-0.077558398,0.29370803
14.740234,-0.074084111,0.36646557,-0.086266264,0.33413613
14.742188,-0.068670094,0.35011503,-0.085549146,0.34545168
14.744141,-0.065577783,0.27436194,-0.086676046,0.32111067
14.746094,-0.064919204,0.25838232,-0.091800183,0.29619578
14.748047,-0.06109025,0.29203135,-0.081382409,0.302297
14.75,-0.073745742,0.32129514,-0.082896739,0.33679608
14.751953,-0.07405737,0.32454312,-0.079985425,0.34567744
14.753906,-0.071421832,0.28698242,-0.076979116,0.31631741
14.755859,-0.074887887,0.25290394,-0.076479927,0.28056791
14.757813,-0.072538398,0.29626596,-0.090343595,0.29481751
14.759766,-0.070067286,0.36076948,-0.091464907,0.34434289
14.761719,-0.07304363,0.31193906,-0.087374538,0.35246363
14.763672,-0.069062755,0.22442816,-0.080888808,0.32491702
14.765625,-0.075746909,0.25675273,-0.069040522,0.30848148
14.767578,-0.063751638,0.3540529,-0.073101088,0.33225632
14.769531,-0.067844734,0.34700489,-0.078737453,0.33934733
14.771484,-0.070980459,0.25390068,-0.098667756,0.31686574
14.773438,-0.055583775,0.2451112,-0.090500057,0.30418846
14.775391,-0.071496002,0.31681082,-0.078513935,0.32585153
14.777344,-0.073502235,0.33308241,-0.079886705,0.36355546
14.779297,-0.076218672,0.26776132,-0.083686501,0.34810597
14.78125,-0.07475926,0.24367441,-0.082747728,0.30339634
14.783203,-0.071902819,0.28486285,-0.079368889,0.2955865
14.785156,-0.077744275,0.31843308,-0.082930267,0.33295891
14.787109,-0.074468575,0.30176193,-0.08120732,0.36245883
14.789063,-0.069414839,0.24342947,-0.098906174,0.35057399
14.791016,-0.070896126,0.24224052,-0.076185629,0.31951085
14.792969,-0.077435747,0.30212653,-0.070314571,0.31625441
14.794922,-0.070571706,0.33020103,-0.083876491,0.34972152
14.796875,-0.064220786,0.28694949,-0.065037698,0.35216221
14.798828,-0.069797471,0.25068995,-0.090174094,0.3261829
14.800781,-0.069601893,0.28398356,-0.099172533,0.31190062
14.802734,-0.072882652,0.32959625,-0.086229011,0.31904879
14.804688,-0.069658689,0.31367156,-0.080067381,0.36944869
14.806641,-0.073951259,0.26298922,-0.082708612,0.39205182
14.808594,-0.082915433,0.27766395,-0.09474875,0.34633586
14.810547,-0.075259857,0.32823303,-0.075356752,0.29686201
14.8125,-0.07391049,0.32226524,-0.079452708,0.32027468
14.814453,-0.072425,0.28938723,-0.092753857,0.38529676
14.816406,-0.073204495,0.29809228,-0.078318357,0.37723115
14.818359,-0.070257299,0.31910408,-0.086808294,0.32776794
14.820313,-0.069326714,0.32025659,-0.084399894,0.3240301
14.822266,-0.06261231,0.31034431,-0.070055664,0.36584166
14.824219,-0.06870801,0.31717974,-0.080400795,0.39183003
14.826172,-0.07529895,0.33257905,-0.09086886,0.36891434
14.828125,-0.070453532,0.32239956,-0.078370512,0.32644799
14.830078,-0.077847749,0.3247273,-0.077012643,0.33189738
14.832031,-0.067313701,0.33881798,-0.079203114,0.38389829
14.833984,-0.066707015,0.3388679,-0.067047492,0.39156571
14.835938,-0.068543248,0.32670239,-0.086350083,0.34614754
14.837891,-0.067945495,0.31302744,-0.086955443,0.3169705
14.839844,-0.074928679,0.31152254,-0.085396409,0.3323738
14.841797,-0.076542184,0.33267975,-0.091567352,0.3716062
14.84375,-0.076761231,0.35502905,-0.082248539,0.39438525
14.845703,-0.074193448,0.34082171,-0.085076034,0.37216306
14.847656,-0.075113699,0.32386851,-0.075937897,0.32812479
14.849609,-0.075037546,0.33859155,-0.076302975,0.32955092
14.851563,-0.072911203,0.36052036,-0.075841039,0.37484518
14.853516,-0.071746238,0.35865536,-0.07934095,0.38485661
14.855469,-0.073725432,0.34362814,-0.085420623,0.35015121
14.857422,-0.066105776,0.35140839,-0.072335541,0.32290426
14.859375,-0.069925644,0.38237965,-0.077882499,0.35371324
14.861328,-0.078519255,0.39248708,-0.079218015,0.38707826
14.863281,-0.06910336,0.37066826,-0.08576335,0.36987975
14.865234,-0.064339057,0.36668709,-0.084437147,0.33633465
14.867188,-0.067396082,0.39637277,-0.07001096,0.3347716
14.869141,-0.063598737,0.40222195,-0.085549146,0.37661356
14.871094,-0.058654465,0.36903265,-0.093280986,0.38186529
14.873047,-0.065132059,0.34930572,-0.083414555,0.3467831
14.875,-0.071066178,0.3624554,-0.07648924,0.33044937
14.876953,-0.073300891,0.38168931,-0.093584597,0.35767964
14.878906,-0.070335448,0.37777042,-0.093420684,0.38343182
14.880859,-0.067848325,0.36778665,-0.083245054,0.36625585
14.882813,-0.065162435,0.36293375,-0.079493687,0.35834035
14.884766,-0.068326369,0.35795328,-0.072104573,0.36855465
14.886719,-0.072202459,0.35193041,-0.073240787,0.37289122
14.888672,-0.07458131,0.34081578,-0.067803726,0.3722291
14.890625,-0.077900097,0.34408122,-0.082418039,0.35805577
14.892578,-0.074848071,0.37009925,-0.074229851,0.34556153
14.894531,-0.069087446,0.38397384,-0.062256768,0.35723537
14.896484,-0.070696108,0.35612452,-0.070707589,0.38110197
14.898438,-0.077491425,0.33620048,-0.065808833,0.38660792
14.900391,-0.077210724,0.35103437,-0.066036075,0.35028422
14.902344,-0.082206927,0.38016391,-0.066833287,0.31803638
14.904297,-0.068062618,0.39525089,-0.083019674,0.3331809
14.90625,-0.063969664,0.38625616,-0.099358797,0.36631039
14.908203,-0.07473135,0.38877085,-0.085478365,0.36733592
14.910156,-0.073040947,0.38397488,-0.085506305,0.33956945
14.912109,-0.074489571,0.37934715,-0.079577506,0.32952136
14.914063,-0.066861555,0.40318808,-0.0711658,0.32906875
14.916016,-0.06911286,0.42304435,-0.08152397,0.33723047
14.917969,-0.070655659,0.41919693,-0.072311327,0.32826585
14.919922,-0.076417953,0.39961401,-0.077074111,0.30778164
14.921875,-0.082919441,0.39357403,-0.08660154,0.32618478
14.923828,-0.068464898,0.40588576,-0.087806672,0.34788087
14.925781,-0.063020997,0.42789921,-0.072875708,0.34460112
14.927734,-0.069644421,0.4320401,-0.061027423,0.33403409
14.929688,-0.066987887,0.38821033,-0.078916267,0.32957381
14.931641,-0.067782626,0.35803989,-0.076902747,0.31596741
14.933594,-0.06961409,0.37412697,-0.075181663,0.30869111
14.935547,-0.070551597,0.3888939,-0.084394306,0.32905692
14.9375,-0.072174564,0.39417031,-0.072981879,0.3403157
14.939453,-0.061604872,0.3864969,-0.079372615,0.33008841
14.941406,-0.064776547,0.37578869,-0.090101451,0.31789848
14.943359,-0.067706637,0.37376562,-0.09519951,0.31209308
14.945313,-0.067391276,0.35806352,-0.10273391,0.32549295
14.947266,-0.060245931,0.35689366,-0.088968962,0.34423083
14.949219,-0.060562219,0.37587541,-0.083343774,0.35108346
14.951172,-0.067725331,0.37381521,-0.08980529,0.34049219
14.953125,-0.061427344,0.33818036,-0.084025502,0.32499483
14.955078,-0.073437251,0.32399714,-0.072737873,0.33148682
14.957031,-0.07647334,0.33946186,-0.082706749,0.35110247
14.958984,-0.066561736,0.33723018,-0.072370932,0.36068651
14.960938,-0.070041746,0.34821478,-0.074106917,0.34530842
14.962891,-0.080276512,0.35103041,-0.098630503,0.33768931
14.964844,-0.072504275,0.31121379,-0.08970657,0.35126996
14.966797,-0.068639696,0.3004654,-0.091891453,0.36917919
14.96875,-0.075042926,0.35316208,-0.0803058,0.38145
14.970703,-0.063898072,0.36949375,-0.077774465,0.37330788
14.972656,-0.064043894,0.32817611,-0.088616922,0.36242285
14.974609,-0.070463091,0.31090194,-0.077198908,0.3517487
14.976563,-0.078290239,0.32247302,-0.085511893,0.3593494
14.978516,-0.074961387,0.34688312,-0.083530039,0.38772845
14.980469,-0.064839914,0.36905929,-0.081490442,0.3920925
14.982422,-0.071248233,0.36488277,-0.084211767,0.38630638
14.984375,-0.067576565,0.33663389,-0.065285429,0.38638738
14.986328,-0.067667224,0.32781497,-0.086916327,0.39492211
14.988281,-0.069079213,0.35597351,-0.092602983,0.3920078
14.990234,-0.06426429,0.36857316,-0.070241928,0.3726134
14.992188,-0.061922684,0.34776658,-0.086405963,0.3937389
14.994141,-0.053366266,0.33973569,-0.083474159,0.40442976
14.996094,-0.063257404,0.34968033,-0.086487919,0.38019434
14.998047,-0.067691185,0.33664125,-0.085489541,0.38689053
15.0,-0.062440172,0.31035709,-0.078817546,0.39369407
15.001953,-0.073237561,0.32103109,-0.074485034,0.38379422
15.003906,-0.077353813,0.33638245,-0.054731682,0.3833999
15.005859,-0.067909658,0.31916869,-0.072337404,0.3715677
15.007813,-0.06497474,0.31394038,-0.086346358,0.34960088
15.009766,-0.068715461,0.3207112,-0.092381328,0.34192061
15.011719,-0.069580972,0.29503661,-0.096155047,0.35878071
15.013672,-0.073822923,0.27495381,-0.079765633,0.38922423
15.015625,-0.062292397,0.30592111,-0.079607308,0.39042422
15.017578,-0.059604425,0.32816166,-0.082667634,0.36386523
15.019531,-0.073451586,0.30647629,-0.075554192,0.33731857
15.021484,-0.068876579,0.27446997,-0.080153063,0.33910978
15.023438,-0.069335684,0.27649549,-0.084502339,0.37276456
15.025391,-0.073455617,0.30085865,-0.072641015,0.38114202
15.027344,-0.06597966,0.31681058,-0.078189835,0.36502665
15.029297,-0.067377634,0.31553119,-0.082360297,0.35864118
15.03125,-0.077489056,0.27823091,-0.085061133,0.3597526
15.033203,-0.082161605,0.25129566,-0.088236943,0.36539212
15.035156,-0.065814629,0.28648603,-0.079499274,0.36997753
15.037109,-0.056566294,0.35052273,-0.085167304,0.38252428
15.039063,-0.069112465,0.33814603,-0.070392802,0.38125244
15.041016,-0.07327117,0.2426801,-0.06500417,0.37958378
15.042969,-0.065278001,0.22952634,-0.070851013,0.3892892
15.044922,-0.065527089,0.32435966,-0.074993536,0.37158561
15.046875,-0.073125109,0.36270115,-0.067807451,0.36183831
15.048828,-0.065195337,0.3002944,-0.057508886,0.37468153
15.050781,-0.071891002,0.24920763,-0.07347548,0.38622391
15.052734,-0.078804962,0.2692405,-0.06994763,0.37034932
15.054688,-0.068296477,0.31158867,-0.07588388,0.34105188
15.056641,-0.062114231,0.33465484,-0.079083905,0.3433207
15.058594,-0.059560146,0.30957839,-0.075256169,0.3607792
15.060547,-0.06283392,0.24857584,-0.07712999,0.36833993
15.0625,-0.063226625,0.24516289,-0.072290838,0.35434803
15.064453,-0.070357867,0.31295258,-0.082114428,0.33000726
15.066406,-0.073300198,0.31987533,-0.081255749,0.32364875
15.068359,-0.071309313,0.24299034,-0.079307422,0.33958122
15.070313,-0.07694824,0.2377966,-0.077461541,0.35678291
15.072266,-0.071809702,0.30311048,-0.082885563,0.34466663
15.074219,-0.065856904,0.30952182,-0.086445078,0.32198599
15.076172,-0.06619966,0.24941647,-0.078098565,0.32200056
15.078125,-0.067845501,0.22262815,-0.073985845,0.34445462
15.080078,-0.07158789,0.25745636,-0.061670035,0.35874298
15.082031,-0.074914686,0.28561816,-0.069522947,0.34271553
15.083984,-0.076951265,0.28792924,-0.082891151,0.31604198
15.085938,-0.064609788,0.27323297,-0.075833589,0.30831978
15.087891,-0.063102283,0.26792604,-0.060457453,0.33644342
15.089844,-0.069123343,0.2809152,-0.064247936,0.36289167
15.091797,-0.0706091,0.27997339,-0.077986807,0.34077713
15.09375,-0.073766202,0.26588213,-0.092480049,0.28389356
15.095703,-0.065532275,0.26708961,-0.089466289,0.27318355
15.097656,-0.067266233,0.28903937,-0.06161043,0.33713806
15.099609,-0.06498085,0.30933928,-0.064516157,0.38575441
15.101563,-0.063952573,0.28472209,-0.070452407,0.33653876
15.103516,-0.068455935,0.24534915,-0.076863632,0.24402671
15.105469,-0.071929999,0.26085299,-0.080067381,0.24409498
15.107422,-0.078590274,0.2988123,-0.077109501,0.32204893
15.109375,-0.064488098,0.30597839,-0.087691188,0.36366647
15.111328,-0.061110128,0.28214863,-0.079907194,0.33227387
15.113281,-0.069668375,0.26562232,-0.083239466,0.27044713
15.115234,-0.072609298,0.26826191,-0.087264642,0.25929096
15.117188,-0.073560871,0.27655149,-0.074555814,0.31100795
15.119141,-0.073466614,0.29051471,-0.069863811,0.35042226
15.121094,-0.077569939,0.29769206,-0.085033193,0.32524654
15.123047,-0.067921981,0.28841177,-0.084742621,0.26588392
15.125,-0.070498593,0.29017931,-0.072797477,0.25831366
15.126953,-0.068233095,0.30015552,-0.082589403,0.32963544
15.128906,-0.057496797,0.29488713,-0.093400195,0.37339699
15.130859,-0.069765896,0.29318583,-0.091589704,0.3164863
15.132813,-0.068521723,0.2933068,-0.07289061,0.25673816
15.134766,-0.061220977,0.28793481,-0.081175655,0.2932668
15.136719,-0.069659889,0.30477649,-0.083593369,0.36124498
15.138672,-0.066179179,0.32282031,-0.084591746,0.35660931
15.140625,-0.064844333,0.30415797,-0.089181304,0.30097058
15.142578,-0.075625896,0.28667217,-0.062813699,0.28566921
15.144531,-0.074652627,0.28744856,-0.067431197,0.33946267
15.146484,-0.071328014,0.30153981,-0.088534966,0.37748903
15.148438,-0.067986496,0.32159072,-0.090626717,0.33460444
15.150391,-0.062124606,0.30767733,-0.09352313,0.28360859
15.152344,-0.061518732,0.27835292,-0.091774106,0.3177692
15.154297,-0.071477108,0.27371958,-0.085821092,0.38596541
15.15625,-0.066142857,0.29482964,-0.08060196,0.3930164
15.158203,-0.063115574,0.31789884,-0.068228409,0.35330281
15.160156,-0.073950119,0.30955768,-0.064301953,0.31615764
15.162109,-0.067601189,0.28401092,-0.07376419,0.31579757
15.164063,-0.062290441,0.28087142,-0.082537249,0.35144877
15.166016,-0.069486625,0.30402121,-0.081715822,0.3825967
15.167969,-0.076480225,0.31161672,-0.086385474,0.37130508
15.169922,-0.074438639,0.2831257,-0.082088351,0.33580351
15.171875,-0.0656569,0.27861121,-0.078750491,0.33479902
15.173828,-0.065335222,0.31495982,-0.079633385,0.37633157
15.175781,-0.074949235,0.31832492,-0.072918549,0.39052263
15.177734,-0.072006457,0.28214046,-0.073436365,0.34722376
15.179688,-0.059321739,0.27080593,-0.059822291,0.31612226
15.181641,-0.065925315,0.30777186,-0.057955921,0.34638688
15.183594,-0.075929619,0.3290045,-0.06958814,0.38437754
15.185547,-0.075955331,0.30186531,-0.0682787,0.35568616
15.1875,-0.070972271,0.28473222,-0.073615178,0.30700663
15.189453,-0.066633902,0.30392075,-0.085886285,0.31531864
15.191406,-0.073339023,0.33645752,-0.083619446,0.36537811
15.193359,-0.06350854,0.33557847,-0.067833528,0.37779599
15.195313,-0.062833108,0.30611038,-0.057626233,0.33705235
15.197266,-0.066712745,0.28969374,-0.06796205,0.30185109
15.199219,-0.073241256,0.30673286,-0.068291739,0.29281521
15.201172,-0.081237301,0.3535828,-0.068586037,0.30483657
15.203125,-0.069622152,0.35741752,-0.075338125,0.31784186
15.205078,-0.067479163,0.31930384,-0.077204496,0.32306388
15.207031,-0.068486378,0.32329375,-0.083232015,0.30877334
15.208984,-0.068406686,0.36239755,-0.080253646,0.28615782
15.210938,-0.065943189,0.35870647,-0.087201312,0.2977989
15.212891,-0.067692056,0.31576553,-0.080033854,0.32082111
15.214844,-0.063139029,0.31671757,-0.07161656,0.3139241
15.216797,-0.066534087,0.36460373,-0.076872945,0.2857177
15.21875,-0.066368267,0.3806695,-0.067781374,0.27560663
15.220703,-0.05298721,0.34417912,-0.064752713,0.29948282
15.222656,-0.060564298,0.32445559,-0.0702084,0.31509143
15.224609,-0.067441724,0.33949924,-0.08081989,0.29059693
15.226563,-0.066912465,0.347417,-0.076308563,0.2658872
15.228516,-0.067034513,0.33417019,-0.061101928,0.28388238
15.230469,-0.065562218,0.32083356,-0.074442193,0.31734106
15.232422,-0.061748207,0.32493103,-0.082347259,0.30564985
15.234375,-0.062500268,0.33508837,-0.076183766,0.25664726
15.236328,-0.062221836,0.31846112,-0.068628877,0.25901619
15.238281,-0.066707231,0.27921763,-0.060382947,0.30534902
15.240234,-0.073807687,0.26958707,-0.06929943,0.30318815
15.242188,-0.066700973,0.30722111,-0.083831787,0.25738844
15.244141,-0.068968706,0.34335431,-0.085228771,0.22520232
15.246094,-0.069423199,0.30612913,-0.075343713,0.24786101
15.248047,-0.067416586,0.25180089,-0.068217233,0.30679157
15.25,-0.064028896,0.26893386,-0.058438346,0.31806934
15.251953,-0.065553226,0.31604061,-0.060453728,0.25800252
15.253906,-0.070542879,0.30733484,-0.074628457,0.2035252
15.255859,-0.068655118,0.25948048,-0.082447842,0.20996666
15.257813,-0.079433456,0.26608342,-0.084809676,0.2511003
15.259766,-0.074486263,0.30326402,-0.075544879,0.29249483
15.261719,-0.073022231,0.31413221,-0.073641255,0.29359242
15.263672,-0.075101078,0.31000006,-0.084478125,0.23555997
15.265625,-0.069001287,0.29868948,-0.0896153,0.1861607
15.267578,-0.080097988,0.2930401,-0.097214893,0.21893984
15.269531,-0.067531869,0.31260496,-0.097317338,0.28727975
15.271484,-0.062595449,0.34350356,-0.074637771,0.28396088
15.273438,-0.075648807,0.35915691,-0.08306624,0.23906694
15.275391,-0.072265446,0.32605386,-0.095685661,0.23265307
15.277344,-0.072610721,0.30439618,-0.081762388,0.25432038
15.279297,-0.059959348,0.36624217,-0.076280624,0.28190047
15.28125,-0.065746851,0.413353,-0.07161656,0.28845495
15.283203,-0.066683784,0.38257501,-0.094594151,0.27436101
15.285156,-0.059061643,0.32503197,-0.098800004,0.25596994
15.287109,-0.079367034,0.32639995,-0.083181724,0.26965216
15.289063,-0.073849156,0.38060606,-0.072871983,0.31939787
15.291016,-0.063801877,0.41283274,-0.076468751,0.34252048
15.292969,-0.065468691,0.40440276,-0.087981761,0.31724849
15.294922,-0.063708179,0.35592952,-0.073570475,0.26431555
15.296875,-0.073055968,0.33073187,-0.077712998,0.27141523
15.298828,-0.076687738,0.37407422,-0.077381447,0.34433314
15.300781,-0.068952136,0.41415161,-0.089890972,0.3702794
15.302734,-0.068468042,0.40313545,-0.082788706,0.31799141
15.304688,-0.065019935,0.37400112,-0.076386794,0.27920011
15.306641,-0.070149116,0.37936333,-0.097211167,0.3234314
15.308594,-0.074208304,0.4019472,-0.073760465,0.37622574
15.310547,-0.071451172,0.38273925,-0.067038178,0.37554815
15.3125,-0.074620098,0.38931254,-0.063571796,0.34256712
15.314453,-0.061716869,0.42842472,-0.079393104,0.3052288
15.316406,-0.060968604,0.4326117,-0.087724715,0.30466187
15.318359,-0.063930601,0.41139489,-0.065050736,0.35462797
15.320313,-0.061163023,0.3805787,-0.073738113,0.39643329
15.322266,-0.061687257,0.3847509,-0.080723032,0.36662456
15.324219,-0.053604815,0.4056249,-0.081047133,0.30280766
15.326172,-0.065354519,0.40480021,-0.076628938,0.30600682
15.328125,-0.070235394,0.39845347,-0.087644622,0.37902191
15.330078,-0.066088155,0.36844566,-0.085204557,0.40469468
15.332031,-0.071151465,0.35776666,-0.072451025,0.3483907
15.333984,-0.064423077,0.38898844,-0.088283509,0.30928391
15.335938,-0.065953769,0.39439872,-0.080298349,0.3385745
15.337891,-0.056467984,0.36501411,-0.062698215,0.38043025
15.339844,-0.060434479,0.33610502,-0.073495969,0.3826057
15.341797,-0.071527466,0.3478086,-0.066188812,0.34544879
15.34375,-0.060078371,0.36781949,-0.048821509,0.31410548
15.345703,-0.065195844,0.36100149,-0.07960172,0.33756483
15.347656,-0.064834639,0.34904006,-0.091729403,0.36487815
15.349609,-0.064278573,0.33523691,-0.073143929,0.35663965
15.351563,-0.06479197,0.33630851,-0.086063236,0.35361114
15.353516,-0.061134893,0.34155479,-0.078433841,0.35893914
15.355469,-0.062238831,0.33058646,-0.069701761,0.34294656
15.357422,-0.068047896,0.31727323,-0.072084084,0.3371712
15.359375,-0.072697505,0.31010365,-0.069105715,0.35197502
15.361328,-0.068159506,0.31637216,-0.060312167,0.3347826
15.363281,-0.06660752,0.334268,-0.060967818,0.31773931
15.365234,-0.068076238,0.33511701,-0.078357473,0.33571675
15.367188,-0.072521187,0.31197643,-0.075783297,0.35244957
15.369141,-0.062722795,0.29322171,-0.09439671,0.33664221
15.371094,-0.062742405,0.3103655,-0.084595472,0.31735915
15.373047,-0.066674493,0.33408335,-0.071977913,0.34037468
15.375,-0.060134515,0.31737706,-0.080384031,0.36130998
15.376953,-0.07243342,0.29905155,-0.074738353,0.33454648
15.378906,-0.066464029,0.29932687,-0.077690646,0.2986871
15.380859,-0.068298377,0.31497622,-0.08534798,0.30077937
15.382813,-0.076627016,0.34525329,-0.088821813,0.34338272
15.384766,-0.06304156,0.32634023,-0.078407764,0.3666853
15.386719,-0.069545351,0.29256499,-0.087029949,0.34850395
15.388672,-0.07558272,0.30401108,-0.076722071,0.32845473
15.390625,-0.06743475,0.32512519,-0.061085165,0.33314231
15.392578,-0.057952773,0.33970889,-0.08162269,0.35894853
15.394531,-0.062238324,0.32392555,-0.090470254,0.35348237
15.396484,-0.067360267,0.29869044,-0.077176556,0.33035758
15.398438,-0.060207646,0.30226427,-0.072864532,0.34558964
15.400391,-0.063610196,0.33062768,-0.08306624,0.38277864
15.402344,-0.071028799,0.34566656,-0.080380306,0.38257092
15.404297,-0.06103145,0.31389356,-0.068127826,0.35483208
15.40625,-0.056275859,0.30061746,-0.074010059,0.35672176
15.408203,-0.066589028,0.32929847,-0.076081321,0.3723101
15.410156,-0.067804217,0.31688252,-0.073190495,0.37327939
15.412109,-0.065926895,0.28397727,-0.081546322,0.37019932
15.414063,-0.067850389,0.28906962,-0.076729521,0.378223
15.416016,-0.06766443,0.31129903,-0.077761427,0.37600347
15.417969,-0.065182507,0.31997964,-0.077953279,0.37344044
15.419922,-0.0718446,0.29817227,-0.081628278,0.38533235
15.421875,-0.073923782,0.27817619,-0.092863753,0.39214981
15.423828,-0.067223623,0.27831554,-0.08874917,0.38446167
15.425781,-0.07165467,0.30783579,-0.10016719,0.38712689
15.427734,-0.071437575,0.33355391,-0.085683256,0.42013416
15.429688,-0.062912866,0.30817571,-0.071657538,0.4316971
15.431641,-0.064501554,0.28134942,-0.085202694,0.43282691
15.433594,-0.068224162,0.30511922,-0.080086008,0.34906784
15.435547,-0.074871719,0.34166282,-0.087225527,0.27208638
15.4375,-0.065732703,0.32480285,-0.083600819,0.36181325
15.439453,-0.062075023,0.30498186,-0.084502339,0.38096184
15.441406,-0.069041543,0.33208823,-0.07527107,0.34310666
15.443359,-0.067184053,0.33838922,-0.068518981,0.36889705
15.445313,-0.080368496,0.31703097,-0.080683917,0.36624733
15.447266,-0.071138069,0.31569731,-0.069932729,0.33717164
15.449219,-0.069688343,0.34286875,-0.068219095,0.3085964
15.451172,-0.071087413,0.37888232,-0.044224501,0.32332963
15.453125,-0.05748057,0.367502,-0.039772779,0.35937962
15.455078,-0.062640928,0.3333014,-0.051030606,0.35103238
15.457031,-0.061762433,0.32562974,-0.069165319,0.30675736
15.458984,-0.067212209,0.33965954,-0.077249199,0.26988453
15.460938,-0.065241665,0.37741444,-0.046768874,0.29555404
15.462891,-0.061299987,0.38613695,-0.062191576,0.35976863
15.464844,-0.060701687,0.35353088,-0.083578467,0.35009372
15.466797,-0.056749478,0.33554718,-0.071927622,0.25004056
15.46875,-0.06204493,0.35290283,-0.048095077,0.19956635
15.470703,-0.057499889,0.35521275,-0.061474457,0.27526847
15.472656,-0.066329271,0.32216722,-0.076954901,0.32588953
15.474609,-0.075531401,0.31053394,-0.07174322,0.25034761
15.476563,-0.062289581,0.32875073,-0.073760465,0.17610733
15.478516,-0.069001704,0.34990513,-0.064598113,0.20332055
15.480469,-0.070447959,0.33455509,-0.082993597,0.27033275
15.482422,-0.061474036,0.30079022,-0.079350263,0.27788794
15.484375,-0.072227955,0.30195889,-0.064568311,0.22335431
15.486328,-0.068615511,0.32557586,-0.081058308,0.18826167
15.488281,-0.071266256,0.33109811,-0.079402417,0.19956815
15.490234,-0.072204061,0.32815108,-0.081019193,0.22531979
15.492188,-0.063479751,0.32777575,-0.079881117,0.2502287
15.494141,-0.06362512,0.32491624,-0.060692146,0.23916721
15.496094,-0.062183324,0.33252269,-0.068794653,0.18542393
15.498047,-0.071725577,0.33291292,-0.081941202,0.16632722
15.5,-0.054705732,0.32743022,-0.078754216,0.21843553
15.501953,-0.060504131,0.32875189,-0.076928824,0.2698471
15.503906,-0.073473126,0.34411535,-0.066270769,0.24192116
15.505859,-0.055812888,0.336402,-0.070608869,0.18138286
15.507813,-0.067779407,0.3195,-0.077025682,0.19406413
15.509766,-0.061968893,0.32871091,-0.071288735,0.2517952
15.511719,-0.061820291,0.32028243,-0.071378142,0.24801745
15.513672,-0.066409349,0.32176393,-0.06827125,0.19290848
15.515625,-0.060689602,0.32136849,-0.066818386,0.18545993
15.517578,-0.062566169,0.30766222,-0.076647565,0.22634178
15.519531,-0.066890948,0.30834267,-0.07578516,0.24241436
15.521484,-0.071549892,0.31013346,-0.062575281,0.21079537
15.523438,-0.070007674,0.30953136,-0.059803665,0.20139864
15.525391,-0.0793764,0.30294076,-0.060474217,0.23226881
15.527344,-0.068155393,0.31609616,-0.062174812,0.21952434
15.529297,-0.065721266,0.32881406,-0.07222937,0.18209946
15.53125,-0.067689575,0.32302064,-0.08364366,0.17587057
15.533203,-0.061850451,0.31052822,-0.078174934,0.19450587
15.535156,-0.068403661,0.3033765,-0.072698757,0.20603098
15.537109,-0.069525495,0.32772499,-0.069701761,0.20235433
15.539063,-0.075144917,0.34983516,-0.06603235,0.19260481
15.541016,-0.076540291,0.34772235,-0.074390039,0.16693833
15.542969,-0.069334514,0.34684587,-0.070890129,0.15202545
15.544922,-0.06642402,0.35565501,-0.0711658,0.16410564
15.546875,-0.068992518,0.3714003,-0.068016067,0.18975268
15.548828,-0.062179875,0.36884102,-0.06067352,0.19388662
15.550781,-0.065697826,0.35164717,-0.07972838,0.15581468
15.552734,-0.065741897,0.36055189,-0.070241928,0.11629881
15.554688,-0.061677579,0.38147789,-0.064897999,0.1212322
15.556641,-0.068229832,0.40016186,-0.076478064,0.17264287
15.558594,-0.061541658,0.3946701,-0.070985124,0.17638993
15.560547,-0.065941259,0.37543455,-0.067064255,0.11519071
15.5625,-0.066053957,0.38318932,-0.070519462,0.10229021
15.564453,-0.060918164,0.39626056,-0.081026644,0.13486636
15.566406,-0.061689213,0.39327788,-0.079486236,0.14288475
15.568359,-0.061976802,0.37170193,-0.073967218,0.12517083
15.570313,-0.06540513,0.36286542,-0.068733186,0.11895131
15.572266,-0.05814825,0.37760395,-0.070452407,0.1258027
15.574219,-0.060840301,0.38099465,-0.081360057,0.11181185
15.576172,-0.068741314,0.36309639,-0.07600309,0.096647732
15.578125,-0.068306185,0.34584188,-0.072622389,0.11286835
15.580078,-0.066472642,0.35828263,-0.094096825,0.1336419
15.582031,-0.059351664,0.38471985,-0.083885804,0.12905011
15.583984,-0.061834332,0.38030046,-0.071404219,0.11378954
15.585938,-0.066646695,0.3470498,-0.080067381,0.12488252
15.587891,-0.062916584,0.32787946,-0.07450366,0.14447682
15.589844,-0.062859997,0.34794062,-0.076083183,0.12511247
15.591797,-0.062417705,0.3751505,-0.088745445,0.11296704
15.59375,-0.062104292,0.37093508,-0.081570536,0.13957411
15.595703,-0.067716077,0.33933753,-0.073184907,0.15803149
15.597656,-0.06663096,0.32127452,-0.077493206,0.15584725
15.599609,-0.063601367,0.34499112,-0.078450605,0.14735493
15.601563,-0.066303916,0.38322273,-0.083647385,0.14161204
15.603516,-0.066901438,0.37043068,-0.076060832,0.15301274
15.605469,-0.074832059,0.31630465,-0.082537249,0.17316261
15.607422,-0.071656354,0.31840849,-0.08441107,0.17300433
15.609375,-0.061427578,0.37527052,-0.078012884,0.16601959
15.611328,-0.064339407,0.40265477,-0.074818447,0.1644208
15.613281,-0.063297682,0.35267523,-0.067213267,0.17299616
15.615234,-0.067686535,0.30480629,-0.070595831,0.1830408
15.617188,-0.068893448,0.33424541,-0.082004532,0.17982893
15.619141,-0.071194112,0.38613579,-0.082952619,0.17674823
15.621094,-0.067568526,0.40001822,-0.079838276,0.17506948
15.623047,-0.064031318,0.36320302,-0.091012284,0.19722661
15.625,-0.071483001,0.33680829,-0.08541131,0.22569627
15.626953,-0.058776103,0.36092514,-0.083394065,0.22194342
15.628906,-0.064639829,0.39804566,-0.083867177,0.19864056
15.630859,-0.069211103,0.39839339,-0.070485935,0.19631942
15.632813,-0.063931361,0.35264847,-0.062275395,0.22127406
15.634766,-0.064435132,0.34318787,-0.070957184,0.23680124
15.636719,-0.063954562,0.39992565,-0.075256169,0.21765055
15.638672,-0.067186952,0.41626081,-0.078215912,0.18930088
15.640625,-0.060711771,0.37055022,-0.069908515,0.21302024
15.642578,-0.066083476,0.34570509,-0.057257429,0.26473042
15.644531,-0.066312186,0.37143695,-0.074414253,0.2659578
15.646484,-0.064254917,0.40517855,-0.086925641,0.21061039
15.648438,-0.067024879,0.39414471,-0.079815924,0.17734291
15.650391,-0.073368751,0.36631551,-0.061895415,0.22500086
15.652344,-0.068543546,0.35642695,-0.075075492,0.28405493
15.654297,-0.059174914,0.38198453,-0.082432941,0.25778124
15.65625,-0.067464896,0.41744465,-0.074451506,0.1856624
15.658203,-0.066660784,0.39729199,-0.073877811,0.18158671
15.660156,-0.069761813,0.3525494,-0.060084924,0.24641126
15.662109,-0.062334016,0.36108193,-0.068898961,0.27756521
15.664063,-0.058468621,0.41479737,-0.066743881,0.23783378
15.666016,-0.065644152,0.42577347,-0.063480526,0.18449196
15.667969,-0.065139391,0.38194612,-0.077923477,0.19290216
15.669922,-0.062511884,0.34706181,-0.083367988,0.23661765
15.671875,-0.061531965,0.3774837,-0.080331877,0.25653964
15.673828,-0.074836619,0.4241035,-0.07270062,0.24517617
15.675781,-0.07159739,0.40444186,-0.073844284,0.20755678
15.677734,-0.066466391,0.36700875,-0.057656035,0.18731076
15.679688,-0.066031702,0.38235334,-0.063413471,0.21812057
15.681641,-0.060835306,0.42447519,-0.087104455,0.25538418
15.683594,-0.068141572,0.42988852,-0.072866395,0.22074822
15.685547,-0.070554204,0.4026379,-0.067686379,0.17681828
15.6875,-0.067087673,0.38153517,-0.071339026,0.21624197
15.689453,-0.062353604,0.39638999,-0.060938016,0.26878422
15.691406,-0.06053007,0.43905437,-0.065967157,0.24543917
15.693359,-0.067320593,0.42779174,-0.080808714,0.17837618
15.695313,-0.061786808,0.38177627,-0.073302254,0.16228266
15.697266,-0.059599869,0.38791242,-0.059297025,0.21920259
15.699219,-0.073285826,0.40600753,-0.063718945,0.27264863
15.701172,-0.063825458,0.39717838,-0.080337465,0.23568095
15.703125,-0.057811629,0.39151138,-0.077478305,0.15344654
15.705078,-0.064216495,0.4014408,-0.079896018,0.15567109
15.707031,-0.064327382,0.38532776,-0.084660664,0.24221438
15.708984,-0.067731775,0.37530929,-0.072832868,0.27246657
15.710938,-0.064102672,0.38186336,-0.080356091,0.21229582
15.712891,-0.066614732,0.38478583,-0.080365404,0.16681732
15.714844,-0.071217626,0.39175841,-0.088505164,0.17834803
15.716797,-0.067981169,0.38055125,-0.081481129,0.22935002
15.71875,-0.063276961,0.38060805,-0.07160911,0.26818287
15.720703,-0.056000773,0.38597688,-0.067751572,0.24987541
15.722656,-0.058474243,0.39246961,-0.065473557,0.19899222
15.724609,-0.064986594,0.38443148,-0.077442914,0.1798052
15.726563,-0.060022771,0.3603456,-0.069260314,0.22921526
15.728516,-0.061068211,0.363754,-0.080154926,0.2799691
15.730469,-0.06393484,0.39303014,-0.084265783,0.26158306
15.732422,-0.067100346,0.39903122,-0.081358194,0.20756836
15.734375,-0.069587171,0.37097433,-0.07623592,0.20810114
15.736328,-0.056906138,0.35335138,-0.062577143,0.2732605
15.738281,-0.051831685,0.36295679,-0.068703383,0.29776323
15.740234,-0.058090866,0.39163131,-0.069133654,0.2419938
15.742188,-0.057945587,0.37857729,-0.078277379,0.18459642
15.744141,-0.065710425,0.32798868,-0.078720689,0.21319871
15.746094,-0.071240522,0.32079387,-0.062981337,0.29417953
15.748047,-0.058205079,0.36276171,-0.076638252,0.3083874
15.75,-0.063511521,0.40223464,-0.081719548,0.24376248
15.751953,-0.067710534,0.37292382,-0.083718166,0.20138136
15.753906,-0.057734989,0.29451728,-0.063514054,0.23315951
15.755859,-0.065260269,0.29148793,-0.060746163,0.29405072
15.757813,-0.074826166,0.36739653,-0.072752774,0.29970011
15.759766,-0.06768731,0.38829833,-0.053973585,0.23097265
15.761719,-0.065569751,0.33820039,-0.07668668,0.19203085
15.763672,-0.064257197,0.3170774,-0.068163216,0.22956486
15.765625,-0.062422078,0.34612584,-0.040974185,0.28095841
15.767578,-0.072101139,0.37660813,-0.063417196,0.29436171
15.769531,-0.065068319,0.36380419,-0.080216393,0.2327261
15.771484,-0.064465381,0.32931605,-0.07786946,0.15212722
15.773438,-0.062319092,0.3400763,-0.082384512,0.18769638
15.775391,-0.053183105,0.38568351,-0.064354107,0.30073678
15.777344,-0.067200325,0.39588559,-0.069390699,0.31939381
15.779297,-0.063995734,0.34383756,-0.086370572,0.20685744
15.78125,-0.055662155,0.31799406,-0.067032591,0.12044154
15.783203,-0.051172484,0.37962446,-0.079711616,0.19067588
15.785156,-0.055515561,0.41469574,-0.073579788,0.30053148
15.787109,-0.068155542,0.35382298,-0.072197706,0.28376865
15.789063,-0.063319236,0.28750873,-0.088315174,0.18624404
15.791016,-0.064684391,0.31647706,-0.072931588,0.14975311
15.792969,-0.060076173,0.39468977,-0.081771702,0.22241068
15.794922,-0.062809058,0.39268973,-0.074041724,0.29758674
15.796875,-0.064111985,0.31452221,-0.070515737,0.27191228
15.798828,-0.056075249,0.26829007,-0.079912782,0.20012361
15.800781,-0.058857024,0.30982926,-0.07174322,0.17444195
15.802734,-0.061067533,0.3681353,-0.078454331,0.22928011
15.804688,-0.06319961,0.34816134,-0.081706509,0.29935572
15.806641,-0.067807354,0.27697444,-0.073004231,0.29428905
15.808594,-0.06984961,0.26165497,-0.070310846,0.22473273
15.810547,-0.0656543,0.32281658,-0.064769477,0.19239467
15.8125,-0.060755182,0.36820656,-0.055348217,0.24419975
15.814453,-0.052660864,0.32276431,-0.064994857,0.30511019
15.816406,-0.06061184,0.24275449,-0.069739014,0.28226379
15.818359,-0.066030018,0.25099123,-0.072924137,0.2004443
15.820313,-0.06713108,0.32170409,-0.070828661,0.19589956
15.822266,-0.072080441,0.34478474,-0.072641015,0.28062057
15.824219,-0.062247317,0.30049813,-0.083448082,0.32136586
15.826172,-0.065882124,0.27219978,-0.092815325,0.25366998
15.828125,-0.064967349,0.30072281,-0.089497954,0.18308753
15.830078,-0.060793869,0.3149384,-0.074403077,0.22428817
15.832031,-0.063389868,0.30583844,-0.067425609,0.30933654
15.833984,-0.061725937,0.28699803,-0.069774404,0.30783927
15.835938,-0.067312084,0.28684783,-0.068811417,0.23430306
15.837891,-0.069574021,0.31460032,-0.068472415,0.20104024
15.839844,-0.068211533,0.32455373,-0.074799821,0.24203917
15.841797,-0.060705885,0.31726483,-0.060429513,0.29702753
15.84375,-0.065251656,0.3062219,-0.064942703,0.30782858
15.845703,-0.072107852,0.31078562,-0.078022197,0.26324365
15.847656,-0.071336389,0.31439498,-0.06917277,0.21525708
15.849609,-0.066704251,0.31209239,-0.068178117,0.23840524
15.851563,-0.065094531,0.33305272,-0.072318777,0.30525479
15.853516,-0.067468509,0.35644606,-0.074986085,0.30713794
15.855469,-0.063590378,0.34134001,-0.073132753,0.23561084
15.857422,-0.061767444,0.32258281,-0.083146334,0.20389247
15.859375,-0.056591764,0.33443412,-0.091504022,0.25598451
15.861328,-0.065136664,0.36009088,-0.080782637,0.31467533
15.863281,-0.071554244,0.3715032,-0.078417078,0.30566204
15.865234,-0.063796051,0.3419953,-0.073477343,0.24696957
15.867188,-0.057118177,0.3363212,-0.069698036,0.23237985
15.869141,-0.067498505,0.37625632,-0.070843562,0.2846027
15.871094,-0.062695786,0.37518984,-0.073263139,0.32795388
15.873047,-0.058720112,0.33912474,-0.063229069,0.29824674
15.875,-0.067874476,0.33379161,-0.060513332,0.24551007
15.876953,-0.059060447,0.35331517,-0.074442193,0.25689557
15.878906,-0.060604896,0.37051764,-0.073056385,0.29271039
15.880859,-0.060289457,0.36669257,-0.075077355,0.31173638
15.882813,-0.066463307,0.33204982,-0.067703143,0.30281091
15.884766,-0.070353687,0.32294452,-0.081894636,0.27852443
15.886719,-0.071204387,0.3598392,-0.088000387,0.27467883
15.888672,-0.06899666,0.38592577,-0.070808172,0.28615308
15.890625,-0.059750862,0.36232361,-0.081069484,0.31975314
15.892578,-0.067944795,0.33123386,-0.067900583,0.32137734
15.894531,-0.068196133,0.34867334,-0.05492726,0.28869611
15.896484,-0.065611564,0.36409745,-0.061720327,0.28717396
15.898438,-0.067343377,0.37181985,-0.062264219,0.3030501
15.900391,-0.059096213,0.38109979,-0.07764408,0.30171478
15.902344,-0.060505617,0.38144973,-0.074408665,0.28615347
15.904297,-0.063546136,0.38712475,-0.061973646,0.30061749
15.90625,-0.064795062,0.37034404,-0.070746705,0.32788646
15.908203,-0.069379508,0.3734237,-0.070731804,0.32308382
15.910156,-0.060592938,0.40455317,-0.065324545,0.28431594
15.912109,-0.061525214,0.41305906,-0.056992933,0.26665857
15.914063,-0.064291328,0.40344092,-0.063245833,0.29685569
15.916016,-0.069543153,0.38153645,-0.064922214,0.30741259
15.917969,-0.067956559,0.37907195,-0.041560918,0.2790359
15.919922,-0.060912084,0.41401085,-0.066656336,0.25886822
15.921875,-0.063035488,0.43910256,-0.077400073,0.26142827
15.923828,-0.054322295,0.42234537,-0.05550468,0.25446138
15.925781,-0.061514132,0.40770862,-0.078199148,0.27408683
15.927734,-0.060621273,0.39500758,-0.071335301,0.2948508
15.929688,-0.061107609,0.3941128,-0.070696414,0.2605904
15.931641,-0.064905725,0.4210512,-0.083271131,0.22699049
15.933594,-0.056073222,0.42181081,-0.083597094,0.23709895
15.935547,-0.061654385,0.40951058,-0.084131673,0.26849887
15.9375,-0.06512522,0.39409,-0.064944565,0.27288389
15.939453,-0.06340564,0.38193902,-0.065931767,0.25965172
15.941406,-0.065965563,0.38567746,-0.075068042,0.23832561
15.943359,-0.066752456,0.39663681,-0.066937596,0.23564762
15.945313,-0.069580309,0.39937583,-0.068233997,0.26127127
15.947266,-0.064283811,0.38705221,-0.075278521,0.27397221
15.949219,-0.058357678,0.38830566,-0.062288433,0.2622374
15.951172,-0.064946383,0.3974714,-0.07184194,0.25093621
15.953125,-0.058956373,0.39158008,-0.086798981,0.26212445
15.955078,-0.063362442,0.38556454,-0.068003029,0.2620931
15.957031,-0.063535236,0.39493841,-0.056503057,0.26002219
15.958984,-0.053531006,0.39847431,-0.085711196,0.27900365
15.960938,-0.059167136,0.39940143,-0.085919812,0.26216123
15.962891,-0.065967269,0.39574948,-0.068997681,0.23356704
15.964844,-0.058141895,0.37484363,-0.071914583,0.2682699
15.966797,-0.053669021,0.37350589,-0.072706208,0.31055474
15.96875,-0.061193712,0.39651865,-0.083008498,0.28585708
15.970703,-0.060158059,0.39341828,-0.072460338,0.24306028
15.972656,-0.065066874,0.36023584,-0.068699658,0.25663593
15.974609,-0.059952293,0.34849501,-0.079421043,0.30117205
15.976563,-0.060261764,0.37135908,-0.076599136,0.30863252
15.978516,-0.06181084,0.39011115,-0.054528654,0.27761838
15.980469,-0.058898002,0.37103125,-0.064143628,0.26415512
15.982422,-0.067494437,0.34099472,-0.078951657,0.27803496
15.984375,-0.065519691,0.33417824,-0.058643237,0.28400981
15.986328,-0.066472702,0.36231828,-0.079966798,0.29112676
15.988281,-0.056643773,0.3941808,-0.094646305,0.30289477
15.990234,-0.059463911,0.36991844,-0.073166281,0.28562096
15.992188,-0.072155505,0.32273659,-0.068058908,0.2811586
15.994141,-0.066544913,0.3190071,-0.070769057,0.30650198
15.996094,-0.072330408,0.37400019,-0.064106375,0.30428955
15.998047,-0.064476609,0.40644446,-0.066728979,0.27637517
