Time,Actuator1_Disp,Actuator1_Force,Actuator2_Disp,Actuator2_Force
0.0,-0.0018624023,0.049082588,-0.0045333952,0.48978764
0.001953125,0.0034538922,0.075051002,0.00073044002,0.49143144
0.00390625,0.00032165143,0.034061868,0.013662785,0.46914411
0.005859375,-0.00042313978,-0.0073114391,0.004567489,0.46880874
0.0078125,-0.0058930875,0.0063386066,0.0006224066,0.48030996
0.009765625,-0.0072861491,0.059419803,0.0040906519,0.47784388
0.01171875,0.006450939,0.072285093,-0.001689136,0.46863556
0.013671875,-0.0096405884,0.038929194,-0.0089683533,0.4647564
0.015625,0.001018635,0.019296329,0.00081798434,0.47096759
0.017578125,0.003376985,0.036233827,0.0079537779,0.48394066
0.01953125,-0.0035408193,0.08315549,-0.0029426962,0.48287442
0.021484375,0.0059733307,0.079896212,-0.0040323436,0.46830684
0.0234375,-0.0010460592,0.051573876,-0.002151072,0.45827651
0.025390625,-0.00094136928,0.056653075,0.014087468,0.46848014
0.02734375,0.00025007929,0.095012039,0.015329853,0.49599981
0.029296875,-0.00078877038,0.1286151,0.0022764355,0.49087837
0.03125,0.0018760306,0.12618957,0.002520442,0.47188702
0.033203125,-0.0025517063,0.13242455,0.012737051,0.47115037
0.03515625,0.0064584017,0.15886992,0.0037684143,0.50273538
0.037109375,0.011873451,0.25575227,-0.0025999695,0.53514177
0.0390625,-0.0035757343,0.23190586,0.0089279413,0.52472264
0.041015625,0.0054884763,0.039632689,0.00065593421,0.52095693
0.04296875,0.019669078,0.02637054,0.0041800588,0.53239137
0.044921875,0.0078592226,0.095787369,-0.0067592561,0.56852049
0.046875,0.010227267,0.031560101,-0.017646417,0.62590396
0.048828125,0.026183397,-0.039278157,-0.0029892623,0.76972002
0.05078125,0.024606155,0.038868424,0.016143829,0.92948318
0.052734375,0.032636791,0.12215579,0.014988989,1.001579
0.0546875,0.035254899,0.045545075,0.010706767,0.97289449
0.056640625,0.034758426,-0.010137654,0.015821591,0.79965633
0.05859375,0.057040796,0.054182857,0.017628357,0.75207818
0.060546875,0.071996048,0.10724519,0.037661105,0.87192798
0.0625,0.070112787,0.074436329,0.031089693,0.92591637
0.064453125,0.074188441,0.027824685,0.044605047,0.84514469
0.06640625,0.080043651,0.039987873,0.058712721,0.78578681
0.068359375,0.08189144,0.12242889,0.042660445,0.90864664
0.0703125,0.096683726,0.16941354,0.063268751,0.96579295
0.072265625,0.10623153,0.14148876,0.075960815,0.9010511
0.07421875,0.11470497,0.13749374,0.085607454,0.90777689
0.076171875,0.13341011,0.15176009,0.090416804,0.95532429
0.078125,0.13672379,0.2221186,0.11085933,0.94793254
0.080078125,0.14693253,0.24197195,0.13373075,0.9208464
0.08203125,0.1670617,0.1479114,0.1179765,0.99131984
0.083984375,0.17710814,0.18731833,0.1427087,1.0684344
0.0859375,0.19603269,0.31340358,0.16519083,1.0627079
0.087890625,0.21327277,0.3176192,0.1844897,1.049402
0.08984375,0.23825987,0.24995163,0.20714319,1.0795643
0.091796875,0.26042485,0.25912541,0.21437211,1.1195014
0.09375,0.27808768,0.34116152,0.24274765,1.0904587
0.095703125,0.29412022,0.35764256,0.25322318,1.0835707
0.09765625,0.31635544,0.32927996,0.28903812,1.1732522
0.099609375,0.35709253,0.36155179,0.31789979,1.2372943
0.1015625,0.36802581,0.42888245,0.33535093,1.2231837
0.10351563,0.38522163,0.38936353,0.36634904,1.1864223
0.10546875,0.4172954,0.27834067,0.37165201,1.2359931
0.10742188,0.45019171,0.37341124,0.39899749,1.3327561
0.109375,0.48207501,0.54206586,0.44094801,1.3446604
0.11132813,0.50932127,0.46601406,0.48114574,1.3689609
0.11328125,0.54375833,0.26739576,0.49371859,1.450434
0.11523438,0.56841242,0.28873158,0.52894306,1.4521231
0.1171875,0.61324984,0.48694563,0.57209313,1.4068563
0.11914063,0.65476561,0.47406846,0.59746051,1.501847
0.12109375,0.67641145,0.36324808,0.65038383,1.5995184
0.12304688,0.72217429,0.39572936,0.67961991,1.5811308
0.125,0.763403,0.49379098,0.71628606,1.5737221
0.12695313,0.78932285,0.57659847,0.74768466,1.6085572
0.12890625,0.83583945,0.5322544,0.78886032,1.7086639
0.13085938,0.87537348,0.475548,0.83106786,1.7939662
0.1328125,0.9197042,0.59757829,0.87410986,1.809447
0.13476563,0.97656631,0.68587542,0.92441243,1.8153902
0.13671875,1.0173028,0.63191634,0.9547773,1.8801003
0.13867188,1.0635901,0.61505747,1.0226148,1.9714289
0.140625,1.1253006,0.68296528,1.0710939,1.9985184
0.14257813,1.1695408,0.82908201,1.1159911,2.0235683
0.14453125,1.2120494,0.96489829,1.1712967,2.0654747
0.14648438,1.2736389,0.95313454,1.2242256,2.0831399
0.1484375,1.3216148,0.92498392,1.2776482,2.1299378
0.15039063,1.3825691,1.0324233,1.3217817,2.2114882
0.15234375,1.4422355,1.1755073,1.3959355,2.3017358
0.15429688,1.5027234,1.2369141,1.4467241,2.39069
0.15625,1.5701459,1.2068033,1.5006887,2.420818
0.15820313,1.6182664,1.2261607,1.5796947,2.4128568
0.16015625,1.6780939,1.358483,1.630977,2.5108804
0.16210938,1.745897,1.4808709,1.6960262,2.6339321
0.1640625,1.805991,1.535638,1.7582944,2.6068532
0.16601563,1.8658201,1.5601908,1.8110557,2.6067073
0.16796875,1.9406865,1.6289244,1.8810632,2.737946
0.16992188,2.0063571,1.7671735,1.9635132,2.8687713
0.171875,2.0628683,1.845481,2.0472521,2.8960487
0.17382813,2.140367,1.8284748,2.0978622,2.8974256
0.17578125,2.2159071,1.9156357,2.1614677,2.9687702
0.17773438,2.2992477,2.0986609,2.2390041,3.0453264
0.1796875,2.383594,2.125915,2.3129344,3.1606755
0.18164063,2.4538719,2.0468621,2.3938717,3.2741541
0.18359375,2.5308277,2.1345362,2.4682564,3.2805051
0.18554688,2.6117639,2.331469,2.5387055,3.2656886
0.1875,2.7028994,2.4368913,2.609514,3.3493664
0.18945313,2.786057,2.4561243,2.70124,3.4824223
0.19140625,2.8602032,2.5033986,2.7924685,3.5648353
0.19335938,2.9552512,2.5992248,2.8925354,3.6145072
0.1953125,3.0399413,2.6863446,2.9711949,3.6473493
0.19726563,3.1170303,2.8057639,3.0473063,3.701097
0.19921875,3.2079556,2.870265,3.1365139,3.7524306
0.20117188,3.2947435,2.9150471,3.2238032,3.8521635
0.203125,3.3868334,3.0645883,3.340578,4.028356
0.20507813,3.4833333,3.1558175,3.4278466,4.077918
0.20703125,3.5798893,3.1802911,3.5087263,4.0377483
0.20898438,3.6735067,3.2389016,3.6018772,4.0663695
0.2109375,3.7725904,3.3511729,3.7023596,4.2321205
0.21289063,3.867871,3.4627971,3.7907681,4.4184145
0.21484375,3.9669601,3.5189404,3.8812797,4.4321603
0.21679688,4.0690012,3.5859725,3.9870314,4.4089226
0.21875,4.1673426,3.7093746,4.0841217,4.5682177
0.22070313,4.2763156,3.7965188,4.1966066,4.7570743
0.22265625,4.3756752,3.8434865,4.293498,4.79817
0.22460938,4.487657,3.9671111,4.4066872,4.7806062
0.2265625,4.6036572,4.0589041,4.5271463,4.7989082
0.22851563,4.7032733,4.0843229,4.6149497,4.9206128
0.23046875,4.814908,4.1651244,4.7312026,5.0437111
0.23242188,4.9325499,4.2939624,4.8519563,5.0644588
0.234375,5.0355477,4.4093952,4.9503932,5.1395363
0.23632813,5.1370115,4.4606776,5.0684795,5.2876153
0.23828125,5.2476186,4.5144,5.1926655,5.3359885
0.24023438,5.3763003,4.6760778,5.3116607,5.3904905
0.2421875,5.4907379,4.8320951,5.4206142,5.5057344
0.24414063,5.6057453,4.8355455,5.5278859,5.5521993
0.24609375,5.7269296,4.7966418,5.6578092,5.5891966
0.24804688,5.8380556,4.9245567,5.7824668,5.716638
0.25,5.9706015,5.1172766,5.9002847,5.8808336
0.25195313,6.0780615,5.198625,6.0184173,5.8972792
0.25390625,6.1948399,5.2270832,6.1295948,5.8799953
0.25585938,6.3159966,5.2674913,6.2641205,6.0267124
0.2578125,6.4331955,5.4156079,6.3933787,6.2083096
0.25976563,6.5750107,5.5934152,6.5105934,6.2817463
0.26171875,6.6879286,5.6390385,6.6452403,6.2271533
0.26367188,6.8136129,5.613851,6.7755675,6.2725157
0.265625,6.9518151,5.6771626,6.8987593,6.4891858
0.26757813,7.0822916,5.8647966,7.0177693,6.6001682
0.26953125,7.2068285,5.9850683,7.1419534,6.5431156
0.27148438,7.3259425,5.9673748,7.2779116,6.5955786
0.2734375,7.4600658,6.0066566,7.4028019,6.8459091
0.27539063,7.5952959,6.1995344,7.5408392,6.9520769
0.27734375,7.733406,6.3639631,7.680098,6.8519821
0.27929688,7.8643326,6.3624858,7.7996535,6.8845591
0.28125,7.9934968,6.328535,7.9413266,7.1103663
0.28320313,8.1262292,6.4362373,8.0752172,7.2195444
0.28515625,8.2637357,6.6422281,8.2035865,7.1808276
0.28710938,8.4010963,6.7413225,8.3494882,7.2508106
0.2890625,8.5242328,6.7110557,8.4813261,7.426722
0.29101563,8.6672239,6.7523179,8.6160621,7.5106968
0.29296875,8.8151235,6.9256649,8.757802,7.4621496
0.29492188,8.9370431,7.0979123,8.8901948,7.5160832
0.296875,9.0740356,7.0499768,9.0311231,7.7105808
0.29882813,9.2148885,6.9845061,9.1568288,7.8000979
0.30078125,9.3474178,7.2718024,9.2909135,7.7930669
0.30273438,9.494934,7.4813518,9.4575643,7.8601465
0.3046875,9.6458339,7.3472394,9.6030292,8.0256338
0.30664063,9.7802944,7.327053,9.7415018,8.1301813
0.30859375,9.9005546,7.5449638,9.878045,8.0658073
0.31054688,10.041529,7.6661,10.008266,8.0369052
0.3125,10.189328,7.6417479,10.146188,8.2153644
0.31445313,10.32875,7.7553749,10.289436,8.453823
0.31640625,10.47418,7.9335207,10.437852,8.5094614
0.31835938,10.612019,7.9273209,10.580069,8.4246368
0.3203125,10.746084,7.8603858,10.709031,8.49197
0.32226563,10.897414,7.9888777,10.845395,8.6852531
0.32421875,11.031727,8.2475976,10.991806,8.7372283
0.32617188,11.163965,8.3168945,11.131083,8.7221956
0.328125,11.322871,8.1528148,11.278274,8.8611555
0.33007813,11.457943,8.2083644,11.417748,8.9850635
0.33203125,11.591846,8.5555334,11.554757,8.9348897
0.33398438,11.741917,8.599246,11.701728,8.96278
0.3359375,11.877028,8.4135351,11.848168,9.1189861
0.33789063,12.017555,8.5335197,11.985118,9.2497959
0.33984375,12.155485,8.816308,12.116465,9.2370367
0.34179688,12.289969,8.8583478,12.253302,9.182826
0.34375,12.438294,8.7323646,12.387207,9.3591051
0.34570313,12.575819,8.8009328,12.53734,9.5553197
0.34765625,12.715907,9.0407161,12.680655,9.5421323
0.34960938,12.855577,9.1232204,12.823122,9.4773225
0.3515625,12.996022,9.0262517,12.973146,9.5675449
0.35351563,13.13884,9.0307245,13.0961,9.7306594
0.35546875,13.273038,9.2389802,13.227777,9.7304697
0.35742188,13.418156,9.3720932,13.371075,9.6665935
0.359375,13.55632,9.3052225,13.499858,9.820611
0.36132813,13.687224,9.2894735,13.627431,10.050102
0.36328125,13.820754,9.4120798,13.774338,9.9856596
0.36523438,13.955037,9.563631,13.915802,9.9052419
0.3671875,14.087615,9.6113348,14.046541,10.0935
0.36914063,14.227841,9.6037912,14.178662,10.248877
0.37109375,14.36605,9.6724033,14.295964,10.159427
0.37304688,14.492409,9.7553529,14.433784,10.075571
0.375,14.622502,9.7739086,14.585929,10.316294
0.37695313,14.73951,9.7823991,14.717938,10.559569
0.37890625,14.872386,9.8909931,14.834965,10.416961
0.38085938,15.006471,10.017355,14.972708,10.221474
0.3828125,15.127369,10.065397,15.092755,10.394846
0.38476563,15.256558,10.048384,15.193882,10.735316
0.38671875,15.381263,10.0501,15.348429,10.718731
0.38867188,15.511268,10.158264,15.461808,10.50961
0.390625,15.640957,10.264207,15.571671,10.67285
0.39257813,15.752556,10.255951,15.699318,10.916437
0.39453125,15.861975,10.237965,15.808216,10.829182
0.39648438,15.987778,10.339301,15.94638,10.729669
0.3984375,16.109903,10.494382,16.062307,10.921901
0.40039063,16.226036,10.540317,16.186602,11.124429
0.40234375,16.335415,10.479326,16.305613,10.977644
0.40429688,16.453348,10.49754,16.428175,10.848548
0.40625,16.570969,10.633253,16.550402,11.071458
0.40820313,16.680082,10.713114,16.652374,11.27955
0.41015625,16.79143,10.66069,16.777569,11.154513
0.41210938,16.900534,10.671996,16.867863,11.024976
0.4140625,17.008045,10.810701,16.962725,11.261333
0.41601563,17.110992,10.871575,17.064816,11.457371
0.41796875,17.227077,10.829749,17.165503,11.399093
0.41992188,17.329046,10.854985,17.282543,11.36636
0.421875,17.41728,10.975678,17.384781,11.483059
0.42382813,17.521147,11.000309,17.48485,11.605098
0.42578125,17.618855,10.95745,17.576313,11.487059
0.42773438,17.717752,11.066288,17.671434,11.404718
0.4296875,17.822557,11.196811,17.754311,11.596056
0.43164063,17.910051,11.178578,17.842258,11.784708
0.43359375,17.99305,11.100903,17.938728,11.711758
0.43554688,18.084749,11.133681,18.0305,11.609036
0.4375,18.17067,11.32292,18.113165,11.778919
0.43945313,18.247452,11.405608,18.201763,11.920786
0.44140625,18.338308,11.300248,18.300629,11.806992
0.44335938,18.424047,11.297659,18.365911,11.724721
0.4453125,18.491436,11.449973,18.429777,11.862947
0.44726563,18.574436,11.485529,18.52232,11.974191
0.44921875,18.651617,11.382542,18.613794,11.954461
0.45117188,18.72369,11.431629,18.673311,11.967805
0.453125,18.795168,11.591777,18.742676,11.996756
0.45507813,18.859291,11.583665,18.817368,11.985466
0.45703125,18.932106,11.485213,18.898384,12.018486
0.45898438,18.996153,11.547385,18.970898,12.121059
0.4609375,19.065565,11.702682,19.0263,12.128375
0.46289063,19.132687,11.68894,19.096619,12.019163
0.46484375,19.191414,11.578371,19.14798,12.038327
0.46679688,19.253275,11.597728,19.218208,12.219707
0.46875,19.306925,11.707505,19.27177,12.260236
0.47070313,19.356716,11.73922,19.315771,12.131435
0.47265625,19.405001,11.695298,19.383951,12.129052
0.47460938,19.456917,11.715693,19.416725,12.296834
0.4765625,19.506634,11.796482,19.456701,12.363608
0.47851563,19.551275,11.82074,19.504986,12.205832
0.48046875,19.588028,11.779388,19.540495,12.184582
0.48242188,19.631775,11.761315,19.582586,12.412066
0.484375,19.673697,11.797717,19.619322,12.463834
0.48632813,19.700703,11.852451,19.644758,12.277364
0.48828125,19.739628,11.839479,19.683895,12.223429
0.49023438,19.767694,11.802649,19.727102,12.425868
0.4921875,19.795887,11.834912,19.757616,12.542459
0.49414063,19.833944,11.8827,19.780512,12.353012
0.49609375,19.847921,11.887897,19.802748,12.201756
0.49804688,19.867559,11.849204,19.837914,12.3632
0.5,19.888098,11.828404,19.846487,12.545728
0.50195313,19.898056,11.892345,19.862028,12.431215
0.50390625,19.92404,11.952291,19.889181,12.257681
0.50585938,19.941931,11.906236,19.90118,12.403086
0.5078125,19.944317,11.865228,19.91749,12.630307
0.50976563,19.965656,11.899005,19.925924,12.539001
0.51171875,19.979425,11.951321,19.936615,12.348092
0.51367188,19.977264,11.959425,19.942789,12.434641
0.515625,19.986328,11.901653,19.952049,12.633779
0.51757813,19.991882,11.901521,19.943623,12.615329
0.51953125,19.993664,11.965255,19.955011,12.473387
0.52148438,19.985418,11.943148,19.962446,12.504281
0.5234375,19.99254,11.902923,19.955824,12.628255
0.52539063,19.994097,11.921048,19.969015,12.608876
0.52734375,19.989759,11.905815,19.963696,12.55551
0.52929688,20.002825,11.811813,19.979713,12.577138
0.53125,19.992878,11.677826,19.970055,12.575144
0.53320313,19.99575,11.560956,19.94952,12.538334
0.53515625,19.992216,11.418911,19.95643,12.487076
0.53710938,19.985847,11.107995,19.972494,12.435384
0.5390625,19.97481,10.883207,19.965826,12.356213
0.54101563,19.963291,11.024789,19.96232,12.199265
0.54296875,19.961388,11.142956,19.969492,12.067543
0.54492188,19.940226,11.027709,19.947422,11.76752
0.546875,19.931665,10.869664,19.956594,11.382707
0.54882813,19.918159,10.904219,19.955484,11.30832
0.55078125,19.917038,11.071925,19.933722,11.430719
0.55273438,19.889753,11.032326,19.922009,11.506645
0.5546875,19.865185,10.831668,19.916451,11.406662
0.55664063,19.86129,10.798571,19.895138,11.350695
0.55859375,19.83197,11.01986,19.860628,11.463789
0.56054688,19.816187,11.058433,19.862755,11.491208
0.5625,19.786823,10.798318,19.841156,11.402039
0.56445313,19.75927,10.722465,19.796835,11.397068
0.56640625,19.746225,10.931238,19.790104,11.435612
0.56835938,19.724566,10.999922,19.763506,11.39178
0.5703125,19.691984,10.806721,19.728865,11.378778
0.57226563,19.675982,10.68456,19.703417,11.387307
0.57421875,19.666922,10.775118,19.676949,11.346924
0.57617188,19.637068,10.88771,19.669992,11.316635
0.578125,19.598564,10.750428,19.629774,11.335397
0.58007813,19.5672,10.537262,19.590591,11.314763
0.58203125,19.547934,10.613029,19.568754,11.177162
0.58398438,19.521692,10.84217,19.542171,11.177417
0.5859375,19.497932,10.794814,19.513762,11.33868
0.58789063,19.465839,10.506886,19.467546,11.288872
0.58984375,19.43129,10.451964,19.438265,11.047638
0.59179688,19.401003,10.626959,19.40502,11.019771
0.59375,19.37602,10.693851,19.380579,11.262237
0.59570313,19.35416,10.56384,19.359476,11.281407
0.59765625,19.303131,10.44516,19.32534,10.979108
0.59960938,19.273161,10.445614,19.297174,10.836366
0.6015625,19.250443,10.447455,19.262182,11.029292
0.60351563,19.204058,10.500586,19.231302,11.137794
0.60546875,19.174959,10.48487,19.206318,10.903318
0.60742188,19.135015,10.327395,19.17897,10.750032
0.609375,19.097593,10.30149,19.133846,10.914343
0.61132813,19.060343,10.398644,19.094835,10.985548
0.61328125,19.03071,10.395055,19.055197,10.775209
0.61523438,18.99604,10.264168,19.005819,10.691568
0.6171875,18.94902,10.179339,18.958738,10.877328
0.61914063,18.918385,10.187956,18.917093,10.95368
0.62109375,18.87365,10.229146,18.877796,10.782592
0.62304688,18.838041,10.198074,18.834639,10.681415
0.625,18.784275,10.082194,18.797001,10.776114
0.62695313,18.734612,10.066288,18.753292,10.773159
0.62890625,18.693008,10.133762,18.708767,10.600592
0.63085938,18.646338,10.166808,18.652002,10.516012
0.6328125,18.602045,10.084673,18.61372,10.611291
0.63476563,18.553297,9.9761056,18.582752,10.665529
0.63671875,18.507063,9.9725561,18.535072,10.547188
0.63867188,18.45488,9.9789266,18.495296,10.425801
0.640625,18.415913,9.910304,18.442156,10.411544
0.64257813,18.36211,9.8689098,18.400162,10.438688
0.64453125,18.319979,9.8867588,18.352518,10.399098
0.64648438,18.274267,9.840826,18.297169,10.344175
0.6484375,18.222683,9.7563352,18.250362,10.337254
0.65039063,18.17244,9.6982975,18.202423,10.335079
0.65234375,18.106655,9.7212743,18.133701,10.316113
0.65429688,18.058517,9.7493734,18.066036,10.258445
0.65625,18.003847,9.684967,18.037281,10.2126
0.65820313,17.947903,9.6487121,17.980898,10.267201
0.66015625,17.904333,9.6727447,17.920847,10.30273
0.66210938,17.848923,9.6015806,17.866266,10.114655
0.6640625,17.787928,9.4606876,17.810049,9.9463653
0.66601563,17.743496,9.4071197,17.754795,10.06993
0.66796875,17.691408,9.4543027,17.690016,10.192103
0.66992188,17.623026,9.5005102,17.642452,10.007008
0.671875,17.558186,9.3749771,17.571478,9.8443689
0.67382813,17.500175,9.2297668,17.509682,9.9780082
0.67578125,17.438177,9.3468885,17.469173,10.04366
0.67773438,17.375666,9.4997644,17.414177,9.8795337
0.6796875,17.316299,9.3291845,17.352079,9.7546167
0.68164063,17.252081,9.0926942,17.285021,9.7694854
0.68359375,17.191877,9.1610317,17.225752,9.7578592
0.68554688,17.115103,9.2722291,17.162441,9.6991558
0.6875,17.052208,9.1393241,17.106319,9.697051
0.68945313,16.993748,8.9902153,17.037777,9.7108869
0.69140625,16.916559,9.0971956,16.953854,9.6559524
0.69335938,16.861681,9.1690406,16.898277,9.5459251
0.6953125,16.796869,8.970623,16.834757,9.5450935
0.69726563,16.732733,8.838603,16.776922,9.6599168
0.69921875,16.667662,8.8942699,16.712616,9.5718631
0.70117188,16.594307,8.9326286,16.640528,9.331604
0.703125,16.530584,8.827033,16.580856,9.2952365
0.70507813,16.455578,8.706294,16.507069,9.4201784
0.70703125,16.385365,8.7458686,16.437321,9.3970413
0.70898438,16.318583,8.8005485,16.359718,9.1931028
0.7109375,16.250086,8.7353,16.28861,9.1606845
0.71289063,16.174702,8.615859,16.216787,9.3019828
0.71484375,16.092798,8.5504427,16.150593,9.3162756
0.71679688,16.023287,8.5858955,16.066751,9.1499834
0.71875,15.951801,8.6128368,15.983931,9.0272226
0.72070313,15.884507,8.5392532,15.92969,9.074542
0.72265625,15.816933,8.4356737,15.847048,9.1402349
0.72460938,15.736619,8.399578,15.752344,9.0472307
0.7265625,15.658548,8.3597688,15.680107,8.8492898
0.72851563,15.576003,8.2861166,15.620915,8.8626003
0.73046875,15.499341,8.2713708,15.51549,9.0412025
0.73242188,15.431245,8.3199148,15.442865,8.9680709
0.734375,15.355345,8.3211145,15.381048,8.6676006
0.73632813,15.273472,8.172429,15.288388,8.6913843
0.73828125,15.186148,8.0256052,15.224787,8.906394
0.74023438,15.107925,8.0433816,15.145334,8.7340669
0.7421875,15.032951,8.1209993,15.069316,8.4518928
0.74414063,14.947984,8.0782718,14.988536,8.522747
0.74609375,14.857815,7.9381885,14.905011,8.690073
0.74804688,14.776508,7.8624162,14.831884,8.5273294
0.75,14.703531,7.9129729,14.73915,8.3084774
0.75195313,14.616796,7.9529919,14.654654,8.4108314
0.75390625,14.536788,7.8032374,14.599389,8.5340213
0.75585938,14.451525,7.6432323,14.509654,8.3939847
0.7578125,14.356415,7.6913762,14.405133,8.2077741
0.75976563,14.277955,7.7409439,14.334703,8.1480655
0.76171875,14.200043,7.6326284,14.251871,8.2351789
0.76367188,14.11242,7.5570197,14.167572,8.330162
0.765625,14.01505,7.5513935,14.064146,8.1432466
0.76757813,13.931081,7.4648447,13.973912,7.9150729
0.76953125,13.847017,7.3740668,13.890276,8.0088195
0.77148438,13.75914,7.4173007,13.786937,8.2066459
0.7734375,13.67411,7.449047,13.706824,8.0819282
0.77539063,13.571039,7.2993712,13.613956,7.7976985
0.77734375,13.484612,7.1408395,13.519979,7.833374
0.77929688,13.401952,7.1786403,13.427941,7.9735713
0.78125,13.301671,7.3034577,13.342849,7.8428773
0.78320313,13.204739,7.2065014,13.256448,7.628458
0.78515625,13.115177,6.9576654,13.162362,7.6554851
0.78710938,13.026556,6.9733796,13.066845,7.7567253
0.7890625,12.932032,7.1285533,12.991624,7.6050686
0.79101563,12.83765,7.0197286,12.902355,7.4186668
0.79296875,12.739869,6.7638897,12.787095,7.4797115
0.79492188,12.646502,6.7440691,12.703872,7.5210475
0.796875,12.556115,6.8969922,12.601445,7.3816566
0.79882813,12.455751,6.8451957,12.516914,7.3098335
0.80078125,12.366033,6.6058044,12.419933,7.3757748
0.80273438,12.268685,6.5181469,12.301003,7.3631777
0.8046875,12.169692,6.6305103,12.204318,7.1521396
0.80664063,12.082449,6.6109719,12.119959,7.0617628
0.80859375,11.983152,6.431797,12.026945,7.245666
0.81054688,11.882286,6.3416838,11.909844,7.2675695
0.8125,11.782427,6.3719959,11.827564,6.9122099
0.81445313,11.692816,6.3811159,11.730669,6.7547245
0.81640625,11.594101,6.276566,11.617696,7.045856
0.81835938,11.48603,6.1703057,11.522295,7.0752649
0.8203125,11.379147,6.1262264,11.428299,6.6836876
0.82226563,11.271833,6.1074404,11.337618,6.5788025
0.82421875,11.168802,6.0959563,11.234941,6.8808794
0.82617188,11.06948,6.0619015,11.13149,6.8455362
0.828125,10.96644,5.9884777,11.035463,6.3911666
0.83007813,10.866687,5.8962526,10.926569,6.3311486
0.83203125,10.76946,5.8111472,10.807006,6.6808857
0.83398438,10.652187,5.7345895,10.710409,6.6506624
0.8359375,10.555261,5.6860413,10.608645,6.2454333
0.83789063,10.455424,5.6825985,10.480331,6.2444019
0.83984375,10.35122,5.6459159,10.382189,6.5060448
0.84179688,10.249991,5.520873,10.300359,6.3593211
0.84375,10.141017,5.4288635,10.200201,6.0719409
0.84570313,10.047035,5.4117498,10.089317,6.0735993
0.84765625,9.9417104,5.3519268,9.9768581,6.1301584
0.84960938,9.8312397,5.2598047,9.871232,6.0211134
0.8515625,9.7216196,5.2093462,9.763586,5.913639
0.85351563,9.6150522,5.171905,9.6464853,5.9128737
0.85546875,9.5009594,5.1332006,9.5624122,5.9174041
0.85742188,9.3957634,5.0672106,9.4596395,5.7938313
0.859375,9.2959165,4.9855036,9.3357887,5.6959762
0.86132813,9.1810274,4.9686832,9.2346725,5.6559014
0.86328125,9.0636911,4.8676419,9.1200599,5.5582318
0.86523438,8.9501924,4.6896891,9.0242462,5.535634
0.8671875,8.8445673,4.7090072,8.91578,5.5620207
0.86914063,8.7320995,4.8118038,8.8034477,5.4562559
0.87109375,8.6253166,4.6748271,8.6846895,5.2802743
0.87304688,8.5103807,4.3921895,8.5689964,5.243288
0.875,8.4030075,4.3535037,8.4543848,5.2870798
0.87695313,8.2952508,4.4911356,8.3409757,5.2741947
0.87890625,8.1852169,4.42981,8.2439241,5.1263146
0.88085938,8.0810995,4.1414361,8.1200246,5.0309276
0.8828125,7.9663443,4.0272908,8.0091791,5.0530929
0.88476563,7.8538227,4.162198,7.9081416,4.9482431
0.88671875,7.7351241,4.1001181,7.7899751,4.7960529
0.88867188,7.6199836,3.8829648,7.6675062,4.776319
0.890625,7.5050225,3.8525142,7.5632877,4.7771701
0.89257813,7.3976926,3.9352617,7.4513387,4.6685524
0.89453125,7.2794809,3.846266,7.3364806,4.5857019
0.89648438,7.1657424,3.5954132,7.2317295,4.5435032
0.8984375,7.0595054,3.461584,7.1202483,4.4532103
0.90039063,6.9365816,3.5887651,6.9946088,4.3560161
0.90234375,6.8207702,3.5863809,6.8806729,4.2787337
0.90429688,6.7148361,3.2661657,6.7622833,4.2289156
0.90625,6.6036844,3.1506834,6.6505708,4.2182164
0.90820313,6.4816985,3.2765448,6.5649471,4.1488909
0.91015625,6.3691043,3.2023639,6.4307079,4.0391264
0.91210938,6.2602119,2.9309849,6.3100276,3.9169406
0.9140625,6.1446838,2.8696858,6.2081852,3.7856297
0.91601563,6.0281219,2.963741,6.0824585,3.7918615
0.91796875,5.9154644,2.8336756,5.9559254,3.8369605
0.91992188,5.7986407,2.5994672,5.8392701,3.6856811
0.921875,5.6698842,2.5520284,5.7333765,3.4987447
0.92382813,5.548768,2.5957174,5.6104793,3.5609343
0.92578125,5.4369993,2.4784624,5.4841623,3.5824246
0.92773438,5.3224225,2.3419261,5.3655061,3.3322839
0.9296875,5.2051248,2.3180258,5.2456893,3.1478714
0.93164063,5.0894632,2.238347,5.1327405,3.2638886
0.93359375,4.9728355,2.0140779,5.0046706,3.3008909
0.93554688,4.8506465,1.8925228,4.8843441,3.0175066
0.9375,4.7394704,1.9460541,4.790204,2.831583
0.93945313,4.611895,1.8436931,4.6633353,2.9265375
0.94140625,4.4756221,1.6594542,4.5310745,2.9540507
0.94335938,4.357676,1.5670445,4.401699,2.6238503
0.9453125,4.24094,1.5864155,4.2794313,2.4087529
0.94726563,4.1252951,1.5691038,4.1660966,2.6780509
0.94921875,4.0021185,1.3163586,4.0409736,2.7716484
0.95117188,3.8881688,1.0996867,3.9221553,2.3621282
0.953125,3.7748668,1.0819255,3.7963876,2.0634102
0.95507813,3.6528568,1.0812612,3.6803169,2.2294058
0.95703125,3.5385265,0.88067228,3.5627579,2.3238499
0.95898438,3.4067294,0.6633783,3.4336004,2.0017941
0.9609375,3.2839551,0.66913432,3.3257141,1.7500045
0.96289063,3.1628713,0.65543985,3.2174086,1.8511326
0.96484375,3.0378282,0.52002132,3.0876903,1.9288433
0.96679688,2.9192094,0.34606144,2.9649457,1.6258553
0.96875,2.7902472,0.28115746,2.8461537,1.3258136
0.97070313,2.6776039,0.22148064,2.7235171,1.428555
0.97265625,2.558016,0.036163047,2.6009867,1.5618245
0.97460938,2.426687,-0.082986988,2.4814963,1.3258781
0.9765625,2.3011119,-0.14782257,2.3558142,1.0042165
0.97851563,2.1965036,-0.15749431,2.2301154,1.0340234
0.98046875,2.0739011,-0.1230767,2.1189622,1.1210278
0.98242188,1.9412816,-0.10252939,1.9915442,0.91366529
0.984375,1.8274191,-0.18672962,1.8485581,0.64351875
0.98632813,1.6990186,-0.24109535,1.7326029,0.61590123
0.98828125,1.5836633,-0.1433956,1.6357994,0.66690505
0.99023438,1.4571667,-0.10629275,1.5120844,0.57213879
0.9921875,1.3310037,-0.12700211,1.3732372,0.34020478
0.99414063,1.2181094,-0.19610275,1.2422765,0.12222156
0.99609375,1.0869739,-0.17352521,1.1273011,0.11342499
0.99804688,0.96163261,-0.11911066,1.0119065,0.19926548
1.0,0.85198754,-0.15557979,0.88624501,0.12270381
1.0019531,0.72310352,-0.1678395,0.7603693,-0.1606402
1.0039062,0.58487719,-0.1570237,0.66181111,-0.25831598
1.0058593,0.47491816,-0.16745631,0.53725231,-0.071016699
1.0078125,0.34952617,-0.18431716,0.38490844,0.033289447
1.0097656,0.22670224,-0.064766943,0.27196884,-0.18288356
1.0117187,0.11006712,-0.083767317,0.1471865,-0.30525637
1.0136718,-0.024740644,-0.25826761,0.0090098977,0.028529808
1.015625,-0.13998102,-0.25706071,-0.10753208,0.15291573
1.0175781,-0.26359791,-0.12212093,-0.207463,-0.18231271
1.0195312,-0.38386977,-0.1393632,-0.34166843,-0.26677191
1.0214843,-0.50384146,-0.42828682,-0.4696545,0.0034038308
1.0234375,-0.62984973,-0.55842161,-0.59368992,-0.035528827
1.0253906,-0.73839724,-0.52495968,-0.73160577,-0.27670982
1.0273437,-0.86316985,-0.66667891,-0.83965594,-0.21614423
1.0292968,-1.0013282,-0.93430167,-0.96576446,0.044105828
1.03125,-1.1273109,-1.0803179,-1.0820158,0.041533634
1.0332031,-1.2484517,-1.0771024,-1.2058035,-0.27039167
1.0351562,-1.3689022,-1.1595051,-1.3436113,-0.31712744
1.0371093,-1.4852126,-1.3668561,-1.4396139,-0.12564784
1.0390625,-1.6139869,-1.577509,-1.5450359,-0.16407771
1.0410156,-1.7359917,-1.662074,-1.6732287,-0.46631575
1.0429687,-1.8536076,-1.784886,-1.7960106,-0.71644592
1.0449218,-1.9832959,-1.9714667,-1.9238457,-0.71749181
1.046875,-2.1109666,-2.061824,-2.0514164,-0.70396751
1.0488281,-2.230591,-2.1335358,-2.1681373,-0.87869257
1.0507812,-2.3500001,-2.2277598,-2.2922864,-1.0863773
1.0527343,-2.4628677,-2.4149153,-2.4215278,-1.1303551
1.0546875,-2.5829398,-2.5664856,-2.5421993,-1.1915748
1.0566406,-2.7130482,-2.6191077,-2.6786286,-1.3989778
1.0585937,-2.8375451,-2.7655398,-2.7941594,-1.5283348
1.0605468,-2.9510316,-2.9514107,-2.8960943,-1.5733612
1.0625,-3.0735132,-3.0148236,-3.0163617,-1.6594907
1.0644531,-3.1963994,-2.9750788,-3.1340174,-1.8782106
1.0664062,-3.3062415,-3.1542863,-3.2779889,-2.1431865
1.0683593,-3.4361555,-3.4485843,-3.3934466,-2.1722686
1.0703125,-3.5540542,-3.4677717,-3.4887526,-2.1646757
1.0722656,-3.6771352,-3.4390578,-3.6381611,-2.2922112
1.0742187,-3.7934467,-3.582612,-3.776807,-2.5091826
1.0761718,-3.9086597,-3.8204805,-3.8835179,-2.748563
1.078125,-4.0448589,-3.8948936,-3.9843559,-2.6933717
1.0800781,-4.1541261,-3.862535,-4.0966882,-2.6080129
1.0820312,-4.2675294,-4.026597,-4.2285003,-2.8879325
1.0839843,-4.3973813,-4.1946735,-4.3573784,-3.3095991
1.0859375,-4.5170974,-4.2593112,-4.4673714,-3.3547849
1.0878906,-4.6334376,-4.3141408,-4.5795083,-3.0825772
1.0898437,-4.7608799,-4.4054603,-4.7229657,-3.2045724
1.0917968,-4.8798689,-4.5493898,-4.8563013,-3.6380457
1.09375,-5.0005126,-4.6369371,-4.9664096,-3.764733
1.0957031,-5.1269965,-4.6781206,-5.0739231,-3.4969131
1.0976562,-5.2393899,-4.7582249,-5.1971616,-3.4781377
1.0996093,-5.3641462,-4.8939781,-5.3193192,-3.9406318
1.1015625,-5.4754595,-4.9888968,-5.4400577,-4.2166957
1.1035156,-5.5914917,-5.0312953,-5.5537219,-4.0384473
1.1054687,-5.7225379,-5.1330952,-5.6588068,-3.9494078
1.1074218,-5.8316488,-5.2625093,-5.7870426,-4.2928228
1.109375,-5.9534359,-5.3507342,-5.9130802,-4.5301628
1.1113281,-6.0700359,-5.3481674,-6.0209088,-4.4326152
1.1132812,-6.1840229,-5.4134926,-6.1402707,-4.3802428
1.1152343,-6.3017725,-5.6039295,-6.2622184,-4.5804495
1.1171875,-6.4173698,-5.6784005,-6.3764095,-4.8042573
1.1191406,-6.5309882,-5.6797795,-6.4817013,-4.7980446
1.1210937,-6.6345272,-5.7755899,-6.5834279,-4.7643199
1.1230468,-6.7675685,-5.9262943,-6.7165751,-4.8943476
1.125,-6.8941078,-5.9726858,-6.8297381,-5.1535549
1.1269531,-6.9940061,-5.982604,-6.943952,-5.2369713
1.1289062,-7.1132168,-6.0691947,-7.0621404,-5.1084699
1.1308593,-7.2273507,-6.1282086,-7.1826033,-5.1725421
1.1328125,-7.3320789,-6.2192034,-7.3048582,-5.4048991
1.1347656,-7.455986,-6.3490753,-7.4098162,-5.5009503
1.1367187,-7.5774741,-6.4159336,-7.5285768,-5.4366431
1.1386718,-7.6811051,-6.4588365,-7.635189,-5.4915828
1.140625,-7.7997803,-6.456449,-7.7502894,-5.7142062
1.1425781,-7.9266328,-6.5025696,-7.8704781,-5.7796278
1.1445312,-8.0244693,-6.7112264,-7.9730429,-5.7495584
1.1464843,-8.1382312,-6.757533,-8.0852632,-5.8337974
1.1484375,-8.2601919,-6.6785163,-8.2118568,-5.9619693
1.1503906,-8.3622131,-6.8184046,-8.3174009,-6.0597281
1.1523437,-8.4743461,-7.0051784,-8.4247283,-6.0743956
1.1542968,-8.5871229,-7.0247054,-8.5441446,-6.0707521
1.15625,-8.6962204,-6.9718799,-8.6636886,-6.1773438
1.1582031,-8.8120498,-7.0934262,-8.7744932,-6.3398957
1.1601562,-8.9230766,-7.2505674,-8.8833761,-6.3672008
1.1621093,-9.0186243,-7.2146015,-8.9949569,-6.3123173
1.1640625,-9.1207695,-7.1576933,-9.0958499,-6.4055509
1.1660156,-9.2461805,-7.3276357,-9.2040996,-6.5738644
1.1679687,-9.361185,-7.6021204,-9.3042345,-6.6358509
1.1699218,-9.4619731,-7.5729513,-9.422821,-6.6400814
1.171875,-9.5764484,-7.3588051,-9.5518779,-6.7275099
1.1738281,-9.687148,-7.4386172,-9.6469879,-6.8651194
1.1757812,-9.7862129,-7.7594604,-9.7524967,-6.8229556
1.1777343,-9.8965406,-7.8123569,-9.8533392,-6.7396092
1.1796875,-10.016565,-7.646944,-9.955944,-6.9316749
1.1816406,-10.120042,-7.7455244,-10.065603,-7.1371765
1.1835937,-10.223775,-7.9804387,-10.162976,-7.1126194
1.1855468,-10.328063,-7.960782,-10.282941,-7.0867924
1.1875,-10.431916,-7.8286876,-10.382217,-7.2134256
1.1894531,-10.547559,-7.942326,-10.48561,-7.3149619
1.1914062,-10.642475,-8.2283172,-10.587955,-7.2618789
1.1933593,-10.749394,-8.2362337,-10.70542,-7.2650709
1.1953125,-10.863336,-8.0442886,-10.827911,-7.4451289
1.1972656,-10.9618,-8.1922349,-10.8936,-7.5734458
1.1992187,-11.070218,-8.4134511,-10.996298,-7.4411764
1.2011718,-11.167037,-8.3355999,-11.122063,-7.3834791
1.203125,-11.268755,-8.2623357,-11.214616,-7.7507424
1.2050781,-11.368002,-8.3782148,-11.319227,-7.9387335
1.2070312,-11.460241,-8.6237716,-11.414735,-7.5924167
1.2089843,-11.564917,-8.657114,-11.504501,-7.4953718
1.2109375,-11.668194,-8.4932746,-11.625528,-7.9440746
1.2128906,-11.765418,-8.6077451,-11.732712,-8.180912
1.2148437,-11.863161,-8.8143491,-11.829902,-7.8867144
1.2167968,-11.976178,-8.7576351,-11.928494,-7.6953668
1.21875,-12.066744,-8.6791362,-12.02339,-8.0333309
1.2207031,-12.154353,-8.8295755,-12.116396,-8.3187589
1.2226562,-12.26336,-8.9371271,-12.218454,-8.0626726
1.2246093,-12.361648,-8.8843612,-12.323452,-7.9514713
1.2265625,-12.460993,-8.9455452,-12.42828,-8.3013143
1.2285156,-12.555539,-9.054533,-12.513964,-8.4726228
1.2304687,-12.65703,-9.0396452,-12.61096,-8.2322807
1.2324218,-12.756696,-9.0170669,-12.721717,-8.0823812
1.234375,-12.85297,-9.1053514,-12.794052,-8.4446792
1.2363281,-12.944159,-9.1998367,-12.896585,-8.6899023
1.2382812,-13.025446,-9.1860771,-13.002353,-8.4011077
1.2402343,-13.138811,-9.1966991,-13.083595,-8.3099479
1.2421875,-13.233468,-9.3430452,-13.171782,-8.6715164
1.2441406,-13.313455,-9.441411,-13.265396,-8.7715911
1.2460937,-13.409703,-9.3269863,-13.348365,-8.5418205
1.2480468,-13.4983,-9.2943248,-13.446937,-8.6093406
1.25,-13.58268,-9.5008115,-13.556046,-8.8878412
1.2519531,-13.676529,-9.6052112,-13.639256,-8.91679
1.2539062,-13.773288,-9.5436344,-13.717001,-8.699337
1.2558593,-13.850064,-9.5566368,-13.808414,-8.6674203
1.2578125,-13.9445,-9.6229267,-13.907367,-8.9640598
1.2597656,-14.043094,-9.651514,-13.982457,-9.1735305
1.2617187,-14.126096,-9.7042408,-14.072822,-8.9722461
1.2636718,-14.202167,-9.7424478,-14.161951,-8.7984514
1.265625,-14.295561,-9.6987218,-14.254152,-9.0995998
1.2675781,-14.389322,-9.7392549,-14.344092,-9.3241081
1.2695312,-14.465517,-9.9402265,-14.426111,-9.111022
1.2714843,-14.552314,-9.9610042,-14.525786,-8.9659376
1.2734375,-14.635193,-9.7921247,-14.607894,-9.2144565
1.2753906,-14.731325,-9.8494081,-14.693648,-9.4145698
1.2773437,-14.811854,-10.098744,-14.772565,-9.2320814
1.2792968,-14.892215,-10.125767,-14.867094,-9.1222133
1.28125,-14.968695,-9.9080905,-14.949198,-9.3892135
1.2832031,-15.047311,-9.9420528,-15.0168,-9.6012296
1.2851562,-15.144042,-10.246247,-15.086729,-9.3796548
1.2871093,-15.214742,-10.354912,-15.160136,-9.249855
1.2890625,-15.298336,-10.139358,-15.252771,-9.6151895
1.2910156,-15.374192,-10.009964,-15.326588,-9.8838987
1.2929687,-15.44961,-10.283004,-15.413287,-9.6021099
1.2949218,-15.530357,-10.475417,-15.477058,-9.3438987
1.296875,-15.607606,-10.308724,-15.553868,-9.6409015
1.2988281,-15.686889,-10.211664,-15.641131,-9.8969459
1.3007812,-15.755352,-10.410113,-15.725086,-9.7415142
1.3027343,-15.828506,-10.560141,-15.807086,-9.5861539
1.3046875,-15.902022,-10.444882,-15.862549,-9.7220697
1.3066406,-15.983345,-10.401085,-15.939925,-9.9009294
1.3085937,-16.057201,-10.579293,-16.014425,-9.8299179
1.3105468,-16.129473,-10.67078,-16.110073,-9.8111619
1.3125,-16.206186,-10.511588,-16.176748,-9.9919147
1.3144531,-16.278214,-10.453437,-16.239271,-10.017548
1.3164062,-16.354956,-10.672232,-16.319275,-9.8123903
1.3183593,-16.425411,-10.78865,-16.379982,-9.8439741
1.3203125,-16.493193,-10.658337,-16.462536,-10.166658
1.3222656,-16.566261,-10.580299,-16.526829,-10.216194
1.3242187,-16.637447,-10.752005,-16.59482,-9.982295
1.3261718,-16.711582,-10.918653,-16.660746,-9.9669141
1.328125,-16.773615,-10.820823,-16.722279,-10.241772
1.3300781,-16.833107,-10.689545,-16.803364,-10.348524
1.3320312,-16.90126,-10.810004,-16.860126,-10.154228
1.3339843,-16.969501,-11.029701,-16.935202,-10.12184
1.3359375,-17.039412,-11.033328,-17.006435,-10.312274
1.3378906,-17.094597,-10.890947,-17.06266,-10.386027
1.3398437,-17.155985,-10.888579,-17.14884,-10.250373
1.3417968,-17.221415,-11.0363,-17.184387,-10.204537
1.34375,-17.289421,-11.122455,-17.242979,-10.403737
1.3457031,-17.353804,-11.063801,-17.326605,-10.47775
1.3476562,-17.409233,-11.01447,-17.377401,-10.443064
1.3496093,-17.47282,-11.095422,-17.441519,-10.480373
1.3515625,-17.522896,-11.181741,-17.499207,-10.480824
1.3535156,-17.583918,-11.163017,-17.565359,-10.488286
1.3554687,-17.647341,-11.158947,-17.631823,-10.526421
1.3574218,-17.708151,-11.27156,-17.686224,-10.549115
1.359375,-17.768499,-11.301757,-17.74148,-10.569025
1.3613281,-17.819054,-11.197464,-17.79867,-10.569115
1.3632812,-17.879414,-11.213992,-17.849953,-10.595035
1.3652343,-17.931732,-11.344437,-17.909061,-10.683821
1.3671875,-17.982687,-11.394751,-17.952074,-10.726181
1.3691406,-18.035118,-11.336396,-18.000938,-10.705686
1.3710937,-18.098286,-11.34271,-18.060322,-10.696662
1.3730468,-18.149084,-11.467497,-18.10478,-10.794533
1.375,-18.193279,-11.500574,-18.164354,-10.871567
1.3769531,-18.253155,-11.37227,-18.218472,-10.791473
1.3789062,-18.299723,-11.38914,-18.267353,-10.768823
1.3808593,-18.345411,-11.586772,-18.326925,-10.847339
1.3828125,-18.394588,-11.582979,-18.380411,-10.873733
1.3847656,-18.445412,-11.450304,-18.436262,-10.83743
1.3867187,-18.496387,-11.54622,-18.486248,-10.827491
1.3886718,-18.547083,-11.69388,-18.519861,-10.881698
1.390625,-18.595278,-11.604564,-18.555639,-10.91734
1.3925781,-18.637455,-11.496167,-18.605307,-10.924877
1.3945312,-18.679846,-11.576662,-18.662981,-11.006414
1.3964843,-18.729458,-11.712447,-18.690298,-11.103761
1.3984375,-18.770771,-11.720396,-18.729933,-11.05652
1.4003906,-18.807173,-11.646779,-18.774872,-10.951358
1.4023437,-18.857328,-11.639791,-18.810423,-11.039144
1.4042968,-18.885082,-11.741257,-18.858829,-11.205729
1.40625,-18.92872,-11.791285,-18.898199,-11.153997
1.4082031,-18.970928,-11.724387,-18.950602,-11.014623
1.4101562,-19.004574,-11.76722,-18.986355,-11.074154
1.4121093,-19.053965,-11.812964,-19.010046,-11.200919
1.4140625,-19.076017,-11.79343,-19.057533,-11.140119
1.4160156,-19.117691,-11.803402,-19.104044,-11.073916
1.4179687,-19.151321,-11.795926,-19.137478,-11.207217
1.4199218,-19.189648,-11.854889,-19.163591,-11.282933
1.421875,-19.227448,-11.900015,-19.194246,-11.145839
1.4238281,-19.248537,-11.846869,-19.235138,-11.108019
1.4257812,-19.291618,-11.801885,-19.273188,-11.311222
1.4277343,-19.319597,-11.883845,-19.308197,-11.401339
1.4296875,-19.353317,-11.980131,-19.3486,-11.204689
1.4316406,-19.39571,-11.920913,-19.375164,-11.110829
1.4335937,-19.424252,-11.846848,-19.400646,-11.303457
1.4355468,-19.453739,-11.879784,-19.437023,-11.393821
1.4375,-19.487206,-11.935191,-19.468782,-11.247443
1.4394531,-19.512989,-11.920599,-19.508648,-11.211585
1.4414062,-19.537592,-11.901776,-19.527653,-11.372585
1.4433593,-19.564281,-11.954648,-19.54693,-11.407616
1.4453125,-19.58182,-12.029142,-19.587021,-11.242244
1.4472656,-19.611521,-12.023021,-19.611671,-11.249161
1.4492187,-19.64509,-11.976848,-19.633135,-11.464544
1.4511718,-19.662508,-12.009157,-19.639275,-11.460109
1.453125,-19.682907,-12.022378,-19.65934,-11.251102
1.4550781,-19.701094,-11.980566,-19.697105,-11.299753
1.4570312,-19.730055,-11.985419,-19.714691,-11.602551
1.4589843,-19.745419,-12.059734,-19.725931,-11.595571
1.4609375,-19.758492,-12.139262,-19.73929,-11.244455
1.4628906,-19.783421,-12.046867,-19.75565,-11.225571
1.4648437,-19.801317,-11.946653,-19.775955,-11.611916
1.4667968,-19.829575,-12.058128,-19.79678,-11.689095
1.46875,-19.847435,-12.150869,-19.812717,-11.334151
1.4707031,-19.853104,-12.053989,-19.843748,-11.231447
1.4726562,-19.862671,-11.925639,-19.858553,-11.564064
1.4746093,-19.888359,-12.001029,-19.86525,-11.666515
1.4765625,-19.897627,-12.218077,-19.894321,-11.300131
1.4785156,-19.911018,-12.232053,-19.912277,-11.192927
1.4804687,-19.920305,-11.987568,-19.926332,-11.574981
1.4824218,-19.927895,-11.956858,-19.931297,-11.685788
1.484375,-19.947287,-12.190262,-19.9347,-11.336498
1.4863281,-19.94294,-12.250761,-19.946087,-11.230743
1.4882812,-19.963871,-12.066512,-19.953362,-11.570472
1.4902343,-19.980515,-11.977576,-19.959057,-11.742021
1.4921875,-19.982666,-12.153585,-19.969723,-11.460666
1.4941406,-19.989264,-12.215369,-19.973652,-11.283612
1.4960937,-19.986547,-12.032454,-19.976744,-11.532242
1.4980468,-20.000093,-11.988682,-19.986776,-11.698871
1.5,-20.014627,-12.170726,-20.001638,-11.506111
1.5019531,-20.022518,-12.257024,-20.011612,-11.353435
1.5039062,-20.020321,-12.090773,-20.000971,-11.483432
1.5058593,-20.017683,-11.978745,-20.003332,-11.580003
1.5078125,-20.03828,-12.099625,-20.006453,-11.493242
1.5097656,-20.044685,-12.163514,-20.009411,-11.458513
1.5117187,-20.033539,-12.114577,-20.008877,-11.522313
1.5136718,-20.02635,-12.065706,-20.007088,-11.531465
1.515625,-20.034203,-12.038558,-20.023325,-11.500032
1.5175781,-20.030214,-11.99048,-20.023787,-11.504039
1.5195312,-20.014952,-11.935491,-20.032583,-11.509651
1.5214843,-20.024082,-11.900885,-20.036352,-11.495722
1.5234375,-20.022564,-11.789102,-20.025915,-11.452259
1.5253906,-20.023632,-11.681109,-20.024565,-11.433438
1.5273437,-20.023821,-11.587139,-20.019636,-11.426123
1.5292968,-20.017231,-11.565181,-20.024029,-11.387735
1.53125,-20.019253,-11.516581,-20.020916,-11.313445
1.5332031,-20.004457,-11.421164,-20.013453,-11.248406
1.5351562,-19.997576,-11.567601,-20.004879,-11.176576
1.5371093,-19.987967,-11.685089,-19.996456,-11.083529
1.5390625,-19.982826,-11.54565,-20.012846,-11.049857
1.5410156,-19.973583,-11.425206,-19.99692,-10.939236
1.5429687,-19.959019,-11.538146,-19.987625,-10.963733
1.5449218,-19.961592,-11.637459,-20.002447,-11.174086
1.546875,-19.937899,-11.506385,-19.986217,-11.136861
1.5488281,-19.925976,-11.391781,-19.981867,-10.925137
1.5507812,-19.911669,-11.458508,-19.969778,-10.893023
1.5527343,-19.898653,-11.579297,-19.949921,-11.059677
1.5546875,-19.888786,-11.518148,-19.926683,-11.080154
1.5566406,-19.863552,-11.354448,-19.913105,-10.924233
1.5585937,-19.866329,-11.378776,-19.895424,-10.912402
1.5605468,-19.861902,-11.529937,-19.872728,-11.076836
1.5625,-19.837132,-11.474789,-19.86364,-11.084632
1.5644531,-19.804955,-11.224162,-19.83946,-10.901799
1.5664062,-19.788179,-11.198489,-19.833496,-10.857378
1.5683593,-19.777185,-11.451169,-19.798611,-10.971463
1.5703125,-19.751749,-11.542028,-19.765997,-10.964269
1.5722656,-19.727711,-11.308188,-19.760269,-10.809773
1.5742187,-19.696714,-11.148073,-19.741041,-10.824914
1.5761718,-19.66757,-11.316304,-19.719545,-10.934322
1.578125,-19.655775,-11.445639,-19.696033,-10.863455
1.5800781,-19.633476,-11.268318,-19.677767,-10.707382
1.5820312,-19.601244,-11.144028,-19.654882,-10.720651
1.5839843,-19.582788,-11.236362,-19.626528,-10.845629
1.5859375,-19.550739,-11.236681,-19.58988,-10.781758
1.5878906,-19.523973,-11.114847,-19.567005,-10.606101
1.5898437,-19.500881,-11.13221,-19.533596,-10.644141
1.5917968,-19.462851,-11.227731,-19.49769,-10.804904
1.59375,-19.432905,-11.116268,-19.484035,-10.726958
1.5957031,-19.413706,-10.979408,-19.446569,-10.550624
1.5976562,-19.375267,-11.091195,-19.399847,-10.577741
1.5996093,-19.332727,-11.176029,-19.386692,-10.664459
1.6015625,-19.321207,-10.983854,-19.353058,-10.609164
1.6035156,-19.28359,-10.890555,-19.306076,-10.520125
1.6054687,-19.236364,-11.075804,-19.290672,-10.507332
1.6074218,-19.202938,-11.042784,-19.24251,-10.524862
1.609375,-19.174219,-10.782653,-19.208277,-10.489408
1.6113281,-19.134758,-10.815131,-19.197205,-10.373933
1.6132812,-19.095203,-11.045901,-19.144556,-10.384229
1.6152343,-19.066723,-10.949681,-19.095606,-10.454947
1.6171875,-19.018345,-10.676988,-19.072203,-10.326512
1.6191406,-18.982477,-10.697296,-19.029238,-10.248056
1.6210937,-18.938833,-10.883922,-18.980989,-10.378893
1.6230468,-18.900932,-10.862884,-18.952497,-10.378942
1.625,-18.8668,-10.631138,-18.914631,-10.205255
1.6269531,-18.817339,-10.569082,-18.871687,-10.148225
1.6289062,-18.782341,-10.73655,-18.824242,-10.220228
1.6308593,-18.737694,-10.759878,-18.787596,-10.215515
1.6328125,-18.692961,-10.528817,-18.751472,-10.095961
1.6347656,-18.660904,-10.422031,-18.700996,-10.060375
1.6367187,-18.607908,-10.616191,-18.650005,-10.113527
1.6386718,-18.548008,-10.662411,-18.614309,-10.069759
1.640625,-18.5051,-10.373367,-18.582031,-9.978898
1.6425781,-18.459843,-10.292542,-18.534122,-9.9824113
1.6445312,-18.41449,-10.579896,-18.478401,-9.9743747
1.6464843,-18.360752,-10.612398,-18.410873,-9.8527965
1.6484375,-18.314947,-10.250653,-18.365164,-9.7953157
1.6503906,-18.267946,-10.114476,-18.327127,-9.9231672
1.6523437,-18.204828,-10.418566,-18.276152,-10.006368
1.6542968,-18.155668,-10.489731,-18.231703,-9.823409
1.65625,-18.109118,-10.125439,-18.168856,-9.6199665
1.6582031,-18.052305,-10.039736,-18.106482,-9.6866874
1.6601562,-18.000559,-10.309236,-18.064564,-9.805047
1.6621093,-17.950039,-10.309008,-17.990942,-9.7141284
1.6640625,-17.901133,-9.9888687,-17.938839,-9.5805664
1.6660156,-17.853052,-9.9037408,-17.900797,-9.5891685
1.6679687,-17.780691,-10.123932,-17.823883,-9.6935482
1.6699218,-17.722221,-10.110853,-17.776489,-9.6118497
1.671875,-17.675655,-9.8377304,-17.729025,-9.3502931
1.6738281,-17.612556,-9.8720531,-17.674915,-9.3946905
1.6757812,-17.546774,-10.069994,-17.625872,-9.5859279
1.6777343,-17.491089,-9.9482173,-17.560274,-9.4419527
1.6796875,-17.44169,-9.7061948,-17.505302,-9.1836233
1.6816406,-17.383076,-9.7349929,-17.457323,-9.2248458
1.6835937,-17.312826,-9.8988018,-17.407253,-9.4149141
1.6855468,-17.246481,-9.759057,-17.336332,-9.3018426
1.6875,-17.183035,-9.5149946,-17.248491,-9.0173606
1.6894531,-17.117508,-9.6166181,-17.184486,-9.040678
1.6914062,-17.059666,-9.8270521,-17.127092,-9.294981
1.6933593,-16.999882,-9.7028093,-17.071657,-9.3324146
1.6953125,-16.939604,-9.4186821,-17.004257,-9.0634717
1.6972656,-16.868677,-9.381277,-16.924232,-8.8710308
1.6992187,-16.798874,-9.5173034,-16.867691,-8.9716215
1.7011718,-16.737961,-9.4978294,-16.801037,-9.08813
1.703125,-16.669849,-9.3589143,-16.743895,-8.9599437
1.7050781,-16.594021,-9.3172273,-16.676313,-8.7644405
1.7070312,-16.522783,-9.3520107,-16.575754,-8.7881126
1.7089843,-16.452869,-9.3450117,-16.511511,-8.854433
1.7109375,-16.393187,-9.2514715,-16.461287,-8.7822008
1.7128906,-16.329632,-9.1677446,-16.388136,-8.7621498
1.7148437,-16.247643,-9.1698064,-16.317968,-8.7447481
1.7167968,-16.173832,-9.1395368,-16.258398,-8.6016511
1.71875,-16.096563,-9.0263567,-16.187904,-8.5059967
1.7207031,-16.031267,-9.009016,-16.10404,-8.549261
1.7226562,-15.957663,-9.0781278,-16.02754,-8.5478906
1.7246093,-15.875664,-9.0595455,-15.955093,-8.4229297
1.7265625,-15.8046,-8.8788099,-15.888983,-8.4090929
1.7285156,-15.73333,-8.7714185,-15.823872,-8.5040445
1.7304687,-15.65274,-8.9013147,-15.744016,-8.4175367
1.7324218,-15.572762,-8.9261121,-15.654612,-8.20401
1.734375,-15.507583,-8.7229042,-15.578743,-8.1676511
1.7363281,-15.428102,-8.6108408,-15.519794,-8.3089628
1.7382812,-15.350878,-8.7014665,-15.444251,-8.3427753
1.7402343,-15.274983,-8.7066774,-15.357454,-8.126214
1.7421875,-15.195171,-8.5683794,-15.267967,-7.9230103
1.7441406,-15.11388,-8.4555864,-15.184077,-8.0240583
1.7460937,-15.032786,-8.4719286,-15.10271,-8.1784725
1.7480468,-14.950006,-8.5627088,-15.027958,-8.0633459
1.75,-14.861686,-8.4831438,-14.959275,-7.8500466
1.7519531,-14.779657,-8.2973461,-14.867245,-7.863604
1.7539062,-14.699698,-8.2904081,-14.785166,-7.9457736
1.7558593,-14.619275,-8.4187269,-14.701583,-7.7913069
1.7578125,-14.535128,-8.3434076,-14.620475,-7.6474962
1.7597656,-14.453949,-8.0857133,-14.547387,-7.7186703
1.7617187,-14.363586,-8.0376482,-14.449485,-7.7812814
1.7636718,-14.275947,-8.1944122,-14.377151,-7.6125507
1.765625,-14.196841,-8.169238,-14.300221,-7.4278268
1.7675781,-14.10748,-7.9758195,-14.194086,-7.520771
1.7695312,-14.022752,-7.9140896,-14.101323,-7.5980362
1.7714843,-13.932195,-7.9725441,-14.019535,-7.4177236
1.7734375,-13.840473,-7.9457917,-13.924858,-7.297801
1.7753906,-13.757432,-7.7860178,-13.834332,-7.4217648
1.7773437,-13.662452,-7.7598156,-13.764198,-7.4165597
1.7792968,-13.581994,-7.8465385,-13.67238,-7.2092437
1.78125,-13.496543,-7.7533135,-13.587171,-7.1186471
1.7832031,-13.386703,-7.5875949,-13.499746,-7.1218924
1.7851562,-13.297381,-7.5351905,-13.39935,-7.1154098
1.7871093,-13.22134,-7.6004452,-13.308116,-7.0313143
1.7890625,-13.133262,-7.6506891,-13.213798,-6.9207897
1.7910156,-13.02789,-7.5000362,-13.122341,-6.9018816
1.7929687,-12.931885,-7.2666101,-13.030025,-6.9381976
1.7949218,-12.841257,-7.2895693,-12.93925,-6.9225688
1.796875,-12.747263,-7.4795222,-12.830623,-6.7834153
1.7988281,-12.657144,-7.4089603,-12.736686,-6.6667194
1.8007812,-12.559272,-7.1443128,-12.641218,-6.6825757
1.8027343,-12.458709,-7.0854105,-12.532175,-6.7514019
1.8046875,-12.366392,-7.1804747,-12.436746,-6.6569891
1.8066406,-12.278406,-7.1405787,-12.337472,-6.4708132
1.8085937,-12.170451,-7.0147657,-12.244873,-6.4779019
1.8105468,-12.073217,-6.9514112,-12.152889,-6.5386261
1.8125,-11.980912,-6.9204211,-12.05562,-6.438466
1.8144531,-11.885249,-6.901658,-11.961562,-6.2356843
1.8164062,-11.785026,-6.8763461,-11.873103,-6.1871428
1.8183593,-11.678864,-6.7661733,-11.771724,-6.280446
1.8203125,-11.602561,-6.6480326,-11.668022,-6.1915631
1.8222656,-11.49502,-6.6676626,-11.565167,-5.9823236
1.8242187,-11.383826,-6.6821966,-11.469646,-5.9712023
1.8261718,-11.288319,-6.5232458,-11.360756,-6.0842528
1.828125,-11.184948,-6.4090333,-11.254049,-6.0329222
1.8300781,-11.086889,-6.491621,-11.162988,-5.8373127
1.8320312,-10.982755,-6.5133543,-11.044954,-5.7854199
1.8339843,-10.89381,-6.3326597,-10.946281,-5.8567228
1.8359375,-10.789346,-6.1830577,-10.851788,-5.7545194
1.8378906,-10.673966,-6.189466,-10.73627,-5.5963888
1.8398437,-10.570797,-6.1943178,-10.642339,-5.5698523
1.8417968,-10.462171,-6.1260595,-10.537578,-5.5830254
1.84375,-10.353365,-6.0719413,-10.43222,-5.5067582
1.8457031,-10.246267,-6.0469622,-10.335887,-5.3612132
1.8476562,-10.13901,-5.9843254,-10.23365,-5.3259143
1.8496093,-10.029791,-5.8883824,-10.120931,-5.3488369
1.8515625,-9.9245462,-5.8309612,-9.9956188,-5.2301449
1.8535156,-9.8255481,-5.7984571,-9.9137163,-5.0907769
1.8554687,-9.7160177,-5.7287745,-9.8059396,-5.1240205
1.8574218,-9.6200599,-5.6240449,-9.6802463,-5.1736426
1.859375,-9.5187969,-5.5406413,-9.5842762,-4.9949874
1.8613281,-9.3983726,-5.4948616,-9.4775228,-4.7823734
1.8632812,-9.2904043,-5.4235248,-9.3718643,-4.8483705
1.8652343,-9.1828193,-5.3722095,-9.2587165,-4.9341583
1.8671875,-9.0695695,-5.3755116,-9.1485662,-4.7347741
1.8691406,-8.9634199,-5.3252906,-9.0396452,-4.5232892
1.8710937,-8.8580713,-5.1952571,-8.9180097,-4.5808076
1.8730468,-8.7450628,-5.1168904,-8.7892437,-4.6567735
1.875,-8.6426849,-5.0819978,-8.6911659,-4.4904255
1.8769531,-8.5345258,-4.9971756,-8.6000366,-4.3170919
1.8789062,-8.4210434,-4.9173278,-8.4720792,-4.3964638
1.8808593,-8.3073873,-4.8436241,-8.3644332,-4.3921823
1.8828125,-8.1857261,-4.7916336,-8.2485799,-4.080111
1.8847656,-8.0786914,-4.7652893,-8.1310348,-3.9507637
1.8867187,-7.9712524,-4.7149519,-8.0317869,-4.1426982
1.8886718,-7.8508129,-4.6579346,-7.9169812,-4.1548848
1.890625,-7.7429466,-4.5158801,-7.8111772,-3.8561153
1.8925781,-7.628478,-4.3812851,-7.6915378,-3.6776711
1.8945312,-7.5185284,-4.4264369,-7.5815262,-3.7745711
1.8964843,-7.4027333,-4.3970079,-7.4794421,-3.8022575
1.8984375,-7.2833342,-4.1831979,-7.3534994,-3.5874078
1.9003906,-7.1716027,-4.0831208,-7.2313323,-3.4044885
1.9023437,-7.0539798,-4.1654281,-7.1253943,-3.4618682
1.9042968,-6.947062,-4.1292529,-7.0071535,-3.5194249
1.90625,-6.8223338,-3.9194521,-6.8779993,-3.3710551
1.9082031,-6.7055015,-3.7889258,-6.7663283,-3.1361684
1.9101562,-6.58816,-3.8013842,-6.6613979,-3.102184
1.9121093,-6.4768486,-3.8011024,-6.5591015,-3.2385253
1.9140625,-6.3707613,-3.6685535,-6.4276919,-3.1003634
1.9160156,-6.2445712,-3.5247783,-6.3192319,-2.7481546
1.9179687,-6.1362342,-3.4437236,-6.2122063,-2.6891279
1.9199218,-6.0252623,-3.4003796,-6.0818395,-2.8998644
1.921875,-5.8937563,-3.3606231,-5.9764084,-2.7968204
1.9238281,-5.7810792,-3.2350366,-5.8503093,-2.4097044
1.9257812,-5.6732192,-3.1268448,-5.7348718,-2.3580887
1.9277343,-5.539308,-3.1133461,-5.6067104,-2.5533917
1.9296875,-5.4157996,-3.0354697,-5.4962391,-2.4668409
1.9316406,-5.3043098,-2.9069161,-5.3779406,-2.1337044
1.9335937,-5.1848759,-2.8729138,-5.2479353,-2.054775
1.9355468,-5.0719566,-2.8408904,-5.1438956,-2.1788291
1.9375,-4.9575018,-2.6802647,-4.9996242,-2.0546283
1.9394531,-4.835257,-2.49897,-4.8853602,-1.7765801
1.9414062,-4.7169871,-2.4835546,-4.7697105,-1.7019127
1.9433593,-4.5946288,-2.4955024,-4.6505646,-1.8084636
1.9453125,-4.4808683,-2.3273348,-4.5423784,-1.7221571
1.9472656,-4.3595662,-2.1898117,-4.4047012,-1.4301322
1.9492187,-4.2373962,-2.1955494,-4.2801032,-1.2905303
1.9511718,-4.1205315,-2.1040155,-4.1664481,-1.341245
1.953125,-3.991677,-1.9298033,-4.0481033,-1.3207818
1.9550781,-3.8806841,-1.8418428,-3.9336509,-1.1221793
1.9570312,-3.7608597,-1.8090645,-3.8120017,-0.94983202
1.9589843,-3.6285841,-1.7608722,-3.7034449,-0.89613861
1.9609375,-3.5111188,-1.5965497,-3.5948321,-0.82860488
1.9628906,-3.3910889,-1.4434588,-3.4584326,-0.72025192
1.9648437,-3.2748813,-1.4494926,-3.3462193,-0.5685764
1.9667968,-3.157551,-1.4087528,-3.2255423,-0.41598475
1.96875,-3.0244684,-1.2036026,-3.0912232,-0.39739242
1.9707031,-2.9016406,-1.0292056,-2.9807498,-0.39718938
1.9726562,-2.7902982,-1.0217332,-2.8626301,-0.23093928
1.9746093,-2.6656305,-1.0119462,-2.7399842,-0.043194894
1.9765625,-2.544914,-0.85027456,-2.6133337,0.024862202
1.9785156,-2.427387,-0.63854694,-2.4825444,0.058960192
1.9804687,-2.2990255,-0.59581989,-2.3570356,0.15795344
1.9824218,-2.1747651,-0.58688748,-2.2268405,0.2369056
1.984375,-2.0614161,-0.42230853,-2.1191833,0.17997733
1.9863281,-1.9308015,-0.28151613,-2.0133123,0.12101092
1.9882812,-1.7976396,-0.22967523,-1.8850059,0.14739919
1.9902343,-1.6889334,-0.14236008,-1.7630958,0.24665019
1.9921875,-1.565643,-0.024667684,-1.6417836,0.31663442
1.9941406,-1.4400856,0.056539454,-1.5123018,0.24549985
1.9960937,-1.3185067,0.19465622,-1.3826504,0.16189505
1.9980468,-1.1870876,0.31111997,-1.2716797,0.16339125
2.0,-1.0635007,0.31286713,-1.157289,0.24807762
2.0019531,-0.95342875,0.25311732,-1.0301561,0.27802792
2.0039062,-0.82331806,0.23818764,-0.90265805,0.19217229
2.0058593,-0.69789863,0.33183327,-0.76962048,0.17682785
2.0078125,-0.58831167,0.36631829,-0.65571225,0.27194503
2.0097656,-0.45564449,0.28501499,-0.54378033,0.25470272
2.0117187,-0.33665207,0.24896048,-0.39549702,0.12444005
2.0136718,-0.21859182,0.36717129,-0.26475796,0.17592861
2.015625,-0.094069205,0.3905406,-0.15032636,0.36822999
2.0175781,0.034343548,0.26734072,-0.025804803,0.31712493
2.0195312,0.15696184,0.26103541,0.093903676,0.14182997
2.0214843,0.27353385,0.34919232,0.22627814,0.36229426
2.0234375,0.41453099,0.34841818,0.33477536,0.74859113
2.0253906,0.53791755,0.27474636,0.45022583,0.77351451
2.0273437,0.65307486,0.30984652,0.57943195,0.625328
2.0292968,0.77682567,0.31506854,0.70469111,0.85144538
2.03125,0.89988446,0.25085467,0.84508049,1.3148571
2.0332031,1.021493,0.32354382,0.96270096,1.3589655
2.0351562,1.1505045,0.40312719,1.0834916,1.1317954
2.0371093,1.2664923,0.34051287,1.2043941,1.2894336
2.0390625,1.3817087,0.28857532,1.304636,1.7530938
2.0410156,1.5168069,0.39776081,1.4281033,1.9005125
2.0429687,1.6318975,0.59766674,1.5743191,1.7593179
2.0449218,1.7608766,0.72302824,1.6804378,1.9337649
2.046875,1.8775453,0.70324266,1.8074272,2.2956459
2.0488281,2.0035142,0.70769262,1.9475839,2.2754948
2.0507812,2.1245746,0.88059056,2.0541217,2.1775422
2.0527343,2.2314715,1.097011,2.1830203,2.4481556
2.0546875,2.3660185,1.1621389,2.3062231,2.7286024
2.0566406,2.4899706,1.22949,2.4428966,2.7167441
2.0585937,2.6202368,1.5140095,2.5573506,2.6983506
2.0605468,2.7259278,1.7107042,2.6576075,2.8994429
2.0625,2.8479924,1.6135288,2.789047,3.0920543
2.0644531,2.9782517,1.6575212,2.9283392,3.1529321
2.0664062,3.088525,2.0804166,3.0498414,3.2806897
2.0683593,3.2157135,2.3060827,3.157098,3.4174597
2.0703125,3.3321185,2.1443874,3.2848606,3.4110369
2.0722656,3.4542014,2.1677527,3.3940079,3.4849405
2.0742187,3.5843226,2.5607698,3.5046696,3.7540803
2.0761718,3.703294,2.8163042,3.6346879,3.8941113
2.078125,3.8167467,2.659506,3.7481396,3.8285267
2.0800781,3.9385416,2.6091167,3.8677308,3.9297351
2.0820312,4.0593819,2.9867987,3.9890093,4.1512255
2.0839843,4.1803765,3.2917127,4.0996151,4.2054047
2.0859375,4.3085622,3.1906969,4.2374024,4.1843781
2.0878906,4.4266557,3.1356403,4.3560509,4.3039546
2.0898437,4.5375666,3.3925769,4.4653492,4.5513467
2.0917968,4.6575126,3.6316301,4.5984239,4.5795159
2.09375,4.7872233,3.6314988,4.7057757,4.4864802
2.0957031,4.9027419,3.6539394,4.8296661,4.656681
2.0976562,5.0160718,3.8522529,4.9553384,4.9058194
2.0996093,5.1362247,3.9887001,5.0625076,4.9525785
2.1015625,5.2528209,4.0086312,5.1841497,4.8743948
2.1035156,5.3749547,4.0930719,5.3121542,5.0017032
2.1054687,5.4879446,4.2847504,5.4327697,5.2420082
2.1074218,5.617309,4.3993949,5.5374765,5.2671465
2.109375,5.7339606,4.401649,5.655127,5.1798658
2.1113281,5.8359122,4.4620962,5.765809,5.3017449
2.1132812,5.9716014,4.58008,5.8789143,5.6050343
2.1152343,6.0830864,4.7398767,5.994296,5.6607832
2.1171875,6.193829,4.8936967,6.1190781,5.551301
2.1191406,6.3209829,4.8671455,6.2485675,5.6715583
2.1210937,6.432167,4.8837289,6.3605871,5.9115138
2.1230468,6.5413394,5.0842547,6.4931235,5.9179768
2.125,6.6650528,5.2155895,6.5887107,5.7721509
2.1269531,6.7955422,5.2257185,6.6953973,5.8943758
2.1289062,6.9035978,5.2872495,6.8306441,6.205955
2.1308593,7.0134086,5.4028081,6.9527068,6.3098917
2.1328125,7.1258378,5.4367618,7.0693402,6.2205114
2.1347656,7.2361598,5.5132403,7.1693978,6.1830887
2.1367187,7.3554348,5.7000517,7.2962513,6.3359561
2.1386718,7.4697608,5.8296918,7.4129014,6.5275492
2.140625,7.5812268,5.7902517,7.5236954,6.5714058
2.1425781,7.6969466,5.7829098,7.6387138,6.5483875
2.1445312,7.8090448,5.9466023,7.7477307,6.6127848
2.1464843,7.9220113,6.0865583,7.8620185,6.779766
2.1484375,8.0449581,6.1277699,7.9750628,6.8633675
2.1503906,8.1542568,6.1356282,8.0942907,6.8255457
2.1523437,8.2639493,6.2242846,8.1929512,6.8832793
2.1542968,8.3767795,6.3274745,8.2990884,7.0529522
2.15625,8.4877262,6.3720397,8.4190206,7.1079893
2.1582031,8.5995788,6.4591217,8.5245542,7.1076765
2.1601562,8.7111768,6.563869,8.6390543,7.2225818
2.1621093,8.8222436,6.6105279,8.773981,7.3113713
2.1640625,8.9241991,6.6324796,8.8849353,7.3167648
2.1660156,9.0514431,6.7132639,8.981204,7.3293805
2.1679687,9.1538667,6.8326306,9.0994186,7.3660607
2.1699218,9.2503328,6.908226,9.2012081,7.4732914
2.171875,9.3647193,6.8710241,9.3033742,7.6048755
2.1738281,9.4635372,6.9088192,9.4039163,7.6582589
2.1757812,9.5849914,7.140738,9.5033817,7.6833992
2.1777343,9.6964216,7.2756524,9.6203556,7.7789568
2.1796875,9.7994728,7.1873359,9.7321519,7.8962216
2.1816406,9.909769,7.0850253,9.8414964,7.9239125
2.1835937,10.015441,7.241425,9.9532928,7.8757238
2.1855468,10.119584,7.5098657,10.065729,7.8890318
2.1875,10.225341,7.5256342,10.175588,8.0158643
2.1894531,10.336677,7.3958711,10.283927,8.1029596
2.1914062,10.434092,7.4707903,10.363436,8.0917215
2.1933593,10.530405,7.714333,10.464004,8.1202583
2.1953125,10.649028,7.7443676,10.582196,8.2579155
2.1972656,10.751705,7.6573276,10.673902,8.4197244
2.1992187,10.843024,7.7658481,10.782151,8.4562444
2.2011718,10.955093,7.8958869,10.893358,8.3697748
2.203125,11.066256,7.8945226,10.998434,8.3870859
2.2050781,11.159921,7.9179182,11.096272,8.5253458
2.2070312,11.262591,8.0037632,11.201846,8.5808982
2.2089843,11.36759,8.082901,11.30422,8.552165
2.2109375,11.463523,8.1386013,11.399052,8.6077394
2.2128906,11.565072,8.1443157,11.503166,8.7420835
2.2148437,11.661283,8.1878089,11.602612,8.7923851
2.2167968,11.773366,8.3187704,11.714513,8.796957
2.21875,11.879655,8.3984632,11.815751,8.8594226
2.2207031,11.97128,8.3458242,11.913774,8.9092512
2.2226562,12.067699,8.326209,12.011802,8.9119463
2.2246093,12.169008,8.4665727,12.0901,8.9526882
2.2265625,12.263054,8.619379,12.173674,9.0329647
2.2285156,12.35383,8.6077213,12.271157,9.1383152
2.2304687,12.461392,8.5597562,12.391793,9.2326822
2.2324218,12.554784,8.6817159,12.46885,9.2645368
2.234375,12.650934,8.8192215,12.547133,9.2457723
2.2363281,12.74404,8.7625236,12.66559,9.2079439
2.2382812,12.823091,8.7130069,12.767578,9.3260135
2.2402343,12.923697,8.8802547,12.863776,9.4967784
2.2421875,13.026188,9.0436201,12.949577,9.4107856
2.2441406,13.115057,9.0198936,13.054906,9.2550096
2.2460937,13.208621,8.9263391,13.150668,9.4305515
2.2480468,13.303061,8.9701404,13.239733,9.7109756
2.25,13.394083,9.1418895,13.33802,9.6185503
2.2519531,13.484234,9.1945018,13.432248,9.4361152
2.2539062,13.576941,9.1173315,13.5307,9.6001186
2.2558593,13.66663,9.1503515,13.626168,9.8526763
2.2578125,13.739426,9.3107481,13.703989,9.8000383
2.2597656,13.832829,9.3655052,13.77354,9.6283016
2.2617187,13.930698,9.3215999,13.865436,9.7022571
2.2636718,14.01037,9.4004821,13.9621,10.021421
2.265625,14.106688,9.4836683,14.045754,10.159082
2.2675781,14.198558,9.440484,14.132423,9.9026908
2.2695312,14.276686,9.4456968,14.228029,9.7795629
2.2714843,14.369525,9.5359497,14.294224,10.06968
2.2734375,14.451718,9.6032276,14.374973,10.257579
2.2753906,14.527138,9.6311435,14.472357,10.048111
2.2773437,14.628668,9.633049,14.55435,9.9978532
2.2792968,14.712285,9.6902771,14.638705,10.305996
2.28125,14.786482,9.783452,14.721061,10.377321
2.2832031,14.878824,9.7356767,14.811172,10.144251
2.2851562,14.957229,9.7268409,14.881267,10.154269
2.2871093,15.039042,9.8711719,14.961964,10.432257
2.2890625,15.127117,9.9289341,15.046047,10.466707
2.2910156,15.194507,9.8859996,15.133834,10.315143
2.2929687,15.277459,9.8836641,15.241994,10.396017
2.2949218,15.361892,9.9776144,15.306188,10.570956
2.296875,15.436712,10.088258,15.378123,10.515477
2.2988281,15.510332,10.07947,15.452957,10.35815
2.3007812,15.586062,10.032411,15.514645,10.475986
2.3027343,15.667589,10.105385,15.597859,10.776297
2.3046875,15.736939,10.224469,15.678777,10.807093
2.3066406,15.818553,10.216961,15.755362,10.61158
2.3085937,15.891599,10.173885,15.828124,10.610875
2.3105468,15.965002,10.235892,15.916574,10.830048
2.3125,16.031317,10.317596,15.985696,10.878465
2.3144531,16.103207,10.334297,16.045614,10.695877
2.3164062,16.189867,10.337595,16.115217,10.686622
2.3183593,16.254095,10.424509,16.194756,10.940302
2.3203125,16.326637,10.452765,16.289255,11.049382
2.3222656,16.391985,10.377738,16.351776,10.92432
2.3242187,16.470896,10.415581,16.420515,10.856608
2.3261718,16.549852,10.567341,16.49732,10.927513
2.328125,16.611181,10.617569,16.565641,11.054747
2.3300781,16.683147,10.498969,16.633539,11.08012
2.3320312,16.746412,10.483104,16.691761,11.007604
2.3339843,16.808029,10.667694,16.749973,11.03631
2.3359375,16.877802,10.744331,16.819595,11.183995
2.3378906,16.943018,10.671307,16.891403,11.27408
2.3398437,17.003889,10.683794,16.955448,11.229229
2.3417968,17.075541,10.768766,17.021606,11.176413
2.34375,17.133783,10.803257,17.072828,11.222313
2.3457031,17.193665,10.781914,17.149622,11.310151
2.3476562,17.260916,10.785244,17.218729,11.325179
2.3496093,17.318697,10.872028,17.258419,11.30368
2.3515625,17.379404,10.925236,17.33617,11.311622
2.3535156,17.449209,10.879866,17.383738,11.384274
2.3554687,17.50749,10.89329,17.442505,11.473209
2.3574218,17.565357,10.990002,17.516661,11.451477
2.359375,17.630547,10.99383,17.563313,11.42739
2.3613281,17.683874,10.949516,17.631649,11.483311
2.3632812,17.746223,11.019468,17.702072,11.534829
2.3652343,17.800234,11.102796,17.748014,11.550776
2.3671875,17.860956,11.082539,17.798147,11.516207
2.3691406,17.911278,11.06231,17.867407,11.491211
2.3710937,17.959858,11.12699,17.911087,11.600544
2.3730468,18.0196,11.179683,17.964518,11.708944
2.375,18.062777,11.200609,18.019533,11.643316
2.3769531,18.116531,11.219997,18.071177,11.608644
2.3789062,18.174915,11.224,18.11442,11.725269
2.3808593,18.232395,11.286804,18.171707,11.808015
2.3828125,18.278334,11.339127,18.242544,11.746863
2.3847656,18.317289,11.247525,18.27565,11.708055
2.3867187,18.367844,11.185849,18.33359,11.775701
2.3886718,18.424566,11.340641,18.38232,11.812339
2.390625,18.460983,11.519839,18.414089,11.806323
2.3925781,18.507383,11.440832,18.466553,11.791475
2.3945312,18.569281,11.25308,18.508432,11.844207
2.3964843,18.60924,11.360181,18.555569,11.950183
2.3984375,18.648272,11.566286,18.602575,11.952002
2.4003906,18.695404,11.486604,18.64308,11.899
2.4023437,18.737354,11.340851,18.681253,11.914933
2.4042968,18.773943,11.433788,18.716516,11.984905
2.40625,18.826679,11.62817,18.761831,12.021275
2.4082031,18.861559,11.61335,18.801058,12.003036
2.4101562,18.910488,11.46184,18.869934,11.996866
2.4121093,18.954559,11.450273,18.917536,12.040052
2.4140625,18.977518,11.605931,18.933353,12.051816
2.4160156,19.036747,11.65167,18.996572,11.963634
2.4179687,19.06612,11.560687,19.029173,11.964231
2.4199218,19.088804,11.590843,19.050295,12.143909
2.421875,19.129221,11.651924,19.098116,12.167169
2.4238281,19.168251,11.670067,19.135738,12.026073
2.4257812,19.205351,11.71694,19.176783,12.081409
2.4277343,19.237373,11.701088,19.203274,12.241817
2.4296875,19.270752,11.631956,19.232946,12.200707
2.4316406,19.298044,11.660632,19.281214,12.0486
2.4335937,19.342541,11.741116,19.307869,12.128889
2.4355468,19.374243,11.761605,19.332392,12.328671
2.4375,19.398375,11.749731,19.363886,12.260809
2.4394531,19.429024,11.71465,19.376276,12.10005
2.4414062,19.446423,11.715779,19.414934,12.200747
2.4433593,19.487892,11.788322,19.446297,12.411495
2.4453125,19.518574,11.840576,19.470667,12.38666
2.4472656,19.529409,11.833117,19.505608,12.150535
2.4492187,19.566576,11.76691,19.513367,12.152665
2.4511718,19.596956,11.744186,19.548132,12.420737
2.453125,19.608801,11.852351,19.584974,12.436041
2.4550781,19.639648,11.904767,19.601217,12.228731
2.4570312,19.665634,11.813242,19.624762,12.20598
2.4589843,19.682018,11.787486,19.647638,12.37018
2.4609375,19.710714,11.870538,19.668648,12.441722
2.4628906,19.725622,11.929469,19.683315,12.337955
2.4648437,19.745731,11.882668,19.698074,12.280196
2.4667968,19.768732,11.799209,19.726641,12.393949
2.46875,19.788889,11.863124,19.748634,12.502033
2.4707031,19.807808,11.980599,19.760015,12.426279
2.4726562,19.810596,11.952156,19.77943,12.302703
2.4746093,19.834253,11.822849,19.808033,12.358637
2.4765625,19.851223,11.83148,19.822901,12.502964
2.4785156,19.85877,12.024273,19.814243,12.48125
2.4804687,19.884115,12.044496,19.826183,12.332788
2.4824218,19.888294,11.8622,19.855881,12.347741
2.484375,19.908712,11.823015,19.881809,12.574336
2.4863281,19.924269,11.95938,19.897743,12.618224
2.4882812,19.93334,12.047411,19.907187,12.358007
2.4902343,19.944532,11.914588,19.909286,12.256166
2.4921875,19.944788,11.800718,19.902126,12.487936
2.4941406,19.972555,11.934425,19.923336,12.638187
2.4960937,19.975634,12.067387,19.947889,12.489255
2.4980468,19.973738,11.996178,19.957275,12.380943
2.5,19.985243,11.838656,19.969254,12.491293
2.5019531,19.993347,11.888435,19.976336,12.567894
2.5039062,19.995903,12.064774,19.984884,12.468225
2.5058593,20.008703,12.029637,19.982887,12.405553
2.5078125,20.016787,11.887144,19.980913,12.504439
2.5097656,20.011112,11.89966,19.980534,12.571637
2.5117187,20.023941,11.968854,19.982441,12.522386
2.5136718,20.022871,11.955806,19.997164,12.488489
2.515625,20.021011,11.921197,20.003578,12.538208
2.5175781,20.028164,11.918612,19.995495,12.561042
2.5195312,20.028502,11.945335,20.001373,12.523761
2.5214843,20.023445,11.930455,20.014612,12.502585
2.5234375,20.027025,11.886583,20.005846,12.533969
2.5253906,20.024317,11.833709,20.001566,12.530685
2.5273437,20.016666,11.735221,20.017313,12.502071
2.5292968,20.017979,11.658368,20.016796,12.51239
2.53125,20.017935,11.569811,20.007244,12.490986
2.5332031,20.018291,11.431798,20.019451,12.441321
2.5351562,20.013584,11.163137,20.021507,12.350518
2.5371093,20.018406,10.898589,19.999189,12.239683
2.5390625,20.008377,10.983612,19.989716,12.097005
2.5410156,19.98946,11.082871,19.996548,11.96462
2.5429687,19.983219,10.914322,19.996805,11.698689
2.5449218,19.962414,10.838516,20.003031,11.385302
2.546875,19.942427,11.006113,19.975645,11.421844
2.5488281,19.933443,11.113185,19.960241,11.498167
2.5507812,19.922489,10.992826,19.956707,11.430404
2.5527343,19.898411,10.885725,19.945675,11.435535
2.5546875,19.884621,10.922237,19.934813,11.520864
2.5566406,19.871595,10.973461,19.901464,11.522057
2.5585937,19.837797,10.939342,19.881153,11.373731
2.5605468,19.823772,10.831702,19.843491,11.351169
2.5625,19.806158,10.81674,19.837151,11.531614
2.5644531,19.781187,10.945164,19.82482,11.602255
2.5664062,19.765167,10.9315,19.793091,11.447412
2.5683593,19.740894,10.751368,19.771116,11.29047
2.5703125,19.7209,10.712934,19.735718,11.332334
2.5722656,19.690805,10.831243,19.714853,11.442181
2.5742187,19.670338,10.850245,19.705418,11.404696
2.5761718,19.644133,10.699925,19.671352,11.29853
2.578125,19.614628,10.664735,19.628967,11.274975
2.5800781,19.60014,10.755593,19.618391,11.27989
2.5820312,19.55378,10.756057,19.600431,11.281004
2.5839843,19.522663,10.655988,19.57629,11.291633
2.5859375,19.507191,10.556646,19.5338,11.209153
2.5878906,19.477764,10.667293,19.510181,11.067532
2.5898437,19.452385,10.760399,19.490303,11.078063
2.5917968,19.41416,10.541917,19.4564,11.233281
2.59375,19.378576,10.379845,19.429653,11.191148
2.5957031,19.362061,10.52143,19.407063,10.955207
2.5976562,19.322197,10.680503,19.378046,10.944181
2.5996093,19.291502,10.560131,19.315447,11.142718
2.6015625,19.271854,10.282372,19.280231,11.080851
2.6035156,19.220362,10.293468,19.249643,10.859128
2.6054687,19.182051,10.490673,19.222038,10.946346
2.6074218,19.150774,10.445602,19.192791,11.161953
2.609375,19.113419,10.338458,19.149954,11.052915
2.6113281,19.073606,10.379268,19.105593,10.709699
2.6132812,19.031855,10.345613,19.055056,10.700704
2.6152343,18.980356,10.240499,19.024534,10.993232
2.6171875,18.938684,10.24964,18.989424,11.006391
2.6191406,18.919432,10.308187,18.933496,10.721235
2.6210937,18.880804,10.323663,18.880127,10.607147
2.6230468,18.831785,10.191122,18.84885,10.79098
2.625,18.789181,9.9686355,18.818321,10.90267
2.6269531,18.745697,9.9697961,18.775753,10.732697
2.6289062,18.703392,10.206085,18.730043,10.506536
2.6308593,18.660706,10.24368,18.682142,10.523776
2.6328125,18.617424,9.980546,18.628477,10.671366
2.6347656,18.570604,9.8401451,18.61359,10.629268
2.6367187,18.520874,9.9763298,18.564093,10.453306
2.6386718,18.475609,10.055237,18.489651,10.434585
2.640625,18.41704,9.9064226,18.460861,10.461996
2.6425781,18.369085,9.8096313,18.409782,10.414706
2.6445312,18.336796,9.8805341,18.387127,10.43996
2.6464843,18.283695,9.9733152,18.337858,10.422525
2.6484375,18.2283,9.8474884,18.261408,10.293926
2.6503906,18.179068,9.5710821,18.212608,10.173037
2.6523437,18.120548,9.5926847,18.154795,10.222813
2.6542968,18.060791,9.834568,18.102495,10.38675
2.65625,18.010933,9.8238687,18.04418,10.343791
2.6582031,17.959423,9.5828847,17.991529,10.1366
2.6601562,17.905622,9.5595302,17.919519,10.110095
2.6621093,17.848553,9.676855,17.855844,10.239076
2.6640625,17.791111,9.5694484,17.812691,10.209063
2.6660156,17.734682,9.3817901,17.744242,10.068338
2.6679687,17.675642,9.4308252,17.696398,10.043129
2.6699218,17.612741,9.5533485,17.65419,10.061827
2.671875,17.558329,9.4432086,17.593206,10.006392
2.6738281,17.497795,9.2686462,17.541903,9.8806285
2.6757812,17.426891,9.2668504,17.494246,9.8033084
2.6777343,17.380014,9.3527383,17.41877,9.8514976
2.6796875,17.315989,9.3496437,17.346508,9.8405771
2.6816406,17.24733,9.2497005,17.316328,9.7120809
2.6835937,17.198631,9.111412,17.248014,9.7423925
2.6855468,17.135801,9.1121606,17.157497,9.851284
2.6875,17.066782,9.2078685,17.099163,9.6594667
2.6894531,17.003405,9.0834407,17.037386,9.5080146
2.6914062,16.929871,8.9200182,16.977461,9.7409515
2.6933593,16.856285,9.0061073,16.902714,9.8337106
2.6953125,16.795723,9.1162595,16.828293,9.5012912
2.6972656,16.731268,9.0377273,16.77416,9.2865448
2.6992187,16.6684,8.8900804,16.704542,9.5470609
2.7011718,16.607008,8.8189077,16.633032,9.7188806
2.703125,16.533073,8.8224821,16.57877,9.3717317
2.7050781,16.462944,8.784378,16.494627,9.0966663
2.7070312,16.397852,8.6903963,16.419107,9.3653087
2.7089843,16.327232,8.6988782,16.367077,9.547925
2.7109375,16.25255,8.7463388,16.285418,9.2366056
2.7128906,16.171461,8.6671514,16.221111,9.029087
2.7148437,16.100584,8.5542755,16.161339,9.2013816
2.7167968,16.017408,8.5645809,16.093447,9.3178682
2.71875,15.947162,8.6422529,16.004908,9.0623235
2.7207031,15.891685,8.5706024,15.92177,8.8426599
2.7226562,15.804898,8.435997,15.860597,9.0061769
2.7246093,15.715093,8.3538808,15.777992,9.1979084
2.7265625,15.640417,8.2920913,15.718738,9.0552959
2.7285156,15.565379,8.3594226,15.639419,8.7587804
2.7304687,15.491318,8.4575214,15.549729,8.760045
2.7324218,15.421923,8.3318414,15.488355,8.9116783
2.734375,15.349074,8.1133146,15.397738,8.8623504
2.7363281,15.276272,8.0829963,15.319696,8.6506776
2.7382812,15.186044,8.143754,15.235664,8.5870065
2.7402343,15.109149,8.0699138,15.141668,8.7915773
2.7421875,15.029205,7.9618272,15.073004,8.8036232
2.7441406,14.942063,8.0322752,14.990898,8.5389156
2.7460937,14.866911,8.0701389,14.916492,8.4728088
2.7480468,14.778374,7.9268264,14.833415,8.6073436
2.75,14.69126,7.8108143,14.745808,8.5218935
2.7519531,14.605575,7.8327155,14.669074,8.2910451
2.7539062,14.532712,7.8827805,14.577801,8.3113746
2.7558593,14.452653,7.7976574,14.495036,8.460165
2.7578125,14.359728,7.6510648,14.400496,8.3612813
2.7597656,14.271853,7.5783257,14.315328,8.1743164
2.7617187,14.188238,7.5932936,14.250888,8.2040338
2.7636718,14.106102,7.6229825,14.1597,8.2779073
2.765625,14.020081,7.5717392,14.074738,8.1611909
2.7675781,13.924911,7.4584217,13.986005,7.9242372
2.7695312,13.837232,7.3838377,13.881261,7.9109573
2.7714843,13.752379,7.3760647,13.796775,8.0841007
2.7734375,13.659038,7.4021582,13.715936,8.0502414
2.7753906,13.574281,7.3471231,13.619157,7.8985195
2.7773437,13.484506,7.2131643,13.526319,7.8261127
2.7792968,13.401225,7.168715,13.434609,7.8198742
2.78125,13.31025,7.1724553,13.357217,7.8165197
2.7832031,13.207819,7.1249542,13.263489,7.7395219
2.7851562,13.112442,7.0123944,13.144648,7.6632132
2.7871093,13.02417,6.9750194,13.06157,7.5929327
2.7890625,12.936542,7.0660281,12.978903,7.5710268
2.7910156,12.831141,7.0390486,12.89071,7.6489596
2.7929687,12.744293,6.8123297,12.807539,7.5740857
2.7949218,12.654533,6.6789445,12.71386,7.3320713
2.796875,12.552933,6.8356871,12.596218,7.2358527
2.7988281,12.469671,6.8639917,12.488185,7.320136
2.8007812,12.369274,6.6105871,12.413292,7.3829078
2.8027343,12.2704,6.4942364,12.317198,7.3486862
2.8046875,12.176669,6.5770807,12.198995,7.2367005
2.8066406,12.072499,6.6142168,12.106563,7.0719132
2.8085937,11.977525,6.4704132,12.027799,7.037939
2.8105468,11.876903,6.3567156,11.930561,7.1785903
2.8125,11.774628,6.4009876,11.832735,7.1098566
2.8144531,11.685029,6.3797354,11.732849,6.7666039
2.8164062,11.595125,6.2573523,11.623754,6.6966886
2.8183593,11.491584,6.1800913,11.520183,6.9544568
2.8203125,11.373345,6.109652,11.414799,6.9486479
2.8222656,11.280891,6.028613,11.322478,6.6746544
2.8242187,11.188487,6.0501709,11.245875,6.5982499
2.8261718,11.071376,6.1040978,11.126598,6.7448163
2.828125,10.974031,5.9855227,11.025226,6.6520566
2.8300781,10.865623,5.75879,10.935599,6.2951746
2.8320312,10.760379,5.7704477,10.827539,6.3362083
2.8339843,10.667071,5.8965268,10.739455,6.615437
2.8359375,10.550838,5.7971649,10.622335,6.4576063
2.8378906,10.455156,5.5722012,10.504449,6.0811057
2.8398437,10.359329,5.4852623,10.39924,6.0820078
2.8417968,10.25077,5.5906677,10.29552,6.4019722
2.84375,10.144828,5.5439744,10.201464,6.3595438
2.8457031,10.033197,5.3088374,10.105064,5.9852705
2.8476562,9.9351301,5.2568078,9.9778795,5.9337935
2.8496093,9.8237199,5.3655872,9.8632593,6.0648231
2.8515625,9.7200174,5.3298745,9.7738266,5.9403557
2.8535156,9.6190738,5.1120901,9.6628799,5.7804904
2.8554687,9.5028247,5.007442,9.5552415,5.8568038
2.8574218,9.3961658,5.0540885,9.4453191,5.8343429
2.859375,9.2881546,5.0232443,9.3534717,5.5785727
2.8613281,9.1837282,4.9095802,9.2386627,5.528522
2.8632812,9.0687542,4.8360958,9.1111497,5.6417408
2.8652343,8.9537,4.7847232,9.0157671,5.5243563
2.8671875,8.8523521,4.7006611,8.9077453,5.337871
2.8691406,8.7441453,4.6679911,8.8013658,5.397995
2.8710937,8.6301536,4.6492857,8.6739349,5.4590992
2.8730468,8.5224714,4.4919862,8.5513315,5.2142057
2.875,8.4131765,4.3283128,8.4571447,5.0209746
2.8769531,8.303852,4.3814683,8.3599004,5.2014122
2.8789062,8.1878919,4.4000954,8.2488718,5.3292837
2.8808593,8.073287,4.2022075,8.1383161,4.9753828
2.8828125,7.9661793,4.0815057,8.0289039,4.6150655
2.8847656,7.8483643,4.1328201,7.9121499,4.8236808
2.8867187,7.7426667,4.1253719,7.7945685,5.0636053
2.8886718,7.6298971,3.9300439,7.6776466,4.745306
2.890625,7.5115227,3.7915089,7.5914955,4.4401698
2.8925781,7.4039888,3.8347442,7.4645748,4.6508774
2.8945312,7.2839551,3.7539281,7.3447656,4.798943
2.8964843,7.1629147,3.551629,7.2379617,4.3811969
2.8984375,7.0581603,3.5161774,7.1067738,4.1088118
2.9003906,6.9522895,3.6125206,6.996941,4.4418005
2.9023437,6.831223,3.5241248,6.8784599,4.5614795
2.9042968,6.7109694,3.2028656,6.7641811,4.1526737
2.90625,6.6051797,3.1430592,6.6416397,3.8989193
2.9082031,6.4898862,3.3244123,6.5348954,4.1153674
2.9101562,6.3611493,3.2090098,6.4294939,4.2255859
2.9121093,6.2484779,2.8662197,6.3160009,3.8794705
2.9140625,6.1440167,2.8136723,6.192882,3.6058349
2.9160156,6.0216584,3.0313537,6.0869903,3.7410912
2.9179687,5.9001655,2.8841826,5.9770999,3.8277447
2.9199218,5.7991914,2.4883484,5.8506302,3.6006989
2.921875,5.6838402,2.4752588,5.7346973,3.3706762
2.9238281,5.5642428,2.6877219,5.6051821,3.4169144
2.9257812,5.4438686,2.5039124,5.4911994,3.5231378
2.9277343,5.3231072,2.0957717,5.3486528,3.3669388
2.9296875,5.2068285,2.1479139,5.2390322,3.1813228
2.9316406,5.0938372,2.3693597,5.1379747,3.1622378
2.9335937,4.976087,2.1564385,4.9986281,3.2112398
2.9355468,4.8546934,1.7786647,4.8875103,3.0668196
2.9375,4.734271,1.7517715,4.7793035,2.7622575
2.9394531,4.6190137,1.9126005,4.6552496,2.7563977
2.9414062,4.4997816,1.7771343,4.5437274,2.8885533
2.9433593,4.36798,1.4626743,4.4375586,2.7014999
2.9453125,4.2624859,1.4014315,4.3077487,2.4353251
2.9472656,4.1369786,1.4944448,4.1820168,2.4267969
2.9492187,4.0089273,1.3694841,4.0484781,2.4819185
2.9511718,3.8988411,1.0616277,3.9336609,2.3534398
2.953125,3.7819001,0.98879302,3.8300309,2.2014844
2.9550781,3.6565218,1.1088826,3.6950879,2.2005436
2.9570312,3.527775,0.91760337,3.5746343,2.1453485
2.9589843,3.4033763,0.60749125,3.4461228,1.8864369
2.9609375,3.2849111,0.62256622,3.3239874,1.7532116
2.9628906,3.1641917,0.71698415,3.2178409,1.8719174
2.9648437,3.0463509,0.52180398,3.0900521,1.8384312
2.9667968,2.9383847,0.21900588,2.971167,1.556975
2.96875,2.8111591,0.17552756,2.8474035,1.3476874
2.9707031,2.6886284,0.18846886,2.7305059,1.3940488
2.9726562,2.5635509,-0.020347279,2.6036932,1.4288443
2.9746093,2.4469187,-0.17365846,2.4885091,1.2195193
2.9765625,2.3261401,-0.095097676,2.3661835,0.99203706
2.9785156,2.2007799,-0.051565558,2.2378697,1.0024858
2.9804687,2.0776243,-0.20104399,2.1229724,0.98613185
2.9824218,1.9503732,-0.2480057,1.9819645,0.78758526
2.984375,1.8295559,-0.11479864,1.8748438,0.63995892
2.9863281,1.6988585,-0.064339817,1.7589426,0.62594569
2.9882812,1.5787971,-0.17381643,1.6306604,0.63104802
2.9902343,1.4579401,-0.22516817,1.5155601,0.39512593
2.9921875,1.3389407,-0.1082306,1.3980402,0.15638806
2.9941406,1.2247387,-0.07665737,1.2682976,0.18990709
2.9960937,1.0917812,-0.22192122,1.1359269,0.20812084
2.9980468,0.96925992,-0.29537678,1.0153802,0.0025499826
3.0,0.85279638,-0.1691498,0.888089,-0.16742
3.0019531,0.72358239,-0.064849012,0.76599818,-0.053014353
3.0039062,0.61178613,-0.14397703,0.65229678,0.031102937
3.0058593,0.48703775,-0.26129755,0.51797771,-0.098134309
3.0078125,0.35847378,-0.16035753,0.39493507,-0.20248441
3.0097656,0.23864716,-0.096024334,0.28963974,-0.134468
3.0117187,0.11395983,-0.22673802,0.15708832,-0.019175386
3.0136718,-0.0013696655,-0.22500384,0.035485536,-0.098569356
3.015625,-0.13102166,-0.10904772,-0.083239466,-0.21747416
3.0175781,-0.26253682,-0.13635038,-0.22003771,-0.15667877
3.0195312,-0.37913391,-0.35218915,-0.3454403,-0.038747303
3.0214843,-0.49161935,-0.42825952,-0.46613783,-0.077382408
3.0234375,-0.61438346,-0.35258666,-0.58276737,-0.15850572
3.0253906,-0.74499738,-0.50173283,-0.70400321,-0.083782278
3.0273437,-0.86146325,-0.85284543,-0.83917534,-0.067633495
3.0292968,-0.98824662,-0.95608777,-0.95744777,-0.16874446
3.03125,-1.1151546,-0.80386007,-1.0743603,-0.21748424
3.0332031,-1.2397854,-0.97394812,-1.1912599,-0.077781245
3.0351562,-1.3656669,-1.371898,-1.3189946,-0.040219784
3.0371093,-1.4784395,-1.4776637,-1.4387273,-0.28395748
3.0390625,-1.614942,-1.3676776,-1.5612893,-0.42951116
3.0410156,-1.7359819,-1.5157767,-1.6975865,-0.33095682
3.0429687,-1.8527065,-1.9368077,-1.8061415,-0.30874604
3.0449218,-1.9835571,-2.0282278,-1.9311511,-0.56212008
3.046875,-2.1030056,-1.8604258,-2.0488479,-0.71097106
3.0488281,-2.2143089,-2.0265841,-2.1564548,-0.71102166
3.0507812,-2.3352453,-2.379569,-2.2782642,-0.85104173
3.0527343,-2.4573354,-2.4929947,-2.4037692,-1.1420167
3.0546875,-2.5543479,-2.4537527,-2.5330257,-1.3188139
3.0566406,-2.6890449,-2.5494487,-2.6499254,-1.2614492
3.0585937,-2.8177492,-2.808377,-2.7798149,-1.2693331
3.0605468,-2.924807,-3.0376348,-2.911055,-1.4965252
3.0625,-3.0531237,-2.9807024,-3.0130088,-1.7899559
3.0644531,-3.1807739,-2.8570704,-3.1366214,-1.8243651
3.0664062,-3.3028352,-3.1341502,-3.2636539,-1.7391085
3.0683593,-3.4215848,-3.4572587,-3.3711323,-1.9977138
3.0703125,-3.5470697,-3.399182,-3.4987661,-2.3673033
3.0722656,-3.6629822,-3.3432157,-3.613507,-2.3767581
3.0742187,-3.7923603,-3.5718929,-3.7428865,-2.2771167
3.0761718,-3.9139981,-3.81271,-3.8627755,-2.4954712
3.078125,-4.0300092,-3.8573958,-3.9795484,-2.7811923
3.0800781,-4.1622686,-3.7928509,-4.1166,-2.7810506
3.0820312,-4.280363,-3.9522094,-4.2192597,-2.7262563
3.0839843,-4.3903188,-4.2121601,-4.3431925,-2.9459078
3.0859375,-4.5071468,-4.209711,-4.4637861,-3.205461
3.0878906,-4.6331329,-4.2199506,-4.5806632,-3.2264323
3.0898437,-4.7410345,-4.4282913,-4.7092604,-3.2307577
3.0917968,-4.8599243,-4.626441,-4.8195271,-3.4023265
3.09375,-4.9845614,-4.6039161,-4.9327235,-3.5666697
3.0957031,-5.1020784,-4.5997142,-5.0603485,-3.5951032
3.0976562,-5.2273545,-4.7779727,-5.1895341,-3.6706197
3.0996093,-5.3420395,-4.9011049,-5.3057498,-3.8507816
3.1015625,-5.4630184,-4.9182353,-5.4219923,-3.9321732
3.1035156,-5.5824661,-4.9605627,-5.5465712,-3.9151303
3.1054687,-5.6969523,-5.1266484,-5.6722755,-4.0277771
3.1074218,-5.8137865,-5.2448654,-5.7705807,-4.2534751
3.109375,-5.931509,-5.2537717,-5.8823785,-4.3047118
3.1113281,-6.0466938,-5.3423094,-6.0065274,-4.2658066
3.1132812,-6.165893,-5.4894547,-6.1205902,-4.4697132
3.1152343,-6.2854657,-5.5449152,-6.2477083,-4.711584
3.1171875,-6.3995032,-5.5571999,-6.3597035,-4.6726546
3.1191406,-6.5126009,-5.6826171,-6.4795403,-4.5902066
3.1210937,-6.6301865,-5.7985849,-6.6097393,-4.7387146
3.1230468,-6.7617244,-5.8094115,-6.7127361,-4.9596395
3.125,-6.8659234,-5.8795247,-6.8120079,-4.998631
3.1269531,-6.976551,-5.9839105,-6.9366931,-4.9295592
3.1289062,-7.1009583,-6.0417189,-7.0511846,-5.0755901
3.1308593,-7.2101616,-6.119976,-7.1720681,-5.3859825
3.1328125,-7.333168,-6.2349166,-7.2933635,-5.4027495
3.1347656,-7.4415283,-6.2825946,-7.396666,-5.2445101
3.1367187,-7.5473403,-6.2993454,-7.5233855,-5.3164339
3.1386718,-7.6698427,-6.3947715,-7.6382956,-5.5792331
3.140625,-7.7773208,-6.5103282,-7.7481827,-5.7226567
3.1425781,-7.885971,-6.6097111,-7.8541483,-5.5892748
3.1445312,-8.0152034,-6.5989556,-7.9727263,-5.5820307
3.1464843,-8.1299781,-6.6098785,-8.0859355,-5.8574228
3.1484375,-8.2341957,-6.79745,-8.190689,-6.0269198
3.1503906,-8.3524141,-6.8354682,-8.316513,-5.9278821
3.1523437,-8.4621877,-6.7774391,-8.4162578,-5.8867697
3.1542968,-8.5701913,-6.8982076,-8.5191726,-6.1170797
3.15625,-8.6871891,-7.0659251,-8.6318759,-6.2742309
3.1582031,-8.7907018,-7.1247863,-8.7547245,-6.1971526
3.1601562,-8.9047498,-7.0953602,-8.8675346,-6.2268371
3.1621093,-9.0195322,-7.1308574,-8.964569,-6.4080033
3.1640625,-9.1186742,-7.2816739,-9.0821123,-6.4046502
3.1660156,-9.2278013,-7.3833775,-9.2046728,-6.3882851
3.1679687,-9.3449907,-7.3618526,-9.3052368,-6.5584116
3.1699218,-9.4557828,-7.3817958,-9.4047718,-6.6577267
3.171875,-9.5506305,-7.5043268,-9.5249252,-6.6006865
3.1738281,-9.6632881,-7.6155057,-9.6307849,-6.6408953
3.1757812,-9.7732925,-7.6579356,-9.7369241,-6.8586831
3.1777343,-9.8773002,-7.6452794,-9.8425493,-6.9093809
3.1796875,-9.9943676,-7.6508483,-9.9520015,-6.8460898
3.1816406,-10.105031,-7.7764658,-10.059859,-6.914339
3.1835937,-10.21345,-7.9346509,-10.153025,-7.0517163
3.1855468,-10.317773,-7.8961067,-10.274248,-7.1206374
3.1875,-10.422707,-7.7740359,-10.377051,-7.0922823
3.1894531,-10.525372,-7.9113879,-10.472302,-7.1945719
3.1914062,-10.635107,-8.1811962,-10.570857,-7.2888102
3.1933593,-10.739685,-8.1850786,-10.670449,-7.2698278
3.1953125,-10.848316,-8.0370206,-10.79204,-7.3432169
3.1972656,-10.957188,-8.1631097,-10.889741,-7.4967737
3.1992187,-11.043567,-8.3802318,-11.001643,-7.5497584
3.2011718,-11.146678,-8.2979068,-11.120335,-7.4312214
3.203125,-11.257931,-8.1886024,-11.221801,-7.4592542
3.2050781,-11.357793,-8.4136695,-11.308301,-7.6598091
3.2070312,-11.458194,-8.6853256,-11.400681,-7.6818795
3.2089843,-11.553623,-8.5175962,-11.516539,-7.5946621
3.2109375,-11.648626,-8.2802934,-11.616472,-7.810769
3.2128906,-11.753625,-8.5793695,-11.707932,-8.0615453
3.2148437,-11.855359,-8.9412746,-11.801653,-7.8708996
3.2167968,-11.95109,-8.7954673,-11.900003,-7.7053775
3.21875,-12.050025,-8.5317878,-11.996673,-7.9901704
3.2207031,-12.148608,-8.6890106,-12.100747,-8.304553
3.2226562,-12.245657,-9.0247545,-12.207502,-8.1421279
3.2246093,-12.332966,-8.9595851,-12.29781,-7.8879823
3.2265625,-12.433396,-8.7286043,-12.402328,-8.1068458
3.2285156,-12.548653,-8.9156475,-12.499365,-8.3916301
3.2304687,-12.631968,-9.2604618,-12.587623,-8.2539501
3.2324218,-12.724304,-9.1259088,-12.688117,-8.0810031
3.234375,-12.831477,-8.7928485,-12.778357,-8.3455104
3.2363281,-12.923917,-9.0467472,-12.89428,-8.6696271
3.2382812,-13.018521,-9.4890422,-12.99399,-8.5102243
3.2402343,-13.10657,-9.2789688,-13.070356,-8.241743
3.2421875,-13.201695,-8.9584741,-13.175166,-8.379817
3.2441406,-13.305046,-9.2472801,-13.264652,-8.6655588
3.2460937,-13.397969,-9.6172342,-13.346126,-8.7312622
3.2480468,-13.477106,-9.4556694,-13.440211,-8.5979127
3.25,-13.56534,-9.1625948,-13.528897,-8.5933618
3.2519531,-13.660313,-9.3570795,-13.615485,-8.8364219
3.2539062,-13.759892,-9.7657632,-13.714631,-8.9202089
3.2558593,-13.845177,-9.7410469,-13.804029,-8.7592153
3.2578125,-13.921629,-9.393361,-13.890124,-8.767827
3.2597656,-14.021053,-9.3783855,-13.979657,-8.9502267
3.2617187,-14.102654,-9.789874,-14.061011,-9.004404
3.2636718,-14.187473,-9.9480266,-14.157835,-8.9291629
3.265625,-14.273767,-9.6517286,-14.242933,-8.9734258
3.2675781,-14.35975,-9.5800485,-14.321163,-9.1415042
3.2695312,-14.448116,-9.9127502,-14.410757,-9.131072
3.2714843,-14.527995,-10.032328,-14.488503,-9.0467281
3.2734375,-14.621036,-9.8079528,-14.567495,-9.1811771
3.2753906,-14.706,-9.7876558,-14.657831,-9.3283729
3.2773437,-14.789678,-10.012453,-14.756211,-9.2855844
3.2792968,-14.873934,-10.05798,-14.834821,-9.241846
3.28125,-14.951484,-9.9418697,-14.925277,-9.3081264
3.2832031,-15.032858,-9.9772567,-15.009272,-9.3572645
3.2851562,-15.117829,-10.153172,-15.066694,-9.3581018
3.2871093,-15.202944,-10.213611,-15.166084,-9.3718967
3.2890625,-15.290331,-10.143309,-15.251683,-9.4766502
3.2910156,-15.363363,-10.125579,-15.315227,-9.6325082
3.2929687,-15.431008,-10.185932,-15.3811,-9.5484294
3.2949218,-15.511467,-10.253594,-15.459985,-9.4055318
3.296875,-15.588246,-10.350634,-15.558628,-9.6314888
3.2988281,-15.674107,-10.421015,-15.628297,-9.9132766
3.3007812,-15.753785,-10.384693,-15.705529,-9.7377052
3.3027343,-15.811662,-10.333401,-15.778509,-9.4248361
3.3046875,-15.893442,-10.373869,-15.853823,-9.6286201
3.3066406,-15.984854,-10.479981,-15.943937,-10.015647
3.3085937,-16.048407,-10.577988,-16.003841,-9.9328069
3.3105468,-16.111481,-10.534385,-16.080662,-9.6235551
3.3125,-16.194342,-10.426746,-16.162271,-9.7158813
3.3144531,-16.267847,-10.555123,-16.236469,-10.112051
3.3164062,-16.330269,-10.76082,-16.300362,-10.096741
3.3183593,-16.401537,-10.678086,-16.359358,-9.7395496
3.3203125,-16.478848,-10.561712,-16.438486,-9.7905397
3.3222656,-16.552696,-10.699862,-16.508541,-10.241123
3.3242187,-16.614567,-10.826456,-16.580847,-10.31302
3.3261718,-16.68314,-10.744953,-16.654411,-9.9285678
3.328125,-16.754803,-10.673404,-16.714899,-9.8835163
3.3300781,-16.822809,-10.825444,-16.764084,-10.261035
3.3320312,-16.885923,-10.945231,-16.820663,-10.351244
3.3339843,-16.952551,-10.855994,-16.902994,-10.10338
3.3359375,-17.024879,-10.820507,-16.985098,-10.159952
3.3378906,-17.083612,-10.957635,-17.054491,-10.489182
3.3398437,-17.143223,-11.008965,-17.121479,-10.388377
3.3417968,-17.206755,-10.913759,-17.194296,-9.9892568
3.34375,-17.266329,-10.983839,-17.248323,-10.099612
3.3457031,-17.324062,-11.144698,-17.308678,-10.546175
3.3476562,-17.389223,-11.106765,-17.376938,-10.516731
3.3496093,-17.456915,-11.037717,-17.430386,-10.226781
3.3515625,-17.514223,-11.132513,-17.48999,-10.349368
3.3535156,-17.574924,-11.1799,-17.528288,-10.666348
3.3554687,-17.642082,-11.085675,-17.604729,-10.618535
3.3574218,-17.695814,-11.118597,-17.676075,-10.383857
3.359375,-17.743938,-11.272953,-17.713297,-10.529058
3.3613281,-17.807957,-11.259247,-17.77976,-10.737138
3.3632812,-17.865633,-11.198006,-17.834927,-10.544738
3.3652343,-17.925428,-11.311703,-17.897839,-10.436506
3.3671875,-17.976477,-11.397909,-17.952028,-10.695132
3.3691406,-18.021341,-11.307941,-17.984661,-10.834745
3.3710937,-18.082918,-11.234318,-18.048454,-10.589126
3.3730468,-18.127913,-11.408984,-18.112803,-10.521794
3.375,-18.177725,-11.598531,-18.167078,-10.903812
3.3769531,-18.22743,-11.452157,-18.218416,-10.985923
3.3789062,-18.272987,-11.303682,-18.255316,-10.599963
3.3808593,-18.327602,-11.484891,-18.311941,-10.511345
3.3828125,-18.383543,-11.669255,-18.359707,-10.912382
3.3847656,-18.423977,-11.550409,-18.40976,-11.148414
3.3867187,-18.471952,-11.397579,-18.453587,-10.83375
3.3886718,-18.530918,-11.489559,-18.473118,-10.601919
3.390625,-18.577847,-11.69448,-18.525667,-10.924803
3.3925781,-18.633862,-11.676562,-18.570984,-11.226575
3.3945312,-18.666111,-11.443136,-18.609339,-11.051977
3.3964843,-18.708981,-11.453257,-18.661642,-10.796057
3.3984375,-18.756777,-11.717709,-18.715256,-10.947172
3.4003906,-18.787645,-11.831776,-18.769363,-11.207982
3.4023437,-18.834452,-11.669237,-18.800808,-11.06992
3.4042968,-18.870251,-11.607252,-18.838068,-10.78439
3.40625,-18.912264,-11.798485,-18.894304,-10.892372
3.4082031,-18.960953,-11.847466,-18.936367,-11.25836
3.4101562,-18.994265,-11.706563,-18.968582,-11.243946
3.4121093,-19.036461,-11.655459,-19.005022,-10.894711
3.4140625,-19.077681,-11.767957,-19.046139,-10.907677
3.4160156,-19.110243,-11.855626,-19.073561,-11.299723
3.4179687,-19.140446,-11.769687,-19.099194,-11.357156
3.4199218,-19.167204,-11.729895,-19.15276,-11.014209
3.421875,-19.205667,-11.907511,-19.20994,-11.013843
3.4238281,-19.24963,-11.998961,-19.247894,-11.403197
3.4257812,-19.276159,-11.861156,-19.273752,-11.374097
3.4277343,-19.307018,-11.771967,-19.285011,-10.912341
3.4296875,-19.353254,-11.837004,-19.311794,-10.917735
3.4316406,-19.380314,-11.960908,-19.359678,-11.449267
3.4335937,-19.411249,-11.938059,-19.385592,-11.624379
3.4355468,-19.441654,-11.778852,-19.400185,-11.208842
3.4375,-19.462847,-11.860765,-19.412477,-10.976299
3.4394531,-19.491606,-12.068821,-19.460701,-11.357934
3.4414062,-19.517298,-12.012425,-19.497719,-11.67876
3.4433593,-19.543751,-11.892509,-19.514997,-11.387155
3.4453125,-19.571678,-11.988871,-19.557112,-11.002466
3.4472656,-19.588764,-12.0635,-19.58021,-11.215968
3.4492187,-19.61702,-11.965055,-19.612185,-11.603076
3.4511718,-19.655418,-11.954573,-19.645248,-11.411816
3.453125,-19.673288,-12.074353,-19.658535,-11.052233
3.4550781,-19.699881,-12.035873,-19.673351,-11.215411
3.4570312,-19.714706,-11.870677,-19.694136,-11.578869
3.4589843,-19.73698,-11.926538,-19.71681,-11.51439
3.4609375,-19.761087,-12.144323,-19.735285,-11.237139
3.4628906,-19.766649,-12.16204,-19.751556,-11.300548
3.4648437,-19.795416,-11.94975,-19.781382,-11.561017
3.4667968,-19.805605,-11.967402,-19.78883,-11.533831
3.46875,-19.823311,-12.214387,-19.799181,-11.298655
3.4707031,-19.845997,-12.159964,-19.81402,-11.288995
3.4726562,-19.859713,-11.960438,-19.830545,-11.540563
3.4746093,-19.879429,-11.986213,-19.855753,-11.613832
3.4765625,-19.881807,-12.146643,-19.840014,-11.410707
3.4785156,-19.892509,-12.152088,-19.871397,-11.296068
3.4804687,-19.908325,-12.01539,-19.889254,-11.452334
3.4824218,-19.921162,-12.064752,-19.887733,-11.650043
3.484375,-19.931974,-12.233118,-19.926155,-11.503091
3.4863281,-19.927822,-12.175018,-19.936478,-11.298028
3.4882812,-19.951523,-11.987832,-19.940594,-11.421948
3.4902343,-19.966076,-12.060321,-19.944628,-11.547848
3.4921875,-19.959185,-12.265249,-19.955648,-11.446049
3.4941406,-19.985882,-12.166698,-19.95344,-11.373897
3.4960937,-19.984856,-11.986923,-19.951097,-11.488543
3.4980468,-19.993025,-12.074391,-19.971094,-11.576882
3.5,-20.002493,-12.166407,-19.970594,-11.525495
3.5019531,-19.994633,-12.13588,-19.976254,-11.466358
3.5039062,-20.005629,-12.07149,-19.991026,-11.471602
3.5058593,-20.008703,-12.100442,-19.986525,-11.508038
3.5078125,-20.010098,-12.182866,-19.980024,-11.502305
3.5097656,-20.002766,-12.120247,-19.983555,-11.469193
3.5117187,-20.007618,-12.104286,-19.986427,-11.494803
3.5136718,-20.017258,-12.105042,-19.987972,-11.514466
3.515625,-20.017544,-12.078063,-19.995827,-11.505413
3.5175781,-20.014582,-12.084468,-19.996429,-11.483777
3.5195312,-20.016378,-11.982536,-20.009687,-11.484827
3.5214843,-20.008932,-11.916585,-20.019491,-11.516531
3.5234375,-20.005926,-11.830878,-20.000423,-11.421911
3.5253906,-20.007936,-11.739925,-19.994192,-11.378446
3.5273437,-19.996288,-11.682703,-19.991388,-11.421976
3.5292968,-20.008024,-11.584586,-19.991341,-11.33738
3.53125,-20.003487,-11.573668,-19.98979,-11.26103
3.5332031,-19.988512,-11.505533,-19.985199,-11.260444
3.5351562,-19.992937,-11.519483,-20.005526,-11.178059
3.5371093,-19.980227,-11.672121,-19.993427,-11.088065
3.5390625,-19.959,-11.636948,-19.978859,-11.06878
3.5410156,-19.963392,-11.470575,-19.981638,-10.905783
3.5429687,-19.960663,-11.502753,-19.970406,-10.956545
3.5449218,-19.940023,-11.691007,-19.975122,-11.265455
3.546875,-19.935503,-11.575095,-19.959675,-11.188578
3.5488281,-19.915396,-11.34485,-19.944492,-10.874914
3.5507812,-19.90719,-11.468637,-19.93445,-10.883423
3.5527343,-19.896704,-11.649271,-19.915493,-11.162643
3.5546875,-19.862129,-11.557612,-19.903465,-11.156335
3.5566406,-19.859558,-11.368496,-19.887537,-10.894292
3.5585937,-19.841854,-11.404435,-19.871008,-10.875464
3.5605468,-19.823452,-11.59274,-19.844929,-11.099191
3.5625,-19.811384,-11.501107,-19.841032,-11.119376
3.5644531,-19.784037,-11.287304,-19.820274,-10.872358
3.5664062,-19.767757,-11.340223,-19.787426,-10.816646
3.5683593,-19.748051,-11.482234,-19.773802,-10.983899
3.5703125,-19.736351,-11.425932,-19.742119,-11.007253
3.5722656,-19.709223,-11.302543,-19.726303,-10.864593
3.5742187,-19.678553,-11.290246,-19.705795,-10.819308
3.5761718,-19.662914,-11.308247,-19.690805,-10.912052
3.578125,-19.634703,-11.359179,-19.679081,-10.914323
3.5800781,-19.608166,-11.334122,-19.653513,-10.769307
3.5820312,-19.585972,-11.19911,-19.633039,-10.678679
3.5839843,-19.561512,-11.195297,-19.596735,-10.730907
3.5859375,-19.545851,-11.27325,-19.569374,-10.766171
3.5878906,-19.511341,-11.219651,-19.543861,-10.694427
3.5898437,-19.471111,-11.097365,-19.510792,-10.675622
3.5917968,-19.455475,-11.083461,-19.495955,-10.724563
3.59375,-19.423374,-11.217385,-19.463184,-10.700855
3.5957031,-19.387009,-11.235973,-19.419693,-10.631792
3.5976562,-19.355907,-11.019863,-19.403128,-10.586543
3.5996093,-19.328043,-10.935825,-19.366005,-10.60517
3.6015625,-19.303528,-11.097915,-19.332979,-10.625853
3.6035156,-19.261106,-11.158498,-19.300531,-10.52981
3.6054687,-19.217384,-10.94,-19.257839,-10.472498
3.6074218,-19.188988,-10.806651,-19.236074,-10.526785
3.609375,-19.156023,-10.994688,-19.201742,-10.523678
3.6113281,-19.116932,-11.12275,-19.160879,-10.43314
3.6132812,-19.077875,-10.902893,-19.1105,-10.340762
3.6152343,-19.038204,-10.688849,-19.065697,-10.34991
3.6171875,-19.001055,-10.815237,-19.03373,-10.425596
3.6191406,-18.967224,-10.976583,-19.00215,-10.440063
3.6210937,-18.944841,-10.837112,-18.963676,-10.351221
3.6230468,-18.89583,-10.624779,-18.927284,-10.247306
3.625,-18.838486,-10.646467,-18.884581,-10.198207
3.6269531,-18.805922,-10.685304,-18.843872,-10.195065
3.6289062,-18.768827,-10.696881,-18.816887,-10.198082
3.6308593,-18.724566,-10.769303,-18.773144,-10.178392
3.6328125,-18.669748,-10.639825,-18.723011,-10.131559
3.6347656,-18.629858,-10.457695,-18.674854,-10.045634
3.6367187,-18.593548,-10.528719,-18.636923,-10.046198
3.6386718,-18.542294,-10.682558,-18.576593,-10.11803
3.640625,-18.496212,-10.556731,-18.530107,-10.073145
3.6425781,-18.435448,-10.308764,-18.494631,-9.944457
3.6445312,-18.392822,-10.367116,-18.441111,-9.9307174
3.6464843,-18.351166,-10.556256,-18.405502,-10.004457
3.6484375,-18.292917,-10.521582,-18.361475,-9.9438734
3.6503906,-18.23918,-10.265021,-18.303789,-9.7870245
3.6523437,-18.189602,-10.176857,-18.24622,-9.7347316
3.6542968,-18.139055,-10.375272,-18.200314,-9.7998065
3.65625,-18.08371,-10.418738,-18.155281,-9.8288373
3.6582031,-18.036465,-10.156269,-18.096401,-9.7506551
3.6601562,-17.980261,-10.031823,-18.041719,-9.6575985
3.6621093,-17.929792,-10.195576,-18.000675,-9.6375255
3.6640625,-17.875345,-10.229265,-17.943184,-9.6656169
3.6660156,-17.82674,-10.064879,-17.871229,-9.6418209
3.6679687,-17.775888,-9.9797058,-17.815544,-9.5208168
3.6699218,-17.712442,-10.025086,-17.770691,-9.4695043
3.671875,-17.655745,-9.9806537,-17.707695,-9.5721817
3.6738281,-17.598467,-9.8725233,-17.643414,-9.577095
3.6757812,-17.539406,-9.9039516,-17.590506,-9.370449
3.6777343,-17.47497,-9.9660692,-17.528175,-9.2699585
3.6796875,-17.415335,-9.8716573,-17.480762,-9.4249763
3.6816406,-17.357306,-9.7413368,-17.420389,-9.458951
3.6835937,-17.29804,-9.7863388,-17.339731,-9.2218532
3.6855468,-17.221649,-9.8164129,-17.280983,-9.0644521
3.6875,-17.154665,-9.6843767,-17.226778,-9.2014017
3.6894531,-17.106598,-9.6134328,-17.173256,-9.3701343
3.6914062,-17.048117,-9.707488,-17.10499,-9.2177991
3.6933593,-16.980106,-9.6905164,-17.03159,-8.9401016
3.6953125,-16.908615,-9.463005,-16.970579,-8.9269466
3.6972656,-16.846617,-9.3691043,-16.91048,-9.1167993
3.6992187,-16.78397,-9.5180034,-16.840755,-9.1392173
3.7011718,-16.715635,-9.5868549,-16.767628,-8.8771762
3.703125,-16.641224,-9.3868703,-16.710308,-8.7342157
3.7050781,-16.571623,-9.2079677,-16.632166,-8.9414644
3.7070312,-16.50894,-9.3244943,-16.563923,-9.0215024
3.7089843,-16.437057,-9.4789257,-16.505873,-8.707982
3.7109375,-16.36821,-9.2908582,-16.430662,-8.5811386
3.7128906,-16.296474,-9.0295085,-16.368864,-8.8057479
3.7148437,-16.222551,-9.1155223,-16.299461,-8.8299255
3.7167968,-16.150749,-9.2733526,-16.227783,-8.5443248
3.71875,-16.086777,-9.1679649,-16.157776,-8.4100399
3.7207031,-16.013302,-8.9593887,-16.074814,-8.5850505
3.7226562,-15.928022,-8.9355754,-16.015671,-8.6377296
3.7246093,-15.864374,-8.9944353,-15.964534,-8.436387
3.7265625,-15.798921,-8.9650363,-15.868835,-8.3175945
3.7285156,-15.72521,-8.9179592,-15.785327,-8.3779878
3.7304687,-15.639071,-8.8166999,-15.708428,-8.3647642
3.7324218,-15.556566,-8.7021923,-15.628883,-8.2805891
3.734375,-15.487377,-8.7286081,-15.555794,-8.2932004
3.7363281,-15.408854,-8.8539648,-15.483329,-8.3135175
3.7382812,-15.325227,-8.7837257,-15.415429,-8.2205982
3.7402343,-15.248071,-8.5412597,-15.315436,-8.0890331
3.7421875,-15.17427,-8.5149688,-15.249932,-8.0453872
3.7441406,-15.090996,-8.6493606,-15.179824,-8.0582933
3.7460937,-15.00758,-8.588787,-15.09901,-8.0545625
3.7480468,-14.930444,-8.3696031,-15.029899,-7.9326753
3.75,-14.842446,-8.3355112,-14.918878,-7.8165965
3.7519531,-14.759651,-8.455738,-14.830131,-7.8381013
3.7539062,-14.684734,-8.4220762,-14.757565,-7.8951916
3.7558593,-14.597393,-8.2623205,-14.671931,-7.8962717
3.7578125,-14.509108,-8.1751327,-14.585947,-7.7820134
3.7597656,-14.426333,-8.1945123,-14.508623,-7.6526489
3.7617187,-14.343843,-8.2212553,-14.434124,-7.612698
3.7636718,-14.250218,-8.1656875,-14.336937,-7.6423921
3.765625,-14.172101,-8.0330047,-14.256446,-7.5918951
3.7675781,-14.094188,-7.9752464,-14.188272,-7.4236388
3.7695312,-13.994529,-8.043827,-14.086551,-7.3961124
3.7714843,-13.913345,-7.9702515,-13.996143,-7.4875311
3.7734375,-13.834007,-7.7889032,-13.917048,-7.3751864
3.7753906,-13.735871,-7.8206205,-13.829036,-7.2271137
3.7773437,-13.646877,-7.8857436,-13.74166,-7.2957058
3.7792968,-13.555738,-7.7519054,-13.63203,-7.3121852
3.78125,-13.467181,-7.6348424,-13.542275,-7.1515016
3.7832031,-13.375977,-7.6752958,-13.454938,-7.0447015
3.7851562,-13.28039,-7.7005257,-13.348527,-7.1410265
3.7871093,-13.193787,-7.5593376,-13.264782,-7.149836
3.7890625,-13.099581,-7.4355759,-13.17803,-6.9104394
3.7910156,-13.012542,-7.4838357,-13.108049,-6.8300161
3.7929687,-12.910304,-7.5106353,-13.014089,-6.9645762
3.7949218,-12.810905,-7.3612861,-12.89935,-6.9101266
3.796875,-12.724261,-7.2322502,-12.810005,-6.6096754
3.7988281,-12.629889,-7.3067526,-12.713194,-6.5501017
3.8007812,-12.535052,-7.3674078,-12.621064,-6.8309164
3.8027343,-12.436997,-7.1931762,-12.521271,-6.8452978
3.8046875,-12.349053,-6.9825835,-12.420696,-6.4613657
3.8066406,-12.248636,-7.0291895,-12.323256,-6.3036551
3.8085937,-12.146517,-7.1420979,-12.230977,-6.5792479
3.8105468,-12.050401,-7.0092244,-12.140532,-6.6429829
3.8125,-11.959641,-6.8361711,-12.042209,-6.2776541
3.8144531,-11.864362,-6.8751163,-11.937586,-6.0889043
3.8164062,-11.757161,-6.9135971,-11.832615,-6.2880911
3.8183593,-11.670722,-6.7248373,-11.726273,-6.35921
3.8203125,-11.567912,-6.590836,-11.623365,-6.0942978
3.8222656,-11.456905,-6.692635,-11.538274,-5.9633693
3.8242187,-11.370797,-6.672337,-11.445118,-6.1467018
3.8261718,-11.264196,-6.5248694,-11.34465,-6.1526732
3.828125,-11.162217,-6.4855098,-11.22361,-5.7956361
3.8300781,-11.069985,-6.4430089,-11.120132,-5.6225762
3.8320312,-10.95491,-6.3682136,-11.040372,-5.8618922
3.8339843,-10.856296,-6.3228035,-10.920651,-6.0136823
3.8359375,-10.757906,-6.2778391,-10.81225,-5.696197
3.8378906,-10.652491,-6.2279667,-10.709502,-5.3584156
3.8398437,-10.547796,-6.1662521,-10.608841,-5.5607962
3.8417968,-10.432901,-6.0846839,-10.520245,-5.8001174
3.84375,-10.328965,-6.0284762,-10.408519,-5.4960913
3.8457031,-10.233403,-6.0295515,-10.31015,-5.1348099
3.8476562,-10.121337,-5.9951577,-10.211637,-5.2325
3.8496093,-10.013299,-5.8565793,-10.099768,-5.4546537
3.8515625,-9.9062652,-5.7523713,-9.9737796,-5.2867217
3.8535156,-9.7966766,-5.7774844,-9.8697919,-4.9298162
3.8554687,-9.700407,-5.7454094,-9.7772922,-4.9908928
3.8574218,-9.5891943,-5.6227526,-9.6529474,-5.3075823
3.859375,-9.4730176,-5.551094,-9.5446205,-5.1266684
3.8613281,-9.367856,-5.4802527,-9.4388322,-4.6234583
3.8632812,-9.2682085,-5.4379634,-9.3350715,-4.6690115
3.8652343,-9.168663,-5.445476,-9.2353935,-5.0569973
3.8671875,-9.0597381,-5.3486495,-9.1180429,-4.8793969
3.8691406,-8.9433708,-5.1653418,-8.9969244,-4.3497405
3.8710937,-8.8324642,-5.0777206,-8.9049367,-4.3480958
3.8730468,-8.7293348,-5.1344733,-8.8109149,-4.7490692
3.875,-8.6184101,-5.1663827,-8.6830062,-4.6811714
3.8769531,-8.4967727,-5.0256972,-8.5682191,-4.1181674
3.8789062,-8.3925428,-4.8226666,-8.4548797,-3.9840157
3.8808593,-8.2851991,-4.7770457,-8.3465147,-4.4165282
3.8828125,-8.159563,-4.9037041,-8.2382021,-4.490261
3.8847656,-8.0564489,-4.8155803,-8.1278209,-3.9742991
3.8867187,-7.9499778,-4.5406637,-8.0031318,-3.7206358
3.8886718,-7.8268656,-4.5198845,-7.8723034,-4.0369291
3.890625,-7.7186288,-4.5884165,-7.7623367,-4.1311802
3.8925781,-7.6085004,-4.4835701,-7.6428685,-3.7499003
3.8945312,-7.4879751,-4.3165221,-7.5529961,-3.5945637
3.8964843,-7.3704271,-4.2538776,-7.4320359,-3.7948172
3.8984375,-7.2651715,-4.2447142,-7.3166766,-3.7737891
3.9003906,-7.1542773,-4.1942043,-7.2372312,-3.3664636
3.9023437,-7.0374727,-4.0999336,-7.1071996,-3.1924297
3.9042968,-6.9198947,-3.9521517,-6.9915256,-3.4268138
3.90625,-6.8025703,-3.8583362,-6.8827266,-3.3933105
3.9082031,-6.6909747,-3.8645794,-6.7496538,-3.0624558
3.9101562,-6.5715565,-3.8493583,-6.6317634,-2.9906146
3.9121093,-6.4598121,-3.7039763,-6.5317692,-3.1739192
3.9140625,-6.338624,-3.5363569,-6.407443,-3.1459574
3.9160156,-6.2189264,-3.522408,-6.2764582,-2.829395
3.9179687,-6.1101985,-3.5360102,-6.1546545,-2.6298193
3.9199218,-5.9799675,-3.4183242,-6.0491409,-2.7678082
3.921875,-5.8650889,-3.2543799,-5.9329452,-2.8485562
3.9238281,-5.7562546,-3.189686,-5.8086118,-2.5536906
3.9257812,-5.6242489,-3.231179,-5.7002563,-2.282794
3.9277343,-5.512041,-3.1205613,-5.5792422,-2.3568103
3.9296875,-5.3961329,-2.87032,-5.4610161,-2.4346716
3.9316406,-5.2760853,-2.8590555,-5.3414139,-2.1926832
3.9335937,-5.166181,-2.9556484,-5.22932,-1.9542878
3.9355468,-5.0411396,-2.7895159,-5.1098184,-2.0225374
3.9375,-4.9267659,-2.4946658,-4.9971098,-2.0788996
3.9394531,-4.8088192,-2.4614346,-4.8540773,-1.8136158
3.9414062,-4.6940674,-2.6066701,-4.729278,-1.5620725
3.9433593,-4.5715546,-2.4857213,-4.6360845,-1.6343859
3.9453125,-4.44389,-2.1808674,-4.5055837,-1.7737432
3.9472656,-4.3392586,-2.0980429,-4.3915338,-1.5518842
3.9492187,-4.2221431,-2.2274272,-4.2676715,-1.1417958
3.9511718,-4.0992999,-2.1798913,-4.1658372,-1.1399152
3.953125,-3.9802999,-1.8273594,-4.0396337,-1.3317616
3.9550781,-3.8553342,-1.6361576,-3.9009187,-1.1623061
3.9570312,-3.7320237,-1.8138805,-3.7982888,-0.76682806
3.9589843,-3.6111676,-1.8607984,-3.6773176,-0.74528134
3.9609375,-3.4880147,-1.5569419,-3.5529506,-0.98730224
3.9628906,-3.3757238,-1.3190171,-3.4376957,-0.79144198
3.9648437,-3.2470209,-1.4137959,-3.3268756,-0.34945577
3.9667968,-3.1300823,-1.4436371,-3.1958518,-0.33281294
3.96875,-3.0203445,-1.1412534,-3.0717065,-0.53423232
3.9707031,-2.8823232,-0.94167668,-2.9419453,-0.35380173
3.9726562,-2.7591483,-0.98731959,-2.8274931,0.0085605644
3.9746093,-2.6357812,-0.97772795,-2.7067341,0.015609395
3.9765625,-2.5176026,-0.83482862,-2.5700495,-0.1698117
3.9785156,-2.3991315,-0.66093087,-2.4633424,0.035993952
3.9804687,-2.2710919,-0.55801409,-2.3387908,0.38755187
3.9824218,-2.1479194,-0.49888676,-2.2227239,0.28900713
3.984375,-2.035896,-0.38634324,-2.1030359,0.039597414
3.9863281,-1.9141829,-0.2672976,-1.9791458,0.14827892
3.9882812,-1.782069,-0.1924327,-1.8600111,0.38639724
3.9902343,-1.666964,-0.072088301,-1.7176566,0.28489766
3.9921875,-1.5448309,0.06400086,-1.6011835,0.070468836
3.9941406,-1.419866,0.12232377,-1.4787145,0.1579769
3.9960937,-1.3024716,0.16579337,-1.3448313,0.30932447
3.9980468,-1.1824669,0.27261305,-1.2309082,0.22319171
4.0,-1.0470625,0.3878825,-1.1135858,0.097655594
4.0019531,-0.9265753,0.38061678,-0.99620569,0.19193499
4.0039062,-0.80758345,0.24804476,-0.86531758,0.34861717
4.0058593,-0.66988766,0.16344644,-0.73469961,0.27641779
4.0078125,-0.55565298,0.31610441,-0.61991596,0.15492696
4.0097656,-0.43813598,0.45295063,-0.5068832,0.18933633
4.0117187,-0.30988047,0.26997867,-0.38051018,0.25380379
4.0136718,-0.19008319,0.16698501,-0.25252038,0.28851914
4.015625,-0.069246687,0.38301307,-0.13821171,0.26904529
4.0175781,0.061443467,0.48880979,-0.026911214,0.27896333
4.0195312,0.18956408,0.27958038,0.10397314,0.34290531
4.0214843,0.30622709,0.14894539,0.23579626,0.42152572
4.0234375,0.42648628,0.31772211,0.34388369,0.60738569
4.0253906,0.54607296,0.45630303,0.47873175,0.72648942
4.0273437,0.66416854,0.34008723,0.60044444,0.71903646
4.0292968,0.79726136,0.22927302,0.70920986,0.88226354
4.03125,0.9277212,0.35548377,0.85311413,1.1599128
4.0332031,1.0411175,0.45637462,0.97643614,1.2363399
4.0351562,1.1670906,0.30331734,1.0864663,1.2418795
4.0371093,1.2890385,0.13490303,1.2127163,1.4091564
4.0390625,1.4020246,0.32600856,1.3452286,1.6168738
4.0410156,1.5371574,0.61542356,1.4672654,1.7482395
4.0429687,1.652191,0.55064613,1.5814381,1.8344723
4.0449218,1.7724739,0.47209874,1.7000104,1.940427
4.046875,1.9040668,0.67407638,1.8351285,2.0890102
4.0488281,2.0177035,0.95481157,1.9675179,2.2607269
4.0507812,2.1417284,0.97805905,2.0753016,2.3877189
4.0527343,2.2607197,0.85837829,2.2091066,2.4136078
4.0546875,2.3923692,1.0449833,2.3392906,2.4712901
4.0566406,2.501893,1.4475616,2.4492518,2.7131948
4.0585937,2.618257,1.6278893,2.5765488,2.880604
4.0605468,2.7539186,1.4818689,2.7044603,2.8495597
4.0625,2.8623485,1.5587898,2.8139057,2.9405112
4.0644531,2.9987225,1.978181,2.9083008,3.1669232
4.0664062,3.1245305,2.1581978,3.0327796,3.3022668
4.0683593,3.2329771,2.0185914,3.1689167,3.3517341
4.0703125,3.3531594,2.0291416,3.2921752,3.5138721
4.0722656,3.4747493,2.3780536,3.4016728,3.6793789
4.0742187,3.6028575,2.6984441,3.5202431,3.6270275
4.0761718,3.7211244,2.6616766,3.6521575,3.6130127
4.078125,3.8384959,2.5470283,3.7702641,3.8603699
4.0800781,3.9518475,2.7696712,3.9069116,4.1087818
4.0820312,4.0714578,3.126883,4.0152502,4.0433778
4.0839843,4.199244,3.1922669,4.1172843,3.9605939
4.0859375,4.3167715,3.0959222,4.2581987,4.1747636
4.0878906,4.4388351,3.2548217,4.3649544,4.462387
4.0898437,4.5567369,3.510792,4.4764356,4.5266199
4.0917968,4.678266,3.5446889,4.6102891,4.4089479
4.09375,4.8044629,3.5283696,4.7436432,4.5357475
4.0957031,4.9136409,3.7105765,4.879395,4.829822
4.0976562,5.0359025,3.9186837,4.9904232,4.8612818
4.0996093,5.1571383,3.9472827,5.1089119,4.6736817
4.1015625,5.2687206,3.9913408,5.2131791,4.7299928
4.1035156,5.3986926,4.1644349,5.3158831,5.1180291
4.1054687,5.5138707,4.3091907,5.4433012,5.295432
4.1074218,5.6248312,4.3244552,5.5633583,5.2069201
4.109375,5.7391405,4.3477058,5.6856818,5.2476463
4.1113281,5.8544788,4.5223598,5.7962503,5.424396
4.1132812,5.9904346,4.7301015,5.9190955,5.4831671
4.1152343,6.1068029,4.7738866,6.0473294,5.4616437
4.1171875,6.2167558,4.724121,6.1522741,5.5715322
4.1191406,6.3445434,4.7825064,6.2644724,5.7278924
4.1210937,6.4475407,4.9902768,6.3853063,5.7588563
4.1230468,6.5618648,5.1457233,6.5117445,5.794795
4.125,6.6834931,5.1380524,6.6125636,5.9625315
4.1269531,6.7950143,5.2026472,6.7232589,6.0602021
4.1289062,6.9155817,5.3728222,6.854393,6.003395
4.1308593,7.0297422,5.4529085,6.955367,6.0841212
4.1328125,7.1460304,5.4305195,7.0709309,6.3185715
4.1347656,7.2636451,5.4940743,7.1816058,6.3682827
4.1367187,7.3887467,5.6866178,7.3082542,6.2887592
4.1386718,7.4859261,5.7667446,7.4426851,6.3718318
4.140625,7.5929131,5.7266225,7.5494294,6.5694999
4.1425781,7.7214055,5.7771582,7.6487159,6.6068449
4.1445312,7.8346514,6.0132327,7.7562875,6.5146284
4.1464843,7.9509539,6.18118,7.8865871,6.597064
4.1484375,8.0502805,6.053431,7.9971795,6.9088363
4.1503906,8.1664991,6.0021367,8.1055488,7.0228052
4.1523437,8.2812137,6.2391619,8.2126054,6.7889771
4.1542968,8.3832664,6.4750809,8.3188581,6.7748827
4.15625,8.5015192,6.4339146,8.4330873,7.1492157
4.1582031,8.609869,6.328834,8.5365343,7.3566484
4.1601562,8.7189474,6.5038437,8.6511287,7.1471858
4.1621093,8.8333234,6.706861,8.759057,7.0408268
4.1640625,8.9392643,6.7077822,8.8685026,7.3567204
4.1660156,9.0550994,6.6416325,8.9883337,7.5574941
4.1679687,9.1700658,6.7273378,9.0991878,7.3964738
4.1699218,9.2832508,6.9414358,9.2207365,7.3380942
4.171875,9.385128,6.9788136,9.318428,7.5385394
4.1738281,9.4828224,6.8882665,9.4275083,7.6942586
4.1757812,9.5974321,6.9508981,9.5504207,7.6512699
4.1777343,9.7033214,7.2128233,9.6525087,7.6358127
4.1796875,9.8157949,7.3609929,9.7682199,7.7843194
4.1816406,9.9182252,7.2159757,9.8691682,7.9165263
4.1835937,10.025108,7.1487631,9.9752674,7.8860039
4.1855468,10.136229,7.3803701,10.075825,7.8373155
4.1875,10.237369,7.5864653,10.171803,7.994246
4.1894531,10.352253,7.4788398,10.294685,8.1965189
4.1914062,10.448565,7.398314,10.402034,8.1800041
4.1933593,10.542898,7.5973143,10.51139,8.0865869
4.1953125,10.660611,7.761065,10.613633,8.1718521
4.1972656,10.756909,7.7565965,10.687976,8.3223991
4.1992187,10.860317,7.7446923,10.794072,8.3358736
4.2011718,10.974952,7.8249845,10.915885,8.3208303
4.203125,11.07859,7.9366927,10.997108,8.52042
4.2050781,11.180817,7.9571132,11.088519,8.6716041
4.2070312,11.272183,7.926155,11.205452,8.4733715
4.2089843,11.386099,8.0037879,11.313004,8.4539785
4.2109375,11.487041,8.1747198,11.42904,8.7752771
4.2128906,11.583838,8.2444591,11.522146,8.8477335
4.2148437,11.690901,8.1453895,11.625288,8.5702276
4.2167968,11.791758,8.1686086,11.739256,8.5252323
4.21875,11.88518,8.3895578,11.823861,8.9215488
4.2207031,11.975969,8.4563713,11.921568,9.0982646
4.2226562,12.078573,8.3593063,12.008699,8.8091859
4.2246093,12.172057,8.4246959,12.104599,8.7561206
4.2265625,12.275244,8.6355218,12.20178,9.1711254
4.2285156,12.372473,8.6524896,12.301198,9.3534755
4.2304687,12.463726,8.5525989,12.407439,9.0611324
4.2324218,12.559717,8.6165533,12.501615,8.9698553
4.234375,12.657991,8.767744,12.612833,9.2938089
4.2363281,12.74786,8.8227796,12.69413,9.4005308
4.2382812,12.834952,8.7947387,12.772112,9.1798906
4.2402343,12.933906,8.8420782,12.885326,9.1582937
4.2421875,13.029088,8.9736557,12.980005,9.4810981
4.2441406,13.13555,9.0128078,13.066126,9.678338
4.2460937,13.215632,8.950633,13.16928,9.4460134
4.2480468,13.29828,8.9821205,13.256206,9.2921228
4.25,13.407391,9.0718641,13.344729,9.5721283
4.2519531,13.489816,9.1721382,13.436871,9.8104658
4.2539062,13.578765,9.2453384,13.520962,9.6475725
4.2558593,13.672688,9.1969728,13.615051,9.5115909
4.2578125,13.762787,9.2090568,13.705599,9.7556963
4.2597656,13.852733,9.3185253,13.790918,9.9835157
4.2617187,13.94612,9.3865032,13.880039,9.8247032
4.2636718,14.039744,9.3886547,13.965888,9.6502609
4.265625,14.11447,9.3717088,14.057814,9.8942689
4.2675781,14.203541,9.4062271,14.154321,10.142075
4.2695312,14.299853,9.512618,14.224453,9.9905252
4.2714843,14.380674,9.647767,14.324145,9.8376092
4.2734375,14.473744,9.6337242,14.409444,10.018749
4.2753906,14.559156,9.4883413,14.474618,10.245121
4.2773437,14.641006,9.5606851,14.572906,10.144411
4.2792968,14.734767,9.7820701,14.645713,10.024841
4.28125,14.806544,9.8054857,14.732624,10.236076
4.2832031,14.886316,9.679224,14.824769,10.42293
4.2851562,14.976802,9.6776161,14.905243,10.328013
4.2871093,15.059405,9.923521,14.984152,10.184347
4.2890625,15.130744,10.044864,15.064689,10.273911
4.2910156,15.203902,9.8253049,15.14859,10.488922
4.2929687,15.289394,9.7417135,15.236071,10.514977
4.2949218,15.361173,10.063339,15.317084,10.378492
4.296875,15.433932,10.285472,15.377952,10.398154
4.2988281,15.523714,10.02898,15.469192,10.593565
4.3007812,15.598697,9.8658752,15.553466,10.639597
4.3027343,15.674017,10.160705,15.623415,10.562715
4.3046875,15.758866,10.345854,15.705558,10.585349
4.3066406,15.825456,10.15263,15.776912,10.688355
4.3085937,15.904386,10.016199,15.844888,10.726278
4.3105468,15.987449,10.231203,15.914938,10.700969
4.3125,16.04586,10.484509,15.989264,10.756896
4.3144531,16.115669,10.352113,16.071064,10.841299
4.3164062,16.205982,10.145386,16.150387,10.889446
4.3183593,16.275991,10.380595,16.221004,10.88492
4.3203125,16.344906,10.664137,16.291132,10.828425
4.3222656,16.415522,10.451485,16.358952,10.858392
4.3242187,16.477196,10.199762,16.426229,10.97395
4.3261718,16.552525,10.458319,16.491262,11.030995
4.328125,16.630009,10.800167,16.564024,11.008874
4.3300781,16.692753,10.682101,16.647364,11.017629
4.3320312,16.761717,10.373168,16.706394,11.101912
4.3339843,16.829226,10.44909,16.763817,11.12628
4.3359375,16.872229,10.832973,16.833509,11.059001
4.3378906,16.949673,10.861819,16.895054,11.11537
4.3398437,17.020636,10.582274,16.962576,11.283196
4.3417968,17.079098,10.659934,17.026974,11.308948
4.34375,17.153481,10.92638,17.088478,11.18429
4.3457031,17.205673,10.883087,17.15826,11.182356
4.3476562,17.272394,10.664382,17.227451,11.371348
4.3496093,17.338617,10.709177,17.291723,11.415132
4.3515625,17.39513,11.03702,17.350101,11.25426
4.3535156,17.457289,11.07709,17.41486,11.244265
4.3554687,17.524588,10.789672,17.471214,11.455818
4.3574218,17.579357,10.779475,17.527296,11.534951
4.359375,17.631062,11.09004,17.595848,11.382627
4.3613281,17.701885,11.171872,17.652485,11.379479
4.3632812,17.756973,10.963446,17.709284,11.585891
4.3652343,17.808548,10.920894,17.76049,11.636724
4.3671875,17.864124,11.119702,17.811136,11.467775
4.3691406,17.922651,11.247309,17.857925,11.458515
4.3710937,17.978786,11.136806,17.900391,11.709553
4.3730468,18.021811,11.033379,17.976028,11.785831
4.375,18.073307,11.173613,18.038841,11.620346
4.3769531,18.136889,11.338199,18.084476,11.60675
4.3789062,18.194115,11.291655,18.150284,11.739362
4.3808593,18.235586,11.169579,18.199364,11.748911
4.3828125,18.288256,11.193306,18.226997,11.661476
4.3847656,18.346272,11.342134,18.284584,11.653522
4.3867187,18.386162,11.392855,18.344658,11.797491
4.3886718,18.427013,11.284317,18.380707,11.941992
4.390625,18.482187,11.259573,18.435246,11.859348
4.3925781,18.525391,11.449944,18.467913,11.724396
4.3945312,18.561485,11.555958,18.519251,11.839012
4.3964843,18.613081,11.371609,18.585077,12.014824
4.3984375,18.671133,11.31329,18.615044,11.984366
4.4003906,18.708275,11.562978,18.674089,11.816045
4.4023437,18.74312,11.617738,18.72381,11.804344
4.4042968,18.79645,11.345511,18.751986,12.018612
4.40625,18.832392,11.33569,18.796345,12.062954
4.4082031,18.869131,11.693348,18.841154,11.884521
4.4101562,18.918001,11.737462,18.883923,11.905951
4.4121093,18.953493,11.437594,18.925337,12.141684
4.4140625,18.994833,11.424585,18.956553,12.171213
4.4160156,19.044851,11.709294,18.999538,11.955403
4.4179687,19.07378,11.788088,19.050577,11.938638
4.4199218,19.115019,11.525216,19.087254,12.192325
4.421875,19.152788,11.414557,19.123177,12.246145
4.4238281,19.186481,11.736751,19.148829,12.003699
4.4257812,19.226561,11.894937,19.185341,11.956793
4.4277343,19.246031,11.622421,19.20945,12.240237
4.4296875,19.283745,11.471425,19.241287,12.374469
4.4316406,19.315351,11.736336,19.277754,12.139183
4.4335937,19.346395,11.977607,19.302511,12.021731
4.4355468,19.391283,11.768203,19.361763,12.279691
4.4375,19.422729,11.544428,19.384186,12.441907
4.4394531,19.443872,11.737582,19.408693,12.224906
4.4414062,19.462505,11.918408,19.431881,11.981009
4.4433593,19.493231,11.731403,19.450108,12.162994
4.4453125,19.520237,11.648887,19.494659,12.482586
4.4472656,19.547848,11.934249,19.511276,12.397738
4.4492187,19.57736,12.046661,19.521809,12.136384
4.4511718,19.59271,11.753137,19.552605,12.200044
4.453125,19.619759,11.586312,19.599253,12.498673
4.4550781,19.649738,11.858486,19.617697,12.527064
4.4570312,19.670727,12.094272,19.638988,12.239429
4.4589843,19.698269,11.875509,19.674917,12.120191
4.4609375,19.715584,11.634677,19.703894,12.394796
4.4628906,19.72987,11.829878,19.72053,12.586844
4.4648437,19.758223,12.092928,19.729006,12.327974
4.4667968,19.776321,11.990478,19.747263,12.11105
4.46875,19.795902,11.746068,19.770519,12.389791
4.4707031,19.819658,11.799723,19.776295,12.693819
4.4726562,19.834021,12.046412,19.78227,12.484534
4.4746093,19.84754,12.032925,19.822681,12.179424
4.4765625,19.858212,11.797772,19.847048,12.388204
4.4785156,19.868216,11.795712,19.86446,12.726957
4.4804687,19.887405,12.051568,19.875946,12.510381
4.4824218,19.911018,12.120856,19.881578,12.125869
4.484375,19.914433,11.919033,19.883448,12.308288
4.4863281,19.93512,11.788291,19.888277,12.734995
4.4882812,19.953279,11.92427,19.900562,12.65106
4.4902343,19.952656,12.095269,19.918642,12.296126
4.4921875,19.964079,11.966181,19.94042,12.364939
4.4941406,19.975065,11.803353,19.938646,12.69726
4.4960937,19.984377,11.943004,19.957567,12.634741
4.4980468,19.990488,12.104519,19.972853,12.2733
4.5,19.994696,12.002732,19.984798,12.315786
4.5019531,19.996044,11.854359,19.990763,12.661583
4.5039062,20.006571,11.936156,19.987663,12.650796
4.5058593,20.011274,12.076653,19.994284,12.348863
4.5078125,20.016602,12.036793,19.987343,12.362332
4.5097656,20.025799,11.9137,20.001209,12.636768
4.5117187,20.029594,11.919642,20.000828,12.671547
4.5136718,20.028049,11.995596,20.00341,12.488428
4.515625,20.025255,11.97254,20.022543,12.417353
4.5175781,20.031742,11.909536,20.015343,12.556037
4.5195312,20.033836,11.93204,20.014088,12.622969
4.5214843,20.034546,11.968606,20.032385,12.522216
4.5234375,20.031666,11.93302,20.038364,12.495697
4.5253906,20.036053,11.88043,20.022663,12.532733
4.5273437,20.030279,11.790238,20.02986,12.522433
4.5292968,20.031954,11.707043,20.033545,12.496388
4.53125,20.043205,11.613879,20.032099,12.498851
4.5332031,20.029831,11.511749,20.039009,12.452799
4.5351562,20.030512,11.287234,20.031614,12.349459
4.5371093,20.02697,10.89935,20.043804,12.202335
4.5390625,20.019979,10.913824,20.020275,12.057067
4.5410156,20.007269,11.160611,19.992146,11.943241
4.5429687,19.990406,11.063846,20.011438,11.513075
4.5449218,19.982357,10.840564,20.008957,11.306808
4.546875,19.970284,10.903987,20.00065,11.654502
4.5488281,19.958006,11.155897,19.990509,11.687667
4.5507812,19.922949,11.103055,19.976086,11.340905
4.5527343,19.913574,10.796441,19.965397,11.264436
4.5546875,19.903784,10.804415,19.948292,11.603619
4.5566406,19.877701,11.167096,19.926558,11.711279
4.5585937,19.855356,11.145876,19.905737,11.360988
4.5605468,19.82873,10.729484,19.874157,11.227743
4.5625,19.820835,10.693102,19.849834,11.578276
4.5644531,19.790672,11.051421,19.82888,11.739888
4.5664062,19.770958,11.116849,19.796272,11.41116
4.5683593,19.744055,10.713845,19.778097,11.237879
4.5703125,19.712553,10.583617,19.75771,11.497062
4.5722656,19.712463,10.91266,19.725773,11.628512
4.5742187,19.682354,11.079029,19.702347,11.316319
4.5761718,19.648933,10.780194,19.699247,11.105267
4.578125,19.628326,10.433404,19.669159,11.383213
4.5800781,19.599426,10.628624,19.641796,11.552483
4.5820312,19.570148,10.985895,19.618301,11.141799
4.5839843,19.543453,10.813346,19.578028,10.882964
4.5859375,19.517998,10.447687,19.566366,11.26812
4.5878906,19.487913,10.544557,19.531982,11.519513
4.5898437,19.458429,10.846171,19.497732,11.139768
4.5917968,19.432516,10.716382,19.484894,10.823298
4.59375,19.403418,10.390922,19.439692,11.151712
4.5957031,19.367683,10.447206,19.404116,11.441708
4.5976562,19.329414,10.661318,19.369717,11.042265
4.5996093,19.304724,10.597765,19.333239,10.730157
4.6015625,19.278494,10.40471,19.304731,11.111414
4.6035156,19.239355,10.391661,19.246122,11.394726
4.6054687,19.205471,10.473495,19.214211,10.955958
4.6074218,19.153944,10.437038,19.179384,10.58892
4.609375,19.119764,10.32057,19.14476,11.048423
4.6113281,19.098097,10.331536,19.116322,11.390551
4.6132812,19.043301,10.489558,19.074644,10.860581
4.6152343,19.010647,10.434181,19.043604,10.402275
4.6171875,18.968132,10.127809,18.997307,10.790536
4.6191406,18.924103,10.093842,18.958515,11.196835
4.6210937,18.891396,10.360084,18.911423,10.771473
4.6230468,18.843281,10.399462,18.877953,10.318787
4.625,18.804443,10.097741,18.843786,10.69683
4.6269531,18.758951,9.920783,18.800402,11.131144
4.6289062,18.720839,10.158348,18.760105,10.690894
4.6308593,18.667578,10.320858,18.695091,10.168274
4.6328125,18.627609,10.044016,18.658197,10.515136
4.6347656,18.58461,9.790287,18.620869,10.996803
4.6367187,18.529442,10.003289,18.56435,10.697506
4.6386718,18.491663,10.206282,18.519423,10.159047
4.640625,18.433578,9.9384632,18.470673,10.328329
4.6425781,18.384605,9.6870803,18.423004,10.809068
4.6445312,18.341835,9.8502645,18.379421,10.628516
4.6464843,18.29076,10.106771,18.324827,10.089863
4.6484375,18.226498,9.9270849,18.261751,10.157878
4.6503906,18.185989,9.5252676,18.219637,10.603342
4.6523437,18.135054,9.6270532,18.171511,10.510371
4.6542968,18.065723,10.045464,18.107376,10.059554
4.65625,18.024952,9.8637256,18.054386,10.064598
4.6582031,17.97909,9.3649349,18.005005,10.413296
4.6601562,17.928377,9.5108289,17.96143,10.382514
4.6621093,17.862505,9.8829851,17.904716,10.007668
4.6640625,17.811417,9.6469163,17.83449,9.9387283
4.6660156,17.757057,9.1955766,17.770613,10.162883
4.6679687,17.696011,9.3839979,17.713083,10.166179
4.6699218,17.642412,9.7860975,17.669594,9.9581947
4.671875,17.566912,9.5516424,17.620304,9.9614152
4.6738281,17.51305,9.0889282,17.548555,10.104651
4.6757812,17.457396,9.1681337,17.484905,9.9482145
4.6777343,17.392479,9.6106557,17.43433,9.6877489
4.6796875,17.336224,9.5329551,17.36684,9.8028554
4.6816406,17.274445,8.9979066,17.311375,10.028352
4.6835937,17.202919,8.9661226,17.265162,9.8302249
4.6855468,17.13131,9.389965,17.192366,9.545063
4.6875,17.074263,9.3850994,17.115356,9.6404333
4.6894531,17.005074,8.9701013,17.057022,9.7755832
4.6914062,16.942829,8.9296798,17.003487,9.6770982
4.6933593,16.877708,9.2161836,16.936964,9.5665626
4.6953125,16.80645,9.183609,16.873671,9.5735912
4.6972656,16.742203,8.8139152,16.802849,9.5481138
4.6992187,16.674726,8.7296533,16.724089,9.4387779
4.7011718,16.606236,9.0383482,16.657515,9.3957023
4.703125,16.531145,9.0786171,16.59379,9.4617948
4.7050781,16.457439,8.6957559,16.504028,9.5060977
4.7070312,16.397638,8.5566473,16.433033,9.3920126
4.7089843,16.331713,8.8800869,16.38203,9.2340793
4.7109375,16.253387,8.9803571,16.307278,9.3053541
4.7128906,16.186993,8.5511989,16.242111,9.3916778
4.7148437,16.104858,8.3123302,16.159231,9.1613044
4.7167968,16.04343,8.6532993,16.093826,8.9388113
4.71875,15.966779,8.851983,16.023973,9.0793438
4.7207031,15.876457,8.5110817,15.935434,9.2866506
4.7226562,15.815884,8.1907472,15.873315,9.0737762
4.7246093,15.741961,8.4333849,15.803503,8.7918481
4.7265625,15.678719,8.7180309,15.726453,8.9629554
4.7285156,15.593358,8.3860998,15.628258,9.1240501
4.7304687,15.508936,7.9936265,15.556851,8.851243
4.7324218,15.439147,8.1481199,15.481173,8.6365804
4.734375,15.356179,8.5022945,15.386409,8.9000673
4.7363281,15.280962,8.3642826,15.314507,9.0255546
4.7382812,15.202905,7.9429597,15.237602,8.6780958
4.7402343,15.127431,7.9717197,15.170826,8.4961233
4.7421875,15.039816,8.2454032,15.092129,8.6798429
4.7441406,14.955562,8.1353168,15.013894,8.747384
4.7460937,14.879855,7.8065757,14.943441,8.4708404
4.7480468,14.794868,7.8686227,14.860178,8.315999
4.75,14.711013,8.0922002,14.776586,8.4854803
4.7519531,14.623191,7.9187984,14.67318,8.5309028
4.7539062,14.543866,7.6447801,14.596457,8.3416862
4.7558593,14.450648,7.7199277,14.523873,8.249402
4.7578125,14.361724,7.9002652,14.414316,8.4276056
4.7597656,14.298439,7.7436261,14.335855,8.4400978
4.7617187,14.207778,7.5192127,14.258812,8.12257
4.7636718,14.111207,7.5771083,14.170857,8.0641918
4.765625,14.030391,7.576776,14.089553,8.2688646
4.7675781,13.935637,7.4253606,13.997009,8.1927967
4.7695312,13.851083,7.4338522,13.896266,7.8812599
4.7714843,13.77313,7.5137429,13.805,7.8717446
4.7734375,13.672593,7.4361972,13.707499,8.1173124
4.7753906,13.578754,7.2402358,13.631353,8.087533
4.7773437,13.491728,7.1579656,13.563389,7.8135328
4.7792968,13.397209,7.2961702,13.451295,7.7583866
4.78125,13.317633,7.3444604,13.369749,7.8222456
4.7832031,13.229732,7.1227841,13.273379,7.6766176
4.7851562,13.131728,6.9617714,13.165014,7.5925059
4.7871093,13.042467,6.9991407,13.079303,7.6877379
4.7890625,12.942204,7.0307946,12.983462,7.7166357
4.7910156,12.840657,6.967863,12.908237,7.5618858
4.7929687,12.756606,6.8544783,12.800286,7.4416666
4.7949218,12.665722,6.8555045,12.706911,7.4621419
4.796875,12.556093,6.899353,12.62944,7.389904
4.7988281,12.466556,6.7328596,12.514739,7.3138451
4.8007812,12.379708,6.5587997,12.428926,7.3067483
4.8027343,12.27881,6.6693639,12.332482,7.2632989
4.8046875,12.18711,6.7389569,12.21961,7.1906209
4.8066406,12.090518,6.4956507,12.134151,7.1345348
4.8085937,11.994433,6.3205881,12.040032,7.1212139
4.8105468,11.895796,6.4355988,11.929693,7.1069574
4.8125,11.782552,6.5120959,11.827434,7.0134224
4.8144531,11.696808,6.3176364,11.719072,6.8898139
4.8164062,11.597743,6.1853561,11.62119,6.9147601
4.8183593,11.490365,6.2971272,11.53961,6.9714684
4.8203125,11.402751,6.2556104,11.441628,6.8514084
4.8222656,11.293888,6.0415582,11.332439,6.6691608
4.8242187,11.192546,5.9737525,11.230865,6.5919046
4.8261718,11.084773,6.0166821,11.13295,6.600202
4.828125,10.972426,6.0112609,11.051885,6.6352367
4.8300781,10.874748,5.9129648,10.959326,6.5754265
4.8320312,10.783306,5.8324418,10.829395,6.4234595
4.8339843,10.675644,5.8496999,10.735097,6.2914485
4.8359375,10.572869,5.7604055,10.639707,6.2866964
4.8378906,10.479852,5.5500969,10.534695,6.4260053
4.8398437,10.360262,5.5338144,10.435755,6.3748369
4.8417968,10.2517,5.6101985,10.312541,6.1239819
4.84375,10.155318,5.5088338,10.188954,6.0371046
4.8457031,10.05607,5.4179563,10.089433,6.1572594
4.8476562,9.9426775,5.4153351,10.006359,6.2057666
4.8496093,9.836915,5.3070783,9.8953752,6.0680542
4.8515625,9.7276039,5.1560745,9.7826929,5.8374633
4.8535156,9.6134815,5.1587824,9.6798038,5.7338542
4.8554687,9.5152463,5.2110123,9.579236,5.7906413
4.8574218,9.4013013,5.1156091,9.4651451,5.792088
4.859375,9.3024387,4.9519562,9.3577785,5.6900634
4.8613281,9.1934385,4.8697743,9.2621021,5.529684
4.8632812,9.0769014,4.8917484,9.1398382,5.5435481
4.8652343,8.9679145,4.8136115,9.0193281,5.5991663
4.8671875,8.858138,4.6866135,8.9201126,5.4170889
4.8691406,8.755516,4.6730017,8.8243055,5.2795929
4.8710937,8.6316633,4.6488809,8.7099056,5.4224023
4.8730468,8.5237579,4.5382404,8.5989294,5.3896203
4.875,8.4259891,4.3803591,8.4805584,5.0095615
4.8769531,8.3118696,4.4026212,8.3591661,4.9635911
4.8789062,8.2049236,4.4041109,8.2653293,5.2200536
4.8808593,8.0944385,4.1766791,8.1552324,5.1765074
4.8828125,7.9787373,4.0579762,8.0292692,4.876326
4.8847656,7.8687248,4.1096272,7.9256801,4.7438283
4.8867187,7.7516846,4.1015052,7.8050737,4.8303818
4.8886718,7.639606,3.933407,7.690145,4.8568387
4.890625,7.5247621,3.8150792,7.5989389,4.6840071
4.8925781,7.4054598,3.8370807,7.483231,4.5285506
4.8945312,7.2935242,3.7900126,7.3578157,4.5269713
4.8964843,7.175312,3.6532652,7.2454233,4.4522867
4.8984375,7.0611586,3.5547237,7.1285128,4.3495159
4.9003906,6.9486975,3.5204875,7.018084,4.3510541
4.9023437,6.8313074,3.4814543,6.9088845,4.3409028
4.9042968,6.7089724,3.3909485,6.7728667,4.2093701
4.90625,6.5974693,3.2509486,6.6657142,4.0494723
4.9082031,6.4884443,3.1859364,6.5622296,4.0298557
4.9101562,6.3707351,3.1996007,6.4457526,4.1060166
4.9121093,6.2586722,3.0339915,6.3235745,3.9883329
4.9140625,6.1391744,2.8022921,6.1937575,3.6605439
4.9160156,6.025937,2.7966156,6.0723295,3.630162
4.9179687,5.9199342,2.8590459,5.963551,3.8383112
4.9199218,5.8033742,2.6997575,5.8526024,3.7743341
4.921875,5.67982,2.5122609,5.7228603,3.507457
4.9238281,5.5656905,2.5133814,5.6176004,3.345354
4.9257812,5.4497599,2.448559,5.5051207,3.3994233
4.9277343,5.3279724,2.3125426,5.4004402,3.4151909
4.9296875,5.2197618,2.2653031,5.2780475,3.189058
4.9316406,5.0945429,2.235665,5.1407799,2.997215
4.9335937,4.9722776,2.07995,5.0323553,2.9911754
4.9355468,4.8497085,1.8639533,4.9067421,3.060522
4.9375,4.7362551,1.8683812,4.7950115,3.0135674
4.9394531,4.6256265,1.8985465,4.6886396,2.802921
4.9414062,4.4962554,1.7196185,4.5672693,2.6953828
4.9433593,4.3820123,1.476718,4.4431967,2.7019848
4.9453125,4.2607693,1.4028247,4.3097586,2.5599644
4.9472656,4.1468396,1.5013985,4.1811895,2.3664383
4.9492187,4.0260582,1.3684773,4.0627384,2.4104368
4.9511718,3.9059767,1.0648065,3.9402995,2.4965004
4.953125,3.7840163,0.99162561,3.818881,2.323148
4.9550781,3.6597089,1.0649067,3.7005415,2.0587732
4.9570312,3.543848,0.92873132,3.5934841,1.9774571
4.9589843,3.4228606,0.68631655,3.4689402,2.046365
4.9609375,3.3076527,0.63730013,3.336333,1.9233962
4.9628906,3.183459,0.64022446,3.2294263,1.6195024
4.9648437,3.0687027,0.47153598,3.0992312,1.5758591
4.9667968,2.9404649,0.23980522,2.9861967,1.7171673
4.96875,2.8153045,0.18736327,2.8672277,1.5791769
4.9707031,2.7065608,0.18953837,2.731193,1.2602074
4.9726562,2.5758824,0.087841675,2.617866,1.1895133
4.9746093,2.4443337,-0.075864814,2.4910833,1.278248
4.9765625,2.3276407,-0.23342021,2.3699405,1.2071344
4.9785156,2.2096819,-0.16566277,2.2407922,0.94372833
4.9804687,2.0785727,-0.016199516,2.1271839,0.80269253
4.9824218,1.9657872,-0.12732027,2.0197315,0.87647325
4.984375,1.8486321,-0.29159987,1.8965642,0.78549701
4.9863281,1.7172443,-0.17801711,1.7797689,0.5024184
4.9882812,1.5981452,-0.074024521,1.648823,0.34484628
4.9902343,1.4786497,-0.22305471,1.5172029,0.3824544
4.9921875,1.3559242,-0.23399518,1.402248,0.37035039
4.9941406,1.2264639,-0.11887573,1.2830647,0.22792442
4.9960937,1.1080721,-0.12089892,1.1506363,0.086881764
4.9980468,0.98570913,-0.21608439,1.0261985,0.018004116
5.0,0.86332071,-0.235241,0.90325278,-0.058625221
5.0019531,0.74754781,-0.11603986,0.77797318,-0.14153837
5.0039062,0.61803323,-0.1231469,0.64392602,-0.090564288
5.0058593,0.49639413,-0.23743013,0.52651793,-0.03704543
5.0078125,0.37212658,-0.24252754,0.41820323,-0.092558369
5.0097656,0.24575658,-0.1115801,0.29839975,-0.13997282
5.0117187,0.12808323,-0.092886597,0.16600108,-0.1020305
5.0136718,-0.0027852831,-0.18759279,0.03726995,-0.13316543
5.015625,-0.12699352,-0.20767385,-0.081477404,-0.21158384
5.0175781,-0.23750164,-0.21633945,-0.21001855,-0.11057177
5.0195312,-0.3606061,-0.23502475,-0.30973712,-0.0031646127
5.0214843,-0.48888871,-0.32530192,-0.43913507,-0.075536698
5.0234375,-0.60859305,-0.51808852,-0.57042736,-0.20263866
5.0253906,-0.73241407,-0.63740337,-0.68482357,-0.21110083
5.0273437,-0.8589384,-0.61927575,-0.81923389,-0.10464845
5.0292968,-0.97460836,-0.6941303,-0.93599194,-0.06740614
5.03125,-1.0973604,-0.91785306,-1.0695678,-0.13934824
5.0332031,-1.2258098,-1.1195923,-1.1881307,-0.18569371
5.0351562,-1.3577758,-1.2468689,-1.2835726,-0.12562358
5.0371093,-1.4802696,-1.307839,-1.417087,-0.1006061
5.0390625,-1.5946883,-1.4041873,-1.5430316,-0.23553239
5.0410156,-1.7174874,-1.5885298,-1.6435959,-0.48422217
5.0429687,-1.8308831,-1.7646505,-1.7744505,-0.51395059
5.0449218,-1.953382,-1.9110033,-1.9082908,-0.36977172
5.046875,-2.0762009,-2.0071516,-2.0370593,-0.5783543
5.0488281,-2.2015349,-2.1369576,-2.1543927,-0.86794591
5.0507812,-2.3212654,-2.2771289,-2.2628192,-0.82584667
5.0527343,-2.4371807,-2.362292,-2.3836917,-0.76992345
5.0546875,-2.5725867,-2.42628,-2.5173237,-1.1066314
5.0566406,-2.6912753,-2.5494403,-2.6532371,-1.4938938
5.0585937,-2.8041989,-2.7534582,-2.7755701,-1.4229008
5.0605468,-2.9214141,-2.8285718,-2.8981916,-1.232629
5.0625,-3.0493295,-2.8983604,-3.0040273,-1.4855525
5.0644531,-3.1696491,-3.0496463,-3.1161193,-1.911898
5.0664062,-3.2933602,-3.2196533,-3.2472086,-1.9524524
5.0683593,-3.4215459,-3.2742638,-3.3668277,-1.9047694
5.0703125,-3.5340321,-3.2833602,-3.4888365,-2.1686146
5.0722656,-3.6532826,-3.4675786,-3.6221981,-2.397083
5.0742187,-3.7666616,-3.5962908,-3.7359705,-2.3323073
5.0761718,-3.895231,-3.6748366,-3.8493309,-2.3581566
5.078125,-4.0196313,-3.8082277,-3.9759779,-2.6104741
5.0800781,-4.1442389,-3.9560847,-4.0896849,-2.7926538
5.0820312,-4.2590465,-4.00463,-4.209196,-2.8403029
5.0839843,-4.3721318,-3.9986403,-4.3258514,-2.9078934
5.0859375,-4.5043048,-4.134099,-4.4389886,-3.0792625
5.0878906,-4.6079273,-4.3533296,-4.5721416,-3.2232945
5.0898437,-4.7297883,-4.4593429,-4.7026162,-3.2689654
5.0917968,-4.8604378,-4.4297652,-4.8214769,-3.3796596
5.09375,-4.9692912,-4.5762291,-4.930334,-3.4747145
5.0957031,-5.0922389,-4.7542085,-5.0524673,-3.4783411
5.0976562,-5.2150239,-4.7183814,-5.1843538,-3.5970978
5.0996093,-5.3256278,-4.7745332,-5.2984299,-3.8580901
5.1015625,-5.4512753,-4.9724922,-5.4191722,-3.9522953
5.1035156,-5.5718398,-5.0744762,-5.5308356,-3.8611161
5.1054687,-5.686903,-5.0768828,-5.6483926,-3.9623537
5.1074218,-5.8080201,-5.1163187,-5.7732014,-4.1961445
5.109375,-5.9251875,-5.2442598,-5.8786792,-4.3555522
5.1113281,-6.0460701,-5.3966136,-5.9943141,-4.325068
5.1132812,-6.1626844,-5.4736394,-6.1080732,-4.3266058
5.1152343,-6.2777285,-5.4786362,-6.2366404,-4.559051
5.1171875,-6.3971405,-5.5392341,-6.3583626,-4.7177667
5.1191406,-6.514245,-5.696412,-6.4583101,-4.6994772
5.1210937,-6.6219744,-5.8056345,-6.5774822,-4.6325726
5.1230468,-6.7307319,-5.8026008,-6.6816,-4.7866988
5.125,-6.8488245,-5.8519234,-6.8117637,-5.0586748
5.1269531,-6.9638876,-6.0185298,-6.9379057,-5.1148924
5.1289062,-7.0848846,-6.1674318,-7.0394592,-5.0427107
5.1308593,-7.2186565,-6.1448116,-7.1742887,-5.0663914
5.1328125,-7.326735,-6.095632,-7.2803626,-5.2687373
5.1347656,-7.4354906,-6.1954836,-7.3848381,-5.4057626
5.1367187,-7.5584526,-6.2900919,-7.4967517,-5.3501019
5.1386718,-7.6588168,-6.3993949,-7.5897159,-5.4009251
5.140625,-7.7718563,-6.4961757,-7.7111811,-5.659275
5.1425781,-7.8913884,-6.5291581,-7.8358182,-5.7933764
5.1445312,-7.9921746,-6.6333456,-7.9450922,-5.739921
5.1464843,-8.1059417,-6.7239742,-8.0708446,-5.7191767
5.1484375,-8.2279996,-6.7261662,-8.1885995,-5.8053445
5.1503906,-8.3397646,-6.8039164,-8.2990407,-5.9554753
5.1523437,-8.447607,-6.9057021,-8.404562,-5.9541277
5.1542968,-8.561366,-6.8857641,-8.5094947,-5.9405298
5.15625,-8.6735315,-6.9170665,-8.6345014,-6.1139097
5.1582031,-8.7840023,-7.0805716,-8.7529115,-6.291584
5.1601562,-8.8898019,-7.2069406,-8.867814,-6.3168788
5.1621093,-9.0006885,-7.1734051,-8.9709415,-6.2174582
5.1640625,-9.1152849,-7.1643881,-9.0671834,-6.2637996
5.1660156,-9.2145586,-7.3343319,-9.1747446,-6.4744057
5.1679687,-9.3209037,-7.4356474,-9.2939357,-6.6133003
5.1699218,-9.4313869,-7.393784,-9.3956708,-6.6066622
5.171875,-9.5477905,-7.456417,-9.4991855,-6.6277556
5.1738281,-9.6543417,-7.6077241,-9.6111154,-6.7264385
5.1757812,-9.7668113,-7.6422863,-9.714858,-6.7711944
5.1777343,-9.8808641,-7.5766739,-9.8351564,-6.8224287
5.1796875,-9.9747219,-7.6619477,-9.937397,-6.883634
5.1816406,-10.090621,-7.8266253,-10.049914,-6.9391465
5.1835937,-10.188429,-7.8288726,-10.150398,-6.9682612
5.1855468,-10.285728,-7.8564639,-10.250573,-7.0007448
5.1875,-10.40686,-7.9569783,-10.375298,-7.1176409
5.1894531,-10.517186,-8.0484495,-10.462869,-7.220539
5.1914062,-10.612654,-8.1116695,-10.571262,-7.2553582
5.1933593,-10.70769,-8.0330247,-10.684828,-7.2240657
5.1953125,-10.831054,-8.0191764,-10.779902,-7.3077187
5.1972656,-10.938361,-8.2394266,-10.871437,-7.4632263
5.1992187,-11.036242,-8.3755645,-10.97299,-7.4417715
5.2011718,-11.138238,-8.2626571,-11.10013,-7.4384188
5.203125,-11.235527,-8.2193403,-11.178145,-7.6118722
5.2050781,-11.346154,-8.4031295,-11.278306,-7.7431902
5.2070312,-11.446848,-8.558114,-11.397421,-7.6108207
5.2089843,-11.545793,-8.5226202,-11.484961,-7.5852894
5.2109375,-11.646008,-8.4511423,-11.590053,-7.825129
5.2128906,-11.745255,-8.5264425,-11.689115,-7.9088854
5.2148437,-11.839933,-8.6858358,-11.790452,-7.8447361
5.2167968,-11.942546,-8.7427864,-11.88362,-7.8481383
5.21875,-12.046597,-8.7244586,-11.987788,-7.9667358
5.2207031,-12.137665,-8.7905082,-12.089126,-8.0505619
5.2226562,-12.239088,-8.8658123,-12.189813,-8.0706653
5.2246093,-12.336609,-8.8527765,-12.294045,-8.1302557
5.2265625,-12.432404,-8.8591537,-12.383393,-8.1390581
5.2285156,-12.527865,-8.9692812,-12.495269,-8.1011076
5.2304687,-12.621441,-9.0579185,-12.590115,-8.2241153
5.2324218,-12.716129,-9.0576171,-12.666129,-8.4070224
5.234375,-12.80927,-9.0965833,-12.771286,-8.2947025
5.2363281,-12.906631,-9.1548128,-12.870377,-8.2179966
5.2382812,-12.998993,-9.1850347,-12.957283,-8.5190315
5.2402343,-13.095563,-9.2056455,-13.056769,-8.6631679
5.2421875,-13.198537,-9.2659263,-13.148908,-8.4512376
5.2441406,-13.292921,-9.3301973,-13.251861,-8.3931446
5.2460937,-13.386227,-9.2886295,-13.342459,-8.6270074
5.2480468,-13.473664,-9.3022279,-13.421369,-8.7747106
5.25,-13.556791,-9.4329223,-13.528945,-8.6164789
5.2519531,-13.655404,-9.482974,-13.606894,-8.5647773
5.2539062,-13.749294,-9.4840431,-13.680223,-8.8509836
5.2558593,-13.826968,-9.5861549,-13.791134,-8.9411792
5.2578125,-13.910253,-9.637639,-13.870492,-8.8111553
5.2597656,-14.006041,-9.5650491,-13.955626,-8.8797617
5.2617187,-14.096916,-9.6334877,-14.057217,-8.9867906
5.2636718,-14.176688,-9.8143863,-14.136176,-8.9985361
5.265625,-14.271072,-9.7892437,-14.231194,-8.9886188
5.2675781,-14.363323,-9.6506166,-14.313605,-8.9977569
5.2695312,-14.447673,-9.7475128,-14.396194,-9.0973367
5.2714843,-14.533794,-9.9093656,-14.489335,-9.1583681
5.2734375,-14.609949,-9.8833732,-14.573373,-9.1572465
5.2753906,-14.694701,-9.8527765,-14.663508,-9.1963348
5.2773437,-14.777031,-9.9310178,-14.748246,-9.2525157
5.2792968,-14.85793,-10.056261,-14.847276,-9.2663278
5.28125,-14.948116,-10.096016,-14.917524,-9.259243
5.2832031,-15.030563,-10.035469,-14.977425,-9.3046016
5.2851562,-15.101219,-10.012648,-15.066577,-9.3443269
5.2871093,-15.182488,-10.092134,-15.152348,-9.4391317
5.2890625,-15.270507,-10.226519,-15.223457,-9.589261
5.2910156,-15.342862,-10.270489,-15.291487,-9.5650396
5.2929687,-15.422776,-10.201689,-15.378008,-9.445157
5.2949218,-15.505935,-10.209961,-15.446648,-9.5433864
5.296875,-15.579762,-10.32549,-15.523607,-9.7563991
5.2988281,-15.658533,-10.363837,-15.603193,-9.7081213
5.3007812,-15.737204,-10.32334,-15.6809,-9.5604038
5.3027343,-15.806526,-10.360122,-15.754833,-9.6619978
5.3046875,-15.884839,-10.449701,-15.836767,-9.8399105
5.3066406,-15.968991,-10.4891,-15.933884,-9.7920084
5.3085937,-16.044037,-10.490615,-15.998413,-9.6835537
5.3105468,-16.104755,-10.491906,-16.080301,-9.7576513
5.3125,-16.162527,-10.516847,-16.153589,-9.8518047
5.3144531,-16.250118,-10.565975,-16.212744,-9.8746223
5.3164062,-16.329092,-10.67866,-16.287558,-9.8824853
5.3183593,-16.390406,-10.786796,-16.362734,-9.9386339
5.3203125,-16.456526,-10.670459,-16.43964,-10.064783
5.3222656,-16.521364,-10.521291,-16.512926,-10.074871
5.3242187,-16.599241,-10.7005,-16.568609,-9.9704542
5.3261718,-16.677053,-10.971272,-16.634859,-9.9805135
5.328125,-16.74457,-10.900656,-16.711142,-10.119059
5.3300781,-16.811018,-10.627966,-16.770388,-10.232975
5.3320312,-16.878679,-10.656376,-16.821896,-10.20935
5.3339843,-16.947748,-10.960445,-16.889154,-10.142799
5.3359375,-17.006939,-11.045442,-16.990414,-10.203722
5.3378906,-17.056622,-10.85571,-17.041605,-10.370383
5.3398437,-17.126194,-10.801652,-17.080629,-10.359834
5.3417968,-17.192837,-11.065143,-17.159725,-10.08713
5.34375,-17.252998,-11.274141,-17.219213,-10.152217
5.3457031,-17.323103,-11.052976,-17.264704,-10.613421
5.3476562,-17.383842,-10.83485,-17.331545,-10.619431
5.3496093,-17.442856,-11.056905,-17.414742,-10.212463
5.3515625,-17.503382,-11.275066,-17.472857,-10.292673
5.3535156,-17.568392,-11.144223,-17.537584,-10.689421
5.3554687,-17.624632,-11.014999,-17.597294,-10.556845
5.3574218,-17.69038,-11.178987,-17.645046,-10.205455
5.359375,-17.75009,-11.332197,-17.716822,-10.382076
5.3613281,-17.786394,-11.237617,-17.759079,-10.811323
5.3632812,-17.848886,-11.116037,-17.80427,-10.770915
5.3652343,-17.911793,-11.262993,-17.865658,-10.381179
5.3671875,-17.966236,-11.544871,-17.91926,-10.487032
5.3691406,-18.016003,-11.454088,-17.984741,-10.977898
5.3710937,-18.066399,-11.14632,-18.03583,-10.912423
5.3730468,-18.122227,-11.23968,-18.088684,-10.452846
5.375,-18.173441,-11.605947,-18.144833,-10.486677
5.3769531,-18.228775,-11.610657,-18.190706,-10.933991
5.3789062,-18.268099,-11.317143,-18.244091,-10.979864
5.3808593,-18.320679,-11.322761,-18.298447,-10.623463
5.3828125,-18.367815,-11.601585,-18.343178,-10.623711
5.3847656,-18.411711,-11.682613,-18.388882,-11.005651
5.3867187,-18.473791,-11.501143,-18.43775,-11.047437
5.3886718,-18.511305,-11.466196,-18.481421,-10.734104
5.390625,-18.562361,-11.638652,-18.528383,-10.751029
5.3925781,-18.61178,-11.645491,-18.577263,-11.081174
5.3945312,-18.651743,-11.538305,-18.621923,-11.110511
5.3964843,-18.697512,-11.571259,-18.666193,-10.836209
5.3984375,-18.732914,-11.715881,-18.709368,-10.827953
5.4003906,-18.774254,-11.737817,-18.751381,-11.106462
5.4023437,-18.817612,-11.646652,-18.790285,-11.147877
5.4042968,-18.863337,-11.707447,-18.819798,-10.939958
5.40625,-18.901886,-11.811414,-18.855652,-10.932816
5.4082031,-18.943073,-11.741192,-18.907173,-11.167239
5.4101562,-18.982939,-11.66142,-18.944021,-11.266519
5.4121093,-19.019758,-11.764665,-18.993864,-11.092523
5.4140625,-19.057524,-11.854387,-19.021473,-10.983456
5.4160156,-19.098845,-11.793473,-19.042501,-11.144324
5.4179687,-19.149523,-11.747633,-19.116148,-11.236916
5.4199218,-19.178373,-11.832182,-19.153709,-11.158467
5.421875,-19.200039,-11.885331,-19.181625,-11.14278
5.4238281,-19.234535,-11.743187,-19.215691,-11.141654
5.4257812,-19.268095,-11.736678,-19.242697,-11.128084
5.4277343,-19.297819,-12.026564,-19.285549,-11.202068
5.4296875,-19.33354,-12.105333,-19.312021,-11.293116
5.4316406,-19.363052,-11.834376,-19.340794,-11.277411
5.4335937,-19.39048,-11.745744,-19.376339,-11.203936
5.4355468,-19.423698,-11.954833,-19.408121,-11.243367
5.4375,-19.456842,-12.076969,-19.42589,-11.358047
5.4394531,-19.486029,-11.963438,-19.449928,-11.328503
5.4414062,-19.506969,-11.840892,-19.493292,-11.219296
5.4433593,-19.53894,-11.906694,-19.506321,-11.307775
5.4453125,-19.566877,-12.068906,-19.52165,-11.448709
5.4472656,-19.586788,-12.068195,-19.554712,-11.343472
5.4492187,-19.611847,-11.90938,-19.58639,-11.256207
5.4511718,-19.634726,-11.943754,-19.603987,-11.412875
5.453125,-19.655392,-12.105153,-19.636791,-11.49014
5.4550781,-19.675354,-12.09539,-19.655548,-11.324861
5.4570312,-19.701847,-11.992389,-19.663876,-11.249626
5.4589843,-19.72118,-11.984389,-19.696844,-11.389587
5.4609375,-19.732082,-12.091094,-19.699577,-11.505085
5.4628906,-19.75255,-12.105736,-19.724937,-11.440392
5.4648437,-19.777786,-12.016232,-19.735151,-11.328313
5.4667968,-19.795441,-12.080576,-19.757681,-11.421729
5.46875,-19.812252,-12.157106,-19.795938,-11.545739
5.4707031,-19.838409,-12.037932,-19.809004,-11.495517
5.4726562,-19.849096,-11.990855,-19.843445,-11.343801
5.4746093,-19.861603,-12.097718,-19.846802,-11.306325
5.4765625,-19.875406,-12.105114,-19.853119,-11.437056
5.4785156,-19.87681,-12.075733,-19.866659,-11.469818
5.4804687,-19.895073,-12.129403,-19.876741,-11.442096
5.4824218,-19.90361,-12.165196,-19.890871,-11.472818
5.484375,-19.917192,-12.162477,-19.877771,-11.51525
5.4863281,-19.936808,-12.126759,-19.899967,-11.505927
5.4882812,-19.942644,-12.100806,-19.928307,-11.474363
5.4902343,-19.946821,-12.11869,-19.920425,-11.544903
5.4921875,-19.952145,-12.117967,-19.923616,-11.540933
5.4941406,-19.967747,-12.113524,-19.939003,-11.396124
5.4960937,-19.972139,-12.163649,-19.940067,-11.42684
5.4980468,-19.970499,-12.170483,-19.949608,-11.595882
5.5,-19.970724,-12.095066,-19.970543,-11.566989
5.5019531,-19.983185,-12.110615,-19.960722,-11.425092
5.5039062,-19.992592,-12.195952,-19.962765,-11.422927
5.5058593,-19.992817,-12.193223,-19.968014,-11.503977
5.5078125,-19.991049,-12.127013,-19.97053,-11.533949
5.5097656,-20.001282,-12.076512,-19.977932,-11.509606
5.5117187,-20.012615,-12.125177,-19.978144,-11.504033
5.5136718,-19.998789,-12.149858,-19.990973,-11.494678
5.515625,-20.011717,-12.093333,-19.999289,-11.506505
5.5175781,-20.012606,-12.06469,-19.989931,-11.48489
5.5195312,-20.009378,-11.972344,-19.980181,-11.438582
5.5214843,-20.003162,-11.900527,-19.985338,-11.500412
5.5234375,-19.991032,-11.844411,-19.967133,-11.444977
5.5253906,-20.00321,-11.721068,-19.954502,-11.35369
5.5273437,-19.992926,-11.648734,-19.984114,-11.379131
5.5292968,-19.993277,-11.65806,-19.981192,-11.330456
5.53125,-19.993748,-11.577389,-19.961561,-11.260521
5.5332031,-19.978024,-11.491481,-19.975229,-11.217079
5.5351562,-19.972927,-11.639885,-19.974291,-11.128819
5.5371093,-19.968878,-11.708406,-19.968639,-11.096626
5.5390625,-19.961111,-11.593723,-19.956566,-11.022332
5.5410156,-19.947254,-11.536681,-19.945629,-10.901366
5.5429687,-19.932953,-11.584333,-19.952984,-11.098484
5.5449218,-19.92074,-11.633946,-19.930481,-11.294464
5.546875,-19.917452,-11.583019,-19.918413,-11.069077
5.5488281,-19.901674,-11.523092,-19.923336,-10.846236
5.5507812,-19.888578,-11.541545,-19.911617,-11.042047
5.5527343,-19.882566,-11.549497,-19.890509,-11.253083
5.5546875,-19.85553,-11.509103,-19.869099,-11.015079
5.5566406,-19.848942,-11.486184,-19.869108,-10.774475
5.5585937,-19.833113,-11.461835,-19.865103,-10.995375
5.5605468,-19.815073,-11.483819,-19.840261,-11.241466
5.5625,-19.807772,-11.50032,-19.816347,-10.979103
5.5644531,-19.778193,-11.422845,-19.78989,-10.650949
5.5664062,-19.755108,-11.373473,-19.786283,-10.874862
5.5683593,-19.7446,-11.399531,-19.782007,-11.220899
5.5703125,-19.727121,-11.44997,-19.741922,-11.049089
5.5722656,-19.700161,-11.439881,-19.720942,-10.663556
5.5742187,-19.670689,-11.29459,-19.691595,-10.704515
5.5761718,-19.648336,-11.222791,-19.677336,-11.051158
5.578125,-19.638416,-11.408771,-19.649397,-11.02114
5.5800781,-19.610281,-11.499157,-19.608536,-10.647781
5.5820312,-19.5686,-11.223442,-19.606691,-10.626391
5.5839843,-19.542986,-11.028525,-19.561853,-10.973022
5.5859375,-19.529896,-11.265388,-19.538794,-10.974495
5.5878906,-19.496727,-11.482454,-19.53404,-10.541266
5.5898437,-19.464613,-11.241524,-19.504217,-10.50038
5.5917968,-19.43593,-10.943004,-19.478125,-10.890086
5.59375,-19.402451,-11.100859,-19.45376,-10.831128
5.5957031,-19.379278,-11.351533,-19.413401,-10.372944
5.5976562,-19.34816,-11.184627,-19.379875,-10.389731
5.5996093,-19.314482,-10.906193,-19.347313,-10.805228
5.6015625,-19.280172,-10.992471,-19.311146,-10.809209
5.6035156,-19.247665,-11.188312,-19.290121,-10.40801
5.6054687,-19.209135,-11.068173,-19.245443,-10.351671
5.6074218,-19.18189,-10.876033,-19.21051,-10.688561
5.609375,-19.143831,-10.960263,-19.1728,-10.647406
5.6113281,-19.105501,-11.086321,-19.144394,-10.261714
5.6132812,-19.077806,-10.910963,-19.115114,-10.26284
5.6152343,-19.023701,-10.739725,-19.07346,-10.588033
5.6171875,-18.993406,-10.856094,-19.034443,-10.517737
5.6191406,-18.958979,-10.947735,-18.982344,-10.120888
5.6210937,-18.912657,-10.85433,-18.951237,-10.141185
5.6230468,-18.879074,-10.707611,-18.92251,-10.493649
5.625,-18.829224,-10.698984,-18.878077,-10.471715
5.6269531,-18.791086,-10.777636,-18.83334,-10.059501
5.6289062,-18.74888,-10.73924,-18.799438,-9.9552269
5.6308593,-18.705284,-10.651911,-18.750404,-10.298335
5.6328125,-18.665281,-10.607841,-18.700001,-10.36504
5.6347656,-18.610746,-10.608912,-18.644361,-9.9773702
5.6367187,-18.57826,-10.611485,-18.598864,-9.8693981
5.6386718,-18.519981,-10.56671,-18.570141,-10.221954
5.640625,-18.458904,-10.517397,-18.50411,-10.343928
5.6425781,-18.429434,-10.474322,-18.458548,-9.946146
5.6445312,-18.375826,-10.493309,-18.433332,-9.6788797
5.6464843,-18.335037,-10.51591,-18.387472,-10.005068
5.6484375,-18.290434,-10.376059,-18.324896,-10.204082
5.6503906,-18.234716,-10.278442,-18.280149,-9.7549524
5.6523437,-18.189768,-10.313744,-18.241375,-9.4639673
5.6542968,-18.130198,-10.33797,-18.190296,-9.8682661
5.65625,-18.071695,-10.287222,-18.144358,-10.11664
5.6582031,-18.026623,-10.203408,-18.095871,-9.6432704
5.6601562,-17.97757,-10.258758,-18.032127,-9.3213663
5.6621093,-17.924444,-10.27369,-17.962732,-9.7004337
5.6640625,-17.873837,-10.074781,-17.91687,-9.9689693
5.6660156,-17.814133,-9.9706974,-17.857809,-9.6178674
5.6679687,-17.759069,-10.084475,-17.810326,-9.3323411
5.6699218,-17.6999,-10.119254,-17.755672,-9.5753698
5.671875,-17.64604,-9.9943246,-17.698706,-9.7666969
5.6738281,-17.592415,-9.9200353,-17.65155,-9.4378566
5.6757812,-17.520828,-9.9535875,-17.580008,-9.1504993
5.6777343,-17.460394,-9.9214849,-17.537479,-9.3768234
5.6796875,-17.404482,-9.8188734,-17.474701,-9.5825481
5.6816406,-17.347589,-9.8358745,-17.391504,-9.3379755
5.6835937,-17.283897,-9.8841285,-17.341257,-9.0370836
5.6855468,-17.211311,-9.7664833,-17.271631,-9.1982069
5.6875,-17.148922,-9.6021947,-17.204485,-9.510374
5.6894531,-17.093395,-9.6556406,-17.161449,-9.2980508
5.6914062,-17.024954,-9.8064661,-17.093559,-8.9204454
5.6933593,-16.951601,-9.6901359,-17.02701,-9.0221061
5.6953125,-16.895149,-9.4011611,-16.966619,-9.2223644
5.6972656,-16.831408,-9.4317312,-16.89959,-9.0469398
5.6992187,-16.766384,-9.6870021,-16.821545,-8.8173961
5.7011718,-16.70145,-9.5621442,-16.731888,-8.9078121
5.703125,-16.633827,-9.2304744,-16.681089,-9.0792722
5.7050781,-16.576992,-9.2485122,-16.621063,-8.9677381
5.7070312,-16.502861,-9.4780731,-16.546091,-8.8016738
5.7089843,-16.423328,-9.4106817,-16.510283,-8.7893028
5.7109375,-16.356762,-9.0930538,-16.433704,-8.7623148
5.7128906,-16.296787,-9.1049022,-16.352312,-8.6738271
5.7148437,-16.216351,-9.3837165,-16.294941,-8.562684
5.7167968,-16.144228,-9.2983999,-16.205917,-8.5746965
5.71875,-16.079983,-8.8977279,-16.142765,-8.6756916
5.7207031,-16.000984,-8.8815202,-16.071745,-8.6163244
5.7226562,-15.927235,-9.2041473,-15.976621,-8.481677
5.7246093,-15.854538,-9.1499881,-15.917798,-8.4262676
5.7265625,-15.778612,-8.7866697,-15.861656,-8.4425687
5.7285156,-15.691658,-8.7490167,-15.774505,-8.4980077
5.7304687,-15.626978,-8.9844999,-15.687845,-8.3612146
5.7324218,-15.546971,-8.9934005,-15.635355,-8.1316871
5.734375,-15.46901,-8.7445564,-15.560713,-8.2160425
5.7363281,-15.395709,-8.5754547,-15.46747,-8.4018011
5.7382812,-15.307784,-8.6902742,-15.39199,-8.1989707
5.7402343,-15.240799,-8.7804231,-15.295684,-7.904622
5.7421875,-15.156452,-8.6198568,-15.215397,-8.074295
5.7441406,-15.08096,-8.4588937,-15.144296,-8.3238296
5.7460937,-14.997991,-8.4827508,-15.056341,-8.1323423
5.7480468,-14.914396,-8.5718631,-14.981733,-7.7927713
5.75,-14.834596,-8.477642,-14.918407,-7.8165144
5.7519531,-14.749937,-8.2865724,-14.846873,-8.0533485
5.7539062,-14.67464,-8.2909202,-14.769959,-7.9372797
5.7558593,-14.586284,-8.4289226,-14.683292,-7.551825
5.7578125,-14.509205,-8.3306274,-14.575892,-7.5125298
5.7597656,-14.416783,-8.0757732,-14.484101,-7.8081378
5.7617187,-14.337353,-8.0937976,-14.413838,-7.8272662
5.7636718,-14.266256,-8.2511777,-14.317164,-7.5769038
5.765625,-14.159075,-8.1908845,-14.225317,-7.5190525
5.7675781,-14.068057,-7.9126105,-14.159337,-7.5837349
5.7695312,-13.985979,-7.8104119,-14.064735,-7.5317215
5.7714843,-13.899464,-8.0867528,-13.987589,-7.4006228
5.7734375,-13.80704,-8.1494712,-13.916077,-7.2975339
5.7753906,-13.712101,-7.7720661,-13.808868,-7.2983841
5.7773437,-13.635407,-7.5887799,-13.712974,-7.2732262
5.7792968,-13.537586,-7.8532748,-13.631083,-7.18048
5.78125,-13.450027,-7.9568963,-13.541106,-7.1670756
5.7832031,-13.368505,-7.5739026,-13.440038,-7.2006807
5.7851562,-13.258694,-7.3913807,-13.342388,-7.1108837
5.7871093,-13.179202,-7.6452288,-13.251989,-6.9250793
5.7890625,-13.094211,-7.7178597,-13.177677,-6.9315934
5.7910156,-12.996987,-7.4755468,-13.087805,-7.0685787
5.7929687,-12.90578,-7.2695717,-12.980152,-6.9618783
5.7949218,-12.815011,-7.3223009,-12.891586,-6.6576299
5.796875,-12.71973,-7.4621987,-12.787235,-6.6352286
5.7988281,-12.614349,-7.3386163,-12.698542,-6.8766107
5.8007812,-12.522245,-7.0808563,-12.603722,-6.8397469
5.8027343,-12.425887,-7.1218905,-12.496391,-6.5284733
5.8046875,-12.335558,-7.3226237,-12.404467,-6.4317359
5.8066406,-12.237542,-7.1855449,-12.299138,-6.6234879
5.8085937,-12.136883,-6.8701853,-12.207785,-6.6235799
5.8105468,-12.039614,-6.8530926,-12.109923,-6.3443365
5.8125,-11.935529,-7.0622687,-12.022582,-6.2374887
5.8144531,-11.851777,-7.000154,-11.915113,-6.3760757
5.8164062,-11.749701,-6.7089705,-11.804521,-6.3556551
5.8183593,-11.640368,-6.6830406,-11.716364,-6.0830869
5.8203125,-11.55493,-6.7894682,-11.610523,-6.0276889
5.8222656,-11.459093,-6.7134871,-11.515769,-6.2248344
5.8242187,-11.348231,-6.5604052,-11.408417,-6.1627783
5.8261718,-11.253933,-6.4753637,-11.31268,-5.8703384
5.828125,-11.154566,-6.4960923,-11.217856,-5.7975974
5.8300781,-11.039396,-6.522067,-11.107924,-5.9467048
5.8320312,-10.945618,-6.3787493,-11.013424,-5.9247684
5.8339843,-10.847204,-6.2592015,-10.910339,-5.6575288
5.8359375,-10.739678,-6.3285722,-10.805819,-5.5457801
5.8378906,-10.634954,-6.2931065,-10.693099,-5.6848082
5.8398437,-10.529696,-6.0850615,-10.576185,-5.6800479
5.8417968,-10.429662,-6.0175228,-10.478827,-5.4808368
5.84375,-10.322836,-6.1361498,-10.396465,-5.4039607
5.8457031,-10.215251,-6.0908594,-10.312874,-5.4926495
5.8476562,-10.111243,-5.8488788,-10.18263,-5.425805
5.8496093,-10.014832,-5.7776737,-10.056269,-5.1023578
5.8515625,-9.9007654,-5.8993644,-9.9848566,-4.9609794
5.8535156,-9.7972564,-5.8438682,-9.8789978,-5.2500762
5.8554687,-9.6973276,-5.5681142,-9.7530155,-5.4044518
5.8574218,-9.5789432,-5.5241069,-9.6458253,-4.9430193
5.859375,-9.4799413,-5.6762495,-9.5395641,-4.590456
5.8613281,-9.3617897,-5.5925197,-9.4356317,-4.9516754
5.8632812,-9.2619619,-5.3423996,-9.3215332,-5.2148642
5.8652343,-9.1552381,-5.2859869,-9.2050027,-4.7456584
5.8671875,-9.0397501,-5.4371428,-9.1091089,-4.3259325
5.8691406,-8.9457922,-5.3394017,-9.0020904,-4.6336774
5.8710937,-8.8218431,-5.0421299,-8.8638105,-4.9455032
5.8730468,-8.7045249,-5.0022358,-8.7614479,-4.5144305
5.875,-8.6076564,-5.1324186,-8.6659317,-4.0488138
5.8769531,-8.4908485,-5.1281986,-8.550888,-4.3820281
5.8789062,-8.3760929,-4.9099154,-8.4255991,-4.7094769
5.8808593,-8.2775716,-4.6978678,-8.3106508,-4.1947908
5.8828125,-8.1580562,-4.7697072,-8.2085542,-3.7236435
5.8847656,-8.0393743,-4.8603997,-8.0874557,-4.1284589
5.8867187,-7.9277286,-4.6267857,-7.9756355,-4.4734778
5.8886718,-7.8107433,-4.4347877,-7.8616309,-3.9172735
5.890625,-7.7027211,-4.5502677,-7.7527813,-3.4342272
5.8925781,-7.5881815,-4.609014,-7.6515502,-3.806616
5.8945312,-7.4652171,-4.3505644,-7.5422596,-4.1421985
5.8964843,-7.3564338,-4.1200823,-7.4307746,-3.6528499
5.8984375,-7.244452,-4.2478656,-7.3172502,-3.1265747
5.9003906,-7.1329197,-4.3446946,-7.2123928,-3.3865768
5.9023437,-7.0219469,-4.0472016,-7.0907673,-3.7586514
5.9042968,-6.9082546,-3.7790532,-6.9732885,-3.4264092
5.90625,-6.7955241,-3.9147224,-6.860826,-2.89962
5.9082031,-6.6798148,-4.015089,-6.7481956,-3.0670335
5.9101562,-6.5597257,-3.7478089,-6.6285076,-3.4616787
5.9121093,-6.4476342,-3.515644,-6.4884066,-3.1747665
5.9140625,-6.3423237,-3.6039712,-6.4028668,-2.6307783
5.9160156,-6.2075924,-3.7199361,-6.2871031,-2.72577
5.9179687,-6.0852804,-3.4758489,-6.1486415,-3.1347022
5.9199218,-5.9792666,-3.1541147,-6.0468311,-2.8378257
5.921875,-5.8592457,-3.3133029,-5.9122848,-2.244991
5.9238281,-5.7443623,-3.492582,-5.7965421,-2.3872773
5.9257812,-5.622971,-3.1362738,-5.685616,-2.7639105
5.9277343,-5.5019955,-2.7818017,-5.5539736,-2.5301523
5.9296875,-5.3890204,-2.9449806,-5.4374055,-2.0305137
5.9316406,-5.2693252,-3.1590969,-5.337018,-2.005511
5.9335937,-5.1454615,-2.8572008,-5.2230224,-2.3230073
5.9355468,-5.025752,-2.4836478,-5.0908899,-2.1852736
5.9375,-4.914432,-2.5881707,-4.9723515,-1.6280783
5.9394531,-4.7889952,-2.7846026,-4.8606896,-1.5400984
5.9414062,-4.6708016,-2.5485878,-4.7402062,-1.9393808
5.9433593,-4.5636572,-2.149389,-4.6238279,-1.8908612
5.9453125,-4.4328336,-2.215116,-4.5048255,-1.3105338
5.9472656,-4.3165388,-2.4163444,-4.3762211,-1.1439592
5.9492187,-4.2119326,-2.1457967,-4.2644324,-1.5000404
5.9511718,-4.0854263,-1.82757,-4.1290574,-1.4925197
5.953125,-3.9638764,-1.8662434,-4.0105466,-1.0052924
5.9550781,-3.8456833,-1.9687663,-3.9067452,-0.81831926
5.9570312,-3.7169566,-1.7774375,-3.7679557,-1.1071744
5.9589843,-3.6034688,-1.5027085,-3.6456284,-1.0783407
5.9609375,-3.4836473,-1.5320303,-3.5246868,-0.5566572
5.9628906,-3.3539488,-1.6206347,-3.4125387,-0.39892596
5.9648437,-3.2374079,-1.3982991,-3.2875609,-0.72066009
5.9667968,-3.1160447,-1.1102625,-3.1707396,-0.66102517
5.96875,-2.9969213,-1.1302375,-3.0609309,-0.14057975
5.9707031,-2.8696291,-1.2301571,-2.9349007,0.01120488
5.9726562,-2.7395477,-1.0268198,-2.824511,-0.24294333
5.9746093,-2.6356289,-0.70381373,-2.6842148,-0.19489418
5.9765625,-2.517904,-0.72997636,-2.5593822,0.2351516
5.9785156,-2.3872926,-0.87025237,-2.4468672,0.36341816
5.9804687,-2.2692513,-0.56133759,-2.3331639,0.033843234
5.9824218,-2.1490263,-0.19187838,-2.2278928,-0.022834552
5.984375,-2.0282759,-0.32427293,-2.0921545,0.34798121
5.9863281,-1.9002447,-0.52025992,-1.9553431,0.48690033
5.9882812,-1.779365,-0.21390253,-1.8375531,0.19387327
5.9902343,-1.6594753,0.18888249,-1.7409377,-0.0060061943
5.9921875,-1.5270992,0.11106222,-1.6058383,0.16283174
5.9941406,-1.4076916,-0.097167186,-1.4596037,0.38990724
5.9960937,-1.2928313,0.13984801,-1.3507825,0.31377301
5.9980468,-1.1646809,0.50723708,-1.2190003,0.074973062
6.0,-1.0358887,0.42845288,-1.1052039,0.098622777
6.0019531,-0.91710466,0.13568267,-0.98268658,0.31188124
6.0039062,-0.79635161,0.16200021,-0.85287887,0.31417242
6.0058593,-0.66671956,0.43298936,-0.73846591,0.14933413
6.0078125,-0.53581065,0.45943192,-0.61098272,0.13433157
6.0097656,-0.4144327,0.2087625,-0.49495855,0.28567037
6.0117187,-0.30015585,0.12043633,-0.35945484,0.34618998
6.0136718,-0.17963137,0.34715551,-0.23139612,0.20907691
6.015625,-0.055439923,0.48531991,-0.1088229,0.16228752
6.0175781,0.075024851,0.30457649,0.0071677417,0.28485063
6.0195312,0.19527741,0.17437226,0.13431004,0.35085502
6.0214843,0.30603138,0.34707636,0.26179135,0.40464008
6.0234375,0.43282425,0.46628389,0.37070018,0.55197763
6.0253906,0.56307781,0.30409989,0.50685394,0.6950506
6.0273437,0.68468577,0.20699264,0.64343244,0.79599667
6.0292968,0.79923409,0.35893339,0.75580394,0.93717915
6.03125,0.92363721,0.44995654,0.86887395,1.0754965
6.0332031,1.0532181,0.28139028,0.99278456,1.1122111
6.0351562,1.1787158,0.20602395,1.1199417,1.2591691
6.0371093,1.3072394,0.37669358,1.2371319,1.5675809
6.0390625,1.421719,0.46207803,1.3516361,1.6687091
6.0410156,1.5335764,0.35428351,1.492765,1.6149244
6.0429687,1.6659053,0.37029004,1.604941,1.7799862
6.0449218,1.7865133,0.69659567,1.7336181,2.0789275
6.046875,1.8997019,0.91496825,1.8612037,2.1644735
6.0488281,2.0231912,0.74412906,1.9742476,2.1131827
6.0507812,2.1525812,0.6942876,2.096385,2.212336
6.0527343,2.2720434,1.0887858,2.2111482,2.5002951
6.0546875,2.3863484,1.3645238,2.3411777,2.6895105
6.0566406,2.5210146,1.2214587,2.4516472,2.6757824
6.0585937,2.6419081,1.2590231,2.5891366,2.7242801
6.0605468,2.7651503,1.6787509,2.7206766,2.9198787
6.0625,2.8907253,1.8730504,2.8227422,3.0943188
6.0644531,2.9984638,1.7412655,2.9372334,3.0898313
6.0664062,3.1170616,1.8093389,3.0643625,3.1135716
6.0683593,3.2477278,2.181962,3.1845126,3.3608417
6.0703125,3.3715603,2.4407835,3.2878203,3.6097719
6.0722656,3.4944822,2.3635811,3.4093003,3.5780553
6.0742187,3.6144964,2.2978792,3.5337269,3.5209789
6.0761718,3.7293908,2.5542757,3.6483018,3.779663
6.078125,3.8504664,2.8477411,3.7841706,4.0254368
6.0800781,3.9678664,2.9048697,3.9071555,3.9733645
6.0820312,4.0916867,2.9068021,4.0209984,3.89594
6.0839843,4.2060036,3.0650911,4.1446704,4.0736055
6.0859375,4.3303656,3.257128,4.2706747,4.3220887
6.0878906,4.4605741,3.3256394,4.3988657,4.3635497
6.0898437,4.5726409,3.385684,4.5137186,4.3484191
6.0917968,4.6921653,3.4855577,4.6404771,4.4564933
6.09375,4.8064451,3.6179359,4.7515149,4.600028
6.0957031,4.924993,3.7620065,4.8729014,4.6960458
6.0976562,5.0552954,3.8493485,4.9989023,4.7643799
6.0996093,5.1736445,3.9483063,5.1022772,4.881874
6.1015625,5.2869558,4.0814366,5.2250905,4.9689712
6.1035156,5.4059824,4.128303,5.3511824,5.0010643
6.1054687,5.5219621,4.1506094,5.4699168,5.1429939
6.1074218,5.6434412,4.3336725,5.5866465,5.2869997
6.109375,5.7643752,4.5496859,5.6999106,5.255424
6.1113281,5.874329,4.5609965,5.8129153,5.2598533
6.1132812,5.9873542,4.4906806,5.9175195,5.4511723
6.1152343,6.1098876,4.6497683,6.0331769,5.6379814
6.1171875,6.226427,4.9402408,6.1671586,5.664061
6.1191406,6.3434596,5.0067129,6.2849655,5.6702365
6.1210937,6.4624915,4.8645844,6.4109659,5.770338
6.1230468,6.5707645,4.9408879,6.5114913,5.8597936
6.125,6.6924753,5.2538886,6.6166858,5.8759546
6.1269531,6.8096418,5.3554458,6.7452492,5.9054184
6.1289062,6.9171466,5.2615017,6.8538413,6.1043896
6.1308593,7.034533,5.2849507,6.9841895,6.29218
6.1328125,7.1495771,5.5123705,7.091381,6.2360858
6.1347656,7.2628617,5.6993546,7.1965775,6.1486029
6.1367187,7.3878564,5.6470599,7.3162226,6.3142876
6.1386718,7.5049676,5.6054229,7.4269232,6.5491786
6.140625,7.6109576,5.7882046,7.5500369,6.5661602
6.1425781,7.7326827,5.9478468,7.6703076,6.5170145
6.1445312,7.8410067,5.9327511,7.7831544,6.6140213
6.1464843,7.9522681,5.9632864,7.8950619,6.7592763
6.1484375,8.071598,6.103209,8.0046377,6.7715582
6.1503906,8.1817321,6.2425236,8.1089201,6.7715187
6.1523437,8.2993049,6.2805905,8.2243557,6.895544
6.1542968,8.4042635,6.2478346,8.355791,7.0682959
6.15625,8.5103712,6.3367643,8.4549732,7.1214408
6.1582031,8.6221189,6.4989347,8.5488433,7.0599417
6.1601562,8.7318992,6.5946383,8.690505,7.0925517
6.1621093,8.8528156,6.6124219,8.7888259,7.2834057
6.1640625,8.9631872,6.6408824,8.8905639,7.4338493
6.1660156,9.0699148,6.7307672,9.0147686,7.3020434
6.1679687,9.1853275,6.7749548,9.1200828,7.2592692
6.1699218,9.2834558,6.8363919,9.2416238,7.574542
6.171875,9.3830289,6.9304575,9.3359336,7.7179946
6.1738281,9.4984169,7.0136499,9.443077,7.5170245
6.1757812,9.6044788,7.0948472,9.5703067,7.4904551
6.1777343,9.7161874,7.1634197,9.6620607,7.8237166
6.1796875,9.8316745,7.2126336,9.7578001,7.9776549
6.1816406,9.9325714,7.2246484,9.8821353,7.746726
6.1835937,10.036011,7.2675571,9.9739751,7.735495
6.1855468,10.147081,7.3407702,10.069175,8.0888347
6.1875,10.255869,7.4565587,10.205055,8.1866579
6.1894531,10.361161,7.5679359,10.316657,7.9960551
6.1914062,10.458284,7.5616345,10.4141,8.0100278
6.1933593,10.556389,7.5106148,10.514791,8.1758623
6.1953125,10.668314,7.6244754,10.602193,8.235403
6.1972656,10.769353,7.862214,10.716116,8.2384548
6.1992187,10.873876,7.8909306,10.828538,8.3463172
6.2011718,10.988398,7.7477517,10.908959,8.510334
6.203125,11.082463,7.7861623,11.008362,8.4749803
6.2050781,11.185014,8.004775,11.127749,8.3654117
6.2070312,11.293532,8.0767097,11.232643,8.5382471
6.2089843,11.380501,8.0179615,11.320727,8.774043
6.2109375,11.488232,8.0589551,11.414362,8.6691179
6.2128906,11.599626,8.1868438,11.527067,8.4798736
6.2148437,11.691687,8.3189506,11.642737,8.6924924
6.2167968,11.802112,8.2675876,11.729012,9.0415811
6.21875,11.900918,8.1873436,11.827132,8.9135398
6.2207031,11.990123,8.3745822,11.937214,8.5865764
6.2226562,12.086861,8.5305986,12.030037,8.8091716
6.2246093,12.182209,8.4682464,12.122037,9.2770824
6.2265625,12.288538,8.4475908,12.228014,9.1601495
6.2285156,12.387127,8.6430282,12.31601,8.7992229
6.2304687,12.474925,8.7659902,12.416615,8.9968462
6.2324218,12.573097,8.6174716,12.525173,9.4356508
6.234375,12.674795,8.5772151,12.595671,9.3692569
6.2363281,12.768234,8.8330249,12.703958,9.011651
6.2382812,12.858827,8.9809703,12.812609,9.1231699
6.2402343,12.951364,8.8066225,12.899479,9.6023893
6.2421875,13.051866,8.7588729,13.003582,9.5896987
6.2441406,13.143957,9.0244636,13.097735,9.1770305
6.2460937,13.228601,9.170125,13.175221,9.2594566
6.2480468,13.316585,8.9949894,13.26056,9.7049665
6.25,13.4023,8.9223413,13.356054,9.7408332
6.2519531,13.498563,9.2016887,13.441617,9.4968376
6.2539062,13.586653,9.3961868,13.534332,9.5598459
6.2558593,13.677402,9.2431268,13.630742,9.8332624
6.2578125,13.784149,9.0870266,13.706958,9.8762207
6.2597656,13.870515,9.2668523,13.795151,9.6892309
6.2617187,13.953041,9.4970531,13.896631,9.6747016
6.2636718,14.046644,9.3823719,13.979154,9.9536266
6.265625,14.144326,9.2362623,14.052225,10.088633
6.2675781,14.231146,9.4619789,14.151281,9.8657598
6.2695312,14.311057,9.6931552,14.241858,9.7885713
6.2714843,14.397687,9.5252065,14.319619,10.133836
6.2734375,14.471049,9.376728,14.416063,10.290936
6.2753906,14.562155,9.6254015,14.504416,9.9960632
6.2773437,14.656558,9.8835096,14.602567,9.9082365
6.2792968,14.731598,9.7847776,14.687853,10.250891
6.28125,14.81677,9.5617694,14.76243,10.393658
6.2832031,14.905553,9.6347646,14.843772,10.126505
6.2851562,14.977473,9.9485054,14.934602,10.082116
6.2871093,15.046356,9.9810056,15.02219,10.435905
6.2890625,15.139643,9.7371339,15.095009,10.578834
6.2910156,15.22027,9.8061828,15.181268,10.317577
6.2929687,15.300473,10.139815,15.241368,10.20764
6.2949218,15.385558,10.14221,15.308941,10.513279
6.296875,15.454723,9.8658418,15.386147,10.730785
6.2988281,15.537661,9.8562603,15.457688,10.58508
6.3007812,15.613791,10.184067,15.548287,10.47434
6.3027343,15.686772,10.34637,15.617585,10.657361
6.3046875,15.770735,10.10643,15.704977,10.812711
6.3066406,15.838811,9.9913053,15.79029,10.670693
6.3085937,15.901826,10.277959,15.845942,10.534859
6.3105468,15.981156,10.453068,15.914155,10.700802
6.3125,16.058546,10.303972,15.994823,10.900342
6.3144531,16.128326,10.214295,16.084185,10.843257
6.3164062,16.207731,10.367688,16.146193,10.761338
6.3183593,16.293131,10.517814,16.212894,10.861595
6.3203125,16.362818,10.437407,16.303366,10.936123
6.3222656,16.425499,10.284456,16.388914,10.919147
6.3242187,16.497128,10.364797,16.456446,10.944777
6.3261718,16.560963,10.631301,16.512705,10.970438
6.328125,16.630489,10.686007,16.587461,10.937256
6.3300781,16.708042,10.510689,16.653156,10.997246
6.3320312,16.775469,10.52297,16.730612,11.162895
6.3339843,16.840141,10.728133,16.794851,11.183259
6.3359375,16.908413,10.731604,16.856148,11.089214
6.3378906,16.97118,10.563272,16.923687,11.090113
6.3398437,17.034203,10.638798,16.977022,11.230353
6.3417968,17.104267,10.86953,17.057854,11.325027
6.34375,17.163353,10.88646,17.119511,11.250263
6.3457031,17.220512,10.727327,17.184118,11.219072
6.3476562,17.285231,10.722069,17.249563,11.329021
6.3496093,17.347994,10.953539,17.292055,11.390374
6.3515625,17.40642,11.028815,17.349503,11.307738
6.3535156,17.468914,10.861401,17.414621,11.30754
6.3554687,17.534586,10.836371,17.465914,11.485725
6.3574218,17.595543,11.034815,17.52899,11.562324
6.359375,17.652346,11.095792,17.605907,11.443357
6.3613281,17.703794,10.923567,17.663054,11.406635
6.3632812,17.758461,10.921543,17.704891,11.53447
6.3652343,17.818092,11.163412,17.763111,11.580638
6.3671875,17.873932,11.254757,17.8424,11.491405
6.3691406,17.925303,11.088143,17.888359,11.538645
6.3710937,17.983976,11.019955,17.927578,11.710114
6.3730468,18.041609,11.200633,17.979202,11.653637
6.375,18.0851,11.321452,18.04612,11.531495
6.3769531,18.142847,11.209514,18.106853,11.690263
6.3789062,18.199638,11.109436,18.143839,11.88882
6.3808593,18.249674,11.277521,18.19973,11.736945
6.3828125,18.296093,11.43165,18.226677,11.530005
6.3847656,18.340609,11.291301,18.28578,11.731042
6.3867187,18.400747,11.199619,18.369551,12.016645
6.3886718,18.447872,11.396999,18.401741,11.960767
6.390625,18.49128,11.545746,18.447107,11.682017
6.3925781,18.53989,11.364071,18.489042,11.64501
6.3945312,18.58819,11.229849,18.533504,11.961147
6.3964843,18.62665,11.447217,18.577932,12.093062
6.3984375,18.674227,11.6339,18.621414,11.842044
6.4003906,18.720789,11.506448,18.683123,11.750183
6.4023437,18.751926,11.371313,18.723595,12.049063
6.4042968,18.804676,11.475084,18.759827,12.174771
6.40625,18.842861,11.638686,18.789043,11.887748
6.4082031,18.881887,11.638731,18.827581,11.776736
6.4101562,18.928627,11.477132,18.886063,12.117856
6.4121093,18.970104,11.48147,18.917206,12.320189
6.4140625,19.016249,11.671372,18.967846,12.025245
6.4160156,19.047895,11.708422,19.013138,11.799028
6.4179687,19.087967,11.559837,19.039207,12.097187
6.4199218,19.117105,11.509375,19.085949,12.349867
6.421875,19.155544,11.710331,19.115313,12.094257
6.4238281,19.198509,11.825922,19.149454,11.892417
6.4257812,19.231438,11.700035,19.197302,12.15818
6.4277343,19.269873,11.581291,19.234783,12.421522
6.4296875,19.297195,11.677019,19.256887,12.225807
6.4316406,19.328066,11.82772,19.295515,11.942667
6.4335937,19.365837,11.765769,19.337231,12.11432
6.4355468,19.404284,11.655267,19.352989,12.459457
6.4375,19.428631,11.751321,19.373821,12.347596
6.4394531,19.449806,11.883469,19.421486,12.016572
6.4414062,19.470413,11.785646,19.462055,12.164864
6.4433593,19.502754,11.692879,19.471889,12.556028
6.4453125,19.538,11.851251,19.502743,12.423919
6.4472656,19.564766,12.023027,19.536594,12.007148
6.4492187,19.595991,11.871171,19.546206,12.166691
6.4511718,19.617563,11.625015,19.584412,12.616482
6.453125,19.63665,11.736636,19.624094,12.497172
6.4550781,19.661858,12.010612,19.645678,12.101958
6.4570312,19.679335,12.000602,19.657919,12.177839
6.4589843,19.711941,11.766595,19.67709,12.524843
6.4609375,19.736305,11.775828,19.711187,12.519962
6.4628906,19.745787,12.048096,19.711702,12.261503
6.4648437,19.777922,12.037009,19.735346,12.275089
6.4667968,19.792105,11.764645,19.765629,12.528513
6.46875,19.799255,11.769295,19.780533,12.593333
6.4707031,19.818285,12.032446,19.797796,12.383152
6.4726562,19.841328,12.118799,19.8067,12.268177
6.4746093,19.856495,11.914145,19.813324,12.461133
6.4765625,19.87075,11.784581,19.81282,12.612158
6.4785156,19.892284,11.961583,19.842056,12.484733
6.4804687,19.89794,12.125786,19.875153,12.383968
6.4824218,19.909048,11.976699,19.879116,12.530337
6.484375,19.926632,11.791735,19.885941,12.598253
6.4863281,19.940987,11.948907,19.914995,12.402474
6.4882812,19.959646,12.163827,19.916731,12.349414
6.4902343,19.966967,12.029677,19.929594,12.556045
6.4921875,19.96343,11.796381,19.949852,12.624681
6.4941406,19.976175,11.879477,19.949825,12.465561
6.4960937,19.9865,12.134584,19.96986,12.387165
6.4980468,19.993572,12.127287,19.969746,12.523391
6.5,20.009144,11.901236,19.968645,12.623211
6.5019531,20.011568,11.883519,19.979927,12.520164
6.5039062,20.02335,12.069613,19.995972,12.441271
6.5058593,20.020323,12.085623,20.009113,12.552291
6.5078125,20.022678,11.934215,20.016333,12.63881
6.5097656,20.031792,11.915001,20.023855,12.53181
6.5117187,20.034046,12.052359,20.021257,12.438199
6.5136718,20.055311,12.056674,20.027119,12.522394
6.515625,20.042162,11.941674,20.031111,12.615815
6.5175781,20.042309,11.914421,20.035288,12.582173
6.5195312,20.05534,11.964409,20.033001,12.536538
6.5214843,20.047623,11.982311,20.034431,12.549646
6.5234375,20.044151,11.944487,20.041573,12.558763
6.5253906,20.046417,11.880595,20.02825,12.568911
6.5273437,20.052265,11.777904,20.049456,12.556674
6.5292968,20.045425,11.702809,20.043234,12.529161
6.53125,20.043282,11.603632,20.023977,12.529778
6.5332031,20.04587,11.443274,20.037865,12.463984
6.5351562,20.041248,11.149514,20.014791,12.356029
6.5371093,20.037094,10.927292,19.994678,12.297511
6.5390625,20.026602,11.062186,20.006678,12.170771
6.5410156,20.0072,11.158689,20.039349,12.071366
6.5429687,20.006252,10.995453,20.032955,11.985854
6.5449218,19.992073,10.896175,20.018959,11.626125
6.546875,19.971247,11.056578,20.019373,11.269832
6.5488281,19.96027,11.155285,20.006227,11.289353
6.5507812,19.938217,10.989003,20.008898,11.584288
6.5527343,19.918682,10.87042,19.991817,11.675004
6.5546875,19.895594,11.015317,19.951889,11.421342
6.5566406,19.889496,11.155339,19.921093,11.294741
6.5585937,19.864904,11.006049,19.9133,11.540975
6.5605468,19.839235,10.784972,19.892839,11.808084
6.5625,19.838036,10.833939,19.855583,11.638631
6.5644531,19.810181,11.067245,19.826876,11.296343
6.5664062,19.780272,10.980626,19.804848,11.386611
6.5683593,19.761496,10.640237,19.790398,11.740162
6.5703125,19.738859,10.710447,19.763279,11.646265
6.5722656,19.715977,11.074661,19.730473,11.214735
6.5742187,19.698612,10.994325,19.710375,11.181457
6.5761718,19.668159,10.598474,19.695049,11.548942
6.578125,19.649075,10.589373,19.651985,11.589243
6.5800781,19.627855,10.872211,19.628437,11.163361
6.5820312,19.581436,10.880512,19.621166,11.032468
6.5839843,19.553675,10.575216,19.579216,11.439054
6.5859375,19.532986,10.517595,19.556231,11.536225
6.5878906,19.50671,10.871945,19.528547,11.030878
6.5898437,19.468714,10.926108,19.498116,10.882438
6.5917968,19.435715,10.463912,19.473469,11.345137
6.59375,19.412865,10.309345,19.433222,11.476075
6.5957031,19.388916,10.721523,19.405312,10.974142
6.5976562,19.34864,10.879439,19.372372,10.765412
6.5996093,19.305079,10.417817,19.342354,11.231421
6.6015625,19.282816,10.124947,19.307501,11.424075
6.6035156,19.239697,10.532557,19.26808,10.934985
6.6054687,19.2034,10.860309,19.241819,10.640121
6.6074218,19.16967,10.468626,19.213627,11.030886
6.609375,19.125055,10.088164,19.165205,11.338038
6.6113281,19.085901,10.366222,19.115976,10.925768
6.6132812,19.050909,10.674411,19.093672,10.508364
6.6152343,19.023197,10.417892,19.055935,10.883901
6.6171875,18.983599,10.085721,19.013966,11.301873
6.6191406,18.945177,10.163841,18.977839,10.865734
6.6210937,18.907087,10.346868,18.932676,10.350627
6.6230468,18.861864,10.270691,18.895159,10.685138
6.625,18.821299,10.063919,18.857965,11.156369
6.6269531,18.773243,10.075068,18.81068,10.825202
6.6289062,18.723911,10.278337,18.764393,10.285699
6.6308593,18.683687,10.23546,18.713018,10.495012
6.6328125,18.627848,9.9853448,18.645811,10.994154
6.6347656,18.585922,9.9613914,18.594618,10.788764
6.6367187,18.537668,10.1446,18.563929,10.295027
6.6386718,18.490355,10.158617,18.518227,10.506498
6.640625,18.452326,9.8903617,18.468851,10.928866
6.6425781,18.396204,9.772274,18.422497,10.596257
6.6445312,18.355108,9.9528608,18.383614,10.062769
6.6464843,18.308323,9.9929809,18.338264,10.273337
6.6484375,18.240734,9.7845296,18.283596,10.731209
6.6503906,18.1821,9.6604919,18.244999,10.455488
6.6523437,18.144609,9.7854461,18.186132,9.9273014
6.6542968,18.094276,9.9564027,18.126442,10.13749
6.65625,18.034916,9.824543,18.076027,10.575682
6.6582031,17.987055,9.4940042,18.024809,10.367519
6.6601562,17.936029,9.4985218,17.976696,9.947092
6.6621093,17.866379,9.7805051,17.907421,10.073734
6.6640625,17.812895,9.7109727,17.84786,10.388253
6.6660156,17.761087,9.3805942,17.806778,10.19637
6.6679687,17.694469,9.4626894,17.736418,9.8707332
6.6699218,17.64884,9.6979723,17.673756,9.9991226
6.671875,17.58206,9.528594,17.615984,10.180973
6.6738281,17.519087,9.2445192,17.555067,10.022452
6.6757812,17.467918,9.2771291,17.494867,9.8415422
6.6777343,17.402767,9.5143346,17.421602,9.911622
6.6796875,17.346426,9.4132032,17.376057,10.016428
6.6816406,17.281254,9.0898752,17.319185,9.8927421
6.6835937,17.225777,9.1309223,17.258392,9.7278585
6.6855468,17.163847,9.3052225,17.195875,9.7274246
6.6875,17.088091,9.209505,17.12089,9.7437706
6.6894531,17.029598,8.996068,17.072351,9.6582584
6.6914062,16.964193,9.0381851,16.994263,9.6259431
6.6933593,16.891565,9.2412147,16.896805,9.6922893
6.6953125,16.817722,9.1056051,16.861631,9.6198244
6.6972656,16.751167,8.8320503,16.799166,9.5316057
6.6992187,16.688204,8.930397,16.720304,9.6590366
6.7011718,16.617752,9.1347703,16.676737,9.5671291
6.703125,16.546064,8.9593315,16.606102,9.2580852
6.7050781,16.470947,8.6501817,16.553322,9.2635879
6.7070312,16.413317,8.7219524,16.476871,9.4488935
6.7089843,16.34515,8.9608182,16.38431,9.3877382
6.7109375,16.268742,8.8345985,16.318197,9.0995941
6.7128906,16.205294,8.4984674,16.249435,9.1397495
6.7148437,16.121941,8.5045213,16.171894,9.4872064
6.7167968,16.039795,8.7482576,16.095831,9.4158668
6.71875,15.971598,8.6896114,16.045975,8.9682884
6.7207031,15.89974,8.4744567,15.95361,8.9097137
6.7226562,15.829704,8.4996748,15.877558,9.2355718
6.7246093,15.750449,8.5620889,15.8107,9.1545448
6.7265625,15.666571,8.4050693,15.710467,8.8198576
6.7285156,15.601823,8.2372112,15.653586,8.855875
6.7304687,15.523934,8.3426942,15.568236,9.0805397
6.7324218,15.445512,8.4587507,15.486362,9.0434846
6.734375,15.369947,8.2462139,15.413398,8.7132902
6.7363281,15.280084,8.0558681,15.330477,8.6322937
6.7382812,15.198824,8.1614131,15.270582,8.8597221
6.7402343,15.132122,8.2741041,15.186171,8.8613052
6.7421875,15.048901,8.162075,15.116836,8.5289621
6.7441406,14.964127,7.9846763,15.039997,8.3644599
6.7460937,14.892727,7.921597,14.949622,8.6326408
6.7480468,14.809276,7.9663181,14.869651,8.7015533
6.75,14.727436,7.9828233,14.781667,8.380846
6.7519531,14.63666,7.8539533,14.696451,8.3010454
6.7539062,14.554659,7.7639594,14.596185,8.5537986
6.7558593,14.468942,7.7976818,14.500549,8.5687856
6.7578125,14.385012,7.8205747,14.42065,8.2787704
6.7597656,14.307519,7.7329688,14.342001,8.242589
6.7617187,14.213737,7.6237487,14.258574,8.450633
6.7636718,14.121711,7.560811,14.178673,8.3459053
6.765625,14.035692,7.5393543,14.095699,7.9726867
6.7675781,13.952535,7.5846457,14.005999,7.922769
6.7695312,13.859906,7.5614967,13.924358,8.1697502
6.7714843,13.772322,7.4083638,13.819305,8.1332864
6.7734375,13.680309,7.297295,13.73805,7.8406634
6.7753906,13.597157,7.3709487,13.650769,7.8242392
6.7773437,13.518114,7.3867106,13.544033,8.0697698
6.7792968,13.414605,7.2176814,13.476821,7.9984111
6.78125,13.326838,7.0917067,13.369081,7.6610837
6.7832031,13.233076,7.1119275,13.279183,7.6399989
6.7851562,13.131469,7.1933774,13.192589,7.8138136
6.7871093,13.046859,7.1075243,13.076777,7.7664308
6.7890625,12.948365,6.9536137,13.006585,7.5380134
6.7910156,12.854985,6.9939842,12.907042,7.4847779
6.7929687,12.771118,6.9821887,12.81287,7.6505146
6.7949218,12.673346,6.8262362,12.721392,7.5599427
6.796875,12.577296,6.7570843,12.608799,7.26442
6.7988281,12.481376,6.7539534,12.51371,7.2683973
6.8007812,12.382544,6.735517,12.425589,7.4824743
6.8027343,12.293344,6.6508951,12.342247,7.4360408
6.8046875,12.193398,6.5958652,12.233595,7.1600413
6.8066406,12.097091,6.6125464,12.155148,7.0468015
6.8085937,11.99824,6.5094394,12.066065,7.0944809
6.8105468,11.897409,6.3682489,11.95609,7.1384267
6.8125,11.807505,6.3750672,11.851946,6.9733772
6.8144531,11.696945,6.4586386,11.734726,6.7759337
6.8164062,11.598131,6.3594827,11.654845,6.9212899
6.8183593,11.516973,6.109374,11.557209,7.0924615
6.8203125,11.411139,6.1294541,11.438096,6.9433884
6.8222656,11.298391,6.2779927,11.348935,6.6022906
6.8242187,11.197865,6.0649385,11.246553,6.5469393
6.8261718,11.087809,5.8217454,11.133297,6.8148732
6.828125,10.997355,6.0021758,11.042456,6.7561054
6.8300781,10.892621,6.1692314,10.956826,6.3946666
6.8320312,10.77889,5.9109726,10.843417,6.3708882
6.8339843,10.692424,5.5567531,10.725281,6.54073
6.8359375,10.587542,5.6496982,10.639524,6.3979177
6.8378906,10.477756,5.9224195,10.535775,6.1983385
6.8398437,10.372739,5.6845636,10.433851,6.2792177
6.8417968,10.276043,5.3142204,10.318509,6.3310437
6.84375,10.16807,5.4421043,10.208348,6.1134953
6.8457031,10.063208,5.671648,10.127092,5.9543862
6.8476562,9.9678993,5.4494304,10.008919,6.0940713
6.8496093,9.8501911,5.0984301,9.8959751,6.1564087
6.8515625,9.7399234,5.1488938,9.7825546,5.8543953
6.8535156,9.6315078,5.341248,9.6709194,5.6586041
6.8554687,9.5190162,5.2416358,9.5785131,5.9452471
6.8574218,9.4118175,4.995449,9.4661731,6.0804405
6.859375,9.3020649,4.937488,9.3554611,5.6356554
6.8613281,9.2077417,5.0530905,9.2604961,5.3727855
6.8632812,9.1019172,4.9759259,9.1366939,5.6203246
6.8652343,8.9741497,4.7027912,9.0251064,5.7081751
6.8671875,8.8709402,4.5873079,8.9336166,5.3899617
6.8691406,8.7682323,4.6868791,8.8301172,5.2473664
6.8710937,8.6426172,4.7899775,8.7231712,5.4164958
6.8730468,8.5351505,4.5716133,8.5956106,5.3800458
6.875,8.4344501,4.2851371,8.4868726,5.0544691
6.8769531,8.316719,4.4114842,8.3765182,4.9399662
6.8789062,8.2085962,4.5005188,8.2491064,5.2425499
6.8808593,8.0979394,4.2180056,8.1454238,5.2631483
6.8828125,7.9827895,4.0297269,8.0311508,4.8566036
6.8847656,7.8741421,4.1318855,7.9281983,4.7340865
6.8867187,7.7631435,4.173655,7.8270421,4.9705138
6.8886718,7.6492738,3.9345367,7.7170343,4.9204368
6.890625,7.5228471,3.7710905,7.6127109,4.5070586
6.8925781,7.4176354,3.8410439,7.4853248,4.3849782
6.8945312,7.2966761,3.8395538,7.3687267,4.6147403
6.8964843,7.1770458,3.7024703,7.2403574,4.640479
6.8984375,7.0822367,3.5119988,7.1284623,4.3655858
6.9003906,6.943767,3.5193874,7.0280938,4.2868518
6.9023437,6.8376202,3.5477948,6.915482,4.4183406
6.9042968,6.7370934,3.3038482,6.7967777,4.3080129
6.90625,6.6163325,3.2014689,6.6816234,3.9899685
6.9082031,6.5036673,3.253678,6.5814724,3.9262483
6.9101562,6.3811049,3.1124947,6.4593334,4.1183276
6.9121093,6.2696328,2.9656827,6.3493533,4.0316047
6.9140625,6.1432795,3.0115182,6.2201213,3.6751015
6.9160156,6.0292468,2.959773,6.0963335,3.600424
6.9179687,5.9179964,2.7812721,5.9866552,3.8197839
6.9199218,5.8007392,2.6974542,5.8694577,3.8217043
6.921875,5.6874671,2.6461994,5.7500863,3.5251512
6.9238281,5.5734686,2.5138967,5.6157784,3.3451681
6.9257812,5.4678077,2.3791697,5.4926204,3.4114511
6.9277343,5.3461856,2.3433656,5.3991885,3.436933
6.9296875,5.2213559,2.2470574,5.3027052,3.2863175
6.9316406,5.1056323,2.0877788,5.1638302,3.1485195
6.9335937,4.9902458,2.0394914,5.0482325,3.0088601
6.9355468,4.8675055,2.0709347,4.9274568,2.8451421
6.9375,4.7538662,1.9340542,4.7920961,2.8980908
6.9394531,4.6382188,1.7048857,4.6801514,2.9450595
6.9414062,4.5072112,1.6589243,4.5618214,2.7940254
6.9433593,4.3973822,1.6412308,4.4376516,2.654109
6.9453125,4.2829551,1.4974273,4.3191094,2.6030054
6.9472656,4.1565794,1.3683027,4.2020382,2.5564105
6.9492187,4.0450983,1.3216437,4.0771422,2.3975565
6.9511718,3.9262018,1.1848098,3.96687,2.2641153
6.953125,3.8001639,1.0187895,3.8454423,2.2354521
6.9550781,3.674478,0.93591738,3.7154502,2.1760957
6.9570312,3.5615699,0.91469908,3.5970866,2.0216713
6.9589843,3.4350929,0.8452934,3.4734292,1.8912345
6.9609375,3.3012816,0.64312017,3.3561143,1.898442
6.9628906,3.1892983,0.49685305,3.2493419,1.8503594
6.9648437,3.067424,0.48800421,3.1308107,1.6688683
6.9667968,2.9407141,0.44573766,3.0001385,1.5079658
6.96875,2.828593,0.21942544,2.8860423,1.429021
6.9707031,2.7128675,0.051236738,2.7467889,1.3712906
6.9726562,2.5898501,0.06000153,2.6227033,1.3146511
6.9746093,2.4686689,-0.022231109,2.5068244,1.2162715
6.9765625,2.3451046,-0.2443969,2.365323,1.1046423
6.9785156,2.224946,-0.27113894,2.250422,1.0307163
6.9804687,2.0967619,-0.062783338,2.1176805,0.912319
6.9824218,1.9750976,-0.065304898,2.0056314,0.81511784
6.984375,1.8543205,-0.26079044,1.8972348,0.70188773
6.9863281,1.7325892,-0.23549978,1.7710517,0.58692455
6.9882812,1.6059751,-0.055791203,1.6654546,0.47440937
6.9902343,1.4737289,-0.1014841,1.529746,0.30659428
6.9921875,1.3559365,-0.25257674,1.3929292,0.21550244
6.9941406,1.2393298,-0.20650859,1.2695028,0.17219467
6.9960937,1.1261141,-0.063389279,1.1647812,0.13409001
6.9980468,0.99410337,-0.1032748,1.0559487,0.079186425
7.0,0.87004757,-0.30693054,0.92531586,-0.027480748
7.0019531,0.76501185,-0.29852438,0.79571855,-0.21314333
7.0039062,0.62742811,-0.074469693,0.67051339,-0.2868953
7.0058593,0.49556255,-0.04833224,0.56088555,-0.082204618
7.0078125,0.38276145,-0.26082256,0.42041978,0.062041879
7.0097656,0.25826934,-0.27728957,0.31195235,-0.096981682
7.0117187,0.13668989,-0.03112198,0.19140197,-0.29025829
7.0136718,0.019038655,-0.030516272,0.041147977,-0.13842246
7.015625,-0.10706209,-0.28932673,-0.058797836,0.030732561
7.0175781,-0.24208012,-0.35137698,-0.18568122,-0.12499756
7.0195312,-0.36200553,-0.21552263,-0.31057346,-0.19477631
7.0214843,-0.47406858,-0.18262848,-0.44238913,-0.078617863
7.0234375,-0.59640139,-0.37884542,-0.56914401,-0.059866209
7.0253906,-0.72387093,-0.59194887,-0.67761326,-0.17434293
7.0273437,-0.85469031,-0.70741153,-0.80696279,-0.15653068
7.0292968,-0.97346926,-0.76024306,-0.92863637,-0.03289726
7.03125,-1.0976704,-0.80714327,-1.0564659,-0.11368292
7.0332031,-1.2289114,-0.9770875,-1.1688523,-0.23710376
7.0351562,-1.3378365,-1.1971961,-1.2881734,-0.17263709
7.0371093,-1.4579091,-1.3369119,-1.4217716,-0.073733427
7.0390625,-1.5960942,-1.3841373,-1.5407853,-0.22889975
7.0410156,-1.7112633,-1.5840115,-1.651365,-0.4246251
7.0429687,-1.8166292,-1.8065168,-1.769453,-0.36585823
7.0449218,-1.9419713,-1.7965102,-1.8971746,-0.35991639
7.046875,-2.0716657,-1.8656535,-2.0168867,-0.66193503
7.0488281,-2.1872303,-2.1614396,-2.1424942,-0.87113047
7.0507812,-2.3033485,-2.3620247,-2.2681539,-0.74043483
7.0527343,-2.4313316,-2.2628839,-2.3817658,-0.79024059
7.0546875,-2.5514373,-2.3311917,-2.5027744,-1.1219097
7.0566406,-2.6736779,-2.6469054,-2.633588,-1.3135548
7.0585937,-2.7988421,-2.7645793,-2.75428,-1.2702152
7.0605468,-2.9189665,-2.7540936,-2.8803346,-1.3373571
7.0625,-3.0406875,-2.8374016,-3.0044276,-1.61881
7.0644531,-3.1544225,-3.028054,-3.1115353,-1.7744936
7.0664062,-3.2812049,-3.1425533,-3.2276639,-1.7748026
7.0683593,-3.4028732,-3.2189986,-3.3618953,-1.8686974
7.0703125,-3.5267088,-3.3827576,-3.4953148,-2.1917922
7.0722656,-3.6511323,-3.4936683,-3.6128494,-2.3767619
7.0742187,-3.7702143,-3.5245635,-3.7243642,-2.219557
7.0761718,-3.8936388,-3.5929451,-3.8501412,-2.2421457
7.078125,-4.0163216,-3.7847797,-3.9736588,-2.6139829
7.0800781,-4.1412038,-3.8999369,-4.0713901,-2.8667666
7.0820312,-4.2469658,-3.9214637,-4.2069273,-2.7688167
7.0839843,-4.3661708,-4.0390329,-4.3378768,-2.7530474
7.0859375,-4.4946398,-4.2101969,-4.4285464,-3.1035003
7.0878906,-4.6082921,-4.3351836,-4.5651454,-3.2927355
7.0898437,-4.723237,-4.352734,-4.6826376,-3.1035738
7.0917968,-4.8421573,-4.4110145,-4.7916936,-3.2194769
7.09375,-4.9668359,-4.586709,-4.9090924,-3.5872895
7.0957031,-5.0862503,-4.7066745,-5.0363426,-3.6284015
7.0976562,-5.1960897,-4.7196893,-5.1612458,-3.5487365
7.0996093,-5.3115024,-4.7932519,-5.265666,-3.7117817
7.1015625,-5.425703,-4.9233479,-5.3973884,-3.9136097
7.1035156,-5.5488333,-5.0412755,-5.501296,-3.9015502
7.1054687,-5.6647887,-5.1432995,-5.6253929,-3.9629631
7.1074218,-5.7756686,-5.2055215,-5.7357883,-4.1475782
7.109375,-5.9083046,-5.2315902,-5.8423018,-4.2986083
7.1113281,-6.0299639,-5.2862982,-5.9765687,-4.3213167
7.1132812,-6.1549844,-5.4529905,-6.1014852,-4.371078
7.1152343,-6.2696719,-5.533483,-6.2266082,-4.558361
7.1171875,-6.376254,-5.4699935,-6.3304677,-4.5983161
7.1191406,-6.5045619,-5.5556616,-6.4549031,-4.5494794
7.1210937,-6.6220383,-5.8204479,-6.5801253,-4.6428432
7.1230468,-6.7306208,-5.938796,-6.6908168,-4.9153995
7.125,-6.8461642,-5.8159389,-6.8021974,-5.0043139
7.1269531,-6.9646506,-5.8239917,-6.9267373,-4.888544
7.1289062,-7.0819025,-6.1121478,-7.0376377,-4.9967031
7.1308593,-7.1961355,-6.2657079,-7.1536021,-5.2684388
7.1328125,-7.309194,-6.1523218,-7.2723641,-5.3419861
7.1347656,-7.4335765,-6.1016893,-7.3773393,-5.2139668
7.1367187,-7.541234,-6.3225889,-7.4920835,-5.3048677
7.1386718,-7.6440548,-6.5669813,-7.606616,-5.5801372
7.140625,-7.7693748,-6.4528942,-7.7208652,-5.6394109
7.1425781,-7.8807983,-6.3915705,-7.8188233,-5.5643835
7.1445312,-7.9933238,-6.6561818,-7.938066,-5.6308436
7.1464843,-8.1132173,-6.7945861,-8.0545263,-5.8412256
7.1484375,-8.2150173,-6.6901722,-8.164236,-5.9730553
7.1503906,-8.3192787,-6.6530656,-8.276226,-5.8810057
7.1523437,-8.4361887,-6.8691344,-8.3941049,-5.8460087
7.1542968,-8.5520229,-7.0828113,-8.5215978,-6.0753531
7.15625,-8.6596374,-7.0924229,-8.6200485,-6.2426595
7.1582031,-8.7635507,-6.9534406,-8.7430954,-6.1361193
7.1601562,-8.885539,-6.9824276,-8.8614635,-6.0711965
7.1621093,-9.0019025,-7.2950501,-8.957386,-6.2867717
7.1640625,-9.1020956,-7.4188165,-9.0689392,-6.4771752
7.1660156,-9.206438,-7.174016,-9.1629905,-6.4113445
7.1679687,-9.3244962,-7.1059579,-9.2727413,-6.407536
7.1699218,-9.4301805,-7.5186314,-9.3999338,-6.6375742
7.171875,-9.5273494,-7.7602453,-9.5026674,-6.7889804
7.1738281,-9.6513433,-7.4863953,-9.601098,-6.7058801
7.1757812,-9.7573375,-7.3374853,-9.7057724,-6.5990424
7.1777343,-9.8589048,-7.7559185,-9.8131504,-6.7345147
7.1796875,-9.9784746,-7.9578528,-9.9266862,-7.0173239
7.1816406,-10.084242,-7.5987663,-10.038748,-7.0479373
7.1835937,-10.181677,-7.6184611,-10.150896,-6.9026041
7.1855468,-10.297297,-8.0114765,-10.246235,-6.9395551
7.1875,-10.40314,-8.0872478,-10.340167,-7.1262955
7.1894531,-10.493829,-7.8854041,-10.457982,-7.2139506
7.1914062,-10.609444,-7.850624,-10.554358,-7.2403616
7.1933593,-10.708451,-8.1759576,-10.642718,-7.3044939
7.1953125,-10.811872,-8.4147987,-10.765147,-7.2986879
7.1972656,-10.931076,-8.1783323,-10.871025,-7.3751177
7.1992187,-11.023735,-8.0085668,-10.968902,-7.5493521
7.2011718,-11.131845,-8.3210477,-11.080912,-7.5163807
7.203125,-11.230972,-8.5342702,-11.178714,-7.4078955
7.2050781,-11.321051,-8.3272228,-11.285331,-7.5405783
7.2070312,-11.436387,-8.2347192,-11.368533,-7.7520761
7.2089843,-11.531971,-8.5589847,-11.467421,-7.7432389
7.2109375,-11.624709,-8.7809724,-11.588764,-7.6574249
7.2128906,-11.731939,-8.5969686,-11.688519,-7.8234758
7.2148437,-11.837185,-8.4867935,-11.805323,-8.0392255
7.2167968,-11.935697,-8.7217435,-11.902637,-7.9254856
7.21875,-12.027586,-8.8718452,-11.990585,-7.7275104
7.2207031,-12.130606,-8.7038793,-12.088424,-7.8348388
7.2226562,-12.233869,-8.6739826,-12.194735,-8.1332597
7.2246093,-12.318838,-8.9474611,-12.292035,-8.2623786
7.2265625,-12.413917,-9.0575819,-12.364554,-8.1497955
7.2285156,-12.517189,-8.893012,-12.470784,-8.0559892
7.2304687,-12.606897,-8.9145231,-12.554549,-8.2129583
7.2324218,-12.703628,-9.157485,-12.643094,-8.4969549
7.234375,-12.810918,-9.1775398,-12.767396,-8.4322738
7.2363281,-12.90975,-9.0674867,-12.854485,-8.225152
7.2382812,-13.00135,-9.1043157,-12.950637,-8.4063482
7.2402343,-13.086672,-9.1799554,-13.048989,-8.5828456
7.2421875,-13.170239,-9.2467355,-13.145376,-8.4474277
7.2441406,-13.270402,-9.3233547,-13.231698,-8.3803396
7.2460937,-13.365732,-9.3916959,-13.327911,-8.589487
7.2480468,-13.453745,-9.4425678,-13.429214,-8.7515173
7.25,-13.549757,-9.446804,-13.499518,-8.6754884
7.2519531,-13.64316,-9.4099302,-13.593833,-8.6057157
7.2539062,-13.726468,-9.4395618,-13.6854,-8.7377643
7.2558593,-13.822211,-9.5612096,-13.777625,-8.9452056
7.2578125,-13.909672,-9.6295642,-13.880792,-8.9330062
7.2597656,-13.992119,-9.6216402,-13.965916,-8.7837572
7.2617187,-14.090477,-9.6009311,-14.043466,-8.8181171
7.2636718,-14.168191,-9.6886234,-14.124268,-9.0011777
7.265625,-14.264803,-9.810256,-14.197285,-9.04815
7.2675781,-14.354877,-9.777894,-14.278939,-9.0126695
7.2695312,-14.431534,-9.7610292,-14.365853,-9.1243639
7.2714843,-14.516378,-9.7945785,-14.445865,-9.2820606
7.2734375,-14.597977,-9.8613157,-14.545028,-9.2788581
7.2753906,-14.690893,-9.9757623,-14.638687,-9.1581068
7.2773437,-14.771543,-10.000006,-14.732675,-9.180274
7.2792968,-14.854392,-9.9531946,-14.817602,-9.2827405
7.28125,-14.928084,-9.9607725,-14.897047,-9.249217
7.2832031,-15.015881,-10.075746,-14.990384,-9.2065239
7.2851562,-15.10309,-10.137611,-15.057014,-9.3355417
7.2871093,-15.171865,-10.126629,-15.134338,-9.505269
7.2890625,-15.257095,-10.143852,-15.21638,-9.4686508
7.2910156,-15.334974,-10.190739,-15.290803,-9.4261102
7.2929687,-15.412943,-10.255033,-15.37101,-9.5896835
7.2949218,-15.496446,-10.294243,-15.451399,-9.6968259
7.296875,-15.575274,-10.307148,-15.546298,-9.5968418
7.2988281,-15.651144,-10.300765,-15.61177,-9.5347118
7.3007812,-15.72804,-10.328477,-15.69101,-9.648838
7.3027343,-15.794326,-10.392514,-15.745745,-9.7266731
7.3046875,-15.87157,-10.433422,-15.822782,-9.6949672
7.3066406,-15.950502,-10.482619,-15.935903,-9.7264614
7.3085937,-16.016521,-10.544936,-15.982339,-9.9228849
7.3105468,-16.08815,-10.521058,-16.06341,-9.9367857
7.3125,-16.167549,-10.514499,-16.13109,-9.6587133
7.3144531,-16.247389,-10.635741,-16.199692,-9.7376041
7.3164062,-16.312866,-10.674016,-16.2899,-10.119317
7.3183593,-16.38184,-10.564534,-16.346403,-10.133896
7.3203125,-16.451494,-10.5702,-16.415062,-9.8350582
7.3222656,-16.526939,-10.760264,-16.4797,-9.8121957
7.3242187,-16.596531,-10.837912,-16.553572,-10.161636
7.3261718,-16.658298,-10.739332,-16.621912,-10.295371
7.328125,-16.725084,-10.695983,-16.671722,-10.044937
7.3300781,-16.799366,-10.819348,-16.754641,-9.9323234
7.3320312,-16.873388,-10.937597,-16.832851,-10.219894
7.3339843,-16.936005,-10.9032,-16.891787,-10.451061
7.3359375,-16.999146,-10.829455,-16.959848,-10.175664
7.3378906,-17.062838,-10.857569,-17.019037,-9.9271678
7.3398437,-17.132114,-10.977921,-17.094349,-10.261994
7.3417968,-17.188694,-11.042326,-17.155121,-10.590549
7.34375,-17.253712,-11.021992,-17.202168,-10.368605
7.3457031,-17.315853,-10.99729,-17.28603,-10.068223
7.3476562,-17.368927,-11.05407,-17.347647,-10.323688
7.3496093,-17.441261,-11.129777,-17.38406,-10.71723
7.3515625,-17.499804,-11.153141,-17.441126,-10.484514
7.3535156,-17.546549,-11.153033,-17.500046,-10.140066
7.3554687,-17.604961,-11.116858,-17.575926,-10.48888
7.3574218,-17.669971,-11.159941,-17.653711,-10.939063
7.359375,-17.733215,-11.321017,-17.707224,-10.642975
7.3613281,-17.792292,-11.366129,-17.767382,-10.129011
7.3632812,-17.840528,-11.195024,-17.833157,-10.320263
7.3652343,-17.896355,-11.093776,-17.880724,-10.864538
7.3671875,-17.944128,-11.306581,-17.907894,-10.807963
7.3691406,-17.996365,-11.545369,-17.970619,-10.363736
7.3710937,-18.055817,-11.43325,-18.028908,-10.50654
7.3730468,-18.098621,-11.280205,-18.068911,-11.105315
7.375,-18.151236,-11.418362,-18.127533,-11.047189
7.3769531,-18.208302,-11.563704,-18.167343,-10.454887
7.3789062,-18.261194,-11.500604,-18.232374,-10.508775
7.3808593,-18.311954,-11.395031,-18.284801,-11.095526
7.3828125,-18.372803,-11.440633,-18.319782,-11.110094
7.3847656,-18.415897,-11.565977,-18.379625,-10.549558
7.3867187,-18.458923,-11.564294,-18.422813,-10.537683
7.3886718,-18.514198,-11.443561,-18.473475,-11.151066
7.390625,-18.547739,-11.512525,-18.521162,-11.219682
7.3925781,-18.600239,-11.743248,-18.553019,-10.687184
7.3945312,-18.645811,-11.716651,-18.61344,-10.64238
7.3964843,-18.675583,-11.550803,-18.659561,-11.183508
7.3984375,-18.732235,-11.591061,-18.679548,-11.322257
7.4003906,-18.776833,-11.780274,-18.738117,-10.809175
7.4023437,-18.804436,-11.828897,-18.800678,-10.679304
7.4042968,-18.849529,-11.613358,-18.843662,-11.271406
7.40625,-18.894144,-11.560575,-18.871122,-11.396209
7.4082031,-18.92627,-11.870791,-18.900997,-10.761937
7.4101562,-18.965445,-11.969472,-18.945364,-10.652558
7.4121093,-19.006186,-11.678363,-18.97497,-11.362652
7.4140625,-19.048458,-11.614468,-19.016087,-11.594174
7.4160156,-19.091362,-11.931607,-19.052814,-10.966656
7.4179687,-19.121935,-12.003856,-19.084314,-10.75504
7.4199218,-19.152191,-11.678192,-19.124062,-11.356421
7.421875,-19.18985,-11.608416,-19.15443,-11.588118
7.4238281,-19.221285,-11.97899,-19.201744,-11.061696
7.4257812,-19.252253,-12.137033,-19.246069,-10.844704
7.4277343,-19.291477,-11.837877,-19.257851,-11.353504
7.4296875,-19.32667,-11.690903,-19.284966,-11.541025
7.4316406,-19.360758,-11.969226,-19.328314,-11.0519
7.4335937,-19.390326,-12.115403,-19.35351,-10.956295
7.4355468,-19.416985,-11.844199,-19.391357,-11.508207
7.4375,-19.446096,-11.699159,-19.421444,-11.631702
7.4394531,-19.467081,-12.005011,-19.428886,-11.089345
7.4414062,-19.499178,-12.212194,-19.462059,-10.939655
7.4433593,-19.536282,-11.996374,-19.509264,-11.486094
7.4453125,-19.545477,-11.839529,-19.528061,-11.749499
7.4472656,-19.577339,-11.974696,-19.538967,-11.247306
7.4492187,-19.605597,-12.093904,-19.58243,-10.902462
7.4511718,-19.617958,-12.085138,-19.616243,-11.398585
7.453125,-19.658867,-11.975322,-19.61594,-11.846746
7.4550781,-19.668392,-11.987046,-19.63208,-11.368186
7.4570312,-19.689175,-12.13746,-19.656561,-10.872352
7.4589843,-19.723902,-12.044859,-19.680279,-11.39495
7.4609375,-19.737923,-11.945451,-19.698753,-11.994168
7.4628906,-19.751583,-12.079971,-19.724159,-11.537663
7.4648437,-19.765039,-12.156924,-19.747889,-10.88601
7.4667968,-19.784515,-12.067232,-19.749102,-11.283286
7.46875,-19.793493,-12.046803,-19.765129,-11.916832
7.4707031,-19.812817,-12.163507,-19.78371,-11.590294
7.4726562,-19.834589,-12.213705,-19.800835,-11.035054
7.4746093,-19.848125,-12.151833,-19.822832,-11.332142
7.4765625,-19.856661,-12.018877,-19.848555,-11.892985
7.4785156,-19.871645,-12.000411,-19.855202,-11.639516
7.4804687,-19.899393,-12.180175,-19.863434,-11.056566
7.4824218,-19.902035,-12.248094,-19.884703,-11.198374
7.484375,-19.910496,-12.079749,-19.885736,-11.810871
7.4863281,-19.925116,-11.97909,-19.897541,-11.777912
7.4882812,-19.936985,-12.143984,-19.926027,-11.200751
7.4902343,-19.940804,-12.269398,-19.943674,-11.214426
7.4921875,-19.940046,-12.123228,-19.934553,-11.713764
7.4941406,-19.966095,-12.018852,-19.929642,-11.70114
7.4960937,-19.954809,-12.200551,-19.933472,-11.245159
7.4980468,-19.958292,-12.296406,-19.941671,-11.325417
7.5,-19.973558,-12.089777,-19.955454,-11.705263
7.5019531,-19.963461,-12.080472,-19.966618,-11.69548
7.5039062,-19.984642,-12.248272,-19.976379,-11.460759
7.5058593,-19.984869,-12.203936,-19.972918,-11.347539
7.5078125,-19.976063,-12.121355,-19.97287,-11.50771
7.5097656,-19.98946,-12.102392,-19.978504,-11.557494
7.5117187,-19.993294,-12.134048,-19.975765,-11.490001
7.5136718,-19.990438,-12.161098,-19.970081,-11.504105
7.515625,-19.996029,-12.122759,-19.979832,-11.523829
7.5175781,-19.989386,-12.093606,-19.975128,-11.493702
7.5195312,-19.980902,-12.01289,-19.96962,-11.420304
7.5214843,-19.991476,-11.947145,-19.972416,-11.481958
7.5234375,-19.991579,-11.909098,-19.969755,-11.462709
7.5253906,-19.980831,-11.810868,-19.972359,-11.330629
7.5273437,-19.979458,-11.682895,-19.966505,-11.343784
7.5292968,-19.984478,-11.624726,-19.978752,-11.296269
7.53125,-19.975752,-11.647788,-19.98052,-11.202609
7.5332031,-19.968325,-11.531923,-19.95472,-11.163369
7.5351562,-19.967697,-11.535582,-19.950129,-11.120456
7.5371093,-19.953169,-11.744337,-19.962614,-11.054143
7.5390625,-19.943146,-11.717834,-19.95406,-10.947547
7.5410156,-19.939075,-11.512658,-19.934483,-11.098492
7.5429687,-19.926199,-11.514499,-19.933186,-11.269083
7.5449218,-19.920624,-11.709234,-19.917465,-11.07432
7.546875,-19.911072,-11.66492,-19.903454,-10.924866
7.5488281,-19.893751,-11.447606,-19.899471,-11.06975
7.5507812,-19.888781,-11.471772,-19.886642,-11.211713
7.5527343,-19.867435,-11.651954,-19.887407,-11.075387
7.5546875,-19.850134,-11.607156,-19.880489,-10.894976
7.5566406,-19.842869,-11.40137,-19.864147,-10.973266
7.5585937,-19.825546,-11.43771,-19.834986,-11.091576
7.5605468,-19.804445,-11.611618,-19.817446,-10.976824
7.5625,-19.786119,-11.543851,-19.802662,-10.849102
7.5644531,-19.772041,-11.338175,-19.776073,-10.980586
7.5664062,-19.747242,-11.372979,-19.751776,-11.104477
7.5683593,-19.728615,-11.564772,-19.733662,-10.967419
7.5703125,-19.702568,-11.499415,-19.724655,-10.823505
7.5722656,-19.678026,-11.263625,-19.699533,-10.938202
7.5742187,-19.661089,-11.2951,-19.683226,-11.02292
7.5761718,-19.639393,-11.508025,-19.657303,-10.829494
7.578125,-19.619282,-11.464044,-19.636129,-10.696103
7.5800781,-19.596708,-11.216921,-19.606339,-10.81804
7.5820312,-19.564798,-11.152575,-19.577707,-10.934556
7.5839843,-19.537996,-11.306459,-19.557348,-10.774172
7.5859375,-19.519766,-11.3497,-19.537655,-10.626488
7.5878906,-19.487892,-11.225505,-19.545366,-10.760358
7.5898437,-19.459114,-11.175771,-19.500559,-10.851617
7.5917968,-19.428244,-11.203629,-19.459635,-10.639745
7.59375,-19.393759,-11.206443,-19.436205,-10.40504
7.5957031,-19.361223,-11.147969,-19.398233,-10.599704
7.5976562,-19.338661,-11.120566,-19.378975,-10.893626
7.5996093,-19.312439,-11.166382,-19.359545,-10.700175
7.6015625,-19.274185,-11.122546,-19.312954,-10.359313
7.6035156,-19.236872,-10.971551,-19.263319,-10.464424
7.6054687,-19.195517,-10.93911,-19.233561,-10.711205
7.6074218,-19.167383,-11.082752,-19.201126,-10.614591
7.609375,-19.140888,-11.126564,-19.165569,-10.395856
7.6113281,-19.096352,-10.967823,-19.115128,-10.426848
7.6132812,-19.051378,-10.818579,-19.082285,-10.564618
7.6152343,-19.022285,-10.84081,-19.047903,-10.477259
7.6171875,-18.981218,-10.967219,-19.010828,-10.311047
7.6191406,-18.938398,-10.965708,-18.979307,-10.337226
7.6210937,-18.910959,-10.774394,-18.946997,-10.415732
7.6230468,-18.868912,-10.701452,-18.909658,-10.292334
7.625,-18.824564,-10.827828,-18.865234,-10.133246
7.6269531,-18.782204,-10.786067,-18.83033,-10.157612
7.6289062,-18.736763,-10.600142,-18.776115,-10.249791
7.6308593,-18.701399,-10.625205,-18.726883,-10.223856
7.6328125,-18.659067,-10.765524,-18.683226,-10.106552
7.6347656,-18.616562,-10.718877,-18.647665,-10.119191
7.6367187,-18.567568,-10.505016,-18.610945,-10.216759
7.6386718,-18.513941,-10.446192,-18.577366,-10.145248
7.640625,-18.468613,-10.593749,-18.529449,-9.9273681
7.6425781,-18.421703,-10.632489,-18.468534,-9.8679676
7.6445312,-18.366426,-10.480199,-18.426783,-9.9878807
7.6464843,-18.316202,-10.361516,-18.376322,-10.012131
7.6484375,-18.28307,-10.428915,-18.335182,-9.9047651
7.6503906,-18.22308,-10.494484,-18.275188,-9.8436632
7.6523437,-18.17001,-10.338285,-18.217077,-9.864767
7.6542968,-18.125139,-10.174524,-18.179855,-9.8431577
7.65625,-18.073284,-10.286052,-18.1266,-9.7948103
7.6582031,-18.025618,-10.375745,-18.067736,-9.7586374
7.6601562,-17.962814,-10.198267,-18.017811,-9.6975069
7.6621093,-17.917593,-10.050271,-17.952919,-9.6683454
7.6640625,-17.860239,-10.126549,-17.888227,-9.6652298
7.6660156,-17.799723,-10.243443,-17.845078,-9.6141643
7.6679687,-17.744915,-10.112191,-17.792572,-9.5783281
7.6699218,-17.681961,-9.9274816,-17.739363,-9.5970602
7.671875,-17.625305,-10.004328,-17.679964,-9.5643825
7.6738281,-17.569363,-10.108883,-17.613605,-9.4129056
7.6757812,-17.519985,-9.9832038,-17.557898,-9.334361
7.6777343,-17.44821,-9.8319015,-17.514412,-9.4466476
7.6796875,-17.390297,-9.825284,-17.445051,-9.4997215
7.6816406,-17.328836,-9.8321895,-17.387753,-9.305849
7.6835937,-17.25452,-9.8515892,-17.336861,-9.1229801
7.6855468,-17.206081,-9.8041811,-17.265211,-9.2564134
7.6875,-17.141212,-9.7213745,-17.211554,-9.3712091
7.6894531,-17.078411,-9.7258539,-17.153585,-9.1653165
7.6914062,-17.025421,-9.6633796,-17.086672,-8.9833459
7.6933593,-16.955694,-9.5770216,-17.014904,-9.0942697
7.6953125,-16.89835,-9.5306482,-16.957834,-9.1918506
7.6972656,-16.830406,-9.5199089,-16.884144,-9.044363
7.6992187,-16.755291,-9.5408401,-16.807596,-8.8993759
7.7011718,-16.700457,-9.4500389,-16.764311,-8.944828
7.703125,-16.630238,-9.3806047,-16.682127,-9.0263824
7.7050781,-16.554609,-9.4385786,-16.597429,-8.9252109
7.7070312,-16.490139,-9.3961935,-16.548475,-8.74514
7.7089843,-16.42399,-9.2678785,-16.473724,-8.7570295
7.7109375,-16.350044,-9.2575264,-16.39397,-8.9073467
7.7128906,-16.276581,-9.2705249,-16.323902,-8.7995433
7.7148437,-16.207537,-9.2046842,-16.266098,-8.5407562
7.7167968,-16.139751,-9.1447706,-16.200361,-8.6031456
7.71875,-16.070038,-9.1178455,-16.114946,-8.767313
7.7207031,-15.995338,-9.0819082,-16.058416,-8.5874242
7.7226562,-15.913589,-9.0065727,-15.993812,-8.3268671
7.7246093,-15.844883,-8.9471797,-15.907453,-8.4300546
7.7265625,-15.767828,-8.9556064,-15.833736,-8.5828809
7.7285156,-15.684813,-8.986329,-15.759138,-8.3675766
7.7304687,-15.610188,-8.8977556,-15.6846,-8.1917591
7.7324218,-15.531075,-8.7975549,-15.619486,-8.3716306
7.734375,-15.456461,-8.8007392,-15.544623,-8.4654235
7.7363281,-15.377949,-8.7857379,-15.463575,-8.1893491
7.7382812,-15.307268,-8.7222757,-15.377362,-7.9524717
7.7402343,-15.22804,-8.632224,-15.298792,-8.1213064
7.7421875,-15.143938,-8.5781059,-15.229973,-8.316102
7.7441406,-15.068789,-8.54321,-15.149347,-8.1305341
7.7460937,-14.985746,-8.532216,-15.075089,-7.8684763
7.7480468,-14.900773,-8.5408878,-14.996627,-7.8983116
7.75,-14.827194,-8.4543714,-14.910469,-8.0246658
7.7519531,-14.737846,-8.3516759,-14.825388,-7.9212975
7.7539062,-14.64999,-8.3560867,-14.749249,-7.7132225
7.7558593,-14.575562,-8.3571453,-14.670158,-7.7398443
7.7578125,-14.484743,-8.2894935,-14.578135,-7.8709993
7.7597656,-14.406662,-8.2034139,-14.47963,-7.751429
7.7617187,-14.319441,-8.1608152,-14.391384,-7.5328612
7.7636718,-14.233047,-8.1657486,-14.314807,-7.571908
7.765625,-14.154606,-8.0859241,-14.216735,-7.7398896
7.7675781,-14.061299,-8.0073976,-14.135885,-7.6382145
7.7695312,-13.973631,-8.0128269,-14.05814,-7.3585152
7.7714843,-13.89444,-7.9704294,-13.970981,-7.3417458
7.7734375,-13.800703,-7.9137544,-13.878565,-7.4798059
7.7753906,-13.707633,-7.8746376,-13.781081,-7.3774442
7.7773437,-13.631003,-7.7934989,-13.707881,-7.156568
7.7792968,-13.536608,-7.7570323,-13.609487,-7.1522612
7.78125,-13.440697,-7.7515597,-13.504568,-7.282248
7.7832031,-13.354641,-7.6665129,-13.433751,-7.1526536
7.7851562,-13.267216,-7.6009483,-13.365522,-6.943017
7.7871093,-13.176836,-7.6139168,-13.2667,-7.05162
7.7890625,-13.083827,-7.5750227,-13.145216,-7.0997295
7.7910156,-12.984835,-7.4350743,-13.044312,-6.7882103
7.7929687,-12.889757,-7.3696212,-12.964633,-6.6787896
7.7949218,-12.799322,-7.43405,-12.875737,-7.0360512
7.796875,-12.707391,-7.4139866,-12.787398,-7.1213927
7.7988281,-12.608482,-7.2787618,-12.698228,-6.6032724
7.8007812,-12.514155,-7.1929559,-12.582801,-6.3235693
7.8027343,-12.423963,-7.1849536,-12.481637,-6.6862258
7.8046875,-12.328408,-7.1677413,-12.377952,-6.8562698
7.8066406,-12.232175,-7.0884461,-12.278543,-6.4894647
7.8085937,-12.130308,-6.9971585,-12.19425,-6.292737
7.8105468,-12.041828,-6.9532046,-12.092584,-6.5482888
7.8125,-11.939225,-6.9543943,-11.995375,-6.600718
7.8144531,-11.837032,-6.9025092,-11.895508,-6.1812238
7.8164062,-11.744123,-6.7979583,-11.810087,-6.0055575
7.8183593,-11.643015,-6.7561869,-11.718617,-6.289566
7.8203125,-11.550555,-6.7340965,-11.617273,-6.3549299
7.8222656,-11.445884,-6.6723299,-11.510509,-5.9519863
7.8242187,-11.339521,-6.5951542,-11.405695,-5.7395062
7.8261718,-11.2374,-6.5276179,-11.308311,-6.0475187
7.828125,-11.131982,-6.4994339,-11.198749,-6.2134013
7.8300781,-11.033276,-6.4827809,-11.091955,-5.8316822
7.8320312,-10.931152,-6.4322648,-10.99058,-5.5446071
7.8339843,-10.825974,-6.3511691,-10.898313,-5.8224229
7.8359375,-10.728875,-6.2236785,-10.79442,-5.9941091
7.8378906,-10.63342,-6.1788973,-10.700345,-5.5978298
7.8398437,-10.530468,-6.2312603,-10.598197,-5.2498211
7.8417968,-10.422289,-6.1301336,-10.486567,-5.4703378
7.84375,-10.316566,-5.9086909,-10.397209,-5.6910533
7.8457031,-10.210546,-5.8984441,-10.286737,-5.3885593
7.8476562,-10.110801,-6.0694675,-10.161383,-5.0973529
7.8496093,-10.001796,-5.9881391,-10.050458,-5.2330818
7.8515625,-9.8892478,-5.6898193,-9.9502983,-5.4135894
7.8535156,-9.7919206,-5.6135883,-9.8329134,-5.2465839
7.8554687,-9.6793928,-5.8108396,-9.7340269,-5.0020384
7.8574218,-9.5647716,-5.7996225,-9.641654,-4.9980683
7.859375,-9.4608144,-5.4401836,-9.5163335,-5.0605807
7.8613281,-9.352765,-5.3315219,-9.416151,-4.9071517
7.8632812,-9.2388925,-5.5701689,-9.3234567,-4.6450843
7.8652343,-9.1397628,-5.5676636,-9.2105093,-4.6985578
7.8671875,-9.0333147,-5.2155804,-9.0917043,-4.8567915
7.8691406,-8.9144744,-5.0685992,-8.9826202,-4.6251711
7.8710937,-8.8046026,-5.2554063,-8.8753109,-4.353034
7.8730468,-8.6884994,-5.2644577,-8.7573976,-4.4846901
7.875,-8.5890398,-4.9905753,-8.6396122,-4.6456198
7.8769531,-8.4793605,-4.8740539,-8.5451746,-4.3856668
7.8789062,-8.3640632,-5.0260443,-8.434966,-4.0868306
7.8808593,-8.2622165,-4.957632,-8.3112154,-4.2184042
7.8828125,-8.1427221,-4.6379151,-8.2161903,-4.3176698
7.8847656,-8.0343618,-4.5780386,-8.0933027,-4.0410051
7.8867187,-7.9232583,-4.7479805,-7.9800744,-3.8331513
7.8886718,-7.8008003,-4.7012724,-7.8632569,-3.9363637
7.890625,-7.69806,-4.41404,-7.7372226,-4.0076761
7.8925781,-7.5818138,-4.3213205,-7.6424083,-3.7903146
7.8945312,-7.4695835,-4.4639782,-7.5417046,-3.595263
7.8964843,-7.3665084,-4.4030065,-7.4199843,-3.7003839
7.8984375,-7.2477054,-4.1378245,-7.2995514,-3.6993691
7.9003906,-7.1314449,-4.0124735,-7.2033085,-3.3434948
7.9023437,-7.0161533,-4.070363,-7.088901,-3.2185826
7.9042968,-6.9031806,-4.0910396,-6.9623456,-3.4498989
7.90625,-6.7793331,-3.9227161,-6.83959,-3.4007616
7.9082031,-6.6651063,-3.7513775,-6.7247524,-3.0121326
7.9101562,-6.5541787,-3.7655053,-6.6090951,-2.9521787
7.9121093,-6.4402422,-3.7956686,-6.4964237,-3.2256329
7.9140625,-6.3257184,-3.6268732,-6.3817329,-3.1178231
7.9160156,-6.200869,-3.430093,-6.2445602,-2.7003212
7.9179687,-6.0931677,-3.400043,-6.1412692,-2.587466
7.9199218,-5.964766,-3.4195439,-6.0414242,-2.8074977
7.921875,-5.8381986,-3.347485,-5.918631,-2.8211262
7.9238281,-5.7198877,-3.1760578,-5.8069634,-2.4290714
7.9257812,-5.605647,-3.1318879,-5.6779885,-2.1521937
7.9277343,-5.5031404,-3.142564,-5.5491995,-2.3044593
7.9296875,-5.385724,-3.0003716,-5.4389963,-2.4256703
7.9316406,-5.2687931,-2.8102047,-5.3114271,-2.2019777
7.9335937,-5.1423845,-2.6947379,-5.1915922,-1.977053
7.9355468,-5.0366625,-2.7117703,-5.0833072,-1.9691553
7.9375,-4.904035,-2.6873784,-4.9660592,-1.9893337
7.9394531,-4.7852988,-2.5345292,-4.8545765,-1.8228591
7.9414062,-4.6851773,-2.3860597,-4.7277059,-1.5843067
7.9433593,-4.5452189,-2.4007794,-4.6041159,-1.5052576
7.9453125,-4.4348707,-2.3761553,-4.4879498,-1.5305509
7.9472656,-4.3113427,-2.1166832,-4.3582315,-1.486976
7.9492187,-4.187448,-2.0087089,-4.2345876,-1.3135759
7.9511718,-4.068468,-2.0818896,-4.1129827,-1.1641943
7.953125,-3.9369235,-1.997608,-4.0076203,-1.1414283
7.9550781,-3.8275511,-1.7819712,-3.8976628,-1.0875974
7.9570312,-3.7160882,-1.6954299,-3.7695484,-0.92195427
7.9589843,-3.5839085,-1.7111918,-3.6593337,-0.73666847
7.9609375,-3.4708523,-1.5362023,-3.5401132,-0.63578981
7.9628906,-3.3566148,-1.3105183,-3.4036932,-0.60282296
7.9648437,-3.2272956,-1.3393575,-3.2899749,-0.51968008
7.9667968,-3.1096203,-1.3481179,-3.1669845,-0.38693565
7.96875,-2.9840376,-1.1194454,-3.0338406,-0.29804096
7.9707031,-2.8643782,-0.96555412,-2.924103,-0.22694099
7.9726562,-2.7388258,-0.98290724,-2.8003487,-0.12257431
7.9746093,-2.6162138,-0.91458261,-2.6737952,0.00039082766
7.9765625,-2.4968323,-0.71273541,-2.5588922,0.11857951
7.9785156,-2.3753149,-0.61326599,-2.4400703,0.19778374
7.9804687,-2.2652621,-0.61144859,-2.3144667,0.22407466
7.9824218,-2.1409316,-0.47947633,-2.2053325,0.21983977
7.984375,-2.0117359,-0.24998035,-2.0932831,0.22859506
7.9863281,-1.8901563,-0.11990892,-1.9601171,0.22532211
7.9882812,-1.7647852,-0.14681903,-1.8291283,0.21629649
7.9902343,-1.6441626,-0.16040801,-1.696495,0.25067133
7.9921875,-1.5268325,0.025393698,-1.5973595,0.24642009
7.9941406,-1.3944712,0.24531889,-1.4716402,0.14454789
7.9960937,-1.2685693,0.28151393,-1.3473105,0.11195084
7.9980468,-1.1572754,0.2803373,-1.2332607,0.28030699
8.0,-1.0361067,0.29722148,-1.0772531,0.37995335
8.0019531,-0.91164631,0.29319841,-0.96593767,0.23164858
8.0039062,-0.78742421,0.33598304,-0.86015433,0.086312205
8.0058593,-0.65491253,0.33832112,-0.72207087,0.1173196
8.0078125,-0.52983034,0.31536889,-0.59051782,0.28987083
8.0097656,-0.41152784,0.31675494,-0.47975564,0.36910811
8.0117187,-0.28269017,0.26923957,-0.3547349,0.19455732
8.0136718,-0.16598451,0.25783971,-0.22416161,0.077050023
8.015625,-0.041620906,0.34741223,-0.10509016,0.26893023
8.0175781,0.090685621,0.37501907,0.016492143,0.42667288
8.0195312,0.20348911,0.29742056,0.13658433,0.31703442
8.0214843,0.32383406,0.28065094,0.26637346,0.28000912
8.0234375,0.44781882,0.33850342,0.38387656,0.53836864
8.0253906,0.57247096,0.3793751,0.50862348,0.82059181
8.0273437,0.68923736,0.34542581,0.63028026,0.81030029
8.0292968,0.81430596,0.28622246,0.75568473,0.75595737
8.03125,0.94044477,0.32770485,0.88866085,1.0114085
8.0332031,1.0500661,0.39318731,1.0056238,1.3250078
8.0351562,1.1843782,0.31300309,1.1258686,1.3471245
8.0371093,1.3183026,0.27184004,1.2408125,1.2592411
8.0390625,1.4251257,0.4282304,1.378529,1.4620398
8.0410156,1.5449323,0.49517563,1.4944899,1.8523032
8.0429687,1.6750104,0.42744541,1.5905745,1.971286
8.0449218,1.8002107,0.5533309,1.7317386,1.8144369
8.046875,1.9203618,0.83188224,1.8606021,1.9157971
8.0488281,2.0387671,0.88329113,1.9788819,2.3766214
8.0507812,2.1591427,0.76460594,2.0957908,2.5338804
8.0527343,2.2860348,0.89328611,2.2006485,2.2887396
8.0546875,2.4141099,1.261321,2.3512303,2.3220667
8.0566406,2.5270872,1.4374774,2.4664964,2.8061416
8.0585937,2.6458218,1.3522949,2.5662763,3.0635232
8.0605468,2.7661228,1.4331549,2.7080962,2.7929787
8.0625,2.8969738,1.7874095,2.8373992,2.7345228
8.0644531,3.015923,2.0123503,2.9828403,3.2243387
8.0664062,3.1263001,1.94107,3.0880928,3.5079872
8.0683593,3.2591981,1.9510015,3.2089915,3.1789684
8.0703125,3.3862988,2.2409749,3.3515155,3.0512409
8.0722656,3.5035481,2.4828863,3.4434425,3.6070139
8.0742187,3.614557,2.4650714,3.5544469,3.9974012
8.0761718,3.7365958,2.4636149,3.683748,3.6742167
8.078125,3.8623523,2.7316501,3.794039,3.5275027
8.0800781,3.9773755,3.0075314,3.9069132,4.1028199
8.0820312,4.0977549,2.9936132,4.0255637,4.4115462
8.0839843,4.2112374,2.9293394,4.1391925,4.0489835
8.0859375,4.3318977,3.1688661,4.2789993,3.927001
8.0878906,4.468029,3.4555506,4.4112114,4.4418888
8.0898437,4.5819506,3.4652195,4.5294017,4.7573599
8.0917968,4.7018685,3.3985784,4.6338834,4.3778557
8.09375,4.8246479,3.5443513,4.7482647,4.1611948
8.0957031,4.9364848,3.8208138,4.8896951,4.6856603
8.0976562,5.0562219,3.8806901,4.9952607,5.1841049
8.0996093,5.1764025,3.8529706,5.0972871,4.9335227
8.1015625,5.2998666,4.0716829,5.2302017,4.5572085
8.1035156,5.4206609,4.2761049,5.3551702,4.9538502
8.1054687,5.5384235,4.1872396,5.4695048,5.5408024
8.1074218,5.6572136,4.1813635,5.5806641,5.3064031
8.109375,5.7761654,4.4766078,5.6909046,4.8678436
8.1113281,5.8942394,4.6602587,5.8115611,5.2284112
8.1132812,6.0009694,4.5600276,5.9292526,5.8323054
8.1152343,6.1131897,4.5749416,6.0594868,5.7346873
8.1171875,6.2396984,4.8750071,6.1821885,5.3088851
8.1191406,6.3510217,5.0722703,6.2927289,5.4723029
8.1210937,6.4667334,4.9681534,6.4074082,5.9885392
8.1230468,6.5873017,4.9010376,6.517416,6.0033202
8.125,6.6989808,5.1543226,6.6432547,5.7107362
8.1269531,6.8174195,5.3818764,6.7591781,5.8365073
8.1289062,6.9368481,5.3296532,6.8645052,6.2758979
8.1308593,7.0510954,5.2900528,6.983694,6.3146786
8.1328125,7.1577744,5.4724717,7.1017761,6.024795
8.1347656,7.2752924,5.6701407,7.2260446,6.1551561
8.1367187,7.3959035,5.6355323,7.3340072,6.5473241
8.1386718,7.5079312,5.6349072,7.4407591,6.54813
8.140625,7.6292223,5.8330521,7.5648484,6.2910189
8.1425781,7.738492,5.9474539,7.675497,6.4528355
8.1445312,7.8507161,5.8984684,7.7899456,6.8776559
8.1464843,7.9691038,5.9111065,7.8898878,6.8240618
8.1484375,8.0754814,6.1218576,8.0095777,6.5667128
8.1503906,8.1896534,6.2936253,8.1406402,6.7618389
8.1523437,8.2987833,6.2277288,8.2343282,7.1598658
8.1542968,8.3987264,6.2044014,8.3411579,7.0964875
8.15625,8.5240678,6.4239506,8.4531068,6.7830719
8.1582031,8.6385469,6.6120724,8.5663967,6.9732546
8.1601562,8.7330532,6.549973,8.6864624,7.4561066
8.1621093,8.8588066,6.4462113,8.8002147,7.4524188
8.1640625,8.969841,6.6281166,8.8995828,7.0886006
8.1660156,9.0735302,6.8908643,9.0069198,7.1253666
8.1679687,9.1905574,6.8197631,9.1143865,7.5701632
8.1699218,9.2925033,6.694549,9.2174062,7.7171754
8.171875,9.3980484,6.9074893,9.3405418,7.4696593
8.1738281,9.5132217,7.1507163,9.4511117,7.4564437
8.1757812,9.6234169,7.0952549,9.5739574,7.7958779
8.1777343,9.7261276,7.0079326,9.6716756,7.9025201
8.1796875,9.8271207,7.1501321,9.7572565,7.6407666
8.1816406,9.9391088,7.3385334,9.8809213,7.5878243
8.1835937,10.051236,7.3596792,9.9891109,7.9965086
8.1855468,10.149538,7.3293738,10.090261,8.2648105
8.1875,10.25864,7.4068503,10.201602,7.9910073
8.1894531,10.358617,7.5319409,10.314001,7.7954053
8.1914062,10.467106,7.5675129,10.415787,8.1323852
8.1933593,10.58995,7.5770587,10.520647,8.4106903
8.1953125,10.68017,7.705266,10.624944,8.201725
8.1972656,10.785384,7.7615184,10.721414,8.0497493
8.1992187,10.893475,7.6851882,10.821423,8.3548975
8.2011718,10.985314,7.7734732,10.927032,8.6336317
8.203125,11.092395,8.0046253,11.043018,8.4763641
8.2050781,11.198235,8.0682878,11.143917,8.3331556
8.2070312,11.296541,7.9673361,11.222071,8.53652
8.2089843,11.399149,7.9752116,11.335326,8.6866645
8.2109375,11.501412,8.146573,11.45584,8.6190757
8.2128906,11.605641,8.2749805,11.54334,8.6562013
8.2148437,11.710726,8.2085199,11.629349,8.7919559
8.2167968,11.803156,8.1688346,11.728628,8.7897481
8.21875,11.896228,8.3217058,11.84561,8.7860794
8.2207031,11.996105,8.4552497,11.935777,8.9602661
8.2226562,12.101474,8.4719123,12.033212,9.0672369
8.2246093,12.197573,8.4609088,12.141915,8.9276332
8.2265625,12.287319,8.5228538,12.225861,8.89929
8.2285156,12.393089,8.6185884,12.313231,9.1296787
8.2304687,12.492104,8.6548471,12.42316,9.2630062
8.2324218,12.580295,8.6699838,12.534781,9.1636314
8.234375,12.681077,8.7112293,12.617754,9.1458883
8.2363281,12.768981,8.7934675,12.711605,9.2895994
8.2382812,12.865982,8.8597955,12.805859,9.3332138
8.2402343,12.969339,8.8675279,12.894644,9.2924995
8.2421875,13.055775,8.9257469,12.99304,9.3643922
8.2441406,13.152879,8.9980611,13.089387,9.5474634
8.2460937,13.238367,8.9883337,13.181901,9.610569
8.2480468,13.329015,8.9949302,13.272869,9.4589729
8.25,13.41824,9.1049995,13.370095,9.4356012
8.2519531,13.511083,9.2290105,13.463652,9.7111234
8.2539062,13.604481,9.2088174,13.544949,9.7972879
8.2558593,13.695004,9.1767921,13.640879,9.5736103
8.2578125,13.804861,9.263565,13.734518,9.594819
8.2597656,13.886237,9.3530559,13.813099,9.9351501
8.2617187,13.963087,9.3382062,13.908493,9.97933
8.2636718,14.055285,9.2701635,13.985829,9.723319
8.265625,14.145742,9.3992786,14.070085,9.8060207
8.2675781,14.225466,9.6320266,14.168391,10.091669
8.2695312,14.314315,9.602643,14.25398,10.11952
8.2714843,14.408825,9.4163913,14.328575,9.9767618
8.2734375,14.494881,9.5125331,14.405133,9.960474
8.2753906,14.578694,9.7719812,14.503299,10.132476
8.2773437,14.649735,9.7225246,14.598014,10.278125
8.2792968,14.737415,9.5429143,14.691072,10.244364
8.28125,14.819301,9.6720562,14.76981,10.121653
8.2832031,14.892252,9.9543275,14.850626,10.142627
8.2851562,14.988323,9.9444818,14.927903,10.327712
8.2871093,15.068104,9.750493,14.996799,10.411436
8.2890625,15.1405,9.7883596,15.089093,10.34336
8.2910156,15.228251,9.9841051,15.172391,10.385209
8.2929687,15.305044,10.037411,15.254042,10.564112
8.2949218,15.37837,9.9631929,15.328395,10.557327
8.296875,15.452051,9.9614601,15.416512,10.403266
8.2988281,15.533265,10.091583,15.493711,10.474224
8.3007812,15.622251,10.193812,15.54774,10.68364
8.3027343,15.704969,10.167588,15.635523,10.684929
8.3046875,15.77441,10.100223,15.70872,10.578411
8.3066406,15.849484,10.12407,15.782016,10.695033
8.3085937,15.932978,10.235662,15.872026,10.854085
8.3105468,16.001583,10.320363,15.948249,10.782105
8.3125,16.071138,10.322797,16.025396,10.693486
8.3144531,16.14567,10.286122,16.106819,10.783204
8.3164062,16.221657,10.351568,16.161627,10.895401
8.3183593,16.288303,10.472368,16.235958,10.870897
8.3203125,16.36779,10.474955,16.324862,10.830803
8.3222656,16.44227,10.416111,16.380362,10.969155
8.3242187,16.496744,10.461988,16.456669,11.09161
8.3261718,16.58437,10.535646,16.524446,10.970884
8.328125,16.657312,10.552276,16.573215,10.934601
8.3300781,16.706795,10.612072,16.654535,11.121245
8.3320312,16.786531,10.588636,16.730768,11.224141
8.3339843,16.852016,10.5529,16.808371,11.151814
8.3359375,16.905355,10.7177,16.892971,11.081781
8.3378906,16.976954,10.797337,16.936193,11.142565
8.3398437,17.038191,10.70736,16.99069,11.182195
8.3417968,17.106052,10.718531,17.064163,11.144491
8.34375,17.174591,10.831899,17.120203,11.249539
8.3457031,17.227858,10.87638,17.172108,11.437979
8.3476562,17.292448,10.802425,17.222731,11.420732
8.3496093,17.353443,10.785538,17.283949,11.277315
8.3515625,17.399162,10.931587,17.356905,11.354253
8.3535156,17.479757,11.017771,17.428829,11.592003
8.3554687,17.550545,10.955405,17.484049,11.545266
8.3574218,17.596657,10.940914,17.536631,11.262193
8.359375,17.652321,10.948386,17.594738,11.280801
8.3613281,17.707726,10.96969,17.653049,11.613115
8.3632812,17.775242,11.092969,17.716038,11.725137
8.3652343,17.827044,11.169758,17.787275,11.494328
8.3671875,17.892866,11.101107,17.836006,11.4101
8.3691406,17.93647,11.048115,17.877834,11.622655
8.3710937,17.99213,11.144544,17.946119,11.722392
8.3730468,18.061758,11.214911,18.001652,11.608617
8.375,18.101295,11.234614,18.064196,11.591927
8.3769531,18.159246,11.228477,18.103336,11.745474
8.3789062,18.194477,11.183334,18.146423,11.78677
8.3808593,18.249151,11.248137,18.206743,11.656594
8.3828125,18.303768,11.380045,18.247707,11.709177
8.3847656,18.347178,11.437768,18.319092,11.930381
8.3867187,18.404484,11.330787,18.375864,11.90891
8.3886718,18.452604,11.260581,18.417622,11.736135
8.390625,18.498175,11.386481,18.458536,11.720253
8.3925781,18.539831,11.479673,18.499842,11.857018
8.3945312,18.59473,11.430503,18.546461,11.957826
8.3964843,18.648907,11.391236,18.606173,11.922105
8.3984375,18.683847,11.465767,18.662653,11.918885
8.4003906,18.722795,11.514998,18.680304,11.999207
8.4023437,18.773436,11.450796,18.728943,11.979268
8.4042968,18.8106,11.484691,18.782774,11.895903
8.40625,18.856924,11.622471,18.814238,12.008685
8.4082031,18.900808,11.608522,18.850626,12.144873
8.4101562,18.936895,11.51797,18.890602,12.024277
8.4121093,18.980383,11.525609,18.931536,11.944206
8.4140625,19.018347,11.625826,18.963068,12.120506
8.4160156,19.056814,11.687434,19.017765,12.238249
8.4179687,19.092165,11.648898,19.056211,12.105643
8.4199218,19.138399,11.612214,19.086258,12.0022
8.421875,19.169596,11.648833,19.13133,12.108533
8.4238281,19.200153,11.736111,19.171587,12.241301
8.4257812,19.239305,11.708949,19.208265,12.19027
8.4277343,19.265314,11.664261,19.222738,12.082679
8.4296875,19.301785,11.747287,19.251989,12.133746
8.4316406,19.338152,11.798715,19.288433,12.263321
8.4335937,19.370817,11.781019,19.313122,12.319232
8.4355468,19.40226,11.736655,19.349651,12.270807
8.4375,19.43782,11.732147,19.391527,12.232378
8.4394531,19.464308,11.801255,19.423662,12.2987
8.4414062,19.486366,11.829666,19.448185,12.360497
8.4433593,19.517342,11.76961,19.475994,12.254084
8.4453125,19.549885,11.786255,19.510822,12.159364
8.4472656,19.570347,11.926046,19.551306,12.315575
8.4492187,19.591425,11.930584,19.580667,12.468237
8.4511718,19.622772,11.778698,19.601425,12.346889
8.453125,19.646402,11.796029,19.625704,12.164073
8.4550781,19.672127,11.987284,19.634338,12.259885
8.4570312,19.688496,11.984144,19.654079,12.496199
8.4589843,19.71332,11.792216,19.674412,12.510742
8.4609375,19.742365,11.788625,19.69309,12.382406
8.4628906,19.758915,12.009129,19.73037,12.399179
8.4648437,19.782885,12.056703,19.730707,12.537
8.4667968,19.802965,11.842016,19.741974,12.515787
8.46875,19.8235,11.78737,19.770897,12.349049
8.4707031,19.84437,11.98885,19.790085,12.378078
8.4726562,19.856342,12.074359,19.819868,12.586849
8.4746093,19.869741,11.910233,19.832449,12.583839
8.4765625,19.879627,11.809457,19.852749,12.355623
8.4785156,19.886955,11.978292,19.884338,12.316401
8.4804687,19.903358,12.14269,19.900764,12.552626
8.4824218,19.923071,12.050869,19.892584,12.627015
8.484375,19.931671,11.900182,19.904318,12.395233
8.4863281,19.943146,11.939972,19.923819,12.338599
8.4882812,19.963415,12.053888,19.920343,12.632237
8.4902343,19.974314,12.040255,19.939589,12.75441
8.4921875,19.992117,11.949402,19.959064,12.489711
8.4941406,19.995262,11.93601,19.968578,12.361624
8.4960937,19.99161,12.013394,19.976555,12.571364
8.4980468,20.01298,12.033234,19.99555,12.678122
8.5,20.01153,11.997559,20.012276,12.499899
8.5019531,20.016239,12.015562,20.009405,12.404765
8.5039062,20.029388,12.029896,20.016523,12.549539
8.5058593,20.022171,12.032703,20.025709,12.646229
8.5078125,20.040323,12.018353,20.015789,12.578988
8.5097656,20.047792,12.00882,20.020775,12.508878
8.5117187,20.050159,12.033525,20.033607,12.565585
8.5136718,20.065203,11.998212,20.032614,12.647311
8.515625,20.052713,11.953228,20.031305,12.618477
8.5175781,20.057184,11.963823,20.030247,12.549042
8.5195312,20.070261,11.992215,20.036222,12.56541
8.5214843,20.058035,11.995019,20.037485,12.60675
8.5234375,20.055643,11.95822,20.037344,12.601788
8.5253906,20.058889,11.862285,20.037664,12.592979
8.5273437,20.051676,11.768842,20.043751,12.576617
8.5292968,20.055983,11.711435,20.05014,12.548378
8.53125,20.055592,11.612684,20.049049,12.578906
8.5332031,20.050314,11.457689,20.052786,12.538301
8.5351562,20.052067,11.141034,20.059893,12.414249
8.5371093,20.041258,10.953593,20.055984,12.366934
8.5390625,20.039391,11.111757,20.043488,12.163119
8.5410156,20.030479,11.168697,20.021292,11.971053
8.5429687,20.014357,11.000683,20.011942,11.71384
8.5449218,20.005743,10.908728,20.023247,11.373657
8.546875,19.98641,11.044333,20.00522,11.559546
8.5488281,19.971218,11.16291,19.990833,11.81387
8.5507812,19.948587,11.042515,19.994034,11.600699
8.5527343,19.931742,10.928858,19.9951,11.35426
8.5546875,19.92396,11.031199,19.977255,11.527091
8.5566406,19.890635,11.150259,19.946619,11.709285
8.5585937,19.874775,11.025821,19.934914,11.447284
8.5605468,19.858147,10.815592,19.907637,11.27206
8.5625,19.821196,10.925294,19.874403,11.56809
8.5644531,19.805382,11.08704,19.850439,11.759775
8.5664062,19.784676,10.960582,19.825933,11.504419
8.5683593,19.766502,10.849734,19.802591,11.33696
8.5703125,19.752472,10.893547,19.787127,11.53427
8.5722656,19.726662,10.929364,19.765461,11.649717
8.5742187,19.706049,10.815084,19.732895,11.395795
8.5761718,19.674448,10.694766,19.70047,11.176031
8.578125,19.65723,10.740772,19.672548,11.346633
8.5800781,19.637642,10.833476,19.65967,11.570827
8.5820312,19.59034,10.804102,19.615374,11.428606
8.5839843,19.568951,10.637689,19.565796,11.143375
8.5859375,19.546972,10.626185,19.553549,11.168992
8.5878906,19.514471,10.852195,19.541378,11.43892
8.5898437,19.481419,10.832438,19.517412,11.460239
8.5917968,19.448484,10.532739,19.475325,11.102312
8.59375,19.422712,10.484508,19.452148,10.870348
8.5957031,19.387564,10.728359,19.434141,11.105023
8.5976562,19.347776,10.766383,19.392574,11.367328
8.5996093,19.313417,10.474571,19.359289,11.131003
8.6015625,19.281809,10.388624,19.314749,10.79444
8.6035156,19.243832,10.605875,19.281757,10.992596
8.6054687,19.212408,10.642599,19.243629,11.306614
8.6074218,19.179577,10.449433,19.208824,11.115362
8.609375,19.139275,10.356536,19.189543,10.795992
8.6113281,19.109819,10.412853,19.15749,10.9132
8.6132812,19.074938,10.400279,19.118366,11.138316
8.6152343,19.031134,10.329377,19.06254,10.920708
8.6171875,18.989773,10.280862,19.022993,10.587546
8.6191406,18.948177,10.257872,18.973379,10.759573
8.6210937,18.906685,10.302164,18.939341,11.122608
8.6230468,18.865734,10.333967,18.89551,10.966063
8.625,18.825377,10.26848,18.824095,10.595568
8.6269531,18.779593,10.150377,18.798424,10.629678
8.6289062,18.743549,10.129469,18.759604,10.917719
8.6308593,18.694328,10.184283,18.706554,10.923285
8.6328125,18.644667,10.140053,18.661556,10.543689
8.6347656,18.602386,9.9904909,18.614826,10.389177
8.6367187,18.55216,9.9948282,18.58416,10.688251
8.6386718,18.505648,10.134435,18.545586,10.817283
8.640625,18.449703,10.081183,18.479071,10.469737
8.6425781,18.408813,9.909852,18.423727,10.198989
8.6445312,18.364893,9.8754453,18.388426,10.419701
8.6464843,18.313805,9.9809207,18.346796,10.709631
8.6484375,18.253912,9.9336957,18.301231,10.538061
8.6503906,18.201387,9.7158746,18.240398,10.171076
8.6523437,18.156742,9.6920614,18.185059,10.181062
8.6542968,18.09709,9.9061412,18.141779,10.439205
8.65625,18.045992,9.9126405,18.082066,10.448286
8.6582031,17.990068,9.6280565,18.019655,10.182672
8.6601562,17.934355,9.5396785,17.969818,10.072885
8.6621093,17.879774,9.7189807,17.914249,10.272889
8.6640625,17.819048,9.765829,17.855692,10.359818
8.6660156,17.762663,9.5349493,17.792324,10.106731
8.6679687,17.703356,9.4154577,17.727505,9.9387483
8.6699218,17.644909,9.5645351,17.678185,10.097469
8.671875,17.589773,9.5971479,17.637672,10.226583
8.6738281,17.52953,9.4113493,17.584818,10.067987
8.6757812,17.470648,9.2884178,17.512901,9.8306446
8.6777343,17.413759,9.3630228,17.455006,9.7800951
8.6796875,17.353622,9.415595,17.398758,9.8814792
8.6816406,17.288727,9.3084859,17.320129,9.9567499
8.6835937,17.22448,9.1908559,17.245184,9.8554382
8.6855468,17.158875,9.1935463,17.188129,9.7063407
8.6875,17.091902,9.2720832,17.139963,9.8084135
8.6894531,17.021091,9.220808,17.079124,9.9513454
8.6914062,16.956575,9.0876255,16.99855,9.7392396
8.6933593,16.899254,9.075181,16.938797,9.3952798
8.6953125,16.834557,9.1356697,16.873823,9.4633207
8.6972656,16.757017,9.0741443,16.796637,9.8087883
8.6992187,16.688337,8.8846788,16.72929,9.7201738
8.7011718,16.625704,8.8490219,16.680571,9.3265848
8.703125,16.555111,9.0259685,16.61425,9.3452367
8.7050781,16.490927,9.0071439,16.530516,9.6281452
8.7070312,16.420202,8.730587,16.475796,9.4683342
8.7089843,16.348783,8.6547823,16.410334,9.0897502
8.7109375,16.288284,8.8036899,16.340992,9.2198391
8.7128906,16.215378,8.8235969,16.262978,9.5139713
8.7148437,16.133858,8.6325969,16.190605,9.2965259
8.7167968,16.060871,8.4915132,16.120205,8.9297771
8.71875,15.982937,8.5987262,16.049055,9.096198
8.7207031,15.90779,8.7289505,15.975526,9.3955431
8.7226562,15.837688,8.5967025,15.883977,9.1619329
8.7246093,15.759722,8.3957424,15.824175,8.7860536
8.7265625,15.680883,8.4063873,15.758409,8.9412422
8.7285156,15.611238,8.4664974,15.657375,9.2770042
8.7304687,15.534432,8.4014606,15.573165,8.9954195
8.7324218,15.455028,8.292777,15.492904,8.5421333
8.734375,15.372161,8.2375221,15.413317,8.8012447
8.7363281,15.285595,8.2433891,15.339816,9.2224578
8.7382812,15.212258,8.2276258,15.258508,8.888256
8.7402343,15.142614,8.1972808,15.19101,8.3899831
8.7421875,15.051583,8.1728773,15.117778,8.5800657
8.7441406,14.964544,8.049324,15.035423,8.9313325
8.7460937,14.898886,7.9136438,14.936755,8.6531553
8.7480468,14.813995,8.0136079,14.850593,8.1938867
8.75,14.727186,8.0952806,14.780144,8.4085817
8.7519531,14.642489,7.8447322,14.696507,8.8837575
8.7539062,14.559112,7.6853885,14.628238,8.6359243
8.7558593,14.482558,7.8737373,14.542537,8.034667
8.7578125,14.393292,7.9703407,14.463307,8.1227188
8.7597656,14.302212,7.6866693,14.375678,8.54986
8.7617187,14.218467,7.4632949,14.270245,8.4045429
8.7636718,14.128908,7.6591486,14.177123,7.9280653
8.765625,14.046802,7.8042764,14.087925,8.0221958
8.7675781,13.966527,7.5606303,14.004568,8.4899654
8.7695312,13.873928,7.3408093,13.907889,8.3591308
8.7714843,13.783002,7.4149642,13.831472,7.8348689
8.7734375,13.696566,7.4986062,13.747684,7.7970981
8.7753906,13.604935,7.3787021,13.65559,8.1634378
8.7773437,13.513983,7.248116,13.565196,8.0498714
8.7792968,13.426413,7.2754211,13.45892,7.5872154
8.78125,13.323175,7.2955241,13.380705,7.6502223
8.7832031,13.234221,7.1793179,13.280014,8.0124721
8.7851562,13.149442,7.0759925,13.181178,7.950644
8.7871093,13.052956,7.1252613,13.119453,7.5170273
8.7890625,12.960077,7.1305513,13.015776,7.4477891
8.7910156,12.867025,6.943819,12.910286,7.7659711
8.7929687,12.771325,6.8290524,12.833675,7.6332182
8.7949218,12.679848,6.9155497,12.726377,7.2446627
8.796875,12.588062,6.9290828,12.624959,7.3539366
8.7988281,12.487157,6.7728014,12.544504,7.6018395
8.8007812,12.402634,6.6486644,12.437543,7.4350295
8.8027343,12.308225,6.6691241,12.348792,7.1475381
8.8046875,12.205757,6.7064127,12.24423,7.1484499
8.8066406,12.106081,6.5525617,12.132755,7.3208565
8.8085937,12.007195,6.4082155,12.050031,7.2124371
8.8105468,11.912658,6.5090756,11.943365,6.9741692
8.8125,11.80932,6.5618925,11.854193,7.0458197
8.8144531,11.717844,6.3654837,11.76068,7.1179442
8.8164062,11.612126,6.2087979,11.655567,6.9279537
8.8183593,11.502103,6.2751212,11.53941,6.7168769
8.8203125,11.408128,6.2845287,11.441311,6.7570033
8.8222656,11.303367,6.1618685,11.366824,6.9103035
8.8242187,11.202513,6.0983123,11.262061,6.8568968
8.8261718,11.103396,6.0652637,11.164016,6.6138477
8.828125,10.999645,6.007554,11.061254,6.4408145
8.8300781,10.901889,5.924045,10.96342,6.5206904
8.8320312,10.800095,5.8519787,10.852954,6.5949406
8.8339843,10.690134,5.8125305,10.751294,6.4270529
8.8359375,10.59047,5.7539181,10.657346,6.2924957
8.8378906,10.499563,5.6856184,10.540115,6.3875088
8.8398437,10.387399,5.6775431,10.434295,6.3924112
8.8417968,10.279695,5.6084241,10.320372,6.1729178
8.84375,10.179058,5.4253301,10.225183,6.1193771
8.8457031,10.067689,5.4165239,10.118308,6.2686057
8.8476562,9.9610691,5.5026235,10.014938,6.2490568
8.8496093,9.8500804,5.40907,9.9245443,5.9534354
8.8515625,9.7494449,5.2325873,9.8087997,5.7729573
8.8535156,9.648817,5.1701998,9.7162408,5.883346
8.8554687,9.5372858,5.231122,9.5941143,5.9073672
8.8574218,9.4241418,5.1198453,9.4911584,5.717216
8.859375,9.3164377,4.9040107,9.3852081,5.5853729
8.8613281,9.2129001,4.9200992,9.2539768,5.7038593
8.8632812,9.0953531,5.0114278,9.1545562,5.6761708
8.8652343,8.9828376,4.8926487,9.0351047,5.50144
8.8671875,8.8775939,4.6747307,8.9381504,5.5528745
8.8691406,8.7800617,4.6641125,8.8311939,5.5229349
8.8710937,8.6766929,4.7262201,8.7198782,5.307971
8.8730468,8.5494127,4.5890212,8.6107721,5.167778
8.875,8.4314661,4.331562,8.49825,5.2086577
8.8769531,8.3395175,4.2799472,8.3798303,5.238883
8.8789062,8.2218399,4.48456,8.2747583,5.0835647
8.8808593,8.0955438,4.4585695,8.1786985,4.9680662
8.8828125,7.9946799,4.1003742,8.0540275,5.0007743
8.8847656,7.8766465,3.9529705,7.9427385,4.961235
8.8867187,7.7655968,4.1552949,7.818809,4.7715992
8.8886718,7.6519746,4.1430673,7.7173657,4.6872167
8.890625,7.5363693,3.8480765,7.6122303,4.793302
8.8925781,7.4314746,3.7010042,7.4938297,4.7663779
8.8945312,7.311131,3.7743063,7.3832483,4.4816031
8.8964843,7.1934094,3.7903447,7.2681365,4.306396
8.8984375,7.0748372,3.5652921,7.1426911,4.4564352
8.9003906,6.9638533,3.418822,7.0185885,4.5261731
8.9023437,6.8513536,3.4826719,6.9186968,4.2725057
8.9042968,6.7227277,3.4994432,6.8049955,4.106338
8.90625,6.6129078,3.283411,6.6946244,4.2278556
8.9082031,6.5004162,3.0647807,6.5771346,4.215064
8.9101562,6.3955764,3.156418,6.4623208,3.8987987
8.9121093,6.2819232,3.1697938,6.368021,3.7421429
8.9140625,6.1564555,2.9197816,6.2615633,3.9081699
8.9160156,6.0480403,2.6881125,6.1303176,3.9364757
8.9179687,5.9250326,2.716855,5.9949979,3.5637776
8.9199218,5.8136091,2.8434267,5.8678054,3.3209664
8.921875,5.6903524,2.6633527,5.7496261,3.6310079
8.9238281,5.5717458,2.430617,5.6409168,3.8483796
8.9257812,5.4602441,2.395025,5.5092835,3.4793129
8.9277343,5.3326873,2.4181809,5.375514,3.1102724
8.9296875,5.2117614,2.2999997,5.2621536,3.1945753
8.9316406,5.0965294,2.1090233,5.1572341,3.3740999
8.9335937,4.9831705,2.0483665,5.0442223,3.200473
8.9355468,4.8628506,2.0407834,4.9157238,2.8605926
8.9375,4.7505617,1.9504094,4.8057346,2.7817745
8.9394531,4.6326403,1.7536842,4.6959018,2.8622114
8.9414062,4.515068,1.6257846,4.5661335,2.8435719
8.9433593,4.3871717,1.6087055,4.4481458,2.6419615
8.9453125,4.2589077,1.5429227,4.3230075,2.4555833
8.9472656,4.1470985,1.3763717,4.2075891,2.5136766
8.9492187,4.0251979,1.2896069,4.1077699,2.5552084
8.9511718,3.9135873,1.2977212,3.9827976,2.3417649
8.953125,3.7945394,1.134263,3.8530921,2.0960812
8.9550781,3.677294,0.85400993,3.742805,2.0371158
8.9570312,3.5618319,0.76278836,3.6234262,2.0838129
8.9589843,3.4308383,0.82562065,3.4879727,2.0456574
8.9609375,3.3192634,0.74150872,3.3610634,1.835409
8.9628906,3.2040145,0.50077462,3.2395331,1.6842628
8.9648437,3.0844101,0.37712792,3.1196031,1.7271081
8.9667968,2.9585773,0.39221162,2.9922075,1.7186276
8.96875,2.8389852,0.27040476,2.8781092,1.5177558
8.9707031,2.717915,0.043197677,2.7588236,1.2826695
8.9726562,2.5886821,-0.031170061,2.6383514,1.2744427
8.9746093,2.478265,-0.0044189841,2.5361871,1.2630751
8.9765625,2.357743,-0.074778661,2.4036264,1.0442476
8.9785156,2.2301585,-0.20814173,2.2704193,0.86622244
8.9804687,2.1059835,-0.23466131,2.1564815,0.81689787
8.9824218,1.9865368,-0.16616288,2.0352008,0.84215426
8.984375,1.8572136,-0.086024962,1.9057693,0.76663703
8.9863281,1.7410056,-0.1389001,1.7819724,0.54282159
8.9882812,1.6197766,-0.24725081,1.6595872,0.38960809
8.9902343,1.4878031,-0.17940216,1.5272631,0.4231821
8.9921875,1.3793669,-0.12723866,1.4181326,0.37724179
8.9941406,1.2513246,-0.17385793,1.3024232,0.15160452
8.9960937,1.1248427,-0.22111848,1.1718387,0.026185203
8.9980468,1.0032924,-0.21959914,1.0547473,-0.036139019
9.0,0.87481499,-0.14655598,0.93026859,-0.1248773
9.0019531,0.75685024,-0.10807984,0.79594022,-0.13184336
9.0039062,0.63308126,-0.17104603,0.67402267,-0.097981513
9.0058593,0.52142251,-0.20430735,0.54590803,-0.083441183
9.0078125,0.39984441,-0.15249997,0.42353785,-0.086282536
9.0097656,0.26566398,-0.15409772,0.31131721,-0.096013926
9.0117187,0.14419118,-0.23786314,0.17561419,-0.10759725
9.0136718,0.01830004,-0.25179067,0.054469615,-0.14474928
9.015625,-0.10165387,-0.097954735,-0.066408604,-0.15703848
9.0175781,-0.21873526,-0.098270923,-0.18687518,-0.12343683
9.0195312,-0.34545943,-0.27670255,-0.30256221,-0.077007435
9.0214843,-0.47291034,-0.37046024,-0.42232472,-0.09689682
9.0234375,-0.59332675,-0.38824826,-0.5471499,-0.17741606
9.0253906,-0.71741927,-0.42546493,-0.68091571,-0.17202108
9.0273437,-0.83222651,-0.59685904,-0.80914766,-0.14138801
9.0292968,-0.95141333,-0.7484594,-0.91601509,-0.12111703
9.03125,-1.0817531,-0.84521168,-1.0269392,-0.075731635
9.0332031,-1.2104109,-1.0162246,-1.166917,-0.08481174
9.0351562,-1.3348299,-1.1970537,-1.2862734,-0.20910127
9.0371093,-1.4507578,-1.2653818,-1.4011447,-0.30730867
9.0390625,-1.5767655,-1.2803392,-1.5293934,-0.17798643
9.0410156,-1.6972723,-1.5180674,-1.6607396,-0.1411248
9.0429687,-1.8180719,-1.810647,-1.772124,-0.41757312
9.0449218,-1.941527,-1.8465427,-1.8811055,-0.60501832
9.046875,-2.0621457,-1.848577,-2.0122971,-0.48916844
9.0488281,-2.1919021,-2.0335142,-2.1383369,-0.52575123
9.0507812,-2.3042328,-2.2758407,-2.2636668,-0.87749946
9.0527343,-2.4207346,-2.3220915,-2.3774819,-1.0454337
9.0546875,-2.5576245,-2.3157622,-2.4900918,-0.9341687
9.0566406,-2.6729328,-2.5557282,-2.6058588,-0.96609372
9.0585937,-2.7913582,-2.7731447,-2.7468929,-1.3472774
9.0605468,-2.9113063,-2.7461426,-2.876842,-1.6167824
9.0625,-3.0306217,-2.7868142,-2.9786598,-1.5174948
9.0644531,-3.1589746,-3.0362114,-3.1055209,-1.4528316
9.0664062,-3.2773971,-3.2169199,-3.2313742,-1.7218921
9.0683593,-3.3983748,-3.223077,-3.3478305,-2.1063156
9.0703125,-3.5226216,-3.2293481,-3.4680681,-2.1423981
9.0722656,-3.6407284,-3.4083209,-3.5888867,-2.0085251
9.0742187,-3.7565088,-3.6121699,-3.6914327,-2.1926152
9.0761718,-3.8831477,-3.6272082,-3.8127524,-2.5648543
9.078125,-4.0000295,-3.7062869,-3.9508376,-2.6731879
9.0800781,-4.1164517,-3.898004,-4.0626244,-2.5969643
9.0820312,-4.2340202,-3.9872725,-4.1712946,-2.7105138
9.0839843,-4.3636078,-4.0356226,-4.294548,-2.9087615
9.0859375,-4.4860482,-4.1360302,-4.4303498,-3.0064199
9.0878906,-4.5903768,-4.305294,-4.5550146,-3.1058502
9.0898437,-4.7245521,-4.3255147,-4.6797151,-3.2269606
9.0917968,-4.8406419,-4.3441624,-4.7935075,-3.2769379
9.09375,-4.9495787,-4.6088433,-4.9024,-3.3166673
9.0957031,-5.0741348,-4.7322015,-5.0302872,-3.4784808
9.0976562,-5.1888685,-4.6680927,-5.1571836,-3.6985836
9.0996093,-5.3094353,-4.7508182,-5.2884182,-3.7713315
9.1015625,-5.4294033,-4.9958891,-5.398303,-3.7598245
9.1035156,-5.542622,-5.0826764,-5.5022234,-3.8332145
9.1054687,-5.6633219,-5.0019197,-5.6173181,-3.9948446
9.1074218,-5.786477,-5.0813489,-5.7382431,-4.141025
9.109375,-5.905354,-5.3084735,-5.8664045,-4.2487049
9.1113281,-6.0149302,-5.420114,-5.9689893,-4.3447732
9.1132812,-6.1323399,-5.3324122,-6.0942282,-4.3718853
9.1152343,-6.259777,-5.3995499,-6.227694,-4.4005718
9.1171875,-6.3749909,-5.6861643,-6.3381638,-4.552669
9.1191406,-6.4904975,-5.7522177,-6.4561939,-4.7129731
9.1210937,-6.5997614,-5.6244387,-6.5575742,-4.664896
9.1230468,-6.7204656,-5.6905455,-6.6821479,-4.6784868
9.125,-6.8497657,-5.9656357,-6.8027243,-4.9355902
9.1269531,-6.9535851,-6.0837092,-6.9070196,-5.1200308
9.1289062,-7.0631518,-5.9619183,-7.0314927,-5.0519814
9.1308593,-7.183278,-5.9669137,-7.1484799,-5.015182
9.1328125,-7.2940802,-6.2402544,-7.2607207,-5.2511596
9.1347656,-7.4209299,-6.4260568,-7.3700451,-5.3901243
9.1367187,-7.5343132,-6.3098263,-7.484827,-5.3221879
9.1386718,-7.6398153,-6.2628474,-7.5922474,-5.3738927
9.140625,-7.7565641,-6.4430074,-7.7048182,-5.593635
9.1425781,-7.8645153,-6.5868701,-7.8373122,-5.7038612
9.1445312,-7.9825763,-6.6365256,-7.9517231,-5.6370639
9.1464843,-8.0837688,-6.6619095,-8.0464868,-5.6753459
9.1484375,-8.2050409,-6.7179656,-8.1574277,-5.8113555
9.1503906,-8.3227062,-6.8138938,-8.28411,-5.8784365
9.1523437,-8.4337883,-6.8966865,-8.3921451,-5.975429
9.1542968,-8.5648622,-6.9216699,-8.4959135,-6.0995969
9.15625,-8.6521968,-6.9459199,-8.6107721,-6.0797781
9.1582031,-8.7684831,-6.9815363,-8.7120933,-6.0887193
9.1601562,-8.8792209,-7.0877323,-8.8184824,-6.2813983
9.1621093,-8.9771566,-7.2968492,-8.9374485,-6.3660988
9.1640625,-9.1037149,-7.3595194,-9.0554924,-6.3292937
9.1660156,-9.2000808,-7.3215494,-9.1521005,-6.4128007
9.1679687,-9.3082561,-7.315936,-9.265232,-6.5097298
9.1699218,-9.4244785,-7.3814258,-9.390748,-6.5351119
9.171875,-9.5344104,-7.5456166,-9.4943475,-6.5924153
9.1738281,-9.6457061,-7.592772,-9.6074075,-6.6789236
9.1757812,-9.758625,-7.5317635,-9.7082653,-6.7179241
9.1777343,-9.8637294,-7.5783548,-9.8044948,-6.7503061
9.1796875,-9.9605369,-7.7038621,-9.9086971,-6.8347387
9.1816406,-10.072317,-7.747106,-10.020379,-6.9808139
9.1835937,-10.176869,-7.8448467,-10.122672,-7.1138882
9.1855468,-10.294497,-7.9895887,-10.23,-7.0545983
9.1875,-10.396939,-7.9483966,-10.339469,-6.998486
9.1894531,-10.48441,-7.9307498,-10.442791,-7.1664133
9.1914062,-10.600614,-8.030035,-10.551597,-7.2977371
9.1933593,-10.706301,-8.1337814,-10.658287,-7.2548065
9.1953125,-10.81551,-8.2350616,-10.767451,-7.2203574
9.1972656,-10.92067,-8.2040805,-10.851016,-7.3525219
9.1992187,-11.018412,-8.1467876,-10.962342,-7.5064268
9.2011718,-11.128292,-8.2457275,-11.084134,-7.4980616
9.203125,-11.231158,-8.4124889,-11.16733,-7.5052504
9.2050781,-11.328221,-8.4733533,-11.258746,-7.6230769
9.2070312,-11.420925,-8.3810234,-11.374039,-7.6357131
9.2089843,-11.51179,-8.4025192,-11.484674,-7.6637625
9.2109375,-11.61612,-8.6297969,-11.570996,-7.8822498
9.2128906,-11.719361,-8.7370204,-11.675242,-7.8613667
9.2148437,-11.815525,-8.6848163,-11.775373,-7.6859316
9.2167968,-11.923943,-8.6589889,-11.865088,-7.8635788
9.21875,-12.026732,-8.700242,-11.969921,-8.1041955
9.2207031,-12.128742,-8.7876834,-12.084563,-8.0554304
9.2226562,-12.228409,-8.8141317,-12.181486,-7.9578399
9.2246093,-12.322363,-8.8321867,-12.263306,-8.0968179
9.2265625,-12.415284,-8.8840026,-12.370667,-8.2137737
9.2285156,-12.507939,-8.9459896,-12.467789,-8.116395
9.2304687,-12.606842,-9.0410385,-12.570645,-8.1581049
9.2324218,-12.699841,-9.104516,-12.679512,-8.3515234
9.234375,-12.794221,-9.1156005,-12.755652,-8.4042549
9.2363281,-12.888881,-9.1168518,-12.83477,-8.3062591
9.2382812,-12.984344,-9.1717004,-12.937138,-8.2854299
9.2402343,-13.079174,-9.2525062,-13.040239,-8.5535907
9.2421875,-13.167636,-9.2842273,-13.135988,-8.7724762
9.2441406,-13.259851,-9.275341,-13.23243,-8.5604133
9.2460937,-13.360129,-9.3128042,-13.312139,-8.3285388
9.2480468,-13.447108,-9.4318084,-13.389126,-8.5510578
9.25,-13.537389,-9.4731035,-13.484682,-8.8905086
9.2519531,-13.638479,-9.4012002,-13.575992,-8.8370456
9.2539062,-13.723631,-9.4601011,-13.679082,-8.6728982
9.2558593,-13.8177,-9.6014862,-13.769252,-8.7910881
9.2578125,-13.90193,-9.5911274,-13.846517,-8.9645986
9.2597656,-13.98148,-9.5515823,-13.946683,-8.8618774
9.2617187,-14.071127,-9.6425514,-14.041552,-8.7512407
9.2636718,-14.16309,-9.7860736,-14.1395,-8.9951744
9.265625,-14.253225,-9.8201608,-14.227531,-9.1576643
9.2675781,-14.33973,-9.7455902,-14.30288,-8.9631643
9.2695312,-14.428689,-9.7463359,-14.388352,-8.8594465
9.2714843,-14.507281,-9.856039,-14.482467,-9.1170015
9.2734375,-14.588788,-9.8921575,-14.551602,-9.3851003
9.2753906,-14.66796,-9.8845634,-14.614928,-9.2531929
9.2773437,-14.763321,-9.9807004,-14.703868,-9.039092
9.2792968,-14.854168,-10.060492,-14.7953,-9.2834405
9.28125,-14.927309,-10.044969,-14.887151,-9.6367006
9.2832031,-15.011993,-9.9810037,-14.955037,-9.4628963
9.2851562,-15.093864,-10.00824,-15.045913,-9.1016807
9.2871093,-15.164581,-10.177417,-15.141285,-9.2592535
9.2890625,-15.240911,-10.241858,-15.21366,-9.6969842
9.2910156,-15.332033,-10.178881,-15.290587,-9.6186761
9.2929687,-15.4168,-10.236591,-15.359175,-9.2323589
9.2949218,-15.492832,-10.353251,-15.44056,-9.3852729
9.296875,-15.563069,-10.28553,-15.517442,-9.8986806
9.2988281,-15.64338,-10.164946,-15.60275,-9.8906688
9.3007812,-15.723637,-10.337585,-15.668851,-9.4555549
9.3027343,-15.790554,-10.597947,-15.755087,-9.4800128
9.3046875,-15.869811,-10.471826,-15.837768,-9.8957872
9.3066406,-15.951456,-10.287416,-15.89551,-9.9531135
9.3085937,-16.025936,-10.488308,-15.990952,-9.6288833
9.3105468,-16.09354,-10.686722,-16.040365,-9.6264381
9.3125,-16.152601,-10.536525,-16.12175,-10.008821
9.3144531,-16.224586,-10.430678,-16.211897,-10.067683
9.3164062,-16.301105,-10.665236,-16.262209,-9.842287
9.3183593,-16.368551,-10.870092,-16.332079,-9.8097343
9.3203125,-16.441984,-10.736887,-16.393272,-10.004251
9.3222656,-16.522602,-10.536987,-16.4765,-10.1621
9.3242187,-16.589655,-10.677042,-16.55279,-10.104493
9.3261718,-16.662315,-10.911041,-16.613937,-10.015155
9.328125,-16.735586,-10.789484,-16.691723,-10.058332
9.3300781,-16.783739,-10.642147,-16.75267,-10.149895
9.3320312,-16.850946,-10.825494,-16.818033,-10.173403
9.3339843,-16.93111,-11.013358,-16.886641,-10.151049
9.3359375,-16.997854,-10.999336,-16.948463,-10.212845
9.3378906,-17.054495,-10.913661,-17.012375,-10.309808
9.3398437,-17.112349,-10.86725,-17.065784,-10.301805
9.3417968,-17.175592,-10.943852,-17.12784,-10.273564
9.34375,-17.237862,-11.097583,-17.203272,-10.336879
9.3457031,-17.31007,-11.145947,-17.278639,-10.439916
9.3476562,-17.367105,-11.061853,-17.3381,-10.452307
9.3496093,-17.424006,-11.039385,-17.382919,-10.33008
9.3515625,-17.491188,-11.095848,-17.432804,-10.274391
9.3535156,-17.535482,-11.1562,-17.504549,-10.463223
9.3554687,-17.599379,-11.199352,-17.546524,-10.692837
9.3574218,-17.66659,-11.20718,-17.607008,-10.6438
9.359375,-17.714888,-11.272754,-17.690104,-10.441442
9.3613281,-17.771566,-11.288242,-17.751789,-10.53895
9.3632812,-17.831251,-11.202182,-17.802229,-10.744025
9.3652343,-17.889673,-11.254943,-17.859138,-10.549077
9.3671875,-17.941774,-11.410155,-17.933058,-10.321797
9.3691406,-17.994198,-11.409015,-17.970999,-10.633588
9.3710937,-18.043621,-11.280755,-18.02775,-10.9549
9.3730468,-18.101732,-11.334025,-18.076468,-10.677944
9.375,-18.152803,-11.541259,-18.109482,-10.473734
9.3769531,-18.206087,-11.543112,-18.164726,-10.818801
9.3789062,-18.258196,-11.376339,-18.222681,-11.084101
9.3808593,-18.295975,-11.399649,-18.275152,-10.874462
9.3828125,-18.34976,-11.574383,-18.325329,-10.640405
9.3847656,-18.388676,-11.617065,-18.379339,-10.791625
9.3867187,-18.442156,-11.560453,-18.423584,-11.020914
9.3886718,-18.502672,-11.570086,-18.453423,-10.896776
9.390625,-18.549646,-11.662997,-18.511635,-10.691369
9.3925781,-18.592726,-11.643414,-18.579039,-10.899632
9.3945312,-18.618994,-11.500576,-18.592024,-11.236026
9.3964843,-18.675295,-11.537498,-18.634598,-11.040664
9.3984375,-18.726648,-11.792804,-18.686337,-10.672517
9.4003906,-18.759037,-11.920297,-18.733143,-10.961491
9.4023437,-18.800819,-11.671351,-18.783854,-11.39558
9.4042968,-18.846041,-11.487208,-18.813295,-11.132548
9.40625,-18.891397,-11.76776,-18.872705,-10.685777
9.4082031,-18.925459,-11.988768,-18.92099,-10.914016
9.4101562,-18.964682,-11.765923,-18.940639,-11.413011
9.4121093,-19.006039,-11.573736,-18.966961,-11.217402
9.4140625,-19.045694,-11.80484,-19.009838,-10.736828
9.4160156,-19.08058,-12.035164,-19.03948,-11.019363
9.4179687,-19.115267,-11.841834,-19.080145,-11.608089
9.4199218,-19.155281,-11.639923,-19.129015,-11.392194
9.421875,-19.187569,-11.851048,-19.145771,-10.838613
9.4238281,-19.222668,-12.072392,-19.178061,-10.999818
9.4257812,-19.257395,-11.903213,-19.203243,-11.504371
9.4277343,-19.28219,-11.740136,-19.235395,-11.45647
9.4296875,-19.320801,-11.900525,-19.289585,-11.040995
9.4316406,-19.34655,-12.072097,-19.314585,-11.109318
9.4335937,-19.371092,-12.007292,-19.336571,-11.498398
9.4355468,-19.419567,-11.84564,-19.377069,-11.385947
9.4375,-19.441109,-11.926893,-19.395771,-11.04557
9.4394531,-19.463793,-12.114989,-19.421421,-11.201039
9.4414062,-19.490675,-11.977682,-19.464273,-11.544051
9.4433593,-19.51886,-11.833484,-19.495392,-11.458346
9.4453125,-19.545572,-12.030112,-19.521799,-11.152824
9.4472656,-19.556377,-12.205098,-19.542303,-11.180375
9.4492187,-19.592867,-12.037044,-19.581909,-11.461777
9.4511718,-19.62632,-11.892301,-19.601915,-11.483981
9.453125,-19.635223,-12.098044,-19.615028,-11.264019
9.4550781,-19.656382,-12.176487,-19.625427,-11.223807
9.4570312,-19.680859,-11.956487,-19.649765,-11.458316
9.4589843,-19.70438,-11.963366,-19.679922,-11.59611
9.4609375,-19.733076,-12.220873,-19.674175,-11.465363
9.4628906,-19.740786,-12.235209,-19.707535,-11.309537
9.4648437,-19.76214,-11.954938,-19.725512,-11.389837
9.4667968,-19.783306,-11.892221,-19.724323,-11.636087
9.46875,-19.786911,-12.214355,-19.760571,-11.578641
9.4707031,-19.813532,-12.305572,-19.784101,-11.321736
9.4726562,-19.827261,-12.054881,-19.803677,-11.390632
9.4746093,-19.837671,-12.002185,-19.826746,-11.595813
9.4765625,-19.85593,-12.153653,-19.83626,-11.484992
9.4785156,-19.86224,-12.241808,-19.851925,-11.263849
9.4804687,-19.871912,-12.165564,-19.864826,-11.361227
9.4824218,-19.887144,-12.057137,-19.870018,-11.627687
9.484375,-19.903357,-12.138565,-19.884367,-11.606639
9.4863281,-19.905586,-12.28623,-19.90354,-11.368475
9.4882812,-19.915903,-12.198827,-19.903851,-11.398168
9.4902343,-19.935652,-12.038176,-19.907524,-11.618718
9.4921875,-19.938879,-12.13847,-19.924702,-11.594219
9.4941406,-19.949381,-12.270454,-19.920914,-11.433755
9.4960937,-19.956129,-12.178448,-19.935366,-11.456229
9.4980468,-19.955378,-12.068217,-19.94042,-11.581261
9.5,-19.962156,-12.128973,-19.934515,-11.587401
9.5019531,-19.96526,-12.247883,-19.953636,-11.475709
9.5039062,-19.975935,-12.243785,-19.953686,-11.47338
9.5058593,-19.97872,-12.143716,-19.957167,-11.567322
9.5078125,-19.971926,-12.139642,-19.968428,-11.541828
9.5097656,-19.980694,-12.170784,-19.966875,-11.495188
9.5117187,-19.982006,-12.165478,-19.958368,-11.525083
9.5136718,-19.980261,-12.180102,-19.965782,-11.514325
9.515625,-19.984436,-12.137003,-19.971594,-11.538586
9.5175781,-19.985376,-12.123002,-19.971973,-11.548313
9.5195312,-19.990702,-12.061508,-19.975819,-11.465493
9.5214843,-19.982771,-11.978943,-19.958912,-11.498717
9.5234375,-19.983059,-11.928229,-19.9508,-11.480807
9.5253906,-19.989115,-11.796118,-19.957447,-11.369343
9.5273437,-19.979172,-11.695992,-19.955425,-11.386296
9.5292968,-19.977045,-11.668146,-19.947821,-11.361984
9.53125,-19.980167,-11.630998,-19.959452,-11.250952
9.5332031,-19.977209,-11.515015,-19.966665,-11.215482
9.5351562,-19.963266,-11.622252,-19.954453,-11.173836
9.5371093,-19.951756,-11.785852,-19.945417,-11.108408
9.5390625,-19.941944,-11.646038,-19.948582,-10.972686
9.5410156,-19.92798,-11.535343,-19.948248,-10.940287
9.5429687,-19.918636,-11.629204,-19.927784,-11.234081
9.5449218,-19.905571,-11.74879,-19.922569,-11.266983
9.546875,-19.891586,-11.659868,-19.92351,-10.941117
9.5488281,-19.881907,-11.49005,-19.90826,-10.917401
9.5507812,-19.865837,-11.549862,-19.889591,-11.199645
9.5527343,-19.855585,-11.678194,-19.872681,-11.194345
9.5546875,-19.844273,-11.583662,-19.854443,-10.901011
9.5566406,-19.82531,-11.462287,-19.842014,-10.905151
9.5585937,-19.810902,-11.485535,-19.835007,-11.198497
9.5605468,-19.803467,-11.53806,-19.810539,-11.21271
9.5625,-19.789524,-11.549794,-19.785179,-10.885145
9.5644531,-19.764107,-11.4492,-19.770353,-10.784322
9.5664062,-19.747913,-11.355236,-19.759148,-11.044783
9.5683593,-19.726599,-11.445007,-19.735853,-11.1554
9.5703125,-19.703127,-11.528736,-19.704998,-10.872141
9.5722656,-19.683384,-11.411091,-19.700354,-10.711764
9.5742187,-19.652666,-11.305714,-19.686199,-10.95948
9.5761718,-19.630148,-11.396605,-19.635506,-11.093487
9.578125,-19.607286,-11.499146,-19.615828,-10.79744
9.5800781,-19.575947,-11.398462,-19.612072,-10.570148
9.5820312,-19.560574,-11.204433,-19.584621,-10.902641
9.5839843,-19.534851,-11.240884,-19.560654,-11.124025
9.5859375,-19.50423,-11.42847,-19.534435,-10.691542
9.5878906,-19.480299,-11.319895,-19.512354,-10.391909
9.5898437,-19.451906,-11.057788,-19.477631,-10.752106
9.5917968,-19.415308,-11.157935,-19.451927,-11.038061
9.59375,-19.381271,-11.371843,-19.430304,-10.653323
9.5957031,-19.363661,-11.234799,-19.385679,-10.357926
9.5976562,-19.331177,-11.034333,-19.359322,-10.691423
9.5996093,-19.297068,-11.0972,-19.338329,-10.915117
9.6015625,-19.26685,-11.202078,-19.292324,-10.592298
9.6035156,-19.23522,-11.094618,-19.257067,-10.322907
9.6054687,-19.196543,-10.941982,-19.249136,-10.540046
9.6074218,-19.159969,-10.998652,-19.205597,-10.775054
9.609375,-19.132172,-11.115427,-19.154406,-10.530074
9.6113281,-19.095936,-11.042512,-19.118603,-10.182667
9.6132812,-19.056715,-10.869031,-19.080923,-10.359759
9.6152343,-19.014931,-10.849982,-19.057131,-10.724609
9.6171875,-18.981327,-10.947812,-19.006481,-10.562639
9.6191406,-18.945555,-10.933833,-18.962746,-10.137174
9.6210937,-18.900639,-10.830922,-18.9363,-10.169827
9.6230468,-18.858887,-10.771721,-18.89146,-10.530126
9.625,-18.817677,-10.785223,-18.86319,-10.472456
9.6269531,-18.766747,-10.806902,-18.82077,-10.048573
9.6289062,-18.728048,-10.750572,-18.770468,-10.006962
9.6308593,-18.68561,-10.685841,-18.730661,-10.334508
9.6328125,-18.638878,-10.702484,-18.685667,-10.35145
9.6347656,-18.601484,-10.698146,-18.648487,-10.001954
9.6367187,-18.542746,-10.626847,-18.608925,-9.9340114
9.6386718,-18.50135,-10.557531,-18.561241,-10.211037
9.640625,-18.453588,-10.544293,-18.515865,-10.207433
9.6425781,-18.406544,-10.591521,-18.46735,-9.8679952
9.6445312,-18.364338,-10.53651,-18.406918,-9.8043451
9.6464843,-18.311655,-10.424109,-18.376257,-10.070304
9.6484375,-18.275715,-10.406817,-18.32975,-10.087943
9.6503906,-18.207863,-10.419827,-18.258497,-9.8324747
9.6523437,-18.163746,-10.368772,-18.22089,-9.6929006
9.6542968,-18.12126,-10.295701,-18.171709,-9.8195724
9.65625,-18.060946,-10.342758,-18.099289,-9.9786634
9.6582031,-18.022398,-10.327294,-18.042095,-9.8238267
9.6601562,-17.955345,-10.188166,-17.990891,-9.5785627
9.6621093,-17.89769,-10.132507,-17.949556,-9.684802
9.6640625,-17.855686,-10.159042,-17.899687,-9.8833723
9.6660156,-17.793934,-10.227392,-17.833843,-9.6953582
9.6679687,-17.732851,-10.177582,-17.787552,-9.3542461
9.6699218,-17.683374,-9.9790058,-17.732784,-9.4022054
9.671875,-17.629797,-9.9460039,-17.683727,-9.6984844
9.6738281,-17.575823,-10.095207,-17.621172,-9.6173286
9.6757812,-17.515263,-10.042395,-17.553205,-9.2629156
9.6777343,-17.453369,-9.7897892,-17.505537,-9.2589836
9.6796875,-17.396797,-9.7592105,-17.4433,-9.5393858
9.6816406,-17.328041,-9.9517478,-17.377636,-9.5148134
9.6835937,-17.262129,-9.9645748,-17.326912,-9.1710338
9.6855468,-17.205082,-9.7315845,-17.267864,-9.0958471
9.6875,-17.13652,-9.6362361,-17.192825,-9.3554925
9.6894531,-17.073978,-9.7849216,-17.129288,-9.3454647
9.6914062,-17.009663,-9.8021841,-17.068777,-9.0237817
9.6933593,-16.931551,-9.6123027,-17.015125,-8.993782
9.6953125,-16.875969,-9.4917469,-16.939764,-9.2409896
9.6972656,-16.816549,-9.5894527,-16.877033,-9.1781997
9.6992187,-16.750231,-9.6803426,-16.818462,-8.8315773
9.7011718,-16.685125,-9.4664249,-16.74748,-8.8214016
9.703125,-16.622515,-9.2451505,-16.69351,-9.0973758
9.7050781,-16.559126,-9.3617191,-16.620201,-9.0246858
9.7070312,-16.48526,-9.5143318,-16.545301,-8.6709899
9.7089843,-16.414274,-9.340825,-16.462496,-8.6431169
9.7109375,-16.336454,-9.1174688,-16.390888,-8.9131431
9.7128906,-16.266384,-9.2038383,-16.334829,-8.9205207
9.7148437,-16.197723,-9.389883,-16.267559,-8.6483249
9.7167968,-16.130529,-9.3015775,-16.190674,-8.573224
9.71875,-16.048067,-9.0085496,-16.127659,-8.6637172
9.7207031,-15.970873,-8.9566307,-16.053257,-8.5730056
9.7226562,-15.90402,-9.1365184,-15.973301,-8.4423275
9.7246093,-15.816944,-9.1553497,-15.903076,-8.4505481
9.7265625,-15.75017,-8.9292659,-15.827184,-8.4932832
9.7285156,-15.686643,-8.8071985,-15.755119,-8.4552736
9.7304687,-15.60764,-8.9568109,-15.689532,-8.3391971
9.7324218,-15.538879,-8.9479618,-15.60231,-8.2858896
9.734375,-15.468029,-8.6729688,-15.49904,-8.3201875
9.7363281,-15.368793,-8.5971212,-15.451259,-8.2437944
9.7382812,-15.297685,-8.7658281,-15.382974,-8.1737489
9.7402343,-15.231092,-8.7895355,-15.302172,-8.2611665
9.7421875,-15.131282,-8.6598177,-15.210292,-8.1484642
9.7441406,-15.059134,-8.5040302,-15.126287,-7.8835172
9.7460937,-14.983996,-8.4708471,-15.064813,-7.9192585
9.7480468,-14.89952,-8.6175947,-14.969486,-8.1823139
9.75,-14.821455,-8.5437498,-14.896709,-8.087758
9.7519531,-14.731888,-8.2747268,-14.811182,-7.6973485
9.7539062,-14.649045,-8.2621774,-14.726202,-7.7178444
9.7558593,-14.576019,-8.4444408,-14.641569,-8.0065393
9.7578125,-14.498573,-8.396841,-14.536001,-7.8933296
9.7597656,-14.412685,-8.1430168,-14.467633,-7.519916
9.7617187,-14.320924,-8.0659208,-14.392275,-7.5526466
9.7636718,-14.229875,-8.1486959,-14.295704,-7.8840837
9.765625,-14.144753,-8.1645374,-14.217947,-7.7453212
9.7675781,-14.061792,-8.0714931,-14.131344,-7.2605371
9.7695312,-13.96904,-8.0059661,-14.057683,-7.2950806
9.7714843,-13.882132,-7.9844307,-13.979435,-7.6671767
9.7734375,-13.794989,-7.9017534,-13.884249,-7.541357
9.7753906,-13.700304,-7.8766012,-13.802851,-7.0567526
9.7773437,-13.613327,-7.8647394,-13.708289,-7.0067691
9.7792968,-13.514804,-7.7859077,-13.621514,-7.3760733
9.78125,-13.437175,-7.722104,-13.521961,-7.4010701
9.7832031,-13.349907,-7.7015028,-13.413686,-7.0276813
9.7851562,-13.249005,-7.6981844,-13.33387,-6.9043402
9.7871093,-13.160977,-7.5454988,-13.233903,-7.184647
9.7890625,-13.064034,-7.421298,-13.121041,-7.2760491
9.7910156,-12.983002,-7.5288095,-13.045527,-6.8878598
9.7929687,-12.879627,-7.5826687,-12.971998,-6.685482
9.7949218,-12.789293,-7.3921556,-12.857018,-6.9711842
9.796875,-12.702653,-7.1833643,-12.753315,-6.9910836
9.7988281,-12.595689,-7.2845759,-12.677211,-6.5429649
9.8007812,-12.497957,-7.4055109,-12.580957,-6.4709186
9.8027343,-12.408258,-7.1958484,-12.484198,-6.8683152
9.8046875,-12.324246,-7.0141959,-12.390363,-6.7921414
9.8066406,-12.216567,-7.1138114,-12.300091,-6.2632269
9.8085937,-12.124693,-7.1528649,-12.201406,-6.2364935
9.8105468,-12.023742,-6.9183397,-12.083951,-6.6289477
9.8125,-11.926955,-6.7995843,-11.99551,-6.5477271
9.8144531,-11.839409,-6.9402236,-11.892698,-6.0971465
9.8164062,-11.729778,-6.9885344,-11.796146,-6.1268358
9.8183593,-11.635528,-6.7420754,-11.706749,-6.4539876
9.8203125,-11.537775,-6.5195531,-11.588651,-6.3032026
9.8222656,-11.438988,-6.6712541,-11.486939,-5.858088
9.8242187,-11.33682,-6.7978539,-11.394152,-5.8512935
9.8261718,-11.234985,-6.5696077,-11.292807,-6.1969661
9.828125,-11.137319,-6.3263907,-11.198352,-6.1417436
9.8300781,-11.031847,-6.3982915,-11.110293,-5.6903481
9.8320312,-10.934998,-6.5448174,-10.989336,-5.5890851
9.8339843,-10.834702,-6.385581,-10.885993,-5.8720355
9.8359375,-10.72598,-6.1402483,-10.807963,-5.8304667
9.8378906,-10.625924,-6.145647,-10.678483,-5.5050792
9.8398437,-10.520843,-6.258686,-10.556667,-5.4491167
9.8417968,-10.405362,-6.1860694,-10.46658,-5.585917
9.84375,-10.311181,-5.9588141,-10.361592,-5.6118202
9.8457031,-10.212603,-5.9147505,-10.265218,-5.441658
9.8476562,-10.099493,-6.0553956,-10.160118,-5.2452526
9.8496093,-9.9907493,-5.9357538,-10.057446,-5.2092013
9.8515625,-9.8797569,-5.6665725,-9.9438619,-5.2313242
9.8535156,-9.7800655,-5.6711583,-9.8361806,-5.1676936
9.8554687,-9.6704902,-5.8317923,-9.7474918,-5.0360846
9.8574218,-9.5587825,-5.7624158,-9.6206607,-5.0014996
9.859375,-9.4535474,-5.4568824,-9.5161714,-4.9903178
9.8613281,-9.3523483,-5.3865199,-9.4235811,-4.8689765
9.8632812,-9.2453641,-5.5302734,-9.3116407,-4.8188324
9.8652343,-9.1301651,-5.4726629,-9.1959686,-4.7986545
9.8671875,-9.0270156,-5.2196784,-9.0746574,-4.6359658
9.8691406,-8.9124803,-5.118834,-8.9672708,-4.5418715
9.8710937,-8.7973642,-5.2483449,-8.8695449,-4.623219
9.8730468,-8.6908388,-5.2322053,-8.7498588,-4.6131224
9.875,-8.5803861,-5.0055518,-8.6289224,-4.4090809
9.8769531,-8.4696502,-4.907197,-8.5302305,-4.2322626
9.8789062,-8.3678388,-4.9704904,-8.4172821,-4.2878484
9.8808593,-8.2502622,-4.9110493,-8.2846117,-4.3564639
9.8828125,-8.1346988,-4.7249779,-8.1814527,-4.1486864
9.8847656,-8.0310144,-4.6279501,-8.0914087,-3.94596
9.8867187,-7.9065179,-4.6646881,-7.9787387,-4.0547246
9.8886718,-7.8042917,-4.6337728,-7.8719573,-4.0651049
9.890625,-7.6944303,-4.4892892,-7.7505741,-3.7289145
9.8925781,-7.5709304,-4.4097671,-7.6414642,-3.542999
9.8945312,-7.4591407,-4.3381247,-7.5374856,-3.7353963
9.8964843,-7.3431854,-4.2677135,-7.4156241,-3.8379015
9.8984375,-7.2368822,-4.2463183,-7.3024215,-3.5133848
9.9003906,-7.1181631,-4.1767506,-7.1904134,-3.2439069
9.9023437,-7.0126361,-4.0521011,-7.0856599,-3.4142367
9.9042968,-6.8920674,-3.9384877,-6.9707031,-3.557234
9.90625,-6.7606773,-3.9000558,-6.8426427,-3.2423038
9.9082031,-6.658473,-3.8602614,-6.7219543,-2.8896422
9.9101562,-6.540174,-3.7888555,-6.5980272,-3.0324428
9.9121093,-6.4232382,-3.7216644,-6.4789128,-3.289915
9.9140625,-6.3077325,-3.5942733,-6.3819456,-3.0650699
9.9160156,-6.1896109,-3.4932744,-6.2523574,-2.6586055
9.9179687,-6.07591,-3.4627106,-6.120223,-2.6565098
9.9199218,-5.9609761,-3.4076442,-6.0127821,-2.790353
9.921875,-5.8462834,-3.2850542,-5.903305,-2.6776583
9.9238281,-5.72893,-3.183,-5.7904362,-2.4524149
9.9257812,-5.6138372,-3.1217987,-5.6537795,-2.3249464
9.9277343,-5.4881606,-3.0375793,-5.5465269,-2.3209571
9.9296875,-5.3610768,-2.9456317,-5.4318118,-2.2516388
9.9316406,-5.2597532,-2.8706917,-5.2996125,-2.1583023
9.9335937,-5.1541585,-2.8668801,-5.1989178,-2.0328924
9.9355468,-5.0248279,-2.7859995,-5.0811467,-1.9131888
9.9375,-4.8959164,-2.5447566,-4.9613337,-1.8861818
9.9394531,-4.7828211,-2.3864283,-4.8361845,-1.772395
9.9414062,-4.6691699,-2.4596042,-4.7166123,-1.6263752
9.9433593,-4.5437755,-2.5323276,-4.5947222,-1.5309689
9.9453125,-4.427185,-2.3069841,-4.4685802,-1.5245989
9.9472656,-4.3031802,-2.0200223,-4.3628158,-1.4563736
9.9492187,-4.1755304,-2.0438306,-4.2468195,-1.2585189
9.9511718,-4.0629773,-2.1365544,-4.1478424,-1.1485674
9.953125,-3.9418382,-1.9678282,-4.0162148,-1.0882595
9.9550781,-3.8169393,-1.7426679,-3.8837919,-0.96552849
9.9570312,-3.7029879,-1.6705824,-3.7693936,-0.76963294
9.9589843,-3.5870664,-1.6661831,-3.6231648,-0.73033071
9.9609375,-3.4680597,-1.6014699,-3.5056152,-0.82385337
9.9628906,-3.347244,-1.3970148,-3.3977699,-0.67132491
9.9648437,-3.2247591,-1.2291311,-3.2827105,-0.42610985
9.9667968,-3.0975711,-1.2248201,-3.1642446,-0.3565343
9.96875,-2.9801936,-1.204851,-3.0351259,-0.30459929
9.9707031,-2.8603436,-1.0779957,-2.9208564,-0.10846186
9.9726562,-2.728621,-0.91387576,-2.8156876,0.063868552
9.9746093,-2.6163709,-0.78636223,-2.6971099,0.011109885
9.9765625,-2.4994659,-0.74185729,-2.5663409,0.038207296
9.9785156,-2.3710293,-0.70493835,-2.4363918,0.31066266
9.9804687,-2.2474825,-0.52037287,-2.3106071,0.41384384
9.9824218,-2.128489,-0.31428543,-2.1827404,0.16298293
9.984375,-2.0037822,-0.29802129,-2.0662636,-0.026953559
9.9863281,-1.8781931,-0.32611224,-1.9564886,0.15106404
9.9882812,-1.75541,-0.16059689,-1.8289812,0.36110413
9.9902343,-1.6294176,0.064432882,-1.7017663,0.26306468
9.9921875,-1.5061357,0.11136653,-1.5810334,0.12219799
9.9941406,-1.3859336,0.094074547,-1.4509518,0.24405238
9.9960937,-1.2712811,0.2111014,-1.3303325,0.34044367
9.9980468,-1.1429148,0.37218004,-1.1991055,0.18285997
10.0,-1.0211614,0.39098206,-1.0732539,0.095289163
10.001953,-0.91102773,0.30594403,-0.95854485,0.23967004
10.003906,-0.77446008,0.25984251,-0.8365714,0.31031823
10.005859,-0.64371544,0.30721435,-0.7217356,0.19628964
10.007813,-0.53512436,0.37865576,-0.59807646,0.14331904
10.009766,-0.41377017,0.31709114,-0.47634888,0.28718305
10.011719,-0.28006732,0.21471865,-0.34438789,0.38031787
10.013672,-0.1582571,0.30217242,-0.23229951,0.25067362
10.015625,-0.034758192,0.43858775,-0.11472934,0.13347514
10.017578,0.082670093,0.34767368,0.029349983,0.2460638
10.019531,0.1976469,0.20325698,0.15845178,0.46739542
10.021484,0.33986384,0.2800124,0.28385437,0.47026709
10.023438,0.46002698,0.42787009,0.38726282,0.36726126
10.025391,0.56777906,0.41518596,0.51606661,0.52204531
10.027344,0.69963384,0.24129267,0.6461761,0.85386252
10.029297,0.82160723,0.21310829,0.76590323,1.023913
10.03125,0.9434731,0.40534306,0.89697939,0.97498065
10.033203,1.0758707,0.44227871,1.0215661,1.0413311
10.035156,1.1925915,0.27623087,1.1497087,1.3161264
10.037109,1.3168284,0.20557679,1.2492018,1.4982554
10.039063,1.4376975,0.3581166,1.37347,1.4758364
10.041016,1.5575237,0.57579792,1.5001281,1.5583945
10.042969,1.6870526,0.55911046,1.6262738,1.9231739
10.044922,1.8083301,0.48718813,1.7605501,2.1295976
10.046875,1.929754,0.66933304,1.8664228,2.005028
10.048828,2.0494289,0.87547827,1.9848238,2.00795
10.050781,2.1778752,0.88378847,2.1060819,2.3295464
10.052734,2.2900872,0.90012157,2.2290742,2.6150918
10.054688,2.4161865,1.131275,2.3471865,2.5818142
10.056641,2.5384287,1.3830887,2.4676511,2.5352907
10.058594,2.6445758,1.5001109,2.5943167,2.775227
10.060547,2.7750453,1.4885679,2.71808,3.0259339
10.0625,2.9021384,1.6388589,2.8420131,3.0178296
10.064453,3.0233786,1.9821118,2.9564223,2.9938364
10.066406,3.1360728,2.05956,3.0614402,3.2019379
10.068359,3.2550211,1.9483234,3.1837246,3.4359481
10.070313,3.3703756,2.0851895,3.3229219,3.4967982
10.072266,3.5037834,2.4939518,3.4385457,3.5194132
10.074219,3.6288952,2.687468,3.5622849,3.6502602
10.076172,3.7441737,2.526673,3.6824889,3.7689929
10.078125,3.8734045,2.4749338,3.8037731,3.8034572
10.080078,3.98705,2.835082,3.9390215,3.8905975
10.082031,4.1133689,3.181961,4.0527863,4.0669121
10.083984,4.2298736,3.0805652,4.1637311,4.1902279
10.085938,4.348793,2.9759717,4.2840356,4.1875104
10.087891,4.4590773,3.2919554,4.4221639,4.2695312
10.089844,4.581891,3.6176359,4.527759,4.4893999
10.091797,4.7124495,3.5347967,4.6366381,4.5907659
10.09375,4.8187203,3.490143,4.7679376,4.5271692
10.095703,4.944765,3.7381441,4.8951268,4.6164856
10.097656,5.0697641,3.9321446,5.0155167,4.8931922
10.099609,5.1963629,3.9562337,5.1297583,4.9699158
10.101563,5.3044385,3.9623808,5.2609057,4.8216714
10.103516,5.4132409,4.1112031,5.3699874,4.8938884
10.105469,5.5369992,4.261023,5.483747,5.2302637
10.107422,5.64924,4.35646,5.5892043,5.3148007
10.109375,5.7755012,4.4665818,5.7043676,5.1923303
10.111328,5.8912839,4.5453953,5.8293008,5.2996034
10.113281,6.0032706,4.6336813,5.9402532,5.6169529
10.115234,6.1174659,4.6876983,6.0620627,5.7081518
10.117188,6.2390184,4.7694888,6.1677622,5.4963903
10.119141,6.3615574,4.9320287,6.2972888,5.539721
10.121094,6.4770107,5.046379,6.4173827,5.8835949
10.123047,6.5962309,5.0395054,6.5295829,6.0126547
10.125,6.7047786,5.0580711,6.6605382,5.8294887
10.126953,6.8254146,5.2423667,6.7748618,5.7914271
10.128906,6.9401178,5.3986105,6.8838133,6.1037511
10.130859,7.0611271,5.4232182,6.9890232,6.3118772
10.132813,7.1811757,5.4291648,7.1107544,6.1702408
10.134766,7.2856326,5.5487012,7.2208142,6.1611952
10.136719,7.4019136,5.6694402,7.3355197,6.4827585
10.138672,7.5150809,5.6945657,7.4686207,6.6093106
10.140625,7.627017,5.7733922,7.5827264,6.4222455
10.142578,7.749422,5.9053392,7.6806268,6.420186
10.144531,7.8661704,6.0210757,7.7919087,6.698935
10.146484,7.9749383,6.0136904,7.8959894,6.8069462
10.148438,8.0826854,5.9910407,7.9934134,6.7520618
10.150391,8.1933441,6.1511797,8.1210975,6.8422188
10.152344,8.3128461,6.3260903,8.2342605,7.0302338
10.154297,8.4218463,6.3742442,8.355359,7.1103353
10.15625,8.5303993,6.3593874,8.4639358,7.0249452
10.158203,8.6402025,6.3939213,8.5689706,7.0065026
10.160156,8.7507162,6.5277023,8.6811618,7.1338667
10.162109,8.8595924,6.6506352,8.8080148,7.3053135
10.164063,8.9686965,6.693274,8.9240579,7.3980174
10.166016,9.0775508,6.72865,9.0019168,7.3586278
10.167969,9.1879453,6.797471,9.1263341,7.3133297
10.169922,9.3006448,6.8744058,9.2443809,7.4623341
10.171875,9.4030685,6.9510445,9.3614931,7.7280511
10.173828,9.517806,6.9896097,9.4688816,7.7045106
10.175781,9.6242637,7.0373959,9.5646667,7.5216026
10.177734,9.725131,7.1410279,9.6685686,7.60293
10.179688,9.8356924,7.2096252,9.7766275,7.8854055
10.181641,9.9435396,7.273024,9.8920974,8.0058174
10.183594,10.057377,7.3358259,9.9907951,7.9083437
10.185547,10.16745,7.3601985,10.097021,7.8659586
10.1875,10.264688,7.3964524,10.202425,8.0028896
10.189453,10.374277,7.486701,10.304535,8.1973495
10.191406,10.484935,7.5826377,10.413444,8.2106828
10.193359,10.582481,7.6350793,10.532895,8.0923728
10.195313,10.695846,7.6562352,10.63451,8.1701822
10.197266,10.7934,7.685368,10.740114,8.3965835
10.199219,10.886123,7.8050375,10.83502,8.3792514
10.201172,10.991562,7.8792161,10.92445,8.2275953
10.203125,11.086373,7.9110398,11.039017,8.377573
10.205078,11.20016,8.0156784,11.146563,8.6975212
10.207031,11.311098,8.0831537,11.239397,8.7233676
10.208984,11.404128,8.0818872,11.335289,8.4978103
10.210938,11.506807,8.0376796,11.445871,8.4931869
10.212891,11.606506,8.1052627,11.542628,8.7969713
10.214844,11.71104,8.3069496,11.645893,8.9208202
10.216797,11.812524,8.3646192,11.745753,8.7156562
10.21875,11.909571,8.2901392,11.832288,8.6912031
10.220703,12.010681,8.3183927,11.934916,8.9618425
10.222656,12.103722,8.469325,12.048709,9.0985193
10.224609,12.209977,8.5474109,12.140846,8.9973449
10.226563,12.30569,8.5218544,12.235514,8.9415025
10.228516,12.398786,8.5670261,12.350103,9.0537462
10.230469,12.490974,8.6638956,12.443779,9.2115984
10.232422,12.580054,8.7135734,12.531994,9.2322959
10.234375,12.67857,8.7315092,12.626814,9.1190052
10.236328,12.780395,8.8156452,12.732974,9.1605529
10.238281,12.878846,8.9114303,12.825606,9.4284191
10.240234,12.959515,8.894042,12.894372,9.5281705
10.242188,13.064879,8.8293466,12.998713,9.305911
10.244141,13.158755,8.9398059,13.130049,9.3028373
10.246094,13.23589,9.1524162,13.207006,9.6958036
10.248047,13.337676,9.0847129,13.277637,9.7421588
10.25,13.432177,8.9747304,13.368147,9.3096056
10.251953,13.520606,9.1851234,13.454924,9.3728656
10.253906,13.616607,9.3421907,13.556125,9.9761333
10.255859,13.709013,9.1912479,13.64396,10.049058
10.257813,13.794624,9.1308908,13.735214,9.5819673
10.259766,13.882527,9.3406467,13.836762,9.5266485
10.261719,13.979424,9.4694652,13.933762,9.9609298
10.263672,14.06698,9.4014759,14.006673,10.098956
10.265625,14.148523,9.378642,14.091434,9.7759847
10.267578,14.238001,9.4675722,14.175022,9.6718111
10.269531,14.328579,9.5715208,14.250601,10.090881
10.271484,14.409839,9.5967617,14.344743,10.376208
10.273438,14.487691,9.569705,14.440323,10.098269
10.275391,14.581755,9.6167669,14.523076,9.8746357
10.277344,14.659668,9.7072773,14.592542,10.159466
10.279297,14.74684,9.7468166,14.682858,10.414195
10.28125,14.839191,9.7294673,14.762981,10.217962
10.283203,14.910516,9.7778062,14.851889,10.086994
10.285156,14.990301,9.838931,14.93716,10.369663
10.287109,15.076874,9.8198223,15.006802,10.546371
10.289063,15.165606,9.8809261,15.082045,10.323324
10.291016,15.241161,10.022316,15.166318,10.244269
10.292969,15.324965,10.005294,15.258717,10.561477
10.294922,15.397088,9.8774061,15.33989,10.71179
10.296875,15.462501,9.9586849,15.410526,10.472073
10.298828,15.548713,10.16286,15.468782,10.355755
10.300781,15.626637,10.225339,15.556341,10.603367
10.302734,15.706113,10.15118,15.643547,10.831922
10.304688,15.790779,10.110407,15.723693,10.759224
10.306641,15.864264,10.215184,15.813319,10.578151
10.308594,15.932111,10.291968,15.882401,10.633282
10.310547,16.010504,10.224278,15.964957,10.83103
10.3125,16.081701,10.230047,16.045208,10.804865
10.314453,16.152336,10.414551,16.107365,10.688137
10.316406,16.231554,10.504869,16.187517,10.798467
10.318359,16.304928,10.391148,16.252926,10.994842
10.320313,16.364395,10.333788,16.319962,11.005103
10.322266,16.433844,10.451067,16.40712,10.894097
10.324219,16.517323,10.583587,16.462868,10.952166
10.326172,16.584436,10.606441,16.523722,11.118554
10.328125,16.65028,10.5452,16.585554,11.096025
10.330078,16.710632,10.504288,16.646067,11.01316
10.332031,16.780653,10.598945,16.726862,11.114541
10.333984,16.855965,10.734118,16.788206,11.268517
10.335938,16.914331,10.742026,16.851782,11.244385
10.337891,16.979126,10.681172,16.918852,11.103881
10.339844,17.045622,10.683749,16.977789,11.151921
10.341797,17.109409,10.792628,17.060801,11.363023
10.34375,17.171581,10.866936,17.137142,11.362755
10.345703,17.2381,10.814161,17.191542,11.22718
10.347656,17.301975,10.802631,17.267378,11.236377
10.349609,17.357603,10.90081,17.322893,11.353416
10.351563,17.423101,10.943685,17.361692,11.424504
10.353516,17.479362,10.910555,17.430635,11.364299
10.355469,17.534534,10.954667,17.496565,11.381868
10.357422,17.599798,11.021239,17.56295,11.577682
10.359375,17.653885,11.030608,17.62039,11.630187
10.361328,17.716335,11.043319,17.678766,11.442802
10.363281,17.77693,11.062063,17.7467,11.37678
10.365234,17.836115,11.097543,17.797913,11.615523
10.367188,17.889156,11.103831,17.859785,11.758754
10.369141,17.942627,11.109459,17.911577,11.55919
10.371094,18.016291,11.166405,17.953089,11.480564
10.373047,18.057461,11.211618,18.002981,11.718137
10.375,18.108185,11.210981,18.052677,11.850499
10.376953,18.161375,11.1716,18.119989,11.736819
10.378906,18.207884,11.26652,18.172707,11.672138
10.380859,18.272238,11.388549,18.220938,11.794423
10.382813,18.311394,11.34252,18.280434,11.852132
10.384766,18.36482,11.287526,18.324642,11.751389
10.386719,18.413815,11.31337,18.368465,11.738814
10.388672,18.459444,11.407042,18.402895,11.868176
10.390625,18.514351,11.435726,18.463257,11.939391
10.392578,18.551903,11.408727,18.52516,11.907291
10.394531,18.606997,11.426631,18.558378,11.918608
10.396484,18.654463,11.445288,18.608784,11.948608
10.398438,18.6915,11.483735,18.644518,11.917792
10.400391,18.74457,11.501347,18.691643,11.933998
10.402344,18.789515,11.512239,18.749329,12.017274
10.404297,18.825943,11.534787,18.785404,12.058655
10.40625,18.868528,11.534836,18.817036,12.016265
10.408203,18.904715,11.558439,18.858242,11.970176
10.410156,18.945049,11.61108,18.908722,12.026833
10.412109,18.989174,11.636284,18.944664,12.152416
10.414063,19.017023,11.634213,18.979809,12.170439
10.416016,19.058365,11.646533,19.036158,12.047131
10.417969,19.103683,11.674338,19.081095,12.042487
10.419922,19.132229,11.708431,19.089943,12.196629
10.421875,19.159803,11.68188,19.128664,12.195237
10.423828,19.193811,11.657388,19.172897,12.076692
10.425781,19.242224,11.749572,19.188324,12.18365
10.427734,19.283104,11.832002,19.227242,12.364535
10.429688,19.305557,11.772946,19.267229,12.283649
10.431641,19.340296,11.651533,19.294092,12.153472
10.433594,19.375925,11.660691,19.317968,12.247016
10.435547,19.414843,11.848302,19.358448,12.377636
10.4375,19.447416,11.928835,19.41153,12.319207
10.439453,19.464771,11.772619,19.442196,12.22246
10.441406,19.496159,11.677233,19.469666,12.281135
10.443359,19.526247,11.815485,19.495895,12.320444
10.445313,19.556696,11.987421,19.527409,12.249865
10.447266,19.576057,11.923462,19.555887,12.259216
10.449219,19.599922,11.76833,19.580233,12.393154
10.451172,19.629416,11.79219,19.59989,12.449502
10.453125,19.649958,11.962709,19.615961,12.353702
10.455078,19.680344,12.040666,19.646475,12.33239
10.457031,19.704878,11.889683,19.671286,12.476094
10.458984,19.732824,11.797418,19.68767,12.543416
10.460938,19.753359,11.917042,19.700872,12.404772
10.462891,19.769094,12.010876,19.732571,12.336059
10.464844,19.783211,11.935967,19.761084,12.48252
10.466797,19.804426,11.85916,19.768326,12.59313
10.46875,19.831104,11.955196,19.781071,12.460913
10.470703,19.83662,12.093511,19.808947,12.309796
10.472656,19.85445,12.031933,19.824865,12.471626
10.474609,19.877445,11.854926,19.8323,12.677158
10.476563,19.889893,11.916552,19.852909,12.536915
10.478516,19.896511,12.123878,19.873245,12.333321
10.480469,19.913006,12.091614,19.880964,12.468883
10.482422,19.942307,11.897616,19.897911,12.692102
10.484375,19.94565,11.923258,19.917002,12.582308
10.486328,19.944393,12.105849,19.915817,12.385164
10.488281,19.968542,12.076807,19.920843,12.472849
10.490234,19.982779,11.942271,19.938847,12.67077
10.492188,19.988079,11.979198,19.95677,12.662959
10.494141,20.000042,12.082808,19.968206,12.496501
10.496094,20.006845,12.077675,19.987495,12.462905
10.498047,20.019156,11.97893,19.99625,12.592714
10.5,20.017031,11.960834,19.999193,12.632668
10.501953,20.025122,12.067864,19.998287,12.498395
10.503906,20.036856,12.115649,20.014668,12.478323
10.505859,20.032681,12.047951,20.042765,12.632147
10.507813,20.049503,11.98045,20.020596,12.696967
10.509766,20.061678,12.035051,20.023703,12.568255
10.511719,20.058138,12.110352,20.02968,12.469507
10.513672,20.062149,12.019029,20.023087,12.608991
10.515625,20.066612,11.912013,20.061398,12.714986
10.517578,20.058487,12.008256,20.061064,12.637865
10.519531,20.062048,12.065944,20.048155,12.55514
10.521484,20.064436,11.997515,20.056391,12.561066
10.523438,20.076323,11.987002,20.055162,12.596367
10.525391,20.084505,11.924173,20.04513,12.623412
10.527344,20.068762,11.826838,20.043327,12.604978
10.529297,20.05899,11.687671,20.054964,12.544598
10.53125,20.064346,11.52449,20.054119,12.57865
10.533203,20.065805,11.338618,20.041866,12.525246
10.535156,20.051504,11.095141,20.040834,12.384769
10.537109,20.047911,11.089559,20.04982,12.342091
10.539063,20.043522,11.198037,20.05159,12.210957
10.541016,20.027372,11.120933,20.050726,12.092937
10.542969,20.015947,10.998727,20.04652,11.83454
10.544922,20.007668,11.036025,20.045353,11.383348
10.546875,19.989103,11.162348,20.030519,11.380704
10.548828,19.972666,11.109488,20.014042,11.684511
10.550781,19.957088,10.955334,19.986748,11.728253
10.552734,19.942265,11.022422,19.965189,11.510445
10.554688,19.913713,11.172361,19.95788,11.484996
10.556641,19.894117,11.063668,19.939901,11.771631
10.558594,19.881172,10.891828,19.923082,11.80304
10.560547,19.86047,10.997553,19.900856,11.460519
10.5625,19.842751,11.133342,19.873598,11.348474
10.564453,19.819803,10.961813,19.83807,11.636233
10.566406,19.803366,10.755413,19.825171,11.752561
10.568359,19.778614,10.889323,19.809072,11.496417
10.570313,19.756674,11.06203,19.797525,11.355382
10.572266,19.736973,10.898501,19.785351,11.514421
10.574219,19.715744,10.703846,19.748802,11.558609
10.576172,19.694571,10.809096,19.720606,11.294765
10.578125,19.661747,10.939119,19.691528,11.181041
10.580078,19.618355,10.774837,19.682932,11.458415
10.582031,19.595245,10.587364,19.65377,11.590088
10.583984,19.568233,10.782291,19.609781,11.303662
10.585938,19.540031,11.074836,19.578138,11.066062
10.587891,19.520208,10.858432,19.558157,11.269719
10.589844,19.475649,10.459496,19.534101,11.542365
10.591797,19.449907,10.52428,19.478144,11.341562
10.59375,19.427025,10.825367,19.455513,10.951422
10.595703,19.397991,10.790449,19.429268,11.05118
10.597656,19.369154,10.467166,19.402979,11.482236
10.599609,19.330521,10.418679,19.372957,11.370118
10.601563,19.299028,10.629827,19.315842,10.830507
10.603516,19.258978,10.603143,19.294264,10.817685
10.605469,19.220106,10.408885,19.268753,11.272838
10.607422,19.185431,10.441924,19.224829,11.327651
10.609375,19.148766,10.628413,19.171877,10.873301
10.611328,19.112833,10.582801,19.140444,10.683762
10.613281,19.078386,10.295003,19.120108,11.087001
10.615234,19.048428,10.228197,19.068321,11.317873
10.617188,19.000893,10.437502,19.019106,10.855271
10.619141,18.949162,10.414882,18.970377,10.471954
10.621094,18.910095,10.152104,18.930355,10.863475
10.623047,18.869383,10.19716,18.893057,11.276353
10.625,18.822662,10.490547,18.849886,10.906909
10.626953,18.778482,10.398799,18.811119,10.425652
10.628906,18.736141,10.013062,18.763418,10.651158
10.630859,18.691181,9.997816,18.722879,11.053368
10.632813,18.646935,10.291552,18.670986,10.787732
10.634766,18.600651,10.287645,18.626085,10.32827
10.636719,18.558424,9.9640922,18.59664,10.5095
10.638672,18.508057,9.8449974,18.53422,10.922083
10.640625,18.458633,10.075281,18.499578,10.698618
10.642578,18.417562,10.196387,18.462879,10.183861
10.644531,18.370264,9.9392309,18.400322,10.348903
10.646484,18.327461,9.7383155,18.365143,10.754812
10.648438,18.26935,9.8895921,18.315277,10.531943
10.650391,18.218065,9.9981889,18.254805,10.120115
10.652344,18.165539,9.7960681,18.199934,10.242841
10.654297,18.098679,9.6446828,18.147142,10.591618
10.65625,18.054651,9.7982683,18.089605,10.469402
10.658203,18.001162,9.9434118,18.033705,10.122725
10.660156,17.945147,9.8091774,18.003977,10.176233
10.662109,17.888983,9.5328502,17.948324,10.445997
10.664063,17.828436,9.5154504,17.863939,10.312005
10.666016,17.77243,9.7315111,17.810682,9.8893985
10.667969,17.717344,9.7162332,17.748678,9.9398241
10.669922,17.659569,9.4673976,17.693729,10.395369
10.671875,17.593744,9.3720216,17.640917,10.331415
10.673828,17.533161,9.5192184,17.570255,9.8195447
10.675781,17.471554,9.5778799,17.523325,9.7711982
10.677734,17.420387,9.3994007,17.458881,10.147593
10.679688,17.36212,9.2789726,17.397551,10.160758
10.681641,17.299469,9.3279256,17.336695,9.7140092
10.683594,17.244717,9.2852172,17.262762,9.5918817
10.685547,17.173635,9.1787805,17.204954,9.9597187
10.6875,17.114285,9.1780815,17.137354,10.044166
10.689453,17.049242,9.2038621,17.077757,9.6730022
10.691406,16.973259,9.1977033,17.022928,9.5314865
10.693359,16.908834,9.1004085,16.95236,9.7913942
10.695313,16.841822,9.0350446,16.903555,9.8057746
10.697266,16.777155,9.1217231,16.84123,9.4270191
10.699219,16.704992,9.1180954,16.75246,9.3329782
10.701172,16.63345,8.9275722,16.682444,9.5998086
10.703125,16.56666,8.8139638,16.627615,9.6269722
10.705078,16.498741,8.9396228,16.567677,9.4295444
10.707031,16.434164,9.001892,16.476887,9.3830328
10.708984,16.354511,8.7960891,16.395094,9.4096288
10.710938,16.276377,8.6384973,16.325785,9.3174743
10.712891,16.204351,8.7339153,16.247789,9.3180513
10.714844,16.126997,8.8504476,16.178755,9.4144058
10.716797,16.063829,8.7416772,16.113052,9.3265514
10.71875,15.98802,8.5658092,16.043993,9.1446466
10.720703,15.905084,8.5636472,15.973927,9.0824232
10.722656,15.840141,8.5749826,15.90729,9.1290483
10.724609,15.758965,8.4921665,15.836062,9.0847616
10.726563,15.6742,8.4691982,15.754426,8.9547939
10.728516,15.61547,8.4602127,15.665601,8.9078025
10.730469,15.543265,8.3983306,15.585298,8.9672613
10.732422,15.463996,8.3496608,15.513888,8.9917497
10.734375,15.388557,8.2665338,15.438119,8.9044189
10.736328,15.302423,8.1842327,15.356532,8.8315172
10.738281,15.220912,8.1870594,15.284071,8.7722129
10.740234,15.143625,8.214446,15.203787,8.7209129
10.742188,15.071872,8.2002906,15.120561,8.7179298
10.744141,14.981851,8.137475,15.054302,8.6711444
10.746094,14.898812,8.0300369,14.962198,8.5973329
10.748047,14.821772,7.9261231,14.867073,8.570796
10.75,14.737986,7.978733,14.771135,8.5306072
10.751953,14.661949,8.0346584,14.670594,8.5035638
10.753906,14.574301,7.8844318,14.593268,8.5408582
10.755859,14.488905,7.7110343,14.512179,8.5900545
10.757813,14.397988,7.7197089,14.429966,8.5138092
10.759766,14.313534,7.8383956,14.358627,8.2937059
10.761719,14.223166,7.7814722,14.282746,8.1949529
10.763672,14.143133,7.607582,14.190117,8.2476778
10.765625,14.056325,7.5856943,14.108351,8.1788845
10.767578,13.956874,7.6480865,14.021596,8.0307712
10.769531,13.877138,7.5439887,13.926576,8.0665998
10.771484,13.780876,7.3871569,13.851582,8.1569967
10.773438,13.695287,7.4237165,13.771413,8.0715274
10.775391,13.603395,7.4896917,13.664595,7.9149904
10.777344,13.515784,7.3744721,13.570188,7.8748259
10.779297,13.430518,7.2051882,13.495283,7.8930807
10.78125,13.346791,7.219172,13.410638,7.9044261
10.783203,13.257288,7.2604203,13.326449,7.853528
10.785156,13.154358,7.1378369,13.220994,7.6828146
10.787109,13.062663,6.9787073,13.123738,7.5783491
10.789063,12.96064,7.0080766,13.032681,7.6244182
10.791016,12.868653,7.1436548,12.917543,7.7203564
10.792969,12.787265,7.075766,12.813253,7.6548142
10.794922,12.693716,6.8875274,12.723948,7.4701309
10.796875,12.584697,6.7873058,12.637238,7.4954385
10.798828,12.497128,6.7566394,12.539668,7.6165905
10.800781,12.408713,6.7557358,12.442241,7.4330487
10.802734,12.312,6.7741947,12.346959,7.1154751
10.804688,12.214854,6.6735873,12.24673,7.1519231
10.806641,12.108341,6.4938387,12.161417,7.36414
10.808594,12.018007,6.4875245,12.072219,7.2523798
10.810547,11.921617,6.590444,11.973037,6.9673614
10.8125,11.813069,6.5253067,11.869026,6.9278397
10.814453,11.713301,6.3138337,11.764551,7.0494451
10.816406,11.616699,6.26337,11.675416,7.0104956
10.818359,11.518534,6.3716363,11.564123,6.8540549
10.820313,11.423359,6.3133072,11.459737,6.8286881
10.822266,11.315633,6.11341,11.370575,6.8530731
10.824219,11.209905,6.0308647,11.263436,6.7906708
10.826172,11.112658,6.0767769,11.154676,6.6607565
10.828125,11.007421,6.0809598,11.046073,6.5747809
10.830078,10.905659,5.9751305,10.962406,6.6214013
10.832031,10.806787,5.869522,10.869018,6.624588
10.833984,10.697677,5.8268036,10.75053,6.4757185
10.835938,10.59524,5.7936749,10.647165,6.2923984
10.837891,10.498873,5.7231335,10.55081,6.2634849
10.839844,10.395531,5.6779208,10.433314,6.409409
10.841797,10.29448,5.6042146,10.325076,6.3829355
10.84375,10.185308,5.4917073,10.230287,6.1338372
10.845703,10.077028,5.4479966,10.131898,6.0856728
10.847656,9.9678306,5.4176368,10.031669,6.2074375
10.849609,9.8698425,5.383862,9.9106597,6.1026496
10.851563,9.7666158,5.320343,9.8065681,5.8053965
10.853516,9.640378,5.2489748,9.710083,5.744729
10.855469,9.5386552,5.1498332,9.6138811,5.9801931
10.857422,9.433259,5.061109,9.5061349,5.988903
10.859375,9.3265953,5.1114916,9.3924312,5.547626
10.861328,9.2210826,5.0659828,9.2948246,5.3634371
10.863281,9.0933666,4.862637,9.1728286,5.7403206
10.865234,8.9876508,4.7360606,9.0538692,5.7850041
10.867188,8.892662,4.7764344,8.9440927,5.3403525
10.869141,8.7805881,4.8760843,8.8356752,5.2451252
10.871094,8.6626453,4.7211546,8.729844,5.5876002
10.873047,8.5517482,4.3783822,8.6200742,5.5587267
10.875,8.4511938,4.357397,8.5066652,5.0645947
10.876953,8.3377122,4.5987505,8.3947019,4.9274191
10.878906,8.2221002,4.5102772,8.288393,5.2105336
10.880859,8.1163826,4.1260595,8.1671571,5.2598514
10.882813,7.998825,4.0561757,8.0569038,4.9002566
10.884766,7.8850827,4.2718277,7.9530386,4.7162766
10.886719,7.7726717,4.2040834,7.8588557,4.963305
10.888672,7.6556048,3.8844981,7.7345094,4.9802985
10.890625,7.5485458,3.8089656,7.5937309,4.5620455
10.892578,7.439547,3.9577727,7.4861259,4.3783397
10.894531,7.3231787,3.874221,7.3697924,4.680921
10.896484,7.2062339,3.5671014,7.2617888,4.8587184
10.898438,7.0903635,3.470433,7.1477465,4.4829621
10.900391,6.9682307,3.6064252,7.0459156,4.1066923
10.902344,6.8602194,3.5808558,6.9316067,4.2666568
10.904297,6.7417731,3.3451077,6.809937,4.4306554
10.90625,6.6161208,3.2297649,6.7029318,4.1230206
10.908203,6.5068903,3.2317402,6.5816326,3.8361218
10.910156,6.3877601,3.2001111,6.461276,4.0116639
10.912109,6.284512,3.0842852,6.3343629,4.1724228
10.914063,6.1710615,2.9270446,6.2406568,3.8776037
10.916016,6.0508775,2.8863983,6.1238226,3.6265649
10.917969,5.9323816,2.7987027,6.0019068,3.7560877
10.919922,5.8146953,2.6450164,5.8954024,3.7778375
10.921875,5.7033152,2.6256058,5.7708401,3.4859321
10.923828,5.580028,2.6286315,5.6559839,3.333445
10.925781,5.4645762,2.4578363,5.5391063,3.4524948
10.927734,5.3472514,2.2764949,5.4216389,3.4630355
10.929688,5.2323355,2.2405242,5.2785558,3.2394304
10.931641,5.1174931,2.2809095,5.1690249,3.0461635
10.933594,4.9946093,2.1803634,5.0596356,3.1062312
10.935547,4.8751974,1.8591241,4.9326067,3.2249143
10.9375,4.7591023,1.7661784,4.824562,2.9928138
10.939453,4.6427359,1.9106714,4.7032275,2.6482942
10.941406,4.5302052,1.8338278,4.5882482,2.6889805
10.943359,4.4060549,1.5003449,4.466804,2.8329031
10.945313,4.2764668,1.3568297,4.3501539,2.6267721
10.947266,4.1643128,1.456899,4.2326321,2.3283128
10.949219,4.0534668,1.413267,4.1125903,2.3548286
10.951172,3.9393241,1.2027739,3.9755294,2.4741306
10.953125,3.8156399,1.0161469,3.850043,2.2578141
10.955078,3.6940791,0.93781662,3.7451853,1.9832485
10.957031,3.5802283,0.87007499,3.6127588,2.0891168
10.958984,3.4492795,0.77572191,3.4908039,2.1894969
10.960938,3.3299589,0.64834911,3.3716244,1.8384792
10.962891,3.2141647,0.55052131,3.2467305,1.5461673
10.964844,3.0862796,0.51360267,3.1271374,1.701157
10.966797,2.964415,0.36273083,3.0109698,1.7925312
10.96875,2.8433742,0.18095671,2.8905201,1.4720573
10.970703,2.7211897,0.13006388,2.7631504,1.1793675
10.972656,2.5960128,0.10084538,2.6457796,1.2818226
10.974609,2.4836947,-0.072307162,2.5222268,1.3266831
10.976563,2.3623135,-0.22208245,2.400732,1.0793634
10.978516,2.2355163,-0.16493557,2.2803025,0.83834648
10.980469,2.1149802,-0.1224902,2.1611547,0.8460328
10.982422,1.9889122,-0.20096332,2.0437336,0.91571146
10.984375,1.8728929,-0.20941961,1.9125978,0.68000811
10.986328,1.7533581,-0.12459557,1.7949196,0.41512936
10.988281,1.6167558,-0.13086185,1.6725252,0.40558451
10.990234,1.49274,-0.24318245,1.5349446,0.49937421
10.992188,1.3817867,-0.2441009,1.4200735,0.33501586
10.994141,1.2489012,-0.059189599,1.3136513,0.024480185
10.996094,1.13156,-0.065210253,1.1757838,0.05438076
10.998047,1.0128439,-0.29444662,1.0595343,0.12576987
11.0,0.87666053,-0.26470426,0.95056397,-0.13333616
11.001953,0.77164072,-0.078493007,0.81923819,-0.28775969
11.003906,0.6587792,-0.10249226,0.69917393,-0.10077787
11.005859,0.5139572,-0.23951676,0.57404888,-0.0041926764
11.007813,0.39496708,-0.24868225,0.43551838,-0.1639528
11.009766,0.27878267,-0.17083614,0.29492033,-0.24741845
11.011719,0.14070898,-0.11782334,0.1830536,-0.057218168
11.013672,0.034113765,-0.12468172,0.059765115,0.081146799
11.015625,-0.088412032,-0.23241152,-0.069584414,-0.041038767
11.017578,-0.22151275,-0.21658807,-0.18236944,-0.22102937
11.019531,-0.34124395,-0.18972704,-0.2973766,-0.1761476
11.021484,-0.46454352,-0.33294106,-0.41585201,-0.015274076
11.023438,-0.59115708,-0.38337192,-0.53800613,-0.10277992
11.025391,-0.7191025,-0.38579804,-0.65077066,-0.27942061
11.027344,-0.82833016,-0.55214775,-0.77731323,-0.2325078
11.029297,-0.95837551,-0.7619921,-0.90984601,-0.047169313
11.03125,-1.0777279,-0.82631123,-1.0308843,-0.096247219
11.033203,-1.2011388,-0.9496634,-1.1511069,-0.24909553
11.035156,-1.3290629,-1.1384241,-1.2771651,-0.15911022
11.037109,-1.4313312,-1.2781858,-1.3981123,-0.044849854
11.039063,-1.5693768,-1.4020048,-1.5253384,-0.19446491
11.041016,-1.696436,-1.4999299,-1.6487778,-0.38522795
11.042969,-1.8113983,-1.711598,-1.7574687,-0.36573663
11.044922,-1.9362429,-1.842285,-1.8978544,-0.33507359
11.046875,-2.0510761,-1.8398752,-2.0190939,-0.51493275
11.048828,-2.1773252,-1.9826495,-2.1247265,-0.79169637
11.050781,-2.3001356,-2.2130534,-2.2534055,-0.76995343
11.052734,-2.4181749,-2.3881104,-2.3761127,-0.69553113
11.054688,-2.5444159,-2.413191,-2.5103125,-0.98489165
11.056641,-2.6679325,-2.4242918,-2.6253886,-1.2905727
11.058594,-2.7868959,-2.6194088,-2.7405226,-1.2550308
11.060547,-2.9027977,-2.838442,-2.8551683,-1.1544998
11.0625,-3.0242934,-2.9048945,-2.9721779,-1.4628291
11.064453,-3.1445164,-2.9113216,-3.1136307,-1.8589754
11.066406,-3.258183,-3.0801687,-3.2193248,-1.8786169
11.068359,-3.3895483,-3.3038373,-3.3320763,-1.7607005
11.070313,-3.5127992,-3.3512051,-3.4561286,-1.9035677
11.072266,-3.6242644,-3.3554406,-3.5728492,-2.2464275
11.074219,-3.7464375,-3.4534425,-3.6993358,-2.4174866
11.076172,-3.8694014,-3.6692977,-3.8265843,-2.3444702
11.078125,-3.9870977,-3.8180251,-3.947401,-2.3913285
11.080078,-4.111123,-3.7944779,-4.0623283,-2.6737442
11.082031,-4.2301917,-3.8812794,-4.1976475,-2.788593
11.083984,-4.3422403,-4.1071043,-4.304068,-2.7711184
11.085938,-4.4746775,-4.2058963,-4.4143681,-2.8851506
11.087891,-4.5948329,-4.1845498,-4.5483126,-3.1055488
11.089844,-4.7074832,-4.2917089,-4.6584639,-3.2810564
11.091797,-4.8398327,-4.4607801,-4.7944521,-3.2932446
11.09375,-4.9576816,-4.5595221,-4.9064397,-3.3207655
11.095703,-5.0699548,-4.6184144,-5.0203089,-3.4882583
11.097656,-5.1999082,-4.6590495,-5.1485986,-3.6150527
11.099609,-5.3117613,-4.7756767,-5.2492523,-3.6739034
11.101563,-5.4243745,-4.9554319,-5.3742523,-3.7850074
11.103516,-5.5431971,-5.016519,-5.4878888,-3.9263877
11.105469,-5.6549162,-5.0134716,-5.6041922,-4.0399174
11.107422,-5.777637,-5.1757249,-5.7275366,-4.1084985
11.109375,-5.8985829,-5.3372402,-5.8506875,-4.1763129
11.111328,-6.0167217,-5.3469009,-5.9936451,-4.2553477
11.113281,-6.1306972,-5.3260288,-6.1056928,-4.3556757
11.115234,-6.2544236,-5.4343457,-6.1971468,-4.4151902
11.117188,-6.3640742,-5.642539,-6.309194,-4.4143538
11.119141,-6.4770455,-5.69351,-6.4356322,-4.5340719
11.121094,-6.608953,-5.6503191,-6.5489931,-4.8489909
11.123047,-6.7127485,-5.7756238,-6.6530885,-5.006248
11.125,-6.8258061,-5.9813351,-6.7802476,-4.841351
11.126953,-6.9474935,-5.9421911,-6.8864631,-4.8086147
11.128906,-7.0555691,-5.8918037,-6.9960575,-5.1128768
11.130859,-7.1762814,-6.1404166,-7.1232743,-5.3115253
11.132813,-7.3010749,-6.3278393,-7.24373,-5.1776466
11.134766,-7.398673,-6.252397,-7.3741874,-5.1697306
11.136719,-7.5088334,-6.1685671,-7.486546,-5.4172554
11.138672,-7.6435504,-6.3533325,-7.5974926,-5.517611
11.140625,-7.7567267,-6.6267757,-7.7062397,-5.386548
11.142578,-7.8664088,-6.6153121,-7.830368,-5.4247217
11.144531,-7.979773,-6.4233174,-7.9288444,-5.7794008
11.146484,-8.085411,-6.489983,-8.0292911,-5.9184837
11.148438,-8.1942653,-6.8533511,-8.1618852,-5.7161741
11.150391,-8.3140983,-6.9456296,-8.264182,-5.7725539
11.152344,-8.4215326,-6.8074369,-8.3791723,-6.1184539
11.154297,-8.5327243,-6.880186,-8.4885768,-6.174015
11.15625,-8.6527872,-7.0216493,-8.5929012,-5.9521207
11.158203,-8.7607822,-7.1039176,-8.7035656,-6.0409526
11.160156,-8.8667564,-7.138935,-8.8150034,-6.391087
11.162109,-8.9770984,-7.1908865,-8.9398717,-6.4392552
11.164063,-9.0909757,-7.2628879,-9.0337696,-6.2494854
11.166016,-9.1938486,-7.2944259,-9.1377868,-6.2894015
11.167969,-9.2976293,-7.348658,-9.265932,-6.5596094
11.169922,-9.4134798,-7.429583,-9.3775672,-6.7098212
11.171875,-9.530404,-7.4986972,-9.4905347,-6.6163182
11.173828,-9.6351738,-7.5603976,-9.5949897,-6.5114164
11.175781,-9.7439775,-7.6351652,-9.7090015,-6.687005
11.177734,-9.84834,-7.654046,-9.8057346,-6.8906416
11.179688,-9.9563942,-7.6394748,-9.9051065,-6.868256
11.181641,-10.075938,-7.7118954,-10.028166,-6.845757
11.183594,-10.172781,-7.9605236,-10.125689,-7.0260872
11.185547,-10.278513,-8.0235443,-10.224722,-7.1956872
11.1875,-10.382028,-7.7833075,-10.32026,-7.0417542
11.189453,-10.490487,-7.8511815,-10.427865,-7.0196938
11.191406,-10.613634,-8.1718826,-10.549273,-7.3381366
11.193359,-10.7033,-8.2609081,-10.644942,-7.4781303
11.195313,-10.807089,-8.0775852,-10.751215,-7.2908487
11.197266,-10.918103,-8.004342,-10.864626,-7.162003
11.199219,-11.004794,-8.3052034,-10.958469,-7.4302196
11.201172,-11.107492,-8.5124712,-11.067027,-7.676608
11.203125,-11.215139,-8.3401241,-11.171583,-7.5029845
11.205078,-11.323958,-8.2766189,-11.26301,-7.4293327
11.207031,-11.417046,-8.5139761,-11.373405,-7.6940703
11.208984,-11.516868,-8.6108999,-11.474095,-7.8295865
11.210938,-11.625775,-8.4398946,-11.558136,-7.7621779
11.212891,-11.721165,-8.4793567,-11.65732,-7.7095613
11.214844,-11.82763,-8.7691736,-11.760417,-7.8643536
11.216797,-11.92221,-8.8342886,-11.852208,-8.1053524
11.21875,-12.021636,-8.6765623,-11.955467,-8.0075769
11.220703,-12.119066,-8.6613769,-12.061973,-7.8582067
11.222656,-12.213389,-8.8705053,-12.15702,-8.0617647
11.224609,-12.310978,-9.0251798,-12.264057,-8.2262659
11.226563,-12.39704,-8.9399509,-12.351941,-8.1441478
11.228516,-12.498823,-8.8538255,-12.441074,-8.0804853
11.230469,-12.606137,-9.0199594,-12.564614,-8.1793394
11.232422,-12.695639,-9.2258968,-12.659532,-8.3902216
11.234375,-12.78596,-9.1478061,-12.750237,-8.4190311
11.236328,-12.889152,-8.9475278,-12.846111,-8.2451705
11.238281,-12.985415,-9.1064119,-12.9453,-8.2675952
11.240234,-13.07274,-9.4217596,-13.037807,-8.5752306
11.242188,-13.176852,-9.3354253,-13.113938,-8.6970567
11.244141,-13.268064,-9.1206808,-13.212031,-8.4495382
11.246094,-13.351013,-9.2732963,-13.301178,-8.4096927
11.248047,-13.443148,-9.5136899,-13.394743,-8.783986
11.25,-13.536444,-9.4882926,-13.483663,-8.9307012
11.251953,-13.631986,-9.4069232,-13.57808,-8.6658325
11.253906,-13.71302,-9.4973793,-13.688398,-8.6124439
11.255859,-13.808615,-9.6192379,-13.777484,-8.8818512
11.257813,-13.894296,-9.5996551,-13.84527,-8.9598407
11.259766,-13.981832,-9.5852565,-13.932651,-8.7494087
11.261719,-14.068144,-9.6648778,-14.031967,-8.7632284
11.263672,-14.163411,-9.7715606,-14.10853,-9.157875
11.265625,-14.253639,-9.7697124,-14.203494,-9.2628412
11.267578,-14.336987,-9.7228174,-14.285791,-8.9195423
11.269531,-14.426967,-9.773818,-14.360794,-8.8876419
11.271484,-14.495841,-9.8637905,-14.458911,-9.2630052
11.273438,-14.584092,-9.8997659,-14.543312,-9.3735504
11.275391,-14.663171,-9.91362,-14.618518,-9.1370878
11.277344,-14.755386,-10.035553,-14.710567,-9.086543
11.279297,-14.834121,-10.095967,-14.805371,-9.3363046
11.28125,-14.918261,-10.017883,-14.898236,-9.4829721
11.283203,-15.006066,-9.9819355,-14.966891,-9.3181943
11.285156,-15.072596,-10.096807,-15.024621,-9.1655502
11.287109,-15.161527,-10.178206,-15.124327,-9.3676986
11.289063,-15.247293,-10.151015,-15.202746,-9.6920929
11.291016,-15.325712,-10.209059,-15.272268,-9.6848249
11.292969,-15.397483,-10.277154,-15.360057,-9.4074964
11.294922,-15.477837,-10.264522,-15.42944,-9.4427557
11.296875,-15.560325,-10.262888,-15.51746,-9.7604455
11.298828,-15.63376,-10.361827,-15.594294,-9.7825193
11.300781,-15.705855,-10.45398,-15.663282,-9.5648183
11.302734,-15.788682,-10.403998,-15.765057,-9.5760469
11.304688,-15.855262,-10.365611,-15.828381,-9.8375701
11.306641,-15.925988,-10.487901,-15.89011,-9.8873195
11.308594,-16.008638,-10.586056,-15.980473,-9.6583566
11.310547,-16.08264,-10.569347,-16.049938,-9.7065591
11.3125,-16.155682,-10.551764,-16.108614,-10.056108
11.314453,-16.221724,-10.564415,-16.176241,-10.044671
11.316406,-16.292246,-10.603506,-16.258001,-9.7612009
11.318359,-16.3696,-10.676883,-16.316383,-9.8983011
11.320313,-16.440294,-10.74936,-16.387747,-10.254074
11.322266,-16.51123,-10.737535,-16.465885,-10.137392
11.324219,-16.585909,-10.690555,-16.526171,-9.8535289
11.326172,-16.645645,-10.754392,-16.602602,-10.020741
11.328125,-16.718256,-10.832925,-16.679796,-10.301174
11.330078,-16.784323,-10.806476,-16.738121,-10.207081
11.332031,-16.840328,-10.869474,-16.804487,-9.9932537
11.333984,-16.915369,-10.950548,-16.87566,-10.091152
11.335938,-16.988689,-10.928559,-16.947613,-10.381114
11.337891,-17.050463,-10.95638,-17.007956,-10.388038
11.339844,-17.105795,-10.980319,-17.061844,-10.153908
11.341797,-17.172472,-10.952196,-17.14204,-10.170013
11.34375,-17.232788,-10.990217,-17.206686,-10.45684
11.345703,-17.291754,-11.131829,-17.26984,-10.551828
11.347656,-17.362951,-11.163678,-17.322659,-10.290204
11.349609,-17.423866,-11.086033,-17.387716,-10.193386
11.351563,-17.48724,-11.091547,-17.454632,-10.512133
11.353516,-17.544603,-11.126491,-17.503162,-10.703971
11.355469,-17.603201,-11.188884,-17.546616,-10.462955
11.357422,-17.660866,-11.244297,-17.598671,-10.315649
11.359375,-17.714048,-11.24052,-17.675486,-10.632384
11.361328,-17.775311,-11.222124,-17.735485,-10.906375
11.363281,-17.827206,-11.288816,-17.783535,-10.662356
11.365234,-17.885824,-11.385687,-17.850323,-10.329908
11.367188,-17.93969,-11.354815,-17.918253,-10.535844
11.369141,-17.987539,-11.324118,-17.9548,-10.918591
11.371094,-18.033207,-11.36945,-18.009102,-10.737313
11.373047,-18.091496,-11.45435,-18.074322,-10.394579
11.375,-18.147135,-11.511061,-18.117521,-10.690995
11.376953,-18.192316,-11.481648,-18.154476,-11.10008
11.378906,-18.249876,-11.435086,-18.207518,-10.842798
11.380859,-18.292362,-11.489976,-18.265425,-10.52896
11.382813,-18.352539,-11.565707,-18.31563,-10.88457
11.384766,-18.399111,-11.517994,-18.358232,-11.219964
11.386719,-18.43935,-11.53524,-18.405155,-10.881845
11.388672,-18.499712,-11.60383,-18.46176,-10.552481
11.390625,-18.537329,-11.631073,-18.504553,-10.90838
11.392578,-18.585823,-11.62957,-18.552999,-11.27724
11.394531,-18.63434,-11.602289,-18.591751,-10.935623
11.396484,-18.666775,-11.692491,-18.630508,-10.627705
11.398438,-18.712183,-11.742566,-18.684732,-11.003288
11.400391,-18.755146,-11.654049,-18.728052,-11.38096
11.402344,-18.795591,-11.698703,-18.767517,-11.103205
11.404297,-18.843134,-11.858644,-18.798628,-10.739492
11.40625,-18.873375,-11.826453,-18.841749,-10.993625
11.408203,-18.915079,-11.652721,-18.897247,-11.390029
11.410156,-18.957624,-11.70603,-18.92713,-11.241539
11.412109,-18.993282,-11.95859,-18.963074,-10.879786
11.414063,-19.034687,-11.934454,-19.020761,-10.982602
11.416016,-19.067862,-11.686479,-19.05055,-11.363697
11.417969,-19.103901,-11.733673,-19.088743,-11.325622
11.419922,-19.146324,-12.014344,-19.136585,-10.93638
11.421875,-19.190695,-12.023308,-19.148087,-10.994106
11.423828,-19.203711,-11.748525,-19.181097,-11.403079
11.425781,-19.232555,-11.706921,-19.218222,-11.378088
11.427734,-19.283068,-11.992338,-19.243551,-11.110437
11.429688,-19.307497,-12.173613,-19.281994,-11.182651
11.431641,-19.333687,-11.952973,-19.312386,-11.454569
11.433594,-19.367664,-11.720345,-19.341743,-11.411366
11.435547,-19.410616,-11.974076,-19.372679,-11.140882
11.4375,-19.437353,-12.227216,-19.386477,-11.194952
11.439453,-19.456429,-11.966986,-19.413975,-11.471722
11.441406,-19.486916,-11.699634,-19.454102,-11.46318
11.443359,-19.50725,-11.98819,-19.476494,-11.266084
11.445313,-19.537376,-12.323537,-19.500919,-11.277646
11.447266,-19.564486,-12.092621,-19.526834,-11.423184
11.449219,-19.5842,-11.832958,-19.556168,-11.437932
11.451172,-19.608934,-12.028475,-19.581139,-11.336135
11.453125,-19.634542,-12.232338,-19.612568,-11.334982
11.455078,-19.654865,-12.087667,-19.62636,-11.441736
11.457031,-19.676958,-11.948108,-19.637798,-11.439722
11.458984,-19.708061,-12.079897,-19.670124,-11.343952
11.460938,-19.718971,-12.213298,-19.67588,-11.401114
11.462891,-19.73657,-12.097528,-19.696762,-11.552201
11.464844,-19.759741,-11.948828,-19.712851,-11.515535
11.466797,-19.772842,-12.118631,-19.726191,-11.40635
11.46875,-19.791111,-12.297984,-19.760696,-11.443496
11.470703,-19.805805,-12.137708,-19.772118,-11.56062
11.472656,-19.818689,-11.998473,-19.786018,-11.536416
11.474609,-19.836065,-12.166038,-19.80512,-11.370065
11.476563,-19.848066,-12.293172,-19.811411,-11.38496
11.478516,-19.853619,-12.150905,-19.840126,-11.584763
11.480469,-19.870718,-12.061978,-19.862774,-11.607761
11.482422,-19.886045,-12.201169,-19.866764,-11.433556
11.484375,-19.898367,-12.301209,-19.890417,-11.384439
11.486328,-19.903656,-12.167334,-19.889271,-11.524004
11.488281,-19.91036,-12.038587,-19.898682,-11.580408
11.490234,-19.924364,-12.155963,-19.911322,-11.462606
11.492188,-19.92536,-12.311461,-19.907282,-11.447212
11.494141,-19.942959,-12.223886,-19.922806,-11.573082
11.496094,-19.945967,-12.108675,-19.92135,-11.606216
11.498047,-19.948048,-12.189754,-19.915199,-11.53048
11.5,-19.96615,-12.227982,-19.923306,-11.493634
11.501953,-19.957296,-12.18858,-19.936243,-11.563867
11.503906,-19.969103,-12.174291,-19.939304,-11.631273
11.505859,-19.975908,-12.163422,-19.939779,-11.579656
11.507813,-19.976339,-12.219294,-19.935818,-11.479562
11.509766,-19.973873,-12.193008,-19.948795,-11.501634
11.511719,-19.970057,-12.151189,-19.956924,-11.58489
11.513672,-19.974325,-12.188645,-19.947018,-11.561014
11.515625,-19.979452,-12.150996,-19.96608,-11.529051
11.517578,-19.993296,-12.142688,-19.967337,-11.544683
11.519531,-19.980415,-12.076462,-19.970879,-11.507199
11.521484,-19.975567,-11.962625,-19.985146,-11.532893
11.523438,-19.977631,-11.891068,-19.960846,-11.523629
11.525391,-19.975716,-11.783288,-19.961868,-11.393289
11.527344,-19.964893,-11.698276,-19.9697,-11.402561
11.529297,-19.966913,-11.707633,-19.963493,-11.374462
11.53125,-19.969746,-11.643902,-19.976839,-11.271563
11.533203,-19.956383,-11.534636,-19.962854,-11.252392
11.535156,-19.953753,-11.700818,-19.946178,-11.180098
11.537109,-19.939745,-11.808702,-19.947374,-11.093897
11.539063,-19.93775,-11.634444,-19.939365,-10.980476
11.541016,-19.921797,-11.535347,-19.93619,-11.062634
11.542969,-19.907888,-11.667047,-19.928661,-11.326699
11.544922,-19.900089,-11.768951,-19.921064,-11.221117
11.546875,-19.886597,-11.630608,-19.911152,-10.922234
11.548828,-19.881912,-11.493461,-19.897469,-10.984335
11.550781,-19.86261,-11.602074,-19.889385,-11.251132
11.552734,-19.851488,-11.702959,-19.875023,-11.189384
11.554688,-19.834538,-11.55118,-19.860714,-10.913781
11.556641,-19.819941,-11.451594,-19.835257,-10.93054
11.558594,-19.807207,-11.554281,-19.838081,-11.180861
11.560547,-19.789358,-11.626263,-19.819622,-11.177827
11.5625,-19.776449,-11.514157,-19.774052,-10.922985
11.564453,-19.756231,-11.372389,-19.769489,-10.83777
11.566406,-19.728804,-11.44393,-19.756403,-11.037431
11.568359,-19.712914,-11.577737,-19.73349,-11.177706
11.570313,-19.694975,-11.504937,-19.721018,-10.936601
11.572266,-19.675383,-11.375441,-19.710907,-10.736833
11.574219,-19.660721,-11.37778,-19.696119,-10.935183
11.576172,-19.632206,-11.439706,-19.666182,-11.041264
11.578125,-19.611151,-11.395452,-19.633711,-10.792542
11.580078,-19.57585,-11.260442,-19.619801,-10.616141
11.582031,-19.552896,-11.274616,-19.592117,-10.848784
11.583984,-19.531174,-11.394404,-19.555317,-11.062988
11.585938,-19.491411,-11.415408,-19.532301,-10.793572
11.587891,-19.468876,-11.257147,-19.505505,-10.552558
11.589844,-19.43478,-11.15083,-19.463961,-10.782309
11.591797,-19.406361,-11.314031,-19.435114,-10.971741
11.59375,-19.380507,-11.3546,-19.402296,-10.7071
11.595703,-19.345299,-11.139317,-19.374001,-10.48909
11.597656,-19.327993,-11.045549,-19.355598,-10.708812
11.599609,-19.297668,-11.173106,-19.309187,-10.870646
11.601563,-19.252123,-11.243664,-19.289564,-10.596093
11.603516,-19.220249,-11.016788,-19.265562,-10.344779
11.605469,-19.183264,-10.871979,-19.223946,-10.558021
11.607422,-19.157841,-11.137815,-19.191692,-10.754555
11.609375,-19.12722,-11.272583,-19.147886,-10.481681
11.611328,-19.082817,-10.95577,-19.119286,-10.24077
11.613281,-19.048883,-10.707566,-19.089653,-10.455063
11.615234,-19.008286,-10.913625,-19.047861,-10.675186
11.617188,-18.973469,-11.136466,-19.014622,-10.436874
11.619141,-18.931126,-10.931901,-18.984526,-10.145759
11.621094,-18.891254,-10.702738,-18.940084,-10.323173
11.623047,-18.849537,-10.803638,-18.897604,-10.533344
11.625,-18.812914,-10.959182,-18.871321,-10.267286
11.626953,-18.779879,-10.83074,-18.817711,-10.014582
11.628906,-18.725025,-10.612851,-18.757435,-10.226099
11.630859,-18.68997,-10.657312,-18.731127,-10.403661
11.632813,-18.642504,-10.762901,-18.674849,-10.184494
11.634766,-18.579771,-10.708296,-18.626291,-10.026762
11.636719,-18.536579,-10.587931,-18.589849,-10.18475
11.638672,-18.496231,-10.595299,-18.540194,-10.291259
11.640625,-18.450558,-10.71629,-18.507067,-10.061937
11.642578,-18.400831,-10.640441,-18.442907,-9.8354959
11.644531,-18.352417,-10.398367,-18.393406,-9.9813547
11.646484,-18.313494,-10.366823,-18.352938,-10.11325
11.648438,-18.271778,-10.544124,-18.315201,-9.9391317
11.650391,-18.226063,-10.535577,-18.259794,-9.7850408
11.652344,-18.166601,-10.258887,-18.197531,-9.8427248
11.654297,-18.097446,-10.153242,-18.160969,-9.8869323
11.65625,-18.062595,-10.373556,-18.103592,-9.7994718
11.658203,-18.010048,-10.49218,-18.052408,-9.7298975
11.660156,-17.950798,-10.319825,-17.992373,-9.7471437
11.662109,-17.906446,-10.09071,-17.941668,-9.7501354
11.664063,-17.839476,-10.098991,-17.898903,-9.6644077
11.666016,-17.782621,-10.234737,-17.83218,-9.6088905
11.667969,-17.729322,-10.166975,-17.780094,-9.6150074
11.669922,-17.674767,-10.041313,-17.728872,-9.5766611
11.671875,-17.610609,-10.046611,-17.668545,-9.508646
11.673828,-17.55208,-10.0709,-17.605392,-9.4581298
11.675781,-17.499956,-9.9782896,-17.545599,-9.4492378
11.677734,-17.441557,-9.9100475,-17.497726,-9.4516105
11.679688,-17.384533,-9.9446935,-17.431015,-9.4130353
11.681641,-17.317272,-9.8773775,-17.380402,-9.3569688
11.683594,-17.257826,-9.7468595,-17.314528,-9.2752666
11.685547,-17.194178,-9.7568378,-17.247559,-9.2289753
11.6875,-17.133436,-9.8566627,-17.186428,-9.245655
11.689453,-17.073977,-9.7958841,-17.104921,-9.2542228
11.691406,-17.005644,-9.616085,-17.069855,-9.1866693
11.693359,-16.94199,-9.5674257,-17.010254,-9.1255722
11.695313,-16.872065,-9.6382188,-16.945448,-9.1481485
11.697266,-16.805054,-9.6598815,-16.879967,-9.037425
11.699219,-16.735458,-9.5568313,-16.788815,-8.8849115
11.701172,-16.671373,-9.4626455,-16.743273,-8.9283752
11.703125,-16.609844,-9.4799766,-16.672787,-9.0340032
11.705078,-16.531523,-9.4827671,-16.60008,-9.0093498
11.707031,-16.472742,-9.3655376,-16.537449,-8.82415
11.708984,-16.404736,-9.2676897,-16.448603,-8.7244825
11.710938,-16.336267,-9.3274602,-16.380249,-8.8144664
11.712891,-16.277052,-9.3043594,-16.316143,-8.838974
11.714844,-16.19136,-9.1806392,-16.26219,-8.7437801
11.716797,-16.116344,-9.1269054,-16.186398,-8.6607017
11.71875,-16.054356,-9.1152105,-16.108223,-8.594161
11.720703,-15.981758,-9.1678209,-16.046795,-8.5017747
11.722656,-15.892323,-9.1298446,-15.967132,-8.4908714
11.724609,-15.828205,-8.9688224,-15.893143,-8.5575876
11.726563,-15.76056,-8.9205627,-15.818931,-8.4976301
11.728516,-15.675396,-9.0309524,-15.746549,-8.3601226
11.730469,-15.606478,-8.9705505,-15.69201,-8.3583183
11.732422,-15.528468,-8.7374954,-15.605093,-8.4282341
11.734375,-15.457502,-8.7444057,-15.504991,-8.3018446
11.736328,-15.365379,-8.8696632,-15.434629,-8.0934314
11.738281,-15.285888,-8.7710704,-15.355656,-8.1791715
11.740234,-15.21063,-8.578516,-15.288481,-8.384243
11.742188,-15.128355,-8.6542472,-15.210236,-8.2484331
11.744141,-15.059321,-8.7445097,-15.128409,-7.9262242
11.746094,-14.963307,-8.5646429,-15.058549,-7.8950033
11.748047,-14.883549,-8.3902235,-14.96761,-8.110465
11.75,-14.804462,-8.418643,-14.889003,-8.0678997
11.751953,-14.729596,-8.5527181,-14.806894,-7.7513608
11.753906,-14.642692,-8.4876937,-14.72797,-7.7374172
11.755859,-14.561993,-8.2601137,-14.641369,-7.9701676
11.757813,-14.488234,-8.1563949,-14.549764,-7.9029011
11.759766,-14.390342,-8.2623434,-14.464468,-7.58463
11.761719,-14.307566,-8.3089847,-14.368158,-7.5495824
11.763672,-14.22193,-8.1462106,-14.28639,-7.7914981
11.765625,-14.136144,-8.041481,-14.198005,-7.7524437
11.767578,-14.051293,-8.0934629,-14.138189,-7.4607191
11.769531,-13.96815,-8.1093874,-14.061977,-7.3740644
11.771484,-13.878131,-7.9702358,-13.946004,-7.5414819
11.773438,-13.790838,-7.8396344,-13.871601,-7.4462966
11.775391,-13.697873,-7.8622922,-13.797151,-7.1460142
11.777344,-13.610686,-7.9307975,-13.696413,-7.2371068
11.779297,-13.526243,-7.8387842,-13.603352,-7.4371428
11.78125,-13.426205,-7.6914458,-13.508864,-7.2426891
11.783203,-13.348202,-7.6614403,-13.41992,-6.9715714
11.785156,-13.252341,-7.6789112,-13.331827,-7.1009063
11.787109,-13.152048,-7.6501884,-13.231464,-7.2763733
11.789063,-13.073788,-7.5108566,-13.156391,-7.0190219
11.791016,-12.986442,-7.4405307,-13.061974,-6.7042393
11.792969,-12.876384,-7.5169,-12.960744,-6.8440189
11.794922,-12.774376,-7.4601478,-12.871589,-7.0313735
11.796875,-12.694281,-7.2643847,-12.782007,-6.8159413
11.798828,-12.599117,-7.2881155,-12.68947,-6.5945596
11.800781,-12.503699,-7.4071993,-12.560117,-6.6803569
11.802734,-12.407661,-7.2355861,-12.460554,-6.7792677
11.804688,-12.305299,-6.9958057,-12.378774,-6.6198535
11.806641,-12.216083,-7.0207133,-12.280826,-6.5094537
11.808594,-12.121,-7.1759462,-12.175838,-6.5928888
11.810547,-12.014297,-7.1070737,-12.074423,-6.5130591
11.8125,-11.925207,-6.8333554,-11.988317,-6.2681274
11.814453,-11.821651,-6.7624964,-11.889581,-6.2483897
11.816406,-11.715841,-6.9346265,-11.796011,-6.3974485
11.818359,-11.630496,-6.9094557,-11.699861,-6.2758884
11.820313,-11.532854,-6.6674289,-11.594216,-5.994584
11.822266,-11.433215,-6.5859055,-11.497668,-5.9834408
11.824219,-11.327903,-6.6384649,-11.397362,-6.1503686
11.826172,-11.223043,-6.6013407,-11.30089,-6.0931911
11.828125,-11.130807,-6.4812545,-11.185547,-5.8373365
11.830078,-11.030642,-6.41924,-11.085883,-5.7732429
11.832031,-10.923428,-6.4247636,-10.991868,-5.8958354
11.833984,-10.824129,-6.3617959,-10.87202,-5.8925185
11.835938,-10.723226,-6.2467889,-10.786085,-5.6692199
11.837891,-10.621039,-6.2116622,-10.679181,-5.5194449
11.839844,-10.509596,-6.1991243,-10.570755,-5.6285858
11.841797,-10.402422,-6.1245279,-10.47056,-5.6076412
11.84375,-10.306623,-6.0322933,-10.369248,-5.3931284
11.845703,-10.192678,-5.9972844,-10.267875,-5.3257684
11.847656,-10.085909,-5.9650387,-10.158378,-5.404015
11.849609,-9.9889106,-5.8839507,-10.064335,-5.3283419
11.851563,-9.8756074,-5.8277831,-9.9472608,-5.1178169
11.853516,-9.7701816,-5.7649636,-9.8269281,-5.087408
11.855469,-9.6680269,-5.6819634,-9.7261896,-5.1286659
11.857422,-9.5509052,-5.633902,-9.6299905,-5.0733714
11.859375,-9.441617,-5.6005067,-9.5146808,-4.9921999
11.861328,-9.333949,-5.4829168,-9.4184761,-4.9009437
11.863281,-9.2231245,-5.4105591,-9.3037252,-4.7843403
11.865234,-9.121335,-5.472258,-9.1834449,-4.7278246
11.867188,-9.0137109,-5.3800387,-9.0968971,-4.6822605
11.869141,-8.9094934,-5.1717062,-8.9692668,-4.6290769
11.871094,-8.806324,-5.1035828,-8.8485612,-4.5957489
11.873047,-8.6828384,-5.1585078,-8.7494869,-4.4546446
11.875,-8.5751476,-5.1048417,-8.6384363,-4.3864102
11.876953,-8.4676342,-4.9082903,-8.5126543,-4.4513845
11.878906,-8.3505191,-4.8748321,-8.4020137,-4.3657479
11.880859,-8.2508764,-4.9453477,-8.2891397,-4.1152329
11.882813,-8.1358547,-4.8572607,-8.1713647,-4.0711121
11.884766,-8.0154972,-4.6499586,-8.0773477,-4.2059235
11.886719,-7.9122304,-4.5344057,-7.9471392,-4.1101436
11.888672,-7.8080477,-4.6191759,-7.8363957,-3.8322591
11.890625,-7.6784277,-4.6317935,-7.7316141,-3.6934156
11.892578,-7.5584764,-4.3835816,-7.6341199,-3.8477981
11.894531,-7.4614625,-4.2096834,-7.5446624,-3.8792452
11.896484,-7.3451962,-4.3706259,-7.4015049,-3.531012
11.898438,-7.2246518,-4.4258971,-7.2860117,-3.2836065
11.900391,-7.1080608,-4.0734272,-7.1637105,-3.4169664
11.902344,-6.9927778,-3.8380417,-7.0536336,-3.6119434
11.904297,-6.8744177,-4.0351676,-6.9354882,-3.4415478
11.90625,-6.7710752,-4.1752553,-6.8092341,-3.1043787
11.908203,-6.657968,-3.8464789,-6.7198104,-3.088073
11.910156,-6.5304331,-3.5391001,-6.6041832,-3.2530512
11.912109,-6.4276242,-3.6585598,-6.5030059,-3.1145718
11.914063,-6.3124537,-3.7795796,-6.3795204,-2.7298648
11.916016,-6.1893472,-3.5564622,-6.2470822,-2.6251165
11.917969,-6.0735774,-3.2683167,-6.1330175,-2.8284821
11.919922,-5.9580626,-3.3100152,-6.0185599,-2.8103678
11.921875,-5.8329329,-3.4629547,-5.9079451,-2.5190661
11.923828,-5.7120108,-3.291223,-5.7849488,-2.3995811
11.925781,-5.6025753,-3.0087995,-5.6648588,-2.4667394
11.927734,-5.4870448,-3.0241069,-5.5381226,-2.3834803
11.929688,-5.3694057,-3.086977,-5.4063739,-2.1161885
11.931641,-5.2486505,-2.8854067,-5.2895617,-2.0237462
11.933594,-5.1354131,-2.652719,-5.1772403,-2.1783614
11.935547,-5.0204677,-2.6819639,-5.0754151,-2.1519219
11.9375,-4.8921923,-2.7698049,-4.9750356,-1.7925487
11.939453,-4.7758927,-2.5586283,-4.8397293,-1.5466028
11.941406,-4.6564741,-2.2882058,-4.7203092,-1.6274524
11.943359,-4.5342941,-2.3401043,-4.6095399,-1.6325506
11.945313,-4.4129843,-2.4481256,-4.4708585,-1.4234333
11.947266,-4.2945394,-2.2205934,-4.3409256,-1.2848746
11.949219,-4.1790962,-1.9338637,-4.229588,-1.3020547
11.951172,-4.0584363,-1.960023,-4.114037,-1.2971819
11.953125,-3.9396734,-2.0350599,-3.9962191,-1.1278106
11.955078,-3.8085408,-1.8348404,-3.8694307,-0.87817883
11.957031,-3.6953907,-1.5650692,-3.7471387,-0.79965413
11.958984,-3.5767214,-1.5753163,-3.6353187,-0.82277131
11.960938,-3.4523367,-1.7029078,-3.5211198,-0.70856243
11.962891,-3.3412857,-1.5006814,-3.4036951,-0.50332898
11.964844,-3.2188286,-1.1610885,-3.2766885,-0.37330008
11.966797,-3.0938894,-1.1368311,-3.1618771,-0.33392608
11.96875,-2.9718418,-1.2330163,-3.0452773,-0.2434576
11.970703,-2.8467314,-1.1068292,-2.9193718,-0.10981647
11.972656,-2.7205495,-0.87236428,-2.7643606,-0.0069718594
11.974609,-2.6090393,-0.76343787,-2.6404295,0.065477356
11.976563,-2.480818,-0.79208177,-2.5442183,0.12558761
11.978516,-2.3625569,-0.73742729,-2.4205684,0.10477946
11.980469,-2.2506566,-0.46132684,-2.3013777,0.12333953
11.982422,-2.1153526,-0.28303391,-2.1820325,0.29848781
11.984375,-2.0006439,-0.32300943,-2.0566878,0.34467161
11.986328,-1.8789712,-0.28604814,-1.9253788,0.20334162
11.988281,-1.7589,-0.12586996,-1.8095073,0.13610478
11.990234,-1.6325979,0.073401168,-1.6803981,0.22690728
11.992188,-1.5005955,0.17726214,-1.547178,0.27042797
11.994141,-1.3823546,0.13648826,-1.4328693,0.20457201
11.996094,-1.2614345,0.17334057,-1.3265495,0.16584377
11.998047,-1.1361385,0.34838766,-1.2215447,0.182863
12.0,-1.0098093,0.41325778,-1.0981817,0.25930464
12.001953,-0.89522684,0.26565117,-0.96496725,0.34867063
12.003906,-0.7711665,0.18613847,-0.84017003,0.34230855
12.005859,-0.65379244,0.34124488,-0.70850897,0.24994332
12.007813,-0.52537417,0.44275543,-0.58182675,0.16456471
12.009766,-0.40160686,0.31594598,-0.4747414,0.15910822
12.011719,-0.27329296,0.2478174,-0.33135313,0.23860726
12.013672,-0.15065143,0.32652429,-0.19453065,0.28445154
12.015625,-0.037118714,0.35973409,-0.092718467,0.2688278
12.017578,0.095844649,0.27632704,0.029482231,0.21753512
12.019531,0.2135395,0.25460196,0.15316187,0.23994721
12.021484,0.33657509,0.40157142,0.27318513,0.45783332
12.023438,0.45475018,0.42081916,0.40870002,0.64244175
12.025391,0.58100599,0.26599357,0.53174078,0.65395403
12.027344,0.70426571,0.24149686,0.6564784,0.6728639
12.029297,0.82903343,0.4220846,0.78447008,0.84605616
12.03125,0.94997698,0.46078303,0.90689242,1.05084
12.033203,1.0663654,0.22938454,1.0150804,1.1337693
12.035156,1.1998673,0.16516019,1.1346044,1.2094733
12.037109,1.3171134,0.4154529,1.2730213,1.3817961
12.039063,1.4364281,0.57208449,1.3857114,1.6335481
12.041016,1.5621591,0.40027514,1.5008825,1.7547495
12.042969,1.6923815,0.31421509,1.6066788,1.722179
12.044922,1.812924,0.6314168,1.7461481,1.8614357
12.046875,1.9246789,0.91951609,1.8833711,2.171962
12.048828,2.0533859,0.75149983,1.9966161,2.3494255
12.050781,2.1746699,0.61562544,2.1254982,2.2505874
12.052734,2.2956106,1.0345418,2.2259898,2.2291355
12.054688,2.4164795,1.4089996,2.3427348,2.5372054
12.056641,2.5369546,1.2991715,2.471395,2.7993354
12.058594,2.662189,1.2212579,2.5976452,2.823153
12.060547,2.7883584,1.5558787,2.7112441,2.8610312
12.0625,2.9088475,1.9108685,2.8351416,3.0169818
12.064453,3.0228247,1.8680988,2.968075,3.1420867
12.066406,3.1435802,1.7785701,3.0746536,3.2168269
12.068359,3.2678976,2.0612731,3.208548,3.3084745
12.070313,3.4009449,2.4348356,3.340496,3.4148051
12.072266,3.5157563,2.4506256,3.4546687,3.5458262
12.074219,3.6291723,2.2928414,3.5731272,3.6544573
12.076172,3.7570776,2.45265,3.6872999,3.6934628
12.078125,3.8828055,2.8802995,3.8231222,3.7752647
12.080078,3.9978163,3.0159044,3.9478786,3.9903042
12.082031,4.1103706,2.8243732,4.0467271,4.1500802
12.083984,4.2336068,2.9101107,4.1721315,4.0980362
12.085938,4.3488178,3.313446,4.2927918,4.0958328
12.087891,4.4656758,3.5041353,4.412333,4.3672699
12.089844,4.5895619,3.353383,4.5414142,4.6147513
12.091797,4.7127742,3.3513522,4.6682004,4.5260896
12.09375,4.8382301,3.7161412,4.7859811,4.3987689
12.095703,4.9503116,3.9006784,4.8841409,4.615756
12.097656,5.0695343,3.7425837,5.0001611,4.9282531
12.099609,5.19773,3.7621414,5.1156454,4.9421596
12.101563,5.3117208,4.1316676,5.2457304,4.8583397
12.103516,5.4286294,4.3282647,5.3749513,5.0501527
12.105469,5.54357,4.1360616,5.4938235,5.2859873
12.107422,5.6657099,4.1609673,5.6066851,5.2185831
12.109375,5.7747263,4.5556964,5.7112875,5.0908803
12.111328,5.8979797,4.7358436,5.8409628,5.2788486
12.113281,6.0222344,4.5436286,5.9529004,5.6298732
12.115234,6.1188421,4.5399413,6.0616173,5.6938862
12.117188,6.2467117,4.8782172,6.1907992,5.5135726
12.119141,6.3626718,5.0592632,6.3126516,5.5691485
12.121094,6.4758262,4.9786462,6.430911,5.8838005
12.123047,6.6023645,4.951775,6.5565018,5.978322
12.125,6.7159552,5.165627,6.6728835,5.8016738
12.126953,6.8295512,5.3700857,6.7723007,5.8248958
12.128906,6.9463682,5.3096694,6.8802409,6.1166214
12.130859,7.0737047,5.2803344,7.0069584,6.2885441
12.132813,7.180943,5.492433,7.1294684,6.2314529
12.134766,7.2915911,5.6854028,7.2296657,6.2438297
12.136719,7.4132337,5.6304698,7.3372073,6.421822
12.138672,7.5230193,5.6118173,7.4563756,6.4911017
12.140625,7.6377177,5.8324194,7.5595736,6.4793653
12.142578,7.7439765,5.9968991,7.6748752,6.5941486
12.144531,7.8616228,5.9718055,7.7876544,6.730463
12.146484,7.980082,5.9506845,7.8918881,6.7765684
12.148438,8.098793,6.1161479,8.0140514,6.7686257
12.150391,8.2094116,6.2625622,8.142414,6.8354868
12.152344,8.313425,6.2261781,8.2307443,6.9984736
12.154297,8.4268236,6.2222652,8.3434343,7.0206923
12.15625,8.5329799,6.4036808,8.4859046,6.9396891
12.158203,8.6470775,6.5900135,8.5705022,7.1118674
12.160156,8.754549,6.5701479,8.6918573,7.3123836
12.162109,8.8676853,6.5014772,8.8194923,7.2298588
12.164063,8.9721708,6.6446518,8.9302415,7.2178745
12.166016,9.0866813,6.8685283,9.046091,7.3889555
12.167969,9.2049636,6.8543491,9.1535882,7.4835095
12.169922,9.2992115,6.7629518,9.2568159,7.4467349
12.171875,9.4124755,6.8712625,9.356594,7.4776196
12.173828,9.5228815,7.0921278,9.4746112,7.6466789
12.175781,9.6331129,7.1738691,9.5621032,7.7917432
12.177734,9.7394704,7.0770344,9.6742124,7.7991619
12.179688,9.8502121,7.0961875,9.8069219,7.7437748
12.181641,9.9641637,7.290061,9.9059324,7.8671684
12.183594,10.069947,7.4090919,10.007823,8.0256805
12.185547,10.180785,7.3534169,10.11849,7.9350357
12.1875,10.274364,7.3382501,10.220984,7.8444809
12.189453,10.378549,7.5038971,10.314507,8.0905981
12.191406,10.480894,7.6417689,10.411358,8.3477621
12.193359,10.582853,7.6654367,10.523478,8.2264852
12.195313,10.69363,7.6584053,10.635632,8.1106271
12.197266,10.792729,7.7332215,10.736378,8.33111
12.199219,10.902978,7.8720984,10.843063,8.5279941
12.201172,11.001937,7.8876857,10.942588,8.372363
12.203125,11.107677,7.8476586,11.049671,8.2627391
12.205078,11.215417,7.9373831,11.147218,8.5370883
12.207031,11.309767,8.0774459,11.238223,8.735136
12.208984,11.4205,8.0981807,11.350817,8.5870208
12.210938,11.510895,8.0861616,11.456309,8.5265808
12.212891,11.611017,8.1743259,11.546338,8.768507
12.214844,11.71923,8.2779731,11.647644,8.8975038
12.216797,11.806863,8.321948,11.760032,8.7566309
12.21875,11.910651,8.3283767,11.871139,8.7645406
12.220703,12.010655,8.3734254,11.963627,8.9778394
12.222656,12.10674,8.4876384,12.056059,9.0035162
12.224609,12.2131,8.528656,12.16534,8.8633422
12.226563,12.307999,8.5248765,12.242788,8.974761
12.228516,12.398008,8.5882034,12.345775,9.2229299
12.230469,12.504232,8.6410913,12.452586,9.2254209
12.232422,12.596112,8.6919612,12.533827,9.1680011
12.234375,12.686949,8.7722797,12.634197,9.2132616
12.236328,12.784412,8.8116836,12.733588,9.2820711
12.238281,12.881211,8.840332,12.829761,9.3725643
12.240234,12.974016,8.8995142,12.911593,9.3951015
12.242188,13.065961,8.9357996,12.994969,9.367444
12.244141,13.164765,8.9776201,13.092158,9.4646415
12.246094,13.262936,9.045042,13.184367,9.6309242
12.248047,13.356697,9.0746536,13.269385,9.6272401
12.25,13.432829,9.0812883,13.377512,9.5312814
12.251953,13.533892,9.1147527,13.46952,9.6286621
12.253906,13.624553,9.2055063,13.565851,9.7897443
12.255859,13.712617,9.3166608,13.669504,9.7160873
12.257813,13.803172,9.3013057,13.740527,9.6408367
12.259766,13.887982,9.2567205,13.841113,9.784605
12.261719,13.977492,9.3476982,13.92735,9.881298
12.263672,14.056535,9.4686079,14.019,9.8907966
12.265625,14.151828,9.4914169,14.102543,9.9379558
12.267578,14.229321,9.4864645,14.180003,9.9717435
12.269531,14.324927,9.5483694,14.288536,9.9719429
12.271484,14.416236,9.5767173,14.369576,10.079466
12.273438,14.491554,9.5944223,14.447054,10.198737
12.275391,14.576712,9.6349296,14.519902,10.091357
12.277344,14.656494,9.6661548,14.608766,10.049108
12.279297,14.756894,9.7364788,14.679825,10.275491
12.28125,14.841658,9.8015146,14.742001,10.417343
12.283203,14.92039,9.8235197,14.851337,10.289312
12.285156,15.007386,9.7613458,14.936736,10.282808
12.287109,15.080958,9.7557344,15.010255,10.498387
12.289063,15.150239,9.9387502,15.10709,10.469496
12.291016,15.238407,10.041024,15.186096,10.282147
12.292969,15.325303,9.9922151,15.253714,10.381281
12.294922,15.40358,9.993308,15.322397,10.601674
12.296875,15.488677,10.054177,15.416121,10.589081
12.298828,15.561088,10.086568,15.508579,10.517746
12.300781,15.637271,10.074884,15.571242,10.655273
12.302734,15.717123,10.099556,15.64292,10.739008
12.304688,15.796536,10.211222,15.722802,10.603228
12.306641,15.874388,10.307494,15.810902,10.602598
12.308594,15.941257,10.260833,15.888886,10.850878
12.310547,16.012814,10.168529,15.975426,10.942995
12.3125,16.085167,10.276825,16.050121,10.694796
12.314453,16.161093,10.510955,16.108683,10.619315
12.316406,16.230486,10.485979,16.186489,10.927166
12.318359,16.297649,10.298578,16.24732,11.088235
12.320313,16.368809,10.364955,16.322083,10.908253
12.322266,16.443508,10.613786,16.396498,10.84146
12.324219,16.522068,10.641584,16.457649,11.099433
12.326172,16.580727,10.452296,16.534248,11.2164
12.328125,16.655172,10.442033,16.590347,11.029807
12.330078,16.726027,10.637806,16.66958,10.971163
12.332031,16.787771,10.758842,16.755259,11.178308
12.333984,16.857401,10.63507,16.805365,11.328826
12.335938,16.919388,10.553883,16.877211,11.158841
12.337891,16.987427,10.772629,16.94495,10.990576
12.339844,17.059576,10.903931,16.998011,11.232468
12.341797,17.123755,10.750889,17.071217,11.489881
12.34375,17.178654,10.668901,17.138514,11.33651
12.345703,17.247242,10.824785,17.188667,11.167378
12.347656,17.307178,10.963641,17.25346,11.332287
12.349609,17.373014,10.92963,17.327307,11.518192
12.351563,17.440702,10.861859,17.396191,11.447938
12.353516,17.488001,10.924514,17.453918,11.332462
12.355469,17.545715,11.008264,17.508226,11.391763
12.357422,17.604851,10.977781,17.573643,11.523082
12.359375,17.660784,11.010165,17.632177,11.56267
12.361328,17.719492,11.14444,17.701292,11.506491
12.363281,17.779495,11.152888,17.750578,11.485891
12.365234,17.842945,11.042991,17.796865,11.578986
12.367188,17.896399,11.061665,17.85561,11.654163
12.369141,17.94256,11.210914,17.90184,11.639036
12.371094,18.008512,11.223349,17.961016,11.663698
12.373047,18.064646,11.126888,18.00477,11.727339
12.375,18.11125,11.191886,18.057211,11.758056
12.376953,18.170238,11.321963,18.110899,11.761601
12.378906,18.225443,11.30716,18.152809,11.761651
12.380859,18.275072,11.237719,18.201849,11.797517
12.382813,18.326572,11.263146,18.253395,11.839004
12.384766,18.37628,11.370575,18.314051,11.858058
12.386719,18.418434,11.421733,18.363607,11.870667
12.388672,18.468376,11.359888,18.403301,11.871807
12.390625,18.523914,11.354302,18.458658,11.849388
12.392578,18.564297,11.508525,18.52187,11.875869
12.394531,18.605913,11.550082,18.556616,11.978679
12.396484,18.65736,11.372213,18.606188,11.987309
12.398438,18.694031,11.368458,18.670509,11.882108
12.400391,18.745487,11.618309,18.701109,11.920231
12.402344,18.796251,11.685096,18.7495,12.074367
12.404297,18.832993,11.481129,18.804489,12.045294
12.40625,18.87372,11.387407,18.836102,11.950692
12.408203,18.907471,11.573574,18.881283,12.009908
12.410156,18.95405,11.745952,18.928104,12.110803
12.412109,18.985888,11.673162,18.959192,12.133976
12.414063,19.0236,11.551832,18.993746,12.083996
12.416016,19.071648,11.62399,19.031858,12.07596
12.417969,19.096895,11.797914,19.067106,12.176294
12.419922,19.140104,11.75491,19.115175,12.247149
12.421875,19.178556,11.569866,19.150818,12.202773
12.423828,19.212412,11.648799,19.178146,12.166389
12.425781,19.244083,11.869899,19.214346,12.19615
12.427734,19.277205,11.826284,19.234526,12.246293
12.429688,19.32255,11.634116,19.277679,12.274817
12.431641,19.350132,11.705102,19.319212,12.266329
12.433594,19.385159,11.903643,19.338949,12.283842
12.435547,19.409756,11.835168,19.377581,12.308624
12.4375,19.441864,11.671251,19.408541,12.296087
12.439453,19.475296,11.763706,19.440813,12.304061
12.441406,19.499369,12.004503,19.477638,12.327922
12.443359,19.53124,11.960543,19.497993,12.341585
12.445313,19.550043,11.70527,19.515081,12.336825
12.447266,19.587954,11.740033,19.549606,12.327832
12.449219,19.612097,12.031773,19.580057,12.38441
12.451172,19.625895,12.065436,19.604036,12.457429
12.453125,19.657192,11.765882,19.636763,12.429442
12.455078,19.692678,11.729546,19.640471,12.346673
12.457031,19.714643,12.056256,19.655561,12.355888
12.458984,19.736958,12.123914,19.714708,12.445599
12.460938,19.764473,11.792654,19.727928,12.53761
12.462891,19.773735,11.697961,19.737398,12.515245
12.464844,19.799711,12.022199,19.790346,12.33731
12.466797,19.817459,12.178843,19.789181,12.360738
12.46875,19.827127,11.957983,19.783339,12.586227
12.470703,19.844845,11.780375,19.807531,12.553691
12.472656,19.856672,11.986217,19.829748,12.395399
12.474609,19.874292,12.216465,19.839327,12.504272
12.476563,19.88628,12.054333,19.848457,12.68827
12.478516,19.900705,11.841248,19.879566,12.583168
12.480469,19.917587,11.966867,19.883553,12.409665
12.482422,19.931034,12.184065,19.90308,12.500162
12.484375,19.95155,12.114078,19.908012,12.649035
12.486328,19.963709,11.88178,19.91165,12.606388
12.488281,19.969496,11.911525,19.954245,12.479967
12.490234,19.984682,12.132415,19.953707,12.532109
12.492188,20.002199,12.134486,19.968304,12.667974
12.494141,20.013779,11.949286,19.975645,12.595191
12.496094,20.007421,11.922343,19.985779,12.472153
12.498047,20.017948,12.080947,20.012857,12.534547
12.5,20.03717,12.12962,19.996023,12.67767
12.501953,20.036501,12.045839,19.993256,12.638241
12.503906,20.043873,11.999397,20.032379,12.505073
12.505859,20.048172,12.044425,20.044384,12.575919
12.507813,20.048483,12.094197,20.027792,12.724374
12.509766,20.050049,12.046888,20.042414,12.647863
12.511719,20.0564,12.017282,20.042973,12.498092
12.513672,20.057758,12.063096,20.051149,12.59115
12.515625,20.064638,12.073925,20.068378,12.712162
12.517578,20.072617,12.017902,20.062788,12.668553
12.519531,20.058922,11.999585,20.05752,12.595724
12.521484,20.055473,12.028451,20.064281,12.585835
12.523438,20.068518,12.014336,20.066271,12.618752
12.525391,20.078135,11.993315,20.052246,12.654902
12.527344,20.068394,11.936242,20.043625,12.62612
12.529297,20.067427,11.831757,20.054565,12.562263
12.53125,20.076429,11.671273,20.066599,12.602685
12.533203,20.062716,11.528331,20.069347,12.535214
12.535156,20.057064,11.310746,20.064516,12.416311
12.537109,20.065502,11.005388,20.039661,12.359721
12.539063,20.053183,11.104481,20.039133,12.150757
12.541016,20.038054,11.268958,20.036983,11.993966
12.542969,20.026785,11.04319,20.035015,11.775433
12.544922,20.012983,10.936491,20.042253,11.539116
12.546875,19.999863,11.155643,20.024752,11.605467
12.548828,19.979214,11.254877,20.003857,11.655222
12.550781,19.960102,11.049987,19.990997,11.570778
12.552734,19.940794,10.942806,19.987104,11.555901
12.554688,19.9172,11.124211,19.965021,11.694228
12.556641,19.905172,11.221245,19.949497,11.717991
12.558594,19.899345,11.049192,19.93564,11.517779
12.560547,19.875721,10.926958,19.910244,11.481872
12.5625,19.85766,10.969646,19.899378,11.648875
12.564453,19.832516,10.983088,19.879797,11.657464
12.566406,19.802202,10.913252,19.849955,11.4893
12.568359,19.789984,10.877057,19.826832,11.427533
12.570313,19.767485,10.990541,19.804379,11.543643
12.572266,19.739342,11.033237,19.773422,11.604094
12.574219,19.706303,10.854288,19.748995,11.465692
12.576172,19.683327,10.749463,19.711563,11.367893
12.578125,19.663605,10.889785,19.688816,11.482739
12.580078,19.630369,10.988102,19.682871,11.575109
12.582031,19.616394,10.78459,19.643499,11.437761
12.583984,19.589865,10.631381,19.605278,11.260633
12.585938,19.546202,10.779452,19.584583,11.234798
12.587891,19.519432,10.819363,19.570412,11.334354
12.589844,19.492056,10.664474,19.537458,11.400857
12.591797,19.455465,10.700891,19.501774,11.253695
12.59375,19.425083,10.831275,19.477608,11.074347
12.595703,19.393211,10.70211,19.439938,11.17528
12.597656,19.355465,10.549134,19.404953,11.349086
12.599609,19.332529,10.595465,19.358734,11.226644
12.601563,19.299261,10.661237,19.322111,11.013351
12.603516,19.268063,10.584645,19.292641,11.097548
12.605469,19.231537,10.411291,19.251848,11.306384
12.607422,19.192175,10.452802,19.230595,11.174134
12.609375,19.164459,10.57257,19.189383,10.910844
12.611328,19.113638,10.512961,19.139671,10.967224
12.613281,19.076588,10.377337,19.114344,11.103392
12.615234,19.045073,10.337924,19.073437,11.011902
12.617188,19.004694,10.458609,19.021372,10.852211
12.619141,18.958824,10.435421,18.996416,10.859535
12.621094,18.913799,10.25316,18.948612,10.957228
12.623047,18.880358,10.221807,18.897738,10.930863
12.625,18.839401,10.356266,18.872412,10.753758
12.626953,18.787939,10.371239,18.823063,10.724751
12.628906,18.751997,10.157957,18.785475,10.868076
12.630859,18.715555,10.059914,18.745432,10.800028
12.632813,18.656334,10.225983,18.685316,10.621101
12.634766,18.62229,10.22321,18.634203,10.600642
12.636719,18.566257,9.9952478,18.60013,10.702569
12.638672,18.508495,9.991353,18.559677,10.734954
12.640625,18.471079,10.101283,18.500893,10.597558
12.642578,18.415443,10.114433,18.456078,10.471107
12.644531,18.370899,10.030248,18.415504,10.498857
12.646484,18.3244,9.9095211,18.363117,10.58293
12.648438,18.266413,9.893032,18.30419,10.516716
12.650391,18.215939,9.8968172,18.253153,10.343394
12.652344,18.168545,9.862174,18.203987,10.326154
12.654297,18.112736,9.8405675,18.149136,10.475943
12.65625,18.060371,9.811511,18.098806,10.462106
12.658203,18.003899,9.7414684,18.04785,10.245856
12.660156,17.950371,9.7108459,17.998962,10.190182
12.662109,17.883848,9.7096214,17.939711,10.327202
12.664063,17.826794,9.6652422,17.875408,10.293541
12.666016,17.786432,9.6350536,17.824226,10.069191
12.667969,17.720711,9.671626,17.774782,10.062738
12.669922,17.659567,9.6275911,17.715445,10.241581
12.671875,17.605536,9.4152231,17.656847,10.203407
12.673828,17.547928,9.3883113,17.588715,9.944211
12.675781,17.491743,9.5788765,17.502813,9.8935194
12.677734,17.424568,9.5299282,17.449181,10.088025
12.679688,17.361702,9.2672882,17.403179,10.123878
12.681641,17.305264,9.2256336,17.344532,9.9836378
12.683594,17.240215,9.4336996,17.288437,9.8290538
12.685547,17.189152,9.4340791,17.218216,9.7617416
12.6875,17.125235,9.1586551,17.147703,9.774332
12.689453,17.047169,9.0573711,17.09264,9.7556943
12.691406,16.981606,9.1806678,17.036022,9.7437381
12.693359,16.920452,9.2129297,16.96104,9.7610931
12.695313,16.855669,9.1328516,16.907507,9.6797142
12.697266,16.78804,9.0450344,16.841949,9.5369615
12.699219,16.720823,8.9517974,16.743334,9.5537395
12.701172,16.640705,8.9696931,16.67791,9.5911426
12.703125,16.573566,9.0069427,16.613642,9.5196228
12.705078,16.502333,8.9342403,16.546602,9.5650167
12.707031,16.432619,8.9118681,16.481859,9.6016702
12.708984,16.373295,8.8963251,16.403727,9.4055452
12.710938,16.282028,8.8171329,16.338924,9.2140207
12.712891,16.205551,8.7054033,16.268583,9.2836418
12.714844,16.144264,8.6591539,16.192661,9.4199228
12.716797,16.077135,8.8040943,16.121357,9.2794532
12.71875,15.999772,8.8147583,16.052279,9.0764102
12.720703,15.91958,8.5165948,15.971827,9.1459884
12.722656,15.85013,8.3482399,15.889978,9.2712068
12.724609,15.765661,8.5639658,15.822394,9.1317043
12.726563,15.699994,8.7154283,15.771026,8.9600658
12.728516,15.624165,8.4588451,15.703424,9.0582208
12.730469,15.544161,8.2516155,15.598989,9.0782012
12.732422,15.474823,8.3387155,15.518124,8.7689437
12.734375,15.387613,8.4286069,15.446743,8.633542
12.736328,15.302372,8.3030605,15.371072,9.0060052
12.738281,15.219554,8.1296148,15.282384,9.1836576
12.740234,15.150656,8.2118053,15.197335,8.72336
12.742188,15.067641,8.3382463,15.144074,8.3785362
12.744141,14.985548,8.1790418,15.049303,8.7320461
12.746094,14.915487,7.9183745,14.959628,9.0176687
12.748047,14.825416,7.9513192,14.890185,8.5108966
12.75,14.739404,8.1046209,14.799843,8.1539821
12.751953,14.650819,7.9660286,14.714366,8.593358
12.753906,14.559413,7.7914943,14.622932,8.8728342
12.755859,14.490916,7.8845405,14.540257,8.4084749
12.757813,14.40318,7.9873523,14.458673,8.0576028
12.759766,14.313877,7.8198418,14.376587,8.4406471
12.761719,14.240346,7.548026,14.289981,8.6772842
12.763672,14.14591,7.577681,14.197996,8.2025747
12.765625,14.068707,7.7580885,14.116118,7.8633198
12.767578,13.987676,7.6450252,14.027382,8.2165098
12.769531,13.880479,7.4220562,13.955215,8.4847536
12.771484,13.798932,7.4006691,13.866278,8.0638322
12.773438,13.713139,7.4921417,13.763944,7.7032709
12.775391,13.611036,7.5258016,13.684323,7.9332747
12.777344,13.525552,7.371026,13.569204,8.1929893
12.779297,13.428511,7.2183928,13.474806,7.9906158
12.78125,13.341573,7.2963051,13.40499,7.6732292
12.783203,13.261809,7.3238172,13.296949,7.8312306
12.785156,13.168387,7.1687483,13.197208,8.0567588
12.787109,13.06287,7.0287838,13.111597,7.705007
12.789063,12.968367,6.9978985,13.016047,7.4013619
12.791016,12.88722,7.0493984,12.927694,7.695569
12.792969,12.771745,7.0761833,12.846386,7.8636846
12.794922,12.689796,6.9587202,12.751253,7.4893746
12.796875,12.615,6.8024563,12.644129,7.1875515
12.798828,12.501816,6.8436546,12.540104,7.3624792
12.800781,12.401855,6.8332247,12.45792,7.5874791
12.802734,12.306974,6.6014466,12.358776,7.4366974
12.804688,12.208668,6.5834937,12.251826,7.1745348
12.806641,12.123182,6.7647724,12.158106,7.1593194
12.808594,12.021136,6.6797041,12.068009,7.2593007
12.810547,11.916475,6.4119062,11.974303,7.2475781
12.8125,11.832174,6.3186931,11.86507,7.0498004
12.814453,11.723222,6.4541363,11.792439,6.852746
12.816406,11.621208,6.4830021,11.685969,6.9549121
12.818359,11.524871,6.235054,11.568731,7.0626792
12.820313,11.433603,6.1379809,11.476706,6.8024411
12.822266,11.326065,6.2713203,11.370337,6.6299667
12.824219,11.218195,6.2254419,11.285844,6.8490614
12.826172,11.124231,5.9655504,11.171749,6.9241337
12.828125,11.013175,5.9209199,11.069057,6.59487
12.830078,10.914898,6.1035656,10.971198,6.3717513
12.832031,10.807885,6.0209603,10.863027,6.5750432
12.833984,10.715838,5.7517256,10.766617,6.6903104
12.835938,10.613264,5.7040567,10.659492,6.4071545
12.837891,10.500678,5.814639,10.551042,6.1816806
12.839844,10.392702,5.7235307,10.444606,6.3155055
12.841797,10.283171,5.4959492,10.345461,6.4315156
12.84375,10.179865,5.5274882,10.239261,6.2405023
12.845703,10.071757,5.6776657,10.135869,6.0146985
12.847656,9.9829378,5.5176343,10.021633,6.0335922
12.849609,9.8663101,5.2555909,9.9144268,6.1433377
12.851563,9.7574396,5.2480201,9.8111686,6.0090155
12.853516,9.6561584,5.2769789,9.713108,5.8342833
12.855469,9.5380497,5.2095198,9.6095676,5.854669
12.857422,9.4351272,5.1165847,9.4938936,5.8691659
12.859375,9.3336029,5.0425291,9.3807783,5.685822
12.861328,9.2278347,5.0258951,9.2604074,5.5211472
12.863281,9.1113662,4.9464125,9.1847353,5.6772694
12.865234,9.0044355,4.7746067,9.0722055,5.8346424
12.867188,8.8949451,4.7285699,8.9489536,5.5454888
12.869141,8.7834854,4.8095951,8.8582391,5.1285457
12.871094,8.6683721,4.7238631,8.7289381,5.2799868
12.873047,8.5586633,4.5152058,8.611927,5.5907731
12.875,8.4509792,4.4568181,8.4886941,5.3040967
12.876953,8.3334512,4.5174832,8.385128,4.9585604
12.878906,8.2295103,4.4298057,8.2794036,5.1527714
12.880859,8.1171131,4.238244,8.1541786,5.3650054
12.882813,8.0044622,4.1746993,8.057477,5.032773
12.884766,7.8908271,4.1797151,7.9419226,4.6532211
12.886719,7.7800841,4.1011366,7.8271203,4.8294005
12.888672,7.6711745,3.9740872,7.7173805,5.0273022
12.890625,7.5440015,3.9188182,7.6178145,4.7130084
12.892578,7.4341716,3.852972,7.5199289,4.4425191
12.894531,7.3261303,3.7699966,7.3941073,4.5915422
12.896484,7.2083497,3.7438492,7.2796363,4.6435403
12.898438,7.0950341,3.6551032,7.1837811,4.344469
12.900391,6.9814162,3.4938213,7.0721268,4.2144513
12.902344,6.8697147,3.4112443,6.9404044,4.3956999
12.904297,6.7542057,3.4152996,6.8273658,4.3450555
12.90625,6.6329937,3.32321,6.717926,4.041387
12.908203,6.5174164,3.1789863,6.5963459,4.0039839
12.910156,6.4096789,3.1260132,6.4798579,4.1951398
12.912109,6.2876071,3.097274,6.3604621,4.0641322
12.914063,6.1576967,3.0140514,6.2544331,3.7270624
12.916016,6.047306,2.8348944,6.1269779,3.719285
12.917969,5.9516954,2.7622726,5.9964919,3.8920481
12.919922,5.8212642,2.8213148,5.8834519,3.7293975
12.921875,5.6946911,2.6809024,5.7649111,3.4338049
12.923828,5.5851845,2.3642139,5.6527314,3.5077996
12.925781,5.4678907,2.3330245,5.5275282,3.6346733
12.927734,5.3518581,2.5488658,5.4303617,3.3758392
12.929688,5.2294158,2.4172833,5.319478,3.0517733
12.931641,5.1172089,2.0231614,5.1784405,3.1252625
12.933594,4.9924159,1.9207167,5.0670561,3.2101836
12.935547,4.8811178,2.0756442,4.9579443,2.9587566
12.9375,4.7656517,2.0487513,4.842576,2.8317329
12.939453,4.6343655,1.8083678,4.7172498,2.9255907
12.941406,4.5194153,1.5821001,4.5928659,2.8463704
12.943359,4.397787,1.5566988,4.470231,2.570549
12.945313,4.2796263,1.6450499,4.3425283,2.4807701
12.947266,4.166192,1.5308669,4.2309951,2.6303043
12.949219,4.0424628,1.2108953,4.1246118,2.5885357
12.951172,3.9204471,1.0712744,3.9806442,2.2790339
12.953125,3.8142437,1.1631507,3.8734359,2.0857627
12.955078,3.6962239,1.0781941,3.7577638,2.1250581
12.957031,3.5658078,0.80908757,3.5956673,2.1919739
12.958984,3.4531261,0.62926859,3.4932868,1.9807306
12.960938,3.3399188,0.67559528,3.3768324,1.704512
12.962891,3.2136158,0.70429444,3.2422339,1.8460214
12.964844,3.0957789,0.4448055,3.1240921,1.9263944
12.966797,2.981493,0.1795717,3.0206146,1.5202812
12.96875,2.8565585,0.20891337,2.8985052,1.252974
12.970703,2.7247285,0.25586274,2.7700517,1.4528616
12.972656,2.6053128,0.01559118,2.6598463,1.4285081
12.974609,2.484884,-0.21296941,2.5291409,1.0388207
12.976563,2.3584089,-0.1061782,2.4005568,0.92057174
12.978516,2.2365295,-0.0070205173,2.2881741,1.0645128
12.980469,2.1218109,-0.16121261,2.1640903,1.0205788
12.982422,2.0084121,-0.2864908,2.0260682,0.73619944
12.984375,1.875337,-0.18435603,1.9164367,0.53200752
12.986328,1.7560337,-0.09759362,1.7900749,0.59185487
12.988281,1.6344564,-0.2418645,1.6608315,0.64602548
12.990234,1.5010185,-0.2533026,1.5551022,0.34715945
12.992188,1.3855673,-0.11572985,1.4442524,0.080812857
12.994141,1.2628854,-0.08325614,1.3211726,0.18633485
12.996094,1.1350349,-0.17003974,1.1991041,0.1704395
12.998047,1.0195072,-0.25894985,1.0833463,-0.14187545
13.0,0.89860994,-0.1892041,0.9425658,-0.30151102
13.001953,0.76636398,-0.095729224,0.8123557,-0.10926169
13.003906,0.64069283,-0.16439366,0.68380523,0.036513105
13.005859,0.51478285,-0.27718392,0.55020142,-0.076372795
13.007813,0.39092934,-0.15067272,0.43813914,-0.15174846
13.009766,0.27996406,-0.029188439,0.31371814,-0.043481801
13.011719,0.16057602,-0.13891488,0.20080647,0.026135378
13.013672,0.033467136,-0.25964618,0.083327577,-0.1538955
13.015625,-0.087671876,-0.26539618,-0.047867835,-0.2781187
13.017578,-0.21515818,-0.19170184,-0.16459422,-0.17047398
13.019531,-0.33439702,-0.20222671,-0.28662914,-0.062993295
13.021484,-0.449844,-0.27075326,-0.40682375,-0.11207132
13.023438,-0.57008219,-0.35173658,-0.53742313,-0.19515775
13.025391,-0.69569886,-0.46859306,-0.66297472,-0.12629494
13.027344,-0.82479441,-0.59493345,-0.77972531,-0.091025233
13.029297,-0.93860579,-0.74221724,-0.88310212,-0.12663703
13.03125,-1.0722402,-0.8003493,-1.0062453,-0.11789517
13.033203,-1.2013797,-0.84009522,-1.1402887,-0.14956765
13.035156,-1.3131994,-1.0735142,-1.2607963,-0.25660419
13.037109,-1.438885,-1.314954,-1.3909635,-0.26104027
13.039063,-1.5614804,-1.3447351,-1.5100964,-0.13227543
13.041016,-1.6833541,-1.4484021,-1.6360187,-0.13451894
13.042969,-1.8042104,-1.7216587,-1.7638949,-0.36884445
13.044922,-1.9227436,-1.8422734,-1.8926558,-0.51927119
13.046875,-2.0476193,-1.8753129,-2.0155289,-0.44514576
13.048828,-2.1826994,-1.983567,-2.1312551,-0.49344414
13.050781,-2.304816,-2.179264,-2.2476871,-0.71154267
13.052734,-2.4135725,-2.3354184,-2.3751051,-0.88512009
13.054688,-2.5421514,-2.317975,-2.486387,-0.93388498
13.056641,-2.6631629,-2.4173867,-2.6028657,-1.0653945
13.058594,-2.7739515,-2.705424,-2.7393622,-1.2744723
13.060547,-2.8994758,-2.8672728,-2.8555595,-1.3973438
13.0625,-3.0181906,-2.8439896,-2.9776558,-1.4821575
13.064453,-3.1319959,-2.9294018,-3.0917391,-1.5513585
13.066406,-3.2558047,-3.1254835,-3.2010018,-1.72909
13.068359,-3.3845996,-3.2423114,-3.3217237,-1.9217684
13.070313,-3.4996013,-3.3150579,-3.4521815,-2.0362544
13.072266,-3.6190991,-3.3629016,-3.5771632,-2.1437523
13.074219,-3.7485709,-3.494193,-3.6840584,-2.2630243
13.076172,-3.873192,-3.6471011,-3.8133204,-2.3439772
13.078125,-3.9934277,-3.7511544,-3.9457881,-2.4399733
13.080078,-4.1016635,-3.801964,-4.0423698,-2.6477706
13.082031,-4.2221841,-3.8358392,-4.1645817,-2.7752847
13.083984,-4.3545236,-4.0478143,-4.3015885,-2.7532718
13.085938,-4.4718041,-4.2788944,-4.4219269,-2.8980093
13.087891,-4.5861387,-4.2894635,-4.5463662,-3.2042572
13.089844,-4.7145018,-4.1756763,-4.6622934,-3.203751
13.091797,-4.8286318,-4.331664,-4.7714877,-3.0702188
13.09375,-4.9498338,-4.6729064,-4.8814377,-3.310719
13.095703,-5.0717372,-4.709619,-5.0076856,-3.6621935
13.097656,-5.182147,-4.6189827,-5.1258835,-3.6795027
13.099609,-5.3084778,-4.7260332,-5.238203,-3.5857946
13.101563,-5.4175014,-4.9770236,-5.3694396,-3.7692527
13.103516,-5.526411,-5.0705084,-5.4922046,-4.0058851
13.105469,-5.6520733,-4.998032,-5.6153626,-4.0016856
13.107422,-5.7760829,-5.1215782,-5.7301125,-3.9387121
13.109375,-5.8829317,-5.3508653,-5.8471465,-4.0877146
13.111328,-6.0051279,-5.3904318,-5.9867405,-4.328041
13.113281,-6.1348519,-5.2843222,-6.1014533,-4.4022073
13.115234,-6.250103,-5.4138708,-6.2072477,-4.3825774
13.117188,-6.3716101,-5.6704511,-6.3322873,-4.4168314
13.119141,-6.481328,-5.6525902,-6.45823,-4.6000986
13.121094,-6.5968055,-5.5833001,-6.5580773,-4.8182168
13.123047,-6.7084503,-5.7633986,-6.6522321,-4.8233666
13.125,-6.8263111,-6.0174078,-6.766993,-4.7411775
13.126953,-6.9482126,-6.0237016,-6.8816967,-4.9440827
13.128906,-7.0561814,-5.9662981,-6.996715,-5.3095035
13.130859,-7.174035,-6.0582523,-7.1214137,-5.3047809
13.132813,-7.2762117,-6.2179737,-7.2449626,-5.0488476
13.134766,-7.4025659,-6.2918477,-7.3429341,-5.1318621
13.136719,-7.5256805,-6.3034296,-7.467957,-5.48175
13.138672,-7.6238231,-6.4156107,-7.5811219,-5.5349273
13.140625,-7.7514209,-6.4701166,-7.6832022,-5.3921737
13.142578,-7.8525824,-6.4742193,-7.8118066,-5.5066356
13.144531,-7.9602513,-6.5815506,-7.9239921,-5.7848959
13.146484,-8.0784463,-6.7040805,-8.0432148,-5.8571071
13.148438,-8.1908292,-6.7799196,-8.1439943,-5.7145433
13.150391,-8.3111839,-6.8248972,-8.2607698,-5.7678957
13.152344,-8.4233579,-6.8557906,-8.3803234,-5.9903345
13.154297,-8.5352993,-6.8908553,-8.4760723,-6.1270089
13.15625,-8.6399402,-6.9607081,-8.5889234,-6.0975966
13.158203,-8.7607698,-7.053193,-8.7105884,-6.0544467
13.160156,-8.8709669,-7.1477861,-8.8136615,-6.2649459
13.162109,-8.975502,-7.2064547,-8.9175949,-6.4267153
13.164063,-9.0882577,-7.21103,-9.0418615,-6.333714
13.166016,-9.1876497,-7.3264679,-9.1401157,-6.3094553
13.167969,-9.2892322,-7.457611,-9.2392883,-6.5337228
13.169922,-9.3963871,-7.4264783,-9.3655862,-6.6581926
13.171875,-9.5073251,-7.4930572,-9.481677,-6.5823888
13.173828,-9.6278019,-7.6528625,-9.5922555,-6.6524696
13.175781,-9.7441158,-7.6771388,-9.6996831,-6.7725992
13.177734,-9.8385648,-7.5631041,-9.8126287,-6.7678175
13.179688,-9.946556,-7.5808672,-9.912837,-6.7761921
13.181641,-10.058532,-7.8576502,-10.002663,-6.9138107
13.183594,-10.16876,-7.9563612,-10.11751,-7.0526418
13.185547,-10.281089,-7.8343305,-10.212388,-7.0874934
13.1875,-10.386992,-7.841216,-10.313971,-7.1421947
13.189453,-10.491217,-8.0089597,-10.416217,-7.1918215
13.191406,-10.588977,-8.0882053,-10.52639,-7.2033281
13.193359,-10.695608,-8.0150556,-10.65001,-7.3156995
13.195313,-10.791725,-8.1098003,-10.754333,-7.4213848
13.197266,-10.897942,-8.3435373,-10.855926,-7.3661255
13.199219,-11.009308,-8.3716793,-10.950586,-7.286643
13.201172,-11.111789,-8.2666912,-11.069616,-7.4007411
13.203125,-11.220462,-8.3140249,-11.165988,-7.6573333
13.205078,-11.314272,-8.4571485,-11.258204,-7.7044205
13.207031,-11.408998,-8.4583606,-11.37079,-7.5773878
13.208984,-11.521124,-8.4124879,-11.458831,-7.6138362
13.210938,-11.618315,-8.582055,-11.563851,-7.8340826
13.212891,-11.70823,-8.7485466,-11.669944,-7.9370245
13.214844,-11.812091,-8.6542615,-11.771116,-7.8255929
13.216797,-11.909028,-8.5872955,-11.876291,-7.8125467
13.21875,-12.002436,-8.7766733,-11.971227,-7.9768776
13.220703,-12.108561,-8.9308614,-12.061133,-8.0837955
13.222656,-12.209795,-8.8471536,-12.157973,-8.0055246
13.224609,-12.297405,-8.8077869,-12.254385,-8.0279264
13.226563,-12.396904,-8.9159221,-12.336415,-8.2504568
13.228516,-12.505154,-8.9990739,-12.439568,-8.3099737
13.230469,-12.59993,-9.0533418,-12.536933,-8.2405958
13.232422,-12.694227,-9.0679121,-12.627725,-8.2840261
13.234375,-12.792516,-9.0472888,-12.736779,-8.368658
13.236328,-12.881029,-9.1398658,-12.830755,-8.4313001
13.238281,-12.974208,-9.2298536,-12.916438,-8.4641399
13.240234,-13.069391,-9.2302341,-13.016679,-8.4272565
13.242188,-13.15663,-9.2801294,-13.120514,-8.4596099
13.244141,-13.249688,-9.3576335,-13.216627,-8.6068544
13.246094,-13.349923,-9.3814859,-13.297358,-8.6682262
13.248047,-13.437396,-9.3804683,-13.393545,-8.5561542
13.25,-13.541674,-9.4305477,-13.494271,-8.5611534
13.251953,-13.629612,-9.4814767,-13.559598,-8.8223981
13.253906,-13.70388,-9.4994792,-13.64641,-8.9034252
13.255859,-13.804582,-9.483819,-13.762042,-8.7242183
13.257813,-13.886912,-9.5866708,-13.854226,-8.8111524
13.259766,-13.976287,-9.752141,-13.940794,-9.0978813
13.261719,-14.068719,-9.7136764,-14.034076,-8.9781179
13.263672,-14.157653,-9.6574974,-14.109088,-8.7082834
13.265625,-14.241925,-9.7243051,-14.201122,-8.9177026
13.267578,-14.318671,-9.8133983,-14.286845,-9.2757158
13.269531,-14.409116,-9.8313388,-14.373764,-9.2294397
13.271484,-14.496469,-9.8597564,-14.464809,-8.9702186
13.273438,-14.573901,-9.9457178,-14.542505,-9.0673112
13.275391,-14.656878,-9.9582901,-14.637146,-9.3796491
13.277344,-14.753837,-9.9525985,-14.706409,-9.3499078
13.279297,-14.836761,-10.016395,-14.780721,-9.1538105
13.28125,-14.90921,-10.065032,-14.872466,-9.2182292
13.283203,-14.995804,-10.020786,-14.949409,-9.5289239
13.285156,-15.079562,-10.030952,-15.022435,-9.5941486
13.287109,-15.152786,-10.187535,-15.109549,-9.3186817
13.289063,-15.223037,-10.282557,-15.192003,-9.3203811
13.291016,-15.30133,-10.194664,-15.266363,-9.6610002
13.292969,-15.393457,-10.189517,-15.350841,-9.7081489
13.294922,-15.474557,-10.390463,-15.430965,-9.4320011
13.296875,-15.545519,-10.433083,-15.517977,-9.4641456
13.298828,-15.624962,-10.219861,-15.584597,-9.7823324
13.300781,-15.704686,-10.216431,-15.670016,-9.8020477
13.302734,-15.789144,-10.509279,-15.751472,-9.5516729
13.304688,-15.866626,-10.599087,-15.800905,-9.6203899
13.306641,-15.937107,-10.388158,-15.882463,-9.9172658
13.308594,-16.009113,-10.323455,-15.962196,-9.9053869
13.310547,-16.079002,-10.551827,-16.047068,-9.7877874
13.3125,-16.15243,-10.71996,-16.11713,-9.8773441
13.314453,-16.21892,-10.651478,-16.172592,-9.978445
13.316406,-16.295057,-10.565271,-16.250961,-9.8877697
13.318359,-16.370499,-10.666315,-16.324247,-9.8510093
13.320313,-16.434349,-10.807714,-16.39271,-10.084616
13.322266,-16.502834,-10.741535,-16.462894,-10.202838
13.324219,-16.569687,-10.628875,-16.530764,-10.004503
13.326172,-16.644522,-10.767206,-16.598692,-9.9247732
13.328125,-16.717159,-10.959604,-16.668325,-10.164394
13.330078,-16.779976,-10.88142,-16.746365,-10.32202
13.332031,-16.84338,-10.735358,-16.80324,-10.170213
13.333984,-16.915854,-10.831137,-16.864594,-10.039012
13.335938,-16.988802,-11.028057,-16.937357,-10.18886
13.337891,-17.038324,-11.036093,-17.001453,-10.401182
13.339844,-17.099489,-10.891135,-17.071991,-10.372999
13.341797,-17.174007,-10.889394,-17.130142,-10.230944
13.34375,-17.237761,-11.134183,-17.199547,-10.265245
13.345703,-17.302397,-11.234302,-17.255627,-10.419879
13.347656,-17.355602,-11.009821,-17.320913,-10.468329
13.349609,-17.410656,-10.923438,-17.380066,-10.38657
13.351563,-17.47336,-11.164356,-17.429276,-10.395503
13.353516,-17.531391,-11.345722,-17.497358,-10.509748
13.355469,-17.583048,-11.252844,-17.557983,-10.58116
13.357422,-17.641977,-11.129889,-17.628695,-10.572612
13.359375,-17.710629,-11.208063,-17.674118,-10.50984
13.361328,-17.767151,-11.374366,-17.724323,-10.509649
13.363281,-17.82019,-11.365951,-17.781664,-10.597073
13.365234,-17.87546,-11.203917,-17.836174,-10.696346
13.367188,-17.93051,-11.216331,-17.890837,-10.712784
13.369141,-17.979033,-11.442625,-17.944267,-10.675474
13.371094,-18.027582,-11.529502,-18.001068,-10.683286
13.373047,-18.083717,-11.386209,-18.045046,-10.758555
13.375,-18.135977,-11.354712,-18.105185,-10.795921
13.376953,-18.187002,-11.530353,-18.166477,-10.74477
13.378906,-18.240234,-11.600144,-18.209686,-10.779721
13.380859,-18.292458,-11.495306,-18.256935,-10.858606
13.382813,-18.349155,-11.434337,-18.318115,-10.817033
13.384766,-18.395468,-11.535115,-18.35754,-10.790797
13.386719,-18.433212,-11.649705,-18.391439,-10.902669
13.388672,-18.481741,-11.575331,-18.441183,-10.942516
13.390625,-18.534197,-11.527694,-18.500208,-10.899484
13.392578,-18.584949,-11.701079,-18.542624,-10.992401
13.394531,-18.63027,-11.795543,-18.580412,-11.077151
13.396484,-18.668421,-11.628276,-18.635515,-10.953012
13.398438,-18.714344,-11.519699,-18.662424,-10.88512
13.400391,-18.752981,-11.72206,-18.702415,-11.056205
13.402344,-18.781574,-11.914487,-18.751118,-11.156468
13.404297,-18.835047,-11.784017,-18.793358,-11.081861
13.40625,-18.881128,-11.655981,-18.837952,-11.038967
13.408203,-18.918259,-11.804607,-18.87501,-11.110718
13.410156,-18.955748,-11.911446,-18.912571,-11.150414
13.412109,-18.987566,-11.778826,-18.950014,-11.1079
13.414063,-19.028475,-11.691163,-18.993795,-11.118006
13.416016,-19.075312,-11.874593,-19.039761,-11.202647
13.417969,-19.098761,-12.026227,-19.09679,-11.230154
13.419922,-19.123384,-11.876705,-19.119879,-11.151114
13.421875,-19.178068,-11.719561,-19.146099,-11.109114
13.423828,-19.203459,-11.921958,-19.197393,-11.145277
13.425781,-19.235432,-12.153882,-19.220081,-11.26445
13.427734,-19.280754,-11.93141,-19.243317,-11.334847
13.429688,-19.302284,-11.732076,-19.278954,-11.233951
13.431641,-19.334343,-11.922389,-19.310297,-11.213229
13.433594,-19.367598,-12.109311,-19.334637,-11.374521
13.435547,-19.393648,-12.053753,-19.349976,-11.426454
13.4375,-19.420475,-11.899796,-19.376675,-11.288144
13.439453,-19.451172,-11.928205,-19.420042,-11.267045
13.441406,-19.485266,-12.11262,-19.436325,-11.471027
13.443359,-19.503481,-12.152171,-19.470953,-11.521881
13.445313,-19.532608,-11.976015,-19.493525,-11.282602
13.447266,-19.561754,-11.888479,-19.507635,-11.23846
13.449219,-19.575891,-12.107967,-19.553879,-11.458313
13.451172,-19.606064,-12.233879,-19.562721,-11.546077
13.453125,-19.625368,-12.041936,-19.590939,-11.388865
13.455078,-19.639545,-11.958133,-19.623775,-11.264908
13.457031,-19.659233,-12.13343,-19.647755,-11.440488
13.458984,-19.695625,-12.25048,-19.688028,-11.574303
13.460938,-19.717558,-12.151967,-19.705738,-11.396607
13.462891,-19.727718,-12.03994,-19.72225,-11.246445
13.464844,-19.762833,-12.022435,-19.724148,-11.368854
13.466797,-19.770281,-12.137731,-19.743515,-11.555726
13.46875,-19.783281,-12.225333,-19.759129,-11.536911
13.470703,-19.797762,-12.078703,-19.759476,-11.460382
13.472656,-19.811306,-12.079218,-19.786194,-11.515059
13.474609,-19.832527,-12.295362,-19.803869,-11.592873
13.476563,-19.828619,-12.28994,-19.819788,-11.569147
13.478516,-19.853676,-12.085602,-19.826689,-11.483852
13.480469,-19.873768,-12.084262,-19.834637,-11.462955
13.482422,-19.872751,-12.306724,-19.852268,-11.517196
13.484375,-19.892105,-12.267157,-19.859192,-11.58974
13.486328,-19.907131,-12.038228,-19.861252,-11.579
13.488281,-19.918945,-12.118546,-19.880505,-11.498734
13.490234,-19.92341,-12.308174,-19.899622,-11.499758
13.492188,-19.924227,-12.240603,-19.895861,-11.589552
13.494141,-19.93483,-12.084409,-19.904808,-11.576742
13.496094,-19.937323,-12.168781,-19.93082,-11.464634
13.498047,-19.935658,-12.326786,-19.948692,-11.491128
13.5,-19.946033,-12.255672,-19.937517,-11.595197
13.501953,-19.958721,-12.172746,-19.924932,-11.53775
13.503906,-19.960392,-12.236579,-19.949053,-11.438835
13.505859,-19.964884,-12.244579,-19.938871,-11.537431
13.507813,-19.965174,-12.180399,-19.933598,-11.619983
13.509766,-19.963139,-12.17475,-19.957289,-11.557377
13.511719,-19.967413,-12.19535,-19.944857,-11.562398
13.513672,-19.96175,-12.210225,-19.932198,-11.564487
13.515625,-19.97438,-12.186909,-19.937027,-11.537268
13.517578,-19.973829,-12.179702,-19.950495,-11.540209
13.519531,-19.964243,-12.118353,-19.940296,-11.519626
13.521484,-19.97332,-12.003221,-19.942389,-11.555735
13.523438,-19.96213,-11.963829,-19.951857,-11.529834
13.525391,-19.960613,-11.874461,-19.938519,-11.443176
13.527344,-19.960842,-11.780438,-19.943205,-11.434792
13.529297,-19.960251,-11.717013,-19.95396,-11.423136
13.53125,-19.956354,-11.700899,-19.952091,-11.340131
13.533203,-19.952629,-11.624067,-19.934359,-11.281776
13.535156,-19.953852,-11.567202,-19.926702,-11.215061
13.537109,-19.940313,-11.753035,-19.933901,-11.134049
13.539063,-19.933617,-11.790743,-19.937002,-11.143703
13.541016,-19.907518,-11.603815,-19.932503,-11.004481
13.542969,-19.909252,-11.551207,-19.925423,-11.017378
13.544922,-19.911016,-11.725431,-19.919928,-11.268823
13.546875,-19.882212,-11.820497,-19.914955,-11.194294
13.548828,-19.884691,-11.574714,-19.910826,-10.945317
13.550781,-19.864859,-11.426147,-19.876822,-10.980942
13.552734,-19.84375,-11.652074,-19.852299,-11.186225
13.554688,-19.833347,-11.726563,-19.849546,-11.133158
13.556641,-19.820211,-11.545304,-19.828241,-11.006971
13.558594,-19.806255,-11.500755,-19.816149,-11.106903
13.560547,-19.781984,-11.602348,-19.811785,-11.175147
13.5625,-19.763826,-11.611104,-19.800741,-11.040357
13.564453,-19.748297,-11.464397,-19.777348,-10.910871
13.566406,-19.733927,-11.427215,-19.746429,-10.941961
13.568359,-19.715979,-11.561589,-19.725868,-11.01035
13.570313,-19.689489,-11.551658,-19.710592,-10.954908
13.572266,-19.657934,-11.354287,-19.683174,-10.913035
13.574219,-19.638973,-11.326503,-19.672968,-10.970226
13.576172,-19.619932,-11.524927,-19.642206,-10.954231
13.578125,-19.601713,-11.590039,-19.596182,-10.852271
13.580078,-19.577681,-11.357278,-19.585539,-10.782537
13.582031,-19.549147,-11.145279,-19.569109,-10.90277
13.583984,-19.530865,-11.293169,-19.553366,-11.002072
13.585938,-19.499825,-11.500715,-19.528322,-10.803054
13.587891,-19.471901,-11.328992,-19.499723,-10.595033
13.589844,-19.447098,-11.084823,-19.461699,-10.673558
13.591797,-19.40521,-11.223046,-19.430696,-10.844659
13.59375,-19.372669,-11.391327,-19.402967,-10.752641
13.595703,-19.345715,-11.226395,-19.369513,-10.587668
13.597656,-19.314024,-11.098957,-19.343559,-10.68292
13.599609,-19.28451,-11.216604,-19.315676,-10.794204
13.601563,-19.242519,-11.2378,-19.287033,-10.661605
13.603516,-19.208416,-11.056913,-19.245506,-10.501503
13.605469,-19.186916,-10.986454,-19.21604,-10.543323
13.607422,-19.148256,-11.146449,-19.176214,-10.632418
13.609375,-19.104399,-11.18578,-19.150272,-10.548911
13.611328,-19.073788,-10.907184,-19.120071,-10.407689
13.613281,-19.043266,-10.815226,-19.08029,-10.443605
13.615234,-19.002506,-11.081485,-19.041821,-10.514014
13.617188,-18.964422,-11.088256,-18.991537,-10.402897
13.619141,-18.925724,-10.773319,-18.967701,-10.298528
13.621094,-18.89607,-10.747926,-18.938858,-10.396605
13.623047,-18.852449,-10.979386,-18.893532,-10.477694
13.625,-18.800716,-10.942698,-18.842993,-10.288001
13.626953,-18.76157,-10.664782,-18.811357,-10.084825
13.628906,-18.716743,-10.651992,-18.747467,-10.229494
13.630859,-18.681652,-10.901083,-18.703899,-10.420262
13.632813,-18.626598,-10.862922,-18.671673,-10.223462
13.634766,-18.587454,-10.561089,-18.587593,-10.029588
13.636719,-18.554825,-10.494001,-18.564768,-10.178488
13.638672,-18.500603,-10.744645,-18.53989,-10.291757
13.640625,-18.45541,-10.755488,-18.501518,-10.145566
13.642578,-18.401178,-10.421129,-18.461929,-9.9217739
13.644531,-18.351746,-10.355265,-18.402584,-9.8788242
13.646484,-18.302759,-10.602383,-18.359488,-9.9716339
13.648438,-18.252748,-10.682332,-18.308592,-9.9485101
13.650391,-18.204315,-10.44082,-18.265844,-9.8573675
13.652344,-18.153702,-10.243919,-18.215521,-9.8607883
13.654297,-18.101267,-10.341896,-18.157339,-9.8935384
13.65625,-18.043018,-10.474202,-18.10153,-9.8230791
13.658203,-18.0035,-10.356248,-18.041849,-9.7414407
13.660156,-17.957695,-10.174818,-18.00799,-9.7727766
13.662109,-17.89085,-10.219042,-17.949059,-9.7964277
13.664063,-17.850359,-10.248405,-17.867752,-9.7026405
13.666016,-17.796314,-10.117465,-17.819391,-9.5622358
13.667969,-17.725107,-10.07648,-17.766493,-9.5912828
13.669922,-17.6689,-10.091166,-17.720482,-9.7335634
13.671875,-17.605186,-10.085896,-17.670506,-9.6274509
13.673828,-17.557791,-10.10002,-17.601746,-9.3904876
13.675781,-17.50009,-10.059857,-17.541656,-9.366661
13.677734,-17.429543,-9.9477014,-17.487068,-9.4746685
13.679688,-17.378157,-9.833539,-17.422144,-9.4698286
13.681641,-17.313116,-9.8760805,-17.361748,-9.3516817
13.683594,-17.249243,-9.9597549,-17.317341,-9.2887153
13.685547,-17.202721,-9.8330879,-17.253119,-9.3236646
13.6875,-17.135851,-9.7010936,-17.166155,-9.2921705
13.689453,-17.05662,-9.7303304,-17.107086,-9.1391143
13.691406,-16.994841,-9.715167,-17.062035,-9.1077337
13.693359,-16.934654,-9.651021,-16.985247,-9.2798862
13.695313,-16.871504,-9.6856365,-16.922022,-9.2603654
13.697266,-16.803015,-9.6790819,-16.861343,-8.9416837
13.699219,-16.727427,-9.5187854,-16.786467,-8.8752765
13.701172,-16.663477,-9.4030304,-16.734398,-9.0884552
13.703125,-16.610106,-9.5043783,-16.661966,-9.0867452
13.705078,-16.535978,-9.591649,-16.591629,-8.8472843
13.707031,-16.461494,-9.3985261,-16.533638,-8.7352924
13.708984,-16.397148,-9.1657495,-16.446281,-8.8691787
13.710938,-16.3186,-9.2796154,-16.381563,-8.9036769
13.712891,-16.253435,-9.4759864,-16.315393,-8.7333211
13.714844,-16.184208,-9.3031492,-16.234236,-8.6518697
13.716797,-16.120478,-9.0713253,-16.173103,-8.7429142
13.71875,-16.046446,-9.1027879,-16.114286,-8.7211532
13.720703,-15.964109,-9.1953868,-16.051962,-8.5460395
13.722656,-15.902179,-9.0939159,-15.991855,-8.4627466
13.724609,-15.823178,-8.9482212,-15.896942,-8.4667272
13.726563,-15.752956,-8.9896812,-15.815116,-8.4367351
13.728516,-15.677421,-9.0148277,-15.749284,-8.3551321
13.730469,-15.602771,-8.9307327,-15.661639,-8.4181146
13.732422,-15.526665,-8.8219356,-15.596312,-8.4918556
13.734375,-15.443773,-8.7827701,-15.508537,-8.3223066
13.736328,-15.360203,-8.8148584,-15.429859,-8.1758546
13.738281,-15.276026,-8.7906503,-15.361572,-8.2451715
13.740234,-15.212978,-8.7135372,-15.289751,-8.2967767
13.742188,-15.12252,-8.6622514,-15.214052,-8.1148433
13.744141,-15.045852,-8.6387872,-15.122084,-7.9483485
13.746094,-14.976358,-8.5614719,-15.055056,-7.9985923
13.748047,-14.884366,-8.4983739,-14.972584,-8.0874261
13.75,-14.801013,-8.4583091,-14.872481,-8.0154581
13.751953,-14.722649,-8.4212484,-14.791833,-7.8091158
13.753906,-14.65408,-8.4454555,-14.708447,-7.7858662
13.755859,-14.56711,-8.4171075,-14.62622,-7.9686374
13.757813,-14.47335,-8.2526941,-14.539614,-7.9473099
13.759766,-14.387229,-8.1254282,-14.463755,-7.6525678
13.761719,-14.305488,-8.235177,-14.401557,-7.540925
13.763672,-14.222243,-8.3281698,-14.282513,-7.7286663
13.765625,-14.12547,-8.1438217,-14.200033,-7.6742205
13.767578,-14.039337,-7.954545,-14.135062,-7.3601679
13.769531,-13.955636,-8.0250387,-14.039559,-7.4243407
13.771484,-13.865184,-8.1281385,-13.9651,-7.6771054
13.773438,-13.780357,-7.9817018,-13.85234,-7.4604277
13.775391,-13.688745,-7.8019342,-13.766932,-7.1048336
13.777344,-13.595217,-7.8323378,-13.688211,-7.207097
13.779297,-13.514904,-7.8862514,-13.591471,-7.5020237
13.78125,-13.425586,-7.781342,-13.513844,-7.3541498
13.783203,-13.32571,-7.6578359,-13.404268,-6.9284315
13.785156,-13.247048,-7.6353755,-13.306858,-6.8975224
13.787109,-13.156114,-7.6291127,-13.219396,-7.1832504
13.789063,-13.063334,-7.5686888,-13.140428,-7.2399215
13.791016,-12.981025,-7.4752349,-13.045581,-6.944621
13.792969,-12.882106,-7.4454541,-12.929383,-6.7329168
13.794922,-12.784028,-7.4355521,-12.847673,-6.8288416
13.796875,-12.681625,-7.3265376,-12.757865,-6.9249773
13.798828,-12.596569,-7.2685704,-12.663181,-6.8361992
13.800781,-12.500653,-7.3519148,-12.556345,-6.6415748
13.802734,-12.394938,-7.3362464,-12.467634,-6.5498356
13.804688,-12.310972,-7.0913529,-12.389581,-6.632133
13.806641,-12.218282,-6.9806208,-12.278144,-6.6520981
13.808594,-12.119853,-7.1397914,-12.170115,-6.4514551
13.810547,-12.016689,-7.1083378,-12.065554,-6.2736754
13.8125,-11.910307,-6.8222932,-11.984102,-6.3827786
13.814453,-11.812437,-6.7667613,-11.882081,-6.5301094
13.816406,-11.726297,-6.9916811,-11.772705,-6.3742075
13.818359,-11.618057,-6.983159,-11.681588,-6.0467996
13.820313,-11.517553,-6.6461744,-11.577148,-6.0262804
13.822266,-11.42347,-6.4789691,-11.490727,-6.2596592
13.824219,-11.317243,-6.7076034,-11.394292,-6.1941113
13.826172,-11.219148,-6.7668094,-11.289208,-5.867896
13.828125,-11.112575,-6.4294948,-11.189727,-5.7476286
13.830078,-11.020286,-6.2909836,-11.092881,-5.9059739
13.832031,-10.917415,-6.4808821,-10.988128,-5.9581804
13.833984,-10.810558,-6.5146303,-10.885227,-5.7459201
13.835938,-10.715491,-6.2072081,-10.782158,-5.5609202
13.837891,-10.607879,-6.0626263,-10.651886,-5.6310758
13.839844,-10.497725,-6.2427306,-10.564465,-5.701972
13.841797,-10.398177,-6.2523531,-10.472465,-5.5622487
13.84375,-10.2971,-6.0255851,-10.355131,-5.4484534
13.845703,-10.190557,-5.9208807,-10.260559,-5.3999762
13.847656,-10.087211,-5.9751987,-10.15171,-5.318305
13.849609,-9.9864025,-5.9398822,-10.044066,-5.2458562
13.851563,-9.8730602,-5.7911586,-9.9414358,-5.203042
13.853516,-9.7566108,-5.7081565,-9.8296842,-5.169063
13.855469,-9.6638469,-5.7059221,-9.7106056,-5.0957984
13.857422,-9.5534677,-5.7043652,-9.6136093,-4.9969329
13.859375,-9.4465932,-5.6517987,-9.5139217,-4.9661788
13.861328,-9.3425092,-5.4606671,-9.4021129,-4.9645109
13.863281,-9.2223253,-5.3389825,-9.2995824,-4.8321209
13.865234,-9.1134948,-5.3970408,-9.1881418,-4.6624584
13.867188,-9.0114202,-5.4099969,-9.0719728,-4.6465568
13.869141,-8.9061069,-5.2898502,-8.9528141,-4.6780691
13.871094,-8.7964916,-5.1444006,-8.845458,-4.5823173
13.873047,-8.6889295,-5.0939784,-8.7381162,-4.4643044
13.875,-8.5725793,-5.0764927,-8.6179103,-4.4662675
13.876953,-8.4637336,-4.9917964,-8.496541,-4.4179401
13.878906,-8.3608818,-4.8709106,-8.4051265,-4.2372036
13.880859,-8.2389469,-4.8580875,-8.3105239,-4.1744694
13.882813,-8.1234779,-4.846806,-8.1753444,-4.2314839
13.884766,-8.0239248,-4.6984357,-8.0646791,-4.0906944
13.886719,-7.9049477,-4.6108946,-7.9686694,-3.8076963
13.888672,-7.7871432,-4.6262955,-7.8436765,-3.8416187
13.890625,-7.6726465,-4.5379495,-7.7240257,-4.0372266
13.892578,-7.55618,-4.3838825,-7.6272244,-3.830985
13.894531,-7.453577,-4.3628749,-7.5192337,-3.5110688
13.896484,-7.3375802,-4.3797507,-7.3907203,-3.5738315
13.898438,-7.2183818,-4.2436413,-7.2841453,-3.6979196
13.900391,-7.0967345,-4.038856,-7.1722283,-3.4773995
13.902344,-6.9859776,-3.997945,-7.0335655,-3.2444326
13.904297,-6.8887429,-4.0923557,-6.9165096,-3.3156321
13.90625,-6.7665381,-4.0435075,-6.8158483,-3.3845019
13.908203,-6.655384,-3.7781786,-6.7066435,-3.2279961
13.910156,-6.5304656,-3.575726,-6.5772867,-3.0304873
13.912109,-6.4069023,-3.6513309,-6.4604187,-2.9460775
13.914063,-6.3079352,-3.7614469,-6.3466391,-2.8830132
13.916016,-6.1834425,-3.6410055,-6.2231364,-2.8480136
13.917969,-6.0597133,-3.3764338,-6.1186494,-2.7907238
13.919922,-5.9505176,-3.2357051,-6.0180439,-2.6482055
13.921875,-5.837512,-3.3472971,-5.8963818,-2.5537712
13.923828,-5.7143631,-3.3888769,-5.7674641,-2.4774763
13.925781,-5.5991907,-3.1078307,-5.6641097,-2.345189
13.927734,-5.4817056,-2.8659627,-5.5577697,-2.2349884
13.929688,-5.3661303,-2.9487476,-5.4310016,-2.2456755
13.931641,-5.2458372,-3.0232894,-5.3044686,-2.1846993
13.933594,-5.1208353,-2.8380253,-5.1951575,-1.9177827
13.935547,-5.0122871,-2.5866923,-5.0717401,-1.8220212
13.9375,-4.8909683,-2.5582611,-4.9407925,-1.9677121
13.939453,-4.7646379,-2.6545844,-4.8211922,-1.857999
13.941406,-4.6504588,-2.5158271,-4.708517,-1.5376424
13.943359,-4.5299,-2.2570331,-4.5903286,-1.4842644
13.945313,-4.4070863,-2.2186532,-4.4620723,-1.6139104
13.947266,-4.2864651,-2.2569792,-4.3601875,-1.4396028
13.949219,-4.1644148,-2.1265633,-4.2363476,-1.0848563
13.951172,-4.056323,-1.9571639,-4.097886,-1.0500853
13.953125,-3.9301245,-1.8754998,-3.9775815,-1.1619453
13.955078,-3.8127012,-1.8371795,-3.863692,-1.0371831
13.957031,-3.6981,-1.7139555,-3.7433371,-0.79887706
13.958984,-3.5693817,-1.5666325,-3.609739,-0.72701645
13.960938,-3.4630844,-1.4912908,-3.5032961,-0.69286287
13.962891,-3.3314445,-1.4487509,-3.3910365,-0.54682159
13.964844,-3.211364,-1.3615528,-3.2625827,-0.41477355
13.966797,-3.0884554,-1.1531628,-3.1574683,-0.30989403
13.96875,-2.9690253,-1.0660091,-3.0431838,-0.18587252
13.970703,-2.8529181,-1.1042859,-2.8978247,-0.078740336
13.972656,-2.7192108,-1.0035601,-2.7786955,0.013957229
13.974609,-2.6063189,-0.76059967,-2.6632487,0.11026405
13.976563,-2.4774451,-0.61963618,-2.5269069,0.14760356
13.978516,-2.3582725,-0.66891789,-2.4133489,0.1667964
13.980469,-2.2409563,-0.6038478,-2.2845208,0.22077024
13.982422,-2.1200404,-0.37888983,-2.1594591,0.2179029
13.984375,-1.9951739,-0.19465524,-2.0509638,0.17492886
13.986328,-1.8679623,-0.16510892,-1.9398422,0.16749224
13.988281,-1.752539,-0.1519853,-1.8040926,0.21073693
13.990234,-1.6255778,-0.016501382,-1.6932429,0.28049168
13.992188,-1.5028119,0.13905033,-1.5873682,0.32620084
13.994141,-1.3807545,0.24186042,-1.4403626,0.24072304
13.996094,-1.2569168,0.26122716,-1.3274548,0.15391371
13.998047,-1.133975,0.31080389,-1.1943166,0.26563421
14.0,-1.006002,0.34088829,-1.0740698,0.33231452
14.001953,-0.88429952,0.27640235,-0.96031809,0.18679458
14.003906,-0.75738019,0.27258196,-0.83414251,0.053317539
14.005859,-0.63310522,0.33525065,-0.71619236,0.22524536
14.007813,-0.51630688,0.32053366,-0.58147842,0.42666319
14.009766,-0.39338514,0.25824869,-0.45302111,0.27910268
14.011719,-0.27065042,0.30986395,-0.31337112,0.075495884
14.013672,-0.14911827,0.39600885,-0.19909972,0.16614664
14.015625,-0.026152406,0.3618533,-0.08428441,0.36472175
14.017578,0.092588618,0.25544003,0.049198329,0.26140606
14.019531,0.21691316,0.29379389,0.16994616,0.17275681
14.021484,0.353349,0.40198305,0.29083371,0.41654804
14.023438,0.46327952,0.37282428,0.40616125,0.62473541
14.025391,0.58550298,0.27580515,0.53490353,0.61890876
14.027344,0.7146011,0.23343731,0.66254318,0.62913579
14.029297,0.82638901,0.37061322,0.77164757,0.87860316
14.03125,0.96524566,0.45803553,0.90501487,1.1012116
14.033203,1.0810989,0.30411631,1.0297021,1.0948991
14.035156,1.197277,0.22834671,1.1337178,1.1690907
14.037109,1.3238669,0.32758424,1.2540782,1.4050241
14.039063,1.4394394,0.44675115,1.3687669,1.5873415
14.041016,1.5730179,0.48838058,1.4970099,1.6670634
14.042969,1.6910079,0.4546617,1.6344174,1.8140307
14.044922,1.8128756,0.55853081,1.7521048,2.016632
14.046875,1.94845,0.74349278,1.876239,2.0505805
14.048828,2.0591054,0.79518223,2.0120239,2.0631277
14.050781,2.1746745,0.79340374,2.1234605,2.292242
14.052734,2.3086788,0.89920813,2.2365136,2.5070004
14.054688,2.4276049,1.1939079,2.3712351,2.4858067
14.056641,2.5444424,1.4142421,2.4793877,2.5628459
14.058594,2.6724116,1.3776385,2.6001522,2.8629279
14.060547,2.7986493,1.4488873,2.7255697,2.9767758
14.0625,2.9137423,1.7604298,2.8405752,2.9382424
14.064453,3.0289497,1.9212043,2.9810838,3.0585403
14.066406,3.1474118,1.8839016,3.1138029,3.3130273
14.068359,3.2754087,2.0308587,3.231291,3.4235391
14.070313,3.39855,2.3276023,3.3346285,3.3052051
14.072266,3.5075516,2.4559512,3.4523646,3.3292431
14.074219,3.6333899,2.4022769,3.5776684,3.687298
14.076172,3.7632799,2.4825103,3.6917593,3.9694671
14.078125,3.8830068,2.8014943,3.8187041,3.8749156
14.080078,3.9875199,2.9610374,3.9334747,3.7969319
14.082031,4.1161098,2.8702962,4.0493497,4.0357589
14.083984,4.2347564,2.9238696,4.1826443,4.2984185
14.085938,4.346261,3.2742383,4.3003411,4.2825803
14.087891,4.4808826,3.4932043,4.430067,4.1900692
14.089844,4.5881905,3.3842508,4.5458436,4.3387389
14.091797,4.7165722,3.3809664,4.6456961,4.6084742
14.09375,4.8425855,3.6219742,4.7792553,4.6532197
14.095703,4.963706,3.8649585,4.8965535,4.5629143
14.097656,5.0873556,3.8472714,5.0234499,4.7657208
14.099609,5.1996898,3.7583422,5.1430373,5.0403513
14.101563,5.3150582,3.9765925,5.2537827,5.0128679
14.103516,5.4211602,4.2792801,5.3824524,4.8959898
14.105469,5.5487103,4.3254952,5.4986105,5.0186762
14.107422,5.6759433,4.2689919,5.5992794,5.3163785
14.109375,5.7868628,4.4379773,5.7107882,5.4050049
14.111328,5.9034104,4.6341066,5.8411212,5.2940139
14.113281,6.0241293,4.5846672,5.9501719,5.4293942
14.115234,6.1357398,4.5880527,6.0862903,5.7130436
14.117188,6.2537283,4.8262586,6.203145,5.6789202
14.119141,6.375019,5.0486578,6.3089041,5.5543937
14.121094,6.4880199,5.0343313,6.4312429,5.6865806
14.123047,6.6097593,4.923244,6.5391101,5.916994
14.125,6.7216987,5.0805091,6.6593647,6.0105319
14.126953,6.8318471,5.3866987,6.7740888,5.9836473
14.128906,6.9511551,5.4074163,6.8835487,6.0649685
14.130859,7.0688033,5.2839179,6.9972538,6.2216405
14.132813,7.1804585,5.4283795,7.1201214,6.2453641
14.134766,7.2894306,5.708714,7.2335958,6.264152
14.136719,7.417912,5.7402424,7.3474478,6.3939619
14.138672,7.5258898,5.6243834,7.4576497,6.4974904
14.140625,7.6328215,5.7258572,7.5701346,6.5038113
14.142578,7.7616934,5.9648122,7.6980724,6.5230722
14.144531,7.8683934,6.0379486,7.803442,6.7040085
14.146484,7.9746217,5.9840598,7.9039392,6.8445
14.148438,8.097126,6.0130839,8.0244073,6.7392821
14.150391,8.2183837,6.2234168,8.1335182,6.7500691
14.152344,8.3100462,6.3838248,8.2580614,7.0342078
14.154297,8.418909,6.2782135,8.3891735,7.1515474
14.15625,8.5414934,6.235877,8.481225,7.0103688
14.158203,8.6445217,6.5362901,8.6023788,6.9713859
14.160156,8.7569761,6.7779126,8.7162275,7.1604213
14.162109,8.8675117,6.574644,8.7998008,7.3634858
14.164063,8.9773769,6.4485521,8.9291915,7.3563461
14.166016,9.0955524,6.7866277,9.055829,7.3033337
14.167969,9.2036466,7.0259833,9.1525859,7.4725213
14.169922,9.3037157,6.8504672,9.2581234,7.6318454
14.171875,9.4216098,6.7100024,9.3655796,7.5331788
14.173828,9.5304851,6.9997768,9.4629173,7.4972019
14.175781,9.6431226,7.3179073,9.5756378,7.7113885
14.177734,9.7557849,7.1822753,9.6824302,7.9220223
14.179688,9.853198,6.9795093,9.7863178,7.9081225
14.181641,9.9645462,7.178368,9.8953943,7.7502441
14.183594,10.066854,7.4892602,9.9948663,7.8405342
14.185547,10.161572,7.4857678,10.111181,8.1030626
14.1875,10.277207,7.3338532,10.227209,8.1311836
14.189453,10.39283,7.454822,10.326708,8.0334243
14.191406,10.49824,7.7617578,10.433844,8.0624418
14.193359,10.599744,7.7205748,10.540823,8.222476
14.195313,10.695431,7.4781746,10.638712,8.308793
14.197266,10.802236,7.5914135,10.739571,8.2896642
14.199219,10.903015,7.9580631,10.832464,8.3157987
14.201172,11.009225,8.073656,10.934068,8.427267
14.203125,11.114044,7.8465251,11.041066,8.5684604
14.205078,11.206882,7.8067922,11.151744,8.6027574
14.207031,11.314471,8.0793542,11.256224,8.5485534
14.208984,11.422257,8.236186,11.355738,8.5515327
14.210938,11.518842,8.1417465,11.467492,8.6899185
14.212891,11.620011,8.0705928,11.567662,8.7975101
14.214844,11.717659,8.212737,11.664039,8.738738
14.216797,11.815569,8.3947219,11.765583,8.7089643
14.21875,11.918788,8.3819332,11.857306,8.8741149
14.220703,12.012738,8.3264665,11.952596,9.0351095
14.222656,12.120426,8.462738,12.047449,8.9843711
14.224609,12.216019,8.583476,12.144493,8.978343
14.226563,12.306778,8.5567045,12.251815,9.1219425
14.228516,12.408779,8.5199251,12.338894,9.1909122
14.230469,12.507444,8.6492404,12.457365,9.1781187
14.232422,12.607171,8.8243055,12.563365,9.178833
14.234375,12.700485,8.7811288,12.641525,9.2113847
14.236328,12.796013,8.6911068,12.742388,9.2423095
14.238281,12.887066,8.7910671,12.834517,9.3196058
14.240234,12.973986,8.9896774,12.931747,9.4219417
14.242188,13.071274,9.0145263,13.024996,9.4431686
14.244141,13.165298,8.9388418,13.118314,9.4823789
14.246094,13.25041,9.0075712,13.193837,9.569024
14.248047,13.347374,9.1336736,13.290091,9.5893907
14.25,13.445045,9.1792087,13.383152,9.5936889
14.251953,13.533697,9.1471748,13.462274,9.7357664
14.253906,13.62611,9.147253,13.584702,9.8074035
14.255859,13.720788,9.2414293,13.669147,9.7062149
14.257813,13.802446,9.3367967,13.747166,9.7162389
14.259766,13.896714,9.3498201,13.832739,9.806241
14.261719,13.986564,9.3379774,13.917727,9.8517217
14.263672,14.066792,9.4223308,14.01482,9.9267416
14.265625,14.167079,9.5013618,14.105352,10.063036
14.267578,14.2453,9.4843864,14.188117,10.053351
14.269531,14.332693,9.5141973,14.265711,9.9135303
14.271484,14.426203,9.5800905,14.359372,9.9998798
14.273438,14.503302,9.6453857,14.444424,10.227394
14.275391,14.592933,9.6563749,14.533131,10.239546
14.277344,14.680076,9.6326561,14.619125,10.112823
14.279297,14.758647,9.739171,14.699576,10.171157
14.28125,14.832355,9.8426742,14.787136,10.326852
14.283203,14.919316,9.7858009,14.855141,10.332737
14.285156,15.005892,9.7732257,14.93306,10.299457
14.287109,15.090452,9.9469509,15.039643,10.364118
14.289063,15.165983,10.028172,15.111784,10.502007
14.291016,15.238487,9.8978614,15.184423,10.56208
14.292969,15.328142,9.846528,15.271558,10.417808
14.294922,15.406086,10.058023,15.342595,10.386558
14.296875,15.484739,10.224122,15.416032,10.631421
14.298828,15.555188,10.066901,15.485065,10.762204
14.300781,15.639728,9.9489889,15.577308,10.60554
14.302734,15.718292,10.176557,15.663991,10.532938
14.304688,15.783038,10.401875,15.728692,10.777717
14.306641,15.864011,10.240808,15.813308,10.871017
14.308594,15.935343,10.074826,15.891059,10.660582
14.310547,16.02092,10.301904,15.951956,10.66956
14.3125,16.097307,10.525593,16.030458,10.918562
14.314453,16.166546,10.398623,16.109581,10.972978
14.316406,16.24188,10.216757,16.188646,10.859699
14.318359,16.318577,10.329783,16.262842,10.862124
14.320313,16.384642,10.583746,16.329973,10.992773
14.322266,16.445913,10.593616,16.391869,11.054737
14.324219,16.52323,10.411066,16.457872,10.972705
14.326172,16.589596,10.484756,16.539017,10.981776
14.328125,16.66254,10.740218,16.602314,11.165995
14.330078,16.727497,10.732479,16.671932,11.241902
14.332031,16.789946,10.537299,16.734579,11.113621
14.333984,16.862316,10.547695,16.797895,11.089665
14.335938,16.925461,10.794506,16.894064,11.252846
14.337891,17.001047,10.883496,16.953169,11.319805
14.339844,17.067671,10.723632,17.017582,11.228262
14.341797,17.119814,10.653119,17.0877,11.167405
14.34375,17.18581,10.795243,17.137255,11.28994
14.345703,17.24861,10.957799,17.206549,11.408148
14.347656,17.303988,10.941897,17.275961,11.359634
14.349609,17.363935,10.839581,17.347092,11.355574
14.351563,17.433861,10.903774,17.385778,11.460274
14.353516,17.498238,11.08036,17.43778,11.509183
14.355469,17.551554,11.070115,17.508724,11.435713
14.357422,17.613033,10.890759,17.562634,11.491318
14.359375,17.678076,10.901579,17.623058,11.660674
14.361328,17.738356,11.139956,17.684055,11.617184
14.363281,17.79277,11.220575,17.737577,11.491263
14.365234,17.847845,11.030498,17.795681,11.568187
14.367188,17.900297,10.973985,17.863596,11.726844
14.369141,17.956787,11.229676,17.906467,11.715334
14.371094,18.011974,11.378474,17.967203,11.611315
14.373047,18.072302,11.209291,18.032665,11.622426
14.375,18.129017,11.088155,18.079376,11.774079
14.376953,18.163031,11.259771,18.136156,11.817006
14.378906,18.215393,11.393985,18.183752,11.69287
14.380859,18.275948,11.292296,18.237808,11.707973
14.382813,18.321512,11.295623,18.27935,11.895926
14.384766,18.369423,11.431481,18.324963,11.96396
14.386719,18.420095,11.423168,18.386734,11.822142
14.388672,18.473116,11.353467,18.427105,11.809102
14.390625,18.525412,11.397838,18.482014,11.999768
14.392578,18.573074,11.483315,18.525904,12.029816
14.394531,18.610855,11.472784,18.565403,11.882214
14.396484,18.653124,11.409614,18.627411,11.875068
14.398438,18.710295,11.459203,18.684799,12.061184
14.400391,18.751431,11.616632,18.730989,12.131203
14.402344,18.785067,11.643583,18.742195,11.948525
14.404297,18.822592,11.475311,18.773252,11.836867
14.40625,18.869677,11.449387,18.826139,12.070662
14.408203,18.911867,11.699013,18.873951,12.340372
14.410156,18.955729,11.820798,18.914354,12.226081
14.412109,18.997515,11.60131,18.940931,11.974118
14.414063,19.029362,11.462246,18.992723,12.045368
14.416016,19.079168,11.642885,19.021402,12.301832
14.417969,19.113625,11.836102,19.061852,12.291301
14.419922,19.15144,11.775759,19.115982,12.058456
14.421875,19.189247,11.57305,19.145781,12.094481
14.423828,19.220762,11.621063,19.186636,12.346428
14.425781,19.256393,11.863783,19.218447,12.315186
14.427734,19.283096,11.882226,19.254686,12.095889
14.429688,19.322489,11.688123,19.298035,12.126418
14.431641,19.348127,11.681576,19.332043,12.365636
14.433594,19.373116,11.917587,19.353559,12.401567
14.435547,19.423695,11.943368,19.390299,12.194894
14.4375,19.444296,11.769831,19.41807,12.184814
14.439453,19.466694,11.766819,19.434446,12.448761
14.441406,19.496866,11.881625,19.476892,12.512544
14.443359,19.528671,11.947878,19.499866,12.303847
14.445313,19.574921,11.900009,19.518049,12.274549
14.447266,19.58742,11.854932,19.556871,12.465223
14.449219,19.62052,11.872364,19.569746,12.53113
14.451172,19.653936,11.862645,19.603235,12.406476
14.453125,19.665434,11.911098,19.639931,12.332793
14.455078,19.696949,11.951296,19.653032,12.467953
14.457031,19.717894,11.924078,19.692282,12.539256
14.458984,19.733978,11.938612,19.701927,12.395297
14.460938,19.756435,11.97611,19.721689,12.351645
14.462891,19.773449,11.981781,19.730711,12.49468
14.464844,19.790918,11.990305,19.735968,12.607072
14.466797,19.81291,12.017128,19.793184,12.52802
14.46875,19.835054,12.022613,19.809549,12.469374
14.470703,19.845346,12.001684,19.811874,12.581546
14.472656,19.858797,11.989875,19.833235,12.565269
14.474609,19.891262,12.02136,19.860434,12.43992
14.476563,19.903595,12.056876,19.88195,12.499362
14.478516,19.919456,12.025136,19.890333,12.656023
14.480469,19.935907,11.968775,19.904936,12.597234
14.482422,19.941858,12.017143,19.92046,12.435632
14.484375,19.963547,12.078972,19.931282,12.522267
14.486328,19.970066,12.051216,19.946127,12.703196
14.488281,19.981592,12.029088,19.963062,12.651875
14.490234,19.992462,12.044459,19.968821,12.500032
14.492188,20.00193,12.078396,19.966179,12.544096
14.494141,20.012552,12.073469,19.970535,12.692065
14.496094,20.016182,12.05518,19.992725,12.676335
14.498047,20.0275,12.059052,19.995829,12.580514
14.5,20.032034,12.071052,20.008543,12.598448
14.501953,20.035719,12.087418,20.021503,12.66337
14.503906,20.038452,12.077473,20.0126,12.658009
14.505859,20.045677,12.079192,20.027342,12.590937
14.507813,20.059595,12.096442,20.040678,12.599163
14.509766,20.07831,12.094585,20.034452,12.697702
14.511719,20.075281,12.071877,20.03274,12.702381
14.513672,20.06654,12.032834,20.056206,12.613148
14.515625,20.072739,11.991459,20.0529,12.620855
14.517578,20.075184,12.028892,20.061775,12.697399
14.519531,20.079987,12.084099,20.067467,12.676819
14.521484,20.071625,12.048749,20.049191,12.630986
14.523438,20.072487,12.001485,20.071966,12.628932
14.525391,20.074984,11.917735,20.064962,12.666236
14.527344,20.07122,11.831535,20.057636,12.662905
14.529297,20.073896,11.784766,20.080006,12.607612
14.53125,20.068474,11.687892,20.079149,12.654242
14.533203,20.071688,11.511844,20.06719,12.567716
14.535156,20.06245,11.180433,20.075226,12.429435
14.537109,20.048275,11.025805,20.075212,12.353474
14.539063,20.05681,11.206075,20.068417,12.175131
14.541016,20.046389,11.263965,20.065876,12.011713
14.542969,20.034836,11.095443,20.045923,11.642141
14.544922,20.020758,10.967691,20.050621,11.421732
14.546875,19.999775,11.082104,20.043503,11.672785
14.548828,19.992949,11.205697,20.01997,11.847357
14.550781,19.970169,11.127099,20.022301,11.659064
14.552734,19.951113,11.035412,19.998615,11.434987
14.554688,19.935371,11.08821,19.955875,11.626961
14.556641,19.917274,11.165013,19.940565,11.81445
14.558594,19.897881,11.073749,19.931135,11.646675
14.560547,19.875725,10.9535,19.908043,11.550938
14.5625,19.862568,10.993511,19.877577,11.686668
14.564453,19.829275,11.071089,19.856661,11.704459
14.566406,19.802191,10.991393,19.848169,11.52181
14.568359,19.791895,10.894568,19.823526,11.492038
14.570313,19.766951,10.99443,19.807867,11.605441
14.572266,19.741205,11.062788,19.799473,11.550473
14.574219,19.703222,10.88333,19.764132,11.377108
14.576172,19.681641,10.733961,19.737049,11.35032
14.578125,19.66976,10.8866,19.709562,11.459224
14.580078,19.638481,11.062324,19.675879,11.487881
14.582031,19.615524,10.871731,19.65156,11.37986
14.583984,19.583649,10.582011,19.618868,11.345035
14.585938,19.556698,10.674205,19.602316,11.425641
14.587891,19.537231,10.912808,19.572721,11.391991
14.589844,19.501574,10.848488,19.528629,11.269499
14.591797,19.470537,10.611837,19.508223,11.213163
14.59375,19.434595,10.57276,19.47366,11.278331
14.595703,19.407976,10.762698,19.420645,11.353069
14.597656,19.389515,10.78626,19.384554,11.227552
14.599609,19.342838,10.608488,19.366278,11.117437
14.601563,19.305311,10.493102,19.33934,11.273409
14.603516,19.267733,10.463916,19.301064,11.342184
14.605469,19.232767,10.59527,19.266924,11.048421
14.607422,19.197378,10.716809,19.239614,10.840033
14.609375,19.149536,10.597695,19.208303,11.059945
14.611328,19.129824,10.374278,19.162762,11.254366
14.613281,19.088333,10.368791,19.115089,11.008195
14.615234,19.041698,10.552697,19.08164,10.734385
14.617188,18.998922,10.447732,19.035114,10.954128
14.619141,18.959047,10.193091,19.004057,11.234872
14.621094,18.926857,10.279212,18.969608,10.968056
14.623047,18.873606,10.551467,18.900188,10.625177
14.625,18.84063,10.431825,18.870956,10.771894
14.626953,18.799303,10.057922,18.83602,11.047069
14.628906,18.759659,10.112808,18.777563,10.950926
14.630859,18.714338,10.366734,18.746281,10.602041
14.632813,18.663202,10.266156,18.70039,10.567425
14.634766,18.623013,9.9542779,18.659788,10.86359
14.636719,18.572598,9.9646005,18.626074,10.834581
14.638672,18.532074,10.25779,18.563593,10.474532
14.640625,18.483057,10.257771,18.514208,10.403092
14.642578,18.430689,9.9072351,18.478548,10.655951
14.644531,18.379559,9.7539119,18.426111,10.731092
14.646484,18.32513,10.036308,18.378904,10.487753
14.648438,18.275654,10.19492,18.327734,10.317945
14.650391,18.223978,9.9069442,18.250956,10.465251
14.652344,18.168522,9.6736125,18.209124,10.570807
14.654297,18.111961,9.8396768,18.157618,10.40097
14.65625,18.051291,10.018084,18.095018,10.318612
14.658203,18.003189,9.8374977,18.042519,10.414879
14.660156,17.955845,9.5991115,17.96748,10.40301
14.662109,17.888752,9.7237644,17.917595,10.245336
14.664063,17.836439,9.8497219,17.875149,10.201795
14.666016,17.785591,9.6059608,17.824514,10.325908
14.667969,17.726234,9.4515552,17.759199,10.297986
14.669922,17.672161,9.6128501,17.702839,10.017762
14.671875,17.611029,9.6915903,17.658134,9.9032592
14.673828,17.549332,9.4728727,17.582144,10.153483
14.675781,17.487001,9.2916994,17.513582,10.210582
14.677734,17.428923,9.4582643,17.456451,9.8942661
14.679688,17.358669,9.6223716,17.403467,9.8301181
14.681641,17.297718,9.4178533,17.358196,10.12177
14.683594,17.249817,9.1570844,17.282804,10.127233
14.685547,17.179054,9.2774276,17.220886,9.6839075
14.6875,17.11603,9.4345569,17.151421,9.5049896
14.689453,17.054478,9.1500606,17.08535,9.8982706
14.691406,16.991823,8.9552545,17.039528,10.074617
14.693359,16.924149,9.2121038,16.964695,9.7009925
14.695313,16.846922,9.3584232,16.902128,9.4355154
14.697266,16.790419,9.0526475,16.834463,9.6206417
14.699219,16.722622,8.8296766,16.77636,9.8146381
14.701172,16.638479,9.0866928,16.722078,9.5984993
14.703125,16.570019,9.1850624,16.649771,9.3379507
14.705078,16.505459,8.8676528,16.573282,9.4177885
14.707031,16.441957,8.761569,16.490801,9.5464363
14.708984,16.369907,8.979309,16.421234,9.4379119
14.710938,16.288582,8.9704475,16.353647,9.329463
14.712891,16.222387,8.6516809,16.286434,9.440731
14.714844,16.155666,8.5740108,16.204859,9.4742546
14.716797,16.073475,8.8461437,16.116144,9.2335033
14.71875,15.99966,8.8612785,16.037951,9.0687608
14.720703,15.924145,8.5083179,15.95323,9.2388658
14.722656,15.849918,8.4172306,15.901161,9.4093504
14.724609,15.784336,8.6461715,15.83607,9.2278947
14.726563,15.705009,8.7045707,15.749323,8.9636373
14.728516,15.627226,8.4210443,15.686343,8.9307479
14.730469,15.552697,8.1819677,15.603317,9.0033588
14.732422,15.476322,8.3694248,15.535994,8.9929733
14.734375,15.394869,8.5714387,15.46455,8.879384
14.736328,15.316909,8.3424539,15.387388,8.8117437
14.738281,15.230789,8.0620307,15.305793,8.8240461
14.740234,15.151699,8.1647949,15.207006,8.8067894
14.742188,15.076907,8.3662872,15.131942,8.7004079
14.744141,14.980401,8.2516765,15.047679,8.6770381
14.746094,14.906918,7.9526157,14.958913,8.8259811
14.748047,14.827758,7.9333,14.876394,8.7336473
14.75,14.750444,8.1721668,14.791904,8.4807443
14.751953,14.666428,8.1015358,14.715737,8.5079793
14.753906,14.576916,7.755557,14.629958,8.6093521
14.755859,14.491935,7.6845336,14.560914,8.4919748
14.757813,14.404622,7.9335908,14.466258,8.3090581
14.759766,14.333797,7.9822468,14.365276,8.3006773
14.761719,14.238605,7.702331,14.300334,8.3426675
14.763672,14.148673,7.5162854,14.199974,8.349389
14.765625,14.065446,7.6184582,14.121065,8.3040103
14.767578,13.982747,7.7571349,14.033748,8.1515665
14.769531,13.888142,7.6217818,13.940072,8.116373
14.771484,13.792759,7.3948216,13.861599,8.1605968
14.773438,13.711654,7.3797283,13.771365,8.0882368
14.775391,13.615745,7.5392484,13.682383,7.9779186
14.777344,13.529248,7.5055513,13.59248,7.9322748
14.779297,13.43515,7.2413554,13.503774,7.9276375
14.78125,13.34355,7.1790099,13.40885,7.8972539
14.783203,13.259798,7.3023691,13.318257,7.8258323
14.785156,13.171255,7.2915229,13.214416,7.7732658
14.787109,13.071988,7.0880699,13.134295,7.7616019
14.789063,12.976083,6.9609909,13.039047,7.7363228
14.791016,12.88342,7.0344715,12.932586,7.6742739
14.792969,12.792145,7.0995392,12.842751,7.56393
14.794922,12.707593,6.9892501,12.73912,7.5326771
14.796875,12.598573,6.8356127,12.64775,7.5646734
14.798828,12.512076,6.7909545,12.55701,7.5165987
14.800781,12.419786,6.7767,12.449862,7.40561
14.802734,12.327187,6.7762289,12.353471,7.2997374
14.804688,12.232904,6.6877889,12.274018,7.2935929
14.806641,12.115266,6.5684022,12.166431,7.3252048
14.808594,12.029716,6.532556,12.062246,7.2198443
14.810547,11.926695,6.5352778,11.983709,7.0289335
14.8125,11.823317,6.5766639,11.89637,7.0763335
14.814453,11.723529,6.4812121,11.797817,7.1863803
14.816406,11.623759,6.3064527,11.685955,6.9428768
14.818359,11.536098,6.2745876,11.571507,6.6790919
14.820313,11.420369,6.3361086,11.474969,6.8153953
14.822266,11.327227,6.2494349,11.383055,7.0693635
14.824219,11.234039,6.0455961,11.28194,6.9405465
14.826172,11.122341,6.0394921,11.173791,6.5886478
14.828125,11.026317,6.119275,11.08289,6.5060095
14.830078,10.918533,5.9962663,10.983768,6.70436
14.832031,10.806569,5.8312082,10.861343,6.7084384
14.833984,10.71261,5.8341612,10.753358,6.3700614
14.835938,10.609113,5.9054794,10.670939,6.2799563
14.837891,10.498587,5.8522205,10.572957,6.5522165
14.839844,10.40601,5.6201577,10.445638,6.5624003
14.841797,10.295627,5.514615,10.351466,6.1162676
14.84375,10.185781,5.6249485,10.23777,5.9187612
14.845703,10.086267,5.6017208,10.121996,6.3082346
14.847656,9.9797029,5.3726687,10.036884,6.4143481
14.849609,9.877036,5.3038649,9.9248495,6.0107274
14.851563,9.7663641,5.4147787,9.8074693,5.8225288
14.853516,9.6576499,5.3298935,9.7104072,5.9637126
14.855469,9.5484638,5.1095352,9.6118173,5.9947085
14.857422,9.441185,5.0537433,9.4957561,5.7905831
14.859375,9.3366174,5.1524257,9.3910455,5.591114
14.861328,9.2170906,5.1055312,9.281496,5.6693186
14.863281,9.1064691,4.8776445,9.1735744,5.8294744
14.865234,9.0057201,4.7594609,9.0627765,5.5993852
14.867188,8.8897562,4.8679838,8.9609127,5.318964
14.869141,8.7806386,4.8834853,8.8563585,5.4205913
14.871094,8.6740493,4.5932698,8.7315053,5.5733876
14.873047,8.5665769,4.4496746,8.6399784,5.3492565
14.875,8.4627285,4.6006465,8.5254554,5.0663347
14.876953,8.340578,4.580893,8.408102,5.1625714
14.878906,8.2382879,4.2643966,8.3004894,5.2550191
14.880859,8.1355648,4.1122894,8.175889,5.0719423
14.882813,8.0102739,4.3215379,8.0690965,4.8969574
14.884766,7.8955497,4.3222098,7.9584441,4.9661765
14.886719,7.78163,3.9678552,7.8436865,5.0183601
14.888672,7.6718745,3.8543186,7.7288508,4.8104209
14.890625,7.5615959,4.0811495,7.6236038,4.6223282
14.892578,7.4490027,4.0655059,7.517951,4.6577577
14.894531,7.3334207,3.669887,7.3937573,4.7232861
14.896484,7.2184243,3.509164,7.2807841,4.5375499
14.898438,7.1036419,3.6753823,7.1782155,4.2860083
14.900391,6.981975,3.6946866,7.0516095,4.374165
14.902344,6.8702797,3.4591665,6.9408865,4.5169034
14.904297,6.7599463,3.287383,6.8294539,4.275968
14.90625,6.6336159,3.3396163,6.7054781,4.0079131
14.908203,6.5148601,3.3220455,6.591959,4.0788445
14.910156,6.4110121,3.1149296,6.46876,4.1927433
14.912109,6.2874851,3.0027778,6.3638019,3.9964182
14.914063,6.1723828,3.0530808,6.2439107,3.7664179
14.916016,6.0562582,2.9353654,6.1295127,3.8157179
14.917969,5.9282422,2.7174532,6.0254859,3.8518641
14.919922,5.8293948,2.6588428,5.9043788,3.6468486
14.921875,5.7189526,2.7094254,5.7951231,3.431101
14.923828,5.5911517,2.6499056,5.6767482,3.4689528
14.925781,5.4735231,2.3524985,5.5442791,3.5154933
14.927734,5.3661594,2.1861531,5.4256229,3.3298201
14.929688,5.2441825,2.3264517,5.3134431,3.1810431
14.931641,5.1134223,2.3396694,5.1931948,3.246134
14.933594,5.0015993,1.9976712,5.0682578,3.232336
14.935547,4.8864083,1.8226894,4.9504957,2.9836611
14.9375,4.769988,2.0068187,4.8454966,2.8273692
14.939453,4.6428976,1.9551414,4.720921,2.9072184
14.941406,4.5209245,1.6262556,4.5885167,2.8907258
14.943359,4.4090857,1.4772936,4.4620208,2.5947496
14.945313,4.2815461,1.5953657,4.3474493,2.4377226
14.947266,4.1584577,1.5615572,4.2294025,2.5956044
14.949219,4.0412826,1.2515268,4.097259,2.6345222
14.951172,3.9337277,1.1060744,3.975306,2.3084981
14.953125,3.8158822,1.1382348,3.8608744,2.0502567
14.955078,3.6902833,1.0557518,3.7378745,2.2250757
14.957031,3.5769934,0.78561658,3.6191048,2.2829442
14.958984,3.4628548,0.64472401,3.5009703,1.9045258
14.960938,3.3445656,0.70707732,3.3797624,1.6519327
14.962891,3.2146272,0.61199862,3.2911658,1.8103953
14.964844,3.095776,0.36733913,3.168369,1.8686015
14.966797,2.9787786,0.2388753,3.0211007,1.5047791
14.96875,2.8598344,0.30121198,2.9062204,1.1716817
14.970703,2.7376706,0.21078755,2.786484,1.3059673
14.972656,2.603656,-0.054919135,2.655713,1.556319
14.974609,2.4831616,-0.19254324,2.5267286,1.3160278
14.976563,2.3603489,-0.13252473,2.4067819,0.87956709
14.978516,2.2397139,-0.049161118,2.2898225,0.87997478
14.980469,2.1250357,-0.10134405,2.172923,1.1015387
14.982422,1.9990918,-0.20076227,2.0477924,0.90664846
14.984375,1.8785598,-0.23757611,1.918182,0.44247863
14.986328,1.7605142,-0.18023412,1.8030016,0.377397
14.988281,1.6323199,-0.14238581,1.6792848,0.61773086
14.990234,1.5092513,-0.15339375,1.5459101,0.53246903
14.992188,1.3895243,-0.20545422,1.425138,0.093980074
14.994141,1.2614113,-0.19367561,1.3006351,-0.028191637
14.996094,1.1371647,-0.12792423,1.1948461,0.2249956
14.998047,1.0266751,-0.16647999,1.080191,0.15515938
15.0,0.9078511,-0.2074881,0.95101845,-0.24067341
15.001953,0.78396434,-0.18512943,0.83969933,-0.36891162
15.003906,0.65493464,-0.17552872,0.70915025,-0.098604456
15.005859,0.53018647,-0.19621253,0.58549297,0.043977074
15.007813,0.41185763,-0.21442257,0.45645079,-0.18449172
15.009766,0.27171394,-0.14233436,0.33022305,-0.30427539
15.011719,0.15156014,-0.078102313,0.2127572,-0.069220297
15.013672,0.040029682,-0.17489898,0.079727083,0.10224026
15.015625,-0.090141751,-0.1897151,-0.044226363,-0.12733977
15.017578,-0.21041472,-0.16313626,-0.17469162,-0.29227006
15.019531,-0.33208925,-0.24741921,-0.29585296,-0.084349401
15.021484,-0.45775253,-0.30146071,-0.40740678,0.060641054
15.023438,-0.57786852,-0.34976894,-0.52209544,-0.092110753
15.025391,-0.69964939,-0.40978715,-0.63711005,-0.26222491
15.027344,-0.82526869,-0.53329217,-0.77512646,-0.19406404
15.029297,-0.94602561,-0.6958735,-0.904625,-0.10798287
15.03125,-1.0606906,-0.81804729,-1.0229793,-0.17114563
15.033203,-1.1817585,-0.890414,-1.1604294,-0.17196992
15.035156,-1.3063182,-1.0136665,-1.2779661,-0.056253202
15.037109,-1.4310798,-1.2741541,-1.396339,-0.077207491
15.039063,-1.5512229,-1.4537509,-1.5165914,-0.2258812
15.041016,-1.6751343,-1.4773969,-1.6354711,-0.29273102
15.042969,-1.8058047,-1.5415542,-1.7684806,-0.31860736
15.044922,-1.9260761,-1.7750203,-1.8771641,-0.39138129
15.046875,-2.0486619,-1.9683759,-2.0008177,-0.52917069
15.048828,-2.1654343,-1.9784307,-2.1212265,-0.59629124
15.050781,-2.2905824,-2.0336523,-2.2252757,-0.66407758
15.052734,-2.4100797,-2.2790789,-2.3512892,-0.81425822
15.054688,-2.5318505,-2.494287,-2.483757,-0.93151742
15.056641,-2.6572046,-2.5069298,-2.6059837,-1.0795227
15.058594,-2.7677109,-2.5218808,-2.7120316,-1.2107029
15.060547,-2.9012212,-2.7142086,-2.8523521,-1.2642365
15.0625,-3.0213553,-2.9692297,-2.9767377,-1.3799086
15.064453,-3.1306746,-3.0329625,-3.0741987,-1.6293314
15.066406,-3.2559337,-2.9453949,-3.209723,-1.7790695
15.068359,-3.3834781,-3.0910403,-3.3208427,-1.7606126
15.070313,-3.4964027,-3.4511635,-3.4215931,-1.93053
15.072266,-3.6223344,-3.4912076,-3.5548226,-2.2077751
15.074219,-3.7476058,-3.355973,-3.6766581,-2.2713251
15.076172,-3.8639555,-3.5384113,-3.8013622,-2.3357415
15.078125,-3.9868266,-3.8338754,-3.9434337,-2.476957
15.080078,-4.0985393,-3.8769495,-4.0508227,-2.5941944
15.082031,-4.2234854,-3.7905149,-4.1530184,-2.6570682
15.083984,-4.3481388,-3.989001,-4.2805409,-2.6794867
15.085938,-4.4601259,-4.294012,-4.4168138,-2.9051275
15.087891,-4.5741276,-4.2650709,-4.5377402,-3.2248919
15.089844,-4.6969246,-4.1431207,-4.6511421,-3.2305913
15.091797,-4.8195834,-4.3903865,-4.7812643,-3.0478191
15.09375,-4.9452261,-4.7267351,-4.9060936,-3.2182283
15.095703,-5.0581932,-4.6830596,-5.0269417,-3.6159818
15.097656,-5.1735811,-4.5438866,-5.1531062,-3.6490175
15.099609,-5.293611,-4.7104983,-5.2617206,-3.4656419
15.101563,-5.4039359,-5.0108017,-5.354309,-3.6528873
15.103516,-5.5352826,-5.0749573,-5.4882183,-4.0113415
15.105469,-5.6499042,-4.9992861,-5.6123843,-4.0764699
15.107422,-5.7734675,-5.1043853,-5.7325973,-4.0332288
15.109375,-5.8964266,-5.2860417,-5.8450622,-4.131227
15.111328,-6.0023407,-5.3099079,-5.9447007,-4.2598424
15.113281,-6.1290636,-5.3139734,-6.0807037,-4.2804212
15.115234,-6.2444291,-5.4590272,-6.19664,-4.4111251
15.117188,-6.3655991,-5.644505,-6.3179488,-4.6232605
15.119141,-6.4766058,-5.6700677,-6.4141635,-4.6294412
15.121094,-6.5907917,-5.6347894,-6.5100135,-4.5662698
15.123047,-6.7083492,-5.7908811,-6.6577177,-4.7263689
15.125,-6.8204302,-5.9678254,-6.7850127,-5.0551114
15.126953,-6.9426946,-5.9751758,-6.8936419,-5.1197166
15.128906,-7.0483403,-5.9746351,-7.00986,-4.8933529
15.130859,-7.1651945,-6.0903286,-7.123362,-4.8689198
15.132813,-7.2852087,-6.2015109,-7.2378959,-5.2211575
15.134766,-7.4053149,-6.2725105,-7.3579731,-5.4798984
15.136719,-7.5165162,-6.3310141,-7.4689178,-5.3407058
15.138672,-7.6206064,-6.3656435,-7.577568,-5.2616915
15.140625,-7.7397284,-6.4269661,-7.6822447,-5.4944825
15.142578,-7.8514843,-6.5404758,-7.795762,-5.7316861
15.144531,-7.9634366,-6.664864,-7.9199295,-5.7064232
15.146484,-8.0785827,-6.6928634,-8.044569,-5.6455121
15.148438,-8.1833171,-6.697927,-8.1486043,-5.8342723
15.150391,-8.3014621,-6.7857356,-8.2626619,-5.952342
15.152344,-8.4153404,-6.8960051,-8.3912305,-5.8257193
15.154297,-8.508769,-6.9855084,-8.4803657,-5.8767581
15.15625,-8.6278696,-6.9818792,-8.5845603,-6.1806778
15.158203,-8.7491741,-7.0043125,-8.6925096,-6.2401418
15.160156,-8.8505935,-7.2174005,-8.8075399,-6.1340513
15.162109,-8.9611492,-7.2981529,-8.927905,-6.3057022
15.164063,-9.0699768,-7.1323089,-9.0327396,-6.548613
15.166016,-9.1796827,-7.1977334,-9.1462192,-6.4220099
15.167969,-9.2968044,-7.501182,-9.2621555,-6.2724227
15.169922,-9.4045038,-7.5679669,-9.3636779,-6.5137314
15.171875,-9.5070772,-7.3988847,-9.4617061,-6.7590413
15.173828,-9.6190729,-7.4052691,-9.5814323,-6.6919021
15.175781,-9.7357769,-7.6897335,-9.6888599,-6.5969328
15.177734,-9.8331441,-7.861679,-9.7964544,-6.8142929
15.179688,-9.9437036,-7.7118287,-9.9004898,-6.999351
15.181641,-10.052272,-7.629641,-9.9891166,-6.8867678
15.183594,-10.152349,-7.8547396,-10.078788,-6.8264093
15.185547,-10.280128,-8.0114746,-10.205754,-7.0615496
15.1875,-10.384447,-7.948585,-10.32982,-7.3387255
15.189453,-10.480812,-7.9237875,-10.421969,-7.2926454
15.191406,-10.586087,-7.9760618,-10.521139,-7.0318017
15.193359,-10.694305,-8.0799827,-10.622288,-7.0421538
15.195313,-10.814013,-8.2666521,-10.743736,-7.4067025
15.197266,-10.904478,-8.330245,-10.853459,-7.6220049
15.199219,-11.003337,-8.1621761,-10.948238,-7.4359116
15.201172,-11.110187,-8.1209421,-11.040912,-7.2368311
15.203125,-11.210703,-8.4504671,-11.136093,-7.4615211
15.205078,-11.312696,-8.6684446,-11.25062,-7.7952141
15.207031,-11.410609,-8.4293108,-11.356519,-7.7912268
15.208984,-11.515438,-8.2853908,-11.458534,-7.6117296
15.210938,-11.602653,-8.5910949,-11.563629,-7.6299786
15.212891,-11.711864,-8.8076534,-11.659068,-7.8757052
15.214844,-11.821338,-8.6439094,-11.776447,-7.9781436
15.216797,-11.910018,-8.5903272,-11.860462,-7.8273196
15.21875,-12.006318,-8.7837572,-11.939073,-7.7994756
15.220703,-12.102342,-8.8474683,-12.066727,-8.0047588
15.222656,-12.196005,-8.8141012,-12.163925,-8.232541
15.224609,-12.295299,-8.8995018,-12.262457,-8.284461
15.226563,-12.393934,-9.0105247,-12.347092,-8.035098
15.228516,-12.491751,-9.0579996,-12.443274,-7.9434256
15.230469,-12.590365,-9.0007,-12.544637,-8.2888431
15.232422,-12.677711,-8.9892206,-12.63494,-8.5863771
15.234375,-12.774356,-9.1010751,-12.73362,-8.4057846
15.236328,-12.87618,-9.1980543,-12.814114,-8.1233167
15.238281,-12.980522,-9.245346,-12.924766,-8.3755264
15.240234,-13.070971,-9.2169151,-13.018209,-8.7476368
15.242188,-13.15124,-9.2118921,-13.112227,-8.6209201
15.244141,-13.246922,-9.2754144,-13.213253,-8.3084421
15.246094,-13.339102,-9.3802709,-13.301338,-8.4576664
15.248047,-13.433413,-9.4763183,-13.390373,-8.8562507
15.25,-13.528298,-9.4851331,-13.486865,-8.8017063
15.251953,-13.614464,-9.4691247,-13.580441,-8.561223
15.253906,-13.711843,-9.4793758,-13.660913,-8.7129287
15.255859,-13.800639,-9.5312242,-13.745125,-8.9727621
15.257813,-13.883902,-9.6404476,-13.8369,-8.9096756
15.259766,-13.971642,-9.6733646,-13.928593,-8.7965221
15.261719,-14.056045,-9.6433544,-13.994742,-8.9589586
15.263672,-14.149062,-9.7130231,-14.103407,-9.1146173
15.265625,-14.238611,-9.8237485,-14.197127,-9.05128
15.267578,-14.322375,-9.8522729,-14.276314,-9.0223274
15.269531,-14.404112,-9.7731723,-14.360864,-9.0784797
15.271484,-14.486436,-9.7778091,-14.42954,-9.1211099
15.273438,-14.573009,-9.9449663,-14.52242,-9.17346
15.275391,-14.655693,-10.052005,-14.602867,-9.2741308
15.277344,-14.744493,-9.9957866,-14.697121,-9.3736543
15.279297,-14.837667,-9.9281444,-14.790665,-9.3251323
15.28125,-14.919286,-10.033522,-14.868029,-9.2610702
15.283203,-15.001703,-10.144979,-14.954129,-9.3123836
15.285156,-15.075561,-10.064136,-15.043989,-9.3890581
15.287109,-15.144151,-10.026176,-15.114355,-9.44563
15.289063,-15.229273,-10.214738,-15.200692,-9.4673147
15.291016,-15.310482,-10.3912,-15.280066,-9.4803295
15.292969,-15.381674,-10.334548,-15.332055,-9.5660467
15.294922,-15.46621,-10.21238,-15.425055,-9.6376876
15.296875,-15.544673,-10.272758,-15.509531,-9.6397466
15.298828,-15.615137,-10.440789,-15.572732,-9.7223968
15.300781,-15.705371,-10.44391,-15.640903,-9.7425594
15.302734,-15.77658,-10.353947,-15.724509,-9.6556186
15.304688,-15.843606,-10.41782,-15.806417,-9.7429266
15.306641,-15.934026,-10.516265,-15.860925,-9.9248418
15.308594,-16.005257,-10.556904,-15.948588,-9.8844413
15.310547,-16.073971,-10.563027,-16.044331,-9.7371282
15.3125,-16.14819,-10.51485,-16.111048,-9.8669557
15.314453,-16.215384,-10.572528,-16.182299,-10.038851
15.316406,-16.285683,-10.715894,-16.25428,-9.8745431
15.318359,-16.357063,-10.730001,-16.30934,-9.7651691
15.320313,-16.435207,-10.684551,-16.371775,-10.037208
15.322266,-16.504688,-10.741685,-16.450218,-10.260902
15.324219,-16.565538,-10.802402,-16.518938,-10.152244
15.326172,-16.632261,-10.756259,-16.599672,-10.038164
15.328125,-16.707327,-10.765094,-16.679974,-10.122499
15.330078,-16.772871,-10.909478,-16.740808,-10.219885
15.332031,-16.838135,-10.97945,-16.814228,-10.132823
15.333984,-16.912136,-10.868905,-16.889915,-10.050595
15.335938,-16.974825,-10.838763,-16.942144,-10.223333
15.337891,-17.044895,-10.990327,-16.988115,-10.37013
15.339844,-17.104574,-11.052749,-17.056293,-10.26618
15.341797,-17.160223,-10.982917,-17.126925,-10.270676
15.34375,-17.22418,-10.976174,-17.174509,-10.531265
15.345703,-17.293041,-11.113225,-17.239954,-10.555471
15.347656,-17.346256,-11.22893,-17.311548,-10.288139
15.349609,-17.395525,-11.155787,-17.359484,-10.326405
15.351563,-17.470304,-11.03788,-17.424541,-10.611417
15.353516,-17.520826,-11.167382,-17.486206,-10.591172
15.355469,-17.582109,-11.386296,-17.532135,-10.39282
15.357422,-17.654671,-11.282875,-17.596727,-10.450513
15.359375,-17.699612,-11.114974,-17.669998,-10.689507
15.361328,-17.754395,-11.204003,-17.719564,-10.7478
15.363281,-17.821154,-11.349298,-17.757994,-10.538665
15.365234,-17.872049,-11.416344,-17.823067,-10.428489
15.367188,-17.918852,-11.365225,-17.88353,-10.71297
15.369141,-17.975241,-11.284822,-17.943848,-10.971865
15.371094,-18.027378,-11.396912,-18.007284,-10.744513
15.373047,-18.084253,-11.569159,-18.054779,-10.45995
15.375,-18.134514,-11.524583,-18.103079,-10.658461
15.376953,-18.188152,-11.37255,-18.164007,-10.951826
15.378906,-18.243343,-11.430452,-18.223166,-10.854899
15.380859,-18.287718,-11.629215,-18.259012,-10.698089
15.382813,-18.34704,-11.591892,-18.304686,-10.802588
15.384766,-18.394823,-11.441286,-18.362074,-10.962698
15.386719,-18.434435,-11.547102,-18.404079,-10.973341
15.388672,-18.479988,-11.702927,-18.446983,-10.883306
15.390625,-18.523073,-11.64059,-18.500351,-10.867323
15.392578,-18.571518,-11.595433,-18.535881,-11.01432
15.394531,-18.618437,-11.728456,-18.568653,-11.088182
15.396484,-18.660322,-11.825003,-18.617111,-10.960092
15.398438,-18.704111,-11.707835,-18.658024,-10.967566
15.400391,-18.749409,-11.582625,-18.693447,-11.184209
15.402344,-18.795137,-11.725378,-18.742619,-11.199963
15.404297,-18.83497,-11.904445,-18.789167,-11.013392
15.40625,-18.870472,-11.817229,-18.839546,-11.031213
15.408203,-18.915823,-11.643681,-18.899374,-11.19806
15.410156,-18.948591,-11.758823,-18.929171,-11.181974
15.412109,-18.985598,-12.003039,-18.9743,-10.992944
15.414063,-19.02738,-11.915429,-19.019276,-10.965709
15.416016,-19.054527,-11.743213,-19.046774,-11.214072
15.417969,-19.094385,-11.847281,-19.085653,-11.305911
15.419922,-19.126396,-12.014132,-19.097475,-11.106535
15.421875,-19.160969,-11.985929,-19.121794,-11.090047
15.423828,-19.205467,-11.853511,-19.160158,-11.358442
15.425781,-19.230791,-11.881646,-19.191698,-11.511248
15.427734,-19.268469,-12.021664,-19.234449,-11.335473
15.429688,-19.299715,-11.988504,-19.267927,-11.170449
15.431641,-19.323257,-11.883774,-19.300272,-11.297028
15.433594,-19.360071,-11.951484,-19.333305,-11.409852
15.435547,-19.386471,-12.097075,-19.368191,-11.29325
15.4375,-19.421934,-12.099279,-19.400761,-11.187179
15.439453,-19.449015,-11.965564,-19.416065,-11.313668
15.441406,-19.467133,-11.943629,-19.451975,-11.449529
15.443359,-19.498735,-12.04804,-19.473675,-11.358939
15.445313,-19.528463,-12.144615,-19.492674,-11.296553
15.447266,-19.56155,-12.129669,-19.535017,-11.409132
15.449219,-19.584162,-12.003947,-19.552568,-11.501536
15.451172,-19.599546,-12.003645,-19.5786,-11.425661
15.453125,-19.623114,-12.09596,-19.598953,-11.301884
15.455078,-19.633606,-12.134549,-19.617908,-11.395157
15.457031,-19.65641,-12.143387,-19.638538,-11.537376
15.458984,-19.689106,-12.158067,-19.646355,-11.489899
15.460938,-19.707859,-12.244805,-19.674713,-11.390102
15.462891,-19.735003,-12.205619,-19.698549,-11.458401
15.464844,-19.753267,-11.993776,-19.711145,-11.619134
15.466797,-19.7694,-12.00606,-19.724535,-11.532022
15.46875,-19.790119,-12.215829,-19.736799,-11.342926
15.470703,-19.800213,-12.232638,-19.753378,-11.444882
15.472656,-19.8151,-12.096189,-19.766838,-11.669966
15.474609,-19.826027,-12.129365,-19.787506,-11.623224
15.476563,-19.83284,-12.288763,-19.806612,-11.411381
15.478516,-19.854134,-12.273671,-19.80801,-11.428628
15.480469,-19.874136,-12.156891,-19.829636,-11.608806
15.482422,-19.873936,-12.181921,-19.85985,-11.611344
15.484375,-19.881428,-12.244069,-19.867678,-11.483261
15.486328,-19.893328,-12.202881,-19.870005,-11.462432
15.488281,-19.905787,-12.185843,-19.885752,-11.533746
15.490234,-19.916332,-12.254214,-19.902456,-11.563587
15.492188,-19.920177,-12.287937,-19.901682,-11.543287
15.494141,-19.930901,-12.19194,-19.917238,-11.523732
15.496094,-19.932467,-12.148643,-19.92009,-11.536327
15.498047,-19.9333,-12.248647,-19.912264,-11.573403
15.5,-19.943338,-12.280064,-19.928789,-11.563692
15.501953,-19.953899,-12.252068,-19.923023,-11.566468
15.503906,-19.960222,-12.242051,-19.929991,-11.603699
15.505859,-19.963209,-12.206587,-19.93445,-11.589392
15.507813,-19.959444,-12.203912,-19.935123,-11.575956
15.509766,-19.960199,-12.211994,-19.947964,-11.577212
15.511719,-19.964323,-12.19908,-19.929129,-11.575058
15.513672,-19.969498,-12.22159,-19.936251,-11.560116
15.515625,-19.963701,-12.189842,-19.945059,-11.569525
15.517578,-19.963684,-12.178872,-19.932219,-11.59086
15.519531,-19.962938,-12.107092,-19.935764,-11.560054
15.521484,-19.958876,-11.999634,-19.942554,-11.561425
15.523438,-19.967529,-11.986896,-19.941328,-11.544646
15.525391,-19.961689,-11.89579,-19.947855,-11.4927
15.527344,-19.959686,-11.780026,-19.956322,-11.469847
15.529297,-19.947239,-11.702163,-19.936995,-11.442259
15.53125,-19.947895,-11.711442,-19.931742,-11.356132
15.533203,-19.950455,-11.640927,-19.93026,-11.287167
15.535156,-19.935011,-11.629827,-19.916893,-11.259423
15.537109,-19.933947,-11.802388,-19.924942,-11.182668
15.539063,-19.926991,-11.772447,-19.928236,-11.15554
15.541016,-19.917938,-11.63468,-19.940216,-11.052077
15.542969,-19.911482,-11.597052,-19.934933,-11.039271
15.544922,-19.897537,-11.704021,-19.911882,-11.245201
15.546875,-19.889412,-11.747009,-19.906218,-11.178432
15.548828,-19.877686,-11.586924,-19.886393,-10.948605
15.550781,-19.857639,-11.55416,-19.881897,-11.028808
15.552734,-19.848215,-11.659866,-19.869566,-11.263289
15.554688,-19.83271,-11.661101,-19.838503,-11.195927
15.556641,-19.815615,-11.604617,-19.820459,-10.946863
15.558594,-19.805874,-11.552787,-19.815889,-10.975848
15.560547,-19.789679,-11.543268,-19.799028,-11.2321
15.5625,-19.764839,-11.615391,-19.764116,-11.218528
15.564453,-19.73539,-11.562803,-19.760506,-10.899325
15.566406,-19.722183,-11.413132,-19.732454,-10.852026
15.568359,-19.716393,-11.508769,-19.705717,-11.156849
15.570313,-19.690489,-11.678829,-19.710016,-11.15248
15.572266,-19.667646,-11.484486,-19.690456,-10.826885
15.574219,-19.64539,-11.208074,-19.663822,-10.812325
15.576172,-19.61269,-11.367295,-19.64801,-10.999
15.578125,-19.588335,-11.628716,-19.629719,-10.969924
15.580078,-19.552753,-11.510791,-19.584036,-10.77031
15.582031,-19.534241,-11.241921,-19.575069,-10.749556
15.583984,-19.527622,-11.283888,-19.558491,-10.934915
15.585938,-19.489702,-11.559529,-19.507584,-10.958917
15.587891,-19.462734,-11.404506,-19.493153,-10.734352
15.589844,-19.426802,-10.976681,-19.466621,-10.606251
15.591797,-19.398214,-11.110025,-19.431965,-10.827884
15.59375,-19.371077,-11.514109,-19.410221,-10.92668
15.595703,-19.333519,-11.441214,-19.378513,-10.650639
15.597656,-19.322329,-11.057091,-19.346437,-10.523705
15.599609,-19.278164,-11.015972,-19.326958,-10.704419
15.601563,-19.246326,-11.283436,-19.287161,-10.792273
15.603516,-19.226206,-11.228936,-19.236557,-10.578112
15.605469,-19.170654,-10.972494,-19.203856,-10.416254
15.607422,-19.139799,-10.994993,-19.179005,-10.592109
15.609375,-19.112499,-11.153588,-19.135441,-10.774996
15.611328,-19.067713,-11.171514,-19.095041,-10.582121
15.613281,-19.041664,-10.993548,-19.066252,-10.286398
15.615234,-19.008482,-10.857788,-19.019953,-10.41611
15.617188,-18.963491,-10.960118,-18.990725,-10.655399
15.619141,-18.919907,-11.003612,-18.94207,-10.47867
15.621094,-18.878775,-10.860302,-18.908789,-10.203766
15.623047,-18.839659,-10.785213,-18.89595,-10.291293
15.625,-18.797562,-10.895003,-18.849409,-10.521425
15.626953,-18.759619,-10.964407,-18.7987,-10.335309
15.628906,-18.709717,-10.79888,-18.754272,-9.9831562
15.630859,-18.673555,-10.646316,-18.722103,-10.110782
15.632813,-18.636433,-10.714808,-18.68494,-10.448956
15.634766,-18.588154,-10.815218,-18.640184,-10.325239
15.636719,-18.532602,-10.684304,-18.586155,-9.9128027
15.638672,-18.484488,-10.480626,-18.543165,-9.9439563
15.640625,-18.457926,-10.565454,-18.49869,-10.27459
15.642578,-18.409042,-10.775142,-18.443291,-10.227779
15.644531,-18.357574,-10.658978,-18.392115,-9.8758773
15.646484,-18.312185,-10.303552,-18.345745,-9.8354444
15.648438,-18.260212,-10.296702,-18.309643,-10.138277
15.650391,-18.205141,-10.610382,-18.252272,-10.141284
15.652344,-18.148905,-10.59218,-18.186832,-9.7708559
15.654297,-18.093319,-10.275915,-18.141897,-9.63274
15.65625,-18.039997,-10.224715,-18.099646,-9.9269819
15.658203,-17.985065,-10.467974,-18.05419,-10.07948
15.660156,-17.93302,-10.498442,-17.99605,-9.7234544
15.662109,-17.884842,-10.188159,-17.929071,-9.4446926
15.664063,-17.829475,-10.034416,-17.8878,-9.6720314
15.666016,-17.770689,-10.215767,-17.833019,-9.8875179
15.667969,-17.724516,-10.299507,-17.7654,-9.6640358
15.669922,-17.67326,-10.092988,-17.705631,-9.3758783
15.671875,-17.606339,-9.9333887,-17.650215,-9.5054359
15.673828,-17.549541,-9.982192,-17.595621,-9.7680282
15.675781,-17.495094,-10.080699,-17.533714,-9.5964717
15.677734,-17.432789,-10.072834,-17.475582,-9.2312202
15.679688,-17.369921,-9.9128923,-17.406807,-9.282092
15.681641,-17.316454,-9.7874956,-17.356947,-9.5695152
15.683594,-17.247282,-9.8845863,-17.306955,-9.4843721
15.685547,-17.178827,-9.9677667,-17.23625,-9.1526365
15.6875,-17.128302,-9.7797451,-17.17017,-9.1126575
15.689453,-17.062098,-9.6476984,-17.116354,-9.3090171
15.691406,-16.997112,-9.7707996,-17.066944,-9.3131847
15.693359,-16.936312,-9.7794761,-16.977766,-9.1077079
15.695313,-16.870108,-9.5841035,-16.901793,-8.998661
15.697266,-16.803913,-9.5170555,-16.860247,-9.0550193
15.699219,-16.739798,-9.6050891,-16.794771,-9.1704626
15.701172,-16.66955,-9.6072931,-16.732555,-9.1312274
15.703125,-16.596323,-9.469407,-16.659626,-8.8680839
15.705078,-16.529524,-9.375945,-16.588223,-8.7418289
15.707031,-16.46299,-9.443223,-16.515429,-8.898199
15.708984,-16.388412,-9.4757299,-16.451284,-9.00848
15.710938,-16.313799,-9.3470153,-16.398149,-8.8244867
15.712891,-16.249004,-9.1990823,-16.311148,-8.6637191
15.714844,-16.179714,-9.2351779,-16.245672,-8.7351265
15.716797,-16.102478,-9.3293924,-16.176842,-8.7488727
15.71875,-16.03322,-9.1943454,-16.106689,-8.6541347
15.720703,-15.968397,-9.0191412,-16.028194,-8.562438
15.722656,-15.895894,-9.0638179,-15.960107,-8.5328931
15.724609,-15.819881,-9.1364078,-15.880928,-8.5518121
15.726563,-15.733637,-9.0124874,-15.791074,-8.531723
15.728516,-15.666426,-8.8514003,-15.741433,-8.4200124
15.730469,-15.597629,-8.9183416,-15.665002,-8.3786153
15.732422,-15.511611,-9.0477104,-15.596736,-8.445383
15.734375,-15.432711,-8.8851432,-15.499665,-8.3367061
15.736328,-15.358726,-8.6425066,-15.411604,-8.130104
15.738281,-15.285387,-8.7064905,-15.348049,-8.1396827
15.740234,-15.204844,-8.8724412,-15.283566,-8.3607835
15.742188,-15.133096,-8.7373895,-15.216368,-8.3578805
15.744141,-15.047654,-8.4694185,-15.113759,-8.0139484
15.746094,-14.968732,-8.4715232,-15.039543,-7.8065753
15.748047,-14.891902,-8.6413221,-14.962149,-7.9812951
15.75,-14.803859,-8.6040191,-14.878947,-8.1760177
15.751953,-14.72257,-8.3493518,-14.803026,-8.0083141
15.753906,-14.633201,-8.2863454,-14.740236,-7.7486105
15.755859,-14.551656,-8.4702482,-14.651646,-7.7707119
15.757813,-14.470841,-8.46354,-14.553595,-7.8878264
15.759766,-14.38177,-8.2280416,-14.466521,-7.735929
15.761719,-14.30152,-8.1289873,-14.362224,-7.5518603
15.763672,-14.217115,-8.2177057,-14.288149,-7.6625118
15.765625,-14.125084,-8.2392091,-14.201199,-7.8132576
15.767578,-14.045074,-8.0739889,-14.128773,-7.6891803
15.769531,-13.948676,-7.9576654,-14.037985,-7.3898448
15.771484,-13.867118,-8.0147771,-13.931869,-7.3392806
15.773438,-13.788945,-8.0347929,-13.860658,-7.459516
15.775391,-13.688679,-7.935564,-13.777369,-7.4301505
15.777344,-13.598047,-7.7913017,-13.685244,-7.3336787
15.779297,-13.504871,-7.7607607,-13.577029,-7.2132396
15.78125,-13.42533,-7.8263731,-13.488734,-7.1286296
15.783203,-13.338951,-7.7982659,-13.404846,-7.1822238
15.785156,-13.24466,-7.6533994,-13.316213,-7.2338089
15.787109,-13.147768,-7.5189366,-13.22036,-7.0836019
15.789063,-13.051255,-7.5341811,-13.131323,-6.897788
15.791016,-12.96671,-7.5804929,-13.05488,-6.9362163
15.792969,-12.873709,-7.5654206,-12.948154,-7.0360517
15.794922,-12.785121,-7.4298148,-12.843786,-6.9047493
15.796875,-12.68758,-7.2601614,-12.742818,-6.6438121
15.798828,-12.57907,-7.2836036,-12.643987,-6.6809654
15.800781,-12.482677,-7.3300695,-12.560574,-6.9239735
15.802734,-12.390816,-7.2800989,-12.457314,-6.8324532
15.804688,-12.297253,-7.1982717,-12.361024,-6.4819803
15.806641,-12.204063,-7.1393408,-12.273566,-6.3869628
15.808594,-12.108917,-7.0584039,-12.165379,-6.607305
15.810547,-12.003885,-6.9645762,-12.071052,-6.6230468
15.8125,-11.91723,-6.9363355,-11.979346,-6.2706985
15.814453,-11.823898,-6.9108882,-11.887634,-6.147232
15.816406,-11.714835,-6.8843293,-11.778214,-6.3773937
15.818359,-11.621671,-6.76587,-11.687966,-6.377449
15.820313,-11.51828,-6.6724805,-11.607912,-6.0571312
15.822266,-11.422696,-6.7336506,-11.481179,-5.9588241
15.824219,-11.320098,-6.704401,-11.374628,-6.1086535
15.826172,-11.214967,-6.5551743,-11.281607,-6.0668473
15.828125,-11.128383,-6.4544506,-11.176745,-5.9068489
15.830078,-11.017305,-6.4804501,-11.069627,-5.8906726
15.832031,-10.913469,-6.4801168,-10.9668,-5.8903455
15.833984,-10.815211,-6.3202829,-10.872348,-5.7736263
15.835938,-10.708504,-6.2357168,-10.773725,-5.6734824
15.837891,-10.611972,-6.2822327,-10.659304,-5.6566362
15.839844,-10.499993,-6.2533354,-10.558902,-5.6076211
15.841797,-10.403721,-6.0959339,-10.458189,-5.4685711
15.84375,-10.298606,-5.9848938,-10.353895,-5.4613947
15.845703,-10.184714,-6.0356993,-10.262618,-5.4970269
15.847656,-10.087516,-6.0038285,-10.133826,-5.3361039
15.849609,-9.9731741,-5.8690018,-10.035294,-5.1607346
15.851563,-9.8636789,-5.8197541,-9.9396858,-5.1733808
15.853516,-9.7585134,-5.7830295,-9.8237934,-5.2944808
15.855469,-9.6567211,-5.7261543,-9.7193088,-5.1509442
15.857422,-9.5492363,-5.6803417,-9.6188621,-4.8727364
15.859375,-9.433814,-5.5806975,-9.5148277,-4.8853278
15.861328,-9.3257999,-5.4476485,-9.3946113,-5.013936
15.863281,-9.219697,-5.4335036,-9.2918262,-4.8764967
15.865234,-9.1095228,-5.4865436,-9.1733608,-4.6292233
15.867188,-8.9990015,-5.3735547,-9.0642147,-4.6561632
15.869141,-8.8946847,-5.1734867,-8.9637517,-4.7521081
15.871094,-8.7884187,-5.1470656,-8.851036,-4.6082325
15.873047,-8.6710176,-5.1957607,-8.7287778,-4.3988871
15.875,-8.5594158,-5.1000084,-8.6292667,-4.3508606
15.876953,-8.4574298,-4.9170393,-8.5117025,-4.3863506
15.878906,-8.3488502,-4.8876433,-8.3793382,-4.3627719
15.880859,-8.2392931,-4.9648203,-8.2782173,-4.1882
15.882813,-8.1248388,-4.8145427,-8.1559896,-4.0801291
15.884766,-8.0066976,-4.5971837,-8.0599241,-4.1706204
15.886719,-7.8986415,-4.5904674,-7.9523882,-4.1243667
15.888672,-7.7987508,-4.6665139,-7.8339276,-3.8638327
15.890625,-7.6842637,-4.6066427,-7.7353677,-3.6567559
15.892578,-7.5677537,-4.3675508,-7.6207051,-3.7383458
15.894531,-7.4545145,-4.2074427,-7.5079965,-3.8392496
15.896484,-7.331181,-4.2858982,-7.38769,-3.5915722
15.898438,-7.2144389,-4.3715729,-7.2807312,-3.3542192
15.900391,-7.1013088,-4.19176,-7.1665029,-3.4674363
15.902344,-6.9889788,-3.9700584,-7.048273,-3.5602481
15.904297,-6.8733058,-3.9916329,-6.9324426,-3.3197214
15.90625,-6.7560448,-4.0410184,-6.8006119,-3.0607366
15.908203,-6.6403203,-3.8579332,-6.6946911,-3.1146874
15.910156,-6.5321083,-3.6510739,-6.5815391,-3.2480492
15.912109,-6.4189806,-3.6731519,-6.4851026,-3.0949075
15.914063,-6.2856192,-3.7010335,-6.3654255,-2.7788374
15.916016,-6.1802625,-3.5201847,-6.2213316,-2.6862969
15.917969,-6.0699229,-3.3650167,-6.1140394,-2.746839
15.919922,-5.9478931,-3.4200005,-5.9977059,-2.6976778
15.921875,-5.8350596,-3.3564419,-5.8909912,-2.5944609
15.923828,-5.7068691,-3.1500828,-5.7701911,-2.5017385
15.925781,-5.5896697,-3.0623395,-5.6382918,-2.3645298
15.927734,-5.4742555,-3.0705909,-5.5263505,-2.2176652
15.929688,-5.3564853,-3.0431664,-5.4099669,-2.1895129
15.931641,-5.2368845,-2.8863487,-5.3030715,-2.1883885
15.933594,-5.1167578,-2.7306151,-5.1986608,-2.0604579
15.935547,-4.9951577,-2.6744236,-5.0709819,-1.8706579
15.9375,-4.8828673,-2.6796705,-4.9468889,-1.7286139
15.939453,-4.7706675,-2.5780844,-4.8310737,-1.6782695
15.941406,-4.6463484,-2.4003465,-4.7148871,-1.6737481
15.943359,-4.5274758,-2.2978458,-4.5836992,-1.5778316
15.945313,-4.410582,-2.2687404,-4.4606771,-1.416259
15.947266,-4.2946629,-2.2227997,-4.3691225,-1.3082339
15.949219,-4.1733298,-2.0435481,-4.2473597,-1.2928485
15.951172,-4.0478739,-1.9202469,-4.1069402,-1.2202535
15.953125,-3.9205317,-1.9151417,-3.993632,-0.91562849
15.955078,-3.806472,-1.8599268,-3.8692054,-0.75250328
15.957031,-3.6823093,-1.7181433,-3.7347691,-0.93514121
15.958984,-3.5607607,-1.5819182,-3.6119554,-0.94294429
15.960938,-3.4459807,-1.530303,-3.4975388,-0.56336355
15.962891,-3.3219227,-1.4610502,-3.3800878,-0.34645051
15.964844,-3.2078449,-1.2879329,-3.2501981,-0.51806968
15.966797,-3.0833699,-1.1497564,-3.1340119,-0.47444072
15.96875,-2.9618427,-1.1283271,-3.0224766,-0.066066548
15.970703,-2.8388052,-1.0662293,-2.9025745,0.076845482
15.972656,-2.719716,-0.88332939,-2.772547,-0.084269308
15.974609,-2.6036653,-0.74422336,-2.6655342,0.01058392
15.976563,-2.4743702,-0.73446077,-2.54764,0.32113072
15.978516,-2.3593473,-0.67121625,-2.4133358,0.36063102
15.980469,-2.2316227,-0.45260748,-2.2879147,0.16157171
15.982422,-2.0993821,-0.29099911,-2.1502094,0.11550247
15.984375,-1.9899313,-0.29886132,-2.0443608,0.24913597
15.986328,-1.8750299,-0.29164866,-1.9294784,0.26297492
15.988281,-1.7414808,-0.11494905,-1.7964744,0.10234425
15.990234,-1.6167221,0.13636661,-1.6783901,0.14609607
15.992188,-1.5040612,0.22757789,-1.5577894,0.38684621
15.994141,-1.3686519,0.14387062,-1.4304963,0.32974729
15.996094,-1.2496893,0.18262365,-1.2983937,0.084427088
15.998047,-1.1334769,0.4094553,-1.1775267,0.14155227
16.0,-1.0068724,0.38717353,-1.0628343,0.35609433
16.001953,-0.88218421,0.20033763,-0.94326556,0.26252463
16.003906,-0.75860447,0.26049781,-0.81792259,0.062924892
16.005859,-0.64023077,0.39726102,-0.69466203,0.21469927
16.007813,-0.50350803,0.3546693,-0.57020938,0.42457539
16.009766,-0.38559982,0.24214156,-0.44409156,0.29066986
16.011719,-0.26803759,0.29602522,-0.33609727,0.083607063
16.013672,-0.14585349,0.34849441,-0.21863514,0.17737113
16.015625,-0.026646424,0.32116148,-0.088562906,0.41403076
16.017578,0.096646942,0.33620027,0.049017653,0.40292183
16.019531,0.21344258,0.34109098,0.17642631,0.24921493
16.021484,0.3497726,0.35374555,0.28688115,0.31121927
16.023438,0.47796747,0.34751594,0.42089289,0.50860429
16.025391,0.5949896,0.33795416,0.54316622,0.6313175
16.027344,0.71233374,0.2988719,0.6551578,0.71548039
16.029297,0.83033687,0.26176685,0.78504187,0.83526945
16.03125,0.95954281,0.34411523,0.90091705,0.98559773
16.033203,1.0861065,0.42501095,1.0239987,1.1312747
16.035156,1.2108532,0.37735796,1.1552891,1.2570653
16.037109,1.3301186,0.25259042,1.2711215,1.3936902
16.039063,1.4501131,0.28452384,1.3976584,1.5285116
16.041016,1.5757919,0.48368952,1.5134664,1.6157696
16.042969,1.6965793,0.57944447,1.6226342,1.7595361
16.044922,1.8204885,0.5599249,1.7553608,1.9642669
16.046875,1.9410934,0.62581164,1.8732532,2.1093053
16.048828,2.0590138,0.79533052,1.9908829,2.1996152
16.050781,2.1838405,0.90620399,2.1240062,2.2695365
16.052734,2.3045702,0.97187787,2.2328889,2.4345746
16.054688,2.4301528,1.0983735,2.3645203,2.5917863
16.056641,2.5544805,1.2923715,2.5001301,2.6227145
16.058594,2.6647379,1.4671284,2.6128947,2.7309205
16.060547,2.7883608,1.5493998,2.7325193,2.9006001
16.0625,2.9142572,1.6547894,2.8354156,3.0203561
16.064453,3.0400571,1.8711643,2.9671251,3.0664591
16.066406,3.1661927,2.0253469,3.1074194,3.1818556
16.068359,3.2763588,2.0570681,3.2165873,3.4409806
16.070313,3.4035677,2.1464242,3.3566935,3.5121016
16.072266,3.5233142,2.3271234,3.4711158,3.4098947
16.074219,3.635591,2.5436966,3.568644,3.5236344
16.076172,3.7606577,2.6564099,3.6870913,3.8085467
16.078125,3.8828272,2.6745457,3.8171544,3.9239933
16.080078,4.0102195,2.8079004,3.9590265,3.9611082
16.082031,4.1193256,3.0138568,4.0669856,4.0867285
16.083984,4.2279987,3.1039776,4.2001905,4.1603126
16.085938,4.3609623,3.1254484,4.3233003,4.1593556
16.087891,4.4876871,3.2973122,4.4185504,4.2378883
16.089844,4.6049571,3.5241522,4.525237,4.4210877
16.091797,4.7227807,3.5474953,4.6595153,4.5522313
16.09375,4.8380675,3.507467,4.7883749,4.6873078
16.095703,4.9708037,3.6650254,4.8919768,4.8100323
16.097656,5.0892281,3.9314181,5.0284099,4.7625618
16.099609,5.1909756,4.0475549,5.1428885,4.7582626
16.101563,5.3193607,3.9624116,5.260302,4.9774832
16.103516,5.4366822,4.0217323,5.3917617,5.1374731
16.105469,5.5579972,4.3473873,5.5044465,5.1058177
16.107422,5.6756181,4.5018367,5.6222157,5.1241769
16.109375,5.7897577,4.3877644,5.7337565,5.2902908
16.111328,5.906012,4.3867421,5.8474168,5.4523639
16.113281,6.0120649,4.6400961,5.9666357,5.4933786
16.115234,6.140203,4.8594565,6.0815701,5.5267443
16.117188,6.2551493,4.8536944,6.1921277,5.6440496
16.119141,6.3603272,4.8525505,6.3123555,5.7536373
16.121094,6.4823894,4.9811482,6.4170417,5.7992563
16.123047,6.613429,5.1210551,6.5376873,5.8639488
16.125,6.7272658,5.218945,6.6739082,5.9481029
16.126953,6.8381028,5.2354407,6.7792463,6.0612163
16.128906,6.9514274,5.2268681,6.8931546,6.1265711
16.130859,7.0704355,5.3927063,6.9990682,6.0658483
16.132813,7.1961197,5.6366019,7.1424713,6.1508364
16.134766,7.298037,5.652585,7.2691946,6.3999204
16.136719,7.4144468,5.5477337,7.356668,6.5119309
16.138672,7.5339126,5.65415,7.4824824,6.3469524
16.140625,7.6468997,5.9115448,7.5936861,6.3001031
16.142578,7.7541804,5.9887709,7.6968355,6.6756835
16.144531,7.8611636,5.8821711,7.7927355,6.9121451
16.146484,7.9858202,5.9537372,7.908648,6.7131805
16.148438,8.1017646,6.2456517,8.0356512,6.6396884
16.150391,8.2185144,6.3395233,8.1397056,6.9815468
16.152344,8.3314046,6.1674695,8.244606,7.192461
16.154297,8.4353923,6.1760802,8.3574037,6.9608745
16.15625,8.5501279,6.4500927,8.478405,6.8458623
16.158203,8.6594257,6.5983414,8.5882568,7.2058634
16.160156,8.7667675,6.5349936,8.6965026,7.4625477
16.162109,8.8854513,6.5499639,8.8173732,7.2276897
16.164063,8.9994564,6.7234478,8.9433174,7.0802631
16.166016,9.0975017,6.8267183,9.0570211,7.4195957
16.167969,9.2015171,6.7625465,9.1611576,7.6428155
16.169922,9.3202791,6.7915301,9.2633466,7.4071464
16.171875,9.4154787,7.0505461,9.363635,7.3305835
16.173828,9.5237293,7.1730194,9.464653,7.7114863
16.175781,9.6390705,7.0363183,9.5848684,7.9791736
16.177734,9.7402153,7.0543637,9.6986684,7.7823987
16.179688,9.863409,7.2948961,9.8017549,7.6523337
16.181641,9.9640598,7.3795023,9.9099483,7.8732991
16.183594,10.060366,7.2655043,10.009824,8.0614004
16.185547,10.176642,7.2613229,10.117865,7.988378
16.1875,10.283689,7.5069322,10.225533,7.9262447
16.189453,10.380134,7.6950855,10.3388,8.1207819
16.191406,10.495813,7.56746,10.444323,8.2957992
16.193359,10.611942,7.4951872,10.540804,8.2183065
16.195313,10.696746,7.7102503,10.641246,8.1189413
16.197266,10.798124,7.8504209,10.745498,8.2749996
16.199219,10.902997,7.7701797,10.854682,8.5215902
16.201172,11.007306,7.8209862,10.968718,8.5240173
16.203125,11.118591,8.047141,11.073845,8.3886308
16.205078,11.228593,8.0884943,11.166027,8.4318285
16.207031,11.323112,7.9774804,11.261529,8.5922994
16.208984,11.419391,7.9883728,11.35471,8.6492948
16.210938,11.527508,8.1301536,11.453896,8.6688718
16.212891,11.625357,8.2975683,11.556072,8.7901649
16.214844,11.733834,8.3418941,11.665156,8.8545799
16.216797,11.825836,8.2737512,11.767344,8.838459
16.21875,11.924293,8.2764349,11.856871,8.8760786
16.220703,12.030673,8.4098949,11.949705,8.9043664
16.222656,12.121291,8.5705699,12.053004,8.9385709
16.224609,12.217507,8.5692243,12.165482,9.0511264
16.226563,12.315255,8.4776659,12.260141,9.1749267
16.228516,12.419827,8.564147,12.340205,9.1238079
16.230469,12.50793,8.8017272,12.429526,9.0417413
16.232422,12.604673,8.8166866,12.542652,9.2051448
16.234375,12.702098,8.6368513,12.642919,9.4105072
16.236328,12.792114,8.7280063,12.721622,9.3775405
16.238281,12.895478,8.9889555,12.830554,9.2463932
16.240234,12.977623,9.0049724,12.937332,9.3271331
16.242188,13.077225,8.8592147,13.02162,9.5488672
16.244141,13.17815,8.9016466,13.113162,9.5665006
16.246094,13.267117,9.1408042,13.216687,9.4129457
16.248047,13.356113,9.2108697,13.319797,9.4551744
16.25,13.44641,9.0369243,13.399767,9.7287044
16.251953,13.541706,9.0222406,13.478535,9.8092241
16.253906,13.628873,9.305293,13.574319,9.5681581
16.255859,13.718671,9.4446592,13.665395,9.578495
16.257813,13.804836,9.244215,13.740616,9.9894962
16.259766,13.894936,9.174406,13.831264,10.092418
16.261719,13.986881,9.4594202,13.939487,9.7328376
16.263672,14.078013,9.6394643,14.027445,9.7132978
16.265625,14.159732,9.4433975,14.111405,10.150947
16.267578,14.251198,9.2994995,14.195094,10.168066
16.269531,14.336708,9.5342788,14.271005,9.79323
16.271484,14.419407,9.7917795,14.356943,9.9030437
16.273438,14.509919,9.6739959,14.451562,10.365949
16.275391,14.588907,9.48738,14.52787,10.393523
16.277344,14.683377,9.6469783,14.603214,10.072563
16.279297,14.766077,9.9004259,14.704453,10.041457
16.28125,14.842268,9.8696003,14.793912,10.386654
16.283203,14.918715,9.6629581,14.872664,10.551345
16.285156,15.006961,9.7334108,14.951369,10.27901
16.287109,15.096612,10.063581,15.027142,10.114809
16.289063,15.170984,10.115133,15.122617,10.435604
16.291016,15.248325,9.8269643,15.206723,10.740779
16.292969,15.320837,9.7831773,15.27522,10.544653
16.294922,15.4133,10.147854,15.35826,10.264812
16.296875,15.497833,10.310438,15.42818,10.513212
16.298828,15.565907,10.052699,15.498241,10.887002
16.300781,15.646526,9.9033279,15.582694,10.727262
16.302734,15.718235,10.176948,15.659819,10.479887
16.304688,15.790936,10.435886,15.74715,10.691583
16.306641,15.868116,10.270525,15.817451,10.953297
16.308594,15.942909,10.11137,15.875148,10.811038
16.310547,16.027853,10.346045,15.977738,10.603739
16.3125,16.090979,10.536026,16.053541,10.799314
16.314453,16.165068,10.341722,16.107264,11.113155
16.316406,16.241566,10.197364,16.197081,10.96627
16.318359,16.305573,10.480936,16.264408,10.678592
16.320313,16.389006,10.696054,16.342939,10.907521
16.322266,16.463436,10.493055,16.417789,11.257439
16.324219,16.536165,10.357054,16.46225,11.12138
16.326172,16.600719,10.54959,16.541222,10.82124
16.328125,16.667294,10.717135,16.601912,10.986214
16.330078,16.74324,10.605359,16.673058,11.406514
16.332031,16.808971,10.552833,16.75246,11.345272
16.333984,16.871241,10.749868,16.805002,11.002513
16.335938,16.940594,10.829408,16.88088,11.069933
16.337891,16.997244,10.707541,16.95125,11.406002
16.339844,17.061077,10.678953,17.025194,11.432992
16.341797,17.121725,10.84245,17.091652,11.164813
16.34375,17.1738,10.987128,17.145208,11.144402
16.345703,17.249165,10.900247,17.223036,11.414014
16.347656,17.302681,10.808745,17.298431,11.503149
16.349609,17.371363,10.946918,17.337769,11.352976
16.351563,17.446472,11.05949,17.387259,11.304092
16.353516,17.494881,10.972767,17.460028,11.457067
16.355469,17.556034,10.857525,17.517693,11.620448
16.357422,17.620682,10.962519,17.570457,11.609511
16.359375,17.677023,11.186585,17.626724,11.485477
16.361328,17.733351,11.157873,17.673311,11.499918
16.363281,17.794271,10.967631,17.739824,11.668742
16.365234,17.849586,11.041338,17.810354,11.751288
16.367188,17.907381,11.295704,17.869286,11.663291
16.369141,17.964157,11.298435,17.932999,11.570564
16.371094,18.021845,11.089727,17.970118,11.621884
16.373047,18.076378,11.087312,18.01656,11.70363
16.375,18.124222,11.344923,18.077204,11.713578
16.376953,18.178425,11.421449,18.136953,11.776834
16.378906,18.233759,11.224878,18.183807,11.864621
16.380859,18.281082,11.194415,18.2267,11.854354
16.382813,18.331675,11.42508,18.279343,11.779546
16.384766,18.383179,11.498647,18.331181,11.818107
16.386719,18.41814,11.340009,18.398872,11.969166
16.388672,18.472528,11.310173,18.442101,11.977753
16.390625,18.526823,11.500171,18.466024,11.83576
16.392578,18.567093,11.643409,18.512852,11.808386
16.394531,18.614565,11.484756,18.569613,12.018285
16.396484,18.658606,11.3076,18.621923,12.168939
16.398438,18.709085,11.491952,18.657686,12.041559
16.400391,18.747061,11.725322,18.706112,11.897431
16.402344,18.789206,11.60563,18.765173,11.990363
16.404297,18.834148,11.398042,18.79163,12.193151
16.40625,18.88419,11.555698,18.825108,12.146925
16.408203,18.926371,11.815634,18.866549,11.922476
16.410156,18.94891,11.709613,18.912294,12.021318
16.412109,19.008551,11.441476,18.966234,12.339636
16.414063,19.051279,11.561845,18.995068,12.304284
16.416016,19.086739,11.930638,19.023994,11.995469
16.417969,19.12705,11.810646,19.065897,11.993262
16.419922,19.151518,11.435783,19.112955,12.347601
16.421875,19.188204,11.566084,19.144415,12.465347
16.423828,19.222895,12.007458,19.175972,12.135696
16.425781,19.250055,12.007905,19.228968,11.982337
16.427734,19.280399,11.608512,19.264633,12.345355
16.429688,19.328842,11.593654,19.296026,12.569034
16.431641,19.35605,12.003209,19.327068,12.206629
16.433594,19.383692,12.071933,19.355272,11.967761
16.435547,19.425257,11.652656,19.400501,12.34241
16.4375,19.450516,11.569469,19.42292,12.661877
16.439453,19.477571,12.000605,19.456697,12.375108
16.441406,19.504116,12.131495,19.513803,12.024945
16.443359,19.535419,11.793353,19.526033,12.324186
16.445313,19.56805,11.663556,19.546612,12.709293
16.447266,19.60412,11.985725,19.577732,12.399517
16.449219,19.626501,12.166572,19.603477,12.062589
16.451172,19.639517,11.866128,19.620369,12.415906
16.453125,19.674047,11.622016,19.612366,12.810285
16.455078,19.699318,11.92556,19.646885,12.528071
16.457031,19.714817,12.28618,19.680138,12.168804
16.458984,19.738998,12.055205,19.693399,12.509062
16.460938,19.759943,11.683782,19.719822,12.901893
16.462891,19.78035,11.8818,19.728886,12.556038
16.464844,19.798277,12.293545,19.749315,12.12234
16.466797,19.823204,12.176524,19.782181,12.428051
16.46875,19.83857,11.746092,19.804522,12.928726
16.470703,19.847036,11.808902,19.829338,12.696788
16.472656,19.876652,12.240826,19.829287,12.142094
16.474609,19.894482,12.264904,19.848177,12.28259
16.476563,19.91316,11.886638,19.883118,12.861369
16.478516,19.928082,11.772598,19.88159,12.860181
16.480469,19.93454,12.126329,19.900782,12.336813
16.482422,19.947281,12.296219,19.925056,12.248911
16.484375,19.956207,11.994777,19.934925,12.769535
16.486328,19.969086,11.837257,19.94438,12.937464
16.488281,19.988621,12.126698,19.947643,12.452257
16.490234,20.00008,12.336507,19.971834,12.280312
16.492188,20.000391,12.067554,20.006618,12.743546
16.494141,20.011692,11.810539,19.996302,12.983369
16.496094,20.025515,12.032577,19.999529,12.543958
16.498047,20.03842,12.323404,20.034647,12.232667
16.5,20.037043,12.166965,20.034588,12.632801
16.501953,20.03828,11.870771,20.020334,12.994885
16.503906,20.050344,11.985863,20.024361,12.669463
16.505859,20.053694,12.27045,20.045837,12.334526
16.507813,20.060028,12.211346,20.041382,12.632513
16.509766,20.059654,11.970059,20.039791,12.932449
16.511719,20.06325,11.995683,20.060255,12.742949
16.513672,20.073427,12.171795,20.050825,12.486798
16.515625,20.071589,12.150535,20.047604,12.608511
16.517578,20.079254,12.009916,20.057438,12.767486
16.519531,20.082529,12.019319,20.05641,12.712193
16.521484,20.079386,12.088099,20.067217,12.665517
16.523438,20.089048,12.053277,20.06543,12.652761
16.525391,20.075281,11.983985,20.063343,12.685317
16.527344,20.078148,11.892291,20.067924,12.653934
16.529297,20.089979,11.792522,20.052402,12.639647
16.53125,20.078424,11.697456,20.065758,12.687775
16.533203,20.073206,11.553085,20.06797,12.597352
16.535156,20.070761,11.211404,20.053661,12.514937
16.537109,20.07036,11.019918,20.063055,12.500408
16.539063,20.060421,11.233816,20.054968,12.304815
16.541016,20.045448,11.296728,20.046114,12.151759
16.542969,20.036928,11.078503,20.034014,12.055666
16.544922,20.027163,10.993131,20.047556,11.646321
16.546875,20.009169,11.174189,20.040882,11.475987
16.548828,19.992662,11.275983,20.017004,11.74474
16.550781,19.971666,11.103627,20.042316,11.768867
16.552734,19.959515,10.973917,20.014736,11.538833
16.554688,19.941633,11.112036,19.979885,11.523931
16.556641,19.916199,11.266968,19.965076,11.635201
16.558594,19.904423,11.103885,19.942957,11.645856
16.560547,19.872421,10.901055,19.941828,11.663183
16.5625,19.850744,11.002554,19.903677,11.686327
16.564453,19.830721,11.142903,19.887102,11.627937
16.566406,19.808495,11.074307,19.868427,11.539293
16.568359,19.789961,10.915636,19.822729,11.594657
16.570313,19.758347,10.936973,19.789862,11.649859
16.572266,19.741697,11.03519,19.754539,11.543791
16.574219,19.720211,10.970075,19.744272,11.510769
16.576172,19.698376,10.867681,19.718462,11.642735
16.578125,19.681494,10.830947,19.704184,11.651284
16.580078,19.648594,10.867415,19.67947,11.396857
16.582031,19.621265,10.848701,19.649019,11.253826
16.583984,19.591894,10.73419,19.623089,11.39998
16.585938,19.556173,10.741885,19.576469,11.494146
16.587891,19.528927,10.864604,19.564716,11.319658
16.589844,19.503025,10.903505,19.535574,11.208637
16.591797,19.478535,10.771179,19.499237,11.385537
16.59375,19.449224,10.636106,19.46603,11.427865
16.595703,19.423107,10.653543,19.431799,11.193549
16.597656,19.383696,10.693192,19.400602,11.111012
16.599609,19.340702,10.616306,19.37413,11.311237
16.601563,19.307787,10.509877,19.347555,11.378641
16.603516,19.274057,10.60117,19.294554,11.118956
16.605469,19.236927,10.754867,19.268393,10.942522
16.607422,19.191122,10.663394,19.225107,11.09561
16.609375,19.153526,10.413116,19.186871,11.278063
16.611328,19.115294,10.404048,19.167749,11.156543
16.613281,19.083372,10.640157,19.114586,10.941301
16.615234,19.047049,10.611095,19.084814,10.951421
16.617188,19.003138,10.301443,19.051838,11.066068
16.619141,18.970339,10.191537,19.008837,11.042214
16.621094,18.923105,10.403781,18.973755,10.846049
16.623047,18.883417,10.497629,18.918324,10.773838
16.625,18.858873,10.253847,18.876566,10.916358
16.626953,18.811831,10.146581,18.83707,10.953733
16.628906,18.761087,10.306396,18.79944,10.814647
16.630859,18.719955,10.26622,18.76107,10.740712
16.632813,18.67201,10.075426,18.715286,10.793912
16.634766,18.621077,10.115809,18.6752,10.765953
16.636719,18.577185,10.266062,18.622431,10.635445
16.638672,18.527601,10.195004,18.565851,10.583506
16.640625,18.4718,10.002814,18.505791,10.642062
16.642578,18.425451,9.99403,18.466423,10.682483
16.644531,18.372801,10.120604,18.421768,10.640836
16.646484,18.319609,10.105992,18.364845,10.609855
16.648438,18.274343,9.9103527,18.309946,10.556376
16.650391,18.235605,9.8396349,18.253246,10.453657
16.652344,18.180374,9.9581918,18.202761,10.440368
16.654297,18.114353,9.9254493,18.15,10.504298
16.65625,18.067448,9.6879854,18.100842,10.461157
16.658203,18.004604,9.6721973,18.052404,10.322227
16.660156,17.948519,9.9275674,18.002211,10.280273
16.662109,17.900923,9.915431,17.949907,10.31835
16.664063,17.839666,9.6291818,17.884241,10.276151
16.666016,17.787022,9.5484352,17.81143,10.161057
16.667969,17.73497,9.6935005,17.764477,10.129375
16.669922,17.673075,9.7038326,17.713114,10.253558
16.671875,17.619354,9.4952049,17.653103,10.293173
16.673828,17.567585,9.3923606,17.586311,10.076486
16.675781,17.506704,9.5236034,17.531862,9.9225339
16.677734,17.443716,9.5518102,17.48242,10.032049
16.679688,17.37134,9.3532037,17.409931,10.151873
16.681641,17.312021,9.2330484,17.346907,9.9739179
16.683594,17.247147,9.3679857,17.2917,9.7327137
16.685547,17.187859,9.5257434,17.226717,9.8763074
16.6875,17.12462,9.3493347,17.160152,10.073261
16.689453,17.051638,9.0953607,17.098902,9.8400373
16.691406,16.991344,9.1144533,17.028591,9.5791387
16.693359,16.925285,9.2780666,16.988354,9.741435
16.695313,16.855198,9.2699146,16.904957,9.9296073
16.697266,16.777838,9.0347595,16.814342,9.6975822
16.699219,16.72184,8.9363098,16.784967,9.3420572
16.701172,16.650312,9.1002731,16.708916,9.5538806
16.703125,16.570272,9.1770057,16.629103,9.9559326
16.705078,16.510073,8.8880319,16.557268,9.5739784
16.707031,16.444958,8.7288179,16.490234,9.054387
16.708984,16.364929,8.9724283,16.421179,9.4171428
16.710938,16.293415,9.0212116,16.335474,9.8982248
16.712891,16.231035,8.6946001,16.275133,9.4630756
16.714844,16.147459,8.6081495,16.203249,8.9018764
16.716797,16.073505,8.8342618,16.142221,9.2654371
16.71875,16.001518,8.7986497,16.068594,9.716607
16.720703,15.929785,8.5755577,15.98722,9.2488126
16.722656,15.848689,8.551383,15.921628,8.6799163
16.724609,15.784925,8.644535,15.855929,9.0426836
16.726563,15.715489,8.5725555,15.782354,9.563241
16.728516,15.622048,8.4330616,15.689766,9.166893
16.730469,15.562078,8.3632221,15.620703,8.5449438
16.732422,15.486037,8.3887682,15.538095,8.8292408
16.734375,15.399222,8.4611377,15.44798,9.4098243
16.736328,15.320912,8.3244323,15.366564,9.0760345
16.738281,15.243063,8.1640424,15.303205,8.4874849
16.740234,15.15876,8.2463541,15.235147,8.7528839
16.742188,15.077241,8.3130235,15.148154,9.1983881
16.744141,15.002387,8.1592044,15.055349,8.7642002
16.746094,14.913033,8.0481967,14.96931,8.1624403
16.748047,14.821008,8.093687,14.909601,8.5236959
16.75,14.734493,8.0664463,14.815754,9.1103401
16.751953,14.663639,7.9806981,14.718225,8.7589292
16.753906,14.584036,8.005599,14.637822,8.0384922
16.755859,14.492864,8.0032215,14.553832,8.2590007
16.757813,14.408195,7.7640256,14.456229,8.955203
16.759766,14.330518,7.6210293,14.382376,8.6867132
16.761719,14.243313,7.8030715,14.302647,7.9103212
16.763672,14.155975,7.8829865,14.202389,8.0920219
16.765625,14.072904,7.6148986,14.121039,8.6912212
16.767578,13.981952,7.4276275,14.019931,8.3769416
16.769531,13.893094,7.6125879,13.955014,7.7888965
16.771484,13.800912,7.7197423,13.876262,8.0110483
16.773438,13.716122,7.4637022,13.774926,8.4764223
16.775391,13.626945,7.2655491,13.679257,8.1147203
16.777344,13.536872,7.4269123,13.571264,7.5052881
16.779297,13.448304,7.5290064,13.496285,7.8117418
16.78125,13.35242,7.2671928,13.411248,8.3948812
16.783203,13.260781,7.0481405,13.31036,8.1093797
16.785156,13.169945,7.2138228,13.212753,7.4136443
16.787109,13.070395,7.3787384,13.124147,7.4821162
16.789063,12.975892,7.118987,13.043957,8.0713329
16.791016,12.896091,6.8572554,12.943691,7.9559979
16.792969,12.796482,7.0349512,12.845489,7.2972307
16.794922,12.698933,7.1805481,12.748277,7.2394843
16.796875,12.613073,6.8366408,12.646275,7.7694115
16.798828,12.509405,6.6021633,12.567317,7.8021512
16.800781,12.416802,6.8604707,12.468213,7.2315034
16.802734,12.332336,6.9673333,12.36861,7.113018
16.804688,12.223442,6.6716265,12.290562,7.4746174
16.806641,12.122582,6.4483442,12.184309,7.4666652
16.808594,12.03285,6.5649828,12.081822,7.053327
16.810547,11.931826,6.7334818,11.997389,6.9050245
16.8125,11.832726,6.5653486,11.885437,7.209721
16.814453,11.72817,6.2570409,11.772665,7.3092017
16.816406,11.624467,6.2876505,11.681644,6.9033374
16.818359,11.525219,6.5039162,11.585342,6.7281274
16.820313,11.432626,6.4274292,11.483544,7.0694084
16.822266,11.331146,6.1058912,11.383439,7.0986199
16.824219,11.228001,6.0432086,11.281541,6.6416606
16.826172,11.134186,6.2005553,11.179278,6.4808845
16.828125,11.019632,6.0995006,11.076534,6.7948455
16.830078,10.918694,5.8714046,10.968054,6.8483338
16.832031,10.820881,5.8760638,10.867542,6.4626817
16.833984,10.712097,6.0190739,10.75601,6.3225498
16.835938,10.611162,5.902071,10.658449,6.5786352
16.837891,10.506986,5.6265463,10.574764,6.601314
16.839844,10.411757,5.6338429,10.467658,6.290709
16.841797,10.300365,5.7730374,10.352569,6.1501288
16.84375,10.190711,5.6435151,10.24886,6.2229661
16.845703,10.094997,5.3690567,10.150982,6.2796864
16.847656,9.9847774,5.4025139,10.045091,6.1447691
16.849609,9.8796024,5.5609593,9.946125,5.993288
16.851563,9.7730264,5.3788547,9.8306598,5.9977831
16.853516,9.66644,5.1098227,9.7224845,5.9793133
16.855469,9.5577344,5.1624369,9.6231012,5.8486223
16.857422,9.4553575,5.3030762,9.5132837,5.791532
16.859375,9.3448944,5.1354827,9.403346,5.8204121
16.861328,9.2222528,4.8726501,9.2942771,5.7235765
16.863281,9.1220903,4.8528814,9.1981649,5.5919661
16.865234,9.0061874,5.0012688,9.0824499,5.5780749
16.867188,8.8986845,4.9621663,8.9736375,5.581129
16.869141,8.7896013,4.6821966,8.8636817,5.4341101
16.871094,8.670927,4.5802311,8.7435636,5.3333139
16.873047,8.5672302,4.6468124,8.6281099,5.3550148
16.875,8.4539117,4.6282949,8.5141792,5.3391346
16.876953,8.3506174,4.4574809,8.4031877,5.2421112
16.878906,8.2304964,4.3154315,8.293169,5.1686778
16.880859,8.1159648,4.3250479,8.1926422,5.116868
16.882813,8.0201549,4.2673273,8.0677776,5.0186104
16.884766,7.8999939,4.172244,7.9658312,4.9113531
16.886719,7.7839207,4.0981311,7.8600182,4.8174557
16.888672,7.6793518,3.9811885,7.7322073,4.8680429
16.890625,7.5538201,3.9233422,7.623209,4.8066859
16.892578,7.4455976,3.9109957,7.5063691,4.5942225
16.894531,7.3462128,3.8106787,7.3989429,4.5735216
16.896484,7.2161102,3.7250795,7.2881751,4.6553773
16.898438,7.1099801,3.6323063,7.1574583,4.5481629
16.900391,7.0015778,3.4903163,7.0591607,4.2840795
16.902344,6.8747296,3.4842894,6.9599843,4.2520628
16.904297,6.7606277,3.461431,6.8270397,4.4148945
16.90625,6.6451005,3.2892489,6.7241101,4.2476339
16.908203,6.5268507,3.2058963,6.6037998,3.8806593
16.910156,6.4038476,3.2749302,6.4766912,3.9509789
16.912109,6.2930073,3.1825707,6.3662233,4.1720399
16.914063,6.1753273,2.9469342,6.2523708,3.9912576
16.916016,6.0600066,2.8691997,6.1519465,3.6957809
16.917969,5.9522681,2.8362243,6.0251021,3.6974608
16.919922,5.8217797,2.7674632,5.8873877,3.766288
16.921875,5.7158002,2.6357479,5.7646656,3.5723018
16.923828,5.6028952,2.5079791,5.6726226,3.4045088
16.925781,5.4851741,2.5031263,5.5752511,3.5189631
16.927734,5.3767151,2.4101216,5.4351038,3.5526607
16.929688,5.2568287,2.2396826,5.3110141,3.1656394
16.931641,5.1433739,2.1278131,5.1850829,2.8662424
16.933594,5.0153465,2.091053,5.0660262,3.1257226
16.935547,4.9078207,2.0264179,4.9547295,3.3668389
16.9375,4.7865891,1.8955596,4.8189706,3.0269229
16.939453,4.6643972,1.8065247,4.7102255,2.616198
16.941406,4.5530238,1.691125,4.5898838,2.7250678
16.943359,4.4204454,1.5926542,4.4797477,2.9516618
16.945313,4.3070139,1.565186,4.3689165,2.6659395
16.947266,4.1829137,1.440079,4.2247085,2.2516834
16.949219,4.0553779,1.2701143,4.1156415,2.3129122
16.951172,3.9454591,1.2201604,3.9943683,2.4945809
16.953125,3.825036,1.163547,3.8681461,2.3586666
16.955078,3.6979653,1.0300324,3.7431664,2.0239522
16.957031,3.5817015,0.82787025,3.6223123,1.9796814
16.958984,3.465367,0.7013219,3.5193007,2.1102473
16.960938,3.3493397,0.72928834,3.3919794,1.9717994
16.962891,3.2297029,0.63615972,3.2673332,1.6811553
16.964844,3.1050198,0.38604009,3.150048,1.5257974
16.966797,2.9863691,0.2143956,3.0291214,1.6043714
16.96875,2.8669772,0.25410324,2.9114804,1.5919286
16.970703,2.7353415,0.22384469,2.7833137,1.3567704
16.972656,2.6150209,-0.0061491486,2.6535563,1.1722911
16.974609,2.5000028,-0.15951487,2.5345573,1.1831809
16.976563,2.3723051,-0.13301775,2.4076106,1.1565598
16.978516,2.2452597,-0.09917675,2.286859,1.0125526
16.980469,2.1226098,-0.16701306,2.169615,0.8601597
16.982422,2.0018448,-0.18733358,2.0518901,0.73617059
16.984375,1.8802377,-0.13703828,1.9303283,0.68333757
16.986328,1.7580022,-0.12379067,1.8123651,0.56283808
16.988281,1.6309856,-0.17458931,1.6946758,0.39326894
16.990234,1.5136406,-0.19788669,1.5579539,0.29368287
16.992188,1.3858274,-0.17474432,1.439594,0.24417758
16.994141,1.2646132,-0.14637147,1.3192187,0.15640046
16.996094,1.1565809,-0.15240952,1.2036825,0.048217967
16.998047,1.0270497,-0.18166497,1.0795335,-0.034923121
17.0,0.9098736,-0.21255992,0.94686848,-0.1053272
17.001953,0.79122514,-0.23444338,0.83238286,-0.18420616
17.003906,0.66208041,-0.16319861,0.69818485,-0.16578552
17.005859,0.54134148,-0.14952451,0.57838702,-0.038873672
17.007813,0.41587552,-0.20887153,0.45542073,-0.066296756
17.009766,0.29314491,-0.18353054,0.33570111,-0.16612861
17.011719,0.16989787,-0.11618177,0.21613976,-0.1591399
17.013672,0.040117674,-0.11956934,0.082792997,-0.089552753
17.015625,-0.087380081,-0.21485947,-0.035855636,-0.1035503
17.017578,-0.2116047,-0.24463245,-0.15362138,-0.17672525
17.019531,-0.3301914,-0.18091422,-0.27702907,-0.14427361
17.021484,-0.44920692,-0.16942699,-0.41334489,-0.067960739
17.023438,-0.57535726,-0.34846461,-0.5337593,-0.11715174
17.025391,-0.69665682,-0.57644546,-0.65547943,-0.20018405
17.027344,-0.82315421,-0.58378458,-0.76902258,-0.1027592
17.029297,-0.94150358,-0.55748582,-0.88981885,-0.020301297
17.03125,-1.0588445,-0.73435426,-1.0242812,-0.13343726
17.033203,-1.1831829,-0.96221167,-1.1478045,-0.27431288
17.035156,-1.3033782,-1.0749267,-1.2511719,-0.19313712
17.037109,-1.43035,-1.1963905,-1.3603527,-0.054772049
17.039063,-1.5519181,-1.3832129,-1.5024856,-0.1290399
17.041016,-1.6755019,-1.5199124,-1.6347744,-0.38403764
17.042969,-1.7955414,-1.6009076,-1.7542575,-0.50096989
17.044922,-1.9126011,-1.6896503,-1.8657703,-0.27477378
17.046875,-2.0389642,-1.916709,-2.005953,-0.24712823
17.048828,-2.1582396,-2.0982873,-2.1321101,-0.60798007
17.050781,-2.2861549,-2.1065933,-2.2343916,-0.85145187
17.052734,-2.4195237,-2.1766877,-2.3637094,-0.66776234
17.054688,-2.525845,-2.3842833,-2.49356,-0.62430125
17.056641,-2.6412284,-2.5426228,-2.6083121,-1.1203959
17.058594,-2.776324,-2.5305934,-2.7246248,-1.4326934
17.060547,-2.9030735,-2.68809,-2.8258764,-1.2079229
17.0625,-3.0165121,-2.9918725,-2.9515137,-1.1409077
17.064453,-3.1262412,-3.0168457,-3.1016559,-1.6621701
17.066406,-3.2525429,-2.8851239,-3.2028906,-2.0410933
17.068359,-3.3789393,-3.107984,-3.3137013,-1.8011298
17.070313,-3.4997217,-3.5321278,-3.4452059,-1.5532426
17.072266,-3.6197471,-3.5089962,-3.5669894,-2.0003666
17.074219,-3.7339057,-3.2898433,-3.6778595,-2.5730941
17.076172,-3.8596844,-3.4523332,-3.7982573,-2.4078733
17.078125,-3.9780476,-3.8749694,-3.9221866,-2.1027457
17.080078,-4.0821952,-3.9981164,-4.0250287,-2.4653406
17.082031,-4.212717,-3.7746846,-4.1577982,-3.0184767
17.083984,-4.344707,-3.885642,-4.2956805,-2.9025535
17.085938,-4.4636955,-4.3318953,-4.4107809,-2.6400613
17.087891,-4.5862717,-4.373044,-4.5285968,-2.9163215
17.089844,-4.6949605,-4.0743403,-4.6434397,-3.2892355
17.091797,-4.8154311,-4.2131238,-4.7776956,-3.2644844
17.09375,-4.9463071,-4.7138447,-4.9031095,-3.1658043
17.095703,-5.0629944,-4.8457775,-5.0191483,-3.4275579
17.097656,-5.17453,-4.5858101,-5.1442737,-3.6411218
17.099609,-5.2911009,-4.5723581,-5.2579021,-3.5925474
17.101563,-5.4230542,-4.9666762,-5.3661837,-3.6172242
17.103516,-5.5326371,-5.1907973,-5.4876222,-3.8559281
17.105469,-5.6424512,-5.0478277,-5.6076679,-4.0620613
17.107422,-5.7703337,-4.9493923,-5.7081131,-4.0678176
17.109375,-5.8789792,-5.2284803,-5.8274097,-4.0917158
17.111328,-5.9985151,-5.5264358,-5.9440188,-4.2400622
17.113281,-6.114058,-5.4229178,-6.0670056,-4.4086794
17.115234,-6.2281928,-5.3415336,-6.1905975,-4.4817113
17.117188,-6.3481497,-5.5478162,-6.3074135,-4.4517779
17.119141,-6.4586129,-5.7588996,-6.4336729,-4.5057849
17.121094,-6.5877962,-5.7499232,-6.5323224,-4.6740202
17.123047,-6.7036953,-5.7211537,-6.6424756,-4.7749404
17.125,-6.8083434,-5.8774066,-6.7663412,-4.8103737
17.126953,-6.9377312,-5.9709162,-6.8843936,-4.9502487
17.128906,-7.0610466,-5.9866914,-6.9981641,-5.1296382
17.130859,-7.1597046,-6.1168251,-7.1217975,-5.1156411
17.132813,-7.2683029,-6.2097644,-7.2490944,-5.0493378
17.134766,-7.3864073,-6.1745882,-7.3562464,-5.2321147
17.136719,-7.5017061,-6.3042588,-7.4743027,-5.4438095
17.138672,-7.6183643,-6.5538225,-7.5789947,-5.37465
17.140625,-7.7304487,-6.5695958,-7.6781806,-5.3441171
17.142578,-7.8549442,-6.4228801,-7.797388,-5.5986681
17.144531,-7.9677796,-6.4952364,-7.9007945,-5.8288364
17.146484,-8.0656938,-6.7335257,-8.0011911,-5.7907505
17.148438,-8.1799373,-6.7748737,-8.1256027,-5.7206883
17.150391,-8.3043146,-6.7335696,-8.2448511,-5.8866076
17.152344,-8.4106416,-6.8812971,-8.3491888,-6.1011052
17.154297,-8.5183019,-7.0737395,-8.4720716,-6.0095825
17.15625,-8.6320085,-6.9920563,-8.5929565,-5.8961572
17.158203,-8.7391853,-6.8969883,-8.7011451,-6.147562
17.160156,-8.8562402,-7.1556806,-8.8060779,-6.3375334
17.162109,-8.96881,-7.3754901,-8.9106445,-6.2035212
17.164063,-9.0815296,-7.2780432,-9.0418434,-6.1790728
17.166016,-9.1905918,-7.1625475,-9.1586542,-6.5082335
17.167969,-9.2935428,-7.2984805,-9.2577276,-6.6751084
17.169922,-9.4022541,-7.5514993,-9.3613605,-6.4509162
17.171875,-9.5073242,-7.5615987,-9.4683475,-6.3487582
17.173828,-9.6142444,-7.515264,-9.5853138,-6.6842103
17.175781,-9.7248802,-7.6231617,-9.6797342,-7.0141668
17.177734,-9.8353195,-7.7155866,-9.7642545,-6.8236303
17.179688,-9.9425306,-7.776833,-9.8832531,-6.6171217
17.181641,-10.052135,-7.7704262,-9.999834,-6.9353189
17.183594,-10.164291,-7.7972879,-10.08515,-7.3278455
17.185547,-10.256032,-7.9255266,-10.204615,-7.126677
17.1875,-10.371413,-7.9794249,-10.325859,-6.7610778
17.189453,-10.4831,-7.9659919,-10.423095,-7.1033835
17.191406,-10.572445,-8.0483474,-10.522749,-7.5178847
17.193359,-10.688569,-8.1576471,-10.625577,-7.2503886
17.195313,-10.806481,-8.1969089,-10.743842,-7.0007486
17.197266,-10.9052,-8.2528228,-10.841056,-7.3916754
17.199219,-10.995687,-8.2244796,-10.948359,-7.7814698
17.201172,-11.104554,-8.1724319,-11.048247,-7.4744143
17.203125,-11.204325,-8.3823328,-11.143674,-7.2031164
17.205078,-11.295226,-8.6111021,-11.257627,-7.609621
17.207031,-11.397106,-8.4940023,-11.361462,-8.0323829
17.208984,-11.502011,-8.4036798,-11.473822,-7.7659258
17.210938,-11.60844,-8.6731452,-11.552209,-7.4046526
17.212891,-11.700713,-8.8009567,-11.650341,-7.754466
17.214844,-11.806561,-8.5664882,-11.76059,-8.1218051
17.216797,-11.9069,-8.5272684,-11.853602,-7.9579887
17.21875,-11.994642,-8.8554439,-11.951754,-7.8178415
17.220703,-12.101424,-8.9772224,-12.045259,-8.0433168
17.222656,-12.193363,-8.7718725,-12.157081,-8.2204704
17.224609,-12.296031,-8.793703,-12.248361,-8.0905523
17.226563,-12.409842,-9.0497665,-12.334526,-8.0387487
17.228516,-12.509568,-9.1216611,-12.429775,-8.2230691
17.230469,-12.597774,-8.9217662,-12.546799,-8.3518495
17.232422,-12.692217,-8.8534183,-12.636717,-8.3377533
17.234375,-12.78648,-9.1295929,-12.721241,-8.3066635
17.236328,-12.86728,-9.3562459,-12.831382,-8.2570009
17.238281,-12.970071,-9.2605676,-12.916108,-8.433094
17.240234,-13.06458,-9.1288194,-13.019742,-8.713149
17.242188,-13.150177,-9.3464412,-13.103133,-8.57378
17.244141,-13.24056,-9.5008497,-13.194364,-8.3666982
17.246094,-13.344393,-9.3008022,-13.289645,-8.5691776
17.248047,-13.435476,-9.2785081,-13.37419,-8.8675193
17.25,-13.515429,-9.5499696,-13.47378,-8.7900886
17.251953,-13.617347,-9.603178,-13.566661,-8.5884609
17.253906,-13.700504,-9.4219026,-13.661694,-8.7291469
17.255859,-13.780623,-9.4897956,-13.761,-8.9742193
17.257813,-13.872835,-9.7206172,-13.853994,-8.9119672
17.259766,-13.957142,-9.7526044,-13.92502,-8.7248239
17.261719,-14.038756,-9.6422977,-14.027484,-8.8494453
17.263672,-14.136428,-9.6821746,-14.117214,-9.1155242
17.265625,-14.227546,-9.8756218,-14.190289,-9.1499176
17.267578,-14.314819,-9.8865184,-14.280614,-8.9897203
17.269531,-14.408192,-9.730051,-14.345222,-8.9941883
17.271484,-14.489963,-9.7581214,-14.436238,-9.2502832
17.273438,-14.5789,-9.9434013,-14.538529,-9.3648681
17.275391,-14.663586,-9.9980487,-14.599368,-9.2590217
17.277344,-14.736761,-9.9606647,-14.691731,-9.1768903
17.279297,-14.828734,-9.9711923,-14.792972,-9.2551841
17.28125,-14.916591,-10.075124,-14.857498,-9.4571847
17.283203,-14.983324,-10.218435,-14.936358,-9.4534511
17.285156,-15.065597,-10.137282,-15.024805,-9.2621974
17.287109,-15.148521,-10.014915,-15.11698,-9.3809843
17.289063,-15.23012,-10.225876,-15.185742,-9.6781196
17.291016,-15.310508,-10.432052,-15.247072,-9.6087188
17.292969,-15.389037,-10.271109,-15.334906,-9.3532371
17.294922,-15.474088,-10.113172,-15.425879,-9.512885
17.296875,-15.546403,-10.327381,-15.507169,-9.9069891
17.298828,-15.613011,-10.525002,-15.571911,-9.8236045
17.300781,-15.684182,-10.385121,-15.64797,-9.4167833
17.302734,-15.773678,-10.319162,-15.731564,-9.517271
17.304688,-15.851252,-10.559402,-15.793275,-10.033898
17.306641,-15.909437,-10.679533,-15.86941,-10.031283
17.308594,-15.987959,-10.45656,-15.952555,-9.6036548
17.310547,-16.072392,-10.370399,-16.016012,-9.7054491
17.3125,-16.137398,-10.68425,-16.093151,-10.142678
17.314453,-16.214436,-10.840381,-16.167988,-10.07227
17.316406,-16.292521,-10.578136,-16.229494,-9.7517452
17.318359,-16.362726,-10.486667,-16.319332,-9.8662099
17.320313,-16.435711,-10.766845,-16.393564,-10.206067
17.322266,-16.499706,-10.901938,-16.451941,-10.196297
17.324219,-16.569105,-10.71924,-16.526361,-9.8845491
17.326172,-16.632164,-10.668018,-16.587166,-9.9117603
17.328125,-16.706413,-10.89856,-16.657812,-10.319237
17.330078,-16.765564,-11.007193,-16.719641,-10.370631
17.332031,-16.827078,-10.901389,-16.775789,-10.070685
17.333984,-16.909422,-10.845918,-16.852432,-10.08382
17.335938,-16.965996,-10.985887,-16.936737,-10.430496
17.337891,-17.033838,-11.086639,-17.006706,-10.498167
17.339844,-17.099398,-10.969585,-17.058823,-10.168663
17.341797,-17.155766,-10.942885,-17.11945,-10.044529
17.34375,-17.22328,-11.073096,-17.190155,-10.375273
17.345703,-17.292103,-11.14902,-17.246231,-10.642957
17.347656,-17.360811,-11.136697,-17.297045,-10.477005
17.349609,-17.407166,-11.110833,-17.362761,-10.256161
17.351563,-17.462261,-11.0944,-17.424858,-10.445712
17.353516,-17.523693,-11.131577,-17.49119,-10.75522
17.355469,-17.573542,-11.32193,-17.554781,-10.625386
17.357422,-17.63698,-11.425121,-17.604637,-10.323959
17.359375,-17.700047,-11.268955,-17.667645,-10.432651
17.361328,-17.75926,-11.190542,-17.719385,-10.761297
17.363281,-17.813608,-11.345541,-17.761065,-10.774592
17.365234,-17.872469,-11.413148,-17.830763,-10.518707
17.367188,-17.929054,-11.297421,-17.888729,-10.567816
17.369141,-17.979319,-11.304826,-17.938976,-10.922956
17.371094,-18.028009,-11.468293,-17.994757,-10.879708
17.373047,-18.08007,-11.540027,-18.040333,-10.520181
17.375,-18.136684,-11.469406,-18.090219,-10.599719
17.376953,-18.187164,-11.445502,-18.148426,-11.008566
17.378906,-18.235775,-11.5513,-18.195467,-11.016769
17.380859,-18.280384,-11.610443,-18.25691,-10.691659
17.382813,-18.333399,-11.532026,-18.303999,-10.704674
17.384766,-18.384459,-11.50142,-18.330093,-11.043661
17.386719,-18.428411,-11.666068,-18.400063,-11.036838
17.388672,-18.475557,-11.748686,-18.445547,-10.76974
17.390625,-18.521374,-11.59571,-18.488731,-10.893748
17.392578,-18.565811,-11.545864,-18.535818,-11.137177
17.394531,-18.609814,-11.728175,-18.563822,-11.02473
17.396484,-18.657576,-11.853363,-18.62426,-10.838302
17.398438,-18.693352,-11.743176,-18.67174,-11.024099
17.400391,-18.744068,-11.63073,-18.711203,-11.307105
17.402344,-18.79343,-11.734316,-18.756227,-11.105611
17.404297,-18.815794,-11.919716,-18.794607,-10.815444
17.40625,-18.870304,-11.825388,-18.833038,-11.051181
17.408203,-18.91651,-11.648224,-18.859282,-11.376134
17.410156,-18.946882,-11.850871,-18.901268,-11.202743
17.412109,-18.983557,-12.007802,-18.941496,-10.950676
17.414063,-19.017887,-11.812407,-18.979483,-11.184522
17.416016,-19.054466,-11.716917,-19.023796,-11.458079
17.417969,-19.088524,-11.955116,-19.041786,-11.256715
17.419922,-19.131069,-12.114499,-19.094221,-10.979819
17.421875,-19.161892,-11.94504,-19.135408,-11.178836
17.423828,-19.19355,-11.791158,-19.162842,-11.536359
17.425781,-19.225393,-11.888971,-19.214939,-11.333758
17.427734,-19.254692,-12.100554,-19.232735,-10.967933
17.429688,-19.291044,-12.097421,-19.269346,-11.181047
17.431641,-19.322344,-11.902977,-19.312061,-11.54356
17.433594,-19.350386,-11.929947,-19.337431,-11.420244
17.435547,-19.381273,-12.115645,-19.361507,-11.098264
17.4375,-19.416637,-12.096836,-19.388638,-11.209701
17.439453,-19.445694,-11.97432,-19.4,-11.567413
17.441406,-19.47621,-11.989654,-19.410513,-11.539208
17.443359,-19.502062,-12.092816,-19.465212,-11.255853
17.445313,-19.522406,-12.120499,-19.503382,-11.361288
17.447266,-19.556761,-12.030116,-19.528223,-11.715483
17.449219,-19.580099,-12.033294,-19.548025,-11.533214
17.451172,-19.596525,-12.199294,-19.566908,-11.06449
17.453125,-19.622124,-12.185474,-19.597191,-11.215004
17.455078,-19.648741,-12.02917,-19.620138,-11.735396
17.457031,-19.669111,-12.097811,-19.651966,-11.68824
17.458984,-19.685053,-12.261129,-19.657057,-11.202017
17.460938,-19.705933,-12.195842,-19.659946,-11.208077
17.462891,-19.718327,-12.054861,-19.689322,-11.671847
17.464844,-19.740553,-12.113245,-19.704918,-11.785689
17.466797,-19.763144,-12.290467,-19.722427,-11.449943
17.46875,-19.774246,-12.336417,-19.74276,-11.302615
17.470703,-19.790236,-12.115099,-19.764196,-11.58937
17.472656,-19.802776,-12.006394,-19.783651,-11.749131
17.474609,-19.808641,-12.266361,-19.784883,-11.483689
17.476563,-19.832304,-12.409401,-19.80176,-11.278425
17.478516,-19.862411,-12.211757,-19.832617,-11.512185
17.480469,-19.866617,-12.109209,-19.834625,-11.799643
17.482422,-19.877409,-12.212042,-19.84778,-11.606855
17.484375,-19.879185,-12.235638,-19.856043,-11.308983
17.486328,-19.890059,-12.170929,-19.863403,-11.483198
17.488281,-19.906832,-12.180651,-19.877855,-11.773755
17.490234,-19.907694,-12.331039,-19.865894,-11.671035
17.492188,-19.918591,-12.367676,-19.895166,-11.422243
17.494141,-19.914742,-12.188327,-19.921406,-11.490021
17.496094,-19.930231,-12.151265,-19.918001,-11.74907
17.498047,-19.941034,-12.31329,-19.912634,-11.667827
17.5,-19.93335,-12.375451,-19.933516,-11.358496
17.501953,-19.944803,-12.222601,-19.947374,-11.468737
17.503906,-19.953825,-12.138405,-19.948856,-11.735111
17.505859,-19.961742,-12.261911,-19.964218,-11.635992
17.507813,-19.96093,-12.346008,-19.937441,-11.483907
17.509766,-19.961058,-12.230156,-19.936083,-11.558326
17.511719,-19.962456,-12.164935,-19.945629,-11.607688
17.513672,-19.961275,-12.237021,-19.947014,-11.576494
17.515625,-19.960785,-12.195133,-19.947861,-11.591674
17.517578,-19.961142,-12.208496,-19.942312,-11.57734
17.519531,-19.965723,-12.133388,-19.945513,-11.534298
17.521484,-19.95595,-11.993196,-19.942974,-11.485852
17.523438,-19.954735,-11.971448,-19.93507,-11.482762
17.525391,-19.947964,-11.863752,-19.934023,-11.471546
17.527344,-19.946898,-11.788026,-19.936277,-11.410525
17.529297,-19.955116,-11.762818,-19.926319,-11.355564
17.53125,-19.95142,-11.75276,-19.926365,-11.282661
17.533203,-19.949812,-11.636637,-19.91856,-11.237859
17.535156,-19.934132,-11.633646,-19.922047,-11.220225
17.537109,-19.931488,-11.805883,-19.932028,-11.185893
17.539063,-19.917549,-11.779783,-19.941694,-11.06859
17.541016,-19.904409,-11.674151,-19.934202,-11.054975
17.542969,-19.907211,-11.648876,-19.901686,-11.240438
17.544922,-19.884411,-11.76089,-19.895203,-11.191347
17.546875,-19.881165,-11.771048,-19.891575,-10.995083
17.548828,-19.869825,-11.595227,-19.87101,-11.110394
17.550781,-19.844725,-11.596548,-19.843592,-11.326962
17.552734,-19.842358,-11.69833,-19.847258,-11.191557
17.554688,-19.822624,-11.673402,-19.838829,-10.967334
17.556641,-19.799982,-11.609246,-19.816099,-11.10116
17.558594,-19.787664,-11.573427,-19.817719,-11.255806
17.560547,-19.774111,-11.605508,-19.790615,-11.078245
17.5625,-19.756907,-11.668073,-19.773537,-10.875273
17.564453,-19.742407,-11.577409,-19.761915,-10.977852
17.566406,-19.723047,-11.44672,-19.734865,-11.162471
17.568359,-19.705484,-11.506286,-19.71969,-11.068042
17.570313,-19.689199,-11.567363,-19.689995,-10.836017
17.572266,-19.661613,-11.477051,-19.672258,-10.921336
17.574219,-19.634785,-11.411739,-19.667294,-11.157376
17.576172,-19.606449,-11.450577,-19.641348,-11.038242
17.578125,-19.587368,-11.52094,-19.621986,-10.753864
17.580078,-19.552528,-11.500308,-19.593538,-10.745105
17.582031,-19.5249,-11.378263,-19.567762,-10.972644
17.583984,-19.511953,-11.337958,-19.545525,-10.969422
17.585938,-19.487772,-11.44887,-19.510639,-10.717726
17.587891,-19.461853,-11.437371,-19.499798,-10.68078
17.589844,-19.428915,-11.208849,-19.462994,-10.894572
17.591797,-19.402233,-11.149281,-19.425508,-10.91926
17.59375,-19.379362,-11.319427,-19.407122,-10.631957
17.595703,-19.347708,-11.370636,-19.366053,-10.561624
17.597656,-19.318821,-11.204924,-19.333529,-10.829542
17.599609,-19.285376,-11.077418,-19.299877,-10.864923
17.601563,-19.250149,-11.179375,-19.274073,-10.572015
17.603516,-19.220716,-11.269203,-19.243658,-10.489266
17.605469,-19.171083,-11.140391,-19.209379,-10.719962
17.607422,-19.143009,-11.020276,-19.183079,-10.733191
17.609375,-19.116924,-11.09558,-19.127996,-10.435151
17.611328,-19.069256,-11.174694,-19.092484,-10.339498
17.613281,-19.03311,-11.044753,-19.064692,-10.57323
17.615234,-18.993229,-10.887176,-19.035175,-10.706209
17.617188,-18.957088,-10.949893,-19.004332,-10.460588
17.619141,-18.917377,-11.076326,-18.961287,-10.215923
17.621094,-18.875275,-10.991013,-18.918497,-10.342695
17.623047,-18.836157,-10.801018,-18.87318,-10.509363
17.625,-18.792133,-10.795666,-18.841913,-10.340728
17.626953,-18.748579,-10.932739,-18.785395,-10.161555
17.628906,-18.7132,-10.885291,-18.745949,-10.287108
17.630859,-18.668186,-10.685959,-18.706503,-10.403754
17.632813,-18.617706,-10.70601,-18.658995,-10.27316
17.634766,-18.574984,-10.802203,-18.624662,-10.090544
17.636719,-18.536528,-10.716035,-18.575035,-10.140347
17.638672,-18.485203,-10.645061,-18.5436,-10.240239
17.640625,-18.434628,-10.636962,-18.491888,-10.112304
17.642578,-18.405642,-10.584992,-18.446983,-9.9348573
17.644531,-18.347431,-10.587518,-18.398331,-9.9498186
17.646484,-18.291086,-10.564137,-18.341343,-10.072641
17.648438,-18.254038,-10.441729,-18.289555,-10.029004
17.650391,-18.197212,-10.462947,-18.227409,-9.881051
17.652344,-18.149683,-10.516879,-18.190067,-9.8848991
17.654297,-18.093868,-10.407328,-18.133213,-10.004665
17.65625,-18.030956,-10.321271,-18.095045,-9.9675998
17.658203,-17.99382,-10.343719,-18.043177,-9.7557191
17.660156,-17.939306,-10.392196,-17.992844,-9.6797742
17.662109,-17.884445,-10.339253,-17.956335,-9.7592172
17.664063,-17.833704,-10.161372,-17.869005,-9.7401161
17.666016,-17.776731,-10.117915,-17.817146,-9.55478
17.667969,-17.72039,-10.213428,-17.767624,-9.510766
17.669922,-17.669504,-10.179678,-17.709677,-9.7319879
17.671875,-17.611897,-10.070467,-17.657459,-9.763422
17.673828,-17.536432,-10.042275,-17.584152,-9.4641552
17.675781,-17.489473,-10.025611,-17.521475,-9.3125572
17.677734,-17.430706,-10.006691,-17.478874,-9.4995079
17.679688,-17.365679,-10.033399,-17.425003,-9.6380624
17.681641,-17.304594,-9.939949,-17.349773,-9.4287395
17.683594,-17.242805,-9.8019094,-17.300196,-9.1256856
17.685547,-17.188034,-9.8351831,-17.244408,-9.2046346
17.6875,-17.120674,-9.8968439,-17.173861,-9.4883413
17.689453,-17.054726,-9.8106098,-17.109383,-9.3669185
17.691406,-16.984612,-9.660736,-17.047798,-8.976201
17.693359,-16.927477,-9.6723365,-16.98683,-9.0248155
17.695313,-16.869162,-9.773139,-16.917667,-9.3854103
17.697266,-16.793718,-9.6946125,-16.850786,-9.2617559
17.699219,-16.726065,-9.4795694,-16.786371,-8.8285322
17.701172,-16.671936,-9.4364929,-16.718971,-8.851777
17.703125,-16.601223,-9.612132,-16.640194,-9.1912317
17.705078,-16.525862,-9.6011304,-16.576298,-9.1136608
17.707031,-16.465994,-9.3252773,-16.514761,-8.7276992
17.708984,-16.396572,-9.2657547,-16.444551,-8.7522954
17.710938,-16.321861,-9.4641494,-16.387915,-8.9897832
17.712891,-16.245398,-9.4188489,-16.324894,-8.8641586
17.714844,-16.183105,-9.1824111,-16.247473,-8.5690946
17.716797,-16.114946,-9.1696472,-16.18173,-8.5612649
17.71875,-16.038658,-9.2933464,-16.109064,-8.7426605
17.720703,-15.973106,-9.2099847,-16.029631,-8.696021
17.722656,-15.887011,-8.9935636,-15.949375,-8.4842739
17.724609,-15.81241,-8.9814405,-15.882035,-8.4652862
17.726563,-15.740054,-9.0968427,-15.817311,-8.5840568
17.728516,-15.657699,-9.0970792,-15.731143,-8.5792598
17.730469,-15.582288,-8.9369745,-15.653439,-8.3778486
17.732422,-15.503375,-8.830595,-15.576897,-8.2171087
17.734375,-15.435019,-8.8906192,-15.508691,-8.3586082
17.736328,-15.356956,-8.8942928,-15.422552,-8.4598484
17.738281,-15.279747,-8.7778158,-15.350904,-8.2435083
17.740234,-15.19882,-8.6630687,-15.27457,-8.0338792
17.742188,-15.114514,-8.646986,-15.187644,-8.1495647
17.744141,-15.037868,-8.6673927,-15.115564,-8.287487
17.746094,-14.959705,-8.6461916,-15.01793,-8.0741787
17.748047,-14.87687,-8.5859174,-14.940706,-7.8846778
17.75,-14.786693,-8.4800634,-14.862585,-7.9944763
17.751953,-14.71721,-8.4125289,-14.779104,-8.113367
17.753906,-14.634734,-8.4647617,-14.70496,-7.9466004
17.755859,-14.54964,-8.4846878,-14.623157,-7.7084493
17.757813,-14.470201,-8.288455,-14.545379,-7.7470965
17.759766,-14.384453,-8.157752,-14.453177,-7.8637037
17.761719,-14.305887,-8.2647724,-14.355669,-7.7071032
17.763672,-14.216847,-8.3164901,-14.290745,-7.512916
17.765625,-14.1249,-8.1427507,-14.209755,-7.6336464
17.767578,-14.033205,-7.9681491,-14.124917,-7.7462115
17.769531,-13.954266,-8.0681486,-14.039445,-7.5097851
17.771484,-13.863207,-8.1996526,-13.933503,-7.2609338
17.773438,-13.7706,-8.0371904,-13.860938,-7.3729329
17.775391,-13.688416,-7.7794389,-13.778262,-7.5491714
17.777344,-13.596395,-7.8001623,-13.680901,-7.4330387
17.779297,-13.504553,-7.9764504,-13.596331,-7.1286792
17.78125,-13.410389,-7.8994426,-13.509639,-7.081541
17.783203,-13.324696,-7.6172146,-13.421792,-7.3188538
17.785156,-13.245493,-7.5850048,-13.318061,-7.2318968
17.787109,-13.149289,-7.768392,-13.206882,-6.8721284
17.789063,-13.053596,-7.6675238,-13.12599,-6.8797564
17.791016,-12.967743,-7.372962,-13.042287,-7.201066
17.792969,-12.866768,-7.3735775,-12.937415,-7.1984744
17.794922,-12.77115,-7.5666556,-12.827326,-6.7557735
17.796875,-12.677305,-7.4959287,-12.726528,-6.5443415
17.798828,-12.578626,-7.260312,-12.653746,-6.8705711
17.800781,-12.48521,-7.204997,-12.55589,-7.0670671
17.802734,-12.395616,-7.3099331,-12.450664,-6.6876788
17.804688,-12.303932,-7.3108286,-12.351155,-6.286633
17.806641,-12.203967,-7.1025543,-12.257559,-6.4779148
17.808594,-12.109605,-6.9182624,-12.183298,-6.8200058
17.810547,-12.011826,-6.9774537,-12.071495,-6.5812158
17.8125,-11.904414,-7.1085419,-11.960925,-6.1016168
17.814453,-11.81018,-6.9756875,-11.879592,-6.1239833
17.816406,-11.717423,-6.7429223,-11.79064,-6.5011162
17.818359,-11.604741,-6.8023257,-11.677339,-6.4789204
17.820313,-11.511391,-6.9017968,-11.562772,-5.9776053
17.822266,-11.418811,-6.7214331,-11.477935,-5.8078813
17.824219,-11.310534,-6.5545735,-11.388568,-6.228044
17.826172,-11.218884,-6.5588197,-11.266606,-6.3780336
17.828125,-11.116923,-6.589015,-11.156298,-5.8417139
17.830078,-11.014967,-6.5207161,-11.070179,-5.4764313
17.832031,-10.909504,-6.3491954,-10.961808,-5.9279799
17.833984,-10.813002,-6.2840061,-10.853179,-6.2515258
17.835938,-10.707364,-6.3652081,-10.763985,-5.6613121
17.837891,-10.589264,-6.3636002,-10.668251,-5.2060666
17.839844,-10.501894,-6.1427011,-10.564732,-5.6274123
17.841797,-10.386417,-6.0266728,-10.45469,-5.9326109
17.84375,-10.281209,-6.1687455,-10.343186,-5.3923049
17.845703,-10.184471,-6.1592931,-10.242611,-4.9738178
17.847656,-10.066189,-5.9087963,-10.12845,-5.4156122
17.849609,-9.9672718,-5.756597,-10.034934,-5.7338461
17.851563,-9.8685388,-5.881412,-9.9323482,-5.2155695
17.853516,-9.7558755,-5.9518766,-9.8059101,-4.7703943
17.855469,-9.6528329,-5.6769332,-9.7254591,-5.0664892
17.857422,-9.5473594,-5.4386148,-9.6142845,-5.361557
17.859375,-9.4353513,-5.6025815,-9.4962196,-5.007266
17.861328,-9.3362426,-5.7354307,-9.3990945,-4.551846
17.863281,-9.2220926,-5.4685778,-9.2961292,-4.737988
17.865234,-9.1166887,-5.197081,-9.1901292,-5.0954566
17.867188,-9.0115461,-5.2938203,-9.0534915,-4.7842378
17.869141,-8.8950128,-5.4725527,-8.9471206,-4.2657456
17.871094,-8.7870216,-5.241301,-8.8502235,-4.4355211
17.873047,-8.676258,-4.917169,-8.7411575,-4.8960471
17.875,-8.5662345,-5.0301232,-8.6406765,-4.6370616
17.876953,-8.4547004,-5.2192077,-8.5207719,-3.9705805
17.878906,-8.3411769,-4.9987936,-8.4050016,-3.9891202
17.880859,-8.2264757,-4.6718173,-8.2907342,-4.483529
17.882813,-8.1223001,-4.726592,-8.1645698,-4.4017558
17.884766,-8.0047969,-4.9296455,-8.054264,-3.8459401
17.886719,-7.8745112,-4.757399,-7.9497227,-3.7768342
17.888672,-7.7765998,-4.3870511,-7.8318676,-4.1729931
17.890625,-7.6666274,-4.4329023,-7.7233815,-4.1091189
17.892578,-7.5548691,-4.7077431,-7.6183638,-3.5547416
17.894531,-7.4553632,-4.4848747,-7.506793,-3.4408688
17.896484,-7.3326211,-4.0307374,-7.3921322,-3.7707555
17.898438,-7.2118282,-4.0472512,-7.2709355,-3.7142
17.900391,-7.101067,-4.3183517,-7.1464066,-3.2835729
17.902344,-6.9873762,-4.2486343,-7.0402078,-3.1887803
17.904297,-6.8681535,-3.903191,-6.9449615,-3.476675
17.90625,-6.7556486,-3.7819647,-6.8300623,-3.479048
17.908203,-6.6337575,-3.9283087,-6.6917405,-3.0202746
17.910156,-6.5254526,-3.9372713,-6.5759601,-2.7523589
17.912109,-6.4063696,-3.6468744,-6.4792575,-3.0056498
17.914063,-6.2778983,-3.4796347,-6.3550653,-3.1949679
17.916016,-6.179244,-3.582431,-6.2402091,-2.8489444
17.917969,-6.0647015,-3.5957815,-6.1187481,-2.4261732
17.919922,-5.9520587,-3.3978855,-6.0032696,-2.5504567
17.921875,-5.8238034,-3.1521854,-5.8824381,-2.8166163
17.923828,-5.7009348,-3.1347584,-5.7603249,-2.5558679
17.925781,-5.5963344,-3.2242534,-5.6448388,-2.1349029
17.927734,-5.4703602,-3.1493918,-5.5290885,-2.2053842
17.929688,-5.3546776,-2.9380469,-5.4205746,-2.4360704
17.931641,-5.233818,-2.7965517,-5.2846555,-2.1816809
17.933594,-5.1195631,-2.8440363,-5.1840057,-1.7422871
17.935547,-5.0106358,-2.8108217,-5.0561013,-1.7610682
17.9375,-4.8857011,-2.600378,-4.9331874,-2.0393183
17.939453,-4.7648544,-2.4378168,-4.8261208,-1.8408927
17.941406,-4.6417565,-2.413057,-4.6937837,-1.4048779
17.943359,-4.5291247,-2.4186193,-4.5900101,-1.4170033
17.945313,-4.4155154,-2.3395762,-4.4552736,-1.6019363
17.947266,-4.2903604,-2.1752369,-4.3245344,-1.4349157
17.949219,-4.1647634,-2.0167355,-4.2121539,-1.0326116
17.951172,-4.0370216,-1.9462831,-4.0925664,-1.0143079
17.953125,-3.9235279,-1.9471454,-3.9618272,-1.2486393
17.955078,-3.8055594,-1.8996533,-3.8433835,-1.047383
17.957031,-3.6776559,-1.7194689,-3.7463266,-0.61855233
17.958984,-3.5656912,-1.5296865,-3.6242489,-0.58606857
17.960938,-3.4391698,-1.4875545,-3.4961605,-0.77642035
17.962891,-3.3113825,-1.5035656,-3.3724882,-0.53318506
17.964844,-3.2000954,-1.3289512,-3.2461879,-0.13771628
17.966797,-3.0864205,-1.1358603,-3.1351742,-0.21307436
17.96875,-2.9626011,-1.1503434,-3.0187606,-0.42090786
17.970703,-2.8330528,-1.0717589,-2.8901767,-0.1712241
17.972656,-2.714277,-0.83569211,-2.7537269,0.25489682
17.974609,-2.5869476,-0.73447615,-2.6345789,0.24675088
17.976563,-2.4723482,-0.75622922,-2.5363318,-0.0018247305
17.978516,-2.3609619,-0.67472714,-2.4218909,0.05313215
17.980469,-2.2368004,-0.48522556,-2.3007707,0.37358013
17.982422,-2.1108536,-0.31846568,-2.1585149,0.43099475
17.984375,-1.9802507,-0.22205952,-2.0397694,0.18999882
17.986328,-1.8693224,-0.17774597,-1.9293965,0.081068449
17.988281,-1.7509222,-0.132277,-1.7946676,0.1880995
17.990234,-1.6160122,-0.042127188,-1.683423,0.31292501
17.992188,-1.4872582,0.17421532,-1.5622727,0.25018096
17.994141,-1.3631436,0.35108557,-1.4374606,0.13468538
17.996094,-1.24939,0.25271428,-1.3097261,0.22518876
17.998047,-1.1277556,0.16696334,-1.1734606,0.33816332
18.0,-1.0070118,0.29693523,-1.0702458,0.25508478
18.001953,-0.88119513,0.43508878,-0.94456571,0.11171252
18.003906,-0.75230306,0.36841202,-0.81232345,0.14645427
18.005859,-0.64003956,0.2191691,-0.70850521,0.33551621
18.007813,-0.51054066,0.24706,-0.57927305,0.34388509
18.009766,-0.39119297,0.38062423,-0.45926654,0.15494674
18.011719,-0.26717243,0.4182272,-0.32890189,0.17637439
18.013672,-0.14165114,0.29140493,-0.20133117,0.35050863
18.015625,-0.02494874,0.23061936,-0.087475121,0.32639149
18.017578,0.10939683,0.32421926,0.056639597,0.17186661
18.019531,0.22631067,0.40898019,0.18369249,0.23150542
18.021484,0.35342687,0.36936268,0.29710895,0.50026625
18.023438,0.48114175,0.23863862,0.42930087,0.54207826
18.025391,0.59479803,0.26339051,0.54950857,0.43902707
18.027344,0.71760195,0.40306526,0.66002297,0.62377876
18.029297,0.83939397,0.38494337,0.79252601,0.95341367
18.03125,0.95952511,0.28531665,0.91437089,1.0542411
18.033203,1.0791639,0.30133796,1.032729,1.0422574
18.035156,1.2053415,0.36641631,1.1516552,1.1843572
18.037109,1.3277365,0.38682789,1.2758674,1.4175636
18.039063,1.4574403,0.37586483,1.3920816,1.5775066
18.041016,1.5837823,0.40361801,1.5021882,1.6382966
18.042969,1.6954187,0.47095087,1.6478712,1.738702
18.044922,1.8274951,0.5253827,1.7750247,1.9639205
18.046875,1.95079,0.63165534,1.8772411,2.1330504
18.048828,2.0633728,0.78349775,2.0080249,2.1149935
18.050781,2.1908922,0.84975982,2.1367244,2.1563229
18.052734,2.3206079,0.93074155,2.2557642,2.4580705
18.054688,2.4314158,1.1368721,2.374448,2.6855132
18.056641,2.5464823,1.3236626,2.480386,2.5845129
18.058594,2.674941,1.4093838,2.6157519,2.5951364
18.060547,2.7988507,1.5033782,2.7470946,2.9554719
18.0625,2.9262354,1.7322436,2.8697552,3.2013356
18.064453,3.0353925,1.918215,2.9874279,3.0611364
18.066406,3.1611354,1.9090663,3.1043257,2.9740705
18.068359,3.2889719,1.9729497,3.2410364,3.2844545
18.070313,3.3984031,2.2453191,3.3528733,3.626024
18.072266,3.5318882,2.452831,3.4644868,3.5829808
18.074219,3.6554873,2.4641225,3.5867507,3.4256954
18.076172,3.770504,2.4977932,3.7018883,3.676059
18.078125,3.8882446,2.6583278,3.8093369,4.0740137
18.080078,4.0069146,2.8837888,3.9344601,4.066689
18.082031,4.136641,3.02214,4.0665011,3.8958919
18.083984,4.2473363,3.0469067,4.1790552,4.0815253
18.085938,4.3603868,3.1387248,4.309442,4.4243855
18.087891,4.4798078,3.2938306,4.4165277,4.3898615
18.089844,4.6050372,3.4831261,4.5343847,4.2289171
18.091797,4.7356081,3.5823938,4.6754164,4.4462924
18.09375,4.8435602,3.5810425,4.7769269,4.7994151
18.095703,4.9655599,3.6575796,4.901534,4.8034081
18.097656,5.0833358,3.8080487,5.0196275,4.5774736
18.099609,5.1937475,3.9795429,5.1243605,4.7593364
18.101563,5.3136549,4.0858883,5.252408,5.1993975
18.103516,5.4374389,4.1456975,5.3862633,5.2201442
18.105469,5.5595941,4.2391505,5.5043253,4.9980416
18.107422,5.6748666,4.3674745,5.6148157,5.0843577
18.109375,5.7977185,4.4198193,5.7463054,5.3956637
18.111328,5.8991103,4.459968,5.84838,5.4685297
18.113281,6.0271191,4.6284718,5.96842,5.3707122
18.115234,6.1541018,4.7859044,6.0939416,5.4671878
18.117188,6.2592549,4.8780965,6.1795043,5.7442727
18.119141,6.3866977,4.8624362,6.2960166,5.8263773
18.121094,6.4962229,4.8870801,6.4275064,5.7203183
18.123047,6.6134262,5.0966095,6.5551552,5.8783168
18.125,6.7280163,5.241713,6.6570234,6.1553344
18.126953,6.8325324,5.2559137,6.7737312,6.0511503
18.128906,6.9581522,5.2935195,6.917272,5.8465256
18.130859,7.0824875,5.434237,7.0335698,6.1259341
18.132813,7.1933641,5.5777759,7.1398005,6.4764823
18.134766,7.3077383,5.5743045,7.2449727,6.3108968
18.136719,7.4189419,5.5664072,7.3568992,6.1144814
18.138672,7.5357623,5.7265906,7.4746518,6.4581823
18.140625,7.6586155,5.8969764,7.5822529,6.86518
18.142578,7.7667264,5.9370923,7.6857419,6.721085
18.144531,7.8763432,5.9234871,7.8025927,6.4396553
18.146484,7.9883446,5.9912781,7.9285302,6.6860098
18.148438,8.0955982,6.1316647,8.0586242,7.1014928
18.150391,8.2092495,6.2450342,8.1619978,6.9997444
18.152344,8.3296899,6.3206853,8.2667865,6.6797847
18.154297,8.4432888,6.365674,8.3919897,6.8189525
18.15625,8.5471048,6.3891286,8.4999036,7.2838263
18.158203,8.6540365,6.4429669,8.6000433,7.3697881
18.160156,8.7643346,6.5528798,8.7120037,7.0619792
18.162109,8.8769702,6.6663041,8.8316707,7.0801596
18.164063,8.9787406,6.7251606,8.9548845,7.5160198
18.166016,9.0905828,6.7612428,9.0687294,7.6569747
18.167969,9.2192134,6.8281507,9.1637468,7.3244743
18.169922,9.3224477,6.9259715,9.2738103,7.2247839
18.171875,9.4202413,6.9523568,9.371931,7.6478877
18.173828,9.5262327,6.9202165,9.4639864,7.9303717
18.175781,9.6459913,7.0643782,9.5928068,7.7218337
18.177734,9.7601623,7.2898364,9.7108726,7.6102447
18.179688,9.8545913,7.28724,9.8127594,7.9163551
18.181641,9.9609556,7.1383624,9.9033775,8.0790844
18.183594,10.071981,7.236896,10.000854,7.8030166
18.185547,10.17645,7.5402836,10.126634,7.746171
18.1875,10.290429,7.5902781,10.217188,8.2319326
18.189453,10.399014,7.4314475,10.325795,8.4475803
18.191406,10.500506,7.4801883,10.445944,8.0550518
18.193359,10.606812,7.7064952,10.54178,7.9319071
18.195313,10.708031,7.7645211,10.654117,8.3725996
18.197266,10.802779,7.7090358,10.745289,8.5828743
18.199219,10.909762,7.7886333,10.848319,8.2865371
18.201172,11.016217,7.9566783,10.954896,8.1796865
18.203125,11.112638,8.0267829,11.058825,8.5821037
18.205078,11.221418,7.9690432,11.159482,8.838479
18.207031,11.323035,7.9943819,11.251005,8.5582552
18.208984,11.425503,8.1509952,11.362879,8.3741388
18.210938,11.523976,8.2109851,11.479172,8.7311162
18.212891,11.630717,8.1712055,11.590744,9.0180559
18.214844,11.735219,8.2202243,11.670517,8.7882986
18.216797,11.818644,8.3515052,11.75643,8.5522975
18.21875,11.933566,8.3913145,11.860808,8.8065347
18.220703,12.038172,8.3912849,11.973886,9.2017965
18.222656,12.124043,8.4889383,12.07185,9.1616916
18.224609,12.226627,8.5373992,12.154094,8.8745946
18.226563,12.321113,8.534089,12.247151,8.9197311
18.228516,12.421984,8.6247587,12.353844,9.258152
18.230469,12.522221,8.7337837,12.474863,9.3708028
18.232422,12.609365,8.7624025,12.554413,9.2091817
18.234375,12.695342,8.7232017,12.658691,9.1104965
18.236328,12.795169,8.7684974,12.771393,9.2393713
18.238281,12.893322,8.9471321,12.842315,9.48773
18.240234,12.977534,9.0323095,12.927397,9.478569
18.242188,13.07778,8.9412536,13.024645,9.2650394
18.244141,13.172916,8.9095897,13.114839,9.4351406
18.246094,13.262956,9.0588941,13.212214,9.8276453
18.248047,13.35429,9.1883201,13.299687,9.7439994
18.25,13.443575,9.1467027,13.384832,9.4520378
18.251953,13.543453,9.1017599,13.488213,9.5775289
18.253906,13.632339,9.2374839,13.560368,9.8959112
18.255859,13.716307,9.3657035,13.664661,9.8854923
18.257813,13.810229,9.2985029,13.749699,9.677762
18.259766,13.908311,9.2645864,13.813155,9.7706842
18.261719,13.990922,9.410263,13.931585,10.000207
18.263672,14.081117,9.5060529,14.026946,10.016462
18.265625,14.175119,9.4537859,14.107084,9.967453
18.267578,14.250326,9.4703788,14.194643,9.9386482
18.269531,14.347054,9.5673093,14.287034,9.9786653
18.271484,14.42265,9.6113004,14.36239,10.156468
18.273438,14.504202,9.6588907,14.443806,10.218382
18.275391,14.605332,9.6823101,14.545506,10.104252
18.277344,14.676676,9.7318468,14.632737,10.165331
18.279297,14.757924,9.7806625,14.720219,10.375007
18.28125,14.850245,9.7376928,14.811068,10.331958
18.283203,14.932193,9.7924003,14.878122,10.187611
18.285156,15.012691,9.9337024,14.945818,10.311267
18.287109,15.098731,9.9443941,15.04281,10.4773
18.289063,15.17563,9.8757143,15.125634,10.503318
18.291016,15.252479,9.9284648,15.209502,10.53716
18.292969,15.330416,10.046345,15.279608,10.545196
18.294922,15.409036,10.095379,15.35965,10.489549
18.296875,15.496546,10.099556,15.438961,10.550944
18.298828,15.575676,10.112614,15.504821,10.730575
18.300781,15.643206,10.169807,15.592358,10.746338
18.302734,15.721233,10.174793,15.638126,10.65
18.304688,15.803622,10.175989,15.714618,10.698769
18.306641,15.87651,10.302753,15.813167,10.839266
18.308594,15.942626,10.35905,15.87748,10.930948
18.310547,16.02416,10.294079,15.963832,10.874135
18.3125,16.106564,10.309224,16.058388,10.755321
18.314453,16.165003,10.456268,16.136936,10.83596
18.316406,16.24613,10.475465,16.203949,10.991145
18.318359,16.324827,10.372864,16.265293,10.909652
18.320313,16.390821,10.465305,16.33864,10.801852
18.322266,16.466831,10.581388,16.419323,11.004007
18.324219,16.533966,10.533281,16.478868,11.269951
18.326172,16.606829,10.525014,16.543081,11.165388
18.328125,16.669882,10.628655,16.616476,10.935235
18.330078,16.735264,10.679367,16.689995,11.089187
18.332031,16.798304,10.640049,16.760452,11.407164
18.333984,16.869534,10.693203,16.823778,11.335588
18.335938,16.948788,10.822863,16.891985,11.02518
18.337891,16.993387,10.832584,16.961435,11.103406
18.339844,17.063604,10.705155,17.035532,11.481862
18.341797,17.125458,10.695487,17.086504,11.501982
18.34375,17.180332,10.95153,17.151667,11.154595
18.345703,17.253632,11.036929,17.22171,11.13237
18.347656,17.307697,10.856178,17.27141,11.584803
18.349609,17.373201,10.847181,17.331156,11.714226
18.351563,17.441967,11.017034,17.36969,11.323371
18.353516,17.507065,11.0911,17.44636,11.249866
18.355469,17.569117,10.962823,17.519543,11.692504
18.357422,17.635437,10.889221,17.573597,11.88569
18.359375,17.693052,11.056351,17.634155,11.480577
18.361328,17.738436,11.18679,17.679115,11.217937
18.363281,17.797781,11.083955,17.753677,11.620247
18.365234,17.856295,11.032449,17.806797,11.982544
18.367188,17.903288,11.246165,17.866199,11.717285
18.369141,17.959173,11.354418,17.920828,11.378861
18.371094,18.017969,11.187691,17.975954,11.63041
18.373047,18.070208,11.132783,18.042206,12.018459
18.375,18.123262,11.31006,18.068468,11.865444
18.376953,18.180573,11.414661,18.131958,11.527945
18.378906,18.237511,11.299875,18.192282,11.665081
18.380859,18.283566,11.225036,18.233183,12.103215
18.382813,18.323822,11.339708,18.284401,12.053485
18.384766,18.378639,11.459357,18.326519,11.624708
18.386719,18.438356,11.447239,18.382801,11.713712
18.388672,18.476908,11.419849,18.437361,12.190506
18.390625,18.526308,11.440803,18.485519,12.193823
18.392578,18.573994,11.462223,18.536886,11.760408
18.394531,18.613325,11.519744,18.587111,11.731691
18.396484,18.662706,11.526141,18.638288,12.171721
18.398438,18.710974,11.506615,18.670404,12.253965
18.400391,18.75815,11.579731,18.710321,11.883977
18.402344,18.800953,11.608379,18.763348,11.804289
18.404297,18.843391,11.542727,18.796833,12.214318
18.40625,18.882259,11.548377,18.843012,12.382731
18.408203,18.926968,11.657034,18.874529,12.018573
18.410156,18.961624,11.710456,18.919146,11.883247
18.412109,18.996992,11.658372,18.965351,12.26613
18.414063,19.04817,11.634168,19.0026,12.484426
18.416016,19.078463,11.731695,19.060503,12.16153
18.417969,19.115076,11.810369,19.089783,11.927361
18.419922,19.157032,11.707938,19.12657,12.217977
18.421875,19.190279,11.658274,19.173573,12.447641
18.423828,19.229921,11.79946,19.202581,12.252867
18.425781,19.271297,11.881328,19.225544,12.066559
18.427734,19.302025,11.779202,19.256643,12.24568
18.429688,19.326311,11.686369,19.295744,12.498956
18.431641,19.363377,11.776304,19.335186,12.421649
18.433594,19.400434,11.934076,19.371698,12.229614
18.435547,19.429829,11.954569,19.390965,12.292248
18.4375,19.45067,11.805203,19.417408,12.441322
18.439453,19.482777,11.763427,19.449274,12.397306
18.441406,19.513805,11.94251,19.45393,12.31485
18.443359,19.537628,12.054851,19.492487,12.4021
18.445313,19.565205,11.897152,19.543301,12.522939
18.447266,19.585262,11.771046,19.578634,12.536654
18.449219,19.618723,11.958817,19.599216,12.431549
18.451172,19.644711,12.123061,19.607729,12.316313
18.453125,19.666376,11.978408,19.647182,12.351211
18.455078,19.696123,11.800876,19.675671,12.515686
18.457031,19.720242,11.933513,19.696398,12.617156
18.458984,19.748692,12.122458,19.71456,12.479402
18.460938,19.759909,12.028484,19.725466,12.349364
18.462891,19.786081,11.851382,19.741545,12.518156
18.464844,19.813211,11.927602,19.766817,12.7041
18.466797,19.815975,12.170817,19.783216,12.609314
18.46875,19.836714,12.11581,19.801794,12.444758
18.470703,19.86199,11.883274,19.832245,12.510355
18.472656,19.874828,11.973495,19.848063,12.698667
18.474609,19.891109,12.199292,19.861074,12.664392
18.476563,19.917221,12.136995,19.861767,12.446589
18.478516,19.920542,11.937881,19.876549,12.45145
18.480469,19.934486,11.964107,19.893543,12.718917
18.482422,19.953924,12.12729,19.922066,12.80534
18.484375,19.956324,12.185739,19.950329,12.578185
18.486328,19.973341,12.071444,19.946964,12.456916
18.488281,19.986784,11.982758,19.970005,12.608513
18.490234,19.999252,12.104815,19.969187,12.729497
18.492188,20.001556,12.191522,19.962536,12.650066
18.494141,20.012827,12.092258,19.980164,12.555331
18.496094,20.031258,12.006027,20.005356,12.654536
18.498047,20.02614,12.092588,20.029261,12.802691
18.5,20.036804,12.178178,20.017168,12.708585
18.501953,20.049688,12.124315,20.031797,12.512114
18.503906,20.053497,12.071042,20.044067,12.564501
18.505859,20.05545,12.088068,20.043715,12.777483
18.507813,20.058014,12.129604,20.050993,12.779433
18.509766,20.066286,12.130501,20.044157,12.605806
18.511719,20.074665,12.104909,20.06591,12.611058
18.513672,20.084614,12.093702,20.071583,12.76101
18.515625,20.07695,12.095713,20.063753,12.793311
18.517578,20.077595,12.072121,20.066607,12.680223
18.519531,20.08194,12.062522,20.051853,12.645555
18.521484,20.08572,12.087968,20.062344,12.722934
18.523438,20.088978,12.068985,20.072563,12.734259
18.525391,20.085859,12.011437,20.073889,12.730549
18.527344,20.081085,11.909832,20.071394,12.702849
18.529297,20.073868,11.781374,20.059771,12.682957
18.53125,20.085299,11.670667,20.07655,12.695455
18.533203,20.078732,11.553368,20.072336,12.603389
18.535156,20.069857,11.283713,20.076925,12.576754
18.537109,20.066387,11.065904,20.076859,12.554311
18.539063,20.058105,11.189304,20.072258,12.280616
18.541016,20.053263,11.296894,20.084421,12.11621
18.542969,20.040016,11.156039,20.06502,11.910859
18.544922,20.029129,11.027015,20.065142,11.45982
18.546875,20.013611,11.109947,20.042473,11.459906
18.548828,19.995466,11.238169,20.027447,11.817896
18.550781,19.982718,11.164686,20.025974,11.886935
18.552734,19.955278,11.045001,19.994562,11.66404
18.554688,19.936741,11.111285,19.967607,11.562501
18.556641,19.927076,11.206678,19.95471,11.733
18.558594,19.897825,11.162904,19.951626,11.863397
18.560547,19.880056,11.02895,19.922031,11.749763
18.5625,19.851711,10.997182,19.891081,11.544288
18.564453,19.829273,11.088917,19.861446,11.526175
18.566406,19.821102,11.088105,19.847273,11.720178
18.568359,19.793709,11.013496,19.828087,11.795462
18.570313,19.767881,10.96944,19.783514,11.597881
18.572266,19.749134,10.929029,19.767857,11.42143
18.574219,19.719122,10.932462,19.749689,11.531264
18.576172,19.698709,10.974116,19.733997,11.736603
18.578125,19.678051,10.921243,19.729288,11.610269
18.580078,19.647457,10.851225,19.676519,11.286735
18.582031,19.628046,10.815805,19.642809,11.272635
18.583984,19.589848,10.809983,19.626631,11.477827
18.585938,19.563189,10.842769,19.602648,11.53033
18.587891,19.543774,10.822998,19.593948,11.393719
18.589844,19.50713,10.793195,19.551243,11.277448
18.591797,19.47584,10.751464,19.503481,11.299722
18.59375,19.440113,10.708369,19.491236,11.308927
18.595703,19.412663,10.733744,19.463907,11.293191
18.597656,19.393137,10.742738,19.411558,11.340513
18.599609,19.353046,10.676956,19.385321,11.273046
18.601563,19.31399,10.599509,19.341284,11.132251
18.603516,19.277905,10.513435,19.306137,11.197698
18.605469,19.231712,10.54058,19.283237,11.293968
18.607422,19.201187,10.694798,19.235315,11.182026
18.609375,19.16637,10.687692,19.186487,11.033979
18.611328,19.12113,10.547529,19.155691,11.074528
18.613281,19.089487,10.406594,19.136736,11.196016
18.615234,19.0459,10.408106,19.099569,11.146114
18.617188,19.007318,10.524822,19.053677,10.944311
18.619141,18.977345,10.462234,18.997374,10.818975
18.621094,18.93014,10.331503,18.963261,10.89681
18.623047,18.882847,10.289064,18.912664,11.028866
18.625,18.84259,10.320606,18.859314,11.006635
18.626953,18.806957,10.367682,18.838552,10.829913
18.628906,18.758045,10.338685,18.789398,10.816489
18.630859,18.714916,10.217132,18.742996,10.950469
18.632813,18.678503,10.118113,18.70924,10.814933
18.634766,18.632362,10.191551,18.667398,10.593201
18.636719,18.578342,10.224854,18.623566,10.658074
18.638672,18.530849,10.053841,18.559586,10.786339
18.640625,18.495209,9.984168,18.510715,10.646085
18.642578,18.437206,10.166523,18.481964,10.464847
18.644531,18.377808,10.172478,18.42635,10.626595
18.646484,18.329895,9.8825721,18.386631,10.788083
18.648438,18.286304,9.8547897,18.327507,10.511575
18.650391,18.232525,10.131081,18.253496,10.267464
18.652344,18.164356,10.087108,18.220415,10.447984
18.654297,18.125275,9.6958446,18.156116,10.682653
18.65625,18.074707,9.6824579,18.09943,10.54802
18.658203,18.013605,10.046957,18.053675,10.192475
18.660156,17.970501,9.9612026,17.989515,10.254783
18.662109,17.903708,9.5193586,17.948198,10.554522
18.664063,17.848539,9.5229511,17.896294,10.411884
18.666016,17.795326,9.8506374,17.834215,10.067508
18.667969,17.734591,9.8548164,17.772539,10.055475
18.669922,17.682787,9.5189685,17.721159,10.288903
18.671875,17.618902,9.3995513,17.660288,10.280005
18.673828,17.553232,9.6116733,17.60438,10.028276
18.675781,17.493605,9.6517448,17.544413,9.9662389
18.677734,17.446014,9.446412,17.459293,10.147529
18.679688,17.377893,9.3852605,17.410131,10.153759
18.681641,17.306129,9.4671573,17.343807,9.9221372
18.683594,17.253714,9.379445,17.277676,9.9226236
18.685547,17.191166,9.274744,17.227842,10.054626
18.6875,17.123941,9.3463258,17.165365,9.9617357
18.689453,17.057077,9.3074398,17.104498,9.7396364
18.691406,16.996941,9.0937557,17.043276,9.6737194
18.693359,16.925486,9.0796337,16.984758,9.7933359
18.695313,16.856007,9.2693843,16.905678,9.7838544
18.697266,16.793903,9.2216205,16.833834,9.6086158
18.699219,16.722439,9.017168,16.762735,9.5456924
18.701172,16.654064,8.9823665,16.708324,9.7190341
18.703125,16.582108,9.0521965,16.65519,9.7821302
18.705078,16.521526,9.0357246,16.574713,9.5344734
18.707031,16.446783,8.9140863,16.490063,9.3116703
18.708984,16.367905,8.8477773,16.420166,9.3646459
18.710938,16.307709,8.8451137,16.360327,9.5628337
18.712891,16.220995,8.8623237,16.280203,9.5710449
18.714844,16.149719,8.8284988,16.213192,9.3363418
18.716797,16.092171,8.7150526,16.145355,9.1841888
18.71875,16.009361,8.7186822,16.065536,9.2920064
18.720703,15.938213,8.7166748,15.979005,9.3414373
18.722656,15.858384,8.5475025,15.92323,9.1588268
18.724609,15.782495,8.497653,15.853232,9.08076
18.726563,15.707888,8.6068868,15.749565,9.2356882
18.728516,15.625393,8.6139698,15.693033,9.1631507
18.730469,15.55661,8.4588508,15.618226,8.8865652
18.732422,15.478006,8.3581304,15.532529,8.9584274
18.734375,15.405473,8.3998231,15.463686,9.1297855
18.736328,15.322953,8.3727817,15.369574,8.9471149
18.738281,15.241258,8.2576637,15.287647,8.6916084
18.740234,15.164906,8.2029018,15.219888,8.794322
18.742188,15.083055,8.2334594,15.1325,9.001337
18.744141,14.999948,8.2256193,15.049739,8.83607
18.746094,14.919587,8.128004,14.971381,8.5252218
18.748047,14.84815,8.0405111,14.894279,8.5863628
18.75,14.761805,8.0503873,14.820634,8.8301773
18.751953,14.676366,8.0323438,14.719883,8.686675
18.753906,14.586923,7.9066624,14.635584,8.3309917
18.755859,14.499438,7.8528275,14.569777,8.3504753
18.757813,14.420237,7.8945322,14.479412,8.6872901
18.759766,14.336168,7.8982329,14.386969,8.6305542
18.761719,14.246816,7.8155427,14.309136,8.1271858
18.763672,14.153013,7.6812524,14.22151,8.0783128
18.765625,14.059198,7.5897913,14.121736,8.5150213
18.767578,13.976549,7.6578307,14.046493,8.4712619
18.769531,13.896379,7.7329196,13.938462,7.9841995
18.771484,13.796046,7.6293425,13.838297,7.9816536
18.773438,13.712165,7.4074726,13.783558,8.3205814
18.775391,13.626813,7.334742,13.689669,8.2853908
18.777344,13.533143,7.5109295,13.582191,7.9302945
18.779297,13.448252,7.4892921,13.48251,7.7091441
18.78125,13.346486,7.1920752,13.395278,7.9093194
18.783203,13.261815,7.1239833,13.313121,8.1470127
18.785156,13.182708,7.3185472,13.227327,7.9541101
18.787109,13.082365,7.3283186,13.141075,7.6192474
18.789063,12.984166,7.039246,13.042307,7.6089301
18.791016,12.892553,6.8501029,12.940245,7.7588129
18.792969,12.798331,7.0590667,12.84984,7.663949
18.794922,12.707751,7.2146048,12.770994,7.484404
18.796875,12.620938,6.9314785,12.677198,7.5528197
18.798828,12.512947,6.661695,12.568543,7.6236462
18.800781,12.415452,6.7659039,12.464429,7.3662347
18.802734,12.323551,6.8993721,12.38381,7.1781234
18.804688,12.219993,6.7718596,12.281662,7.4226412
18.806641,12.136213,6.5902032,12.185288,7.550569
18.808594,12.035804,6.5893945,12.106219,7.1585249
18.810547,11.929337,6.6446075,11.996532,6.9132585
18.8125,11.830743,6.4786748,11.896993,7.1554851
18.814453,11.73592,6.3307099,11.784243,7.2448806
18.816406,11.647064,6.4320282,11.679119,6.9455075
18.818359,11.533275,6.4915638,11.585093,6.8236703
18.820313,11.428694,6.263175,11.476258,7.0682649
18.822266,11.343623,6.0275979,11.378585,7.1037411
18.824219,11.236094,6.1953868,11.282189,6.7302346
18.826172,11.12782,6.3499193,11.175214,6.5545902
18.828125,11.028712,6.0259714,11.072284,6.79673
18.830078,10.921428,5.7698802,10.96358,6.8098044
18.832031,10.829701,5.9972348,10.86286,6.4745669
18.833984,10.725184,6.1348042,10.77216,6.3883371
18.835938,10.610043,5.8174338,10.666116,6.6442351
18.837891,10.509792,5.5247955,10.57583,6.6234149
18.839844,10.402738,5.6659097,10.467468,6.178894
18.841797,10.302166,5.8917183,10.359055,6.0953083
18.84375,10.20296,5.6918358,10.261981,6.3694257
18.845703,10.098104,5.3438558,10.146475,6.3524622
18.847656,9.9839544,5.3674144,10.058442,6.0694484
18.849609,9.8745269,5.5146551,9.9604301,5.9287562
18.851563,9.778923,5.388339,9.8460931,6.0650954
18.853516,9.6669044,5.2131071,9.7400455,6.0667214
18.855469,9.5512104,5.2105984,9.6199569,5.8161006
18.857422,9.4478387,5.2184844,9.5227603,5.7050743
18.859375,9.3419685,5.0975585,9.4152221,5.85043
18.861328,9.2338008,4.9855856,9.2904071,5.900515
18.863281,9.1175708,4.9790568,9.1983661,5.6541857
18.865234,9.007471,4.9217267,9.0780954,5.4652142
18.867188,8.9141168,4.7953047,8.9609308,5.5789685
18.869141,8.7966013,4.7364015,8.8630676,5.6176357
18.871094,8.677164,4.6953215,8.7371788,5.4079704
18.873047,8.5699405,4.5919489,8.6266794,5.2823824
18.875,8.4690465,4.5028634,8.5247068,5.280559
18.876953,8.3545274,4.5050597,8.4081764,5.3070488
18.878906,8.2340135,4.4651269,8.2942562,5.2611231
18.880859,8.130784,4.2659997,8.1951122,5.0390815
18.882813,8.0139188,4.17451,8.0859231,4.950499
18.884766,7.8991026,4.2303915,7.9741201,5.044456
18.886719,7.786746,4.1564574,7.8614411,4.9382886
18.888672,7.6854939,3.997298,7.7545852,4.703474
18.890625,7.5698952,3.9343578,7.6532983,4.6936774
18.892578,7.444725,3.8839986,7.5293541,4.7946453
18.894531,7.3368911,3.7426755,7.4145741,4.6352534
18.896484,7.2227683,3.6942014,7.2868933,4.4376692
18.898438,7.1117582,3.7271702,7.1642084,4.4771447
18.900391,6.9958486,3.6063969,7.0536289,4.5429954
18.902344,6.8796148,3.4007263,6.9435167,4.4663896
18.904297,6.7715301,3.3439552,6.8380127,4.2882113
18.90625,6.6485686,3.3946793,6.7073202,4.1770978
18.908203,6.5247316,3.279123,6.5995645,4.1051898
18.910156,6.4187007,3.0574734,6.4856524,4.021305
18.912109,6.2959079,3.0570073,6.3599853,4.0063338
18.914063,6.1752319,3.1371448,6.2529859,3.9681496
18.916016,6.0617265,2.9304108,6.1486702,3.8182191
18.917969,5.945568,2.6688654,6.0252757,3.7211
18.919922,5.8318352,2.7422342,5.8996048,3.7186269
18.921875,5.7097692,2.811501,5.7868585,3.6072773
18.923828,5.5957236,2.5059144,5.6565256,3.4863967
18.925781,5.4795846,2.2689654,5.5457429,3.4660165
18.927734,5.364717,2.4383926,5.429665,3.4444024
18.929688,5.2454657,2.5150547,5.3192977,3.333532
18.931641,5.1288967,2.1193451,5.1988925,3.1603045
18.933594,5.0096879,1.8636795,5.0671362,3.080652
18.935547,4.8870506,2.0870513,4.9634709,3.0240423
18.9375,4.7784075,2.1303122,4.8355593,2.9591696
18.939453,4.6661553,1.7642035,4.7250671,2.9257941
18.941406,4.5426044,1.5074812,4.6146254,2.8233099
18.943359,4.413443,1.6095299,4.4909887,2.6715521
18.945313,4.3023395,1.6211218,4.3749642,2.5592277
18.947266,4.1836676,1.3764396,4.246891,2.5017795
18.949219,4.0567016,1.2453905,4.1155948,2.4579014
18.951172,3.9392039,1.2442038,3.9769692,2.3686187
18.953125,3.8254437,1.1441522,3.8711431,2.2616887
18.955078,3.703933,0.95539671,3.758954,2.2280137
18.957031,3.5841901,0.81955087,3.6339986,2.2058589
18.958984,3.4709484,0.78730953,3.5024306,1.9719886
18.960938,3.349864,0.71507651,3.3810625,1.6978882
18.962891,3.2275283,0.48344108,3.2715613,1.7473623
18.964844,3.103796,0.35446304,3.1469802,1.8721208
18.966797,2.9891989,0.36764044,3.031703,1.64977
18.96875,2.8665535,0.29470134,2.8926584,1.3111845
18.970703,2.7437586,0.093988985,2.787538,1.3207043
18.972656,2.6273143,-0.063521065,2.6797115,1.4367379
18.974609,2.5035185,-0.076324537,2.5482645,1.2836533
18.976563,2.3778471,-0.12273502,2.4319238,0.94322157
18.978516,2.2551395,-0.22202681,2.3080112,0.78974986
18.980469,2.134051,-0.21362279,2.1789858,0.93269938
18.982422,2.0133404,-0.10255838,2.0442476,0.91247523
18.984375,1.88442,-0.10675935,1.9214677,0.61423028
18.986328,1.7599805,-0.23346986,1.810605,0.45947033
18.988281,1.6379959,-0.2469731,1.687864,0.5809527
18.990234,1.5129352,-0.10370356,1.5617667,0.5176456
18.992188,1.3984938,-0.093362615,1.4595354,0.11944092
18.994141,1.2676771,-0.21982174,1.3431611,-0.055984106
18.996094,1.1458113,-0.21936078,1.2173246,0.10748221
18.998047,1.0261873,-0.15593359,1.0786114,0.047604341
19.0,0.90454239,-0.15117063,0.94197536,-0.28054124
19.001953,0.78308243,-0.19455943,0.84300369,-0.28989369
19.003906,0.65086371,-0.21599761,0.72214967,0.090833426
19.005859,0.53994173,-0.19543837,0.57882655,0.17428951
19.007813,0.41759467,-0.16790102,0.45939565,-0.26872414
19.009766,0.29487178,-0.14128813,0.33588922,-0.44295073
19.011719,0.17556116,-0.17488146,0.21678983,0.026207671
19.013672,0.04314854,-0.25631088,0.1012276,0.22991565
19.015625,-0.075540632,-0.21578252,-0.030772477,-0.21399997
19.017578,-0.19577149,-0.1496613,-0.15336619,-0.45596945
19.019531,-0.32139829,-0.19331746,-0.28771132,-0.091864936
19.021484,-0.44086534,-0.29168457,-0.41541803,0.16465457
19.023438,-0.5603103,-0.40101495,-0.53328806,-0.13743863
19.025391,-0.69404769,-0.45916378,-0.64500767,-0.30824649
19.027344,-0.81904143,-0.56878728,-0.77623284,-0.044475172
19.029297,-0.93350685,-0.68118781,-0.90881783,0.064688407
19.03125,-1.0606899,-0.70807856,-0.99821734,-0.22791249
19.033203,-1.1843023,-0.84063286,-1.1404154,-0.32980669
19.035156,-1.3068153,-1.1004681,-1.2645626,-0.055569027
19.037109,-1.4287201,-1.2872922,-1.3587788,-0.087591216
19.039063,-1.5497872,-1.2923957,-1.4937908,-0.31560069
19.041016,-1.6745663,-1.3997954,-1.6132888,-0.30919638
19.042969,-1.7997877,-1.6892429,-1.7422267,-0.25632051
19.044922,-1.9202933,-1.8555163,-1.8691846,-0.38136128
19.046875,-2.036899,-1.8512053,-1.9904279,-0.54940486
19.048828,-2.1607644,-1.9160345,-2.1176037,-0.48891824
19.050781,-2.2807328,-2.1659863,-2.2225227,-0.47508299
19.052734,-2.3994157,-2.337207,-2.3430676,-0.71455872
19.054688,-2.5242483,-2.3814466,-2.4842877,-0.94396096
19.056641,-2.6462438,-2.4419314,-2.6108825,-1.046675
19.058594,-2.7636666,-2.6113507,-2.7228944,-1.1066222
19.060547,-2.8838927,-2.7817893,-2.8314364,-1.2069308
19.0625,-3.0109593,-2.8370261,-2.9523704,-1.3493986
19.064453,-3.1445429,-2.952526,-3.0780413,-1.5248096
19.066406,-3.2531275,-3.0864021,-3.2086091,-1.7778779
19.068359,-3.3720433,-3.1729397,-3.3275892,-1.8932217
19.070313,-3.5054426,-3.2318284,-3.4307405,-1.8451219
19.072266,-3.6074543,-3.3943035,-3.5560259,-1.9377021
19.074219,-3.7345204,-3.5859739,-3.6828775,-2.1802351
19.076172,-3.8540568,-3.593821,-3.7944741,-2.4509778
19.078125,-3.9686408,-3.67281,-3.9060876,-2.4699883
19.080078,-4.0947523,-3.8753111,-4.0263958,-2.4041128
19.082031,-4.2146253,-3.9719455,-4.1492967,-2.6443455
19.083984,-4.3440089,-3.9831051,-4.2816901,-2.9545464
19.085938,-4.4633283,-4.1100955,-4.4125633,-2.989304
19.087891,-4.5853366,-4.257327,-4.52318,-2.8716313
19.089844,-4.6953358,-4.2676363,-4.6514921,-2.9858858
19.091797,-4.8160576,-4.3326106,-4.7659778,-3.2494037
19.09375,-4.9344921,-4.5563364,-4.8765316,-3.3828115
19.095703,-5.047966,-4.7297272,-5.0113554,-3.3832471
19.097656,-5.1780953,-4.6900944,-5.1328053,-3.5136768
19.099609,-5.28517,-4.7407908,-5.2476391,-3.7357158
19.101563,-5.4056658,-4.9317388,-5.3739376,-3.755613
19.103516,-5.5224223,-5.0108618,-5.4824276,-3.7229869
19.105469,-5.6361932,-5.0433235,-5.593862,-3.9030978
19.107422,-5.762156,-5.133964,-5.7229991,-4.1220803
19.109375,-5.879364,-5.2852339,-5.8216075,-4.1707396
19.111328,-5.9963288,-5.3722167,-5.9460787,-4.2072529
19.113281,-6.1147031,-5.3607716,-6.0527172,-4.3026313
19.115234,-6.2411952,-5.4045858,-6.1699485,-4.4763751
19.117188,-6.3504452,-5.6079306,-6.3181738,-4.5553116
19.119141,-6.46384,-5.7416858,-6.4174904,-4.5653977
19.121094,-6.5873537,-5.6684994,-6.5435299,-4.6696171
19.123047,-6.6909947,-5.721251,-6.6592822,-4.7044467
19.125,-6.8113689,-5.9551019,-6.7771449,-4.7981996
19.126953,-6.9282856,-6.0744714,-6.8971324,-4.9548225
19.128906,-7.034357,-6.028934,-6.9985723,-5.0491294
19.130859,-7.1630692,-6.0375266,-7.1246285,-5.0657339
19.132813,-7.2745976,-6.2198214,-7.2239036,-5.1225051
19.134766,-7.3829236,-6.370594,-7.3323788,-5.3237652
19.136719,-7.5078978,-6.2845182,-7.447535,-5.4253711
19.138672,-7.6233272,-6.2720265,-7.5657362,-5.4368534
19.140625,-7.7307009,-6.5527138,-7.6890006,-5.5034489
19.142578,-7.8421559,-6.6566066,-7.7944989,-5.6159472
19.144531,-7.9634132,-6.5149736,-7.902646,-5.6647229
19.146484,-8.0758552,-6.5960507,-8.0199966,-5.6509971
19.148438,-8.1829433,-6.8329458,-8.1354465,-5.7809391
19.150391,-8.3055486,-6.8791689,-8.2444229,-5.9711713
19.152344,-8.4061756,-6.8203496,-8.3586444,-5.9656796
19.154297,-8.5114564,-6.8989214,-8.475398,-5.921103
19.15625,-8.6322584,-7.044568,-8.5921783,-6.0647716
19.158203,-8.7387542,-7.1531162,-8.6918468,-6.2129855
19.160156,-8.8541564,-7.2001714,-8.8029623,-6.2118139
19.162109,-8.9581089,-7.1604042,-8.9256095,-6.2107987
19.164063,-9.0625791,-7.2102556,-9.0202646,-6.3782138
19.166016,-9.1845092,-7.3841095,-9.1232929,-6.5234875
19.167969,-9.2992687,-7.4960403,-9.2486619,-6.4464869
19.169922,-9.3911104,-7.5196137,-9.3552351,-6.4678087
19.171875,-9.5003662,-7.46175,-9.4784975,-6.7216081
19.173828,-9.6242179,-7.5000963,-9.5703163,-6.7490844
19.175781,-9.7247571,-7.7170815,-9.6551313,-6.5954375
19.177734,-9.8334302,-7.7796082,-9.7828912,-6.6626353
19.179688,-9.941082,-7.6689639,-9.8888187,-6.9879241
19.181641,-10.048213,-7.7082552,-10.012073,-7.1901884
19.183594,-10.162013,-7.9067568,-10.123528,-6.9279217
19.185547,-10.270409,-7.994277,-10.210193,-6.7712321
19.1875,-10.368382,-7.9279174,-10.325561,-7.0704693
19.189453,-10.469689,-7.9274206,-10.436708,-7.3198633
19.191406,-10.587116,-8.0899963,-10.523091,-7.25457
19.193359,-10.683629,-8.264327,-10.627481,-7.1421818
19.195313,-10.785698,-8.2544775,-10.731249,-7.2907819
19.197266,-10.893196,-8.1473178,-10.826391,-7.5420379
19.199219,-11.002868,-8.2222375,-10.925593,-7.564547
19.201172,-11.10571,-8.4336271,-11.028944,-7.4249415
19.203125,-11.197694,-8.4678192,-11.13404,-7.4790458
19.205078,-11.301568,-8.3382396,-11.233858,-7.7421927
19.207031,-11.394048,-8.3916654,-11.340694,-7.7779183
19.208984,-11.501139,-8.6383485,-11.44084,-7.6099767
19.210938,-11.603327,-8.7385063,-11.54286,-7.6686902
19.212891,-11.70669,-8.6276245,-11.643631,-7.8858223
19.214844,-11.804185,-8.5687789,-11.741434,-7.9487948
19.216797,-11.898896,-8.7456541,-11.841601,-7.843925
19.21875,-12.003865,-8.8852558,-11.952222,-7.8820524
19.220703,-12.104763,-8.8257141,-12.066484,-8.1146698
19.222656,-12.199809,-8.8159856,-12.144035,-8.1759185
19.224609,-12.288158,-8.9226703,-12.241574,-8.0318641
19.226563,-12.387511,-9.0111684,-12.357292,-8.0114107
19.228516,-12.48115,-9.0237684,-12.445679,-8.2711124
19.230469,-12.581371,-9.0556049,-12.545036,-8.4600343
19.232422,-12.671119,-9.1314697,-12.626168,-8.2591018
19.234375,-12.766829,-9.1778917,-12.700736,-8.1484899
19.236328,-12.877788,-9.1619644,-12.803557,-8.4549198
19.238281,-12.972587,-9.1947059,-12.914427,-8.7054796
19.240234,-13.048703,-9.2912225,-13.015449,-8.6014337
19.242188,-13.151869,-9.2709188,-13.116065,-8.4085397
19.244141,-13.255811,-9.286848,-13.202861,-8.4512691
19.246094,-13.329755,-9.4701986,-13.284467,-8.6324358
19.248047,-13.430211,-9.4843702,-13.385674,-8.6713676
19.25,-13.519939,-9.3884353,-13.48041,-8.6651182
19.251953,-13.610972,-9.5138292,-13.577875,-8.7912864
19.253906,-13.707439,-9.6332979,-13.66196,-8.8654069
19.255859,-13.794228,-9.5834474,-13.741998,-8.7853746
19.257813,-13.880933,-9.5594902,-13.832836,-8.7665586
19.259766,-13.966554,-9.6577425,-13.916999,-8.9573669
19.261719,-14.058064,-9.7497034,-14.005894,-9.1250791
19.263672,-14.139876,-9.7758445,-14.091651,-9.0320463
19.265625,-14.234715,-9.7872362,-14.182615,-8.9591083
19.267578,-14.321651,-9.8227262,-14.279428,-9.1014299
19.269531,-14.394667,-9.8906478,-14.362372,-9.2139368
19.271484,-14.484642,-9.8682699,-14.431897,-9.1377162
19.273438,-14.571836,-9.8751344,-14.516693,-9.0626564
19.275391,-14.650658,-10.037333,-14.614245,-9.2241163
19.277344,-14.733553,-10.088412,-14.688951,-9.45611
19.279297,-14.817013,-9.960474,-14.772752,-9.4165773
19.28125,-14.893624,-10.015016,-14.857883,-9.2076721
19.283203,-14.978984,-10.241759,-14.940429,-9.2850551
19.285156,-15.068484,-10.221658,-15.023429,-9.5628662
19.287109,-15.145844,-10.069635,-15.08857,-9.5752
19.289063,-15.223613,-10.154963,-15.169769,-9.3778333
19.291016,-15.299831,-10.306089,-15.260251,-9.4333229
19.292969,-15.37958,-10.283476,-15.336011,-9.7532482
19.294922,-15.463901,-10.27647,-15.413063,-9.761856
19.296875,-15.545626,-10.414005,-15.487465,-9.4839096
19.298828,-15.615242,-10.456523,-15.55293,-9.5207843
19.300781,-15.684196,-10.339506,-15.660028,-9.838767
19.302734,-15.774191,-10.356385,-15.746309,-9.9395513
19.304688,-15.84411,-10.578486,-15.781852,-9.7510299
19.306641,-15.913168,-10.67519,-15.867031,-9.5758085
19.308594,-16.000704,-10.484941,-15.944281,-9.7493114
19.310547,-16.064934,-10.425522,-16.018864,-10.161368
19.3125,-16.137434,-10.664501,-16.114483,-10.112334
19.314453,-16.219406,-10.779108,-16.173899,-9.7294769
19.316406,-16.278778,-10.643335,-16.241949,-9.7690191
19.318359,-16.346218,-10.576648,-16.321358,-10.092062
19.320313,-16.426701,-10.737762,-16.389061,-10.164199
19.322266,-16.502203,-10.914216,-16.460495,-9.9859752
19.324219,-16.566296,-10.859683,-16.539505,-9.968461
19.326172,-16.627245,-10.693956,-16.589001,-10.198786
19.328125,-16.691887,-10.753202,-16.652273,-10.273892
19.330078,-16.770241,-10.991223,-16.723118,-10.095458
19.332031,-16.840914,-11.064971,-16.780533,-10.136043
19.333984,-16.886183,-10.906804,-16.866776,-10.415923
19.335938,-16.962582,-10.799597,-16.932047,-10.425593
19.337891,-17.030144,-10.993975,-16.977406,-10.182076
19.339844,-17.09363,-11.235478,-17.032215,-10.129509
19.341797,-17.170076,-11.079657,-17.113289,-10.400062
19.34375,-17.217026,-10.885674,-17.18042,-10.620799
19.345703,-17.274475,-11.067386,-17.231276,-10.493707
19.347656,-17.342728,-11.240367,-17.300318,-10.253051
19.349609,-17.400572,-11.227677,-17.365328,-10.337992
19.351563,-17.456738,-11.195102,-17.424009,-10.637117
19.353516,-17.522608,-11.184278,-17.47781,-10.629887
19.355469,-17.588905,-11.249615,-17.544178,-10.379809
19.357422,-17.65155,-11.318908,-17.600969,-10.42828
19.359375,-17.706968,-11.255619,-17.659027,-10.761339
19.361328,-17.753521,-11.206317,-17.725557,-10.769341
19.363281,-17.81296,-11.298936,-17.781021,-10.491931
19.365234,-17.87693,-11.428386,-17.829649,-10.50347
19.367188,-17.918983,-11.485293,-17.880526,-10.768006
19.369141,-17.969343,-11.419643,-17.932796,-10.840814
19.371094,-18.030045,-11.349567,-17.994232,-10.683477
19.373047,-18.081722,-11.481112,-18.052479,-10.680586
19.375,-18.126675,-11.632554,-18.084257,-10.882847
19.376953,-18.175137,-11.509046,-18.140839,-10.890826
19.378906,-18.220505,-11.398038,-18.195709,-10.722159
19.380859,-18.26881,-11.59874,-18.251122,-10.812886
19.382813,-18.327551,-11.747181,-18.304733,-11.030615
19.384766,-18.372803,-11.634787,-18.34651,-10.948493
19.386719,-18.426441,-11.537974,-18.385975,-10.734262
19.388672,-18.480572,-11.597574,-18.419706,-10.820398
19.390625,-18.525873,-11.708478,-18.492352,-11.095043
19.392578,-18.568775,-11.702097,-18.538891,-11.15406
19.394531,-18.610449,-11.611901,-18.569756,-10.994319
19.396484,-18.65115,-11.657768,-18.617687,-10.871275
19.398438,-18.700953,-11.832741,-18.667463,-10.991242
19.400391,-18.745995,-11.865081,-18.712408,-11.195354
19.402344,-18.779045,-11.765209,-18.732609,-11.146414
19.404297,-18.822138,-11.742386,-18.769302,-10.956272
19.40625,-18.867411,-11.828972,-18.81514,-11.038645
19.408203,-18.902775,-11.920038,-18.86412,-11.348759
19.410156,-18.932768,-11.885788,-18.895018,-11.343842
19.412109,-18.980448,-11.780803,-18.942934,-11.045148
19.414063,-19.025858,-11.848593,-18.997961,-11.007019
19.416016,-19.054592,-12.040275,-19.013182,-11.303659
19.417969,-19.090769,-11.954508,-19.072451,-11.360333
19.419922,-19.123043,-11.75588,-19.109407,-11.057926
19.421875,-19.156857,-11.910098,-19.128901,-11.069413
19.423828,-19.204966,-12.135753,-19.169802,-11.359871
19.425781,-19.230101,-12.053151,-19.200436,-11.384296
19.427734,-19.255629,-11.867854,-19.23929,-11.211268
19.429688,-19.299303,-11.866776,-19.263851,-11.226099
19.431641,-19.312801,-12.082917,-19.303139,-11.411963
19.433594,-19.341976,-12.185697,-19.32292,-11.395925
19.435547,-19.388067,-12.010299,-19.337732,-11.268848
19.4375,-19.407084,-12.002347,-19.382183,-11.303437
19.439453,-19.436481,-12.155369,-19.406443,-11.467103
19.441406,-19.468809,-12.077829,-19.433764,-11.538722
19.443359,-19.49748,-11.993161,-19.47728,-11.364248
19.445313,-19.521116,-12.115411,-19.495058,-11.275696
19.447266,-19.54591,-12.170461,-19.513014,-11.433852
19.449219,-19.568201,-12.055967,-19.548622,-11.484097
19.451172,-19.588987,-12.07506,-19.549265,-11.391662
19.453125,-19.616159,-12.218516,-19.558479,-11.4072
19.455078,-19.636112,-12.226502,-19.605471,-11.497157
19.457031,-19.660992,-12.138147,-19.635553,-11.571771
19.458984,-19.678125,-12.121177,-19.660229,-11.582071
19.460938,-19.699051,-12.198133,-19.681166,-11.431188
19.462891,-19.72299,-12.217993,-19.690432,-11.334252
19.464844,-19.747105,-12.163495,-19.72011,-11.455623
19.466797,-19.768991,-12.180097,-19.721222,-11.593273
19.46875,-19.77232,-12.222955,-19.72641,-11.559125
19.470703,-19.796185,-12.132915,-19.76355,-11.437896
19.472656,-19.811798,-12.126922,-19.769911,-11.531706
19.474609,-19.816799,-12.341004,-19.777878,-11.701564
19.476563,-19.837309,-12.352798,-19.798918,-11.579183
19.478516,-19.842379,-12.157615,-19.821861,-11.414981
19.480469,-19.85932,-12.172121,-19.82873,-11.550555
19.482422,-19.867136,-12.328897,-19.843323,-11.697754
19.484375,-19.876034,-12.351364,-19.848343,-11.566405
19.486328,-19.889242,-12.222829,-19.845709,-11.455007
19.488281,-19.888895,-12.1875,-19.875614,-11.566815
19.490234,-19.903294,-12.307673,-19.887716,-11.708375
19.492188,-19.913395,-12.35739,-19.888435,-11.655231
19.494141,-19.935816,-12.265052,-19.883444,-11.467871
19.496094,-19.935684,-12.215195,-19.893974,-11.483383
19.498047,-19.929707,-12.251566,-19.907352,-11.670009
19.5,-19.939428,-12.23669,-19.928324,-11.724886
19.501953,-19.944345,-12.268146,-19.956156,-11.57866
19.503906,-19.957962,-12.314019,-19.945168,-11.475251
19.505859,-19.950384,-12.269559,-19.93811,-11.526766
19.507813,-19.952929,-12.236791,-19.938177,-11.573622
19.509766,-19.960075,-12.216789,-19.9417,-11.59101
19.511719,-19.961109,-12.223454,-19.939613,-11.596343
19.513672,-19.957809,-12.15451,-19.94264,-11.563097
19.515625,-19.953619,-12.041556,-19.946581,-11.51174
19.517578,-19.958353,-11.958218,-19.932659,-11.466894
19.519531,-19.944492,-11.759746,-19.933697,-11.407373
19.521484,-19.948029,-11.686196,-19.933992,-11.288051
19.523438,-19.944468,-11.560123,-19.935387,-11.196511
19.525391,-19.922037,-11.448233,-19.927744,-11.140298
19.527344,-19.924932,-11.718705,-19.91468,-10.844363
19.529297,-19.906551,-11.781199,-19.924177,-10.8278
19.53125,-19.885298,-11.526004,-19.896736,-11.301829
19.533203,-19.876759,-11.42235,-19.877411,-11.288939
19.535156,-19.845133,-11.616843,-19.873325,-10.778184
19.537109,-19.819796,-11.684906,-19.832664,-10.738084
19.539063,-19.794897,-11.452387,-19.823612,-11.183944
19.541016,-19.765766,-11.394658,-19.798914,-11.180122
19.542969,-19.735321,-11.535385,-19.768589,-10.73518
19.544922,-19.694094,-11.579205,-19.720865,-10.660109
19.546875,-19.652725,-11.38558,-19.668716,-11.062046
19.548828,-19.617804,-11.23903,-19.653967,-11.104343
19.550781,-19.575819,-11.411883,-19.595497,-10.677905
19.552734,-19.519217,-11.498802,-19.552313,-10.642472
19.554688,-19.468191,-11.224611,-19.505449,-10.939876
19.556641,-19.430363,-11.080993,-19.454729,-10.923172
19.558594,-19.38006,-11.316151,-19.423906,-10.561778
19.560547,-19.316919,-11.384686,-19.362663,-10.492251
19.5625,-19.26614,-11.073849,-19.313856,-10.755323
19.564453,-19.214043,-10.885702,-19.272217,-10.700398
19.566406,-19.159849,-11.100618,-19.196558,-10.380968
19.568359,-19.099838,-11.234646,-19.133097,-10.324356
19.570313,-19.030693,-10.918429,-19.09181,-10.517967
19.572266,-18.972795,-10.667,-19.018744,-10.533372
19.574219,-18.911762,-10.869327,-18.946016,-10.316897
19.576172,-18.835062,-11.065627,-18.886808,-10.162474
19.578125,-18.772543,-10.792421,-18.807646,-10.26483
19.580078,-18.699593,-10.477964,-18.743282,-10.38343
19.582031,-18.61916,-10.652928,-18.666641,-10.179833
19.583984,-18.540995,-10.854725,-18.577057,-9.9580535
19.585938,-18.454615,-10.648088,-18.522217,-10.043038
19.587891,-18.386707,-10.381311,-18.442677,-10.184669
19.589844,-18.306541,-10.444999,-18.362457,-10.044091
19.591797,-18.228682,-10.629631,-18.299515,-9.7395944
19.59375,-18.145998,-10.437031,-18.204905,-9.7152376
19.595703,-18.059629,-10.112204,-18.110622,-9.8827314
19.597656,-17.981716,-10.160587,-18.033962,-9.8046855
19.599609,-17.887978,-10.361725,-17.949635,-9.5965738
19.601563,-17.795921,-10.24223,-17.856987,-9.6107263
19.603516,-17.707275,-9.9229974,-17.762089,-9.6872301
19.605469,-17.609821,-9.9338197,-17.679693,-9.5126953
19.607422,-17.499699,-10.154986,-17.58769,-9.3596525
19.609375,-17.409052,-10.052241,-17.48476,-9.4473152
19.611328,-17.316507,-9.7733888,-17.391394,-9.4213905
19.613281,-17.20841,-9.7478895,-17.2726,-9.211071
19.615234,-17.111713,-9.8428716,-17.164202,-9.1160841
19.617188,-17.010344,-9.7614727,-17.079729,-9.2094268
19.619141,-16.908459,-9.5727567,-16.977655,-9.286889
19.621094,-16.804199,-9.4895086,-16.866011,-9.1220874
19.623047,-16.688913,-9.539771,-16.772306,-8.8456201
19.625,-16.582455,-9.5188293,-16.66828,-8.8098964
19.626953,-16.472675,-9.3534565,-16.549931,-8.943428
19.628906,-16.353895,-9.2888174,-16.443962,-8.8186817
19.630859,-16.245932,-9.3121166,-16.336864,-8.5238895
19.632813,-16.127583,-9.2431411,-16.223097,-8.5939607
19.634766,-16.013441,-9.1461772,-16.098495,-8.8121604
19.636719,-15.911018,-9.0375452,-15.9822,-8.5900964
19.638672,-15.79242,-9.0067491,-15.859118,-8.262041
19.640625,-15.668416,-8.9997491,-15.738433,-8.3699045
19.642578,-15.549619,-8.8268461,-15.626286,-8.5963926
19.644531,-15.423007,-8.7096633,-15.503247,-8.4115915
19.646484,-15.304075,-8.8117237,-15.37729,-8.0485134
19.648438,-15.180123,-8.8543129,-15.242897,-8.0227499
19.650391,-15.044071,-8.6260213,-15.127682,-8.2205934
19.652344,-14.935729,-8.405384,-15.001829,-8.1891651
19.654297,-14.802733,-8.50214,-14.865427,-7.8806033
19.65625,-14.661635,-8.6202697,-14.757272,-7.7267003
19.658203,-14.541606,-8.3333196,-14.616825,-7.8741474
19.660156,-14.424115,-8.104784,-14.48018,-7.9032826
19.662109,-14.297285,-8.3030805,-14.359412,-7.6309137
19.664063,-14.157771,-8.3589544,-14.232568,-7.4604334
19.666016,-14.027645,-8.0056057,-14.112375,-7.6023621
19.667969,-13.890584,-7.7677917,-13.970626,-7.6221733
19.669922,-13.770001,-7.9956774,-13.827382,-7.3235049
19.671875,-13.631807,-8.1280565,-13.696434,-7.1250658
19.673828,-13.490689,-7.8279004,-13.558759,-7.2720036
19.675781,-13.357742,-7.5193567,-13.404065,-7.4059705
19.677734,-13.226344,-7.5998835,-13.279294,-7.1368403
19.679688,-13.10103,-7.7988042,-13.144341,-6.8760027
19.681641,-12.947812,-7.6170177,-13.015072,-7.0176315
19.683594,-12.817896,-7.2750582,-12.888891,-7.0987472
19.685547,-12.683148,-7.2295136,-12.73697,-6.7978415
19.6875,-12.534667,-7.4565658,-12.605687,-6.5201702
19.689453,-12.396226,-7.4000868,-12.468204,-6.6216797
19.691406,-12.263705,-7.0300126,-12.324698,-6.7512831
19.693359,-12.123986,-6.9810166,-12.169359,-6.5592131
19.695313,-11.990116,-7.1585774,-12.04847,-6.3159556
19.697266,-11.851608,-7.0200805,-11.910404,-6.3307604
19.699219,-11.704636,-6.7129778,-11.754613,-6.4481511
19.701172,-11.576904,-6.6598186,-11.628373,-6.2740478
19.703125,-11.427118,-6.807229,-11.484955,-5.9915118
19.705078,-11.277338,-6.792438,-11.353062,-6.0009083
19.707031,-11.144066,-6.503704,-11.216709,-6.1143422
19.708984,-11.010704,-6.3549447,-11.073213,-5.9774246
19.710938,-10.86382,-6.5123353,-10.931836,-5.6363148
19.712891,-10.724938,-6.4709916,-10.784218,-5.6068344
19.714844,-10.591952,-6.1612849,-10.638089,-5.8151588
19.716797,-10.440465,-6.0414166,-10.50448,-5.7033681
19.71875,-10.301359,-6.1553769,-10.36617,-5.4068732
19.720703,-10.162732,-6.1594834,-10.226216,-5.3519868
19.722656,-10.009783,-5.9511628,-10.094834,-5.4686031
19.724609,-9.8673477,-5.8013019,-9.9557838,-5.3398761
19.726563,-9.7235126,-5.8159098,-9.8205452,-5.039627
19.728516,-9.5914487,-5.8347244,-9.6832389,-4.9853782
19.730469,-9.4561872,-5.6965251,-9.5389995,-5.089849
19.732422,-9.305828,-5.4960336,-9.3897419,-4.9718008
19.734375,-9.1739387,-5.3958196,-9.2455511,-4.7221384
19.736328,-9.0442152,-5.4416718,-9.1082124,-4.6951623
19.738281,-8.9120607,-5.4091138,-8.9698772,-4.822041
19.740234,-8.7663621,-5.1560425,-8.8282623,-4.7408161
19.742188,-8.6326007,-5.026463,-8.6886444,-4.4114108
19.744141,-8.5006265,-5.0953364,-8.5515976,-4.2870502
19.746094,-8.3468017,-5.1018295,-8.4048376,-4.4382648
19.748047,-8.2155742,-4.887618,-8.2690897,-4.3883762
19.75,-8.0860538,-4.6963801,-8.1435442,-4.0779042
19.751953,-7.9348821,-4.7985272,-8.0009918,-3.9650392
19.753906,-7.8041477,-4.8285036,-7.8553276,-4.0925698
19.755859,-7.6781048,-4.5426921,-7.7290549,-4.0036811
19.757813,-7.5409317,-4.381957,-7.6006426,-3.7210302
19.759766,-7.4132146,-4.4688038,-7.4613332,-3.6696641
19.761719,-7.2833514,-4.4255933,-7.3374228,-3.7627329
19.763672,-7.1613507,-4.210916,-7.2170734,-3.627079
19.765625,-7.0290551,-4.0689792,-7.0753431,-3.3627724
19.767578,-6.8843574,-4.0635614,-6.9407725,-3.2782616
19.769531,-6.7613024,-4.0184712,-6.826322,-3.3408742
19.771484,-6.6307005,-3.928056,-6.6953091,-3.2796182
19.773438,-6.4967613,-3.8654015,-6.5570583,-3.1071054
19.775391,-6.3692879,-3.7726624,-6.433444,-2.966139
19.777344,-6.2381606,-3.6980071,-6.3030939,-2.9176297
19.779297,-6.12645,-3.6040561,-6.1811485,-2.9313139
19.78125,-5.993525,-3.5066278,-6.0676279,-2.8334281
19.783203,-5.8696031,-3.4565231,-5.9345698,-2.645246
19.785156,-5.758852,-3.3289277,-5.8035588,-2.5160851
19.787109,-5.6231517,-3.2391879,-5.6864581,-2.4710435
19.789063,-5.506854,-3.196407,-5.5737457,-2.4628593
19.791016,-5.3940043,-3.1176941,-5.4494624,-2.3864815
19.792969,-5.2717824,-3.0686881,-5.3348279,-2.1906635
19.794922,-5.1556978,-2.9501256,-5.2200346,-2.0477824
19.796875,-5.046925,-2.7832646,-5.1038856,-2.0517287
19.798828,-4.9232049,-2.7570114,-4.9912667,-2.0385677
19.800781,-4.812263,-2.7751886,-4.8592271,-1.8569594
19.802734,-4.7149839,-2.6043653,-4.7536397,-1.6609151
19.804688,-4.599699,-2.4567458,-4.6411933,-1.688649
19.806641,-4.492793,-2.4788098,-4.5364942,-1.77102
19.808594,-4.39152,-2.4102292,-4.4453682,-1.5747815
19.810547,-4.27564,-2.2314276,-4.3307876,-1.2907768
19.8125,-4.1654963,-2.13929,-4.2291412,-1.236818
19.814453,-4.0640554,-2.1482133,-4.1245031,-1.2771138
19.816406,-3.9594941,-2.1515045,-4.0319261,-1.2080903
19.818359,-3.8637449,-2.0326962,-3.9207186,-1.0135006
19.820313,-3.7564139,-1.8450878,-3.812514,-0.9031356
19.822266,-3.6611769,-1.7837896,-3.7296207,-0.92493135
19.824219,-3.5725996,-1.7892466,-3.6117451,-0.9186852
19.826172,-3.4661858,-1.7164591,-3.5139226,-0.7643044
19.828125,-3.3728518,-1.5531919,-3.4204998,-0.56160498
19.830078,-3.2815082,-1.4523385,-3.3171286,-0.57358551
19.832031,-3.1788933,-1.5229525,-3.237303,-0.62789184
19.833984,-3.0981054,-1.4700161,-3.1404137,-0.46349919
19.835938,-3.0130016,-1.2381671,-3.0428373,-0.25409847
19.837891,-2.9010543,-1.1918264,-2.9613504,-0.23677541
19.839844,-2.824295,-1.2216943,-2.8649807,-0.29636043
19.841797,-2.7484829,-1.1089456,-2.7853248,-0.20391288
19.84375,-2.6538269,-1.0188772,-2.7157661,0.0090610329
19.845703,-2.5698595,-0.97360063,-2.6217267,0.060458921
19.847656,-2.4935529,-0.88462114,-2.5562286,-0.01721344
19.849609,-2.4175376,-0.81524146,-2.4747269,0.09171655
19.851563,-2.3339009,-0.78861654,-2.3895759,0.22542188
19.853516,-2.2653682,-0.68860078,-2.3255569,0.18765867
19.855469,-2.1946306,-0.58595884,-2.2399609,0.06888704
19.857422,-2.1198647,-0.57380533,-2.1739673,0.065487131
19.859375,-2.0445439,-0.51038319,-2.1062378,0.19969346
19.861328,-1.965981,-0.41317752,-2.032844,0.18256681
19.863281,-1.8988368,-0.37272838,-1.9569934,0.065408781
19.865234,-1.8306182,-0.37594479,-1.8927619,0.1117539
19.867188,-1.7637995,-0.33700824,-1.8292177,0.22786526
19.869141,-1.6936255,-0.2223182,-1.7537881,0.16281642
19.871094,-1.6305725,-0.15681136,-1.6901099,0.048719835
19.873047,-1.579827,-0.14377534,-1.6172227,0.10937475
19.875,-1.5167731,-0.11391889,-1.549754,0.2038521
19.876953,-1.4481486,-0.035515845,-1.4822126,0.12179355
19.878906,-1.3893661,0.056506626,-1.423856,-0.018705418
19.880859,-1.3412382,0.077688277,-1.3722531,0.059485573
19.882813,-1.2819856,0.024904871,-1.3165824,0.21749455
19.884766,-1.2308809,0.032422975,-1.2760196,0.18034057
19.886719,-1.1816223,0.16976011,-1.2195704,0.071062438
19.888672,-1.1163196,0.23761429,-1.1585352,0.14832303
19.890625,-1.0732413,0.19232337,-1.1134554,0.29041016
19.892578,-1.0287656,0.13698849,-1.0587849,0.21597198
19.894531,-0.97393495,0.11110343,-1.0173038,0.048625655
19.896484,-0.92704928,0.20750231,-0.98533714,0.095375136
19.898438,-0.88532531,0.28924936,-0.93849909,0.24847549
19.900391,-0.84403116,0.17050296,-0.89419419,0.24390447
19.902344,-0.78792167,0.068104617,-0.85478622,0.13920416
19.904297,-0.75258374,0.20261659,-0.8231622,0.1315897
19.90625,-0.72420055,0.31002554,-0.78674752,0.21763253
19.908203,-0.66696066,0.15001152,-0.72986233,0.22063901
19.910156,-0.63126105,0.065943718,-0.68159372,0.17157461
19.912109,-0.60242629,0.24634939,-0.647973,0.16472422
19.914063,-0.56637329,0.30015108,-0.59931326,0.15713888
19.916016,-0.54472291,0.13499466,-0.55737948,0.11072249
19.917969,-0.51095527,0.10660852,-0.54304087,0.097817935
19.919922,-0.46511951,0.27279755,-0.51242268,0.14172648
19.921875,-0.44728509,0.36945698,-0.47430742,0.16683607
19.923828,-0.42824423,0.19882797,-0.43654972,0.21875657
19.925781,-0.3909528,-0.0055960594,-0.40139604,0.26433483
19.927734,-0.37143329,0.18462053,-0.39653265,0.19374175
19.929688,-0.34365088,0.46724549,-0.36576548,0.10291256
19.931641,-0.31740189,0.29619867,-0.32509464,0.15717278
19.933594,-0.29923144,-0.0080138892,-0.33863604,0.32041666
19.935547,-0.2716105,0.099735007,-0.31584287,0.30876437
19.9375,-0.25120682,0.39717069,-0.27172613,0.12318757
19.939453,-0.23052029,0.35265812,-0.28027564,0.20586541
19.941406,-0.20478961,0.046069644,-0.25289476,0.41679245
19.943359,-0.18799877,0.054255269,-0.2335363,0.30733693
19.945313,-0.18304464,0.35405406,-0.22241445,0.11520351
19.947266,-0.16587462,0.36525148,-0.18954994,0.17831543
19.949219,-0.14654809,0.10399243,-0.17565647,0.36920649
19.951172,-0.13724683,0.10067727,-0.16119303,0.33311221
19.953125,-0.12455766,0.36047286,-0.15864493,0.11034318
19.955078,-0.10536795,0.38191038,-0.13881707,0.11611994
19.957031,-0.090884335,0.13956372,-0.12739347,0.36316675
19.958984,-0.081839755,0.078735895,-0.12603933,0.43386334
19.960938,-0.067659318,0.27662855,-0.10516839,0.21516182
19.962891,-0.054873183,0.35610938,-0.087303758,0.14123861
19.964844,-0.040374983,0.1862281,-0.079666913,0.35869545
19.966797,-0.043478996,0.087268911,-0.069167182,0.44019544
19.96875,-0.024750965,0.23140551,-0.064057946,0.21694879
19.970703,-0.011714586,0.35699424,-0.065775305,0.098838784
19.972656,-0.01612762,0.25754145,-0.053714678,0.31547675
19.974609,0.0066038622,0.11724504,-0.043753251,0.48608661
19.976563,0.0064804889,0.19941202,-0.015036851,0.33190465
19.978516,0.0068513835,0.3523863,0.0095351636,0.16025814
19.980469,0.019863281,0.26472834,0.020388797,0.26457712
19.982422,0.023950486,0.12568562,0.017175734,0.40663567
19.984375,0.024994854,0.21518373,-0.0010409355,0.30616948
19.986328,0.028267032,0.33693996,0.017077014,0.19995594
19.988281,0.028510176,0.2705029,0.025216773,0.33347431
19.990234,0.036958855,0.16932949,0.027979076,0.46497759
19.992188,0.042837858,0.22334294,0.034001008,0.40614969
19.994141,0.049812198,0.32123718,0.01917249,0.29673493
19.996094,0.059577852,0.2711966,0.037402198,0.31984088
19.998047,0.045700796,0.16604751,0.031458497,0.40725014
20.0,0.043392729,0.18511982,0.025049135,0.41620979
20.001953,0.055535845,0.26220587,0.036886245,0.37899172
20.003906,0.054061454,0.28911945,0.014111683,0.36624074
20.005859,0.047609475,0.2753551,0.036569595,0.39350173
20.007813,0.056811728,0.23792174,0.027064517,0.41395676
20.009766,0.058982462,0.23659123,0.010168463,0.42819974
20.011719,0.058350973,0.2665931,0.03291136,0.40876958
20.013672,0.06231058,0.24583915,0.023998603,0.39411518
20.015625,0.06323716,0.23043612,0.039486498,0.41725013
20.017578,0.069883361,0.25499511,0.030774906,0.40769309
20.019531,0.067296073,0.25993124,0.032071307,0.38230795
20.021484,0.061006438,0.24085996,0.047873989,0.36800539
20.023438,0.06118219,0.2323245,0.039724916,0.39694086
20.025391,0.069674619,0.24199244,0.048362002,0.41812044
20.027344,0.068970688,0.25297877,0.051833972,0.39841339
20.029297,0.074311949,0.24661075,0.060871527,0.40084165
20.03125,0.068100482,0.23691952,0.048039764,0.41789532
20.033203,0.061326753,0.23016185,0.051126167,0.42251965
20.035156,0.077074438,0.22359917,0.070223868,0.41559902
20.037109,0.065180086,0.24646848,0.060202837,0.43149433
20.039063,0.071346655,0.25540161,0.062553495,0.43292078
20.041016,0.080231786,0.23843211,0.065857828,0.41602349
20.042969,0.072281651,0.23401298,0.060541838,0.42189988
20.044922,0.074318163,0.22091626,0.06428203,0.42234039
20.046875,0.073805414,0.21439688,0.067081586,0.4140915
20.048828,0.069433339,0.22475249,0.072114453,0.40049344
20.050781,0.067269057,0.22715147,0.065569118,0.40182427
20.052734,0.075952746,0.21976957,0.080243036,0.41753274
20.054688,0.064867251,0.21446149,0.076392949,0.42239541
20.056641,0.060782038,0.21703184,0.03076373,0.41226202
20.058594,0.074953102,0.21037102,0.04236801,0.39581805
20.060547,0.08133816,0.21250455,0.053640738,0.41234511
20.0625,0.069716364,0.22521454,0.051280767,0.45458362
20.064453,0.062609643,0.20614246,0.054525495,0.45931065
20.066406,0.073541343,0.17906134,0.048991576,0.42739874
20.068359,0.069443718,0.19520558,0.058990255,0.42694649
20.070313,0.075241923,0.23522381,0.060074314,0.46823439
20.072266,0.077457465,0.23727843,0.053167626,0.49295205
20.074219,0.068540998,0.19425227,0.065427557,0.47728336
20.076172,0.072542496,0.16010834,0.070425034,0.43937075
20.078125,0.073130794,0.16153269,0.068361223,0.42315614
20.080078,0.068975762,0.20792443,0.074068367,0.43197399
20.082031,0.064599112,0.23685433,0.061380029,0.43639675
20.083984,0.072980925,0.17838636,0.061804712,0.43520778
20.085938,0.072604373,0.13375576,0.064313695,0.43540907
20.087891,0.064585306,0.16727999,0.059012607,0.44193044
20.089844,0.070545964,0.20776272,0.067120701,0.43472719
20.091797,0.065910406,0.19789048,0.06874679,0.42363283
20.09375,0.070838958,0.16229893,0.0579658,0.43246129
20.095703,0.073310062,0.16136388,0.055995122,0.43789929
20.097656,0.066467486,0.19318706,0.062447324,0.4366549
20.099609,0.070735089,0.19949922,0.068800807,0.45311812
20.101563,0.066214256,0.1709919,0.080595076,0.46943894
20.103516,0.062850311,0.15638992,0.066018015,0.46256542
20.105469,0.073836498,0.17260635,0.07121852,0.44593564
20.107422,0.067495205,0.20538215,0.072248563,0.44531181
20.109375,0.059421677,0.20818694,0.056399316,0.4645671
20.111328,0.076069377,0.16584703,0.072390124,0.4685736
20.113281,0.068199582,0.16375808,0.067152366,0.46273044
20.115234,0.065390341,0.21439794,0.061983526,0.470164
20.117188,0.059367739,0.22289124,0.067467153,0.47139937
20.119141,0.062986411,0.19224608,0.073354974,0.46875983
20.121094,0.085089356,0.18553124,0.067172855,0.47048801
20.123047,0.062158689,0.22193478,0.067284614,0.4744935
20.125,0.067536227,0.24171339,0.070249945,0.4775238
20.126953,0.075944088,0.20537528,0.061666876,0.47757787
20.128906,0.070908479,0.19968002,0.068100452,0.47930151
20.130859,0.075215459,0.22542141,0.074668139,0.48352763
20.132813,0.071728148,0.23948194,0.070747271,0.49330789
20.134766,0.073571846,0.23995261,0.067208245,0.49406961
20.136719,0.063301876,0.2128793,0.074656963,0.48154375
20.138672,0.066659942,0.19852005,0.061406106,0.48405084
20.140625,0.074460648,0.22643411,0.065388441,0.48616335
20.142578,0.071159296,0.26611254,0.070622474,0.47979921
20.144531,0.062050212,0.23877123,0.068202898,0.48512295
20.146484,0.064022221,0.17621394,0.062210768,0.48132136
20.148438,0.066560805,0.20114416,0.058660567,0.48093975
20.150391,0.068820715,0.27217987,0.079207405,0.48521647
20.152344,0.068717703,0.27249128,0.064168409,0.49196771
20.154297,0.069444634,0.22752388,0.061800987,0.49550205
20.15625,0.077141009,0.21645452,0.078589007,0.4780857
20.158203,0.060452115,0.24646313,0.086654261,0.48149115
20.160156,0.067717992,0.26450706,0.063959792,0.49246901
20.162109,0.070657887,0.26111913,0.061413556,0.46812665
20.164063,0.062474981,0.26631102,0.085007682,0.46179968
20.166016,0.069380581,0.25625694,0.065418243,0.49676469
20.167969,0.070522361,0.25187865,0.06740196,0.49261734
20.169922,0.079577774,0.27887759,0.082494974,0.47509626
20.171875,0.076374836,0.28507251,0.077566415,0.49202028
20.173828,0.07154537,0.25350696,0.075228795,0.49367976
20.175781,0.074260809,0.24199651,0.077812284,0.47593197
20.177734,0.071804635,0.26297373,0.071304202,0.468059
20.179688,0.071178496,0.27282467,0.083538055,0.48164555
20.181641,0.074318826,0.25917581,0.086633772,0.49708638
20.183594,0.071926735,0.25048006,0.070147499,0.49397716
20.185547,0.072659053,0.24622448,0.061730206,0.47806597
20.1875,0.075310633,0.23276967,0.065306485,0.47079965
20.189453,0.06200435,0.23739602,0.08112593,0.49278149
20.191406,0.067319959,0.24765837,0.082301259,0.51098162
20.193359,0.076794632,0.24609515,0.073515162,0.49813068
20.195313,0.064031325,0.24258779,0.063585401,0.47795996
20.197266,0.071646325,0.2338869,0.078145698,0.47220868
20.199219,0.075816847,0.23913036,0.077156633,0.4959133
20.201172,0.070754647,0.24725628,0.060400277,0.5169856
20.203125,0.072883435,0.23103496,0.077249765,0.50523072
20.205078,0.061186068,0.22505738,0.086091742,0.49336576
20.207031,0.066183999,0.24551168,0.075649753,0.5046128
20.208984,0.077904016,0.25734389,0.06928882,0.51066869
20.210938,0.068836235,0.25768685,0.074893519,0.5045498
20.212891,0.063403249,0.25447449,0.085842147,0.51599348
20.214844,0.070014849,0.23905726,0.078881443,0.52791661
20.216797,0.076558687,0.24319163,0.086488485,0.51768422
20.21875,0.072104514,0.26809439,0.090191424,0.5079338
20.220703,0.076236725,0.27565441,0.072634131,0.51075894
20.222656,0.086742081,0.25775099,0.075439274,0.50054336
20.224609,0.069064699,0.2355379,0.060696438,0.49853167
20.226563,0.068903282,0.23675841,0.059165344,0.51577193
20.228516,0.081622764,0.25395492,0.068994522,0.52078861
20.230469,0.071713053,0.27399337,0.074250907,0.53312397
20.232422,0.082019433,0.25509709,0.079991579,0.54563338
20.234375,0.080445282,0.21059091,0.063857347,0.55290312
20.236328,0.074869432,0.20296386,0.08131592,0.52863216
20.238281,0.080644928,0.2084136,0.093987495,0.45799705
20.240234,0.071667433,0.20496817,0.082416743,0.46207178
20.242188,0.080707654,0.1943993,0.068128392,0.49002704
20.244141,0.08160568,0.18690029,0.070875794,0.45632356
20.246094,0.068265215,0.17903794,0.07699272,0.47848102
20.248047,0.072357081,0.1392516,0.070356116,0.51162606
20.25,0.066206321,0.11429938,0.083525017,0.49017581
20.251953,0.065486491,0.14996904,0.088332504,0.48794413
20.253906,0.064077392,0.17616715,0.086047038,0.50333875
20.255859,0.060756691,0.15614079,0.087986052,0.50054723
20.257813,0.075715616,0.11616936,0.099571705,0.48323965
20.259766,0.067924656,0.1161732,0.094007984,0.48695761
20.261719,0.064334184,0.14936054,0.08969596,0.50484395
20.263672,0.06276869,0.14755411,0.099649936,0.50569403
20.265625,0.067730434,0.14566539,0.090528563,0.50926137
20.267578,0.076680332,0.15478781,0.076897725,0.5107649
20.269531,0.07041695,0.1713699,0.070583358,0.50053638
20.271484,0.07391151,0.17859976,0.086842388,0.50059348
20.273438,0.07732331,0.16505168,0.094367474,0.51247382
20.275391,0.081663236,0.15543206,0.080045596,0.51757002
20.277344,0.070360959,0.15769319,0.074509814,0.50551677
20.279297,0.065915838,0.18605044,0.077937081,0.48519993
20.28125,0.060182448,0.1839757,0.08437252,0.48805276
20.283203,0.061824415,0.15295497,0.079756886,0.51889032
20.285156,0.074899659,0.16222489,0.082072154,0.5270083
20.287109,0.078434743,0.2102688,0.084368795,0.51112145
20.289063,0.081644684,0.21376999,0.076130316,0.51090914
20.291016,0.063507944,0.14035068,0.074615985,0.52085888
20.292969,0.074892074,0.1051191,0.081369936,0.53231508
20.294922,0.074426658,0.17938836,0.087056592,0.54175806
20.296875,0.062661923,0.24984093,0.087054729,0.53871524
20.298828,0.073578775,0.19685449,0.096299037,0.53247082
20.300781,0.073751949,0.12829915,0.090984911,0.52263886
20.302734,0.069760561,0.14877054,0.095784947,0.51112509
20.304688,0.064149141,0.19646613,0.0987093,0.50491685
20.306641,0.075135998,0.20131402,0.084875435,0.50911999
20.308594,0.067870334,0.174501,0.085568339,0.5189175
20.310547,0.067592844,0.15422902,0.098938406,0.51633251
20.3125,0.066409618,0.15965492,0.10427302,0.52426022
20.314453,0.051598988,0.19871016,0.087367654,0.52486265
20.316406,0.064430237,0.22325365,0.093039408,0.49592382
20.318359,0.077756658,0.20388469,0.090953246,0.47587961
20.320313,0.079098187,0.19283712,0.08571735,0.49417379
20.322266,0.068410918,0.21865815,0.083275422,0.52011043
20.324219,0.066314094,0.20764549,0.079622775,0.50072008
20.326172,0.066265993,0.1785689,0.075983167,0.47255373
20.328125,0.065380327,0.21278813,0.075431824,0.47988099
20.330078,0.064636715,0.27521074,0.10346836,0.50603962
20.332031,0.063160963,0.27752298,0.096258059,0.51311153
20.333984,0.076506928,0.22224164,0.085385799,0.49263227
20.335938,0.086630099,0.20814131,0.080587626,0.46996957
20.337891,0.078509368,0.25183478,0.10596058,0.46839431
20.339844,0.0642469,0.26711825,0.12066244,0.49767026
20.341797,0.070679143,0.21640144,0.090828449,0.51259595
20.34375,0.073886365,0.20977183,0.097178206,0.47145587
20.345703,0.068020009,0.26594582,0.09078747,0.42070654
20.347656,0.068169437,0.28438669,0.089457542,0.42717448
20.349609,0.072120093,0.24319582,0.076631367,0.47539183
20.351563,0.07179939,0.20379971,0.082016274,0.48783606
20.353516,0.06499511,0.22528568,0.10737619,0.45309228
20.355469,0.077752106,0.26530343,0.078615084,0.41592956
20.357422,0.078856215,0.26923212,0.08228077,0.400204
20.359375,0.069332667,0.23680241,0.098727927,0.4002451
20.361328,0.082019471,0.19636647,0.083295912,0.41944852
20.363281,0.076784052,0.21311027,0.085145518,0.42657977
20.365234,0.062723324,0.27466032,0.078197852,0.37842718
20.367188,0.068208106,0.25574762,0.058519006,0.35834506
20.369141,0.070078224,0.18998156,0.070663452,0.40249681
20.371094,0.067598864,0.20449856,0.081371799,0.44065309
20.373047,0.076949283,0.26262379,0.085173458,0.43081567
20.375,0.067914471,0.25881526,0.086004198,0.38479981
20.376953,0.056161445,0.19677778,0.072194546,0.36176309
20.378906,0.076282009,0.17295024,0.077102616,0.3920325
20.380859,0.073779009,0.23593698,0.091186076,0.42631689
20.382813,0.066423334,0.29342949,0.098523036,0.42702198
20.384766,0.065548345,0.24971113,0.093847796,0.40302855
20.386719,0.062528417,0.18508711,0.086082429,0.38160652
20.388672,0.077298738,0.20945168,0.093549773,0.38600829
20.390625,0.075439923,0.28736916,0.10304926,0.40542972
20.392578,0.071915567,0.3069686,0.09017466,0.42037973
20.394531,0.073631175,0.24366719,0.085778818,0.3993417
20.396484,0.070075527,0.1810198,0.089576751,0.34387365
20.398438,0.068920121,0.22118111,0.086544365,0.31631371
20.400391,0.069978394,0.301171,0.09094952,0.35504216
20.402344,0.066846594,0.30491933,0.075096548,0.39386803
20.404297,0.066010527,0.23213346,0.071585461,0.36310416
20.40625,0.074804701,0.18525848,0.088226333,0.29523382
20.408203,0.073323123,0.2517882,0.097612202,0.27231419
20.410156,0.07528764,0.30613238,0.074478149,0.31977269
20.412109,0.070805371,0.26215556,0.072170332,0.33786854
20.414063,0.068866819,0.1950461,0.092018679,0.28160596
20.416016,0.076043598,0.19924846,0.072878137,0.25141194
20.417969,0.071846552,0.27214795,0.079136625,0.27667242
20.419922,0.075553454,0.29426244,0.08253409,0.2956095
20.421875,0.07230942,0.2303381,0.064915329,0.28829756
20.423828,0.068057477,0.17519729,0.078451172,0.27201039
20.425781,0.07567127,0.19254072,0.082269594,0.25681782
20.427734,0.075470865,0.25037748,0.087192565,0.26409596
20.429688,0.07022582,0.26924807,0.085037485,0.28326547
20.431641,0.075231403,0.20443685,0.067472741,0.28235218
20.433594,0.070496373,0.14615387,0.086525738,0.26040104
20.435547,0.062730268,0.17537877,0.078214616,0.24127768
20.4375,0.073252834,0.22382244,0.08128798,0.26194203
20.439453,0.072396092,0.23393708,0.072630405,0.28610632
20.441406,0.071305446,0.20099142,0.052234441,0.27755496
20.443359,0.075531051,0.15101212,0.086693376,0.24927928
20.445313,0.069122918,0.15258431,0.090493172,0.24553175
20.447266,0.068087399,0.19731073,0.08456251,0.29059795
20.449219,0.068314061,0.20210354,0.084838182,0.29901373
20.451172,0.067221776,0.17059341,0.087248445,0.25030738
20.453125,0.069608659,0.16422305,0.092614725,0.23193398
20.455078,0.070443615,0.17748415,0.094780982,0.26293916
20.457031,0.070283972,0.19389196,0.075601324,0.29090509
20.458984,0.071707666,0.18847236,0.069186375,0.27061695
20.460938,0.077031538,0.16246936,0.099791497,0.22509481
20.462891,0.077758275,0.16407485,0.099918157,0.22674532
20.464844,0.073728144,0.1845466,0.078551754,0.2684975
20.466797,0.072011299,0.18964326,0.07583788,0.25925091
20.46875,0.076166794,0.16261733,0.099458084,0.19869868
20.470703,0.076714039,0.14033496,0.094833136,0.18183924
20.472656,0.075031489,0.15801974,0.05953601,0.21316536
20.474609,0.061234757,0.164883,0.069335386,0.205998
20.476563,0.062521502,0.14021507,0.083800688,0.17558721
20.478516,0.06980364,0.11515236,0.071553797,0.19578172
20.480469,0.063200682,0.13577358,0.077186435,0.20486672
20.482422,0.064374946,0.16520093,0.060856625,0.16738515
20.484375,0.063544638,0.13556218,0.06719707,0.14907342
20.486328,0.075814471,0.098816492,0.088317603,0.17136757
20.488281,0.06964206,0.10895592,0.069558904,0.19893716
20.490234,0.067581832,0.15091841,0.074262083,0.1787311
20.492188,0.066090181,0.15866584,0.072839022,0.14615364
20.494141,0.070189975,0.13473096,0.056457058,0.17476076
20.496094,0.074713059,0.12710705,0.068402201,0.21119185
20.498047,0.063721374,0.14808927,0.083025828,0.18938205
20.5,0.06920515,0.17228109,0.077396914,0.1785437
20.501953,0.060648605,0.15745221,0.074500501,0.20784436
20.503906,0.075230017,0.12706666,0.085134342,0.20047981
20.505859,0.07455834,0.13994148,0.087628424,0.17100188
20.507813,0.067998685,0.18301189,0.081243277,0.18406487
20.509766,0.072740041,0.16888537,0.075694457,0.22342122
20.511719,0.066630334,0.1262351,0.07634452,0.22233559
20.513672,0.05934006,0.13195376,0.094633833,0.17737091
20.515625,0.055744905,0.18049604,0.10306416,0.16664433
20.517578,0.076926507,0.2078349,0.085115716,0.20388362
20.519531,0.073380813,0.18595184,0.071332142,0.20686486
20.521484,0.069139816,0.15953755,0.073194787,0.1468925
20.523438,0.065264724,0.14613245,0.072649032,0.12183885
20.525391,0.058553718,0.16457927,0.073977098,0.16166447
20.527344,0.065287046,0.20782839,0.078024626,0.20096721
20.529297,0.072410956,0.2215215,0.079345241,0.18715939
20.53125,0.072024539,0.21662182,0.069843888,0.13611582
20.533203,0.064255185,0.2073278,0.080595076,0.11064455
20.535156,0.070638277,0.17799987,0.090567678,0.12802196
20.537109,0.075337969,0.18467978,0.063630104,0.16279471
20.539063,0.07186345,0.23585317,0.078080505,0.15670627
20.541016,0.070158869,0.25360778,0.08465378,0.12724893
20.542969,0.067179032,0.20333521,0.067107663,0.12253044
20.544922,0.064992622,0.17095813,0.082861915,0.14193603
20.546875,0.068982944,0.20816308,0.06788066,0.15633875
20.548828,0.069700502,0.26123393,0.074159637,0.15908511
20.550781,0.069399521,0.24807234,0.085564613,0.15494668
20.552734,0.075544193,0.17999674,0.072706774,0.13850255
20.554688,0.069973834,0.16882902,0.078909382,0.14173616
20.556641,0.067685172,0.21547455,0.076489806,0.16515355
20.558594,0.06941285,0.25113755,0.081757367,0.18384187
20.560547,0.063655108,0.21964349,0.070687667,0.16645382
20.5625,0.071143456,0.17489508,0.088542983,0.14208874
20.564453,0.070901573,0.18980974,0.084873572,0.1649707
20.566406,0.069893077,0.23405896,0.061124846,0.19631542
20.568359,0.070669077,0.23451811,0.083439335,0.18033379
20.570313,0.071021758,0.18376487,0.081304744,0.15208963
20.572266,0.069524594,0.17489821,0.076320305,0.17803948
20.574219,0.063374385,0.21120687,0.086467996,0.20611507
20.576172,0.067790434,0.23479657,0.084698483,0.18810079
20.578125,0.069145426,0.21837597,0.079088196,0.16827901
20.580078,0.074375585,0.19046503,0.092072695,0.17057103
20.582031,0.072648413,0.19203454,0.094022885,0.18577772
20.583984,0.065635182,0.20889755,0.089321569,0.18863568
20.585938,0.070305362,0.20959556,0.085711762,0.17350242
20.587891,0.073040888,0.19433026,0.066390544,0.15572667
20.589844,0.068564132,0.19380103,0.083379731,0.15822142
20.591797,0.069318548,0.20225035,0.09287177,0.17675382
20.59375,0.074299455,0.19721025,0.077722877,0.19248982
20.595703,0.064278729,0.19237961,0.074431583,0.17333053
20.597656,0.065431885,0.19060835,0.057691991,0.12344013
20.599609,0.066512078,0.18547176,0.068530723,0.12197194
20.601563,0.063762002,0.20548657,0.073420167,0.17090255
20.603516,0.070189141,0.21094552,0.077491909,0.2146087
20.605469,0.078834862,0.19301301,0.084050283,0.18541983
20.607422,0.073201649,0.19399905,0.078467935,0.12072553
20.609375,0.061294455,0.19530256,0.072898626,0.11991115
20.611328,0.077102654,0.18027486,0.068687186,0.16457595
20.613281,0.067777984,0.18391411,0.088148102,0.20733725
20.615234,0.067244455,0.21978156,0.078948498,0.20119423
20.617188,0.06977322,0.20793386,0.070803151,0.15448993
20.619141,0.068614617,0.17591627,0.081885889,0.12703726
20.621094,0.076817803,0.17778893,0.076990858,0.16286549
20.623047,0.064396322,0.19165154,0.072088376,0.21767837
20.625,0.069707222,0.19290546,0.071050882,0.19711633
20.626953,0.066479355,0.17519867,0.070987552,0.14461868
20.628906,0.069840729,0.1807375,0.08126004,0.14629799
20.630859,0.074654721,0.19240394,0.07176055,0.20145531
20.632813,0.071322747,0.20108269,0.065587744,0.22539964
20.634766,0.072359167,0.19146062,0.06351462,0.18556535
20.636719,0.068932787,0.15964268,0.056090117,0.16019006
20.638672,0.079656303,0.15219781,0.08221744,0.18082123
20.640625,0.072831102,0.17419891,0.076385498,0.22916719
20.642578,0.063464805,0.19248612,0.060526937,0.24553353
20.644531,0.071250573,0.14861059,0.081256315,0.20277311
20.646484,0.072011046,0.10337275,0.084448889,0.17559661
20.648438,0.065230124,0.13597976,0.080693796,0.2055724
20.650391,0.065333232,0.16909735,0.083450511,0.24900229
20.652344,0.069929793,0.14292464,0.083582759,0.24972335
20.654297,0.064525582,0.11233592,0.08125259,0.21406013
20.65625,0.068474635,0.10943183,0.082114995,0.19205128
20.658203,0.068880513,0.12280911,0.097362608,0.21341999
20.660156,0.065541856,0.14629927,0.072449729,0.25195649
20.662109,0.069566317,0.14015767,0.059182107,0.24676806
20.664063,0.066094093,0.11138574,0.082653299,0.19378962
20.666016,0.070901856,0.11840162,0.06900011,0.18032686
20.667969,0.073897742,0.1526857,0.08092849,0.23158185
20.669922,0.076442294,0.15654685,0.085385799,0.25722784
20.671875,0.071190484,0.11990722,0.076487944,0.22131169
20.673828,0.059255019,0.10338777,0.087660089,0.17363511
20.675781,0.068776652,0.12832755,0.07795012,0.17245311
20.677734,0.068750419,0.15127906,0.081820697,0.22774175
20.679688,0.070989922,0.15195532,0.070359841,0.25509977
20.681641,0.070852354,0.1205354,0.074377567,0.210044
20.683594,0.065161444,0.092359982,0.098282754,0.16896309
20.685547,0.072170235,0.10465263,0.087602347,0.19086678
20.6875,0.06724479,0.13064176,0.076053947,0.23888385
20.689453,0.063203707,0.14630696,0.073157534,0.22383912
20.691406,0.070424728,0.12454312,0.074507952,0.17475656
20.693359,0.072538756,0.10312607,0.070810601,0.17353112
20.695313,0.065422043,0.11553979,0.088066146,0.21209984
20.697266,0.064098746,0.12635104,0.089016095,0.24252282
20.699219,0.064928636,0.12939985,0.05995138,0.21868163
20.701172,0.069300383,0.11884482,0.081420228,0.16170469
20.703125,0.070224673,0.11747251,0.084607214,0.14816521
20.705078,0.064590178,0.13665125,0.065353051,0.20824611
20.707031,0.063832149,0.14146467,0.072157294,0.245433
20.708984,0.07163059,0.12774873,0.075370356,0.2133075
20.710938,0.068348914,0.12191946,0.078000411,0.16865227
20.712891,0.061743144,0.14287993,0.087024927,0.1661212
20.714844,0.067470856,0.15867947,0.099338874,0.21695566
20.716797,0.070399784,0.14856635,0.078672826,0.23774388
20.71875,0.079024673,0.13461211,0.075444862,0.19289429
20.720703,0.064917207,0.14129901,0.077838361,0.14304489
20.722656,0.055488136,0.15225054,0.071272537,0.16912983
20.724609,0.068435311,0.14176106,0.083137587,0.23610897
20.726563,0.066990189,0.14821559,0.071434587,0.24291255
20.728516,0.062347274,0.16998933,0.069085792,0.19066714
20.730469,0.065881409,0.17141005,0.062614962,0.14644456
20.732422,0.060987387,0.15969996,0.058209807,0.17358431
20.734375,0.060153052,0.1472349,0.071924463,0.24307859
20.736328,0.067184813,0.154982,0.07939367,0.25505278
20.738281,0.066203937,0.20283335,0.089738801,0.1966856
20.740234,0.061843924,0.21988098,0.080539197,0.15843853
20.742188,0.062173896,0.17747402,0.095868766,0.17908381
20.744141,0.072353519,0.15674569,0.09646295,0.23249458
20.746094,0.070550285,0.20636261,0.069951922,0.24530347
20.748047,0.067388326,0.26129422,0.072136804,0.17952441
20.75,0.059350897,0.21619225,0.067467153,0.1396042
20.751953,0.06697236,0.16307507,0.073360562,0.19596411
20.753906,0.076115638,0.20380495,0.078905657,0.26579776
20.755859,0.074847735,0.27554902,0.075107723,0.24294928
20.757813,0.073382974,0.26400018,0.070184752,0.16341814
20.759766,0.066216938,0.17841209,0.078520089,0.13904072
20.761719,0.073257841,0.15013598,0.088123888,0.19678411
20.763672,0.067357101,0.20083438,0.084547609,0.25544238
20.765625,0.067148745,0.26509458,0.073060676,0.22594124
20.767578,0.070581056,0.24803847,0.067677632,0.15274674
20.769531,0.069467194,0.16600211,0.076033458,0.14004867
20.771484,0.067985155,0.14558007,0.072984308,0.20686544
20.773438,0.067834571,0.20944725,0.075180367,0.26548901
20.775391,0.06979806,0.25699499,0.061638936,0.2366422
20.777344,0.074215874,0.20582569,0.060567915,0.16115759
20.779297,0.079630412,0.1458087,0.077365249,0.14774893
20.78125,0.071124181,0.16506612,0.076430202,0.22530532
20.783203,0.067520075,0.20103008,0.080349207,0.28321394
20.785156,0.072918206,0.18605569,0.066336527,0.23571683
20.787109,0.073683485,0.14886472,0.064332321,0.14846696
20.789063,0.067758486,0.15353402,0.070913047,0.15103924
20.791016,0.076429568,0.16395448,0.068679735,0.24930926
20.792969,0.07490436,0.1506737,0.082422331,0.31007096
20.794922,0.072443046,0.13522515,0.071581736,0.25129381
20.796875,0.068690822,0.10805393,0.06881012,0.16036606
20.798828,0.068424731,0.089145526,0.090817273,0.17031173
20.800781,0.074349947,0.089779288,0.076050222,0.26327768
20.802734,0.065459862,0.10094911,0.067184031,0.30956134
20.804688,0.066576585,0.090815969,0.078952223,0.2400545
20.806641,0.065239638,0.062522851,0.076512158,0.16227576
20.808594,0.068308607,0.054013476,0.077773169,0.20049983
20.810547,0.061055698,0.049335908,0.082312435,0.28292254
20.8125,0.065108009,0.048582468,0.079874232,0.29064634
20.814453,0.072435021,0.055593349,0.071015492,0.22485615
20.816406,0.064766437,0.059568465,0.079570621,0.17148934
20.818359,0.072660826,0.042027235,0.067755863,0.20934859
20.820313,0.067190483,0.021563752,0.063248262,0.28288031
20.822266,0.059284788,0.039665986,0.090638459,0.28557879
20.824219,0.06155394,0.064826593,0.085711762,0.22721744
20.826172,0.068715662,0.060391173,0.080988094,0.17663027
20.828125,0.065125681,0.052888904,0.078177363,0.19601306
20.830078,0.05749451,0.063795738,0.082167149,0.25591087
20.832031,0.065244637,0.063035898,0.078117758,0.27307716
20.833984,0.06325306,0.06023762,0.074101895,0.21874319
20.835938,0.063015789,0.081570491,0.081876576,0.16524576
20.837891,0.062297434,0.092379421,0.067729786,0.19959484
20.839844,0.059690662,0.088441208,0.078711942,0.26272202
20.841797,0.073262438,0.08724644,0.09216769,0.25796133
20.84375,0.06382522,0.10023595,0.083439335,0.18803245
20.845703,0.05259021,0.12065461,0.071669281,0.15601343
20.847656,0.069018342,0.11161613,0.060495272,0.18817867
20.849609,0.072918862,0.11702012,0.062044993,0.2251907
20.851563,0.073004209,0.14934878,0.076137766,0.23571686
20.853516,0.063708313,0.14593257,0.076460004,0.20862047
20.855469,0.065183446,0.11806402,0.081265628,0.19301677
20.857422,0.071176641,0.1118429,0.086680338,0.19403552
20.859375,0.067255281,0.14102286,0.075221345,0.2019013
20.861328,0.071411707,0.16077459,0.075996205,0.20748127
20.863281,0.060303055,0.14850453,0.061121121,0.18893522
20.865234,0.068707481,0.11978021,0.071121663,0.1855161
20.867188,0.071064904,0.10477859,0.084497318,0.20166491
20.869141,0.066545568,0.14321834,0.067957029,0.22073668
20.871094,0.067688152,0.17653617,0.083009064,0.21198761
20.873047,0.062600635,0.13896127,0.085022584,0.17775391
20.875,0.063054241,0.0839293,0.074040428,0.16802245
20.876953,0.064373493,0.11083603,0.073952883,0.1860804
20.878906,0.072029345,0.18062294,0.076227173,0.1988385
20.880859,0.067540348,0.17604595,0.078570381,0.19731803
20.882813,0.066559643,0.1106252,0.073178023,0.18573135
20.884766,0.067049466,0.08287283,0.073215276,0.16665719
20.886719,0.069740176,0.14184895,0.076970369,0.16884854
20.888672,0.066550553,0.19237274,0.07906957,0.1811372
20.890625,0.06894961,0.15483101,0.077316821,0.18162827
20.892578,0.081392169,0.10647243,0.080826044,0.16090895
20.894531,0.078081213,0.12274858,0.068830609,0.14147665
20.896484,0.064734504,0.16136923,0.066677392,0.14342082
20.898438,0.055052709,0.15208559,0.073813185,0.14599927
20.900391,0.067142755,0.11684585,0.068327695,0.1487091
20.902344,0.071083426,0.12568898,0.081025347,0.14937136
20.904297,0.066237144,0.16923927,0.078380391,0.13936825
20.90625,0.064892411,0.16972332,0.073552415,0.12249426
20.908203,0.067159094,0.12357058,0.082917795,0.10754094
20.910156,0.069722429,0.095441729,0.065537453,0.1028889
20.912109,0.063239083,0.13471758,0.066208005,0.11175454
20.914063,0.06422399,0.19798779,0.086063802,0.11095328
20.916016,0.070105709,0.192486,0.082778096,0.11091737
20.917969,0.068575062,0.13885672,0.072850198,0.10872699
20.919922,0.059506297,0.12347687,0.079736397,0.076419637
20.921875,0.065056458,0.16443737,0.08054851,0.053285409
20.923828,0.075250484,0.20904598,0.069558904,0.062758006
20.925781,0.066790223,0.20305012,0.076158255,0.063190959
20.927734,0.068144388,0.16122663,0.064691812,0.042855527
20.929688,0.074443549,0.14287981,0.066638276,0.040497128
20.931641,0.072425388,0.18091479,0.056322947,0.048845794
20.933594,0.069766276,0.22170253,0.059841484,0.049022689
20.935547,0.068274468,0.19331919,0.081377387,0.040227044
20.9375,0.069437817,0.1589074,0.066675529,0.03418602
20.939453,0.069403701,0.16597684,0.065513238,0.02784127
20.941406,0.070529535,0.18301888,0.056309909,0.013702977
20.943359,0.065349258,0.19491024,0.062432423,0.022082902
20.945313,0.058162019,0.1809801,0.077057913,0.048900221
20.947266,0.058133192,0.15529411,0.070920497,0.068309911
20.949219,0.070862442,0.15584382,0.058876634,0.051532835
20.951172,0.072640069,0.20730987,0.072874412,0.023111548
20.953125,0.065009885,0.23135988,0.075275362,0.038398918
20.955078,0.0751561,0.16780958,0.073978961,0.078557722
20.957031,0.063337266,0.13314877,0.082560167,0.086558595
20.958984,0.058485407,0.18434951,0.064773768,0.051084053
20.960938,0.077148445,0.23852105,0.06319797,0.028789531
20.962891,0.076073483,0.22863774,0.058194906,0.054390773
20.964844,0.069691733,0.18134972,0.075524956,0.092933208
20.966797,0.071514413,0.14754957,0.080732912,0.094042763
20.96875,0.076366127,0.16779898,0.065334424,0.068217188
20.970703,0.07291121,0.22572863,0.067143053,0.041254759
20.972656,0.060579713,0.22084291,0.061363265,0.044065606
20.974609,0.063796431,0.15756793,0.071445763,0.089847155
20.976563,0.076247588,0.13901971,0.065071791,0.11992416
20.978516,0.071531668,0.20633034,0.068335146,0.099549443
20.980469,0.06422314,0.23331088,0.073368013,0.061182037
20.982422,0.070265338,0.16046935,0.072391987,0.060105775
20.984375,0.075753517,0.11755238,0.084288701,0.099292859
20.986328,0.067655854,0.1674991,0.067748412,0.12123555
20.988281,0.066104606,0.22236645,0.064226151,0.084107824
20.990234,0.066096559,0.19100195,0.071214795,0.049214192
20.992188,0.068396196,0.14253545,0.080589488,0.085097179
20.994141,0.070046395,0.13931493,0.07019034,0.13767342
20.996094,0.066644415,0.1846523,0.053298011,0.12796123
20.998047,0.073181674,0.21222061,0.070628062,0.06939508
21.0,0.068857171,0.16953427,0.075519368,0.058804777
21.001953,0.070588246,0.11397272,0.068819433,0.11831018
21.003906,0.075295351,0.12082609,0.068338871,0.14533207
21.005859,0.073032089,0.19223304,0.072334245,0.10905103
21.007813,0.066584326,0.2032316,0.059228674,0.07222531
21.009766,0.061404731,0.1273081,0.061009362,0.085406728
21.011719,0.071195051,0.081185512,0.085072875,0.12471788
21.013672,0.06394428,0.14350531,0.080945253,0.14202756
21.015625,0.070267513,0.21176881,0.076376185,0.13382258
21.017578,0.076460198,0.16260697,0.071201757,0.088265359
21.019531,0.063662246,0.086933516,0.072678834,0.060229059
21.021484,0.075377479,0.093311682,0.087768123,0.10620721
21.023438,0.073464625,0.14478658,0.069037363,0.16863944
21.025391,0.058221664,0.18040128,0.067146778,0.14255585
21.027344,0.064640723,0.14247224,0.071874171,0.058641855
21.029297,0.075729623,0.081368282,0.062942788,0.059455596
21.03125,0.073950782,0.11229657,0.084338993,0.13917957
21.033203,0.075125463,0.17026873,0.089941829,0.18001761
21.035156,0.068778187,0.15234728,0.080274701,0.12188564
21.037109,0.071100101,0.076473251,0.069545865,0.041848421
21.039063,0.076429583,0.042546101,0.077756405,0.052708399
21.041016,0.070063457,0.10679921,0.093234986,0.13066787
21.042969,0.07826709,0.16253106,0.072488844,0.16157168
21.044922,0.067310512,0.11143871,0.067301378,0.10207947
21.046875,0.066881359,0.022840595,0.072146118,0.032242876
21.048828,0.063443065,0.0018166862,0.061819613,0.053642746
21.050781,0.05637905,0.063131705,0.061249644,0.13019866
21.052734,0.072242968,0.11955367,0.071514681,0.15390375
21.054688,0.067513391,0.10054585,0.052415118,0.099256717
21.056641,0.068955407,0.025790559,0.043211788,0.047369126
21.058594,0.070089139,-0.018202325,0.067545384,0.066419855
21.060547,0.064021081,0.031832397,0.06366922,0.13530838
21.0625,0.063045584,0.089641683,0.07711938,0.18350273
21.064453,0.067574382,0.066571891,0.079576209,0.1282019
21.066406,0.068593919,0.015829133,0.067541659,0.052411713
21.068359,0.061216008,0.021150127,0.060072452,0.071463317
21.070313,0.062370542,0.065883644,0.063184932,0.15710677
21.072266,0.063200675,0.077933684,0.07718271,0.20627837
21.074219,0.064021729,0.060182206,0.072114453,0.16226307
21.076172,0.066213802,0.048353828,0.086861014,0.099042043
21.078125,0.06638854,0.057201859,0.076066986,0.10297772
21.080078,0.072412066,0.083967604,0.075741023,0.16378005
21.082031,0.067629449,0.091856837,0.075627401,0.18341669
21.083984,0.065814011,0.068057239,0.068029672,0.14142552
21.085938,0.069815584,0.053699039,0.07390818,0.10362156
21.087891,0.065317482,0.088096969,0.065019637,0.12715381
21.089844,0.070712045,0.11390892,0.075906798,0.17991507
21.091797,0.076162741,0.090398505,0.073561728,0.17811564
21.09375,0.075476333,0.066502042,0.067754,0.13659893
21.095703,0.061805476,0.070014991,0.075707495,0.11192963
21.097656,0.071212746,0.071799405,0.068344459,0.13795325
21.099609,0.066602685,0.066207863,0.057984427,0.17575529
21.101563,0.064295508,0.083662592,0.072501883,0.16852543
21.103516,0.079636917,0.075570099,0.083970189,0.13638951
21.105469,0.062481005,0.052513465,0.077067226,0.12375408
21.107422,0.072098397,0.051531851,0.062166065,0.14151786
21.109375,0.069379911,0.048252314,0.068333283,0.15507966
21.111328,0.061464269,0.049317282,0.066083208,0.15834518
21.113281,0.072346039,0.046013765,0.052877054,0.15149602
21.115234,0.065772556,0.04812612,0.059316218,0.13511071
21.117188,0.063560702,0.054116618,0.065271094,0.15375797
21.119141,0.065432414,0.030399209,0.072431102,0.18252967
21.121094,0.060838886,0.027420606,0.063255712,0.18329766
21.123047,0.05560609,0.050468743,0.073589668,0.15829858
21.125,0.058579125,0.046739146,0.083683342,0.13940687
21.126953,0.062612414,0.050029159,0.074789211,0.16840395
21.128906,0.070394091,0.066363744,0.067739099,0.19517994
21.130859,0.074129894,0.071718961,0.068621993,0.17513576
21.132813,0.070212752,0.061938912,0.081492871,0.15477629
21.134766,0.07416366,0.040902898,0.082690552,0.18224771
21.136719,0.067373894,0.05193872,0.090109468,0.20562834
21.138672,0.064713232,0.078996316,0.086183012,0.17852978
21.140625,0.072521314,0.07870435,0.084204882,0.13876517
21.142578,0.070059858,0.071967043,0.088461027,0.13424368
21.144531,0.072005488,0.058510832,0.073129594,0.16036949
21.146484,0.070684403,0.042671945,0.073163122,0.16122785
21.148438,0.06750676,0.043738309,0.082671925,0.1351904
21.150391,0.075231478,0.048399579,0.078801349,0.13077351
21.152344,0.062971391,0.04542575,0.087440297,0.14001058
21.154297,0.05524873,0.035669215,0.094073176,0.12581369
21.15625,0.072144374,0.020310191,0.07021828,0.10590412
21.158203,0.072985962,0.036089242,0.071065784,0.097405359
21.160156,0.065951034,0.062450327,0.077203199,0.092021443
21.162109,0.062131133,0.025901852,0.05747965,0.099906951
21.164063,0.064157702,-0.01239972,0.063626379,0.11375715
21.166016,0.060709618,0.010242944,0.080313817,0.10187242
21.167969,0.064205788,0.047200385,0.074506089,0.083535232
21.169922,0.060973607,0.051038481,0.070167989,0.06955608
21.171875,0.058079433,0.027813857,0.069551453,0.06420406
21.173828,0.071045242,0.014100715,0.087222368,0.09080828
21.175781,0.056637574,0.033360697,0.083603248,0.11235696
21.177734,0.065967344,0.068866909,0.079810902,0.087453425
21.179688,0.071107179,0.074145176,0.08225283,0.047569998
21.181641,0.056760423,0.056506392,0.065576568,0.058228288
21.183594,0.068748936,0.036926381,0.084992781,0.089837901
21.185547,0.06553477,0.0620615,0.074338451,0.085666448
21.1875,0.063625365,0.12312506,0.067411274,0.060539655
21.189453,0.06679216,0.10460886,0.07092981,0.045963295
21.191406,0.069156878,0.05398507,0.072524235,0.052633077
21.193359,0.074137747,0.065229855,0.057934135,0.068509392
21.195313,0.068806551,0.1158725,0.064933956,0.064676419
21.197266,0.070662715,0.12059291,0.083567858,0.048276991
21.199219,0.066421814,0.076982684,0.055475444,0.052860495
21.201172,0.061446305,0.074272998,0.085946456,0.048571985
21.203125,0.072878674,0.098134883,0.072134942,0.036716018
21.205078,0.07783746,0.11742735,0.053609073,0.050596971
21.207031,0.072859108,0.11365351,0.065449908,0.056695972
21.208984,0.073070161,0.070429318,0.070030153,0.048129376
21.210938,0.068184003,0.028854843,0.075318202,0.059514444
21.212891,0.06176433,0.05107585,0.055581614,0.077431694
21.214844,0.066693395,0.10346042,0.064268991,0.06839443
21.216797,0.066604525,0.10539664,0.051467031,0.053128481
21.21875,0.065811813,0.057888009,0.053515941,0.065161109
21.220703,0.062893137,0.018106449,0.053957388,0.090574399
21.222656,0.066150419,0.039739445,0.05847989,0.11166708
21.224609,0.065305389,0.075304553,0.072080925,0.10239999
21.226563,0.063609324,0.068802297,0.05571945,0.081094414
21.228516,0.072078787,0.050762925,0.067431763,0.08899913
21.230469,0.065048873,0.049665943,0.078168049,0.11452834
21.232422,0.068446323,0.069200322,0.082835838,0.13971025
21.234375,0.069945842,0.075044133,0.076398537,0.13205281
21.236328,0.060671177,0.063222744,0.075171053,0.10308899
21.238281,0.057466622,0.054163884,0.074670002,0.097544596
21.240234,0.055785704,0.050524041,0.068011045,0.12790422
21.242188,0.05862892,0.089156121,0.080349207,0.15082856
21.244141,0.066315793,0.12529236,0.071967304,0.13311061
21.246094,0.066943534,0.10393411,0.063194245,0.10575799
21.248047,0.064066201,0.069924071,0.068642482,0.093194798
21.25,0.067274168,0.078653939,0.070166126,0.11696712
21.251953,0.064456061,0.12812288,0.074848816,0.1417422
21.253906,0.062127057,0.14965343,0.086514562,0.1302786
21.255859,0.07143148,0.13773739,0.085721076,0.10311769
21.257813,0.072596908,0.12820041,0.071546346,0.082064152
21.259766,0.061712746,0.13098088,0.070179164,0.080627821
21.261719,0.061856363,0.13414203,0.083564132,0.095972873
21.263672,0.062505528,0.13904369,0.080906138,0.11337876
21.265625,0.072959892,0.15692893,0.076026008,0.10089823
21.267578,0.074736141,0.15815513,0.085525498,0.059575677
21.269531,0.059480015,0.14688869,0.066541418,0.046649911
21.271484,0.064055964,0.13369057,0.060167447,0.067613229
21.273438,0.076263011,0.1321958,0.059724137,0.080535211
21.275391,0.069694929,0.15645105,0.052159935,0.079067267
21.277344,0.067331776,0.16635565,0.068636894,0.070560105
21.279297,0.073721439,0.13742703,0.06268388,0.069148682
21.28125,0.064175673,0.11575842,0.066129774,0.079700567
21.283203,0.059261933,0.1225573,0.069368914,0.078106202
21.285156,0.063218072,0.14094591,0.067716748,0.069673195
21.287109,0.072646476,0.16287681,0.078290984,0.080916584
21.289063,0.06574551,0.15616548,0.055315256,0.092084192
21.291016,0.0620704,0.10784206,0.062130675,0.095416635
21.292969,0.068719491,0.094700046,0.062603787,0.10204879
21.294922,0.061438128,0.16085666,0.058362544,0.11730528
21.296875,0.07660047,0.17986298,0.092467576,0.12853491
21.298828,0.078560472,0.13087995,0.082100093,0.12798223
21.300781,0.067452773,0.11220379,0.074904695,0.12208049
21.302734,0.065265037,0.11963097,0.076717049,0.10183796
21.304688,0.063787304,0.12659971,0.076901451,0.10338844
21.306641,0.073904589,0.1381374,0.080416262,0.13079321
21.308594,0.064184718,0.15218233,0.063455015,0.14363351
21.310547,0.068800136,0.13312584,0.071088135,0.12821943
21.3125,0.068804406,0.096201919,0.069573805,0.11066646
21.314453,0.05877354,0.10276251,0.06412743,0.11900867
21.316406,0.065865658,0.13596764,0.067966342,0.13044956
21.318359,0.062778622,0.13877,0.06906344,0.13649461
21.320313,0.063706473,0.12335999,0.076882824,0.12783511
21.322266,0.06144774,0.11624608,0.083834216,0.11081909
21.324219,0.067839414,0.11891211,0.083606973,0.1102302
21.326172,0.070881002,0.13684042,0.079058394,0.11687574
21.328125,0.065689445,0.15373938,0.078561068,0.12213328
21.330078,0.065367877,0.14051612,0.066977277,0.11318401
21.332031,0.067651525,0.11382709,0.066358879,0.096932717
21.333984,0.070832148,0.12956981,0.05305773,0.10456715
21.335938,0.064224623,0.17050016,0.058135301,0.13338721
21.337891,0.066655591,0.15797772,0.075208306,0.14540698
21.339844,0.075564504,0.12238338,0.065991938,0.12092233
21.341797,0.074418992,0.12945946,0.062244296,0.094965994
21.34375,0.066341355,0.15253821,0.064196348,0.10189445
21.345703,0.066660032,0.14543989,0.069368914,0.1297469
21.347656,0.066870257,0.11132218,0.06976752,0.14348985
21.349609,0.066643782,0.11212987,0.076951742,0.1331327
21.351563,0.066100441,0.14538588,0.059422389,0.11788471
21.353516,0.070933171,0.15263401,0.062307626,0.12175962
21.355469,0.077318914,0.12438316,0.07445021,0.14533116
21.357422,0.06604135,0.093456618,0.06845808,0.16340132
21.359375,0.075910583,0.089708976,0.068832472,0.16144869
21.361328,0.074076235,0.099716619,0.068960994,0.14255878
21.363281,0.059591424,0.11092066,0.092437774,0.13793151
21.365234,0.060262829,0.086935848,0.082345963,0.15466633
21.367188,0.069821775,0.053817779,0.068160057,0.16069236
21.369141,0.076205641,0.09322425,0.079946876,0.14287549
21.371094,0.063054726,0.12475045,0.082047939,0.13158831
21.373047,0.068326607,0.063416809,0.083361104,0.15432706
21.375,0.072477236,0.0062415162,0.083044454,0.16615056
21.376953,0.065733448,0.051131032,0.080051184,0.14732833
21.378906,0.067144401,0.1027518,0.083405808,0.1254894
21.380859,0.069657676,0.079229385,0.0698383,0.11390709
21.382813,0.06436187,0.047086298,0.063360021,0.12716118
21.384766,0.065173171,0.03141889,0.077972472,0.13440946
21.386719,0.067874104,0.044344485,0.088662192,0.1318886
21.388672,0.060453918,0.080294929,0.089438915,0.12328359
21.390625,0.065538324,0.079427056,0.072479531,0.093005039
21.392578,0.067913234,0.031217376,0.074263945,0.075623415
21.394531,0.066397019,0.019676426,0.080742225,0.087797143
21.396484,0.064073958,0.073462985,0.080144316,0.11805211
21.398438,0.065625049,0.093083739,0.079023004,0.11517142
21.400391,0.070189275,0.054196365,0.078287259,0.07452102
21.402344,0.065341435,0.029058803,0.069558904,0.055472329
21.404297,0.071052395,0.053639434,0.067193344,0.070997708
21.40625,0.061734747,0.083942577,0.076800868,0.091122486
21.408203,0.062934674,0.070061795,0.072798043,0.084898867
21.410156,0.075679861,0.047606558,0.055749252,0.068707995
21.412109,0.066082887,0.060830407,0.059578851,0.055778444
21.414063,0.065500513,0.075955316,0.07342203,0.056143813
21.416016,0.072528087,0.062219709,0.067124426,0.081400819
21.417969,0.07398279,0.055615466,0.074243456,0.093182392
21.419922,0.064308614,0.063848943,0.06537354,0.076242626
21.421875,0.0716452,0.048637066,0.071153328,0.050516587
21.423828,0.071955524,0.041796267,0.080280289,0.052222885
21.425781,0.058451757,0.060569867,0.057909921,0.094986834
21.427734,0.074998029,0.0473161,0.063220322,0.10831898
21.429688,0.064265378,0.032826353,0.073610157,0.076740302
21.431641,0.055519,0.055833861,0.074507952,0.062241007
21.433594,0.072474808,0.049262218,0.063520208,0.088136777
21.435547,0.060910925,0.02388775,0.062346742,0.1095235
21.4375,0.064671867,0.039535601,0.08497043,0.097973116
21.439453,0.060379524,0.055195205,0.072829708,0.089834526
21.441406,0.060738713,0.042961471,0.069627821,0.086300269
21.443359,0.080318764,0.033433806,0.083439335,0.088607043
21.445313,0.072497047,0.052172367,0.060221463,0.10207024
21.447266,0.076012269,0.072530381,0.061536491,0.10554893
21.449219,0.07195919,0.034688763,0.077007622,0.094488345
21.451172,0.055142637,0.0056622336,0.061674327,0.093077041
21.453125,0.062480584,0.032119129,0.063650593,0.11570233
21.455078,0.073081635,0.0733383,0.065721855,0.12235532
21.457031,0.065689817,0.095382594,0.069586843,0.10802305
21.458984,0.062809661,0.041819785,0.090048,0.10632405
21.460938,0.070372552,-0.01559241,0.074131697,0.11632366
21.462891,0.070497304,0.010376356,0.069899768,0.11726523
21.464844,0.07291247,0.076362073,0.074608535,0.10371594
21.466797,0.066113763,0.081902862,0.0711198,0.10236198
21.46875,0.068974048,0.012045286,0.077134281,0.12435461
21.470703,0.077156849,-0.018004768,0.078855366,0.13442351
21.472656,0.071608648,0.039579604,0.081798345,0.1184219
21.474609,0.075177036,0.074671023,0.068806395,0.10184844
21.476563,0.072364345,0.026449936,0.07717526,0.095421702
21.478516,0.06704624,-0.033190217,0.071868584,0.1099095
21.480469,0.066078827,-0.051340878,0.055292904,0.1263438
21.482422,0.069082975,-0.024033103,0.079803452,0.11581226
21.484375,0.06530036,0.0062696887,0.087507352,0.099331573
21.486328,0.064284675,-0.0017294409,0.086751118,0.099918306
21.488281,0.061266132,-0.04826507,0.090515524,0.10302659
21.490234,0.050898772,-0.077795565,0.078572243,0.086333156
21.492188,0.065671436,-0.055847198,0.068731889,0.072909713
21.494141,0.071664207,-0.025732767,0.078659788,0.074534759
21.496094,0.067145646,-0.017665535,0.079855606,0.088774972
21.498047,0.070584424,-0.046623379,0.070879519,0.10375663
21.5,0.074261107,-0.079076715,0.072993621,0.080932185
21.501953,0.060583647,-0.060716502,0.069819674,0.055145785
21.503906,0.050469931,-0.018885218,0.076627642,0.050051741
21.505859,0.061396334,-0.012142675,0.072703049,0.061373129
21.507813,0.062676884,-0.029908467,0.068109766,0.081713855
21.509766,0.064775757,-0.031879846,0.075143114,0.065135732
21.511719,0.064041972,-0.020688258,0.06200029,0.041345853
21.513672,0.062353335,0.0030807238,0.070674628,0.039221331
21.515625,0.05857797,-0.0012564454,0.08760421,0.06248612
21.517578,0.058886036,-0.031033622,0.080354795,0.089341737
21.519531,0.063543797,-0.0075471802,0.074064642,0.059668519
21.521484,0.068417996,0.052629646,0.080140591,0.012560828
21.523438,0.066486068,0.068139657,0.070862755,0.023621796
21.525391,0.061425488,0.015847061,0.057176039,0.066420086
21.527344,0.067489907,-0.021168705,0.072254151,0.072707854
21.529297,0.061337844,0.030779654,0.070961475,0.050041266
21.53125,0.061324697,0.10112408,0.067495093,0.040369362
21.533203,0.05894969,0.083580755,0.079432786,0.046377324
21.535156,0.054961078,0.033716112,0.080803692,0.054287165
21.537109,0.06040122,0.039242931,0.07021828,0.058288183
21.539063,0.061837483,0.085908011,0.075891897,0.045708284
21.541016,0.062756211,0.13709839,0.069212452,0.029403156
21.542969,0.067848258,0.13195446,0.057546705,0.046706371
21.544922,0.076124623,0.077919476,0.080155492,0.073778927
21.546875,0.073385432,0.068928376,0.06694375,0.069469295
21.548828,0.067637146,0.11444642,0.072056711,0.048702255
21.550781,0.065212466,0.15397733,0.08443585,0.030786753
21.552734,0.068483397,0.14057805,0.073261842,0.049962509
21.554688,0.073954277,0.10910773,0.072190821,0.085452244
21.556641,0.072709799,0.12003796,0.066731408,0.070727512
21.558594,0.069767363,0.13959387,0.06566225,0.0447524
21.560547,0.064854085,0.11975402,0.070521891,0.052555427
21.5625,0.068547376,0.081719391,0.080349207,0.076611079
21.564453,0.072497934,0.085582167,0.075212032,0.081169903
21.566406,0.069357172,0.12150829,0.074602947,0.061909456
21.568359,0.069709063,0.11969861,0.066144675,0.042982303
21.570313,0.074198268,0.070918262,0.075491428,0.047520291
21.572266,0.068256006,0.045252874,0.079034179,0.081377767
21.574219,0.067062974,0.061469994,0.059236124,0.09536384
21.576172,0.077932812,0.080522522,0.073118418,0.070221104
21.578125,0.067569532,0.086666577,0.074001312,0.049199641
21.580078,0.061707847,0.046382099,0.067269713,0.063784905
21.582031,0.061751723,-0.0053148,0.07348536,0.09146376
21.583984,0.058969602,0.01827921,0.090884328,0.08941415
21.585938,0.066951834,0.088108964,0.098336771,0.069650725
21.587891,0.072202981,0.089200124,0.071848094,0.056459766
21.589844,0.074420311,0.011809312,0.054002091,0.047443807
21.591797,0.07020662,-0.014921043,0.06489484,0.060364801
21.59375,0.058560979,0.023497295,0.064971209,0.095122747
21.595703,0.064534627,0.051700883,0.066977277,0.11169267
21.597656,0.0665268,0.05193872,0.080634192,0.083321609
21.599609,0.063457623,0.040590905,0.062080383,0.045726504
21.601563,0.070731491,0.025966696,0.067387059,0.057891965
21.603516,0.06794437,0.015857887,0.09164615,0.087069832
21.605469,0.064828791,0.035409726,0.082042351,0.091855317
21.607422,0.063585557,0.045618184,0.065623134,0.080898657
21.609375,0.065581277,0.023681579,0.057386518,0.057100631
21.611328,0.061961211,0.02196224,0.064231738,0.061583903
21.613281,0.059593689,0.048134733,0.08304818,0.10292036
21.615234,0.066133037,0.054631755,0.066234082,0.12251001
21.617188,0.066783816,0.03893676,0.053633288,0.10167303
21.619141,0.055817217,0.032525651,0.091947898,0.065445922
21.621094,0.063628562,0.039966218,0.087816551,0.067983076
21.623047,0.080927819,0.049583174,0.06912677,0.11341878
21.625,0.068628676,0.06571997,0.071930051,0.11148876
21.626953,0.061639898,0.051860839,0.068571702,0.072280839
21.628906,0.07022541,0.011619671,0.071900249,0.06971778
21.630859,0.06397523,0.025798941,0.061098769,0.098165959
21.632813,0.067420021,0.077314004,0.071078822,0.1185963
21.634766,0.072937071,0.079236947,0.081986472,0.1163331
21.636719,0.05704955,0.037397981,0.075651616,0.095002957
21.638672,0.062564358,0.007236518,0.082714766,0.073940575
21.640625,0.07739912,0.018922521,0.071466252,0.080321118
21.642578,0.072660491,0.075960442,0.058746248,0.10911197
21.644531,0.05989778,0.076755792,0.069860652,0.12177097
21.646484,0.064791113,-0.0030622799,0.076728225,0.098657057
21.648438,0.066401608,-0.031867038,0.068696499,0.08406923
21.650391,0.057156634,0.043915026,0.059722275,0.10005672
21.652344,0.063428082,0.10176948,0.05709967,0.12410548
21.654297,0.067981958,0.054919884,0.071566835,0.12567458
21.65625,0.062775902,-0.0096333427,0.072602466,0.10918892
21.658203,0.061758991,-0.014384718,0.073142633,0.11394586
21.660156,0.065678909,0.0451396,0.078374803,0.13119368
21.662109,0.070686825,0.087742604,0.058742523,0.12912416
21.664063,0.062300242,0.042588823,0.055887088,0.12103261
21.666016,0.05764157,-0.019497097,0.064457119,0.11811893
21.667969,0.066750705,-0.0029565748,0.077909142,0.14563544
21.669922,0.062030513,0.083484948,0.071984068,0.18361337
21.671875,0.068104081,0.094656162,0.057863355,0.16183282
21.673828,0.066707313,0.013412002,0.07432355,0.11734894
21.675781,0.056584347,-0.01325188,0.072645307,0.12609015
21.677734,0.059861157,0.038093913,0.068705812,0.18610741
21.679688,0.062052283,0.088386498,0.071790352,0.2032548
21.681641,0.065181486,0.076867662,0.077648371,0.16105337
21.683594,0.065897085,0.035844069,0.086764157,0.14110456
21.685547,0.067280166,0.020393778,0.077415541,0.1603765
21.6875,0.064014368,0.047091652,0.069435969,0.17825708
21.689453,0.070970662,0.077302709,0.063794017,0.17303318
21.691406,0.07848727,0.074672423,0.063520208,0.16897276
21.693359,0.066414848,0.055634908,0.061910883,0.17215563
21.695313,0.064433247,0.036320906,0.065131396,0.17412594
21.697266,0.068866171,0.045192685,0.080568999,0.18536884
21.699219,0.067641824,0.072088353,0.080988094,0.19938643
21.701172,0.067939647,0.076142512,0.080043733,0.19137523
21.703125,0.061583605,0.042192895,0.074573144,0.15556203
21.705078,0.059537139,0.017168608,0.075528681,0.13718753
21.707031,0.070623219,0.035090283,0.085693136,0.17864512
21.708984,0.067771085,0.064887129,0.078290984,0.21999861
21.710938,0.063715123,0.067300186,0.081561789,0.18434912
21.712891,0.065792002,0.02339578,0.070201516,0.13779725
21.714844,0.066491358,0.0063547883,0.05898653,0.16025852
21.716797,0.067609973,0.044984654,0.068381712,0.19917683
21.71875,0.068509132,0.073428407,0.067055508,0.2042491
21.720703,0.063396089,0.055725012,0.075595737,0.18057634
21.722656,0.060516197,0.0034689689,0.088092223,0.15935962
21.724609,0.065595232,-0.0024208315,0.089379311,0.16432409
21.726563,0.060794022,0.055999171,0.079617187,0.17452198
21.728516,0.0689018,0.082863867,0.083703831,0.16026478
21.730469,0.070358254,0.034319028,0.074018076,0.15786147
21.732422,0.065195329,-0.012731154,0.0711198,0.17102195
21.734375,0.072012283,0.013270441,0.079926386,0.1605584
21.736328,0.068483762,0.071731888,0.065271094,0.16624759
21.738281,0.073064737,0.069700554,0.076234624,0.17671621
21.740234,0.071456276,0.013784414,0.071099311,0.16693534
21.742188,0.056839809,-0.0039683403,0.062821716,0.14869228
21.744141,0.061228674,0.023572497,0.069460183,0.13764487
21.746094,0.060783707,0.052081678,0.071456939,0.15964696
21.748047,0.063893199,0.05832224,0.080144316,0.18059149
21.75,0.069004223,0.026569145,0.078052565,0.16115198
21.751953,0.065320805,0.0011117915,0.082699865,0.13263965
21.753906,0.064331457,0.018493647,0.077614844,0.1391371
21.755859,0.055393014,0.044818643,0.052148759,0.1709916
21.757813,0.056374207,0.039946314,0.054894298,0.17395009
21.759766,0.071320482,0.026837017,0.057354853,0.15197009
21.761719,0.067572713,0.056065295,0.064680636,0.16166329
21.763672,0.058444202,0.069713943,0.085350409,0.19003174
21.765625,0.072345071,0.02529661,0.061853141,0.19235411
21.767578,0.068040624,0.019504249,0.060642421,0.15730791
21.769531,0.064290285,0.064101793,0.067379609,0.14071082
21.771484,0.074163087,0.07244458,0.063533247,0.18130155
21.773438,0.068308234,0.052479587,0.090636596,0.22296682
21.775391,0.064474389,0.03695339,0.087049142,0.21813294
21.777344,0.063850649,0.031523198,0.070588946,0.1891425
21.779297,0.062057268,0.040784735,0.062253609,0.16812053
21.78125,0.057135448,0.063261971,0.068128392,0.16689552
21.783203,0.061217628,0.055858776,0.083038867,0.2104295
21.785156,0.066852428,0.022996126,0.064363986,0.25139859
21.787109,0.057442341,0.027847968,0.052936658,0.21587172
21.789063,0.062068276,0.057182532,0.062424973,0.15546125
21.791016,0.060031693,0.060974531,0.072360322,0.1666003
21.792969,0.066292629,0.040270995,0.077406228,0.24680586
21.794922,0.074129649,0.04655952,0.085130617,0.27635178
21.796875,0.060010046,0.076712832,0.081826285,0.21279573
21.798828,0.062810048,0.069717206,0.072149843,0.15298015
21.800781,0.062449042,0.035600647,0.084910825,0.17142984
21.802734,0.063186005,0.049140677,0.088095948,0.24472816
21.804688,0.061369684,0.087643065,0.070663452,0.27509314
21.806641,0.070486411,0.08481057,0.067180306,0.21718174
21.808594,0.071377292,0.060627263,0.069979861,0.15635756
21.810547,0.062079184,0.050706115,0.072270915,0.18485209
21.8125,0.074248634,0.05185106,0.078643024,0.25706857
21.814453,0.068652369,0.064441845,0.077935219,0.26788211
21.816406,0.064314432,0.074446112,0.081839323,0.19566205
21.818359,0.067222804,0.053497404,0.084163904,0.14376532
21.820313,0.066715688,0.031693865,0.085722938,0.18249398
21.822266,0.069445148,0.047745556,0.072652757,0.24628863
21.824219,0.06211843,0.061421096,0.072965682,0.24232253
21.826172,0.064102039,0.030032268,0.078678414,0.1811199
21.828125,0.071266346,0.0049517509,0.081558064,0.15333824
21.830078,0.065408155,0.028272767,0.089017957,0.18539366
21.832031,0.064468198,0.04445019,0.072773829,0.23107283
21.833984,0.061963189,0.019238705,0.082044214,0.22258422
21.835938,0.071789786,-0.00034561194,0.077477008,0.16249011
21.837891,0.066766448,0.0073429216,0.061495513,0.13551737
21.839844,0.063774675,0.022983901,0.07076031,0.17665562
21.841797,0.075778618,0.016095374,0.073455557,0.23053819
21.84375,0.059409313,-2.8729439e-05,0.070974514,0.22488596
21.845703,0.058949791,-0.014332796,0.070177302,0.15585501
21.847656,0.068554305,-0.022313066,0.069944471,0.12440568
21.849609,0.067156099,0.017168026,0.074580595,0.18102503
21.851563,0.054826271,0.041118614,0.083094746,0.24327917
21.853516,0.062029868,-0.013776564,0.081470519,0.21731015
21.855469,0.069137655,-0.050961129,0.072259739,0.14518639
21.857422,0.055012099,0.0091248909,0.071855545,0.13976081
21.859375,0.060170431,0.043857634,0.078413919,0.20050786
21.861328,0.066415571,0.0034140209,0.085464031,0.24185009
21.863281,0.063102104,-0.012702749,0.075109586,0.20720367
21.865234,0.058875401,0.0031678025,0.068348184,0.15373693
21.867188,0.062394202,0.01944802,0.069652036,0.14861298
21.869141,0.064204022,0.03119549,0.070430622,0.20032957
21.871094,0.065684222,0.044203274,0.081392288,0.24195138
21.873047,0.060365897,0.021560609,0.061687365,0.21191068
21.875,0.0598846,0.0061667776,0.07686606,0.16525657
21.876953,0.071150698,0.044281852,0.086227715,0.16215509
21.878906,0.068641081,0.068458408,0.077434167,0.21457505
21.880859,0.068576671,0.047637757,0.084206745,0.24567363
21.882813,0.06634602,0.0083060255,0.068186134,0.20378129
21.884766,0.061377432,0.021169685,0.079829529,0.15515333
21.886719,0.062778056,0.051839069,0.085875675,0.16711815
21.888672,0.065683857,0.049232531,0.07577455,0.22710873
21.890625,0.06810236,0.046291646,0.066986591,0.24705313
21.892578,0.069674246,0.037262823,0.06691581,0.19296567
21.894531,0.066775523,0.018065238,0.079568759,0.14573562
21.896484,0.063202232,0.012122353,0.072328657,0.18277435
21.898438,0.06522616,0.032371052,0.072811082,0.24714401
21.900391,0.059180669,0.044779528,0.074852541,0.23557332
21.902344,0.05840116,0.022363875,0.059975594,0.1718394
21.904297,0.06350147,0.006341517,0.076160118,0.14722905
21.90625,0.06226651,0.032763604,0.07118313,0.19832878
21.908203,0.062219705,0.042662516,0.074142873,0.25972411
21.910156,0.069253266,0.013748093,0.089738801,0.24218257
21.912109,0.068809249,0.01029731,0.075688869,0.18252696
21.914063,0.060987644,0.030745195,0.071896523,0.15792547
21.916016,0.065040246,0.031928673,0.044402018,0.19699579
21.917969,0.061392669,0.022365503,0.055372998,0.25465265
21.919922,0.061156932,0.035358269,0.081436992,0.25970927
21.921875,0.066693664,0.037286803,0.070089757,0.22508989
21.923828,0.057919957,0.021918237,0.073574767,0.2060703
21.925781,0.059556358,0.026820369,0.078233242,0.22486235
21.927734,0.070480555,0.037996821,0.079835117,0.2610068
21.929688,0.067357227,0.047886305,0.076784104,0.27204645
21.931641,0.061161343,0.041765071,0.07490097,0.23540772
21.933594,0.061898232,0.029546931,0.075687006,0.22204834
21.935547,0.063327312,0.028160309,0.069881141,0.25979996
21.9375,0.061045021,0.046394091,0.072777554,0.29763338
21.939453,0.057574201,0.066401578,0.075077921,0.29273519
21.941406,0.059712902,0.055177279,0.087485,0.25420362
21.943359,0.060934544,0.041702438,0.080533609,0.25205541
21.945313,0.056815322,0.04944266,0.061888531,0.27725631
21.947266,0.065066546,0.077923901,0.074439034,0.2759279
21.949219,0.072984383,0.090499669,0.0669512,0.26665789
21.951172,0.060101859,0.086907558,0.072926566,0.28245211
21.953125,0.058501188,0.060057294,0.074379429,0.29057372
21.955078,0.063086703,0.055241425,0.064915329,0.28814623
21.957031,0.069771841,0.11766402,0.089286178,0.28486276
21.958984,0.080515355,0.14121181,0.079712182,0.28531834
21.960938,0.069115765,0.1016178,0.076029733,0.29205123
21.962891,0.070311956,0.048824959,0.087075219,0.27502054
21.964844,0.068777248,0.046113297,0.064656422,0.27449748
21.966797,0.059443343,0.098150946,0.070549831,0.2939558
21.96875,0.064574696,0.11828055,0.083275422,0.29601112
21.970703,0.063963413,0.089990817,0.083485901,0.29821521
21.972656,0.069023058,0.061508991,0.090530425,0.29101479
21.974609,0.067940697,0.051437788,0.079997167,0.27692878
21.976563,0.067515329,0.062084317,0.075198993,0.27295828
21.978516,0.062096894,0.083525926,0.077473283,0.2718896
21.980469,0.06560789,0.063765816,0.076791555,0.28462702
21.982422,0.062262617,0.029718295,0.06960547,0.29585314
21.984375,0.057457361,0.051196225,0.068176821,0.28192815
21.986328,0.073481873,0.089094415,0.071702808,0.26094192
21.988281,0.067145713,0.080088876,0.06881012,0.26265144
21.990234,0.06666711,0.033631131,0.072483256,0.29055586
21.992188,0.074781515,0.021206938,0.074245319,0.29473615
21.994141,0.072163776,0.052466199,0.082161561,0.27003065
21.996094,0.057083324,0.059351817,0.07005623,0.26096117
21.998047,0.068970948,0.023183204,0.063298553,0.27556735
22.0,0.075570256,0.0072899526,0.075131938,0.29411018
22.001953,0.068912558,0.048231244,0.081340134,0.29698077
22.003906,0.071394272,0.045799211,0.090439156,0.28979486
22.005859,0.064292148,-0.0088718701,0.07872498,0.27592728
22.007813,0.066479959,-0.037563708,0.078723118,0.26590508
22.009766,0.056786302,-0.026128229,0.081572965,0.27236468
22.011719,0.061498132,0.017056733,0.069961235,0.29124862
22.013672,0.06360621,0.032131001,0.079151526,0.29872704
22.015625,0.055169497,-0.00086622126,0.077385738,0.2811327
22.017578,0.066586621,-0.058236741,0.059819132,0.27000701
22.019531,0.072041154,-0.049528174,0.064274579,0.27642891
22.021484,0.063439347,0.026300458,0.070072994,0.28971556
22.023438,0.067714453,0.01512319,0.08863239,0.29867283
22.025391,0.074200407,-0.059856191,0.092581198,0.29321876
22.027344,0.066290952,-0.052445076,0.07452099,0.27262107
22.029297,0.064074785,0.010292304,0.071347043,0.25105247
22.03125,0.063622601,0.0041784039,0.063654318,0.26173225
22.033203,0.062477957,-0.040931717,0.076173156,0.29533595
22.035156,0.062160384,-0.049802102,0.071300477,0.31114852
22.037109,0.066662505,-0.026956875,0.065982625,0.29172391
22.039063,0.066965535,-0.014210444,0.082895443,0.26222104
22.041016,0.06310536,-0.03113793,0.079339653,0.26171505
22.042969,0.059540976,-0.062950745,0.079756886,0.28558043
22.044922,0.058651742,-0.078905933,0.094514623,0.28851947
22.046875,0.063295007,-0.039711103,0.091728106,0.26998681
22.048828,0.067205273,0.00083157979,0.069709778,0.25753674
22.050781,0.073937833,-0.022824712,0.079799727,0.24927081
22.052734,0.072500303,-0.079931319,0.089817032,0.2659266
22.054688,0.064158067,-0.084212489,0.078806937,0.28708589
22.056641,0.060085103,-0.036066487,0.088060558,0.27436769
22.058594,0.05285174,-0.039303649,0.089487344,0.23519994
22.060547,0.057868369,-0.078440852,0.084523395,0.21653214
22.0625,0.065184563,-0.060732916,0.090394452,0.23512727
22.064453,0.051763985,-0.024624608,0.073023424,0.24133714
22.066406,0.065086842,-0.053703293,0.059133679,0.22300364
22.068359,0.068568811,-0.09378323,0.059239849,0.19456881
22.070313,0.052232113,-0.069949865,0.078836739,0.20537068
22.072266,0.061421581,-0.04333232,0.086659849,0.25083059
22.074219,0.059832051,-0.049006753,0.07625325,0.24556929
22.076172,0.056179844,-0.027619045,0.08612527,0.18342662
22.078125,0.057697054,-0.021641001,0.078149423,0.14973234
22.080078,0.064717844,-0.03530851,0.079496115,0.19440971
22.082031,0.071677014,-0.011058383,0.076242074,0.23646711
22.083984,0.064537607,-0.00014211796,0.061266407,0.2213355
22.085938,0.060118809,-0.025484569,0.062719271,0.18060428
22.087891,0.062826514,-0.042080272,0.068951681,0.16806938
22.089844,0.06719368,0.0044488367,0.079324752,0.20782031
22.091797,0.067272946,0.038550146,0.075873271,0.23402403
22.09375,0.061846584,-0.0015124427,0.069424793,0.21260639
22.095703,0.060459308,-0.03536823,0.07730937,0.17245054
22.097656,0.066165738,-0.022606084,0.076413438,0.16304198
22.099609,0.061869666,0.01194447,0.079034179,0.19948271
22.101563,0.060572155,0.013804787,0.08830829,0.23629548
22.103516,0.068191424,-0.012514273,0.08208333,0.22445324
22.105469,0.057040323,-0.02196091,0.079680517,0.16949818
22.107422,0.059063986,-0.020429701,0.085931554,0.14696226
22.109375,0.06882824,-0.0051280698,0.080496356,0.20014654
22.111328,0.064147636,0.019182943,0.067994282,0.24179547
22.113281,0.066840015,-0.00097797997,0.067616165,0.2036133
22.115234,0.069808908,-0.043560959,0.071784765,0.15371495
22.117188,0.068459392,-0.029265972,0.072587565,0.16871068
22.119141,0.062991709,0.012852859,0.061672464,0.2345386
22.121094,0.060824391,-0.001353885,0.072641581,0.24035531
22.123047,0.061044347,-0.045557596,0.08497788,0.18143035
22.125,0.069477193,-0.041967582,0.07480225,0.15636332
22.126953,0.066708498,-0.00083106384,0.069886729,0.18387723
22.128906,0.060659923,-0.0069559067,0.07702066,0.21890742
22.130859,0.070277609,-0.053614818,0.083577171,0.226358
22.132813,0.068581611,-0.057636153,0.066334665,0.2027394
22.134766,0.060923785,-0.029592283,0.067916051,0.17701752
22.136719,0.059058931,-0.025565362,0.072861373,0.18941523
22.138672,0.06346707,-0.044165738,0.07477431,0.22949807
22.140625,0.061934303,-0.04792735,0.07480225,0.24783741
22.142578,0.06046946,-0.042506237,0.069275782,0.21268328
22.144531,0.063532174,-0.042455129,0.080652818,0.17178416
22.146484,0.067264028,-0.033356689,0.075903073,0.19540437
22.148438,0.058990326,-0.044787742,0.068400338,0.24700101
22.150391,0.055798478,-0.073471315,0.074992239,0.24482852
22.152344,0.065988474,-0.055553716,0.073645547,0.20157452
22.154297,0.058837112,-0.010183405,0.064835235,0.19217683
22.15625,0.05755442,-0.016575187,0.059878737,0.22605667
22.158203,0.060670115,-0.070251502,0.057321325,0.24855369
22.160156,0.065851912,-0.053636938,0.076178744,0.24225475
22.162109,0.07296747,-4.6657398e-05,0.069465771,0.23043455
22.164063,0.06164676,-0.013431393,0.064591229,0.22551806
22.166016,0.061416939,-0.055742308,0.076320305,0.2264225
22.167969,0.063836038,-0.06119357,0.052685201,0.24154325
22.169922,0.062232736,-0.020248324,0.074813426,0.2557092
22.171875,0.06284041,-0.0089993449,0.074899107,0.25559607
22.173828,0.049956847,-0.019913979,0.063404724,0.25656587
22.175781,0.055248037,-0.035598617,0.074558243,0.26187405
22.177734,0.070778005,-0.050277077,0.070911184,0.26873684
22.179688,0.065921471,-0.018739233,0.089356959,0.27346668
22.181641,0.062873758,0.0088106859,0.081306607,0.2771706
22.183594,0.06966152,-0.026417056,0.091173038,0.27158195
22.185547,0.064342514,-0.07735423,0.094225913,0.26298076
22.1875,0.066760629,-0.047642946,0.072159156,0.27102867
22.189453,0.06533809,0.010326879,0.086918756,0.26714087
22.191406,0.05297327,7.8954734e-05,0.082142934,0.25458345
22.193359,0.065776095,-0.060783207,0.076556861,0.2621944
22.195313,0.059107788,-0.070423909,0.082722217,0.26644462
22.197266,0.059867106,-0.0076490436,0.078317061,0.25190935
22.199219,0.077152826,0.0011950284,0.074377567,0.23772752
22.201172,0.063440517,-0.042634524,0.075618088,0.23634915
22.203125,0.062662095,-0.07607168,0.088377208,0.24381436
22.205078,0.061267268,-0.073631965,0.074452072,0.24528989
22.207031,0.058141742,-0.028928367,0.058140889,0.22192901
22.208984,0.061502811,-0.0049128179,0.060281068,0.20688398
22.210938,0.065196835,-0.031972393,0.067763314,0.22739515
22.212891,0.060960293,-0.074953169,0.071658105,0.2580159
22.214844,0.055034012,-0.072443247,0.073738679,0.25230446
22.216797,0.066875756,-0.034067173,0.079497978,0.22281194
22.21875,0.057926726,-0.021527495,0.060940444,0.21891904
22.220703,0.062669329,-0.043691225,0.052813724,0.23175716
22.222656,0.076200172,-0.071023911,0.067103937,0.24562797
22.224609,0.067080073,-0.052504916,0.072403163,0.26345626
22.226563,0.059071098,-0.026899016,0.074066505,0.27943555
22.228516,0.061355632,-0.052461028,0.08070311,0.2574273
22.230469,0.053830363,-0.065797098,0.077067226,0.22992526
22.232422,0.05262031,-0.045657247,0.070799425,0.24540623
22.234375,0.071255431,-0.029480176,0.080917314,0.28054318
22.236328,0.063576378,-0.024367798,0.07753475,0.29195374
22.238281,0.062772788,-0.042904843,0.080302641,0.26774585
22.240234,0.069311284,-0.080323406,0.077197611,0.25341594
22.242188,0.064168982,-0.076280534,0.073297232,0.27196679
22.244141,0.064551234,-0.028713232,0.075698182,0.28430203
22.246094,0.060154706,-0.011877597,0.063495994,0.2730529
22.248047,0.063385479,-0.054584675,0.084802791,0.26386106
22.25,0.065897964,-0.088080972,0.073783383,0.26733172
22.251953,0.057569824,-0.045864001,0.059897363,0.27965784
22.253906,0.063290149,-0.010585969,0.07342948,0.27242836
22.255859,0.063205816,-0.039997254,0.080455378,0.27130315
22.257813,0.057084695,-0.080197096,0.079913348,0.28681603
22.259766,0.068415977,-0.077147126,0.074787349,0.28341377
22.261719,0.065052412,-0.032877292,0.084493592,0.2663323
22.263672,0.061197337,-0.0218651,0.083457962,0.26108518
22.265625,0.068107843,-0.065029576,0.086795822,0.27708644
22.267578,0.066637479,-0.097068816,0.072779417,0.27873752
22.269531,0.065933429,-0.067575231,0.079790413,0.258944
22.271484,0.064180546,-0.03893473,0.08673808,0.24869984
22.273438,0.063715041,-0.0631015,0.087267071,0.27599469
22.275391,0.061888743,-0.097966492,0.085255414,0.28370777
22.277344,0.062130712,-0.10703664,0.052392766,0.24385443
22.279297,0.059931546,-0.081462994,0.064311832,0.22256824
22.28125,0.063976869,-0.067999445,0.072231799,0.24944878
22.283203,0.064669847,-0.095863685,0.062680155,0.29013136
22.285156,0.05854243,-0.12846847,0.061812162,0.27181214
22.287109,0.069298372,-0.13390949,0.073831812,0.22466503
22.289063,0.054856487,-0.11105239,0.086453095,0.22756121
22.291016,0.048433192,-0.098509222,0.080479592,0.26602545
22.292969,0.060680509,-0.11980822,0.071659967,0.26995364
22.294922,0.060776245,-0.11919739,0.068091139,0.24258688
22.296875,0.060310803,-0.096151464,0.07550633,0.2461796
22.298828,0.062338106,-0.10295117,0.061674327,0.26297775
22.300781,0.067147695,-0.12069752,0.067509994,0.26397291
22.302734,0.069000304,-0.11672519,0.073941708,0.26633224
22.304688,0.067713127,-0.10423243,0.073587805,0.27324519
22.306641,0.067382939,-0.10038246,0.080731049,0.26970968
22.308594,0.067900091,-0.10583244,0.074245319,0.24280414
22.310547,0.063578665,-0.11960577,0.072157294,0.24214922
22.3125,0.065392047,-0.13293509,0.06829603,0.28432912
22.314453,0.066349939,-0.13318108,0.075249285,0.29177168
22.316406,0.06501969,-0.12560442,0.069864377,0.25383526
22.318359,0.057855304,-0.14106996,0.07756269,0.24438223
22.320313,0.064971156,-0.16438225,0.083567858,0.28532764
22.322266,0.071037583,-0.16691591,0.077285156,0.30232522
22.324219,0.057037544,-0.15138972,0.081939906,0.25888586
22.326172,0.050093908,-0.17022391,0.081619531,0.22618626
22.328125,0.056691311,-0.21187615,0.074859992,0.25811362
22.330078,0.05488342,-0.1938532,0.06842269,0.29590508
22.332031,0.055288181,-0.15059757,0.063585401,0.27643898
22.333984,0.06161014,-0.151713,0.068119079,0.23592903
22.335938,0.057587199,-0.18223372,0.084322229,0.25019866
22.337891,0.061351128,-0.19548213,0.084543884,0.28317991
22.339844,0.057303205,-0.1846558,0.078304023,0.27131277
22.341797,0.061964516,-0.1533462,0.061083868,0.23638855
22.34375,0.057338569,-0.13138118,0.062868282,0.2263009
22.345703,0.050164979,-0.14978907,0.075299576,0.26275295
22.347656,0.068999551,-0.1757427,0.074077681,0.28816825
22.349609,0.065068617,-0.14789097,0.070181027,0.27326781
22.351563,0.057877466,-0.098032735,0.067161679,0.24542482
22.353516,0.066177294,-0.12409184,0.066601023,0.23679674
22.355469,0.062671013,-0.17698707,0.06913422,0.25410512
22.357422,0.063166007,-0.15695176,0.06948626,0.27893662
22.359375,0.058886595,-0.10052344,0.056688026,0.292979
22.361328,0.051668037,-0.095940866,0.08151336,0.26952192
22.363281,0.061189502,-0.143635,0.098614305,0.24674256
22.365234,0.057664722,-0.15632917,0.092024267,0.26545081
22.367188,0.061460704,-0.11810903,0.098619893,0.28452694
22.369141,0.071625061,-0.10121612,0.085789993,0.2667996
22.371094,0.060356945,-0.11074634,0.081328958,0.22754931
22.373047,0.057774551,-0.14463396,0.077279568,0.21522576
22.375,0.060636207,-0.16942367,0.071766138,0.25575659
22.376953,0.067007385,-0.11074529,0.073354974,0.29390192
22.378906,0.063069314,-0.061378092,0.066658765,0.26274046
22.380859,0.05936452,-0.10908055,0.069940746,0.19888553
22.382813,0.068654798,-0.17669207,0.078501463,0.18932204
22.384766,0.059989382,-0.15721515,0.077780619,0.24350403
22.386719,0.05807431,-0.089804381,0.061221704,0.262135
22.388672,0.060403123,-0.10346688,0.054270312,0.2115234
22.390625,0.05747319,-0.152592,0.078659788,0.17722584
22.392578,0.063431047,-0.15714779,0.073135182,0.21395797
22.394531,0.05957019,-0.13057688,0.061849415,0.26350942
22.396484,0.057335999,-0.11153493,0.071428999,0.23896267
22.398438,0.066221237,-0.13128363,0.053260759,0.19684514
22.400391,0.05804421,-0.15142156,0.067800567,0.20467274
22.402344,0.056622248,-0.15167674,0.086088017,0.23841523
22.404297,0.054785281,-0.13242485,0.081567377,0.26931635
22.40625,0.058678702,-0.11204647,0.074835777,0.25457281
22.408203,0.065870188,-0.12601036,0.067940265,0.19720516
22.410156,0.063318513,-0.14442052,0.07695733,0.18783855
22.412109,0.061750643,-0.13668263,0.073554277,0.23903039
22.414063,0.053396158,-0.12261092,0.069357738,0.28385386
22.416016,0.059201613,-0.1280162,0.071827605,0.26631185
22.417969,0.05744585,-0.1369817,0.084989056,0.19678441
22.419922,0.061386447,-0.11684103,0.083927348,0.18567012
22.421875,0.0598973,-0.10268237,0.073388502,0.24318372
22.423828,0.061765146,-0.12738767,0.078680277,0.27155131
22.425781,0.063523829,-0.13884853,0.083232582,0.23032902
22.427734,0.061291538,-0.1191677,0.083780199,0.18462427
22.429688,0.066578828,-0.10544886,0.080481455,0.18705547
22.431641,0.054732978,-0.11459002,0.071693495,0.21860099
22.433594,0.06293644,-0.12906231,0.075606912,0.23390046
22.435547,0.058848679,-0.12663947,0.085508734,0.19972409
22.4375,0.060835056,-0.11074971,0.077342898,0.16814309
22.439453,0.066194937,-0.10911466,0.082345963,0.17437889
22.441406,0.056958873,-0.12313921,0.075428098,0.19852883
22.443359,0.063591219,-0.13776854,0.070892558,0.19905534
22.445313,0.06236881,-0.14135297,0.068456218,0.159371
22.447266,0.053914178,-0.11440096,0.056518525,0.13338955
22.449219,0.056752678,-0.10895342,0.076910764,0.15429313
22.451172,0.060180716,-0.13434267,0.087574407,0.19034518
22.453125,0.059434149,-0.13303149,0.07936573,0.18974733
22.455078,0.072690941,-0.1180585,0.068271816,0.13922189
22.457031,0.065971695,-0.11177836,0.069132358,0.099237561
22.458984,0.0573337,-0.13446911,0.077177122,0.13058713
22.460938,0.054421816,-0.15858628,0.08481583,0.18083644
22.462891,0.055587571,-0.14065984,0.083228856,0.17922574
22.464844,0.059262816,-0.10867205,0.07650657,0.12191963
22.466797,0.055391345,-0.09988118,0.073505849,0.076413237
22.46875,0.064630888,-0.1347038,0.056801647,0.09401308
22.470703,0.065425403,-0.15759337,0.053925723,0.12724777
22.472656,0.065248907,-0.13911989,0.068517685,0.14449178
22.474609,0.062992588,-0.12227181,0.08033058,0.14028934
22.476563,0.058625598,-0.12131149,0.075286537,0.11359055
22.478516,0.066571467,-0.14208627,0.060856625,0.082838833
22.480469,0.058701802,-0.15023418,0.047955945,0.084835418
22.482422,0.053843085,-0.13062321,0.053651914,0.12093269
22.484375,0.0589629,-0.12807965,0.060623795,0.1458403
22.486328,0.061654951,-0.14115344,0.058839381,0.13753113
22.488281,0.064766891,-0.14906177,0.068862274,0.1107894
22.490234,0.058969598,-0.14399397,0.068340734,0.11778016
22.492188,0.070134662,-0.1389029,0.07329537,0.14625795
22.494141,0.070558727,-0.14350294,0.068264365,0.14486288
22.496094,0.063108385,-0.15043046,0.070885107,0.13633858
22.498047,0.055304468,-0.16978911,0.086082429,0.14673632
22.5,0.053305611,-0.17392638,0.081861675,0.16871208
22.501953,0.058750264,-0.15479684,0.08051312,0.16920355
22.503906,0.053996667,-0.13926145,0.081150144,0.14265512
22.505859,0.057287488,-0.14958261,0.076690972,0.14015409
22.507813,0.057506591,-0.17864726,0.092471302,0.1529076
22.509766,0.057794489,-0.18661775,0.10070606,0.15267304
22.511719,0.056340348,-0.16483465,0.086743668,0.13435154
22.513672,0.063904122,-0.1376016,0.068798944,0.11019874
22.515625,0.055996254,-0.13631766,0.058567435,0.095474377
22.517578,0.051129859,-0.16312124,0.065647349,0.099875577
22.519531,0.057437915,-0.17994715,0.058727622,0.13775599
22.521484,0.052644387,-0.13197885,0.067713022,0.14705819
22.523438,0.060717437,-0.084759757,0.063624516,0.11218781
22.525391,0.062369641,-0.11831694,0.059034958,0.072815068
22.527344,0.065457858,-0.16150883,0.076966643,0.06941504
22.529297,0.05647365,-0.15349491,0.087229818,0.11559094
22.53125,0.059807431,-0.11363856,0.075685143,0.14320321
22.533203,0.073370107,-0.09757825,0.056341574,0.10137984
22.535156,0.066704802,-0.11277394,0.074766859,0.049259011
22.537109,0.066586755,-0.13521114,0.072101414,0.083766721
22.539063,0.063892826,-0.1557553,0.056745768,0.15458249
22.541016,0.061706088,-0.1430793,0.066653177,0.14547476
22.542969,0.058675203,-0.1215945,0.067329317,0.084374122
22.544922,0.065069214,-0.1399859,0.074532166,0.068494081
22.546875,0.064327516,-0.16565694,0.067921638,0.10473711
22.548828,0.05599907,-0.16408627,0.055913165,0.13493314
22.550781,0.061936807,-0.16236787,0.071673006,0.11958766
22.552734,0.057916492,-0.17115082,0.065531865,0.092458293
22.554688,0.052147999,-0.16595845,0.049842805,0.098826796
22.556641,0.059081566,-0.16261774,0.074494913,0.11950041
22.558594,0.063807987,-0.17203738,0.0876396,0.13652734
22.560547,0.05388749,-0.17846449,0.074306786,0.14809135
22.5625,0.056087203,-0.17977503,0.076320305,0.11277856
22.564453,0.058375612,-0.17811193,0.066101834,0.063921228
22.566406,0.056140672,-0.16850294,0.066854343,0.096355647
22.568359,0.05877595,-0.16286035,0.071544483,0.17030883
22.570313,0.061227176,-0.17053887,0.071496055,0.16901825
22.572266,0.07075718,-0.16826063,0.073062539,0.095039219
22.574219,0.053216096,-0.16570613,0.061858729,0.066494413
22.576172,0.060585141,-0.17056216,0.079153389,0.11926403
22.578125,0.064712428,-0.16885336,0.085581377,0.16856515
22.580078,0.044960532,-0.15088843,0.07259874,0.14217937
22.582031,0.057869755,-0.15831427,0.066161439,0.078310572
22.583984,0.05175982,-0.17484502,0.060424492,0.069817141
22.585938,0.053353678,-0.1593771,0.077398777,0.11775555
22.587891,0.059920494,-0.15373072,0.082975537,0.15342334
22.589844,0.058326054,-0.15344223,0.077901691,0.13233103
22.591797,0.055171788,-0.15480168,0.074491188,0.077906728
22.59375,0.052712698,-0.15379003,0.067090899,0.055201549
22.595703,0.060324278,-0.15222867,0.069858789,0.086509705
22.597656,0.067688443,-0.13195115,0.061460122,0.13327929
22.599609,0.070177943,-0.10794888,0.063391685,0.13926311
22.601563,0.057293601,-0.13308562,0.070046917,0.090775043
22.603516,0.058366504,-0.17328633,0.079388082,0.055517558
22.605469,0.049699977,-0.16916011,0.073924944,0.08591494
22.607422,0.044675387,-0.108376,0.045730084,0.12960668
22.609375,0.052638583,-0.083920404,0.061916471,0.11275251
22.611328,0.061503015,-0.12329859,0.072453454,0.062087514
22.613281,0.07115294,-0.14915909,0.068722576,0.073666587
22.615234,0.059697721,-0.12866917,0.084894061,0.12515761
22.617188,0.05956874,-0.11727572,0.062207043,0.12735699
22.619141,0.059460361,-0.13866867,0.051243514,0.082804665
22.621094,0.056761362,-0.13068211,0.073021561,0.051564034
22.623047,0.061170526,-0.11279257,0.076454416,0.093993813
22.625,0.055990878,-0.1074668,0.081954807,0.15082201
22.626953,0.059973404,-0.11731134,0.077817872,0.12593076
22.628906,0.062240709,-0.14156811,0.069137946,0.062007304
22.630859,0.052827321,-0.14060104,0.075975716,0.040921696
22.632813,0.056483295,-0.11688969,0.081574827,0.088308029
22.634766,0.063023821,-0.10414395,0.065166786,0.13809179
22.636719,0.06197625,-0.11931788,0.065300897,0.11179837
22.638672,0.060446732,-0.14392534,0.070622474,0.050025664
22.640625,0.051822465,-0.13874166,0.068053886,0.040652543
22.642578,0.062574476,-0.11497233,0.083267972,0.083667889
22.644531,0.064063303,-0.11661751,0.06524688,0.11445691
22.646484,0.043536037,-0.13165034,0.06390205,0.091616839
22.648438,0.054325778,-0.13964446,0.067919776,0.033077981
22.650391,0.060889848,-0.12448381,0.070747271,0.019808205
22.652344,0.05948893,-0.10210762,0.086492211,0.075733371
22.654297,0.056973647,-0.11147743,0.042416438,0.11400083
22.65625,0.05625762,-0.12772505,0.058463126,0.065381832
22.658203,0.054914873,-0.12629069,0.080040008,0.0067869765
22.660156,0.056792218,-0.10964935,0.062879458,0.045665793
22.662109,0.073449954,-0.093226179,0.08270359,0.10914486
22.664063,0.061963737,-0.085920185,0.064486921,0.094560578
22.666016,0.061517879,-0.11022118,0.07086648,0.02849436
22.667969,0.054354016,-0.15471925,0.068767279,0.00033174688
22.669922,0.056827046,-0.12921621,0.055449367,0.051861592
22.671875,0.069861561,-0.062376935,0.080552235,0.10254452
22.673828,0.055703729,-0.062927462,0.066601023,0.090742446
22.675781,0.063826174,-0.13255244,0.065600783,0.037635118
22.677734,0.05887001,-0.17077968,0.079384357,0.0070760357
22.679688,0.06220999,-0.12066748,0.066660628,0.046488617
22.681641,0.061794832,-0.074810207,0.069493711,0.095541142
22.683594,0.055568367,-0.09725485,0.066062719,0.08199884
22.685547,0.062359992,-0.15085199,0.062590748,0.023268068
22.6875,0.060982414,-0.16869846,0.075333104,0.0037946953
22.689453,0.057125058,-0.12418916,0.069333524,0.053474236
22.691406,0.056227755,-0.092416279,0.076076299,0.094986774
22.693359,0.065696865,-0.12602293,0.088503867,0.058193363
22.695313,0.055147909,-0.16849329,0.068314657,0.00064746523
22.697266,0.055166908,-0.16004147,0.058131576,-0.0056286012
22.699219,0.054048646,-0.12085968,0.063997045,0.023910563
22.701172,0.049940269,-0.11060303,0.061376303,0.049664717
22.703125,0.058758516,-0.15016706,0.06207107,0.040955108
22.705078,0.065197095,-0.16948391,0.072814807,0.02191573
22.707031,0.065441564,-0.13074498,0.072360322,0.0073278421
22.708984,0.055755101,-0.10567773,0.067679495,0.0083302949
22.710938,0.061062217,-0.15236604,0.082543403,0.015494086
22.712891,0.057297159,-0.17692088,0.062762111,0.0017667986
22.714844,0.062072445,-0.12926091,0.057146236,-0.0077623194
22.716797,0.070878729,-0.10441451,0.068884626,-0.002271649
22.71875,0.068516091,-0.12790619,0.065192863,0.021122476
22.720703,0.065977544,-0.16958776,0.074265808,0.031405207
22.722656,0.059204467,-0.18503526,0.061333463,0.0070728343
22.724609,0.065360606,-0.18087447,0.063494131,-0.01524928
22.726563,0.0541205,-0.16436164,0.068763554,-0.0086035952
22.728516,0.051646169,-0.15110002,0.064976797,0.017910402
22.730469,0.061700121,-0.18789716,0.066746309,0.023866618
22.732422,0.057871599,-0.21311888,0.07836549,0.00108606
22.734375,0.056612618,-0.19649227,0.065498337,-0.0069392631
22.736328,0.053434469,-0.18929949,0.054657742,0.0001450167
22.738281,0.052542817,-0.21496756,0.065284133,0.008090362
22.740234,0.056380983,-0.22323921,0.07002829,0.01992433
22.742188,0.056798588,-0.19228467,0.083793238,0.023973079
22.744141,0.055698402,-0.18177727,0.066357017,0.0098201195
22.746094,0.06078748,-0.20202753,0.071896523,-0.014915342
22.748047,0.05764655,-0.21190538,0.076720774,-0.014233381
22.75,0.049879108,-0.1989363,0.063281789,0.010816809
22.751953,0.058695346,-0.19106947,0.072796181,0.026750283
22.753906,0.052168779,-0.18049105,0.06219773,-0.00046593091
22.755859,0.051857371,-0.17012833,0.043893516,-0.023604698
22.757813,0.070425063,-0.18439294,0.049863294,-0.0061492105
22.759766,0.05819913,-0.18878995,0.061335325,0.017777456
22.761719,0.053098813,-0.17400043,0.056855664,0.031990077
22.763672,0.055324588,-0.18014325,0.061743245,0.015572725
22.765625,0.05790741,-0.18753853,0.076802731,-0.003901056
22.767578,0.063476786,-0.16564304,0.083685204,0.0043821852
22.769531,0.065052405,-0.15020373,0.08260487,0.021884298
22.771484,0.062572502,-0.16928369,0.075526819,0.017045088
22.773438,0.059124846,-0.1991232,0.057105258,-0.0016223425
22.775391,0.065000713,-0.19624682,0.066481814,0.00027790479
22.777344,0.058219962,-0.16647965,0.075917974,0.016661964
22.779297,0.04898731,-0.16170208,0.069095105,0.036930162
22.78125,0.054687381,-0.19381292,0.068843648,0.034507908
22.783203,0.054918312,-0.21135019,0.071522132,-0.0076156361
22.785156,0.051162221,-0.18491146,0.076491669,-0.025660826
22.787109,0.06071813,-0.16417155,0.064268991,-0.0023995894
22.789063,0.062503345,-0.18411581,0.078432545,0.020571714
22.791016,0.066845208,-0.20476876,0.082353413,0.01472592
22.792969,0.059685517,-0.20365484,0.070995003,-0.021939436
22.794922,0.057506014,-0.19141948,0.064313695,-0.049605768
22.796875,0.061933707,-0.17807508,0.067640379,-0.041949831
22.798828,0.060062289,-0.17886159,0.06797938,-0.022529602
22.800781,0.062726967,-0.19928461,0.061605409,-0.028027957
22.802734,0.054286275,-0.20661214,0.07895036,-0.04861461
22.804688,0.060639713,-0.19455291,0.069303721,-0.054869372
22.806641,0.057905853,-0.19988601,0.063814506,-0.051850315
22.808594,0.059752747,-0.20523058,0.060284793,-0.06348405
22.810547,0.06074626,-0.20395298,0.077523574,-0.080590814
22.8125,0.047201607,-0.20043479,0.084644467,-0.079407513
22.814453,0.062146895,-0.21384834,0.060294107,-0.071453027
22.816406,0.055714838,-0.22613168,0.061193764,-0.088546813
22.818359,0.048511636,-0.19666986,0.050666094,-0.11149245
22.820313,0.058871292,-0.1973038,0.055369273,-0.11187091
22.822266,0.055826426,-0.22402345,0.065189138,-0.086741969
22.824219,0.0612753,-0.22162238,0.076385498,-0.059987687
22.826172,0.055786207,-0.20078066,0.073019698,-0.073064215
22.828125,0.059165694,-0.18948844,0.062732309,-0.1207119
22.830078,0.0532929,-0.20888893,0.081870988,-0.14510801
22.832031,0.052132327,-0.2208119,0.06797938,-0.10917118
22.833984,0.060523696,-0.2023149,0.051075876,-0.066625282
22.835938,0.057058491,-0.17322266,0.068215936,-0.076277047
22.837891,0.064508013,-0.1782525,0.058822617,-0.11722998
22.839844,0.056090426,-0.21746431,0.049567133,-0.11632217
22.841797,0.059778616,-0.22805467,0.067662731,-0.084374778
22.84375,0.055084236,-0.19550699,0.0669512,-0.068314701
22.845703,0.053601108,-0.16705056,0.069363326,-0.072750241
22.847656,0.059837189,-0.18948191,0.058284312,-0.10580509
22.849609,0.057486508,-0.21907428,0.070300236,-0.12094624
22.851563,0.059211217,-0.20297852,0.08388637,-0.087564327
22.853516,0.052244365,-0.17680633,0.052998126,-0.050053097
22.855469,0.061202351,-0.18327844,0.062067345,-0.069532059
22.857422,0.05685867,-0.20447004,0.055564851,-0.11835769
22.859375,0.047114063,-0.20274971,0.058342054,-0.10723316
22.861328,0.060890209,-0.18852662,0.069810361,-0.053738281
22.863281,0.057743251,-0.18079612,0.05667685,-0.03295698
22.865234,0.052130245,-0.18545698,0.067321867,-0.074380286
22.867188,0.062152512,-0.20668188,0.058872908,-0.11878261
22.869141,0.056697968,-0.20559339,0.05312106,-0.092716925
22.871094,0.058957141,-0.18070641,0.067243636,-0.042041626
22.873047,0.063928485,-0.17998685,0.074241593,-0.034498554
22.875,0.056834247,-0.19212042,0.076169431,-0.063415073
22.876953,0.058345985,-0.1995689,0.077115655,-0.098180935
22.878906,0.061066661,-0.1963336,0.074137285,-0.099062838
22.880859,0.055232782,-0.18736915,0.071874171,-0.05872656
22.882813,0.05268522,-0.18894611,0.072911665,-0.034086794
22.884766,0.063582256,-0.1939653,0.072427377,-0.062550515
22.886719,0.065511607,-0.1975871,0.066422209,-0.10473488
22.888672,0.059579495,-0.19556567,0.065306485,-0.10189126
22.890625,0.057098068,-0.20074999,0.062018916,-0.062400162
22.892578,0.057032198,-0.21315096,0.064812884,-0.046833746
22.894531,0.055611413,-0.20413628,0.068145156,-0.080803037
22.896484,0.051663298,-0.19050294,0.064133018,-0.11911701
22.898438,0.050145872,-0.19361192,0.064662009,-0.10676907
22.900391,0.05823151,-0.20021978,0.062063619,-0.068364121
22.902344,0.065396868,-0.20739295,0.07490842,-0.066566899
22.904297,0.056675505,-0.20538419,0.068681598,-0.09734007
22.90625,0.057338428,-0.20455386,0.062950239,-0.1161625
22.908203,0.057797071,-0.20708543,0.058772326,-0.10036669
22.910156,0.05491782,-0.20698583,0.050192982,-0.07454589
22.912109,0.051875394,-0.19698593,0.06402126,-0.073259033
22.914063,0.057943504,-0.18717247,0.059515521,-0.086662218
22.916016,0.068305194,-0.19166487,0.052947834,-0.095156118
22.917969,0.054443642,-0.19225301,0.06652838,-0.095558159
22.919922,0.054645102,-0.21159081,0.070816189,-0.07436166
22.921875,0.061587546,-0.21048452,0.060092941,-0.058362763
22.923828,0.051386937,-0.1767455,0.061534628,-0.07773456
22.925781,0.057306673,-0.17503856,0.066304862,-0.099341832
22.927734,0.066316038,-0.20231403,0.077802971,-0.084447302
22.929688,0.057252165,-0.20821472,0.078834876,-0.047232877
22.931641,0.069514796,-0.19665281,0.06514816,-0.051766787
22.933594,0.069129638,-0.2027581,0.068465531,-0.095246278
22.935547,0.053773604,-0.20796238,0.066764936,-0.10901123
22.9375,0.060026638,-0.21923459,0.054171592,-0.070434041
22.939453,0.056040492,-0.23807769,0.074183851,-0.041948609
22.941406,0.056010313,-0.2355531,0.075770825,-0.058232553
22.943359,0.058942985,-0.22341076,0.055805132,-0.090709113
22.945313,0.058802985,-0.22667982,0.067677632,-0.10730947
22.947266,0.055620629,-0.24834937,0.066494852,-0.09234032
22.949219,0.056146428,-0.27120426,0.063002393,-0.062337358
22.951172,0.054348029,-0.26749358,0.060364887,-0.05583626
22.953125,0.050653737,-0.24603426,0.056445882,-0.088937737
22.955078,0.061581638,-0.23834632,0.062266648,-0.1062466
22.957031,0.049251642,-0.24731041,0.067321867,-0.080313511
22.958984,0.045915455,-0.26154253,0.053199291,-0.043810613
22.960938,0.057345357,-0.26638284,0.055739939,-0.05099868
22.962891,0.059798013,-0.24312313,0.072991759,-0.093792543
22.964844,0.059755869,-0.21700384,0.072118178,-0.09344545
22.966797,0.053262498,-0.23912375,0.075742885,-0.05194857
22.96875,0.050713614,-0.26903763,0.073662311,-0.047320653
22.970703,0.051374137,-0.24418688,0.069922119,-0.083991133
22.972656,0.060721308,-0.20070349,0.057734832,-0.10432568
22.974609,0.060152162,-0.19376141,0.053778574,-0.091855273
22.976563,0.056794602,-0.22112948,0.078056291,-0.050923299
22.978516,0.063819364,-0.25346676,0.074973613,-0.03255954
22.980469,0.057554308,-0.24503176,0.052251205,-0.068343744
22.982422,0.047934446,-0.19888106,0.048302397,-0.12109339
22.984375,0.055412795,-0.19012755,0.050097987,-0.11772922
22.986328,0.051973678,-0.22115555,0.059726,-0.046345152
22.988281,0.05340163,-0.23047198,0.06650044,-0.015605045
22.990234,0.064079702,-0.21209134,0.060301557,-0.066045418
22.992188,0.05808736,-0.18735291,0.052640498,-0.1200662
22.994141,0.060177188,-0.194656,0.066301137,-0.10447464
22.996094,0.061809849,-0.23583169,0.053361341,-0.041459374
22.998047,0.058338251,-0.23773944,0.051385075,-0.010260185
23.0,0.061674889,-0.19539505,0.065353051,-0.048422698
23.001953,0.061505422,-0.17429815,0.055581614,-0.090986356
23.003906,0.059505828,-0.21377331,0.055590928,-0.062002953
23.005859,0.054909747,-0.25548959,0.064816609,-0.019034
23.007813,0.052128643,-0.23948166,0.090770707,-0.0093138441
23.009766,0.059618559,-0.20040464,0.06804271,-0.027704613
23.011719,0.058030598,-0.19760689,0.063825682,-0.071122579
23.013672,0.055988017,-0.24037609,0.081179947,-0.081623942
23.015625,0.059791964,-0.26010022,0.065142572,-0.028296817
23.017578,0.055852957,-0.23772478,0.062872007,0.018224025
23.019531,0.055948291,-0.21307005,0.054227471,-0.024938468
23.021484,0.064405598,-0.22133763,0.051724076,-0.089026503
23.023438,0.057839569,-0.24373356,0.060651734,-0.065094538
23.025391,0.061372302,-0.24993971,0.063624516,0.0021629599
23.027344,0.064623728,-0.25259334,0.061387479,0.0067415745
23.029297,0.047561157,-0.23999242,0.064840823,-0.058746874
23.03125,0.056081984,-0.24113242,0.063857347,-0.098932222
23.033203,0.058610927,-0.25937769,0.063699022,-0.053549979
23.035156,0.049422655,-0.24681431,0.061383754,0.0036936468
23.037109,0.054986373,-0.23951186,0.055996984,-0.0082179103
23.039063,0.0541091,-0.25511193,0.059716687,-0.052739903
23.041016,0.056036182,-0.25793797,0.058440775,-0.066990241
23.042969,0.067341939,-0.24803458,0.067675769,-0.033400409
23.044922,0.060783196,-0.24692887,0.081988335,0.0049461592
23.046875,0.05120546,-0.26025218,0.073667899,-0.002164314
23.048828,0.049034752,-0.26595527,0.061568156,-0.048493888
23.050781,0.050564811,-0.25346169,0.061467573,-0.079873174
23.052734,0.065147139,-0.23244907,0.065511376,-0.05393799
23.054688,0.068412162,-0.22221982,0.060765356,0.0077745277
23.056641,0.055344835,-0.24485068,0.058291763,0.021748267
23.058594,0.053831261,-0.28124845,0.065546766,-0.04617082
23.060547,0.060787678,-0.2815147,0.056477547,-0.08747527
23.0625,0.05686624,-0.23301171,0.052118957,-0.037896484
23.064453,0.053494785,-0.21141154,0.07300666,0.019139748
23.066406,0.068476602,-0.26186565,0.063138366,0.0028895661
23.068359,0.059087094,-0.28577968,0.054745287,-0.055461287
23.070313,0.049157765,-0.2681717,0.070631787,-0.076646373
23.072266,0.059258338,-0.27093625,0.063633829,-0.027208336
23.074219,0.051865861,-0.26346317,0.071173817,0.016749393
23.076172,0.049674131,-0.25250027,0.067962617,-0.017817983
23.078125,0.054065738,-0.2732535,0.067357257,-0.062877119
23.080078,0.062922575,-0.28267431,0.074776173,-0.062508665
23.082031,0.058850743,-0.26005596,0.063186795,-0.019597042
23.083984,0.056747131,-0.26915652,0.062270373,0.0010704603
23.085938,0.053777728,-0.28991243,0.060351849,-0.038475942
23.087891,0.05151815,-0.27519277,0.060232639,-0.068775997
23.089844,0.05354761,-0.25522456,0.06640172,-0.061635081
23.091797,0.04967057,-0.25202233,0.076070711,-0.029712312
23.09375,0.046848036,-0.26397592,0.069834575,-0.015045728
23.095703,0.058121592,-0.26336625,0.065390304,-0.046050329
23.097656,0.054549482,-0.25093973,0.086324573,-0.091248289
23.099609,0.038828827,-0.24083342,0.082362726,-0.093400046
23.101563,0.059256226,-0.24222568,0.06344384,-0.039817687
23.103516,0.059889138,-0.2301778,0.065747932,-0.033559896
23.105469,0.047868095,-0.20630428,0.064203799,-0.09174107
23.107422,0.052694488,-0.22519365,0.048358276,-0.12133624
23.109375,0.062630333,-0.23379448,0.043407366,-0.091239728
23.111328,0.053608928,-0.19946837,0.069570079,-0.048984926
23.113281,0.058575541,-0.19047448,0.072406888,-0.048673168
23.115234,0.064604871,-0.21363577,0.050962254,-0.092676468
23.117188,0.055350434,-0.20955332,0.04847376,-0.14237179
23.119141,0.055049624,-0.19641654,0.063490406,-0.11629737
23.121094,0.05568831,-0.20774579,0.061095044,-0.045535713
23.123047,0.062900133,-0.20184307,0.047250003,-0.031134557
23.125,0.052059107,-0.18359095,0.058399796,-0.087638944
23.126953,0.057812393,-0.21332343,0.082677513,-0.12845887
23.128906,0.058376919,-0.24483252,0.086959735,-0.079468049
23.130859,0.052627407,-0.20352271,0.063667357,-0.02610885
23.132813,0.055700202,-0.18514556,0.067506269,-0.061676174
23.134766,0.056328926,-0.21936603,0.069350287,-0.12580146
23.136719,0.07126762,-0.22938652,0.05408591,-0.10331549
23.138672,0.057045735,-0.21407185,0.052638635,-0.042004373
23.140625,0.042774968,-0.21372809,0.055969045,-0.037930533
23.142578,0.052137889,-0.2509166,0.057652876,-0.062910818
23.144531,0.065132409,-0.24237469,0.062136263,-0.086459659
23.146484,0.070171066,-0.18825699,0.05967012,-0.095603503
23.148438,0.057919197,-0.20474799,0.053411633,-0.070650868
23.150391,0.047457233,-0.2702238,0.075476527,-0.039098181
23.152344,0.051308852,-0.28461403,0.082535952,-0.03853438
23.154297,0.057268355,-0.24656826,0.056691751,-0.073281564
23.15625,0.0524134,-0.19806097,0.073071852,-0.10686453
23.158203,0.055003639,-0.18970323,0.072380811,-0.074535705
23.160156,0.042880442,-0.25510693,0.053188115,-0.015511563
23.162109,0.039419271,-0.30080849,0.068592191,-0.038049106
23.164063,0.056356043,-0.24743748,0.056444019,-0.10906921
23.166016,0.056717485,-0.14869978,0.054115713,-0.1044322
23.167969,0.055045806,-0.14642915,0.061139748,-0.034984529
23.169922,0.05291196,-0.25837237,0.058157653,-0.021501364
23.171875,0.05096582,-0.29453602,0.058485478,-0.073815502
23.173828,0.054798201,-0.18632537,0.053929448,-0.10791861
23.175781,0.0586976,-0.10089993,0.057427496,-0.076166041
23.177734,0.051452935,-0.14474218,0.06650044,-0.030401666
23.179688,0.055693805,-0.23305321,0.061610997,-0.037087049
23.181641,0.061153382,-0.23888271,0.051394388,-0.069102019
23.183594,0.04889876,-0.1562631,0.060590267,-0.082652703
23.185547,0.049110308,-0.11334403,0.06861268,-0.05967686
23.1875,0.063499063,-0.16016394,0.068517685,-0.029936761
23.189453,0.062980458,-0.20672989,0.066839442,-0.025917405
23.191406,0.060121141,-0.19111912,0.059141129,-0.052112658
23.193359,0.062581643,-0.15354666,0.057511315,-0.082984254
23.195313,0.057392973,-0.14470294,0.046504945,-0.06962426
23.197266,0.057984944,-0.1843055,0.050235823,-0.019429229
23.199219,0.056922603,-0.21836165,0.060076177,0.0055271299
23.201172,0.060350657,-0.17723276,0.058559984,-0.030983217
23.203125,0.058521476,-0.12999107,0.064252228,-0.069842771
23.205078,0.059520658,-0.17179564,0.060821235,-0.049737085
23.207031,0.065452792,-0.24656151,0.069791734,-0.0014487673
23.208984,0.054613579,-0.23198423,0.064799845,0.0015173205
23.210938,0.052712917,-0.1808949,0.065911844,-0.041257337
23.212891,0.059411623,-0.18930776,0.077132419,-0.06113432
23.214844,0.059366085,-0.21721135,0.069309309,-0.02195422
23.216797,0.05828248,-0.22277966,0.063278064,0.0134957
23.21875,0.05820927,-0.22389947,0.062350467,-0.018057741
23.220703,0.055960782,-0.23667367,0.067357257,-0.054974552
23.222656,0.057504702,-0.23986234,0.057110846,-0.042263221
23.224609,0.055513326,-0.23889405,0.064226151,-0.010072757
23.226563,0.055035926,-0.243525,0.071168229,-0.0071458421
23.228516,0.05355189,-0.2442849,0.06348668,-0.030993404
23.230469,0.048335098,-0.24160449,0.062270373,-0.052682858
23.232422,0.056328308,-0.24685401,0.06030342,-0.0575964
23.234375,0.057285108,-0.25225732,0.062186554,-0.036819119
23.236328,0.057671908,-0.2405528,0.054436088,-0.010556113
23.238281,0.065137111,-0.23708846,0.055214673,-0.021471446
23.240234,0.061612502,-0.25504678,0.071607813,-0.053119592
23.242188,0.051256176,-0.26416206,0.070829228,-0.053657431
23.244141,0.054984871,-0.25122878,0.053810239,-0.026916714
23.246094,0.060789987,-0.24830647,0.064619169,-0.014398865
23.248047,0.059343163,-0.2506099,0.062819853,-0.04392115
23.25,0.060216255,-0.24922457,0.066181928,-0.058299899
23.251953,0.060533773,-0.26363325,0.072777554,-0.034560546
23.253906,0.054095566,-0.28379306,0.071706533,-0.019118808
23.255859,0.051013064,-0.28940243,0.080896825,-0.033780213
23.257813,0.058334909,-0.28220877,0.05107215,-0.061943639
23.259766,0.053738121,-0.26456556,0.067372158,-0.066961661
23.261719,0.053308405,-0.2625404,0.064367712,-0.0518605
23.263672,0.05810263,-0.29165745,0.045968503,-0.022045024
23.265625,0.053396545,-0.30154476,0.062655941,-0.026494535
23.267578,0.05525538,-0.2852883,0.054197669,-0.066799559
23.269531,0.066270597,-0.27807054,0.055756703,-0.070987657
23.271484,0.061310872,-0.28177181,0.057535529,-0.044530295
23.273438,0.058500022,-0.28339684,0.066116735,-0.024606103
23.275391,0.05432523,-0.2897526,0.05241698,-0.036567777
23.277344,0.049509175,-0.29553708,0.061158374,-0.061631471
23.279297,0.056910519,-0.29921779,0.083115235,-0.05992692
23.28125,0.046489038,-0.28151253,0.066010565,-0.030556323
23.283203,0.045965228,-0.26183444,0.055048898,-0.018367406
23.285156,0.058693055,-0.28053015,0.062179103,-0.053618025
23.287109,0.057986222,-0.2913211,0.072550312,-0.067034774
23.289063,0.052265178,-0.28243241,0.068642482,-0.035148617
23.291016,0.052344881,-0.28233495,0.07397151,-0.018568456
23.292969,0.050692748,-0.27739772,0.066120461,-0.03879847
23.294922,0.05499249,-0.25762725,0.062052444,-0.067076273
23.296875,0.063767791,-0.25189072,0.05911319,-0.06505996
23.298828,0.057176493,-0.25679111,0.054288939,-0.043873072
23.300781,0.05411981,-0.26420972,0.060631245,-0.026459435
23.302734,0.065754555,-0.27235049,0.052826762,-0.027897688
23.304688,0.059780821,-0.26603058,0.073079303,-0.054960236
23.306641,0.057352241,-0.25090304,0.081870988,-0.07285554
23.308594,0.055306319,-0.25049916,0.071959853,-0.053280827
23.310547,0.049340468,-0.27054074,0.065902531,-0.033290513
23.3125,0.054576758,-0.27598187,0.060495272,-0.057007514
23.314453,0.041385416,-0.26208085,0.058511555,-0.087934114
23.316406,0.046844315,-0.24606949,0.057203978,-0.075156659
23.318359,0.06276948,-0.25446618,0.064740241,-0.032587364
23.320313,0.056489002,-0.26986483,0.066807777,-0.021683322
23.322266,0.056560334,-0.25893837,0.069938883,-0.061460748
23.324219,0.061939929,-0.25916913,0.061020538,-0.096285284
23.326172,0.054243758,-0.25774774,0.061739519,-0.084603183
23.328125,0.052152801,-0.25700718,0.067306966,-0.042182371
23.330078,0.05646487,-0.25762254,0.066276923,-0.035481215
23.332031,0.058424409,-0.23874789,0.06354256,-0.071846336
23.333984,0.059744854,-0.24049121,0.063987732,-0.097679473
23.335938,0.060774632,-0.26462597,0.070914909,-0.08063715
23.337891,0.063650191,-0.27713677,0.06235978,-0.043844901
23.339844,0.058704697,-0.25991976,0.061162099,-0.046413951
23.341797,0.048581585,-0.25637347,0.063192382,-0.085968442
23.34375,0.044566184,-0.27906233,0.063976556,-0.102639
23.345703,0.05228043,-0.28287604,0.080630466,-0.073624983
23.347656,0.051299874,-0.2576485,0.06941548,-0.05020304
23.349609,0.052074589,-0.24481127,0.067722335,-0.067729421
23.351563,0.058331333,-0.2741701,0.097232223,-0.11545825
23.353516,0.056034487,-0.28799024,0.076700285,-0.12405686
23.355469,0.052279335,-0.27247509,0.064939544,-0.098613188
23.357422,0.050834149,-0.25772575,0.07082364,-0.10447545
23.359375,0.051316001,-0.24860816,0.05536741,-0.13392428
23.361328,0.055431008,-0.24747765,0.056278244,-0.19121511
23.363281,0.06164173,-0.25063366,0.068554938,-0.20842171
23.365234,0.057403672,-0.26016295,0.058647528,-0.14104867
23.367188,0.057383135,-0.25450465,0.057520628,-0.073623531
23.369141,0.05125111,-0.25631478,0.062473401,-0.14486854
23.371094,0.047171481,-0.26355729,0.055775329,-0.25130457
23.373047,0.052757364,-0.24863051,0.070829228,-0.23573466
23.375,0.048206095,-0.22973473,0.061558843,-0.19464192
23.376953,0.044973712,-0.23277363,0.053677991,-0.15778179
23.378906,0.053180166,-0.26333433,0.060035199,-0.17388076
23.380859,0.058203179,-0.24910066,0.055864736,-0.2207427
23.382813,0.058625869,-0.20976968,0.060892016,-0.21533585
23.384766,0.0633092,-0.21378711,0.06868346,-0.17583153
23.386719,0.056307636,-0.24882352,0.075917974,-0.14918691
23.388672,0.054265913,-0.26241764,0.06835936,-0.17708799
23.390625,0.048850659,-0.22114426,0.058526456,-0.21933715
23.392578,0.051857919,-0.1862192,0.06129621,-0.23090063
23.394531,0.053894609,-0.19920853,0.055140167,-0.185627
23.396484,0.049215436,-0.22708872,0.049190879,-0.13000277
23.398438,0.059362669,-0.23878096,0.043046013,-0.15930329
23.400391,0.057912249,-0.22125015,0.045184329,-0.22073199
23.402344,0.05701673,-0.18952405,0.060541838,-0.2099656
23.404297,0.052679051,-0.20950739,0.062927887,-0.15076365
23.40625,0.057491723,-0.25025606,0.063933715,-0.13000691
23.408203,0.056412861,-0.22898455,0.06495817,-0.17850809
23.410156,0.058441199,-0.19063856,0.057911783,-0.22101086
23.412109,0.066414282,-0.19547562,0.06239517,-0.19356531
23.414063,0.055209983,-0.23696528,0.071605951,-0.13032745
23.416016,0.048605215,-0.25613406,0.050612077,-0.11695727
23.417969,0.048428163,-0.23640428,0.044571519,-0.17018521
23.419922,0.055907931,-0.21113202,0.059780017,-0.21068628
23.421875,0.050073132,-0.20030732,0.054534808,-0.17197521
23.423828,0.05267366,-0.22870515,0.043576866,-0.10791127
23.425781,0.057814009,-0.2643846,0.057125747,-0.11119861
23.427734,0.049504109,-0.23987269,0.066288099,-0.16331735
23.429688,0.056943521,-0.20138341,0.058658704,-0.17936777
23.431641,0.062495455,-0.21612729,0.068044573,-0.14937073
23.433594,0.054571748,-0.23558675,0.061091319,-0.12520599
23.435547,0.055114321,-0.24013114,0.051249102,-0.11728213
23.4375,0.057938173,-0.23701836,0.069948196,-0.14281172
23.439453,0.052531842,-0.21109827,0.07442227,-0.16282049
23.441406,0.050361644,-0.20799364,0.065904394,-0.13427591
23.443359,0.05972451,-0.2455373,0.071857408,-0.1070852
23.445313,0.056135301,-0.25383678,0.06832397,-0.1213133
23.447266,0.046242069,-0.21906608,0.061128572,-0.16692151
23.449219,0.056274906,-0.21215858,0.059521109,-0.18226691
23.451172,0.051487092,-0.23238719,0.066733271,-0.13650894
23.453125,0.053834975,-0.23938626,0.067094624,-0.096217766
23.455078,0.060699124,-0.22992466,0.068931192,-0.13527767
23.457031,0.050678577,-0.21149077,0.059631005,-0.19707884
23.458984,0.05537479,-0.21693183,0.039821774,-0.19041714
23.460938,0.055240799,-0.23216367,0.051645845,-0.14252336
23.462891,0.04389786,-0.22774617,0.060497135,-0.11581617
23.464844,0.052675463,-0.21475731,0.063471779,-0.13944447
23.466797,0.051810618,-0.20916192,0.062203318,-0.17922573
23.46875,0.042848755,-0.20626819,0.062139988,-0.18114345
23.470703,0.048320889,-0.21496092,0.067714885,-0.14982982
23.472656,0.04995165,-0.2199885,0.07640785,-0.12982745
23.474609,0.06277182,-0.18347238,0.06075418,-0.14435725
23.476563,0.069883868,-0.15966813,0.051548988,-0.17385043
23.478516,0.055856947,-0.18531682,0.071797803,-0.18179095
23.480469,0.050573498,-0.23329988,0.056917131,-0.14701484
23.482422,0.054357007,-0.22991477,0.050040245,-0.11694418
23.484375,0.05579564,-0.16043036,0.058876634,-0.14556389
23.486328,0.054592341,-0.13374895,0.05840911,-0.18539569
23.488281,0.051192425,-0.1792621,0.076184332,-0.17080843
23.490234,0.064453207,-0.23372684,0.071170092,-0.12730858
23.492188,0.05996985,-0.22574681,0.065544903,-0.12982129
23.494141,0.046350963,-0.17386155,0.074494913,-0.17632024
23.496094,0.051598802,-0.16724187,0.062341154,-0.19021074
23.498047,0.048961546,-0.20728712,0.059610516,-0.16067588
23.5,0.049537625,-0.22713797,0.061644524,-0.12925801
23.501953,0.054615121,-0.19143531,0.072358459,-0.13840394
23.503906,0.062314451,-0.16267088,0.057986289,-0.16538069
23.505859,0.064199835,-0.18837149,0.049608111,-0.18442909
23.507813,0.061831225,-0.23933411,0.080559686,-0.18462898
23.509766,0.059486896,-0.2450771,0.077510536,-0.14330153
23.511719,0.056903169,-0.18677212,0.056509212,-0.12739484
23.513672,0.058076471,-0.17018946,0.045275599,-0.18090054
23.515625,0.058176808,-0.22071585,0.055726901,-0.22820131
23.517578,0.060628749,-0.25147647,0.068843648,-0.17732625
23.519531,0.062109489,-0.22602423,0.076176882,-0.10088398
23.521484,0.049004134,-0.20145151,0.068173096,-0.12669791
23.523438,0.051481169,-0.23822553,0.029698297,-0.21511938
23.525391,0.059981998,-0.27757367,0.035351425,-0.23691145
23.527344,0.055008646,-0.2478489,0.059835896,-0.15790787
23.529297,0.052033786,-0.21195258,0.064906016,-0.085964255
23.53125,0.045364063,-0.23814254,0.076508433,-0.11419252
23.533203,0.042652495,-0.27226567,0.075305164,-0.19829683
23.535156,0.052617267,-0.25981161,0.071980342,-0.22816162
23.537109,0.055277415,-0.2213041,0.068789631,-0.17913091
23.539063,0.038567781,-0.20380229,0.064961895,-0.11911725
23.541016,0.055721216,-0.23590346,0.055609554,-0.12049048
23.542969,0.059882414,-0.26366869,0.047754779,-0.18372379
23.544922,0.044613056,-0.22096953,0.071412235,-0.21039762
23.546875,0.049311899,-0.18099198,0.070665315,-0.1583048
23.548828,0.056408711,-0.19484611,0.051306844,-0.1083217
23.550781,0.058233552,-0.21557711,0.058995843,-0.13877392
23.552734,0.05834448,-0.21823318,0.070045054,-0.2168259
23.554688,0.067347467,-0.19062768,0.080898687,-0.22121686
23.556641,0.051536132,-0.17459968,0.061318561,-0.14127555
23.558594,0.044937421,-0.20471068,0.050030932,-0.10616539
23.560547,0.064693369,-0.22519267,0.058062658,-0.16724712
23.5625,0.065560609,-0.18314171,0.047534987,-0.22864811
23.564453,0.048765406,-0.15152971,0.051617905,-0.19347991
23.566406,0.050665297,-0.21447909,0.049840942,-0.11264682
23.568359,0.052179527,-0.26997507,0.057148099,-0.10942951
23.570313,0.051849339,-0.21278518,0.065809399,-0.1775008
23.572266,0.056156114,-0.15257774,0.059321806,-0.21457356
23.574219,0.055975322,-0.17995815,0.060808197,-0.17560272
23.576172,0.058994979,-0.24761415,0.057792574,-0.11295311
23.578125,0.055842575,-0.26295325,0.06091623,-0.1050875
23.580078,0.049727991,-0.21321329,0.049753398,-0.15576769
23.582031,0.047290038,-0.18214868,0.047190398,-0.19088961
23.583984,0.062210921,-0.19905032,0.049699381,-0.15554453
23.585938,0.056320757,-0.2460008,0.047950357,-0.087182656
23.587891,0.053452704,-0.25054881,0.062262923,-0.075680941
23.589844,0.057825264,-0.2129509,0.073476046,-0.13174802
23.591797,0.044524815,-0.20060878,0.059150442,-0.15953991
23.59375,0.059450835,-0.23363075,0.062329978,-0.12945743
23.595703,0.054580446,-0.26230633,0.068947956,-0.091135308
23.597656,0.043979898,-0.21940985,0.047751054,-0.089597285
23.599609,0.053329926,-0.20119272,0.052990675,-0.12086714
23.601563,0.062168881,-0.237904,0.037217796,-0.12995481
23.603516,0.062183645,-0.24443473,0.049541056,-0.088496923
23.605469,0.0530461,-0.22497445,0.065969586,-0.047535788
23.607422,0.052541774,-0.22808862,0.053808376,-0.061964884
23.609375,0.05234113,-0.2502158,0.059655219,-0.096418872
23.611328,0.052737255,-0.23709659,0.072721675,-0.11296021
23.613281,0.048307881,-0.21483688,0.078557342,-0.08184763
23.615234,0.042682029,-0.22284539,0.066532105,-0.041246161
23.617188,0.045507625,-0.23845616,0.065679014,-0.060870409
23.619141,0.060490735,-0.23002984,0.05558534,-0.098520055
23.621094,0.04545353,-0.20479396,0.058800265,-0.094301865
23.623047,0.047306862,-0.19319703,0.057021439,-0.052446537
23.625,0.058233939,-0.22078478,0.046750814,-0.031502489
23.626953,0.048782282,-0.220975,0.060143232,-0.056639642
23.628906,0.059062351,-0.18794075,0.063874111,-0.087244473
23.630859,0.04819734,-0.18200712,0.047736153,-0.085755229
23.632813,0.04828655,-0.1840395,0.05148752,-0.060331114
23.634766,0.05460678,-0.2058963,0.064807296,-0.046488341
23.636719,0.049367264,-0.19319358,0.06948626,-0.046712674
23.638672,0.056808773,-0.15706624,0.075716808,-0.063986674
23.640625,0.056189302,-0.15134566,0.068044573,-0.08227697
23.642578,0.055300605,-0.18342693,0.065595195,-0.075965166
23.644531,0.062489524,-0.21672712,0.069128633,-0.053813543
23.646484,0.059307192,-0.17989285,0.063389823,-0.042586043
23.648438,0.055528946,-0.13758251,0.052228853,-0.066578254
23.650391,0.058803268,-0.16067152,0.067200795,-0.08117184
23.652344,0.056608073,-0.21297075,0.080000892,-0.060680881
23.654297,0.054591347,-0.20209244,0.0579658,-0.037080064
23.65625,0.056903049,-0.15572305,0.064621031,-0.069979444
23.658203,0.049221601,-0.16716196,0.072419927,-0.1195212
23.660156,0.051339064,-0.21246731,0.056552052,-0.092953421
23.662109,0.056584328,-0.22585274,0.058977216,-0.051190358
23.664063,0.048222888,-0.18857633,0.047099128,-0.064916134
23.666016,0.060913008,-0.16993125,0.047821835,-0.096615851
23.667969,0.065351143,-0.19580746,0.063896462,-0.089122951
23.669922,0.055616897,-0.22090381,0.073697701,-0.063607626
23.671875,0.050046988,-0.22601077,0.07664068,-0.065790057
23.673828,0.050953615,-0.21686518,0.063376784,-0.092144392
23.675781,0.064767636,-0.20160879,0.063721374,-0.10456573
23.677734,0.058051977,-0.19174981,0.058912024,-0.094555475
23.679688,0.054658242,-0.2177688,0.063434526,-0.081459507
23.681641,0.055930596,-0.24749824,0.063818231,-0.073233537
23.683594,0.050703056,-0.24302156,0.055063799,-0.073740646
23.685547,0.053722456,-0.23094329,0.068256915,-0.089059852
23.6875,0.054112595,-0.22569774,0.065952823,-0.11248826
23.689453,0.051498204,-0.21667387,0.056946933,-0.09938781
23.691406,0.046084173,-0.23601213,0.067333043,-0.064789355
23.693359,0.053341821,-0.27667832,0.064660147,-0.070480727
23.695313,0.052286804,-0.25172773,0.058636352,-0.10506032
23.697266,0.051957842,-0.19485658,0.05963473,-0.11962947
23.699219,0.05001618,-0.20798311,0.054702446,-0.090997413
23.701172,0.047779441,-0.26307717,0.060027748,-0.062904127
23.703125,0.052615132,-0.2620475,0.054862633,-0.085260697
23.705078,0.060868088,-0.20028812,0.061227292,-0.11369828
23.707031,0.073105633,-0.17682862,0.069972411,-0.10115738
23.708984,0.058516886,-0.2256532,0.073109105,-0.067062832
23.710938,0.051076997,-0.27667844,0.072451591,-0.067724012
23.712891,0.051903058,-0.26865569,0.061227292,-0.11222511
23.714844,0.053876616,-0.209189,0.077737778,-0.12785828
23.716797,0.051435903,-0.17406107,0.065768421,-0.097446062
23.71875,0.050537411,-0.22141185,0.05703634,-0.079562515
23.720703,0.057210416,-0.28505373,0.067828506,-0.10421427
23.722656,0.05961271,-0.2712312,0.058431461,-0.12422473
23.724609,0.06145161,-0.21238646,0.061497375,-0.11291574
23.726563,0.059832148,-0.20857753,0.065896943,-0.10365467
23.728516,0.050575975,-0.2730422,0.064019397,-0.10287958
23.730469,0.040061269,-0.30840936,0.060063139,-0.1132197
23.732422,0.052430976,-0.27911422,0.071745649,-0.12869421
23.734375,0.051031396,-0.21425609,0.068862274,-0.13514036
23.736328,0.056795727,-0.19395733,0.064209387,-0.12785882
23.738281,0.06667269,-0.27385649,0.078212753,-0.11519864
23.740234,0.045499317,-0.33092892,0.070484638,-0.12156441
23.742188,0.047362175,-0.29209998,0.059515521,-0.14865483
23.744141,0.05622828,-0.22842465,0.058800265,-0.16368312
23.746094,0.059775177,-0.21498747,0.068795219,-0.14669441
23.748047,0.051907629,-0.26528791,0.064648971,-0.11595721
23.75,0.05373909,-0.31057829,0.055501521,-0.12513585
23.751953,0.067760743,-0.29110825,0.062195867,-0.17956625
23.753906,0.056690227,-0.23106919,0.070816189,-0.19316198
23.755859,0.055174049,-0.23308522,0.077287018,-0.14953628
23.757813,0.051684923,-0.30204272,0.061959311,-0.12954153
23.759766,0.049834054,-0.32184097,0.051653296,-0.17498955
23.761719,0.058236349,-0.28496739,0.058880359,-0.21329258
23.763672,0.059193,-0.2481475,0.073116556,-0.18363625
23.765625,0.049705856,-0.25728837,0.070356116,-0.13155441
23.767578,0.053484436,-0.32147163,0.060186073,-0.1405663
23.769531,0.053801231,-0.33988965,0.059640318,-0.20242131
23.771484,0.041651219,-0.29272932,0.049282148,-0.21625826
23.773438,0.05961882,-0.26978648,0.06300053,-0.18660338
23.775391,0.06595169,-0.27312267,0.058174416,-0.1525306
23.777344,0.05351704,-0.30090889,0.055590928,-0.14654115
23.779297,0.055870436,-0.32755142,0.053135961,-0.18298066
23.78125,0.058163654,-0.31799081,0.046791792,-0.21412058
23.783203,0.047522984,-0.2978867,0.062015191,-0.20779556
23.785156,0.045978401,-0.29979241,0.066720232,-0.15063274
23.787109,0.050220478,-0.31670076,0.067737237,-0.12121505
23.789063,0.050543483,-0.29761457,0.062061757,-0.1711074
23.791016,0.053094223,-0.2886247,0.066841304,-0.23539944
23.792969,0.048178621,-0.30767497,0.045355693,-0.20509508
23.794922,0.048105936,-0.31199345,0.059955105,-0.11983576
23.796875,0.052550662,-0.30051908,0.07923907,-0.11547729
23.798828,0.0541423,-0.28561321,0.064742103,-0.17474781
23.800781,0.045277096,-0.27417138,0.061137885,-0.22074094
23.802734,0.048141964,-0.27500981,0.051081464,-0.18879297
23.804688,0.048451312,-0.28778803,0.052437469,-0.13305612
23.806641,0.043340031,-0.28100422,0.056049138,-0.12839735
23.808594,0.052198336,-0.258463,0.065047577,-0.16226426
23.810547,0.045459218,-0.23758496,0.059815407,-0.19016068
23.8125,0.053455163,-0.24391197,0.053024203,-0.16967863
23.814453,0.051103558,-0.26498941,0.051118717,-0.14636564
23.816406,0.044918396,-0.25021532,0.045175016,-0.14087957
23.818359,0.052232865,-0.22132081,0.040998966,-0.15583627
23.820313,0.052930251,-0.20962998,0.048401117,-0.16536294
23.822266,0.061763115,-0.20941985,0.05831784,-0.13833886
23.824219,0.05591486,-0.21647234,0.058161378,-0.11436918
23.826172,0.05548149,-0.22468632,0.052878916,-0.11189646
23.828125,0.053900152,-0.22641113,0.052359238,-0.1446569
23.830078,0.056524146,-0.2097142,0.065863416,-0.15655845
23.832031,0.054859515,-0.19852914,0.069329798,-0.11158226
23.833984,0.048031274,-0.21321341,0.072101414,-0.068626523
23.835938,0.051692393,-0.2270329,0.071004316,-0.088944547
23.837891,0.055413403,-0.22912697,0.064799845,-0.15103477
23.839844,0.060465034,-0.21819739,0.062968865,-0.15129176
23.841797,0.050037619,-0.21291231,0.057161137,-0.09771318
23.84375,0.057889547,-0.23479921,0.06110622,-0.068268895
23.845703,0.052854747,-0.24458368,0.060480371,-0.10228952
23.847656,0.058234509,-0.23057809,0.055330157,-0.14504316
23.849609,0.057443745,-0.22147565,0.061532766,-0.13743903
23.851563,0.046065755,-0.22333799,0.061139748,-0.10723002
23.853516,0.062278356,-0.25346455,0.053167626,-0.091948994
23.855469,0.053393193,-0.26168758,0.065587744,-0.11571954
23.857422,0.057784539,-0.23299395,0.070018977,-0.14385509
23.859375,0.047073137,-0.2367122,0.055989534,-0.13772908
23.861328,0.050321907,-0.26798299,0.057567194,-0.11102405
23.863281,0.061044287,-0.28016171,0.058645666,-0.10250943
23.865234,0.048744328,-0.24649918,0.070685804,-0.11776397
23.867188,0.054787066,-0.23362026,0.070713744,-0.13395193
23.869141,0.046575896,-0.27008528,0.063291103,-0.13382638
23.871094,0.058496494,-0.29349691,0.070065543,-0.12103547
23.873047,0.052719358,-0.27621871,0.05497998,-0.11656094
23.875,0.037404601,-0.23630609,0.050150141,-0.13386922
23.876953,0.054340407,-0.24745536,0.059746489,-0.15569755
23.878906,0.051856585,-0.27905127,0.064621031,-0.12998991
23.880859,0.051689446,-0.26810983,0.062037542,-0.094392084
23.882813,0.056940299,-0.24721262,0.047866538,-0.11843109
23.884766,0.053837214,-0.23450699,0.053428397,-0.16604228
23.886719,0.051197037,-0.24954,0.058530182,-0.161443
23.888672,0.053891066,-0.27768743,0.046992958,-0.10744515
23.890625,0.063662343,-0.25919032,0.060202837,-0.090919882
23.892578,0.0608158,-0.21015792,0.066023603,-0.12703966
23.894531,0.05067334,-0.22660287,0.058083147,-0.14546022
23.896484,0.061296299,-0.29500303,0.065340012,-0.12943554
23.898438,0.057355717,-0.29761499,0.067813605,-0.11301446
23.900391,0.04722536,-0.23661609,0.068499058,-0.10695819
23.902344,0.061645079,-0.23741005,0.05164957,-0.11004698
23.904297,0.061063334,-0.29253304,0.054661468,-0.12656625
23.90625,0.049141835,-0.30314144,0.075195268,-0.1296643
23.908203,0.050641626,-0.30213854,0.057971388,-0.098580182
23.910156,0.049754076,-0.30894667,0.057351127,-0.085109241
23.912109,0.050142966,-0.29293236,0.073178023,-0.11934128
23.914063,0.059521865,-0.28785065,0.081006721,-0.14254472
23.916016,0.04871852,-0.3062796,0.075945914,-0.11724947
23.917969,0.046724942,-0.31983757,0.067509994,-0.096707582
23.919922,0.05167871,-0.31919372,0.062370956,-0.12345447
23.921875,0.051248308,-0.30555591,0.050211608,-0.15361011
23.923828,0.04741722,-0.29601514,0.05397974,-0.14764011
23.925781,0.042250246,-0.29479665,0.055671021,-0.10976269
23.927734,0.050510813,-0.30157921,0.064885527,-0.088252574
23.929688,0.04872315,-0.30692273,0.056084529,-0.11975339
23.931641,0.054119274,-0.28512916,0.051666334,-0.16414535
23.933594,0.051472045,-0.26561189,0.0634159,-0.16882874
23.935547,0.042675111,-0.2749317,0.048749432,-0.11700331
23.9375,0.042438101,-0.29720876,0.056851938,-0.080610663
23.939453,0.04134896,-0.28554133,0.05959934,-0.11944978
23.941406,0.054864261,-0.22565053,0.055378586,-0.15922512
23.943359,0.060150322,-0.20046431,0.051094502,-0.14711601
23.945313,0.055479441,-0.24086316,0.045985267,-0.1039205
23.947266,0.057381723,-0.28760722,0.052586481,-0.083042406
23.949219,0.063211165,-0.27778998,0.052010924,-0.10250192
23.951172,0.056446705,-0.21440993,0.072371498,-0.12045765
23.953125,0.050891668,-0.18877597,0.076983407,-0.11475527
23.955078,0.054230805,-0.24203324,0.056918994,-0.085151963
23.957031,0.049778078,-0.27724633,0.050986469,-0.085650049
23.958984,0.057969581,-0.24913913,0.057468474,-0.1195921
23.960938,0.054673992,-0.21728329,0.054972529,-0.11640913
23.962891,0.053866997,-0.22298124,0.04535383,-0.074488088
23.964844,0.06099429,-0.2791138,0.05315645,-0.057340696
23.966797,0.051206168,-0.30270398,0.066478088,-0.080803275
23.96875,0.047491673,-0.2684848,0.07085903,-0.10552959
23.970703,0.050342854,-0.23814394,0.059588164,-0.097976804
23.972656,0.055212758,-0.24299054,0.067297652,-0.080719277
23.974609,0.050401412,-0.28154331,0.071289301,-0.078762159
23.976563,0.049587253,-0.28445646,0.060333222,-0.080016248
23.978516,0.053069934,-0.26097304,0.071225971,-0.09177728
23.980469,0.050833147,-0.25802317,0.058256373,-0.099330477
23.982422,0.045518186,-0.27076867,0.055384174,-0.085688055
23.984375,0.051954038,-0.28348094,0.058383033,-0.073181964
23.986328,0.055940386,-0.26862648,0.050705209,-0.085433811
23.988281,0.055824634,-0.24968186,0.057639837,-0.10379419
23.990234,0.059100308,-0.26417679,0.052646086,-0.097338609
23.992188,0.043974299,-0.27754727,0.072710499,-0.072354019
23.994141,0.04872309,-0.27416509,0.068776593,-0.073157229
23.996094,0.057749815,-0.26386246,0.061627761,-0.10561947
23.998047,0.048589572,-0.24271637,0.075722396,-0.12689291
24.0,0.045563605,-0.24787498,0.055447504,-0.098610796
24.001953,0.050353676,-0.27759698,0.057893157,-0.071983472
24.003906,0.055128265,-0.28175813,0.065747932,-0.094092898
24.005859,0.056863073,-0.24669103,0.073261842,-0.1121304
24.007813,0.046157401,-0.23280065,0.068890214,-0.104963
24.009766,0.045674913,-0.26909369,0.05321978,-0.097047925
24.011719,0.055235721,-0.28813308,0.060070589,-0.11234001
24.013672,0.043182604,-0.25383887,0.060007259,-0.12076213
24.015625,0.043623537,-0.2176936,0.06254977,-0.10143044
24.017578,0.058132194,-0.23329698,0.059521109,-0.095407225
24.019531,0.057962436,-0.25736696,0.054421186,-0.12007347
24.021484,0.052695144,-0.2549746,0.060228914,-0.13235873
24.023438,0.058057275,-0.25587848,0.0717531,-0.11586454
24.025391,0.057952259,-0.24106124,0.061964899,-0.10600032
24.027344,0.050301041,-0.22901744,0.050563648,-0.1208768
24.029297,0.053068526,-0.26140231,0.05270569,-0.13922659
24.03125,0.057788696,-0.27379122,0.061558843,-0.1184528
24.033203,0.05943691,-0.23601021,0.06623967,-0.095013216
24.035156,0.055875178,-0.22855562,0.06226106,-0.10811547
24.037109,0.050890703,-0.27836996,0.079084471,-0.12272029
24.039063,0.05463735,-0.30394354,0.068469256,-0.12817365
24.041016,0.052552674,-0.27026996,0.063600302,-0.12645623
24.042969,0.048830047,-0.246599,0.065937921,-0.13061453
24.044922,0.039670624,-0.2729454,0.058520868,-0.13029934
24.046875,0.045619611,-0.29614514,0.066111147,-0.11594789
24.048828,0.054785606,-0.28763524,0.070417583,-0.12594412
24.050781,0.040967915,-0.26573634,0.062622413,-0.14760838
24.052734,0.05104601,-0.26253882,0.056643322,-0.1516892
24.054688,0.053658657,-0.28433555,0.072483256,-0.14042032
24.056641,0.04674501,-0.28660774,0.068994522,-0.13276164
24.058594,0.051943447,-0.27411842,0.063840583,-0.15196081
24.060547,0.04899798,-0.25618896,0.062503204,-0.17047258
24.0625,0.043414135,-0.23847054,0.058904573,-0.16418953
24.064453,0.053531896,-0.25635031,0.06411998,-0.15340254
24.066406,0.047966458,-0.27122805,0.073530063,-0.16089219
24.068359,0.040561605,-0.23985156,0.077590629,-0.1747715
24.070313,0.053457353,-0.21789128,0.058200493,-0.1760672
24.072266,0.052293021,-0.22622097,0.056999087,-0.18766701
24.074219,0.05416638,-0.23038758,0.065051302,-0.20703299
24.076172,0.051423784,-0.22086953,0.059740901,-0.1985976
24.078125,0.055055644,-0.21450172,0.065569118,-0.17026123
24.080078,0.054049402,-0.21640459,0.057604447,-0.17717962
24.082031,0.056428999,-0.20667244,0.051437229,-0.21553928
24.083984,0.057861328,-0.20474543,0.066731408,-0.23220745
24.085938,0.05659258,-0.21753691,0.055531323,-0.20844214
24.087891,0.056102794,-0.22327414,0.045508429,-0.18014209
24.089844,0.048459388,-0.21923122,0.043759406,-0.19964691
24.091797,0.058506742,-0.2214835,0.049772024,-0.22693005
24.09375,0.051867582,-0.22345383,0.072311893,-0.21157074
24.095703,0.054554526,-0.22604768,0.078466073,-0.17859179
24.097656,0.059869885,-0.24257661,0.070100933,-0.18329741
24.099609,0.052114781,-0.25120074,0.048287496,-0.22603644
24.101563,0.043921575,-0.25812131,0.050641879,-0.24371406
24.103516,0.051144846,-0.26190472,0.05426845,-0.20900163
24.105469,0.055741597,-0.25231075,0.051223025,-0.15553144
24.107422,0.044694699,-0.24317791,0.062492028,-0.16167891
24.109375,0.057823244,-0.25230673,0.05921936,-0.21180968
24.111328,0.055762969,-0.27390426,0.070700705,-0.23145756
24.113281,0.052454796,-0.2765229,0.057621211,-0.21056718
24.115234,0.056005836,-0.26831889,0.049475864,-0.17469071
24.117188,0.055865601,-0.26156658,0.060623795,-0.17204645
24.119141,0.058419742,-0.26144958,0.047076777,-0.19653699
24.121094,0.051920101,-0.28361219,0.0648669,-0.21348466
24.123047,0.05313997,-0.30220503,0.067314416,-0.19695462
24.125,0.052018214,-0.28914437,0.055471718,-0.15677463
24.126953,0.052069012,-0.27195692,0.065990075,-0.16217223
24.128906,0.054311518,-0.29041407,0.057786986,-0.2123892
24.130859,0.047152456,-0.31902516,0.05973345,-0.22745427
24.132813,0.050147645,-0.31458601,0.060947895,-0.1845706
24.134766,0.049796015,-0.29962909,0.057999328,-0.14766897
24.136719,0.049257107,-0.29725277,0.068340734,-0.17253867
24.138672,0.054801039,-0.30148992,0.05690968,-0.22161628
24.140625,0.048976958,-0.3053247,0.053998366,-0.22199875
24.142578,0.047909647,-0.30917042,0.061832651,-0.17669119
24.144531,0.056372523,-0.31056112,0.063402861,-0.15117459
24.146484,0.051985867,-0.29878712,0.063928127,-0.18213111
24.148438,0.049442135,-0.28927326,0.058511555,-0.22001149
24.150391,0.063828997,-0.30325443,0.051427916,-0.21250799
24.152344,0.057258431,-0.31328851,0.058364406,-0.17598164
24.154297,0.048110396,-0.30180606,0.05513458,-0.15722062
24.15625,0.048256114,-0.30241495,0.045927525,-0.177715
24.158203,0.054977935,-0.30843183,0.058163241,-0.20708689
24.160156,0.05489815,-0.29745236,0.051660746,-0.19800293
24.162109,0.051677052,-0.29726049,0.053305462,-0.16391258
24.164063,0.056004696,-0.31554389,0.053074494,-0.15082091
24.166016,0.050995905,-0.32188746,0.041323066,-0.17041315
24.167969,0.048947658,-0.31669453,0.057589546,-0.19783752
24.169922,0.046427071,-0.32062459,0.05333899,-0.1782082
24.171875,0.056647755,-0.31463102,0.06303592,-0.13434263
24.173828,0.058333591,-0.29658559,0.078378528,-0.12707987
24.175781,0.046407815,-0.31040183,0.060549289,-0.15876207
24.177734,0.041737817,-0.33037433,0.064559564,-0.19535944
24.179688,0.048976708,-0.32276261,0.060715064,-0.18287431
24.181641,0.049655557,-0.30314198,0.049135,-0.13072094
24.183594,0.044417165,-0.2901006,0.042027146,-0.10770644
24.185547,0.052525237,-0.30453542,0.041231796,-0.14282085
24.1875,0.042780414,-0.31480464,0.060336947,-0.17611855
24.189453,0.043543957,-0.30890623,0.059990495,-0.14580929
24.191406,0.055620573,-0.30042648,0.045310989,-0.10532715
24.193359,0.058649026,-0.27256468,0.069449008,-0.12221593
24.195313,0.045142658,-0.26400548,0.079205543,-0.15314206
24.197266,0.038788054,-0.29790881,0.069095105,-0.14767917
24.199219,0.05578506,-0.31423748,0.069793597,-0.1371285
24.201172,0.044381842,-0.26386759,0.045864195,-0.13390869
24.203125,0.048339706,-0.22085649,0.054516181,-0.1305764
24.205078,0.051990792,-0.25449109,0.070607573,-0.13123812
24.207031,0.041965574,-0.2919195,0.058351368,-0.1299001
24.208984,0.048929963,-0.28418583,0.058647528,-0.13255902
24.210938,0.059679072,-0.23997398,0.067871347,-0.14137149
24.212891,0.057145253,-0.20347987,0.074370116,-0.14566186
24.214844,0.050445102,-0.22537428,0.050295427,-0.1499119
24.216797,0.056198455,-0.28981993,0.059388861,-0.15824611
24.21875,0.051876929,-0.2841512,0.078158736,-0.15226877
24.220703,0.047253039,-0.20010848,0.05344516,-0.13227962
24.222656,0.053407934,-0.18878488,0.064965621,-0.13959859
24.224609,0.05374144,-0.25834915,0.058953002,-0.17581208
24.226563,0.053827949,-0.29524133,0.043383151,-0.17294687
24.228516,0.057500388,-0.2553575,0.048769921,-0.14003655
24.230469,0.045904309,-0.21132836,0.062089697,-0.14117777
24.232422,0.052639939,-0.23618007,0.068642482,-0.15573469
24.234375,0.051906206,-0.28062063,0.056823999,-0.16156116
24.236328,0.05668826,-0.27839518,0.065313935,-0.16404407
24.238281,0.061533626,-0.24282272,0.061760008,-0.16048031
24.240234,0.046921145,-0.23666516,0.046488181,-0.1638113
24.242188,0.052201595,-0.28798139,0.043940082,-0.16117972
24.244141,0.050402503,-0.32144457,0.052018374,-0.14733218
24.246094,0.055996392,-0.28467432,0.046003893,-0.13991478
24.248047,0.058360074,-0.23154074,0.045577347,-0.145109
24.25,0.057051368,-0.25500873,0.055775329,-0.14734936
24.251953,0.049810283,-0.32421222,0.060100392,-0.13320856
24.253906,0.041151516,-0.33686745,0.074476287,-0.1295817
24.255859,0.056211308,-0.30354705,0.067195207,-0.14181811
24.257813,0.051005345,-0.25376919,0.057874531,-0.15256883
24.259766,0.051291551,-0.25452384,0.067416862,-0.1452093
24.261719,0.056768168,-0.32615468,0.051584378,-0.12214084
24.263672,0.045047071,-0.34202045,0.059116915,-0.12001474
24.265625,0.051109351,-0.30576122,0.060264304,-0.13047536
24.267578,0.046428125,-0.28752244,0.04196009,-0.12919764
24.269531,0.049119443,-0.28799647,0.071417823,-0.12679541
24.271484,0.057124976,-0.30889958,0.065125808,-0.12834589
24.273438,0.043139841,-0.30976823,0.043032974,-0.13005592
24.275391,0.046702974,-0.30750632,0.039637372,-0.1332113
24.277344,0.050536212,-0.29975215,0.050682858,-0.13677093
24.279297,0.051342424,-0.28134683,0.053989053,-0.12499563
24.28125,0.055260636,-0.29842454,0.044513777,-0.10348581
24.283203,0.053943407,-0.30705288,0.053182527,-0.10627524
24.285156,0.052498154,-0.29426914,0.041913524,-0.12325383
24.287109,0.047648001,-0.29323968,0.055555537,-0.12188944
24.289063,0.048465032,-0.2934829,0.08000648,-0.10078323
24.291016,0.052708868,-0.28991511,0.085931554,-0.074265331
24.292969,0.056359991,-0.28345829,0.068301618,-0.076516628
24.294922,0.049304951,-0.28415453,0.051051661,-0.126045
24.296875,0.054097246,-0.29706067,0.063464329,-0.15114473
24.298828,0.054949608,-0.29919288,0.071632028,-0.088547394
24.300781,0.047786865,-0.28716612,0.067731649,-0.031852432
24.302734,0.058763914,-0.28557643,0.05575484,-0.070648827
24.304688,0.05062874,-0.2929841,0.050708935,-0.15363264
24.306641,0.048384316,-0.29686555,0.046730325,-0.16131377
24.308594,0.045487888,-0.30758771,0.063581675,-0.088464446
24.310547,0.044878621,-0.30434135,0.079609737,-0.047684334
24.3125,0.050022364,-0.2840164,0.070032015,-0.081357405
24.314453,0.043413647,-0.27433622,0.069616646,-0.16187845
24.316406,0.055184517,-0.29666346,0.068474844,-0.18507496
24.318359,0.058980897,-0.31132138,0.052644223,-0.1258159
24.320313,0.057386123,-0.28762463,0.063870385,-0.083133735
24.322266,0.058783703,-0.28623649,0.074534029,-0.10665009
24.324219,0.053832419,-0.30788741,0.056544602,-0.15623324
24.326172,0.047842968,-0.31401402,0.059515521,-0.17622635
24.328125,0.05372978,-0.31260869,0.067958891,-0.15629692
24.330078,0.052248389,-0.31592864,0.06950675,-0.11292592
24.332031,0.04940496,-0.31583819,0.069229215,-0.12004396
24.333984,0.050480321,-0.32117686,0.06325385,-0.18296097
24.335938,0.047853861,-0.32938617,0.060182348,-0.21802202
24.337891,0.05746007,-0.32876557,0.065306485,-0.18038774
24.339844,0.048455205,-0.32161379,0.049492627,-0.12500913
24.341797,0.05099868,-0.32662475,0.060741141,-0.15120427
24.34375,0.052461792,-0.33266082,0.082670063,-0.21558142
24.345703,0.045798488,-0.31779525,0.040343314,-0.2148281
24.347656,0.053768847,-0.31746352,0.038087651,-0.17728899
24.349609,0.045651603,-0.31699127,0.050394148,-0.1737148
24.351563,0.04752022,-0.30764037,0.04548794,-0.18529102
24.353516,0.049612001,-0.30335006,0.064684361,-0.18253961
24.355469,0.044018429,-0.30022043,0.059608653,-0.18478078
24.357422,0.050558574,-0.30357772,0.050692171,-0.19366589
24.359375,0.04420764,-0.29862151,0.050977156,-0.19308078
24.361328,0.045305751,-0.29392615,0.061612859,-0.18237093
24.363281,0.052360646,-0.29252723,0.06671837,-0.16666463
24.365234,0.044536844,-0.28554103,0.056546465,-0.16376781
24.367188,0.042632863,-0.28442919,0.061251506,-0.18005961
24.369141,0.043220636,-0.28512904,0.059856385,-0.18218088
24.371094,0.042940624,-0.2765491,0.061229154,-0.1652616
24.373047,0.046592452,-0.25973624,0.068815708,-0.16166687
24.375,0.051028766,-0.2502858,0.057714343,-0.170094
24.376953,0.044375375,-0.2506786,0.060562328,-0.1723581
24.378906,0.046397481,-0.25988573,0.06200029,-0.17239076
24.380859,0.050090458,-0.26374638,0.054801166,-0.1735045
24.382813,0.053635247,-0.22895329,0.058377445,-0.17613357
24.384766,0.064629622,-0.20167433,0.057060555,-0.1723482
24.386719,0.055445913,-0.22332618,0.05953601,-0.16958439
24.388672,0.057871785,-0.26441368,0.052646086,-0.181052
24.390625,0.062695086,-0.27201962,0.050662369,-0.18976627
24.392578,0.049024541,-0.22965504,0.059286416,-0.17709947
24.394531,0.047448196,-0.22679362,0.05617021,-0.15631607
24.396484,0.050175872,-0.27321672,0.040302336,-0.16752954
24.398438,0.05527297,-0.28713515,0.053024203,-0.19604571
24.400391,0.053912405,-0.26226938,0.064872488,-0.18228984
24.402344,0.042608906,-0.25448042,0.052888229,-0.14172573
24.404297,0.048397463,-0.29208201,0.068547487,-0.14870442
24.40625,0.040875416,-0.31665459,0.054443538,-0.18231551
24.408203,0.040687699,-0.29859707,0.047518224,-0.19033396
24.410156,0.047222536,-0.26597348,0.06457819,-0.16849136
24.412109,0.040173311,-0.24970165,0.065870866,-0.14357482
24.414063,0.046743661,-0.28139973,0.065103456,-0.1538111
24.416016,0.044284228,-0.30754998,0.057531804,-0.17776059
24.417969,0.044864662,-0.26680514,0.066485539,-0.19194311
24.419922,0.049013104,-0.22350226,0.056714103,-0.1776628
24.421875,0.050706755,-0.23685102,0.04714942,-0.15964083
24.423828,0.052061811,-0.27592751,0.06088084,-0.16388953
24.425781,0.052383371,-0.27222568,0.064987972,-0.17574939
24.427734,0.04975909,-0.22644763,0.073325172,-0.18631449
24.429688,0.052313317,-0.21138075,0.063592851,-0.18567072
24.431641,0.043966088,-0.23295332,0.056278244,-0.18890706
24.433594,0.037679117,-0.25153437,0.060625657,-0.18928449
24.435547,0.050304618,-0.23701225,0.053704068,-0.19460839
24.4375,0.047282096,-0.19540106,0.072721675,-0.19482788
24.439453,0.047564995,-0.18277541,0.074858129,-0.18249561
24.441406,0.049144022,-0.21756804,0.072427377,-0.1856727
24.443359,0.046384688,-0.23841168,0.066798463,-0.21300468
24.445313,0.042886574,-0.21245287,0.042595252,-0.25640059
24.447266,0.045551509,-0.18153669,0.0432062,-0.25837487
24.449219,0.046944339,-0.17039411,0.047911242,-0.22372735
24.451172,0.049748212,-0.17420956,0.061137885,-0.2099532
24.453125,0.052094787,-0.18437932,0.05026935,-0.21131638
24.455078,0.048032288,-0.18428305,0.057392105,-0.23457319
24.457031,0.052124683,-0.17527844,0.078771546,-0.26737791
24.458984,0.049225006,-0.16244051,0.066971689,-0.26133287
24.460938,0.051829021,-0.15896067,0.065669701,-0.24593049
24.462891,0.050802007,-0.16955335,0.059539735,-0.25398061
24.464844,0.051373892,-0.17323278,0.044280946,-0.25808355
24.466797,0.057654634,-0.17250915,0.039780796,-0.26451439
24.46875,0.047985289,-0.16867867,0.054044932,-0.2627756
24.470703,0.049164534,-0.17679143,0.065682739,-0.23657396
24.472656,0.055543184,-0.18977028,0.062488303,-0.22686026
24.474609,0.05135791,-0.17778416,0.036182165,-0.25292641
24.476563,0.048741631,-0.1672069,0.038806632,-0.28170219
24.478516,0.05013809,-0.18247057,0.055730626,-0.25781038
24.480469,0.058441654,-0.20416789,0.053754359,-0.22405314
24.482422,0.06102759,-0.20441288,0.06533815,-0.21943825
24.484375,0.053577527,-0.19023304,0.04952243,-0.22979532
24.486328,0.052618068,-0.20206048,0.048674926,-0.25687563
24.488281,0.054012764,-0.23974778,0.067433625,-0.25543901
24.490234,0.050010439,-0.24697618,0.058664292,-0.21951993
24.492188,0.047333173,-0.22694518,0.063523933,-0.19365548
24.494141,0.047084589,-0.22121604,0.072974995,-0.21508165
24.496094,0.040696293,-0.23541306,0.065928608,-0.24930601
24.498047,0.045014992,-0.26188514,0.062948376,-0.24615099
24.5,0.057545304,-0.26391095,0.060057551,-0.22046942
24.501953,0.051580161,-0.2273166,0.044392705,-0.2061228
24.503906,0.041888706,-0.22733675,0.03941758,-0.22894916
24.505859,0.043226659,-0.27638292,0.05975394,-0.25436217
24.507813,0.048041038,-0.27578852,0.06473279,-0.23317207
24.509766,0.053670134,-0.21220841,0.058891535,-0.20263225
24.511719,0.054094277,-0.18482909,0.056470096,-0.22861551
24.513672,0.048986394,-0.23230629,0.049829766,-0.2683681
24.515625,0.042144001,-0.28020835,0.056986049,-0.25541216
24.517578,0.049692169,-0.26122642,0.06376794,-0.21976079
24.519531,0.05402476,-0.19054584,0.051856324,-0.1995994
24.521484,0.040397938,-0.17029132,0.05802168,-0.2179191
24.523438,0.043665651,-0.23702547,0.062756523,-0.26155472
24.525391,0.052976269,-0.28497058,0.057213292,-0.25616014
24.527344,0.050075486,-0.23153079,0.067048058,-0.22085486
24.529297,0.050230507,-0.16063473,0.064026847,-0.20387051
24.53125,0.051790964,-0.19062488,0.056363925,-0.21760233
24.533203,0.051857136,-0.26345176,0.053474963,-0.2604799
24.535156,0.05449155,-0.26463592,0.063848034,-0.26710859
24.537109,0.043600637,-0.19782645,0.06033136,-0.22452526
24.539063,0.043795273,-0.16814393,0.044292122,-0.19145854
24.541016,0.048089314,-0.22213124,0.052159935,-0.23071699
24.542969,0.049504977,-0.2631653,0.050097987,-0.28204164
24.544922,0.054342605,-0.22799554,0.051204398,-0.26029783
24.546875,0.040357597,-0.18081194,0.061283171,-0.20962748
24.548828,0.044335883,-0.2042868,0.045636952,-0.20098254
24.550781,0.050567172,-0.25495028,0.050312191,-0.24533933
24.552734,0.049270529,-0.23391095,0.058947414,-0.26590788
24.554688,0.051376179,-0.18005589,0.052228853,-0.23231816
24.556641,0.046462379,-0.1791397,0.06251438,-0.19683181
24.558594,0.051043902,-0.22640501,0.058232158,-0.20696762
24.560547,0.051567994,-0.24591075,0.050960392,-0.24721105
24.5625,0.045389626,-0.20597669,0.056350887,-0.25947052
24.564453,0.058730349,-0.16896005,0.079078883,-0.22519831
24.566406,0.061089035,-0.19445612,0.071924463,-0.18492426
24.568359,0.043026321,-0.24209024,0.042008519,-0.20472656
24.570313,0.044443756,-0.24667549,0.049883783,-0.26911059
24.572266,0.040318947,-0.20757647,0.055609554,-0.2797949
24.574219,0.047724269,-0.17740296,0.060396552,-0.20895925
24.576172,0.060126089,-0.19566217,0.064347222,-0.1629933
24.578125,0.047332045,-0.2260606,0.073202237,-0.21943262
24.580078,0.044974837,-0.24070728,0.058474302,-0.2902455
24.582031,0.054248203,-0.22707935,0.035886005,-0.2795215
24.583984,0.056080177,-0.19562241,0.049324989,-0.22782564
24.585938,0.051551268,-0.19040643,0.051820934,-0.19337828
24.587891,0.05406766,-0.22307828,0.054609314,-0.20206793
24.589844,0.046130598,-0.25349125,0.040430859,-0.25275815
24.591797,0.047241401,-0.24232365,0.051176459,-0.28140998
24.59375,0.057180922,-0.20947643,0.071004316,-0.23804714
24.595703,0.04524634,-0.19464254,0.066932574,-0.17365433
24.597656,0.054195814,-0.2271148,0.068152606,-0.19550467
24.599609,0.051628504,-0.26537517,0.048538953,-0.27343327
24.601563,0.042428307,-0.2536732,0.052865878,-0.28797576
24.603516,0.055696748,-0.21813406,0.057257995,-0.21667723
24.605469,0.049404006,-0.20702186,0.049183428,-0.16005708
24.607422,0.053111408,-0.24397698,0.054301977,-0.20490626
24.609375,0.048344929,-0.27638462,0.057624936,-0.27181166
24.611328,0.048205521,-0.25674441,0.051010683,-0.26062
24.613281,0.04943189,-0.22653499,0.050088674,-0.20408633
24.615234,0.040831007,-0.22973043,0.060217738,-0.18612573
24.617188,0.049383767,-0.25589791,0.054624215,-0.21816258
24.619141,0.040823855,-0.25788239,0.041289538,-0.25114915
24.621094,0.046284486,-0.23784852,0.038249701,-0.25198025
24.623047,0.056674574,-0.23633565,0.060016572,-0.21104285
24.625,0.049582284,-0.24072178,0.069624096,-0.16973625
24.626953,0.049218632,-0.24908406,0.047376662,-0.18430406
24.628906,0.045221545,-0.25906149,0.041496292,-0.24895729
24.630859,0.046022765,-0.23840947,0.053027928,-0.273774
24.632813,0.057356,-0.21514596,0.069659486,-0.19642539
24.634766,0.054252032,-0.22348636,0.075202718,-0.12611613
24.636719,0.052968375,-0.25148186,0.065841064,-0.17456563
24.638672,0.057910774,-0.26088282,0.050962254,-0.2767317
24.640625,0.055966686,-0.24441214,0.049136862,-0.28385559
24.642578,0.054786295,-0.23689474,0.041680694,-0.18644454
24.644531,0.048356581,-0.25430697,0.044664651,-0.12950253
24.646484,0.042847022,-0.28666905,0.071656242,-0.18763651
24.648438,0.050182912,-0.28821382,0.051934555,-0.25800869
24.650391,0.051985908,-0.25466868,0.045700282,-0.25159502
24.652344,0.043319788,-0.23819976,0.046303779,-0.20581855
24.654297,0.048501771,-0.27831596,0.05520536,-0.17033614
24.65625,0.045631506,-0.32620832,0.058215395,-0.17843376
24.658203,0.043426584,-0.29903847,0.038463905,-0.22111243
24.660156,0.041329585,-0.24884355,0.050416499,-0.24249862
24.662109,0.033696301,-0.24869128,0.049930349,-0.20904087
24.664063,0.052922793,-0.28861517,0.055905715,-0.14947283
24.666016,0.058218673,-0.29880604,0.062141851,-0.15114118
24.667969,0.052415408,-0.25573796,0.060674086,-0.21731159
24.669922,0.045399792,-0.24279368,0.055214673,-0.24442652
24.671875,0.040724769,-0.28150746,0.049237445,-0.193694
24.673828,0.055942278,-0.29998612,0.062778875,-0.13528815
24.675781,0.056863472,-0.25247878,0.060407728,-0.15609267
24.677734,0.047431156,-0.21074162,0.044582695,-0.2174539
24.679688,0.046137672,-0.26114708,0.050856084,-0.22433819
24.681641,0.055221282,-0.31990916,0.057503864,-0.17099354
24.683594,0.05290303,-0.29231995,0.057004675,-0.13921623
24.685547,0.04552523,-0.22311856,0.060215876,-0.17461918
24.6875,0.049104948,-0.22669961,0.063721374,-0.22183432
24.689453,0.048676562,-0.30332232,0.059051722,-0.21049181
24.691406,0.049610876,-0.32255203,0.050470516,-0.17536312
24.693359,0.051577706,-0.27053025,0.060104117,-0.17265467
24.695313,0.04395267,-0.22175591,0.057751596,-0.18511169
24.697266,0.041232787,-0.2595953,0.048946872,-0.20306556
24.699219,0.041708335,-0.33069924,0.063900188,-0.21048079
24.701172,0.041959211,-0.30051613,0.063009843,-0.19732401
24.703125,0.051281106,-0.2231912,0.057244956,-0.16664426
24.705078,0.045489177,-0.22244731,0.056894779,-0.1745846
24.707031,0.048370045,-0.29608005,0.052398354,-0.226779
24.708984,0.048217282,-0.32621229,0.068495333,-0.23443419
24.710938,0.042485096,-0.26626876,0.058910161,-0.18351045
24.712891,0.043988306,-0.20949621,0.053067043,-0.15711235
24.714844,0.041289989,-0.23715009,0.070480913,-0.20539153
24.716797,0.048895039,-0.28105876,0.059005156,-0.24688178
24.71875,0.047767147,-0.26506639,0.055145755,-0.22267613
24.720703,0.053194162,-0.22383852,0.058103636,-0.18444993
24.722656,0.053909544,-0.21418373,0.049477726,-0.19280238
24.724609,0.047623843,-0.25292209,0.06290926,-0.22669443
24.726563,0.045996789,-0.28336552,0.075787589,-0.23465316
24.728516,0.044252925,-0.26082751,0.061879218,-0.21898651
24.730469,0.043247256,-0.20816977,0.057095945,-0.22000504
24.732422,0.047049738,-0.20453256,0.057738557,-0.24374345
24.734375,0.05345105,-0.25327519,0.053525254,-0.24881473
24.736328,0.047511902,-0.26618105,0.058049619,-0.23767501
24.738281,0.045881305,-0.23830988,0.054642841,-0.22785026
24.740234,0.053902328,-0.2179053,0.062138125,-0.22720782
24.742188,0.050672747,-0.22811976,0.056788608,-0.24287784
24.744141,0.041008811,-0.24468879,0.039400816,-0.2643548
24.746094,0.046166074,-0.2551859,0.046199471,-0.27414218
24.748047,0.058756519,-0.2394015,0.045176879,-0.24767631
24.75,0.058085416,-0.20249104,0.059850797,-0.21465714
24.751953,0.045411836,-0.22067715,0.074455798,-0.22679909
24.753906,0.050549556,-0.27966702,0.065189138,-0.26889104
24.755859,0.052123129,-0.27828684,0.052344337,-0.2862708
24.757813,0.051915921,-0.22002865,0.063482955,-0.2584964
24.759766,0.054823566,-0.20806104,0.065213352,-0.22555758
24.761719,0.046237744,-0.25094017,0.052748531,-0.23525329
24.763672,0.04727276,-0.29540828,0.057151824,-0.27937639
24.765625,0.053151879,-0.29029143,0.05359976,-0.29006737
24.767578,0.053595107,-0.23918526,0.048497975,-0.25697795
24.769531,0.051436082,-0.22676264,0.04208675,-0.24666472
24.771484,0.051804956,-0.27721828,0.050058872,-0.26171228
24.773438,0.0490449,-0.32806277,0.054858908,-0.26351392
24.775391,0.043952808,-0.30703259,0.057008401,-0.26538303
24.777344,0.047193103,-0.24424776,0.057878256,-0.27320737
24.779297,0.053941552,-0.24318716,0.04458642,-0.27328128
24.78125,0.050888941,-0.30451784,0.054385796,-0.2658354
24.783203,0.044460788,-0.33779499,0.060180485,-0.25776574
24.785156,0.048883609,-0.31268361,0.053115472,-0.25532758
24.787109,0.04640805,-0.27354029,0.050023481,-0.2662988
24.789063,0.041161597,-0.27495679,0.053042829,-0.26915249
24.791016,0.045981072,-0.31183633,0.056512937,-0.25055608
24.792969,0.049777754,-0.32312664,0.043325409,-0.25128654
24.794922,0.054042246,-0.28876522,0.046700522,-0.26299012
24.796875,0.049269579,-0.26751894,0.058427736,-0.255357
24.798828,0.048446219,-0.30378377,0.050796479,-0.23552197
24.800781,0.048632346,-0.33265251,0.048032314,-0.24088593
24.802734,0.052044742,-0.30495033,0.063043371,-0.2667118
24.804688,0.046701938,-0.26761016,0.051526636,-0.25989789
24.806641,0.045841847,-0.27774966,0.041269049,-0.23336531
24.808594,0.053626236,-0.32023025,0.04150188,-0.23713136
24.810547,0.047890559,-0.32777056,0.049902409,-0.25761202
24.8125,0.043441433,-0.295746,0.050606489,-0.2410223
24.814453,0.035498623,-0.28199521,0.027992114,-0.21409737
24.816406,0.046525411,-0.30034143,0.047706351,-0.22571479
24.818359,0.048075642,-0.31036851,0.051731527,-0.24382529
24.820313,0.041099835,-0.29445419,0.050975293,-0.22281721
24.822266,0.04590936,-0.28483585,0.058105499,-0.19692767
24.824219,0.045851182,-0.29612535,0.04378362,-0.2106429
24.826172,0.04783389,-0.30367097,0.043787345,-0.23204884
24.828125,0.050815053,-0.30153731,0.044057429,-0.21784215
24.830078,0.052084915,-0.2792064,0.043362662,-0.18145351
24.832031,0.047929991,-0.2671586,0.046477005,-0.17093247
24.833984,0.045409847,-0.29670951,0.057800025,-0.18632655
24.835938,0.049905282,-0.30834189,0.063818231,-0.19279143
24.837891,0.048870087,-0.28057247,0.057129472,-0.18527672
24.839844,0.047686219,-0.25627446,0.068752378,-0.18535744
24.841797,0.040702939,-0.28143668,0.073759168,-0.18387297
24.84375,0.043959338,-0.31934145,0.070838541,-0.17025156
24.845703,0.052969646,-0.29548749,0.055702686,-0.17997307
24.847656,0.054005135,-0.25635099,0.047037661,-0.20565754
24.849609,0.049635656,-0.26898637,0.05350104,-0.20577751
24.851563,0.036497995,-0.30997679,0.044200853,-0.17154488
24.853516,0.047607299,-0.32812312,0.058813304,-0.15419504
24.855469,0.049009748,-0.28444922,0.056460783,-0.19067599
24.857422,0.049984004,-0.22966319,0.061445221,-0.22666772
24.859375,0.052254662,-0.2623412,0.061231017,-0.21560605
24.861328,0.03917487,-0.32577342,0.042477906,-0.18200031
24.863281,0.031369083,-0.32985231,0.05424796,-0.19241628
24.865234,0.042288613,-0.26373696,0.052213952,-0.21758632
24.867188,0.056754962,-0.20924738,0.056961834,-0.20130588
24.869141,0.048813909,-0.24641494,0.05295901,-0.18503672
24.871094,0.044188824,-0.312837,0.053521529,-0.19904707
24.873047,0.044696443,-0.32823449,0.065241292,-0.21722585
24.875,0.055372905,-0.25873426,0.066297412,-0.20516889
24.876953,0.051181927,-0.19659425,0.062562808,-0.19431391
24.878906,0.04517613,-0.24113627,0.056863114,-0.20929913
24.880859,0.046560917,-0.31451309,0.069521651,-0.22040614
24.882813,0.041675355,-0.30332533,0.061646387,-0.20978376
24.884766,0.052082349,-0.23135209,0.057053104,-0.20599625
24.886719,0.05220117,-0.20828614,0.049064219,-0.22789735
24.888672,0.047799762,-0.25926465,0.038916528,-0.2406808
24.890625,0.053714611,-0.31673923,0.063045233,-0.21871038
24.892578,0.04969332,-0.30664638,0.051003233,-0.19434838
24.894531,0.053411175,-0.23351258,0.039415717,-0.21740769
24.896484,0.052334484,-0.21209559,0.054931551,-0.25747585
24.898438,0.041139662,-0.28690553,0.047950357,-0.2459646
24.900391,0.050664209,-0.34396115,0.041358456,-0.20332196
24.902344,0.044018447,-0.2951116,0.045044631,-0.20926997
24.904297,0.045463409,-0.21877685,0.047011584,-0.23461585
24.90625,0.054244429,-0.246594,0.042919353,-0.22094171
24.908203,0.040264294,-0.33081692,0.04179804,-0.20610324
24.910156,0.045311701,-0.33988103,0.031676427,-0.21849932
24.912109,0.050927781,-0.27786046,0.035733268,-0.21698447
24.914063,0.04494727,-0.23258889,0.044709355,-0.18096399
24.916016,0.041891702,-0.27346101,0.055613279,-0.15919863
24.917969,0.047619872,-0.34017569,0.084508494,-0.17256194
24.919922,0.054201882,-0.31610653,0.071201757,-0.19129707
24.921875,0.048682846,-0.24832474,0.06945087,-0.18911929
24.923828,0.054481819,-0.2496343,0.065267369,-0.18500179
24.925781,0.056641195,-0.31976551,0.038104415,-0.19556473
24.927734,0.040287491,-0.34759399,0.057934135,-0.18540959
24.929688,0.036949459,-0.30288854,0.061124846,-0.1551365
24.931641,0.04145553,-0.26396123,0.056686163,-0.14818963
24.933594,0.049260002,-0.26107308,0.069307446,-0.18846643
24.935547,0.04440476,-0.2963413,0.063585401,-0.22237571
24.9375,0.03691737,-0.32952505,0.070138186,-0.19937548
24.939453,0.054039657,-0.31018198,0.068582878,-0.18040636
24.941406,0.058967896,-0.260313,0.05623354,-0.20158958
24.943359,0.052103881,-0.26170754,0.057952762,-0.23990594
24.945313,0.044937965,-0.31569645,0.047454894,-0.23840889
24.947266,0.044779669,-0.33356294,0.053009301,-0.20376445
24.949219,0.047986429,-0.29107791,0.063449427,-0.2007426
24.951172,0.053071972,-0.24858697,0.058159515,-0.22433196
24.953125,0.050298657,-0.27054855,0.05985266,-0.24440493
24.955078,0.039928842,-0.31804645,0.055246338,-0.24707916
24.957031,0.048504829,-0.33928078,0.064349085,-0.24275741
24.958984,0.047283147,-0.30595714,0.059992358,-0.23266508
24.960938,0.05507483,-0.24721763,0.050561786,-0.23163503
24.962891,0.058842178,-0.26671237,0.05411385,-0.24954675
24.964844,0.047052685,-0.34835455,0.045284912,-0.27196783
24.966797,0.046026677,-0.36743736,0.043023661,-0.26311055
24.96875,0.048365422,-0.3108106,0.04712148,-0.23262678
24.970703,0.049359243,-0.27506515,0.050703347,-0.23363622
24.972656,0.04429232,-0.30071706,0.048661888,-0.25714147
24.974609,0.04709655,-0.35004136,0.054814205,-0.27269366
24.976563,0.046016082,-0.35090077,0.05148007,-0.25221819
24.978516,0.049211595,-0.3186335,0.054244235,-0.21860375
24.980469,0.045388836,-0.31055078,0.077659547,-0.23038596
24.982422,0.049944889,-0.32799125,0.074418545,-0.26098496
24.984375,0.053788695,-0.34340695,0.051845148,-0.26120108
24.986328,0.034389403,-0.33952346,0.047151282,-0.25411931
24.988281,0.048553944,-0.3335034,0.047589004,-0.25129956
24.990234,0.049614858,-0.31748709,0.057583958,-0.23630649
24.992188,0.035048179,-0.3087486,0.069855064,-0.22604884
24.994141,0.045825947,-0.32999468,0.051573202,-0.23909162
24.996094,0.040641829,-0.33159155,0.050612077,-0.2662077
24.998047,0.038444761,-0.2989392,0.052111506,-0.27592355
25.0,0.041504055,-0.29108596,0.04926911,-0.24224688
25.001953,0.042878069,-0.30689293,0.05378975,-0.22093391
25.003906,0.046782523,-0.29337513,0.047259316,-0.24620703
25.005859,0.042772792,-0.27598742,0.054037482,-0.26754597
25.007813,0.049662393,-0.2810317,0.060355574,-0.2609894
25.009766,0.050758973,-0.28036824,0.055652395,-0.24268501
25.011719,0.042527933,-0.26765329,0.05678302,-0.23989843
25.013672,0.047617119,-0.26926839,0.064248502,-0.25124013
25.015625,0.059116274,-0.2694948,0.062018916,-0.26057583
25.017578,0.043770641,-0.23963772,0.05269824,-0.25714552
25.019531,0.047277838,-0.24571232,0.04766351,-0.25347841
25.021484,0.05791175,-0.29029334,0.058094323,-0.25821063
25.023438,0.038616858,-0.28256923,0.057759047,-0.25552049
25.025391,0.047590505,-0.25133216,0.042686522,-0.25789955
25.027344,0.055338014,-0.25876766,0.050053284,-0.2769472
25.029297,0.051335819,-0.26822191,0.058992118,-0.27413496
25.03125,0.045266826,-0.2803627,0.049785063,-0.24725872
25.033203,0.042263176,-0.29938316,0.054762051,-0.25313905
25.035156,0.04705143,-0.28849217,0.061044753,-0.28573069
25.037109,0.046173479,-0.26492172,0.051532224,-0.28572258
25.039063,0.055133924,-0.26629654,0.053238407,-0.25787586
25.041016,0.047987949,-0.30004463,0.05751504,-0.25525519
25.042969,0.042805795,-0.311279,0.058628902,-0.28065306
25.044922,0.04885418,-0.29722232,0.05333899,-0.28871056
25.046875,0.047009453,-0.28431961,0.049492627,-0.27459961
25.048828,0.048560876,-0.28256428,0.034457356,-0.27339768
25.050781,0.038585003,-0.29837781,0.038169608,-0.2798782
25.052734,0.042397149,-0.30514088,0.053815827,-0.26928985
25.054688,0.055720143,-0.29719073,0.061732069,-0.24794424
25.056641,0.051090118,-0.27429768,0.058347642,-0.26314995
25.058594,0.042784315,-0.27802631,0.040149599,-0.29518798
25.060547,0.048163917,-0.31339148,0.052517563,-0.29030597
25.0625,0.052171893,-0.32609147,0.046043009,-0.26093957
25.064453,0.042120986,-0.28227133,0.04651612,-0.24505563
25.066406,0.037382603,-0.256605,0.055928066,-0.25744221
25.068359,0.042750858,-0.29257903,0.044878855,-0.26532528
25.070313,0.046850663,-0.30944133,0.037031531,-0.25941831
25.072266,0.038446169,-0.29069439,0.044428095,-0.25305349
25.074219,0.049279574,-0.26626608,0.054760188,-0.24609847
25.076172,0.054724865,-0.26564473,0.054510593,-0.23044306
25.078125,0.037679307,-0.27875733,0.05321978,-0.22847767
25.080078,0.049826033,-0.30459666,0.039749131,-0.25244358
25.082031,0.056157555,-0.29343322,0.043519124,-0.26299384
25.083984,0.04482222,-0.23254266,0.059262201,-0.23674299
25.085938,0.046377923,-0.24733253,0.053929448,-0.19619176
25.087891,0.048483502,-0.31065398,0.051118717,-0.20470387
25.089844,0.060080901,-0.30579585,0.05732505,-0.25457549
25.091797,0.053981896,-0.24813935,0.046650231,-0.25629115
25.09375,0.044928122,-0.25262856,0.047084227,-0.204909
25.095703,0.04015189,-0.32117349,0.052666575,-0.1827278
25.097656,0.035999481,-0.3270835,0.057973251,-0.2124612
25.099609,0.054116625,-0.2752949,0.051765054,-0.23405287
25.101563,0.045822635,-0.23805097,0.05700095,-0.22700678
25.103516,0.046735786,-0.26922768,0.064539075,-0.21339579
25.105469,0.038743384,-0.34050223,0.050273076,-0.20553339
25.107422,0.036362894,-0.3432675,0.047788307,-0.21308611
25.109375,0.054581139,-0.2755754,0.047328234,-0.22876063
25.111328,0.047505025,-0.21980555,0.059455916,-0.23142996
25.113281,0.051249858,-0.26651555,0.060124606,-0.2109382
25.115234,0.051477056,-0.35504761,0.073725641,-0.19252543
25.117188,0.043932401,-0.33687991,0.054847732,-0.21408223
25.119141,0.038850114,-0.24649428,0.043761268,-0.25619873
25.121094,0.052132711,-0.2282718,0.056131095,-0.259482
25.123047,0.045017805,-0.29660264,0.035597295,-0.20976746
25.125,0.036575858,-0.33788589,0.052199051,-0.17991194
25.126953,0.05115933,-0.31365114,0.051681235,-0.22395495
25.128906,0.044371217,-0.25470582,0.045890272,-0.26597041
25.130859,0.044742871,-0.24623735,0.052901268,-0.25211075
25.132813,0.044053912,-0.31397799,0.057893157,-0.21027061
25.134766,0.039321739,-0.33841988,0.05571945,-0.19731802
25.136719,0.039890554,-0.2866461,0.050543159,-0.23211333
25.138672,0.046659578,-0.23096314,0.05462794,-0.26112688
25.140625,0.052772313,-0.24949408,0.05805707,-0.24034442
25.142578,0.04509056,-0.30616516,0.060715064,-0.19760497
25.144531,0.047844224,-0.31240079,0.047460482,-0.20605911
25.146484,0.045508262,-0.27382627,0.040084407,-0.24340399
25.148438,0.039594803,-0.23467335,0.032484815,-0.25665641
25.150391,0.050873101,-0.25195202,0.055514559,-0.23176228
25.152344,0.050382875,-0.29086751,0.061486199,-0.18794535
25.154297,0.05097387,-0.28299654,0.056069627,-0.18427792
25.15625,0.04958988,-0.25389859,0.072216898,-0.23666005
25.158203,0.048655279,-0.25573045,0.056471959,-0.27538422
25.160156,0.053652953,-0.28387174,0.061126709,-0.23880668
25.162109,0.052462365,-0.28921244,0.053664953,-0.19282013
25.164063,0.050787926,-0.27638397,0.03281264,-0.19577371
25.166016,0.044088475,-0.27459148,0.039583355,-0.24218488
25.167969,0.050645959,-0.28804734,0.054469615,-0.26448324
25.169922,0.048207875,-0.30491108,0.059686884,-0.20814009
25.171875,0.054440498,-0.30366194,0.053149,-0.17692664
25.173828,0.055437326,-0.29669228,0.052998126,-0.21843156
25.175781,0.048690263,-0.30501127,0.051154107,-0.2697961
25.177734,0.049683541,-0.33369058,0.048918933,-0.26047799
25.179688,0.04579952,-0.35369748,0.071326554,-0.19814171
25.181641,0.054171994,-0.34435633,0.080108926,-0.17894511
25.183594,0.041788485,-0.33634037,0.059228674,-0.21913879
25.185547,0.038239133,-0.35272536,0.059854522,-0.2806679
25.1875,0.038087439,-0.366752,0.050304741,-0.28449506
25.189453,0.038931157,-0.33986986,0.053182527,-0.22130556
25.191406,0.045960918,-0.32788217,0.061862454,-0.18749192
25.193359,0.036756728,-0.34156266,0.045249522,-0.21857154
25.195313,0.04161584,-0.33878776,0.056475684,-0.28423718
25.197266,0.044813093,-0.33064398,0.056753218,-0.29431874
25.199219,0.040759429,-0.30681413,0.042151943,-0.23431556
25.201172,0.043490227,-0.28772503,0.04766351,-0.19994335
25.203125,0.041537963,-0.28829053,0.062497616,-0.24782807
25.205078,0.043650649,-0.28807637,0.06402871,-0.29512468
25.207031,0.047630984,-0.28433445,0.047074914,-0.27276626
25.208984,0.048334885,-0.27104524,0.044482112,-0.23919475
25.210938,0.051536694,-0.25510576,0.048769921,-0.23554024
25.212891,0.046695627,-0.25986248,0.053620249,-0.25883412
25.214844,0.041582033,-0.27610201,0.06036675,-0.26730219
25.216797,0.044419315,-0.26956514,0.058181867,-0.25585973
25.21875,0.050933786,-0.23910919,0.045916349,-0.24108395
25.220703,0.048609193,-0.2294661,0.062011465,-0.24278721
25.222656,0.043931764,-0.26900494,0.071980342,-0.2640619
25.224609,0.048489511,-0.29082793,0.042572901,-0.26724845
25.226563,0.047937252,-0.26063427,0.044418782,-0.26134411
25.228516,0.041810583,-0.24071363,0.055369273,-0.25597608
25.230469,0.038888086,-0.25551316,0.053517804,-0.24553223
25.232422,0.043735594,-0.28321466,0.053232819,-0.24713533
25.234375,0.045357693,-0.27861857,0.058206081,-0.26747966
25.236328,0.03718102,-0.24145466,0.054758325,-0.2687338
25.238281,0.041595753,-0.23597854,0.04480435,-0.25315097
25.240234,0.044273566,-0.26463255,0.054098949,-0.25609291
25.242188,0.046320293,-0.27003497,0.049317539,-0.26264185
25.244141,0.0469236,-0.24427278,0.049695656,-0.26020899
25.246094,0.042594027,-0.22146523,0.062777013,-0.25323281
25.248047,0.054830175,-0.23667936,0.049779475,-0.25243327
25.25,0.049056351,-0.26382601,0.047542438,-0.26496783
25.251953,0.037595704,-0.25343856,0.044849053,-0.26863846
25.253906,0.049176797,-0.22726218,0.045081884,-0.24817941
25.255859,0.053225718,-0.21651891,0.057496414,-0.24000233
25.257813,0.042304505,-0.2304675,0.056308046,-0.25185853
25.259766,0.047185719,-0.25974292,0.059673846,-0.26101023
25.261719,0.044776067,-0.25714436,0.049880058,-0.26050127
25.263672,0.043506254,-0.222821,0.048425332,-0.25675869
25.265625,0.044273879,-0.23187742,0.054456577,-0.26004001
25.267578,0.034397632,-0.25261647,0.061597958,-0.25214723
25.269531,0.044150487,-0.24577862,0.051882401,-0.24436203
25.271484,0.049858835,-0.23327178,0.047913104,-0.25593102
25.273438,0.050444499,-0.22142285,0.06360589,-0.27400178
25.275391,0.048317067,-0.23422818,0.071378708,-0.2629188
25.277344,0.046965145,-0.24801193,0.073740542,-0.24161486
25.279297,0.046443272,-0.2498953,0.049837217,-0.25533092
25.28125,0.04971429,-0.23529932,0.041446,-0.30115128
25.283203,0.044928074,-0.20587069,0.044541717,-0.30940944
25.285156,0.040691517,-0.21729505,0.062518105,-0.26580206
25.287109,0.045922637,-0.25988689,0.058960453,-0.25684017
25.289063,0.046217822,-0.25683698,0.046003893,-0.26947019
25.291016,0.042382065,-0.2163149,0.051129892,-0.28087506
25.292969,0.034175545,-0.21330142,0.044169188,-0.26294559
25.294922,0.047628626,-0.25200754,0.054596275,-0.23213761
25.296875,0.04534727,-0.25089169,0.054618627,-0.22754444
25.298828,0.041741643,-0.2091731,0.05571945,-0.22962001
25.300781,0.054263633,-0.21054162,0.057319462,-0.23247539
25.302734,0.044575103,-0.22916895,0.051947594,-0.22650473
25.304688,0.044971928,-0.24121544,0.05235365,-0.21347983
25.306641,0.045230046,-0.25365058,0.04757224,-0.18147941
25.308594,0.039848804,-0.22546391,0.03503105,-0.17841804
25.310547,0.041218318,-0.19309853,0.038959369,-0.21714039
25.3125,0.043808013,-0.21466011,0.057889432,-0.21992715
25.314453,0.04759391,-0.25333789,0.059716687,-0.17520586
25.316406,0.046964884,-0.23394255,0.063844308,-0.15890631
25.318359,0.050381921,-0.19227676,0.055108503,-0.20525329
25.320313,0.039032765,-0.20578885,0.043029249,-0.24395573
25.322266,0.040863611,-0.24686414,0.058075696,-0.21582776
25.324219,0.055115458,-0.24193186,0.057928547,-0.16700543
25.326172,0.051558293,-0.18933576,0.04695943,-0.16158433
25.328125,0.04660603,-0.18501367,0.05986011,-0.20498541
25.330078,0.04355048,-0.24275212,0.064343497,-0.23397371
25.332031,0.053596944,-0.26387137,0.055115953,-0.2038708
25.333984,0.045702379,-0.22194265,0.049609974,-0.18047167
25.335938,0.042985667,-0.18605156,0.053800926,-0.19035457
25.337891,0.050276671,-0.21239886,0.06312719,-0.2099202
25.339844,0.048803058,-0.25491571,0.054605588,-0.22149888
25.341797,0.053900722,-0.2544536,0.046054184,-0.21636501
25.34375,0.04414539,-0.23027076,0.042597115,-0.21198156
25.345703,0.042015523,-0.21720017,0.038542137,-0.20791221
25.347656,0.041257359,-0.24419677,0.044461623,-0.21322244
25.349609,0.043689374,-0.27173406,0.049351066,-0.21852411
25.351563,0.053181365,-0.24893418,0.047389701,-0.20957212
25.353516,0.04635926,-0.20892188,0.059735313,-0.1970183
25.355469,0.046609126,-0.23270454,0.056643322,-0.20071495
25.357422,0.05231249,-0.29427469,0.043135419,-0.22787231
25.359375,0.042559963,-0.28240678,0.045439512,-0.23300478
25.361328,0.049056534,-0.23016202,0.03643921,-0.20016326
25.363281,0.050563544,-0.22765706,0.041894898,-0.1689987
25.365234,0.040320896,-0.27006838,0.042554274,-0.18584523
25.367188,0.04607448,-0.29264417,0.044208303,-0.21543847
25.369141,0.043514065,-0.26821831,0.053821415,-0.20312719
25.371094,0.046357922,-0.23688211,0.05164957,-0.16915412
25.373047,0.045712382,-0.24470364,0.061182588,-0.16380791
25.375,0.040621519,-0.28358829,0.046078399,-0.19755131
25.376953,0.044644311,-0.29598272,0.045929387,-0.20258097
25.378906,0.041529901,-0.25984758,0.060251266,-0.17585638
25.380859,0.040747505,-0.23081639,0.05995883,-0.15425122
25.382813,0.041124154,-0.24858126,0.056399316,-0.16023484
25.384766,0.042056318,-0.28503165,0.047598317,-0.19056185
25.386719,0.047255971,-0.28006032,0.056535289,-0.19642051
25.388672,0.050793715,-0.23804235,0.047365487,-0.17712781
25.390625,0.048353568,-0.23174056,0.045659304,-0.15797517
25.392578,0.047170386,-0.26452515,0.05902192,-0.16206966
25.394531,0.049414903,-0.2812871,0.056406766,-0.17747636
25.396484,0.04157415,-0.25411135,0.065606371,-0.18494213
25.398438,0.046788599,-0.22662126,0.058785364,-0.18960352
25.400391,0.048939101,-0.23599246,0.037053883,-0.17848964
25.402344,0.042923216,-0.26449338,0.05244492,-0.17537169
25.404297,0.047082238,-0.27749306,0.053821415,-0.19114067
25.40625,0.046837568,-0.25460708,0.032617062,-0.19156691
25.408203,0.048399955,-0.23285472,0.034882039,-0.18315341
25.410156,0.047472797,-0.24491598,0.050647467,-0.17138469
25.412109,0.046669427,-0.27668136,0.048423469,-0.16355896
25.414063,0.048458572,-0.28395686,0.046503082,-0.17618415
25.416016,0.053189363,-0.24835332,0.054750875,-0.18706037
25.417969,0.043208856,-0.23336165,0.044876993,-0.17185187
25.419922,0.034882139,-0.26601806,0.054884985,-0.14852905
25.421875,0.046468366,-0.30017745,0.065962136,-0.16123584
25.423828,0.048539583,-0.27666605,0.053094983,-0.17585406
25.425781,0.051150545,-0.22491345,0.035932571,-0.17108452
25.427734,0.049484473,-0.25327304,0.041868821,-0.16849189
25.429688,0.05048459,-0.31144774,0.064747691,-0.15236436
25.431641,0.048561383,-0.31468579,0.051122442,-0.14328198
25.433594,0.036818068,-0.27956316,0.048075154,-0.15016305
25.435547,0.043949477,-0.25408125,0.056630284,-0.17398757
25.4375,0.053520296,-0.26014328,0.047892615,-0.17790489
25.439453,0.04183441,-0.28348246,0.070302099,-0.15300004
25.441406,0.037540704,-0.31749552,0.070601985,-0.14185722
25.443359,0.053345334,-0.3096188,0.048594832,-0.15277134
25.445313,0.045660794,-0.26216087,0.049742222,-0.18615675
25.447266,0.037084434,-0.26275536,0.052521288,-0.1962173
25.449219,0.041582603,-0.3191151,0.054534808,-0.15903099
25.451172,0.044475697,-0.31870857,0.035396129,-0.12799904
25.453125,0.047625586,-0.25888693,0.030422866,-0.16195226
25.455078,0.039725453,-0.25225079,0.054503143,-0.20072572
25.457031,0.048247524,-0.29535025,0.053722695,-0.18174729
25.458984,0.043495487,-0.30671385,0.04984653,-0.14439677
25.460938,0.044825725,-0.27530003,0.057157412,-0.13828002
25.462891,0.049031939,-0.26276362,0.051323608,-0.18534616
25.464844,0.038322471,-0.26111332,0.060728103,-0.20480014
25.466797,0.047042336,-0.27479625,0.063428938,-0.16614117
25.46875,0.041874241,-0.30129138,0.054084048,-0.13713165
25.470703,0.044942923,-0.27642339,0.049868882,-0.15180486
25.472656,0.039037593,-0.23613763,0.046555236,-0.18721497
25.474609,0.03957922,-0.2541703,0.046834633,-0.186995
25.476563,0.040870432,-0.30224115,0.035053402,-0.15988246
25.478516,0.038815156,-0.28399393,0.052012786,-0.13375776
25.480469,0.05119703,-0.22158054,0.053240269,-0.1400025
25.482422,0.045151554,-0.21463071,0.037271813,-0.17728287
25.484375,0.044123527,-0.26258999,0.042034596,-0.19864991
25.486328,0.037588399,-0.29577661,0.036932811,-0.16554722
25.488281,0.040198259,-0.260059,0.055242613,-0.11270689
25.490234,0.045379847,-0.20526609,0.070536792,-0.11392483
25.492188,0.040247194,-0.20236363,0.061819613,-0.15872918
25.494141,0.041429073,-0.23880441,0.049216956,-0.19112036
25.496094,0.037308734,-0.26224622,0.040399194,-0.16800469
25.498047,0.040852729,-0.23548687,0.062117636,-0.11864157
25.5,0.046001881,-0.18986888,0.073466733,-0.1009334
25.501953,0.046430126,-0.17879207,0.062808678,-0.13798083
25.503906,0.04621413,-0.21357495,0.05289568,-0.18353903
25.505859,0.043532472,-0.24164198,0.041615501,-0.1792042
25.507813,0.042946257,-0.22130813,0.05437462,-0.14587314
25.509766,0.047086876,-0.17250332,0.052407667,-0.12636688
25.511719,0.051322337,-0.1618235,0.040343314,-0.13750114
25.513672,0.040447854,-0.20357755,0.042446241,-0.16902286
25.515625,0.050584007,-0.22242291,0.041514918,-0.18145439
25.517578,0.052327476,-0.20007642,0.059720412,-0.15761259
25.519531,0.042648666,-0.17344542,0.066673666,-0.12669244
25.521484,0.050886404,-0.18666269,0.05221954,-0.13536079
25.523438,0.038086601,-0.21945013,0.044016451,-0.18105532
25.525391,0.044056043,-0.22287199,0.040564969,-0.19931157
25.527344,0.052122623,-0.20449227,0.037702084,-0.15626724
25.529297,0.041632466,-0.17628187,0.047453031,-0.10030156
25.53125,0.042241637,-0.19247589,0.053279385,-0.11373443
25.533203,0.045203164,-0.24884041,0.054301977,-0.16919032
25.535156,0.04126389,-0.24023202,0.05927524,-0.18302967
25.537109,0.044529896,-0.18029431,0.060973972,-0.14368972
25.539063,0.046482407,-0.1720649,0.06854935,-0.11774884
25.541016,0.038891759,-0.22770427,0.060851038,-0.1397564
25.542969,0.049015768,-0.25030449,0.060456157,-0.17671472
25.544922,0.049789097,-0.20038864,0.05931063,-0.18680669
25.546875,0.046591099,-0.16727307,0.055166245,-0.14882754
25.548828,0.041647203,-0.20179971,0.052145034,-0.12387316
25.550781,0.043272126,-0.245276,0.053957388,-0.15160929
25.552734,0.048399728,-0.2276573,0.051385075,-0.19054602
25.554688,0.047579136,-0.1727528,0.0367838,-0.19181541
25.556641,0.050949473,-0.17413768,0.051489383,-0.15875055
25.558594,0.039193422,-0.22978368,0.043098167,-0.13325094
25.560547,0.050842058,-0.25471541,0.037858546,-0.1543377
25.5625,0.055401508,-0.22633901,0.038195685,-0.19852862
25.564453,0.044610601,-0.17344245,0.036247358,-0.20113608
25.566406,0.043708295,-0.19928187,0.051321745,-0.14822881
25.568359,0.04094233,-0.28013808,0.030886665,-0.11306871
25.570313,0.047846682,-0.27884477,0.029154405,-0.14778922
25.572266,0.051433466,-0.20693532,0.050539434,-0.18597956
25.574219,0.048165992,-0.17467244,0.050530121,-0.15973797
25.576172,0.047341082,-0.24975444,0.056619108,-0.093633406
25.578125,0.052055847,-0.31726456,0.079669341,-0.086540334
25.580078,0.045748346,-0.2827771,0.071762413,-0.13857496
25.582031,0.036101226,-0.21640983,0.062996805,-0.17219286
25.583984,0.044711057,-0.2218895,0.05719839,-0.15993541
25.585938,0.041971318,-0.2796928,0.034902528,-0.11449561
25.587891,0.046154987,-0.3028025,0.048576206,-0.096675277
25.589844,0.051403143,-0.27143243,0.057218879,-0.11866101
25.591797,0.036433104,-0.2300881,0.06007804,-0.14309135
25.59375,0.037836064,-0.25713518,0.055333883,-0.15152803
25.595703,0.046811249,-0.30519229,0.051224887,-0.13933846
25.597656,0.049503803,-0.27477354,0.072621092,-0.12949573
25.599609,0.041188791,-0.21436633,0.065798223,-0.14210555
25.601563,0.052312806,-0.23089877,0.043571278,-0.16438051
25.603516,0.056779288,-0.29125819,0.052430019,-0.17107579
25.605469,0.042026192,-0.29341215,0.064855725,-0.15206622
25.607422,0.048570421,-0.24790442,0.051534086,-0.12998863
25.609375,0.048965655,-0.23204015,0.047602043,-0.15263385
25.611328,0.03939515,-0.25603381,0.062793776,-0.19659227
25.613281,0.043311223,-0.29364184,0.074101895,-0.19004619
25.615234,0.044166304,-0.29367399,0.060826823,-0.14741589
25.617188,0.043453388,-0.24326503,0.043759406,-0.15542008
25.619141,0.04820561,-0.23024026,0.049867019,-0.21376732
25.621094,0.041382458,-0.27931398,0.048514739,-0.22231448
25.623047,0.04429074,-0.31052783,0.050176218,-0.17034622
25.625,0.041759312,-0.27539352,0.048244655,-0.15274514
25.626953,0.041338939,-0.23493372,0.044571519,-0.19570188
25.628906,0.042244952,-0.25039408,0.055864736,-0.22629519
25.630859,0.037487794,-0.285799,0.042161256,-0.21072417
25.632813,0.050903156,-0.28690496,0.042449966,-0.18428653
25.634766,0.051613647,-0.25570518,0.042295367,-0.18291743
25.636719,0.050195694,-0.23628111,0.041529819,-0.18233991
25.638672,0.046583693,-0.26532575,0.056553915,-0.18394811
25.640625,0.042216092,-0.29679334,0.059107602,-0.20115831
25.642578,0.049057871,-0.2860465,0.070609435,-0.19800928
25.644531,0.048871245,-0.24222778,0.04997319,-0.17645772
25.646484,0.04394789,-0.2278339,0.053080082,-0.18381412
25.648438,0.044874147,-0.28443539,0.062898085,-0.21208256
25.650391,0.050013777,-0.31902137,0.038806632,-0.20579311
25.652344,0.040361606,-0.27967626,0.043377563,-0.16920622
25.654297,0.045883525,-0.23535828,0.052813724,-0.15286447
25.65625,0.051871374,-0.26013303,0.054076597,-0.186667
25.658203,0.043056376,-0.30639666,0.03306596,-0.21513398
25.660156,0.048377231,-0.31782812,0.03242521,-0.1980966
25.662109,0.042044912,-0.29529214,0.054939002,-0.1624599
25.664063,0.030902257,-0.26437369,0.050111026,-0.14369769
25.666016,0.038098745,-0.28281808,0.03814353,-0.17056204
25.667969,0.041689139,-0.30900973,0.047015309,-0.20267527
25.669922,0.034125268,-0.29209864,0.049479589,-0.17963819
25.671875,0.047091566,-0.26803827,0.045808315,-0.1331422
25.673828,0.048079111,-0.27182922,0.065902531,-0.13486002
25.675781,0.03713312,-0.28874362,0.045674205,-0.17298208
25.677734,0.042803314,-0.30131915,0.029057547,-0.18198909
25.679688,0.039121721,-0.27882999,0.053499177,-0.16194294
25.681641,0.035343163,-0.23794521,0.064812884,-0.13233522
25.683594,0.033357549,-0.2447881,0.052567855,-0.11484736
25.685547,0.041577104,-0.27092499,0.043947533,-0.14467739
25.6875,0.044942729,-0.26297328,0.045934975,-0.18882301
25.689453,0.055432227,-0.22709361,0.043476284,-0.17777508
25.691406,0.059808966,-0.22043937,0.064455256,-0.11961963
25.693359,0.043252368,-0.25366187,0.054132476,-0.093873456
25.695313,0.046938542,-0.28154194,0.041205719,-0.13653384
25.697266,0.037748821,-0.26114574,0.040542617,-0.19887058
25.699219,0.041893944,-0.20556691,0.049833491,-0.17993686
25.701172,0.048717253,-0.19457532,0.065557942,-0.10180867
25.703125,0.046775188,-0.23947583,0.04410027,-0.087144993
25.705078,0.050928794,-0.28384945,0.060109705,-0.15577649
25.707031,0.050254375,-0.27448303,0.056470096,-0.20630062
25.708984,0.053197782,-0.23401293,0.045104235,-0.16586858
25.710938,0.044007704,-0.23886134,0.044687003,-0.10490939
25.712891,0.048335735,-0.28416169,0.02774252,-0.10621557
25.714844,0.044490755,-0.30039564,0.056391865,-0.15595686
25.716797,0.034359705,-0.26870972,0.062892497,-0.17588903
25.71875,0.043107994,-0.25343794,0.048451409,-0.14304763
25.720703,0.048410781,-0.2744796,0.057142511,-0.11310188
25.722656,0.048533842,-0.29570204,0.0616557,-0.12459353
25.724609,0.049944904,-0.30657524,0.049600661,-0.16316035
25.726563,0.052756451,-0.29914171,0.054734111,-0.17644586
25.728516,0.046163719,-0.29072863,0.063050821,-0.15177046
25.730469,0.035181306,-0.30222368,0.053167626,-0.11130065
25.732422,0.042817879,-0.32632861,0.046603665,-0.11574318
25.734375,0.047095172,-0.31565186,0.041073471,-0.18499912
25.736328,0.038582854,-0.27084634,0.049185291,-0.20288482
25.738281,0.049122583,-0.28774333,0.042623192,-0.13854364
25.740234,0.043466493,-0.34030855,0.052050039,-0.090460852
25.742188,0.03679632,-0.34222627,0.063946754,-0.13344488
25.744141,0.050935853,-0.3084344,0.049045593,-0.20805687
25.746094,0.051002581,-0.28401878,0.039357975,-0.199571
25.748047,0.049563006,-0.30297038,0.040661827,-0.13564105
25.75,0.040636111,-0.33689007,0.050682858,-0.10240757
25.751953,0.039577086,-0.3403641,0.066403583,-0.13557097
25.753906,0.038037218,-0.31092319,0.059360921,-0.18375504
25.755859,0.030796735,-0.28384528,0.037776589,-0.18247448
25.757813,0.045118533,-0.29721051,0.046890512,-0.15001649
25.759766,0.050772835,-0.32590032,0.048242792,-0.12124822
25.761719,0.0445977,-0.3228763,0.050634429,-0.12203217
25.763672,0.045354839,-0.31117225,0.042604566,-0.15278968
25.765625,0.044110391,-0.3188414,0.047678411,-0.16932933
25.767578,0.04390135,-0.31729051,0.048822075,-0.15158163
25.769531,0.046916086,-0.30537674,0.047823697,-0.11894891
25.771484,0.046010498,-0.29584238,0.064870626,-0.12792674
25.773438,0.04688821,-0.30360037,0.049207643,-0.16161087
25.775391,0.047942039,-0.32406351,0.05402258,-0.16290879
25.777344,0.042676847,-0.3271533,0.043042287,-0.14134622
25.779297,0.031461526,-0.31420541,0.044834152,-0.11629836
25.78125,0.032788698,-0.30780429,0.057075456,-0.12629914
25.783203,0.041838571,-0.31125438,0.04728353,-0.14774674
25.785156,0.042809099,-0.30495986,0.057008401,-0.14454433
25.787109,0.041766427,-0.30647862,0.050474241,-0.12850672
25.789063,0.04011013,-0.32216814,0.05466333,-0.12512322
25.791016,0.041071191,-0.31713092,0.055888951,-0.14291294
25.792969,0.044951133,-0.29958898,0.040715843,-0.14778277
25.794922,0.049645782,-0.2879321,0.047143832,-0.13688856
25.796875,0.04740772,-0.2809718,0.0600501,-0.13323225
25.798828,0.050501883,-0.30054417,0.062655941,-0.12737894
25.800781,0.05308127,-0.32133025,0.055020958,-0.13055032
25.802734,0.046056945,-0.30749941,0.060713202,-0.15880916
25.804688,0.04727919,-0.28968361,0.066414759,-0.16912735
25.806641,0.038369451,-0.30341673,0.053856805,-0.14835855
25.808594,0.038321998,-0.33236378,0.053787887,-0.13711552
25.810547,0.043479316,-0.33173084,0.06036675,-0.15919408
25.8125,0.040539674,-0.30364776,0.063622653,-0.18328816
25.814453,0.050870731,-0.29555508,0.052599519,-0.1757696
25.816406,0.055526383,-0.3315841,0.045048356,-0.16244161
25.818359,0.051368237,-0.35109434,0.051506147,-0.17864348
25.820313,0.04201737,-0.33539334,0.052025825,-0.19044794
25.822266,0.041964483,-0.32209846,0.058422148,-0.17824301
25.824219,0.045861442,-0.33303383,0.058941826,-0.17514119
25.826172,0.032181572,-0.35070252,0.04968448,-0.19188963
25.828125,0.040047057,-0.34506309,0.054331779,-0.21181987
25.830078,0.046023943,-0.32749617,0.061661288,-0.20849341
25.832031,0.042305693,-0.31620976,0.045189917,-0.19655684
25.833984,0.04768056,-0.35186201,0.055050761,-0.19790713
25.835938,0.038118631,-0.37202579,0.061875492,-0.20711505
25.837891,0.043133281,-0.34998202,0.054974392,-0.21089751
25.839844,0.043579921,-0.32660943,0.053705931,-0.21365458
25.841797,0.038292069,-0.31676885,0.032693431,-0.22711329
25.84375,0.03848242,-0.33911076,0.054249823,-0.22932816
25.845703,0.039301861,-0.33971396,0.046005756,-0.2133005
25.847656,0.044176124,-0.32552999,0.039231315,-0.21015809
25.849609,0.040136289,-0.31818789,0.062667117,-0.23019713
25.851563,0.045470603,-0.32120028,0.04519923,-0.23785581
25.853516,0.040962003,-0.33121589,0.041771963,-0.21694982
25.855469,0.037028138,-0.32700309,0.043925181,-0.22084078
25.857422,0.040217068,-0.31763521,0.054797441,-0.233751
25.859375,0.035779472,-0.29768255,0.062100872,-0.21565931
25.861328,0.045058575,-0.29147443,0.062087834,-0.19955121
25.863281,0.044291418,-0.30786499,0.055253789,-0.22038478
25.865234,0.04459412,-0.31701809,0.044210166,-0.25766951
25.867188,0.039368782,-0.31200486,0.04712148,-0.24159704
25.869141,0.033258229,-0.29661959,0.045398533,-0.20050587
25.871094,0.046369255,-0.28989899,0.042967781,-0.19585909
25.873047,0.036962237,-0.28891569,0.038977996,-0.22471717
25.875,0.038292199,-0.28034502,0.051858187,-0.23762304
25.876953,0.043799188,-0.28959024,0.060124606,-0.21754669
25.878906,0.039872475,-0.2891736,0.055479169,-0.19641678
25.880859,0.049394261,-0.27511016,0.052640498,-0.21159571
25.882813,0.04432825,-0.27456674,0.04535383,-0.23976979
25.884766,0.044248428,-0.27290502,0.048253968,-0.22887844
25.886719,0.051671248,-0.28415266,0.043465108,-0.20819831
25.888672,0.039861478,-0.2830168,0.055654258,-0.19625689
25.890625,0.037555534,-0.26919183,0.065097868,-0.20374082
25.892578,0.050434716,-0.2678073,0.043150321,-0.22389604
25.894531,0.047775541,-0.26952234,0.042090476,-0.23448634
25.896484,0.045851372,-0.27646482,0.059016332,-0.23215978
25.898438,0.047162164,-0.29225466,0.060346261,-0.19492015
25.900391,0.042124882,-0.29905277,0.057963938,-0.173124
25.902344,0.037182216,-0.28243744,0.055961594,-0.22156581
25.904297,0.037893392,-0.28314981,0.043828323,-0.26192927
25.90625,0.047488619,-0.2892186,0.04022038,-0.23436119
25.908203,0.049062368,-0.28130561,0.051169008,-0.18207191
25.910156,0.048647482,-0.29370394,0.061225429,-0.17998999
25.912109,0.045760605,-0.31027666,0.04141061,-0.22982921
25.914063,0.045071121,-0.30964518,0.041801766,-0.25877541
25.916016,0.043599214,-0.28982109,0.059716687,-0.23316363
25.917969,0.041736469,-0.28305125,0.049125686,-0.19022192
25.919922,0.045242202,-0.3034482,0.052569717,-0.19229405
25.921875,0.03766267,-0.30059394,0.064844549,-0.23326154
25.923828,0.034413069,-0.29259226,0.0468961,-0.25213525
25.925781,0.042683296,-0.29801843,0.028515518,-0.23058859
25.927734,0.046406582,-0.2968367,0.041393846,-0.21086189
25.929688,0.045760047,-0.29415163,0.03865017,-0.204402
25.931641,0.049243074,-0.30092478,0.042435065,-0.20621622
25.933594,0.038425341,-0.3137596,0.062480852,-0.22866488
25.935547,0.038753927,-0.30629247,0.052627459,-0.23184942
25.9375,0.045577113,-0.28815845,0.040488601,-0.20612943
25.939453,0.036142584,-0.27866054,0.04462181,-0.19983695
25.941406,0.04008558,-0.28900793,0.046553373,-0.21909595
25.943359,0.045612451,-0.30330786,0.044465348,-0.2222508
25.945313,0.047062725,-0.29633087,0.05081138,-0.20086658
25.947266,0.042437021,-0.28001171,0.051940143,-0.18253338
25.949219,0.045286618,-0.28131691,0.049047455,-0.19261082
25.951172,0.043995544,-0.30214372,0.050436988,-0.22621568
25.953125,0.037361115,-0.30365077,0.04779017,-0.21868168
25.955078,0.053273704,-0.28156573,0.056758806,-0.1767125
25.957031,0.050579354,-0.26938647,0.053745046,-0.1690369
25.958984,0.046393987,-0.28191307,0.040915146,-0.19765393
25.960938,0.047032636,-0.3140972,0.047523811,-0.21938466
25.962891,0.037552018,-0.32518378,0.042557999,-0.2025
25.964844,0.043109439,-0.29146633,0.051332921,-0.16966687
25.966797,0.042524707,-0.2804673,0.055110365,-0.17092502
25.96875,0.039767034,-0.30023932,0.041974992,-0.1967105
25.970703,0.043711968,-0.31855729,0.045916349,-0.21122545
25.972656,0.048315052,-0.32605916,0.042124003,-0.20261747
25.974609,0.041843716,-0.30429792,0.052910581,-0.17345421
25.976563,0.040439505,-0.30052695,0.059109464,-0.15918629
25.978516,0.043082416,-0.31633714,0.054011405,-0.17511639
25.980469,0.044611603,-0.32170132,0.047954082,-0.20364192
25.982422,0.048136998,-0.31634343,0.040142149,-0.21035501
25.984375,0.036970306,-0.29947928,0.043809697,-0.17701699
25.986328,0.044303976,-0.31044227,0.040879756,-0.15011963
25.988281,0.051127028,-0.33349377,0.052819312,-0.16744776
25.990234,0.041632686,-0.32600409,0.062780738,-0.1993324
25.992188,0.042957969,-0.30915394,0.052938521,-0.19363993
25.994141,0.047584042,-0.31711006,0.046493769,-0.17107335
25.996094,0.040404599,-0.33457708,0.051085189,-0.17399105
25.998047,0.04918858,-0.33410078,0.045726359,-0.18419887
26.0,0.045173548,-0.32111534,0.041386396,-0.18083273
26.001953,0.036650222,-0.31158879,0.059631005,-0.16661784
26.003906,0.046486173,-0.33905652,0.047028348,-0.16496579
26.005859,0.030149465,-0.35245627,0.049788788,-0.17205729
26.007813,0.043601066,-0.32867709,0.067785665,-0.18399259
26.009766,0.046842199,-0.31111607,0.050928727,-0.18666449
26.011719,0.029175339,-0.31010821,0.051643983,-0.17407045
26.013672,0.046048637,-0.34776857,0.060351849,-0.18118267
26.015625,0.046194892,-0.35281762,0.061869904,-0.18324299
26.017578,0.040426392,-0.30341771,0.046620429,-0.18720286
26.019531,0.0427435,-0.29578912,0.043753818,-0.20197223
26.021484,0.04309215,-0.33160752,0.056596756,-0.19800836
26.023438,0.041414898,-0.34205985,0.064855725,-0.18245445
26.025391,0.037691344,-0.31654984,0.064395651,-0.17494945
26.027344,0.048040394,-0.29345191,0.040682316,-0.20669177
26.029297,0.053421956,-0.29759333,0.045366868,-0.235502
26.03125,0.049255073,-0.31842881,0.044191539,-0.22196522
26.033203,0.036075477,-0.34139326,0.047337547,-0.18102051
26.035156,0.034411073,-0.34025583,0.056505486,-0.16779701
26.037109,0.056180671,-0.29763412,0.047585279,-0.21496262
26.039063,0.048677471,-0.27460411,0.064496234,-0.24107254
26.041016,0.044137254,-0.31470075,0.055097327,-0.22272024
26.042969,0.049579114,-0.36168072,0.049092159,-0.20150605
26.044922,0.047031876,-0.34532526,0.05998677,-0.20716029
26.046875,0.049502626,-0.3097192,0.053309187,-0.22057046
26.048828,0.04678683,-0.32520077,0.052945971,-0.22405407
26.050781,0.054309912,-0.35955754,0.043791071,-0.23226473
26.052734,0.044326808,-0.36529535,0.039309546,-0.23044282
26.054688,0.031390321,-0.37673783,0.04695943,-0.2163972
26.056641,0.045283575,-0.40022078,0.052096605,-0.20974663
26.058594,0.048228618,-0.35146016,0.055495933,-0.22728686
26.060547,0.036549281,-0.30761692,0.051673785,-0.2406524
26.0625,0.039615981,-0.37184727,0.051500559,-0.23554578
26.064453,0.040282972,-0.37451208,0.057917371,-0.22323242
26.066406,0.034901842,-0.32250884,0.041323066,-0.232839
26.068359,0.039361451,-0.34422839,0.014499113,-0.2510502
26.070313,0.041181307,-0.33366498,0.038853198,-0.23364855
26.072266,0.043077793,-0.289242,0.054328054,-0.19818565
26.074219,0.040616576,-0.2813555,0.045882821,-0.18757859
26.076172,0.039573401,-0.31690279,0.051798582,-0.22671743
26.078125,0.034365881,-0.32789323,0.046061635,-0.24821514
26.080078,0.033785399,-0.27353111,0.054093361,-0.21853633
26.082031,0.04402091,-0.2577599,0.058764875,-0.18684791
26.083984,0.039844763,-0.28131667,0.064362124,-0.19411619
26.085938,0.040700771,-0.28493112,0.061312973,-0.2242014
26.087891,0.030227922,-0.2761654,0.05042395,-0.22975388
26.089844,0.039716292,-0.27227458,0.043364525,-0.22288188
26.091797,0.04951074,-0.25636101,0.034869,-0.21806939
26.09375,0.033771742,-0.22060277,0.042170569,-0.20000616
26.095703,0.044424526,-0.23003496,0.043439031,-0.18763028
26.097656,0.044165257,-0.27021843,0.05914858,-0.20818067
26.099609,0.042198416,-0.25650343,0.059251025,-0.23519561
26.101563,0.037570909,-0.21176904,0.048965499,-0.22704315
26.103516,0.039514787,-0.20920552,0.04997319,-0.20230851
26.105469,0.042115014,-0.23647209,0.039173573,-0.20977952
26.107422,0.043350037,-0.23553942,0.049319401,-0.23394826
26.109375,0.049053937,-0.22178513,0.043751955,-0.21913204
26.111328,0.03019035,-0.21946555,0.051908478,-0.18815391
26.113281,0.038138445,-0.22631834,0.060344398,-0.20073672
26.115234,0.049023353,-0.23671539,0.042617604,-0.22881418
26.117188,0.040819071,-0.22123595,0.045050219,-0.23366235
26.119141,0.041855086,-0.20200862,0.049410671,-0.21149687
26.121094,0.034907881,-0.21196562,0.04773429,-0.18424171
26.123047,0.044579551,-0.23986344,0.052808136,-0.19691527
26.125,0.041200858,-0.23201868,0.057407007,-0.22620328
26.126953,0.037352998,-0.19795933,0.052122682,-0.22457439
26.128906,0.052803129,-0.19553499,0.052327573,-0.20934017
26.130859,0.042283285,-0.22279061,0.039756581,-0.20518734
26.132813,0.042792682,-0.25098279,0.054294527,-0.21270357
26.134766,0.044689938,-0.23389408,0.042973369,-0.21104513
26.136719,0.038699083,-0.18845868,0.036778212,-0.20658921
26.138672,0.031744052,-0.19271745,0.060130194,-0.2128828
26.140625,0.033294059,-0.24987482,0.057660326,-0.20500131
26.142578,0.046661031,-0.24877876,0.071903974,-0.19548441
26.144531,0.048385125,-0.18479003,0.059319943,-0.21897906
26.146484,0.042922806,-0.17487028,0.062186554,-0.25021341
26.148438,0.042712636,-0.23522912,0.055553675,-0.24214897
26.150391,0.040079031,-0.2638056,0.030197486,-0.21419887
26.152344,0.041843545,-0.21478432,0.028521106,-0.21541774
26.154297,0.047272548,-0.16975842,0.03989628,-0.24199122
26.15625,0.0427288,-0.18220654,0.050308466,-0.23456411
26.158203,0.039545614,-0.22701119,0.041364044,-0.1983324
26.160156,0.044244707,-0.24627891,0.049358517,-0.20687275
26.162109,0.047213152,-0.21654755,0.04143855,-0.25276884
26.164063,0.033390209,-0.16991717,0.037743062,-0.25551364
26.166016,0.034166545,-0.19361234,0.051396251,-0.21121684
26.167969,0.039088354,-0.25594318,0.057904333,-0.18909065
26.169922,0.04375416,-0.23551282,0.062311351,-0.20741338
26.171875,0.046578955,-0.1671389,0.061076418,-0.23277311
26.173828,0.042831071,-0.16240011,0.056119919,-0.23793374
26.175781,0.042781591,-0.23291449,0.056246579,-0.22728884
26.177734,0.04322698,-0.25575042,0.052802548,-0.20835517
26.179688,0.047139421,-0.20271729,0.06248644,-0.19972834
26.181641,0.047779277,-0.15557095,0.065489024,-0.21996929
26.183594,0.047719978,-0.17787565,0.023914784,-0.2463735
26.185547,0.040726375,-0.24416225,0.036195204,-0.25643942
26.1875,0.047698587,-0.25254276,0.046629742,-0.23091443
26.189453,0.046789799,-0.20038968,0.024600238,-0.19624344
26.191406,0.037700921,-0.16523121,0.037590325,-0.21960101
26.193359,0.030422566,-0.20821896,0.044998065,-0.2591868
26.195313,0.033645421,-0.27645487,0.046870023,-0.24046758
26.197266,0.048437245,-0.24782979,0.05221954,-0.20110175
26.199219,0.040902428,-0.16568045,0.05590944,-0.19898805
26.201172,0.047153704,-0.17496778,0.046609253,-0.23387952
26.203125,0.03635719,-0.26150599,0.049975052,-0.24743627
26.205078,0.027952453,-0.28453702,0.063680395,-0.21296977
26.207031,0.045023408,-0.20958358,0.048615322,-0.19146261
26.208984,0.042111423,-0.14500067,0.042423889,-0.20870751
26.210938,0.042403821,-0.17385474,0.059128091,-0.23598443
26.212891,0.041199312,-0.25492996,0.042233899,-0.22468248
26.214844,0.038174342,-0.26582447,0.029795155,-0.1975555
26.216797,0.042052791,-0.19011143,0.042237625,-0.20724522
26.21875,0.048905898,-0.136447,0.045245796,-0.21053505
26.220703,0.049652774,-0.17883976,0.047687724,-0.19962688
26.222656,0.051289514,-0.25578958,0.040838778,-0.21032271
26.224609,0.048872486,-0.24681413,0.043025523,-0.22988543
26.226563,0.03289704,-0.18068732,0.046626016,-0.20808002
26.228516,0.04144951,-0.16468808,0.044696316,-0.17524165
26.230469,0.042398311,-0.21513869,0.040322825,-0.18906061
26.232422,0.034730297,-0.24447785,0.038398713,-0.21962698
26.234375,0.039519154,-0.21891357,0.043370113,-0.20364286
26.236328,0.03424871,-0.19135067,0.046756402,-0.15595192
26.238281,0.038855392,-0.18923296,0.059053585,-0.15248117
26.240234,0.041481476,-0.21945764,0.060566053,-0.18730484
26.242188,0.044542033,-0.22953263,0.061694816,-0.20115022
26.244141,0.037828125,-0.19587609,0.05828245,-0.17957318
26.246094,0.036590144,-0.18252896,0.056455195,-0.17166834
26.248047,0.040772606,-0.20535101,0.067560285,-0.18374765
26.25,0.038999632,-0.20757821,0.047782719,-0.18574877
26.251953,0.053269774,-0.18247162,0.039344937,-0.18509638
26.253906,0.054393198,-0.16699368,0.052459821,-0.19989714
26.255859,0.03951909,-0.18094641,0.053689167,-0.19713111
26.257813,0.031527441,-0.22571903,0.059224948,-0.16837624
26.259766,0.048348099,-0.22630711,0.050828144,-0.17615394
26.261719,0.049506571,-0.16049671,0.05382514,-0.21619709
26.263672,0.037741795,-0.13454442,0.063255712,-0.23703595
26.265625,0.042256787,-0.20697978,0.051172733,-0.21128552
26.267578,0.04278649,-0.25925556,0.05969806,-0.18516921
26.269531,0.044100225,-0.2102166,0.064811021,-0.21551536
26.271484,0.040612105,-0.15629458,0.0552333,-0.25280726
26.273438,0.044628695,-0.16970621,0.054868221,-0.25134152
26.275391,0.048713442,-0.22694355,0.047928005,-0.23214011
26.277344,0.049718436,-0.24361435,0.039547965,-0.22691689
26.279297,0.049797472,-0.20949395,0.044755921,-0.25232175
26.28125,0.030685605,-0.18197982,0.050489143,-0.27544171
26.283203,0.039317157,-0.20861448,0.051865637,-0.25163135
26.285156,0.051861744,-0.26264533,0.046549648,-0.22762063
26.287109,0.044383317,-0.24009266,0.04894501,-0.24677067
26.289063,0.045999475,-0.19366397,0.050746188,-0.25113204
26.291016,0.042093862,-0.2206151,0.038458318,-0.23266001
26.292969,0.040813819,-0.27742106,0.053590447,-0.2293288
26.294922,0.039986301,-0.28868833,0.063430801,-0.2210222
26.296875,0.036851909,-0.22685106,0.038089514,-0.21477419
26.298828,0.045131367,-0.18823703,0.033671319,-0.22082396
26.300781,0.043008942,-0.23858933,0.039082304,-0.21523432
26.302734,0.039200123,-0.29633796,0.047814384,-0.19174679
26.304688,0.041852612,-0.28310701,0.061933234,-0.16891384
26.306641,0.038185552,-0.2224611,0.040261358,-0.18736729
26.308594,0.042283121,-0.21298599,0.033961892,-0.23234639
26.310547,0.046938289,-0.25641707,0.04464975,-0.23482168
26.3125,0.04741938,-0.28372455,0.051640257,-0.17591476
26.314453,0.035020124,-0.26293045,0.042308405,-0.13716167
26.316406,0.033616509,-0.2282747,0.037189856,-0.18489923
26.318359,0.05247125,-0.23557179,0.047322646,-0.23463599
26.320313,0.042717457,-0.25655362,0.03557308,-0.19842419
26.322266,0.039272271,-0.25959754,0.0385589,-0.14337145
26.324219,0.043063141,-0.26304033,0.045521468,-0.1466199
26.326172,0.031978972,-0.24891956,0.054715484,-0.17517431
26.328125,0.037403725,-0.24543485,0.051906615,-0.18496628
26.330078,0.038597357,-0.26237422,0.040756822,-0.17228895
26.332031,0.04464766,-0.24271615,0.040725157,-0.16081122
26.333984,0.046269882,-0.23348556,0.044480249,-0.15433159
26.335938,0.036807351,-0.25680646,0.046147317,-0.13970587
26.337891,0.044123109,-0.27747399,0.04214263,-0.15020415
26.339844,0.042645026,-0.25176999,0.054335505,-0.16807577
26.341797,0.032533955,-0.21929379,0.056742042,-0.15031131
26.34375,0.039180789,-0.24120408,0.043679312,-0.12490285
26.345703,0.040385224,-0.25331116,0.055961594,-0.14109983
26.347656,0.044271972,-0.23727781,0.047119617,-0.17661308
26.349609,0.047246993,-0.23673147,0.023979977,-0.16290407
26.351563,0.036040939,-0.24621326,0.047546163,-0.12424476
26.353516,0.041552991,-0.2445658,0.046171531,-0.12125567
26.355469,0.044369057,-0.24510108,0.041153565,-0.14413524
26.357422,0.040575586,-0.24026461,0.053456336,-0.15927435
26.359375,0.035286993,-0.22975767,0.032348841,-0.14406842
26.361328,0.031978339,-0.23057164,0.0262077,-0.11760786
26.363281,0.043196622,-0.24761327,0.04798016,-0.12813267
26.365234,0.048328459,-0.24704289,0.055713862,-0.13722169
26.367188,0.04498611,-0.22004572,0.054115713,-0.11536308
26.369141,0.045852721,-0.22023256,0.044066742,-0.11537321
26.371094,0.040918149,-0.25565815,0.03987579,-0.14217132
26.373047,0.040460382,-0.26340589,0.050658643,-0.14365445
26.375,0.049493529,-0.21486033,0.046341032,-0.10253888
26.376953,0.041717339,-0.19691084,0.047456756,-0.084525593
26.378906,0.041429356,-0.23986618,0.043284431,-0.11608596
26.380859,0.046859339,-0.2746118,0.051116854,-0.13351183
26.382813,0.037826374,-0.25643423,0.062799364,-0.11454049
26.384766,0.041494589,-0.22064699,0.051250964,-0.091105968
26.386719,0.05042997,-0.22860521,0.053866118,-0.11131858
26.388672,0.040642798,-0.25547206,0.051277041,-0.14159623
26.390625,0.038009483,-0.27813131,0.05500792,-0.1246926
26.392578,0.050649811,-0.27596524,0.047413915,-0.11189664
26.394531,0.038660008,-0.23524466,0.043936357,-0.12134182
26.396484,0.037528671,-0.23371072,0.052348062,-0.12668633
26.398438,0.04137956,-0.28720269,0.04124856,-0.11926235
26.400391,0.032219067,-0.29805365,0.04914245,-0.12629955
26.402344,0.039855842,-0.25306693,0.052033275,-0.14541435
26.404297,0.040027793,-0.23098043,0.04407233,-0.12629081
26.40625,0.039310072,-0.26065797,0.037573561,-0.10734165
26.408203,0.038056161,-0.29612097,0.042831808,-0.13082483
26.410156,0.033534743,-0.28195515,0.052422568,-0.15167262
26.412109,0.034114558,-0.24404694,0.04596664,-0.12904142
26.414063,0.037832949,-0.22874875,0.046270251,-0.099636242
26.416016,0.038993623,-0.24271044,0.056801647,-0.11775972
26.417969,0.040575225,-0.25815177,0.066561908,-0.15627858
26.419922,0.041338567,-0.25001317,0.054864496,-0.14695896
26.421875,0.04520537,-0.22732097,0.052372277,-0.10869557
26.423828,0.053958792,-0.21919274,0.057721794,-0.11336149
26.425781,0.044270504,-0.2388185,0.047548026,-0.14790913
26.427734,0.043491263,-0.25753081,0.062354192,-0.1540675
26.429688,0.048221327,-0.24926585,0.053126648,-0.13335076
26.431641,0.041000649,-0.21465604,0.041859508,-0.12718005
26.433594,0.04799087,-0.21460761,0.048518464,-0.15019868
26.435547,0.043262631,-0.25586757,0.043066502,-0.1607278
26.4375,0.03681485,-0.27294442,0.052115232,-0.14408921
26.439453,0.040616736,-0.26478931,0.047453031,-0.13644996
26.441406,0.039124746,-0.2479184,0.054054245,-0.14717764
26.443359,0.042129286,-0.23926978,0.043608531,-0.16256723
26.445313,0.031965893,-0.26043335,0.030195624,-0.16227089
26.447266,0.034980793,-0.28879932,0.058783501,-0.15814687
26.449219,0.045312032,-0.27479735,0.049410671,-0.15417257
26.451172,0.0425709,-0.23143207,0.033531621,-0.14064837
26.453125,0.046779264,-0.23608221,0.033229873,-0.14970194
26.455078,0.045681842,-0.29003152,0.034123942,-0.17203389
26.457031,0.044052847,-0.30102387,0.056119919,-0.15722708
26.458984,0.040893864,-0.25641096,0.058876634,-0.11280061
26.460938,0.039394304,-0.23595963,0.057658464,-0.10737356
26.462891,0.044502854,-0.26117042,0.051448405,-0.16486183
26.464844,0.041072194,-0.28788128,0.050865397,-0.1971084
26.466797,0.042694993,-0.28421691,0.050412774,-0.14685145
26.46875,0.036345392,-0.26858571,0.028590024,-0.10158748
26.470703,0.030233495,-0.2658152,0.036226869,-0.12334976
26.472656,0.039439898,-0.28132105,0.045983404,-0.16896576
26.474609,0.038953092,-0.28726798,0.052441195,-0.16228026
26.476563,0.033130709,-0.26036191,0.05176878,-0.12164439
26.478516,0.040567335,-0.24804884,0.042559862,-0.12793116
26.480469,0.049167253,-0.26762825,0.0481776,-0.15514429
26.482422,0.042658504,-0.28070939,0.054775089,-0.16600543
26.484375,0.037859745,-0.26842296,0.065764695,-0.1500978
26.486328,0.034119893,-0.25488079,0.05715555,-0.1294512
26.488281,0.036956627,-0.25487882,0.046216235,-0.13785015
26.490234,0.038297575,-0.25217658,0.044405743,-0.16348085
26.492188,0.039990209,-0.2493567,0.039693251,-0.17409258
26.494141,0.043455616,-0.245921,0.0493045,-0.15635344
26.496094,0.045300633,-0.24929512,0.061596096,-0.12912802
26.498047,0.042810757,-0.26378363,0.060571641,-0.12039496
26.5,0.028833497,-0.25919881,0.042481631,-0.16896676
26.501953,0.03807069,-0.24217097,0.042107239,-0.21656473
26.503906,0.047793008,-0.23289889,0.044010863,-0.19001743
26.505859,0.039819449,-0.23453557,0.050246999,-0.12246488
26.507813,0.040186662,-0.25199735,0.064546525,-0.11091846
26.509766,0.044429746,-0.26139802,0.053331539,-0.18318623
26.511719,0.042952996,-0.25052184,0.049725458,-0.23007961
26.513672,0.044453215,-0.24021029,0.045009241,-0.2008958
26.515625,0.04188484,-0.24596483,0.042433202,-0.14682177
26.517578,0.039669361,-0.25414521,0.042455554,-0.14310631
26.519531,0.045070443,-0.26012886,0.043448344,-0.18760455
26.521484,0.044352129,-0.25827277,0.062967002,-0.2109212
26.523438,0.036993407,-0.24514672,0.059277102,-0.18481338
26.525391,0.031534612,-0.25430256,0.041388258,-0.16624449
26.527344,0.032610409,-0.2771402,0.040239006,-0.19722727
26.529297,0.043197952,-0.27855721,0.032427073,-0.21299298
26.53125,0.042271681,-0.24656215,0.034919292,-0.19432783
26.533203,0.032138277,-0.23121542,0.051124305,-0.16993213
26.535156,0.050432526,-0.27768648,0.050753638,-0.15754105
26.537109,0.051237728,-0.292337,0.04949449,-0.17441295
26.539063,0.03685068,-0.25675148,0.035133496,-0.20819178
26.541016,0.036177076,-0.24187987,0.035655037,-0.21779472
26.542969,0.041609459,-0.25764421,0.047214612,-0.18028697
26.544922,0.047078051,-0.27457133,0.041874409,-0.13016942
26.546875,0.042398635,-0.26344571,0.039520025,-0.14508286
26.548828,0.037676871,-0.25720444,0.032121599,-0.21548364
26.550781,0.039091691,-0.25813028,0.037387297,-0.22302286
26.552734,0.047219981,-0.27627483,0.043802246,-0.14952859
26.554688,0.037857175,-0.28345889,0.04128395,-0.10041599
26.556641,0.043577194,-0.2544727,0.044130072,-0.13942875
26.558594,0.0426782,-0.24551366,0.053368792,-0.20076303
26.560547,0.041317102,-0.27008027,0.041105136,-0.18518957
26.5625,0.057653498,-0.30349821,0.04557921,-0.11663387
26.564453,0.040010117,-0.27500677,0.05308567,-0.10389326
26.566406,0.040144615,-0.24468024,0.047201574,-0.13794218
26.568359,0.040583875,-0.29191506,0.052806273,-0.15948449
26.570313,0.037113383,-0.32476521,0.04304415,-0.15932995
26.572266,0.046533003,-0.29392141,0.045562446,-0.13443348
26.574219,0.03867963,-0.25523156,0.046810418,-0.11580319
26.576172,0.03505227,-0.27551693,0.048894718,-0.12578237
26.578125,0.042528842,-0.33135471,0.040376842,-0.15093443
26.580078,0.040968183,-0.33386463,0.040458798,-0.15770817
26.582031,0.034553997,-0.28170294,0.053404182,-0.13334936
26.583984,0.045943379,-0.27190512,0.05703634,-0.10291287
26.585938,0.045041915,-0.31049868,0.051841423,-0.12066027
26.587891,0.037850745,-0.33478087,0.046871886,-0.17757013
26.589844,0.044183612,-0.32160935,0.058537632,-0.18085706
26.591797,0.046426706,-0.29436782,0.039756581,-0.12283176
26.59375,0.035466559,-0.29613715,0.03562896,-0.099351026
26.595703,0.039758068,-0.33024114,0.049814865,-0.14886525
26.597656,0.045270883,-0.34947011,0.035330936,-0.17961165
26.599609,0.033558108,-0.30522394,0.040747508,-0.13928817
26.601563,0.047483295,-0.28395477,0.051180184,-0.10794533
26.603516,0.04090149,-0.32722837,0.045120999,-0.12387252
26.605469,0.026226431,-0.35193369,0.041788727,-0.15633528
26.607422,0.039198302,-0.34354067,0.037389159,-0.16456154
26.609375,0.039271679,-0.31262192,0.046881199,-0.13924697
26.611328,0.038724553,-0.29658371,0.046862572,-0.11420207
26.613281,0.044696894,-0.32232559,0.046307504,-0.1084547
26.615234,0.040358435,-0.34168163,0.047110304,-0.13392295
26.617188,0.033336729,-0.33383855,0.046573862,-0.16004974
26.619141,0.040339615,-0.3112101,0.05510664,-0.14400998
26.621094,0.04510827,-0.29441798,0.054728523,-0.10851361
26.623047,0.034951549,-0.29967275,0.062881321,-0.10277742
26.625,0.03395379,-0.33075547,0.058027267,-0.14313279
26.626953,0.037587095,-0.34349892,0.03781198,-0.1743059
26.628906,0.041369684,-0.30203003,0.034226388,-0.15201482
26.630859,0.04392679,-0.27422947,0.042408988,-0.11441337
26.632813,0.037817672,-0.3052091,0.027204216,-0.10620335
26.634766,0.04193031,-0.34361073,0.028038681,-0.13481556
26.636719,0.048109327,-0.32879573,0.047546163,-0.16159539
26.638672,0.042974122,-0.2840296,0.04041037,-0.13590933
26.640625,0.035979979,-0.27730116,0.038331658,-0.097106248
26.642578,0.036191348,-0.32368904,0.044009,-0.11693992
26.644531,0.037209447,-0.34538659,0.05998677,-0.14214116
26.646484,0.034000225,-0.30482447,0.055456817,-0.12461518
26.648438,0.040309928,-0.27007943,0.037623852,-0.10569112
26.650391,0.052793924,-0.28638625,0.0406432,-0.11704138
26.652344,0.040044125,-0.32877129,0.043113068,-0.13105336
26.654297,0.0343665,-0.34527805,0.050260037,-0.10743915
26.65625,0.034341563,-0.31190684,0.041403159,-0.086015247
26.658203,0.030842468,-0.26566556,0.037316516,-0.09906441
26.660156,0.041887864,-0.27596036,0.039274156,-0.11219635
26.662109,0.037847064,-0.31954205,0.044683278,-0.10268941
26.664063,0.03769071,-0.32162246,0.054400697,-0.092512093
26.666016,0.035493091,-0.28444219,0.047005996,-0.095090687
26.667969,0.042457674,-0.27836105,0.067372158,-0.094015308
26.669922,0.037986118,-0.30060524,0.066494852,-0.096984074
26.671875,0.031748425,-0.2954722,0.046549648,-0.1158256
26.673828,0.038409036,-0.28780735,0.050615802,-0.13141908
26.675781,0.039154537,-0.27862021,0.046117514,-0.11528939
26.677734,0.047742635,-0.26529357,0.040589184,-0.077449925
26.679688,0.035554912,-0.26821581,0.057194665,-0.086015999
26.681641,0.04113118,-0.28675815,0.064786807,-0.12575297
26.683594,0.046636749,-0.29399931,0.047181085,-0.12795131
26.685547,0.047044184,-0.26226816,0.050286114,-0.11613753
26.6875,0.047269806,-0.2483986,0.050498456,-0.1260865
26.689453,0.045125857,-0.28486937,0.036163539,-0.14142573
26.691406,0.044837251,-0.31257802,0.045165703,-0.13289087
26.693359,0.032367602,-0.29272166,0.049017653,-0.11770926
26.695313,0.043416332,-0.27897432,0.044508189,-0.11824512
26.697266,0.042308811,-0.28126061,0.050913826,-0.13730527
26.699219,0.0340361,-0.28403187,0.061724618,-0.15293171
26.701172,0.036644317,-0.31607187,0.067947716,-0.13311927
26.703125,0.044674844,-0.32237273,0.040427133,-0.1199754
26.705078,0.042229116,-0.28442565,0.04959321,-0.15079379
26.707031,0.040625241,-0.27403542,0.059739038,-0.17775145
26.708984,0.042950209,-0.3198449,0.049662128,-0.15099123
26.710938,0.031848099,-0.34049156,0.061417282,-0.1279555
26.712891,0.03782969,-0.29991198,0.046843946,-0.15781654
26.714844,0.03971846,-0.2785702,0.054106399,-0.18722923
26.716797,0.049738895,-0.29861838,0.047665372,-0.18059687
26.71875,0.048762947,-0.32258311,0.042667896,-0.16332421
26.720703,0.039695606,-0.32334533,0.059770703,-0.16733448
26.722656,0.04433129,-0.31970003,0.046396911,-0.18221976
26.724609,0.03958524,-0.309551,0.055536911,-0.18691653
26.726563,0.042026415,-0.30847219,0.057183489,-0.19764595
26.728516,0.039027628,-0.32632586,0.041725397,-0.21348228
26.730469,0.04477768,-0.3244223,0.046348482,-0.20519637
26.732422,0.054160938,-0.32113281,0.03412953,-0.19531101
26.734375,0.042493105,-0.32302991,0.036040604,-0.20558682
26.736328,0.039583325,-0.35100073,0.05283235,-0.21912214
26.738281,0.042189527,-0.37930664,0.057027027,-0.19774735
26.740234,0.038952969,-0.37203953,0.049982503,-0.17551778
26.742188,0.03617309,-0.36449432,0.049425572,-0.21226743
26.744141,0.037333708,-0.35113972,0.061666876,-0.25090566
26.746094,0.042562224,-0.34627652,0.058703408,-0.22969806
26.748047,0.031260606,-0.36026528,0.060601443,-0.18622975
26.75,0.034112185,-0.38303763,0.038905352,-0.19743286
26.751953,0.046592794,-0.37210485,0.022892192,-0.25914666
26.753906,0.034622081,-0.34365898,0.032417759,-0.28307715
26.755859,0.034034159,-0.34994933,0.041265324,-0.2349396
26.757813,0.035819355,-0.34653771,0.044465348,-0.18172279
26.759766,0.038997006,-0.31923681,0.043826461,-0.17300613
26.761719,0.049776994,-0.30007777,0.055039585,-0.2374856
26.763672,0.048203502,-0.32080865,0.053441435,-0.26912916
26.765625,0.043791682,-0.34608555,0.063054547,-0.22665846
26.767578,0.037219997,-0.34312883,0.051595554,-0.22686858
26.769531,0.037523206,-0.32875672,0.033626616,-0.22282659
26.771484,0.039719049,-0.31215206,0.044158012,-0.21530104
26.773438,0.03763438,-0.31187096,0.044931009,-0.22884753
26.775391,0.038392253,-0.32424098,0.059694335,-0.21813825
26.777344,0.030823015,-0.33650526,0.048464447,-0.20163713
26.779297,0.028896974,-0.33278912,0.049984366,-0.21163221
26.78125,0.037808683,-0.31284606,0.059981182,-0.24229315
26.783203,0.032916691,-0.30212212,0.041647166,-0.24462017
26.785156,0.033468071,-0.30923218,0.042647406,-0.22364837
26.787109,0.036678277,-0.32691172,0.04083319,-0.21766724
26.789063,0.035677247,-0.31915364,0.053450748,-0.23009667
26.791016,0.03976959,-0.28807777,0.034131393,-0.24023651
26.792969,0.035773333,-0.28132313,0.045977816,-0.24245328
26.794922,0.037796207,-0.29955849,0.062926024,-0.23588198
26.796875,0.030985687,-0.3089284,0.032451287,-0.22413073
26.798828,0.034934718,-0.28755915,0.043344036,-0.24020414
26.800781,0.040700298,-0.26302764,0.044286534,-0.25057745
26.802734,0.039979726,-0.2479482,0.040378705,-0.2298224
26.804688,0.044871159,-0.26536173,0.043472558,-0.21863349
26.806641,0.033737268,-0.29551741,0.037968442,-0.22830206
26.808594,0.033349611,-0.28172249,0.036949575,-0.24737847
26.810547,0.03676163,-0.25025317,0.045167565,-0.24349828
26.8125,0.036273062,-0.23169824,0.045420885,-0.22513184
26.814453,0.030579461,-0.2453324,0.052655399,-0.2183297
26.816406,0.035277847,-0.2592712,0.050789028,-0.22499587
26.818359,0.044181265,-0.24837503,0.03733328,-0.23833054
26.820313,0.045480017,-0.22717912,0.02726382,-0.23108289
26.822266,0.037092078,-0.22576147,0.037798941,-0.21839623
26.824219,0.034563381,-0.2560201,0.048145935,-0.20340542
26.826172,0.041428458,-0.26262113,0.028685018,-0.19034614
26.828125,0.03812889,-0.22188857,0.04648073,-0.20929551
26.830078,0.046522815,-0.19269784,0.046750814,-0.22993618
26.832031,0.043591563,-0.21893208,0.031164199,-0.21405819
26.833984,0.043093786,-0.26104975,0.040618986,-0.18914205
26.835938,0.044520948,-0.26846379,0.036564007,-0.19217908
26.837891,0.037500307,-0.22573686,0.055974633,-0.1985133
26.839844,0.034525473,-0.19915469,0.053488001,-0.18841958
26.841797,0.032514524,-0.2361587,0.027993977,-0.18366243
26.84375,0.029819096,-0.27285567,0.052303359,-0.19652866
26.845703,0.039506987,-0.24978942,0.050425813,-0.19814479
26.847656,0.048244391,-0.20390327,0.048391804,-0.17949755
26.849609,0.040648293,-0.2108365,0.045560583,-0.17301521
26.851563,0.045998815,-0.27017164,0.040017352,-0.18877929
26.853516,0.045430526,-0.28862649,0.060349986,-0.19318427
26.855469,0.04032962,-0.22589488,0.041518643,-0.17700633
26.857422,0.043637991,-0.19358107,0.041237384,-0.1773327
26.859375,0.043439168,-0.23850383,0.04291749,-0.18751119
26.861328,0.040296786,-0.28129596,0.036886245,-0.18434912
26.863281,0.038480494,-0.27205455,0.048855603,-0.17462505
26.865234,0.038035203,-0.23726627,0.057207704,-0.18336745
26.867188,0.037782446,-0.22988583,0.047363624,-0.19455053
26.869141,0.034290895,-0.25894874,0.023886845,-0.19132052
26.871094,0.036180362,-0.28875205,0.043686762,-0.19119486
26.873047,0.036935654,-0.27025512,0.042833671,-0.18932901
26.875,0.037410647,-0.22971733,0.037979618,-0.17548303
26.876953,0.034018658,-0.23624904,0.0645428,-0.16692948
26.878906,0.038695399,-0.2728247,0.057852179,-0.1805882
26.880859,0.052183129,-0.26818094,0.041753337,-0.19637895
26.882813,0.037343469,-0.2271191,0.034973308,-0.20617355
26.884766,0.032828748,-0.22260383,0.039456695,-0.19102553
26.886719,0.046765041,-0.26456219,0.053422809,-0.15618603
26.888672,0.049180266,-0.26848012,0.056280106,-0.15558021
26.890625,0.039806217,-0.23379152,0.049617425,-0.20187597
26.892578,0.032240063,-0.24257988,0.049352929,-0.2334857
26.894531,0.041715171,-0.26916257,0.047035798,-0.19965121
26.896484,0.042043239,-0.26947677,0.051068425,-0.1669559
26.898438,0.036507405,-0.25242442,0.04728353,-0.18139705
26.900391,0.04190423,-0.2464412,0.052966461,-0.2071813
26.902344,0.042895995,-0.26040253,0.05578278,-0.21076794
26.904297,0.041586276,-0.2736541,0.042707011,-0.19528796
26.90625,0.03589401,-0.28044355,0.048984125,-0.19976541
26.908203,0.042749979,-0.265908,0.048838839,-0.20835936
26.910156,0.043088529,-0.24662875,0.05241698,-0.20552029
26.912109,0.034263838,-0.26151595,0.050602764,-0.21221423
26.914063,0.043244388,-0.29467025,0.041680694,-0.22153048
26.916016,0.044136275,-0.28662458,0.043155909,-0.22093438
26.917969,0.036314052,-0.24156561,0.045435786,-0.20645982
26.919922,0.042559281,-0.26077053,0.026107118,-0.19832204
26.921875,0.046018783,-0.30688095,0.035325348,-0.21916148
26.923828,0.033482045,-0.28847417,0.067571461,-0.2236699
26.925781,0.04015531,-0.26649916,0.055562988,-0.1926153
26.927734,0.0413316,-0.27939466,0.04718481,-0.19943462
26.929688,0.036507949,-0.29227439,0.043848813,-0.25045002
26.931641,0.042174235,-0.28797951,0.038679972,-0.25281593
26.933594,0.041505523,-0.29444814,0.038467631,-0.19333602
26.935547,0.035968754,-0.29802135,0.03538309,-0.16844119
26.9375,0.038045682,-0.28421593,0.042753577,-0.20800099
26.939453,0.03957941,-0.28867313,0.041250423,-0.2376522
26.941406,0.031708524,-0.30198935,0.040114209,-0.21886642
26.943359,0.040952723,-0.2980147,0.06688042,-0.19382119
26.945313,0.040007588,-0.28330749,0.06184569,-0.19250989
26.947266,0.03357929,-0.28796205,0.036541656,-0.21340154
26.949219,0.045322664,-0.30974478,0.035353288,-0.23772682
26.951172,0.039610788,-0.3041023,0.031896219,-0.23324472
26.953125,0.033601124,-0.2802701,0.051379487,-0.19501008
26.955078,0.041835655,-0.28979525,0.058494791,-0.16210465
26.957031,0.03718945,-0.29717815,0.05369848,-0.18812278
26.958984,0.040676713,-0.28394073,0.059904814,-0.24905467
26.960938,0.042937156,-0.28266871,0.042394087,-0.25758407
26.962891,0.03759468,-0.2983292,0.039408267,-0.20570433
26.964844,0.038884461,-0.30356294,0.041256011,-0.17136334
26.966797,0.035957426,-0.28493905,0.046253487,-0.19137833
26.96875,0.030508874,-0.28640297,0.049934074,-0.23679648
26.970703,0.03476914,-0.29522783,0.042956606,-0.24978489
26.972656,0.036198087,-0.28949344,0.039816186,-0.21561921
26.974609,0.033115864,-0.2779305,0.028465226,-0.19409895
26.976563,0.040386397,-0.28857732,0.03855145,-0.21226661
26.978516,0.03549552,-0.29123864,0.044837877,-0.2342297
26.980469,0.0288877,-0.27086943,0.043908417,-0.21561937
26.982422,0.032943465,-0.27169418,0.04157266,-0.18719675
26.984375,0.037361737,-0.26696691,0.037726298,-0.19870102
26.986328,0.033593342,-0.24485667,0.056566954,-0.22380489
26.988281,0.037419278,-0.24051386,0.053173214,-0.22721405
26.990234,0.040650945,-0.26434821,0.03781943,-0.20204157
26.992188,0.032891206,-0.26187152,0.06107828,-0.19490612
26.994141,0.036127098,-0.2350173,0.063488543,-0.20794685
26.996094,0.042094782,-0.22697237,0.042781517,-0.20858754
26.998047,0.040037349,-0.22722039,0.052009061,-0.22177792
27.0,0.031319655,-0.22987355,0.044565931,-0.22915079
27.001953,0.042202026,-0.23950459,0.042679071,-0.20626312
27.003906,0.044570461,-0.22746614,0.047209024,-0.19505012
27.005859,0.034245051,-0.20093375,0.031920433,-0.22607586
27.007813,0.034817446,-0.2096968,0.041613638,-0.25041831
27.009766,0.033077922,-0.24318716,0.036225006,-0.22963257
27.011719,0.040084142,-0.23605748,0.036485776,-0.20108993
27.013672,0.03812889,-0.1969112,0.043291882,-0.21113756
27.015625,0.036788803,-0.1940107,0.023631662,-0.24017334
27.017578,0.03936277,-0.22147501,0.04429771,-0.23428395
27.019531,0.031975605,-0.23808369,0.050306603,-0.20094249
27.021484,0.039020378,-0.2171177,0.042578489,-0.18992244
27.023438,0.041442104,-0.18982051,0.04567048,-0.21385475
27.025391,0.04199614,-0.18289298,0.04256545,-0.22904456
27.027344,0.043813165,-0.21432768,0.062234983,-0.21423118
27.029297,0.039651942,-0.2493123,0.055030271,-0.1930408
27.03125,0.039108545,-0.2241451,0.036323726,-0.19503836
27.033203,0.028895736,-0.18976061,0.042122141,-0.21741496
27.035156,0.028691413,-0.1956148,0.049919173,-0.22105201
27.037109,0.038274806,-0.22736789,0.062356055,-0.19973223
27.039063,0.042844206,-0.21526559,0.050274938,-0.18949397
27.041016,0.044235904,-0.18382017,0.02726382,-0.20717333
27.042969,0.045728605,-0.19759938,0.047829285,-0.23537302
27.044922,0.042148873,-0.22347875,0.049952701,-0.23446515
27.046875,0.042142004,-0.23502877,0.047887027,-0.19818293
27.048828,0.045641303,-0.21783656,0.047251865,-0.18708383
27.050781,0.036747515,-0.19096452,0.031825438,-0.21845526
27.052734,0.03880677,-0.20232765,0.042129591,-0.2512764
27.054688,0.047273774,-0.24504083,0.042634368,-0.24075815
27.056641,0.03538489,-0.25016266,0.051368311,-0.19437061
27.058594,0.038801555,-0.22372706,0.057844728,-0.18197988
27.060547,0.043659598,-0.21698056,0.051144794,-0.21693189
27.0625,0.037867591,-0.23679112,0.050960392,-0.25958148
27.064453,0.0459098,-0.2673856,0.052880779,-0.25752103
27.066406,0.031122571,-0.2655651,0.03867811,-0.20299576
27.068359,0.031961817,-0.24129,0.034110904,-0.18098971
27.070313,0.036982238,-0.2423871,0.044770822,-0.23069958
27.072266,0.03381101,-0.25413457,0.040116072,-0.26790708
27.074219,0.042385649,-0.25638404,0.05424796,-0.23306648
27.076172,0.031770155,-0.25529784,0.047063738,-0.19353236
27.078125,0.033690881,-0.25564134,0.038894176,-0.20620632
27.080078,0.03887951,-0.25982809,0.047177359,-0.25212866
27.082031,0.043392841,-0.24167259,0.040106758,-0.26453087
27.083984,0.042700514,-0.2316213,0.036081582,-0.2159465
27.085938,0.03785846,-0.25193921,0.032775387,-0.19145074
27.087891,0.047357049,-0.26688349,0.033380747,-0.21996801
27.089844,0.041654255,-0.25575367,0.033898562,-0.25070339
27.091797,0.037104834,-0.23216018,0.035992175,-0.24689312
27.09375,0.041599009,-0.24738999,0.032292962,-0.20852828
27.095703,0.044201143,-0.26498115,0.043604806,-0.18502875
27.097656,0.039435796,-0.25642642,0.04894501,-0.20025483
27.099609,0.037858512,-0.2586526,0.043176398,-0.22575729
27.101563,0.045082256,-0.26904014,0.05293107,-0.23140681
27.103516,0.040210906,-0.26894999,0.032509029,-0.20280211
27.105469,0.038353793,-0.27434874,0.038031772,-0.17157504
27.107422,0.031937614,-0.28705338,0.051671922,-0.18767649
27.109375,0.041042626,-0.28064966,0.034494609,-0.2088671
27.111328,0.040655158,-0.27325183,0.040082544,-0.20519753
27.113281,0.021678774,-0.27541953,0.045309126,-0.18608126
27.115234,0.038181219,-0.29292759,0.034475982,-0.16613518
27.117188,0.036860317,-0.29168269,0.030830786,-0.18566012
27.119141,0.030900279,-0.26303312,0.056665674,-0.20565864
27.121094,0.043397978,-0.2752353,0.060687125,-0.18389213
27.123047,0.041802242,-0.28998175,0.049509391,-0.15558155
27.125,0.038461298,-0.27076164,0.051845148,-0.17914651
27.126953,0.035817496,-0.27370426,0.064466432,-0.22235784
27.128906,0.039360423,-0.28843156,0.062469676,-0.20894285
27.130859,0.042463947,-0.2714403,0.035431519,-0.1719812
27.132813,0.027735384,-0.25167039,0.033177719,-0.1793351
27.134766,0.040809602,-0.27839953,0.048332199,-0.20964156
27.136719,0.046059065,-0.29294342,0.049222544,-0.20219959
27.138672,0.032220952,-0.2556794,0.04647328,-0.1764738
27.140625,0.04128271,-0.25686312,0.045201093,-0.19012134
27.142578,0.034350514,-0.29012918,0.038953781,-0.21951835
27.144531,0.039524551,-0.28261966,0.035617784,-0.22018984
27.146484,0.042664818,-0.25933287,0.019565508,-0.20863719
27.148438,0.031948972,-0.25944623,0.017009959,-0.20299023
27.150391,0.036548868,-0.27940279,0.041967541,-0.19231611
27.152344,0.038820125,-0.28548923,0.048518464,-0.17615038
27.154297,0.036292378,-0.26750627,0.036852717,-0.18560489
27.15625,0.035294805,-0.25893158,0.048073292,-0.21780734
27.158203,0.037222706,-0.25700212,0.051528499,-0.21109106
27.160156,0.036125325,-0.25947908,0.052117094,-0.16445147
27.162109,0.035163235,-0.27661121,0.052355513,-0.15635553
27.164063,0.049635667,-0.27316266,0.035357013,-0.19783776
27.166016,0.047334865,-0.23920046,0.043770581,-0.21455842
27.167969,0.037060034,-0.24346998,0.056626558,-0.17421451
27.169922,0.045814052,-0.30136526,0.049794376,-0.14171816
27.171875,0.040412646,-0.29460397,0.047674686,-0.17779964
27.173828,0.040910929,-0.2323266,0.04634662,-0.22263531
27.175781,0.045844201,-0.24671571,0.037204757,-0.20124458
27.177734,0.038796615,-0.30174848,0.038491845,-0.16321647
27.179688,0.036549512,-0.30895686,0.040026665,-0.16286775
27.181641,0.034539137,-0.2863223,0.041980579,-0.18490854
27.183594,0.039861865,-0.27801171,0.037061334,-0.1907147
27.185547,0.036537688,-0.28121695,0.051714763,-0.18667246
27.1875,0.031754676,-0.29096603,0.065969586,-0.19017169
27.189453,0.040899612,-0.31278664,0.053163901,-0.17747334
27.191406,0.039642926,-0.3150728,0.03355211,-0.17960332
27.193359,0.046347272,-0.28780869,0.023331776,-0.20845872
27.195313,0.042008422,-0.28973192,0.054771364,-0.21351831
27.197266,0.039648559,-0.32425949,0.052623734,-0.16887024
27.199219,0.054000583,-0.33096898,0.041397572,-0.12793611
27.201172,0.036074508,-0.31106445,0.061856866,-0.18175107
27.203125,0.034991819,-0.30645907,0.060959071,-0.2554726
27.205078,0.0445804,-0.33577114,0.035353288,-0.22723588
27.207031,0.035487335,-0.34161282,0.03434746,-0.16364232
27.208984,0.043180294,-0.33199039,0.053277522,-0.159958
27.210938,0.035921086,-0.3443802,0.038691148,-0.20255472
27.212891,0.029259812,-0.34921485,0.024089873,-0.22463475
27.214844,0.038385585,-0.36087838,0.030035436,-0.20807764
27.216797,0.031491943,-0.36204138,0.03017886,-0.17773992
27.21875,0.035121918,-0.34503189,0.028765112,-0.16064456
27.220703,0.033247143,-0.33935681,0.051051661,-0.18405913
27.222656,0.026657261,-0.34544307,0.036647826,-0.21305731
27.224609,0.03605685,-0.36115709,0.031836614,-0.1998387
27.226563,0.036039434,-0.35215196,0.055138305,-0.1705188
27.228516,0.042089716,-0.31277576,0.045709595,-0.15308787
27.230469,0.039603435,-0.3105602,0.054171592,-0.16313836
27.232422,0.035398666,-0.35461944,0.040147737,-0.199922
27.234375,0.036097925,-0.36828113,0.049298912,-0.19661638
27.236328,0.031613253,-0.31929415,0.062797502,-0.15469033
27.238281,0.038884565,-0.28687546,0.043960571,-0.13958405
27.240234,0.034976982,-0.31094885,0.060906917,-0.17359018
27.242188,0.026354093,-0.33769819,0.047322646,-0.21004121
27.244141,0.032731954,-0.34113291,0.038773105,-0.19207379
27.246094,0.038787853,-0.30997574,0.042496532,-0.16298242
27.248047,0.035946187,-0.27417174,0.04141061,-0.17011024
27.25,0.033984929,-0.28837779,0.054486379,-0.19135383
27.251953,0.042160917,-0.32992128,0.043735191,-0.19681877
27.253906,0.038330261,-0.32865766,0.034809396,-0.19548325
27.255859,0.028621174,-0.27899355,0.041360319,-0.19366856
27.257813,0.042752244,-0.26431566,0.043766856,-0.18766473
27.259766,0.043918259,-0.28893751,0.036567733,-0.17368069
27.261719,0.031226788,-0.30157143,0.030465707,-0.18568614
27.263672,0.033922847,-0.30611384,0.033634067,-0.21512571
27.265625,0.033901468,-0.29223835,0.053640738,-0.19455209
27.267578,0.032921989,-0.26588634,0.050925002,-0.16512807
27.269531,0.043654952,-0.27497512,0.042194784,-0.17640492
27.271484,0.037332363,-0.30039063,0.055844247,-0.21640226
27.273438,0.035690311,-0.29581207,0.051845148,-0.21629038
27.275391,0.049853757,-0.28118816,0.058388621,-0.17262271
27.277344,0.04120272,-0.27390945,0.055877775,-0.16042577
27.279297,0.038018137,-0.28734112,0.038221762,-0.1977948
27.28125,0.040146671,-0.30485237,0.032536969,-0.22667487
27.283203,0.036464136,-0.29534838,0.033844545,-0.20264116
27.285156,0.038598709,-0.27844143,0.037947953,-0.17431405
27.287109,0.034693353,-0.28210765,0.034693912,-0.17070477
27.289063,0.035867956,-0.30244964,0.036226869,-0.19104451
27.291016,0.035544083,-0.30910936,0.037057608,-0.2132445
27.292969,0.038296308,-0.30082926,0.045219719,-0.21540377
27.294922,0.039408714,-0.28683895,0.04169932,-0.18912999
27.296875,0.036714293,-0.28656876,0.040637612,-0.16536626
27.298828,0.037360828,-0.30508,0.043476284,-0.1794766
27.300781,0.036901943,-0.3077479,0.022203013,-0.20389017
27.302734,0.039362088,-0.29289034,0.034252465,-0.20678903
27.304688,0.024200575,-0.27463961,0.04612124,-0.16751616
27.306641,0.026201375,-0.2848008,0.040056467,-0.13146228
27.308594,0.032079965,-0.3035773,0.053288698,-0.15794879
27.310547,0.030493649,-0.27973378,0.044673964,-0.21059315
27.3125,0.035145242,-0.25430331,0.034947231,-0.20986386
27.314453,0.036648378,-0.25077984,0.046357796,-0.15164554
27.316406,0.035301521,-0.26190394,0.045189917,-0.12292775
27.318359,0.030833682,-0.27338681,0.04362902,-0.15607864
27.320313,0.041237682,-0.25840375,0.061922058,-0.19419092
27.322266,0.03539183,-0.21787579,0.051118717,-0.17875367
27.324219,0.03742341,-0.19875963,0.033721611,-0.14386627
27.326172,0.039694872,-0.23347352,0.04497385,-0.1577581
27.328125,0.033854496,-0.24915636,0.046588764,-0.18232727
27.330078,0.050759934,-0.21805984,0.052476585,-0.17596215
27.332031,0.03887219,-0.19352409,0.033086449,-0.1623756
27.333984,0.037548553,-0.21254438,0.020511732,-0.17053393
27.335938,0.043436084,-0.24897999,0.047792032,-0.1829512
27.337891,0.034799073,-0.2384558,0.05604355,-0.1699852
27.339844,0.047006845,-0.20616144,0.053990915,-0.15892482
27.341797,0.041276187,-0.20750813,0.055698961,-0.18235667
27.34375,0.027541038,-0.24022317,0.061961174,-0.20106304
27.345703,0.027486671,-0.2682285,0.051927105,-0.17783655
27.347656,0.03849794,-0.25595292,0.043914005,-0.17458291
27.349609,0.036816049,-0.2000462,0.052301496,-0.20166048
27.351563,0.035583083,-0.19546363,0.038517922,-0.19786906
27.353516,0.041213281,-0.26709932,0.036355391,-0.17190287
27.355469,0.043035831,-0.28952709,0.060323909,-0.18578754
27.357422,0.041153971,-0.2357917,0.057760909,-0.21722952
27.359375,0.030532956,-0.19039305,0.043798521,-0.20783596
27.361328,0.039873179,-0.22547923,0.05190289,-0.2023131
27.363281,0.040812213,-0.27456591,0.056887329,-0.21761863
27.365234,0.035850581,-0.2530348,0.055315256,-0.2329517
27.367188,0.034467764,-0.21371156,0.052778333,-0.22712912
27.369141,0.035798945,-0.21441261,0.0558815,-0.2159337
27.371094,0.029907068,-0.24791589,0.048648849,-0.23513064
27.373047,0.039012644,-0.26434344,0.043086991,-0.27057153
27.375,0.05130823,-0.23432265,0.058431461,-0.28819495
27.376953,0.040436942,-0.19602218,0.043139145,-0.28031731
27.378906,0.048971731,-0.22601694,0.030055925,-0.27228999
27.380859,0.034582317,-0.28827015,0.045771062,-0.25001201
27.382813,0.027727989,-0.27552053,0.035850614,-0.19869363
27.384766,0.038584776,-0.21171463,0.031570256,-0.18304457
27.386719,0.035878994,-0.19136913,0.046514258,-0.21453235
27.388672,0.037381105,-0.24102305,0.041611776,-0.18550919
27.390625,0.035322778,-0.28576601,0.038942605,-0.18651624
27.392578,0.033991221,-0.26163253,0.035945609,-0.21457076
27.394531,0.034765724,-0.21676123,0.034082964,-0.14039168
27.396484,0.03631762,-0.21574102,0.042753577,-0.072423756
27.398438,0.034733381,-0.2448211,0.039449245,-0.09374819
27.400391,0.042791251,-0.25952476,0.041650891,-0.15565501
27.402344,0.03392759,-0.23617052,0.039367288,-0.15335679
27.404297,0.028563447,-0.21406382,0.030713439,-0.10981444
27.40625,0.037178952,-0.23042141,0.033388197,-0.090368129
27.408203,0.034395173,-0.23891389,0.055544361,-0.098427385
27.410156,0.038791742,-0.22935387,0.053514078,-0.12006271
27.412109,0.029609282,-0.2151764,0.026593268,-0.12191645
27.414063,0.038145725,-0.21751392,0.027979076,-0.123171
27.416016,0.041660447,-0.23350385,0.02951017,-0.10623513
27.417969,0.035817929,-0.22896238,0.039629921,-0.066054903
27.419922,0.041892819,-0.22243583,0.053318501,-0.068658531
27.421875,0.03757504,-0.21588852,0.061516002,-0.10983807
27.423828,0.030858049,-0.22304638,0.053169489,-0.11700006
27.425781,0.037080608,-0.23733647,0.049377143,-0.093315065
27.427734,0.047880933,-0.22552195,0.048082605,-0.087929696
27.429688,0.032300066,-0.20184535,0.033049196,-0.098346248
27.431641,0.042525038,-0.21878825,0.021966457,-0.10558652
27.433594,0.040624473,-0.25551972,0.019435123,-0.08512985
27.435547,0.028411798,-0.23964737,0.041341692,-0.065430515
27.4375,0.04489531,-0.21631961,0.039035738,-0.078917578
27.439453,0.043719459,-0.21064,0.041485116,-0.097167015
27.441406,0.036316305,-0.21987808,0.045879096,-0.10199919
27.443359,0.039624598,-0.25198799,0.02694717,-0.077793643
27.445313,0.040761065,-0.26498303,0.032149538,-0.068866163
27.447266,0.034188576,-0.23405351,0.053152725,-0.078576244
27.449219,0.032395352,-0.21575016,0.046050459,-0.066059388
27.451172,0.0328274,-0.24764755,0.041205719,-0.05958553
27.453125,0.040435273,-0.26409295,0.0395163,-0.082165562
27.455078,0.046451017,-0.24566326,0.033581913,-0.094752625
27.457031,0.035986178,-0.22482368,0.04201597,-0.059152525
27.458984,0.032638215,-0.24936043,0.02565822,-0.03020376
27.460938,0.045321535,-0.28281221,0.031303898,-0.049995702
27.462891,0.040635183,-0.25720584,0.043487459,-0.076486826
27.464844,0.038978003,-0.22484173,0.049030691,-0.060109224
27.466797,0.036361936,-0.24178022,0.044698179,-0.027144946
27.46875,0.028425613,-0.28232947,0.043612257,-0.03916442
27.470703,0.040468369,-0.29127926,0.04570587,-0.082400665
27.472656,0.042064022,-0.2569598,0.043077677,-0.075653754
27.474609,0.032891817,-0.22911762,0.05131802,-0.03460158
27.476563,0.037682928,-0.26119569,0.051230475,-0.031208016
27.478516,0.047401972,-0.3129622,0.060167447,-0.047711283
27.480469,0.038644027,-0.29202002,0.056218639,-0.055313379
27.482422,0.029190764,-0.23617028,0.051476344,-0.061356209
27.484375,0.028120879,-0.2455136,0.04082574,-0.069522858
27.486328,0.030969899,-0.28810507,0.03935425,-0.065762758
27.488281,0.048316695,-0.29608774,0.051843286,-0.052246418
27.490234,0.047383711,-0.2496095,0.047996923,-0.054498006
27.492188,0.033991467,-0.22705986,0.046851397,-0.08640483
27.494141,0.041367218,-0.28355527,0.052340612,-0.11206952
27.496094,0.04044769,-0.32652214,0.034194723,-0.08424288
27.498047,0.033180479,-0.27409375,0.036564007,-0.063216351
27.5,0.039853267,-0.21328752,0.045856744,-0.0911154
27.501953,0.035410974,-0.24551629,0.039069265,-0.098654568
27.503906,0.022635637,-0.3025786,0.035550728,-0.073520273
27.505859,0.028155368,-0.31774884,0.04138267,-0.066400021
27.507813,0.040055607,-0.26071593,0.063140228,-0.099632807
27.509766,0.043154843,-0.20041768,0.055752978,-0.10785802
27.511719,0.037485704,-0.24702875,0.054391384,-0.090725638
27.513672,0.037861858,-0.33051193,0.033535346,-0.095960721
27.515625,0.040522497,-0.31582257,0.034613818,-0.10703322
27.517578,0.034968615,-0.22465064,0.057215154,-0.1103883
27.519531,0.040552318,-0.20789795,0.044146836,-0.081513926
27.521484,0.042299829,-0.28164786,0.046627879,-0.07097473
27.523438,0.036755733,-0.31601542,0.042135179,-0.11008172
27.525391,0.033678073,-0.28021336,0.03995961,-0.13830109
27.527344,0.023378303,-0.23884574,0.052450508,-0.11262912
27.529297,0.022529934,-0.24495143,0.055538774,-0.078497492
27.53125,0.034923218,-0.28120682,0.042580351,-0.094725668
27.533203,0.045915317,-0.28329912,0.030456394,-0.13405013
27.535156,0.036631312,-0.24834366,0.036673903,-0.14687392
27.537109,0.031371512,-0.2338464,0.043867439,-0.10887782
27.539063,0.03846316,-0.27601534,0.036744684,-0.072371952
27.541016,0.038845077,-0.29239881,0.034375399,-0.090898171
27.542969,0.03736642,-0.24170828,0.047467932,-0.13031954
27.544922,0.034913559,-0.21045932,0.057382792,-0.13779747
27.546875,0.038021088,-0.24989052,0.051075876,-0.11216422
27.548828,0.036313526,-0.290748,0.043539613,-0.094898954
27.550781,0.036906995,-0.26744434,0.049278423,-0.10972706
27.552734,0.045104716,-0.22141714,0.055410251,-0.13541289
27.554688,0.039616447,-0.21980293,0.044755921,-0.13838986
27.556641,0.027747469,-0.27628338,0.035759345,-0.11683451
27.558594,0.03249836,-0.30139062,0.03412953,-0.10451823
27.560547,0.029518142,-0.24807328,0.037335142,-0.11525534
27.5625,0.028072404,-0.19751428,0.044480249,-0.13498017
27.564453,0.043309771,-0.2260666,0.050701484,-0.13449408
27.566406,0.036803022,-0.28527269,0.040751234,-0.1106858
27.568359,0.032083202,-0.27672863,0.023022577,-0.1078678
27.570313,0.036736149,-0.2331049,0.043830186,-0.13437387
27.572266,0.033531934,-0.21663882,0.052301496,-0.15336378
27.574219,0.038595963,-0.22962274,0.035060853,-0.11773091
27.576172,0.037263256,-0.25455296,0.0287707,-0.089467712
27.578125,0.040715117,-0.24787357,0.030264542,-0.12696783
27.580078,0.035579912,-0.22141027,0.030443355,-0.14935677
27.582031,0.036030527,-0.21550295,0.029163718,-0.12045916
27.583984,0.053593151,-0.24362412,0.030484334,-0.079273053
27.585938,0.037311893,-0.25588235,0.043541476,-0.076744571
27.587891,0.041899268,-0.23498785,0.032635689,-0.10919353
27.589844,0.043348946,-0.24514881,0.0319819,-0.12479016
27.591797,0.026948214,-0.25715548,0.048032314,-0.10789154
27.59375,0.035644103,-0.25547752,0.029614478,-0.070338875
27.595703,0.023705201,-0.25243688,0.04019244,-0.057530336
27.597656,0.0241543,-0.24486558,0.046627879,-0.089689426
27.599609,0.039201509,-0.24912533,0.042543098,-0.10046913
27.601563,0.031086911,-0.24315387,0.04022783,-0.070894986
27.603516,0.036853161,-0.24852975,0.03155908,-0.047112152
27.605469,0.0409928,-0.2610054,0.032214731,-0.053035017
27.607422,0.030012365,-0.24721704,0.045400396,-0.078855932
27.609375,0.027696667,-0.23041867,0.04548794,-0.070222512
27.611328,0.036897082,-0.23028193,0.0456146,-0.039616227
27.613281,0.046510395,-0.22688715,0.053897783,-0.0456076
27.615234,0.038974006,-0.21017089,0.041106999,-0.072119966
27.617188,0.041393552,-0.22284003,0.045132175,-0.085322864
27.619141,0.039037254,-0.25123629,0.044947773,-0.067931637
27.621094,0.033174276,-0.24022678,0.038177058,-0.036707882
27.623047,0.038239915,-0.21256533,0.037027806,-0.030846778
27.625,0.036365207,-0.20916256,0.053774849,-0.058380984
27.626953,0.03585152,-0.22325301,0.063348845,-0.078296266
27.628906,0.033121102,-0.24904594,0.044679552,-0.061796781
27.630859,0.038001325,-0.25870299,0.050746188,-0.055423219
27.632813,0.039590906,-0.23087291,0.044374079,-0.071685158
27.634766,0.035222873,-0.21486872,0.047719389,-0.087352566
27.636719,0.027410809,-0.24159436,0.053918272,-0.085491493
27.638672,0.02904694,-0.27257895,0.031190276,-0.064582601
27.640625,0.035317484,-0.24500544,0.046529159,-0.069322333
27.642578,0.027187122,-0.18936178,0.042792693,-0.082128368
27.644531,0.036157984,-0.20248836,0.037392884,-0.087611414
27.646484,0.043764949,-0.25655839,0.035943747,-0.086510882
27.648438,0.043053862,-0.25396612,0.031430557,-0.079910949
27.650391,0.040981427,-0.21764232,0.049025103,-0.083539091
27.652344,0.036812201,-0.21679308,0.040954262,-0.082614169
27.654297,0.037733827,-0.239049,0.04304415,-0.097586289
27.65625,0.031840116,-0.24706461,0.047494009,-0.097738147
27.658203,0.039083127,-0.23355991,0.040531442,-0.079682015
27.660156,0.040619727,-0.2060324,0.034243152,-0.076125875
27.662109,0.036840413,-0.20363954,0.043455794,-0.086067401
27.664063,0.045244265,-0.25573218,0.04510051,-0.099493168
27.666016,0.041859496,-0.28033844,0.047225788,-0.07648892
27.667969,0.037652098,-0.23678699,0.046721011,-0.066875517
27.669922,0.036596112,-0.21330573,0.046303779,-0.091933101
27.671875,0.03486364,-0.2540296,0.055473581,-0.10544106
27.673828,0.041297022,-0.28363875,0.039531201,-0.095398612
27.675781,0.048281383,-0.25865376,0.040563107,-0.074489139
27.677734,0.036968123,-0.23513122,0.032706469,-0.084268957
27.679688,0.037028234,-0.26247135,0.038441554,-0.10048392
27.681641,0.043559145,-0.3072221,0.0542759,-0.088006645
27.683594,0.03470483,-0.29811051,0.053827003,-0.071607918
27.685547,0.042493436,-0.26821551,0.048674926,-0.083957605
27.6875,0.04618939,-0.26655927,0.046447203,-0.11181322
27.689453,0.039058901,-0.29342082,0.045631364,-0.11183587
27.691406,0.038292155,-0.33660439,0.031536728,-0.091814354
27.693359,0.033159632,-0.34475768,0.033196345,-0.084977284
27.695313,0.033699375,-0.3076936,0.034103453,-0.09253753
27.697266,0.033928607,-0.2800734,0.032089934,-0.092963725
27.699219,0.024316657,-0.31269789,0.030264542,-0.098730825
27.701172,0.025258759,-0.35738161,0.046026245,-0.10301054
27.703125,0.035244439,-0.3372083,0.058146477,-0.090356603
27.705078,0.03688347,-0.28979641,0.041645303,-0.078090444
27.707031,0.034056477,-0.29037839,0.033203796,-0.090341352
27.708984,0.045332838,-0.33567122,0.051552713,-0.12570991
27.710938,0.037013147,-0.34631583,0.056701064,-0.10489018
27.712891,0.031125434,-0.31510586,0.04041037,-0.05254316
27.714844,0.040806044,-0.28991061,0.040563107,-0.069119655
27.716797,0.037901483,-0.2847774,0.04218547,-0.12021981
27.71875,0.046428215,-0.31596884,0.045419022,-0.12618761
27.720703,0.037976384,-0.33887216,0.056304321,-0.075927451
27.722656,0.031505428,-0.3221828,0.046488181,-0.057210192
27.724609,0.028362971,-0.29850382,0.031240568,-0.10227701
27.726563,0.034024891,-0.29997489,0.047123343,-0.13648333
27.728516,0.047335867,-0.32850778,0.052271694,-0.12110649
27.730469,0.035501417,-0.32574028,0.038767517,-0.078276709
27.732422,0.036141492,-0.3083221,0.036094621,-0.083956495
27.734375,0.038349744,-0.32413453,0.03409414,-0.13168015
27.736328,0.03540187,-0.3341406,0.030372575,-0.14300962
27.738281,0.032733422,-0.318813,0.025833309,-0.11397482
27.740234,0.032445867,-0.30251399,0.035524651,-0.085697718
27.742188,0.031714574,-0.30811721,0.040320963,-0.085152492
27.744141,0.030055718,-0.32695952,0.041457176,-0.1055793
27.746094,0.035219252,-0.3238847,0.043671861,-0.13442789
27.748047,0.032178488,-0.30015355,0.036634788,-0.12962449
27.75,0.04037106,-0.29300576,0.043390602,-0.087010942
27.751953,0.037652191,-0.30869931,0.039669037,-0.06610962
27.753906,0.033493642,-0.31940427,0.051921517,-0.095321894
27.755859,0.042489547,-0.31154245,0.049777612,-0.13174348
27.757813,0.042225946,-0.2922129,0.029489681,-0.11320276
27.759766,0.044037938,-0.28490481,0.042490944,-0.068217553
27.761719,0.043391112,-0.31165293,0.03493233,-0.064022295
27.763672,0.040743105,-0.33674532,0.043103755,-0.1034301
27.765625,0.029535284,-0.31845367,0.059446603,-0.12025963
27.767578,0.035349041,-0.30144382,0.054989293,-0.088302396
27.769531,0.041661162,-0.311984,0.048250243,-0.071634695
27.771484,0.03587395,-0.31967115,0.045530781,-0.10900023
27.773438,0.026609022,-0.33114114,0.055324569,-0.14015134
27.775391,0.024944341,-0.34237528,0.055667296,-0.11424089
27.777344,0.043301266,-0.33703834,0.045165703,-0.08186876
27.779297,0.040772092,-0.30738801,0.027332738,-0.099229664
27.78125,0.032076046,-0.29984137,0.025499895,-0.1400685
27.783203,0.042130511,-0.34682304,0.036511853,-0.13449146
27.785156,0.043991648,-0.36380681,0.051239789,-0.092216283
27.787109,0.031598613,-0.32360604,0.055255651,-0.084108479
27.789063,0.024963377,-0.3017872,0.054901749,-0.12515675
27.791016,0.027695039,-0.3287721,0.044124484,-0.16978626
27.792969,0.039199859,-0.34302512,0.029525071,-0.16498639
27.794922,0.036875892,-0.31959921,0.03688252,-0.12794158
27.796875,0.033785835,-0.30318779,0.042394087,-0.096549317
27.798828,0.031963658,-0.31482473,0.047965258,-0.095933132
27.800781,0.035185665,-0.33560342,0.029163718,-0.1399188
27.802734,0.046099175,-0.33241707,0.034500197,-0.17572239
27.804688,0.040602576,-0.29437283,0.044668376,-0.14393321
27.806641,0.039051563,-0.27952871,0.022946209,-0.079011001
27.808594,0.032861695,-0.33318213,0.043046013,-0.090707481
27.810547,0.039258052,-0.3730846,0.056905955,-0.15899979
27.8125,0.038835462,-0.31744722,0.049203917,-0.16564362
27.814453,0.023878591,-0.25015903,0.05003652,-0.11419217
27.816406,0.032254837,-0.30109906,0.040054604,-0.093230255
27.818359,0.029125143,-0.37777835,0.044327512,-0.1289559
27.820313,0.031266537,-0.34296143,0.056185111,-0.15902017
27.822266,0.03638,-0.26654655,0.036202654,-0.13379361
27.824219,0.031667542,-0.26502299,0.029940441,-0.096039474
27.826172,0.042099778,-0.33239388,0.035176337,-0.11524783
27.828125,0.036507476,-0.3490108,0.029359296,-0.14231887
27.830078,0.035480388,-0.29860434,0.033272713,-0.1336468
27.832031,0.041746784,-0.26093158,0.046324268,-0.12213327
27.833984,0.036718022,-0.27999699,0.045553133,-0.11499102
27.835938,0.035705335,-0.33343795,0.03441824,-0.1204924
27.837891,0.037532181,-0.33770454,0.042815045,-0.13841803
27.839844,0.039398465,-0.28369871,0.032469913,-0.14400893
27.841797,0.035431176,-0.25460163,0.049287736,-0.1198488
27.84375,0.045067046,-0.31175631,0.059850797,-0.090529367
27.845703,0.042176973,-0.35925102,0.036670178,-0.097745255
27.847656,0.026962765,-0.31501216,0.045080021,-0.14265922
27.849609,0.023923093,-0.2801989,0.027116671,-0.1649716
27.851563,0.028589629,-0.30609602,0.032050818,-0.11966334
27.853516,0.042001013,-0.32135212,0.047054425,-0.068699509
27.855469,0.039738573,-0.30000836,0.032866657,-0.093023971
27.857422,0.030426845,-0.29815412,0.031914845,-0.14896375
27.859375,0.037992429,-0.32321677,0.032663628,-0.1561528
27.861328,0.047696311,-0.3204172,0.03669998,-0.10358691
27.863281,0.034731943,-0.29899666,0.029694572,-0.063820601
27.865234,0.025196372,-0.2986075,0.040250182,-0.097553805
27.867188,0.030019175,-0.31754053,0.063050821,-0.12918252
27.869141,0.03186712,-0.31586954,0.051463306,-0.11454241
27.871094,0.038289841,-0.29510251,0.03877683,-0.096942976
27.873047,0.041641038,-0.29054219,0.04163599,-0.10760091
27.875,0.035923991,-0.30455491,0.045700282,-0.12014426
27.876953,0.028232528,-0.33185121,0.046855122,-0.099469654
27.878906,0.034614947,-0.33378935,0.039331898,-0.091536708
27.880859,0.040049732,-0.28851551,0.037670419,-0.11022986
27.882813,0.039905321,-0.25109521,0.037212208,-0.11068563
27.884766,0.039314076,-0.29899317,0.044178501,-0.099342763
27.886719,0.027578399,-0.3566559,0.036418721,-0.11124902
27.888672,0.033745248,-0.3247419,0.044619948,-0.12215219
27.890625,0.042746399,-0.26196337,0.059908539,-0.10702093
27.892578,0.036364343,-0.25951651,0.047436267,-0.09438888
27.894531,0.029686235,-0.3293055,0.048369452,-0.11988232
27.896484,0.028837662,-0.35129642,0.035899043,-0.15680949
27.898438,0.036156967,-0.30075091,0.045886546,-0.13400985
27.900391,0.032414768,-0.26264498,0.048922658,-0.085250452
27.902344,0.029764976,-0.2765334,0.030111805,-0.093199179
27.904297,0.032064717,-0.31878674,0.036888108,-0.14894208
27.90625,0.042330995,-0.32387364,0.032041505,-0.15715572
27.908203,0.048438735,-0.28260994,0.032345116,-0.10770138
27.910156,0.033564746,-0.25240213,0.044687003,-0.091674253
27.912109,0.037766296,-0.29912519,0.063699022,-0.12143041
27.914063,0.028915549,-0.34510663,0.060947895,-0.14155671
27.916016,0.028776743,-0.30815396,0.035317898,-0.13358045
27.917969,0.049604982,-0.24141508,0.042187333,-0.14156106
27.919922,0.037663933,-0.23676132,0.042898864,-0.14356044
27.921875,0.03135081,-0.31517309,0.037212208,-0.1109485
27.923828,0.044638854,-0.36090383,0.031110182,-0.10346136
27.925781,0.049441829,-0.30025774,0.015992954,-0.14018218
27.927734,0.027063232,-0.23057525,0.029407725,-0.15997459
27.929688,0.025074203,-0.28150538,0.044562206,-0.12038908
27.931641,0.031178959,-0.36228591,0.038605466,-0.082958698
27.933594,0.034965899,-0.33031216,0.043552652,-0.11562071
27.935547,0.045874353,-0.25356373,0.044344276,-0.16983277
27.9375,0.032095168,-0.25351653,0.037122801,-0.14933744
27.939453,0.033514801,-0.32874957,0.046767578,-0.090111494
27.941406,0.035517778,-0.36969489,0.03082706,-0.091398753
27.943359,0.032778833,-0.31229165,0.030273855,-0.12805031
27.945313,0.03624247,-0.2327362,0.04974781,-0.13809165
27.947266,0.042991914,-0.25187051,0.042679071,-0.10694002
27.949219,0.043003265,-0.35263351,0.039609432,-0.077468902
27.951172,0.039474797,-0.37997794,0.052314535,-0.10344605
27.953125,0.042988263,-0.29210401,0.045748711,-0.12994526
27.955078,0.033899084,-0.23661529,0.031931609,-0.11898593
27.957031,0.034350388,-0.30595377,0.045387357,-0.11257564
27.958984,0.039908238,-0.38499326,0.037730023,-0.10264093
27.960938,0.037629258,-0.34119728,0.034336284,-0.084699579
27.962891,0.039885536,-0.26089782,0.040551931,-0.098241359
27.964844,0.041851621,-0.28820491,0.027861729,-0.13053362
27.966797,0.030057747,-0.37135658,0.026829824,-0.1248305
27.96875,0.032508992,-0.38799,0.040028527,-0.082750492
27.970703,0.039015766,-0.34449083,0.046715423,-0.066642977
27.972656,0.029459439,-0.29729962,0.041384533,-0.10290321
27.974609,0.034725476,-0.3100442,0.035511613,-0.14003555
27.976563,0.04282793,-0.37733772,0.03562896,-0.11879611
27.978516,0.035994191,-0.39117572,0.041021317,-0.062991962
27.980469,0.032711469,-0.3459532,0.037696496,-0.061515931
27.982422,0.03103265,-0.32160532,0.038344696,-0.10731098
27.984375,0.032857675,-0.35122645,0.049544781,-0.11318734
27.986328,0.036526177,-0.37985036,0.042738676,-0.077991955
27.988281,0.031192364,-0.36171013,0.044051841,-0.066406071
27.990234,0.030602302,-0.33538112,0.051584378,-0.092675477
27.992188,0.037798118,-0.33807549,0.042686522,-0.10355239
27.994141,0.035703849,-0.36589316,0.040514678,-0.091003753
27.996094,0.025112361,-0.36916083,0.030609131,-0.087386675
27.998047,0.036884546,-0.35064995,0.044167325,-0.095028117
28.0,0.034168396,-0.33442622,0.050215334,-0.089233369
28.001953,0.030581061,-0.32803413,0.035530239,-0.076118894
28.003906,0.038431063,-0.35724872,0.029027745,-0.10044032
28.005859,0.029775027,-0.35842401,0.017650709,-0.12293013
28.007813,0.024345448,-0.3322337,0.037949815,-0.087992907
28.009766,0.024530815,-0.32800403,0.039004073,-0.051855788
28.011719,0.037303969,-0.3290236,0.025907815,-0.069835611
28.013672,0.035600465,-0.32583797,0.038417339,-0.11426324
28.015625,0.027987661,-0.31632718,0.036793113,-0.10656226
28.017578,0.044085495,-0.32608774,0.031577706,-0.054379553
28.019531,0.044860046,-0.32664141,0.032667354,-0.05289951
28.021484,0.036704149,-0.31038994,0.046840221,-0.088186912
28.023438,0.043632515,-0.32655147,0.049334303,-0.082026854
28.025391,0.030662039,-0.33151305,0.041179642,-0.05246295
28.027344,0.026096396,-0.31449607,0.046810418,-0.058939483
28.029297,0.031606633,-0.32056352,0.03538309,-0.072022177
28.03125,0.031805381,-0.31941363,0.045735672,-0.062892772
28.033203,0.035560243,-0.30877748,0.046771303,-0.050521083
28.035156,0.038185406,-0.32304803,0.0422488,-0.060650673
28.037109,0.036771327,-0.34350708,0.05594483,-0.074682966
28.039063,0.030965887,-0.33383197,0.038549587,-0.061565757
28.041016,0.042899471,-0.31161183,0.042470455,-0.057239529
28.042969,0.028405732,-0.31119612,0.048356414,-0.078539692
28.044922,0.022970218,-0.32525617,0.041611776,-0.089703806
28.046875,0.039084669,-0.33079696,0.04910706,-0.060915228
28.048828,0.030881168,-0.30807236,0.044575244,-0.051451884
28.050781,0.040924508,-0.30358419,0.041328654,-0.085991554
28.052734,0.048549641,-0.328686,0.043969885,-0.10964208
28.054688,0.027216431,-0.32889578,0.035131633,-0.093421586
28.056641,0.020971183,-0.32905063,0.042701423,-0.059750549
28.058594,0.03285715,-0.32607487,0.051144794,-0.074841179
28.060547,0.039903834,-0.2938723,0.044798762,-0.106692
28.0625,0.040267605,-0.27792764,0.055289179,-0.10701453
28.064453,0.033269174,-0.32140842,0.0407978,-0.092180945
28.066406,0.037211433,-0.36740127,0.028981179,-0.090243332
28.068359,0.037013173,-0.33245692,0.056371376,-0.11199123
28.070313,0.028453797,-0.27541783,0.047577828,-0.10308196
28.072266,0.04079983,-0.28961509,0.026509449,-0.080515087
28.074219,0.037039652,-0.33389011,0.034595191,-0.10985099
28.076172,0.03472022,-0.33608118,0.039316997,-0.13999085
28.078125,0.045640856,-0.31747702,0.037951678,-0.10350053
28.080078,0.028955324,-0.29663798,0.048354551,-0.075021215
28.082031,0.034567505,-0.30084532,0.035688564,-0.10812373
28.083984,0.031488374,-0.3392494,0.01734896,-0.13466282
28.085938,0.02991257,-0.34347227,0.032890871,-0.11691403
28.087891,0.04305049,-0.30245072,0.041002691,-0.078901857
28.089844,0.029708371,-0.28298706,0.034051299,-0.074520454
28.091797,0.030325111,-0.33154702,0.035578668,-0.10501545
28.09375,0.028277652,-0.37274706,0.038661346,-0.11940514
28.095703,0.030738825,-0.32333899,0.034056887,-0.10587267
28.097656,0.039442897,-0.26196221,0.036599398,-0.086202264
28.099609,0.039838739,-0.27975374,0.036029428,-0.077969082
28.101563,0.031155927,-0.33876425,0.042563587,-0.07162445
28.103516,0.025823765,-0.35154766,0.043267667,-0.079937547
28.105469,0.043732263,-0.30145511,0.046637192,-0.10386026
28.107422,0.045756094,-0.25581515,0.03987579,-0.095614731
28.109375,0.031856094,-0.27844843,0.025004432,-0.064731032
28.111328,0.028760964,-0.3468231,0.040712118,-0.066805497
28.113281,0.037748218,-0.35705513,0.046314955,-0.098117895
28.115234,0.039288916,-0.28171644,0.049371555,-0.10052735
28.117188,0.032734632,-0.23140407,0.053499177,-0.073435813
28.119141,0.04045324,-0.29647675,0.042477906,-0.074949324
28.121094,0.029857464,-0.367937,0.027410969,-0.11024226
28.123047,0.032684118,-0.3335602,0.027047753,-0.12931621
28.125,0.043791443,-0.2681866,0.034451768,-0.093447953
28.126953,0.031664353,-0.25511712,0.042770341,-0.043281622
28.128906,0.039811637,-0.32066172,0.037942365,-0.062647544
28.130859,0.032154031,-0.37363157,0.039905593,-0.12514971
28.132813,0.025170578,-0.32673132,0.039620608,-0.13734607
28.134766,0.035826258,-0.26108882,0.021027684,-0.091469824
28.136719,0.033649344,-0.27160642,0.029849172,-0.059864346
28.138672,0.029422436,-0.33455753,0.025939479,-0.074374467
28.140625,0.032882128,-0.35784641,0.030003771,-0.092787236
28.142578,0.034379289,-0.30459425,0.054631665,-0.090864055
28.144531,0.033209033,-0.25568143,0.039181024,-0.073551998
28.146484,0.041031595,-0.29617131,0.028100148,-0.068076573
28.148438,0.040752191,-0.34733632,0.047624394,-0.081867829
28.150391,0.033598598,-0.33002374,0.053886607,-0.087895527
28.152344,0.029431386,-0.28791374,0.041274637,-0.080995008
28.154297,0.037195858,-0.28095752,0.043161497,-0.07379856
28.15625,0.044724476,-0.30848423,0.051426053,-0.075649738
28.158203,0.043020263,-0.31917778,0.044739157,-0.078926831
28.160156,0.040929377,-0.31620693,0.042174295,-0.0946007
28.162109,0.035355046,-0.31414789,0.03884016,-0.10123166
28.164063,0.03199878,-0.31517792,0.040419683,-0.076233268
28.166016,0.040692888,-0.32359901,0.044280946,-0.070154235
28.167969,0.042148128,-0.32018787,0.042941704,-0.097802408
28.169922,0.033615254,-0.30755174,0.042666033,-0.12313945
28.171875,0.042197134,-0.32856825,0.043589905,-0.1120545
28.173828,0.037161157,-0.36876023,0.058546945,-0.087357283
28.175781,0.029512528,-0.35530746,0.040112346,-0.093400806
28.177734,0.037015669,-0.32739606,0.02995348,-0.13313772
28.179688,0.037018947,-0.32861221,0.053078219,-0.15785258
28.181641,0.034771666,-0.34776485,0.03608717,-0.11513502
28.183594,0.033663943,-0.37422222,0.02453877,-0.082140766
28.185547,0.029905017,-0.36720812,0.034023359,-0.11930677
28.1875,0.021939101,-0.3517732,0.041147977,-0.15346192
28.189453,0.030447522,-0.35292095,0.039408267,-0.128224
28.191406,0.036783673,-0.3558467,0.032566771,-0.10757932
28.193359,0.042665172,-0.3563804,0.029767215,-0.127341
28.195313,0.036034368,-0.35335895,0.030286893,-0.13895708
28.197266,0.023405913,-0.36884883,0.034015909,-0.12468772
28.199219,0.03146936,-0.37191886,0.03214395,-0.10234459
28.201172,0.027226074,-0.34239432,0.03242521,-0.11123441
28.203125,0.032705564,-0.31867674,0.039825499,-0.12125684
28.205078,0.035187129,-0.32824367,0.055371135,-0.10907625
28.207031,0.032522861,-0.3559694,0.05453667,-0.11046904
28.208984,0.038547333,-0.35457346,0.047702625,-0.12800817
28.210938,0.042840451,-0.33750767,0.039758444,-0.12858455
28.212891,0.036756426,-0.32185888,0.032455012,-0.11264735
28.214844,0.031523824,-0.33142346,0.044709355,-0.11308727
28.216797,0.036462791,-0.35580227,0.044180363,-0.12245848
28.21875,0.032510743,-0.34296271,0.035880417,-0.11467122
28.220703,0.04036453,-0.31612003,0.035466909,-0.10458605
28.222656,0.037320111,-0.31839857,0.040026665,-0.12452689
28.224609,0.029995341,-0.3570945,0.048393667,-0.14154081
28.226563,0.041458547,-0.37378478,0.038557038,-0.12765782
28.228516,0.036565319,-0.34651589,0.035736993,-0.10792077
28.230469,0.022886796,-0.32182157,0.047078639,-0.11742666
28.232422,0.034053843,-0.34144101,0.039050639,-0.14240275
28.234375,0.033698235,-0.36612564,0.024233297,-0.14190269
28.236328,0.029777216,-0.3467465,0.015931487,-0.12214445
28.238281,0.043863941,-0.33558327,0.035612196,-0.10964825
28.240234,0.027210681,-0.33868289,0.040587321,-0.11688183
28.242188,0.034553465,-0.35186231,0.04003039,-0.1207821
28.244141,0.043686341,-0.36559489,0.053799063,-0.12425372
28.246094,0.028975794,-0.34213001,0.02536951,-0.12904584
28.248047,0.036288153,-0.3228271,0.027407244,-0.12876779
28.25,0.034700621,-0.34166467,0.036124423,-0.12906884
28.251953,0.031603433,-0.36391467,0.037906975,-0.10914813
28.253906,0.035242546,-0.35252297,0.050047696,-0.099728912
28.255859,0.038109489,-0.32736045,0.03865017,-0.11960816
28.257813,0.043313742,-0.33408844,0.030733928,-0.13911518
28.259766,0.038901262,-0.36281839,0.031961411,-0.13527884
28.261719,0.039003558,-0.37062374,0.037733749,-0.099798642
28.263672,0.043376781,-0.35710356,0.030540213,-0.082540885
28.265625,0.03700982,-0.33877358,0.031402618,-0.1051233
28.267578,0.036800656,-0.35997117,0.034008458,-0.12551944
28.269531,0.037567597,-0.40064213,0.049539194,-0.11978308
28.271484,0.038776431,-0.40173656,0.052921757,-0.09538953
28.273438,0.027302708,-0.39666179,0.046558961,-0.095167175
28.275391,0.02676977,-0.40080115,0.048671201,-0.12266931
28.277344,0.034964956,-0.3925344,0.030068964,-0.13372533
28.279297,0.031443328,-0.35718873,0.038620368,-0.12328276
28.28125,0.03473635,-0.36954394,0.035641998,-0.099926814
28.283203,0.038113087,-0.39518133,0.027476162,-0.085363261
28.285156,0.033896994,-0.36977381,0.046510532,-0.11083347
28.287109,0.030662104,-0.36769986,0.038318619,-0.14337139
28.289063,0.034831997,-0.36256519,0.048948735,-0.12875992
28.291016,0.03353766,-0.33803335,0.058133438,-0.10307352
28.292969,0.036822863,-0.31788594,0.033801705,-0.10854732
28.294922,0.034895059,-0.33587062,0.039000347,-0.13748379
28.296875,0.025505856,-0.35746214,0.040363804,-0.16264802
28.298828,0.027229445,-0.34086078,0.027986526,-0.1268981
28.300781,0.028935717,-0.32382375,0.035433382,-0.085562214
28.302734,0.032674506,-0.30949306,0.049872607,-0.11148692
28.304688,0.040251505,-0.31872144,0.056315497,-0.14685395
28.306641,0.03302712,-0.33354694,0.044949636,-0.15966371
28.308594,0.033860501,-0.34174484,0.043055326,-0.15249106
28.310547,0.028936578,-0.33301955,0.051502421,-0.13787274
28.3125,0.029794,-0.3024486,0.030545801,-0.14376377
28.314453,0.038716629,-0.2979441,0.035044089,-0.17019103
28.316406,0.0318188,-0.31580576,0.042878374,-0.19793856
28.318359,0.036786214,-0.32542592,0.038771242,-0.19031796
28.320313,0.034795862,-0.31233302,0.047225788,-0.16416031
28.322266,0.031966385,-0.29495159,0.027969763,-0.16768722
28.324219,0.026944598,-0.30153057,0.037394747,-0.1973516
28.326172,0.027043428,-0.31591478,0.041336104,-0.2209888
28.328125,0.039077215,-0.30581486,0.041833431,-0.21416436
28.330078,0.041831583,-0.29036447,0.051947594,-0.19876075
28.332031,0.044056915,-0.29469371,0.038203135,-0.20611551
28.333984,0.037506767,-0.32104242,0.036141187,-0.23937671
28.335938,0.030520419,-0.34433979,0.029733688,-0.24189757
28.337891,0.033719115,-0.32574087,0.036824778,-0.21737526
28.339844,0.033504605,-0.28976905,0.03810814,-0.21248972
28.341797,0.034970876,-0.28133327,0.038609192,-0.20800087
28.34375,0.029659078,-0.32475916,0.043336585,-0.21295503
28.345703,0.023704758,-0.35488743,0.045091197,-0.21832103
28.347656,0.032019224,-0.32590014,0.044878855,-0.22292374
28.349609,0.032509636,-0.28491059,0.033704847,-0.22522375
28.351563,0.025955418,-0.28743139,0.039186612,-0.22375576
28.353516,0.031641029,-0.33626983,0.035837576,-0.22606358
28.355469,0.035736289,-0.33847222,0.03527692,-0.22484477
28.357422,0.026949871,-0.28704903,0.026740417,-0.22522922
28.359375,0.033900172,-0.26214865,0.033395648,-0.21743697
28.361328,0.039345648,-0.28742945,0.032970965,-0.21635303
28.363281,0.037218042,-0.31514719,0.023166001,-0.2173298
28.365234,0.030089445,-0.30635259,0.039657861,-0.22202036
28.367188,0.022552473,-0.28181306,0.025414214,-0.22190872
28.369141,0.028870462,-0.26636165,0.046391323,-0.2102446
28.371094,0.033874922,-0.26882106,0.04907167,-0.2133594
28.373047,0.031704362,-0.28440562,0.028839618,-0.21454026
28.375,0.036332637,-0.28188792,0.026373476,-0.21991201
28.376953,0.042647202,-0.26017028,0.019938037,-0.22087069
28.378906,0.029867714,-0.26366067,0.041280225,-0.20338145
28.380859,0.029591274,-0.28949398,0.044083506,-0.18239991
28.382813,0.032465767,-0.28794092,0.042110965,-0.18206446
28.384766,0.035094511,-0.24010296,0.032997042,-0.20266567
28.386719,0.037337922,-0.22620362,0.036653414,-0.22048646
28.388672,0.034760572,-0.2716347,0.031119496,-0.21082085
28.390625,0.039116077,-0.29216784,0.027085006,-0.17304303
28.392578,0.03264688,-0.2756356,0.03865017,-0.17224623
28.394531,0.025430964,-0.25224754,0.032047093,-0.2039687
28.396484,0.025059938,-0.25603318,0.039203376,-0.21347925
28.398438,0.024565384,-0.26637769,0.038385674,-0.19665037
28.400391,0.033856165,-0.26010266,0.032924399,-0.17535906
28.402344,0.042710576,-0.25760117,0.032982141,-0.17694178
28.404297,0.033980247,-0.23741587,0.048322886,-0.195374
28.40625,0.036768343,-0.24735478,0.046314955,-0.19373487
28.408203,0.04988493,-0.29042196,0.036141187,-0.1813775
28.410156,0.040292557,-0.2788178,0.027343914,-0.18426867
28.412109,0.035909992,-0.23288621,0.030415416,-0.1901172
28.414063,0.035293996,-0.24182038,0.044020176,-0.19020882
28.416016,0.027892219,-0.29268533,0.022048414,-0.18093401
28.417969,0.030380297,-0.29824048,0.024337605,-0.17830145
28.419922,0.034958459,-0.25633022,0.046806693,-0.18424445
28.421875,0.040802103,-0.2295945,0.037195444,-0.17660831
28.423828,0.035465118,-0.27006182,0.026796296,-0.17521878
28.425781,0.033099726,-0.32813558,0.040529579,-0.18561053
28.427734,0.040231079,-0.32040015,0.035768658,-0.18016864
28.429688,0.032391764,-0.2646538,0.026837274,-0.16505246
28.431641,0.033084407,-0.2503843,0.03672047,-0.17161264
28.433594,0.038100548,-0.30000827,0.038788006,-0.187374
28.435547,0.027766956,-0.3284494,0.030976072,-0.17395008
28.4375,0.03335337,-0.30426097,0.023244232,-0.15809216
28.439453,0.033578347,-0.27008072,0.02655229,-0.16896203
28.441406,0.028807878,-0.2719605,0.037545621,-0.17224856
28.443359,0.03000547,-0.31267786,0.041164741,-0.14737718
28.445313,0.025081482,-0.33285782,0.026317596,-0.13415897
28.447266,0.029487412,-0.28664103,0.033827782,-0.15768878
28.449219,0.037719972,-0.24592553,0.044932872,-0.18068174
28.451172,0.032225959,-0.28122184,0.020603001,-0.1526026
28.453125,0.025384935,-0.31845206,0.027254507,-0.11821764
28.455078,0.031084077,-0.29988509,0.026695713,-0.1357041
28.457031,0.032568391,-0.25216901,0.01677154,-0.15103047
28.458984,0.036138017,-0.23517632,0.038562626,-0.13461934
28.460938,0.042616118,-0.26290378,0.037288576,-0.10788433
28.462891,0.04047323,-0.28525239,0.038994759,-0.10066309
28.464844,0.032063171,-0.28385547,0.036081582,-0.11556087
28.466797,0.029953109,-0.26599059,0.04019244,-0.12943344
28.46875,0.032639544,-0.25239724,0.037135839,-0.12709972
28.470703,0.034337632,-0.25720945,0.031156749,-0.10221595
28.472656,0.033461869,-0.27579486,0.043951258,-0.088458218
28.474609,0.030873522,-0.28358451,0.028457776,-0.094072811
28.476563,0.032752704,-0.27255893,0.042071849,-0.10853264
28.478516,0.035674404,-0.26359645,0.046119377,-0.11896136
28.480469,0.040710159,-0.27272096,0.040246457,-0.099640727
28.482422,0.040347695,-0.27923086,0.051223025,-0.079719968
28.484375,0.027846307,-0.27228722,0.043845087,-0.095659032
28.486328,0.030372826,-0.28385445,0.029797018,-0.12508306
28.488281,0.034495093,-0.29036716,0.034511372,-0.13234161
28.490234,0.036417037,-0.26804528,0.052085429,-0.10563047
28.492188,0.03080727,-0.26509315,0.03681919,-0.078003719
28.494141,0.029317902,-0.29365501,0.029849172,-0.10862228
28.496094,0.039350692,-0.30340549,0.032719508,-0.16059631
28.498047,0.03363644,-0.2769447,0.042507708,-0.14807323
28.5,0.040287346,-0.25845945,0.041073471,-0.090298221
28.501953,0.031343129,-0.28425768,0.03755866,-0.082488149
28.503906,0.030060804,-0.30325082,0.042258114,-0.14021491
28.505859,0.040544208,-0.29744944,0.04393822,-0.16830306
28.507813,0.035885029,-0.2808899,0.050509632,-0.13592429
28.509766,0.031244941,-0.26711616,0.035472497,-0.10824563
28.511719,0.025622068,-0.29277498,0.028936476,-0.1271311
28.513672,0.031238532,-0.31925026,0.026930407,-0.15880311
28.515625,0.034811251,-0.29928216,0.030391201,-0.1561195
28.517578,0.034260362,-0.25273305,0.019002989,-0.12820195
28.519531,0.039129108,-0.26411518,0.019578546,-0.11012771
28.521484,0.046712745,-0.32347083,0.04419899,-0.11341795
28.523438,0.034497969,-0.33054954,0.035789147,-0.13267893
28.525391,0.023263451,-0.28357273,0.033328593,-0.15300313
28.527344,0.040847324,-0.26833275,0.056490585,-0.148601
28.529297,0.042156246,-0.29704589,0.047067463,-0.11297139
28.53125,0.021247178,-0.31230429,0.031357914,-0.097648218
28.533203,0.028206088,-0.31929559,0.037329555,-0.1494896
28.535156,0.045273613,-0.31370154,0.030037299,-0.179351
28.537109,0.033253733,-0.28535861,0.025956243,-0.12012412
28.539063,0.037081141,-0.29457468,0.029756039,-0.070984222
28.541016,0.04102008,-0.34331191,0.037493467,-0.10888603
28.542969,0.022164283,-0.33796245,0.035513476,-0.16196664
28.544922,0.027804889,-0.30939412,0.033937678,-0.152871
28.546875,0.03140704,-0.30709141,0.033036157,-0.10573268
28.548828,0.031778827,-0.30046397,0.037521407,-0.094772704
28.550781,0.030123893,-0.3087742,0.043181986,-0.12867109
28.552734,0.028951049,-0.34138215,0.040568694,-0.14515358
28.554688,0.029394517,-0.34541133,0.042045772,-0.13382736
28.556641,0.031172484,-0.29541507,0.03723456,-0.1114815
28.558594,0.043505669,-0.27219692,0.027688503,-0.1064842
28.560547,0.032212369,-0.30988994,0.040436447,-0.11651111
28.5625,0.029543933,-0.34321108,0.048570618,-0.12518941
28.564453,0.03062899,-0.32227811,0.036696255,-0.12733692
28.566406,0.025751641,-0.27230465,0.041485116,-0.11537251
28.568359,0.032437984,-0.26816082,0.040147737,-0.11924914
28.570313,0.025488963,-0.30447143,0.045657441,-0.13416876
28.572266,0.02913521,-0.31560478,0.036092758,-0.14028463
28.574219,0.033702079,-0.29503649,0.029435664,-0.14270723
28.576172,0.034224998,-0.26968014,0.032548144,-0.12725542
28.578125,0.034292404,-0.27186444,0.021906853,-0.11394817
28.580078,0.027129624,-0.29751003,0.042353109,-0.13410397
28.582031,0.031497821,-0.29960656,0.03457284,-0.14713928
28.583984,0.028823514,-0.26849237,0.030942544,-0.1291275
28.585938,0.040972702,-0.24528822,0.053711519,-0.11308611
28.587891,0.035563681,-0.26265576,0.032021016,-0.12688948
28.589844,0.025118358,-0.28705892,0.038596153,-0.15162086
28.591797,0.036120802,-0.2965208,0.058116674,-0.14966863
28.59375,0.034812529,-0.27005109,0.034118354,-0.12333939
28.595703,0.03623366,-0.23559093,0.024508968,-0.12195091
28.597656,0.03743124,-0.263201,0.032471776,-0.16044229
28.599609,0.035733245,-0.29477876,0.048090056,-0.15990376
28.601563,0.030037761,-0.28968948,0.051493108,-0.11439578
28.603516,0.03716917,-0.2700617,0.043532163,-0.11545196
28.605469,0.033769742,-0.2526136,0.038098827,-0.1646882
28.607422,0.027327208,-0.27284616,0.023886845,-0.18894874
28.609375,0.042855468,-0.30498791,0.028375819,-0.1598392
28.611328,0.045234922,-0.30353117,0.040045291,-0.12386507
28.613281,0.032256633,-0.26479316,0.036137462,-0.12215742
28.615234,0.037070971,-0.26220214,0.041673243,-0.15152837
28.617188,0.044228848,-0.31957516,0.048192501,-0.18309188
28.619141,0.037588257,-0.32848904,0.031462222,-0.17912939
28.621094,0.031212963,-0.2918129,0.025416076,-0.15189572
28.623047,0.032660186,-0.2911841,0.031421244,-0.13259801
28.625,0.034799252,-0.31695285,0.048132896,-0.13887991
28.626953,0.029847292,-0.33511585,0.035692289,-0.16632196
28.628906,0.037803184,-0.33558181,0.023369029,-0.17821862
28.630859,0.039319716,-0.31632951,0.046538472,-0.16479053
28.632813,0.026162371,-0.3146767,0.037757963,-0.1371778
28.634766,0.030114664,-0.35168937,0.045307264,-0.13971926
28.636719,0.036272559,-0.37080729,0.030476883,-0.17915338
28.638672,0.034732126,-0.32666016,0.022959247,-0.18144822
28.640625,0.036285229,-0.29991093,0.048982263,-0.14626512
28.642578,0.025561698,-0.3469944,0.037832469,-0.11860769
28.644531,0.022368809,-0.38533735,0.037120938,-0.13947712
28.646484,0.029949551,-0.35808471,0.03688252,-0.18759663
28.648438,0.033588737,-0.29952541,0.04196009,-0.1762778
28.650391,0.033446413,-0.29440153,0.045400396,-0.13273953
28.652344,0.034328945,-0.35004157,0.028034955,-0.13292858
28.654297,0.029948786,-0.3766599,0.03387621,-0.17180449
28.65625,0.035123792,-0.33597761,0.034431279,-0.18125689
28.658203,0.036601461,-0.28568462,0.02789712,-0.1480578
28.660156,0.021466866,-0.29154941,0.037428275,-0.13203952
28.662109,0.035289992,-0.34337842,0.030881077,-0.14723085
28.664063,0.039324678,-0.35762137,0.036299512,-0.15960073
28.666016,0.032670792,-0.29975045,0.052497074,-0.16438209
28.667969,0.029322317,-0.2711173,0.038719088,-0.16171093
28.669922,0.020545477,-0.32344505,0.034250602,-0.153364
28.671875,0.03250872,-0.36605754,0.042110965,-0.15400551
28.673828,0.035128608,-0.32022035,0.038648307,-0.15238211
28.675781,0.021484492,-0.25700513,0.039447382,-0.1669126
28.677734,0.027380709,-0.28135088,0.047326371,-0.17260903
28.679688,0.029331613,-0.33662176,0.052359238,-0.14639166
28.681641,0.029215956,-0.33273959,0.024806991,-0.14221683
28.683594,0.033545349,-0.27840281,0.020535946,-0.18759058
28.685547,0.030590829,-0.24159081,0.047587141,-0.21391813
28.6875,0.028792106,-0.27088243,0.044480249,-0.15749565
28.689453,0.022534359,-0.32870468,0.038700461,-0.1147891
28.691406,0.036256336,-0.31415203,0.030124843,-0.17458291
28.693359,0.039505906,-0.22790678,0.032341391,-0.24022381
28.695313,0.03308066,-0.19716819,0.037880898,-0.20657909
28.697266,0.040047783,-0.27402964,0.03354466,-0.13671039
28.699219,0.038679413,-0.34339178,0.029756039,-0.13489838
28.701172,0.040107194,-0.28729746,0.01889123,-0.19484507
28.703125,0.027425662,-0.19715957,0.033086449,-0.22034124
28.705078,0.025870146,-0.22602597,0.042887688,-0.174786
28.707031,0.036463819,-0.31068882,0.036485776,-0.13378063
28.708984,0.039452713,-0.30263841,0.044578969,-0.15724571
28.710938,0.044815298,-0.23987514,0.043150321,-0.19701883
28.712891,0.036076505,-0.2373817,0.036873206,-0.20532495
28.714844,0.034393087,-0.30090737,0.032065719,-0.19006003
28.716797,0.031438705,-0.34589782,0.0225178,-0.15287361
28.71875,0.034453623,-0.3128821,0.032345116,-0.13571586
28.720703,0.031651389,-0.24130607,0.031352326,-0.16861494
28.722656,0.025602484,-0.23920278,0.033693671,-0.20332423
28.724609,0.037097175,-0.32893094,0.035269469,-0.18554482
28.726563,0.035599127,-0.36340642,0.031022638,-0.1416996
28.728516,0.035765138,-0.29523534,0.035204276,-0.13804753
28.730469,0.032354407,-0.25337443,0.027075693,-0.18190777
28.732422,0.023803538,-0.30565417,0.050362483,-0.20952404
28.734375,0.028361551,-0.36240336,0.047674686,-0.15619726
28.736328,0.035650149,-0.32714611,0.026889428,-0.10620521
28.738281,0.036164653,-0.2528781,0.035673663,-0.15497781
28.740234,0.03845131,-0.25869745,0.048082605,-0.21361144
28.742188,0.032420624,-0.33587286,0.046232998,-0.18025613
28.744141,0.028975314,-0.36560306,0.024961591,-0.11205071
28.746094,0.033595584,-0.31290346,0.029757902,-0.1272517
28.748047,0.030558603,-0.24442407,0.057112709,-0.19476561
28.75,0.033285804,-0.26118729,0.053527117,-0.19489977
28.751953,0.023283463,-0.34221196,0.028614238,-0.14849244
28.753906,0.023686148,-0.35796592,0.031311348,-0.16080464
28.755859,0.042779483,-0.2838451,0.043934494,-0.19582364
28.757813,0.032211564,-0.22548278,0.053255171,-0.18206015
28.759766,0.035852745,-0.27573416,0.047294706,-0.15919176
28.761719,0.043327738,-0.36328313,0.036798701,-0.17805721
28.763672,0.034518775,-0.34008482,0.045258835,-0.20746727
28.765625,0.041795176,-0.25407788,0.039957747,-0.19825161
28.767578,0.03522218,-0.25425225,0.036793113,-0.18891498
28.769531,0.033483241,-0.32484272,0.042559862,-0.20936345
28.771484,0.03540723,-0.36408156,0.040332139,-0.21768895
28.773438,0.030013226,-0.3198382,0.032579809,-0.20263191
28.775391,0.031308614,-0.27425426,0.028590024,-0.21733586
28.777344,0.031925425,-0.29494566,0.042455554,-0.24830519
28.779297,0.037503477,-0.34149927,0.044139385,-0.23178126
28.78125,0.033538409,-0.36575416,0.02556695,-0.18945195
28.783203,0.025588207,-0.32969952,0.027384892,-0.2120392
28.785156,0.035233762,-0.29608554,0.038357735,-0.26764143
28.787109,0.037959497,-0.31709343,0.023957625,-0.250442
28.789063,0.025999777,-0.35250837,0.038018733,-0.19782744
28.791016,0.038820688,-0.36026889,0.03874889,-0.19148315
28.792969,0.032236997,-0.32279959,0.022940621,-0.23830284
28.794922,0.024122426,-0.29985932,0.034859687,-0.26460916
28.796875,0.041466035,-0.34065357,0.028655216,-0.22445163
28.798828,0.028092142,-0.36196792,0.035776109,-0.18322797
28.800781,0.033769757,-0.32487905,0.022756219,-0.20367469
28.802734,0.037421521,-0.31084117,0.016695172,-0.23602849
28.804688,0.031450953,-0.33002314,0.030380026,-0.22383457
28.806641,0.039693195,-0.35177529,0.018785059,-0.18808587
28.808594,0.030939361,-0.35271168,0.036573321,-0.17631862
28.810547,0.022486551,-0.33506167,0.052908719,-0.19516206
28.8125,0.022859568,-0.33017537,0.047872126,-0.20030884
28.814453,0.036241669,-0.33123311,0.045812041,-0.20233394
28.816406,0.031278487,-0.33419612,0.042988271,-0.21109757
28.818359,0.027133899,-0.33198243,0.047218338,-0.1940635
28.820313,0.040409576,-0.33444071,0.039534926,-0.16324289
28.822266,0.033230044,-0.33268121,0.028111324,-0.17477168
28.824219,0.032334574,-0.32892901,0.036316276,-0.22202979
28.826172,0.032810729,-0.33877128,0.043239728,-0.21432589
28.828125,0.028196473,-0.32331046,0.030426592,-0.16347812
28.830078,0.044622999,-0.31438002,0.033099487,-0.16932257
28.832031,0.036397733,-0.32775119,0.025917128,-0.23042095
28.833984,0.030316528,-0.33264804,0.032065719,-0.23985653
28.835938,0.041432697,-0.33710858,0.054354131,-0.18106905
28.837891,0.024622131,-0.338943,0.024207219,-0.15999322
28.839844,0.025863139,-0.33609787,0.022381827,-0.20367318
28.841797,0.039132793,-0.32990715,0.031046852,-0.24534824
28.84375,0.031447023,-0.32064158,0.021864012,-0.20729515
28.845703,0.02997506,-0.33348727,0.027230293,-0.15521543
28.847656,0.038312271,-0.36190623,0.040801525,-0.17535643
28.849609,0.025542859,-0.34710553,0.025790468,-0.1980899
28.851563,0.028195923,-0.32279196,0.02401723,-0.20562844
28.853516,0.035646532,-0.33602995,0.037521407,-0.19967932
28.855469,0.032479167,-0.34869918,0.016555473,-0.17861915
28.857422,0.034114182,-0.33573326,0.019302875,-0.15378305
28.859375,0.02735671,-0.33073363,0.028549045,-0.1569272
28.861328,0.042068128,-0.34502339,0.046091437,-0.18279119
28.863281,0.036326695,-0.33607417,0.05395925,-0.17276207
28.865234,0.02799025,-0.32361618,0.042444378,-0.15032801
28.867188,0.032765057,-0.34451529,0.040447623,-0.145688
28.869141,0.025640357,-0.35783601,0.052547365,-0.18034419
28.871094,0.030356623,-0.33209988,0.041136801,-0.1941493
28.873047,0.026678761,-0.32356507,0.029973969,-0.15836649
28.875,0.037363008,-0.33811849,0.055887088,-0.13473058
28.876953,0.032095294,-0.33827904,0.035796598,-0.15208653
28.878906,0.022258019,-0.3383494,0.02190499,-0.20242283
28.880859,0.040541288,-0.34357128,0.040764272,-0.21705361
28.882813,0.033499368,-0.32673058,0.041071609,-0.17105058
28.884766,0.028861124,-0.30361906,0.04712148,-0.12885037
28.886719,0.028677611,-0.33101979,0.037826881,-0.16480491
28.888672,0.021922987,-0.35748413,0.037482291,-0.24085613
28.890625,0.030726874,-0.3220672,0.043561965,-0.24004307
28.892578,0.032134738,-0.2842972,0.028865695,-0.17239779
28.894531,0.033177827,-0.30620202,0.036130011,-0.15551728
28.896484,0.039203834,-0.34388629,0.043191299,-0.20424199
28.898438,0.029757109,-0.33605894,0.0407978,-0.23446399
28.900391,0.03443243,-0.30891845,0.023471475,-0.21711926
28.902344,0.036259852,-0.29786128,0.021884501,-0.20516382
28.904297,0.030668303,-0.30224633,0.038110003,-0.19863293
28.90625,0.03748263,-0.32595444,0.033851996,-0.18971843
28.908203,0.035839479,-0.334703,0.033024982,-0.2087951
28.910156,0.031440079,-0.3095521,0.02783379,-0.23325764
28.912109,0.02783802,-0.30349785,0.035520926,-0.2255826
28.914063,0.0273958,-0.32799613,0.032952338,-0.18140444
28.916016,0.027751395,-0.34378606,0.015223682,-0.17657222
28.917969,0.028067557,-0.31966725,0.02321443,-0.22323596
28.919922,0.029217059,-0.29392788,0.029785842,-0.22872913
28.921875,0.029245621,-0.31116009,0.020757601,-0.17021629
28.923828,0.041950751,-0.33685237,0.020792991,-0.14604306
28.925781,0.040377475,-0.32554978,0.024378583,-0.18971953
28.927734,0.024613678,-0.30272079,0.037137702,-0.20624828
28.929688,0.030029668,-0.31841874,0.058211669,-0.17008771
28.931641,0.031848811,-0.33533168,0.066716507,-0.13755277
28.933594,0.033013877,-0.31123331,0.057935998,-0.16481724
28.935547,0.034566525,-0.28973693,0.029992595,-0.21911952
28.9375,0.0363626,-0.31037435,0.029107839,-0.21850693
28.939453,0.035404228,-0.3390047,0.039469734,-0.16870889
28.941406,0.034125388,-0.34011206,0.036061093,-0.13000149
28.943359,0.031864304,-0.31607887,0.023613036,-0.14426161
28.945313,0.023685858,-0.29792693,0.031862691,-0.193078
28.947266,0.031184917,-0.31405243,0.054307565,-0.21951272
28.949219,0.028624713,-0.3381277,0.039886966,-0.18891969
28.951172,0.033384528,-0.32900587,0.042749852,-0.15122564
28.953125,0.036989294,-0.30291235,0.03996706,-0.17448105
28.955078,0.032433465,-0.30651972,0.033134878,-0.22031556
28.957031,0.041246042,-0.33830535,0.037400335,-0.23326845
28.958984,0.030086618,-0.34617567,0.018446058,-0.19565356
28.960938,0.027999833,-0.30553588,0.032242671,-0.15031976
28.962891,0.037581567,-0.29350385,0.03631255,-0.16467801
28.964844,0.030825341,-0.3216863,0.036832228,-0.21694988
28.966797,0.030644907,-0.33411252,0.052379727,-0.23637779
28.96875,0.0362323,-0.33339036,0.033114389,-0.19213648
28.970703,0.033590764,-0.32237822,0.043673724,-0.15539674
28.972656,0.030864965,-0.32664046,0.040261358,-0.19607121
28.974609,0.028570745,-0.33797839,0.01958786,-0.24537268
28.976563,0.02514933,-0.33839655,0.041328654,-0.22908671
28.978516,0.029210333,-0.32823199,0.039134458,-0.17315274
28.980469,0.02552229,-0.31396219,0.026319459,-0.15846935
28.982422,0.030071072,-0.31961936,0.025065899,-0.21235585
28.984375,0.035815962,-0.33320305,0.030556977,-0.2488786
28.986328,0.032699589,-0.3276346,0.033606127,-0.2103918
28.988281,0.033563141,-0.31920725,0.030685499,-0.15956911
28.990234,0.030695133,-0.32351872,0.05112803,-0.17414367
28.992188,0.037310686,-0.32316157,0.051759467,-0.22577836
28.994141,0.033456344,-0.32148245,0.038722813,-0.2390046
28.996094,0.031361911,-0.31513149,0.034600779,-0.21637765
28.998047,0.039240886,-0.32128468,0.022638872,-0.19281286
29.0,0.030157767,-0.32637802,0.024821892,-0.18275388
29.001953,0.028096018,-0.31885588,0.027399793,-0.19849154
29.003906,0.028448574,-0.32878944,0.040309787,-0.21332331
29.005859,0.024948768,-0.32409015,0.042900726,-0.20753527
29.007813,0.031781062,-0.31108332,0.040851817,-0.1883712
29.009766,0.034469444,-0.31867084,0.045992717,-0.18983024
29.011719,0.027392814,-0.32677346,0.029398412,-0.22517718
29.013672,0.027346892,-0.33202752,0.03409414,-0.24050245
29.015625,0.035938982,-0.32525256,0.034535587,-0.21012276
29.017578,0.034645274,-0.30607226,0.032933712,-0.17313069
29.019531,0.030088834,-0.30555451,0.044727981,-0.18886662
29.021484,0.032318108,-0.32567579,0.049229994,-0.23435129
29.023438,0.03744996,-0.33534339,0.048289359,-0.23242433
29.025391,0.042773023,-0.31961015,0.041421786,-0.20221671
29.027344,0.036487393,-0.30282101,0.041567072,-0.20107189
29.029297,0.023575079,-0.32089287,0.038437828,-0.23188108
29.03125,0.024406536,-0.35845333,0.033611715,-0.24915007
29.033203,0.027824992,-0.3459636,0.037240148,-0.23590183
29.035156,0.035129655,-0.29573634,0.038046673,-0.22759095
29.037109,0.038971152,-0.28750741,0.03524898,-0.23497936
29.039063,0.037246317,-0.34465471,0.043440893,-0.26153713
29.041016,0.037285663,-0.38964653,0.046307504,-0.27161485
29.042969,0.033299077,-0.35101631,0.039523751,-0.24715512
29.044922,0.037239123,-0.30015227,0.044996202,-0.23980349
29.046875,0.034376416,-0.30497751,0.04926911,-0.24250421
29.048828,0.029618975,-0.36071029,0.04336825,-0.22348392
29.050781,0.033988364,-0.38514116,0.040250182,-0.21850555
29.052734,0.032431304,-0.35027361,0.039045051,-0.22122443
29.054688,0.033343289,-0.31765106,0.033989832,-0.19913223
29.056641,0.036373135,-0.33653158,0.029426351,-0.18435267
29.058594,0.027649783,-0.38996157,0.029299691,-0.1826275
29.060547,0.030200096,-0.38994509,0.029633105,-0.17795512
29.0625,0.029884465,-0.35905516,0.023611173,-0.15784128
29.064453,0.027469227,-0.33701092,0.0058992803,-0.12493218
29.066406,0.033529483,-0.35784048,0.0073782206,-0.14881596
29.068359,0.028425168,-0.3886556,0.020942003,-0.19211984
29.070313,0.025800537,-0.37801641,0.019988328,-0.17584026
29.072266,0.024801766,-0.35924241,0.022840038,-0.13751139
29.074219,0.028654508,-0.34904379,0.030828923,-0.12990673
29.076172,0.036611632,-0.3579379,0.038149118,-0.15700361
29.078125,0.033398408,-0.36305687,0.027964175,-0.15962425
29.080078,0.023838175,-0.36228883,0.025727138,-0.13467178
29.082031,0.021848228,-0.35977903,0.037379846,-0.11746647
29.083984,0.024933646,-0.34780002,0.032950476,-0.10974982
29.085938,0.039979897,-0.32968694,0.030592367,-0.10594473
29.087891,0.035118625,-0.32433131,0.030137882,-0.11557193
29.089844,0.033865854,-0.34258717,0.033898562,-0.12385197
29.091797,0.047747284,-0.37050524,0.028424248,-0.10809161
29.09375,0.028547576,-0.36273599,0.014856741,-0.085286953
29.095703,0.029591093,-0.33179632,0.031568393,-0.089646064
29.097656,0.03871439,-0.33119011,0.023912922,-0.1135406
29.099609,0.039447352,-0.34130752,0.01372239,-0.097762831
29.101563,0.03517418,-0.35554156,0.021754116,-0.070285611
29.103516,0.026561476,-0.37070316,0.012249038,-0.064915895
29.105469,0.032946289,-0.37136543,0.030532762,-0.06694828
29.107422,0.030220931,-0.35320255,0.041622952,-0.057484757
29.109375,0.038645353,-0.35038984,0.04074192,-0.034363862
29.111328,0.037708204,-0.37981677,0.033203796,-0.036265098
29.113281,0.033292729,-0.38613755,0.036547244,-0.06237432
29.115234,0.038853958,-0.38736737,0.059012607,-0.069796145
29.117188,0.024328263,-0.40981916,0.042071849,-0.032188989
29.119141,0.022608547,-0.41306582,0.035660625,-0.010595636
29.121094,0.027934102,-0.40444466,0.030786082,-0.037531871
29.123047,0.030173376,-0.37705609,0.021036997,-0.05435767
29.125,0.026382484,-0.36727843,0.040697217,-0.035528362
29.126953,0.032013167,-0.39387044,0.04888168,-0.0088758897
29.128906,0.036661167,-0.39974678,0.036455974,-0.016047597
29.130859,0.021752926,-0.39572749,0.023192078,-0.050392736
29.132813,0.025670858,-0.39127287,0.039669037,-0.075072378
29.134766,0.027264465,-0.36962339,0.042317718,-0.061265055
29.136719,0.029572276,-0.3380813,0.037646204,-0.018657397
29.138672,0.040022299,-0.34255701,0.040522128,-0.01886642
29.140625,0.028488288,-0.36875942,0.01949659,-0.061306208
29.142578,0.026327882,-0.36532366,0.025095701,-0.088992797
29.144531,0.029350882,-0.34971237,0.040903971,-0.072095349
29.146484,0.025239574,-0.34049851,0.041423649,-0.013857011
29.148438,0.039725337,-0.33374476,0.032756761,-0.0068213926
29.150391,0.040189501,-0.32589576,0.032507166,-0.074732035
29.152344,0.028324613,-0.33569339,0.035422206,-0.11848703
29.154297,0.026741516,-0.36616144,0.030329734,-0.072487377
29.15625,0.030770622,-0.36211559,0.038959369,-0.0077703521
29.158203,0.031798225,-0.31634936,0.030240327,-0.020573359
29.160156,0.029973364,-0.30979583,0.014193639,-0.083777681
29.162109,0.030636383,-0.34850582,0.028161615,-0.10734573
29.164063,0.026849814,-0.36331928,0.026902467,-0.049848087
29.166016,0.029551581,-0.34330493,0.011379182,0.013072822
29.167969,0.032391094,-0.32488295,0.039695114,-0.016262267
29.169922,0.033127505,-0.32097915,0.044968262,-0.085371174
29.171875,0.041173168,-0.32987478,0.025367647,-0.076428264
29.173828,0.034050263,-0.36301363,0.026332498,-0.030705277
29.175781,0.025249943,-0.36330879,0.034043849,-0.016008481
29.177734,0.038285814,-0.32852465,0.037912562,-0.020882385
29.179688,0.039006472,-0.31704873,0.026421905,-0.045103755
29.181641,0.032608453,-0.34396219,0.024490342,-0.060914353
29.183594,0.029790763,-0.37737998,0.023847729,-0.034233477
29.185547,0.028336169,-0.36501527,0.035263881,0.0071337777
29.1875,0.034522101,-0.34280434,0.047305882,0.0066000135
29.189453,0.02894382,-0.34222668,0.028068483,-0.033863857
29.191406,0.029980375,-0.36322689,0.022135958,-0.05356849
29.193359,0.031937208,-0.37132782,0.04053703,-0.025400579
29.195313,0.022283355,-0.36580318,0.04631868,0.020193074
29.197266,0.029962819,-0.3691746,0.042440653,0.019774677
29.199219,0.027857937,-0.34366283,0.018423706,-0.035480052
29.201172,0.019623781,-0.33618134,0.02822122,-0.053212143
29.203125,0.025749225,-0.37103993,0.040969163,-0.0014051697
29.205078,0.029841788,-0.36976403,0.032468051,0.041007437
29.207031,0.033583488,-0.32376873,0.04709354,0.017420119
29.208984,0.033913311,-0.30989337,0.03060168,-0.031153709
29.210938,0.024324771,-0.35314941,0.035262018,-0.039056446
29.212891,0.024516053,-0.37571901,0.044491425,-0.011815086
29.214844,0.034932487,-0.33711943,0.03272137,0.010198411
29.216797,0.028542312,-0.29239085,0.021541774,0.0042521493
29.21875,0.028847482,-0.29827717,0.026593268,-0.02211109
29.220703,0.034889121,-0.34053889,0.031885043,-0.031617273
29.222656,0.035025358,-0.34780046,0.022780433,-0.0057923975
29.224609,0.032054704,-0.31548589,0.036265984,0.019297898
29.226563,0.031885572,-0.29553896,0.032430798,0.014007579
29.228516,0.031744469,-0.31075758,0.021849111,-0.019400243
29.230469,0.027338207,-0.34142214,0.030560702,-0.038073786
29.232422,0.022657827,-0.34011543,0.041483253,-0.0038937218
29.234375,0.026810778,-0.29310098,0.036888108,0.041548185
29.236328,0.032422058,-0.26805604,0.035222903,0.024440603
29.238281,0.023113545,-0.31239134,0.037271813,-0.035015963
29.240234,0.029769385,-0.34782887,0.037230834,-0.03777349
29.242188,0.03361157,-0.31018412,0.038996622,0.014482146
29.244141,0.02539842,-0.26089928,0.031857103,0.048521519
29.246094,0.027065389,-0.2903116,0.031065479,0.0069070589
29.248047,0.030095842,-0.33413029,0.02694717,-0.044887807
29.25,0.031672873,-0.30073917,0.02928479,-0.017204883
29.251953,0.034242526,-0.26201046,0.043923318,0.032178439
29.253906,0.036271535,-0.27773726,0.04567048,0.034813672
29.255859,0.036949161,-0.30448791,0.039292783,-0.011924051
29.257813,0.031522933,-0.31600466,0.033175856,-0.046546027
29.259766,0.02838834,-0.30769917,0.030821472,-0.029434893
29.261719,0.032261953,-0.27869627,0.032395408,0.014354205
29.263672,0.034521829,-0.26988357,0.027716443,0.031504337
29.265625,0.036202624,-0.30116555,0.019388556,0.00071812933
29.267578,0.037688136,-0.33084232,0.039477184,-0.039912857
29.269531,0.033588279,-0.31781903,0.049174115,-0.032836668
29.271484,0.026849058,-0.29391584,0.033987969,0.01487464
29.273438,0.027155899,-0.31340155,0.033546522,0.018663958
29.275391,0.032017551,-0.33423558,0.036457837,-0.036134887
29.277344,0.029066179,-0.30903101,0.036075994,-0.057197563
29.279297,0.021569366,-0.29600653,0.031549767,-0.013726218
29.28125,0.024840115,-0.32481223,0.034915566,0.023708526
29.283203,0.032107033,-0.33866763,0.020861909,0.017361738
29.285156,0.036816705,-0.30831483,0.020409286,-0.032574266
29.287109,0.033768784,-0.29324248,0.045340791,-0.049596515
29.289063,0.037094966,-0.31944409,0.033349082,0.0029074941
29.291016,0.036166374,-0.33565199,0.018907994,0.038854625
29.292969,0.031784076,-0.31953454,0.040186852,0.0035063345
29.294922,0.033765841,-0.30574781,0.062348604,-0.04634358
29.296875,0.033762034,-0.30576867,0.04862836,-0.025448427
29.298828,0.032681074,-0.31180799,0.028601199,0.011206334
29.300781,0.024033327,-0.33503249,0.029845446,-0.0030664164
29.302734,0.036319762,-0.33827949,0.030435905,-0.030407369
29.304688,0.038885705,-0.31014547,0.029642418,-0.028160729
29.306641,0.035280276,-0.29748002,0.034252465,-0.00039404444
29.308594,0.033510193,-0.3412748,0.021122679,0.013084579
29.310547,0.02719298,-0.37098801,0.026988149,-0.009058604
29.3125,0.035818953,-0.3352235,0.03274931,-0.035289828
29.314453,0.031324975,-0.30903593,0.01673615,-0.031370766
29.316406,0.027940074,-0.32144776,0.033866897,-0.011630161
29.318359,0.029168313,-0.36344191,0.03576307,0.017076869
29.320313,0.034523446,-0.36554676,0.019649327,0.018332001
29.322266,0.035179764,-0.33940548,0.027435184,-0.029347757
29.324219,0.032924231,-0.33296362,0.029409587,-0.039765824
29.326172,0.028495606,-0.3380405,0.020847008,0.017759936
29.328125,0.034839053,-0.37155223,0.029929265,0.059756182
29.330078,0.040401027,-0.3795794,0.046752676,0.020092782
29.332031,0.023915859,-0.35060292,0.041710496,-0.024976304
29.333984,0.030083455,-0.33889922,0.032868519,-0.0069559687
29.335938,0.034518313,-0.36726028,0.023996741,0.024460336
29.337891,0.031040516,-0.38367712,0.026449844,0.028731149
29.339844,0.026787197,-0.36000323,0.049548507,0.0098403171
29.341797,0.035118427,-0.34790048,0.048728943,0.014109908
29.34375,0.022977304,-0.3625415,0.032352567,0.027542083
29.345703,0.015567965,-0.38371798,0.039754719,0.013253557
29.347656,0.03290071,-0.38217688,0.04881835,-0.00095924083
29.349609,0.01487696,-0.34065467,0.040566832,0.0097406078
29.351563,0.022083754,-0.32768828,0.050941765,0.019353429
29.353516,0.031400014,-0.36927682,0.056378826,0.0020535877
29.355469,0.02955067,-0.3667115,0.047523811,-0.015735546
29.357422,0.028492182,-0.32396856,0.038681835,-0.022546774
29.359375,0.039885797,-0.31759307,0.028522968,-0.032160468
29.361328,0.036355611,-0.33273336,0.027131572,-0.034548145
29.363281,0.020751353,-0.33630037,0.032145813,-0.020477841
29.365234,0.034283224,-0.34007818,0.041337967,-0.013835474
29.367188,0.02744087,-0.31850228,0.039441794,-0.034929
29.369141,0.026555719,-0.28494859,0.021811858,-0.06582877
29.371094,0.034951419,-0.30646324,0.036210105,-0.074783728
29.373047,0.042928979,-0.33968318,0.034582153,-0.048562281
29.375,0.03326821,-0.32886046,0.0083486587,-0.025802853
29.376953,0.029469971,-0.31288716,0.030247778,-0.05051899
29.378906,0.037845176,-0.32666358,0.031041265,-0.07389769
29.380859,0.034139909,-0.3307071,0.034768417,-0.048345052
29.382813,0.034724142,-0.31900793,0.036316276,-0.025549533
29.384766,0.024153737,-0.32634565,0.03098911,-0.046712093
29.386719,0.03138658,-0.3396329,0.03785482,-0.060609695
29.388672,0.038589623,-0.33787659,0.040818289,-0.042570326
29.390625,0.031281114,-0.32579494,0.044005275,-0.031866111
29.392578,0.038574859,-0.33806029,0.01920788,-0.041012108
29.394531,0.036254022,-0.36150575,0.037992656,-0.052947238
29.396484,0.024489319,-0.36053002,0.04866375,-0.045204282
29.398438,0.031123564,-0.35248107,0.037383571,-0.031176526
29.400391,0.028562382,-0.34016067,0.042990133,-0.047348127
29.402344,0.026504472,-0.32492557,0.023406282,-0.067577735
29.404297,0.042716525,-0.34889153,0.031261057,-0.053336531
29.40625,0.035107329,-0.37926689,0.029206559,-0.038353298
29.408203,0.030618947,-0.36851931,0.023253545,-0.043821789
29.410156,0.033861559,-0.35743406,0.033816606,-0.045307249
29.412109,0.027557116,-0.36353406,0.031752795,-0.038116336
29.414063,0.022241712,-0.37717047,0.041807353,-0.044176333
29.416016,0.023042189,-0.37335223,0.032849893,-0.064776085
29.417969,0.039223813,-0.35333386,0.033684358,-0.062510118
29.419922,0.030736664,-0.3436313,0.037091136,-0.038480423
29.421875,0.032110918,-0.36562935,0.030614719,-0.029625989
29.423828,0.043059051,-0.3950808,0.039905593,-0.049037546
29.425781,0.025593998,-0.37691694,0.021394625,-0.061822802
29.427734,0.033975191,-0.35520855,0.033809155,-0.037960511
29.429688,0.026982702,-0.36085302,0.052307084,-0.024339978
29.431641,0.016169,-0.36578214,0.031644762,-0.048770372
29.433594,0.02892983,-0.37372425,0.024784639,-0.070233576
29.435547,0.026568158,-0.36858439,0.021899402,-0.062643528
29.4375,0.028882861,-0.34765321,0.042336345,-0.039189391
29.439453,0.039051402,-0.35464332,0.050697759,-0.025003487
29.441406,0.038273733,-0.3727662,0.038557038,-0.040856168
29.443359,0.021195399,-0.37682223,0.035090655,-0.064473346
29.445313,0.027246969,-0.36899242,0.034842923,-0.073678128
29.447266,0.037588969,-0.34494743,0.029562324,-0.05881853
29.449219,0.026364468,-0.32533097,0.041384533,-0.041968111
29.451172,0.023640953,-0.34154117,0.05289568,-0.048095804
29.453125,0.028988082,-0.38121736,0.018609971,-0.061066799
29.455078,0.032336995,-0.3647562,0.01683487,-0.090299442
29.457031,0.027261302,-0.32357067,0.036843404,-0.097685352
29.458984,0.032996073,-0.32789484,0.030424729,-0.050954442
29.460938,0.034178514,-0.34885415,0.0335875,-0.018900355
29.462891,0.034476846,-0.35765764,0.035908356,-0.062219486
29.464844,0.033935584,-0.35125336,0.025874287,-0.11614679
29.466797,0.026185006,-0.3302649,0.025332257,-0.094914787
29.46875,0.028818501,-0.32573459,0.036958888,-0.034752689
29.470703,0.022823038,-0.35659185,0.036342353,-0.023916749
29.472656,0.024971828,-0.36557236,0.024609551,-0.071621358
29.474609,0.026223361,-0.33605278,0.051683098,-0.10582855
29.476563,0.037498415,-0.31359088,0.050477967,-0.076633625
29.478516,0.026416615,-0.3406539,0.020275176,-0.036219232
29.480469,0.02385759,-0.37717387,0.027174413,-0.057509556
29.482422,0.041362204,-0.35607842,0.021748528,-0.09044636
29.484375,0.024277983,-0.30760872,0.01933454,-0.073995478
29.486328,0.032822926,-0.31425264,0.03679125,-0.047098998
29.488281,0.034806766,-0.36153683,0.033418,-0.044161201
29.490234,0.035953809,-0.36066878,0.01910916,-0.055671416
29.492188,0.031764146,-0.33144552,0.029357433,-0.081793502
29.494141,0.023108166,-0.33093166,0.020517319,-0.090094149
29.496094,0.029432692,-0.34683889,0.020657018,-0.05131527
29.498047,0.029008389,-0.34686956,0.040605947,-0.0089573804
29.5,0.034863461,-0.33598268,0.033518583,-0.017571183
29.501953,0.02875971,-0.32957146,0.034049436,-0.064887024
29.503906,0.024647288,-0.33128858,0.036558419,-0.087857805
29.505859,0.027309457,-0.35349643,0.019874707,-0.044233143
29.507813,0.029921755,-0.35948712,0.025775567,0.007614282
29.509766,0.035959747,-0.32196575,0.03383337,-0.015566511
29.511719,0.038320787,-0.30107316,0.02678512,-0.061464708
29.513672,0.032744672,-0.34272343,0.037724435,-0.054468323
29.515625,0.033568475,-0.39047042,0.027941823,-0.013842167
29.517578,0.030311216,-0.36042559,0.0204335,0.0027881684
29.519531,0.019312963,-0.30381334,0.030147195,-0.030137461
29.521484,0.029413864,-0.31911421,0.035878554,-0.048521534
29.523438,0.039526395,-0.36483017,0.022271931,-0.013853868
29.525391,0.030828422,-0.35580134,0.021480307,0.0081505496
29.527344,0.022932488,-0.3316901,0.043623433,-0.0080128452
29.529297,0.021934304,-0.35266197,0.036707431,-0.019244013
29.53125,0.033207309,-0.35728315,0.035548866,-0.0094190259
29.533203,0.040567752,-0.33326241,0.045178741,-0.0075138309
29.535156,0.028423769,-0.3273952,0.047525674,-0.010947967
29.537109,0.023727732,-0.34914407,0.035932571,-0.0042686956
29.539063,0.031161813,-0.37182814,0.028206319,-0.0062540425
29.541016,0.027017767,-0.34424666,0.034380987,-0.026402857
29.542969,0.026631925,-0.31638631,0.025833309,-0.024662856
29.544922,0.037532605,-0.32085574,0.023536667,0.01005068
29.546875,0.027971618,-0.34135246,0.036554694,0.013239121
29.548828,0.033492848,-0.36893666,0.040008038,-0.023556445
29.550781,0.040314853,-0.35942674,0.036750272,-0.04172352
29.552734,0.029414564,-0.31228366,0.030499235,-0.02154601
29.554688,0.03233353,-0.3154029,0.030366987,-0.0043765544
29.556641,0.033321317,-0.38126144,0.036247358,-0.016246494
29.558594,0.035189107,-0.38255626,0.034403339,-0.024943184
29.560547,0.030413209,-0.32420269,0.041226208,-0.017180085
29.5625,0.024500981,-0.3170301,0.043081403,-0.012140874
29.564453,0.03243402,-0.37736124,0.032648727,-0.021600202
29.566406,0.027822698,-0.39342079,0.029113427,-0.035076555
29.568359,0.026039366,-0.3394773,0.032421485,-0.032245915
29.570313,0.032530453,-0.32681969,0.038983583,-0.016141254
29.572266,0.025967719,-0.36155954,0.042056948,-0.009623684
29.574219,0.031538844,-0.38525862,0.043759406,-0.028654562
29.576172,0.036046047,-0.36846134,0.044703767,-0.048325665
29.578125,0.030096117,-0.33451271,0.039127007,-0.049730685
29.580078,0.021558475,-0.33427253,0.033529758,-0.042881619
29.582031,0.022033911,-0.37087271,0.037651792,-0.039279904
29.583984,0.03178459,-0.38111788,0.0313337,-0.043201819
29.585938,0.026426794,-0.33702025,0.044232517,-0.047745395
29.587891,0.02967014,-0.31309766,0.047743604,-0.056794647
29.589844,0.034315765,-0.35173291,0.033948854,-0.063305818
29.591797,0.030865042,-0.38655677,0.033553973,-0.063382708
29.59375,0.031495638,-0.36598098,0.01616618,-0.073392734
29.595703,0.024813274,-0.31936026,0.024378583,-0.076309875
29.597656,0.024076499,-0.32023808,0.035872966,-0.064063273
29.599609,0.025248064,-0.36416382,0.033973068,-0.049713746
29.601563,0.032102529,-0.3602632,0.023987427,-0.054064941
29.603516,0.04080037,-0.3185949,0.024600238,-0.092332348
29.605469,0.030358577,-0.31219614,0.027740657,-0.10166653
29.607422,0.029023871,-0.35755858,0.019021615,-0.056677595
29.609375,0.035529919,-0.38547817,0.028528556,-0.030917501
29.611328,0.031506389,-0.34078273,0.036435485,-0.050865382
29.613281,0.028623519,-0.30203003,0.031141847,-0.079971544
29.615234,0.030356187,-0.3337177,0.025857523,-0.074333668
29.617188,0.031762246,-0.37386236,0.029366747,-0.047366694
29.619141,0.035287965,-0.36552745,0.033270851,-0.032231074
29.621094,0.03502585,-0.33131751,0.037381709,-0.030950738
29.623047,0.027673697,-0.31975153,0.023719206,-0.054190554
29.625,0.024337821,-0.36008352,0.03114371,-0.06527213
29.626953,0.032291427,-0.39512405,0.034265503,-0.046349108
29.628906,0.029856227,-0.36349663,0.037441313,-0.015922975
29.630859,0.025178436,-0.32101861,0.056321084,-0.017044753
29.632813,0.024083851,-0.33996734,0.030564427,-0.058058161
29.634766,0.024306452,-0.39535469,0.031119496,-0.074726917
29.636719,0.028869145,-0.38308641,0.034412652,-0.052404162
29.638672,0.029534634,-0.32497475,0.033611715,-0.017494524
29.640625,0.034149665,-0.31756747,0.041997343,-0.023786772
29.642578,0.036352195,-0.35831928,0.02800329,-0.061163481
29.644531,0.037264362,-0.39033809,0.032047093,-0.074177258
29.646484,0.023156131,-0.3629266,0.037156329,-0.05610285
29.648438,0.032013889,-0.32950702,0.031978175,-0.028730931
29.650391,0.044012424,-0.33477923,0.01698947,-0.039762273
29.652344,0.029637687,-0.35635957,0.021163657,-0.071561463
29.654297,0.036185097,-0.38010001,0.028210044,-0.075253054
29.65625,0.034394879,-0.37850386,0.024603963,-0.04639975
29.658203,0.028221997,-0.35574174,0.038190097,-0.021497058
29.660156,0.028335314,-0.36680603,0.024171829,-0.042121314
29.662109,0.025181016,-0.39706698,0.021059349,-0.070492424
29.664063,0.032496344,-0.39064568,0.047456756,-0.067959987
29.666016,0.024999779,-0.36884195,0.027720168,-0.032125484
29.667969,0.019785319,-0.37768313,0.0092073381,-0.011668112
29.669922,0.019721216,-0.40142351,0.029500857,-0.041841332
29.671875,0.025645692,-0.39377201,0.03563641,-0.061022155
29.673828,0.024421386,-0.37109756,0.022465646,-0.041346684
29.675781,0.02284522,-0.36456487,0.023337364,-0.012091398
29.677734,0.036797494,-0.37282225,0.036120698,-0.011229983
29.679688,0.023956943,-0.36569485,0.038694873,-0.026884701
29.681641,0.029564729,-0.36249354,0.044508189,-0.034100354
29.683594,0.03136155,-0.37065846,0.020839557,-0.034165315
29.685547,0.026197536,-0.34408855,0.0085610002,-0.016414365
29.6875,0.024400258,-0.32872471,0.036979377,-0.001761226
29.689453,0.026169201,-0.34671664,0.035804048,-0.006318944
29.691406,0.029355982,-0.34960666,0.03316468,-0.014073368
29.693359,0.02398763,-0.3280673,0.028811678,-0.020303976
29.695313,0.040306933,-0.3207913,0.023203254,-0.0223225
29.697266,0.034260806,-0.334396,0.028267786,-0.01300619
29.699219,0.031199066,-0.33352348,0.021290317,-0.0070568426
29.701172,0.029009661,-0.333285,0.021281004,-0.00069398852
29.703125,0.024359753,-0.329153,0.024413973,0.014973652
29.705078,0.035369225,-0.30977654,0.029145092,0.017278384
29.707031,0.031745244,-0.31126183,0.030776769,0.0083022965
29.708984,0.027505811,-0.32856122,0.031329975,0.0015159235
29.710938,0.024918305,-0.34601542,0.036824778,0.012470139
29.712891,0.029753633,-0.33729184,0.02517952,0.027653608
29.714844,0.03080393,-0.31030396,0.019191116,0.024013417
29.716797,0.021523239,-0.315833,0.031039402,0.015360383
29.71875,0.033877801,-0.34031677,0.034375399,0.027047958
29.720703,0.02605588,-0.33811682,0.030942544,0.060132377
29.722656,0.020949375,-0.31310841,0.031294584,0.052078474
29.724609,0.038548231,-0.31292507,0.037696496,0.018135725
29.726563,0.033374187,-0.31973553,0.035796598,0.026564717
29.728516,0.034453932,-0.31863192,0.027809575,0.054983154
29.730469,0.028236909,-0.33501098,0.029610753,0.059978127
29.732422,0.02823532,-0.34018591,0.026900604,0.042715713
29.734375,0.030444518,-0.31530622,0.028414935,0.04053013
29.736328,0.027712427,-0.30812818,0.034405202,0.058561411
29.738281,0.027039159,-0.32946703,0.047657922,0.064882003
29.740234,0.025388561,-0.33906159,0.046827182,0.061794437
29.742188,0.033959016,-0.32400653,0.034004733,0.05236119
29.744141,0.029085055,-0.31348845,0.043908417,0.033609997
29.746094,0.024310736,-0.32888001,0.036768898,0.036287084
29.748047,0.03150475,-0.33815378,0.032419622,0.060219746
29.75,0.033618141,-0.32452503,0.026593268,0.068125047
29.751953,0.02784189,-0.31330988,0.026751593,0.046738796
29.753906,0.025661275,-0.32680008,0.031536728,0.022386339
29.755859,0.028143032,-0.32946408,0.016255587,0.027489055
29.757813,0.029751686,-0.32069746,0.021858424,0.05851886
29.759766,0.033214822,-0.31830367,0.033308104,0.063227393
29.761719,0.030595984,-0.31605309,0.039890692,0.041570302
29.763672,0.015577516,-0.32038769,0.029171169,0.033142474
29.765625,0.028823175,-0.33094335,0.0189825,0.036764968
29.767578,0.037803955,-0.32910487,0.034954682,0.050447669
29.769531,0.033650473,-0.2932961,0.039667174,0.062783681
29.771484,0.037391428,-0.29964545,0.036146775,0.059602048
29.773438,0.027544606,-0.35163134,0.028273374,0.040315405
29.775391,0.028835895,-0.35929719,0.020761326,0.035787955
29.777344,0.030065758,-0.31531972,0.037312791,0.052760143
29.779297,0.028643722,-0.28816894,0.036493227,0.070749864
29.78125,0.022380041,-0.31354812,0.038095102,0.068581395
29.783203,0.031643257,-0.3473475,0.039194062,0.041343469
29.785156,0.032923579,-0.34839907,0.036420584,0.030909861
29.787109,0.025092075,-0.31042632,0.047179222,0.048767973
29.789063,0.042883281,-0.30441689,0.042265564,0.061186343
29.791016,0.033550423,-0.33479473,0.03620638,0.051589645
29.792969,0.0256276,-0.35420507,0.03348878,0.03537596
29.794922,0.030728882,-0.35394797,0.049343616,0.026457034
29.796875,0.027700247,-0.31942737,0.040408507,0.040956561
29.798828,0.029222958,-0.300477,0.031577706,0.050539289
29.800781,0.021305993,-0.33826745,0.033423588,0.02820367
29.802734,0.018185396,-0.37373611,0.024054483,0.012950062
29.804688,0.030704847,-0.34266487,0.029703885,0.015107762
29.806641,0.035059828,-0.29912856,0.024972767,0.031790137
29.808594,0.035799917,-0.3145636,0.025874287,0.041785032
29.810547,0.035173539,-0.36402604,0.025386274,0.026412446
29.8125,0.031990375,-0.3638396,0.047821835,0.0063923285
29.814453,0.030603947,-0.32826614,0.045510292,0.005725909
29.816406,0.029372321,-0.31264025,0.030238464,0.026438348
29.818359,0.037834261,-0.31947669,0.036848992,0.028316069
29.820313,0.03555999,-0.34816536,0.027021676,0.010540847
29.822266,0.030162334,-0.36119252,0.018768296,0.0019859504
29.824219,0.03428464,-0.35536268,0.0093936026,0.016937811
29.826172,0.028064346,-0.33535224,0.026015848,0.043493893
29.828125,0.025260065,-0.33815458,0.032339528,0.046248395
29.830078,0.034032699,-0.37698248,0.034477845,0.017542645
29.832031,0.034755874,-0.3812668,0.030661285,-0.0027774735
29.833984,0.027643729,-0.3448596,0.034315795,0.010792187
29.835938,0.026870977,-0.34344524,0.046026245,0.036451578
29.837891,0.023130611,-0.3865869,0.03040424,0.047194794
29.839844,0.024123147,-0.39001215,0.040017352,0.02109151
29.841797,0.028393017,-0.35466227,0.053100571,0.0041468516
29.84375,0.02575811,-0.33527273,0.036498815,0.029223759
29.845703,0.028685214,-0.35551956,0.030542076,0.044501584
29.847656,0.025581561,-0.38466436,0.030283168,0.01659718
29.849609,0.024842534,-0.37829447,0.017995298,-0.0049429149
29.851563,0.026912993,-0.34492031,0.041764513,0.016108643
29.853516,0.023214987,-0.32021248,0.039220139,0.03664314
29.855469,0.022376884,-0.33879912,0.028433561,0.032050908
29.857422,0.026966365,-0.36975989,0.037258774,-0.0058538066
29.859375,0.033516422,-0.35363054,0.017494246,-0.021697234
29.861328,0.027119745,-0.30413285,0.021642357,0.0094041675
29.863281,0.032517336,-0.30436766,0.030387476,0.029005015
29.865234,0.045419939,-0.35985976,0.040328413,0.032669131
29.867188,0.026354088,-0.36240867,0.031478986,0.015207006
29.869141,0.024626922,-0.31467739,0.018932208,-0.017958032
29.871094,0.04257511,-0.3112126,0.025259614,-0.021009453
29.873047,0.03164031,-0.33345297,0.026084766,0.021684296
29.875,0.026486687,-0.34274384,0.032984003,0.053281743
29.876953,0.028427046,-0.35357577,0.041451588,0.031033726
29.878906,0.026555525,-0.34645319,0.049328715,-0.012835408
29.880859,0.029802475,-0.32456246,0.034695774,-0.013335412
29.882813,0.030599328,-0.33456323,0.02292572,0.027812574
29.884766,0.019246535,-0.36434117,0.027964175,0.035936676
29.886719,0.021388749,-0.36387068,0.027381167,0.014841462
29.888672,0.035646763,-0.33576876,0.043830186,0.0066076387
29.890625,0.030625746,-0.31949064,0.046806693,0.02253698
29.892578,0.026922649,-0.33865219,0.022426531,0.026047252
29.894531,0.034122817,-0.36874247,0.040563107,-0.00055004098
29.896484,0.028707135,-0.35637206,0.041550308,-0.010936383
29.898438,0.030345401,-0.3274537,0.026161134,0.0093537597
29.900391,0.041321129,-0.32479435,0.031458497,0.021054955
29.902344,0.022501793,-0.33988482,0.031560943,0.0018521892
29.904297,0.030297456,-0.36934564,0.042962193,-0.0046645659
29.90625,0.036828905,-0.36651614,0.029577225,0.0064146803
29.908203,0.02507655,-0.32017332,0.024112225,0.00098524429
29.910156,0.028653784,-0.31264147,0.03184779,-0.012702346
29.912109,0.023109293,-0.36857623,0.021908715,-0.0036632195
29.914063,0.022371367,-0.39563918,0.03537564,0.011620425
29.916016,0.031562455,-0.34558642,0.045581073,-0.0043798722
29.917969,0.031572487,-0.30448243,0.034757242,-0.015562612
29.919922,0.025846176,-0.33061936,0.043733329,-0.0087254811
29.921875,0.037228897,-0.38840026,0.035483673,-0.0044687553
29.923828,0.029704703,-0.38352203,0.020206258,-0.010136261
29.925781,0.020077441,-0.32173771,0.029322043,-0.025628928
29.927734,0.02574743,-0.30913061,0.022467509,-0.013202757
29.929688,0.025290024,-0.34739861,0.026887566,0.011863733
29.931641,0.023651768,-0.36883241,0.035593569,-0.00068223057
29.933594,0.03299858,-0.348151,0.027962312,-0.031318553
29.935547,0.039545357,-0.31331831,0.035651311,-0.026517643
29.9375,0.0345314,-0.3094224,0.044245556,-0.0047993748
29.939453,0.032149363,-0.36620426,0.033676907,-0.0068833837
29.941406,0.026315678,-0.39247218,0.018010199,-0.02581886
29.943359,0.034837142,-0.33463436,0.020925239,-0.032252029
29.945313,0.023073437,-0.28876144,0.029696435,-0.0060610841
29.947266,0.019754779,-0.32730836,0.029318318,0.015077435
29.949219,0.031972047,-0.38852882,0.023331776,0.0041250237
29.951172,0.025664657,-0.36192548,0.028051719,-0.019512875
29.953125,0.031767841,-0.31176633,0.029420763,-0.020273125
29.955078,0.028647337,-0.32588813,0.018803686,-0.0020225202
29.957031,0.027106943,-0.36075249,0.020891711,0.0065431446
29.958984,0.023479983,-0.36363935,0.020643979,0.014301411
29.960938,0.021232737,-0.33838311,0.018284008,0.020158673
29.962891,0.038533613,-0.31494945,0.026498273,0.010114824
29.964844,0.037441894,-0.30719295,0.037987068,0.0083450787
29.966797,0.029149387,-0.34419364,0.030355811,0.029482841
29.96875,0.031864177,-0.38878581,0.031922296,0.043932777
29.970703,0.026138326,-0.36026588,0.028837755,0.023814872
29.972656,0.027444351,-0.3029283,0.020949453,0.0044515105
29.974609,0.031455196,-0.31254992,0.037245736,0.030510498
29.976563,0.032813873,-0.36508977,0.025254026,0.063122973
29.978516,0.029454896,-0.36835849,0.029245675,0.062169064
29.980469,0.020981761,-0.33821389,0.042923078,0.024136119
29.982422,0.026101092,-0.33645481,0.038260877,0.017337231
29.984375,0.032163113,-0.34645209,0.043424129,0.055028439
29.986328,0.033765532,-0.34405074,0.029465467,0.059423815
29.988281,0.029216042,-0.35265207,0.029363021,0.028315023
29.990234,0.027720001,-0.36507609,0.036100209,0.01417056
29.992188,0.031983785,-0.34856305,0.035859928,0.044130623
29.994141,0.029267728,-0.33695075,0.038702324,0.06048727
29.996094,0.030927815,-0.35977569,0.029772803,0.037106358
29.998047,0.027424539,-0.36387929,0.039609432,0.0088631269
30.0,0.025188886,-0.34262896,0.050349444,0.0073049082
30.001953,0.030791052,-0.34851554,0.036906734,0.030022543
30.003906,0.028107096,-0.36199674,0.013027623,0.029616894
30.005859,0.02947491,-0.35205302,0.015909135,0.0092283227
30.007813,0.026406454,-0.34482163,0.02062349,0.0080610253
30.009766,0.023958474,-0.36361986,0.026697576,0.029372945
30.011719,0.02012554,-0.37539387,0.048406705,0.036436796
30.013672,0.02584379,-0.34707868,0.032034054,0.023866501
30.015625,0.035283238,-0.3330428,0.026321322,0.0031568557
30.017578,0.025757341,-0.34836474,0.030195624,-0.016765123
30.019531,0.023090377,-0.36277887,0.03415747,0.0051662424
30.021484,0.030616967,-0.36350554,0.039631784,0.049361106
30.023438,0.032573115,-0.33605638,0.033891112,0.056704003
30.025391,0.022752861,-0.32454872,0.037487879,0.0086096916
30.027344,0.030867094,-0.33695155,0.03848812,-0.028137561
30.029297,0.028059345,-0.35342497,0.042116553,0.001188389
30.03125,0.022409638,-0.34884134,0.041775689,0.052509792
30.033203,0.033011265,-0.32780811,0.033656418,0.042375781
30.035156,0.018841788,-0.31987929,0.027094319,-0.028522547
30.037109,0.021864587,-0.32829326,0.035409167,-0.04689987
30.039063,0.022264089,-0.35227051,0.0324606,0.0076486245
30.041016,0.019960292,-0.33500725,0.026805609,0.049209595
30.042969,0.034405958,-0.2926124,0.028234258,0.010746785
30.044922,0.022937749,-0.29161942,0.031862691,-0.045981817
30.046875,0.026195806,-0.33019707,0.051956907,-0.040446967
30.048828,0.037236255,-0.34594184,0.050341994,0.0069207377
30.050781,0.032412138,-0.29976267,0.035388678,0.0214088
30.052734,0.033044022,-0.2756086,0.028262198,-0.029455557
30.054688,0.030207237,-0.30954772,0.028994218,-0.070121698
30.056641,0.033427823,-0.33416688,0.029189795,-0.045849163
30.058594,0.027354842,-0.31901672,0.029133916,0.009673262
30.060547,0.021341138,-0.28541735,0.036860168,0.01834341
30.0625,0.034143433,-0.28230202,0.030083865,-0.030394156
30.064453,0.029459069,-0.31228489,0.029171169,-0.081219748
30.066406,0.032202788,-0.33297592,0.044098407,-0.069670185
30.068359,0.039980572,-0.3277761,0.046612978,-0.0036833012
30.070313,0.035247333,-0.30093637,0.024931788,0.017076345
30.072266,0.037130695,-0.30698997,0.025479406,-0.053663891
30.074219,0.037278023,-0.35647854,0.024073109,-0.11199158
30.076172,0.029374644,-0.36785999,0.017529637,-0.065448262
30.078125,0.023166046,-0.33333308,0.036286473,0.013433651
30.080078,0.026640963,-0.32251436,0.032283649,0.017322272
30.082031,0.024157142,-0.35024235,0.028541595,-0.062916405
30.083984,0.03096712,-0.36381871,0.023030028,-0.11067084
30.085938,0.032203265,-0.36041594,0.027006775,-0.059679829
30.087891,0.029360805,-0.36552995,0.024445638,0.020580214
30.089844,0.036696576,-0.37009808,0.026580229,0.016092403
30.091797,0.033917099,-0.3754032,0.028966278,-0.060434025
30.09375,0.02717543,-0.37256637,0.020260274,-0.086858496
30.095703,0.025835255,-0.37964699,0.039106518,-0.039739046
30.097656,0.03122141,-0.38688219,0.033440351,0.017856909
30.099609,0.028428812,-0.36500835,0.024915025,0.0056579225
30.101563,0.026600737,-0.36474395,0.034259915,-0.058394544
30.103516,0.019194197,-0.38263327,0.042489082,-0.075560451
30.105469,0.026553581,-0.39311776,0.030204937,-0.015718259
30.107422,0.032635976,-0.38376135,0.015497491,0.030192684
30.109375,0.025945211,-0.35773414,0.026069865,-0.0068450249
30.111328,0.03249757,-0.36831039,0.035222903,-0.057573698
30.113281,0.029828984,-0.39343771,0.026624933,-0.048200522
30.115234,0.028699327,-0.38944584,0.028241709,0.0018965434
30.117188,0.02677549,-0.37068474,0.039406404,0.018680198
30.119141,0.030131752,-0.35273591,0.016410187,-0.010039695
30.121094,0.018997105,-0.35874921,0.029769078,-0.054175422
30.123047,0.01827088,-0.38625646,0.039961472,-0.049383882
30.125,0.033415299,-0.38937262,0.020819068,0.01893672
30.126953,0.027460717,-0.34880328,0.040140286,0.039782453
30.128906,0.022786438,-0.3251259,0.033274576,-0.017379623
30.130859,0.024048572,-0.38206971,0.027658701,-0.063696913
30.132813,0.030779978,-0.40967539,0.030771181,-0.036826279
30.134766,0.024237778,-0.3475031,0.02048938,0.024287401
30.136719,0.028876783,-0.31116241,0.031134397,0.031554043
30.138672,0.031341497,-0.34394136,0.032443836,-0.020486107
30.140625,0.027717561,-0.38035303,0.024315253,-0.045059577
30.142578,0.033910453,-0.36342895,0.02260907,-0.014963131
30.144531,0.030246517,-0.32960814,0.027574882,0.027445225
30.146484,0.032872982,-0.32307899,0.032155126,0.025803303
30.148438,0.028444381,-0.35060638,0.028938338,-0.010953788
30.150391,0.034563944,-0.38498393,0.037381709,-0.02858285
30.152344,0.027678927,-0.36643693,0.03400287,-0.014777157
30.154297,0.019401602,-0.32833728,0.033963755,0.024672503
30.15625,0.031226937,-0.33850396,0.036338627,0.018976534
30.158203,0.024239438,-0.3777273,0.027910158,-0.018464614
30.160156,0.028266555,-0.38112268,0.047510773,-0.027685812
30.162109,0.021420512,-0.3438448,0.044821113,-0.0011864835
30.164063,0.022946561,-0.33487582,0.033527896,0.030554736
30.166016,0.034202632,-0.3659789,0.040674865,-0.0025295089
30.167969,0.025520252,-0.3739531,0.038702324,-0.041381553
30.169922,0.027845856,-0.34667763,0.034475982,-0.034184813
30.171875,0.030987216,-0.34387863,0.027237743,-0.002007328
30.173828,0.028466921,-0.35591218,0.0258836,0.00330773
30.175781,0.026375616,-0.35602725,0.024935514,-0.030671807
30.177734,0.025046254,-0.35055137,0.036964476,-0.042975977
30.179688,0.024268387,-0.34203565,0.046225548,-0.032690331
30.181641,0.030804025,-0.34429428,0.033999145,-0.014566621
30.183594,0.034060065,-0.34189042,0.031655937,-0.017500926
30.185547,0.029727671,-0.34177148,0.032533243,-0.047875255
30.1875,0.020859307,-0.34773988,0.034869,-0.059883207
30.189453,0.02520949,-0.35225829,0.023952037,-0.036549851
30.191406,0.032947399,-0.34622544,0.028202593,-0.017294988
30.193359,0.028661659,-0.32710102,0.03785482,-0.024512563
30.195313,0.021692174,-0.32552439,0.024542496,-0.047866642
30.197266,0.019918051,-0.35208461,0.024823755,-0.062852725
30.199219,0.032259159,-0.35957029,0.020211846,-0.043258689
30.201172,0.030695828,-0.32419634,0.031018913,-0.017353604
30.203125,0.027488949,-0.30137923,0.02357392,-0.015452716
30.205078,0.032017827,-0.32794467,0.015145451,-0.043092739
30.207031,0.031458199,-0.36755109,0.023745283,-0.060623314
30.208984,0.030950032,-0.35356569,0.014901444,-0.029428259
30.210938,0.028728049,-0.30961537,0.034263641,0.0058677029
30.212891,0.03218022,-0.30986834,0.034883901,-0.0064783166
30.214844,0.03002342,-0.34979978,0.032220319,-0.039098471
30.216797,0.026231837,-0.36950564,0.038165882,-0.03999557
30.21875,0.035509713,-0.34309646,0.030311108,-0.010289988
30.220703,0.03261308,-0.30868265,0.046551511,0.0051015154
30.222656,0.024600163,-0.33134696,0.041462764,-0.0070797764
30.224609,0.026018953,-0.39128193,0.020997882,-0.019394888
30.226563,0.031990271,-0.38293967,0.018710554,-0.022949921
30.228516,0.037899163,-0.3160288,0.02960144,-0.016130369
30.230469,0.030412121,-0.3117353,0.039592668,0.0065186974
30.232422,0.026755519,-0.3852841,0.034373537,0.015720688
30.234375,0.031903408,-0.41952121,0.02996093,-0.024392597
30.236328,0.024494031,-0.36281931,0.02745381,-0.05469574
30.238281,0.023825727,-0.31462839,0.033816606,-0.027298905
30.240234,0.028927183,-0.34377587,0.044763371,0.012878699
30.242188,0.019380771,-0.38962692,0.048985988,0.013587552
30.244141,0.025944099,-0.39441043,0.027152061,-0.033785101
30.246094,0.023978289,-0.35586095,0.015395045,-0.068944156
30.248047,0.020259434,-0.31904501,0.036809877,-0.041427013
30.25,0.035885926,-0.34694523,0.033062235,0.011571704
30.251953,0.024323657,-0.389714,0.022955522,0.01563815
30.253906,0.027396997,-0.3730666,0.02915068,-0.042256877
30.255859,0.03262588,-0.32840696,0.034101591,-0.077310175
30.257813,0.028080991,-0.32351962,0.025380686,-0.037395954
30.259766,0.039456796,-0.36164942,0.027912021,0.0076930369
30.261719,0.030349704,-0.37232801,0.036666453,-0.0023317775
30.263672,0.026215926,-0.34246445,0.019628838,-0.043797053
30.265625,0.03587658,-0.33326805,0.02562283,-0.065876037
30.267578,0.031167816,-0.35058367,0.028483853,-0.040031366
30.269531,0.022651041,-0.36083236,0.024685919,0.0045785778
30.271484,0.027396146,-0.36090621,0.03704457,0.0049758451
30.273438,0.030051949,-0.35275644,0.035139084,-0.035757061
30.275391,0.031069791,-0.34808528,0.035397992,-0.064925499
30.277344,0.025069896,-0.35420918,0.028014466,-0.04169232
30.279297,0.010607523,-0.37431934,0.043437168,0.0060069356
30.28125,0.022012651,-0.37568542,0.039961472,0.0028084829
30.283203,0.031783428,-0.33842111,0.029327631,-0.047295157
30.285156,0.021967292,-0.31382337,0.036519304,-0.072711885
30.287109,0.027775673,-0.34355614,0.019101709,-0.035586279
30.289063,0.037085876,-0.38075578,0.047972709,0.004786612
30.291016,0.030950304,-0.35546431,0.03537564,-0.012436977
30.292969,0.031449702,-0.32327414,0.011783376,-0.06032541
30.294922,0.038486723,-0.33158505,0.040697217,-0.080461711
30.296875,0.032432016,-0.35093436,0.032061994,-0.040336374
30.298828,0.028837513,-0.36823612,0.036519304,0.0043548276
30.300781,0.035219848,-0.36719719,0.040268809,-0.02283461
30.302734,0.026482686,-0.34016439,0.037405923,-0.078729622
30.304688,0.025472725,-0.33007187,0.043550789,-0.086043417
30.306641,0.027100725,-0.37458292,0.039372876,-0.040919557
30.308594,0.023422835,-0.40066409,0.037223384,-0.021896129
30.310547,0.032633014,-0.3628872,0.036075994,-0.058796179
30.3125,0.030039588,-0.33402458,0.037264362,-0.092612445
30.314453,0.023427052,-0.37075105,0.026887566,-0.092141017
30.316406,0.029936884,-0.41460842,0.03158702,-0.065727897
30.318359,0.03466979,-0.38719448,0.032609612,-0.052552938
30.320313,0.026803643,-0.34178376,0.033447802,-0.065401874
30.322266,0.032886509,-0.3554889,0.036169127,-0.099035949
30.324219,0.026977444,-0.39427608,0.026997462,-0.11932272
30.326172,0.024810983,-0.40198445,0.018736631,-0.093999356
30.328125,0.035200231,-0.38210487,0.01747562,-0.066850722
30.330078,0.026373453,-0.35724878,0.023847729,-0.077525944
30.332031,0.032292157,-0.36370245,0.025483131,-0.10586778
30.333984,0.030954253,-0.40312028,0.039058089,-0.105614
30.335938,0.034634769,-0.41997424,0.011977091,-0.0775178
30.337891,0.044840392,-0.39165732,0.016279802,-0.072352566
30.339844,0.033579241,-0.37227243,0.038210586,-0.099152826
30.341797,0.032946531,-0.4148241,0.033648968,-0.094828933
30.34375,0.032079015,-0.4701958,0.034051299,-0.063887954
30.345703,0.024312614,-0.46746251,0.0095947683,-0.063853897
30.347656,0.031476989,-0.43026233,0.026896879,-0.088582203
30.349609,0.024472764,-0.3748548,0.035323486,-0.092595443
30.351563,0.017798916,-0.36265501,0.034949094,-0.05589202
30.353516,0.023523446,-0.41021928,0.035435244,-0.040037069
30.355469,0.023043405,-0.38690177,0.020632803,-0.070761167
30.357422,0.029348256,-0.3604494,0.029409587,-0.098072261
30.359375,0.03387342,-0.37284344,0.03386876,-0.078462854
30.361328,0.020421972,-0.33679602,0.04188931,-0.037889965
30.363281,0.018527213,-0.30951798,0.04211469,-0.039764307
30.365234,0.026683329,-0.32309318,0.039058089,-0.072956644
30.367188,0.026953669,-0.32967535,0.025872424,-0.097353689
30.369141,0.031992119,-0.31616554,0.015259072,-0.090894789
30.371094,0.024225498,-0.31188256,0.02719304,-0.053347882
30.373047,0.021240605,-0.31984758,0.026902467,-0.029319294
30.375,0.019617753,-0.32444599,0.029385373,-0.046482813
30.376953,0.02643908,-0.30737922,0.02321443,-0.091208413
30.378906,0.026740229,-0.28639516,0.026513174,-0.10440031
30.380859,0.025225841,-0.28410819,0.0307004,-0.053119533
30.382813,0.029469401,-0.29810265,0.021238163,-0.019720968
30.384766,0.022529533,-0.31434312,0.02777046,-0.052172493
30.386719,0.026678883,-0.29746854,0.02004607,-0.09828344
30.388672,0.026681626,-0.26265424,0.029856622,-0.083089843
30.390625,0.02527787,-0.25919339,0.02533412,-0.025489463
30.392578,0.024946686,-0.2896722,0.010526091,-0.016329905
30.394531,0.032482434,-0.2992124,0.020040482,-0.067943744
30.396484,0.027625099,-0.26106307,0.021981359,-0.088153154
30.398438,0.034787048,-0.24547018,0.038137943,-0.036912892
30.400391,0.03334143,-0.28329951,0.036096483,0.0024700635
30.402344,0.021582523,-0.29539984,0.034392163,-0.021605615
30.404297,0.040792197,-0.27542105,0.033350945,-0.071165249
30.40625,0.033260711,-0.25671911,0.031937197,-0.074924767
30.408203,0.026769372,-0.26345828,0.042561725,-0.033193305
30.410156,0.036968157,-0.3015117,0.027595371,0.0010808213
30.412109,0.030178608,-0.30988184,0.02392596,-0.015059058
30.414063,0.026862465,-0.29180372,0.035228491,-0.061672799
30.416016,0.026191615,-0.28643081,0.026861489,-0.072239704
30.417969,0.024575148,-0.30107793,0.031264782,-0.035271958
30.419922,0.036600988,-0.31953508,0.034326971,-3.2225624e-05
30.421875,0.029971909,-0.31351709,0.028748348,-0.017558202
30.423828,0.021790352,-0.30254471,0.039970785,-0.068543807
30.425781,0.032394528,-0.3158856,0.032481089,-0.084505275
30.427734,0.020780675,-0.32752249,0.030396789,-0.036152523
30.429688,0.016883895,-0.32307559,0.028340429,0.00055410014
30.431641,0.026241869,-0.31125566,0.032915086,-0.035567187
30.433594,0.017887449,-0.29818007,0.039181024,-0.079550005
30.435547,0.024984172,-0.30954185,0.026649147,-0.07250379
30.4375,0.035754349,-0.32656974,0.033617303,-0.028783085
30.439453,0.027348282,-0.30628282,0.032402858,-0.018013038
30.441406,0.022080414,-0.28617591,0.039231315,-0.059927035
30.443359,0.02268932,-0.3083716,0.043830186,-0.083399162
30.445313,0.023821283,-0.32006377,0.031939059,-0.064338475
30.447266,0.027705519,-0.28873274,0.037346318,-0.03871005
30.449219,0.028717738,-0.26513419,0.028206319,-0.049864329
30.451172,0.023617676,-0.28617126,0.025797918,-0.077650048
30.453125,0.028814398,-0.31399393,0.018399492,-0.084456846
30.455078,0.02465082,-0.30011949,0.021374136,-0.066310264
30.457031,0.017819414,-0.2673282,0.040892795,-0.044605963
30.458984,0.028396728,-0.2565234,0.031141847,-0.049101807
30.460938,0.03267622,-0.26237938,0.028305039,-0.0773912
30.462891,0.024965359,-0.27819872,0.031439871,-0.10519834
30.464844,0.021391608,-0.28745031,0.032181203,-0.079378404
30.466797,0.026339579,-0.26939994,0.028617963,-0.034775563
30.46875,0.030666059,-0.24529549,0.041187093,-0.04733986
30.470703,0.030738916,-0.24849494,0.042576626,-0.087583125
30.472656,0.018690811,-0.26991728,0.043174535,-0.099965177
30.474609,0.021923056,-0.27794895,0.042757303,-0.075601891
30.476563,0.030772269,-0.25737959,0.028236121,-0.059569933
30.478516,0.032913383,-0.23731336,0.033205658,-0.076926351
30.480469,0.029311553,-0.24357441,0.021953419,-0.10096937
30.482422,0.028815789,-0.25886801,0.026407003,-0.096186683
30.484375,0.035764605,-0.28014252,0.041695595,-0.073690414
30.486328,0.021775808,-0.27090263,0.031966999,-0.069192998
30.488281,0.020240737,-0.23870249,0.013711214,-0.091390371
30.490234,0.027137296,-0.23820877,0.014901444,-0.12621409
30.492188,0.03529029,-0.26574215,0.034351185,-0.11724254
30.494141,0.030568469,-0.28185177,0.026420042,-0.071730502
30.496094,0.022412958,-0.26283324,0.01949659,-0.05625163
30.498047,0.031753503,-0.24693474,0.02819328,-0.095318519
30.5,0.022898979,-0.26175448,0.027619585,-0.12740357
30.501953,0.027672179,-0.27418339,0.034107178,-0.093999356
30.503906,0.036267597,-0.26002145,0.028182104,-0.053341422
30.505859,0.022899568,-0.23891757,0.029899463,-0.057106294
30.507813,0.017468533,-0.25839093,0.026898742,-0.096222833
30.509766,0.028895205,-0.29760072,0.018552229,-0.11154349
30.511719,0.032986764,-0.26918405,0.034408927,-0.076391712
30.513672,0.024321331,-0.21707654,0.04028371,-0.043110725
30.515625,0.027247494,-0.24814174,0.038486257,-0.04357598
30.517578,0.025144616,-0.30140111,0.016935453,-0.085661285
30.519531,0.023161007,-0.28086817,0.030264542,-0.12151522
30.521484,0.018509544,-0.23410518,0.051953182,-0.084162846
30.523438,0.024660816,-0.22276227,0.03351672,-0.017870778
30.525391,0.042208213,-0.25310445,0.023056105,-0.035765383
30.527344,0.028501796,-0.27111775,0.020964354,-0.12189357
30.529297,0.023069074,-0.26798573,0.026161134,-0.13396387
30.53125,0.031075474,-0.26176745,0.02806662,-0.054037701
30.533203,0.03002811,-0.23596837,0.023689404,-0.0088393353
30.535156,0.026296603,-0.24180566,0.019753635,-0.057689302
30.537109,0.02534839,-0.26843187,0.024374858,-0.12225778
30.539063,0.02417005,-0.25608099,0.033239186,-0.1102844
30.541016,0.024225023,-0.23391153,0.03425619,-0.039738756
30.542969,0.028738689,-0.25390542,0.033239186,-0.013490768
30.544922,0.02899731,-0.26502463,0.030966759,-0.061678853
30.546875,0.02795575,-0.2398614,0.025619105,-0.11067975
30.548828,0.03304904,-0.24269047,0.037154466,-0.1048052
30.550781,0.036321424,-0.27662182,0.04208675,-0.045794331
30.552734,0.021673869,-0.2696915,0.043493047,-0.011404663
30.554688,0.020876182,-0.23838858,0.029839858,-0.066001646
30.556641,0.03457851,-0.25997105,0.0089651942,-0.13547027
30.558594,0.039725799,-0.27318984,0.024028406,-0.11878761
30.560547,0.031725857,-0.25054681,0.021558538,-0.026956644
30.5625,0.020332213,-0.2593984,0.025697336,0.011591902
30.564453,0.026633156,-0.29868415,0.028075933,-0.068262197
30.566406,0.029620405,-0.29532877,0.024711996,-0.15164013
30.568359,0.021681566,-0.24473688,0.031078517,-0.11465307
30.570313,0.019089038,-0.24434729,0.031069204,-0.017826658
30.572266,0.023353364,-0.29837012,0.027673602,-0.0047431462
30.574219,0.027715113,-0.31241709,0.020558298,-0.083272263
30.576172,0.034712598,-0.27428362,0.032576084,-0.13535497
30.578125,0.033966921,-0.24659678,0.031454772,-0.076935314
30.580078,0.021283064,-0.27081752,0.023972526,0.0044485419
30.582031,0.023260094,-0.31440645,0.016331956,-0.014623373
30.583984,0.028339945,-0.30673987,0.026455432,-0.094949767
30.585938,0.029982699,-0.24573252,0.036437348,-0.10683269
30.587891,0.031354014,-0.2154604,0.034056887,-0.0406681
30.589844,0.021424605,-0.28316307,0.031376541,0.0026084231
30.591797,0.025306396,-0.3455174,0.018647224,-0.029060328
30.59375,0.026518313,-0.30257726,0.03078422,-0.08791817
30.595703,0.027797634,-0.21581773,0.0307004,-0.087581612
30.597656,0.029696943,-0.22445628,0.018436745,-0.032454476
30.599609,0.022152688,-0.31848314,0.027666152,0.0071590398
30.601563,0.038432021,-0.33424369,0.026995599,-0.019969922
30.603516,0.032869566,-0.25223765,0.018868878,-0.0794461
30.605469,0.023285102,-0.2100777,0.026656598,-0.085208543
30.607422,0.023095496,-0.28726387,0.031024501,-0.016583342
30.609375,0.020980602,-0.34161463,0.030814022,0.03931598
30.611328,0.025537442,-0.28809506,0.032972828,-0.0071066683
30.613281,0.022158409,-0.22337903,0.024216533,-0.092286535
30.615234,0.024390388,-0.23731069,0.034889489,-0.082483433
30.617188,0.019448636,-0.30806601,0.044828564,0.015445948
30.619141,0.028740391,-0.32773066,0.035297409,0.048505165
30.621094,0.023563104,-0.26634374,0.028908536,-0.037316792
30.623047,0.022303905,-0.20569618,0.03191857,-0.10270263
30.625,0.028160982,-0.24183802,0.050228372,-0.050011709
30.626953,0.016694928,-0.31302947,0.039533064,0.029526789
30.628906,0.032054398,-0.29501456,0.029180482,0.013084172
30.630859,0.036197051,-0.21133627,0.038976133,-0.077146433
30.632813,0.030491892,-0.18895112,0.035722092,-0.10160582
30.634766,0.031806417,-0.27053043,0.03929092,-0.039654586
30.636719,0.02120981,-0.32823798,0.045016691,0.0011890293
30.638672,0.015261745,-0.2686317,0.043867439,-0.025725435
30.640625,0.036588147,-0.19114269,0.048013687,-0.089746416
30.642578,0.028489927,-0.20330368,0.04211469,-0.11877731
30.644531,0.014720416,-0.2776078,0.029273614,-0.090023831
30.646484,0.026482817,-0.31828499,0.021063074,-0.049522474
30.648438,0.023486782,-0.26215819,0.029063135,-0.052189082
30.650391,0.026973272,-0.18585692,0.03672047,-0.09939602
30.652344,0.024534009,-0.21135111,0.022150859,-0.13160668
30.654297,0.028973617,-0.29613397,0.020057246,-0.11768184
30.65625,0.029944072,-0.30222997,0.0077041835,-0.079396389
30.658203,0.026610494,-0.22310616,0.010453448,-0.078632593
30.660156,0.036416069,-0.18656024,0.022713378,-0.12326151
30.662109,0.036080085,-0.24015756,0.019893333,-0.13103771
30.664063,0.030418012,-0.29100755,0.033062235,-0.081041746
30.666016,0.024939969,-0.28268573,0.031519964,-0.053861506
30.667969,0.022657348,-0.23043659,0.038218036,-0.092315935
30.669922,0.029669369,-0.21034029,0.036753997,-0.13574548
30.671875,0.033749703,-0.25905982,0.028634727,-0.11528368
30.673828,0.019541139,-0.29707929,0.031899944,-0.060100321
30.675781,0.025428124,-0.28330389,0.022823274,-0.061110862
30.677734,0.024426747,-0.24380562,0.026302695,-0.10558087
30.679688,0.014648056,-0.23525241,0.035809636,-0.11281818
30.681641,0.031504776,-0.27117458,0.047337547,-0.074632153
30.683594,0.028107394,-0.28468922,0.035470635,-0.058763929
30.685547,0.019633055,-0.25108007,0.020209983,-0.09521997
30.6875,0.028749479,-0.24050769,0.024462402,-0.12262391
30.689453,0.035175044,-0.26108584,0.015696794,-0.1062445
30.691406,0.030921631,-0.26278889,0.026451707,-0.064235389
30.693359,0.034809455,-0.2599735,0.036487639,-0.05380388
30.695313,0.028281704,-0.26013595,0.026310146,-0.080124684
30.697266,0.026009027,-0.26240996,0.030771181,-0.10757769
30.699219,0.023905471,-0.26773694,0.025453329,-0.11465464
30.701172,0.00915254,-0.26189837,0.025339708,-0.081532262
30.703125,0.015319383,-0.24799104,0.03448157,-0.04635714
30.705078,0.015265188,-0.23694555,0.0233206,-0.056608848
30.707031,0.025076952,-0.24530847,0.024125263,-0.10409477
30.708984,0.02167679,-0.25573486,0.029055685,-0.114398
30.710938,0.018617561,-0.23992345,0.024311528,-0.064709201
30.712891,0.039373089,-0.21520376,0.03049551,-0.028046699
30.714844,0.024917506,-0.20714568,0.043111205,-0.070989288
30.716797,0.021700293,-0.21789739,0.032423347,-0.12060741
30.71875,0.03194949,-0.22460075,0.029878974,-0.097454041
30.720703,0.034511574,-0.1975534,0.035651311,-0.056499127
30.722656,0.034012232,-0.17219593,0.026557878,-0.047503367
30.724609,0.023068428,-0.19018343,0.018669575,-0.076771922
30.726563,0.028194567,-0.22449353,0.015173391,-0.096020386
30.728516,0.030056208,-0.22851627,0.028526694,-0.07929115
30.730469,0.022293562,-0.19170319,0.035692289,-0.050710201
30.732422,0.0193817,-0.17756198,0.051556438,-0.048108146
30.734375,0.035669621,-0.20655265,0.040808976,-0.090043388
30.736328,0.036777254,-0.2307668,0.0353477,-0.12012755
30.738281,0.024382271,-0.22920294,0.04189676,-0.10494059
30.740234,0.029656781,-0.21068656,0.017188773,-0.065033652
30.742188,0.025143158,-0.19686434,0.030968621,-0.055107966
30.744141,0.025231749,-0.2176805,0.024454951,-0.091457136
30.746094,0.028229147,-0.24176013,0.01702486,-0.10906222
30.748047,0.026421888,-0.22195841,0.030132294,-0.097631685
30.75,0.025691072,-0.19547661,0.027420282,-0.077216342
30.751953,0.025025247,-0.21671495,0.027105495,-0.071438067
30.753906,0.02856637,-0.25594047,0.016888887,-0.098475002
30.755859,0.032468576,-0.23097147,0.033757001,-0.12213257
30.757813,0.034747459,-0.19355832,0.03178446,-0.10097356
30.759766,0.029088929,-0.22189008,0.020152241,-0.05863465
30.761719,0.022124292,-0.26209441,0.035586119,-0.065932028
30.763672,0.028519843,-0.25264049,0.02752459,-0.10595305
30.765625,0.031720944,-0.20900354,0.034483433,-0.11307121
30.767578,0.022188617,-0.20301142,0.039045051,-0.074956954
30.769531,0.027734004,-0.24339385,0.020753875,-0.053300384
30.771484,0.027882114,-0.2730577,0.023067281,-0.083113939
30.773438,0.024791457,-0.25510448,0.017142206,-0.10900174
30.775391,0.032466345,-0.21305823,0.015270248,-0.094205588
30.777344,0.019879688,-0.21164408,0.034716263,-0.060617495
30.779297,0.019810867,-0.25447047,0.030849412,-0.052110679
30.78125,0.031411462,-0.27990839,0.029109702,-0.07622885
30.783203,0.024678163,-0.2323571,0.02260907,-0.10605614
30.785156,0.027785953,-0.19128636,0.014875367,-0.10211548
30.787109,0.0308514,-0.23332714,0.026675224,-0.055172924
30.789063,0.022327494,-0.27572954,0.0068417788,-0.020770451
30.791016,0.024036199,-0.25569722,0.027856141,-0.045047063
30.792969,0.02963135,-0.20742071,0.050897062,-0.086273164
30.794922,0.020032974,-0.20751436,0.023823515,-0.073697224
30.796875,0.018545816,-0.24350946,0.038221762,-0.040857565
30.798828,0.025295354,-0.25990206,0.038739577,-0.044420864
30.800781,0.024950651,-0.23051326,0.02863659,-0.061390493
30.802734,0.022364825,-0.18833005,0.043213651,-0.06860929
30.804688,0.019422054,-0.2073019,0.028938338,-0.057478238
30.806641,0.027305363,-0.24951212,0.033349082,-0.03167519
30.808594,0.02176838,-0.2382458,0.033844545,-0.034605306
30.810547,0.031153435,-0.19493702,0.012690485,-0.06656009
30.8125,0.031905789,-0.18332209,0.027997702,-0.075724013
30.814453,0.020455938,-0.205446,0.029886425,-0.053774022
30.816406,0.023449941,-0.24438769,0.029558599,-0.029530937
30.818359,0.021801598,-0.22926371,0.02476415,-0.040619381
30.820313,0.036245376,-0.16236897,0.032112285,-0.082687102
30.822266,0.031464834,-0.1584148,0.04526256,-0.09024106
30.824219,0.026413776,-0.22126383,0.020142928,-0.049435802
30.826172,0.026751017,-0.25793511,0.005670175,-0.031093987
30.828125,0.025588116,-0.21093889,0.014972225,-0.066161312
30.830078,0.034639098,-0.16299312,0.009732604,-0.079302326
30.832031,0.030328833,-0.18488166,0.016346857,-0.040267516
30.833984,0.021576103,-0.23767205,0.026393965,-0.016646322
30.835938,0.022792451,-0.25852296,0.024652392,-0.031473968
30.837891,0.031464059,-0.21362814,0.045836255,-0.059149206
30.839844,0.030640826,-0.17040198,0.035187513,-0.059461258
30.841797,0.028845299,-0.19519639,0.030309245,-0.037534665
30.84375,0.023997348,-0.26014003,0.02199626,-0.029454103
30.845703,0.019846251,-0.27262789,0.017131031,-0.023637936
30.847656,0.032546882,-0.20631109,0.034522548,-0.024678398
30.849609,0.037386965,-0.16480839,0.022091255,-0.026592672
30.851563,0.025971018,-0.21383786,0.02068682,-0.021883847
30.853516,0.027655035,-0.29308957,0.029294103,-0.018994767
30.855469,0.034162361,-0.28269449,0.039397091,-0.013889723
30.857422,0.034384567,-0.19475931,0.035517201,-0.02433829
30.859375,0.027849969,-0.17034684,0.022108018,-0.0377842
30.861328,0.025153914,-0.25451192,0.031750932,-0.029480297
30.863281,0.027289558,-0.31796271,0.030605406,-0.01153371
30.865234,0.021762591,-0.26982543,0.022298008,-0.010365773
30.867188,0.034078509,-0.19783013,0.021817446,-0.031452954
30.869141,0.026799424,-0.20310967,0.015730321,-0.035875048
30.871094,0.010973155,-0.28363189,0.01298292,-0.01025058
30.873047,0.021893745,-0.33315712,0.027217254,0.0046972632
30.875,0.026817866,-0.26068741,0.045271873,-0.0086768195
30.876953,0.021133827,-0.16273683,0.043353349,-0.0132215
30.878906,0.027525129,-0.20878451,0.034615681,-0.0055608475
30.880859,0.026972415,-0.32255507,0.027949274,-0.018563041
30.882813,0.021775762,-0.30859208,0.038583115,-0.03473144
30.884766,0.026229165,-0.20161757,0.031015188,-0.013750432
30.886719,0.025994571,-0.16716574,0.020824656,0.022230808
30.888672,0.028751282,-0.23853956,0.031039402,0.0035889894
30.890625,0.019443225,-0.29869834,0.030085728,-0.03635788
30.892578,0.027622944,-0.26109958,0.034114629,-0.027558163
30.894531,0.028926043,-0.18451343,0.025110602,0.0015865876
30.896484,0.024359955,-0.17798166,0.029595852,-0.00013676658
30.898438,0.030282553,-0.2593669,0.030260816,-0.029764932
30.900391,0.023704588,-0.29640317,0.034930468,-0.035264157
30.902344,0.02646842,-0.2264535,0.04541716,-0.015337814
30.904297,0.027168488,-0.16484262,0.024935514,-0.014137572
30.90625,0.032848176,-0.19595146,0.014886543,-0.031677287
30.908203,0.024268325,-0.26874924,0.0043011308,-0.039608836
30.910156,0.025366778,-0.27150041,0.033729061,-0.025294758
30.912109,0.02738354,-0.21191497,0.042049497,-0.0015638438
30.914063,0.019627905,-0.18819034,0.020528495,0.0011243024
30.916016,0.024064016,-0.23193736,0.027241468,-0.034276899
30.917969,0.020492738,-0.27136439,0.02470082,-0.061594393
30.919922,0.028449994,-0.24234426,0.033647105,-0.040781196
30.921875,0.029867427,-0.1941915,0.035971686,-0.0016868948
30.923828,0.030156963,-0.20332487,0.020036757,0.0025090626
30.925781,0.025718279,-0.25320643,0.010093957,-0.036642052
30.927734,0.022624759,-0.27185386,0.030193761,-0.06219824
30.929688,0.031343002,-0.23663682,0.027058929,-0.031511687
30.931641,0.031456504,-0.1892864,0.026248679,0.020276312
30.933594,0.024523349,-0.20354839,0.043792933,0.013885401
30.935547,0.025347644,-0.27088219,0.031182826,-0.04180903
30.9375,0.026994195,-0.27638525,0.045150802,-0.069755517
30.939453,0.030344743,-0.21324275,0.049209505,-0.03699968
30.941406,0.033058375,-0.18500772,0.033660144,0.013064614
30.943359,0.02860274,-0.23565584,0.03891094,-0.0011983579
30.945313,0.029437596,-0.29093,0.030752555,-0.064961299
30.947266,0.021251548,-0.27337983,0.022610933,-0.079175845
30.949219,0.020892413,-0.22754186,0.026986286,-0.027632087
30.951172,0.026974285,-0.21223512,0.033114389,0.010488285
30.953125,0.025865557,-0.24410062,0.029767215,-0.015608072
30.955078,0.023135904,-0.28215802,0.029089212,-0.074497342
30.957031,0.026809013,-0.27148312,0.027621448,-0.089626797
30.958984,0.025391236,-0.22384533,0.031849653,-0.044141699
30.960938,0.030366478,-0.21290474,0.036446661,-0.012103273
30.962891,0.032770101,-0.25914863,0.023611173,-0.040717866
30.964844,0.020804696,-0.28045282,0.024393484,-0.086689055
30.966797,0.022291815,-0.2490737,0.015402496,-0.086632125
30.96875,0.027259236,-0.21925351,0.033572599,-0.034503907
30.970703,0.028822752,-0.22797768,0.036599398,-0.0028519211
30.972656,0.023113295,-0.25809991,0.016670957,-0.035497222
30.974609,0.019965027,-0.27015379,0.032188654,-0.09191034
30.976563,0.026536841,-0.24877974,0.032335803,-0.089038141
30.978516,0.024531459,-0.22044304,0.031888768,-0.021621447
30.980469,0.024821283,-0.23168311,0.034084827,-0.0020639058
30.982422,0.025704568,-0.26031011,0.035351425,-0.057700187
30.984375,0.024295326,-0.2562184,0.03059423,-0.099716626
30.986328,0.027689688,-0.2354538,0.02681306,-0.078055464
30.988281,0.028232779,-0.21840745,0.028958827,-0.031046489
30.990234,0.038876075,-0.2301306,0.026084766,-0.017475897
30.992188,0.019082282,-0.25366414,0.020517319,-0.05314241
30.994141,0.0092771808,-0.25834158,0.02145423,-0.089227609
30.996094,0.033394605,-0.24381603,0.041021317,-0.076503761
30.998047,0.029346829,-0.20075244,0.023631662,-0.030597476
31.0,0.028874638,-0.20255618,0.0030959994,-0.020492394
31.001953,0.036809362,-0.26683217,0.025153443,-0.06971477
31.003906,0.02067269,-0.27482954,0.023478925,-0.093897201
31.005859,0.019233663,-0.22686538,0.017086327,-0.04771664
31.007813,0.038964,-0.21345788,0.023121297,-0.006689494
31.009766,0.018269712,-0.22309318,0.025321081,-0.02562823
31.011719,0.018137084,-0.24589358,0.028156027,-0.065466836
31.013672,0.033767194,-0.27382872,0.02809456,-0.069520533
31.015625,0.026111046,-0.24138686,0.029390961,-0.028881107
31.017578,0.033033974,-0.20146443,0.025213048,0.0024984688
31.019531,0.031583603,-0.23717931,0.024071246,-0.018101163
31.021484,0.023113173,-0.28451827,0.017844424,-0.058880113
31.023438,0.023160968,-0.26924667,0.019127786,-0.056928992
31.025391,0.027786642,-0.22456414,0.016793892,-0.0088014426
31.027344,0.023184882,-0.21516226,0.020621628,0.023372959
31.029297,0.030825907,-0.25517344,0.045161977,-0.0024670521
31.03125,0.029965343,-0.28517625,0.040300474,-0.044096474
31.033203,0.020027051,-0.25692108,0.018742219,-0.040254302
31.035156,0.029558478,-0.23454745,0.026932269,-0.00893596
31.037109,0.02777805,-0.24346021,0.033254087,0.0093170311
31.039063,0.022520361,-0.25699675,0.01955992,0.0036367197
31.041016,0.024794791,-0.27025849,0.043290019,-0.017695107
31.042969,0.033547241,-0.25771219,0.046139866,-0.025244407
31.044922,0.032171838,-0.22472899,0.038113728,-0.0081026014
31.046875,0.022540567,-0.23874126,0.03480567,-0.0023483667
31.048828,0.033590585,-0.29159573,0.017823935,-0.030311503
31.050781,0.032588698,-0.2826027,0.010950774,-0.04403349
31.052734,0.022084264,-0.23693328,0.010405019,-0.015840204
31.054688,0.031931475,-0.24676372,0.032581672,0.0092050973
31.056641,0.020709589,-0.28697807,0.024840519,0.0058688088
31.058594,0.019004133,-0.29273364,0.021247476,-0.028358692
31.060547,0.037369728,-0.27276567,0.033719748,-0.054780953
31.0625,0.029612817,-0.24790093,0.038422927,-0.025437774
31.064453,0.015478459,-0.25416395,0.037690908,0.0084112613
31.066406,0.021686845,-0.30608991,0.025134817,-0.00053071603
31.068359,0.021284997,-0.31635064,0.031186551,-0.03518872
31.070313,0.017670104,-0.25751916,0.033261538,-0.044336114
31.072266,0.035567693,-0.22393486,0.029990733,-0.011933306
31.074219,0.034820355,-0.26150638,0.025393724,0.003447603
31.076172,0.03647707,-0.31069168,0.031218216,-0.015958132
31.078125,0.032442123,-0.31042987,0.042924941,-0.040337771
31.080078,0.015837818,-0.26552081,0.027912021,-0.04074575
31.082031,0.027585736,-0.24344274,0.031225666,-0.026685106
31.083984,0.034853868,-0.27462244,0.03851606,-0.021601016
31.085938,0.023252787,-0.29514176,0.024307802,-0.022164408
31.087891,0.01746211,-0.2942847,0.031924158,-0.042103499
31.089844,0.028797684,-0.28709278,0.03813608,-0.060297176
31.091797,0.030797917,-0.27270356,0.042962193,-0.038816571
31.09375,0.017892763,-0.28419295,0.042604566,-0.016521467
31.095703,0.014848122,-0.3010323,0.025904089,-0.042431615
31.097656,0.022074029,-0.29485869,0.025425389,-0.08539696
31.099609,0.020372258,-0.26265761,0.016551748,-0.080999255
31.101563,0.0098580113,-0.25291207,0.027502239,-0.031276703
31.103516,0.019333899,-0.27590448,0.045333341,-0.012950659
31.105469,0.031478424,-0.27077812,0.026695713,-0.054195326
31.107422,0.02132687,-0.24446912,0.020755738,-0.098397523
31.109375,0.020254485,-0.24165478,0.022340849,-0.093718678
31.111328,0.034886535,-0.25837737,0.029666632,-0.043764047
31.113281,0.028135248,-0.24233413,0.021769017,-0.019676089
31.115234,0.01632259,-0.22203264,0.014070705,-0.054987244
31.117188,0.019254791,-0.24359187,0.032026604,-0.086922817
31.119141,0.021071345,-0.23094934,0.030739516,-0.067726046
31.121094,0.018160734,-0.19001161,0.025386274,-0.033843834
31.123047,0.025429688,-0.20134476,0.032980278,-0.035579875
31.125,0.035122965,-0.21593648,0.040395468,-0.064358383
31.126953,0.02857969,-0.19905813,0.031316936,-0.074209101
31.128906,0.02614909,-0.204218,0.033086449,-0.060373489
31.130859,0.030718328,-0.23204546,0.046722874,-0.051415388
31.132813,0.026396843,-0.206854,0.033961892,-0.042327251
31.134766,0.026988178,-0.16494477,0.016050696,-0.056942321
31.136719,0.032087464,-0.19111767,0.031249881,-0.094271362
31.138672,0.017691471,-0.23169941,0.038789868,-0.087315425
31.140625,0.029963033,-0.21892022,0.03384082,-0.04042089
31.142578,0.032769665,-0.18935253,0.034394026,-0.031631477
31.144531,0.020426854,-0.19193479,0.026481509,-0.095407106
31.146484,0.029815573,-0.22063868,0.034436867,-0.13531312
31.148438,0.023267142,-0.23560113,0.027858004,-0.081279472
31.150391,0.031664327,-0.22454737,0.028353468,-0.029313996
31.152344,0.031701803,-0.20389111,0.037469253,-0.058470912
31.154297,0.027097546,-0.19925435,0.026986286,-0.11626204
31.15625,0.020289807,-0.23317893,0.030879214,-0.12433574
31.158203,0.024952795,-0.26067281,0.034872726,-0.087070376
31.160156,0.029433945,-0.23363575,0.035479948,-0.067045599
31.162109,0.024624478,-0.17929499,0.035116732,-0.083445959
31.164063,0.029977039,-0.20567663,0.022584856,-0.11510196
31.166016,0.016496798,-0.27580982,0.024177417,-0.12978303
31.167969,0.026980415,-0.26563233,0.03053835,-0.11116409
31.169922,0.028561966,-0.19991209,0.020146653,-0.077391721
31.171875,0.01812608,-0.18147592,0.019174352,-0.078334279
31.173828,0.02218942,-0.24025233,0.039743543,-0.12434609
31.175781,0.026772555,-0.27410573,0.047343135,-0.14063767
31.177734,0.027684053,-0.2310217,0.024719447,-0.1109563
31.179688,0.021271868,-0.18590249,0.016939178,-0.088564217
31.181641,0.022268407,-0.2042233,0.023482651,-0.11156305
31.183594,0.024083322,-0.24057271,0.029970244,-0.13348924
31.185547,0.025894221,-0.24185757,0.030964896,-0.10703921
31.1875,0.027936151,-0.20649131,0.025755078,-0.081708282
31.189453,0.027555551,-0.17354378,0.021601379,-0.096758984
31.191406,0.032022916,-0.20329262,0.009417817,-0.13236664
31.193359,0.026632531,-0.25982863,0.020031169,-0.13467394
31.195313,0.026581695,-0.2534661,0.038879275,-0.099983454
31.197266,0.028574135,-0.18429609,0.045184329,-0.069971055
31.199219,0.019786578,-0.16857693,0.040114209,-0.087179802
31.201172,0.027086509,-0.24180548,0.039905593,-0.13910541
31.203125,0.024723375,-0.26430619,0.045610875,-0.15012214
31.205078,0.019796444,-0.19950464,0.037409648,-0.108788
31.207031,0.026793566,-0.1755154,0.036290199,-0.074727789
31.208984,0.035579301,-0.21900281,0.023581371,-0.10965582
31.210938,0.027683157,-0.24207097,0.02629897,-0.17361981
31.212891,0.022822911,-0.22983822,0.020241648,-0.17971462
31.214844,0.029164089,-0.22012132,0.018220678,-0.13824952
31.216797,0.032373574,-0.21103889,0.036735371,-0.11343641
31.21875,0.027786842,-0.20646423,0.027638212,-0.12869397
31.220703,0.022441575,-0.23577045,0.029681534,-0.17131746
31.222656,0.031437818,-0.25917047,0.031492025,-0.20628309
31.224609,0.026545053,-0.22178316,0.035947472,-0.18834466
31.226563,0.032674663,-0.2011603,0.018786922,-0.14545225
31.228516,0.029622206,-0.2464522,0.010567069,-0.15257844
31.230469,0.021460932,-0.26923311,0.011110961,-0.19757779
31.232422,0.029248152,-0.24958389,0.00673002,-0.19489512
31.234375,0.027887935,-0.23322149,0.022610933,-0.13989151
31.236328,0.021312397,-0.2364286,0.024671018,-0.11545517
31.238281,0.018464884,-0.25372711,0.032119736,-0.16059549
31.240234,0.016285047,-0.26942506,0.02023606,-0.19319703
31.242188,0.020796571,-0.26073137,0.015029967,-0.17059557
31.244141,0.034903649,-0.2228916,0.027178138,-0.13808154
31.246094,0.032440323,-0.21249101,0.029627517,-0.11768609
31.248047,0.030938547,-0.25870946,0.02712971,-0.12718907
31.25,0.021936333,-0.30365345,0.025609791,-0.15419102
31.251953,0.026364557,-0.27027607,0.020982981,-0.16591318
31.253906,0.029924292,-0.19861476,0.018593207,-0.13338737
31.255859,0.024494488,-0.2002302,0.016093537,-0.095817529
31.257813,0.035077207,-0.27831513,0.0091142058,-0.10835511
31.259766,0.032864228,-0.30313605,0.028759524,-0.14039406
31.261719,0.029776385,-0.24913721,0.038968682,-0.13895738
31.263672,0.025865087,-0.22683878,0.037951678,-0.097585008
31.265625,0.025197176,-0.26767308,0.038024321,-0.088373408
31.267578,0.025367316,-0.30554777,0.038216174,-0.12912558
31.269531,0.03281064,-0.28422967,0.039287195,-0.15285748
31.271484,0.021003226,-0.24643055,0.031350464,-0.12368073
31.273438,0.013483742,-0.25290486,0.032196105,-0.083217263
31.275391,0.027965719,-0.30579096,0.027986526,-0.09025678
31.277344,0.027074182,-0.32215422,0.02847454,-0.12748832
31.279297,0.032621454,-0.26862758,0.0287707,-0.14291282
31.28125,0.025108732,-0.24514282,0.024009779,-0.12452509
31.283203,0.017450625,-0.29045242,0.034369811,-0.10511032
31.285156,0.023006547,-0.3355321,0.020845145,-0.11079279
31.287109,0.027637878,-0.29869711,0.024171829,-0.14367366
31.289063,0.030515699,-0.22139031,0.030448943,-0.15655647
31.291016,0.029562058,-0.2421762,0.020880535,-0.12755287
31.292969,0.029571792,-0.33331805,0.024993256,-0.10391235
31.294922,0.030405816,-0.34632194,0.036187753,-0.1155834
31.296875,0.024656912,-0.26675707,0.04969193,-0.14898103
31.298828,0.020500921,-0.23041634,0.028379545,-0.15194729
31.300781,0.024660466,-0.29469705,0.012528434,-0.13265978
31.302734,0.031400107,-0.33974057,0.026772082,-0.12385675
31.304688,0.025996359,-0.30206349,0.029009119,-0.12393049
31.306641,0.019990847,-0.25938851,0.028053582,-0.12971441
31.308594,0.024453357,-0.28280538,0.046512395,-0.14135537
31.310547,0.016603747,-0.32866144,0.039501399,-0.14548263
31.3125,0.022070765,-0.326408,0.030659422,-0.13498907
31.314453,0.020556293,-0.28465518,0.028012604,-0.15008232
31.316406,0.018225169,-0.25312111,0.021711275,-0.16494983
31.318359,0.030566167,-0.2848306,0.010604322,-0.1457725
31.320313,0.021951986,-0.3275438,0.0092986077,-0.12175027
31.322266,0.025651185,-0.30776933,0.027610272,-0.12191173
31.324219,0.031392537,-0.2559866,0.025579989,-0.14462239
31.326172,0.020682501,-0.24893418,0.026598856,-0.14904581
31.328125,0.027889974,-0.29939941,0.02845405,-0.14071059
31.330078,0.029382847,-0.31126341,0.028796777,-0.1351392
31.332031,0.023698691,-0.26077589,0.012463242,-0.13588355
31.333984,0.029731059,-0.24439067,0.018447921,-0.13717645
31.335938,0.029458672,-0.28679973,0.039972648,-0.12483376
31.337891,0.028879214,-0.30129796,0.025037959,-0.11505662
31.339844,0.022977408,-0.28281826,0.029888287,-0.1167483
31.341797,0.021795934,-0.27691936,0.035772383,-0.13815708
31.34375,0.024524916,-0.27346998,0.025410488,-0.14142504
31.345703,0.023427583,-0.27690622,0.032613337,-0.12503307
31.347656,0.025500737,-0.29227984,0.032907635,-0.11583951
31.349609,0.018091105,-0.29581732,0.028353468,-0.11508939
31.351563,0.031797066,-0.28125548,0.026740417,-0.13493314
31.353516,0.028025569,-0.27419147,0.022327811,-0.14230327
31.355469,0.011394074,-0.28854954,0.021789506,-0.1300966
31.357422,0.022460287,-0.30143732,0.023160413,-0.11630139
31.359375,0.020509129,-0.28141767,0.026183486,-0.11422972
31.361328,0.021541847,-0.24790967,0.026867077,-0.12510419
31.363281,0.027896294,-0.25676024,0.030035436,-0.13629368
31.365234,0.026995068,-0.28119868,0.028359056,-0.13594146
31.367188,0.026489355,-0.28038913,0.027930647,-0.12005951
31.369141,0.033495102,-0.27730703,0.02351059,-0.11388169
31.371094,0.025334127,-0.26486096,0.036642238,-0.13188189
31.373047,0.016016573,-0.25650239,0.05735299,-0.14016245
31.375,0.025179274,-0.27845582,0.038394988,-0.12321582
31.376953,0.026336947,-0.2905679,0.012424126,-0.12218834
31.378906,0.025865585,-0.26006871,0.019880295,-0.15163024
31.380859,0.030113695,-0.24524823,0.034647346,-0.15435843
31.382813,0.028159583,-0.27893546,0.020919651,-0.10803398
31.384766,0.023936039,-0.30434334,0.023018852,-0.096492037
31.386719,0.021543907,-0.2835215,0.031750932,-0.14393891
31.388672,0.027425578,-0.2441888,0.035707191,-0.16909388
31.390625,0.035110001,-0.2472163,0.04003039,-0.14386615
31.392578,0.036899723,-0.28941348,0.028565809,-0.11969682
31.394531,0.036086757,-0.31223628,0.028930888,-0.12927157
31.396484,0.021703945,-0.2964417,0.022668675,-0.15337577
31.398438,0.021026457,-0.27981159,0.018641636,-0.15775321
31.400391,0.024290938,-0.28952029,0.020135477,-0.14023411
31.402344,0.026919307,-0.29438579,0.019196704,-0.12548411
31.404297,0.031688325,-0.28611916,0.037679732,-0.1237724
31.40625,0.021628609,-0.29326099,0.039946571,-0.13528599
31.408203,0.031835653,-0.31403282,0.030905291,-0.16318603
31.410156,0.028095227,-0.32407352,0.025537148,-0.17436434
31.412109,0.012641153,-0.3090263,0.015687481,-0.14303914
31.414063,0.024277771,-0.30082968,0.016939178,-0.11397314
31.416016,0.014870927,-0.30307499,0.039477184,-0.13026267
31.417969,0.015666038,-0.29702926,0.039486498,-0.15798476
31.419922,0.026729073,-0.30841511,0.015732184,-0.15060666
31.421875,0.019598758,-0.3043648,0.017870501,-0.13880388
31.423828,0.024259111,-0.28197372,0.02495414,-0.14645202
31.425781,0.024246627,-0.29663837,0.032373056,-0.14591402
31.427734,0.023982171,-0.30727762,0.026291519,-0.12708843
31.429688,0.020483008,-0.2819891,0.0081605315,-0.12317874
31.431641,0.025626617,-0.26446059,0.0088869631,-0.14762689
31.433594,0.026843514,-0.27884117,0.018697515,-0.15478905
31.435547,0.030683849,-0.29155865,0.03492488,-0.12822448
31.4375,0.040815365,-0.2765266,0.036735371,-0.10255763
31.439453,0.029157652,-0.27347144,0.029657319,-0.11811881
31.441406,0.034559272,-0.29143119,0.019802064,-0.15962563
31.443359,0.029455144,-0.29910895,0.015303776,-0.15742661
31.445313,0.028438441,-0.28474998,0.02279906,-0.11138558
31.447266,0.032462407,-0.2808502,0.015393183,-0.086744584
31.449219,0.018451203,-0.30065063,0.019150138,-0.10661045
31.451172,0.02307358,-0.31027028,0.028081521,-0.13310483
31.453125,0.02300767,-0.32036993,0.038057849,-0.12700427
31.455078,0.024324168,-0.31377336,0.031324387,-0.10222352
31.457031,0.026327539,-0.3016713,0.032043368,-0.09722732
31.458984,0.030153174,-0.3058987,0.040555656,-0.115593
31.460938,0.02778716,-0.31868938,0.021620005,-0.13088654
31.462891,0.018753204,-0.33576638,0.041138664,-0.12209386
31.464844,0.027935656,-0.32245213,0.052193463,-0.10077158
31.466797,0.0232074,-0.30117637,0.030374438,-0.086801223
31.46875,0.016622299,-0.30179575,0.018704966,-0.11745407
31.470703,0.019166522,-0.32802546,0.02905196,-0.17258161
31.472656,0.031377189,-0.33040756,0.041049257,-0.14927812
31.474609,0.022521583,-0.30095249,0.031728581,-0.081993736
31.476563,0.016992901,-0.29804078,0.029707611,-0.092658021
31.478516,0.032374106,-0.32573599,0.023065418,-0.17147242
31.480469,0.030662421,-0.32546374,0.020275176,-0.20624754
31.482422,0.029262574,-0.29914266,0.027112946,-0.1484752
31.484375,0.019848598,-0.30808526,0.034338146,-0.0861433
31.486328,0.032754734,-0.31768504,0.035794735,-0.10985541
31.488281,0.031988196,-0.31448409,0.020921513,-0.17943232
31.490234,0.024280915,-0.30920607,0.015741497,-0.2031191
31.492188,0.029007332,-0.31611979,0.015955701,-0.15424871
31.494141,0.016262108,-0.32260278,0.013219476,-0.098692171
31.496094,0.02257737,-0.32382223,0.025084525,-0.10701348
31.498047,0.021117762,-0.32872063,0.035625234,-0.1585775
31.5,0.027892722,-0.30868033,0.021057487,-0.18492554
31.501953,0.036547448,-0.29530856,0.011582211,-0.15393287
31.503906,0.019288806,-0.32355204,0.026215151,-0.11090752
31.505859,0.02228434,-0.36352864,0.037348181,-0.10012466
31.507813,0.032114808,-0.341057,0.031613097,-0.13247409
31.509766,0.025155768,-0.28569388,0.030217975,-0.16537237
31.511719,0.024740821,-0.30316988,0.024201632,-0.14659411
31.513672,0.025696062,-0.36692402,0.016268626,-0.10555503
31.515625,0.021069568,-0.36250681,0.024169967,-0.10087968
31.517578,0.02942941,-0.31703022,0.019647464,-0.14006856
31.519531,0.026746757,-0.31167936,0.024834931,-0.15444684
31.521484,0.015531321,-0.33480915,0.027442634,-0.11605156
31.523438,0.025446614,-0.3605831,0.019746184,-0.08953087
31.525391,0.024406448,-0.36077362,0.014638811,-0.11989263
31.527344,0.022739859,-0.32692051,0.01234217,-0.15124571
31.529297,0.026745973,-0.30466622,0.0075160563,-0.12713243
31.53125,0.024444098,-0.33452901,0.023767635,-0.081203155
31.533203,0.027157679,-0.37701607,0.040274397,-0.075068422
31.535156,0.027543837,-0.35547668,0.022484273,-0.10187543
31.537109,0.030785134,-0.3042379,0.036673903,-0.12725723
31.539063,0.015385434,-0.31812236,0.030622169,-0.12615927
31.541016,0.013843924,-0.36799219,0.028606787,-0.086559191
31.542969,0.026144655,-0.36901274,0.02639024,-0.062825136
31.544922,0.023208985,-0.30892834,0.015085846,-0.079650879
31.546875,0.025966885,-0.28799677,0.027396068,-0.10715307
31.548828,0.022387469,-0.34687462,0.017399251,-0.10303883
31.550781,0.01920945,-0.38057953,0.027884081,-0.071837485
31.552734,0.022494877,-0.34063521,0.024289176,-0.059557591
31.554688,0.027124343,-0.29251489,0.027722031,-0.081549555
31.556641,0.024691721,-0.29448476,0.03989628,-0.11203203
31.558594,0.027901161,-0.33639881,0.018706828,-0.099983625
31.560547,0.031002216,-0.36941436,0.022044688,-0.067622669
31.5625,0.017978512,-0.33518478,0.049341753,-0.062633343
31.564453,0.020129113,-0.28699663,0.046218097,-0.080954149
31.566406,0.017451232,-0.29548126,0.030648246,-0.09938246
31.568359,0.0072686682,-0.33822852,0.03560847,-0.10447638
31.570313,0.024572909,-0.34911329,0.020502418,-0.0919246
31.572266,0.028615262,-0.2931717,0.021852836,-0.075215921
31.574219,0.016544895,-0.25947925,0.03974168,-0.089660734
31.576172,0.019719215,-0.31217453,0.030283168,-0.10654369
31.578125,0.031723876,-0.3597509,0.024430737,-0.10487458
31.580078,0.028908804,-0.30604461,0.023529217,-0.10345717
31.582031,0.021064272,-0.24877742,0.024812579,-0.10818689
31.583984,0.018066084,-0.27969807,0.027286172,-0.10990891
31.585938,0.021233071,-0.32688412,0.036767036,-0.10193271
31.587891,0.029884474,-0.31313291,0.0436849,-0.10540415
31.589844,0.017157603,-0.26681161,0.033596814,-0.11440004
31.591797,0.028440267,-0.25760189,0.031678289,-0.12632684
31.59375,0.037419412,-0.29122791,0.024298489,-0.13188061
31.595703,0.026534928,-0.32364184,0.022957385,-0.11775669
31.597656,0.027668551,-0.31544167,0.025581852,-0.10759497
31.599609,0.022958403,-0.27663159,0.024965316,-0.11340905
31.601563,0.018730877,-0.2587325,0.031926021,-0.12533475
31.603516,0.014606891,-0.30833462,0.015676305,-0.13226728
31.605469,0.025641548,-0.33760396,0.027185589,-0.13108917
31.607422,0.020912396,-0.28302449,0.049295187,-0.12126877
31.609375,0.018238407,-0.24849017,0.025647044,-0.11199507
31.611328,0.02877395,-0.30002904,0.018334299,-0.12359691
31.613281,0.018383473,-0.33593631,0.027558118,-0.1443767
31.615234,0.029064126,-0.28732306,0.027565569,-0.13265465
31.617188,0.026831821,-0.25609732,0.020981118,-0.1015993
31.619141,0.0091061667,-0.27558717,0.011671618,-0.10613536
31.621094,0.012515258,-0.30735442,0.021480307,-0.13124621
31.623047,0.025954474,-0.29578111,0.022342712,-0.13104899
31.625,0.029192295,-0.24194716,0.029783979,-0.10728101
31.626953,0.027805043,-0.22612649,0.039838538,-0.094718456
31.628906,0.032203436,-0.26395357,0.021584615,-0.114843
31.630859,0.022829851,-0.31408927,0.023570195,-0.13624869
31.632813,0.029613659,-0.30618048,0.030886665,-0.13472255
31.634766,0.02294345,-0.23299016,0.028645903,-0.10172968
31.636719,0.016972039,-0.20074493,0.014977813,-0.079009779
31.638672,0.027008783,-0.26600054,0.0083263069,-0.11012736
31.640625,0.021047147,-0.31424165,0.012070224,-0.13132042
31.642578,0.015573789,-0.2691192,0.014402255,-0.11565161
31.644531,0.013060596,-0.2113435,0.02434133,-0.07985495
31.646484,0.021399051,-0.23148376,0.014292359,-0.062153071
31.648438,0.021935087,-0.2821942,0.018937796,-0.087924048
31.650391,0.027674733,-0.26447627,0.018142447,-0.11655337
31.652344,0.024324592,-0.21340969,0.006472975,-0.10450648
31.654297,0.018636132,-0.20787245,0.023389518,-0.054329786
31.65625,0.027707879,-0.2465511,0.026284069,-0.026643604
31.658203,0.031787254,-0.26014987,0.030275717,-0.041276429
31.660156,0.033971656,-0.21508549,0.035973549,-0.079460308
31.662109,0.025169175,-0.18444718,0.025570676,-0.08568643
31.664063,0.02989905,-0.22326867,0.030976072,-0.039722458
31.666016,0.025519321,-0.26860556,0.031909257,-0.012578595
31.667969,0.020409619,-0.24974035,0.027351364,-0.034921899
31.669922,0.032241937,-0.19931459,0.020008817,-0.061519597
31.671875,0.029252615,-0.20006081,0.020593688,-0.050894719
31.673828,0.022313084,-0.25611857,0.023333639,-0.01954809
31.675781,0.020722136,-0.29582557,0.026053101,-0.012484649
31.677734,0.023071703,-0.26237333,0.035753757,-0.041988425
31.679688,0.026017705,-0.19951214,0.028930888,-0.061592765
31.681641,0.024514159,-0.21810542,0.036286473,-0.051538207
31.683594,0.019704089,-0.28524038,0.041721672,-0.033828352
31.685547,0.028230041,-0.28637567,0.031022638,-0.027969517
31.6875,0.019420188,-0.23115546,0.028852656,-0.049313683
31.689453,0.013401326,-0.21362215,0.033935815,-0.066373415
31.691406,0.031234525,-0.25662911,0.022007436,-0.052448109
31.693359,0.026306471,-0.27115598,0.024570435,-0.037187107
31.695313,0.020680984,-0.24723434,0.044474661,-0.04328011
31.697266,0.03111445,-0.24487908,0.021970183,-0.062798306
31.699219,0.031012271,-0.24151747,0.019027203,-0.08111497
31.701172,0.018301619,-0.2390181,0.02488336,-0.079778351
31.703125,0.024694024,-0.26377782,0.010358453,-0.054215293
31.705078,0.027919425,-0.25942209,0.027751833,-0.036329649
31.707031,0.032250419,-0.21615802,0.033304378,-0.053787816
31.708984,0.030779719,-0.22181349,0.020820931,-0.082788095
31.710938,0.018032173,-0.27724627,0.018513113,-0.084691197
31.712891,0.03445331,-0.29258159,0.015046731,-0.062209416
31.714844,0.029528951,-0.25014025,0.00701873,-0.042999666
31.716797,0.020213941,-0.22259259,0.024086148,-0.0498893
31.71875,0.023196472,-0.26162332,0.025274515,-0.065337904
31.720703,0.024852714,-0.29552957,0.011273012,-0.052323427
31.722656,0.032696657,-0.27402431,0.029012844,-0.03739363
31.724609,0.034117565,-0.24640907,0.030899704,-0.040612917
31.726563,0.031284373,-0.24653754,0.022478685,-0.041004829
31.728516,0.030045513,-0.29083019,0.021167383,-0.038329083
31.730469,0.031890228,-0.33377424,0.013044387,-0.038135719
31.732422,0.029842934,-0.31858367,0.016227648,-0.033360533
31.734375,0.029489083,-0.27481055,0.038510472,-0.015561739
31.736328,0.024903547,-0.27056351,0.03203778,-0.0049377927
31.738281,0.024848972,-0.33832765,0.027168825,-0.015878389
31.740234,0.019355576,-0.3818197,0.031538591,-0.038326815
31.742188,0.018613964,-0.3331655,0.028040543,-0.036690596
31.744141,0.024261897,-0.28978845,0.0313337,-0.0054859342
31.746094,0.027272534,-0.31749362,0.016615078,0.0033791508
31.748047,0.024194967,-0.3733907,0.028567672,-0.01512588
31.75,0.015115805,-0.37474263,0.039503261,-0.030182805
31.751953,0.024070049,-0.33308899,0.025598615,-0.017487481
31.753906,0.015584779,-0.30658573,0.030571878,-0.01092218
31.755859,0.020178275,-0.32131681,0.022007436,-0.028291987
31.757813,0.022350004,-0.35170096,0.021046311,-0.029996308
31.759766,0.011360484,-0.3391124,0.034297168,-0.020167302
31.761719,0.022662988,-0.31328931,0.028491303,-0.0065509598
31.763672,0.019890578,-0.29553035,0.032726958,-0.013201185
31.765625,0.023769515,-0.3011547,0.0387135,-0.029324532
31.767578,0.02080342,-0.3214353,0.026217014,-0.026515897
31.769531,0.022791553,-0.31185782,0.02008146,-0.029165218
31.771484,0.028476166,-0.28153372,0.023028165,-0.036463119
31.773438,0.016959395,-0.26761138,0.022096843,-0.023781069
31.775391,0.018495588,-0.29250675,0.022281244,-0.0044966368
31.777344,0.029578226,-0.30315065,0.038091376,-0.027033305
31.779297,0.032015488,-0.26317891,0.039505124,-0.048232768
31.78125,0.021819958,-0.2446643,0.015022516,-0.034066476
31.783203,0.020628529,-0.27915913,0.022748768,-0.027282724
31.785156,0.030085512,-0.30040535,0.030994698,-0.033973519
31.787109,0.027769402,-0.27595988,0.032874107,-0.035275392
31.789063,0.019705473,-0.24498583,0.044822976,-0.02564284
31.791016,0.02802738,-0.25604612,0.031676427,-0.03346397
31.792969,0.020579735,-0.28607723,0.020811617,-0.055869613
31.794922,0.022261584,-0.29725534,0.033827782,-0.062931947
31.796875,0.033975448,-0.28104734,0.045348242,-0.043080457
31.798828,0.020666534,-0.24534771,0.029228911,-0.021976747
31.800781,0.024301743,-0.25804925,0.025961831,-0.040559832
31.802734,0.027586512,-0.3188073,0.02376391,-0.086122289
31.804688,0.019659001,-0.31516397,0.0085870773,-0.0832555
31.806641,0.028690271,-0.2503449,0.025958106,-0.037212659
31.808594,0.031470887,-0.24126509,0.042265564,-0.031209936
31.810547,0.013586433,-0.29808152,0.024879634,-0.048519325
31.8125,0.023377325,-0.34057957,0.03210856,-0.079213038
31.814453,0.034839876,-0.29767972,0.0488258,-0.099445671
31.816406,0.020593492,-0.23199639,0.036748409,-0.062504299
31.818359,0.019075623,-0.27124953,0.043276981,-0.043535467
31.820313,0.019100096,-0.34169525,0.026321322,-0.069000095
31.822266,0.022426888,-0.31802765,0.021998122,-0.10237701
31.824219,0.025794445,-0.24932183,0.046532884,-0.10849632
31.826172,0.021341547,-0.24066776,0.029225186,-0.068444505
31.828125,0.018169533,-0.30074638,0.024181142,-0.04484351
31.830078,0.022713693,-0.33491015,0.04519178,-0.09168525
31.832031,0.024950046,-0.29498488,0.044498876,-0.14733888
31.833984,0.029912321,-0.23399216,0.032600299,-0.12731206
31.835938,0.027893728,-0.23846477,0.035144672,-0.099032514
31.837891,0.023398278,-0.31197441,0.037834331,-0.11282464
31.839844,0.029449698,-0.33956403,0.02527079,-0.13581266
31.841797,0.02377337,-0.26632184,0.044888169,-0.15716468
31.84375,0.028747363,-0.21208861,0.040848091,-0.16076285
31.845703,0.029142018,-0.27008975,0.019669816,-0.14250939
31.847656,0.022511259,-0.33537129,0.050593451,-0.14990094
31.849609,0.022284497,-0.31683609,0.022614658,-0.19439232
31.851563,0.028226195,-0.25413761,0.0036585182,-0.21479388
31.853516,0.025336504,-0.25020981,0.023933411,-0.22006522
31.855469,0.012398451,-0.30906728,0.02610153,-0.21055682
31.857422,0.020544995,-0.33691925,0.024322703,-0.16725498
31.859375,0.03108938,-0.30280036,0.028787464,-0.16484314
31.861328,0.030037941,-0.24612559,0.029146954,-0.24530767
31.863281,0.025244381,-0.25716409,0.021059349,-0.25365499
31.865234,0.027195469,-0.33518553,0.032134637,-0.18764623
31.867188,0.029260311,-0.35789928,0.024922475,-0.20699172
31.869141,0.018895632,-0.28592288,0.035442695,-0.21842009
31.871094,0.018879058,-0.24174309,0.034353048,-0.20064801
31.873047,0.023380678,-0.28635949,0.016190395,-0.20163615
31.875,0.024079502,-0.33698171,0.016019031,-0.20235519
31.876953,0.032281451,-0.33419448,0.0127296,-0.2116992
31.878906,0.024748944,-0.27985716,0.015206918,-0.19903548
31.880859,0.02004442,-0.2687175,0.019379243,-0.17129116
31.882813,0.020018172,-0.3234897,0.021377861,-0.17496417
31.884766,0.017499404,-0.34216568,0.030108079,-0.21031199
31.886719,0.018410113,-0.29545414,0.035491124,-0.20795907
31.888672,0.030170688,-0.25453141,0.020509869,-0.17483379
31.890625,0.03380942,-0.28505564,0.020955041,-0.18331273
31.892578,0.019887617,-0.33387196,0.029275477,-0.20285368
31.894531,0.027549265,-0.34236324,0.026256129,-0.18068995
31.896484,0.027031781,-0.29727429,0.033613577,-0.16352537
31.898438,0.01715322,-0.25476775,0.028422385,-0.17784318
31.900391,0.022126289,-0.28855392,0.021549225,-0.19183712
31.902344,0.021829253,-0.33824667,0.033660144,-0.18778761
31.904297,0.02680756,-0.31663963,0.034589604,-0.17330416
31.90625,0.029802434,-0.27151501,0.017432779,-0.16851231
31.908203,0.023569018,-0.28042859,0.013167322,-0.19139002
31.910156,0.030903798,-0.32284108,0.013482109,-0.19713017
31.912109,0.024896188,-0.33518669,0.009848088,-0.16609804
31.914063,0.025615353,-0.30185199,0.025762528,-0.16543564
31.916016,0.032067109,-0.28317571,0.026574641,-0.18138523
31.917969,0.021778233,-0.30170116,0.024510831,-0.1780784
31.919922,0.025201766,-0.33617768,0.020494968,-0.17048946
31.921875,0.024407428,-0.34449765,0.019733146,-0.18385772
31.923828,0.01880333,-0.30878794,0.016132653,-0.1798538
31.925781,0.023730349,-0.29188848,0.014523327,-0.14593892
31.927734,0.029885383,-0.32739013,0.024006054,-0.14255567
31.929688,0.023799788,-0.3507258,0.026393965,-0.16252095
31.931641,0.019898599,-0.33544922,0.025192559,-0.16986099
31.933594,0.024245901,-0.31789017,0.014338925,-0.15294719
31.935547,0.017984364,-0.31748855,0.034766555,-0.13987374
31.9375,0.028920926,-0.33303428,0.040857404,-0.1486025
31.939453,0.023805095,-0.33852926,0.024957865,-0.15583248
31.941406,0.013632957,-0.33060965,0.020157829,-0.15231593
31.943359,0.024314146,-0.31810972,0.036346078,-0.14918342
31.945313,0.019342374,-0.3169435,0.052465409,-0.14244001
31.947266,0.024469927,-0.32704636,0.015093297,-0.1380685
31.949219,0.025904369,-0.3285608,0.014558718,-0.15498318
31.951172,0.02285511,-0.31899926,0.021627456,-0.1724088
31.953125,0.027544366,-0.31613994,0.011137038,-0.15335289
31.955078,0.024059283,-0.3268612,0.026801884,-0.12404248
31.957031,0.022054261,-0.32977077,0.02027145,-0.13479641
31.958984,0.02538388,-0.31746724,0.032082483,-0.1634025
31.960938,0.025651805,-0.30715033,0.029159993,-0.16898933
31.962891,0.026957951,-0.31588963,0.04278338,-0.15398084
31.964844,0.028195081,-0.33151948,0.056330398,-0.13871297
31.966797,0.026723664,-0.33261478,0.026751593,-0.14261532
31.96875,0.016619235,-0.32277462,0.028316215,-0.17017666
31.970703,0.019256005,-0.32414836,0.018267244,-0.19240983
31.972656,0.024292443,-0.32971883,0.010913521,-0.16549909
31.974609,0.019975098,-0.32078421,0.017009959,-0.12605973
31.976563,0.027663421,-0.31636012,0.023713619,-0.13095953
31.978516,0.021138541,-0.32751557,0.023687541,-0.16889043
31.980469,0.016967779,-0.33699688,0.024237022,-0.19782174
31.982422,0.024706038,-0.33195156,0.031654075,-0.17772345
31.984375,0.026712645,-0.31580365,0.027364403,-0.13848345
31.986328,0.03555999,-0.30925354,0.048568755,-0.13881442
31.988281,0.036291666,-0.31894308,0.036414996,-0.17846991
31.990234,0.018217197,-0.33444205,0.013882577,-0.1965155
31.992188,0.02188647,-0.34876317,0.03435491,-0.17380345
31.994141,0.025267789,-0.3385812,0.017864913,-0.14033906
31.996094,0.016232822,-0.31121328,0.0093656629,-0.1368594
31.998047,0.027487677,-0.31331727,0.021919891,-0.1790404
