Time,Actuator1_Disp,Actuator1_Force,Actuator2_Disp,Actuator2_Force
0.0,-0.0045922869,-0.34867913,0.0072795004,0.17659287
0.001953125,0.0047605271,-0.36175907,0.007942602,0.16629361
0.00390625,-0.00011911169,-0.34304136,0.015959427,0.14019719
0.005859375,-0.0062774275,-0.33159226,-0.0024602711,0.14209141
0.0078125,0.0047620093,-0.34736392,0.0029488504,0.16530754
0.009765625,0.0058450927,-0.34763849,0.0072981268,0.16581295
0.01171875,0.0028749586,-0.33283523,-0.014779806,0.15194716
0.013671875,-0.0051503684,-0.34004855,-0.013801917,0.15002172
0.015625,-0.0079555251,-0.33299077,0.0088608861,0.1568642
0.017578125,0.0042246892,-0.3214232,0.00032065809,0.16574587
0.01953125,0.0016243011,-0.3079944,-0.0053250194,0.16817705
0.021484375,-0.00071710063,-0.2936855,0.0030587465,0.1572126
0.0234375,0.0054320996,-0.27093452,-0.013615653,0.16648173
0.025390625,0.0060156225,-0.24326725,-0.00060880184,0.21513033
0.02734375,-0.00043906161,-0.17897992,0.0028445423,0.24269803
0.029296875,-0.0019749207,-0.062051903,-0.0028029978,0.32180551
0.03125,0.0015091491,0.11416876,0.0039826185,0.43895757
0.033203125,0.010046773,0.35556048,0.0086243302,0.48504615
0.03515625,0.01976563,0.47034097,0.017112404,0.5641259
0.037109375,0.017470565,0.42006469,0.013076052,0.6678161
0.0390625,0.027747279,0.32214054,0.020724073,0.78437567
0.041015625,0.03433964,0.28953308,0.0043532848,0.8502425
0.04296875,0.037598953,0.35619912,0.0099188685,0.77231711
0.044921875,0.057684056,0.44080907,0.022080079,0.69948554
0.046875,0.070653185,0.46260273,0.031620547,0.79252744
0.048828125,0.079680592,0.42776963,0.052735493,0.92440969
0.05078125,0.09505792,0.38395581,0.053193703,0.86497897
0.052734375,0.11725484,0.43293476,0.073489085,0.74846655
0.0546875,0.14066155,0.59344143,0.099772871,0.80943024
0.056640625,0.15912434,0.57530081,0.12675329,1.0016542
0.05859375,0.1854881,0.39490384,0.15172018,1.0252467
0.060546875,0.22149758,0.43195313,0.18409854,0.83682865
0.0625,0.25009549,0.6529547,0.19876873,0.83758873
0.064453125,0.27332246,0.62114841,0.22443785,1.0649789
0.06640625,0.31075323,0.37506506,0.2803582,1.1464602
0.068359375,0.3537347,0.43811941,0.30838913,1.0983481
0.0703125,0.39345393,0.76975071,0.34129274,1.1511343
0.072265625,0.42954138,0.70886654,0.40037027,1.2964708
0.07421875,0.47622529,0.30170476,0.45425287,1.3489061
0.076171875,0.53211969,0.33996618,0.49760035,1.291826
0.078125,0.58475405,0.77434552,0.55291533,1.3284255
0.080078125,0.64307511,0.75522232,0.61627507,1.4625934
0.08203125,0.70177281,0.31714493,0.65829819,1.5534936
0.083984375,0.76898569,0.35897645,0.70874608,1.5732021
0.0859375,0.83058524,0.84439397,0.78804636,1.6262912
0.087890625,0.89452326,0.89579999,0.84161788,1.8057891
0.08984375,0.97373527,0.53130931,0.90135103,1.9605633
0.091796875,1.0490766,0.57402396,0.98717797,1.9214106
0.09375,1.1248978,1.0162575,1.0557848,1.9291394
0.095703125,1.1958234,1.0730534,1.1419675,2.1512
0.09765625,1.2909872,0.80351043,1.2216906,2.2864005
0.099609375,1.3773981,0.97226948,1.3150426,2.2349858
0.1015625,1.4603989,1.4883236,1.4185758,2.2619502
0.10351563,1.574254,1.5602728,1.4908652,2.4631266
0.10546875,1.6619225,1.3066853,1.5919024,2.5934484
0.10742188,1.7549966,1.3995933,1.6973562,2.5709087
0.109375,1.86442,1.7469841,1.8137081,2.7132935
0.11132813,1.9857709,1.9448789,1.9198714,2.9570303
0.11328125,2.0996279,1.9349105,2.0280652,3.0295016
0.11523438,2.2157011,1.9461498,2.1486098,3.0086388
0.1171875,2.3434648,2.1087589,2.2640249,3.0853018
0.11914063,2.4558219,2.3744525,2.3999793,3.3371934
0.12109375,2.5843203,2.4908554,2.5045874,3.5938584
0.12304688,2.7141194,2.4391551,2.6338551,3.6381585
0.125,2.8512647,2.6478745,2.7824325,3.5658636
0.12695313,2.989484,2.9817504,2.9127135,3.7041432
0.12890625,3.1256194,2.9574928,3.0569808,4.0193605
0.13085938,3.262536,2.8754773,3.2027068,4.1073794
0.1328125,3.4173982,3.2241759,3.3441262,3.9751691
0.13476563,3.5720284,3.5568895,3.503103,4.105997
0.13671875,3.7156169,3.5002684,3.6736078,4.4432172
0.13867188,3.8858931,3.4644475,3.8325119,4.5807166
0.140625,4.045556,3.7441852,3.9874057,4.5052003
0.14257813,4.213067,4.0327105,4.1535816,4.5636134
0.14453125,4.377757,4.0381484,4.3450598,4.8851175
0.14648438,4.5436754,4.0281572,4.5024533,5.1336493
0.1484375,4.7258191,4.2407569,4.6557917,5.0970301
0.15039063,4.8968386,4.5427241,4.8481488,5.0670442
0.15234375,5.064557,4.71981,5.0391855,5.3130474
0.15429688,5.2504124,4.6669783,5.2235016,5.6054029
0.15625,5.4547748,4.7150802,5.4117574,5.7087698
0.15820313,5.6329431,5.1355218,5.6050329,5.6617164
0.16015625,5.8141536,5.3635649,5.7914948,5.724298
0.16210938,6.0215101,5.1366672,5.9836955,6.0497441
0.1640625,6.2177944,5.1727662,6.1803798,6.3003602
0.16601563,6.4117298,5.7649703,6.3840022,5.8576903
0.16796875,6.6167717,5.9400467,6.5896458,5.7758555
0.16992188,6.8246378,5.7027182,6.784132,6.784379
0.171875,7.0439233,5.4847621,6.9919605,7.1834168
0.17382813,7.2424526,5.4458723,7.1874284,6.5433383
0.17578125,7.446217,6.403326,7.3907733,6.30619
0.17773438,7.6641883,6.9938211,7.61378,7.1713666
0.1796875,7.8632578,6.3017001,7.8111124,7.7661943
0.18164063,8.0856542,6.0882062,8.0321416,7.1869554
0.18359375,8.2964019,6.9260411,8.2652854,6.9198904
0.18554688,8.5068836,7.4614419,8.484951,7.6097641
0.1875,8.7359819,6.9602775,8.7101478,8.090805
0.18945313,8.9511728,6.5871605,8.9521322,7.8021035
0.19140625,9.1829958,7.3527212,9.1904048,7.5704183
0.19335938,9.4123888,8.0133676,9.4127187,7.9753174
0.1953125,9.6359157,7.562849,9.6429977,8.421832
0.19726563,9.8744478,7.1700429,9.8781795,8.3569307
0.19921875,10.110721,7.7272934,10.123397,8.1205349
0.20117188,10.352521,8.4195776,10.382319,8.4614143
0.203125,10.593543,8.1626024,10.620254,8.9357357
0.20507813,10.834496,7.7508635,10.847865,8.7696971
0.20703125,11.079844,8.1700077,11.117617,8.5826377
0.20898438,11.325894,8.7749967,11.371,8.9329452
0.2109375,11.575449,8.7492809,11.615669,9.39435
0.21289063,11.833352,8.347455,11.886401,9.3504657
0.21484375,12.098312,8.6321296,12.138142,9.0602407
0.21679688,12.338897,9.3100528,12.38571,9.3272199
0.21875,12.583465,9.1923618,12.651736,9.8196163
0.22070313,12.837987,8.7658004,12.928801,9.8300705
0.22265625,13.096756,9.1122665,13.187742,9.657526
0.22460938,13.360622,9.8393831,13.436823,9.8231744
0.2265625,13.614697,9.8005809,13.695224,10.204824
0.22851563,13.888443,9.3171672,13.964029,10.3239
0.23046875,14.145262,9.5473499,14.236311,10.1744
0.23242188,14.40804,10.231218,14.502449,10.264842
0.234375,14.681804,10.21609,14.782483,10.625842
0.23632813,14.948911,9.7239723,15.043309,10.815868
0.23828125,15.223617,10.016618,15.295094,10.687103
0.24023438,15.483197,10.730712,15.580846,10.5161
0.2421875,15.748802,10.609977,15.859271,10.902799
0.24414063,16.014914,10.194979,16.127905,11.465373
0.24609375,16.292934,10.536528,16.379322,11.245692
0.24804688,16.564909,11.068109,16.64707,10.904183
0.25,16.831436,11.043165,16.935812,11.389624
0.25195313,17.098312,10.653766,17.19586,11.859016
0.25390625,17.366236,10.849434,17.46315,11.589939
0.25585938,17.633839,11.489393,17.739466,11.402784
0.2578125,17.896498,11.57164,18.004829,11.847437
0.25976563,18.172901,11.23305,18.270401,12.226912
0.26171875,18.423203,11.298375,18.531202,11.93714
0.26367188,18.680468,11.881351,18.779753,11.769393
0.265625,18.948812,11.98139,19.053461,12.351128
0.26757813,19.207203,11.624609,19.327747,12.736151
0.26953125,19.462626,11.827789,19.563301,12.429693
0.27148438,19.70966,12.375847,19.806637,12.276665
0.2734375,19.968748,12.27361,20.066231,12.667937
0.27539063,20.236301,12.029429,20.318804,13.048392
0.27734375,20.476883,12.364771,20.57386,13.077393
0.27929688,20.7043,12.640605,20.802418,12.850075
0.28125,20.95281,12.491808,21.024784,12.83881
0.28320313,21.196728,12.429734,21.266384,13.218909
0.28515625,21.439596,12.809226,21.493332,13.45473
0.28710938,21.661932,13.02161,21.738113,13.296037
0.2890625,21.877588,12.844579,21.97467,13.159945
0.29101563,22.118578,12.734983,22.189302,13.443574
0.29296875,22.341803,13.021266,22.41251,13.625688
0.29492188,22.550112,13.325933,22.629725,13.499994
0.296875,22.76473,13.077181,22.826759,13.481146
0.29882813,22.970394,13.049881,23.031136,13.662066
0.30078125,23.168192,13.321824,23.246908,13.810409
0.30273438,23.36261,13.412745,23.422895,13.673144
0.3046875,23.548517,13.554269,23.599508,13.684531
0.30664063,23.744764,13.587977,23.790131,13.937403
0.30859375,23.929317,13.467261,23.960503,14.047569
0.31054688,24.105228,13.335544,24.116787,14.033082
0.3125,24.27994,13.430389,24.280584,13.86859
0.31445313,24.439018,13.615288,24.462732,13.83152
0.31640625,24.601402,13.530391,24.611174,14.080484
0.31835938,24.754129,13.383098,24.743238,14.149118
0.3203125,24.891672,13.511252,24.878925,13.904503
0.32226563,25.027771,13.746044,24.992058,13.82921
0.32421875,25.150093,13.674032,25.110317,14.13079
0.32617188,25.256626,13.519165,25.224417,14.302253
0.328125,25.37583,13.644009,25.338346,14.157948
0.33007813,25.469275,13.861895,25.442375,14.064524
0.33203125,25.542816,13.821588,25.510679,14.200976
0.33398438,25.626257,13.590326,25.578859,14.297546
0.3359375,25.691963,13.679914,25.658371,14.171835
0.33789063,25.748732,13.982165,25.719101,14.14742
0.33984375,25.7978,13.919618,25.760128,14.332953
0.34179688,25.849676,13.622276,25.803986,14.397019
0.34375,25.880806,13.688661,25.823864,14.248038
0.34570313,25.895222,13.979699,25.843332,14.250799
0.34765625,25.915781,14.011557,25.88476,14.53582
0.34960938,25.916965,14.005816,25.896593,14.850595
0.3515625,25.91753,13.872993,25.889301,14.723455
0.35351563,25.907064,12.909217,25.879992,14.155942
0.35546875,25.902613,11.644098,25.877922,12.8496
0.35742188,25.895878,12.15966,25.865896,11.493913
0.359375,25.847605,13.61172,25.842438,12.660336
0.36132813,25.794418,13.098855,25.800226,14.380717
0.36328125,25.740158,11.523705,25.734938,13.24502
0.36523438,25.67906,11.839334,25.684284,11.507994
0.3671875,25.586466,13.391994,25.600801,12.442406
0.36914063,25.487717,13.012571,25.496082,14.240125
0.37109375,25.39477,11.485899,25.387617,13.402239
0.37304688,25.280615,11.74725,25.296412,11.662091
0.375,25.168472,13.296902,25.201483,12.253983
0.37695313,25.033913,13.063355,25.071041,13.938393
0.37890625,24.910522,11.45813,24.949739,13.380907
0.38085938,24.786055,11.678316,24.801577,11.449794
0.3828125,24.649542,12.782399,24.673862,11.769181
0.38476563,24.510277,12.322583,24.549061,13.426953
0.38671875,24.351345,11.108896,24.38336,13.116215
0.38867188,24.206831,11.312771,24.247351,11.488662
0.390625,24.048412,12.308007,24.103025,11.564682
0.39257813,23.891357,11.914351,23.947573,12.7143
0.39453125,23.724895,10.814481,23.795979,12.346508
0.39648438,23.542982,10.97057,23.622795,11.141159
0.3984375,23.356905,11.748784,23.441969,11.192816
0.40039063,23.165346,11.422883,23.247635,12.081444
0.40234375,22.962143,10.471184,23.057705,11.81954
0.40429688,22.752365,10.618929,22.847631,10.882968
0.40625,22.546886,11.494406,22.627644,10.94344
0.40820313,22.31698,11.098141,22.425467,11.650434
0.41015625,22.095472,10.174991,22.209169,11.545178
0.41210938,21.868111,10.392762,21.984076,10.644795
0.4140625,21.628506,10.93605,21.76346,10.578597
0.41601563,21.388163,10.592752,21.543043,11.105401
0.41796875,21.148636,9.9200382,21.280983,10.899566
0.41992188,20.904974,10.030721,21.038818,10.149246
0.421875,20.641041,10.367405,20.791529,10.103843
0.42382813,20.366745,10.127276,20.513247,10.634905
0.42578125,20.102682,9.5485,20.248352,10.486231
0.42773438,19.848654,9.4829311,19.967495,9.9982357
0.4296875,19.565393,9.8123436,19.707697,9.7737064
0.43164063,19.275797,9.6979484,19.419136,9.9197597
0.43359375,19.001543,9.1941051,19.124189,9.9600811
0.43554688,18.724939,8.7602148,18.833776,9.4850959
0.4375,18.432821,8.9979486,18.537117,9.2082729
0.43945313,18.134432,9.3479108,18.23135,9.466279
0.44140625,17.836485,8.6890907,17.90254,9.4207248
0.44335938,17.533154,8.0371551,17.604647,9.0372924
0.4453125,17.221151,8.4457941,17.281342,8.893918
0.44726563,16.902468,8.5601463,16.947819,8.7014122
0.44921875,16.586493,8.1372623,16.625875,8.6590347
0.45117188,16.25001,7.7780504,16.303389,8.6722755
0.453125,15.921495,7.8436703,15.962163,8.4873991
0.45507813,15.589603,8.0329294,15.601089,8.1768293
0.45703125,15.242798,7.1727309,15.258367,7.8737506
0.45898438,14.90254,6.9892797,14.902113,8.0396308
0.4609375,14.554439,7.7318792,14.565373,7.8237571
0.46289063,14.199259,7.2719092,14.222747,7.2248802
0.46484375,13.834743,6.3724079,13.869325,7.3833522
0.46679688,13.484957,6.6303792,13.529445,7.4808125
0.46875,13.118119,7.0976338,13.152285,7.0815148
0.47070313,12.749221,6.5203523,12.775099,6.6854567
0.47265625,12.389344,5.5304684,12.390109,6.6522312
0.47460938,12.016294,5.4802746,12.026104,6.9605298
0.4765625,11.63809,6.6469793,11.657996,6.4079146
0.47851563,11.248432,6.247282,11.267742,5.486145
0.48046875,10.868771,4.5788145,10.881474,5.7823944
0.48242188,10.499819,4.5480861,10.49939,6.3013091
0.484375,10.102786,5.6393199,10.11516,5.6826696
0.48632813,9.7027874,5.4684267,9.7068567,4.932167
0.48828125,9.3320846,3.8642246,9.3285274,5.0040102
0.49023438,8.9370079,3.6862788,8.9114923,5.380608
0.4921875,8.523817,4.3558888,8.4892311,4.8651356
0.49414063,8.1231002,4.1852951,8.087984,3.8493566
0.49609375,7.7262811,3.1889636,7.6756091,4.0866494
0.49804688,7.3260073,2.9588756,7.2652382,4.8344788
0.5,6.9139022,3.3693976,6.8522472,3.9983868
0.50195313,6.4977512,2.6602356,6.4520854,2.2248096
0.50390625,6.1108293,2.3218004,6.0429463,3.0544414
0.50585938,5.6951384,2.0004711,5.6083784,4.5259294
0.5078125,5.2589569,1.8485536,5.169569,2.67982
0.50976563,4.8403811,1.723002,4.7470688,1.0730547
0.51171875,4.4266767,0.94422036,4.3328275,2.0152835
0.51367188,4.0089373,0.66614687,3.9376246,2.801181
0.515625,3.5786595,0.58495754,3.4907724,1.4919
0.51757813,3.1718297,0.16150929,3.0549097,0.0899776
0.51953125,2.7558002,-0.65109009,2.6363825,0.90994734
0.52148438,2.3337087,-0.61351335,2.1825435,1.1983989
0.5234375,1.9069851,0.10380093,1.7648248,-0.23252666
0.52539063,1.4729107,0.02436517,1.3271591,-0.7511186
0.52734375,1.0546093,-0.55705678,0.88980824,0.0046110577
0.52929688,0.63107467,-0.57932568,0.46163452,0.52086943
0.53125,0.18639828,0.077118307,-0.021710709,-0.50826657
0.53320313,-0.24287355,0.15572159,-0.46684563,-0.85478085
0.53515625,-0.65977514,-0.82624787,-0.87319469,0.57156885
0.53710938,-1.0909231,-1.3676989,-1.2991555,0.1248017
0.5390625,-1.5226541,-1.2885561,-1.724051,-1.1122037
0.54101563,-1.9570303,-1.6128308,-2.1855175,-0.86845493
0.54296875,-2.381586,-2.6025359,-2.6395542,-1.0235453
0.54492188,-2.8140139,-3.3411769,-3.0681078,-1.7752519
0.546875,-3.2406077,-2.7406501,-3.4793388,-2.5056393
0.54882813,-3.6590838,-2.9486842,-3.9085388,-2.8629198
0.55078125,-4.0968422,-4.529437,-4.3689661,-2.5771975
0.55273438,-4.5185036,-4.96178,-4.8239212,-3.1148481
0.5546875,-4.9504342,-3.961622,-5.2819194,-4.2899699
0.55664063,-5.3915925,-4.2153544,-5.6904029,-4.653306
0.55859375,-5.8117718,-6.1872053,-6.1140279,-4.2265219
0.56054688,-6.2380919,-6.4107327,-6.5754442,-4.3003907
0.5625,-6.6698799,-4.9971647,-7.0199999,-5.4167151
0.56445313,-7.1075778,-5.3581013,-7.4572186,-6.0577459
0.56640625,-7.5441455,-7.2316904,-7.8606977,-5.7012257
0.56835938,-7.9570198,-7.5952434,-8.2847824,-5.4713411
0.5703125,-8.3823452,-6.3033232,-8.7632408,-6.4633092
0.57226563,-8.8275432,-6.4077882,-9.2224664,-7.2390885
0.57421875,-9.2381534,-8.3317127,-9.6358327,-6.5839614
0.57617188,-9.6680336,-8.6861476,-10.050512,-6.5484204
0.578125,-10.114594,-7.1822271,-10.490447,-7.5935201
0.58007813,-10.525881,-7.1238493,-10.933414,-8.1424045
0.58203125,-10.958472,-9.1197509,-11.377501,-7.738974
0.58398438,-11.400085,-9.7048025,-11.803677,-7.4536299
0.5859375,-11.805441,-8.1836147,-12.233027,-8.3193864
0.58789063,-12.233333,-8.2525234,-12.664024,-9.2492046
0.58984375,-12.681097,-9.8658123,-13.073146,-8.5698747
0.59179688,-13.099657,-10.191609,-13.500479,-8.060194
0.59375,-13.538455,-9.0829258,-13.950006,-9.3215789
0.59570313,-13.958915,-9.0314788,-14.413254,-10.178656
0.59765625,-14.372087,-10.588074,-14.834619,-9.3631343
0.59960938,-14.806559,-11.14805,-15.24497,-8.6437406
0.6015625,-15.234243,-9.7803239,-15.694592,-10.004663
0.60351563,-15.668111,-9.5819053,-16.097084,-10.918744
0.60546875,-16.091839,-11.635242,-16.498869,-10.019469
0.60742188,-16.517517,-11.804552,-16.933966,-9.7521257
0.609375,-16.939455,-10.102349,-17.354523,-10.780748
0.61132813,-17.371059,-10.645886,-17.778532,-11.557297
0.61328125,-17.799593,-12.78053,-18.214582,-10.860541
0.61523438,-18.213308,-12.523607,-18.646742,-10.644893
0.6171875,-18.640194,-10.879017,-19.053751,-11.81019
0.61914063,-19.075245,-11.378598,-19.470003,-12.248697
0.62109375,-19.502165,-13.023073,-19.899031,-11.282521
0.62304688,-19.918522,-13.290103,-20.311321,-11.329933
0.625,-20.342424,-12.304141,-20.733624,-12.628573
0.62695313,-20.78002,-12.17151,-21.156633,-12.815989
0.62890625,-21.202473,-13.336592,-21.584192,-11.898711
0.63085938,-21.62648,-13.710039,-22.017172,-11.823782
0.6328125,-22.062967,-12.787662,-22.421171,-13.080156
0.63476563,-22.476883,-12.823336,-22.834412,-13.425725
0.63671875,-22.901489,-14.166336,-23.238487,-12.772473
0.63867188,-23.3288,-14.231477,-23.633625,-12.927545
0.640625,-23.744364,-13.241833,-24.045765,-13.427183
0.64257813,-24.174044,-13.778631,-24.466442,-13.697709
0.64453125,-24.607347,-14.383945,-24.887005,-13.726258
0.64648438,-25.021776,-14.334491,-25.268858,-13.722301
0.6484375,-25.434301,-14.506948,-25.654282,-13.952067
0.65039063,-25.848587,-14.512952,-26.052317,-13.906739
0.65234375,-26.263195,-14.792378,-26.458975,-14.013836
0.65429688,-26.682859,-14.657291,-26.883951,-14.549557
0.65625,-27.090912,-14.642296,-27.283583,-14.570558
0.65820313,-27.490377,-15.522232,-27.675419,-14.327383
0.66015625,-27.895342,-15.616933,-28.055582,-14.582685
0.66210938,-28.310068,-14.856818,-28.439548,-14.89874
0.6640625,-28.707321,-15.112238,-28.832951,-15.045318
0.66601563,-29.108883,-16.162626,-29.218468,-15.036714
0.66796875,-29.498812,-16.336872,-29.597216,-15.187156
0.66992188,-29.873003,-15.457553,-29.960821,-15.49881
0.671875,-30.291754,-15.194576,-30.351255,-15.513494
0.67382813,-30.689817,-16.449249,-30.728058,-15.602858
0.67578125,-31.044573,-17.224627,-31.089865,-15.552749
0.67773438,-31.426191,-16.248436,-31.46924,-15.701035
0.6796875,-31.808748,-15.778112,-31.834118,-16.264452
0.68164063,-32.171314,-16.978992,-32.181656,-16.260345
0.68359375,-32.522224,-17.525452,-32.535988,-15.853301
0.68554688,-32.888489,-16.746511,-32.885029,-16.200157
0.6875,-33.261703,-16.549774,-33.218544,-16.924793
0.68945313,-33.605778,-17.415169,-33.572803,-16.700228
0.69140625,-33.951797,-17.817587,-33.90559,-16.383636
0.69335938,-34.284641,-17.291142,-34.219093,-16.824236
0.6953125,-34.60804,-17.142973,-34.532684,-17.177082
0.69726563,-34.92989,-17.787943,-34.850616,-16.917519
0.69921875,-35.25053,-18.048361,-35.167461,-16.939878
0.70117188,-35.571896,-17.731958,-35.464764,-17.57935
0.703125,-35.867016,-17.841806,-35.776566,-17.685297
0.70507813,-36.159729,-18.236963,-36.055702,-17.248169
0.70703125,-36.438324,-18.286852,-36.328175,-17.145529
0.70898438,-36.709846,-18.211082,-36.600147,-17.604708
0.7109375,-36.984367,-18.427826,-36.870743,-18.064299
0.71289063,-37.23568,-18.615448,-37.124268,-17.897886
0.71484375,-37.481586,-18.449402,-37.361629,-17.568607
0.71679688,-37.724403,-18.385887,-37.623737,-17.78013
0.71875,-37.959652,-18.729639,-37.837307,-18.202164
0.72070313,-38.161949,-18.837427,-38.058331,-18.189241
0.72265625,-38.369831,-18.518217,-38.258896,-17.894213
0.72460938,-38.573315,-18.491741,-38.460381,-18.043406
0.7265625,-38.750546,-19.010534,-38.6898,-18.393383
0.72851563,-38.932137,-19.101404,-38.859596,-18.236607
0.73046875,-39.080372,-18.452433,-39.020611,-17.892084
0.73242188,-39.230164,-18.452829,-39.173885,-17.934181
0.734375,-39.366417,-19.117798,-39.308994,-18.338739
0.73632813,-39.487194,-19.145447,-39.436935,-18.538956
0.73828125,-39.599869,-18.627007,-39.538452,-18.322546
0.74023438,-39.695076,-18.734472,-39.638699,-18.220324
0.7421875,-39.78339,-19.349293,-39.752018,-18.497524
0.74414063,-39.854282,-19.291,-39.825123,-18.743195
0.74609375,-39.930386,-18.739109,-39.878677,-18.614422
0.74804688,-39.980652,-18.883272,-39.943073,-18.38467
0.75,-40.029076,-19.428854,-39.984825,-18.555483
0.75195313,-40.074448,-19.275957,-40.027145,-18.877871
0.75390625,-40.109394,-18.823418,-40.065979,-18.82605
0.75585938,-40.14838,-19.053715,-40.083504,-18.575933
0.7578125,-40.163155,-19.46862,-40.119385,-18.61767
0.75976563,-40.170441,-19.261093,-40.123249,-18.929039
0.76171875,-40.180485,-19.134365,-40.118797,-18.984385
0.76367188,-40.182209,-19.203165,-40.136261,-18.950199
0.765625,-40.175343,-18.823278,-40.131676,-18.892134
0.76757813,-40.164158,-18.275412,-40.137955,-18.664272
0.76953125,-40.149609,-18.573076,-40.113159,-18.226166
0.77148438,-40.134975,-19.282469,-40.103718,-17.752588
0.7734375,-40.10767,-18.833212,-40.093937,-18.266577
0.77539063,-40.07975,-18.015419,-40.059372,-18.913048
0.77734375,-40.050922,-18.322056,-40.043522,-18.259018
0.77929688,-40.00745,-19.001833,-39.992638,-17.520193
0.78125,-39.951069,-18.607819,-39.966686,-18.040844
0.78320313,-39.899273,-17.837265,-39.936508,-18.643301
0.78515625,-39.849964,-18.166534,-39.866219,-18.027096
0.78710938,-39.783531,-18.8722,-39.807545,-17.330503
0.7890625,-39.704983,-18.392902,-39.737198,-17.776579
0.79101563,-39.631313,-17.459007,-39.660454,-18.377979
0.79296875,-39.548431,-17.805273,-39.591446,-17.905313
0.79492188,-39.454967,-18.604103,-39.511963,-17.204546
0.796875,-39.362072,-18.112898,-39.419193,-17.5163
0.79882813,-39.266804,-17.188869,-39.310879,-18.061226
0.80078125,-39.171276,-17.535896,-39.19426,-17.582289
0.80273438,-39.054184,-18.232386,-39.103004,-16.951853
0.8046875,-38.93335,-17.649731,-39.011562,-17.07671
0.80664063,-38.814453,-16.771458,-38.891445,-17.432573
0.80859375,-38.687027,-17.175604,-38.766121,-17.23115
0.81054688,-38.547344,-17.868645,-38.637772,-16.458872
0.8125,-38.405853,-17.339411,-38.490791,-16.384842
0.81445313,-38.267147,-16.489262,-38.349575,-17.114649
0.81640625,-38.126133,-16.779369,-38.215843,-17.097225
0.81835938,-37.964291,-17.423866,-38.061653,-16.271357
0.8203125,-37.799492,-16.887981,-37.899601,-16.133413
0.82226563,-37.644943,-16.067938,-37.722458,-16.643471
0.82421875,-37.46883,-16.397625,-37.550919,-16.456659
0.82617188,-37.296661,-16.958874,-37.395943,-15.827124
0.828125,-37.117325,-16.464972,-37.218761,-15.876281
0.83007813,-36.932785,-15.726193,-37.037403,-16.212288
0.83203125,-36.743221,-15.964442,-36.847202,-15.917352
0.83398438,-36.553185,-16.421568,-36.649433,-15.219972
0.8359375,-36.366512,-15.969289,-36.448879,-15.346619
0.83789063,-36.164268,-15.383993,-36.247066,-15.850923
0.83984375,-35.956326,-15.476213,-36.037064,-15.597386
0.84179688,-35.745708,-15.734461,-35.816349,-14.908379
0.84375,-35.545753,-15.495772,-35.60968,-15.022306
0.84570313,-35.322289,-15.044545,-35.38443,-16.105787
0.84765625,-35.096008,-15.029405,-35.166092,-15.381371
0.84960938,-34.880039,-15.035141,-34.954945,-13.682114
0.8515625,-34.647129,-15.652454,-34.74131,-14.244035
0.85351563,-34.416458,-15.643542,-34.513908,-15.553781
0.85546875,-34.180458,-13.896148,-34.274765,-14.788598
0.85742188,-33.946484,-13.605777,-34.057407,-13.201124
0.859375,-33.715218,-15.007039,-33.820686,-13.68725
0.86132813,-33.48436,-15.041545,-33.582951,-14.915043
0.86328125,-33.231655,-13.404125,-33.338905,-14.275434
0.86523438,-32.98233,-13.031007,-33.07415,-12.912324
0.8671875,-32.730919,-14.394841,-32.840569,-13.195417
0.86914063,-32.452995,-14.482971,-32.588867,-14.200736
0.87109375,-32.196857,-13.014491,-32.303905,-13.761986
0.87304688,-31.931393,-12.652842,-32.049103,-12.605134
0.875,-31.646603,-13.781125,-31.783783,-12.572351
0.87695313,-31.362097,-13.97205,-31.520723,-13.362823
0.87890625,-31.079393,-12.638069,-31.251526,-13.305647
0.88085938,-30.797859,-12.178944,-30.935724,-12.308327
0.8828125,-30.505709,-13.329126,-30.652958,-12.010715
0.88476563,-30.208952,-13.36568,-30.373613,-12.686299
0.88671875,-29.904827,-11.936428,-30.073668,-12.825614
0.88867188,-29.595367,-11.707491,-29.782518,-12.037016
0.890625,-29.29241,-12.776999,-29.472549,-11.529581
0.89257813,-28.971571,-12.794619,-29.150406,-11.863956
0.89453125,-28.650137,-11.496214,-28.82762,-12.154295
0.89648438,-28.332201,-11.270695,-28.51334,-11.656311
0.8984375,-28.008417,-12.104085,-28.193941,-11.064911
0.90039063,-27.674833,-12.009282,-27.860687,-11.300078
0.90234375,-27.346943,-11.131874,-27.528984,-11.515321
0.90429688,-27.019676,-10.938253,-27.183416,-10.987579
0.90625,-26.663082,-11.41542,-26.848206,-10.662717
0.90820313,-26.327702,-11.281469,-26.515554,-10.780528
0.91015625,-25.982203,-10.578625,-26.135714,-10.837845
0.91210938,-25.630552,-10.465872,-25.773781,-10.754467
0.9140625,-25.266701,-10.829638,-25.436428,-10.181625
0.91601563,-24.892258,-10.678591,-25.076756,-9.9020595
0.91796875,-24.538874,-10.005163,-24.704655,-10.397094
0.91992188,-24.168127,-10.016994,-24.332399,-10.173527
0.921875,-23.790373,-10.560438,-23.969719,-9.6349172
0.92382813,-23.414251,-9.9936084,-23.621244,-9.6660022
0.92578125,-23.040873,-9.2144403,-23.233595,-9.6216955
0.92773438,-22.655066,-9.5030756,-22.841656,-9.375555
0.9296875,-22.266829,-9.9186525,-22.4657,-9.0459137
0.93164063,-21.872692,-9.5182104,-22.049294,-9.2302322
0.93359375,-21.488216,-8.8496542,-21.65704,-9.3252697
0.93554688,-21.114775,-8.8471384,-21.279501,-8.6877098
0.9375,-20.697201,-9.1619968,-20.878044,-8.4038677
0.93945313,-20.290667,-8.8970489,-20.457762,-8.3638639
0.94140625,-19.903648,-8.2226295,-20.061182,-8.4829273
0.94335938,-19.483845,-8.2636375,-19.689934,-8.5846509
0.9453125,-19.068354,-8.5707225,-19.28817,-7.9186935
0.94726563,-18.680054,-8.0924263,-18.861025,-7.4580006
0.94921875,-18.277283,-7.5143904,-18.444372,-7.6580963
0.95117188,-17.856461,-7.5267949,-18.033201,-7.7069506
0.953125,-17.430931,-7.9259839,-17.626932,-7.4534735
0.95507813,-17.001413,-7.5671534,-17.220224,-6.7746734
0.95703125,-16.585012,-6.8589758,-16.795942,-6.7248559
0.95898438,-16.154469,-7.0460767,-16.380186,-7.2624306
0.9609375,-15.717205,-7.2036876,-15.962783,-6.8447465
0.96289063,-15.277151,-6.5566482,-15.527476,-6.1110329
0.96484375,-14.869231,-5.9623918,-15.107831,-5.7890715
0.96679688,-14.450854,-6.2231001,-14.691517,-6.1411814
0.96875,-13.96964,-6.5078034,-14.24402,-6.2096629
0.97070313,-13.533912,-5.977827,-13.821456,-5.3204364
0.97265625,-13.108036,-5.1158733,-13.396535,-4.9953904
0.97460938,-12.646864,-5.2958273,-12.934495,-5.193963
0.9765625,-12.194256,-5.6386861,-12.471307,-5.1822457
0.97851563,-11.761412,-5.1868047,-12.026329,-4.7754235
0.98046875,-11.315724,-4.5685119,-11.601845,-4.4332242
0.98242188,-10.862461,-4.3294158,-11.159939,-4.5054955
0.984375,-10.408782,-4.4852547,-10.700544,-4.1895289
0.98632813,-9.9562988,-4.134768,-10.258692,-3.695687
0.98828125,-9.5300464,-3.74931,-9.825324,-3.4124636
0.99023438,-9.0747594,-3.5167222,-9.3854446,-3.34253
0.9921875,-8.5893583,-3.5549693,-8.9432334,-3.0790247
0.99414063,-8.1243696,-3.3758616,-8.4731636,-2.6234195
0.99609375,-7.6955413,-2.5810461,-8.0199384,-2.3744926
0.99804688,-7.2377624,-2.2575335,-7.5922064,-2.2083029
1.0,-6.7607746,-2.6223821,-7.1231422,-2.1966075
1.0019531,-6.3013138,-2.4601867,-6.644567,-1.9432872
1.0039062,-5.8370194,-1.2477836,-6.2097644,-1.1689221
1.0058593,-5.3838481,-1.0678471,-5.7707667,-0.67845243
1.0078125,-4.8771696,-1.7484636,-5.270287,-0.89595431
1.0097656,-4.3957662,-1.1702288,-4.8143487,-0.59461671
1.0117187,-3.9848015,-0.0095946928,-4.3694038,0.28406852
1.0136718,-3.4948041,0.34311089,-3.8774569,0.37418321
1.015625,-2.9932014,0.11989722,-3.4381074,0.10381813
1.0175781,-2.5559763,0.18759272,-2.9734501,0.5361138
1.0195312,-2.0860881,0.27519187,-2.494698,0.5505169
1.0214843,-1.5858867,0.49001202,-2.0188536,-0.25926098
1.0234375,-1.1156299,0.77857578,-1.5276463,0.038484134
1.0253906,-0.64674294,0.46944004,-1.0730583,0.98574209
1.0273437,-0.16010542,-0.089936048,-0.61850595,0.54604656
1.0292968,0.32308167,0.30544904,-0.13803104,-0.35948956
1.03125,0.79060453,1.3244174,0.36057484,0.15038927
1.0332031,1.264723,0.4796527,0.81928474,1.140098
1.0351562,1.7497923,-0.37380654,1.2858568,1.4407162
1.0371093,2.2294688,0.82513958,1.7524551,1.4825859
1.0390625,2.7114887,1.6095397,2.2419657,2.0141387
1.0410156,3.1857023,1.3267076,2.7188289,2.6827619
1.0429687,3.695779,1.694447,3.1632151,2.9122345
1.0449218,4.1589326,2.9138138,3.6626517,3.4539644
1.046875,4.6026263,3.618504,4.1356425,3.8980972
1.0488281,5.1427774,3.1062514,4.6219902,4.4593501
1.0507812,5.6223897,3.000796,5.0853772,4.7963419
1.0527343,6.0578727,4.5937905,5.5457615,4.6411705
1.0546875,6.5218071,5.5846595,6.0260262,5.2638649
1.0566406,7.0080447,4.9921846,6.495202,6.0050716
1.0585937,7.5155344,4.7774395,6.9839305,6.0605673
1.0605468,7.9788026,5.7145123,7.4562192,5.6885275
1.0625,8.4473257,6.8387155,7.9440159,6.3212857
1.0644531,8.9420576,6.8928451,8.4085931,7.5063576
1.0664062,9.4202899,6.1563568,8.854104,7.2825226
1.0683593,9.9017009,6.28269,9.3545856,6.6814837
1.0703125,10.373942,7.3772821,9.8404159,7.6219682
1.0722656,10.823347,8.0150833,10.286978,8.8204383
1.0742187,11.287085,7.6542515,10.754651,8.403265
1.0761718,11.752932,7.7548232,11.237389,7.7349038
1.078125,12.216269,8.5362939,11.727245,8.4460525
1.0800781,12.692181,8.678132,12.221889,9.0349092
1.0820312,13.158315,8.6910533,12.696715,8.9411201
1.0839843,13.626075,8.6683359,13.154118,9.2950229
1.0859375,14.086821,9.2029237,13.638208,9.7493896
1.0878906,14.558044,10.064368,14.092671,9.99409
1.0898437,15.028662,9.689331,14.538286,9.897643
1.0917968,15.457121,9.2808227,15.015455,9.971446
1.09375,15.913006,9.7317733,15.481933,10.195233
1.0957031,16.410711,10.64495,15.949408,10.289239
1.0976562,16.863567,10.886141,16.403967,10.882484
1.0996093,17.27347,10.200216,16.853945,11.529573
1.1015625,17.750917,10.605298,17.301428,11.048153
1.1035156,18.222586,11.68146,17.763487,10.798607
1.1054687,18.647413,11.317198,18.223452,11.808795
1.1074218,19.084803,10.630573,18.669838,12.295904
1.109375,19.538963,11.453267,19.12071,11.849236
1.1113281,20.008335,12.738416,19.55772,11.392851
1.1132812,20.435486,12.343981,20.015757,12.147355
1.1152343,20.869764,11.21464,20.468889,13.364468
1.1171875,21.325897,12.183421,20.899986,12.797688
1.1191406,21.777937,13.69941,21.36034,12.093905
1.1210937,22.194355,12.971383,21.804983,12.97642
1.1230468,22.622498,11.645641,22.233101,13.615268
1.125,23.067411,12.630269,22.647289,13.361391
1.1269531,23.481125,14.307139,23.072428,13.036784
1.1289062,23.890993,13.611502,23.519018,13.273427
1.1308593,24.268204,12.359123,23.923742,13.821403
1.1328125,24.685307,13.239801,24.336798,14.238105
1.1347656,25.119564,14.778023,24.780247,14.183848
1.1367187,25.506437,14.318643,25.208796,13.911293
1.1386718,25.906778,13.237397,25.610256,14.15717
1.140625,26.319044,13.850774,26.009773,14.686158
1.1425781,26.706619,14.9198,26.40502,14.792739
1.1445312,27.101234,14.721559,26.809511,14.388966
1.1464843,27.490976,13.975412,27.189138,14.688852
1.1484375,27.874067,14.366035,27.563738,15.318012
1.1503906,28.254984,15.458739,27.9611,15.400912
1.1523437,28.613499,15.343671,28.324203,15.169547
1.1542968,29.005726,14.404073,28.716421,15.216424
1.15625,29.382727,14.776942,29.093868,15.766507
1.1582031,29.746273,15.991913,29.445717,15.838143
1.1601562,30.097523,15.87345,29.810867,15.672713
1.1621093,30.434727,15.075642,30.164989,16.007931
1.1640625,30.815088,15.444662,30.511995,16.284363
1.1660156,31.148037,16.257933,30.857319,16.170341
1.1679687,31.466726,16.174025,31.214195,16.240191
1.1699218,31.810474,15.741081,31.547447,16.720764
1.171875,32.137154,15.998632,31.863405,16.794226
1.1738281,32.457634,16.621666,32.183472,16.521214
1.1757812,32.738743,16.693979,32.517338,16.877007
1.1777343,33.045925,16.350592,32.827538,17.326849
1.1796875,33.352943,16.462914,33.133617,17.281776
1.1816406,33.629757,17.008913,33.430473,17.151155
1.1835937,33.929581,17.196104,33.72237,17.272795
1.1855468,34.183128,16.928759,34.015591,17.601419
1.1875,34.464237,16.94529,34.277988,17.859364
1.1894531,34.744774,17.493261,34.564938,17.864479
1.1914062,34.971222,17.661882,34.837536,17.780134
1.1933593,35.232857,17.331232,35.086647,18.071798
1.1953125,35.505878,17.380192,35.345646,18.348984
1.1972656,35.741436,17.903757,35.600956,18.205511
1.1992187,35.963284,18.086706,35.830044,18.227999
1.2011718,36.193047,17.699677,36.056957,18.529129
1.203125,36.407097,17.85858,36.274906,18.704401
1.2050781,36.63974,18.358276,36.495712,18.706503
1.2070312,36.844479,18.448677,36.72147,18.732321
1.2089843,37.043568,18.440828,36.933949,18.802197
1.2109375,37.258144,18.435549,37.124172,19.026047
1.2128906,37.455017,18.54071,37.296436,19.058559
1.2148437,37.661427,18.512457,37.508938,18.915865
1.2167968,37.83424,18.431503,37.709084,19.335392
1.21875,38.013714,18.558681,37.88554,19.463591
1.2207031,38.193352,18.670446,38.060028,18.957979
1.2226562,38.354702,18.690321,38.228333,18.843201
1.2246093,38.49828,18.711864,38.386349,19.29142
1.2265625,38.626297,18.831181,38.532833,19.584248
1.2285156,38.788647,18.908571,38.679432,19.258144
1.2304687,38.904369,18.912756,38.834602,19.04607
1.2324218,39.007763,19.012798,38.955132,19.45779
1.234375,39.136086,19.088757,39.04369,19.723648
1.2363281,39.228233,19.054039,39.162064,19.343153
1.2382812,39.326183,19.093222,39.261269,19.158312
1.2402343,39.415218,19.158428,39.338711,19.701925
1.2421875,39.499203,19.240763,39.42942,19.981541
1.2441406,39.582165,19.256742,39.512375,19.499491
1.2460937,39.647923,19.178112,39.591099,19.308424
1.2480468,39.707272,19.243071,39.643818,19.77874
1.25,39.766384,19.338688,39.700787,19.936211
1.2519531,39.824913,19.340677,39.772499,19.478701
1.2539062,39.863132,19.255869,39.797085,19.390697
1.2558593,39.899521,19.268234,39.822113,19.851393
1.2578125,39.933178,19.342262,39.85339,19.915121
1.2597656,39.947773,19.340637,39.885872,19.547157
1.2617187,39.960011,19.353769,39.899822,19.582804
1.2636718,39.96851,19.426888,39.911011,20.014431
1.265625,39.966785,19.55479,39.942051,19.965097
1.2675781,39.975227,19.246202,39.929661,19.76963
1.2695312,39.979774,18.571463,39.911102,19.756781
1.2714843,39.971146,17.556009,39.913521,19.287601
1.2734375,39.95158,16.880116,39.914974,18.022955
1.2753906,39.923923,17.578173,39.897533,17.028074
1.2773437,39.887764,18.166365,39.899174,17.910395
1.2792968,39.839832,17.540554,39.866264,18.888922
1.28125,39.788292,16.846949,39.807343,17.977451
1.2832031,39.728638,17.311214,39.765568,16.92387
1.2851562,39.648605,18.030731,39.68084,17.642626
1.2871093,39.569164,17.542709,39.617249,18.714756
1.2890625,39.496685,16.814169,39.533497,18.00378
1.2910156,39.400578,17.207027,39.432087,16.979076
1.2929687,39.299587,17.844582,39.353729,17.591721
1.2949218,39.202961,17.236317,39.238686,18.480858
1.296875,39.105366,16.363863,39.128307,17.833143
1.2988281,38.999657,16.919983,39.028065,16.83222
1.3007812,38.889088,17.574108,38.918987,17.249874
1.3027343,38.76899,16.783737,38.796577,18.101557
1.3046875,38.639938,16.062275,38.671547,17.671476
1.3066406,38.523678,16.628174,38.577007,16.572832
1.3085937,38.393841,17.134089,38.453022,16.635088
1.3105468,38.24976,16.386761,38.302315,17.431887
1.3125,38.107937,15.579783,38.158012,17.131664
1.3144531,37.961231,16.094713,38.032623,16.146885
1.3164062,37.807266,16.834105,37.903221,16.259329
1.3183593,37.646519,16.220129,37.750355,17.021894
1.3203125,37.48568,15.25795,37.610241,16.667137
1.3222656,37.323708,15.644322,37.438423,15.736342
1.3242187,37.150402,16.384058,37.279644,15.803209
1.3261718,36.975185,15.879356,37.116135,16.431145
1.328125,36.799023,14.953568,36.922073,16.319187
1.3300781,36.60598,15.181597,36.744999,15.554908
1.3320312,36.413418,15.904617,36.556293,15.408095
1.3339843,36.22147,15.463097,36.351383,15.972637
1.3359375,36.027077,14.513206,36.166531,15.835489
1.3378906,35.83387,14.764763,35.986229,15.132631
1.3398437,35.634136,15.411613,35.755161,15.124614
1.3417968,35.424232,14.977484,35.535583,15.505417
1.34375,35.213882,14.174587,35.319214,15.296537
1.3457031,35.00201,14.196682,35.102406,14.762037
1.3476562,34.776924,14.818964,34.874371,14.71522
1.3496093,34.561886,14.580366,34.630215,14.879441
1.3515625,34.326965,13.630312,34.407112,14.713415
1.3535156,34.082733,13.724432,34.167862,14.440436
1.3554687,33.860664,14.369598,33.919006,14.277355
1.3574218,33.619762,14.017668,33.676407,14.325285
1.359375,33.363449,13.346584,33.452389,14.28219
1.3613281,33.113506,13.363924,33.194321,13.894846
1.3632812,32.86377,13.654585,32.939938,13.733824
1.3652343,32.599358,13.467897,32.711437,13.780547
1.3671875,32.336823,12.929929,32.448681,13.68312
1.3691406,32.065556,12.940468,32.172699,13.36222
1.3710937,31.790804,13.168926,31.912157,13.314095
1.3730468,31.519917,12.816852,31.651402,13.435867
1.375,31.232819,12.431802,31.365564,13.037976
1.3769531,30.956085,12.577068,31.076578,12.755815
1.3789062,30.662786,12.745928,30.79475,12.930105
1.3808593,30.361444,12.315106,30.514038,12.857924
1.3828125,30.062136,11.876859,30.210001,12.513651
1.3847656,29.766964,12.003703,29.915373,12.469628
1.3867187,29.470852,12.243629,29.621439,12.368421
1.3886718,29.143965,12.036777,29.314016,12.19081
1.390625,28.828213,11.382529,29.0165,11.924869
1.3925781,28.521969,11.307665,28.702377,11.789683
1.3945312,28.202654,11.905808,28.376495,12.070649
1.3964843,27.868843,11.797414,28.066132,11.825315
1.3984375,27.547686,10.952579,27.772879,11.237058
1.4003906,27.219622,10.5762,27.44474,11.19468
1.4023437,26.887403,11.109735,27.096567,11.644579
1.4042968,26.564749,11.524274,26.765398,11.514724
1.40625,26.214769,10.625741,26.448584,10.617127
1.4082031,25.885668,9.8788337,26.110294,10.38441
1.4101562,25.543591,10.404689,25.765198,11.089379
1.4121093,25.183601,10.734577,25.432514,11.219419
1.4140625,24.845926,10.271288,25.066557,10.16172
1.4160156,24.486172,9.5923986,24.718018,9.772068
1.4179687,24.128115,9.7714138,24.377985,10.661881
1.4199218,23.770168,10.28221,24.027075,10.647324
1.421875,23.412811,9.6891183,23.666946,9.6213865
1.4238281,23.045748,9.1785574,23.294138,9.3761816
1.4257812,22.678257,9.4054918,22.944038,10.064303
1.4277343,22.318094,9.4596014,22.57626,9.9483747
1.4296875,21.931824,9.2157907,22.190479,8.8158168
1.4316406,21.563988,8.7457332,21.81962,8.8625459
1.4335937,21.189026,8.5559349,21.43635,9.6695728
1.4355468,20.806215,8.7308378,21.047606,9.490448
1.4375,20.427828,8.5369844,20.662228,8.5071792
1.4394531,20.052473,8.4189167,20.269325,8.2566452
1.4414062,19.665401,8.2370138,19.894255,8.9632892
1.4433593,19.25651,7.6807346,19.504122,8.898447
1.4453125,18.867212,7.8123173,19.098444,7.8517446
1.4472656,18.473558,8.109703,18.706558,7.7970342
1.4492187,18.082987,7.7037634,18.327316,8.5885896
1.4511718,17.688915,7.1684393,17.924513,8.0943365
1.453125,17.294632,7.1603498,17.506073,7.0292911
1.4550781,16.904861,7.0385294,17.11805,7.2567572
1.4570312,16.493259,6.7410388,16.711252,7.9793944
1.4589843,16.075924,6.712841,16.310024,7.2207074
1.4609375,15.673516,6.5250148,15.919263,6.4604468
1.4628906,15.269042,6.4193387,15.500336,6.8278384
1.4648437,14.84791,6.0721235,15.097691,6.96068
1.4667968,14.443286,5.8201427,14.690651,6.3271927
1.46875,14.030363,5.9676995,14.273295,5.7810139
1.4707031,13.605624,5.6807141,13.8643,6.3094244
1.4726562,13.193869,4.9871501,13.441598,6.3063082
1.4746093,12.761272,5.1168355,13.012221,5.2470979
1.4765625,12.326575,5.4318671,12.575409,5.1779022
1.4785156,11.907234,4.6577148,12.155591,5.8521752
1.4804687,11.487617,4.0195198,11.736946,5.3132543
1.4824218,11.058759,4.0722208,11.288954,4.3805203
1.484375,10.624722,4.6142587,10.861902,4.5548362
1.4863281,10.18287,4.1126904,10.443939,4.8604078
1.4882812,9.7467451,3.2440648,9.9854679,4.5669016
1.4902343,9.3197746,3.3396911,9.5211925,3.8809447
1.4921875,8.8856763,3.1493427,9.120325,3.4544069
1.4941406,8.4372634,2.9209406,8.6848421,3.9308295
1.4960937,7.9912815,2.6183512,8.2171659,3.8448045
1.4980468,7.568345,2.2647063,7.8083448,2.7360577
1.5,7.1259212,1.9835726,7.3533339,2.371782
1.5019531,6.677433,1.649645,6.9000296,2.8861835
1.5039062,6.2391977,1.4716167,6.4805803,2.7556972
1.5058593,5.8130755,1.1364828,6.0484395,1.8572857
1.5078125,5.3684186,0.38239035,5.5981059,1.4655327
1.5097656,4.9100871,-0.0072309962,5.1396322,1.678636
1.5117187,4.4644045,0.42743319,4.6963524,1.488702
1.5136718,4.0188698,0.095306337,4.2574987,0.52643746
1.515625,3.5724794,-0.73123085,3.8122053,0.28396317
1.5175781,3.1073482,-0.54689538,3.3465757,0.79421401
1.5195312,2.662642,0.39835474,2.9050524,0.28811434
1.5214843,2.2170596,0.49036989,2.4518485,-0.78835648
1.5234375,1.7615127,-1.1617221,1.9803385,-0.61017287
1.5253906,1.3232811,-0.92405438,1.5446714,0.54710996
1.5273437,0.88270563,0.77921832,1.0944011,0.40554377
1.5292968,0.41199112,-0.00088892225,0.60264051,-0.78063375
1.53125,-0.058497533,-1.1564351,0.14090194,-0.33012113
1.5332031,-0.49719384,-0.4242295,-0.28365636,0.53130758
1.5351562,-0.94572979,0.56027693,-0.73635924,-0.50095254
1.5371093,-1.3996404,-0.37373936,-1.205608,-0.79316902
1.5390625,-1.8530477,-1.7820309,-1.659704,0.068229526
1.5410156,-2.296329,-1.8298955,-2.1063814,-0.10335397
1.5429687,-2.7517011,-1.6020469,-2.5709025,-0.63009477
1.5449218,-3.2111816,-2.2339372,-3.0349583,-0.70921832
1.546875,-3.6536607,-3.3787236,-3.4701709,-1.1198483
1.5488281,-4.1187019,-3.5246355,-3.913268,-2.0889716
1.5507812,-4.5689525,-3.287136,-4.3884272,-2.3969943
1.5527343,-5.0083079,-4.0560364,-4.85119,-2.4578824
1.5546875,-5.479372,-4.7871089,-5.2951741,-2.8977408
1.5566406,-5.9295744,-4.6816105,-5.7369542,-3.6112055
1.5585937,-6.363285,-4.7665872,-6.1841397,-4.1711025
1.5605468,-6.8334393,-5.6479516,-6.6530685,-4.1642246
1.5625,-7.2799553,-6.3013553,-7.1029214,-4.1558532
1.5644531,-7.7115535,-6.1912779,-7.5364074,-5.0412359
1.5664062,-8.1784086,-5.7702641,-7.9793758,-5.8251295
1.5683593,-8.6403789,-6.4545617,-8.4580183,-5.0724401
1.5703125,-9.0938472,-7.7012343,-8.9530563,-5.5647416
1.5722656,-9.5375442,-7.4142079,-9.3976535,-6.7864952
1.5742187,-9.9793319,-6.7040696,-9.8160038,-6.6494751
1.5761718,-10.437998,-7.3917365,-10.231929,-6.2660641
1.578125,-10.898769,-8.8164815,-10.686595,-6.576982
1.5800781,-11.353143,-8.4917783,-11.178227,-7.465969
1.5820312,-11.796725,-7.7117719,-11.628822,-7.8301787
1.5839843,-12.247853,-8.3316421,-12.06395,-7.5992164
1.5859375,-12.700913,-9.2189598,-12.513266,-7.4957451
1.5878906,-13.158522,-9.4844036,-12.946326,-8.1166725
1.5898437,-13.612059,-8.8906211,-13.400033,-8.592904
1.5917968,-14.045173,-9.0448589,-13.865628,-8.6250619
1.59375,-14.507503,-10.014202,-14.293694,-8.4573583
1.5957031,-14.949109,-10.319513,-14.733284,-9.0082998
1.5976562,-15.383611,-9.7687425,-15.181752,-9.5747289
1.5996093,-15.85312,-9.8252315,-15.608452,-9.2751045
1.6015625,-16.304491,-10.803326,-16.06204,-9.2039346
1.6035156,-16.754442,-10.984976,-16.517202,-9.651597
1.6054687,-17.192749,-10.607212,-16.953936,-10.699329
1.6074218,-17.633894,-10.95434,-17.398258,-10.180829
1.609375,-18.098133,-11.30862,-17.839018,-9.4859762
1.6113281,-18.544371,-11.239048,-18.279177,-10.526484
1.6132812,-18.979355,-11.750634,-18.704008,-11.190207
1.6152343,-19.430752,-12.040019,-19.14229,-10.999119
1.6171875,-19.879093,-11.494032,-19.569561,-10.715963
1.6191406,-20.315016,-11.627619,-19.990616,-11.416754
1.6210937,-20.770344,-12.784779,-20.436325,-11.689233
1.6230468,-21.207684,-13.03986,-20.849306,-11.256043
1.625,-21.64595,-12.076864,-21.283567,-11.771129
1.6269531,-22.095478,-12.048678,-21.735022,-12.147878
1.6289062,-22.509392,-13.530669,-22.16341,-12.175858
1.6308593,-22.945969,-13.763288,-22.590637,-12.196282
1.6328125,-23.385471,-12.39838,-23.006229,-12.048533
1.6347656,-23.819246,-12.765018,-23.412704,-12.448071
1.6367187,-24.267134,-14.157424,-23.840332,-13.127889
1.6386718,-24.69153,-14.086362,-24.25453,-13.228557
1.640625,-25.114178,-13.139553,-24.68388,-12.706677
1.6425781,-25.549997,-13.611489,-25.099571,-12.567368
1.6445312,-25.957258,-14.816359,-25.467831,-13.401128
1.6464843,-26.371704,-14.095454,-25.869537,-13.839722
1.6484375,-26.795719,-13.800843,-26.288496,-13.421452
1.6503906,-27.197107,-14.969955,-26.713779,-13.451475
1.6523437,-27.61903,-14.80496,-27.117405,-13.964767
1.6542968,-28.032494,-13.812341,-27.527084,-14.088081
1.65625,-28.433655,-14.609076,-27.91931,-13.987051
1.6582031,-28.82168,-16.337786,-28.304705,-14.310623
1.6601562,-29.208408,-15.286391,-28.704281,-14.440248
1.6621093,-29.613911,-13.987649,-29.085882,-14.30806
1.6640625,-29.996281,-15.606102,-29.469542,-14.707419
1.6660156,-30.376232,-16.576696,-29.866518,-14.964046
1.6679687,-30.763342,-15.528205,-30.248512,-14.786718
1.6699218,-31.133698,-15.048338,-30.592745,-15.013246
1.671875,-31.501785,-16.292288,-30.966536,-15.322427
1.6738281,-31.876928,-16.762495,-31.347237,-15.199827
1.6757812,-32.239937,-15.832728,-31.69961,-15.225437
1.6777343,-32.594124,-15.98834,-32.045605,-15.651359
1.6796875,-32.947617,-16.822556,-32.417233,-16.058395
1.6816406,-33.279987,-16.703094,-32.771332,-15.77868
1.6835937,-33.622219,-16.422338,-33.095066,-15.374257
1.6855468,-33.969147,-17.078825,-33.433105,-15.910629
1.6875,-34.278656,-17.303583,-33.749451,-16.702011
1.6894531,-34.5919,-16.914909,-34.082333,-16.514242
1.6914062,-34.912155,-17.04561,-34.415653,-16.047426
1.6933593,-35.207027,-17.321161,-34.730083,-16.368479
1.6953125,-35.514919,-17.459913,-35.0508,-16.992811
1.6972656,-35.806835,-17.66865,-35.329433,-16.948944
1.6992187,-36.070271,-17.902256,-35.631073,-16.234928
1.7011718,-36.349319,-17.572945,-35.935139,-16.590309
1.703125,-36.605396,-17.505283,-36.206013,-17.653175
1.7050781,-36.855423,-18.227169,-36.475697,-17.490494
1.7070312,-37.106747,-18.42664,-36.709103,-16.660439
1.7089843,-37.344036,-17.957722,-36.977703,-16.858166
1.7109375,-37.565044,-17.945415,-37.259171,-17.894978
1.7128906,-37.775421,-18.643085,-37.488949,-17.911865
1.7148437,-37.990784,-18.656248,-37.714035,-17.202309
1.7167968,-38.188786,-18.162935,-37.942547,-17.284178
1.71875,-38.375103,-18.47991,-38.133312,-17.890562
1.7207031,-38.552643,-18.863108,-38.318508,-17.973011
1.7226562,-38.719395,-18.60404,-38.515636,-17.615473
1.7246093,-38.882679,-18.43951,-38.671413,-17.727636
1.7265625,-39.031681,-18.805895,-38.84726,-18.163996
1.7285156,-39.166256,-19.055067,-39.018169,-18.116301
1.7304687,-39.289974,-18.824354,-39.149761,-17.871584
1.7324218,-39.402119,-18.711897,-39.297676,-18.035767
1.734375,-39.509823,-19.080507,-39.404457,-18.287058
1.7363281,-39.6138,-19.404642,-39.512543,-18.228725
1.7382812,-39.699753,-19.170036,-39.619686,-18.11511
1.7402343,-39.777042,-18.882925,-39.694496,-18.366817
1.7421875,-39.856472,-19.111662,-39.78458,-18.62727
1.7441406,-39.912586,-19.436464,-39.850735,-18.494164
1.7460937,-39.977379,-19.339916,-39.932064,-18.367468
1.7480468,-40.029148,-19.076086,-39.983818,-18.558702
1.75,-40.069695,-19.198614,-40.007843,-18.654821
1.7519531,-40.112152,-19.451078,-40.060745,-18.420361
1.7539062,-40.12825,-19.326151,-40.098953,-18.383499
1.7558593,-40.151283,-19.110096,-40.122807,-18.785788
1.7578125,-40.163349,-19.307373,-40.135342,-18.862299
1.7597656,-40.175514,-19.608015,-40.152237,-18.488819
1.7617187,-40.176224,-19.496008,-40.156567,-18.737558
1.7636718,-40.176144,-19.177122,-40.151993,-18.93483
1.765625,-40.178768,-19.069653,-40.150223,-18.547085
1.7675781,-40.17514,-18.836481,-40.148037,-18.468182
1.7695312,-40.17218,-18.439613,-40.144482,-18.116951
1.7714843,-40.146008,-18.814093,-40.139526,-17.671715
1.7734375,-40.128864,-19.192244,-40.128288,-18.266518
1.7753906,-40.094868,-18.64563,-40.101978,-18.771004
1.7773437,-40.055748,-18.261126,-40.068062,-18.014534
1.7792968,-40.022228,-18.703859,-40.022278,-17.391157
1.78125,-39.962559,-19.030252,-39.981052,-18.029631
1.7832031,-39.911144,-18.473494,-39.934822,-18.572939
1.7851562,-39.861279,-18.053555,-39.869175,-17.914934
1.7871093,-39.792969,-18.532564,-39.823444,-17.319912
1.7890625,-39.714901,-18.746845,-39.75877,-17.813457
1.7910156,-39.632462,-18.084667,-39.676197,-18.261768
1.7929687,-39.557999,-17.786167,-39.590687,-17.644217
1.7949218,-39.474075,-18.311657,-39.50193,-17.048368
1.796875,-39.378902,-18.43425,-39.430092,-17.538986
1.7988281,-39.275745,-17.697205,-39.320419,-18.009209
1.8007812,-39.165359,-17.384729,-39.218758,-17.378119
1.8027343,-39.064762,-17.951324,-39.102215,-16.711929
1.8046875,-38.941269,-18.075399,-38.98357,-17.118027
1.8066406,-38.810333,-17.409067,-38.891415,-17.527319
1.8085937,-38.688251,-17.05253,-38.776855,-16.991615
1.8105468,-38.554058,-17.46192,-38.650375,-16.374332
1.8125,-38.42104,-17.67662,-38.509132,-16.493216
1.8144531,-38.269772,-17.058128,-38.371243,-16.8864
1.8164062,-38.106411,-16.678844,-38.235481,-16.648294
1.8183593,-37.963367,-17.028225,-38.095757,-16.190134
1.8203125,-37.812817,-17.186304,-37.915367,-16.289894
1.8222656,-37.634125,-16.724167,-37.743343,-16.412289
1.8242187,-37.464664,-16.303411,-37.573048,-16.123346
1.8261718,-37.292641,-16.507858,-37.390144,-15.89086
1.828125,-37.099751,-16.695583,-37.217384,-16.004671
1.8300781,-36.918285,-16.268238,-37.022083,-15.982541
1.8320312,-36.728477,-15.915356,-36.839298,-15.660981
1.8339843,-36.530174,-16.253082,-36.62701,-15.446108
1.8359375,-36.334549,-16.159531,-36.436665,-15.491243
1.8378906,-36.130821,-15.566255,-36.253036,-15.459082
1.8398437,-35.924332,-15.528596,-36.021236,-15.197859
1.8417968,-35.716198,-15.775809,-35.816849,-15.099295
1.84375,-35.507675,-15.625708,-35.594955,-14.96469
1.8457031,-35.278564,-15.041169,-35.368553,-15.33453
1.8476562,-35.048748,-15.017064,-35.147995,-15.523564
1.8496093,-34.820675,-15.26396,-34.926727,-14.365127
1.8515625,-34.583588,-15.678162,-34.71788,-13.889124
1.8535156,-34.356762,-15.463572,-34.495289,-14.732347
1.8554687,-34.126724,-14.051325,-34.274708,-14.904912
1.8574218,-33.887245,-14.035734,-34.028465,-13.762479
1.859375,-33.646557,-14.990708,-33.78846,-13.280913
1.8613281,-33.413986,-14.609141,-33.559219,-14.163412
1.8632812,-33.160446,-13.489116,-33.296131,-14.332546
1.8652343,-32.90057,-13.558325,-33.031368,-13.398095
1.8671875,-32.644314,-14.428614,-32.793198,-13.000725
1.8691406,-32.377151,-14.103372,-32.555401,-13.539866
1.8710937,-32.114586,-13.072212,-32.282413,-13.706865
1.8730468,-31.846336,-13.08562,-32.006577,-12.885356
1.875,-31.563814,-13.798288,-31.744675,-12.448859
1.8769531,-31.277449,-13.53414,-31.467943,-12.894707
1.8789062,-30.989912,-12.637601,-31.180145,-13.032478
1.8808593,-30.703609,-12.656795,-30.900217,-12.548342
1.8828125,-30.412279,-13.243542,-30.602114,-12.187542
1.8847656,-30.106512,-12.925033,-30.313953,-12.319102
1.8867187,-29.797911,-12.038663,-30.00131,-12.412264
1.8886718,-29.47854,-12.156609,-29.684214,-12.046258
1.890625,-29.186859,-12.734997,-29.401411,-11.624824
1.8925781,-28.870296,-12.315442,-29.082506,-11.768963
1.8945312,-28.53689,-11.552506,-28.758919,-11.856022
1.8964843,-28.232733,-11.646952,-28.449753,-11.389101
1.8984375,-27.894064,-12.076948,-28.12562,-11.107988
1.9003906,-27.558453,-11.671721,-27.77799,-11.25269
1.9023437,-27.217947,-11.011981,-27.446636,-11.213459
1.9042968,-26.872536,-11.18415,-27.110853,-10.810068
1.90625,-26.537939,-11.558882,-26.760584,-10.78558
1.9082031,-26.18713,-11.067076,-26.41293,-10.842082
1.9101562,-25.825228,-10.306015,-26.059942,-10.519633
1.9121093,-25.473263,-10.659685,-25.713371,-10.184764
1.9140625,-25.120142,-11.083372,-25.359163,-10.066355
1.9160156,-24.747597,-10.417631,-25.001162,-10.301078
1.9179687,-24.375883,-9.7339439,-24.635141,-10.174677
1.9199218,-24.002914,-10.05446,-24.255316,-9.5259437
1.921875,-23.631081,-10.503141,-23.885067,-9.3256416
1.9238281,-23.259148,-9.9430971,-23.516756,-9.7913684
1.9257812,-22.883087,-9.3096666,-23.127571,-9.6809005
1.9277343,-22.495281,-9.3855257,-22.72798,-9.0375928
1.9296875,-22.095837,-9.645955,-22.33581,-8.8720397
1.9316406,-21.695801,-9.3403415,-21.95067,-8.900114
1.9335937,-21.302982,-8.8856735,-21.552551,-9.0017347
1.9355468,-20.921314,-8.9305486,-21.149988,-8.7957
1.9375,-20.517256,-8.9604806,-20.765852,-8.3448467
1.9394531,-20.11125,-8.6381082,-20.384619,-7.9757499
1.9414062,-19.706131,-8.3435697,-19.980856,-8.1841068
1.9433593,-19.293154,-8.2307491,-19.571341,-8.3453178
1.9453125,-18.88147,-8.095786,-19.167259,-7.5172877
1.9472656,-18.467705,-7.907865,-18.745859,-7.2255797
1.9492187,-18.068489,-7.7886223,-18.339397,-7.7624726
1.9511718,-17.638493,-7.4860391,-17.909204,-7.7531909
1.953125,-17.21653,-7.2390532,-17.472212,-6.8167476
1.9550781,-16.800959,-7.4037365,-17.066074,-6.320888
1.9570312,-16.361038,-7.1114625,-16.649487,-6.8132319
1.9589843,-15.921802,-6.5477666,-16.231306,-7.0854606
1.9609375,-15.499272,-6.4296402,-15.788386,-6.3144345
1.9628906,-15.082176,-6.7001023,-15.351596,-5.5947346
1.9648437,-14.625838,-6.5530185,-14.945133,-5.9778142
1.9667968,-14.187064,-5.7974586,-14.527552,-6.2435393
1.96875,-13.738227,-5.712368,-14.075955,-5.512989
1.9707031,-13.30676,-5.9341254,-13.655376,-4.8563642
1.9726562,-12.891066,-5.4628834,-13.224981,-4.9898967
1.9746093,-12.434203,-4.869739,-12.777356,-5.0171575
1.9765625,-11.982575,-4.791697,-12.344481,-4.8628025
1.9785156,-11.54322,-4.9194908,-11.871387,-4.4159193
1.9804687,-11.080916,-4.5663075,-11.425467,-3.8640573
1.9824218,-10.612545,-3.9737327,-10.988012,-3.8850441
1.984375,-10.182438,-4.2020421,-10.540612,-3.9357123
1.9863281,-9.7167091,-4.4123654,-10.103344,-3.5991983
1.9882812,-9.2388544,-3.384583,-9.6442976,-3.1329097
1.9902343,-8.792016,-2.5513172,-9.1768579,-2.6677258
1.9921875,-8.3444929,-3.0912978,-8.7306556,-2.5872409
1.9941406,-7.8650441,-3.5397744,-8.2863788,-2.617835
1.9960937,-7.3918657,-2.5565269,-7.818613,-1.9642059
1.9980468,-6.9606404,-1.5769211,-7.3805804,-1.46662
2.0,-6.4922518,-1.7447184,-6.9109311,-1.5711673
2.0019531,-6.0087051,-2.141401,-6.4207687,-1.4294062
2.0039062,-5.5422673,-1.5358773,-5.9537587,-0.70864707
2.0058593,-5.0748667,-0.36800295,-5.4926886,-0.42662662
2.0078125,-4.6177687,-0.24013457,-5.0563902,-0.43550619
2.0097656,-4.150156,-1.0757398,-4.5935845,0.038341522
2.0117187,-3.6650812,-0.55726933,-4.1307563,0.76352841
2.0136718,-3.1791715,1.0886471,-3.6643276,0.71839052
2.015625,-2.7389972,0.98997325,-3.1926684,-0.13234074
2.0175781,-2.2818791,0.056695104,-2.7201881,0.014112178
2.0195312,-1.7783925,0.10716289,-2.2438538,0.75822788
2.0214843,-1.3127527,0.62392515,-1.7638762,0.36759791
2.0234375,-0.82072341,0.54590976,-1.2918,-0.35844007
2.0253906,-0.34133637,0.081363857,-0.82740158,0.40446001
2.0273437,0.11102507,0.15403938,-0.34523726,1.0290442
2.0292968,0.6101144,0.83195025,0.13501225,0.23643297
2.03125,1.0962592,0.86941326,0.61843574,-0.37596089
2.0332031,1.5649339,0.062034026,1.0861291,0.46593019
2.0351562,2.0432665,0.10687115,1.5410243,1.7428989
2.0371093,2.5247068,0.77160335,2.034465,1.5580821
2.0390625,2.9963026,1.2871938,2.5279934,1.1460713
2.0410156,3.4799935,1.4772533,2.9793329,2.2240285
2.0429687,3.9707672,1.7835185,3.4589211,3.4528935
2.0449218,4.4168233,2.7100925,3.9245972,3.4053609
2.046875,4.8899054,3.4057047,4.390335,2.9334168
2.0488281,5.4145841,3.2479019,4.8983249,3.8703861
2.0507812,5.8822155,3.2243306,5.3542127,5.4784593
2.0527343,6.3310656,4.5042395,5.8273005,5.0608692
2.0546875,6.8202023,5.312416,6.3093977,4.1866879
2.0566406,7.2939786,4.6374764,6.7694788,4.9749512
2.0585937,7.7639188,4.7251839,7.2689786,6.4728426
2.0605468,8.2527484,6.2161684,7.7392368,6.7854232
2.0625,8.7183542,6.8370661,8.2073974,5.8533978
2.0644531,9.1755762,5.6889786,8.6858596,6.0275588
2.0664062,9.6560564,5.9314427,9.1706686,7.3758721
2.0683593,10.162341,7.7333369,9.6447267,8.008563
2.0703125,10.605554,7.7665615,10.110425,7.1997323
2.0722656,11.029024,6.7170748,10.603631,7.0413641
2.0742187,11.53816,7.0734334,11.061082,7.9898266
2.0761718,12.034013,8.5185442,11.534723,8.9106597
2.078125,12.502651,8.8331928,12.009775,8.9240131
2.0800781,12.92616,8.421071,12.472121,8.0406189
2.0820312,13.387371,8.3178138,12.944335,8.6020774
2.0839843,13.889613,8.7139616,13.414396,9.8585023
2.0859375,14.344083,9.6664419,13.877573,9.7354145
2.0878906,14.800189,9.6905784,14.326619,9.0009946
2.0898437,15.270746,8.9705019,14.794218,9.6098403
2.0917968,15.734432,9.3210554,15.249318,10.44676
2.09375,16.165314,10.555419,15.704913,10.146441
2.0957031,16.641798,10.690387,16.182976,10.152496
2.0976562,17.118813,9.9643878,16.640881,10.917622
2.0996093,17.540897,10.208225,17.091671,11.252414
2.1015625,17.988722,11.0137,17.545534,10.67099
2.1035156,18.463175,11.440479,17.982613,10.633352
2.1054687,18.921562,11.223277,18.432873,11.538649
2.1074218,19.34569,10.901435,18.898172,12.454146
2.109375,19.75507,11.522518,19.34416,11.804151
2.1113281,20.18758,12.040057,19.784416,10.908662
2.1132812,20.659601,11.969269,20.244947,12.334154
2.1152343,21.119267,12.085405,20.675001,13.20523
2.1171875,21.505808,12.394158,21.103275,12.189513
2.1191406,21.92568,12.390452,21.537291,12.132363
2.1210937,22.402779,12.421414,21.972689,13.099995
2.1230468,22.825197,12.935193,22.414507,13.312225
2.125,23.224737,12.989672,22.832758,12.99033
2.1269531,23.625423,12.961935,23.260298,13.024147
2.1289062,24.028603,13.049027,23.696327,13.522417
2.1308593,24.455381,13.398414,24.108706,13.826788
2.1328125,24.86515,13.856762,24.491781,13.60169
2.1347656,25.251781,13.716701,24.927763,13.576835
2.1367187,25.648783,13.718071,25.349314,14.128082
2.1386718,26.068441,13.730209,25.721403,14.473985
2.140625,26.467731,14.113192,26.130951,14.269125
2.1425781,26.849396,14.654628,26.555027,14.296276
2.1445312,27.245171,14.29361,26.933884,14.55773
2.1464843,27.643951,14.059805,27.293196,14.627168
2.1484375,28.045643,14.590939,27.690123,14.691993
2.1503906,28.403801,15.029242,28.078745,15.2054
2.1523437,28.74543,14.864891,28.444729,15.486801
2.1542968,29.129358,14.738365,28.808567,15.048323
2.15625,29.518843,15.043504,29.185997,15.001792
2.1582031,29.847506,15.472993,29.557875,15.704091
2.1601562,30.15308,15.628982,29.90568,16.142927
2.1621093,30.515001,15.379541,30.265169,15.768738
2.1640625,30.884775,15.459006,30.623262,15.601938
2.1660156,31.209749,16.019318,30.949329,16.181873
2.1679687,31.521347,16.161669,31.272909,16.378643
2.1699218,31.839333,15.798593,31.634218,16.298054
2.171875,32.181072,15.831946,31.950804,16.528387
2.1738281,32.50581,16.356886,32.246475,16.527367
2.1757812,32.805061,16.800955,32.586689,16.581879
2.1777343,33.128788,16.581888,32.88863,16.97393
2.1796875,33.421757,16.109245,33.183071,17.213167
2.1816406,33.713535,16.559183,33.484131,17.111139
2.1835937,33.99976,17.19824,33.760536,17.014637
2.1855468,34.259575,17.100822,34.037064,17.310173
2.1875,34.525417,16.768257,34.320259,17.701118
2.1894531,34.781384,17.073599,34.59103,17.659006
2.1914062,35.0439,17.689487,34.854252,17.606369
2.1933593,35.298798,17.543865,35.105591,17.816395
2.1953125,35.5354,17.31159,35.346748,18.020121
2.1972656,35.766537,17.531956,35.595554,18.114534
2.1992187,36.006878,17.853075,35.845173,18.13435
2.2011718,36.225128,18.065445,36.072693,18.377304
2.203125,36.436787,17.862896,36.291683,18.505638
2.2050781,36.661507,17.837357,36.535038,18.373026
2.2070312,36.865791,18.220837,36.76363,18.431591
2.2089843,37.06966,18.463037,36.98959,18.728498
2.2109375,37.249321,18.575891,37.174759,18.847956
2.2128906,37.438389,18.421501,37.35252,18.623056
2.2148437,37.647724,18.209631,37.555046,18.836952
2.2167968,37.818439,18.447197,37.727127,19.324326
2.21875,37.99152,18.721205,37.906631,19.116564
2.2207031,38.161732,18.58861,38.056545,18.74069
2.2226562,38.326706,18.46739,38.216919,18.995457
2.2246093,38.485577,18.679777,38.379498,19.439709
2.2265625,38.629974,18.884426,38.506279,19.39225
2.2285156,38.769421,18.824421,38.656059,19.046476
2.2304687,38.898888,18.730789,38.788239,19.142437
2.2324218,39.02676,18.844082,38.908947,19.607449
2.234375,39.135921,19.047874,39.024818,19.566019
2.2363281,39.242664,19.105778,39.141685,19.198872
2.2382812,39.345734,19.008423,39.253334,19.316727
2.2402343,39.430737,19.027737,39.32877,19.772188
2.2421875,39.506531,19.175194,39.406658,19.704071
2.2441406,39.58326,19.251446,39.502182,19.277445
2.2460937,39.638889,19.232695,39.583706,19.523249
2.2480468,39.689804,19.229015,39.633007,20.018944
2.25,39.743526,19.29084,39.702396,19.794062
2.2519531,39.792953,19.41102,39.748978,19.273972
2.2539062,39.841232,19.425955,39.781929,19.56329
2.2558593,39.856022,19.283491,39.824837,20.093697
2.2578125,39.879513,19.234278,39.841805,19.844263
2.2597656,39.90937,19.322433,39.876301,19.424694
2.2617187,39.915672,19.532728,39.895851,19.658285
2.2636718,39.923985,19.502756,39.895359,20.178143
2.265625,39.931591,19.366611,39.913471,19.966099
2.2675781,39.933922,19.321566,39.918461,19.709036
2.2695312,39.944008,18.94705,39.890663,19.780069
2.2714843,39.942574,18.072918,39.883213,19.327438
2.2734375,39.929314,17.02039,39.88393,18.104757
2.2753906,39.910053,17.151823,39.884792,17.226898
2.2773437,39.873745,18.117233,39.87019,18.173187
2.2792968,39.831856,17.950598,39.824898,19.001547
2.28125,39.783989,17.021629,39.783257,17.874897
2.2832031,39.720268,17.082598,39.737526,16.991177
2.2851562,39.652637,17.904146,39.686035,18.05518
2.2871093,39.567585,17.805113,39.623165,18.918169
2.2890625,39.479004,17.009886,39.545166,17.834457
2.2910156,39.406616,17.063808,39.450348,16.862946
2.2929687,39.306126,17.712336,39.349842,17.771534
2.2949218,39.194878,17.533773,39.226067,18.694305
2.296875,39.093517,16.70009,39.119991,17.802975
2.2988281,38.990231,16.742973,39.038906,16.878098
2.3007812,38.872952,17.342184,38.927467,17.616678
2.3027343,38.751968,17.031361,38.795547,18.449203
2.3046875,38.620758,16.37961,38.653206,17.512486
2.3066406,38.487118,16.474434,38.541729,16.269464
2.3085937,38.359859,16.883829,38.426781,16.933168
2.3105468,38.211723,16.66292,38.292709,17.949741
2.3125,38.072662,16.010221,38.158772,17.152311
2.3144531,37.927452,16.109148,38.007149,15.950047
2.3164062,37.763561,16.719694,37.871983,16.366989
2.3183593,37.610973,16.282192,37.722099,17.265085
2.3203125,37.448719,15.428282,37.56324,16.721817
2.3222656,37.270363,15.752903,37.406166,15.726935
2.3242187,37.109619,16.300074,37.241631,15.985317
2.3261718,36.942795,15.797782,37.087135,16.668922
2.328125,36.748005,15.209273,36.908688,16.276621
2.3300781,36.570278,15.439849,36.719917,15.464354
2.3320312,36.394634,15.680603,36.520737,15.558847
2.3339843,36.196518,15.336526,36.333046,16.105705
2.3359375,35.998142,14.891365,36.141357,15.820988
2.3378906,35.805336,14.869599,35.918842,15.209852
2.3398437,35.604919,15.108254,35.704399,15.368032
2.3417968,35.386776,14.968592,35.489979,15.57846
2.34375,35.169624,14.493587,35.276089,15.220088
2.3457031,34.955818,14.478127,35.04253,14.915768
2.3476562,34.742851,14.653746,34.819992,14.946601
2.3496093,34.519482,14.316002,34.612743,14.891879
2.3515625,34.29216,14.037592,34.366196,14.710399
2.3535156,34.056664,14.076782,34.123722,14.467517
2.3554687,33.810719,14.073272,33.903591,14.359798
2.3574218,33.583595,13.785221,33.655025,14.520457
2.359375,33.336868,13.36477,33.387207,14.2498
2.3613281,33.073277,13.662603,33.143074,13.796299
2.3632812,32.819187,13.959915,32.899143,13.941025
2.3652343,32.56628,13.10982,32.647881,14.053391
2.3671875,32.294762,12.616541,32.388443,13.66696
2.3691406,32.020489,13.387788,32.114742,13.315405
2.3710937,31.741657,13.500313,31.854631,13.365056
2.3730468,31.454477,12.548274,31.580345,13.422492
2.375,31.178288,12.379526,31.289494,13.166432
2.3769531,30.893728,12.843592,31.009249,12.962481
2.3789062,30.603008,12.760116,30.722929,12.948602
2.3808593,30.290745,12.294534,30.430826,12.807015
2.3828125,30.004522,11.977779,30.146065,12.578096
2.3847656,29.711042,12.136106,29.863184,12.513038
2.3867187,29.388813,12.226041,29.570772,12.371915
2.3886718,29.094971,11.819636,29.268066,12.146648
2.390625,28.776651,11.631593,28.956621,12.071534
2.3925781,28.45719,11.689016,28.643887,12.029437
2.3945312,28.143177,11.510989,28.328827,11.747578
2.3964843,27.816853,11.107506,28.00765,11.670451
2.3984375,27.499619,11.172133,27.696564,11.789595
2.4003906,27.158504,11.417597,27.360085,11.46492
2.4023437,26.826029,10.880691,27.025627,11.073705
2.4042968,26.498055,10.659084,26.711422,11.165738
2.40625,26.141237,11.00696,26.37793,11.154345
2.4082031,25.798464,10.904399,26.047838,10.611154
2.4101562,25.454302,10.280196,25.694838,10.722223
2.4121093,25.092459,9.7578907,25.336193,11.068668
2.4140625,24.755234,10.184674,24.994656,10.58445
2.4160156,24.409651,10.830007,24.636095,9.9438428
2.4179687,24.041857,9.9068517,24.27215,10.173629
2.4199218,23.691343,8.8807096,23.918932,10.702677
2.421875,23.315701,9.8210926,23.555714,9.9851722
2.4238281,22.950684,10.189714,23.199146,9.2499189
2.4257812,22.593836,8.9504098,22.834679,9.7003469
2.4277343,22.208424,8.5612163,22.457766,9.9845628
2.4296875,21.843248,9.4094648,22.076483,9.31637
2.4316406,21.470881,9.4940671,21.696901,9.0669002
2.4335937,21.091978,8.5069799,21.321369,9.3823051
2.4355468,20.711544,8.3171606,20.92371,9.0042228
2.4375,20.310339,8.6076898,20.555666,8.4656658
2.4394531,19.92108,8.3725748,20.174505,8.6950264
2.4414062,19.534779,8.1644191,19.781494,9.052658
2.4433593,19.154076,8.0373487,19.399887,8.3193264
2.4453125,18.765663,7.7436456,18.999289,7.5780825
2.4472656,18.370367,7.3898334,18.603443,7.9178466
2.4492187,17.979269,7.4988203,18.21266,8.5774459
2.4511718,17.577518,7.7383222,17.801493,7.8696889
2.453125,17.183327,7.0430517,17.388557,6.7542295
2.4550781,16.765987,6.2792906,17.002249,7.5514493
2.4570312,16.349897,6.9083247,16.576725,7.9640746
2.4589843,15.944567,7.2961654,16.158363,6.893063
2.4609375,15.533217,6.2727685,15.781651,6.2777161
2.4628906,15.126689,5.588593,15.374402,6.8107161
2.4648437,14.720761,5.8278479,14.962784,7.0819416
2.4667968,14.297974,6.6843967,14.538808,6.1141929
2.46875,13.864649,6.2995657,14.115556,5.743011
2.4707031,13.445288,4.5796108,13.712498,6.2526636
2.4726562,13.048084,4.4644899,13.275037,5.876029
2.4746093,12.630094,5.4575762,12.853677,5.4070015
2.4765625,12.183282,5.5298252,12.434068,5.3424868
2.4785156,11.768377,4.7161483,12.008039,5.1431565
2.4804687,11.334776,3.7282781,11.59581,5.3285956
2.4824218,10.906002,3.6698026,11.130804,4.7113814
2.484375,10.481038,4.4789099,10.698272,3.8026511
2.4863281,10.033645,3.7953167,10.302442,4.3474454
2.4882812,9.604494,2.8780951,9.861516,4.7118663
2.4902343,9.1833486,2.9224987,9.4550647,3.8460371
2.4921875,8.747364,2.9219441,9.0073814,3.0175697
2.4941406,8.2983875,3.096704,8.5438175,3.0417375
2.4960937,7.8472828,2.2713735,8.1412706,3.6952085
2.4980468,7.4150228,1.467465,7.6788387,3.2077872
2.5,6.9785842,1.6342468,7.2116351,1.9144214
2.5019531,6.5093035,1.840998,6.7855548,2.1912746
2.5039062,6.0926179,1.0533024,6.3457865,2.7862823
2.5058593,5.6495451,0.28844494,5.8979449,2.0259046
2.5078125,5.1888952,0.59635204,5.4665994,0.99914885
2.5097656,4.7639012,0.23192018,5.0181264,0.91662675
2.5117187,4.2969956,-0.48871121,4.5625758,1.0756038
2.5136718,3.8406131,-0.45520735,4.0966572,0.71402001
2.515625,3.3960328,0.043520145,3.6405458,0.29651517
2.5175781,2.9458844,-0.12205678,3.223777,-0.27557659
2.5195312,2.500823,-0.46212804,2.7802422,-0.47847673
2.5214843,2.0417559,-0.30617967,2.3357815,0.072834276
2.5234375,1.5875421,-0.13845108,1.8662961,-0.097691469
2.5253906,1.1461868,-0.21840821,1.3735427,-0.4807516
2.5273437,0.67725641,-0.66931969,0.94850391,0.078948468
2.5292968,0.22755049,-0.4770326,0.51178998,0.080045104
2.53125,-0.22348347,0.44291994,0.019669816,-0.43683195
2.5332031,-0.70460069,-0.035710491,-0.44091392,-0.13657716
2.5351562,-1.1559721,-1.0483969,-0.90293741,-0.28201959
2.5371093,-1.6054835,-0.57336175,-1.354573,-0.54099619
2.5390625,-2.06149,-0.36377963,-1.7756891,0.34572789
2.5410156,-2.5194683,-1.5109744,-2.2312641,0.19304217
2.5429687,-2.9662473,-2.6857826,-2.7011351,-0.82341707
2.5449218,-3.4142313,-2.4222815,-3.1795573,-1.223213
2.546875,-3.8666496,-2.1412251,-3.6217715,-0.92556942
2.5488281,-4.3201766,-3.4288699,-4.0485744,-0.6991111
2.5507812,-4.7689948,-4.4963417,-4.5315618,-2.0446255
2.5527343,-5.2183675,-3.9970903,-4.9925408,-3.391839
2.5546875,-5.6877913,-3.8006591,-5.4239106,-2.8914735
2.5566406,-6.1254434,-4.937447,-5.8796143,-2.5173118
2.5585937,-6.572442,-5.7980203,-6.3388419,-3.9821414
2.5605468,-7.0451936,-5.3571171,-6.7813935,-4.6611375
2.5625,-7.5074501,-5.2537336,-7.2210354,-4.3122615
2.5644531,-7.9632158,-6.529365,-7.7063384,-4.3820681
2.5664062,-8.4117078,-6.690947,-8.1848068,-4.9546103
2.5683593,-8.8651247,-6.0726895,-8.6265649,-6.1151795
2.5703125,-9.3127527,-6.8265395,-9.0556755,-5.827445
2.5722656,-9.7755785,-7.8262949,-9.4850149,-5.3271303
2.5742187,-10.237172,-7.3796491,-9.9389886,-6.3273291
2.5761718,-10.680317,-7.1375489,-10.423771,-7.1221432
2.578125,-11.129184,-8.4627304,-10.921578,-6.9888839
2.5800781,-11.577232,-8.7089033,-11.365298,-6.7051019
2.5820312,-12.046462,-7.8297843,-11.789878,-7.2005324
2.5839843,-12.497827,-8.2879409,-12.194303,-7.9445433
2.5859375,-12.931584,-9.5138254,-12.639133,-8.1059045
2.5878906,-13.39962,-9.3616771,-13.141321,-7.6710372
2.5898437,-13.860638,-8.5295686,-13.599515,-7.8819546
2.5917968,-14.312835,-9.3907518,-14.031228,-8.9198999
2.59375,-14.754479,-10.395378,-14.476497,-9.0945606
2.5957031,-15.195699,-10.189754,-14.933715,-8.4032335
2.5976562,-15.667804,-9.6817712,-15.363173,-8.7969703
2.5996093,-16.114477,-9.8596706,-15.801427,-10.20675
2.6015625,-16.56156,-10.918564,-16.241829,-10.011424
2.6035156,-17.016417,-11.078872,-16.646812,-8.7373075
2.6054687,-17.460052,-10.691923,-17.101677,-9.3948011
2.6074218,-17.90764,-10.782513,-17.564869,-11.200883
2.609375,-18.360189,-11.244432,-18.003756,-10.791114
2.6113281,-18.820492,-11.465747,-18.46348,-9.6401929
2.6132812,-19.251295,-11.769835,-18.905519,-10.43934
2.6152343,-19.704477,-12.14371,-19.353983,-11.476359
2.6171875,-20.162689,-11.602889,-19.771168,-10.952405
2.6191406,-20.58746,-11.962367,-20.192886,-10.625747
2.6210937,-21.035091,-12.841923,-20.634785,-11.992741
2.6230468,-21.489264,-12.333953,-21.066021,-11.983062
2.625,-21.922316,-12.0866,-21.5266,-10.966969
2.6269531,-22.360065,-13.025273,-21.957376,-12.006915
2.6289062,-22.80722,-13.248677,-22.366352,-12.818934
2.6308593,-23.232994,-12.697712,-22.770929,-11.964307
2.6328125,-23.650629,-13.198027,-23.197327,-11.640616
2.6347656,-24.095882,-13.855331,-23.636341,-12.728943
2.6367187,-24.512732,-13.468535,-24.049425,-13.548623
2.6386718,-24.925505,-13.152924,-24.492819,-12.515313
2.640625,-25.376078,-13.914769,-24.927509,-12.093113
2.6425781,-25.791983,-14.464426,-25.314789,-13.668919
2.6445312,-26.191286,-13.835052,-25.722462,-13.990071
2.6464843,-26.606833,-13.781062,-26.142849,-12.793576
2.6484375,-27.034046,-14.519956,-26.535795,-13.36194
2.6503906,-27.45998,-14.867586,-26.93189,-14.751986
2.6523437,-27.843782,-14.896604,-27.334915,-13.594583
2.6542968,-28.230459,-14.731515,-27.73432,-12.707244
2.65625,-28.652367,-14.507958,-28.137205,-14.470695
2.6582031,-29.045116,-14.860922,-28.517916,-15.519794
2.6601562,-29.42919,-15.616049,-28.907013,-14.044786
2.6621093,-29.811026,-15.676941,-29.317669,-13.216498
2.6640625,-30.201637,-15.005228,-29.704676,-15.102013
2.6660156,-30.594872,-15.274097,-30.083025,-16.068462
2.6679687,-30.94096,-16.284237,-30.446384,-14.512449
2.6699218,-31.305122,-16.250971,-30.811646,-13.677138
2.671875,-31.692583,-15.473508,-31.189459,-15.482072
2.6738281,-32.049007,-15.625526,-31.540937,-16.659594
2.6757812,-32.397533,-16.80282,-31.900038,-15.099746
2.6777343,-32.747707,-16.957338,-32.266956,-14.506343
2.6796875,-33.088551,-16.203495,-32.612156,-15.975446
2.6816406,-33.432217,-16.005224,-32.956821,-16.728645
2.6835937,-33.765759,-17.054365,-33.292171,-15.74074
2.6855468,-34.081814,-17.768904,-33.610973,-15.254665
2.6875,-34.388504,-16.737137,-33.942783,-16.491087
2.6894531,-34.705025,-16.404505,-34.261642,-16.932875
2.6914062,-35.019787,-17.488747,-34.565945,-16.032976
2.6933593,-35.301807,-17.983379,-34.886272,-15.992725
2.6953125,-35.594833,-17.240259,-35.205704,-17.120724
2.6972656,-35.89534,-17.045305,-35.490784,-17.122795
2.6992187,-36.160439,-17.949303,-35.767384,-16.364702
2.7011718,-36.419811,-18.272938,-36.066814,-16.749664
2.703125,-36.682571,-17.750511,-36.348175,-17.295141
2.7050781,-36.941898,-17.435999,-36.614174,-17.210684
2.7070312,-37.169205,-18.108839,-36.855774,-17.00926
2.7089843,-37.394531,-18.690598,-37.113728,-17.26614
2.7109375,-37.62394,-18.279598,-37.35862,-17.544508
2.7128906,-37.835411,-18.024092,-37.587334,-17.520796
2.7148437,-38.042076,-18.419104,-37.818367,-17.505796
2.7167968,-38.222797,-18.927542,-37.998577,-17.537283
2.71875,-38.416695,-18.716448,-38.21154,-17.689981
2.7207031,-38.589951,-18.243866,-38.416691,-17.82634
2.7226562,-38.756599,-18.650106,-38.586418,-17.886553
2.7246093,-38.920277,-19.125572,-38.763012,-17.831982
2.7265625,-39.052689,-18.87307,-38.92001,-17.787783
2.7285156,-39.18758,-18.543045,-39.067604,-17.989399
2.7304687,-39.309727,-18.861805,-39.205692,-18.219711
2.7324218,-39.422207,-19.396322,-39.325996,-18.198587
2.734375,-39.52504,-19.289499,-39.453751,-18.087812
2.7363281,-39.626465,-18.92893,-39.555798,-18.237114
2.7382812,-39.710869,-19.117897,-39.644707,-18.5172
2.7402343,-39.791992,-19.531137,-39.731659,-18.445862
2.7421875,-39.8708,-19.392611,-39.797215,-18.298624
2.7441406,-39.927063,-19.058323,-39.885811,-18.493519
2.7460937,-39.983376,-19.237881,-39.948326,-18.727833
2.7480468,-40.039444,-19.571203,-39.98793,-18.607412
2.75,-40.087666,-19.503429,-40.045368,-18.351858
2.7519531,-40.119709,-19.251492,-40.084587,-18.515738
2.7539062,-40.151802,-19.225271,-40.104927,-18.826101
2.7558593,-40.171013,-19.487787,-40.129395,-18.71796
2.7578125,-40.180855,-19.573809,-40.145,-18.447779
2.7597656,-40.199978,-19.454823,-40.154388,-18.808699
2.7617187,-40.192387,-19.5107,-40.158478,-19.056715
2.7636718,-40.192169,-19.303606,-40.158001,-18.80336
2.765625,-40.188408,-19.115969,-40.156525,-18.702696
2.7675781,-40.175926,-18.899759,-40.152309,-18.456039
2.7695312,-40.181385,-18.607372,-40.163296,-18.165558
2.7714843,-40.156818,-19.110783,-40.16114,-17.824345
2.7734375,-40.123497,-19.371025,-40.145367,-18.091619
2.7753906,-40.096233,-18.627838,-40.118507,-18.675953
2.7773437,-40.074722,-18.275095,-40.086693,-18.191643
2.7792968,-40.034866,-18.988747,-40.054638,-17.561359
2.78125,-39.972305,-19.262897,-40.016552,-17.954556
2.7832031,-39.926998,-18.35457,-39.959846,-18.483145
2.7851562,-39.870991,-17.980152,-39.882084,-18.004221
2.7871093,-39.805885,-18.813778,-39.817234,-17.410522
2.7890625,-39.735008,-19.0679,-39.75602,-17.821157
2.7910156,-39.651649,-18.078669,-39.686024,-18.377222
2.7929687,-39.579212,-17.677238,-39.586697,-17.877155
2.7949218,-39.491581,-18.481779,-39.508217,-17.146904
2.796875,-39.389038,-18.709784,-39.4277,-17.439701
2.7988281,-39.295818,-17.753185,-39.327717,-18.0275
2.8007812,-39.185009,-17.36261,-39.229664,-17.566658
2.8027343,-39.065865,-18.155636,-39.113022,-16.759031
2.8046875,-38.947792,-18.286266,-39.01067,-16.995138
2.8066406,-38.819447,-17.365152,-38.884247,-17.553802
2.8085937,-38.698227,-17.127419,-38.767399,-17.226988
2.8105468,-38.561264,-17.786856,-38.671562,-16.386543
2.8125,-38.410255,-17.803785,-38.530392,-16.405727
2.8144531,-38.274204,-16.922829,-38.382534,-17.065374
2.8164062,-38.137238,-16.769854,-38.240913,-16.791859
2.8183593,-37.983646,-17.42877,-38.09021,-16.061834
2.8203125,-37.813698,-17.257883,-37.921379,-16.22373
2.8222656,-37.64238,-16.429792,-37.741924,-16.688658
2.8242187,-37.469608,-16.3703,-37.587177,-16.367807
2.8261718,-37.289494,-16.948856,-37.410385,-15.755915
2.828125,-37.115261,-16.877783,-37.214397,-15.874945
2.8300781,-36.931435,-16.115408,-37.028759,-16.162024
2.8320312,-36.734032,-15.983155,-36.830082,-15.831425
2.8339843,-36.535175,-16.382631,-36.624935,-15.429842
2.8359375,-36.326393,-16.201763,-36.434322,-15.430011
2.8378906,-36.129299,-15.72968,-36.240509,-15.678503
2.8398437,-35.919201,-15.676853,-36.024174,-15.42829
2.8417968,-35.71196,-15.812528,-35.815521,-14.952545
2.84375,-35.500607,-15.67795,-35.603752,-14.901783
2.8457031,-35.269882,-15.233088,-35.369099,-15.175598
2.8476562,-35.057442,-15.105132,-35.143085,-15.632064
2.8496093,-34.829811,-15.164627,-34.926891,-15.002103
2.8515625,-34.592445,-15.174753,-34.700787,-13.874361
2.8535156,-34.359104,-15.807243,-34.480034,-14.166151
2.8554687,-34.115868,-15.273448,-34.235828,-14.995119
2.8574218,-33.870087,-13.690451,-33.997051,-14.481833
2.859375,-33.646305,-13.959303,-33.786854,-13.390099
2.8613281,-33.403381,-15.219294,-33.541943,-13.645864
2.8632812,-33.140022,-14.716259,-33.299316,-14.406473
2.8652343,-32.893101,-13.074682,-33.047943,-13.889419
2.8671875,-32.644569,-13.320927,-32.786499,-12.886382
2.8691406,-32.377102,-14.687684,-32.535076,-13.150291
2.8710937,-32.093121,-14.207399,-32.268803,-13.850452
2.8730468,-31.832977,-12.711285,-32.011108,-13.374452
2.875,-31.559654,-12.926561,-31.71944,-12.483016
2.8769531,-31.265079,-14.055784,-31.443285,-12.627438
2.8789062,-30.979519,-13.536604,-31.187597,-13.145488
2.8808593,-30.688604,-12.236438,-30.884283,-12.84252
2.8828125,-30.404789,-12.615109,-30.590233,-12.181236
2.8847656,-30.094536,-13.571435,-30.293449,-12.100935
2.8867187,-29.779707,-12.788688,-29.986588,-12.418512
2.8886718,-29.480787,-11.724896,-29.673203,-12.242716
2.890625,-29.168348,-12.095333,-29.36587,-11.76112
2.8925781,-28.85557,-12.800607,-29.065693,-11.637298
2.8945312,-28.525558,-12.343445,-28.745741,-11.900048
2.8964843,-28.200182,-11.292336,-28.42931,-11.765743
2.8984375,-27.882963,-11.451547,-28.120417,-11.145674
2.9003906,-27.547073,-12.179483,-27.7941,-10.977196
2.9023437,-27.209366,-11.702393,-27.453976,-11.181007
2.9042968,-26.869137,-10.74031,-27.108923,-11.068126
2.90625,-26.524853,-11.001159,-26.737345,-10.591058
2.9082031,-26.175539,-11.548276,-26.393438,-10.562677
2.9101562,-25.825768,-11.035572,-26.042948,-10.795335
2.9121093,-25.469482,-10.259684,-25.682299,-10.565253
2.9140625,-25.093021,-10.400533,-25.34543,-10.292468
2.9160156,-24.739578,-11.024514,-24.977985,-9.9833955
2.9179687,-24.379421,-10.435016,-24.587502,-9.820405
2.9199218,-23.982784,-9.5763607,-24.20916,-10.006969
2.921875,-23.614967,-9.8852424,-23.856819,-9.6162538
2.9238281,-23.250376,-10.420122,-23.490568,-9.3407831
2.9257812,-22.849667,-9.9106569,-23.112488,-9.573244
2.9277343,-22.455437,-8.8702955,-22.717764,-9.2991552
2.9296875,-22.077492,-9.1501264,-22.316442,-8.8330135
2.9316406,-21.681036,-9.9483242,-21.923012,-8.8277416
2.9335937,-21.281284,-9.4082641,-21.518391,-9.1434679
2.9355468,-20.880219,-8.3954963,-21.123919,-8.6091299
2.9375,-20.483702,-8.5113573,-20.741552,-8.0733242
2.9394531,-20.082336,-9.1439638,-20.348845,-8.392127
2.9414062,-19.659346,-8.7258281,-19.932289,-8.4074449
2.9433593,-19.265884,-7.5779948,-19.526926,-7.8694934
2.9453125,-18.868395,-7.5999364,-19.156755,-7.4067974
2.9472656,-18.433323,-8.6692209,-18.746782,-7.7527141
2.9492187,-18.018848,-8.2749414,-18.30847,-7.7320742
2.9511718,-17.607502,-6.6495099,-17.871086,-6.9998221
2.953125,-17.16667,-6.673387,-17.455107,-6.7768116
2.9550781,-16.742682,-8.0352392,-17.057404,-6.92699
2.9570312,-16.327621,-7.5621752,-16.627089,-6.9137964
2.9589843,-15.908567,-5.9342122,-16.205347,-6.4816727
2.9609375,-15.457527,-6.237061,-15.779135,-5.9796247
2.9628906,-15.01445,-7.2258219,-15.356088,-5.9852004
2.9648437,-14.613456,-6.3882026,-14.938478,-6.0790987
2.9667968,-14.177261,-5.2157173,-14.514739,-5.7240462
2.96875,-13.711903,-5.7549786,-14.067958,-5.2910885
2.9707031,-13.250887,-6.3619051,-13.634938,-5.1120152
2.9726562,-12.82686,-5.256762,-13.216223,-5.1546473
2.9746093,-12.393852,-4.3804826,-12.757204,-4.903747
2.9765625,-11.928131,-4.9963526,-12.308692,-4.4930644
2.9785156,-11.465564,-5.3261914,-11.878094,-4.2322683
2.9804687,-11.016177,-4.4857497,-11.44062,-4.1095566
2.9824218,-10.583486,-3.8179397,-10.975324,-3.8644776
2.984375,-10.126529,-4.0641665,-10.521217,-3.49404
2.9863281,-9.6621933,-4.0221452,-10.079226,-3.3714587
2.9882812,-9.2090854,-3.2320718,-9.6400136,-2.8208465
2.9902343,-8.737854,-2.8021361,-9.1981754,-2.6407961
2.9921875,-8.273261,-3.1385736,-8.7250042,-2.9574623
2.9941406,-7.8206005,-2.9632349,-8.2558059,-2.2438387
2.9960937,-7.3549852,-2.2697944,-7.8161115,-1.3459575
2.9980468,-6.886136,-1.8544073,-7.3833293,-1.3151104
3.0,-6.4104795,-1.5911861,-6.9019718,-1.5075999
3.0019531,-5.9565787,-1.6188515,-6.4263525,-1.1195387
3.0039062,-5.5024395,-1.2910771,-5.9702768,-0.26300931
3.0058593,-5.030384,-0.45088997,-5.5159702,-0.12349853
3.0078125,-4.5706048,-0.44527707,-5.0555481,-0.38212261
3.0097656,-4.0883712,-0.63229716,-4.5631914,0.22768648
3.0117187,-3.6241583,0.32519364,-4.1031684,0.8357265
3.0136718,-3.176615,1.1706934,-3.6400218,0.22468936
3.015625,-2.700385,0.59117836,-3.1753327,-0.46939087
3.0175781,-2.2167825,-0.40660942,-2.7025897,0.33622384
3.0195312,-1.7528283,0.39423797,-2.2319719,1.0208723
3.0214843,-1.27749,1.3273876,-1.780858,0.39361918
3.0234375,-0.7843501,0.04930855,-1.2864617,0.07892967
3.0253906,-0.3231574,-0.43780768,-0.81276679,0.38663855
3.0273437,0.16648801,1.0769007,-0.31878212,0.26794779
3.0292968,0.64764106,1.617577,0.17847708,0.1080968
3.03125,1.1100148,-0.12874566,0.63313013,0.32096052
3.0332031,1.5889935,-1.1120616,1.1040924,0.44990051
3.0351562,2.0819873,0.59133756,1.5719405,0.73018509
3.0371093,2.5853748,1.6977055,2.0529146,0.85949296
3.0390625,3.0359931,0.93051338,2.5385825,1.6416411
3.0410156,3.4996538,0.50954336,3.0000474,2.7358577
3.0429687,3.9841561,2.0040781,3.4792928,2.6639709
3.0449218,4.4859118,3.3372674,3.9556887,2.7711095
3.046875,4.9881339,2.5357306,4.4160766,3.2729938
3.0488281,5.4265575,2.538536,4.923366,4.1135878
3.0507812,5.8917431,4.1259031,5.4039621,4.4653825
3.0527343,6.422522,4.6150379,5.8687777,3.9744336
3.0546875,6.9038457,4.0549087,6.3576326,4.8147978
3.0566406,7.3428769,4.5069742,6.8156313,6.0186491
3.0585937,7.8250961,5.8375959,7.2950892,5.7018132
3.0605468,8.3174362,5.9926605,7.7761917,5.3284087
3.0625,8.812478,5.3722891,8.2519521,6.4283566
3.0644531,9.2659549,6.0757288,8.7420139,7.1211266
3.0664062,9.7283191,6.8865466,9.1992864,6.6112632
3.0683593,10.251952,6.9251713,9.6804037,6.7966008
3.0703125,10.711033,6.9664263,10.15644,7.6775322
3.0722656,11.134504,7.0515408,10.601743,7.9658703
3.0742187,11.634158,7.8302855,11.097691,7.6215744
3.0761718,12.138895,8.2940826,11.570653,8.0499086
3.078125,12.593258,8.0838308,12.033058,8.8648757
3.0800781,13.011349,8.3057155,12.506889,8.6396522
3.0820312,13.439164,8.6702365,12.977263,8.5861549
3.0839843,13.918794,9.0911369,13.461305,9.3018932
3.0859375,14.404036,9.2690305,13.901068,9.4349393
3.0878906,14.869548,9.0414381,14.367377,9.287074
3.0898437,15.288989,9.6290636,14.851177,9.6463003
3.0917968,15.742123,10.265457,15.304709,10.542781
3.09375,16.220596,9.8103704,15.769376,10.521955
3.0957031,16.713627,9.8598232,16.217197,9.7482338
3.0976562,17.154087,10.549973,16.671164,10.166235
3.0996093,17.539152,10.772713,17.148071,11.303612
3.1015625,18.037359,10.60399,17.594616,11.729155
3.1035156,18.520863,10.867289,18.045536,10.522538
3.1054687,18.93903,11.621792,18.50631,10.635285
3.1074218,19.353813,11.461584,18.944984,12.255048
3.109375,19.849485,11.01305,19.385933,12.466146
3.1113281,20.333424,11.763215,19.835814,11.486938
3.1132812,20.71698,12.258582,20.275312,11.460752
3.1152343,21.151539,11.939845,20.720648,12.885433
3.1171875,21.607376,12.018089,21.15983,12.727544
3.1191406,22.043858,12.519161,21.581625,12.181801
3.1210937,22.432911,13.041871,22.025955,12.773619
3.1230468,22.8582,12.729489,22.443464,13.277747
3.125,23.301153,12.492553,22.879036,13.081436
3.1269531,23.673901,13.309986,23.297167,12.866988
3.1289062,24.082373,13.471868,23.702061,13.731809
3.1308593,24.50527,13.035748,24.145018,13.921364
3.1328125,24.909607,13.426751,24.555254,13.403343
3.1347656,25.274178,14.026392,24.967352,13.448046
3.1367187,25.670446,13.855186,25.371416,14.350943
3.1386718,26.099985,13.800045,25.781954,14.756506
3.140625,26.488552,14.194518,26.185503,13.850891
3.1425781,26.878012,14.412143,26.566381,13.917208
3.1445312,27.265554,14.256543,26.966476,14.958078
3.1464843,27.645023,14.185028,27.367195,15.355362
3.1484375,28.012955,14.747421,27.73731,14.548859
3.1503906,28.386904,14.89889,28.115576,14.361644
3.1523437,28.771563,14.765496,28.498772,15.428701
3.1542968,29.140415,15.176789,28.850204,15.621749
3.15625,29.488453,15.274965,29.208721,15.272962
3.1582031,29.838642,15.065825,29.575075,15.42845
3.1601562,30.194609,15.280662,29.925657,16.00647
3.1621093,30.553728,15.684092,30.277203,15.977746
3.1640625,30.876583,15.823072,30.628565,15.506361
3.1660156,31.20574,15.795519,30.959862,15.911321
3.1679687,31.561647,15.759516,31.291222,16.600565
3.1699218,31.879726,15.900269,31.631088,16.612684
3.171875,32.171787,16.375631,31.959417,16.123896
3.1738281,32.487278,16.518646,32.258625,16.412992
3.1757812,32.822857,16.295916,32.571758,17.20937
3.1777343,33.103546,16.279039,32.865883,17.029903
3.1796875,33.38855,16.624157,33.16193,16.588339
3.1816406,33.685841,17.017147,33.490776,17.01005
3.1835937,33.962315,16.867197,33.777454,17.601294
3.1855468,34.230003,16.751881,34.055241,17.467123
3.1875,34.492393,17.128706,34.328991,17.150869
3.1894531,34.769863,17.4389,34.616226,17.409281
3.1914062,35.039177,17.35006,34.882893,18.012268
3.1933593,35.279869,17.248215,35.104259,18.055113
3.1953125,35.509678,17.463594,35.360973,17.703421
3.1972656,35.763138,17.691591,35.607758,17.87442
3.1992187,36.002254,17.804756,35.839905,18.440273
3.2011718,36.225086,17.83042,36.079952,18.566444
3.203125,36.446583,17.877619,36.306606,18.160648
3.2050781,36.644279,18.157082,36.527271,18.188993
3.2070312,36.840187,18.135532,36.730534,18.741896
3.2089843,37.051632,18.130871,36.933598,19.02594
3.2109375,37.264225,18.83177,37.124874,18.691288
3.2128906,37.452702,18.837227,37.325424,18.443241
3.2148437,37.620644,17.942404,37.533379,19.159615
3.2167968,37.803246,17.888123,37.699509,19.650631
3.21875,37.996117,18.880615,37.886425,18.880434
3.2207031,38.16991,19.263311,38.070019,18.38792
3.2226562,38.322922,18.384489,38.215225,19.184715
3.2246093,38.471687,17.992071,38.385132,19.760498
3.2265625,38.631397,18.901039,38.518559,19.137409
3.2285156,38.773781,19.488012,38.65033,18.724712
3.2304687,38.879189,18.816723,38.809422,19.399477
3.2324218,38.998062,18.251396,38.937294,20.003914
3.234375,39.114506,18.986197,39.055386,19.473669
3.2363281,39.208607,19.801867,39.136219,18.867983
3.2382812,39.315075,19.243591,39.225685,19.382254
3.2402343,39.401115,18.493557,39.330826,20.088472
3.2421875,39.464581,19.0571,39.412098,19.923712
3.2441406,39.549419,19.841156,39.490993,19.371336
3.2460937,39.626148,19.438908,39.556534,19.495846
3.2480468,39.680214,18.805721,39.615849,20.011368
3.25,39.734299,19.148956,39.67313,19.96196
3.2519531,39.771744,19.749786,39.728443,19.542278
3.2539062,39.812889,19.541048,39.781609,19.604801
3.2558593,39.85825,18.992018,39.817268,20.050827
3.2578125,39.873634,19.221073,39.839634,19.983046
3.2597656,39.896545,19.7834,39.868813,19.522501
3.2617187,39.921097,19.568211,39.893162,19.610727
3.2636718,39.918736,19.176796,39.880016,20.179213
3.265625,39.925789,19.323338,39.878796,20.125526
3.2675781,39.922794,19.406948,39.895081,19.844379
3.2695312,39.925003,18.976063,39.885838,19.857281
3.2714843,39.937931,17.73567,39.892841,19.485445
3.2734375,39.922756,16.900511,39.899536,18.382465
3.2753906,39.893547,17.708185,39.882221,17.336828
3.2773437,39.857029,18.337923,39.862553,17.859255
3.2792968,39.815979,17.519182,39.817043,18.828386
3.28125,39.759628,16.858334,39.767967,18.337355
3.2832031,39.698929,17.60434,39.714451,17.475271
3.2851562,39.627274,18.228964,39.650078,17.92037
3.2871093,39.550205,17.486902,39.591473,18.757935
3.2890625,39.479267,16.81554,39.501259,18.283501
3.2910156,39.382965,17.440788,39.414474,17.304024
3.2929687,39.288994,18.008615,39.314316,17.614477
3.2949218,39.187943,17.189682,39.20443,18.532209
3.296875,39.079529,16.453218,39.109283,18.176998
3.2988281,38.969437,17.051311,38.99593,17.207829
3.3007812,38.842682,17.688801,38.894581,17.377926
3.3027343,38.733643,16.966713,38.788002,18.189802
3.3046875,38.605255,16.067783,38.677589,17.911806
3.3066406,38.474457,16.575121,38.554626,16.788263
3.3085937,38.334415,17.147825,38.420433,16.666103
3.3105468,38.181187,16.533258,38.304535,17.484467
3.3125,38.046795,15.854662,38.178913,17.449438
3.3144531,37.887531,16.296473,38.017929,16.529654
3.3164062,37.726151,16.826176,37.864285,16.323988
3.3183593,37.567463,16.204926,37.722816,16.890253
3.3203125,37.401245,15.698164,37.559181,16.949972
3.3222656,37.22953,16.186193,37.402805,16.329233
3.3242187,37.051388,16.42399,37.236713,16.026958
3.3261718,36.878601,15.637231,37.060593,16.347017
3.328125,36.704033,15.086188,36.878147,16.436934
3.3300781,36.526955,15.627053,36.676155,15.983875
3.3320312,36.34753,15.987548,36.483166,15.712913
3.3339843,36.149014,15.182515,36.303131,15.889088
3.3359375,35.949944,14.592591,36.10442,15.962552
3.3378906,35.760067,15.124029,35.893826,15.664327
3.3398437,35.560749,15.428939,35.671856,15.310196
3.3417968,35.352562,14.854127,35.453869,15.298273
3.34375,35.140072,14.349223,35.249393,15.516324
3.3457031,34.937199,14.500293,35.020428,15.325942
3.3476562,34.718979,14.853875,34.803391,14.825637
3.3496093,34.484295,14.618316,34.582973,14.809713
3.3515625,34.257286,13.791782,34.344128,14.927096
3.3535156,34.027199,13.921128,34.119495,14.638982
3.3554687,33.784302,14.459497,33.874176,14.455397
3.3574218,33.537289,13.942281,33.622566,14.473079
3.359375,33.298939,13.427504,33.384155,14.2963
3.3613281,33.04678,13.549772,33.133701,14.101707
3.3632812,32.786354,13.810039,32.867832,14.056259
3.3652343,32.528816,13.54294,32.610043,13.909794
3.3671875,32.2672,12.85553,32.35965,13.683802
3.3691406,31.997293,12.920758,32.088432,13.645263
3.3710937,31.724598,13.515552,31.818607,13.658878
3.3730468,31.445581,13.039957,31.543808,13.355339
3.375,31.148792,12.33089,31.274797,13.063541
3.3769531,30.870708,12.638257,30.991825,13.139252
3.3789062,30.586601,12.820987,30.696753,13.176035
3.3808593,30.278648,12.416338,30.405336,12.818622
3.3828125,29.981558,11.989985,30.112831,12.315481
3.3847656,29.68041,12.105745,29.826326,12.599308
3.3867187,29.36797,12.341703,29.508709,13.040845
3.3886718,29.056427,11.83954,29.210569,12.210417
3.390625,28.738527,11.350975,28.905628,11.616029
3.3925781,28.420305,11.752142,28.612463,12.195664
3.3945312,28.102619,12.017495,28.30393,12.263591
3.3964843,27.76252,11.316356,27.965927,11.595036
3.3984375,27.438234,10.918026,27.668098,11.301314
3.4003906,27.106846,11.28582,27.340469,11.619603
3.4023437,26.754736,11.491152,27.004869,11.766464
3.4042968,26.426298,10.869763,26.678032,11.006125
3.40625,26.083748,10.448603,26.351105,10.50966
3.4082031,25.740316,10.715607,26.01585,11.119205
3.4101562,25.396587,10.569229,25.650604,11.314915
3.4121093,25.052307,10.261348,25.297718,10.508425
3.4140625,24.699015,10.113613,24.951191,10.476502
3.4160156,24.342339,10.064424,24.580074,10.765864
3.4179687,23.993332,9.8415927,24.225151,9.8947067
3.4199218,23.613663,9.8802776,23.876114,9.8270959
3.421875,23.25469,9.7599868,23.499357,10.704906
3.4238281,22.895685,9.3126783,23.131525,10.155433
3.4257812,22.530136,9.3715724,22.774233,9.1783275
3.4277343,22.158028,9.2833719,22.394686,9.4823589
3.4296875,21.768578,9.235567,22.016821,9.7837429
3.4316406,21.387629,8.7616939,21.649359,9.2867698
3.4335937,21.01351,8.5082292,21.275709,8.8254232
3.4355468,20.643719,8.9610891,20.8915,9.1180057
3.4375,20.248543,8.6299047,20.488108,9.1821928
3.4394531,19.862751,7.9328446,20.092403,8.3870239
3.4414062,19.478655,7.8784704,19.717949,8.2259798
3.4433593,19.087116,8.3467617,19.334299,8.670516
3.4453125,18.694069,7.8498268,18.921427,8.520648
3.4472656,18.297871,6.8438453,18.540665,7.710463
3.4492187,17.908047,7.5149331,18.159321,7.2867174
3.4511718,17.494316,8.4478492,17.734486,8.1813621
3.453125,17.081785,7.0740919,17.321787,8.3117141
3.4550781,16.691698,5.7222523,16.907818,6.7169027
3.4570312,16.282513,6.83954,16.508776,6.7467513
3.4589843,15.866708,7.4679684,16.111156,7.8224372
3.4609375,15.460805,6.0315618,15.701557,7.1808872
3.4628906,15.047951,5.5345921,15.285621,6.0088634
3.4648437,14.642422,6.3413176,14.867599,6.4249682
3.4667968,14.213192,6.2303428,14.460659,6.9371333
3.46875,13.794195,5.3659091,14.041619,5.7200865
3.4707031,13.382854,4.9069318,13.615592,5.5351285
3.4726562,12.943095,5.3555755,13.201746,6.2560215
3.4746093,12.530263,5.4749307,12.797347,5.6606583
3.4765625,12.099535,4.4670238,12.362546,4.5236945
3.4785156,11.682092,3.8553674,11.939912,4.8737993
3.4804687,11.269711,4.3816824,11.504794,6.0581717
3.4824218,10.803008,4.8310408,11.083985,4.8394575
3.484375,10.37152,3.7976737,10.669722,3.0073616
3.4863281,9.9586992,2.5675811,10.194014,3.8884761
3.4882812,9.5227737,3.0787463,9.7818098,5.2413377
3.4902343,9.0678815,3.7063407,9.3709926,3.9257357
3.4921875,8.6322021,2.9947292,8.926774,2.4851179
3.4941406,8.2167587,1.9758911,8.491105,2.9235415
3.4960937,7.772809,1.6571704,8.0674276,3.4766373
3.4980468,7.3223419,1.9306036,7.6146111,3.094788
3.5,6.8785414,1.8720114,7.1196746,2.2547209
3.5019531,6.4515934,1.1503043,6.6821689,1.9419109
3.5039062,6.0095005,0.46179166,6.2648062,1.8537401
3.5058593,5.5534153,0.59479243,5.8430175,1.8002693
3.5078125,5.114963,0.40528506,5.3911638,1.2855831
3.5097656,4.6616334,-0.55768728,4.9383177,0.71019322
3.5117187,4.2046032,-0.2976194,4.4805893,0.7441752
3.5136718,3.770405,0.16753018,4.0354766,0.32429492
3.515625,3.3258609,-0.38790992,3.6130139,-0.12530524
3.5175781,2.8681902,-0.6409899,3.1244235,-0.054406155
3.5195312,2.4188981,-0.13103706,2.6841614,-0.072179168
3.5214843,1.9617131,0.3034935,2.2598414,-0.3038927
3.5234375,1.5131955,-0.30638531,1.7842149,-0.54522824
3.5253906,1.0582575,-0.84198546,1.3364687,0.030748917
3.5273437,0.59916633,-0.64063078,0.8847549,0.30712521
3.5292968,0.15308118,0.071933404,0.42102885,-0.33779657
3.53125,-0.30315843,0.3269648,-0.027132869,-0.48037279
3.5332031,-0.76315016,-0.47930309,-0.49538323,-0.15055008
3.5351562,-1.2272185,-0.73786604,-0.97921646,0.3236942
3.5371093,-1.6790442,-0.31420544,-1.4406049,-0.32396472
3.5390625,-2.1404721,-0.76076466,-1.8828694,-0.90717125
3.5410156,-2.5922606,-1.7853982,-2.3065393,-0.064750358
3.5429687,-3.0382943,-2.0341327,-2.7667243,0.02558287
3.5449218,-3.5192399,-2.0540525,-3.230333,-0.69991589
3.546875,-3.9778718,-2.5972211,-3.7143263,-1.3629682
3.5488281,-4.4297471,-3.5303149,-4.1861476,-1.2713139
3.5507812,-4.8724665,-3.6167514,-4.5879426,-1.5425207
3.5527343,-5.3135991,-3.452146,-5.042428,-2.7368509
3.5546875,-5.7885503,-4.8057098,-5.5231037,-2.8783769
3.5566406,-6.2444081,-5.3141694,-6.0109119,-3.1002388
3.5585937,-6.6945805,-4.6708226,-6.4513139,-3.7549915
3.5605468,-7.1452961,-4.9706277,-6.8909969,-3.9565184
3.5625,-7.5973658,-5.982265,-7.3798575,-4.2608423
3.5644531,-8.0606088,-6.7247595,-7.8008079,-4.7548451
3.5664062,-8.521079,-6.3165326,-8.2162332,-5.0754547
3.5683593,-8.9787626,-6.1120019,-8.6807193,-5.3870263
3.5703125,-9.4271106,-7.0830369,-9.1835136,-5.7651667
3.5722656,-9.8859081,-7.7246608,-9.6416549,-6.1149106
3.5742187,-10.343012,-7.336379,-10.051553,-6.3761405
3.5761718,-10.804346,-7.2714772,-10.513309,-6.4102129
3.578125,-11.259542,-7.8941922,-10.982864,-6.8145794
3.5800781,-11.708032,-8.751645,-11.453012,-7.1116938
3.5820312,-12.16539,-8.728816,-11.911994,-7.1890096
3.5839843,-12.623174,-7.9538955,-12.324878,-7.4994492
3.5859375,-13.086567,-8.745223,-12.764494,-7.9627542
3.5878906,-13.53037,-9.7821779,-13.241947,-8.2040176
3.5898437,-13.984968,-9.4750795,-13.692078,-8.099967
3.5917968,-14.436458,-9.0518522,-14.135488,-8.3262748
3.59375,-14.898156,-9.5263071,-14.598218,-8.8373222
3.5957031,-15.361924,-10.189479,-15.052235,-9.0516386
3.5976562,-15.799528,-10.305696,-15.502,-9.0091238
3.5996093,-16.253183,-10.261917,-15.940585,-9.1980218
3.6015625,-16.705803,-10.103032,-16.379425,-9.795721
3.6035156,-17.159798,-10.779931,-16.802149,-10.312099
3.6054687,-17.603289,-11.687956,-17.204401,-9.7557077
3.6074218,-18.044502,-11.029121,-17.65336,-9.6214895
3.609375,-18.492329,-10.353862,-18.101624,-10.590746
3.6113281,-18.949381,-11.649288,-18.523556,-10.986967
3.6132812,-19.382574,-12.615837,-18.965914,-10.542475
3.6152343,-19.823469,-11.622706,-19.427246,-10.341406
3.6171875,-20.287849,-11.444657,-19.884449,-11.432274
3.6191406,-20.72043,-12.253919,-20.326715,-11.860988
3.6210937,-21.157782,-12.750451,-20.769234,-10.967268
3.6230468,-21.588804,-12.604046,-21.203138,-10.904398
3.625,-22.040865,-12.052043,-21.643112,-12.07226
3.6269531,-22.491955,-12.529825,-22.053614,-12.680163
3.6289062,-22.91433,-13.63801,-22.447647,-11.960488
3.6308593,-23.336155,-13.724921,-22.876078,-11.805373
3.6328125,-23.766195,-12.716336,-23.296505,-12.54489
3.6347656,-24.213432,-12.850523,-23.716267,-12.638521
3.6367187,-24.630453,-14.029569,-24.127888,-12.608158
3.6386718,-25.048166,-13.945672,-24.533655,-13.127969
3.640625,-25.474369,-13.298887,-24.966513,-13.121183
3.6425781,-25.900446,-13.744527,-25.379776,-13.057873
3.6445312,-26.326292,-14.773122,-25.771496,-13.183614
3.6464843,-26.714029,-14.772359,-26.199232,-13.374124
3.6484375,-27.125929,-14.046071,-26.608112,-13.590819
3.6503906,-27.544579,-14.157379,-27.000944,-13.890746
3.6523437,-27.937948,-15.12151,-27.414976,-14.318737
3.6542968,-28.343275,-15.125216,-27.814297,-13.713366
3.65625,-28.741386,-14.380177,-28.204361,-13.680588
3.6582031,-29.136087,-15.205872,-28.595764,-14.630713
3.6601562,-29.518427,-15.945804,-28.983055,-15.007811
3.6621093,-29.904419,-15.255428,-29.36758,-14.395173
3.6640625,-30.301849,-14.937377,-29.750015,-13.979025
3.6660156,-30.68276,-15.698319,-30.115419,-15.030252
3.6679687,-31.047495,-16.167347,-30.473749,-15.551815
3.6699218,-31.407885,-15.934217,-30.856318,-15.097635
3.671875,-31.781174,-15.777504,-31.231014,-14.829283
3.6738281,-32.133724,-16.121431,-31.594707,-15.284595
3.6757812,-32.471233,-16.601017,-31.96619,-15.931936
3.6777343,-32.837002,-16.32094,-32.310047,-15.705976
3.6796875,-33.181095,-16.612427,-32.663166,-15.347041
3.6816406,-33.495701,-16.951981,-33.00465,-15.737113
3.6835937,-33.817947,-16.59815,-33.353893,-16.313911
3.6855468,-34.151451,-16.851376,-33.694828,-16.161549
3.6875,-34.481159,-17.207911,-33.991634,-16.006992
3.6894531,-34.775475,-17.323368,-34.320862,-16.335245
3.6914062,-35.066395,-17.412039,-34.637802,-16.522015
3.6933593,-35.371704,-17.184082,-34.956585,-16.427944
3.6953125,-35.670914,-17.184757,-35.25946,-16.60747
3.6972656,-35.940777,-17.96464,-35.542038,-17.009611
3.6992187,-36.204807,-18.186178,-35.840588,-16.893
3.7011718,-36.471313,-17.394865,-36.108471,-16.706083
3.703125,-36.72913,-17.514416,-36.378117,-17.082531
3.7050781,-36.978771,-18.434378,-36.640156,-17.460365
3.7070312,-37.207203,-18.481377,-36.890659,-17.265293
3.7089843,-37.438793,-17.92824,-37.127441,-17.078224
3.7109375,-37.652847,-18.035141,-37.370739,-17.421946
3.7128906,-37.866669,-18.728401,-37.595169,-17.845646
3.7148437,-38.072182,-18.836746,-37.79689,-17.693005
3.7167968,-38.257454,-18.44887,-38.037868,-17.414322
3.71875,-38.442585,-18.379827,-38.2383,-17.794737
3.7207031,-38.615135,-18.753504,-38.426594,-18.105774
3.7226562,-38.782944,-18.971846,-38.614418,-17.677162
3.7246093,-38.924515,-18.835421,-38.786938,-17.496635
3.7265625,-39.067242,-18.734568,-38.947933,-18.086445
3.7285156,-39.20911,-18.938606,-39.0849,-18.405218
3.7304687,-39.335575,-19.296314,-39.222942,-18.018316
3.7324218,-39.440578,-19.239004,-39.338703,-17.865986
3.734375,-39.535603,-19.010355,-39.458309,-18.444397
3.7363281,-39.644806,-19.107502,-39.557858,-18.757048
3.7382812,-39.734379,-19.438606,-39.656342,-18.345922
3.7402343,-39.818882,-19.58519,-39.760986,-18.169538
3.7421875,-39.878826,-19.275345,-39.814262,-18.64049
3.7441406,-39.935875,-19.064089,-39.875561,-18.863411
3.7460937,-40.009621,-19.442883,-39.956547,-18.416348
3.7480468,-40.050831,-19.816925,-40.008347,-18.351669
3.75,-40.086895,-19.529312,-40.040356,-18.90736
3.7519531,-40.130154,-19.1439,-40.07235,-18.928946
3.7539062,-40.16457,-19.385654,-40.112797,-18.407278
3.7558593,-40.187695,-19.832943,-40.133125,-18.47167
3.7578125,-40.198406,-19.612299,-40.153908,-19.096199
3.7597656,-40.205086,-19.302914,-40.201595,-19.034792
3.7617187,-40.202778,-19.572311,-40.18391,-18.647789
3.7636718,-40.199364,-19.518927,-40.166443,-18.912786
3.765625,-40.197605,-19.17827,-40.182854,-18.776152
3.7675781,-40.183285,-18.891073,-40.171112,-18.43568
3.7695312,-40.176151,-18.865213,-40.179928,-18.355709
3.7714843,-40.161221,-19.325247,-40.153629,-17.915791
3.7734375,-40.132572,-19.291653,-40.116985,-18.145712
3.7753906,-40.111801,-18.653933,-40.118084,-18.764057
3.7773437,-40.07576,-18.568758,-40.103317,-18.426802
3.7792968,-40.043941,-19.092031,-40.063877,-17.816725
3.78125,-40.005363,-19.086206,-40.002651,-17.87076
3.7832031,-39.930489,-18.484333,-39.954132,-18.261833
3.7851562,-39.872272,-18.36231,-39.910801,-18.180233
3.7871093,-39.817459,-18.820948,-39.835205,-17.824253
3.7890625,-39.736717,-18.861832,-39.754612,-17.876587
3.7910156,-39.662781,-18.359713,-39.689583,-18.026325
3.7929687,-39.579681,-18.112347,-39.608875,-17.886692
3.7949218,-39.487293,-18.407211,-39.522888,-17.636749
3.796875,-39.402042,-18.490335,-39.444801,-17.613432
3.7988281,-39.302509,-18.019407,-39.35553,-17.695284
3.8007812,-39.186398,-17.857628,-39.253529,-17.495275
3.8027343,-39.069992,-18.044113,-39.13538,-17.231504
3.8046875,-38.960888,-17.994476,-39.020321,-17.214827
3.8066406,-38.834236,-17.702604,-38.9123,-17.363203
3.8085937,-38.703808,-17.584578,-38.794685,-17.116783
3.8105468,-38.57151,-17.642464,-38.663074,-16.736616
3.8125,-38.42445,-17.477995,-38.527214,-16.741642
3.8144531,-38.288879,-17.297808,-38.391052,-16.78616
3.8164062,-38.145493,-17.278955,-38.238716,-16.723392
3.8183593,-37.977997,-17.244778,-38.092834,-16.530836
3.8203125,-37.81575,-17.026295,-37.94664,-16.438299
3.8222656,-37.661915,-16.80839,-37.768272,-16.437933
3.8242187,-37.473465,-16.817728,-37.586658,-16.269777
3.8261718,-37.304638,-16.826107,-37.407158,-16.058916
3.828125,-37.141838,-16.621738,-37.229263,-16.031429
3.8300781,-36.936863,-16.394197,-37.047955,-16.066275
3.8320312,-36.738674,-16.362053,-36.847412,-15.899482
3.8339843,-36.548088,-16.229101,-36.655464,-15.641457
3.8359375,-36.349285,-16.144562,-36.452724,-15.494343
3.8378906,-36.139111,-16.074511,-36.248676,-15.585197
3.8398437,-35.940964,-15.857855,-36.046345,-15.514076
3.8417968,-35.726151,-15.718519,-35.819401,-15.194085
3.84375,-35.503796,-15.590602,-35.602837,-14.950891
3.8457031,-35.282135,-15.518933,-35.379253,-15.248908
3.8476562,-35.056946,-15.352081,-35.150497,-15.838396
3.8496093,-34.833244,-15.25127,-34.943535,-15.092222
3.8515625,-34.591999,-14.977784,-34.716454,-13.843132
3.8535156,-34.357479,-15.467655,-34.482899,-14.165659
3.8554687,-34.114998,-15.982532,-34.256428,-15.046928
3.8574218,-33.868916,-14.362727,-34.011356,-14.618843
3.859375,-33.643299,-13.522666,-33.791122,-13.535307
3.8613281,-33.408199,-14.740809,-33.558205,-13.638371
3.8632812,-33.141304,-15.213518,-33.296806,-14.395398
3.8652343,-32.890213,-13.84618,-33.043503,-14.037001
3.8671875,-32.638958,-12.952736,-32.788429,-13.129451
3.8691406,-32.366383,-14.139635,-32.549648,-13.148627
3.8710937,-32.103378,-14.779387,-32.272728,-13.767049
3.8730468,-31.826836,-13.352741,-31.98432,-13.553327
3.875,-31.548552,-12.477851,-31.736923,-12.70827
3.8769531,-31.267248,-13.641511,-31.457439,-12.613972
3.8789062,-30.977983,-14.198498,-31.172714,-13.126081
3.8808593,-30.679361,-12.875954,-30.895193,-13.080303
3.8828125,-30.382593,-12.092046,-30.594694,-12.277541
3.8847656,-30.089109,-13.057481,-30.302971,-11.978331
3.8867187,-29.771172,-13.547262,-29.995728,-12.460466
3.8886718,-29.468456,-12.343743,-29.686834,-12.5393
3.890625,-29.161186,-11.637013,-29.394045,-11.945522
3.8925781,-28.849203,-12.441035,-29.09079,-11.452047
3.8945312,-28.527952,-12.861291,-28.761803,-11.744527
3.8964843,-28.187746,-11.801483,-28.429752,-12.080282
3.8984375,-27.873081,-11.058502,-28.109669,-11.444811
3.9003906,-27.549166,-11.889034,-27.779795,-10.823452
3.9023437,-27.201132,-12.308149,-27.450287,-10.992428
3.9042968,-26.851671,-11.131619,-27.101954,-11.438931
3.90625,-26.517309,-10.45648,-26.758942,-11.149929
3.9082031,-26.174871,-11.329605,-26.411253,-10.244352
3.9101562,-25.805449,-11.767039,-26.055023,-10.302168
3.9121093,-25.436892,-10.653063,-25.707851,-10.877998
3.9140625,-25.083038,-9.9196443,-25.345854,-10.675998
3.9160156,-24.727125,-10.744504,-24.986311,-9.8403482
3.9179687,-24.356428,-11.184337,-24.61421,-9.6013412
3.9199218,-23.973995,-10.02962,-24.237757,-10.229962
3.921875,-23.603006,-9.2391128,-23.861006,-9.9900159
3.9238281,-23.233786,-10.150269,-23.486366,-9.2838516
3.9257812,-22.847418,-10.586567,-23.109745,-9.2386341
3.9277343,-22.455355,-9.3849039,-22.721098,-9.3482132
3.9296875,-22.056849,-8.6898117,-22.337067,-9.4923505
3.9316406,-21.680273,-9.3962669,-21.938803,-9.030569
3.9335937,-21.293076,-9.9027996,-21.544458,-8.3717432
3.9355468,-20.874493,-9.0470523,-21.141617,-8.4345283
3.9375,-20.46883,-8.1586227,-20.727686,-8.7611179
3.9394531,-20.083231,-8.6424293,-20.359232,-8.6652412
3.9414062,-19.670465,-8.9672231,-19.968777,-7.7957959
3.9433593,-19.23793,-8.2585144,-19.559658,-7.5873017
3.9453125,-18.854401,-7.6499457,-19.149767,-8.0915422
3.9472656,-18.454937,-7.9558768,-18.724415,-7.9164795
3.9492187,-18.026869,-8.235672,-18.302923,-7.2583613
3.9511718,-17.605587,-7.4318418,-17.891048,-6.7459359
3.953125,-17.174067,-6.8305273,-17.499079,-7.2622928
3.9550781,-16.767946,-7.2144541,-17.073792,-7.1833267
3.9570312,-16.335087,-7.4822015,-16.649597,-6.4233326
3.9589843,-15.889859,-6.9024338,-16.213921,-6.2217879
3.9609375,-15.461576,-6.1573686,-15.781973,-6.0674319
3.9628906,-15.01806,-6.0871534,-15.35883,-6.3769865
3.9648437,-14.595695,-6.5416078,-14.91918,-6.0748724
3.9667968,-14.161349,-6.2828302,-14.497489,-5.3981719
3.96875,-13.709582,-5.5734453,-14.054412,-4.9856677
3.9707031,-13.26157,-5.4059782,-13.60254,-5.268145
3.9726562,-12.834673,-5.4878597,-13.169095,-5.7511596
3.9746093,-12.387667,-5.3102035,-12.736824,-4.6398115
3.9765625,-11.917898,-4.533266,-12.293188,-3.8572921
3.9785156,-11.471645,-4.5415558,-11.865592,-4.3458824
3.9804687,-11.028076,-4.9742732,-11.426558,-4.2521348
3.9824218,-10.597339,-4.1510195,-10.964257,-3.5176572
3.984375,-10.12534,-3.4372117,-10.524933,-3.4896235
3.9863281,-9.6566505,-3.7222223,-10.084999,-3.4938626
3.9882812,-9.2139959,-3.8109061,-9.6184482,-2.8020207
3.9902343,-8.7607202,-3.0098006,-9.1728286,-2.4937892
3.9921875,-8.3128566,-2.4719221,-8.7396287,-2.3457911
3.9941406,-7.8453264,-2.784394,-8.2478542,-1.9166111
3.9960937,-7.3793273,-2.4248356,-7.7649707,-1.7507731
3.9980468,-6.9168238,-1.5907483,-7.3335409,-1.4093439
4.0,-6.4503588,-1.5206729,-6.8799142,-1.0737196
4.0019531,-5.978959,-1.5795979,-6.4279322,-1.122442
4.0039062,-5.5302038,-1.0611866,-5.9798765,-0.25770077
4.0058593,-5.0750241,-0.35273293,-5.4957304,0.64034623
4.0078125,-4.58428,-0.25085193,-5.0197315,0.29725751
4.0097656,-4.1045584,-0.43094632,-4.5429558,-0.23701371
4.0117187,-3.6304235,0.36704054,-4.0489563,-0.044918597
4.0136718,-3.1616649,1.2109583,-3.5929677,0.48856029
4.015625,-2.6799094,0.48959538,-3.1477489,0.37888306
4.0175781,-2.1732213,-0.48932979,-2.6792917,0.16000718
4.0195312,-1.7055789,0.12862569,-2.2189986,0.36171687
4.0214843,-1.2596178,1.2488026,-1.7508899,0.30972189
4.0234375,-0.79467237,0.75674617,-1.2629606,0.41501379
4.0253906,-0.30057815,-0.32200801,-0.79399133,0.81263548
4.0273437,0.20445955,-0.093001731,-0.30748332,0.21708226
4.0292968,0.64598274,1.0707423,0.18422893,-0.25780097
4.03125,1.1051628,1.171491,0.65550983,0.27684137
4.0332031,1.6133377,-0.020212818,1.1318161,0.82482767
4.0351562,2.1364803,-0.32425717,1.5876202,0.7872178
4.0371093,2.5895643,0.95366979,2.086472,0.40991658
4.0390625,2.9878172,1.7332068,2.5628304,1.3447537
4.0410156,3.5125579,0.93095112,3.0218608,2.6537761
4.0429687,4.0481972,0.89539534,3.5113322,2.9944126
4.0449218,4.4872922,2.5073013,3.9733576,2.6125929
4.046875,4.9223985,3.7326111,4.4837598,2.4453489
4.0488281,5.4309043,3.3146433,4.974524,3.6736173
4.0507812,5.9532003,2.4434437,5.4368977,4.8288426
4.0527343,6.4225196,3.5577409,5.9294533,4.8235745
4.0546875,6.8883557,5.6957578,6.4040107,4.3110404
4.0566406,7.3806138,5.2396683,6.8751688,4.6191501
4.0585937,7.8684239,4.013946,7.3420615,5.7150087
4.0605468,8.3365564,5.2219338,7.803349,6.3897624
4.0625,8.7974758,6.8559789,8.2866649,6.3844404
4.0644531,9.2739725,6.6007933,8.7598209,6.3434882
4.0664062,9.7503471,5.7758154,9.2362632,6.7126073
4.0683593,10.200552,6.495583,9.7292499,7.1081819
4.0703125,10.683513,7.4733033,10.207383,7.3564586
4.0722656,11.160341,7.4052019,10.681866,7.3949852
4.0742187,11.615544,7.5958595,11.160089,7.9580917
4.0761718,12.085931,8.0738401,11.620136,8.3825454
4.078125,12.569328,7.9388246,12.064832,8.4547729
4.0800781,13.023421,8.2088604,12.546054,8.503067
4.0820312,13.473936,9.0684862,13.024418,8.5294866
4.0839843,13.960856,8.9745273,13.484118,9.5877904
4.0859375,14.421695,8.6225824,13.935136,9.8700866
4.0878906,14.880208,9.5640144,14.391212,9.1435174
4.0898437,15.326299,10.179551,14.861933,9.6464376
4.0917968,15.796648,9.6903753,15.347874,10.195304
4.09375,16.250511,9.4899997,15.830802,9.9985714
4.0957031,16.680744,10.055067,16.265215,10.328895
4.0976562,17.163893,10.890048,16.711248,10.980137
4.0996093,17.638668,10.823914,17.180878,10.980686
4.1015625,18.075777,10.383757,17.62587,10.678739
4.1035156,18.491556,10.771586,18.059294,11.135157
4.1054687,18.960257,11.692606,18.514687,11.475709
4.1074218,19.413273,11.647264,18.967583,11.423548
4.109375,19.834703,10.821724,19.410187,11.877155
4.1113281,20.281412,11.553369,19.860159,12.19067
4.1132812,20.70373,12.890429,20.315016,12.217697
4.1152343,21.127077,12.334419,20.742613,12.174636
4.1171875,21.584751,11.44929,21.155233,12.312279
4.1191406,22.01968,12.356466,21.609129,12.756251
4.1210937,22.398479,13.430539,22.037386,12.929997
4.1230468,22.828907,13.086218,22.459486,12.97278
4.125,23.308241,12.188519,22.912876,13.253641
4.1269531,23.731661,12.716034,23.332258,13.437824
4.1289062,24.077538,14.011739,23.756775,13.338059
4.1308593,24.485868,13.843675,24.179445,13.434606
4.1328125,24.952763,12.992248,24.582977,13.760336
4.1347656,25.301472,13.153046,24.992498,13.953045
4.1367187,25.690836,14.287773,25.394375,13.985919
4.1386718,26.126999,14.583674,25.788305,13.989516
4.140625,26.535061,13.874273,26.172913,14.455051
4.1425781,26.917587,13.709854,26.571138,14.824164
4.1445312,27.24419,14.582068,26.960566,14.713818
4.1464843,27.676249,15.146299,27.345722,14.71164
4.1484375,28.096445,14.365769,27.743275,14.615778
4.1503906,28.459454,14.226262,28.117096,15.115155
4.1523437,28.788315,15.334041,28.485706,15.605244
4.1542968,29.138128,15.527523,28.828917,15.222281
4.15625,29.569191,14.747814,29.1998,15.090707
4.1582031,29.936008,15.008646,29.583084,15.668876
4.1601562,30.249666,15.951044,29.912861,16.172808
4.1621093,30.566494,15.893132,30.295992,15.882935
4.1640625,30.927658,15.170841,30.650618,15.802462
4.1660156,31.268797,15.359571,30.967257,16.0287
4.1679687,31.592823,16.577438,31.331583,16.249439
4.1699218,31.866964,16.691763,31.667864,16.479275
4.171875,32.161476,15.763878,31.97842,16.405516
4.1738281,32.511574,15.745281,32.276337,16.557571
4.1757812,32.841579,16.756664,32.589699,16.861729
4.1777343,33.124352,17.368277,32.894886,16.946442
4.1796875,33.343201,16.471024,33.180309,17.062185
4.1816406,33.666023,15.849407,33.48922,17.260239
4.1835937,34.001366,16.99791,33.7668,17.226307
4.1855468,34.253784,18.024023,34.053162,17.332237
4.1875,34.487328,17.272457,34.343414,17.655716
4.1894531,34.770824,16.301016,34.582256,17.689077
4.1914062,35.049171,17.07205,34.847275,17.617777
4.1933593,35.256626,18.316011,35.1133,17.788042
4.1953125,35.48233,17.968767,35.366089,18.186121
4.1972656,35.724281,16.949545,35.606739,18.171089
4.1992187,35.972855,17.354277,35.84581,18.031694
4.2011718,36.185719,18.664871,36.092079,18.287964
4.203125,36.396305,18.626303,36.302906,18.452826
4.2050781,36.627514,17.361477,36.532776,18.580391
4.2070312,36.839745,17.509691,36.77261,18.609468
4.2089843,37.046219,19.075766,36.969067,18.667889
4.2109375,37.241524,19.366426,37.150623,18.777317
4.2128906,37.43935,17.92111,37.346851,18.905233
4.2148437,37.63158,17.373634,37.519081,19.19385
4.2167968,37.827747,18.829882,37.695374,19.06481
4.21875,38.01223,19.554167,37.884945,18.862375
4.2207031,38.169128,18.361107,38.061226,19.154203
4.2226562,38.329041,17.664396,38.206158,19.498589
4.2246093,38.478622,18.772568,38.350071,19.223318
4.2265625,38.617016,19.741737,38.514027,18.842171
4.2285156,38.751274,18.979124,38.64407,19.370668
4.2304687,38.88525,18.121567,38.787994,19.927973
4.2324218,38.998356,18.848658,38.915836,19.511375
4.234375,39.095455,19.835173,39.014072,18.997997
4.2363281,39.203003,19.320715,39.131256,19.457092
4.2382812,39.307652,18.42466,39.210522,20.106575
4.2402343,39.390251,18.987547,39.299736,19.810062
4.2421875,39.462082,19.973942,39.425583,19.292889
4.2441406,39.541302,19.534897,39.486084,19.676998
4.2460937,39.602386,18.641943,39.55109,20.262007
4.2480468,39.659763,19.07275,39.624104,19.800928
4.25,39.716846,20.036161,39.671364,19.280664
4.2519531,39.765781,19.799358,39.729939,19.841827
4.2539062,39.809952,18.842083,39.758728,20.406906
4.2558593,39.842308,18.973034,39.807255,19.963957
4.2578125,39.866135,19.907484,39.85453,19.409536
4.2597656,39.89138,19.902517,39.861614,19.809191
4.2617187,39.906181,19.051701,39.869633,20.391823
4.2636718,39.914303,19.110081,39.88089,20.068241
4.265625,39.929798,19.808441,39.897316,19.7467
4.2675781,39.922226,19.549627,39.898121,20.078339
4.2695312,39.920822,18.739552,39.901638,20.023399
4.2714843,39.925976,17.639643,39.918255,19.406986
4.2734375,39.909462,17.050541,39.890186,18.079824
4.2753906,39.885231,17.914324,39.857605,17.236927
4.2773437,39.845142,18.395361,39.839859,18.308058
4.2792968,39.797523,17.525293,39.81192,19.234945
4.28125,39.752789,16.961615,39.758953,18.446426
4.2832031,39.692501,17.752193,39.701008,17.398542
4.2851562,39.626919,18.295023,39.644035,17.956684
4.2871093,39.544716,17.428717,39.546776,18.947308
4.2890625,39.45768,16.816584,39.454411,18.354898
4.2910156,39.3764,17.569696,39.367649,17.346645
4.2929687,39.272247,18.15497,39.294922,17.806612
4.2949218,39.177208,17.280169,39.207096,18.806635
4.296875,39.08474,16.474009,39.104038,18.281406
4.2988281,38.978138,17.118832,39.000839,17.04767
4.3007812,38.852734,17.827488,38.894058,17.234369
4.3027343,38.723255,17.015701,38.780407,18.32427
4.3046875,38.603611,16.052132,38.630531,18.145935
4.3066406,38.467403,16.698841,38.522717,16.799265
4.3085937,38.328217,17.490849,38.426006,16.6884
4.3105468,38.182606,16.819824,38.298065,17.822186
4.3125,38.035622,15.731671,38.159126,17.728647
4.3144531,37.894691,16.132868,38.034588,16.35166
4.3164062,37.734486,17.012245,37.899254,16.129829
4.3183593,37.570683,16.414989,37.728081,17.212482
4.3203125,37.404053,15.643713,37.558159,17.241688
4.3222656,37.239662,16.013969,37.393501,16.10322
4.3242187,37.072018,16.423378,37.226608,15.877213
4.3261718,36.890045,15.871541,37.041672,16.852636
4.328125,36.711098,15.276757,36.85667,16.946505
4.3300781,36.523758,15.569684,36.661282,15.72794
4.3320312,36.338512,15.895075,36.473469,15.470694
4.3339843,36.148495,15.450619,36.299454,16.370262
4.3359375,35.954678,14.933092,36.102562,16.349154
4.3378906,35.756119,15.088919,35.882359,15.298225
4.3398437,35.551605,15.401387,35.663971,15.09605
4.3417968,35.352261,14.878862,35.455967,15.808163
4.34375,35.139294,14.44342,35.246735,15.796042
4.3457031,34.917587,14.900393,35.016464,15.122366
4.3476562,34.702209,14.914619,34.785744,14.779869
4.3496093,34.477692,14.270344,34.551563,15.029762
4.3515625,34.244034,13.956192,34.322048,15.232468
4.3535156,34.017479,14.292719,34.105,14.649674
4.3554687,33.771854,14.412108,33.847847,14.323547
4.3574218,33.537819,13.835601,33.614666,14.703236
4.359375,33.291531,13.503301,33.370239,14.523362
4.3613281,33.02737,13.84328,33.107491,13.993089
4.3632812,32.777531,13.907143,32.869003,14.015357
4.3652343,32.511555,13.381109,32.612953,14.161996
4.3671875,32.246933,13.059214,32.364384,13.829643
4.3691406,31.974062,13.219368,32.095604,13.607011
4.3710937,31.692204,13.446966,31.812498,13.670434
4.3730468,31.416897,12.902937,31.548306,13.554954
4.375,31.148493,12.486292,31.275684,13.26658
4.3769531,30.852695,12.924333,30.993311,13.093426
4.3789062,30.558926,12.996183,30.699696,13.095994
4.3808593,30.272804,12.407986,30.410601,12.943719
4.3828125,29.965647,11.876629,30.117041,12.799733
4.3847656,29.664709,12.101649,29.79874,12.603755
4.3867187,29.348251,12.414614,29.51107,12.512834
4.3886718,29.035107,12.213037,29.209209,12.563893
4.390625,28.732655,11.720994,28.886805,12.315329
4.3925781,28.412746,11.610221,28.591751,12.09392
4.3945312,28.082253,11.819971,28.283504,11.941046
4.3964843,27.759937,11.584491,27.98217,11.785165
4.3984375,27.42914,11.28919,27.67337,11.635755
4.4003906,27.096611,10.92882,27.32884,11.412848
4.4023437,26.763651,11.124112,26.980995,11.327377
4.4042968,26.423489,11.323068,26.64817,11.319051
4.40625,26.090822,10.711457,26.325294,11.225556
4.4082031,25.7493,10.262224,25.992832,11.030485
4.4101562,25.403744,10.562094,25.641552,11.114534
4.4121093,25.052181,10.70653,25.27775,10.943448
4.4140625,24.695272,9.8238811,24.932852,10.350827
4.4160156,24.338036,9.8073692,24.590267,10.396309
4.4179687,23.977818,10.380124,24.213074,10.558663
4.4199218,23.609127,10.291446,23.858948,10.251335
4.421875,23.250559,9.7139358,23.508207,10.065886
4.4238281,22.880123,9.0923681,23.139788,9.9360666
4.4257812,22.496027,9.3718547,22.78717,9.3683967
4.4277343,22.135818,9.6737518,22.399416,9.4520387
4.4296875,21.765768,9.1703109,22.004293,10.028261
4.4316406,21.376549,8.5101776,21.634331,9.5573091
4.4335937,20.996929,8.7542114,21.270184,8.8729229
4.4355468,20.619837,9.0122766,20.884914,9.0265684
4.4375,20.218941,8.3269662,20.49481,9.0986022
4.4394531,19.827417,8.0031499,20.115467,8.6461219
4.4414062,19.450722,8.2261056,19.734798,8.4182596
4.4433593,19.062588,7.990097,19.347715,8.2419748
4.4453125,18.654415,7.7335753,18.945629,8.3560657
4.4472656,18.262869,7.6169076,18.552391,8.3144149
4.4492187,17.855442,7.5786638,18.136175,7.7637634
4.4511718,17.44689,7.4655509,17.7286,7.7975106
4.453125,17.058706,6.7263813,17.327271,7.6378955
4.4550781,16.637157,7.0264525,16.931274,7.2574796
4.4570312,16.231434,7.1078968,16.529928,7.3815178
4.4589843,15.833341,6.1665873,16.109293,7.1337056
4.4609375,15.418145,6.2146525,15.704899,6.6223135
4.4628906,14.99578,6.4545354,15.304292,6.5608005
4.4648437,14.586858,6.3321905,14.897706,6.6764082
4.4667968,14.167622,5.6049394,14.450429,6.355822
4.46875,13.751063,5.1710171,14.036241,5.8040342
4.4707031,13.351985,5.4934039,13.631719,5.8791356
4.4726562,12.923348,5.2896084,13.201656,6.0641498
4.4746093,12.493809,4.8583931,12.82159,5.3690452
4.4765625,12.07217,4.5401926,12.415374,5.0302557
4.4785156,11.643167,4.3003339,11.956332,5.2400083
4.4804687,11.223064,4.4729862,11.520127,4.7566804
4.4824218,10.791999,4.1890082,11.096438,4.5204014
4.484375,10.362418,3.1265609,10.677906,4.3376779
4.4863281,9.9378557,3.0977714,10.245583,3.9838049
4.4882812,9.502242,3.767817,9.7796974,4.1821107
4.4902343,9.0686922,3.0757563,9.3519334,3.9266455
4.4921875,8.6375637,1.8254754,8.9330062,3.0995554
4.4941406,8.2154951,2.2013027,8.4937572,2.5781071
4.4960937,7.7658934,2.7569582,8.0625209,3.1851112
4.4980468,7.3327393,1.6782387,7.5929594,3.4146976
4.5,6.909338,0.70298433,7.1893205,2.1048533
4.5019531,6.4471125,0.91263062,6.7712073,1.1147702
4.5039062,6.0107226,1.016867,6.2945656,1.6273891
4.5058593,5.5650734,0.42238298,5.8330988,2.369529
4.5078125,5.103506,-0.037849039,5.3527898,0.97689605
4.5097656,4.6613736,-0.46409601,4.9422574,-0.16454332
4.5117187,4.2098527,-0.42660677,4.5128316,0.96576673
4.5136718,3.7741258,0.16697429,4.0615034,1.0338438
4.515625,3.3202977,-0.033507563,3.5881738,-0.530765
4.5175781,2.8477749,-0.80727166,3.1204488,-0.80345917
4.5195312,2.4163749,-0.36966723,2.6815872,0.1965317
4.5214843,1.9543654,0.36887711,2.2268261,0.412783
4.5234375,1.4871331,-0.15839012,1.8063935,-0.39210901
4.5253906,1.0533402,-0.88003302,1.3371634,-0.72148567
4.5273437,0.59894741,-0.60970324,0.86809349,-0.026412694
4.5292968,0.14674318,0.28146759,0.42311689,0.17161736
4.53125,-0.32185644,-0.010940687,-0.062392741,-0.26300734
4.5332031,-0.79182518,-0.86785996,-0.53358048,-0.44996825
4.5351562,-1.2337641,-0.47608176,-0.94854617,-0.27637169
4.5371093,-1.7063283,0.14884144,-1.4043335,-0.032356802
4.5390625,-2.1700513,-0.64923453,-1.8816419,0.090919748
4.5410156,-2.6010196,-1.8086904,-2.3143904,-0.37377769
4.5429687,-3.0635001,-2.0184192,-2.7881503,-0.92471737
4.5449218,-3.5378944,-1.9524712,-3.2591388,-0.47888187
4.546875,-3.9838249,-2.5215532,-3.7081108,-0.57424361
4.5488281,-4.4409899,-3.1085209,-4.1555461,-1.5868452
4.5507812,-4.9137229,-3.4979641,-4.6272273,-2.0563516
4.5527343,-5.3537335,-3.9464309,-5.071608,-2.1460437
4.5546875,-5.7984795,-4.2630763,-5.5114455,-2.4379565
4.5566406,-6.2672267,-4.8807816,-6.0074157,-2.9739599
4.5585937,-6.716782,-5.1851186,-6.46425,-3.6902697
4.5605468,-7.167231,-5.1202292,-6.9128422,-3.9920544
4.5625,-7.6380524,-5.5087127,-7.3787269,-4.0814242
4.5644531,-8.0929784,-6.2946248,-7.8296842,-4.5251574
4.5664062,-8.5515947,-6.5996532,-8.2649717,-5.1242837
4.5683593,-9.007512,-6.4079642,-8.7266292,-5.4449453
4.5703125,-9.4606704,-6.5906958,-9.1971683,-5.5697894
4.5722656,-9.919609,-7.3902154,-9.6546917,-5.7633633
4.5742187,-10.369555,-7.5717463,-10.102368,-5.8555831
4.5761718,-10.83779,-7.2981014,-10.533091,-6.8452425
4.578125,-11.28784,-8.1164302,-10.959186,-7.2448277
4.5800781,-11.734785,-8.7216014,-11.419359,-6.6405015
4.5820312,-12.181471,-8.3419914,-11.911636,-7.1004853
4.5839843,-12.648074,-8.373866,-12.389528,-7.8382616
4.5859375,-13.11445,-8.7775135,-12.828532,-8.2004575
4.5878906,-13.549312,-9.2875042,-13.260712,-7.7946219
4.5898437,-14.014366,-9.6951808,-13.722662,-7.840116
4.5917968,-14.462753,-9.2528457,-14.155769,-8.8889322
4.59375,-14.913408,-9.5195255,-14.592575,-8.8267927
4.5957031,-15.375319,-10.121564,-15.068401,-8.5767746
4.5976562,-15.830379,-10.198923,-15.542873,-9.2150096
4.5996093,-16.275841,-10.530127,-15.976048,-9.4533987
4.6015625,-16.70726,-10.42943,-16.400793,-9.6308412
4.6035156,-17.169241,-10.738943,-16.83371,-9.6323089
4.6054687,-17.627914,-11.353814,-17.266359,-9.8436479
4.6074218,-18.070065,-10.928909,-17.712914,-10.51247
4.609375,-18.525442,-10.968339,-18.151951,-10.257196
4.6113281,-18.969332,-11.829117,-18.622076,-10.416369
4.6132812,-19.412361,-11.831591,-19.105116,-10.688569
4.6152343,-19.86409,-11.709072,-19.52844,-10.637318
4.6171875,-20.303528,-12.107434,-19.923632,-11.411643
4.6191406,-20.743975,-12.529717,-20.339716,-11.656919
4.6210937,-21.189127,-12.193672,-20.755299,-11.076294
4.6230468,-21.650221,-12.008074,-21.188744,-11.422071
4.625,-22.078272,-12.959074,-21.621225,-12.238614
4.6269531,-22.507353,-13.087575,-22.041597,-12.369993
4.6289062,-22.94697,-12.756079,-22.486977,-12.031733
4.6308593,-23.359077,-13.286446,-22.924862,-11.651056
4.6328125,-23.815332,-13.679758,-23.342848,-12.463122
4.6347656,-24.24802,-13.207668,-23.75736,-13.193532
4.6367187,-24.654003,-13.457212,-24.175615,-12.931408
4.6386718,-25.091061,-14.515876,-24.596085,-12.515937
4.640625,-25.516226,-14.025952,-25.020815,-12.508451
4.6425781,-25.929346,-13.00596,-25.42169,-13.553013
4.6445312,-26.356951,-14.050099,-25.812698,-14.041142
4.6464843,-26.778069,-15.445812,-26.205139,-13.267254
4.6484375,-27.171511,-14.693077,-26.608696,-12.868108
4.6503906,-27.579737,-13.758439,-27.045893,-14.018319
4.6523437,-27.98843,-14.611631,-27.458191,-14.898726
4.6542968,-28.379364,-15.52492,-27.854595,-13.884651
4.65625,-28.784109,-15.294006,-28.228247,-13.263799
4.6582031,-29.187033,-14.9201,-28.609945,-14.49362
4.6601562,-29.561741,-15.009996,-29.008743,-15.232979
4.6621093,-29.932684,-15.965838,-29.374243,-14.51013
4.6640625,-30.338751,-16.041929,-29.764128,-14.435429
4.6660156,-30.731949,-14.903639,-30.1411,-15.120506
4.6679687,-31.089237,-15.621608,-30.500998,-15.203067
4.6699218,-31.45817,-16.902054,-30.871792,-15.018549
4.671875,-31.828236,-16.159264,-31.227343,-15.154922
4.6738281,-32.179821,-15.465274,-31.599371,-15.509496
4.6757812,-32.525791,-16.360279,-31.966032,-15.803108
4.6777343,-32.870296,-17.179211,-32.315262,-15.686896
4.6796875,-33.216064,-16.774765,-32.659977,-15.52699
4.6816406,-33.54681,-16.052,-32.993938,-15.717438
4.6835937,-33.86179,-16.819202,-33.351616,-16.170198
4.6855468,-34.195744,-17.782051,-33.697941,-16.357161
4.6875,-34.516182,-17.199402,-34.005322,-16.202179
4.6894531,-34.800648,-16.686285,-34.3256,-16.184727
4.6914062,-35.098782,-17.252008,-34.634396,-16.497049
4.6933593,-35.40794,-17.814972,-34.940571,-16.885134
4.6953125,-35.684334,-17.700781,-35.247162,-16.79388
4.6972656,-35.955986,-17.572649,-35.546551,-16.730421
4.6992187,-36.227295,-17.712231,-35.842186,-16.928133
4.7011718,-36.491867,-18.060602,-36.107689,-17.039484
4.703125,-36.76244,-18.126894,-36.380745,-17.023413
4.7050781,-37.001266,-17.892776,-36.663113,-17.219994
4.7070312,-37.233013,-18.136698,-36.923134,-17.489784
4.7089843,-37.45998,-18.476068,-37.150406,-17.302481
4.7109375,-37.674011,-18.324242,-37.386429,-17.289375
4.7128906,-37.885063,-18.337406,-37.622646,-17.721592
4.7148437,-38.076317,-18.794977,-37.838776,-17.892591
4.7167968,-38.270535,-18.868292,-38.042542,-17.594173
4.71875,-38.454231,-18.533354,-38.240307,-17.577501
4.7207031,-38.626423,-18.647449,-38.434772,-18.01919
4.7226562,-38.789249,-19.135595,-38.613064,-18.169363
4.7246093,-38.929585,-19.059174,-38.781563,-17.831003
4.7265625,-39.076569,-18.67996,-38.940693,-17.794104
4.7285156,-39.213707,-18.92934,-39.09663,-18.258413
4.7304687,-39.328865,-19.487341,-39.224903,-18.450043
4.7324218,-39.453735,-19.408476,-39.342812,-18.177937
4.734375,-39.557919,-18.971748,-39.473919,-18.069571
4.7363281,-39.65012,-19.193335,-39.575581,-18.527531
4.7382812,-39.740253,-19.681499,-39.648426,-18.79681
4.7402343,-39.80912,-19.544203,-39.761295,-18.424643
4.7421875,-39.882423,-19.169817,-39.844051,-18.336473
4.7441406,-39.941601,-19.402002,-39.8951,-18.845562
4.7460937,-40.00383,-19.887146,-39.959679,-18.920622
4.7480468,-40.062725,-19.719687,-40.008923,-18.404287
4.75,-40.097919,-19.301859,-40.059853,-18.467724
4.7519531,-40.138184,-19.363388,-40.096901,-19.050331
4.7539062,-40.169422,-19.69591,-40.132095,-19.021063
4.7558593,-40.190445,-19.777176,-40.148594,-18.480562
4.7578125,-40.203625,-19.483486,-40.171059,-18.577183
4.7597656,-40.208698,-19.586613,-40.185436,-19.204662
4.7617187,-40.220787,-19.827621,-40.176331,-19.088999
4.7636718,-40.214165,-19.454121,-40.180904,-18.888718
4.765625,-40.20826,-19.328932,-40.182941,-18.883852
4.7675781,-40.217163,-19.070271,-40.172405,-18.538689
4.7695312,-40.195339,-18.743429,-40.17564,-18.343615
4.7714843,-40.1768,-19.311989,-40.168556,-18.002949
4.7734375,-40.157887,-19.46419,-40.134968,-18.227509
4.7753906,-40.125854,-18.816015,-40.108288,-18.820477
4.7773437,-40.091251,-18.60795,-40.089024,-18.398651
4.7792968,-40.03941,-19.128738,-40.075668,-17.839127
4.78125,-40.002174,-19.29493,-40.018757,-18.108765
4.7832031,-39.94899,-18.666929,-39.968311,-18.471554
4.7851562,-39.879353,-18.42403,-39.927975,-18.023394
4.7871093,-39.823761,-18.863224,-39.853149,-17.641346
4.7890625,-39.750374,-18.980947,-39.786983,-18.075432
4.7910156,-39.672771,-18.433588,-39.70985,-18.332451
4.7929687,-39.594257,-18.111488,-39.627125,-17.803627
4.7949218,-39.503323,-18.496061,-39.540306,-17.456434
4.796875,-39.405594,-18.669197,-39.463345,-17.831673
4.7988281,-39.307865,-18.085896,-39.373379,-17.999186
4.8007812,-39.197701,-17.790762,-39.245483,-17.464136
4.8027343,-39.077412,-18.248302,-39.1492,-17.043726
4.8046875,-38.973236,-18.299715,-39.030476,-17.397602
4.8066406,-38.849503,-17.664434,-38.911125,-17.608379
4.8085937,-38.715351,-17.395275,-38.808815,-17.081335
4.8105468,-38.579239,-17.806273,-38.672882,-16.682125
4.8125,-38.436657,-17.88974,-38.539242,-16.872816
4.8144531,-38.292652,-17.273842,-38.39341,-17.02314
4.8164062,-38.139683,-17.036991,-38.250957,-16.731855
4.8183593,-37.982262,-17.476366,-38.081959,-16.506096
4.8203125,-37.821594,-17.44652,-37.914043,-16.549501
4.8222656,-37.659283,-16.764158,-37.761925,-16.604776
4.8242187,-37.480213,-16.6572,-37.59124,-16.425722
4.8261718,-37.311344,-17.040092,-37.404102,-16.106222
4.828125,-37.127834,-16.894615,-37.214668,-16.058523
4.8300781,-36.936466,-16.412859,-37.047997,-16.072166
4.8320312,-36.761723,-16.211233,-36.861412,-15.95297
4.8339843,-36.56356,-16.416605,-36.657299,-15.8039
4.8359375,-36.361557,-16.494818,-36.44783,-15.602699
4.8378906,-36.162094,-15.914843,-36.252583,-15.425563
4.8398437,-35.951576,-15.661609,-36.034435,-15.520828
4.8417968,-35.742458,-16.030224,-35.811813,-15.462916
4.84375,-35.516479,-15.905203,-35.614788,-15.300502
4.8457031,-35.296268,-15.395423,-35.391937,-15.692312
4.8476562,-35.083157,-15.309458,-35.187946,-15.358953
4.8496093,-34.83847,-15.414752,-34.959152,-14.337332
4.8515625,-34.608639,-15.339285,-34.710945,-14.336097
4.8535156,-34.367931,-15.813488,-34.490639,-14.927835
4.8554687,-34.123108,-15.547721,-34.247086,-14.772298
4.8574218,-33.890312,-14.076885,-34.025188,-14.146295
4.859375,-33.657703,-14.079501,-33.802994,-14.046166
4.8613281,-33.422485,-15.208003,-33.552082,-14.286042
4.8632812,-33.153149,-14.865012,-33.311146,-14.099074
4.8652343,-32.908581,-13.480266,-33.058468,-13.523178
4.8671875,-32.65514,-13.526711,-32.805046,-13.491188
4.8691406,-32.379383,-14.616573,-32.543594,-13.823424
4.8710937,-32.117699,-14.386584,-32.264179,-13.624185
4.8730468,-31.837795,-13.108346,-32.008743,-13.069315
4.875,-31.558075,-13.023227,-31.750414,-12.943737
4.8769531,-31.278458,-14.025053,-31.460596,-13.237243
4.8789062,-30.98889,-13.85126,-31.182199,-13.084473
4.8808593,-30.692049,-12.679364,-30.895319,-12.555211
4.8828125,-30.392498,-12.580384,-30.603075,-12.433156
4.8847656,-30.086052,-13.302135,-30.305868,-12.686181
4.8867187,-29.788715,-13.196967,-29.992006,-12.532938
4.8886718,-29.480877,-12.341241,-29.687325,-12.014507
4.890625,-29.159266,-12.052792,-29.380455,-11.959082
4.8925781,-28.858391,-12.617865,-29.07563,-12.074794
4.8945312,-28.527281,-12.588754,-28.756433,-11.841401
4.8964843,-28.205978,-11.730391,-28.433998,-11.608106
4.8984375,-27.88574,-11.607123,-28.101236,-11.45467
4.9003906,-27.532564,-11.972741,-27.774033,-11.348165
4.9023437,-27.203922,-11.783522,-27.458,-11.367674
4.9042968,-26.873692,-11.303943,-27.112879,-10.992023
4.90625,-26.519125,-11.134619,-26.75983,-10.582693
4.9082031,-26.175062,-11.317316,-26.406168,-10.924474
4.9101562,-25.81851,-11.127158,-26.053648,-11.011359
4.9121093,-25.445734,-10.651742,-25.695864,-10.444953
4.9140625,-25.101358,-10.732124,-25.34584,-10.113276
4.9160156,-24.73144,-10.857018,-24.980396,-10.268651
4.9179687,-24.347979,-10.380252,-24.593237,-10.22462
4.9199218,-23.984612,-10.090446,-24.237478,-9.7672987
4.921875,-23.612747,-10.185264,-23.884975,-9.6427679
4.9238281,-23.242054,-10.078998,-23.510384,-9.7726182
4.9257812,-22.855314,-9.8243122,-23.127203,-9.6665706
4.9277343,-22.444677,-9.5233354,-22.721853,-9.1048755
4.9296875,-22.059902,-9.4291458,-22.332726,-8.8816108
4.9316406,-21.689442,-9.5489187,-21.96636,-9.1358604
4.9335937,-21.290787,-9.303646,-21.567268,-8.9740829
4.9355468,-20.881481,-8.7970266,-21.159685,-8.6813068
4.9375,-20.476784,-8.8474683,-20.774405,-8.3850202
4.9394531,-20.082655,-8.8915147,-20.377451,-8.3121767
4.9414062,-19.683834,-8.3565883,-19.960773,-8.291934
4.9433593,-19.26433,-8.1655368,-19.556578,-7.9046378
4.9453125,-18.849674,-8.279705,-19.155022,-7.6497645
4.9472656,-18.433975,-8.1895437,-18.729885,-7.5696811
4.9492187,-18.008568,-7.5334315,-18.30954,-7.5153732
4.9511718,-17.603079,-7.2490491,-17.886892,-7.2637724
4.953125,-17.178659,-7.7230277,-17.469917,-7.0802807
4.9550781,-16.7384,-7.4932208,-17.072577,-6.8343462
4.9570312,-16.321733,-6.7429518,-16.646852,-6.4788994
4.9589843,-15.903471,-6.4214043,-16.203428,-6.6229643
4.9609375,-15.474468,-6.7459306,-15.748977,-6.2150945
4.9628906,-15.025846,-6.7855219,-15.339704,-5.7141408
4.9648437,-14.591054,-6.0545501,-14.930712,-6.0405182
4.9667968,-14.16436,-5.5844621,-14.493724,-6.019061
4.96875,-13.697995,-5.9147291,-14.057515,-5.2391676
4.9707031,-13.249734,-6.0925602,-13.611539,-4.6500344
4.9726562,-12.833497,-5.2535929,-13.199961,-4.8506097
4.9746093,-12.403422,-4.4299516,-12.750954,-5.1227064
4.9765625,-11.931321,-4.8242549,-12.290364,-4.5200095
4.9785156,-11.467576,-5.4411315,-11.843025,-3.5623505
4.9804687,-11.051077,-4.5130825,-11.410479,-3.9449076
4.9824218,-10.603484,-3.2382471,-10.981423,-4.4411072
4.984375,-10.14051,-3.6546828,-10.522491,-3.3869226
4.9863281,-9.6708898,-4.2124943,-10.087191,-2.3092801
4.9882812,-9.2016906,-3.5344271,-9.6491603,-2.7782855
4.9902343,-8.7573843,-2.8355433,-9.2157602,-3.5829129
4.9921875,-8.3075237,-2.7633676,-8.734539,-2.2224953
4.9941406,-7.8535394,-2.5974171,-8.2559824,-0.73126596
4.9960937,-7.3787736,-2.1640238,-7.8268699,-1.5243823
4.9980468,-6.9205904,-1.8950771,-7.3425822,-2.3675632
5.0,-6.4790659,-1.4068017,-6.876049,-1.1843259
5.0019531,-5.9982981,-0.93692839,-6.4411625,0.39736643
5.0039062,-5.5114674,-0.99444562,-5.9790349,-0.3075195
5.0058593,-5.0707445,-0.82052141,-5.4883136,-0.89465612
5.0078125,-4.6135792,0.12208792,-5.0208492,0.63232589
5.0097656,-4.0963654,0.37227923,-4.5585107,1.0652779
5.0117187,-3.6339948,0.19979538,-4.0909476,-0.17477575
5.0136718,-3.1904518,0.59038603,-3.649784,-0.39405733
5.015625,-2.6926767,0.19266029,-3.1636335,0.68353164
5.0175781,-2.2140612,-0.20913678,-2.6787552,1.0284984
5.0195312,-1.731853,0.73236531,-2.216417,-0.02799443
5.0214843,-1.2716984,1.176778,-1.7253288,-0.70903492
5.0234375,-0.82680875,0.13760304,-1.2710129,0.53093678
5.0253906,-0.31416509,-0.38327426,-0.80956489,1.4165809
5.0273437,0.19146255,0.44785234,-0.33289909,0.30806318
5.0292968,0.63538694,1.4254542,0.1254364,-0.62275618
5.03125,1.0794113,0.60576111,0.61590999,-0.15195282
5.0332031,1.6031483,-0.35987997,1.100233,0.99608868
5.0351562,2.0983061,0.38163146,1.5740565,1.3927265
5.0371093,2.5107722,0.83166051,2.0407049,0.88049078
5.0390625,3.0077383,0.64844817,2.5329182,0.41097307
5.0410156,3.5573356,0.8305366,3.0308573,1.2638233
5.0429687,4.0237088,1.6006286,3.509993,2.9434046
5.0449218,4.4480676,2.1074016,3.9769823,3.2736811
5.046875,4.9337148,2.282267,4.4281821,2.6983625
5.0488281,5.4437351,2.9616296,4.9306159,2.9278042
5.0507812,5.8976707,3.8612499,5.402811,4.2052397
5.0527343,6.3432617,3.8884978,5.8803858,4.9483976
5.0546875,6.8562436,3.5632262,6.3731708,4.3724384
5.0566406,7.3639097,4.4878344,6.8437404,4.3486938
5.0585937,7.8136854,5.7042174,7.3480219,5.9441843
5.0605468,8.2707805,5.7964801,7.819621,6.601293
5.0625,8.7639532,5.3154687,8.3025198,5.4877944
5.0644531,9.2510585,5.6386265,8.770852,5.8278188
5.0664062,9.704585,6.6759362,9.2396755,7.1352067
5.0683593,10.19375,6.9068336,9.7114315,7.3662748
5.0703125,10.678865,7.1024122,10.185863,7.0588183
5.0722656,11.131241,7.4566183,10.67722,7.0827002
5.0742187,11.582378,7.2662653,11.128972,8.0479812
5.0761718,12.088503,7.5647068,11.585402,8.503972
5.078125,12.588813,8.253848,12.058573,8.4529314
5.0800781,12.981921,8.5415344,12.540342,8.4537363
5.0820312,13.448166,8.6853971,12.997004,8.6385145
5.0839843,13.98215,8.5494327,13.457763,9.3377065
5.0859375,14.427752,8.9512262,13.921818,9.3336095
5.0878906,14.826221,10.039021,14.396178,9.329626
5.0898437,15.315095,9.5698843,14.868984,9.6762895
5.0917968,15.83305,9.0229902,15.306746,10.239708
5.09375,16.278341,10.158477,15.755645,10.751396
5.0957031,16.697952,10.741453,16.226442,9.962778
5.0976562,17.141562,9.9338398,16.693962,9.8704786
5.0996093,17.626104,10.213345,17.140778,11.556065
5.1015625,18.073809,11.443049,17.597837,11.743511
5.1035156,18.49091,11.383389,18.056515,10.439272
5.1054687,18.930351,10.668036,18.506798,10.66554
5.1074218,19.391495,10.920942,18.969799,12.355466
5.109375,19.840134,12.014828,19.435091,12.434627
5.1113281,20.269716,12.131892,19.862278,11.091468
5.1132812,20.70504,11.643353,20.288778,11.877153
5.1152343,21.145226,11.868711,20.727987,13.152037
5.1171875,21.572273,12.536223,21.161249,12.641835
5.1191406,21.979725,12.773602,21.618986,11.844258
5.1210937,22.403666,12.514102,22.055475,12.659163
5.1230468,22.845648,12.574632,22.47879,13.911358
5.125,23.275459,12.990754,22.894697,13.181248
5.1269531,23.678387,13.445201,23.324444,12.59506
5.1289062,24.087902,13.297574,23.761696,13.625882
5.1308593,24.507994,12.894585,24.147778,14.375154
5.1328125,24.918573,13.491505,24.553242,13.697948
5.1347656,25.33736,14.325431,24.974352,12.986901
5.1367187,25.737133,13.932313,25.371494,14.085437
5.1386718,26.124598,13.525154,25.771263,15.246469
5.140625,26.503551,14.169242,26.179382,14.484101
5.1425781,26.898008,14.685338,26.587559,13.75879
5.1445312,27.311375,14.361816,26.977119,14.50673
5.1464843,27.671131,14.164783,27.366707,15.465104
5.1484375,28.046019,14.869095,27.74671,15.174396
5.1503906,28.431282,15.256318,28.120222,14.405455
5.1523437,28.796152,14.88168,28.488314,15.111995
5.1542968,29.171072,14.533113,28.825422,16.091955
5.15625,29.535889,15.199733,29.20018,15.590981
5.1582031,29.881832,16.163336,29.574415,14.896745
5.1601562,30.230858,15.555373,29.925692,15.749497
5.1621093,30.56613,14.776516,30.284449,16.731007
5.1640625,30.885477,15.700882,30.620033,15.987712
5.1660156,31.227528,16.636499,30.970844,15.448926
5.1679687,31.558361,16.053375,31.30368,16.282644
5.1699218,31.884733,15.547917,31.62999,16.93075
5.171875,32.163548,16.192734,31.964006,16.700064
5.1738281,32.464954,16.831503,32.27224,16.307341
5.1757812,32.789745,16.591824,32.572575,16.744061
5.1777343,33.091164,16.281607,32.854889,17.339689
5.1796875,33.400558,16.636158,33.167812,17.185135
5.1816406,33.641693,17.140608,33.484417,16.885162
5.1835937,33.919586,17.035044,33.771687,17.177837
5.1855468,34.252113,16.673319,34.045517,17.715256
5.1875,34.515896,17.086601,34.314091,17.688072
5.1894531,34.734383,17.770597,34.58168,17.415522
5.1914062,34.992493,17.444956,34.840961,17.71402
5.1933593,35.280708,16.935347,35.115746,18.225967
5.1953125,35.542488,17.543671,35.349438,18.102026
5.1972656,35.753822,18.407492,35.580959,17.917236
5.1992187,35.980923,17.916731,35.849953,18.200356
5.2011718,36.22263,17.015009,36.07935,18.517418
5.203125,36.438877,17.772779,36.284935,18.512995
5.2050781,36.651375,19.042492,36.513512,18.390894
5.2070312,36.836506,18.60829,36.741627,18.450487
5.2089843,37.038254,17.457861,36.943863,18.919167
5.2109375,37.247292,18.271797,37.131763,19.231266
5.2128906,37.435719,19.551502,37.329441,18.890789
5.2148437,37.61134,18.730251,37.521797,18.796921
5.2167968,37.788425,17.57159,37.699833,19.125328
5.21875,37.980766,18.202623,37.879974,19.363674
5.2207031,38.153011,19.541204,38.034019,19.135826
5.2226562,38.311562,19.211969,38.183475,18.932768
5.2246093,38.446991,17.983231,38.356827,19.359182
5.2265625,38.5783,18.279852,38.508045,19.691803
5.2285156,38.737469,19.519157,38.629772,19.443146
5.2304687,38.864967,19.606752,38.771751,19.156101
5.2324218,38.972698,18.656412,38.893955,19.453848
5.234375,39.094486,18.470224,38.989582,19.91864
5.2363281,39.203384,19.393091,39.116764,19.7169
5.2382812,39.299477,19.791758,39.229805,19.397236
5.2402343,39.387905,19.046995,39.320507,19.749424
5.2421875,39.464226,18.641485,39.393219,20.060246
5.2441406,39.535179,19.407681,39.463829,19.705969
5.2460937,39.599049,19.968683,39.553131,19.494179
5.2480468,39.656796,19.375483,39.616482,20.026117
5.25,39.717068,18.891783,39.672363,20.360022
5.2519531,39.765053,19.447645,39.728928,19.820143
5.2539062,39.80035,19.99052,39.764729,19.464264
5.2558593,39.835079,19.499462,39.798851,20.002369
5.2578125,39.86673,18.923723,39.833019,20.42502
5.2597656,39.893398,19.392113,39.831066,19.967215
5.2617187,39.907024,20.018906,39.85379,19.61396
5.2636718,39.909351,19.718168,39.892265,20.12598
5.265625,39.913712,19.185524,39.882229,20.418406
5.2675781,39.917416,19.165756,39.889778,20.139059
5.2695312,39.911495,18.883007,39.898628,19.891773
5.2714843,39.897633,17.786646,39.892845,19.421246
5.2734375,39.895687,17.13167,39.878273,18.19882
5.2753906,39.879448,17.864532,39.859566,17.374605
5.2773437,39.836437,18.492313,39.844723,18.398802
5.2792968,39.790298,17.661095,39.806801,19.324694
5.28125,39.741177,16.827154,39.743412,18.385208
5.2832031,39.684914,17.576321,39.678711,17.403812
5.2851562,39.606098,18.465591,39.637821,18.144114
5.2871093,39.520367,17.778534,39.547573,19.110264
5.2890625,39.444798,16.838427,39.450066,18.44696
5.2910156,39.368717,17.411486,39.382236,17.403879
5.2929687,39.275337,18.262321,39.296085,17.845003
5.2949218,39.168736,17.518885,39.21085,18.806549
5.296875,39.055435,16.415121,39.091232,18.296213
5.2988281,38.949326,16.918489,38.988003,17.144539
5.3007812,38.831352,17.910229,38.900661,17.38271
5.3027343,38.699009,17.340794,38.786987,18.467094
5.3046875,38.592941,16.138714,38.655449,18.209297
5.3066406,38.469044,16.420065,38.516293,16.807058
5.3085937,38.329723,17.39036,38.423027,16.707842
5.3105468,38.192604,16.900013,38.291988,17.862228
5.3125,38.032013,15.752637,38.140137,17.853264
5.3144531,37.877972,16.08742,38.008011,16.526117
5.3164062,37.715034,17.069983,37.82637,16.218948
5.3183593,37.553394,16.645119,37.686249,17.29579
5.3203125,37.392086,15.86125,37.538338,17.413174
5.3222656,37.200035,16.267157,37.347672,16.333429
5.3242187,37.03019,16.425966,37.191601,16.018955
5.3261718,36.858868,15.67426,37.027626,16.691088
5.328125,36.679295,15.444241,36.850719,16.839314
5.3300781,36.499161,15.902913,36.666267,16.058167
5.3320312,36.310112,15.875419,36.48085,15.663074
5.3339843,36.126167,15.162815,36.275646,16.027246
5.3359375,35.930218,14.916446,36.080284,16.243641
5.3378906,35.735897,15.452911,35.891876,15.792551
5.3398437,35.53455,15.457993,35.681877,15.378163
5.3417968,35.316349,14.702291,35.463654,15.608529
5.34375,35.10392,14.544566,35.220047,15.665272
5.3457031,34.888496,15.058829,34.994328,15.296272
5.3476562,34.668327,14.973338,34.780067,15.065456
5.3496093,34.45702,14.242846,34.550854,15.141006
5.3515625,34.234024,14.11713,34.300583,15.064453
5.3535156,33.994766,14.514514,34.07526,14.750503
5.3554687,33.753933,14.391979,33.850391,14.713393
5.3574218,33.518196,13.665133,33.590107,14.682494
5.359375,33.277115,13.526391,33.351418,14.449897
5.3613281,33.027718,14.217841,33.08992,14.254314
5.3632812,32.774853,13.985183,32.826981,14.139756
5.3652343,32.508591,13.092202,32.576267,14.132444
5.3671875,32.242088,13.102863,32.319771,14.065308
5.3691406,31.969826,13.664466,32.049202,13.668004
5.3710937,31.68771,13.390316,31.76368,13.455718
5.3730468,31.428286,12.710801,31.512144,13.716545
5.375,31.144461,12.767949,31.252199,13.609302
5.3769531,30.83654,13.026826,30.964842,13.124736
5.3789062,30.544661,12.941103,30.67354,12.968465
5.3808593,30.248278,12.358659,30.388573,13.075746
5.3828125,29.953087,12.142922,30.098772,12.94067
5.3847656,29.636806,12.491667,29.80617,12.516941
5.3867187,29.337194,12.423676,29.505047,12.480427
5.3886718,29.031624,12.001501,29.195944,12.774424
5.390625,28.704004,11.747954,28.879395,12.453282
5.3925781,28.400925,11.939472,28.567152,11.905915
5.3945312,28.065397,11.842871,28.268377,11.933402
5.3964843,27.751028,11.34793,27.936375,12.04235
5.3984375,27.423399,11.310383,27.618456,11.790536
5.4003906,27.075069,11.571213,27.290302,11.414295
5.4023437,26.767231,11.35168,26.944859,11.396999
5.4042968,26.421356,10.562917,26.624268,11.829542
5.40625,26.081053,10.707087,26.281549,11.501615
5.4082031,25.748304,11.157837,25.9177,10.688441
5.4101562,25.402185,10.589206,25.583784,10.849375
5.4121093,25.060734,10.151497,25.23909,11.132253
5.4140625,24.704887,10.163702,24.882881,10.984121
5.4160156,24.351818,10.451213,24.549204,10.375962
5.4179687,23.982882,10.264742,24.191593,9.9096183
5.4199218,23.612831,9.3535003,23.841457,10.455005
5.421875,23.257917,9.4100465,23.484028,10.49643
5.4238281,22.885094,10.335603,23.113749,9.7158012
5.4257812,22.518461,9.9899425,22.760662,9.647623
5.4277343,22.149403,8.6669073,22.377687,9.8131637
5.4296875,21.764963,8.597022,21.99213,9.4926395
5.4316406,21.39913,9.6000919,21.636227,9.3884334
5.4335937,21.019413,9.3125343,21.246161,9.3702497
5.4355468,20.62995,8.0856819,20.872246,8.8711805
5.4375,20.257706,8.0191974,20.478374,8.8453578
5.4394531,19.864796,8.6536941,20.078281,9.0592889
5.4414062,19.460094,8.7610673,19.71162,8.419444
5.4433593,19.086571,7.7705225,19.311321,8.2819452
5.4453125,18.689554,7.0885253,18.934614,8.48565
5.4472656,18.277369,7.8370347,18.513563,8.3767042
5.4492187,17.887087,8.3091507,18.104712,7.798357
5.4511718,17.477249,7.0450334,17.730133,7.1620907
5.453125,17.089622,6.076385,17.318899,7.8513217
5.4550781,16.695347,7.4527807,16.891853,8.038268
5.4570312,16.265736,7.7551846,16.482929,7.0879998
5.4589843,15.858496,5.9688482,16.087049,6.5948252
5.4609375,15.452931,5.3157405,15.663611,6.944766
5.4628906,15.039611,6.7745671,15.267884,7.0184636
5.4648437,14.625546,7.1312561,14.848506,6.3403444
5.4667968,14.205966,4.9362287,14.449707,6.0423574
5.46875,13.791966,4.6630659,14.070614,6.2711978
5.4707031,13.377726,6.0354032,13.645279,6.186551
5.4726562,12.946069,5.7435612,13.216714,5.2848444
5.4746093,12.521063,4.498013,12.795942,5.0255794
5.4765625,12.098369,3.8835053,12.381243,5.6072497
5.4785156,11.676201,4.5272836,11.950495,5.362473
5.4804687,11.262799,5.0460138,11.514413,4.3295464
5.4824218,10.81339,3.843723,11.071871,4.301208
5.484375,10.372808,2.8072028,10.632032,4.9068179
5.4863281,9.947009,3.2949733,10.200555,3.9424128
5.4882812,9.5237579,3.3607926,9.7842464,3.0919287
5.4902343,9.0922155,2.832452,9.3317089,3.9683573
5.4921875,8.6515426,2.1850872,8.8813362,3.885065
5.4941406,8.2178325,2.0513815,8.4687194,2.5382792
5.4960937,7.77041,2.5106825,8.0292577,2.5327391
5.4980468,7.3350176,1.7390545,7.574821,3.1110007
5.5,6.8838877,0.66778255,7.1191902,2.4362914
5.5019531,6.4414238,0.58991128,6.717453,1.4244489
5.5039062,5.9973235,1.0309032,6.2636289,1.4516923
5.5058593,5.551918,0.64325672,5.7825336,1.5247665
5.5078125,5.1297617,-0.86106426,5.3563342,0.9283942
5.5097656,4.6734113,-0.75713027,4.9238038,0.55237556
5.5117187,4.2147312,0.43179843,4.4858665,0.42238215
5.5136718,3.7668983,0.15163633,4.0087089,0.14134635
5.515625,3.3211317,-0.85887241,3.5641028,-0.18082348
5.5175781,2.8662934,-0.75586975,3.1235947,-0.2986773
5.5195312,2.4075813,0.40180159,2.6811549,-0.18391721
5.5214843,1.9568163,0.27912322,2.2297616,-0.087164029
5.5234375,1.4954606,-0.93836325,1.7482938,-0.11973902
5.5253906,1.0473777,-0.9234733,1.3147633,-0.16562271
5.5273437,0.60466427,0.22505552,0.84216177,-0.097096525
5.5292968,0.13003948,0.42024595,0.37237287,-0.35480407
5.53125,-0.33863553,-0.71563411,-0.040363237,-0.36115947
5.5332031,-0.7860961,-0.67168844,-0.50893027,0.15310942
5.5351562,-1.2539396,0.25793749,-0.99118584,-0.11383199
5.5371093,-1.7106699,-0.17409816,-1.4470813,-0.42078
5.5390625,-2.1675829,-1.0605896,-1.8974577,-0.41394457
5.5410156,-2.6304223,-1.340476,-2.3397316,-0.15101719
5.5429687,-3.0809421,-1.3560544,-2.7947087,-0.1608015
5.5449218,-3.5471916,-1.7057135,-3.2742729,-0.73216236
5.546875,-4.0045218,-2.7867023,-3.7652995,-0.83263272
5.5488281,-4.4509143,-3.4338867,-4.1955313,-1.2927693
5.5507812,-4.9114723,-2.9215817,-4.6465001,-1.6428808
5.5527343,-5.3701705,-3.1513323,-5.1068234,-1.9145557
5.5546875,-5.8140268,-4.6866488,-5.560368,-2.7164855
5.5566406,-6.269835,-5.3926835,-6.0740928,-3.1499259
5.5585937,-6.7395358,-4.7288441,-6.5203566,-3.1385114
5.5605468,-7.1960129,-4.5251631,-6.9159622,-3.4977917
5.5625,-7.6518955,-5.9521088,-7.3641347,-4.3109469
5.5644531,-8.1083889,-6.6123571,-7.8613123,-4.6418628
5.5664062,-8.5561685,-5.5066037,-8.3342046,-4.7105822
5.5683593,-9.0125875,-5.9714512,-8.7678251,-4.8990688
5.5703125,-9.4707346,-7.8221349,-9.2002172,-5.7844004
5.5722656,-9.9233245,-7.6388974,-9.6581258,-6.0677838
5.5742187,-10.374356,-6.8256769,-10.130724,-5.7326726
5.5761718,-10.828287,-7.4066891,-10.588857,-6.7093968
5.578125,-11.280484,-8.1650199,-11.027301,-7.0831279
5.5800781,-11.737066,-8.4657945,-11.455119,-6.6272821
5.5820312,-12.201687,-8.0400981,-11.946143,-6.9229359
5.5839843,-12.631202,-8.3780784,-12.425853,-7.8763332
5.5859375,-13.08427,-9.4076881,-12.843613,-8.2599773
5.5878906,-13.556007,-9.2683715,-13.278483,-7.4764466
5.5898437,-13.996051,-9.0168256,-13.733077,-7.8189201
5.5917968,-14.468225,-9.7495403,-14.186996,-9.1522474
5.59375,-14.91258,-9.9443626,-14.655553,-8.9109478
5.5957031,-15.348266,-9.5303707,-15.103887,-8.0496788
5.5976562,-15.823583,-10.467031,-15.514791,-9.1254806
5.5996093,-16.263746,-10.735853,-15.956402,-10.397973
5.6015625,-16.6978,-9.9996156,-16.402668,-9.435853
5.6035156,-17.170723,-10.771291,-16.879835,-8.9373388
5.6054687,-17.615753,-11.516972,-17.342941,-9.9980268
5.6074218,-18.055086,-10.953366,-17.754087,-10.872452
5.609375,-18.517155,-10.947897,-18.177351,-10.445715
5.6113281,-18.957478,-11.873006,-18.609875,-9.846054
5.6132812,-19.401361,-12.08446,-19.047186,-10.826773
5.6152343,-19.845009,-11.78837,-19.475801,-11.596125
5.6171875,-20.301817,-11.705096,-19.916273,-10.988116
5.6191406,-20.744083,-12.218013,-20.350693,-10.688169
5.6210937,-21.172405,-12.761738,-20.78442,-11.583192
5.6230468,-21.611475,-12.417506,-21.248102,-12.034182
5.625,-22.057346,-12.753682,-21.688972,-11.93501
5.6269531,-22.507008,-13.101504,-22.103195,-11.534182
5.6289062,-22.92535,-12.93609,-22.537418,-12.003117
5.6308593,-23.358147,-13.212744,-22.936052,-13.114016
5.6328125,-23.816608,-13.330856,-23.358971,-12.495957
5.6347656,-24.231594,-13.914277,-23.799381,-12.417772
5.6367187,-24.639286,-13.712966,-24.199528,-12.881907
5.6386718,-25.08882,-13.274499,-24.624626,-12.601674
5.640625,-25.524,-14.295078,-25.023096,-13.042142
5.6425781,-25.926428,-14.491491,-25.442123,-13.562485
5.6445312,-26.34432,-13.684037,-25.872206,-13.388899
5.6464843,-26.766909,-14.422209,-26.258955,-13.270475
5.6484375,-27.169329,-15.31057,-26.653099,-13.893005
5.6503906,-27.586918,-14.410797,-27.036409,-14.321033
5.6523437,-27.990377,-14.128095,-27.451548,-13.588206
5.6542968,-28.387341,-15.160609,-27.876007,-13.742482
5.65625,-28.782156,-16.099249,-28.247547,-14.673365
5.6582031,-29.170662,-15.208431,-28.632879,-14.744678
5.6601562,-29.577543,-14.297903,-29.028534,-14.320427
5.6621093,-29.965458,-15.633336,-29.401379,-14.22945
5.6640625,-30.338068,-16.592537,-29.779177,-15.150888
5.6660156,-30.719679,-15.834962,-30.182465,-15.387861
5.6679687,-31.096859,-15.046933,-30.541349,-14.556062
5.6699218,-31.457729,-16.230431,-30.893604,-14.952351
5.671875,-31.816267,-17.17721,-31.282162,-15.997673
5.6738281,-32.173031,-15.970842,-31.62921,-15.615776
5.6757812,-32.531231,-15.474388,-31.989553,-15.059674
5.6777343,-32.88398,-17.027029,-32.363525,-15.73245
5.6796875,-33.220768,-17.663366,-32.707836,-16.190468
5.6816406,-33.555401,-16.295134,-33.037178,-15.656788
5.6835937,-33.883007,-16.19005,-33.370041,-15.897776
5.6855468,-34.207905,-17.57761,-33.705425,-16.719276
5.6875,-34.520279,-17.813835,-34.029648,-16.389469
5.6894531,-34.819542,-16.774426,-34.360184,-15.932182
5.6914062,-35.14151,-16.767611,-34.683651,-16.507828
5.6933593,-35.427013,-18.023914,-34.986736,-17.211401
5.6953125,-35.695755,-18.247677,-35.295284,-16.895588
5.6972656,-35.976051,-17.534824,-35.564159,-16.507755
5.6992187,-36.244709,-17.454882,-35.83559,-16.833803
5.7011718,-36.51585,-18.052792,-36.145264,-17.234747
5.703125,-36.758953,-18.361773,-36.394615,-17.343624
5.7050781,-37.001556,-18.208094,-36.648186,-17.123478
5.7070312,-37.241096,-18.107853,-36.925072,-17.169107
5.7089843,-37.467182,-18.341434,-37.175461,-17.615368
5.7109375,-37.681625,-18.654072,-37.424473,-17.808243
5.7128906,-37.892345,-18.586262,-37.640511,-17.543514
5.7148437,-38.093861,-18.505577,-37.825733,-17.35697
5.7167968,-38.29026,-18.710159,-38.046883,-17.822075
5.71875,-38.47279,-18.976894,-38.253651,-18.222418
5.7207031,-38.628189,-18.93778,-38.428551,-17.962076
5.7226562,-38.795021,-18.697653,-38.632771,-17.720745
5.7246093,-38.944607,-18.890707,-38.798206,-17.97744
5.7265625,-39.095863,-19.356472,-38.958897,-18.335186
5.7285156,-39.222191,-19.308462,-39.120228,-18.123823
5.7304687,-39.328114,-18.994589,-39.238899,-17.916754
5.7324218,-39.457294,-19.116802,-39.374352,-18.343636
5.734375,-39.565918,-19.602016,-39.493137,-18.678474
5.7363281,-39.654243,-19.780628,-39.586723,-18.472164
5.7382812,-39.735203,-19.273577,-39.66684,-18.288223
5.7402343,-39.821815,-19.122292,-39.75436,-18.607962
5.7421875,-39.896469,-19.724312,-39.831459,-18.958982
5.7441406,-39.960304,-19.950806,-39.892273,-18.806908
5.7460937,-40.019478,-19.511509,-39.970066,-18.544182
5.7480468,-40.054916,-19.301828,-40.020409,-18.722593
5.75,-40.099056,-19.695656,-40.0672,-18.950651
5.7519531,-40.149925,-19.951578,-40.107258,-18.776579
5.7539062,-40.170479,-19.733257,-40.138588,-18.570499
5.7558593,-40.195156,-19.498322,-40.163162,-18.799553
5.7578125,-40.216366,-19.644337,-40.17313,-19.081596
5.7597656,-40.215618,-19.901413,-40.192822,-18.93589
5.7617187,-40.232288,-19.777739,-40.187477,-19.012306
5.7636718,-40.22678,-19.539694,-40.184555,-19.129438
5.765625,-40.217239,-19.471199,-40.192184,-18.832024
5.7675781,-40.221035,-19.093908,-40.184505,-18.701595
5.7695312,-40.206299,-18.833899,-40.183441,-18.49021
5.7714843,-40.182587,-19.431398,-40.176777,-17.983856
5.7734375,-40.152035,-19.631586,-40.159115,-18.218067
5.7753906,-40.135624,-18.878456,-40.141365,-18.927877
5.7773437,-40.095863,-18.645306,-40.105015,-18.553391
5.7792968,-40.055489,-19.316635,-40.053867,-17.784369
5.78125,-40.009289,-19.413145,-40.023582,-17.99155
5.7832031,-39.9506,-18.595049,-39.972965,-18.639381
5.7851562,-39.899227,-18.424421,-39.911339,-18.492197
5.7871093,-39.820187,-19.152433,-39.862476,-17.72957
5.7890625,-39.751186,-19.183901,-39.799286,-17.777689
5.7910156,-39.679153,-18.316343,-39.725491,-18.38014
5.7929687,-39.597591,-18.168425,-39.63039,-18.193964
5.7949218,-39.507595,-18.838207,-39.54723,-17.45121
5.796875,-39.405273,-18.788832,-39.464466,-17.482424
5.7988281,-39.302673,-17.944687,-39.365273,-18.153593
5.8007812,-39.207844,-17.854441,-39.262615,-17.977484
5.8027343,-39.102333,-18.552244,-39.145172,-17.123159
5.8046875,-38.978775,-18.462864,-39.04002,-17.122087
5.8066406,-38.862511,-17.556257,-38.936375,-17.74725
5.8085937,-38.732464,-17.331343,-38.811523,-17.463501
5.8105468,-38.59359,-18.056625,-38.689342,-16.633297
5.8125,-38.457279,-18.154161,-38.558002,-16.611691
5.8144531,-38.310783,-17.246277,-38.404045,-17.157215
5.8164062,-38.154045,-16.972155,-38.229687,-17.089329
5.8183593,-38.00351,-17.636488,-38.095787,-16.459995
5.8203125,-37.83186,-17.700283,-37.966698,-16.425272
5.8222656,-37.66061,-16.857155,-37.775234,-16.9422
5.8242187,-37.500851,-16.56789,-37.595528,-16.702248
5.8261718,-37.316902,-17.206751,-37.414776,-15.76705
5.828125,-37.136616,-17.248987,-37.240997,-15.836829
5.8300781,-36.953892,-16.369898,-37.057392,-16.655933
5.8320312,-36.755192,-16.06245,-36.858105,-16.394814
5.8339843,-36.556709,-16.739559,-36.681931,-15.407351
5.8359375,-36.366631,-16.78072,-36.469585,-15.296029
5.8378906,-36.156593,-15.852623,-36.24593,-16.031887
5.8398437,-35.949848,-15.67837,-36.050255,-15.873891
5.8417968,-35.746174,-16.171532,-35.839329,-15.097166
5.84375,-35.525661,-16.186399,-35.610611,-15.02648
5.8457031,-35.310501,-15.425018,-35.395851,-15.493076
5.8476562,-35.07436,-15.131521,-35.168816,-16.067186
5.8496093,-34.841663,-15.513617,-34.931789,-15.154776
5.8515625,-34.611397,-16.049995,-34.711391,-13.786796
5.8535156,-34.371353,-16.222013,-34.497589,-14.462757
5.8554687,-34.138783,-14.585835,-34.264633,-15.55287
5.8574218,-33.90107,-13.847107,-34.023308,-14.726458
5.859375,-33.667419,-15.182384,-33.804638,-13.321562
5.8613281,-33.429859,-15.471083,-33.560394,-13.740746
5.8632812,-33.182735,-14.106166,-33.303223,-14.840931
5.8652343,-32.925735,-13.347023,-33.056484,-14.348267
5.8671875,-32.659378,-14.469628,-32.798054,-13.02762
5.8691406,-32.396038,-14.958751,-32.547775,-13.10605
5.8710937,-32.13018,-13.613353,-32.284298,-14.181568
5.8730468,-31.850431,-13.03205,-32.006027,-13.953234
5.875,-31.569063,-13.987869,-31.728514,-12.573548
5.8769531,-31.294146,-14.258159,-31.46347,-12.441514
5.8789062,-30.996603,-13.140264,-31.176825,-13.51602
5.8808593,-30.708456,-12.616134,-30.860085,-13.487612
5.8828125,-30.416988,-13.490989,-30.59046,-12.26322
5.8847656,-30.096951,-13.637099,-30.323067,-11.887938
5.8867187,-29.805779,-12.460867,-30.014446,-12.88876
5.8886718,-29.505972,-12.16991,-29.707184,-12.938772
5.890625,-29.177074,-12.986541,-29.407738,-11.620152
5.8925781,-28.858446,-12.953944,-29.092026,-11.402893
5.8945312,-28.546299,-11.860525,-28.762505,-12.282986
5.8964843,-28.223215,-11.632267,-28.42971,-12.192867
5.8984375,-27.899792,-12.336286,-28.106798,-11.212984
5.9003906,-27.563049,-12.326065,-27.786045,-11.043895
5.9023437,-27.217772,-11.465343,-27.441765,-11.577858
5.9042968,-26.88471,-11.046781,-27.101995,-11.469637
5.90625,-26.538252,-11.57338,-26.768858,-10.7843
5.9082031,-26.182655,-11.772829,-26.427616,-10.538015
5.9101562,-25.833426,-11.019608,-26.068691,-10.874454
5.9121093,-25.47139,-10.455713,-25.713572,-10.867222
5.9140625,-25.105169,-10.921375,-25.354099,-10.191739
5.9160156,-24.744911,-11.128494,-24.966055,-10.020955
5.9179687,-24.379648,-10.315204,-24.61706,-10.305108
5.9199218,-24.014727,-9.9154787,-24.252813,-10.142476
5.921875,-23.626627,-10.333241,-23.84968,-9.7190237
5.9238281,-23.234646,-10.422015,-23.483913,-9.5494203
5.9257812,-22.850893,-9.7037544,-23.115791,-9.6410112
5.9277343,-22.482285,-9.5194101,-22.7498,-9.3708248
5.9296875,-22.086901,-9.8816518,-22.353952,-9.0617551
5.9316406,-21.67684,-9.5519466,-21.947189,-9.0164022
5.9335937,-21.291952,-8.9777813,-21.557095,-8.8309011
5.9355468,-20.889318,-8.897726,-21.165266,-8.6031007
5.9375,-20.49301,-9.1531066,-20.792828,-8.5839767
5.9394531,-20.093145,-8.7999982,-20.375523,-8.4591569
5.9414062,-19.679552,-8.3692216,-19.955189,-8.0619211
5.9433593,-19.257057,-8.2499733,-19.550047,-7.9409475
5.9453125,-18.861227,-8.154355,-19.148226,-7.9525303
5.9472656,-18.448225,-8.0651111,-18.738243,-7.6268558
5.9492187,-18.023163,-7.760322,-18.306063,-7.2934222
5.9511718,-17.613876,-7.5942659,-17.884645,-7.2253956
5.953125,-17.177979,-7.3609023,-17.463318,-7.129867
5.9550781,-16.77957,-7.2519145,-17.049129,-6.7425494
5.9570312,-16.34667,-6.9739694,-16.609764,-6.4998245
5.9589843,-15.880672,-6.6957712,-16.178638,-6.5167694
5.9609375,-15.46044,-6.9253759,-15.77248,-6.1794757
5.9628906,-15.029926,-6.3569021,-15.334268,-5.8699908
5.9648437,-14.575783,-5.9244537,-14.909441,-6.0730562
5.9667968,-14.135141,-6.1885867,-14.493357,-6.0284881
5.96875,-13.702324,-5.9181466,-14.060876,-5.1195216
5.9707031,-13.271882,-5.4738655,-13.636201,-4.3921027
5.9726562,-12.826001,-4.9835195,-13.196526,-4.9378619
5.9746093,-12.356649,-5.1521172,-12.739163,-5.3680663
5.9765625,-11.928958,-5.2173576,-12.291788,-4.3390245
5.9785156,-11.477522,-4.1458344,-11.863942,-3.5399467
5.9804687,-11.024871,-4.1084437,-11.420707,-3.9666051
5.9824218,-10.607351,-4.5707254,-10.967683,-3.9681046
5.984375,-10.124952,-3.9200542,-10.532648,-3.1314609
5.9863281,-9.6600408,-3.0583877,-10.078205,-2.6951355
5.9882812,-9.221673,-2.8487026,-9.6318416,-3.047307
5.9902343,-8.7585077,-3.5281503,-9.1657609,-2.848694
5.9921875,-8.3100061,-3.3065142,-8.6959419,-1.7823592
5.9941406,-7.835824,-1.7079091,-8.268939,-1.2748985
5.9960937,-7.3480544,-1.5294369,-7.8172326,-1.7534446
5.9980468,-6.8941288,-2.3945093,-7.3433442,-1.8531918
6.0,-6.4394583,-1.8799294,-6.876636,-0.45379773
6.0019531,-5.9763217,-0.80851781,-6.4146032,0.35835037
6.0039062,-5.5097603,-0.50618249,-5.9384179,-0.58992159
6.0058593,-5.029685,-0.47375581,-5.4811625,-0.56201464
6.0078125,-4.566997,-0.11654894,-5.0289926,0.61574978
6.0097656,-4.1042041,0.50611925,-4.5778508,1.0375582
6.0117187,-3.6180248,0.78573513,-4.1310429,0.37341154
6.0136718,-3.1389496,0.29553616,-3.6341693,-0.78564191
6.015625,-2.6635162,-0.037505034,-3.1385605,-0.11767724
6.0175781,-2.1644592,0.29141515,-2.698883,1.1374474
6.0195312,-1.6981951,0.74634796,-2.2329666,0.7777068
6.0214843,-1.2491171,0.55846596,-1.7456129,0.094421461
6.0234375,-0.73230606,0.050272353,-1.2967807,-0.27291271
6.0253906,-0.23083358,0.40695435,-0.81336468,0.24254453
6.0273437,0.21850844,0.77367306,-0.32120356,0.90061051
6.0292968,0.65671736,0.24672961,0.14323397,0.3377212
6.03125,1.158951,0.18281154,0.61188108,-0.16866942
6.0332031,1.692831,0.94136214,1.0828416,0.3860431
6.0351562,2.1356463,0.75065279,1.5703778,0.77522421
6.0371093,2.5784463,-0.47637635,2.0666198,0.80534273
6.0390625,3.0673484,-0.19885761,2.5460648,1.2656002
6.0410156,3.5667357,1.9873777,3.0134584,2.0177235
6.0429687,4.0443267,2.3631045,3.4961981,1.8505979
6.0449218,4.4664244,0.93407643,3.9725995,1.931499
6.046875,4.9501624,1.6113725,4.4408965,3.2166957
6.0488281,5.4886608,3.8571457,4.9145259,4.0401577
6.0507812,5.9298644,4.1493587,5.3914918,3.6241414
6.0527343,6.3776588,2.9295833,5.8603067,3.4603829
6.0546875,6.8957095,3.3318643,6.3202199,4.9865603
6.0566406,7.3578438,5.1499276,6.8008866,5.6586027
6.0585937,7.8064761,5.8448934,7.2730464,4.9279375
6.0605468,8.3035888,5.0945243,7.7636261,5.0410008
6.0625,8.8097066,5.0835332,8.2515354,6.5221624
6.0644531,9.2803802,5.9857626,8.7288789,6.9786667
6.0664062,9.7327346,6.7879967,9.2172679,6.0991087
6.0683593,10.206929,6.7483525,9.6718387,6.1781311
6.0703125,10.681747,6.7293419,10.152801,7.5901312
6.0722656,11.166535,7.5333752,10.635792,8.4213314
6.0742187,11.642084,7.4433984,11.078539,7.4136056
6.0761718,12.08639,7.494719,11.563907,7.468059
6.078125,12.557291,8.2091732,12.054152,8.7882251
6.0800781,13.039833,8.6625986,12.506614,8.9063673
6.0820312,13.505246,8.6962728,12.990924,8.3152227
6.0839843,13.942556,8.663907,13.453962,8.8753271
6.0859375,14.383798,9.2425508,13.90352,9.6760997
6.0878906,14.866207,9.5971889,14.392903,9.7850523
6.0898437,15.328206,9.5562686,14.843157,9.8514652
6.0917968,15.797995,9.5470752,15.295098,9.7709827
6.09375,16.23311,9.7394924,15.771111,9.8134746
6.0957031,16.674633,10.257973,16.219097,10.599919
6.0976562,17.163179,10.95209,16.677225,11.138934
6.0996093,17.612581,10.818889,17.132914,10.392294
6.1015625,18.057714,10.154466,17.589437,10.498487
6.1035156,18.476965,10.723083,18.036528,11.516726
6.1054687,18.9291,11.810883,18.481741,11.941817
6.1074218,19.392248,11.643672,18.947912,11.621853
6.109375,19.833851,11.07768,19.385229,11.313128
6.1113281,20.289625,11.723134,19.821459,11.929481
6.1132812,20.69072,12.563248,20.276892,12.643667
6.1152343,21.107967,12.049727,20.737219,12.548497
6.1171875,21.59411,11.71042,21.149153,12.069978
6.1191406,22.032104,12.89,21.574156,12.331939
6.1210937,22.403648,13.449851,22.020615,13.174786
6.1230468,22.821236,12.359961,22.438848,13.443281
6.125,23.270409,12.121459,22.850985,13.012621
6.1269531,23.7138,13.812039,23.266806,13.143032
6.1289062,24.095345,14.215319,23.694611,13.630633
6.1308593,24.449383,12.88203,24.092255,13.89002
6.1328125,24.90361,12.952003,24.542688,13.746241
6.1347656,25.342459,14.229684,24.963675,13.757467
6.1367187,25.722521,14.475357,25.350138,14.322413
6.1386718,26.100121,13.77222,25.758764,14.229184
6.140625,26.499243,13.682135,26.139534,14.22633
6.1425781,26.907763,14.448232,26.558096,14.669066
6.1445312,27.283667,15.011192,26.956623,14.947842
6.1464843,27.666182,14.614693,27.346777,14.816111
6.1484375,28.051043,14.313167,27.732359,14.745511
6.1503906,28.454456,14.885061,28.122478,15.3156
6.1523437,28.808714,15.374168,28.494696,15.340174
6.1542968,29.106579,15.100845,28.826786,15.203702
6.15625,29.500608,14.978976,29.211441,15.606051
6.1582031,29.89374,15.577532,29.575626,15.856537
6.1601562,30.193008,16.034184,29.93309,15.822131
6.1621093,30.500692,15.639679,30.285965,15.755681
6.1640625,30.859756,15.244228,30.59972,16.087713
6.1660156,31.206844,16.070574,30.933136,16.352993
6.1679687,31.491314,16.731544,31.277529,16.30106
6.1699218,31.798378,16.183935,31.626675,16.591951
6.171875,32.139046,15.847181,31.956053,16.839464
6.1738281,32.464809,16.452749,32.269264,16.580412
6.1757812,32.758862,17.078184,32.573826,16.508341
6.1777343,33.039547,16.818754,32.860703,17.116888
6.1796875,33.35434,16.309631,33.148273,17.493145
6.1816406,33.663174,16.701464,33.443863,17.127241
6.1835937,33.946865,17.368645,33.749821,17.064402
6.1855468,34.203068,17.305937,34.043819,17.615751
6.1875,34.486103,16.914888,34.310734,17.94692
6.1894531,34.766869,17.100542,34.58247,17.588575
6.1914062,35.011688,17.711645,34.845684,17.403233
6.1933593,35.27589,17.791597,35.095924,18.050566
6.1953125,35.5308,17.524406,35.357616,18.532612
6.1972656,35.769283,17.562901,35.60318,18.128756
6.1992187,35.986736,17.936726,35.838745,17.834606
6.2011718,36.210426,18.076904,36.066837,18.497349
6.203125,36.43108,18.018286,36.299282,18.905815
6.2050781,36.641968,18.248518,36.5341,18.516626
6.2070312,36.845261,18.602098,36.736855,18.394716
6.2089843,37.032295,18.759634,36.946808,18.839918
6.2109375,37.248856,18.349779,37.119118,19.082289
6.2128906,37.455082,18.076097,37.287624,18.808189
6.2148437,37.628754,18.617849,37.514767,19.08448
6.2167968,37.79776,18.960793,37.687199,19.684597
6.21875,37.98151,18.570038,37.849232,19.357037
6.2207031,38.168781,18.355976,38.029682,18.705557
6.2226562,38.310188,18.836863,38.179359,19.008152
6.2246093,38.444626,19.216173,38.34341,19.866348
6.2265625,38.59893,18.919579,38.481514,19.68548
6.2285156,38.746498,18.662066,38.620399,19.00956
6.2304687,38.866123,19.058128,38.77198,19.291962
6.2324218,38.965305,19.475147,38.890366,20.000149
6.234375,39.080219,19.218302,39.012749,19.914099
6.2363281,39.192734,18.890602,39.104473,19.262892
6.2382812,39.28717,19.20887,39.20858,19.45182
6.2402343,39.362068,19.688843,39.298985,20.169037
6.2421875,39.436756,19.524466,39.370003,20.17597
6.2441406,39.519611,19.054375,39.477558,19.636086
6.2460937,39.581276,19.25614,39.53627,19.656408
6.2480468,39.637524,19.852528,39.596649,20.245964
6.25,39.698311,19.792723,39.658989,20.177782
6.2519531,39.751793,19.208277,39.703892,19.685913
6.2539062,39.802967,19.204927,39.771084,19.86183
6.2558593,39.835155,19.779226,39.803432,20.337761
6.2578125,39.85659,19.868479,39.824108,20.215946
6.2597656,39.878967,19.24922,39.847599,19.705063
6.2617187,39.897659,19.2297,39.862835,19.879383
6.2636718,39.907772,19.876911,39.865341,20.450676
6.265625,39.916416,19.782785,39.865578,20.319534
6.2675781,39.909744,19.375269,39.87925,20.14254
6.2695312,39.904297,18.800383,39.869228,20.059626
6.2714843,39.910915,17.60874,39.858261,19.620398
6.2734375,39.88689,17.310789,39.861801,18.507736
6.2753906,39.871422,18.25901,39.859894,17.498159
6.2773437,39.84137,18.43515,39.822224,18.401173
6.2792968,39.787521,17.45994,39.78252,19.313162
6.28125,39.736736,17.071747,39.733086,18.336557
6.2832031,39.66832,17.928045,39.674305,17.502647
6.2851562,39.592678,18.392696,39.639542,18.38129
6.2871093,39.520699,17.58536,39.567822,19.265638
6.2890625,39.440636,17.103064,39.480614,18.32708
6.2910156,39.349998,17.801691,39.386147,17.271946
6.2929687,39.258419,18.143869,39.296242,18.0014
6.2949218,39.152653,17.235415,39.213703,18.970299
6.296875,39.044968,16.699327,39.101498,18.329567
6.2988281,38.944679,17.401974,38.986744,17.273319
6.3007812,38.826698,17.854382,38.884918,17.613876
6.3027343,38.700413,17.039597,38.776066,18.576954
6.3046875,38.589867,16.252266,38.63723,18.174545
6.3066406,38.44891,16.803019,38.527431,16.919224
6.3085937,38.300053,17.377033,38.415428,17.020735
6.3105468,38.165569,16.700642,38.270164,17.975668
6.3125,38.004776,16.05298,38.141361,17.665825
6.3144531,37.861515,16.567726,38.005177,16.556021
6.3164062,37.713322,17.038986,37.860683,16.585192
6.3183593,37.539478,16.424515,37.70599,17.412024
6.3203125,37.377247,16.038681,37.549194,17.214569
6.3222656,37.202835,16.454712,37.380726,16.272999
6.3242187,37.022285,16.347513,37.208897,16.208595
6.3261718,36.854362,15.701135,37.016823,16.889317
6.328125,36.680431,15.67101,36.823334,16.803602
6.3300781,36.503342,16.030045,36.652763,15.999701
6.3320312,36.319401,15.826619,36.476009,15.992184
6.3339843,36.123924,15.283546,36.285664,16.450806
6.3359375,35.930649,15.135314,36.072067,16.121563
6.3378906,35.736118,15.437578,35.877846,15.500941
6.3398437,35.529541,15.468745,35.671524,15.567686
6.3417968,35.316559,14.925539,35.456013,15.961256
6.34375,35.112106,14.751109,35.236233,15.768345
6.3457031,34.895828,15.083372,35.009735,15.153741
6.3476562,34.674885,14.8447,34.781265,15.036916
6.3496093,34.459015,14.410748,34.546337,15.362172
6.3515625,34.222733,14.442188,34.313721,15.285922
6.3535156,33.981728,14.488875,34.065853,14.750086
6.3554687,33.754967,14.27962,33.829189,14.575804
6.3574218,33.524094,13.928732,33.583767,14.819384
6.359375,33.269176,13.91933,33.341774,14.711915
6.3613281,33.015541,14.026622,33.079578,14.303486
6.3632812,32.76355,13.751912,32.823032,14.084011
6.3652343,32.503883,13.317605,32.596798,14.163871
6.3671875,32.248848,13.515701,32.326221,14.217363
6.3691406,31.96624,13.800359,32.050068,13.983409
6.3710937,31.675596,13.102814,31.782312,13.45682
6.3730468,31.404127,12.801012,31.502041,13.379895
6.375,31.129089,13.197388,31.226366,13.795824
6.3769531,30.834957,13.181738,30.949829,13.573904
6.3789062,30.539541,12.647532,30.664059,12.958037
6.3808593,30.247437,12.412053,30.37536,12.832233
6.3828125,29.937746,12.568033,30.07756,13.150847
6.3847656,29.646946,12.510101,29.780636,12.971664
6.3867187,29.343897,12.379989,29.488644,12.362592
6.3886718,29.009846,12.101844,29.186911,12.493294
6.390625,28.709776,11.889679,28.86706,12.654961
6.3925781,28.392563,11.822768,28.555523,12.158381
6.3945312,28.065247,11.889352,28.246662,11.892643
6.3964843,27.752289,11.849078,27.9375,11.888709
6.3984375,27.416063,11.503066,27.623522,12.226129
6.4003906,27.089138,11.207856,27.278183,11.85397
6.4023437,26.751474,11.014382,26.95944,11.063379
6.4042968,26.415426,11.261752,26.645651,11.615678
6.40625,26.084213,11.284765,26.283297,11.724022
6.4082031,25.732151,10.449461,25.92454,10.99288
6.4101562,25.392853,10.209489,25.603498,10.726583
6.4121093,25.044048,10.975856,25.252457,11.072846
6.4140625,24.693127,10.989017,24.898449,11.041186
6.4160156,24.341721,9.6891918,24.569525,10.239641
6.4179687,23.980469,9.5990085,24.222689,10.260954
6.4199218,23.622721,10.506946,23.84062,10.709867
6.421875,23.249601,10.140943,23.466343,10.168518
6.4238281,22.892378,9.3635091,23.127573,9.5271911
6.4257812,22.5329,9.225418,22.740116,9.8662633
6.4277343,22.15873,9.5160083,22.349586,10.140376
6.4296875,21.777203,9.4305343,21.976704,9.5300512
6.4316406,21.402018,8.9762506,21.61953,9.1948442
6.4335937,21.025618,8.4277105,21.225489,9.5735044
6.4355468,20.63822,8.5961561,20.823257,9.1838102
6.4375,20.260307,9.16578,20.463718,8.3883295
6.4394531,19.861584,8.5676336,20.062996,8.7543687
6.4414062,19.466984,7.5864987,19.687447,9.2165088
6.4433593,19.074955,7.8134517,19.298716,8.5338192
6.4453125,18.682457,8.6252536,18.898289,7.852755
6.4472656,18.295231,7.9258933,18.501499,8.144762
6.4492187,17.889513,6.7217946,18.07922,8.4047231
6.4511718,17.481131,7.0907053,17.707912,7.5552763
6.453125,17.095074,7.8300843,17.314432,7.2342591
6.4550781,16.695866,7.2831473,16.896116,7.858386
6.4570312,16.278646,6.0342583,16.50799,7.3014812
6.4589843,15.872363,6.2263159,16.083519,6.6916995
6.4609375,15.455782,7.1362032,15.676944,6.8092575
6.4628906,15.045422,6.1634163,15.288452,6.7604761
6.4648437,14.632892,5.2498197,14.869987,6.7621555
6.4667968,14.212816,6.1130695,14.446037,6.180027
6.46875,13.78262,6.0714459,14.019976,5.6521196
6.4707031,13.36036,4.8265948,13.603019,5.9908537
6.4726562,12.953708,4.5674672,13.180537,5.8757271
6.4746093,12.514872,5.1063818,12.764829,5.4858102
6.4765625,12.084146,5.2307615,12.334497,4.9552602
6.4785156,11.665375,4.2465839,11.903903,4.7000565
6.4804687,11.237628,3.4367737,11.494363,5.1760358
6.4824218,10.812261,4.1176028,11.069874,4.9048957
6.484375,10.379272,4.0388031,10.640679,3.8167798
6.4863281,9.9420614,2.830703,10.214227,3.7027783
6.4882812,9.5158796,2.7989928,9.7850208,4.2916345
6.4902343,9.0856199,2.9350376,9.3357324,3.4683721
6.4921875,8.6350545,2.5646829,8.9189167,2.9042205
6.4941406,8.1991796,2.0905404,8.4803428,2.9762995
6.4960937,7.7592668,1.5903617,8.0225935,2.8078401
6.4980468,7.3304395,1.4689656,7.6101889,2.6730351
6.5,6.8912811,1.181319,7.1604719,1.7047811
6.5019531,6.4452934,1.0307167,6.7486376,1.5695937
6.5039062,6.003642,0.31975344,6.3036665,1.9856926
6.5058593,5.5512628,-0.51042145,5.8449602,1.2123967
6.5078125,5.1199255,-0.13263823,5.4188633,0.5445959
6.5097656,4.6525988,0.16008949,4.9493165,0.34016705
6.5117187,4.2151641,-0.15818477,4.5014696,0.37468362
6.5136718,3.7705004,-0.74353504,4.01618,0.4786303
6.515625,3.3034961,-0.5835768,3.5640394,-0.39056942
6.5175781,2.8620541,0.24274658,3.1237065,-0.67634493
6.5195312,2.3969659,-0.030231288,2.6744737,0.18750197
6.5214843,1.939599,-0.67965239,2.2254924,0.11985044
6.5234375,1.4964892,-0.2808364,1.7585626,-0.34038731
6.5253906,1.0463879,0.17507201,1.3022891,-0.29696423
6.5273437,0.57281023,-0.41186428,0.84499669,0.034180783
6.5292968,0.12771948,-0.56913793,0.42367196,-0.08822114
6.53125,-0.3292844,-0.3296729,-0.074961871,-0.20393221
6.5332031,-0.79912204,-0.32937944,-0.53642106,-0.18328415
6.5351562,-1.2469778,0.021215437,-0.94822764,-0.58458024
6.5371093,-1.7103465,-0.15506443,-1.4072225,-0.11850239
6.5390625,-2.1703236,-0.58230883,-1.8780732,0.074623585
6.5410156,-2.6186599,-0.9858768,-2.3542621,-0.54562253
6.5429687,-3.0772852,-1.3967373,-2.7893257,-0.33274832
6.5449218,-3.5383951,-2.0656659,-3.248734,-0.13508075
6.546875,-3.9918525,-2.4450302,-3.7027819,-0.90948385
6.5488281,-4.457848,-2.5805666,-4.1401329,-1.1609365
6.5507812,-4.9068532,-3.6303029,-4.5961957,-1.1898376
6.5527343,-5.3712124,-3.9664185,-5.0838232,-2.0394117
6.5546875,-5.8295412,-3.7564895,-5.5657978,-2.4613564
6.5566406,-6.2794613,-4.4355573,-6.0027217,-2.6631727
6.5585937,-6.7424397,-5.0944914,-6.4611039,-3.2087822
6.5605468,-7.1914296,-5.2777452,-6.9169716,-3.6873414
6.5625,-7.6511187,-5.4163956,-7.3611474,-3.9143481
6.5644531,-8.1194419,-5.8992004,-7.8003106,-4.0843081
6.5664062,-8.5839805,-6.4935183,-8.2512474,-4.6655983
6.5683593,-9.029726,-6.3261899,-8.7272424,-5.3904566
6.5703125,-9.4756546,-6.7649908,-9.2048225,-5.4312424
6.5722656,-9.9361581,-7.5467424,-9.6601114,-5.4986925
6.5742187,-10.40771,-7.0774607,-10.084708,-5.9982724
6.5761718,-10.851753,-7.1751909,-10.53435,-6.375
6.578125,-11.296881,-8.3918485,-11.005944,-6.7557854
6.5800781,-11.757916,-8.7933464,-11.485254,-6.8321595
6.5820312,-12.204184,-7.9578003,-11.922617,-7.2317071
6.5839843,-12.668394,-8.1925153,-12.335312,-7.4490509
6.5859375,-13.130315,-9.4450578,-12.789568,-7.764594
6.5878906,-13.577219,-9.461276,-13.245178,-8.3697042
6.5898437,-14.039889,-8.8414869,-13.698889,-7.6409564
6.5917968,-14.493564,-9.2752008,-14.160467,-8.038412
6.59375,-14.938438,-10.407409,-14.597907,-9.4534063
6.5957031,-15.403929,-10.260351,-15.029203,-9.033163
6.5976562,-15.846508,-9.7607212,-15.469717,-8.3780746
6.5996093,-16.287941,-10.519144,-15.917006,-9.1582832
6.6015625,-16.759895,-10.932399,-16.365414,-10.32186
6.6035156,-17.221752,-10.589367,-16.816071,-10.042515
6.6054687,-17.663967,-10.590519,-17.263042,-9.2806205
6.6074218,-18.105425,-11.61155,-17.680479,-10.213674
6.609375,-18.54973,-11.964553,-18.122723,-10.91673
6.6113281,-19.014355,-11.150479,-18.563988,-10.304395
6.6132812,-19.470205,-11.282857,-19.021502,-10.302892
6.6152343,-19.885891,-12.046268,-19.479389,-11.109089
6.6171875,-20.339624,-12.750713,-19.893526,-11.727145
6.6191406,-20.795298,-12.347875,-20.329111,-10.981906
6.6210937,-21.215315,-11.893261,-20.753862,-10.900299
6.6230468,-21.64937,-12.743169,-21.198368,-12.310795
6.625,-22.106197,-13.357727,-21.64023,-12.149449
6.6269531,-22.549917,-12.942763,-22.067205,-11.373403
6.6289062,-22.973007,-12.522035,-22.501917,-12.038003
6.6308593,-23.40814,-13.586677,-22.907919,-12.695276
6.6328125,-23.828396,-14.015182,-23.339025,-12.495923
6.6347656,-24.275978,-13.098218,-23.7584,-12.630232
6.6367187,-24.701799,-13.330845,-24.158279,-12.784456
6.6386718,-25.102903,-14.396399,-24.592131,-12.78201
6.640625,-25.557766,-14.565463,-24.992855,-13.235504
6.6425781,-25.966564,-13.822024,-25.391182,-13.548951
6.6445312,-26.355463,-13.942524,-25.827763,-13.428672
6.6464843,-26.791582,-14.993925,-26.206039,-13.52078
6.6484375,-27.203007,-14.991531,-26.605886,-13.68828
6.6503906,-27.609627,-14.387409,-27.056845,-13.714246
6.6523437,-28.025074,-14.524345,-27.442093,-14.378942
6.6542968,-28.411718,-15.493059,-27.831484,-14.3244
6.65625,-28.814003,-15.907217,-28.234253,-13.79224
6.6582031,-29.196409,-14.745287,-28.620071,-14.499465
6.6601562,-29.581861,-14.828019,-29.015255,-14.940447
6.6621093,-29.986677,-16.370974,-29.393185,-14.66978
6.6640625,-30.340349,-16.336315,-29.758366,-14.600987
6.6660156,-30.720955,-15.270506,-30.154001,-15.027498
6.6679687,-31.121824,-15.449306,-30.546545,-15.345276
6.6699218,-31.471357,-16.846838,-30.904898,-15.192541
6.671875,-31.829905,-16.773512,-31.286684,-15.358845
6.6738281,-32.202717,-15.663592,-31.642015,-15.484704
6.6757812,-32.542366,-16.484547,-31.988937,-15.52564
6.6777343,-32.896854,-17.548529,-32.350327,-15.974596
6.6796875,-33.24437,-16.712879,-32.68964,-16.144688
6.6816406,-33.573109,-15.996476,-33.029049,-15.866714
6.6835937,-33.911919,-17.102251,-33.354111,-15.955668
6.6855468,-34.221104,-17.887585,-33.698738,-16.405098
6.6875,-34.536579,-17.108006,-34.028069,-16.39201
6.6894531,-34.854355,-16.954075,-34.347492,-16.19861
6.6914062,-35.15255,-17.878143,-34.676357,-16.704828
6.6933593,-35.448704,-17.916695,-34.980331,-17.184431
6.6953125,-35.731339,-17.227697,-35.275185,-16.666832
6.6972656,-36.004303,-17.586542,-35.569935,-16.506987
6.6992187,-36.27681,-18.285646,-35.868271,-17.251522
6.7011718,-36.532303,-18.366745,-36.128689,-17.41316
6.703125,-36.775402,-18.007076,-36.398151,-17.01041
6.7050781,-37.023357,-18.00053,-36.656776,-17.005629
6.7070312,-37.266502,-18.717348,-36.909695,-17.621376
6.7089843,-37.493938,-18.6679,-37.16555,-17.835236
6.7109375,-37.704124,-18.171072,-37.393398,-17.441969
6.7128906,-37.918465,-18.464045,-37.652023,-17.451754
6.7148437,-38.116875,-19.004519,-37.849522,-17.931602
6.7167968,-38.302502,-19.096718,-38.053452,-18.084156
6.71875,-38.483685,-18.711712,-38.277184,-17.651232
6.7207031,-38.653255,-18.668327,-38.452679,-17.723162
6.7226562,-38.818176,-19.206123,-38.643322,-18.259354
6.7246093,-38.967827,-19.330439,-38.811695,-18.269625
6.7265625,-39.107609,-18.994627,-38.97094,-17.917744
6.7285156,-39.237762,-19.051832,-39.1087,-18.016661
6.7304687,-39.354321,-19.450808,-39.243958,-18.497204
6.7324218,-39.462563,-19.567701,-39.372261,-18.565681
6.734375,-39.577423,-19.451469,-39.467773,-18.368904
6.7363281,-39.671375,-19.489649,-39.589676,-18.440514
6.7382812,-39.750008,-19.624311,-39.684708,-18.716877
6.7402343,-39.835632,-19.592426,-39.743393,-18.818075
6.7421875,-39.896896,-19.555134,-39.835506,-18.642731
6.7441406,-39.963165,-19.762463,-39.923996,-18.635696
6.7460937,-40.028446,-19.822622,-39.97921,-18.977053
6.7480468,-40.072048,-19.688953,-40.025959,-18.982819
6.75,-40.112812,-19.696228,-40.0755,-18.557577
6.7519531,-40.143021,-19.761663,-40.11652,-18.625153
6.7539062,-40.171982,-19.783491,-40.137493,-19.107815
6.7558593,-40.200535,-19.763453,-40.166107,-19.105682
6.7578125,-40.218086,-19.857325,-40.185879,-18.721222
6.7597656,-40.228191,-19.949812,-40.20443,-18.919117
6.7617187,-40.239986,-19.895298,-40.201431,-19.317781
6.7636718,-40.234478,-19.675634,-40.184723,-19.122566
6.765625,-40.230354,-19.49539,-40.204582,-18.874136
6.7675781,-40.223068,-19.2577,-40.195816,-18.752911
6.7695312,-40.209827,-18.893381,-40.185005,-18.49618
6.7714843,-40.204174,-19.321262,-40.187344,-18.076138
6.7734375,-40.170532,-19.78809,-40.17857,-18.313858
6.7753906,-40.140244,-19.160292,-40.154831,-18.996656
6.7773437,-40.105698,-18.613491,-40.110126,-18.57559
6.7792968,-40.06089,-19.144442,-40.079643,-17.76466
6.78125,-40.009884,-19.637295,-40.0261,-18.070288
6.7832031,-39.952991,-18.992094,-39.97295,-18.818842
6.7851562,-39.897625,-18.421383,-39.932991,-18.512829
6.7871093,-39.842667,-18.992323,-39.8592,-17.727074
6.7890625,-39.776066,-19.381922,-39.785686,-17.909855
6.7910156,-39.680527,-18.635757,-39.719177,-18.483976
6.7929687,-39.610847,-18.018217,-39.639324,-18.218554
6.7949218,-39.523167,-18.603653,-39.549026,-17.562729
6.796875,-39.418385,-19.143782,-39.471016,-17.650869
6.7988281,-39.322441,-18.373287,-39.378746,-18.121103
6.8007812,-39.213444,-17.745876,-39.263935,-17.893543
6.8027343,-39.108467,-18.307329,-39.158066,-17.2246
6.8046875,-39.000484,-18.673096,-39.055733,-17.253302
6.8066406,-38.87175,-17.944342,-38.937153,-17.713068
6.8085937,-38.733318,-17.389805,-38.823753,-17.452347
6.8105468,-38.612129,-17.892252,-38.71051,-16.760305
6.8125,-38.466846,-18.214539,-38.548817,-16.718832
6.8144531,-38.30904,-17.602413,-38.412693,-17.200296
6.8164062,-38.164169,-17.057062,-38.27124,-17.168306
6.8183593,-38.002926,-17.481869,-38.106533,-16.661348
6.8203125,-37.846802,-17.849432,-37.944305,-16.485958
6.8222656,-37.689037,-17.148596,-37.769146,-16.749104
6.8242187,-37.504211,-16.608816,-37.612324,-16.680294
6.8261718,-37.327168,-17.077751,-37.429619,-16.259136
6.828125,-37.144024,-17.282024,-37.246552,-16.177326
6.8300781,-36.950809,-16.648832,-37.048203,-16.206814
6.8320312,-36.761959,-16.291611,-36.858253,-16.105947
6.8339843,-36.565952,-16.665689,-36.688175,-15.903311
6.8359375,-36.368759,-16.776628,-36.4734,-15.820004
6.8378906,-36.157028,-16.110327,-36.261936,-15.741379
6.8398437,-35.951153,-15.811666,-36.070381,-15.520346
6.8417968,-35.751213,-16.128267,-35.848106,-15.353959
6.84375,-35.524239,-16.265047,-35.61911,-15.560836
6.8457031,-35.304474,-15.648505,-35.409817,-16.102634
6.8476562,-35.083149,-15.162617,-35.184132,-15.454839
6.8496093,-34.8466,-15.60447,-34.965008,-14.225843
6.8515625,-34.617809,-15.789446,-34.756496,-14.539866
6.8535156,-34.3815,-15.968699,-34.533058,-15.424809
6.8554687,-34.14418,-15.481353,-34.283726,-15.005596
6.8574218,-33.904896,-14.316433,-34.050068,-13.87509
6.859375,-33.661293,-14.550863,-33.815388,-13.876403
6.8613281,-33.41782,-15.258058,-33.563187,-14.72542
6.8632812,-33.170761,-14.761415,-33.309433,-14.604047
6.8652343,-32.922161,-13.894588,-33.057457,-13.597866
6.8671875,-32.660107,-14.06566,-32.803833,-13.377999
6.8691406,-32.392052,-14.577208,-32.54974,-14.079863
6.8710937,-32.126087,-14.198511,-32.306835,-14.023474
6.8730468,-31.855379,-13.458302,-32.018883,-13.116233
6.875,-31.582043,-13.640054,-31.748051,-12.811835
6.8769531,-31.286016,-14.018043,-31.477877,-13.317965
6.8789062,-30.995064,-13.521214,-31.180218,-13.462189
6.8808593,-30.713997,-13.052726,-30.907986,-12.737272
6.8828125,-30.408165,-13.194551,-30.619831,-12.411868
6.8847656,-30.10745,-13.410336,-30.309069,-12.748239
6.8867187,-29.802729,-13.073324,-30.00325,-12.779791
6.8886718,-29.496414,-12.513027,-29.707216,-12.301113
6.890625,-29.183628,-12.498308,-29.391937,-12.034712
6.8925781,-28.867092,-12.776647,-29.091923,-12.186512
6.8945312,-28.547638,-12.569074,-28.781651,-12.012792
6.8964843,-28.211733,-11.971681,-28.445608,-11.635289
6.8984375,-27.888527,-11.816336,-28.134928,-11.340655
6.9003906,-27.555923,-12.028056,-27.791626,-11.543816
6.9023437,-27.221518,-12.005818,-27.453354,-11.670022
6.9042968,-26.887981,-11.66451,-27.118622,-11.12993
6.90625,-26.524042,-11.269451,-26.760809,-10.946333
6.9082031,-26.172777,-11.273465,-26.42054,-10.95778
6.9101562,-25.841206,-11.400874,-26.066105,-10.819497
6.9121093,-25.479309,-11.103147,-25.702839,-10.505135
6.9140625,-25.106316,-10.703838,-25.346888,-10.35797
6.9160156,-24.739016,-10.638682,-24.988342,-10.57098
6.9179687,-24.379877,-10.598174,-24.614315,-10.359416
6.9199218,-24.016853,-10.560804,-24.248919,-9.7596454
6.921875,-23.625702,-10.282548,-23.869976,-9.5859746
6.9238281,-23.240721,-9.8823995,-23.493435,-9.8361187
6.9257812,-22.859396,-9.9908208,-23.120657,-9.6666278
6.9277343,-22.47909,-9.9207811,-22.736835,-9.2580165
6.9296875,-22.095667,-9.5500259,-22.356728,-9.065587
6.9316406,-21.689823,-9.2047863,-21.945665,-9.244874
6.9335937,-21.290539,-9.2303476,-21.547951,-9.1172056
6.9355468,-20.895168,-9.3860158,-21.153959,-8.3757247
6.9375,-20.498207,-9.0798997,-20.760992,-8.2293148
6.9394531,-20.104076,-8.6810836,-20.355272,-8.6302585
6.9414062,-19.683342,-8.3344669,-19.932602,-8.6713123
6.9433593,-19.259104,-8.2872533,-19.532211,-7.9140982
6.9453125,-18.880512,-8.3079586,-19.121881,-7.3032298
6.9472656,-18.470785,-8.1454095,-18.710232,-7.6450066
6.9492187,-18.005196,-7.806571,-18.318525,-7.8940825
6.9511718,-17.569801,-7.4009141,-17.913958,-7.3887968
6.953125,-17.203896,-7.5297374,-17.488855,-6.4644117
6.9550781,-16.779858,-7.343244,-17.074816,-6.4224729
6.9570312,-16.301188,-7.0891618,-16.626013,-7.0763344
6.9589843,-15.887286,-7.0718102,-16.192108,-6.9058075
6.9609375,-15.459962,-6.2847771,-15.781926,-5.8959245
6.9628906,-15.040665,-6.1694817,-15.342004,-5.4154868
6.9648437,-14.594534,-6.5364065,-14.922225,-6.1702923
6.9667968,-14.138872,-6.1800003,-14.494039,-6.1729407
6.96875,-13.709502,-5.6631574,-14.05203,-4.9411912
6.9707031,-13.25736,-5.2309746,-13.630978,-4.3151407
6.9726562,-12.826554,-5.188138,-13.190781,-5.063703
6.9746093,-12.375399,-5.3543944,-12.743754,-5.2896914
6.9765625,-11.941493,-5.0965218,-12.311845,-4.1715784
6.9785156,-11.502606,-4.3147273,-11.868318,-3.6338682
6.9804687,-11.028378,-3.8816304,-11.42128,-3.8294398
6.9824218,-10.589573,-4.2050232,-10.95887,-3.8540961
6.984375,-10.149787,-4.1458244,-10.535593,-3.0312209
6.9863281,-9.6757488,-3.4065027,-10.083447,-2.3464703
6.9882812,-9.2053794,-2.9632391,-9.6133356,-3.0673096
6.9902343,-8.7612972,-2.9569008,-9.1864299,-3.169569
6.9921875,-8.3031606,-2.6980934,-8.7241592,-1.5648269
6.9941406,-7.8439021,-2.3029136,-8.2844162,-1.0798546
6.9960937,-7.392889,-1.9512966,-7.8132724,-1.8313686
6.9980468,-6.9244766,-1.6340085,-7.3249616,-1.6418926
7.0,-6.4527401,-1.6113551,-6.8884453,-0.1759697
7.0019531,-5.9832081,-1.107446,-6.4186005,0.60704154
7.0039062,-5.5343065,-0.40296835,-5.9659981,-0.60543972
7.0058593,-5.0721578,-0.12748814,-5.52074,-0.75959915
7.0078125,-4.5790162,-0.20591505,-5.0384364,0.68962085
7.0097656,-4.1108555,0.013871726,-4.5828218,1.198121
7.0117187,-3.661093,1.0237462,-4.1023063,0.075691573
7.0136718,-3.1887824,0.84073132,-3.6299281,-0.51951998
7.015625,-2.7012577,-0.28426436,-3.1675806,0.39588815
7.0175781,-2.2270159,0.34085885,-2.6972682,0.76342297
7.0195312,-1.7543666,1.244916,-2.2429132,0.17100933
7.0214843,-1.2846241,0.37444153,-1.7670427,0.017181642
7.0234375,-0.80974841,-0.4761278,-1.2865082,0.70047969
7.0253906,-0.32277149,0.28932643,-0.80580795,0.49142206
7.0273437,0.16279563,1.4801431,-0.34183609,-0.060597297
7.0292968,0.63203675,0.58824503,0.13755849,0.0060701491
7.03125,1.0895485,-0.57036167,0.61743736,0.2006523
7.0332031,1.5872585,0.24194634,1.0755698,0.68967777
7.0351562,2.102827,1.2804573,1.5670175,0.82527983
7.0371093,2.5600781,0.64531493,2.0269157,0.81996733
7.0390625,3.00775,-0.37945467,2.5036225,0.84116828
7.0410156,3.5158278,1.0522617,3.0164647,1.4122433
7.0429687,4.0001344,2.2951145,3.4743681,2.0399618
7.0449218,4.4317297,1.5155627,3.9707686,2.3626859
7.046875,4.9276194,1.2641918,4.4419021,2.7162909
7.0488281,5.4492387,2.7165002,4.8951716,3.052298
7.0507812,5.9129815,4.1924281,5.3752851,3.8620653
7.0527343,6.37502,3.6555097,5.8413171,4.2592039
7.0546875,6.8642759,3.2203836,6.3172526,4.6360364
7.0566406,7.3507447,4.32762,6.7987294,4.6771049
7.0585937,7.814723,5.3794255,7.2862677,4.9748859
7.0605468,8.2971134,5.6189041,7.7467918,5.7918548
7.0625,8.7776203,5.2418699,8.2371625,6.1310577
7.0644531,9.2393093,5.6091275,8.7159147,6.2528772
7.0664062,9.704751,6.8782644,9.2138929,5.994564
7.0683593,10.199659,6.9509811,9.707077,7.053328
7.0703125,10.702556,6.3038778,10.155955,8.1977834
7.0722656,11.14337,7.0833182,10.623994,7.139882
7.0742187,11.591012,8.1273937,11.062833,6.8356409
7.0761718,12.082448,8.0887813,11.564331,8.443717
7.078125,12.575715,7.6317901,12.05848,8.9309978
7.0800781,13.039212,8.0546245,12.498325,8.3109712
7.0820312,13.487154,8.9857673,12.981827,8.4944849
7.0839843,13.956176,9.1972055,13.459785,9.1124677
7.0859375,14.42713,8.7907428,13.917709,9.5156841
7.0878906,14.9222,8.8287372,14.379325,9.5802602
7.0898437,15.384318,9.8117914,14.824058,9.3162965
7.0917968,15.808914,10.137479,15.270966,9.8795452
7.09375,16.26552,10.008848,15.734507,10.96083
7.0957031,16.720175,9.8223457,16.196871,10.519662
7.0976562,17.172592,10.167091,16.665234,10.103654
7.0996093,17.608263,11.315574,17.133648,10.921161
7.1015625,18.054461,11.223066,17.587475,11.306938
7.1035156,18.501886,10.434519,18.045048,11.088566
7.1054687,18.92865,10.980994,18.500044,11.058962
7.1074218,19.369474,12.183253,18.941103,11.5247
7.109375,19.815748,12.048835,19.385221,12.330731
7.1113281,20.257845,11.257038,19.798172,12.498771
7.1132812,20.674503,11.47791,20.252335,11.673645
7.1152343,21.095112,12.763851,20.705818,11.732867
7.1171875,21.529716,13.03698,21.129129,13.198238
7.1191406,21.990526,11.917623,21.581593,13.513824
7.1210937,22.426477,12.256156,22.007673,12.108223
7.1230468,22.799829,13.428298,22.445814,12.338847
7.125,23.230419,13.317551,22.883265,13.875689
7.1269531,23.687267,12.792416,23.31139,13.800277
7.1289062,24.089067,13.346873,23.713278,13.219282
7.1308593,24.491245,14.083121,24.103725,13.515363
7.1328125,24.929737,13.655681,24.523275,14.138148
7.1347656,25.322388,13.438372,24.931831,14.125703
7.1367187,25.703939,14.040059,25.353657,14.017038
7.1386718,26.137541,14.32531,25.763779,14.240525
7.140625,26.52643,14.114551,26.156404,14.467985
7.1425781,26.895006,14.222732,26.56809,14.906538
7.1445312,27.263462,14.791124,26.955093,14.94712
7.1464843,27.647097,15.083175,27.324705,14.592435
7.1484375,28.049871,14.737767,27.711885,14.626204
7.1503906,28.415161,14.608218,28.097404,15.442218
7.1523437,28.781157,15.204405,28.478561,15.808698
7.1542968,29.147722,15.549727,28.837593,15.250002
7.15625,29.512083,15.298137,29.19195,15.226311
7.1582031,29.862379,15.179172,29.563425,15.835179
7.1601562,30.180733,15.726118,29.911102,16.255959
7.1621093,30.528021,16.150061,30.245239,15.990332
7.1640625,30.863367,15.794026,30.605772,15.930165
7.1660156,31.165018,15.616529,30.959261,16.318033
7.1679687,31.516853,16.25215,31.282185,16.449026
7.1699218,31.863111,16.785315,31.609667,16.462698
7.171875,32.159836,16.497622,31.923765,16.602318
7.1738281,32.448429,16.099899,32.253929,16.849012
7.1757812,32.760666,16.438845,32.566948,16.96431
7.1777343,33.112026,17.117384,32.859123,17.057749
7.1796875,33.399174,17.132986,33.160572,17.192801
7.1816406,33.639469,16.686495,33.434116,17.264086
7.1835937,33.934818,16.723803,33.74781,17.373539
7.1855468,34.242901,17.331631,34.028938,17.590303
7.1875,34.508007,17.730822,34.302315,17.751232
7.1894531,34.739887,17.379333,34.588402,17.730434
7.1914062,35.000957,17.073072,34.828239,17.783051
7.1933593,35.268982,17.628675,35.096409,18.072092
7.1953125,35.521576,18.1978,35.356426,18.182018
7.1972656,35.74807,17.928684,35.589718,18.231606
7.1992187,35.956978,17.512661,35.829922,18.322601
7.2011718,36.185524,17.930668,36.080639,18.335001
7.203125,36.414158,18.603168,36.301197,18.57769
7.2050781,36.630676,18.455614,36.496319,18.829981
7.2070312,36.814548,17.97975,36.716663,18.743309
7.2089843,37.016048,18.460304,36.924404,18.642614
7.2109375,37.224861,19.215303,37.107285,18.989744
7.2128906,37.408722,18.754007,37.308067,19.226126
7.2148437,37.597458,18.067797,37.487598,19.260332
7.2167968,37.773777,18.48144,37.664017,19.342051
7.21875,37.954044,19.221964,37.849766,19.151379
7.2207031,38.119835,18.980345,38.004753,19.135389
7.2226562,38.272053,18.406034,38.180725,19.465908
7.2246093,38.4277,18.75584,38.339149,19.596228
7.2265625,38.571869,19.418344,38.467804,19.395195
7.2285156,38.722683,19.259764,38.627113,19.328474
7.2304687,38.861507,18.743362,38.774307,19.622282
7.2324218,38.989319,19.00771,38.902702,19.877567
7.234375,39.108765,19.521505,39.009171,19.683693
7.2363281,39.21077,19.334702,39.110336,19.448868
7.2382812,39.307091,18.954134,39.222183,19.727945
7.2402343,39.393002,19.247519,39.294724,20.153999
7.2421875,39.467838,19.758053,39.3713,20.06304
7.2441406,39.539593,19.613688,39.475765,19.698854
7.2460937,39.597916,19.240976,39.55471,19.940271
7.2480468,39.642212,19.457237,39.597572,20.366812
7.25,39.697971,19.864536,39.642387,20.067389
7.2519531,39.740513,19.73465,39.686756,19.603476
7.2539062,39.774464,19.451435,39.731155,20.052799
7.2558593,39.80246,19.533997,39.774704,20.693937
7.2578125,39.825138,19.817593,39.802971,20.302773
7.2597656,39.861103,19.742313,39.823601,19.652815
7.2617187,39.864704,19.539248,39.846146,19.904057
7.2636718,39.870293,19.641071,39.861748,20.583605
7.265625,39.880497,19.778172,39.850388,20.408573
7.2675781,39.874809,19.728437,39.845448,20.052757
7.2695312,39.877388,19.226711,39.852055,20.067978
7.2714843,39.873478,18.28039,39.85791,19.745281
7.2734375,39.874603,17.451756,39.863426,18.832008
7.2753906,39.860668,17.728039,39.851883,17.765654
7.2773437,39.830574,18.439091,39.839455,18.126167
7.2792968,39.78619,17.976179,39.812897,19.05307
7.28125,39.72892,17.145535,39.757313,18.651554
7.2832031,39.671711,17.510405,39.708557,17.83293
7.2851562,39.609829,18.395851,39.639439,18.12344
7.2871093,39.536201,18.146671,39.564404,18.923946
7.2890625,39.453346,17.231146,39.494621,18.598026
7.2910156,39.36763,17.31745,39.392345,17.834253
7.2929687,39.266815,18.049622,39.287979,18.093618
7.2949218,39.174843,17.840553,39.182545,18.703568
7.296875,39.070877,16.982164,39.067917,18.394426
7.2988281,38.941036,17.014103,38.963963,17.749804
7.3007812,38.827015,17.702198,38.860531,17.852274
7.3027343,38.703426,17.487312,38.72327,18.327168
7.3046875,38.563435,16.664145,38.608658,18.140245
7.3066406,38.442566,16.633574,38.518482,17.341642
7.3085937,38.293674,17.22777,38.381714,17.262405
7.3105468,38.130955,17.134495,38.256042,17.744164
7.3125,37.98951,16.390303,38.126549,17.483099
7.3144531,37.839653,16.336617,37.982883,16.83296
7.3164062,37.676388,16.922956,37.843533,16.870743
7.3183593,37.507824,16.797476,37.694214,17.31846
7.3203125,37.347237,15.96471,37.541447,17.042406
7.3222656,37.176609,16.233665,37.370411,16.470943
7.3242187,37.001602,16.948214,37.20829,16.548635
7.3261718,36.829788,16.112335,37.031296,16.788326
7.328125,36.650078,15.224607,36.836727,16.617609
7.3300781,36.467075,15.80521,36.653202,16.241592
7.3320312,36.293282,16.349375,36.463375,16.227606
7.3339843,36.111988,15.669599,36.26963,16.317451
7.3359375,35.915222,14.878129,36.049473,16.162422
7.3378906,35.723335,15.218374,35.841545,15.874639
7.3398437,35.519958,15.804821,35.655121,15.706099
7.3417968,35.308075,15.293519,35.432442,15.910992
7.34375,35.099907,14.562731,35.207802,15.7638
7.3457031,34.890121,14.883791,34.968571,15.336893
7.3476562,34.671146,15.301568,34.748215,15.25376
7.3496093,34.438629,14.685704,34.536606,15.317531
7.3515625,34.216637,14.14589,34.273621,15.337181
7.3535156,33.984329,14.449143,34.050125,14.999056
7.3554687,33.738773,14.66713,33.846325,14.624846
7.3574218,33.503788,14.19171,33.593609,14.764524
7.359375,33.258907,13.688274,33.328739,14.830827
7.3613281,33.010487,13.846008,33.072624,14.382748
7.3632812,32.757973,14.187321,32.827976,14.021649
7.3652343,32.491848,13.887706,32.591209,14.255647
7.3671875,32.218773,13.177174,32.321358,14.529552
7.3691406,31.949203,13.197967,32.02457,13.982371
7.3710937,31.673029,13.780544,31.761604,13.331068
7.3730468,31.390041,13.565454,31.502625,13.543662
7.375,31.109968,12.543053,31.216408,14.108859
7.3769531,30.830112,12.702062,30.924681,13.76543
7.3789062,30.528961,13.475122,30.663086,12.728885
7.3808593,30.229944,12.85463,30.38224,12.873457
7.3828125,29.939362,12.100131,30.067856,13.515856
7.3847656,29.62565,12.341773,29.785173,13.141765
7.3867187,29.323503,12.812299,29.471857,12.323045
7.3886718,29.018906,12.507362,29.166674,12.411389
7.390625,28.6984,11.518788,28.868528,12.942164
7.3925781,28.386364,11.537298,28.556665,12.475294
7.3945312,28.066406,12.482319,28.259968,11.861123
7.3964843,27.734739,12.117881,27.949797,11.908979
7.3984375,27.406311,11.123088,27.627541,12.299275
7.4003906,27.07774,11.095112,27.281752,11.9891
7.4023437,26.75132,11.521133,26.962177,11.177471
7.4042968,26.407543,11.517029,26.651896,11.186522
7.40625,26.06488,10.91898,26.309441,11.807694
7.4082031,25.727489,10.487173,25.944262,11.635745
7.4101562,25.385197,10.852637,25.608646,10.440994
7.4121093,25.031672,11.040894,25.273911,10.462889
7.4140625,24.668402,10.199515,24.887939,11.809025
7.4160156,24.329489,9.8727359,24.536173,11.31516
7.4179687,23.972288,10.278798,24.192019,9.4768333
7.4199218,23.600273,10.361266,23.829517,9.7927951
7.421875,23.238983,9.7343092,23.4615,11.221759
7.4238281,22.877413,9.3430395,23.100616,10.577198
7.4257812,22.494541,9.9457063,22.752071,8.9572935
7.4277343,22.116833,9.8761005,22.387894,9.5284242
7.4296875,21.747103,8.6912794,21.999264,10.54373
7.4316406,21.369314,8.5801944,21.621002,9.622138
7.4335937,20.999102,9.6027193,21.272982,8.4870719
7.4355468,20.616991,9.1211957,20.882099,8.8506031
7.4375,20.232594,7.8616318,20.498594,9.9137315
7.4394531,19.837767,7.8542709,20.104296,9.2082548
7.4414062,19.455988,8.8923978,19.702335,7.6518421
7.4433593,19.05765,8.5546941,19.324215,8.2563619
7.4453125,18.654707,7.2377409,18.908072,9.3864402
7.4472656,18.276869,7.2884588,18.515812,8.1944217
7.4492187,17.875154,7.8832664,18.140247,7.0853557
7.4511718,17.466322,7.872128,17.751089,7.927946
7.453125,17.067583,6.8277549,17.306963,8.4608068
7.4550781,16.665314,6.6196026,16.884668,7.2190294
7.4570312,16.245159,7.0524644,16.515879,6.5929074
7.4589843,15.832911,6.6539802,16.107557,7.4991059
7.4609375,15.427738,6.2595758,15.685769,7.4249396
7.4628906,15.020405,6.0465254,15.28178,6.2726492
7.4648437,14.595341,5.7893257,14.892658,5.8066597
7.4667968,14.176343,5.972526,14.445043,6.8625955
7.46875,13.758083,5.9936986,14.037161,6.6716322
7.4707031,13.331338,4.8854627,13.643602,5.0538563
7.4726562,12.927735,4.5676446,13.209215,5.3467326
7.4746093,12.509962,5.0847272,12.798569,5.992424
7.4765625,12.069315,4.9042191,12.341747,5.1309652
7.4785156,11.63868,4.1402592,11.921036,4.2630224
7.4804687,11.214646,3.7749173,11.512021,4.8585076
7.4824218,10.776164,3.8656795,11.081646,5.3716912
7.484375,10.361107,3.4303717,10.663419,3.9631884
7.4863281,9.9359045,3.396125,10.216615,3.0966639
7.4882812,9.4870557,3.044847,9.7831993,4.0941643
7.4902343,9.0512304,2.2047927,9.3642492,4.2251606
7.4921875,8.6248397,2.1843636,8.9266624,2.6557657
7.4941406,8.19102,2.2347519,8.4759693,2.1410331
7.4960937,7.7283725,2.0126168,8.0213079,3.2668843
7.4980468,7.3004307,1.2274069,7.583311,2.8900656
7.5,6.8742117,0.42149463,7.1720056,1.473209
7.5019531,6.4228444,0.89350986,6.698769,1.3248728
7.5039062,5.9816684,0.98381996,6.2286148,1.7975224
7.5058593,5.5307936,-0.32991588,5.79707,1.5578239
7.5078125,5.0937438,-0.88442445,5.3464121,0.26036766
7.5097656,4.6437091,-0.398471,4.9308095,-0.18125845
7.5117187,4.1817069,0.30887991,4.4914932,0.58457941
7.5136718,3.7394309,0.12261178,4.0147886,0.52053171
7.515625,3.2911565,-0.85221398,3.5624358,-0.59310657
7.5175781,2.8340852,-0.66568881,3.1344633,-0.55271918
7.5195312,2.3870775,0.2093001,2.6879816,0.43760183
7.5214843,1.9356066,0.16627941,2.1938443,-0.11301644
7.5234375,1.4673297,-0.76154524,1.7263575,-0.62222672
7.5253906,1.0160296,-0.70384252,1.3088363,-0.21672346
7.5273437,0.56685865,0.40842015,0.85773718,-0.03826331
7.5292968,0.09794797,-0.027106117,0.38872874,-0.026463917
7.53125,-0.36519042,-0.90143949,-0.071493626,-0.46678001
7.5332031,-0.81021106,-0.32709572,-0.52809685,-0.20714213
7.5351562,-1.2632653,0.11052939,-0.97541481,0.28877321
7.5371093,-1.7258442,-0.1528253,-1.4369094,-0.48190945
7.5390625,-2.1768806,-0.94379437,-1.8883866,-0.81419605
7.5410156,-2.6432576,-1.0676739,-2.3546235,0.17372239
7.5429687,-3.105062,-0.67658097,-2.8093397,0.117699
7.5449218,-3.5503935,-1.8278638,-3.2291948,-0.98938656
7.546875,-4.0033831,-3.0122075,-3.7219669,-0.68451101
7.5488281,-4.4690651,-2.729213,-4.2066774,-0.44906557
7.5507812,-4.931333,-2.6244158,-4.6557912,-1.4723599
7.5527343,-5.3739233,-3.767579,-5.1090936,-1.81803
7.5546875,-5.8352723,-4.5088768,-5.544362,-1.9595691
7.5566406,-6.2893676,-4.2746892,-6.0282683,-2.6906867
7.5585937,-6.7494754,-4.3427677,-6.5118274,-3.2527735
7.5605468,-7.2054648,-5.1446981,-6.9376692,-3.5225863
7.5625,-7.6500377,-6.2211847,-7.3645577,-3.5625395
7.5644531,-8.1194572,-6.0060157,-7.8247094,-4.0668506
7.5664062,-8.5745658,-5.5077271,-8.2979536,-5.0134716
7.5683593,-9.0347671,-6.3592939,-8.7640075,-5.3768086
7.5703125,-9.4775619,-7.509953,-9.2280302,-4.9709057
7.5722656,-9.9317836,-7.169116,-9.6869278,-5.2971158
7.5742187,-10.397757,-6.5762505,-10.109451,-6.443223
7.5761718,-10.865125,-7.74582,-10.574663,-6.6718688
7.578125,-11.317899,-8.625678,-11.037312,-6.1603236
7.5800781,-11.74833,-8.2782802,-11.477781,-6.354104
7.5820312,-12.22227,-7.7630095,-11.914119,-7.5796389
7.5839843,-12.683153,-8.5258903,-12.349859,-8.0727167
7.5859375,-13.128469,-9.6697673,-12.830497,-7.4519677
7.5878906,-13.570855,-9.027956,-13.278406,-7.331541
7.5898437,-14.043795,-8.7055311,-13.749754,-8.4584684
7.5917968,-14.514908,-9.8176689,-14.182129,-9.0843038
7.59375,-14.948389,-10.305276,-14.61601,-8.1999435
7.5957031,-15.405324,-9.8835315,-15.080108,-8.3880214
7.5976562,-15.862918,-9.883521,-15.498296,-9.8750677
7.5996093,-16.299221,-10.790633,-15.966274,-9.5870084
7.6015625,-16.739037,-10.849515,-16.42351,-8.7792482
7.6035156,-17.197704,-10.380331,-16.843769,-9.7800674
7.6054687,-17.649612,-11.182608,-17.267298,-10.612136
7.6074218,-18.109709,-11.632062,-17.712461,-10.144168
7.609375,-18.565359,-11.270643,-18.177147,-9.6073617
7.6113281,-19.005033,-11.241006,-18.604042,-10.840382
7.6132812,-19.455914,-11.937908,-19.034185,-11.626143
7.6152343,-19.89094,-12.374915,-19.505522,-10.424312
7.6171875,-20.321655,-11.998361,-19.927523,-10.709985
7.6191406,-20.787594,-11.792199,-20.338636,-12.117609
7.6210937,-21.2267,-12.595592,-20.774031,-11.785263
7.6230468,-21.643082,-13.604111,-21.180958,-10.737511
7.625,-22.094984,-12.75348,-21.62191,-11.88798
7.6269531,-22.525454,-12.236404,-22.07972,-13.166063
7.6289062,-22.956919,-13.437964,-22.50775,-12.186886
7.6308593,-23.41503,-13.845786,-22.936972,-11.714849
7.6328125,-23.823456,-13.26492,-23.387123,-12.672593
7.6347656,-24.218092,-13.619167,-23.819536,-13.193576
7.6367187,-24.664896,-14.312545,-24.238369,-12.708281
7.6386718,-25.105621,-13.883517,-24.677607,-12.399285
7.640625,-25.517635,-13.683505,-25.069647,-13.157523
7.6425781,-25.91876,-14.373448,-25.465527,-13.951516
7.6445312,-26.355547,-14.673841,-25.886438,-13.534234
7.6464843,-26.78845,-14.278195,-26.27776,-13.468143
7.6484375,-27.17601,-14.657468,-26.688486,-14.016272
7.6503906,-27.588778,-15.21284,-27.111675,-13.84024
7.6523437,-27.980738,-15.100536,-27.502041,-13.804358
7.6542968,-28.373854,-15.073474,-27.874544,-14.365387
7.65625,-28.782183,-15.232183,-28.287935,-14.602802
7.6582031,-29.179319,-15.383789,-28.656731,-14.253415
7.6601562,-29.567823,-15.659245,-29.030581,-14.662038
7.6621093,-29.952829,-16.018227,-29.451462,-15.233147
7.6640625,-30.338642,-15.68749,-29.80563,-14.851197
7.6660156,-30.709887,-15.565123,-30.194431,-14.74908
7.6679687,-31.090578,-16.327742,-30.580589,-15.259639
7.6699218,-31.447094,-16.720215,-30.929607,-15.459061
7.671875,-31.817183,-15.927074,-31.313011,-15.523475
7.6738281,-32.180225,-16.106598,-31.663485,-15.783685
7.6757812,-32.522488,-17.412214,-32.010315,-15.611684
7.6777343,-32.869411,-16.893097,-32.37323,-15.479027
7.6796875,-33.203243,-16.04616,-32.730011,-16.096401
7.6816406,-33.547176,-16.845083,-33.075142,-16.51445
7.6835937,-33.875195,-17.996964,-33.405243,-16.14731
7.6855468,-34.190742,-17.548996,-33.726288,-16.048903
7.6875,-34.511459,-16.409777,-34.04837,-16.441957
7.6894531,-34.834347,-17.217825,-34.37767,-16.784954
7.6914062,-35.129314,-18.552153,-34.681015,-16.772009
7.6933593,-35.412056,-17.82094,-34.991482,-16.420837
7.6953125,-35.703636,-16.795609,-35.287823,-16.904669
7.6972656,-35.995514,-17.813673,-35.562073,-17.443146
7.6992187,-36.256809,-18.968864,-35.873268,-16.963774
7.7011718,-36.505005,-18.31875,-36.194801,-16.876997
7.703125,-36.772964,-17.374567,-36.4436,-17.442989
7.7050781,-37.016441,-18.118341,-36.687035,-17.650217
7.7070312,-37.249989,-19.302525,-36.941647,-17.192196
7.7089843,-37.476139,-18.699409,-37.167351,-17.234211
7.7109375,-37.695892,-17.795731,-37.405449,-18.116133
7.7128906,-37.913342,-18.670238,-37.628994,-18.120701
7.7148437,-38.114784,-19.604946,-37.85461,-17.491928
7.7167968,-38.30056,-18.925327,-38.067379,-17.778801
7.71875,-38.483368,-18.297609,-38.267097,-18.364697
7.7207031,-38.665722,-19.000362,-38.458736,-18.165138
7.7226562,-38.819645,-19.677538,-38.650375,-17.652275
7.7246093,-38.961765,-19.140373,-38.825363,-17.974854
7.7265625,-39.109055,-18.685537,-38.972122,-18.624687
7.7285156,-39.247772,-19.38353,-39.112705,-18.369373
7.7304687,-39.359455,-19.931839,-39.247913,-17.967159
7.7324218,-39.468201,-19.456074,-39.388374,-18.408846
7.734375,-39.581875,-19.115015,-39.490337,-19.049875
7.7363281,-39.675148,-19.697157,-39.58786,-18.718916
7.7382812,-39.753281,-20.039356,-39.702095,-18.129908
7.7402343,-39.836666,-19.557756,-39.777946,-18.678978
7.7421875,-39.918812,-19.368597,-39.848888,-19.330059
7.7441406,-39.979698,-19.951099,-39.921631,-18.877319
7.7460937,-40.034786,-20.140017,-39.967125,-18.322001
7.7480468,-40.078922,-19.530519,-40.035351,-18.848873
7.75,-40.121845,-19.473585,-40.084782,-19.470753
7.7519531,-40.163952,-20.069277,-40.10709,-19.03544
7.7539062,-40.187466,-20.214296,-40.140926,-18.445299
7.7558593,-40.210262,-19.675854,-40.178585,-18.770407
7.7578125,-40.226818,-19.57793,-40.197845,-19.54443
7.7597656,-40.223423,-20.112005,-40.19191,-19.213125
7.7617187,-40.231808,-20.049707,-40.202892,-18.789936
7.7636718,-40.241848,-19.740379,-40.204784,-19.289658
7.765625,-40.227795,-19.651962,-40.210503,-19.031069
7.7675781,-40.220299,-19.339617,-40.212006,-18.728781
7.7695312,-40.224426,-18.989182,-40.1945,-18.703205
7.7714843,-40.200607,-19.417324,-40.188728,-18.121077
7.7734375,-40.170174,-19.865372,-40.183998,-18.242565
7.7753906,-40.152168,-19.154818,-40.154469,-19.034573
7.7773437,-40.121227,-18.696041,-40.124249,-18.820223
7.7792968,-40.080605,-19.355124,-40.085354,-17.889351
7.78125,-40.018814,-19.69486,-40.038853,-17.980246
7.7832031,-39.973171,-18.898752,-40.007626,-18.806658
7.7851562,-39.915207,-18.455442,-39.917091,-18.723324
7.7871093,-39.838596,-19.265587,-39.842102,-17.83132
7.7890625,-39.77557,-19.511068,-39.800663,-17.752836
7.7910156,-39.692768,-18.564848,-39.717796,-18.614662
7.7929687,-39.617165,-18.162678,-39.643837,-18.662355
7.7949218,-39.534389,-18.879902,-39.563278,-17.601555
7.796875,-39.440048,-19.137466,-39.476875,-17.341574
7.7988281,-39.333527,-18.250175,-39.366112,-18.176727
7.8007812,-39.226238,-17.84404,-39.260971,-18.265411
7.8027343,-39.116333,-18.484152,-39.181061,-17.33481
7.8046875,-38.991985,-18.760527,-39.056988,-17.102167
7.8066406,-38.873051,-18.007862,-38.941914,-17.7967
7.8085937,-38.744556,-17.535093,-38.822369,-17.676605
7.8105468,-38.608665,-18.048681,-38.688164,-16.76362
7.8125,-38.453354,-18.251945,-38.568874,-16.718575
7.8144531,-38.317493,-17.631716,-38.42572,-17.443247
7.8164062,-38.17646,-17.201448,-38.261341,-17.376299
7.8183593,-38.008308,-17.598562,-38.116772,-16.490013
7.8203125,-37.852943,-17.864473,-37.962273,-16.399059
7.8222656,-37.683029,-17.186821,-37.787067,-17.042162
7.8242187,-37.509731,-16.659992,-37.619957,-16.888527
7.8261718,-37.33683,-17.20846,-37.431976,-16.126146
7.828125,-37.14827,-17.503891,-37.253403,-16.04525
7.8300781,-36.960876,-16.673008,-37.065369,-16.564442
7.8320312,-36.774277,-16.240433,-36.866047,-16.400705
7.8339843,-36.579933,-16.750067,-36.673611,-15.734794
7.8359375,-36.381939,-16.931599,-36.477276,-15.634097
7.8378906,-36.169815,-16.266106,-36.273899,-16.082924
7.8398437,-35.96772,-15.819514,-36.057789,-15.960742
7.8417968,-35.759396,-16.130606,-35.846745,-15.269643
7.84375,-35.530514,-16.411865,-35.621468,-15.155394
7.8457031,-35.311871,-15.790787,-35.404339,-15.565872
7.8476562,-35.080135,-15.242343,-35.183781,-16.218306
7.8496093,-34.851269,-15.676825,-34.946278,-15.396044
7.8515625,-34.630642,-15.871159,-34.732536,-13.945971
7.8535156,-34.384567,-16.097263,-34.519958,-14.642984
7.8554687,-34.145287,-15.687571,-34.280365,-15.658712
7.8574218,-33.912075,-14.320749,-34.040527,-14.736578
7.859375,-33.67564,-14.418172,-33.810539,-13.452295
7.8613281,-33.439312,-15.481142,-33.577587,-14.076908
7.8632812,-33.178299,-15.046735,-33.315639,-15.033901
7.8652343,-32.925396,-13.786618,-33.055099,-14.266704
7.8671875,-32.665672,-13.91293,-32.813011,-13.110715
7.8691406,-32.40591,-14.814871,-32.552071,-13.542687
7.8710937,-32.133453,-14.582514,-32.287579,-14.37507
7.8730468,-31.84573,-13.411862,-32.011436,-13.742526
7.875,-31.589891,-13.358648,-31.728979,-12.751684
7.8769531,-31.293657,-14.248401,-31.47052,-12.876307
7.8789062,-30.998278,-14.040242,-31.197279,-13.714731
7.8808593,-30.714775,-12.962514,-30.905668,-13.426683
7.8828125,-30.41087,-12.888274,-30.620007,-12.171871
7.8847656,-30.117655,-13.769782,-30.314554,-12.210595
7.8867187,-29.802345,-13.390417,-30.010929,-13.146252
7.8886718,-29.490223,-12.240737,-29.711191,-12.865865
7.890625,-29.184958,-12.455688,-29.401255,-11.749013
7.8925781,-28.869749,-13.181031,-29.080601,-11.735181
7.8945312,-28.542433,-12.695195,-28.760757,-12.479385
7.8964843,-28.226954,-11.738312,-28.447912,-12.164733
7.8984375,-27.906218,-11.890136,-28.123119,-11.260522
7.9003906,-27.556856,-12.542037,-27.795258,-11.294294
7.9023437,-27.222446,-12.093288,-27.458332,-11.806578
7.9042968,-26.883934,-11.03624,-27.11051,-11.455618
7.90625,-26.545347,-11.328724,-26.757038,-10.700269
7.9082031,-26.178799,-12.119767,-26.422829,-10.705772
7.9101562,-25.819851,-11.460424,-26.073895,-11.094528
7.9121093,-25.484262,-10.45281,-25.703442,-10.956452
7.9140625,-25.112595,-10.729578,-25.363308,-10.4247
7.9160156,-24.743689,-11.347836,-24.996962,-10.232896
7.9179687,-24.375988,-10.786969,-24.614357,-10.252292
7.9199218,-24.004686,-9.9033775,-24.248384,-10.073923
7.921875,-23.625404,-10.108027,-23.883268,-9.7502031
7.9238281,-23.252331,-10.741237,-23.508188,-9.6909599
7.9257812,-22.861288,-10.193182,-23.112152,-9.8660707
7.9277343,-22.460602,-9.2305393,-22.736546,-9.3966665
7.9296875,-22.08177,-9.4765024,-22.365026,-8.8758411
7.9316406,-21.680305,-10.117163,-21.952431,-9.0752811
7.9335937,-21.292723,-9.5215091,-21.547424,-9.2522935
7.9355468,-20.896156,-8.5208978,-21.165749,-8.8512926
7.9375,-20.48805,-8.8456058,-20.776043,-8.162611
7.9394531,-20.105349,-9.4160547,-20.376108,-8.3166694
7.9414062,-19.699455,-8.640376,-19.960798,-8.6499948
7.9433593,-19.278688,-7.7576146,-19.553429,-8.0207433
7.9453125,-18.861126,-8.1659469,-19.159618,-7.450067
7.9472656,-18.453142,-8.5786085,-18.745049,-7.5038061
7.9492187,-18.049431,-8.0030965,-18.324873,-7.9598002
7.9511718,-17.616302,-7.2621364,-17.90905,-7.5418524
7.953125,-17.19137,-7.245922,-17.477938,-6.2510051
7.9550781,-16.784393,-7.446249,-17.061993,-6.5080351
7.9570312,-16.353069,-7.0085597,-16.648432,-7.185513
7.9589843,-15.921291,-6.8908181,-16.22916,-6.5404138
7.9609375,-15.478061,-6.7887616,-15.815027,-5.9944706
7.9628906,-15.046336,-6.3351903,-15.373865,-5.9587535
7.9648437,-14.614245,-6.266076,-14.938336,-5.8777585
7.9667968,-14.173942,-6.0239472,-14.521851,-5.5173907
7.96875,-13.740694,-5.6830186,-14.082987,-5.1671872
7.9707031,-13.273195,-5.3652916,-13.63874,-4.9777708
7.9726562,-12.851102,-5.3668618,-13.21379,-4.8725419
7.9746093,-12.427601,-5.4257359,-12.774108,-4.756143
7.9765625,-11.949169,-4.7817082,-12.320847,-4.1676302
7.9785156,-11.499913,-4.1731848,-11.878839,-3.7500152
7.9804687,-11.070929,-4.2825284,-11.431066,-3.8065829
7.9824218,-10.615276,-4.291255,-10.991392,-3.4544746
7.984375,-10.161871,-3.5404369,-10.537278,-3.1642329
7.9863281,-9.713643,-3.0509219,-10.084581,-3.0710761
7.9882812,-9.2457256,-3.3735554,-9.6282739,-2.6171848
7.9902343,-8.7795734,-3.1871738,-9.1770296,-1.9264591
7.9921875,-8.3366432,-2.246006,-8.7369051,-1.7912586
7.9941406,-7.8742604,-2.0469093,-8.2669906,-2.1892569
7.9960937,-7.3791003,-2.1330165,-7.8128314,-1.4088534
7.9980468,-6.9368805,-1.6503328,-7.3741169,-0.32714978
8.0,-6.4925141,-1.2081378,-6.9121213,-0.55608606
8.0019531,-5.9994416,-0.99811083,-6.4222641,-0.84360945
8.0039062,-5.5067133,-0.60187751,-5.9750542,0.071734212
8.0058593,-5.0373539,0.058187895,-5.5154709,1.0224041
8.0078125,-4.5833077,0.24052118,-5.0607318,0.23684691
8.0097656,-4.1150078,-0.070895158,-4.5869979,-0.55679351
8.0117187,-3.6265952,0.3892478,-4.086194,0.39947176
8.0136718,-3.1522882,1.1488317,-3.6599559,0.97465932
8.015625,-2.7020053,0.47956935,-3.1838042,0.46543202
8.0175781,-2.2302734,-0.36361781,-2.6982777,-0.21756321
8.0195312,-1.7493006,0.4316543,-2.2414882,-0.10836308
8.0214843,-1.2771301,1.336811,-1.7665063,0.93906331
8.0234375,-0.78204799,0.4256539,-1.2973972,0.57437205
8.0253906,-0.29345995,-0.63658464,-0.81572092,-0.52494729
8.0273437,0.15338333,0.44106975,-0.35485411,0.10459191
8.0292968,0.61947346,1.5216101,0.12458703,1.1798627
8.03125,1.1147503,0.29613674,0.63304818,0.74888635
8.0332031,1.6108663,-0.73075563,1.105998,-0.39246035
8.0351562,2.0919992,0.59226483,1.5798828,-0.013063582
8.0371093,2.5720214,1.5475343,2.0518696,1.3133716
8.0390625,3.0525705,0.44196194,2.5366044,1.1846765
8.0410156,3.5151226,-0.10407178,3.0204134,0.75772274
8.0429687,4.002603,1.1070405,3.4737179,1.6493445
8.0449218,4.4946398,2.0223107,3.958069,2.9262888
8.046875,4.9775705,2.0601987,4.4356064,3.2386839
8.0488281,5.4622416,2.4748742,4.904097,2.319967
8.0507812,5.9361109,3.0870807,5.3956513,2.7076897
8.0527343,6.4009642,3.6467385,5.88451,4.5616273
8.0546875,6.8784556,4.1598792,6.3688163,5.2894992
8.0566406,7.3993716,4.3210659,6.8302249,4.7252597
8.0585937,7.8809933,4.5674476,7.3030352,4.2748708
8.0605468,8.3153753,5.1473035,7.7809453,5.2239489
8.0625,8.796503,5.7991266,8.2435998,6.5667176
8.0644531,9.2704315,6.0932812,8.72439,6.6683301
8.0664062,9.7348184,6.2370362,9.2011079,6.0180125
8.0683593,10.216977,6.315833,9.6853361,6.3906703
8.0703125,10.679919,6.6796803,10.169664,7.5436873
8.0722656,11.16342,7.491311,10.635471,8.0140352
8.0742187,11.623667,7.7239637,11.122084,7.2767648
8.0761718,12.070213,7.8290815,11.585022,7.3495287
8.078125,12.546952,7.7773509,12.01948,9.1015977
8.0800781,13.006739,8.0297288,12.510536,9.2442503
8.0820312,13.475874,8.9303512,13.002305,7.9649305
8.0839843,13.933267,9.2643156,13.460866,8.3259363
8.0859375,14.378586,9.0381135,13.918071,9.9258956
8.0878906,14.852687,8.8668317,14.383568,10.177931
8.0898437,15.328388,9.4689521,14.855492,9.405075
8.0917968,15.789671,10.146048,15.304914,9.61271
8.09375,16.229879,10.21805,15.76926,10.622131
8.0957031,16.669943,9.8975858,16.241102,10.719293
8.0976562,17.140015,10.227527,16.683956,10.401293
8.0996093,17.602478,11.243032,17.145617,10.864143
8.1015625,18.040201,11.113235,17.613302,10.925642
8.1035156,18.465714,10.630486,18.049629,11.037258
8.1054687,18.912848,11.219216,18.500862,11.787823
8.1074218,19.373936,11.785978,18.956787,11.772811
8.109375,19.799603,11.855639,19.393517,11.544494
8.1113281,20.234669,11.813339,19.819004,12.186704
8.1132812,20.684689,11.680753,20.264561,12.673408
8.1152343,21.129189,12.210827,20.720514,12.352337
8.1171875,21.53541,12.785805,21.151646,12.01711
8.1191406,21.960636,12.547122,21.589903,12.766391
8.1210937,22.444042,12.598235,22.02681,13.413997
8.1230468,22.858908,12.983918,22.448818,12.98301
8.125,23.230042,13.377442,22.878645,13.139215
8.1269531,23.661747,13.408652,23.311922,13.741772
8.1289062,24.131819,12.833385,23.711882,13.627837
8.1308593,24.533031,13.418889,24.136616,13.339185
8.1328125,24.910032,14.249631,24.558863,14.075397
8.1347656,25.318378,13.863036,24.960766,14.517163
8.1367187,25.726217,13.722803,25.379631,14.009351
8.1386718,26.142752,14.315527,25.768892,14.029839
8.140625,26.523794,14.690533,26.166006,14.739786
8.1425781,26.888996,14.447993,26.561563,15.201842
8.1445312,27.282175,14.319448,26.954262,14.473629
8.1464843,27.679132,14.65416,27.339573,14.389127
8.1484375,28.033434,15.236867,27.724413,15.501783
8.1503906,28.385786,15.264775,28.110056,15.847552
8.1523437,28.768145,14.967942,28.471678,15.126791
8.1542968,29.12044,15.085061,28.845409,15.01083
8.15625,29.457653,15.467906,29.202642,15.972952
8.1582031,29.817337,15.78797,29.557219,16.1453
8.1601562,30.182344,15.796121,29.901409,15.630902
8.1621093,30.50416,15.793192,30.251266,15.87348
8.1640625,30.832212,15.879481,30.626736,16.506943
8.1660156,31.180103,16.170937,30.964912,16.412573
8.1679687,31.509426,16.451878,31.296028,16.218151
8.1699218,31.825207,16.328331,31.618311,16.580717
8.171875,32.140404,16.115414,31.947969,16.931927
8.1738281,32.471371,16.535702,32.270287,16.935339
8.1757812,32.767246,17.065088,32.56501,16.755003
8.1777343,33.067223,16.916115,32.864136,17.055643
8.1796875,33.371502,16.586512,33.159172,17.487072
8.1816406,33.651371,16.870127,33.462166,17.399654
8.1835937,33.943665,17.447014,33.752529,17.382263
8.1855468,34.217937,17.347809,34.027344,17.539097
8.1875,34.48328,17.217175,34.299835,17.726234
8.1894531,34.754696,17.474928,34.565571,17.983725
8.1914062,35.016594,17.725433,34.829872,18.024311
8.1933593,35.261269,17.718708,35.076782,17.912014
8.1953125,35.488556,17.637625,35.314533,18.121302
8.1972656,35.722454,17.922325,35.579411,18.523851
8.1992187,35.973335,18.114794,35.817032,18.493399
8.2011718,36.195625,18.048765,36.046204,18.34491
8.203125,36.396183,18.231064,36.287094,18.490152
8.2050781,36.611233,18.420258,36.49699,18.817665
8.2070312,36.822186,18.679941,36.700832,18.963402
8.2089843,37.041458,18.896708,36.924644,18.833582
8.2109375,37.228107,18.408384,37.132374,18.836479
8.2128906,37.407265,18.251192,37.306694,19.101871
8.2148437,37.604992,18.748278,37.495144,19.48048
8.2167968,37.782955,18.991907,37.678116,19.424942
8.21875,37.957386,18.826525,37.849598,19.02656
8.2207031,38.12146,18.668709,38.019829,19.217369
8.2226562,38.278061,18.903711,38.183475,19.715673
8.2246093,38.436813,19.164227,38.3466,19.629711
8.2265625,38.58215,19.09544,38.476185,19.273449
8.2285156,38.71402,18.999681,38.596252,19.414459
8.2304687,38.853439,19.171124,38.745167,19.818001
8.2324218,38.957092,19.324183,38.884357,19.926756
8.234375,39.068523,19.269053,38.98951,19.785467
8.2363281,39.192146,19.248795,39.083752,19.689529
8.2382812,39.275734,19.469604,39.197067,19.786322
8.2402343,39.368725,19.581614,39.299171,20.000574
8.2421875,39.449203,19.366022,39.401421,20.127291
8.2441406,39.516945,19.410732,39.464939,19.974464
8.2460937,39.59552,19.687616,39.522411,19.817909
8.2480468,39.656826,19.71702,39.608017,19.940849
8.25,39.70459,19.531,39.666237,20.298891
8.2519531,39.74836,19.496643,39.717319,20.358942
8.2539062,39.787868,19.731117,39.738941,19.969625
8.2558593,39.82238,19.774912,39.765076,19.857576
8.2578125,39.839027,19.634661,39.787853,20.234102
8.2597656,39.851624,19.59551,39.799915,20.570826
8.2617187,39.867073,19.808775,39.816776,20.325211
8.2636718,39.876228,19.894476,39.833717,20.069098
8.265625,39.87849,19.714983,39.843746,20.242981
8.2675781,39.880245,19.648205,39.844673,20.417833
8.2695312,39.881897,19.204027,39.845253,20.279699
8.2714843,39.877171,18.190619,39.843571,19.884226
8.2734375,39.867168,17.42621,39.850536,18.976007
8.2753906,39.847301,17.873629,39.845654,17.719229
8.2773437,39.820602,18.564686,39.822922,18.06686
8.2792968,39.773491,18.048666,39.780811,19.332926
8.28125,39.709175,17.285503,39.746861,18.928959
8.2832031,39.661091,17.650126,39.694424,17.750378
8.2851562,39.593262,18.402973,39.624424,18.101807
8.2871093,39.509048,18.058941,39.551357,19.20577
8.2890625,39.437393,17.254795,39.463299,18.816517
8.2910156,39.349903,17.492167,39.384708,17.67701
8.2929687,39.25536,18.213833,39.302425,17.951204
8.2949218,39.144142,17.806507,39.201931,19.020954
8.296875,39.044468,16.897909,39.080971,18.652992
8.2988281,38.948463,17.147293,38.970154,17.440695
8.3007812,38.822323,17.93063,38.856201,17.642075
8.3027343,38.69112,17.505766,38.749802,18.847633
8.3046875,38.564232,16.42037,38.631844,18.512691
8.3066406,38.439613,16.598269,38.489979,16.978317
8.3085937,38.300346,17.52854,38.373043,17.00054
8.3105468,38.149761,17.274942,38.2561,18.162195
8.3125,37.987309,16.231623,38.108765,18.025307
8.3144531,37.83596,16.301479,37.970585,16.75371
8.3164062,37.683865,17.09334,37.827187,16.542978
8.3183593,37.517723,16.947884,37.666019,17.50219
8.3203125,37.35062,16.338533,37.52269,17.525862
8.3222656,37.170788,16.272917,37.356537,16.517878
8.3242187,37.006264,16.355322,37.19735,16.302578
8.3261718,36.846169,16.155062,37.024368,16.948698
8.328125,36.660995,15.889171,36.849594,16.944881
8.3300781,36.475384,15.90841,36.661674,16.17902
8.3320312,36.291679,15.874322,36.453133,16.047829
8.3339843,36.09853,15.559404,36.283722,16.485125
8.3359375,35.903919,15.47265,36.072914,16.389799
8.3378906,35.70892,15.487445,35.860939,15.858817
8.3398437,35.510468,15.453258,35.649273,15.70172
8.3417968,35.300304,15.275143,35.418369,15.9491
8.34375,35.086185,14.910494,35.202141,15.954327
8.3457031,34.877239,14.99684,34.980556,15.503978
8.3476562,34.664963,15.122946,34.7537,15.211621
8.3496093,34.43438,14.704117,34.526375,15.516602
8.3515625,34.210941,14.419899,34.29052,15.392898
8.3535156,33.987057,14.526428,34.04443,14.848428
8.3554687,33.740383,14.545084,33.805187,14.846604
8.3574218,33.503082,14.179824,33.542774,14.968581
8.359375,33.257252,13.831628,33.301659,14.938848
8.3613281,33.004395,14.03706,33.049671,14.497724
8.3632812,32.749554,14.232025,32.796432,14.133778
8.3652343,32.480717,13.700434,32.560303,14.45501
8.3671875,32.214825,13.328677,32.272392,14.409684
8.3691406,31.952858,13.64502,32.012184,13.799806
8.3710937,31.666964,13.68285,31.771294,13.64672
8.3730468,31.377628,13.21283,31.5093,14.003794
8.375,31.110397,12.804893,31.224796,13.903314
8.3769531,30.818872,13.118774,30.937189,13.275755
8.3789062,30.510742,13.32483,30.661776,12.930875
8.3808593,30.220844,12.587328,30.367954,13.400417
8.3828125,29.927822,12.171118,30.075117,13.616197
8.3847656,29.619307,12.696149,29.783344,12.830883
8.3867187,29.314241,13.001479,29.484579,12.365052
8.3886718,28.997154,12.170615,29.180891,12.804457
8.390625,28.681635,11.521049,28.868462,12.836999
8.3925781,28.368969,12.072851,28.550396,12.274284
8.3945312,28.035587,12.4358,28.241808,12.263583
8.3964843,27.710339,11.736884,27.911469,12.228296
8.3984375,27.384384,11.168539,27.591387,11.955733
8.4003906,27.048855,11.453283,27.280075,11.771533
8.4023437,26.71723,11.902695,26.924232,11.76022
8.4042968,26.37912,11.373046,26.602098,11.832842
8.40625,26.034731,10.353759,26.278002,11.456923
8.4082031,25.693066,10.759907,25.927588,10.95853
8.4101562,25.351578,11.389803,25.582331,11.056491
8.4121093,25.001993,10.837305,25.236155,11.396169
8.4140625,24.644308,9.9666929,24.88126,10.993123
8.4160156,24.288906,9.748106,24.527052,10.432858
8.4179687,23.930698,10.669225,24.19985,10.337335
8.4199218,23.562817,10.816001,23.838709,10.643501
8.421875,23.196531,9.5018816,23.452881,10.666474
8.4238281,22.840973,9.0095443,23.089336,9.8739271
8.4257812,22.468336,9.9586992,22.738451,9.5800609
8.4277343,22.084385,10.141751,22.383738,10.180909
8.4296875,21.71137,8.9639787,22.006569,10.046434
8.4316406,21.345972,8.6127185,21.632153,8.9791889
8.4335937,20.966785,8.9395141,21.246271,9.16613
8.4355468,20.570953,8.948637,20.85236,9.6883707
8.4375,20.195599,8.8807649,20.462891,9.132163
8.4394531,19.805992,8.3471593,20.069027,8.7491579
8.4414062,19.418121,7.9244041,19.694647,8.7335081
8.4433593,19.028551,7.9332909,19.305183,8.5335922
8.4453125,18.635384,7.8537306,18.895334,8.0121908
8.4472656,18.253624,7.9623627,18.493658,8.2683725
8.4492187,17.837431,7.3745532,18.127012,8.3882284
8.4511718,17.444479,7.0484457,17.722757,7.7855167
8.453125,17.043045,7.5003423,17.317602,7.479309
8.4550781,16.630371,7.124751,16.91469,7.24093
8.4570312,16.232079,6.4984908,16.486721,7.2431483
8.4589843,15.82124,6.3342943,16.082191,7.4294824
8.4609375,15.417923,6.530168,15.641762,7.1621894
8.4628906,15.002503,6.4009699,15.276877,6.3134956
8.4648437,14.59663,5.9060559,14.866854,6.0628938
8.4667968,14.184599,5.2423176,14.425228,6.5405373
8.46875,13.767479,5.3923044,14.03867,6.6531753
8.4707031,13.347577,5.9164681,13.583476,5.5020103
8.4726562,12.922328,4.9704875,13.188618,4.8195762
8.4746093,12.506819,4.0007953,12.781913,5.8150215
8.4765625,12.083029,4.4382023,12.352406,5.9506592
8.4785156,11.661245,4.8166461,11.941107,4.5986657
8.4804687,11.238555,3.76212,11.511086,3.746463
8.4824218,10.8046,2.9933626,11.097314,4.5778865
8.484375,10.370094,3.6645159,10.669524,5.02845
8.4863281,9.9316263,3.7784786,10.226908,3.714324
8.4882812,9.4842481,2.9167916,9.7720718,2.7765252
8.4902343,9.0693321,2.0975632,9.3324766,3.6175444
8.4921875,8.6361732,2.2126731,8.885416,3.9359047
8.4941406,8.1862239,2.3663103,8.471878,2.5761768
8.4960937,7.7509737,1.278828,8.0367012,1.8833607
8.4980468,7.3054513,1.0290985,7.5658617,2.3627202
8.5,6.8819475,1.3313071,7.1249027,2.3622627
8.5019531,6.446362,0.30864546,6.6823926,1.6451909
8.5039062,5.9974994,-0.46219301,6.2527046,1.2054396
8.5058593,5.5573525,0.27070126,5.7994613,0.89950532
8.5078125,5.1121993,0.12671973,5.3670334,0.66036218
8.5097656,4.6575179,-1.0452355,4.9266781,0.18569437
8.5117187,4.2161493,-0.46316525,4.474698,-0.27893254
8.5136718,3.7625386,0.63809055,4.0384144,0.049302608
8.515625,3.2874548,0.013422945,3.5825319,0.10831717
8.5175781,2.8453958,-1.0957195,3.1330959,-0.37345877
8.5195312,2.3960905,-0.51926577,2.684329,-0.19086511
8.5214843,1.934954,0.41922894,2.2294859,0.14236319
8.5234375,1.4795184,-0.040075369,1.7711317,-0.21940845
8.5253906,1.0233947,-0.57669473,1.3131092,-0.51699102
8.5273437,0.57480687,-0.58083683,0.84777951,-0.26030663
8.5292968,0.11452578,-0.12348508,0.41589171,0.12767181
8.53125,-0.34017545,0.18749656,-0.03594318,-0.073836342
8.5332031,-0.8057813,-0.37719691,-0.50223219,-0.37099773
8.5351562,-1.2759199,-0.91664368,-0.97252774,-0.41364178
8.5371093,-1.7118283,-0.080384053,-1.4588737,-0.0097346278
8.5390625,-2.1810643,0.35993037,-1.89607,0.13244006
8.5410156,-2.6477713,-1.0276066,-2.3737752,-0.71335626
8.5429687,-3.0871725,-1.650328,-2.8578059,-0.52846992
8.5449218,-3.553164,-1.4526202,-3.2789442,0.13297807
8.546875,-4.0042605,-2.000529,-3.7052776,-0.41559419
8.5488281,-4.4580111,-2.8290929,-4.1892747,-1.2203829
8.5507812,-4.9323492,-3.1944279,-4.6654882,-1.2824307
8.5527343,-5.3778238,-3.4233958,-5.1219778,-1.2570344
8.5546875,-5.8217191,-3.7867078,-5.5980997,-2.2563452
8.5566406,-6.2876334,-4.3891143,-6.0473027,-2.9401986
8.5585937,-6.7441611,-4.9054846,-6.5029463,-2.3272767
8.5605468,-7.1947579,-5.0862989,-6.9730558,-2.6604757
8.5625,-7.6628317,-5.433341,-7.4252371,-4.5865674
8.5644531,-8.1342268,-5.7670784,-7.8476066,-5.0953655
8.5664062,-8.5655441,-6.2667765,-8.2998142,-3.7075154
8.5683593,-9.0190362,-6.4525742,-8.7906675,-4.0533332
8.5703125,-9.4823141,-6.3197007,-9.250782,-6.0760812
8.5722656,-9.9323825,-7.0285306,-9.6776971,-6.3662424
8.5742187,-10.395751,-7.8945584,-10.108459,-5.2472043
8.5761718,-10.828005,-7.6214475,-10.584435,-5.5698318
8.578125,-11.298006,-7.5640626,-11.074172,-7.1525812
8.5800781,-11.763689,-8.2779741,-11.525273,-7.2722811
8.5820312,-12.211861,-8.4733257,-11.953468,-6.7370853
8.5839843,-12.670409,-8.6000461,-12.37793,-7.2892694
8.5859375,-13.113414,-8.8738317,-12.837585,-7.9692502
8.5878906,-13.576362,-9.286128,-13.328773,-8.0804061
8.5898437,-14.029265,-9.5645332,-13.784787,-8.0964794
8.5917968,-14.490535,-9.4898271,-14.20897,-8.4116029
8.59375,-14.942974,-9.6551656,-14.64658,-8.6703205
8.5957031,-15.391121,-10.20555,-15.138843,-8.6817474
8.5976562,-15.860172,-10.375722,-15.589458,-9.0174436
8.5996093,-16.316904,-10.250811,-16.010834,-9.5701561
8.6015625,-16.759308,-10.725888,-16.449152,-9.9104557
8.6035156,-17.207981,-10.902649,-16.861916,-9.7576284
8.6054687,-17.665918,-11.014668,-17.300806,-9.554389
8.6074218,-18.115879,-11.265169,-17.750248,-10.237808
8.609375,-18.564699,-11.474635,-18.203922,-10.777753
8.6113281,-19.016693,-11.866259,-18.627676,-10.680771
8.6132812,-19.46644,-11.841845,-19.063786,-10.551037
8.6152343,-19.913633,-11.901278,-19.524855,-11.009351
8.6171875,-20.354113,-12.289686,-19.950987,-11.370775
8.6191406,-20.782583,-12.68352,-20.402735,-11.349457
8.6210937,-21.234676,-12.539626,-20.829554,-11.824889
8.6230468,-21.684967,-12.286822,-21.25452,-11.761127
8.625,-22.109825,-12.98401,-21.704834,-11.401863
8.6269531,-22.558453,-13.807202,-22.117256,-11.9009
8.6289062,-22.994431,-13.135499,-22.526794,-12.764921
8.6308593,-23.435331,-12.64897,-22.922703,-12.993058
8.6328125,-23.867729,-13.863761,-23.369013,-12.111185
8.6347656,-24.277664,-14.295259,-23.822796,-11.992995
8.6367187,-24.719172,-13.717379,-24.222485,-13.349433
8.6386718,-25.142834,-13.535877,-24.659578,-13.740397
8.640625,-25.557734,-14.342963,-25.061029,-12.905315
8.6425781,-25.976345,-14.906961,-25.419979,-12.83912
8.6445312,-26.406836,-14.171508,-25.840975,-13.922413
8.6464843,-26.80402,-14.1144,-26.278889,-14.245073
8.6484375,-27.202616,-15.214175,-26.673853,-13.681805
8.6503906,-27.625578,-15.434616,-27.066435,-13.454881
8.6523437,-28.011103,-14.832765,-27.447575,-14.186048
8.6542968,-28.416031,-14.947365,-27.842129,-14.864165
8.65625,-28.820032,-15.393384,-28.263506,-14.30945
8.6582031,-29.216021,-16.048079,-28.644932,-14.217525
8.6601562,-29.602671,-15.753735,-29.019876,-14.739624
8.6621093,-29.979834,-15.024355,-29.413706,-15.21953
8.6640625,-30.368053,-15.890562,-29.784161,-15.297895
8.6660156,-30.75786,-16.725885,-30.160786,-14.70021
8.6679687,-31.124632,-16.29121,-30.555527,-15.038054
8.6699218,-31.485081,-15.77474,-30.891644,-15.85008
8.671875,-31.852953,-16.234318,-31.236845,-15.625471
8.6738281,-32.200817,-16.924061,-31.621767,-15.20223
8.6757812,-32.561291,-16.832499,-31.974741,-15.635283
8.6777343,-32.907185,-16.513247,-32.331043,-16.476439
8.6796875,-33.231018,-16.942827,-32.697681,-16.13604
8.6816406,-33.583286,-17.255314,-33.033752,-15.48145
8.6835937,-33.909302,-17.212311,-33.355385,-16.251131
8.6855468,-34.208401,-17.522083,-33.697224,-16.785517
8.6875,-34.53426,-17.493481,-34.004105,-16.594969
8.6894531,-34.850758,-17.316858,-34.307659,-16.543304
8.6914062,-35.159874,-17.420158,-34.62141,-16.583237
8.6933593,-35.446861,-17.845537,-34.931149,-16.963728
8.6953125,-35.72155,-18.183624,-35.260807,-17.035658
8.6972656,-35.99601,-17.956669,-35.572823,-17.10873
8.6992187,-36.267422,-17.743849,-35.871098,-17.220758
8.7011718,-36.54147,-18.208225,-36.127319,-17.03709
8.703125,-36.778812,-18.735382,-36.38847,-17.215551
8.7050781,-37.033447,-18.351791,-36.669643,-17.529711
8.7070312,-37.274273,-18.125217,-36.91552,-17.780462
8.7089843,-37.497292,-18.607046,-37.150181,-17.673977
8.7109375,-37.71603,-18.979479,-37.386459,-17.53233
8.7128906,-37.912258,-19.003046,-37.630829,-17.881598
8.7148437,-38.129013,-18.635815,-37.856186,-18.072996
8.7167968,-38.31934,-18.720884,-38.059376,-17.97711
8.71875,-38.494652,-19.347048,-38.2724,-17.952902
8.7207031,-38.670174,-19.259193,-38.463425,-17.981504
8.7226562,-38.82309,-18.816574,-38.630562,-18.142769
8.7246093,-38.977264,-19.015512,-38.802841,-18.273367
8.7265625,-39.122684,-19.636656,-38.963985,-18.244442
8.7285156,-39.245567,-19.703058,-39.098263,-18.379616
8.7304687,-39.3666,-19.1497,-39.243687,-18.577909
8.7324218,-39.487076,-19.19878,-39.370392,-18.537395
8.734375,-39.59082,-19.981411,-39.47599,-18.524841
8.7363281,-39.680038,-20.104683,-39.608047,-18.686749
8.7382812,-39.776436,-19.343668,-39.715244,-18.82147
8.7402343,-39.850922,-19.316637,-39.79763,-18.812887
8.7421875,-39.909832,-20.128309,-39.877022,-18.674873
8.7441406,-39.976505,-20.218525,-39.931602,-18.707401
8.7460937,-40.028934,-19.572996,-39.982651,-18.953537
8.7480468,-40.089901,-19.572107,-40.046276,-19.097128
8.75,-40.134251,-20.249506,-40.081291,-19.023745
8.7519531,-40.163216,-20.217175,-40.119541,-19.012154
8.7539062,-40.195835,-19.513271,-40.146103,-19.095959
8.7558593,-40.219532,-19.542011,-40.159081,-19.095837
8.7578125,-40.234276,-20.30138,-40.189976,-19.077997
8.7597656,-40.236042,-20.262951,-40.198627,-19.119925
8.7617187,-40.239712,-19.849442,-40.196865,-19.330465
8.7636718,-40.236786,-19.885599,-40.19928,-19.349651
8.765625,-40.237377,-19.697706,-40.19664,-19.102842
8.7675781,-40.234016,-19.357351,-40.200188,-18.921354
8.7695312,-40.224224,-19.164745,-40.192944,-18.760176
8.7714843,-40.213436,-19.525764,-40.170258,-18.329746
8.7734375,-40.189808,-19.794846,-40.167263,-18.169298
8.7753906,-40.157917,-19.213196,-40.136669,-18.915945
8.7773437,-40.118481,-18.910143,-40.110703,-19.066013
8.7792968,-40.073311,-19.37145,-40.091263,-18.17305
8.78125,-40.022938,-19.606936,-40.043861,-17.965628
8.7832031,-39.977665,-19.110283,-39.999504,-18.664917
8.7851562,-39.912109,-18.80607,-39.939709,-18.768608
8.7871093,-39.843937,-19.207891,-39.895248,-18.038298
8.7890625,-39.7817,-19.256184,-39.812443,-17.889803
8.7910156,-39.70013,-18.713224,-39.736057,-18.454636
8.7929687,-39.625397,-18.517263,-39.674114,-18.473085
8.7949218,-39.530479,-18.88089,-39.569447,-17.871206
8.796875,-39.431156,-18.926468,-39.491917,-17.732006
8.7988281,-39.342953,-18.368565,-39.382771,-18.136311
8.8007812,-39.239162,-18.26963,-39.283028,-18.134691
8.8027343,-39.127739,-18.62005,-39.183334,-17.561186
8.8046875,-39.004513,-18.459303,-39.068775,-17.40597
8.8066406,-38.879917,-17.897882,-38.964836,-17.711983
8.8085937,-38.745827,-17.892509,-38.830872,-17.575089
8.8105468,-38.61483,-18.3197,-38.697208,-17.061104
8.8125,-38.472729,-18.119503,-38.557613,-16.895363
8.8144531,-38.321327,-17.550787,-38.402195,-17.271925
8.8164062,-38.179298,-17.498707,-38.251431,-17.429268
8.8183593,-38.015644,-17.795404,-38.118645,-16.909151
8.8203125,-37.86058,-17.64352,-37.963329,-16.592791
8.8222656,-37.700123,-17.150635,-37.792625,-16.893787
8.8242187,-37.516521,-17.104046,-37.617794,-16.800507
8.8261718,-37.336414,-17.348772,-37.450958,-16.263521
8.828125,-37.16003,-17.176523,-37.280479,-16.224829
8.8300781,-36.981926,-16.695999,-37.089222,-16.533905
8.8320312,-36.773785,-16.707649,-36.889427,-16.367809
8.8339843,-36.5779,-16.904282,-36.690769,-15.851984
8.8359375,-36.384949,-16.563498,-36.499634,-15.760031
8.8378906,-36.180695,-16.317301,-36.278862,-16.088919
8.8398437,-35.983154,-16.304585,-36.071529,-15.987855
8.8417968,-35.761753,-16.224522,-35.855438,-15.470753
8.84375,-35.546062,-16.098738,-35.619179,-15.317647
8.8457031,-35.324036,-15.797482,-35.402435,-15.541701
8.8476562,-35.099342,-15.691916,-35.168381,-16.093212
8.8496093,-34.868599,-15.788146,-34.937599,-15.750103
8.8515625,-34.634373,-16.060547,-34.713413,-14.416168
8.8535156,-34.397255,-16.129873,-34.507626,-14.428676
8.8554687,-34.164181,-15.134197,-34.283241,-15.368749
8.8574218,-33.931236,-14.478338,-34.030079,-15.077327
8.859375,-33.681194,-15.184464,-33.803417,-13.883406
8.8613281,-33.436153,-15.427611,-33.575447,-13.824521
8.8632812,-33.179955,-14.451607,-33.325001,-14.826088
8.8652343,-32.938244,-13.934645,-33.053787,-14.657748
8.8671875,-32.684708,-14.687757,-32.803856,-13.436041
8.8691406,-32.404205,-14.928591,-32.54866,-13.332288
8.8710937,-32.136845,-13.900243,-32.286129,-14.190634
8.8730468,-31.865183,-13.411538,-32.023266,-14.062442
8.875,-31.583853,-14.183715,-31.748562,-13.012631
8.8769531,-31.309448,-14.40734,-31.479244,-12.792246
8.8789062,-31.005836,-13.455918,-31.186808,-13.483812
8.8808593,-30.712605,-13.024616,-30.900705,-13.513954
8.8828125,-30.431902,-13.508642,-30.611984,-12.648185
8.8847656,-30.115526,-13.77417,-30.323059,-12.370489
8.8867187,-29.807852,-13.024244,-30.0305,-12.917418
8.8886718,-29.50783,-12.345038,-29.716482,-12.866803
8.890625,-29.199879,-12.855356,-29.402765,-12.045601
8.8925781,-28.884258,-13.242546,-29.093582,-11.794871
8.8945312,-28.558889,-12.442722,-28.780458,-12.367231
8.8964843,-28.225378,-11.753543,-28.447134,-12.356332
8.8984375,-27.899288,-12.251235,-28.124516,-11.415275
8.9003906,-27.557571,-12.582474,-27.803368,-11.137624
8.9023437,-27.229528,-11.867974,-27.465221,-11.774356
8.9042968,-26.892786,-11.293926,-27.133053,-11.772945
8.90625,-26.530294,-11.67676,-26.780685,-10.87949
8.9082031,-26.187939,-11.974798,-26.412149,-10.605422
8.9101562,-25.826731,-11.159552,-26.076544,-11.221191
8.9121093,-25.480095,-10.633085,-25.732916,-11.148347
8.9140625,-25.127205,-11.217082,-25.364841,-10.258241
8.9160156,-24.746572,-11.28714,-24.988995,-9.8879919
8.9179687,-24.372507,-10.473315,-24.610218,-10.429452
8.9199218,-24.00593,-10.058458,-24.257254,-10.60115
8.921875,-23.631317,-10.4225,-23.894089,-9.9117946
8.9238281,-23.249456,-10.699806,-23.498186,-9.5747156
8.9257812,-22.867523,-10.067163,-23.10062,-9.5227661
8.9277343,-22.473925,-9.3859443,-22.735451,-9.3661861
8.9296875,-22.100227,-9.6269216,-22.353701,-9.4644546
8.9316406,-21.704727,-9.7609844,-21.962845,-9.3489885
8.9335937,-21.291481,-9.4583072,-21.583691,-8.7598152
8.9355468,-20.901302,-9.0587177,-21.180273,-8.4240675
8.9375,-20.502754,-8.9226541,-20.764645,-8.7797346
8.9394531,-20.093237,-9.0348053,-20.353325,-8.6520109
8.9414062,-19.689285,-8.6783008,-19.978731,-7.882235
8.9433593,-19.289692,-8.2769184,-19.584366,-7.8314371
8.9453125,-18.86965,-8.1283493,-19.16114,-8.1955452
8.9472656,-18.450958,-8.0577945,-18.743214,-7.8842382
8.9492187,-18.042162,-7.8130264,-18.32682,-6.9379258
8.9511718,-17.626572,-7.564248,-17.897739,-7.1978316
8.953125,-17.202915,-7.5421814,-17.458643,-7.6699361
8.9550781,-16.767925,-7.4786791,-17.041271,-6.7671742
8.9570312,-16.334669,-6.9950776,-16.626942,-6.2627668
8.9589843,-15.919132,-6.4593048,-16.207981,-6.2867183
8.9609375,-15.479256,-6.6806206,-15.787015,-6.4566097
8.9628906,-15.024785,-6.9329791,-15.366819,-6.1746201
8.9648437,-14.614431,-6.0976152,-14.935647,-5.4424171
8.9667968,-14.174796,-5.4758515,-14.507592,-5.3444867
8.96875,-13.719331,-5.9761591,-14.086566,-5.3849387
8.9707031,-13.28595,-5.9158387,-13.640404,-5.2463402
8.9726562,-12.831214,-5.0974183,-13.219308,-4.634315
8.9746093,-12.394048,-4.7688355,-12.759558,-4.0576129
8.9765625,-11.943962,-4.7620787,-12.29716,-4.1961937
8.9785156,-11.482671,-4.4580688,-11.884089,-4.1727547
8.9804687,-11.043372,-4.3411116,-11.419607,-3.7298443
8.9824218,-10.593862,-4.0766105,-10.971743,-3.36976
8.984375,-10.150225,-3.6356191,-10.540545,-3.1566643
8.9863281,-9.6846628,-3.3424501,-10.087572,-2.977235
8.9882812,-9.2056703,-2.9243831,-9.6300306,-2.5967202
8.9902343,-8.7686433,-2.6196379,-9.1780424,-2.079802
8.9921875,-8.3244075,-2.3830289,-8.7317905,-1.6872823
8.9941406,-7.8462839,-2.4453167,-8.2880334,-1.392058
8.9960937,-7.37434,-1.9097484,-7.8276429,-1.3942554
8.9980468,-6.91294,-1.010629,-7.3703355,-0.63643861
9.0,-6.4652085,-1.2277827,-6.9241166,-0.20368226
9.0019531,-5.9998006,-1.2639789,-6.4415946,-0.64106971
9.0039062,-5.5108509,-0.31903303,-5.9749665,0.17159338
9.0058593,-5.0440793,0.44715115,-5.5301876,0.7260139
9.0078125,-4.5795311,0.10754497,-5.0362625,0.20728035
9.0097656,-4.1053309,-0.16550735,-4.5659279,-0.0066344296
9.0117187,-3.6386523,0.90423405,-4.1348724,0.39439133
9.0136718,-3.1743109,0.93784708,-3.6352069,0.35201395
9.015625,-2.7017467,-0.33887327,-3.1387431,0.065754831
9.0175781,-2.2239255,0.031337399,-2.6878581,0.55673534
9.0195312,-1.7592207,0.96128404,-2.2372171,0.40337807
9.0214843,-1.2697761,0.60992432,-1.7866526,-0.08350376
9.0234375,-0.78305364,0.1835126,-1.3134328,0.21790095
9.0253906,-0.32896027,0.58661556,-0.81459594,0.50923431
9.0273437,0.14241402,0.3973814,-0.33828402,0.29569021
9.0292968,0.61864191,-0.18040775,0.12498936,0.25020713
9.03125,1.1161073,0.65535671,0.61255538,0.66474485
9.0332031,1.5895426,1.2940279,1.0870511,0.33258584
9.0351562,2.0434861,0.49029875,1.5541038,0.016201776
9.0371093,2.5383873,-0.33839795,2.0396173,0.83927172
9.0390625,3.0281105,0.35877457,2.5167076,1.5231783
9.0410156,3.5072369,1.3530836,3.0046908,1.1735358
9.0429687,3.9663031,1.0036219,3.4996738,1.0312799
9.0449218,4.451056,0.65966666,3.9683992,1.9767336
9.046875,4.9635024,1.5980316,4.4678115,2.7242877
9.0488281,5.418529,3.1436324,4.9441275,2.9049367
9.0507812,5.8848462,3.5109093,5.3899235,3.364979
9.0527343,6.3834352,2.6313076,5.8801102,4.124731
9.0546875,6.8561353,3.1489131,6.3385148,4.4090442
9.0566406,7.3103408,4.9065518,6.7996497,4.4540963
9.0585937,7.7776513,5.5571899,7.2906708,5.1221852
9.0605468,8.2767801,4.7518954,7.7822079,5.6944623
9.0625,8.7770175,4.3672137,8.2747287,5.7014436
9.0644531,9.2390689,6.3603415,8.7524004,6.1307172
9.0664062,9.6843252,7.0860033,9.2258291,6.8122901
9.0683593,10.185292,6.0252647,9.6944255,6.7472281
9.0703125,10.669649,6.1922845,10.183799,6.8637962
9.0722656,11.099761,7.2224383,10.668883,7.4030404
9.0742187,11.56802,8.2241077,11.133982,7.6721959
9.0761718,12.064398,7.6437521,11.595333,8.1923408
9.078125,12.549295,7.2880473,12.060473,8.3816738
9.0800781,12.978871,8.5360775,12.517004,8.3600997
9.0820312,13.430116,9.2059946,12.983871,9.021141
9.0839843,13.912081,8.6641855,13.463589,9.4499626
9.0859375,14.37092,8.3236742,13.928415,9.1552753
9.0878906,14.853293,9.4770412,14.388969,8.9886598
9.0898437,15.320347,10.50134,14.832227,9.5897331
9.0917968,15.763261,9.6068172,15.276896,10.563572
9.09375,16.196531,9.028491,15.758524,10.825783
9.0957031,16.674328,10.564721,16.232449,10.109842
9.0976562,17.138296,11.465623,16.701418,10.316099
9.0996093,17.545519,10.259855,17.166494,11.425461
9.1015625,18.001406,9.8820638,17.597517,11.115063
9.1035156,18.462717,11.461309,18.047205,10.622831
9.1054687,18.899118,12.21905,18.504168,11.408957
9.1074218,19.343412,11.27737,18.960209,12.104222
9.109375,19.780081,11.02326,19.411846,12.069581
9.1113281,20.215084,12.109617,19.836946,12.015207
9.1132812,20.667736,12.667316,20.273758,12.111249
9.1152343,21.126236,12.063464,20.725237,12.610988
9.1171875,21.560762,11.871273,21.145967,12.797352
9.1191406,21.944771,12.743249,21.587248,12.433639
9.1210937,22.352299,13.214176,22.021109,12.911524
9.1230468,22.812622,12.772742,22.459818,13.534358
9.125,23.253616,12.760819,22.87359,13.715796
9.1269531,23.651443,13.5367,23.264574,13.308786
9.1289062,24.043814,14.064533,23.713009,13.370563
9.1308593,24.490303,13.642992,24.115368,14.131917
9.1328125,24.913729,13.162671,24.529224,14.061934
9.1347656,25.305082,13.940093,24.94595,14.001842
9.1367187,25.704329,14.868454,25.343548,14.313354
9.1386718,26.08732,14.128655,25.755356,14.534468
9.140625,26.512699,13.408551,26.176853,14.529313
9.1425781,26.923071,14.544423,26.586109,14.483378
9.1445312,27.274082,15.54097,26.956806,14.851806
9.1464843,27.641182,14.918287,27.346437,15.309648
9.1484375,28.024162,14.148133,27.739065,15.3599
9.1503906,28.395561,14.970393,28.113817,15.112869
9.1523437,28.739983,16.022778,28.474951,15.185213
9.1542968,29.110493,15.575596,28.834478,15.725279
9.15625,29.478268,14.961695,29.204248,16.007135
9.1582031,29.805845,15.547124,29.562222,15.820621
9.1601562,30.157066,16.310478,29.904222,15.7407
9.1621093,30.506317,15.985598,30.251774,16.217371
9.1640625,30.842346,15.628365,30.599239,16.702328
9.1660156,31.167173,16.073748,30.933453,16.402023
9.1679687,31.49452,16.589066,31.263416,16.086327
9.1699218,31.823851,16.490667,31.611858,16.531641
9.171875,32.124287,16.21402,31.937891,17.360123
9.1738281,32.438412,16.523363,32.248703,17.311268
9.1757812,32.749992,17.067751,32.566753,16.495729
9.1777343,33.043381,17.071165,32.853519,16.779871
9.1796875,33.332542,16.73103,33.139637,17.726604
9.1816406,33.614811,16.960411,33.442219,17.727409
9.1835937,33.910713,17.54192,33.736881,17.168388
9.1855468,34.177082,17.551729,34.002869,17.479376
9.1875,34.445759,17.239468,34.284027,18.170776
9.1894531,34.724468,17.263193,34.565208,17.966312
9.1914062,34.985126,17.746878,34.823582,17.722818
9.1933593,35.232502,18.130362,35.08263,18.090916
9.1953125,35.482788,17.757816,35.329857,18.533344
9.1972656,35.748203,17.597866,35.588696,18.456018
9.1992187,35.968586,18.101925,35.835197,18.214106
9.2011718,36.194702,18.445028,36.053608,18.494244
9.203125,36.424816,18.293467,36.273239,18.831287
9.2050781,36.6362,18.128,36.488102,18.791
9.2070312,36.830719,18.673405,36.69408,18.81168
9.2089843,37.017586,19.140745,36.904205,19.080679
9.2109375,37.226925,18.663773,37.108807,19.143412
9.2128906,37.424286,18.178156,37.305382,19.039177
9.2148437,37.607994,18.724468,37.478588,19.347195
9.2167968,37.774746,19.332914,37.655136,19.69076
9.21875,37.95435,18.893854,37.851982,19.273245
9.2207031,38.123398,18.430658,38.020805,19.084072
9.2226562,38.270737,18.932381,38.17334,19.650791
9.2246093,38.413719,19.562487,38.313274,19.819927
9.2265625,38.554958,19.245058,38.451317,19.39674
9.2285156,38.703392,18.74696,38.600632,19.403345
9.2304687,38.832035,19.172506,38.743439,20.010441
9.2324218,38.947807,19.772371,38.871536,20.161316
9.234375,39.05621,19.50544,38.986046,19.642649
9.2363281,39.167961,18.935184,39.109478,19.485699
9.2382812,39.261951,19.261366,39.206402,20.055128
9.2402343,39.336029,19.99449,39.292763,20.349833
9.2421875,39.426182,19.820019,39.370956,19.886042
9.2441406,39.5144,19.235119,39.440014,19.713781
9.2460937,39.586823,19.391033,39.529972,20.302988
9.2480468,39.64632,19.995401,39.58794,20.581453
9.25,39.693352,19.924452,39.644257,20.118216
9.2519531,39.751202,19.326073,39.674911,19.793634
9.2539062,39.805168,19.395813,39.716248,20.224121
9.2558593,39.818222,19.995478,39.757835,20.616417
9.2578125,39.843914,20.082352,39.76989,20.346197
9.2597656,39.882645,19.479963,39.80558,20.018929
9.2617187,39.891438,19.505787,39.829533,20.198576
9.2636718,39.895077,20.083696,39.867085,20.592213
9.265625,39.892647,19.827225,39.862629,20.450781
9.2675781,39.890373,19.514984,39.845791,20.233973
9.2695312,39.884602,18.869282,39.844002,20.193119
9.2714843,39.880165,17.55448,39.833755,19.732801
9.2734375,39.861012,17.575794,39.83588,18.614223
9.2753906,39.823902,18.759228,39.827484,17.922764
9.2773437,39.788589,18.661222,39.814064,18.857044
9.2792968,39.745296,17.284033,39.785061,19.47163
9.28125,39.699577,17.290028,39.742428,18.403675
9.2832031,39.626755,18.6863,39.68111,17.68704
9.2851562,39.56596,18.647997,39.619591,18.613703
9.2871093,39.495853,17.214808,39.544689,19.404394
9.2890625,39.397564,17.138674,39.46003,18.635622
9.2910156,39.324459,18.420544,39.380581,17.658556
9.2929687,39.231457,18.470892,39.282978,18.156107
9.2949218,39.137741,17.079077,39.185154,19.186615
9.296875,39.035374,16.72801,39.078125,18.632021
9.2988281,38.928284,17.872242,38.969234,17.489443
9.3007812,38.825859,18.133261,38.869568,17.864658
9.3027343,38.684231,16.923525,38.751286,18.894766
9.3046875,38.564922,16.343914,38.611607,18.420887
9.3066406,38.44759,17.260355,38.491825,17.046099
9.3085937,38.298893,17.764008,38.371975,17.222717
9.3105468,38.15099,16.768946,38.239223,18.361214
9.3125,38.004349,16.066614,38.102798,18.03767
9.3144531,37.848541,16.8353,37.966003,16.739923
9.3164062,37.682518,17.415648,37.825939,16.712484
9.3183593,37.5196,16.547382,37.667152,17.731251
9.3203125,37.354965,16.014486,37.519192,17.570059
9.3222656,37.182571,16.810345,37.351086,16.41526
9.3242187,36.999344,16.981684,37.190334,16.371111
9.3261718,36.824917,15.845845,37.025539,17.188578
9.328125,36.650105,15.423203,36.844982,17.120426
9.3300781,36.466957,16.317383,36.654709,16.124573
9.3320312,36.284729,16.463343,36.458241,15.968378
9.3339843,36.092102,15.412829,36.282024,16.696936
9.3359375,35.901379,15.065319,36.05286,16.589371
9.3378906,35.706432,15.726642,35.836914,15.834187
9.3398437,35.498032,15.888202,35.635258,15.734666
9.3417968,35.285511,15.078337,35.410927,16.252043
9.34375,35.084732,14.664707,35.190613,16.112659
9.3457031,34.868626,15.326806,34.961231,15.431628
9.3476562,34.635731,15.448458,34.742668,15.294786
9.3496093,34.418205,14.573915,34.512966,15.548365
9.3515625,34.20179,14.240967,34.276276,15.544968
9.3535156,33.968956,14.839005,34.037601,15.054546
9.3554687,33.72583,14.913937,33.792122,14.740775
9.3574218,33.484337,13.957935,33.544109,15.031662
9.359375,33.238884,13.647112,33.293419,15.133989
9.3613281,32.995213,14.402283,33.053875,14.52751
9.3632812,32.744297,14.555953,32.8144,14.120515
9.3652343,32.482044,13.49596,32.554996,14.536344
9.3671875,32.211681,13.077901,32.291367,14.634263
9.3691406,31.931292,13.885652,32.039913,13.801025
9.3710937,31.653517,13.99789,31.784912,13.535923
9.3730468,31.379,13.151834,31.511261,14.147696
9.375,31.095091,12.808125,31.236923,14.08469
9.3769531,30.795969,13.29237,30.94932,13.291234
9.3789062,30.51067,13.32383,30.649734,13.026112
9.3808593,30.228443,12.695427,30.355158,13.653077
9.3828125,29.917252,12.535812,30.038687,13.586897
9.3847656,29.606747,12.612703,29.761597,12.708528
9.3867187,29.309404,12.502206,29.488632,12.73867
9.3886718,28.998503,12.4367,29.154009,13.141311
9.390625,28.683973,12.254252,28.856182,12.671316
9.3925781,28.361795,12.091459,28.560558,12.003659
9.3945312,28.02845,11.969751,28.227022,12.28697
9.3964843,27.724466,11.704241,27.898373,12.732493
9.3984375,27.398157,11.532949,27.57564,12.071976
9.4003906,27.061888,11.765217,27.260834,11.451313
9.4023437,26.733198,11.753907,26.919907,11.914118
9.4042968,26.379673,10.999263,26.573503,12.210358
9.40625,26.04768,10.616444,26.239904,11.463283
9.4082031,25.71373,11.124861,25.899599,10.812039
9.4101562,25.361534,11.396395,25.556406,11.237575
9.4121093,25.013325,10.582104,25.20937,11.562663
9.4140625,24.670084,9.9382543,24.86376,11.027623
9.4160156,24.317118,10.434825,24.522928,10.346179
9.4179687,23.952051,10.70887,24.189184,10.343942
9.4199218,23.590223,10.180095,23.830725,10.800282
9.421875,23.230947,9.6326074,23.448511,10.757069
9.4238281,22.866837,9.5714092,23.083345,9.9906187
9.4257812,22.488558,9.9690418,22.724438,9.6824312
9.4277343,22.115271,9.6817703,22.359756,10.011517
9.4296875,21.744522,8.9952201,21.974312,9.7609624
9.4316406,21.372082,8.9565019,21.59564,9.6272487
9.4335937,20.995785,9.0103244,21.210329,9.5453414
9.4355468,20.601261,8.804183,20.81736,9.0487928
9.4375,20.221107,8.6626577,20.448494,8.9402341
9.4394531,19.828405,8.6537065,20.057856,8.9429874
9.4414062,19.440477,8.2259006,19.668167,8.9512662
9.4433593,19.060053,7.7642436,19.286255,8.8206071
9.4453125,18.660889,7.8890352,18.897282,8.243967
9.4472656,18.272818,7.9754705,18.501772,8.1029892
9.4492187,17.86001,7.2891478,18.089472,8.0345573
9.4511718,17.465584,6.9709224,17.681511,7.8829207
9.453125,17.069529,7.536251,17.283363,7.5986189
9.4550781,16.65583,7.1869473,16.897493,7.2732949
9.4570312,16.26055,6.3679471,16.489586,7.368895
9.4589843,15.838838,6.5910968,16.061253,6.9078202
9.4609375,15.427632,6.6457834,15.663264,6.9478645
9.4628906,15.006575,5.808804,15.249705,7.1332306
9.4648437,14.584002,5.7124791,14.834887,6.1407737
9.4667968,14.180846,6.0492849,14.424542,5.5313978
9.46875,13.772421,5.5857958,14.01108,6.5357842
9.4707031,13.348408,4.8121957,13.598794,6.8222346
9.4726562,12.91649,4.8221693,13.180605,4.7728138
9.4746093,12.512753,4.9906659,12.76329,4.2679405
9.4765625,12.08009,4.5300436,12.336371,6.0012006
9.4785156,11.644808,3.8946397,11.914073,5.8312292
9.4804687,11.220101,3.6073813,11.468715,3.9435868
9.4824218,10.8039,4.0317592,11.043859,3.8216974
9.484375,10.381828,3.5297858,10.62263,4.7134103
9.4863281,9.9278898,2.8113608,10.213258,3.8744401
9.4882812,9.5003767,2.97579,9.7577104,2.9132919
9.4902343,9.0614166,2.2910599,9.2852096,3.6983599
9.4921875,8.621397,1.7106599,8.891592,3.7772243
9.4941406,8.1955509,2.1444108,8.4372777,2.0467691
9.4960937,7.7540578,1.7811927,8.0133104,1.6378746
9.4980468,7.3072485,0.87652904,7.5715317,3.0167355
9.5,6.8789534,0.44029105,7.1030635,2.7030491
9.5019531,6.4316005,0.53899717,6.6902284,0.42614278
9.5039062,5.9631338,0.45529813,6.2427673,0.33952013
9.5058593,5.5415968,-0.37793416,5.8010091,2.0253269
9.5078125,5.0988369,-0.63490015,5.3366742,0.96210092
9.5097656,4.6418752,-0.27998394,4.9031381,-1.1697443
9.5117187,4.1962676,0.072923861,4.4905619,-0.22998968
9.5136718,3.7484643,-0.084603645,4.0233769,1.3588881
9.515625,3.298105,-0.74498266,3.5446941,-0.24318996
9.5175781,2.8305761,-0.52539009,3.0820224,-1.4115382
9.5195312,2.3817844,0.38990974,2.656974,0.050404131
9.5214843,1.9269764,0.037424177,2.1876416,0.74417955
9.5234375,1.4702303,-0.84872365,1.716085,-0.17640989
9.5253906,1.0221015,-0.67409974,1.2832324,-0.82285875
9.5273437,0.57906115,0.11055465,0.81029379,-0.08917924
9.5292968,0.11943416,0.30783892,0.35637271,0.42695001
9.53125,-0.34328121,-0.76642275,-0.088358015,-0.14979868
9.5332031,-0.79153746,-0.67530018,-0.53782731,-0.89809287
9.5351562,-1.2634818,0.42605227,-0.99531531,-0.34010267
9.5371093,-1.7198798,0.084518947,-1.4437471,0.82282102
9.5390625,-2.1728751,-0.97262692,-1.8997134,0.02206183
9.5410156,-2.6250124,-1.0026425,-2.3442523,-1.4441263
9.5429687,-3.0898838,-0.34456044,-2.8012187,-0.57492322
9.5449218,-3.5606999,-1.169089,-3.3166518,0.81458026
9.546875,-4.0008888,-2.5557825,-3.7791335,-0.44997662
9.5488281,-4.4518976,-2.7505521,-4.2157635,-1.7170858
9.5507812,-4.9176678,-2.507256,-4.6211199,-1.0595574
9.5527343,-5.3924574,-2.8320238,-5.0773582,-0.58656824
9.5546875,-5.8417029,-4.1126523,-5.5943408,-1.754832
9.5566406,-6.28797,-4.6583142,-6.0447282,-3.2594864
9.5585937,-6.7436881,-4.1589708,-6.4858808,-2.8967537
9.5605468,-7.1921553,-4.7943182,-6.9419961,-2.4004623
9.5625,-7.6565036,-5.7831187,-7.370181,-3.4481005
9.5644531,-8.1206646,-5.6887908,-7.8268141,-4.4977703
9.5664062,-8.5599947,-5.6012964,-8.2964572,-4.3158159
9.5683593,-8.9885463,-6.4467907,-8.7267236,-4.4132046
9.5703125,-9.4652881,-7.1459198,-9.177,-5.3039379
9.5722656,-9.9285221,-6.6282916,-9.6316909,-5.6287255
9.5742187,-10.360017,-6.3917765,-10.084206,-5.5585107
9.5761718,-10.81514,-8.0201253,-10.526901,-5.7401361
9.578125,-11.267445,-8.5020008,-10.942351,-6.6465849
9.5800781,-11.701625,-7.1565575,-11.370349,-6.783523
9.5820312,-12.137229,-7.8985991,-11.82581,-6.5209031
9.5839843,-12.588062,-9.3968429,-12.271395,-7.2258443
9.5859375,-13.030198,-8.825984,-12.721967,-7.565793
9.5878906,-13.476301,-8.0257501,-13.167779,-8.0273847
9.5898437,-13.911281,-9.0209846,-13.569324,-8.0231733
9.5917968,-14.32216,-10.11614,-13.989483,-7.3427615
9.59375,-14.763725,-9.6549005,-14.412181,-8.1594991
9.5957031,-15.204391,-9.241724,-14.827094,-9.4996509
9.5976562,-15.611166,-10.006802,-15.268785,-9.2010116
9.5996093,-16.040808,-10.560122,-15.691688,-8.2657594
9.6015625,-16.453882,-10.12719,-16.097809,-9.0209798
9.6035156,-16.865984,-10.025314,-16.508171,-10.331199
9.6054687,-17.283291,-10.853179,-16.888678,-9.8527402
9.6074218,-17.672016,-11.283619,-17.288931,-8.6656656
9.609375,-18.085197,-11.090676,-17.717909,-9.9296426
9.6113281,-18.478498,-10.835485,-18.108347,-11.657672
9.6132812,-18.867859,-11.107191,-18.478725,-9.9479064
9.6152343,-19.258867,-12.003952,-18.863352,-8.7516899
9.6171875,-19.637499,-11.663151,-19.24789,-10.77967
9.6191406,-20.028006,-10.993104,-19.604235,-12.151265
9.6210937,-20.393164,-11.827364,-19.959812,-10.910994
9.6230468,-20.754272,-12.713814,-20.347904,-9.8456878
9.625,-21.107174,-12.07641,-20.719984,-11.302815
9.6269531,-21.442665,-11.443756,-21.051115,-12.358825
9.6289062,-21.786852,-12.339874,-21.367104,-11.046562
9.6308593,-22.119619,-13.049762,-21.705208,-10.531114
9.6328125,-22.435343,-12.484285,-22.054649,-11.903817
9.6347656,-22.742916,-11.960872,-22.36998,-12.496259
9.6367187,-23.042391,-12.661216,-22.683928,-11.563449
9.6386718,-23.33506,-13.182312,-22.985518,-11.160099
9.640625,-23.612776,-12.620765,-23.266623,-12.003955
9.6425781,-23.871237,-12.403656,-23.533682,-12.494017
9.6445312,-24.121792,-12.916565,-23.79875,-11.842683
9.6464843,-24.357456,-13.303296,-24.070471,-11.670731
9.6484375,-24.580526,-13.100979,-24.302565,-12.474526
9.6503906,-24.787283,-12.577717,-24.522015,-12.563989
9.6523437,-24.980843,-12.647872,-24.725958,-11.812176
9.6542968,-25.158653,-13.283999,-24.905029,-11.642647
9.65625,-25.323912,-13.302809,-25.095428,-12.359116
9.6582031,-25.462673,-12.840205,-25.26436,-12.730185
9.6601562,-25.562241,-12.937569,-25.387724,-12.316934
9.6621093,-25.684254,-13.486818,-25.524584,-11.970613
9.6640625,-25.778891,-13.631415,-25.653975,-12.414276
9.6660156,-25.849781,-13.403745,-25.726236,-12.949075
9.6679687,-25.920044,-13.2613,-25.806763,-12.640355
9.6699218,-25.956499,-13.553329,-25.879105,-12.215617
9.671875,-25.998163,-13.810928,-25.920713,-12.594487
9.6738281,-26.017624,-13.524293,-25.959133,-13.194376
9.6757812,-26.018972,-13.897753,-25.978477,-12.961713
9.6777343,-26.031004,-14.186749,-25.979544,-13.121113
9.6796875,-26.032431,-13.588673,-25.987957,-13.402719
9.6816406,-26.029297,-13.070358,-25.995224,-12.764746
9.6835937,-26.008041,-13.033778,-25.981102,-12.357378
9.6855468,-25.984516,-13.718799,-25.974205,-12.304807
9.6875,-25.974627,-13.712952,-25.953587,-12.824338
9.6894531,-25.933428,-12.950811,-25.91913,-13.102118
9.6914062,-25.880228,-12.944343,-25.879204,-12.379752
9.6933593,-25.832684,-13.478273,-25.827396,-12.059316
9.6953125,-25.780012,-13.490964,-25.762842,-12.605909
9.6972656,-25.719252,-12.903807,-25.72121,-13.010236
9.6992187,-25.656057,-12.859789,-25.693689,-12.549594
9.7011718,-25.584421,-13.345948,-25.553787,-11.979279
9.703125,-25.494133,-13.169038,-25.457724,-12.177416
9.7050781,-25.411945,-12.592193,-25.429823,-12.518737
9.7070312,-25.323397,-12.65934,-25.321836,-12.493704
9.7089843,-25.226276,-12.887436,-25.224918,-12.227112
9.7109375,-25.125416,-12.655248,-25.12171,-11.84405
9.7128906,-25.005411,-12.285755,-25.019806,-11.881536
9.7148437,-24.90164,-12.323344,-24.922003,-12.152634
9.7167968,-24.774281,-12.626876,-24.788317,-11.981672
9.71875,-24.624308,-12.478603,-24.677589,-11.607328
9.7207031,-24.499756,-11.97081,-24.563175,-11.458232
9.7226562,-24.353598,-12.006709,-24.423639,-11.737204
9.7246093,-24.200792,-12.380782,-24.275743,-11.731332
9.7265625,-24.043501,-12.128345,-24.129866,-11.20509
9.7285156,-23.87538,-11.660645,-23.983984,-11.168827
9.7304687,-23.706015,-11.635516,-23.831953,-11.580803
9.7324218,-23.536367,-11.974383,-23.685656,-11.547301
9.734375,-23.355652,-11.943292,-23.510254,-10.485172
9.7363281,-23.17664,-11.351285,-23.320438,-10.113538
9.7382812,-22.993782,-11.27798,-23.153404,-11.181108
9.7402343,-22.783972,-11.646186,-22.972525,-11.36885
9.7421875,-22.600622,-11.471029,-22.774466,-10.354465
9.7441406,-22.4063,-11.037427,-22.588497,-9.9477253
9.7460937,-22.193193,-11.017694,-22.363018,-10.670657
9.7480468,-21.993917,-11.141626,-22.147079,-10.88424
9.75,-21.793545,-11.048818,-21.959721,-10.004704
9.7519531,-21.583942,-10.714651,-21.73646,-9.756319
9.7539062,-21.373779,-10.520164,-21.522285,-10.34483
9.7558593,-21.16057,-10.678467,-21.293106,-10.306603
9.7578125,-20.931284,-10.537583,-21.066984,-9.5470914
9.7597656,-20.715843,-10.267998,-20.851418,-9.4378719
9.7617187,-20.498217,-10.135756,-20.621269,-10.381647
9.7636718,-20.259438,-10.148018,-20.388571,-10.250494
9.765625,-20.027,-10.025095,-20.140707,-8.6572704
9.7675781,-19.803442,-9.7196426,-19.924471,-8.4794721
9.7695312,-19.576191,-9.6039905,-19.704285,-9.7502126
9.7714843,-19.339542,-9.8145093,-19.461342,-9.8198881
9.7734375,-19.08626,-10.475184,-19.21612,-8.5408763
9.7753906,-18.859562,-9.6316137,-18.973486,-8.0838031
9.7773437,-18.631304,-8.2534675,-18.749212,-8.9292783
9.7792968,-18.383198,-8.9366025,-18.494848,-9.2544889
9.78125,-18.15111,-9.8724756,-18.246962,-8.3113508
9.7832031,-17.89994,-9.0807552,-18.011658,-7.6940026
9.7851562,-17.657789,-7.8002977,-17.770956,-8.3354253
9.7871093,-17.413832,-8.2961635,-17.532619,-8.6418829
9.7890625,-17.168022,-9.3568382,-17.2864,-7.753406
9.7910156,-16.914145,-8.7178363,-17.041725,-7.1357541
9.7929687,-16.657036,-7.4863023,-16.776991,-7.7008495
9.7949218,-16.417404,-7.6986274,-16.525776,-8.0699901
9.796875,-16.13731,-8.7255277,-16.290838,-7.2863998
9.7988281,-15.873248,-8.3510599,-16.042589,-6.721384
9.8007812,-15.617656,-7.036921,-15.795561,-7.2649359
9.8027343,-15.352971,-7.2042555,-15.523542,-7.4730873
9.8046875,-15.097695,-8.2139816,-15.256485,-6.5933446
9.8066406,-14.825957,-7.8125248,-15.01424,-6.1654667
9.8085937,-14.563209,-6.5694022,-14.753007,-6.6355104
9.8105468,-14.308108,-6.5820288,-14.50592,-6.7430973
9.8125,-14.036752,-7.4931778,-14.251553,-6.1247706
9.8144531,-13.764303,-7.2461915,-13.996861,-5.7041602
9.8164062,-13.509733,-6.0875568,-13.727487,-5.8077516
9.8183593,-13.248551,-5.9742221,-13.447951,-5.9530239
9.8203125,-12.991485,-6.8727741,-13.200688,-5.6599021
9.8222656,-12.711462,-6.7042188,-12.940549,-5.1777496
9.8242187,-12.439076,-5.5706782,-12.673264,-5.2643466
9.8261718,-12.19243,-5.337171,-12.389149,-5.3681774
9.828125,-11.923117,-6.1102843,-12.125258,-4.9054245
9.8300781,-11.667439,-6.1050081,-11.866969,-4.5207305
9.8320312,-11.400105,-5.0734195,-11.615964,-4.7373018
9.8339843,-11.134449,-4.7669982,-11.359636,-4.7489247
9.8359375,-10.879614,-5.3122,-11.05769,-4.1299853
9.8378906,-10.622662,-5.4311718,-10.791038,-3.8251628
9.8398437,-10.36724,-4.6495375,-10.545635,-4.0153832
9.8417968,-10.108934,-4.1896104,-10.277773,-4.1341524
9.84375,-9.8500013,-4.5187711,-10.003482,-3.6786971
9.8457031,-9.5889148,-4.6283998,-9.7483701,-3.1360542
9.8476562,-9.3424415,-4.1035666,-9.4996748,-3.1440339
9.8496093,-9.0869283,-3.6605794,-9.2414293,-3.3557953
9.8515625,-8.8448534,-3.8602871,-8.9759283,-3.1153845
9.8535156,-8.5969219,-3.9792833,-8.719655,-2.4900357
9.8554687,-8.345972,-3.4307963,-8.4849929,-2.3182487
9.8574218,-8.1141986,-2.9552028,-8.2533435,-2.4982004
9.859375,-7.8726086,-3.201478,-8.0132446,-2.4561705
9.8613281,-7.6331119,-3.3248174,-7.7409668,-1.865031
9.8632812,-7.4097814,-2.770365,-7.4896006,-1.4564921
9.8652343,-7.1779675,-2.2904646,-7.2702183,-1.6514115
9.8671875,-6.9298739,-2.5060424,-7.023189,-1.7477312
9.8691406,-6.7179493,-2.685971,-6.7969112,-1.3892478
9.8710937,-6.4938149,-2.0817792,-6.6037344,-0.84122527
9.8730468,-6.2697172,-1.6072739,-6.3801703,-0.81289268
9.875,-6.0632991,-1.8603024,-6.1471014,-0.92158544
9.8769531,-5.8344721,-1.9360632,-5.943933,-0.60359001
9.8789062,-5.6296606,-1.3179932,-5.7326068,-0.21244822
9.8808593,-5.4361877,-0.9395892,-5.5332961,-0.39519835
9.8828125,-5.2215614,-1.4134478,-5.3341813,-0.58901739
9.8847656,-5.0191164,-1.1141014,-5.1257996,-0.14899087
9.8867187,-4.8340649,0.024691481,-4.9390716,0.10957315
9.8886718,-4.6300706,-0.32533538,-4.7487649,-0.14313814
9.890625,-4.4288816,-1.3596404,-4.5569963,-0.33634159
9.8925781,-4.2387552,-0.76655787,-4.3709664,0.044158041
9.8945312,-4.0566644,0.47587967,-4.2008142,0.38549003
9.8964843,-3.8818049,0.1563912,-4.0335688,0.01216647
9.8984375,-3.6938815,-0.8179605,-3.8735826,-0.3665342
9.9003906,-3.5244038,-0.37244898,-3.694493,-0.08988262
9.9023437,-3.3903555,0.63110626,-3.5225987,0.23984684
9.9042968,-3.2270207,0.28297248,-3.3845229,0.013973585
9.90625,-3.048279,-0.62014782,-3.2268779,-0.36070704
9.9082031,-2.9052741,-0.24365701,-3.0686218,-0.19622953
9.9101562,-2.7750744,0.57804888,-2.9169988,0.22052193
9.9121093,-2.6426615,0.19615437,-2.7917211,0.092241064
9.9140625,-2.4942336,-0.57957923,-2.6560106,-0.32790276
9.9160156,-2.3590025,-0.16448824,-2.5027055,-0.3192431
9.9179687,-2.2546212,0.65867615,-2.3828611,0.12072839
9.9199218,-2.1385898,0.24470526,-2.2509243,0.20355818
9.921875,-2.0121583,-0.6116243,-2.1280214,-0.27306998
9.9238281,-1.9035396,-0.20649537,-2.0260436,-0.39947543
9.9257812,-1.7943,0.68221325,-1.9008123,0.032292932
9.9277343,-1.6982412,0.34210029,-1.7987505,0.19619197
9.9296875,-1.6044788,-0.55740404,-1.7017216,-0.10687041
9.9316406,-1.4994989,-0.33497226,-1.5924923,-0.31408352
9.9335937,-1.4078191,0.59680992,-1.5047879,-0.08354415
9.9355468,-1.324794,0.50893986,-1.4084072,0.17981778
9.9375,-1.2530404,-0.42049754,-1.3339554,-0.0096616931
9.9394531,-1.1709028,-0.45433557,-1.2593807,-0.22861657
9.9414062,-1.0948528,0.45537928,-1.1786592,-0.071202092
9.9433593,-1.0329902,0.65687799,-1.1131033,0.19175801
9.9453125,-0.96931255,-0.17045557,-1.0480114,0.15856072
9.9472656,-0.90060514,-0.45118311,-0.99967951,-0.091377161
9.9492187,-0.84287292,0.35035601,-0.92691714,-0.099394038
9.9511718,-0.8074218,0.71070135,-0.86129802,0.15690486
9.953125,-0.75444704,-0.05811299,-0.80827969,0.26314458
9.9550781,-0.70493609,-0.43580225,-0.76777649,0.011738703
9.9570312,-0.66305143,0.34212893,-0.71691132,-0.21684104
9.9589843,-0.61313421,0.77546448,-0.65349758,-0.017060876
9.9609375,-0.57590729,0.063696668,-0.63366789,0.34637123
9.9628906,-0.53087825,-0.4644208,-0.59410155,0.21646255
9.9648437,-0.48500019,0.11638613,-0.54186928,-0.21235137
9.9667968,-0.45111418,0.69411111,-0.50380051,-0.06213782
9.96875,-0.42437646,0.17441346,-0.48070559,0.42411578
9.9707031,-0.39392158,-0.44231695,-0.46663332,0.30259481
9.9726562,-0.3616766,0.015930414,-0.43011802,-0.21727765
9.9746093,-0.35206941,0.72216266,-0.38491905,-0.11185741
9.9765625,-0.33566159,0.37826344,-0.37062883,0.4874526
9.9785156,-0.31004378,-0.35917681,-0.35331184,0.47202688
9.9804687,-0.30029136,-0.038545787,-0.32838035,-0.16658087
9.9824218,-0.2868517,0.72140473,-0.32486179,-0.20009172
9.984375,-0.26571354,0.48275435,-0.30114472,0.49973673
9.9863281,-0.25160778,-0.22568651,-0.27910778,0.6393804
9.9882812,-0.23918529,-0.076508008,-0.26574516,0.032444041
9.9902343,-0.2231337,0.57734507,-0.24475501,-0.19515467
9.9921875,-0.21277292,0.49021506,-0.24034241,0.29161108
9.9941406,-0.21423295,-0.10744666,-0.21959254,0.58279002
9.9960937,-0.20830172,-0.047769025,-0.19756117,0.18243209
9.9980468,-0.18989575,0.51183254,-0.19443379,-0.083279364
10.0,-0.18870495,0.54387844,-0.20198309,0.25054222
10.001953,-0.19068803,0.058073923,-0.21330239,0.51671916
10.003906,-0.17955875,-0.035039939,-0.20865136,0.36019284
10.005859,-0.1757932,0.32459795,-0.20269276,0.1877012
10.007813,-0.17116031,0.42646381,-0.19590156,0.3208715
10.009766,-0.17282949,0.19154386,-0.19515836,0.49557677
10.011719,-0.1746055,0.11171089,-0.19461261,0.3808932
10.013672,-0.16814207,0.29950428,-0.19975537,0.15344584
10.015625,-0.16724661,0.36333352,-0.18270658,0.20656842
10.017578,-0.16354752,0.25184083,-0.17589302,0.43114811
10.019531,-0.1631476,0.21830285,-0.16857283,0.47237822
10.021484,-0.1575592,0.29130295,-0.14993706,0.27023759
10.023438,-0.15053163,0.29131296,-0.18034102,0.1602242
10.025391,-0.1571672,0.22515728,-0.17565274,0.28205919
10.027344,-0.16076364,0.22444969,-0.15626074,0.36455023
10.029297,-0.1574416,0.26088247,-0.14921808,0.40034676
10.03125,-0.15655023,0.28570184,-0.14195935,0.38767326
10.033203,-0.15226164,0.28358531,-0.15698904,0.29851523
10.035156,-0.14975946,0.2928586,-0.15640976,0.27629966
10.037109,-0.15625824,0.2989831,-0.14098333,0.3529253
10.039063,-0.15372665,0.25233197,-0.14136145,0.38448212
10.041016,-0.15213336,0.223988,-0.163892,0.35986418
10.042969,-0.1582834,0.26957333,-0.17315121,0.35439748
10.044922,-0.15468417,0.2978847,-0.15294896,0.36574784
10.046875,-0.15573898,0.28332245,-0.13989554,0.41225284
10.048828,-0.15139319,0.2889404,-0.14376985,0.44218257
10.050781,-0.14145282,0.29160061,-0.13936655,0.35308579
10.052734,-0.14195739,0.28387693,-0.13547176,0.24983615
10.054688,-0.15270334,0.25934637,-0.14647813,0.33308887
10.056641,-0.15210587,0.23444349,-0.15672641,0.39998996
10.058594,-0.13938423,0.26521578,-0.14102989,0.34419471
10.060547,-0.13818599,0.29584268,-0.13877423,0.36744466
10.0625,-0.14058629,0.28066921,-0.13732323,0.39780122
10.064453,-0.14449646,0.25879991,-0.1247541,0.36382011
10.066406,-0.14450131,0.24001896,-0.130329,0.35710683
10.068359,-0.1516446,0.23034218,-0.12809569,0.36399886
10.070313,-0.14294343,0.26343301,-0.14268392,0.3693791
10.072266,-0.14517121,0.29971883,-0.14096843,0.38603941
10.074219,-0.14956692,0.27573669,-0.12864889,0.38962349
10.076172,-0.13173403,0.22050357,-0.14188299,0.40254816
10.078125,-0.14245191,0.23133439,-0.13856561,0.40285689
10.080078,-0.14344592,0.28183278,-0.13759145,0.38271245
10.082031,-0.15113842,0.26740682,-0.1477261,0.38279065
10.083984,-0.15492117,0.22339311,-0.13109827,0.38275203
10.085938,-0.14724788,0.23207583,-0.11183479,0.38666764
10.087891,-0.14813456,0.29120073,-0.109486,0.38949847
10.089844,-0.14214331,0.30063641,-0.10215835,0.36957449
10.091797,-0.14837635,0.26192239,-0.11676894,0.34148842
10.09375,-0.14756379,0.23737471,-0.13036998,0.31521785
10.095703,-0.14545356,0.24250349,-0.11779153,0.32968634
10.097656,-0.14651102,0.28707671,-0.10533416,0.3737205
10.099609,-0.14525761,0.31103534,-0.10650018,0.3969135
10.101563,-0.14040263,0.29353067,-0.11973614,0.3608478
10.103516,-0.14868085,0.26561147,-0.12184465,0.2750468
10.105469,-0.14672491,0.2584354,-0.12021111,0.25017393
10.107422,-0.13596167,0.28035012,-0.12964354,0.30450526
10.109375,-0.13766743,0.29952547,-0.13072574,0.35782692
10.111328,-0.13762052,0.28447646,-0.12717927,0.33368582
10.113281,-0.14796449,0.26525095,-0.1416427,0.26989758
10.115234,-0.1447053,0.26317921,-0.13158628,0.25226131
10.117188,-0.14281425,0.26910511,-0.12740465,0.28496632
10.119141,-0.1484805,0.28635436,-0.13085799,0.33541292
10.121094,-0.14669755,0.28535074,-0.12324908,0.32597625
10.123047,-0.13585274,0.27360561,-0.13639936,0.26633948
10.125,-0.14320648,0.26326782,-0.14008181,0.251075
10.126953,-0.15436095,0.25850329,-0.14408836,0.294155
10.128906,-0.13657698,0.27042699,-0.13238908,0.33834299
10.130859,-0.13709737,0.299698,-0.13501914,0.33777517
10.132813,-0.15186828,0.30518395,-0.14438638,0.30023509
10.134766,-0.14419681,0.26803002,-0.12714387,0.28391954
10.136719,-0.13231844,0.2671648,-0.12554573,0.31693685
10.138672,-0.13896593,0.30868119,-0.13033831,0.3555122
10.140625,-0.14132969,0.29968065,-0.12380601,0.3500919
10.142578,-0.13795677,0.25636426,-0.11754566,0.30317095
10.144531,-0.14320205,0.27302992,-0.13750018,0.29479152
10.146484,-0.14375797,0.29856551,-0.14431374,0.35256472
10.148438,-0.14060228,0.28462094,-0.12584189,0.38003519
10.150391,-0.14922526,0.28921375,-0.12757415,0.35434169
10.152344,-0.14459889,0.29404265,-0.13015018,0.33044794
10.154297,-0.13674153,0.27023271,-0.1398229,0.3264215
10.15625,-0.13916719,0.2762146,-0.14015445,0.35080805
10.158203,-0.14069557,0.30029964,-0.11155353,0.38803476
10.160156,-0.1454085,0.28771594,-0.12731151,0.39015278
10.162109,-0.14293464,0.25206947,-0.15073614,0.35203749
10.164063,-0.14147858,0.25545737,-0.15195431,0.32384375
10.166016,-0.13744937,0.3107273,-0.1462155,0.36040017
10.167969,-0.13407733,0.32067046,-0.1311467,0.4257004
10.169922,-0.13831425,0.25626916,-0.13159932,0.43130437
10.171875,-0.13862611,0.21660481,-0.12891525,0.38827765
10.173828,-0.14452679,0.24969797,-0.1278256,0.35974932
10.175781,-0.15452869,0.28887579,-0.13710716,0.38617218
10.177734,-0.15072992,0.28871316,-0.1488083,0.42929721
10.179688,-0.14273764,0.27279291,-0.13192901,0.42505261
10.181641,-0.1346432,0.2721808,-0.11770585,0.41607949
10.183594,-0.1446657,0.27744684,-0.12223022,0.42489728
10.185547,-0.14690658,0.26412195,-0.13732509,0.40095305
10.1875,-0.13283797,0.2452417,-0.14123106,0.39165866
10.189453,-0.13796704,0.27388221,-0.13222517,0.41215906
10.191406,-0.14599326,0.31709626,-0.14326879,0.42855054
10.193359,-0.13572583,0.30580875,-0.12399228,0.42739034
10.195313,-0.13483027,0.2819173,-0.12173103,0.41940442
10.197266,-0.15033174,0.27371109,-0.12322301,0.43620095
10.199219,-0.14269018,0.27670515,-0.12791128,0.41404596
10.201172,-0.14817886,0.31089494,-0.13730274,0.3892312
10.203125,-0.14690529,0.32633719,-0.1255569,0.40861523
10.205078,-0.13964476,0.29200947,-0.11610398,0.44073227
10.207031,-0.14622416,0.29152238,-0.10712416,0.44107968
10.208984,-0.14647581,0.31724307,-0.14468813,0.41392735
10.210938,-0.1495382,0.31806788,-0.14795335,0.39959934
10.212891,-0.13865727,0.30640796,-0.11246623,0.39688414
10.214844,-0.13924052,0.32728365,-0.12562023,0.43491545
10.216797,-0.13558234,0.34630254,-0.13582194,0.43999827
10.21875,-0.13429986,0.30855745,-0.13007009,0.40074193
10.220703,-0.14235951,0.29135486,-0.12649381,0.40209872
10.222656,-0.13793787,0.30038264,-0.12592943,0.43328473
10.224609,-0.13910958,0.31502956,-0.13647573,0.44314864
10.226563,-0.13689023,0.31784657,-0.12755738,0.42482889
10.228516,-0.14460021,0.29866144,-0.12225071,0.43457776
10.230469,-0.14189613,0.29445571,-0.12318203,0.4533805
10.232422,-0.13121556,0.30196518,-0.12217806,0.42399985
10.234375,-0.13692044,0.30415601,-0.12805285,0.40825766
10.236328,-0.14084277,0.29781416,-0.12460509,0.42647201
10.238281,-0.14191546,0.28536087,-0.12487331,0.42709041
10.240234,-0.13816056,0.28356493,-0.12057991,0.42292178
10.242188,-0.13659921,0.30610409,-0.1181175,0.4212257
10.244141,-0.14024529,0.31020892,-0.12900279,0.41410354
10.246094,-0.14080897,0.29437155,-0.1287681,0.40345436
10.248047,-0.13972807,0.27644253,-0.12338506,0.39338335
10.25,-0.14149378,0.28248867,-0.12029865,0.40740722
10.251953,-0.139741,0.30610153,-0.12190984,0.42942119
10.253906,-0.14304157,0.31453198,-0.12677507,0.42154342
10.255859,-0.13641916,0.30450198,-0.11135609,0.39857745
10.257813,-0.13631614,0.27802426,-0.11144178,0.39191091
10.259766,-0.14768322,0.29090026,-0.12118341,0.41126561
10.261719,-0.13598116,0.3165682,-0.12638205,0.41565332
10.263672,-0.13378753,0.32124251,-0.12816647,0.39625916
10.265625,-0.13318507,0.31356969,-0.12377249,0.39749411
10.267578,-0.13717969,0.30017799,-0.13693394,0.41858417
10.269531,-0.14101514,0.30030546,-0.12171613,0.42784789
10.271484,-0.13694327,0.30833346,-0.11242712,0.41702306
10.273438,-0.14237466,0.32990173,-0.12719789,0.40824366
10.275391,-0.14526857,0.3310498,-0.11569047,0.39666125
10.277344,-0.1378295,0.31765065,-0.12006396,0.39886507
10.279297,-0.13841002,0.32100934,-0.12970687,0.42117366
10.28125,-0.13859335,0.3299689,-0.1291723,0.4238629
10.283203,-0.13231881,0.32381761,-0.1216975,0.4132387
10.285156,-0.14306924,0.32685712,-0.11528255,0.40589005
10.287109,-0.13545883,0.32713151,-0.13220096,0.42053092
10.289063,-0.13628073,0.31875378,-0.12462185,0.42284337
10.291016,-0.13397752,0.3430194,-0.10766806,0.40343308
10.292969,-0.13234149,0.3346566,-0.1105179,0.40977046
10.294922,-0.14463405,0.31687823,-0.12020738,0.41430521
10.296875,-0.13548844,0.31372115,-0.11709118,0.39935896
10.298828,-0.13968945,0.32053554,-0.12044394,0.38913888
10.300781,-0.14097105,0.3405138,-0.13997005,0.40437415
10.302734,-0.12817468,0.33548033,-0.12922072,0.41602036
10.304688,-0.13027652,0.33263305,-0.12733945,0.41272256
10.306641,-0.14549966,0.32970917,-0.12729289,0.41892198
10.308594,-0.12689896,0.30598199,-0.12802677,0.40954226
10.310547,-0.12391122,0.32296792,-0.11860365,0.39294738
10.3125,-0.14467598,0.35716224,-0.1095307,0.40620795
10.314453,-0.13252625,0.31184524,-0.13955468,0.42986336
10.316406,-0.13303089,0.30249465,-0.12929523,0.4213165
10.318359,-0.13713916,0.33108661,-0.1346671,0.40429369
10.320313,-0.12907018,0.31837812,-0.12429403,0.42710137
10.322266,-0.1279164,0.31074464,-0.10329457,0.45080546
10.324219,-0.13035384,0.31076282,-0.1359933,0.44156915
10.326172,-0.12646049,0.3037006,-0.12134174,0.41201282
10.328125,-0.13220067,0.28864205,-0.12746052,0.39314422
10.330078,-0.1378285,0.2948159,-0.13688923,0.44230175
10.332031,-0.13749102,0.30339745,-0.12071775,0.47994918
10.333984,-0.13871381,0.31068039,-0.13425732,0.45159179
10.335938,-0.12797682,0.30638561,-0.12820745,0.44269362
10.337891,-0.12557611,0.29517609,-0.12712339,0.4455761
10.339844,-0.12912092,0.29398271,-0.12327144,0.46013147
10.341797,-0.12814453,0.28068203,-0.11498825,0.47074839
10.34375,-0.12840046,0.27434438,-0.12568356,0.45758012
10.345703,-0.13513346,0.28939396,-0.12736739,0.44026384
10.347656,-0.13740914,0.30614066,-0.13157697,0.39266393
10.349609,-0.13989432,0.2990256,-0.12559602,0.3972778
10.351563,-0.14716482,0.29359797,-0.13733068,0.4376086
10.353516,-0.13974284,0.28936464,-0.13885246,0.43137246
10.355469,-0.14331029,0.30225611,-0.11366764,0.42002228
10.357422,-0.13772425,0.32487687,-0.11330815,0.42913237
10.359375,-0.12804092,0.31059948,-0.1103633,0.41603374
10.361328,-0.12712304,0.30484542,-0.10038511,0.35419744
10.363281,-0.13085887,0.30262864,-0.10962383,0.35166499
10.365234,-0.14204435,0.29786643,-0.13200352,0.38728175
10.367188,-0.13402298,0.30871949,-0.11463435,0.40084371
10.369141,-0.14246035,0.3356488,-0.10392787,0.43356231
10.371094,-0.13897116,0.35182658,-0.11143619,0.42859679
10.373047,-0.12823296,0.33080721,-0.12818882,0.39957917
10.375,-0.13586204,0.31731886,-0.13005146,0.38275644
10.376953,-0.1407408,0.3019312,-0.10048383,0.38590014
10.378906,-0.13716102,0.29483417,-0.10729739,0.42770225
10.380859,-0.11977485,0.32118675,-0.10124566,0.41965774
10.382813,-0.12601723,0.33932182,-0.098792553,0.36505914
10.384766,-0.13691473,0.31068319,-0.11664787,0.34387475
10.386719,-0.13137676,0.25088283,-0.116497,0.34883323
10.388672,-0.13303187,0.24582867,-0.11345343,0.36930484
10.390625,-0.13990545,0.30896688,-0.10313252,0.39513189
10.392578,-0.14674819,0.33743635,-0.10399492,0.38912889
10.394531,-0.13852184,0.28461629,-0.11063339,0.33927324
10.396484,-0.13380131,0.23379947,-0.10778913,0.28977725
10.398438,-0.14084032,0.24426253,-0.1198777,0.29604524
10.400391,-0.13205521,0.28534517,-0.12753689,0.33985606
10.402344,-0.12740158,0.30924183,-0.11775801,0.35275212
10.404297,-0.13378038,0.2833001,-0.11846581,0.31979376
10.40625,-0.14057955,0.22420941,-0.10433578,0.29706582
10.408203,-0.13685708,0.23091075,-0.10461891,0.29406261
10.410156,-0.1321539,0.31990561,-0.12060413,0.28985649
10.412109,-0.13830529,0.34838161,-0.11842297,0.28314766
10.414063,-0.13785394,0.26715574,-0.1240761,0.26726201
10.416016,-0.13877149,0.20750777,-0.10851929,0.28341219
10.417969,-0.14310415,0.27238581,-0.1094413,0.31773558
10.419922,-0.13666734,0.34147188,-0.10211551,0.31101763
10.421875,-0.13023578,0.31755075,-0.084366366,0.26112157
10.423828,-0.13519722,0.28122744,-0.11992799,0.2249891
10.425781,-0.13780735,0.26715979,-0.14265412,0.21554305
10.427734,-0.12596151,0.27478161,-0.12760581,0.20009817
10.429688,-0.13298851,0.32348281,-0.12440765,0.25912309
10.431641,-0.14201495,0.34956136,-0.11876011,0.36563921
10.433594,-0.13524804,0.27945581,-0.10018767,0.32006371
10.435547,-0.13480976,0.24797957,-0.11241408,0.17530826
10.4375,-0.1348483,0.32302448,-0.11670189,0.14128692
10.439453,-0.14468437,0.35946026,-0.11610956,0.22229999
10.441406,-0.13971712,0.3070218,-0.11584321,0.29937795
10.443359,-0.13377939,0.26284021,-0.10841125,0.28758687
10.445313,-0.13866968,0.30652365,-0.1121235,0.21753858
10.447266,-0.1396884,0.34928232,-0.11662552,0.18556599
10.449219,-0.13627616,0.33429453,-0.11389302,0.22040412
10.451172,-0.13438845,0.31534934,-0.10337652,0.2724801
10.453125,-0.13511594,0.31303093,-0.10792883,0.2800681
10.455078,-0.1379668,0.325082,-0.12691104,0.22703414
10.457031,-0.1422646,0.34729278,-0.122545,0.17256001
10.458984,-0.13000496,0.35089302,-0.10761963,0.18209326
10.460938,-0.12939952,0.32565874,-0.11943066,0.25906256
10.462891,-0.13459833,0.31719279,-0.12780325,0.30349347
10.464844,-0.13648395,0.33788911,-0.1114157,0.2161819
10.466797,-0.13894333,0.34832969,-0.10362239,0.13384661
10.46875,-0.13260248,0.31777567,-0.1120639,0.19548044
10.470703,-0.13674723,0.3137407,-0.10953256,0.2723299
10.472656,-0.13835065,0.35522532,-0.11658081,0.24654348
10.474609,-0.13493828,0.35096824,-0.11621201,0.17046532
10.476563,-0.14472115,0.30718666,-0.10848762,0.15448408
10.478516,-0.14056952,0.30589908,-0.10669762,0.21643095
10.480469,-0.13459198,0.35372019,-0.1154148,0.25073674
10.482422,-0.13889544,0.37589708,-0.12108655,0.20033552
10.484375,-0.13720027,0.34172323,-0.11674473,0.12581934
10.486328,-0.13961823,0.31633538,-0.13360353,0.1272682
10.488281,-0.13342158,0.33836883,-0.1287383,0.19435051
10.490234,-0.13383676,0.36607254,-0.11591585,0.22913626
10.492188,-0.13807473,0.36133212,-0.12070285,0.21235114
10.494141,-0.12727617,0.3422741,-0.11403085,0.15769115
10.496094,-0.13391088,0.34268028,-0.1210791,0.11568481
10.498047,-0.13618977,0.33901647,-0.1287681,0.1571376
10.5,-0.12406082,0.33314109,-0.11128718,0.22078416
10.501953,-0.1327545,0.34979025,-0.10094018,0.21980374
10.503906,-0.13599683,0.33954918,-0.10288106,0.15738219
10.505859,-0.1271071,0.30884567,-0.11795172,0.11484653
10.507813,-0.1317845,0.31768742,-0.1200323,0.14343859
10.509766,-0.13374692,0.33576638,-0.11710049,0.19903195
10.511719,-0.13565595,0.31584316,-0.11490257,0.21137986
10.513672,-0.13485844,0.29058489,-0.10678144,0.16917497
10.515625,-0.13279581,0.3027553,-0.11469954,0.14018506
10.517578,-0.13427456,0.31437752,-0.11813985,0.14725304
10.519531,-0.12972881,0.30543703,-0.11348324,0.15986294
10.521484,-0.13219793,0.29840636,-0.11187018,0.16240089
10.523438,-0.12807125,0.2845355,-0.11508884,0.16067663
10.525391,-0.13025281,0.2660535,-0.1194437,0.14757363
10.527344,-0.14043663,0.27339908,-0.1279057,0.12678882
10.529297,-0.13508368,0.29095033,-0.12071961,0.13110375
10.53125,-0.13679408,0.2837618,-0.11253329,0.15820722
10.533203,-0.13559917,0.27784872,-0.12381719,0.17282858
10.535156,-0.12290041,0.27479771,-0.11946233,0.14842685
10.537109,-0.13064954,0.27539212,-0.10807598,0.11259512
10.539063,-0.13350473,0.25433433,-0.12299018,0.11969252
10.541016,-0.12960389,0.22159438,-0.12574875,0.15286253
10.542969,-0.14320518,0.24467453,-0.11054212,0.15253776
10.544922,-0.14117792,0.27467138,-0.11607045,0.13190882
10.546875,-0.12968828,0.27669933,-0.10559866,0.13310534
10.548828,-0.13325083,0.26941615,-0.11164294,0.1416139
10.550781,-0.14348288,0.25443619,-0.11983113,0.1401556
10.552734,-0.14530189,0.23144498,-0.11551538,0.13190301
10.554688,-0.13845003,0.23374243,-0.1321637,0.13147803
10.556641,-0.13544394,0.29241437,-0.11727186,0.13868105
10.558594,-0.1387502,0.33684731,-0.11082897,0.1443194
10.560547,-0.13635209,0.29466256,-0.11905813,0.15300442
10.5625,-0.13135703,0.23835364,-0.1144425,0.14168043
10.564453,-0.13429122,0.26870638,-0.1118795,0.11158824
10.566406,-0.13863397,0.33625603,-0.11721598,0.10771997
10.568359,-0.13333672,0.35452253,-0.1370755,0.13720264
10.570313,-0.1273883,0.32298338,-0.13638818,0.15480641
10.572266,-0.13877144,0.29220307,-0.1166814,0.1465624
10.574219,-0.13970783,0.30394182,-0.12243511,0.147606
10.576172,-0.13010749,0.3431541,-0.1183764,0.15510891
10.578125,-0.12473597,0.36617708,-0.11498266,0.15337934
10.580078,-0.12756963,0.3366842,-0.13161795,0.15252772
10.582031,-0.13888294,0.28695354,-0.11599594,0.14998734
10.583984,-0.13875054,0.2918998,-0.12190984,0.15608314
10.585938,-0.13430572,0.34266934,-0.1255271,0.17971955
10.587891,-0.12630157,0.36488685,-0.13109827,0.19171676
10.589844,-0.12551571,0.33629245,-0.14543691,0.17238757
10.591797,-0.13697915,0.30531481,-0.12127654,0.1650527
10.59375,-0.13263047,0.28528649,-0.12865262,0.20591067
10.595703,-0.13296619,0.29781219,-0.13733441,0.23836231
10.597656,-0.13924958,0.3580769,-0.11983486,0.22530361
10.599609,-0.12940693,0.36472306,-0.10112458,0.20888039
10.601563,-0.13478774,0.30744451,-0.10085264,0.23018004
10.603516,-0.13293014,0.28460813,-0.1149212,0.24738099
10.605469,-0.12754931,0.31481349,-0.12169191,0.21611252
10.607422,-0.13684325,0.36037251,-0.12608962,0.20549728
10.609375,-0.13987108,0.34627473,-0.12092078,0.25947371
10.611328,-0.13935651,0.29239863,-0.11032419,0.3074472
10.613281,-0.13529161,0.3107996,-0.10767365,0.29657948
10.615234,-0.13570578,0.37405735,-0.1182721,0.25645396
10.617188,-0.13041604,0.38764569,-0.11211605,0.23047596
10.619141,-0.13048172,0.34958068,-0.10593207,0.24635495
10.621094,-0.14059852,0.30928352,-0.10818215,0.28830436
10.623047,-0.13527307,0.31865647,-0.12089284,0.30109605
10.625,-0.13746105,0.37668568,-0.12125419,0.26208431
10.626953,-0.14083491,0.40291858,-0.10840753,0.22811651
10.628906,-0.12617791,0.36865824,-0.11887001,0.26303741
10.630859,-0.12531699,0.35978308,-0.11692913,0.31248352
10.632813,-0.13879834,0.36758873,-0.11640945,0.3027449
10.634766,-0.14076918,0.345842,-0.10178024,0.26245216
10.636719,-0.13193342,0.3521091,-0.092869341,0.24294035
10.638672,-0.12750489,0.38869995,-0.11054398,0.26822114
10.640625,-0.12280783,0.39354226,-0.10713348,0.28799346
10.642578,-0.13215587,0.3569628,-0.11450955,0.26195791
10.644531,-0.13809247,0.33192059,-0.14037797,0.23989259
10.646484,-0.1330882,0.32827842,-0.13366313,0.24617779
10.648438,-0.13201973,0.358235,-0.12505212,0.28878617
10.650391,-0.122696,0.38044006,-0.12292685,0.31947404
10.652344,-0.11999976,0.36410722,-0.1154744,0.28732076
10.654297,-0.12480632,0.339843,-0.12363465,0.24170396
10.65625,-0.1324763,0.29500228,-0.1176537,0.24921197
10.658203,-0.12576549,0.28583083,-0.11575194,0.30761936
10.660156,-0.11965144,0.33178672,-0.11525647,0.33738792
10.662109,-0.13258636,0.36696765,-0.12122811,0.30806905
10.664063,-0.13538946,0.31996718,-0.11256123,0.26587102
10.666016,-0.13573408,0.24540387,-0.11680992,0.28018129
10.667969,-0.13167858,0.26238444,-0.12890594,0.33673483
10.669922,-0.12687467,0.33283585,-0.10812999,0.35095674
10.671875,-0.14177063,0.34753549,-0.11856453,0.32542482
10.673828,-0.14105159,0.27703577,-0.11698315,0.31168294
10.675781,-0.13353834,0.22646055,-0.10992745,0.31654984
10.677734,-0.13519895,0.29385245,-0.0997127,0.33005634
10.679688,-0.13004227,0.37257633,-0.10486478,0.34313843
10.681641,-0.1267508,0.3563365,-0.10753208,0.32710701
10.683594,-0.12937903,0.28602445,-0.10088058,0.29719833
10.685547,-0.1332722,0.24520166,-0.1271625,0.30027479
10.6875,-0.12782994,0.32176766,-0.11791074,0.32719907
10.689453,-0.12514479,0.39977536,-0.10778168,0.33824664
10.691406,-0.13135666,0.36165214,-0.11174166,0.34093207
10.693359,-0.12686042,0.28343454,-0.10685408,0.31926781
10.695313,-0.12317837,0.27018753,-0.1076811,0.28427383
10.697266,-0.1236435,0.34343395,-0.11455612,0.2979199
10.699219,-0.11422402,0.35899705,-0.12212777,0.32106063
10.701172,-0.12450746,0.29575396,-0.11607231,0.31529501
10.703125,-0.13304588,0.24676092,-0.10886015,0.30277461
10.705078,-0.1354723,0.24344845,-0.10983431,0.31002676
10.707031,-0.13798213,0.30310071,-0.11237124,0.32068723
10.708984,-0.12881684,0.34873411,-0.11516707,0.3063688
10.710938,-0.13696733,0.30994254,-0.11077867,0.2978943
10.712891,-0.13390012,0.22958454,-0.11580782,0.31782833
10.714844,-0.12325621,0.21486568,-0.11496031,0.33326581
10.716797,-0.12758686,0.29427841,-0.10274695,0.3176519
10.71875,-0.13361691,0.34172836,-0.11101151,0.306476
10.720703,-0.12681279,0.28255886,-0.10642195,0.31164482
10.722656,-0.12070736,0.22072662,-0.10756934,0.31037349
10.724609,-0.13177793,0.26638588,-0.11818641,0.30962172
10.726563,-0.13679607,0.32299736,-0.12059109,0.31346375
10.728516,-0.12721609,0.30048427,-0.11775242,0.31725249
10.730469,-0.12815589,0.2712681,-0.11909539,0.32685855
10.732422,-0.14384614,0.26733115,-0.13031596,0.33365998
10.734375,-0.14265069,0.27696058,-0.10001445,0.32157955
10.736328,-0.1322317,0.30600339,-0.091870964,0.31770802
10.738281,-0.12275068,0.32297,-0.11073956,0.32721579
10.740234,-0.12923734,0.29784012,-0.099308506,0.30721506
10.742188,-0.12764789,0.2665464,-0.09977603,0.28371531
10.744141,-0.11331678,0.27328917,-0.11023292,0.31109235
10.746094,-0.12479249,0.31477156,-0.11236006,0.32551539
10.748047,-0.13064118,0.31053197,-0.11463994,0.29388705
10.75,-0.12689966,0.26811615,-0.10419422,0.28979287
10.751953,-0.12222717,0.28262955,-0.11006528,0.30901295
10.753906,-0.1345242,0.30908164,-0.12834901,0.30765781
10.755859,-0.13821723,0.28065664,-0.10881358,0.27430648
10.757813,-0.13040571,0.25487879,-0.11183293,0.2627762
10.759766,-0.1380187,0.28348216,-0.10566013,0.30283511
10.761719,-0.13000374,0.29001108,-0.097999066,0.30594376
10.763672,-0.126552,0.26762906,-0.11111395,0.26401544
10.765625,-0.12508254,0.29561099,-0.10903338,0.24093686
10.767578,-0.12780266,0.30921599,-0.11423761,0.25587627
10.769531,-0.13242672,0.26310936,-0.11211047,0.28228873
10.771484,-0.12764667,0.25536436,-0.10839635,0.28360531
10.773438,-0.1333003,0.32725361,-0.094482392,0.27199233
10.775391,-0.1376912,0.35100329,-0.10181563,0.25496355
10.777344,-0.13629471,0.28888652,-0.11212909,0.23709711
10.779297,-0.13020837,0.28316736,-0.11137472,0.21821833
10.78125,-0.13379358,0.34245503,-0.10726573,0.22616968
10.783203,-0.13283688,0.35446745,-0.11491561,0.26451844
10.785156,-0.12404355,0.31600651,-0.13613859,0.26195714
10.787109,-0.13059215,0.31595179,-0.10902965,0.21514979
10.789063,-0.12961045,0.33626243,-0.11212723,0.20846412
10.791016,-0.1287725,0.33926839,-0.12722024,0.26233223
10.792969,-0.12657981,0.36349046,-0.1048834,0.25905603
10.794922,-0.11904513,0.37736273,-0.119643,0.21021737
10.796875,-0.12088914,0.33634892,-0.11934312,0.21696803
10.798828,-0.12908755,0.30781877,-0.11089043,0.24608685
10.800781,-0.13057552,0.34973401,-0.1181622,0.25694573
10.802734,-0.12762457,0.37164757,-0.11541852,0.24975379
10.804688,-0.13035662,0.33059892,-0.12598717,0.24151868
10.806641,-0.13427024,0.32254532,-0.12440765,0.24373351
10.808594,-0.13235264,0.35342005,-0.11077122,0.256327
10.810547,-0.12986115,0.34440917,-0.10464126,0.27315351
10.8125,-0.13385282,0.3189624,-0.10920846,0.28902161
10.814453,-0.12912093,0.34169018,-0.11779712,0.26974377
10.816406,-0.12770784,0.37194115,-0.11747116,0.230764
10.818359,-0.13341576,0.33958957,-0.10267617,0.24561639
10.820313,-0.12938821,0.30940774,-0.10482566,0.30865788
10.822266,-0.128361,0.34646973,-0.10878378,0.31934619
10.824219,-0.14192623,0.38000351,-0.11593634,0.24712169
10.826172,-0.12709744,0.34493327,-0.13048732,0.20365888
10.828125,-0.12412874,0.33237123,-0.11536078,0.252049
10.830078,-0.13443418,0.37507007,-0.11985348,0.3350755
10.832031,-0.11972007,0.36863858,-0.11518756,0.32733828
10.833984,-0.12957004,0.3463023,-0.10856585,0.2526207
10.835938,-0.122982,0.3505339,-0.11943997,0.22759838
10.837891,-0.12512535,0.36296287,-0.1138092,0.26880965
10.839844,-0.13551623,0.36706907,-0.12420835,0.3122398
10.841797,-0.12456053,0.36175704,-0.12114429,0.30790356
10.84375,-0.13222246,0.37742281,-0.12116478,0.28757086
10.845703,-0.13135314,0.36396754,-0.12562209,0.27195853
10.847656,-0.13208535,0.33862692,-0.10735141,0.28898069
10.849609,-0.12835354,0.36318603,-0.11832798,0.32868695
10.851563,-0.11789993,0.38211352,-0.12138644,0.33830214
10.853516,-0.1292142,0.37181172,-0.11199498,0.29933009
10.855469,-0.13066258,0.34979385,-0.11457475,0.27130178
10.857422,-0.12810348,0.34625483,-0.11603878,0.31608558
10.859375,-0.1263216,0.36822936,-0.11456171,0.36283892
10.861328,-0.12407719,0.37414247,-0.11360431,0.34846899
10.863281,-0.13910882,0.36937502,-0.11723647,0.29722804
10.865234,-0.13708633,0.3564471,-0.1021509,0.2883428
10.867188,-0.12944221,0.34562874,-0.11859433,0.343647
10.869141,-0.12755717,0.37193102,-0.12212963,0.36352375
10.871094,-0.12348632,0.40580079,-0.099837497,0.32367933
10.873047,-0.12502165,0.3930645,-0.10367268,0.29538345
10.875,-0.12042566,0.34632316,-0.11622505,0.32327044
10.876953,-0.13048917,0.32271644,-0.11849003,0.34271806
10.878906,-0.13240269,0.35999763,-0.09584026,0.31808949
10.880859,-0.11863927,0.39928061,-0.11186273,0.31747913
10.882813,-0.12891787,0.38384882,-0.12169191,0.31818461
10.884766,-0.13368829,0.35052225,-0.10914886,0.30066985
10.886719,-0.12561558,0.33094537,-0.11091278,0.30514348
10.888672,-0.12550204,0.35276431,-0.11448906,0.33279437
10.890625,-0.12953623,0.37458438,-0.12175524,0.33000204
10.892578,-0.13208766,0.35934374,-0.11395448,0.29799441
10.894531,-0.13504237,0.34588334,-0.10705338,0.30252001
10.896484,-0.12259466,0.34505457,-0.10867761,0.33783662
10.898438,-0.12110479,0.36249882,-0.11297473,0.34085721
10.900391,-0.12827381,0.37432081,-0.099174395,0.29579619
10.902344,-0.12262126,0.3596817,-0.098336205,0.28557688
10.904297,-0.12922147,0.3333042,-0.10574022,0.32038295
10.90625,-0.11802511,0.33511445,-0.11359872,0.32803571
10.908203,-0.1214697,0.37667832,-0.12770639,0.29379362
10.910156,-0.13405667,0.38413718,-0.1165566,0.28016731
10.912109,-0.12390966,0.33832645,-0.10295929,0.32402796
10.914063,-0.12262142,0.30865604,-0.098924801,0.35218829
10.916016,-0.12237857,0.3452009,-0.11686021,0.31170696
10.917969,-0.12485769,0.37400764,-0.1123731,0.25722307
10.919922,-0.13561991,0.34146026,-0.11196518,0.2630949
10.921875,-0.13344918,0.294548,-0.12564445,0.32473329
10.923828,-0.1252369,0.29906726,-0.11160383,0.34865981
10.925781,-0.12625331,0.37763748,-0.11531794,0.31647757
10.927734,-0.13546926,0.39667195,-0.11916617,0.29761398
10.929688,-0.12925316,0.32303774,-0.12079598,0.29915968
10.931641,-0.11366202,0.27552307,-0.12196945,0.31510326
10.933594,-0.12287968,0.33408254,-0.11458592,0.34683719
10.935547,-0.12541126,0.39977992,-0.11406997,0.36296055
10.9375,-0.12878478,0.35544568,-0.10742778,0.32515955
10.939453,-0.13230431,0.29134694,-0.099532023,0.29216909
10.941406,-0.12423072,0.30164865,-0.10313065,0.32176167
10.943359,-0.1213352,0.37996602,-0.10924572,0.36200067
10.945313,-0.1236477,0.40012285,-0.1015325,0.34384942
10.947266,-0.126976,0.32572648,-0.10643871,0.30113548
10.949219,-0.12516572,0.25854158,-0.11810446,0.31432956
10.951172,-0.12851992,0.31264386,-0.098181605,0.35385641
10.953125,-0.12282499,0.40972713,-0.10118791,0.36245584
10.955078,-0.12448648,0.37715888,-0.11722715,0.33085096
10.957031,-0.12658647,0.29289517,-0.11153305,0.29074433
10.958984,-0.11661809,0.27615243,-0.11491561,0.29958943
10.960938,-0.12701209,0.35060129,-0.11166902,0.34819376
10.962891,-0.1292212,0.38387793,-0.1091619,0.35574085
10.964844,-0.12569259,0.32208282,-0.11998759,0.32022074
10.966797,-0.13439453,0.29496047,-0.12129517,0.2940309
10.96875,-0.12764077,0.32543066,-0.10500634,0.30845767
10.970703,-0.12433552,0.36763403,-0.10353671,0.34946081
10.972656,-0.13003765,0.36974627,-0.11865766,0.35954574
10.974609,-0.13191359,0.32948402,-0.11587487,0.31949651
10.976563,-0.13124084,0.31037131,-0.11511864,0.2913298
10.978516,-0.12425222,0.34797543,-0.1212039,0.32111058
10.980469,-0.12603657,0.40191752,-0.11106366,0.37103263
10.982422,-0.1205712,0.39895895,-0.10732906,0.37769929
10.984375,-0.12465417,0.36215866,-0.10356465,0.33674946
10.986328,-0.13075207,0.34205174,-0.11067623,0.31010088
10.988281,-0.12319167,0.35346034,-0.12386562,0.31977776
10.990234,-0.12619099,0.40327993,-0.11310512,0.36068541
10.992188,-0.13412037,0.40302265,-0.11166716,0.39051491
10.994141,-0.12832326,0.36913696,-0.11342922,0.37726602
10.996094,-0.11600409,0.37384617,-0.11278102,0.34557107
10.998047,-0.1286999,0.38833815,-0.11284435,0.34026116
11.0,-0.11815096,0.37828568,-0.11332119,0.37401071
11.001953,-0.11732078,0.35290191,-0.10816725,0.39118144
11.003906,-0.12795904,0.35870123,-0.09666355,0.36760521
11.005859,-0.12047523,0.36010334,-0.098686382,0.34403846
11.007813,-0.12932035,0.36013293,-0.1193841,0.35502595
11.009766,-0.12848631,0.37559485,-0.11192979,0.36426127
11.011719,-0.12950172,0.36725417,-0.10480703,0.36186898
11.013672,-0.12121136,0.34530789,-0.11791447,0.3748292
11.015625,-0.11278136,0.35404626,-0.10337839,0.37662867
11.017578,-0.12177558,0.37374198,-0.10915631,0.36099839
11.019531,-0.122858,0.35062912,-0.10464685,0.35013098
11.021484,-0.12635987,0.31008527,-0.10110037,0.35194826
11.023438,-0.13321173,0.33232513,-0.1208947,0.35547426
11.025391,-0.12377175,0.38193482,-0.13023214,0.34855184
11.027344,-0.1239007,0.38103274,-0.12344652,0.34692213
11.029297,-0.13722658,0.35438642,-0.10893279,0.36606109
11.03125,-0.13515878,0.31508473,-0.10974677,0.38883483
11.033203,-0.12858759,0.33862367,-0.1034175,0.38201568
11.035156,-0.12229192,0.40450624,-0.10816352,0.34219664
11.037109,-0.12230647,0.4148303,-0.10397629,0.32784751
11.039063,-0.11989569,0.39297241,-0.11063339,0.36786312
11.041016,-0.11661328,0.36302409,-0.11634985,0.39596793
11.042969,-0.12479872,0.34733561,-0.10193111,0.38321608
11.044922,-0.12302116,0.36655915,-0.11335471,0.36364654
11.046875,-0.1185445,0.40401021,-0.10637166,0.35651809
11.048828,-0.11789304,0.40020797,-0.1011339,0.36292818
11.050781,-0.11511926,0.3737067,-0.10669762,0.37373197
11.052734,-0.12404171,0.36248288,-0.10875398,0.3743127
11.054688,-0.13342501,0.34517774,-0.11164294,0.35439956
11.056641,-0.12659344,0.33545369,-0.10021375,0.34761849
11.058594,-0.11979914,0.364544,-0.10042796,0.36620888
11.060547,-0.12665477,0.39244002,-0.10621519,0.37835217
11.0625,-0.12483487,0.35818657,-0.106584,0.35865077
11.064453,-0.11984133,0.31282499,-0.11117728,0.32466707
11.066406,-0.12778422,0.32811671,-0.12018503,0.32721108
11.068359,-0.12531601,0.36755988,-0.12031356,0.35750669
11.070313,-0.11057374,0.37035289,-0.11159451,0.37656647
11.072266,-0.11477889,0.36409917,-0.10546641,0.35802343
11.074219,-0.1227559,0.34111938,-0.11518569,0.32779181
11.076172,-0.12141094,0.30390233,-0.11401223,0.322945
11.078125,-0.12602475,0.32259852,-0.094687283,0.34221476
11.080078,-0.12319262,0.36604297,-0.099917591,0.36753827
11.082031,-0.11974902,0.36374587,-0.10678144,0.35079014
11.083984,-0.12406673,0.32483625,-0.11536823,0.30960065
11.085938,-0.12775514,0.29649773,-0.11813426,0.31475177
11.087891,-0.12854394,0.30650619,-0.11826278,0.35642335
11.089844,-0.12642361,0.33329034,-0.13131993,0.38272852
11.091797,-0.11450519,0.34235084,-0.12978138,0.3642531
11.09375,-0.12086155,0.33128008,-0.1182218,0.33411068
11.095703,-0.12538247,0.30179569,-0.11869678,0.34215447
11.097656,-0.11859681,0.28577194,-0.13044262,0.37312755
11.099609,-0.12654203,0.32454616,-0.13149501,0.38669902
11.101563,-0.12237026,0.34943727,-0.10983059,0.3732613
11.103516,-0.12123366,0.31678671,-0.11019008,0.38810679
11.105469,-0.12407433,0.29117301,-0.11640759,0.42005935
11.107422,-0.13093974,0.29659274,-0.1089775,0.41346103
11.109375,-0.1281828,0.31549159,-0.11212909,0.39478657
11.111328,-0.12244715,0.32301319,-0.10980451,0.40325731
11.113281,-0.12819865,0.32302448,-0.10564522,0.43252003
11.115234,-0.12638859,0.31167853,-0.11077867,0.44619662
11.117188,-0.13248257,0.30555323,-0.12795413,0.44243005
11.119141,-0.12222053,0.33539012,-0.11883461,0.43138728
11.121094,-0.10914753,0.35904688,-0.11874893,0.43344545
11.123047,-0.12388419,0.35717329,-0.11999877,0.45184517
11.125,-0.12785572,0.32393974,-0.11259848,0.46432486
11.126953,-0.11975101,0.29220608,-0.11040242,0.4626489
11.128906,-0.12985834,0.34377411,-0.11143991,0.45034325
11.130859,-0.12822776,0.40247214,-0.12352848,0.4435699
11.132813,-0.11380422,0.37327212,-0.10775374,0.44241399
11.134766,-0.12325609,0.34502953,-0.10693045,0.45961049
11.136719,-0.12155744,0.3412542,-0.095676348,0.46381798
11.138672,-0.11293364,0.33497521,-0.09255828,0.43378389
11.140625,-0.12096678,0.36478943,-0.1092066,0.42755055
11.142578,-0.11874977,0.3830381,-0.099740639,0.43113756
11.144531,-0.11999502,0.33690515,-0.10748366,0.42219284
11.146484,-0.12679738,0.31090087,-0.1074762,0.41324213
11.148438,-0.12518714,0.35371819,-0.098595113,0.40948534
11.150391,-0.12802958,0.38207361,-0.1040955,0.42328185
11.152344,-0.13074066,0.35348898,-0.11466043,0.42438203
11.154297,-0.12520355,0.3191227,-0.12010866,0.389873
11.15625,-0.12242165,0.34250367,-0.10478655,0.36945987
11.158203,-0.12443079,0.37755564,-0.096814424,0.40217948
11.160156,-0.12793875,0.35737923,-0.11334354,0.43613276
11.162109,-0.13071598,0.33016261,-0.10695653,0.40099072
11.164063,-0.12605853,0.33834592,-0.090213209,0.33924347
11.166016,-0.11837696,0.38217801,-0.1162176,0.36366928
11.167969,-0.11212891,0.4102681,-0.12021297,0.41313627
11.169922,-0.11895077,0.38647026,-0.1005602,0.39841348
11.171875,-0.12495697,0.33873054,-0.11762017,0.37668145
11.173828,-0.12501787,0.31308588,-0.14004083,0.38336727
11.175781,-0.11869347,0.37275538,-0.12851664,0.38650572
11.177734,-0.11538109,0.43188679,-0.10369131,0.38506952
11.179688,-0.12362897,0.39736485,-0.10611834,0.41459984
11.181641,-0.11787926,0.32283485,-0.10329457,0.41443464
11.183594,-0.12128158,0.30157402,-0.10954747,0.36764324
11.185547,-0.12519588,0.36002907,-0.11415751,0.35384893
11.1875,-0.12648264,0.39083618,-0.099379286,0.39598212
11.189453,-0.1217837,0.35985446,-0.11465856,0.44529817
11.191406,-0.11387804,0.33242142,-0.12084627,0.4360446
11.193359,-0.1232283,0.33384645,-0.1151801,0.38201949
11.195313,-0.11756071,0.3457278,-0.11187577,0.3718155
11.197266,-0.11613972,0.35560286,-0.083092317,0.43025255
11.199219,-0.12094172,0.34449917,-0.086951718,0.45854735
11.201172,-0.11780472,0.30454239,-0.12101577,0.40464318
11.203125,-0.11045652,0.30243284,-0.11353539,0.33186856
11.205078,-0.12068174,0.3504211,-0.11112885,0.35898185
11.207031,-0.13145915,0.34746739,-0.10849507,0.46066859
11.208984,-0.11568135,0.27817154,-0.10143751,0.48024318
11.210938,-0.12244826,0.27872753,-0.11719735,0.40851134
11.212891,-0.11841442,0.35052294,-0.11002803,0.34450102
11.214844,-0.1210833,0.33909807,-0.10827155,0.361114
11.216797,-0.13519144,0.26647294,-0.10766433,0.43217093
11.21875,-0.12479587,0.25984043,-0.10571228,0.46278998
11.220703,-0.12548444,0.3154617,-0.1071223,0.41735563
11.222656,-0.12631157,0.35458085,-0.096948534,0.35569081
11.224609,-0.1262206,0.33260989,-0.11009508,0.3579382
11.226563,-0.1198626,0.28784215,-0.11901343,0.43020773
11.228516,-0.12193066,0.28346935,-0.11519128,0.46391964
11.230469,-0.12579416,0.32989496,-0.11510187,0.41207477
11.232422,-0.12021545,0.37463593,-0.10927179,0.3625783
11.234375,-0.12805206,0.3503744,-0.11324854,0.38997355
11.236328,-0.12625767,0.29829356,-0.10810205,0.45430431
11.238281,-0.11516782,0.31631723,-0.10662684,0.46073097
11.240234,-0.12227605,0.39280117,-0.1112462,0.40763354
11.242188,-0.1256575,0.40057233,-0.11250535,0.36083251
11.244141,-0.12622008,0.31315899,-0.11843601,0.39977205
11.246094,-0.12716807,0.29378095,-0.1117845,0.46925837
11.248047,-0.1146828,0.38600507,-0.10539004,0.46326432
11.25,-0.11815154,0.42792785,-0.089280024,0.42103812
11.251953,-0.12226049,0.38148966,-0.10670693,0.41013569
11.253906,-0.1179307,0.31767893,-0.10770345,0.43055382
11.255859,-0.11519442,0.31562689,-0.096730605,0.43354934
11.257813,-0.11738302,0.38967341,-0.10721916,0.43992242
11.259766,-0.12689169,0.41186509,-0.10060118,0.44722599
11.261719,-0.1236331,0.36508173,-0.093735471,0.42574573
11.263672,-0.11208714,0.31052577,-0.094042808,0.42552009
11.265625,-0.11415213,0.33961064,-0.10687084,0.43263245
11.267578,-0.11898975,0.4056491,-0.10436559,0.41704273
11.269531,-0.12193698,0.3680785,-0.10360377,0.40853179
11.271484,-0.12630321,0.30331445,-0.10671811,0.42025879
11.273438,-0.12325764,0.29919007,-0.10546082,0.43067855
11.275391,-0.1279863,0.38030899,-0.09291032,0.42299491
11.277344,-0.12467474,0.4256815,-0.10330202,0.40329158
11.279297,-0.11932098,0.35011607,-0.10088617,0.39389324
11.28125,-0.1235885,0.2942912,-0.09769918,0.39919806
11.283203,-0.12614049,0.33237112,-0.11009881,0.40869066
11.285156,-0.12427697,0.39452946,-0.098004654,0.40510291
11.287109,-0.11645918,0.39842319,-0.11983858,0.38190693
11.289063,-0.1116021,0.3742066,-0.12615481,0.38006917
11.291016,-0.11361282,0.36023676,-0.10715583,0.39807945
11.292969,-0.12339845,0.35499504,-0.10367641,0.41175216
11.294922,-0.11987286,0.36737558,-0.10398374,0.41125935
11.296875,-0.11516552,0.38655722,-0.11179195,0.38667372
11.298828,-0.12268839,0.39864615,-0.11306414,0.36267453
11.300781,-0.12394988,0.38075614,-0.099878475,0.37906039
11.302734,-0.12233769,0.36585554,-0.10747807,0.41954902
11.304688,-0.13091163,0.36975628,-0.12514898,0.41687021
11.306641,-0.12577662,0.37705854,-0.10273205,0.37575537
11.308594,-0.11515119,0.39228496,-0.10559493,0.37245667
11.310547,-0.13049005,0.41160291,-0.10287733,0.41698146
11.3125,-0.1213598,0.40277433,-0.0876856,0.43064174
11.314453,-0.11207343,0.3736499,-0.11982368,0.39587572
11.316406,-0.12583414,0.40977335,-0.1136248,0.35777214
11.318359,-0.12037971,0.41581321,-0.11496776,0.36955437
11.320313,-0.11512317,0.37589484,-0.11391537,0.42532009
11.322266,-0.11799765,0.40517434,-0.0905727,0.44402945
11.324219,-0.12127409,0.41428736,-0.10315301,0.40454084
11.326172,-0.11810022,0.38300422,-0.11043036,0.35478488
11.328125,-0.11347064,0.38207743,-0.11053094,0.3547965
11.330078,-0.11513954,0.38637292,-0.10625058,0.40701979
11.332031,-0.11963195,0.37748066,-0.10123448,0.44938526
11.333984,-0.1113511,0.36752728,-0.10625431,0.42397186
11.335938,-0.10798083,0.3657659,-0.093413234,0.36426029
11.337891,-0.12114289,0.36708793,-0.10149898,0.35826865
11.339844,-0.12476051,0.34889209,-0.11269906,0.4046028
11.341797,-0.11762791,0.33567894,-0.096855402,0.43055093
11.34375,-0.11466938,0.35648412,-0.10650577,0.40405843
11.345703,-0.1164487,0.36928037,-0.11359872,0.36597797
11.347656,-0.11563253,0.33946767,-0.10786363,0.3682473
11.349609,-0.12002917,0.31338716,-0.098200232,0.40722477
11.351563,-0.12660548,0.31737438,-0.10629901,0.42940959
11.353516,-0.12141608,0.33030197,-0.11500502,0.39296257
11.355469,-0.11239596,0.34933108,-0.10986784,0.35079658
11.357422,-0.12197499,0.35354894,-0.10277116,0.3746739
11.359375,-0.11302852,0.31677344,-0.10508457,0.42947158
11.361328,-0.11004522,0.28517205,-0.11707442,0.43019179
11.363281,-0.12498737,0.32506815,-0.11505158,0.37271807
11.365234,-0.11949031,0.3564536,-0.11204527,0.35564524
11.367188,-0.12307281,0.32062015,-0.1050529,0.40568447
11.369141,-0.12099219,0.29766387,-0.11135982,0.44696972
11.371094,-0.11440904,0.31957334,-0.10622451,0.42610812
11.373047,-0.1144585,0.35175312,-0.10512927,0.37975076
11.375,-0.12552607,0.33668455,-0.11591958,0.37745991
11.376953,-0.12065559,0.28480276,-0.10741287,0.41816315
11.378906,-0.11092388,0.28713399,-0.10302821,0.45109269
11.380859,-0.13011172,0.34303918,-0.094886586,0.4475137
11.382813,-0.1283071,0.35138908,-0.10072225,0.40797648
11.384766,-0.11711875,0.30570665,-0.10356465,0.37511635
11.386719,-0.11436288,0.29597282,-0.098718047,0.39963061
11.388672,-0.11457332,0.33293307,-0.10486291,0.44939384
11.390625,-0.11230998,0.35018405,-0.092239767,0.45377675
11.392578,-0.10611913,0.3242543,-0.093517542,0.39892498
11.394531,-0.11640481,0.29145661,-0.099828184,0.37182572
11.396484,-0.12466998,0.29199037,-0.093536168,0.39777333
11.398438,-0.11921531,0.3283633,-0.10486291,0.42231405
11.400391,-0.11571457,0.35751939,-0.097632125,0.40839699
11.402344,-0.12000085,0.33176553,-0.10195719,0.36453426
11.404297,-0.12980857,0.27491155,-0.11203969,0.36126679
11.40625,-0.12656409,0.27216554,-0.097306162,0.39429057
11.408203,-0.12083128,0.33211011,-0.10758238,0.40291032
11.410156,-0.12102379,0.35967344,-0.10767551,0.3800475
11.412109,-0.11911045,0.32310376,-0.10332809,0.35677275
11.414063,-0.11827739,0.30580235,-0.1066138,0.35828784
11.416016,-0.11673687,0.32125276,-0.10606059,0.38159162
11.417969,-0.12229342,0.3286711,-0.11676149,0.38976672
11.419922,-0.12438567,0.34017164,-0.11181803,0.37750638
11.421875,-0.12225755,0.35983059,-0.096609533,0.36731118
11.423828,-0.11692955,0.3545557,-0.10454813,0.36890334
11.425781,-0.11576225,0.33698919,-0.10757679,0.38543516
11.427734,-0.12158009,0.35415673,-0.10306919,0.38433805
11.429688,-0.11911459,0.35836422,-0.10564709,0.37574264
11.431641,-0.12428737,0.3410635,-0.097991616,0.37662965
11.433594,-0.12298531,0.34236711,-0.11078985,0.38171017
11.435547,-0.11135509,0.36973009,-0.10906504,0.3930366
11.4375,-0.12221665,0.39928082,-0.10328339,0.38469332
11.439453,-0.12038274,0.37201601,-0.10370621,0.38390592
11.441406,-0.10935098,0.32625955,-0.10918611,0.38014385
11.443359,-0.12000574,0.3509644,-0.11451887,0.37458137
11.445313,-0.12519315,0.40126467,-0.097397432,0.38657248
11.447266,-0.12745067,0.39031732,-0.10844664,0.38882658
11.449219,-0.12406556,0.36201409,-0.11007087,0.38832116
11.451172,-0.11978646,0.36792484,-0.11591026,0.37502319
11.453125,-0.12027989,0.39759466,-0.11892775,0.38286915
11.455078,-0.11916003,0.42152336,-0.10620029,0.4078297
11.457031,-0.12221035,0.42011708,-0.11034468,0.4064821
11.458984,-0.11649155,0.38743675,-0.097261459,0.39092636
11.460938,-0.10856465,0.37667727,-0.091112867,0.38165405
11.462891,-0.11219403,0.41569504,-0.10091597,0.3888059
11.464844,-0.1236667,0.41223425,-0.10707387,0.38603643
11.466797,-0.12772401,0.37841281,-0.10272273,0.37589934
11.46875,-0.11659963,0.394088,-0.083772182,0.38907695
11.470703,-0.11011198,0.42058739,-0.10290527,0.41568732
11.472656,-0.11393793,0.40800416,-0.1297404,0.39375588
11.474609,-0.12232389,0.37611952,-0.11153118,0.33933434
11.476563,-0.12506503,0.34524864,-0.11604623,0.36709356
11.478516,-0.11834706,0.36656323,-0.13283798,0.44032779
11.480469,-0.11454377,0.41715315,-0.10864781,0.43224093
11.482422,-0.11212806,0.40682873,-0.10938355,0.37378472
11.484375,-0.12048437,0.37801921,-0.12169378,0.37092495
11.486328,-0.12527312,0.35622904,-0.096114069,0.40647805
11.488281,-0.11320454,0.35181329,-0.09693177,0.42788389
11.490234,-0.11054742,0.39868701,-0.11377567,0.43117869
11.492188,-0.11193036,0.42456648,-0.11877874,0.40929741
11.494141,-0.1142484,0.38939437,-0.10485174,0.39522588
11.496094,-0.12229061,0.33283609,-0.10548317,0.43298292
11.498047,-0.12089577,0.32777911,-0.11418173,0.48119789
11.5,-0.11081063,0.39888129,-0.097997203,0.46892336
11.501953,-0.11766857,0.42733681,-0.10156789,0.43511039
11.503906,-0.12133454,0.36894509,-0.10328153,0.42995548
11.505859,-0.10765066,0.31439579,-0.1015828,0.44392014
11.507813,-0.11380964,0.34629881,-0.10840008,0.47012198
11.509766,-0.11978846,0.39925382,-0.11881413,0.47986332
11.511719,-0.11996175,0.37494722,-0.11881971,0.46457291
11.513672,-0.11983687,0.34164175,-0.11027762,0.45361573
11.515625,-0.11238791,0.34434664,-0.10730857,0.48847058
11.517578,-0.10765302,0.37501279,-0.090704948,0.50080544
11.519531,-0.10620767,0.39318463,-0.098773926,0.45868829
11.521484,-0.11203764,0.34822211,-0.11232094,0.43617773
11.523438,-0.12069707,0.30432817,-0.094921976,0.39795476
11.525391,-0.12673002,0.3081409,-0.099729463,0.42457268
11.527344,-0.12082122,0.3584044,-0.10224962,0.46127033
11.529297,-0.11704762,0.40800792,-0.10403962,0.41790339
11.53125,-0.11393949,0.36877024,-0.11472003,0.41503912
11.533203,-0.11440454,0.29919228,-0.099098027,0.41950214
11.535156,-0.113227,0.29880777,-0.11198008,0.41228622
11.537109,-0.10983369,0.34616879,-0.115968,0.4132978
11.539063,-0.11689716,0.37119249,-0.098701283,0.41125879
11.541016,-0.11689129,0.34098876,-0.11334912,0.41580561
11.542969,-0.12487461,0.31156445,-0.10186033,0.423217
11.544922,-0.1133769,0.333332,-0.09008655,0.4135848
11.546875,-0.11205427,0.36442447,-0.098883823,0.40610856
11.548828,-0.12339238,0.37216362,-0.09885402,0.41072798
11.550781,-0.10499451,0.3266336,-0.11325413,0.40536198
11.552734,-0.10636695,0.29066244,-0.11068368,0.40812829
11.554688,-0.11425579,0.34031287,-0.09895274,0.41960213
11.556641,-0.11047055,0.35907027,-0.10412717,0.43300799
11.558594,-0.10746347,0.3246727,-0.1045146,0.43091056
11.560547,-0.10819649,0.30181757,-0.099219099,0.40308291
11.5625,-0.11226387,0.29835549,-0.090213209,0.38882095
11.564453,-0.12383115,0.32098895,-0.10174485,0.41277236
11.566406,-0.12021072,0.31932715,-0.10153809,0.42519954
11.568359,-0.1082413,0.29140133,-0.093364805,0.40167063
11.570313,-0.11677951,0.29190108,-0.11808211,0.39128411
11.572266,-0.11613389,0.30471432,-0.11806907,0.4019078
11.574219,-0.11269525,0.29222342,-0.099491045,0.41564253
11.576172,-0.11659822,0.27641457,-0.091599017,0.43022546
11.578125,-0.12307151,0.27809063,-0.094882861,0.42530492
11.580078,-0.11849611,0.28853995,-0.10353857,0.38847843
11.582031,-0.11546218,0.30682227,-0.10223658,0.36430788
11.583984,-0.11921442,0.30495974,-0.10969275,0.39456588
11.585938,-0.11803295,0.27561632,-0.10507526,0.43371978
11.587891,-0.11823158,0.27764916,-0.10172436,0.42566097
11.589844,-0.11101196,0.31379658,-0.099582314,0.39011946
11.591797,-0.11382485,0.31837091,-0.10280842,0.37701058
11.59375,-0.11700635,0.29154217,-0.10438049,0.40048841
11.595703,-0.11869088,0.28134617,-0.093659103,0.42383555
11.597656,-0.11266628,0.30689234,-0.1056117,0.42397818
11.599609,-0.1153441,0.33398649,-0.093146876,0.39688322
11.601563,-0.12960894,0.32010642,-0.10394835,0.38145524
11.603516,-0.12345366,0.28798673,-0.1026445,0.40783942
11.605469,-0.11884644,0.29524243,-0.08925581,0.41928977
11.607422,-0.11989926,0.341618,-0.1153999,0.41031218
11.609375,-0.12374309,0.36137927,-0.1087577,0.39494899
11.611328,-0.11620748,0.33019149,-0.10101655,0.38169742
11.613281,-0.12103238,0.30798945,-0.10092156,0.40847841
11.615234,-0.12315532,0.33196658,-0.097337827,0.43852881
11.617188,-0.11729077,0.37280566,-0.10345662,0.41308901
11.619141,-0.1214572,0.41238546,-0.11481316,0.37014922
11.621094,-0.11138455,0.40977311,-0.10728249,0.37507424
11.623047,-0.11644799,0.38500017,-0.094057709,0.42372626
11.625,-0.11664463,0.38860264,-0.09664306,0.45406741
11.626953,-0.11485307,0.39954999,-0.10023797,0.41526809
11.628906,-0.11821892,0.41606408,-0.10686339,0.36012512
11.630859,-0.11519425,0.41624218,-0.11431584,0.37608418
11.632813,-0.11865568,0.41836047,-0.10198513,0.43910855
11.634766,-0.11523909,0.42504215,-0.095829085,0.46400237
11.636719,-0.1164218,0.41427711,-0.1043898,0.43125853
11.638672,-0.11024446,0.40759313,-0.10436745,0.39006326
11.640625,-0.10460382,0.40412918,-0.10353112,0.38523713
11.642578,-0.11695901,0.39911297,-0.11556195,0.42690876
11.644531,-0.11663099,0.37222835,-0.10644244,0.46518049
11.646484,-0.10554473,0.36608291,-0.088255569,0.44842073
11.648438,-0.1032628,0.40248704,-0.10700309,0.42100087
11.650391,-0.1099724,0.40522105,-0.1027395,0.42235047
11.652344,-0.11176726,0.35847855,-0.084640175,0.43746275
11.654297,-0.11130708,0.32557574,-0.10173926,0.45575058
11.65625,-0.11488526,0.33708048,-0.10523544,0.45716101
11.658203,-0.11835697,0.36148649,-0.084740758,0.42403293
11.660156,-0.11454868,0.37033451,-0.097540855,0.4292773
11.662109,-0.1101404,0.34589428,-0.10018581,0.47318366
11.664063,-0.11797708,0.30015191,-0.10493928,0.45779517
11.666016,-0.11831684,0.29389599,-0.11404948,0.43026108
11.667969,-0.1134432,0.33436519,-0.10346034,0.43194807
11.669922,-0.10999837,0.35665944,-0.11241221,0.45514253
11.671875,-0.11011064,0.32260644,-0.098548546,0.46959466
11.673828,-0.10510308,0.28074116,-0.091874689,0.4545863
11.675781,-0.11444824,0.31113616,-0.098017693,0.45432839
11.677734,-0.12272546,0.33937293,-0.099092439,0.44912711
11.679688,-0.10270847,0.29541495,-0.11324668,0.4388091
11.681641,-0.118962,0.29327187,-0.086741239,0.44574374
11.683594,-0.11967283,0.33216798,-0.075919271,0.4683947
11.685547,-0.11031007,0.32147232,-0.09808661,0.47463122
11.6875,-0.11468489,0.29126477,-0.091330796,0.43580469
11.689453,-0.10384911,0.29214323,-0.098762751,0.41311169
11.691406,-0.11841491,0.31261417,-0.097695455,0.4360339
11.693359,-0.12038652,0.30455497,-0.10493183,0.46881697
11.695313,-0.11446551,0.29450774,-0.1132057,0.46149826
11.697266,-0.11231892,0.3109706,-0.097306162,0.43048227
11.699219,-0.11789393,0.31754446,-0.10357583,0.42987791
11.701172,-0.11630962,0.30526206,-0.10075951,0.440391
11.703125,-0.11197827,0.2982668,-0.11032419,0.4381524
11.705078,-0.11907608,0.29942861,-0.11094631,0.42885301
11.707031,-0.11662719,0.30131385,-0.086037159,0.43223312
11.708984,-0.11976182,0.31708056,-0.086402237,0.44791341
11.710938,-0.11230224,0.32708704,-0.10948972,0.44869041
11.712891,-0.11351693,0.31683841,-0.10886388,0.42296734
11.714844,-0.11554196,0.30657697,-0.088801324,0.41839376
11.716797,-0.1213952,0.32336628,-0.10399306,0.46008605
11.71875,-0.11308508,0.33652076,-0.10544406,0.46797693
11.720703,-0.10041723,0.32301319,-0.10044286,0.4312737
11.722656,-0.11399553,0.32937065,-0.097308025,0.42716309
11.724609,-0.11758344,0.33267346,-0.079657599,0.44891092
11.726563,-0.11599103,0.30535927,-0.083252504,0.44681227
11.728516,-0.11706494,0.30629665,-0.1065989,0.42962417
11.730469,-0.10711789,0.34866285,-0.11516148,0.41913131
11.732422,-0.10105121,0.37030029,-0.099651232,0.42117852
11.734375,-0.11148461,0.33447835,-0.10228501,0.44837144
11.736328,-0.11050976,0.27316439,-0.10183984,0.47305322
11.738281,-0.12376155,0.27270919,-0.10574581,0.45762935
11.740234,-0.12119357,0.3383041,-0.10007405,0.41642076
11.742188,-0.11970371,0.36742029,-0.083490923,0.40400884
11.744141,-0.11753417,0.33219603,-0.1074315,0.44126195
11.746094,-0.10155583,0.28747603,-0.094309166,0.46374458
11.748047,-0.11476894,0.29948205,-0.079555154,0.44392195
11.75,-0.11818232,0.33507663,-0.10339515,0.41620657
11.751953,-0.12096794,0.32097918,-0.093124524,0.40625405
11.753906,-0.1202743,0.30554914,-0.10788226,0.43377799
11.755859,-0.11926126,0.32571507,-0.11990936,0.46811548
11.757813,-0.11798658,0.36200207,-0.094249561,0.45425791
11.759766,-0.10941869,0.37181938,-0.09830454,0.41731691
11.761719,-0.11034829,0.34211358,-0.099179983,0.42415044
11.763672,-0.11839964,0.3132512,-0.076325327,0.45224714
11.765625,-0.11759174,0.32559028,-0.080194041,0.44832334
11.767578,-0.11308306,0.38219526,-0.095208824,0.41910699
11.769531,-0.12019564,0.40511709,-0.087434143,0.39111027
11.771484,-0.11340703,0.36860296,-0.091498435,0.40824491
11.773438,-0.11469813,0.34855041,-0.10618725,0.45042279
11.775391,-0.12253779,0.38356045,-0.10621892,0.4389897
11.777344,-0.10578711,0.39929643,-0.094828844,0.40191612
11.779297,-0.11666867,0.39760655,-0.097553894,0.40354046
11.78125,-0.11700287,0.4097468,-0.097587422,0.4271701
11.783203,-0.10418236,0.38809869,-0.097371355,0.41691485
11.785156,-0.1121579,0.39357114,-0.099194884,0.38368919
11.787109,-0.10278526,0.41625792,-0.095637232,0.39185873
11.789063,-0.10988029,0.41029245,-0.10870369,0.41279107
11.791016,-0.11417054,0.40066978,-0.10231481,0.40885127
11.792969,-0.11276398,0.39050776,-0.099047735,0.40145051
11.794922,-0.11055901,0.39569932,-0.10171504,0.40685466
11.796875,-0.11306365,0.40785703,-0.10006288,0.40999103
11.798828,-0.11495429,0.4001323,-0.095059812,0.4022105
11.800781,-0.11240697,0.37534574,-0.089231595,0.40689978
11.802734,-0.12259866,0.36614576,-0.091245115,0.41575503
11.804688,-0.11460353,0.38087732,-0.083751693,0.41154337
11.806641,-0.10803643,0.3973304,-0.10701427,0.39192215
11.808594,-0.11180784,0.39819571,-0.10579237,0.38567662
11.810547,-0.11935322,0.37458274,-0.094253287,0.40727687
11.8125,-0.10537388,0.3509092,-0.11653425,0.42731938
11.814453,-0.11101604,0.38655803,-0.1132504,0.41259918
11.816406,-0.12314759,0.4195208,-0.10275812,0.38468829
11.818359,-0.10582135,0.38089886,-0.092824638,0.40792111
11.820313,-0.11328947,0.36550733,-0.090289578,0.44520959
11.822266,-0.11133263,0.39001381,-0.10316418,0.42188245
11.824219,-0.1066756,0.39052686,-0.10327967,0.37657601
11.826172,-0.11111611,0.38312519,-0.11020312,0.38712382
11.828125,-0.10504762,0.37672594,-0.12358436,0.43924806
11.830078,-0.1187168,0.37275782,-0.10599168,0.45587528
11.832031,-0.12244553,0.37344584,-0.12681419,0.43260911
11.833984,-0.10462551,0.38608527,-0.12545073,0.43483898
11.835938,-0.11174175,0.40415245,-0.068619564,0.44059461
11.837891,-0.1133883,0.38651112,-0.090731025,0.45568267
11.839844,-0.11147464,0.35773197,-0.092085168,0.48051122
11.841797,-0.12460233,0.36743087,-0.080141887,0.43389171
11.84375,-0.1238296,0.39387694,-0.10383473,0.38575682
11.845703,-0.11528157,0.39705661,-0.093066782,0.4190667
11.847656,-0.11182293,0.41406268,-0.11043222,0.4784579
11.849609,-0.10662457,0.43481392,-0.1140085,0.49983245
11.851563,-0.10888128,0.41270888,-0.11164294,0.4664132
11.853516,-0.11301491,0.38731298,-0.11843601,0.41217512
11.855469,-0.11382462,0.38107079,-0.10172622,0.41225764
11.857422,-0.11393252,0.41392064,-0.087683737,0.47266755
11.859375,-0.10170884,0.43730196,-0.077392623,0.4967522
11.861328,-0.11173423,0.41577956,-0.098082885,0.43836504
11.863281,-0.11623652,0.40458298,-0.099129692,0.37149546
11.865234,-0.099940047,0.38247722,-0.091941744,0.393929
11.867188,-0.10473083,0.37478822,-0.091559902,0.48658705
11.869141,-0.10966396,0.39088902,-0.083924919,0.49542266
11.871094,-0.10869295,0.37637275,-0.090107039,0.41341993
11.873047,-0.10903534,0.34897882,-0.10742219,0.36757648
11.875,-0.10822378,0.34959197,-0.10704035,0.38873896
11.876953,-0.11075863,0.37273324,-0.083377302,0.45564771
11.878906,-0.11299444,0.37104464,-0.089497954,0.48360544
11.880859,-0.110985,0.33746743,-0.095240489,0.42277151
11.882813,-0.10653815,0.31809103,-0.099081263,0.34315675
11.884766,-0.11403191,0.32974863,-0.098786965,0.33951426
11.886719,-0.11009222,0.34496516,-0.098218858,0.41650486
11.888672,-0.10970069,0.33871436,-0.095922217,0.46298319
11.890625,-0.11172119,0.32397839,-0.090852097,0.41130537
11.892578,-0.10432161,0.31753796,-0.10134251,0.34173644
11.894531,-0.11281042,0.3229807,-0.09124884,0.34957319
11.896484,-0.11179479,0.3354418,-0.09567821,0.40918693
11.898438,-0.10762402,0.31877545,-0.10538073,0.43686199
11.900391,-0.11085986,0.29924387,-0.097116172,0.38758242
11.902344,-0.11702836,0.3109982,-0.11038752,0.33164871
11.904297,-0.11695906,0.32423195,-0.11560106,0.34945169
11.90625,-0.11631976,0.32032028,-0.10170387,0.40645176
11.908203,-0.11660662,0.31400615,-0.10960893,0.43233156
11.910156,-0.11804999,0.32447082,-0.11313678,0.39373365
11.912109,-0.11926197,0.33614206,-0.10804431,0.34376529
11.914063,-0.11866613,0.34983516,-0.10484615,0.36979973
11.916016,-0.11994846,0.35390657,-0.081279963,0.44187981
11.917969,-0.11499779,0.35347071,-0.095667034,0.45936188
11.919922,-0.1061939,0.38387153,-0.1130362,0.39877099
11.921875,-0.10182086,0.40361089,-0.096225828,0.33094275
11.923828,-0.10317875,0.39410639,-0.09865658,0.37300789
11.925781,-0.10350469,0.36180091,-0.09272778,0.47631058
11.927734,-0.1102652,0.35701311,-0.11066505,0.4753643
11.929688,-0.11832602,0.39925882,-0.11390419,0.38160285
11.931641,-0.11213527,0.41954687,-0.098297089,0.34324801
11.933594,-0.10667803,0.42088017,-0.10454999,0.42374629
11.935547,-0.10842035,0.40770081,-0.1064741,0.49470469
11.9375,-0.11501093,0.37331322,-0.1063344,0.45937866
11.939453,-0.12398387,0.34784365,-0.09545283,0.39287782
11.941406,-0.11668469,0.37644118,-0.11794427,0.38330659
11.943359,-0.11510326,0.42047739,-0.10171132,0.43137422
11.945313,-0.11815317,0.41778561,-0.088533103,0.47625521
11.947266,-0.11388053,0.39520186,-0.11070789,0.47957858
11.949219,-0.10482012,0.39296681,-0.10795863,0.43694869
11.951172,-0.10451553,0.41973069,-0.11553214,0.389687
11.953125,-0.10609006,0.41966015,-0.1058259,0.44128329
11.955078,-0.11021535,0.38973081,-0.10784315,0.52791792
11.957031,-0.11374768,0.39248031,-0.097786725,0.48666248
11.958984,-0.10364114,0.40761176,-0.083304659,0.45713657
11.960938,-0.10882991,0.4213258,-0.085066721,0.49397397
11.962891,-0.10937038,0.41908425,-0.090561524,0.42248043
11.964844,-0.10461454,0.38176802,-0.095274016,0.37342739
11.966797,-0.11158863,0.36226135,-0.088484675,0.44497198
11.96875,-0.11199507,0.37412488,-0.10407315,0.45948985
11.970703,-0.10124777,0.39812121,-0.11060545,0.43428534
11.972656,-0.11003437,0.40397587,-0.10738121,0.4536486
11.974609,-0.11147135,0.3721216,-0.1035721,0.45588475
11.976563,-0.10766204,0.34084883,-0.08171396,0.42945153
11.978516,-0.11099876,0.35941744,-0.071223542,0.41825807
11.980469,-0.103848,0.39837781,-0.07671462,0.42519668
11.982422,-0.10706794,0.38345265,-0.081689745,0.40569165
11.984375,-0.10759905,0.33342281,-0.085998043,0.36700398
11.986328,-0.10929552,0.32279235,-0.090801805,0.36090866
11.988281,-0.11690407,0.34930328,-0.093828604,0.39606559
11.990234,-0.11275153,0.37514967,-0.096847951,0.42041519
11.992188,-0.11136638,0.37762979,-0.097928286,0.39270654
11.994141,-0.11508771,0.34559461,-0.099869162,0.34694749
11.996094,-0.10758352,0.31649405,-0.10678516,0.33715859
11.998047,-0.10719099,0.33914918,-0.084479988,0.36317939
12.0,-0.10282966,0.37848496,-0.085785702,0.37207219
12.001953,-0.11004274,0.35660321,-0.1015176,0.34786734
12.003906,-0.10331896,0.31457272,-0.089855582,0.31568292
12.005859,-0.10199117,0.33023572,-0.093094721,0.31766865
12.007813,-0.12058642,0.37240496,-0.10387944,0.35407826
12.009766,-0.099763289,0.35463277,-0.10040747,0.35958996
12.011719,-0.11254687,0.32215604,-0.094352007,0.3441962
12.013672,-0.12028766,0.33106622,-0.11060172,0.33936793
12.015625,-0.10280726,0.33055902,-0.10957168,0.33446249
12.017578,-0.11010018,0.33922344,-0.1088527,0.34013015
12.019531,-0.1177045,0.35238105,-0.1121086,0.355717
12.021484,-0.12406301,0.32379782,-0.09590359,0.36816955
12.023438,-0.11890309,0.29985586,-0.096991375,0.34856185
12.025391,-0.11494698,0.34693503,-0.10531181,0.32879961
12.027344,-0.1050225,0.39512935,-0.11009881,0.34790212
12.029297,-0.10379154,0.36786184,-0.10378258,0.37046027
12.03125,-0.11595587,0.31870571,-0.1008992,0.38740671
12.033203,-0.10467462,0.30027542,-0.10456489,0.39663076
12.035156,-0.10867503,0.35143298,-0.089889109,0.39297327
12.037109,-0.11949919,0.41171294,-0.099900827,0.3913447
12.039063,-0.11082317,0.38749844,-0.1101342,0.39488751
12.041016,-0.11109398,0.33352339,-0.094892174,0.39327511
12.042969,-0.11002447,0.32903209,-0.096041426,0.40695819
12.044922,-0.11508378,0.38028395,-0.099057049,0.42926762
12.046875,-0.1177824,0.40513372,-0.094664931,0.423264
12.048828,-0.1082116,0.37171823,-0.096805111,0.400078
12.050781,-0.10751734,0.34975624,-0.10202797,0.40539268
12.052734,-0.11155505,0.37445712,-0.096603945,0.43559837
12.054688,-0.11705559,0.40588543,-0.097341552,0.44938314
12.056641,-0.10714036,0.39191163,-0.11138962,0.444305
12.058594,-0.10806889,0.37691408,-0.11654915,0.4224236
12.060547,-0.12221333,0.39410034,-0.10119723,0.43201911
12.0625,-0.10718134,0.4077639,-0.08389698,0.47310901
12.064453,-0.098562397,0.41524348,-0.078906953,0.49869019
12.066406,-0.10330862,0.41563928,-0.076638252,0.48261341
12.068359,-0.10329618,0.39171627,-0.079480648,0.40799293
12.070313,-0.1073424,0.37241682,-0.077455953,0.37752727
12.072266,-0.11085853,0.39483947,-0.099779755,0.43043283
12.074219,-0.10849283,0.40871954,-0.11197263,0.46184471
12.076172,-0.11576607,0.39631107,-0.089464426,0.45416138
12.078125,-0.11632303,0.40500975,-0.073509008,0.46860021
12.080078,-0.10254588,0.40201485,-0.075556055,0.45849025
12.082031,-0.10800839,0.37288132,-0.099571139,0.39150098
12.083984,-0.11377381,0.36782029,-0.094109863,0.34983814
12.085938,-0.10877721,0.37879592,-0.085554734,0.38288021
12.087891,-0.10570782,0.38260934,-0.09003067,0.4379445
12.089844,-0.10432413,0.38220677,-0.09650895,0.43673909
12.091797,-0.10694588,0.38408852,-0.098112687,0.38066602
12.09375,-0.11401294,0.38351634,-0.094018593,0.34292471
12.095703,-0.11213859,0.36554274,-0.089330316,0.37632692
12.097656,-0.11431151,0.3601023,-0.099094301,0.41696626
12.099609,-0.10590954,0.39074457,-0.10356092,0.40311769
12.101563,-0.098020308,0.40867347,-0.079309285,0.36008915
12.103516,-0.11110834,0.38010398,-0.096402779,0.34971774
12.105469,-0.11332274,0.33187252,-0.10016719,0.38026309
12.107422,-0.11073653,0.34105024,-0.10501938,0.38470066
12.109375,-0.10057723,0.40423313,-0.10598236,0.3793515
12.111328,-0.10586123,0.41947681,-0.098928526,0.38563925
12.113281,-0.11085755,0.36885276,-0.10764198,0.37397254
12.115234,-0.10572316,0.3214339,-0.095685661,0.37846151
12.117188,-0.11084551,0.34682584,-0.090645343,0.4037883
12.119141,-0.11492871,0.40290043,-0.080037579,0.41021588
12.121094,-0.11623281,0.40525573,-0.10286616,0.37428036
12.123047,-0.11384609,0.35671532,-0.10684291,0.34370053
12.125,-0.1105648,0.33385158,-0.098786965,0.38496527
12.126953,-0.11237293,0.3763718,-0.11028694,0.44590864
12.128906,-0.11349059,0.41980708,-0.095618606,0.42889798
12.130859,-0.10529026,0.3972148,-0.10387199,0.3691684
12.132813,-0.10970146,0.3577804,-0.10509016,0.38372627
12.134766,-0.11676488,0.37456259,-0.091429517,0.43096203
12.136719,-0.1042258,0.4130792,-0.077919751,0.44093654
12.138672,-0.099465147,0.42384958,-0.085137501,0.42287076
12.140625,-0.11502745,0.40765086,-0.11519873,0.39553112
12.142578,-0.11466204,0.37883177,-0.097807214,0.38775557
12.144531,-0.10609379,0.3780503,-0.083887666,0.42589283
12.146484,-0.10692136,0.42864287,-0.091055125,0.47556329
12.148438,-0.11206747,0.44152096,-0.091982722,0.45575321
12.150391,-0.11016867,0.39519557,-0.089222282,0.40101528
12.152344,-0.11225238,0.37639555,-0.094994619,0.38949221
12.154297,-0.11678834,0.40723479,-0.10961266,0.43054846
12.15625,-0.10996893,0.43148875,-0.09050937,0.4661786
12.158203,-0.10424107,0.43408039,-0.096291021,0.45552689
12.160156,-0.10879602,0.43629053,-0.10911533,0.42495072
12.162109,-0.11849219,0.40740803,-0.090812981,0.38980028
12.164063,-0.1035843,0.38457349,-0.089652553,0.41285446
12.166016,-0.10903095,0.43318853,-0.096881479,0.47597137
12.167969,-0.1148081,0.46115685,-0.10759355,0.45529902
12.169922,-0.10413416,0.41586047,-0.096384153,0.39612761
12.171875,-0.10560737,0.41203716,-0.079065278,0.40038937
12.173828,-0.10679151,0.42946559,-0.076699719,0.46801731
12.175781,-0.11073665,0.41106322,-0.083125845,0.47984776
12.177734,-0.10229845,0.40142253,-0.1047437,0.4173218
12.179688,-0.10269082,0.41623217,-0.095179021,0.38045096
12.181641,-0.10526313,0.42634088,-0.087521687,0.41260475
12.183594,-0.10636742,0.39568231,-0.094718948,0.48285621
12.185547,-0.10930856,0.38007313,-0.091526374,0.46478936
12.1875,-0.11337072,0.40744993,-0.097851917,0.39502496
12.189453,-0.11672308,0.40975401,-0.10348456,0.36944199
12.191406,-0.10954807,0.39374995,-0.10322937,0.40746143
12.193359,-0.10909355,0.40428632,-0.10260911,0.46437627
12.195313,-0.11696845,0.4152388,-0.099792793,0.4603453
12.197266,-0.1125529,0.39230406,-0.083110943,0.42041999
12.199219,-0.10126665,0.38601878,-0.084971726,0.39130524
12.201172,-0.10385336,0.43157804,-0.092306823,0.40606141
12.203125,-0.10938181,0.43017268,-0.097337827,0.43396196
12.205078,-0.11109295,0.38664463,-0.096875891,0.43519574
12.207031,-0.10334189,0.39284351,-0.081989631,0.42255777
12.208984,-0.10515186,0.42946604,-0.087799221,0.41528359
12.210938,-0.11209242,0.43034998,-0.096011624,0.42429736
12.212891,-0.11180054,0.40610498,-0.10821009,0.4334107
12.214844,-0.11043073,0.41222376,-0.10308222,0.42823693
12.216797,-0.10487106,0.41524497,-0.09457925,0.41576239
12.21875,-0.10906167,0.40952656,-0.095167845,0.43078965
12.220703,-0.1126195,0.41897354,-0.094283089,0.44997975
12.222656,-0.10828526,0.41719064,-0.097730845,0.43180761
12.224609,-0.10186075,0.40025139,-0.094070747,0.3988744
12.226563,-0.098625846,0.40652663,-0.088965237,0.40012273
12.228516,-0.10354989,0.42417741,-0.088434383,0.44698733
12.230469,-0.11340097,0.40981585,-0.10410109,0.46317944
12.232422,-0.10963967,0.37864342,-0.11517638,0.42425954
12.234375,-0.10306077,0.38227534,-0.12016082,0.40238717
12.236328,-0.10425889,0.42924985,-0.10512182,0.43887198
12.238281,-0.1063574,0.42601153,-0.10081725,0.49645483
12.240234,-0.10998689,0.36405531,-0.098760888,0.50610983
12.242188,-0.10502197,0.33862996,-0.084764972,0.49207607
12.244141,-0.10366216,0.37255386,-0.10335045,0.49164778
12.246094,-0.10807751,0.41660377,-0.09285444,0.400296
12.248047,-0.10800145,0.40234685,-0.081360057,0.35723031
12.25,-0.10063355,0.34245095,-0.10484615,0.4716098
12.251953,-0.099762194,0.33238345,-0.095694974,0.42444715
12.253906,-0.10086275,0.37247503,-0.082820371,0.38371333
12.255859,-0.10686383,0.37949732,-0.092509851,0.46311337
12.257813,-0.11213304,0.33836499,-0.093999967,0.41208506
12.259766,-0.10204685,0.30068567,-0.084042266,0.35401326
12.261719,-0.10377106,0.34099972,-0.088145673,0.32697293
12.263672,-0.09949708,0.39233911,-0.097397432,0.35193574
12.265625,-0.097324722,0.35111898,-0.086433902,0.3879284
12.267578,-0.11335929,0.27461281,-0.08213678,0.37549496
12.269531,-0.11392905,0.25282347,-0.084766835,0.3527191
12.271484,-0.10848331,0.32045916,-0.085472777,0.32390648
12.273438,-0.11355027,0.39199415,-0.08884789,0.33283702
12.275391,-0.11257595,0.35317373,-0.090136841,0.35451701
12.277344,-0.1014544,0.25575295,-0.08951658,0.36343887
12.279297,-0.11012363,0.2606402,-0.093873307,0.34539357
12.28125,-0.11263695,0.34443721,-0.10370249,0.32565314
12.283203,-0.1072857,0.35426825,-0.1016871,0.32427254
12.285156,-0.11565826,0.31024629,-0.079719067,0.34220952
12.287109,-0.10353882,0.29422358,-0.081499755,0.35881376
12.289063,-0.10579515,0.31999385,-0.088493988,0.32952932
12.291016,-0.11267131,0.35941756,-0.089104936,0.28386739
12.292969,-0.1024427,0.35024706,-0.093668416,0.29114777
12.294922,-0.098297842,0.306036,-0.087471396,0.33849037
12.296875,-0.097856663,0.3048262,-0.086134017,0.35630125
12.298828,-0.10202047,0.34898895,-0.081469953,0.33271918
12.300781,-0.10443424,0.35768285,-0.076176316,0.29740393
12.302734,-0.11307091,0.30899179,-0.080138162,0.28962472
12.304688,-0.11307057,0.27880821,-0.097837016,0.30366063
12.306641,-0.11184263,0.31949523,-0.092915908,0.29575288
12.308594,-0.11290149,0.37935704,-0.087480709,0.2842834
12.310547,-0.11334346,0.34940723,-0.10029384,0.29688361
12.3125,-0.1128028,0.26920173,-0.10166103,0.30097884
12.314453,-0.10734613,0.28082591,-0.098461002,0.27701446
12.316406,-0.11296107,0.35676271,-0.088056266,0.2754184
12.318359,-0.11121102,0.37063289,-0.084865555,0.30129847
12.320313,-0.11184131,0.31847975,-0.096006036,0.29334176
12.322266,-0.1145797,0.30222887,-0.10503614,0.26585811
12.324219,-0.10784114,0.34817985,-0.10485174,0.26499504
12.326172,-0.10523574,0.38933536,-0.087618545,0.29716343
12.328125,-0.10998659,0.38903406,-0.091202274,0.32137811
12.330078,-0.11157411,0.34864447,-0.092796698,0.30464545
12.332031,-0.10350233,0.32232901,-0.090507507,0.26827621
12.333984,-0.10914062,0.37370381,-0.097986028,0.26408723
12.335938,-0.1152762,0.4330124,-0.091522649,0.29955217
12.337891,-0.10490327,0.40469065,-0.10066637,0.32311788
12.339844,-0.10639155,0.36110684,-0.095965058,0.31536558
12.341797,-0.1057089,0.37756854,-0.10245638,0.3033641
12.34375,-0.10159508,0.4077647,-0.088339388,0.29817823
12.345703,-0.10069083,0.40929011,-0.084090695,0.30086634
12.347656,-0.10796124,0.3922362,-0.10316418,0.32624391
12.349609,-0.11037356,0.38086662,-0.10052481,0.32236251
12.351563,-0.10198294,0.39171955,-0.10251784,0.28872636
12.353516,-0.11796221,0.42420232,-0.089149639,0.2995846
12.355469,-0.11190339,0.41699842,-0.092191339,0.34563184
12.357422,-0.10475946,0.38293287,-0.084282547,0.36467418
12.359375,-0.10130308,0.39009321,-0.085880697,0.32608828
12.361328,-0.095240235,0.41159898,-0.093718708,0.28186342
12.363281,-0.11319453,0.41140246,-0.09117806,0.30096492
12.365234,-0.11280715,0.38103926,-0.093364805,0.35432288
12.367188,-0.10953105,0.37161765,-0.074688062,0.36881861
12.369141,-0.10502665,0.41902453,-0.084919572,0.32250011
12.371094,-0.1043785,0.44559702,-0.093383431,0.27846158
12.373047,-0.10245782,0.41225067,-0.089961752,0.29845852
12.375,-0.098282784,0.36728722,-0.094271913,0.34356236
12.376953,-0.10776375,0.36605623,-0.097568795,0.35363656
12.378906,-0.11126749,0.4022238,-0.089430898,0.31706941
12.380859,-0.11309759,0.42581654,-0.076915786,0.28700665
12.382813,-0.10452736,0.41560644,-0.082913503,0.30580351
12.384766,-0.10763662,0.38511774,-0.074745804,0.32280391
12.386719,-0.10634501,0.38784525,-0.08482644,0.30503228
12.388672,-0.099733241,0.40925762,-0.087808535,0.27673289
12.390625,-0.10169239,0.40902245,-0.090902388,0.2641784
12.392578,-0.098870389,0.38901544,-0.088883281,0.28724205
12.394531,-0.11397135,0.37444875,-0.0925024,0.32285434
12.396484,-0.11070939,0.39334574,-0.10320143,0.31222859
12.398438,-0.10802288,0.40882584,-0.087836474,0.25702977
12.400391,-0.11586728,0.40743619,-0.11220919,0.24144907
12.402344,-0.10891928,0.3966099,-0.11396194,0.28351319
12.404297,-0.10091089,0.38433114,-0.095732227,0.31205043
12.40625,-0.10455381,0.39745894,-0.097492427,0.29828861
12.408203,-0.1050503,0.40602431,-0.081861109,0.27240443
12.410156,-0.10074876,0.38859448,-0.081289276,0.25752071
12.412109,-0.10490073,0.3910079,-0.10206708,0.2725271
12.414063,-0.10606561,0.4049803,-0.087342873,0.29739678
12.416016,-0.10977872,0.40726784,-0.089503542,0.30082887
12.417969,-0.10639823,0.40654549,-0.095301956,0.29831344
12.419922,-0.10936815,0.39865905,-0.067952737,0.2943604
12.421875,-0.10854947,0.39135212,-0.081842482,0.29405957
12.423828,-0.10920183,0.3905924,-0.083235741,0.29197425
12.425781,-0.10888749,0.40319297,-0.081196144,0.26783958
12.427734,-0.094929963,0.41061422,-0.10759169,0.25280595
12.429688,-0.10661505,0.3969743,-0.093796939,0.27430663
12.431641,-0.10731979,0.39016655,-0.094787866,0.29384083
12.433594,-0.096618474,0.38873512,-0.10476047,0.3008261
12.435547,-0.10587336,0.40140483,-0.098181605,0.28140897
12.4375,-0.10630165,0.41353145,-0.10367082,0.25078833
12.439453,-0.10603715,0.389162,-0.08316496,0.27329278
12.441406,-0.10876148,0.3842628,-0.075854078,0.30415025
12.443359,-0.11008693,0.39729375,-0.1101789,0.29331177
12.445313,-0.10482839,0.39759514,-0.11686766,0.2510916
12.447266,-0.10344769,0.39765126,-0.085146815,0.23803513
12.449219,-0.11393797,0.38442111,-0.0859254,0.30548474
12.451172,-0.10177743,0.36787686,-0.090585738,0.3469902
12.453125,-0.10427929,0.381192,-0.085724235,0.29367211
12.455078,-0.11610879,0.41771391,-0.092033014,0.23755869
12.457031,-0.10821944,0.40914634,-0.081902087,0.25505409
12.458984,-0.11333191,0.37264395,-0.086337045,0.31159103
12.460938,-0.10940488,0.39815253,-0.090880036,0.32237539
12.462891,-0.10231087,0.42654297,-0.094413474,0.28031704
12.464844,-0.10448214,0.41251969,-0.090265363,0.246198
12.466797,-0.09920685,0.40132624,-0.085748449,0.25849742
12.46875,-0.097742908,0.3884266,-0.1042054,0.30064878
12.470703,-0.10608561,0.39694613,-0.093087271,0.3113369
12.472656,-0.10552048,0.42084584,-0.10205591,0.27487391
12.474609,-0.096080959,0.42914146,-0.09603025,0.24557047
12.476563,-0.10796884,0.41977343,-0.085033193,0.26208702
12.478516,-0.11798351,0.39489383,-0.093087271,0.31269902
12.480469,-0.098529197,0.38360736,-0.074926481,0.32191139
12.482422,-0.1014544,0.41757515,-0.078074351,0.26486456
12.484375,-0.11548803,0.43505597,-0.08043246,0.22053374
12.486328,-0.10166542,0.37690791,-0.10263333,0.25119787
12.488281,-0.094384551,0.35662019,-0.10636979,0.30809546
12.490234,-0.099691771,0.41298255,-0.078132093,0.30490527
12.492188,-0.10951689,0.42136052,-0.085731685,0.26701295
12.494141,-0.10618366,0.37141857,-0.093532443,0.24796471
12.496094,-0.10257597,0.36582342,-0.087799221,0.25262028
12.498047,-0.10898603,0.40063602,-0.093957126,0.27007785
12.5,-0.11084954,0.40223336,-0.082337946,0.27194068
12.501953,-0.11602575,0.38458222,-0.083576605,0.25164863
12.503906,-0.10321803,0.38049409,-0.097259596,0.24375647
12.505859,-0.10343122,0.37878498,-0.094905213,0.24325234
12.507813,-0.10842162,0.3890236,-0.10183612,0.23672825
12.509766,-0.099515684,0.40343431,-0.096570417,0.25098598
12.511719,-0.1109265,0.39035887,-0.11252025,0.26982957
12.513672,-0.10362895,0.36158928,-0.11076191,0.26015139
12.515625,-0.10638569,0.38074633,-0.08415775,0.24038801
12.517578,-0.11707176,0.44124833,-0.072860807,0.25481364
12.519531,-0.10629077,0.41915643,-0.073604003,0.27901161
12.521484,-0.11030241,0.35799089,-0.090498194,0.24783978
12.523438,-0.11090805,0.38750112,-0.082274616,0.20579606
12.525391,-0.1027757,0.43867716,-0.080730483,0.21999946
12.527344,-0.10891432,0.44175529,-0.081645042,0.26517496
12.529297,-0.10919605,0.4143607,-0.087158471,0.27673158
12.53125,-0.10120595,0.39156413,-0.1048387,0.22884685
12.533203,-0.10557241,0.42897639,-0.099314094,0.18742447
12.535156,-0.10771582,0.45902821,-0.099144593,0.210686
12.537109,-0.10626077,0.43934751,-0.093500778,0.26826593
12.539063,-0.095553204,0.43089759,-0.10069431,0.28372863
12.541016,-0.10764081,0.43455386,-0.10585198,0.21848032
12.542969,-0.11154668,0.43115792,-0.081479266,0.16824847
12.544922,-0.097344942,0.42020077,-0.078469232,0.20304124
12.546875,-0.10555351,0.43219435,-0.087311208,0.26119617
12.548828,-0.10152518,0.42395449,-0.10230736,0.25408512
12.550781,-0.10742529,0.40285084,-0.101702,0.19369626
12.552734,-0.11124578,0.41543591,-0.086603403,0.1886009
12.554688,-0.10079366,0.41650692,-0.077686921,0.25027627
12.556641,-0.10726626,0.41558585,-0.08922042,0.29196304
12.558594,-0.10332662,0.41794708,-0.08979784,0.24544677
12.560547,-0.096871778,0.41109058,-0.067269146,0.17466401
12.5625,-0.11421851,0.39528674,-0.084232256,0.18176092
12.564453,-0.11381552,0.38291714,-0.088575944,0.24268089
12.566406,-0.10473385,0.41025031,-0.089315414,0.25268412
12.568359,-0.10585942,0.44268909,-0.094530821,0.20575829
12.570313,-0.099027984,0.41695651,-0.088283509,0.1708958
12.572266,-0.10297555,0.38515359,-0.097680554,0.18341233
12.574219,-0.11157358,0.40039772,-0.094871685,0.23699033
12.576172,-0.10138161,0.4138785,-0.099247038,0.24746916
12.578125,-0.097022966,0.41175357,-0.10058255,0.19647218
12.580078,-0.098532192,0.41643813,-0.094597876,0.14901198
12.582031,-0.10217711,0.41306812,-0.095911041,0.1758164
12.583984,-0.10673341,0.38527071,-0.082866937,0.24071819
12.585938,-0.091726743,0.38061595,-0.094476804,0.24398683
12.587891,-0.10059544,0.41515684,-0.099541336,0.17803566
12.589844,-0.10657831,0.41973129,-0.094990894,0.13805576
12.591797,-0.10257201,0.36958736,-0.10333182,0.20508732
12.59375,-0.11692832,0.35650599,-0.093342453,0.2796326
12.595703,-0.10380955,0.39924672,-0.091701463,0.25409019
12.597656,-0.10208485,0.4207662,-0.094482392,0.18529885
12.599609,-0.10715781,0.41110852,-0.10544406,0.17602392
12.601563,-0.095517538,0.35769576,-0.10077441,0.226045
12.603516,-0.11613844,0.33181208,-0.085230634,0.26871884
12.605469,-0.10813732,0.37818557,-0.10440098,0.25946257
12.607422,-0.090907916,0.42308486,-0.10504359,0.21259739
12.609375,-0.11760835,0.4261319,-0.080628037,0.19417711
12.611328,-0.11100444,0.36068881,-0.092351526,0.24160337
12.613281,-0.098370321,0.32662243,-0.095475182,0.29317576
12.615234,-0.1066203,0.41085565,-0.084539592,0.26256546
12.617188,-0.10766286,0.45525622,-0.095428616,0.20945519
12.619141,-0.10979226,0.38594452,-0.089486778,0.22253877
12.621094,-0.10782509,0.34269029,-0.09249495,0.26897827
12.623047,-0.10054783,0.39720955,-0.10071667,0.29101548
12.625,-0.10504629,0.44429213,-0.09246701,0.26259783
12.626953,-0.10671569,0.42925707,-0.097380668,0.22264479
12.628906,-0.10163618,0.39423108,-0.10274881,0.23081228
12.630859,-0.10063862,0.37812853,-0.093362942,0.27896681
12.632813,-0.09503293,0.40508217,-0.090803668,0.30157912
12.634766,-0.1059672,0.43866494,-0.10559493,0.27016044
12.636719,-0.10232921,0.43220273,-0.10848762,0.22988474
12.638672,-0.09678866,0.37635469,-0.095581353,0.24002172
12.640625,-0.1056765,0.37860313,-0.086607128,0.30221751
12.642578,-0.1064126,0.42406753,-0.091943607,0.33350122
12.644531,-0.10760687,0.41919553,-0.097261459,0.28492323
12.646484,-0.10537864,0.38630202,-0.087180823,0.22587392
12.648438,-0.11210189,0.37268808,-0.098788828,0.24854897
12.650391,-0.10980496,0.40261006,-0.10764384,0.32676819
12.652344,-0.10538831,0.42434028,-0.087864414,0.34440067
12.654297,-0.10315289,0.41487211,-0.089620888,0.29468584
12.65625,-0.098676451,0.39353749,-0.094754338,0.27298212
12.658203,-0.10360044,0.39125782,-0.09394595,0.28669497
12.660156,-0.10107294,0.40737087,-0.1000815,0.31104752
12.662109,-0.10502458,0.41876608,-0.090827882,0.32404837
12.664063,-0.10489751,0.41378385,-0.093789488,0.31271422
12.666016,-0.09783414,0.40349531,-0.0915301,0.29800028
12.667969,-0.10590189,0.41336557,-0.081747487,0.29723865
12.669922,-0.10529055,0.4168025,-0.084263921,0.32121512
12.671875,-0.098572165,0.40374884,-0.082470194,0.32586759
12.673828,-0.10655113,0.40108749,-0.09239623,0.30482739
12.675781,-0.10902332,0.40853307,-0.096751094,0.2899375
12.677734,-0.10006382,0.41304311,-0.092316136,0.2999478
12.679688,-0.10820019,0.41633591,-0.08842507,0.33692154
12.681641,-0.10993537,0.40759578,-0.09445259,0.3400175
12.683594,-0.095465988,0.39852646,-0.094221622,0.2934112
12.685547,-0.094910391,0.41799691,-0.095564589,0.26607239
12.6875,-0.10431807,0.42354864,-0.095916629,0.30146533
12.689453,-0.098533563,0.38906771,-0.084565669,0.34213495
12.691406,-0.099637464,0.3771328,-0.094793454,0.32257766
12.693359,-0.10847076,0.41582322,-0.084956825,0.2857306
12.695313,-0.10029022,0.42310268,-0.080633625,0.28292641
12.697266,-0.1047263,0.39704171,-0.078670397,0.3116101
12.699219,-0.10499781,0.39634019,-0.090459079,0.3238464
12.701172,-0.096375376,0.39296296,-0.10544965,0.29669261
12.703125,-0.10409991,0.38846084,-0.08431235,0.27477393
12.705078,-0.10600529,0.39381373,-0.10093646,0.29405239
12.707031,-0.09871304,0.38811556,-0.1008545,0.32749072
12.708984,-0.10858919,0.38291842,-0.10584266,0.31291077
12.710938,-0.10869081,0.38799891,-0.10918984,0.28758332
12.712891,-0.10882864,0.39318427,-0.091004834,0.29221976
12.714844,-0.11301822,0.40206805,-0.089887246,0.31904882
12.716797,-0.09019357,0.39577696,-0.089470014,0.33248061
12.71875,-0.095363647,0.39628708,-0.094052121,0.30840644
12.720703,-0.10638263,0.40173206,-0.090488881,0.29111302
12.722656,-0.10252912,0.37036759,-0.10191993,0.29315895
12.724609,-0.10547084,0.36763227,-0.082019433,0.3232933
12.726563,-0.098231882,0.40901408,-0.071372554,0.35793886
12.728516,-0.10000647,0.43262172,-0.087979898,0.34691191
12.730469,-0.09920153,0.39714414,-0.080316976,0.29364318
12.732422,-0.10125552,0.344096,-0.088469774,0.26405013
12.734375,-0.10738666,0.35878867,-0.097259596,0.31422362
12.736328,-0.10561188,0.39808363,-0.085118875,0.36478201
12.738281,-0.10390855,0.41026193,-0.086174995,0.33433864
12.740234,-0.1027047,0.39306843,-0.1016573,0.28082633
12.742188,-0.099101767,0.35353962,-0.10700309,0.27365118
12.744141,-0.10171729,0.35162774,-0.096957847,0.30820209
12.746094,-0.11132541,0.38938007,-0.087309346,0.34129217
12.748047,-0.1021893,0.39536089,-0.085320041,0.32495275
12.75,-0.10342827,0.36529163,-0.084591746,0.27936694
12.751953,-0.10119315,0.36093396,-0.087510511,0.27696955
12.753906,-0.10210519,0.38613859,-0.080447361,0.30552438
12.755859,-0.11163057,0.39008099,-0.090112627,0.3201367
12.757813,-0.098916888,0.36326355,-0.094581112,0.31203824
12.759766,-0.10415401,0.35824105,-0.088020876,0.28660661
12.761719,-0.10130019,0.38878715,-0.10313438,0.28205618
12.763672,-0.097342968,0.39187902,-0.093538031,0.30590841
12.765625,-0.10919888,0.36691549,-0.081389859,0.32046148
12.767578,-0.10824307,0.35224065,-0.090820432,0.31227759
12.769531,-0.10907984,0.36912671,-0.084534004,0.28181827
12.771484,-0.10586132,0.40543559,-0.099038422,0.2621825
12.773438,-0.098057084,0.39824542,-0.099500358,0.29347509
12.775391,-0.10380533,0.37027735,-0.086266264,0.32857695
12.777344,-0.11432579,0.35797644,-0.093087271,0.31704667
12.779297,-0.10099791,0.37245548,-0.083107218,0.27585933
12.78125,-0.099374339,0.41367942,-0.091014147,0.26379523
12.783203,-0.10292551,0.41530749,-0.09763585,0.2974996
12.785156,-0.096845694,0.37174162,-0.083999425,0.31935674
12.787109,-0.099699043,0.35772696,-0.073319018,0.30335578
12.789063,-0.10213226,0.38893476,-0.076584235,0.28318262
12.791016,-0.10560936,0.40417039,-0.08694613,0.27599794
12.792969,-0.097488485,0.39334983,-0.097242832,0.26695809
12.794922,-0.098075941,0.38725245,-0.10111155,0.26966903
12.796875,-0.096027397,0.38462424,-0.09403722,0.29277027
12.798828,-0.10337643,0.37047154,-0.096162498,0.3105332
12.800781,-0.10370196,0.36283678,-0.087614819,0.28835732
12.802734,-0.10790228,0.37068155,-0.069684997,0.25764611
12.804688,-0.11130624,0.37077537,-0.079134196,0.25853485
12.806641,-0.094697461,0.3728435,-0.082906052,0.26809224
12.808594,-0.10603777,0.38147885,-0.093266085,0.26177019
12.810547,-0.10032298,0.36479837,-0.10173553,0.24618126
12.8125,-0.10224416,0.32817259,-0.089278162,0.25743666
12.814453,-0.10096372,0.34205642,-0.1103037,0.28420228
12.816406,-0.10040342,0.38905433,-0.10423148,0.28357747
12.818359,-0.10826991,0.38327187,-0.094698459,0.25413588
12.820313,-0.10601969,0.34249377,-0.10215463,0.24899988
12.822266,-0.11552575,0.33607197,-0.088192239,0.27279598
12.824219,-0.1088051,0.37668332,-0.089635789,0.28135362
12.826172,-0.10955133,0.39610758,-0.089721471,0.27159131
12.828125,-0.10385237,0.37981874,-0.093200892,0.25948185
12.830078,-0.093668118,0.37144929,-0.092258394,0.2614004
12.832031,-0.10443238,0.37353814,-0.092208102,0.28049141
12.833984,-0.10768134,0.3790907,-0.088676527,0.30013707
12.835938,-0.10374329,0.38216919,-0.098775789,0.29950342
12.837891,-0.10436661,0.40290403,-0.093696356,0.27976507
12.839844,-0.10294629,0.41331783,-0.079408005,0.26749474
12.841797,-0.10836891,0.4001784,-0.094376221,0.2913948
12.84375,-0.11437276,0.39957267,-0.099483594,0.30980065
12.845703,-0.10788406,0.39924452,-0.11532725,0.28986639
12.847656,-0.10789089,0.41591704,-0.099520847,0.27001953
12.849609,-0.10778769,0.44495219,-0.096646786,0.28939062
12.851563,-0.10222498,0.44936502,-0.10204473,0.33706045
12.853516,-0.10481726,0.44373053,-0.10172994,0.33169547
12.855469,-0.099904552,0.44315544,-0.10973001,0.28534511
12.857422,-0.090948924,0.44260398,-0.11273445,0.27808368
12.859375,-0.09848921,0.44552717,-0.11439407,0.33205074
12.861328,-0.099388771,0.43190563,-0.090609953,0.38770133
12.863281,-0.1040735,0.42820388,-0.10045217,0.39167917
12.865234,-0.10694601,0.44727421,-0.089158952,0.37706071
12.867188,-0.091219828,0.43490601,-0.07356675,0.37870905
12.869141,-0.10113999,0.42192501,-0.095044911,0.40444857
12.871094,-0.10796359,0.40552792,-0.082019433,0.39088219
12.873047,-0.099069498,0.37577856,-0.079320461,0.36004481
12.875,-0.10198618,0.38317919,-0.10566944,0.40386054
12.876953,-0.10451132,0.41198397,-0.10262774,0.45449233
12.878906,-0.10837968,0.41234297,-0.089321002,0.4503668
12.880859,-0.10292478,0.38850647,-0.087659523,0.43865582
12.882813,-0.097700164,0.38137603,-0.086707711,0.42901275
12.884766,-0.10024653,0.39200941,-0.077023819,0.40451458
12.886719,-0.10077342,0.40284523,-0.069563925,0.40457413
12.888672,-0.10623449,0.39273423,-0.083826199,0.43392223
12.890625,-0.10500432,0.3678664,-0.083015949,0.42676967
12.892578,-0.10560139,0.37636098,-0.08508721,0.38849697
12.894531,-0.10618348,0.4152714,-0.10397443,0.38417622
12.896484,-0.10029852,0.42198065,-0.10486291,0.42156518
12.898438,-0.10413839,0.38586688,-0.095069125,0.44162804
12.900391,-0.10448712,0.36458546,-0.097876132,0.42426029
12.902344,-0.10090248,0.38975841,-0.096868441,0.38942772
12.904297,-0.096710049,0.42531607,-0.090507507,0.37291023
12.90625,-0.10365593,0.41589656,-0.075591445,0.41243035
12.908203,-0.11280835,0.37590149,-0.077703685,0.43317887
12.910156,-0.092718288,0.37316865,-0.085156128,0.39556935
12.912109,-0.099967346,0.42002091,-0.08393237,0.36346066
12.914063,-0.10717858,0.43526772,-0.10023797,0.38396603
12.916016,-0.094636671,0.38280365,-0.085334942,0.42428672
12.917969,-0.10330874,0.35654441,-0.086385474,0.42334378
12.919922,-0.10132845,0.38962907,-0.088104695,0.40624008
12.921875,-0.1061236,0.41804814,-0.087868139,0.38557938
12.923828,-0.10309607,0.41057637,-0.096467972,0.37396574
12.925781,-0.10138571,0.3870244,-0.085916087,0.39159021
12.927734,-0.11077722,0.37875134,-0.08995989,0.41002235
12.929688,-0.10092629,0.39204609,-0.072084084,0.4066745
12.931641,-0.095926732,0.4176251,-0.075677127,0.37342808
12.933594,-0.10172772,0.42432562,-0.094093099,0.35504106
12.935547,-0.092269242,0.38826957,-0.086938679,0.36716884
12.9375,-0.093099281,0.36652926,-0.092049778,0.38599023
12.939453,-0.097364172,0.40458727,-0.082231775,0.40239128
12.941406,-0.09305045,0.41704836,-0.085971966,0.39032227
12.943359,-0.096580155,0.38580716,-0.083697677,0.36681306
12.945313,-0.097101092,0.37154222,-0.07941173,0.35757613
12.947266,-0.10247297,0.37177515,-0.095449105,0.36390832
12.949219,-0.10319222,0.37292334,-0.087866277,0.36289284
12.951172,-0.099036068,0.37200937,-0.074937657,0.35673109
12.953125,-0.097936608,0.37582141,-0.077709273,0.36897185
12.955078,-0.097672462,0.36282828,-0.10049687,0.36530674
12.957031,-0.10216127,0.33324307,-0.083723754,0.33007365
12.958984,-0.11164661,0.3334049,-0.076017991,0.31920552
12.960938,-0.097397916,0.36179101,-0.076707169,0.37060434
12.962891,-0.10395977,0.37529823,-0.080106497,0.38177133
12.964844,-0.1035533,0.36324728,-0.092297509,0.32202446
12.966797,-0.095491745,0.33980122,-0.066650748,0.28525165
12.96875,-0.10903741,0.34196234,-0.07986249,0.3075085
12.970703,-0.10306023,0.35246941,-0.092154086,0.34820589
12.972656,-0.11353197,0.35847715,-0.080600098,0.31514925
12.974609,-0.10144404,0.37759209,-0.089572459,0.26815909
12.976563,-0.099393278,0.37612408,-0.10330574,0.28334495
12.978516,-0.10701907,0.36899725,-0.094525233,0.30517045
12.980469,-0.10317576,0.36796638,-0.094843745,0.31306788
12.982422,-0.10761234,0.38189292,-0.097291261,0.30585095
12.984375,-0.097295791,0.39515927,-0.093750373,0.28482121
12.986328,-0.10411579,0.39360896,-0.096803248,0.2652567
12.988281,-0.1060078,0.40403616,-0.090997383,0.27240601
12.990234,-0.10188802,0.41033307,-0.10145986,0.3076092
12.992188,-0.095313452,0.41243017,-0.098913625,0.31766662
12.994141,-0.091062009,0.42642179,-0.089121699,0.2875022
12.996094,-0.099591278,0.44135857,-0.090012044,0.27610323
12.998047,-0.096088551,0.42473435,-0.081853658,0.30852732
13.0,-0.10116298,0.39188486,-0.087970585,0.34175617
13.001953,-0.1052425,0.40845728,-0.099533886,0.32928655
13.003906,-0.09625949,0.44699189,-0.089265123,0.27560052
13.005859,-0.098978929,0.44293076,-0.095948294,0.28247195
13.007813,-0.10569443,0.40999919,-0.089795977,0.34755817
13.009766,-0.10210515,0.3811729,-0.083705127,0.35530758
13.011719,-0.096042216,0.39743343,-0.098716184,0.31230977
13.013672,-0.10013234,0.44015005,-0.094921976,0.2774958
13.015625,-0.099238016,0.43038234,-0.094975993,0.30357495
13.017578,-0.098365091,0.38383555,-0.093275398,0.35611019
13.019531,-0.09903755,0.37302393,-0.084135398,0.36126664
13.021484,-0.1048865,0.40510985,-0.076411009,0.33263323
13.023438,-0.10773902,0.42285925,-0.086366847,0.30565184
13.025391,-0.095626213,0.4045952,-0.077254787,0.3066608
13.027344,-0.10710325,0.39283317,-0.074006334,0.32307142
13.029297,-0.10242893,0.39506626,-0.092049778,0.34405583
13.03125,-0.095812306,0.405642,-0.071754396,0.33294705
13.033203,-0.1050683,0.41891217,-0.074114367,0.29395309
13.035156,-0.10022319,0.40503082,-0.083487198,0.30150697
13.037109,-0.10375854,0.38585523,-0.077908576,0.32216239
13.039063,-0.10123369,0.40999651,-0.081842482,0.31532216
13.041016,-0.1020542,0.43782908,-0.089682356,0.29353422
13.042969,-0.094230719,0.41842008,-0.09740302,0.27165881
13.044922,-0.095781662,0.39911389,-0.092409268,0.28043285
13.046875,-0.10878957,0.4094972,-0.095963195,0.31122005
13.048828,-0.090069368,0.41697422,-0.092936397,0.31334147
13.050781,-0.090607196,0.41987294,-0.11021243,0.27513507
13.052734,-0.10194619,0.42676812,-0.10592462,0.25304282
13.054688,-0.093086667,0.40457144,-0.098366007,0.28853336
13.056641,-0.096117899,0.38924664,-0.10310644,0.3323274
13.058594,-0.10137241,0.41024679,-0.069740877,0.32464859
13.060547,-0.097176768,0.41654265,-0.08165063,0.2925202
13.0625,-0.097655296,0.40704492,-0.091550589,0.27710086
13.064453,-0.099366337,0.39258498,-0.086117253,0.28027433
13.066406,-0.099095501,0.38424927,-0.085193381,0.30844507
13.068359,-0.098846786,0.38351041,-0.092906594,0.3460328
13.070313,-0.1038274,0.39251652,-0.087681875,0.33103162
13.072266,-0.10065286,0.40072775,-0.073400974,0.28886268
13.074219,-0.10184268,0.37926868,-0.099505946,0.29134244
13.076172,-0.10616889,0.37972155,-0.079342812,0.32034054
13.078125,-0.10170995,0.39726299,-0.08727023,0.33007696
13.080078,-0.10457979,0.39163455,-0.10904269,0.31038278
13.082031,-0.10070049,0.38850415,-0.072182804,0.28975362
13.083984,-0.099882327,0.39017949,-0.075418219,0.29811466
13.085938,-0.098246016,0.3974885,-0.082427353,0.32801628
13.087891,-0.098817907,0.39740038,-0.093400195,0.3132351
13.089844,-0.09764114,0.38840833,-0.10395953,0.26565751
13.091797,-0.096549466,0.39543483,-0.085588261,0.27409819
13.09375,-0.0985732,0.4058378,-0.085420623,0.33068386
13.095703,-0.09948536,0.39787138,-0.090079099,0.3520866
13.097656,-0.10745341,0.38992545,-0.10297978,0.30028656
13.099609,-0.10137862,0.39253572,-0.10130712,0.25900501
13.101563,-0.097817816,0.39916068,-0.086351946,0.2866134
13.103516,-0.099543236,0.40413779,-0.085534245,0.3395721
13.105469,-0.10460523,0.39239439,-0.087238565,0.35094529
13.107422,-0.10960545,0.38132131,-0.090440452,0.30014908
13.109375,-0.10197659,0.38584685,-0.08034119,0.2597591
13.111328,-0.10296284,0.41284287,-0.079869941,0.29049665
13.113281,-0.098696999,0.4322046,-0.089166403,0.34936613
13.115234,-0.096561819,0.40740627,-0.094784141,0.35190496
13.117188,-0.10021927,0.38333508,-0.099120378,0.30380592
13.119141,-0.086620748,0.39020324,-0.097151563,0.28222311
13.121094,-0.093111746,0.41949192,-0.10171318,0.31413898
13.123047,-0.10522484,0.429719,-0.09776251,0.36021262
13.125,-0.096629895,0.38852197,-0.082513034,0.35477158
13.126953,-0.094385706,0.37293279,-0.085916087,0.30454746
13.128906,-0.099615969,0.41248548,-0.09371312,0.28505796
13.130859,-0.10076502,0.42502597,-0.090613678,0.31326884
13.132813,-0.097241387,0.38717189,-0.095436066,0.35922325
13.134766,-0.098292224,0.36025119,-0.091172472,0.36936799
13.136719,-0.10191741,0.37349063,-0.091625094,0.33178949
13.138672,-0.1028117,0.39246601,-0.085778251,0.31821153
13.140625,-0.1005317,0.40471765,-0.073311567,0.34878653
13.142578,-0.098314397,0.39508161,-0.079914644,0.37733373
13.144531,-0.098316364,0.36713484,-0.096939221,0.34891891
13.146484,-0.097768605,0.3731755,-0.10225707,0.29963067
13.148438,-0.098466739,0.40686715,-0.091947332,0.31694946
13.150391,-0.10003551,0.40430614,-0.095450968,0.38496727
13.152344,-0.10654532,0.36765066,-0.091176197,0.40301344
13.154297,-0.10067742,0.37154198,-0.093338728,0.33855441
13.15625,-0.097403504,0.41553497,-0.084694192,0.30362746
13.158203,-0.1017253,0.4193711,-0.071614698,0.33773556
13.160156,-0.096263677,0.37857205,-0.070376039,0.38116625
13.162109,-0.097937599,0.36540303,-0.088654175,0.37168866
13.164063,-0.10483394,0.39957768,-0.097036079,0.31577462
13.166016,-0.10865474,0.4185046,-0.09038271,0.29968604
13.167969,-0.10046277,0.39963123,-0.09419927,0.35324243
13.169922,-0.099755615,0.40501788,-0.074652672,0.40314731
13.171875,-0.10161847,0.42429662,-0.098548546,0.37202743
13.173828,-0.1039108,0.41956678,-0.11078985,0.31046703
13.175781,-0.10453927,0.41703907,-0.078366786,0.29126143
13.177734,-0.09580569,0.42737451,-0.083792672,0.34632131
13.179688,-0.10049167,0.44241643,-0.094266325,0.40837428
13.181641,-0.094366513,0.44816247,-0.084096283,0.36939448
13.183594,-0.090825684,0.44916341,-0.09377645,0.29361144
13.185547,-0.10193756,0.44269535,-0.082619205,0.29460371
13.1875,-0.09184359,0.4179081,-0.087110043,0.36697775
13.189453,-0.094701417,0.43743876,-0.10375091,0.40851244
13.191406,-0.10858525,0.46594793,-0.076027304,0.35794166
13.193359,-0.099226587,0.43216547,-0.095894277,0.29578367
13.195313,-0.095813602,0.42586461,-0.10226825,0.31934839
13.197266,-0.10047055,0.44874057,-0.08910121,0.38737965
13.199219,-0.096521407,0.43585247,-0.10309154,0.4073275
13.201172,-0.096302345,0.41434801,-0.10493183,0.36711505
13.203125,-0.10052735,0.41085508,-0.086817607,0.32835779
13.205078,-0.096904866,0.42554343,-0.078873426,0.35401222
13.207031,-0.09876097,0.43385652,-0.083313972,0.41118726
13.208984,-0.09924826,0.42185014,-0.083299071,0.40511429
13.210938,-0.097419985,0.41517198,-0.089849994,0.34084955
13.212891,-0.099218935,0.41400436,-0.084213629,0.32740438
13.214844,-0.096935719,0.41809204,-0.099740639,0.39066699
13.216797,-0.0991138,0.42843017,-0.095935255,0.44507888
13.21875,-0.10134624,0.41736421,-0.085986868,0.41904727
13.220703,-0.094771422,0.40206096,-0.088428795,0.36094832
13.222656,-0.0933595,0.4127771,-0.083278582,0.35314554
13.224609,-0.10082626,0.42653644,-0.0934598,0.39540896
13.226563,-0.09964671,0.40875947,-0.09752968,0.4263165
13.228516,-0.10123589,0.39178485,-0.097319201,0.39956146
13.230469,-0.097131073,0.40182334,-0.074263379,0.37004685
13.232422,-0.095293425,0.42134839,-0.085632965,0.38773036
13.234375,-0.099898554,0.42286214,-0.10554464,0.42487377
13.236328,-0.091299817,0.39653087,-0.082449704,0.41577351
13.238281,-0.096769609,0.38785094,-0.081751212,0.38715798
13.240234,-0.098549932,0.4015522,-0.096957847,0.40120006
13.242188,-0.094355248,0.41485196,-0.093714982,0.41564056
13.244141,-0.095304459,0.41185719,-0.087355912,0.41775137
13.246094,-0.086763538,0.38950345,-0.090004593,0.42136517
13.248047,-0.089286476,0.38464195,-0.07498236,0.41331032
13.25,-0.092002839,0.39187858,-0.077269688,0.40143499
13.251953,-0.091214105,0.37814587,-0.083427593,0.41090924
13.253906,-0.095495827,0.35179061,-0.074358374,0.42404827
13.255859,-0.098722614,0.35294172,-0.081544459,0.41409487
13.257813,-0.097565323,0.37521335,-0.092982963,0.39898914
13.259766,-0.1013926,0.37762129,-0.10666409,0.39800024
13.261719,-0.10511108,0.34889418,-0.093886346,0.41652882
13.263672,-0.091969371,0.31549743,-0.093683317,0.43694854
13.265625,-0.092694253,0.33538327,-0.086273715,0.42649335
13.267578,-0.10117271,0.36317381,-0.071728319,0.39370748
13.269531,-0.097993292,0.3353914,-0.096618846,0.39123237
13.271484,-0.099251539,0.30769527,-0.10382542,0.40580356
13.273438,-0.10118041,0.3308965,-0.087151021,0.40669394
13.275391,-0.10171371,0.36810994,-0.081654355,0.41609913
13.277344,-0.10273158,0.35943058,-0.10356092,0.43699631
13.279297,-0.10722475,0.32661438,-0.093389019,0.42826316
13.28125,-0.10769576,0.32178617,-0.10235579,0.39266211
13.283203,-0.095336914,0.35646445,-0.098066121,0.40662256
13.285156,-0.10165142,0.39818525,-0.073870361,0.45193341
13.287109,-0.10042533,0.38469258,-0.10306919,0.47296345
13.289063,-0.096254133,0.32738435,-0.0912209,0.45383105
13.291016,-0.10986844,0.33330047,-0.089628339,0.42537948
13.292969,-0.10675433,0.40647087,-0.074164659,0.44738355
13.294922,-0.10603861,0.43528181,-0.059790626,0.47643799
13.296875,-0.097159609,0.41431609,-0.094528958,0.44308472
13.298828,-0.091789097,0.39769748,-0.087914705,0.39804307
13.300781,-0.099164501,0.40694562,-0.072583273,0.44120452
13.302734,-0.10147098,0.41648817,-0.080290899,0.47039846
13.304688,-0.096556924,0.41346616,-0.093005314,0.42618784
13.306641,-0.10415293,0.43186292,-0.076448262,0.41943529
13.308594,-0.10954905,0.44667736,-0.077251062,0.42320994
13.310547,-0.099147819,0.44649178,-0.081814542,0.40407127
13.3125,-0.10783118,0.45477891,-0.078536287,0.38819271
13.314453,-0.103307,0.46291751,-0.096333861,0.39450133
13.316406,-0.10588851,0.46226305,-0.089565009,0.40844315
13.318359,-0.10706029,0.4723821,-0.087734029,0.40211952
13.320313,-0.089996666,0.45601851,-0.083008498,0.39942789
13.322266,-0.09835238,0.43609565,-0.078586578,0.40165415
13.324219,-0.1030677,0.42591479,-0.074019372,0.39434722
13.326172,-0.088582225,0.39959097,-0.080218256,0.38194776
13.328125,-0.093129218,0.42292386,-0.091656759,0.37527797
13.330078,-0.09794715,0.41815466,-0.079963073,0.37886104
13.332031,-0.094512671,0.3809225,-0.080324426,0.39526209
13.333984,-0.1009879,0.37362009,-0.090859547,0.40195757
13.335938,-0.093460716,0.3718783,-0.089155227,0.37645671
13.337891,-0.093788929,0.37999266,-0.076336503,0.35880494
13.339844,-0.097073957,0.38410306,-0.086012945,0.38151672
13.341797,-0.092418827,0.37415725,-0.094843745,0.39530265
13.34375,-0.089134336,0.35391679,-0.095162258,0.36440063
13.345703,-0.093013979,0.3477717,-0.099863574,0.35411632
13.347656,-0.10315946,0.36216402,-0.089540794,0.3904658
13.349609,-0.096403964,0.36522004,-0.084336564,0.4084805
13.351563,-0.091706112,0.34485015,-0.083412692,0.38915744
13.353516,-0.095219113,0.34978268,-0.096095443,0.36703551
13.355469,-0.090548694,0.35634312,-0.10234834,0.35859737
13.357422,-0.094930544,0.33484542,-0.076589823,0.37881824
13.359375,-0.097738206,0.31930748,-0.087326109,0.41437444
13.361328,-0.092468925,0.30816546,-0.074719727,0.4131687
13.363281,-0.089860395,0.32473254,-0.057918668,0.37638786
13.365234,-0.093941845,0.349778,-0.092904732,0.35717392
13.367188,-0.10111479,0.32116267,-0.088870242,0.37024081
13.369141,-0.09685906,0.27206206,-0.082594991,0.39000118
13.371094,-0.10028163,0.28009644,-0.065503359,0.41649541
13.373047,-0.090947479,0.34086025,-0.063733846,0.41160101
13.375,-0.099742144,0.35060874,-0.079247817,0.35783491
13.376953,-0.097038202,0.28279671,-0.069278941,0.32403553
13.378906,-0.082407467,0.24170408,-0.091297269,0.34856632
13.380859,-0.10495699,0.29564092,-0.084271371,0.38774362
13.382813,-0.097282782,0.3438682,-0.0761372,0.37642053
13.384766,-0.098878674,0.30394959,-0.080303937,0.34713778
13.386719,-0.098626159,0.27003643,-0.078929305,0.33893299
13.388672,-0.091167852,0.28187191,-0.091084927,0.33113149
13.390625,-0.094547562,0.31110042,-0.070061252,0.31622529
13.392578,-0.092710234,0.3219133,-0.066628397,0.32294592
13.394531,-0.10005596,0.28292978,-0.065277979,0.34338057
13.396484,-0.097985759,0.2526406,-0.07739076,0.31960484
13.398438,-0.099521823,0.28629312,-0.094411612,0.26708737
13.400391,-0.090904072,0.33278242,-0.07559517,0.2469389
13.402344,-0.09698768,0.31641722,-0.080344915,0.29771394
13.404297,-0.10045994,0.25235957,-0.080311388,0.35581854
13.40625,-0.09810625,0.24649318,-0.084096283,0.31407255
13.408203,-0.10659029,0.30951741,-0.091416478,0.23025587
13.410156,-0.093171008,0.32705757,-0.069237962,0.22076325
13.412109,-0.096550539,0.29194462,-0.079845726,0.27733228
13.414063,-0.093539283,0.27868456,-0.095784381,0.30718294
13.416016,-0.087992392,0.28658068,-0.083965898,0.25840518
13.417969,-0.090899885,0.29727331,-0.08569257,0.21871406
13.419922,-0.095807284,0.30296823,-0.099081263,0.24114232
13.421875,-0.098243698,0.28710988,-0.10113576,0.26899818
13.423828,-0.10161564,0.27006167,-0.085737273,0.27788427
13.425781,-0.099245228,0.27272573,-0.088942885,0.27245262
13.427734,-0.08688084,0.29919845,-0.07773535,0.25678274
13.429688,-0.09898334,0.31320009,-0.069301292,0.23609026
13.431641,-0.10047609,0.26429516,-0.091273054,0.25489458
13.433594,-0.094245642,0.22655006,-0.092714742,0.29023224
13.435547,-0.091081053,0.27271014,-0.084567532,0.27227697
13.4375,-0.10903125,0.31933913,-0.094055846,0.24888855
13.439453,-0.10939676,0.28598148,-0.10696584,0.26800925
13.441406,-0.089433037,0.24012828,-0.099042147,0.29963824
13.443359,-0.09444236,0.27707595,-0.096566692,0.30492234
13.445313,-0.091690786,0.31660312,-0.094338968,0.28419679
13.447266,-0.092749737,0.28583667,-0.081885323,0.2725786
13.449219,-0.095519461,0.25468904,-0.079132333,0.29615736
13.451172,-0.098307669,0.25174069,-0.086733788,0.32419062
13.453125,-0.10086285,0.28288007,-0.087395027,0.30207658
13.455078,-0.10086082,0.32906947,-0.085938439,0.26965696
13.457031,-0.09600696,0.31995696,-0.092217416,0.30024305
13.458984,-0.090722129,0.25396565,-0.090462804,0.3518143
13.460938,-0.10222834,0.23843525,-0.090626717,0.34200412
13.462891,-0.094585925,0.30512458,-0.085863933,0.30390429
13.464844,-0.093131341,0.33388883,-0.090917289,0.30937919
13.466797,-0.096849449,0.28160787,-0.089876071,0.33813676
13.46875,-0.087098859,0.24378569,-0.075613797,0.34332624
13.470703,-0.089751698,0.28699046,-0.098759025,0.33499867
13.472656,-0.086025521,0.32200703,-0.090297028,0.33065578
13.474609,-0.092344113,0.27601492,-0.081492305,0.32768765
13.476563,-0.08742667,0.23392102,-0.078899503,0.34582615
13.478516,-0.088940054,0.25060123,-0.080223843,0.36831799
13.480469,-0.095823415,0.27318093,-0.10942267,0.35324422
13.482422,-0.086464308,0.25532198,-0.084401757,0.32300037
13.484375,-0.094379082,0.22870141,-0.082250401,0.33571228
13.486328,-0.10279011,0.21620819,-0.080970764,0.38854447
13.488281,-0.098109335,0.20370938,-0.095011383,0.3980861
13.490234,-0.10103,0.21842858,-0.11238986,0.34876511
13.492188,-0.10615394,0.24079849,-0.086957306,0.31479988
13.494141,-0.091829807,0.20524362,-0.082896739,0.35676983
13.496094,-0.095777035,0.1807645,-0.077027544,0.43126205
13.498047,-0.10217616,0.21309094,-0.079622209,0.42609474
13.5,-0.097036682,0.2234377,-0.071603522,0.35032374
13.501953,-0.094499029,0.20875609,-0.091062576,0.31153962
13.503906,-0.093907788,0.21253319,-0.098738536,0.3636221
13.505859,-0.10325108,0.22381233,-0.066084504,0.43570527
13.507813,-0.10740028,0.21960135,-0.071603522,0.43988043
13.509766,-0.10278194,0.2231597,-0.080801263,0.37990683
13.511719,-0.094831876,0.25472978,-0.081790328,0.31084549
13.513672,-0.093909927,0.27415496,-0.087210625,0.32862437
13.515625,-0.093305372,0.25626868,-0.095205098,0.41521561
13.517578,-0.095574319,0.23312822,-0.096223965,0.43884715
13.519531,-0.098180279,0.23903491,-0.077018231,0.37520641
13.521484,-0.09203016,0.27119684,-0.070638672,0.32348683
13.523438,-0.094479352,0.30095366,-0.080100909,0.36227325
13.525391,-0.095564924,0.29424441,-0.092560142,0.40523478
13.527344,-0.092927352,0.25235119,-0.089937538,0.38145646
13.529297,-0.092605807,0.24014667,-0.079506725,0.3499316
13.53125,-0.098138079,0.28201276,-0.099785343,0.35969758
13.533203,-0.10320836,0.30884847,-0.09606564,0.3944256
13.535156,-0.09884984,0.28471848,-0.085709333,0.3989242
13.537109,-0.098220564,0.25779176,-0.089538932,0.38707897
13.539063,-0.10484067,0.27112818,-0.083548665,0.37816945
13.541016,-0.10207399,0.30718943,-0.081093699,0.37206021
13.542969,-0.095303692,0.31333709,-0.073512733,0.38532686
13.544922,-0.092432648,0.29588294,-0.0867282,0.40240967
13.546875,-0.086001016,0.28827208,-0.0933052,0.39568353
13.548828,-0.090240203,0.29918775,-0.08634077,0.37014198
13.550781,-0.090295151,0.3050907,-0.079842001,0.38366738
13.552734,-0.091492258,0.29699659,-0.077789366,0.42800903
13.554688,-0.09427958,0.30390304,-0.090269089,0.42919663
13.556641,-0.09604837,0.31233478,-0.093569696,0.38491482
13.558594,-0.10412659,0.3148044,-0.074881777,0.35941365
13.560547,-0.087822258,0.30289197,-0.074494347,0.40755081
13.5625,-0.090122379,0.29487923,-0.10024542,0.46224254
13.564453,-0.099653937,0.30795196,-0.088127047,0.41829142
13.566406,-0.098225012,0.30069345,-0.079702303,0.36137208
13.568359,-0.10537829,0.28230637,-0.088283509,0.39300942
13.570313,-0.08539018,0.29500249,-0.074851975,0.44779864
13.572266,-0.083766088,0.32544592,-0.073261276,0.44076106
13.574219,-0.0967765,0.32534373,-0.080089733,0.39909628
13.576172,-0.098505303,0.27467778,-0.078949794,0.38195997
13.578125,-0.10264997,0.24664964,-0.079244092,0.39799947
13.580078,-0.10449731,0.30434042,-0.073600277,0.43476889
13.582031,-0.094306946,0.35986388,-0.077916026,0.44064417
13.583984,-0.088983305,0.33574238,-0.085374057,0.41368198
13.585938,-0.094242401,0.26908576,-0.091694012,0.37742952
13.587891,-0.08905369,0.24163353,-0.09718509,0.375191
13.589844,-0.09575548,0.29294136,-0.082440391,0.42955205
13.591797,-0.091889299,0.34891048,-0.079543978,0.4587478
13.59375,-0.085374616,0.32176802,-0.084237844,0.41647792
13.595703,-0.094875328,0.26337373,-0.086256951,0.35567901
13.597656,-0.10132321,0.26621056,-0.081889048,0.36678481
13.599609,-0.094908513,0.31091252,-0.085269749,0.44164422
13.601563,-0.08822301,0.33164456,-0.085454151,0.46366671
13.603516,-0.094766162,0.30155179,-0.057613194,0.40192214
13.605469,-0.092506222,0.25642955,-0.063465625,0.36931193
13.607422,-0.10345499,0.26246768,-0.06767334,0.39854333
13.609375,-0.10038,0.30571201,-0.072927862,0.40691748
13.611328,-0.085253596,0.3126044,-0.10101469,0.37953249
13.613281,-0.097521558,0.29882944,-0.097738296,0.36195111
13.615234,-0.10105918,0.28448439,-0.094862372,0.38929364
13.617188,-0.09466102,0.2683655,-0.08322084,0.43293878
13.619141,-0.097854599,0.29357734,-0.0777428,0.42275146
13.621094,-0.10539228,0.32549575,-0.089103073,0.37231374
13.623047,-0.096645899,0.30737919,-0.086251363,0.34404868
13.625,-0.093199372,0.28195468,-0.081039682,0.36562946
13.626953,-0.10680147,0.29686981,-0.073047072,0.41064256
13.628906,-0.098399922,0.31984064,-0.073389798,0.42591736
13.630859,-0.094063811,0.32571626,-0.073658019,0.38891467
13.632813,-0.10513223,0.3405166,-0.083606407,0.34703404
13.634766,-0.095808923,0.33023059,-0.083064377,0.36130303
13.636719,-0.10155974,0.31754738,-0.072791889,0.4178693
13.638672,-0.10716993,0.36229825,-0.070901304,0.44751272
13.640625,-0.10154073,0.39067402,-0.068383008,0.39388901
13.642578,-0.097464629,0.37940639,-0.077664569,0.32585791
13.644531,-0.090493426,0.39074653,-0.074233577,0.34110221
13.646484,-0.096031852,0.42724112,-0.073976532,0.40355387
13.648438,-0.095167339,0.42775717,-0.083567291,0.41899061
13.650391,-0.091968693,0.39942855,-0.073935553,0.36336362
13.652344,-0.085672662,0.40945831,-0.071173251,0.32091612
13.654297,-0.091441676,0.45248821,-0.091951057,0.35545051
13.65625,-0.095601872,0.44749063,-0.095413715,0.3891595
13.658203,-0.087186277,0.41988483,-0.10897377,0.37158647
13.660156,-0.094642937,0.43166733,-0.11030743,0.35627064
13.662109,-0.095458381,0.42361385,-0.081617102,0.37127453
13.664063,-0.085143134,0.39913428,-0.08370699,0.39356422
13.666016,-0.083234176,0.40557587,-0.079413593,0.39493337
13.667969,-0.091640808,0.41015217,-0.084098145,0.36882183
13.669922,-0.087981448,0.37623128,-0.097455174,0.34444231
13.671875,-0.086752877,0.36138219,-0.086964756,0.3670333
13.673828,-0.095257856,0.39082256,-0.079365164,0.41657314
13.675781,-0.092030533,0.39020368,-0.081959829,0.44595176
13.677734,-0.095441431,0.34853739,-0.089388058,0.42378414
13.679688,-0.096494816,0.34781805,-0.096209064,0.37079853
13.681641,-0.089854419,0.36730725,-0.078426391,0.37619841
13.683594,-0.086022466,0.35145718,-0.068969741,0.44879937
13.685547,-0.084294781,0.33820912,-0.084018052,0.48294774
13.6875,-0.097410589,0.33654869,-0.079322323,0.4284198
13.689453,-0.10130721,0.31919071,-0.072417498,0.36281267
13.691406,-0.100453,0.30707106,-0.077547222,0.39268857
13.693359,-0.10386135,0.3509503,-0.084979177,0.47040632
13.695313,-0.089947268,0.38322589,-0.078892052,0.46769023
13.697266,-0.093645521,0.34295189,-0.081842482,0.41928408
13.699219,-0.095057406,0.29574454,-0.07286267,0.40103808
13.701172,-0.089539587,0.30497509,-0.071597934,0.42425334
13.703125,-0.089353114,0.35441542,-0.091021597,0.44719845
13.705078,-0.08674679,0.36723903,-0.08787559,0.42772371
13.707031,-0.095610991,0.33471888,-0.088069305,0.40872258
13.708984,-0.086156003,0.30800715,-0.083371714,0.41672841
13.710938,-0.088062577,0.31720814,-0.08027786,0.43812659
13.712891,-0.098052882,0.35433286,-0.077642217,0.44769219
13.714844,-0.09173537,0.35179526,-0.084701642,0.42963856
13.716797,-0.093314201,0.31647822,-0.097360179,0.41031078
13.71875,-0.097398639,0.30910751,-0.090755239,0.41015935
13.720703,-0.091183789,0.32757634,-0.093020216,0.44138938
13.722656,-0.089911282,0.35067907,-0.081827581,0.47873312
13.724609,-0.093403809,0.33920169,-0.077627316,0.46675062
13.726563,-0.090281099,0.29650378,-0.096907556,0.44438872
13.728516,-0.093238682,0.30025715,-0.089084446,0.45017636
13.730469,-0.089589953,0.34709731,-0.075546741,0.46151018
13.732422,-0.088331141,0.35453671,-0.068176255,0.474013
13.734375,-0.083659448,0.31880012,-0.075805649,0.451873
13.736328,-0.085709408,0.29340249,-0.087082103,0.40251812
13.738281,-0.092949703,0.30707872,-0.086746827,0.40113547
13.740234,-0.088875927,0.30866092,-0.091753617,0.44145957
13.742188,-0.095153414,0.29575512,-0.081935614,0.4358705
13.744141,-0.094785638,0.30148113,-0.077057347,0.42309001
13.746094,-0.090709999,0.29590124,-0.08200267,0.43245509
13.748047,-0.097306184,0.28826544,-0.080585197,0.40152967
13.75,-0.095785208,0.28591907,-0.08258754,0.37183684
13.751953,-0.081861697,0.27552667,-0.082436666,0.3787528
13.753906,-0.095452905,0.27086705,-0.080063656,0.4150528
13.755859,-0.097673409,0.27604428,-0.060042083,0.43365824
13.757813,-0.08316604,0.27305588,-0.061396226,0.4217619
13.759766,-0.095869415,0.28012463,-0.071774885,0.39577872
13.761719,-0.089783117,0.27781752,-0.076614037,0.3684884
13.763672,-0.087091893,0.25914308,-0.080950275,0.381203
13.765625,-0.095171228,0.26703826,-0.072044969,0.4151921
13.767578,-0.10081659,0.26862743,-0.078173071,0.42874336
13.769531,-0.097449012,0.25175527,-0.076707169,0.39619255
13.771484,-0.088655822,0.26573604,-0.081095561,0.36144826
13.773438,-0.095935233,0.29231006,-0.079968661,0.36784005
13.775391,-0.096238576,0.26835608,-0.080387756,0.39442539
13.777344,-0.091197543,0.23744002,-0.078489721,0.3999137
13.779297,-0.095968381,0.26358271,-0.086078137,0.3768667
13.78125,-0.097550832,0.29732558,-0.091619506,0.36148775
13.783203,-0.089897498,0.28499568,-0.073134616,0.36791307
13.785156,-0.095847942,0.27464205,-0.077619866,0.39310887
13.787109,-0.092729002,0.28365561,-0.07786946,0.40281492
13.789063,-0.089614965,0.28346667,-0.079473197,0.37378266
13.791016,-0.093265124,0.29330528,-0.082026884,0.34782508
13.792969,-0.091488816,0.30215332,-0.07905224,0.3626847
13.794922,-0.089748345,0.28466016,-0.082036197,0.40190047
13.796875,-0.087161221,0.27442017,-0.075541154,0.40684733
13.798828,-0.096436858,0.29722127,-0.081967279,0.36882687
13.800781,-0.097073667,0.30835477,-0.093124524,0.34973058
13.802734,-0.088625275,0.28796148,-0.08919993,0.36609754
13.804688,-0.095504865,0.28114,-0.089000627,0.40341529
13.806641,-0.093544416,0.29922464,-0.078946069,0.41751879
13.808594,-0.093742087,0.29533139,-0.070886403,0.38127595
13.810547,-0.102058,0.27937746,-0.078910679,0.35807639
13.8125,-0.088647649,0.28308368,-0.075289696,0.37310958
13.814453,-0.097869806,0.30392411,-0.069945768,0.39737073
13.816406,-0.10016638,0.3124215,-0.087694913,0.40230995
13.818359,-0.088007644,0.29681683,-0.086569875,0.38008147
13.820313,-0.095786907,0.29494396,-0.073121578,0.37149253
13.822266,-0.094630696,0.3060303,-0.072046831,0.39307672
13.824219,-0.093333445,0.31167445,-0.069414914,0.41214746
13.826172,-0.095554188,0.3134647,-0.08400315,0.38496619
13.828125,-0.09299849,0.32435733,-0.078635007,0.35043848
13.830078,-0.088691726,0.31883004,-0.064400673,0.36366278
13.832031,-0.089759849,0.32053611,-0.077021956,0.40063867
13.833984,-0.091762282,0.33239114,-0.078150719,0.41052961
13.835938,-0.091814093,0.31436703,-0.065752953,0.36451578
13.837891,-0.096324928,0.31417435,-0.070329472,0.34122404
13.839844,-0.088029206,0.33837232,-0.071856841,0.36951783
13.841797,-0.08703012,0.3484354,-0.066794172,0.3831774
13.84375,-0.093316652,0.32759169,-0.083410829,0.36921242
13.845703,-0.087299578,0.30197904,-0.078638732,0.34679106
13.847656,-0.095529564,0.31492418,-0.072885022,0.33906111
13.849609,-0.090703212,0.34535992,-0.087735891,0.35646588
13.851563,-0.082982764,0.33929899,-0.08248882,0.3730624
13.853516,-0.09511812,0.31894401,-0.077334881,0.35428268
13.855469,-0.096815415,0.3100698,-0.066306159,0.33231854
13.857422,-0.096762978,0.31177843,-0.074997261,0.33008987
13.859375,-0.10399619,0.33657256,-0.092152223,0.33710173
13.861328,-0.087703079,0.350768,-0.085441113,0.34616169
13.863281,-0.086902998,0.33536753,-0.093830466,0.34783354
13.865234,-0.098316431,0.31779894,-0.081216633,0.34773225
13.867188,-0.090297043,0.31098691,-0.081943065,0.34696785
13.869141,-0.098310567,0.33027878,-0.087815985,0.3560276
13.871094,-0.090655744,0.35540971,-0.076539531,0.35179275
13.873047,-0.091489203,0.35635012,-0.087232977,0.33979604
13.875,-0.098648235,0.3484064,-0.090652794,0.34116432
13.876953,-0.089913912,0.33418977,-0.095376462,0.35874712
13.878906,-0.088332117,0.33667663,-0.086862311,0.38363993
13.880859,-0.088322774,0.36045107,-0.087653935,0.37841108
13.882813,-0.092214204,0.36398369,-0.094275638,0.36261997
13.884766,-0.091684245,0.34039727,-0.079674363,0.3687163
13.886719,-0.092939869,0.32270923,-0.079719067,0.38701436
13.888672,-0.0904136,0.34863818,-0.082581952,0.40395549
13.890625,-0.085914783,0.38167116,-0.083796397,0.39280403
13.892578,-0.090005793,0.35647586,-0.085985005,0.37112543
13.894531,-0.09010864,0.31675169,-0.073080599,0.39956424
13.896484,-0.093108356,0.31933889,-0.08136192,0.4325065
13.898438,-0.09840025,0.35489073,-0.086284891,0.42432374
13.900391,-0.098276988,0.36858642,-0.051747724,0.39834902
13.902344,-0.098533988,0.34282604,-0.059120074,0.40434253
13.904297,-0.089608774,0.32434779,-0.087303758,0.42595795
13.90625,-0.088942476,0.33741599,-0.086573601,0.39926675
13.908203,-0.095269859,0.36267892,-0.07835561,0.3806884
13.910156,-0.10347263,0.3451966,-0.077381447,0.42095765
13.912109,-0.099021442,0.32055205,-0.090140566,0.45669904
13.914063,-0.079533651,0.3480767,-0.072702482,0.41850188
13.916016,-0.089289486,0.40614432,-0.065684035,0.37367833
13.917969,-0.097089112,0.40671673,-0.079408005,0.39608943
13.919922,-0.093726501,0.31928429,-0.086169407,0.42076224
13.921875,-0.088539012,0.30185574,-0.099088714,0.40274593
13.923828,-0.091228686,0.39751855,-0.090511233,0.39625856
13.925781,-0.096267827,0.44292423,-0.086482331,0.42544466
13.927734,-0.092356339,0.37226257,-0.096805111,0.43692809
13.929688,-0.093628488,0.3082777,-0.074546501,0.4137803
13.931641,-0.086957529,0.34441721,-0.067231894,0.40429556
13.933594,-0.091601707,0.42111918,-0.083280444,0.43028769
13.935547,-0.097826332,0.42077121,-0.0730955,0.43531561
13.9375,-0.091057435,0.34251556,-0.065531299,0.40566847
13.939453,-0.090526067,0.31379265,-0.06253989,0.4129183
13.941406,-0.092322133,0.38182518,-0.072398871,0.44437107
13.943359,-0.090956636,0.44393227,-0.086394787,0.43192223
13.945313,-0.09085843,0.39067203,-0.086556837,0.38554993
13.947266,-0.086824864,0.3103238,-0.082943305,0.39252576
13.949219,-0.088983394,0.33536148,-0.075202152,0.46068469
13.951172,-0.091791958,0.42166749,-0.070569754,0.46052778
13.953125,-0.088349,0.42025772,-0.079661325,0.38551185
13.955078,-0.090837233,0.33364528,-0.069353446,0.35693717
13.957031,-0.088926166,0.31331149,-0.076662466,0.40780553
13.958984,-0.09163063,0.37392405,-0.096477285,0.4491733
13.960938,-0.094993033,0.4176662,-0.075308323,0.415306
13.962891,-0.084260404,0.36618721,-0.076206118,0.38769811
13.964844,-0.088259637,0.31182241,-0.081309766,0.41743371
13.966797,-0.095545381,0.3355467,-0.081393585,0.41964269
13.96875,-0.094940558,0.37278098,-0.076187491,0.39163738
13.970703,-0.087707803,0.38029489,-0.069431677,0.40547076
13.972656,-0.083027504,0.35065588,-0.075475961,0.42941678
13.974609,-0.094797745,0.33043677,-0.066065878,0.40812495
13.976563,-0.085827321,0.33670026,-0.079218015,0.37485203
13.978516,-0.086541109,0.35777342,-0.08739689,0.39955083
13.980469,-0.088132448,0.35808551,-0.08354494,0.42890501
13.982422,-0.083491966,0.32318246,-0.088600159,0.40557137
13.984375,-0.089341655,0.32240352,-0.075949073,0.38797054
13.986328,-0.096755043,0.34067574,-0.082647145,0.40815613
13.988281,-0.095770568,0.32361704,-0.08689025,0.42691863
13.990234,-0.088538572,0.31302172,-0.082496271,0.39862597
13.992188,-0.099723384,0.34498402,-0.096419543,0.37349388
13.994141,-0.088951081,0.34272742,-0.095715463,0.40578946
13.996094,-0.093840748,0.29255661,-0.08024992,0.44791538
13.998047,-0.10117967,0.29878879,-0.083185449,0.43971398
14.0,-0.089934662,0.33889434,-0.077182144,0.4008083
14.001953,-0.10061534,0.35466176,-0.058619022,0.39731297
14.003906,-0.097234949,0.33585522,-0.067410707,0.4317998
14.005859,-0.088560946,0.31493548,-0.060973406,0.43751106
14.007813,-0.085313506,0.34285247,-0.059988067,0.39880332
14.009766,-0.085941538,0.37351534,-0.071493626,0.38957787
14.011719,-0.097755186,0.35284507,-0.071307361,0.42125392
14.013672,-0.086181574,0.31549206,-0.06994018,0.4191609
14.015625,-0.090289593,0.33837977,-0.080859005,0.40512249
14.017578,-0.10500224,0.39100906,-0.098099649,0.40478006
14.019531,-0.091282338,0.38386372,-0.092260256,0.39680409
14.021484,-0.097649798,0.34411231,-0.089011803,0.40329108
14.023438,-0.096216254,0.34175617,-0.090006456,0.41102424
14.025391,-0.097099937,0.37412417,-0.080477163,0.40991387
14.027344,-0.10098167,0.40572965,-0.075578406,0.40026984
14.029297,-0.092888355,0.39623481,-0.074049175,0.38490683
14.03125,-0.091976188,0.3700884,-0.064411849,0.38585937
14.033203,-0.088483408,0.38802499,-0.069768816,0.40568003
14.035156,-0.092870384,0.42414096,-0.066164598,0.41431424
14.037109,-0.092422433,0.43221635,-0.068038419,0.39496925
14.039063,-0.093792953,0.39506078,-0.071339026,0.38082841
14.041016,-0.090731144,0.39121732,-0.065887064,0.39284676
14.042969,-0.080999404,0.45001975,-0.084304899,0.41195989
14.044922,-0.091935329,0.46376583,-0.084025502,0.40268615
14.046875,-0.09085352,0.42523247,-0.073481068,0.37168097
14.048828,-0.090999343,0.3816829,-0.090101451,0.3790116
14.050781,-0.090641864,0.41117021,-0.082701162,0.40103999
14.052734,-0.082409695,0.46519345,-0.064978093,0.38391075
14.054688,-0.096148498,0.45056388,-0.080501378,0.37093657
14.056641,-0.091335379,0.41039848,-0.057955921,0.37136722
14.058594,-0.086000748,0.3876805,-0.069882438,0.37195632
14.060547,-0.089957416,0.42487147,-0.091287956,0.37308094
14.0625,-0.094901383,0.44995189,-0.069781855,0.36305076
14.064453,-0.091770053,0.42032871,-0.079007536,0.36569697
14.066406,-0.092004694,0.38702288,-0.079732105,0.3817015
14.068359,-0.093954846,0.39716008,-0.084209904,0.38224462
14.070313,-0.08316382,0.43523979,-0.080719307,0.36280316
14.072266,-0.092684664,0.44133505,-0.075671539,0.35913438
14.074219,-0.088940457,0.40468809,-0.08091861,0.37108383
14.076172,-0.079974912,0.3670806,-0.07524313,0.36677253
14.078125,-0.097546637,0.40835109,-0.090934053,0.36247537
14.080078,-0.1010208,0.44704416,-0.086176857,0.36958373
14.082031,-0.090888023,0.4124949,-0.065758541,0.37466738
14.083984,-0.094166338,0.39127588,-0.074442193,0.37953141
14.085938,-0.097308211,0.41181397,-0.084168926,0.37925753
14.087891,-0.089598686,0.4316259,-0.092407405,0.35910499
14.089844,-0.087966226,0.41603777,-0.088700742,0.35535908
14.091797,-0.087266527,0.40882525,-0.082092077,0.38353416
14.09375,-0.079474278,0.4149459,-0.084878594,0.40492883
14.095703,-0.094084881,0.41942057,-0.08268626,0.39558142
14.097656,-0.088680439,0.4283964,-0.081127226,0.36924335
14.099609,-0.083753981,0.41214961,-0.07800357,0.368435
14.101563,-0.090199381,0.41107941,-0.077120677,0.39085642
14.103516,-0.087557599,0.426507,-0.084614098,0.4123731
14.105469,-0.093659639,0.41957808,-0.084617823,0.40999913
14.107422,-0.087546632,0.4025678,-0.084513515,0.38439348
14.109375,-0.0911199,0.39891541,-0.09022066,0.38483983
14.111328,-0.088690959,0.41216788,-0.082531661,0.41837397
14.113281,-0.084679976,0.42070496,-0.083053201,0.44256833
14.115234,-0.094106525,0.40390193,-0.082105115,0.4255954
14.117188,-0.094686873,0.37935159,-0.079985425,0.3968167
14.119141,-0.091977395,0.38841811,-0.081745625,0.40391248
14.121094,-0.097434334,0.43088874,-0.074479446,0.43452066
14.123047,-0.09211944,0.43018153,-0.085746586,0.45125198
14.125,-0.088665128,0.3811346,-0.072560921,0.43505841
14.126953,-0.096679673,0.37394804,-0.055711433,0.40972602
14.128906,-0.10019422,0.40512335,-0.080972627,0.42713153
14.130859,-0.095667019,0.42611736,-0.078521386,0.44286409
14.132813,-0.086900927,0.42007086,-0.083708853,0.42474949
14.134766,-0.090998761,0.42227077,-0.086135879,0.4267644
14.136719,-0.092837714,0.42355716,-0.074730903,0.4445056
14.138672,-0.089770623,0.41641843,-0.089764312,0.45469534
14.140625,-0.085703671,0.43408912,-0.072642878,0.44295481
14.142578,-0.086428046,0.44876841,-0.079774946,0.43032104
14.144531,-0.083513439,0.44248232,-0.095298231,0.43414569
14.146484,-0.082316838,0.4317266,-0.078366786,0.43580872
14.148438,-0.092505299,0.43024033,-0.07396163,0.4416596
14.150391,-0.089501351,0.42508534,-0.079029888,0.45861048
14.152344,-0.085682914,0.4323138,-0.080058068,0.45503789
14.154297,-0.089729629,0.44933942,-0.071873605,0.42854461
14.15625,-0.089216754,0.43300354,-0.073997021,0.43326366
14.158203,-0.079625867,0.40151471,-0.069703624,0.45518157
14.160156,-0.081681803,0.40676913,-0.079730242,0.45753765
14.162109,-0.095322654,0.43337411,-0.082654595,0.44111547
14.164063,-0.094304174,0.41257814,-0.066058427,0.43061736
14.166016,-0.091567077,0.37470207,-0.069768816,0.45360816
14.167969,-0.091596052,0.40795285,-0.068044007,0.46504098
14.169922,-0.089404888,0.44909447,-0.072873846,0.43401381
14.171875,-0.088757299,0.41678992,-0.091461182,0.40581998
14.173828,-0.091472782,0.37030542,-0.089466289,0.41989538
14.175781,-0.091382869,0.37314698,-0.077122539,0.45470047
14.177734,-0.10004102,0.41073284,-0.08204551,0.46676987
14.179688,-0.097513929,0.43268982,-0.082125604,0.44050011
14.181641,-0.076620258,0.42340198,-0.073099226,0.40973464
14.183594,-0.079346955,0.39837056,-0.078621969,0.42458305
14.185547,-0.091177925,0.38424683,-0.078860387,0.44967243
14.1875,-0.09283793,0.39245632,-0.073896438,0.45155126
14.189453,-0.086265825,0.40939605,-0.06889151,0.43782198
14.191406,-0.090171538,0.42135853,-0.064348519,0.42621472
14.193359,-0.091180116,0.40986159,-0.083924919,0.42939657
14.195313,-0.084962249,0.40156025,-0.095424891,0.43086618
14.197266,-0.08856567,0.40991908,-0.086908877,0.4483251
14.199219,-0.091188259,0.39571899,-0.0745316,0.45487645
14.201172,-0.091815449,0.38337803,-0.079596132,0.44352284
14.203125,-0.089927889,0.40626296,-0.085541695,0.43505114
14.205078,-0.091081582,0.42578289,-0.069999784,0.42956004
14.207031,-0.091303155,0.4013834,-0.068878472,0.44666922
14.208984,-0.086216062,0.38236651,-0.069318056,0.44936046
14.210938,-0.083968684,0.41391504,-0.072844043,0.43334046
14.212891,-0.084761187,0.42738873,-0.07951045,0.43007687
14.214844,-0.081715591,0.39427102,-0.087164059,0.44076121
14.216797,-0.080432534,0.38130629,-0.087922156,0.45020598
14.21875,-0.092290021,0.40877438,-0.085625514,0.44702962
14.220703,-0.09440124,0.40433407,-0.091863513,0.45344275
14.222656,-0.093201511,0.37520009,-0.084884182,0.45431736
14.224609,-0.091848172,0.4002395,-0.081840619,0.44079039
14.226563,-0.085284762,0.42145562,-0.085096523,0.44783789
14.228516,-0.090337411,0.39234561,-0.083388478,0.46655425
14.230469,-0.090138413,0.36155853,-0.070348099,0.47751528
14.232422,-0.0977735,0.37348914,-0.072011441,0.47622845
14.234375,-0.093883552,0.39996001,-0.073937416,0.46870756
14.236328,-0.087863147,0.41199502,-0.061746404,0.42699742
14.238281,-0.085417874,0.42310917,-0.069247276,0.40853024
14.240234,-0.090284139,0.39676604,-0.074419841,0.44409463
14.242188,-0.099473603,0.36089149,-0.088004112,0.43015248
14.244141,-0.089218676,0.38830358,-0.095860749,0.42654443
14.246094,-0.094764918,0.44827095,-0.066287532,0.44496629
14.248047,-0.087512702,0.44266021,-0.078050137,0.43146387
14.25,-0.086225517,0.39383492,-0.088507026,0.39673707
14.251953,-0.095772192,0.39411408,-0.06869407,0.36621916
14.253906,-0.09079095,0.42459279,-0.074991673,0.39991364
14.255859,-0.08999867,0.43421218,-0.067006513,0.43053728
14.257813,-0.093189433,0.4408063,-0.070837975,0.4101989
14.259766,-0.090480514,0.44728073,-0.078091115,0.38008049
14.261719,-0.081785731,0.43219447,-0.074965596,0.38137344
14.263672,-0.087343358,0.4244951,-0.05335705,0.40735036
14.265625,-0.090060316,0.44238698,-0.061005071,0.41658792
14.267578,-0.085988685,0.44703278,-0.089181304,0.39976621
14.269531,-0.088336959,0.42924613,-0.073449403,0.34878615
14.271484,-0.087873086,0.43373954,-0.066954359,0.3523002
14.273438,-0.086586572,0.45318195,-0.073628217,0.41603461
14.275391,-0.08737608,0.44981626,-0.088521928,0.42318171
14.277344,-0.092998222,0.42900002,-0.075338125,0.36314452
14.279297,-0.089884631,0.42049053,-0.068692207,0.32972619
14.28125,-0.086528361,0.44053936,-0.084250882,0.36840206
14.283203,-0.089191407,0.45195061,-0.078849211,0.3962951
14.285156,-0.08927574,0.42920923,-0.062916145,0.38396049
14.287109,-0.093086563,0.41221249,-0.06644772,0.3657001
14.289063,-0.087882109,0.42238671,-0.079409868,0.34750059
14.291016,-0.091919795,0.4420546,-0.062774584,0.34121352
14.292969,-0.096490569,0.44445392,-0.062985063,0.3678095
14.294922,-0.08471784,0.43051389,-0.072551608,0.39203304
14.296875,-0.087790541,0.42833135,-0.077131853,0.35587624
14.298828,-0.094372496,0.44268769,-0.088127047,0.3023645
14.300781,-0.088745594,0.44792706,-0.094394848,0.32273406
14.302734,-0.087022394,0.44636849,-0.086433902,0.39125231
14.304688,-0.085117534,0.44810331,-0.075125784,0.40265843
14.306641,-0.087269112,0.44646582,-0.080106497,0.33750215
14.308594,-0.086426541,0.44260085,-0.068936214,0.29197249
14.310547,-0.086261578,0.43979931,-0.06677182,0.32853484
14.3125,-0.086726263,0.44326171,-0.080261096,0.38307747
14.314453,-0.082717769,0.44257987,-0.079979837,0.37348738
14.316406,-0.087040856,0.44556779,-0.077800542,0.32104504
14.318359,-0.090746656,0.44035134,-0.069336683,0.32901829
14.320313,-0.08712171,0.42582014,-0.080734208,0.3797555
14.322266,-0.078156151,0.42647523,-0.0803058,0.37390816
14.324219,-0.090870872,0.44378433,-0.06558159,0.33566344
14.326172,-0.087147884,0.43637913,-0.069705486,0.33595517
14.328125,-0.082552508,0.39140207,-0.084468812,0.35902148
14.330078,-0.091414735,0.40093684,-0.086765453,0.34699789
14.332031,-0.083038583,0.44033352,-0.079102531,0.33685604
14.333984,-0.094145462,0.432879,-0.088233218,0.37230822
14.335938,-0.090851426,0.40284488,-0.077416837,0.37788412
14.337891,-0.085427597,0.38689634,-0.085409448,0.34045309
14.339844,-0.088620909,0.4048087,-0.078065038,0.34543228
14.341797,-0.075293243,0.42713156,-0.065291017,0.38083392
14.34375,-0.081326827,0.4117659,-0.082265303,0.38622808
14.345703,-0.094977841,0.37403452,-0.083114669,0.34913787
14.347656,-0.092670411,0.35997599,-0.071845666,0.33319187
14.349609,-0.091611952,0.39069426,-0.065173671,0.38531008
14.351563,-0.092967384,0.44028801,-0.079311147,0.41005901
14.353516,-0.089439437,0.4292672,-0.076034755,0.36334288
14.355469,-0.085204467,0.36539385,-0.079022437,0.32872054
14.357422,-0.087459728,0.3567968,-0.082917228,0.3634288
14.359375,-0.089428067,0.39885405,-0.081402898,0.40241602
14.361328,-0.088457681,0.41708666,-0.088151261,0.38500354
14.363281,-0.096415199,0.40105441,-0.075183526,0.35861436
14.365234,-0.086985804,0.38684347,-0.073490381,0.37210995
14.367188,-0.079003416,0.39831412,-0.086638793,0.3913011
14.369141,-0.092334218,0.42198658,-0.067809314,0.3700271
14.371094,-0.087944157,0.41841799,-0.064065397,0.36404827
14.373047,-0.084278882,0.38372973,-0.085418761,0.39119241
14.375,-0.083473966,0.38437617,-0.080251783,0.38657305
14.376953,-0.087639362,0.42031989,-0.083859727,0.35618299
14.378906,-0.10111821,0.43087035,-0.083232015,0.37617844
14.380859,-0.090794936,0.39814696,-0.081300452,0.42479023
14.382813,-0.081126973,0.3821879,-0.078018472,0.40899485
14.384766,-0.084373944,0.42422456,-0.063938737,0.36701703
14.386719,-0.099612042,0.44349524,-0.077116951,0.37074515
14.388672,-0.095231004,0.39823809,-0.079888567,0.40019652
14.390625,-0.079694882,0.37014428,-0.077588201,0.40116969
14.392578,-0.093123659,0.42610908,-0.082555875,0.37741965
14.394531,-0.089053333,0.46767834,-0.072039381,0.38402271
14.396484,-0.09036722,0.43438902,-0.071953699,0.41878614
14.398438,-0.092526093,0.39255273,-0.069969982,0.41794401
14.400391,-0.084422201,0.39266029,-0.068550646,0.37457693
14.402344,-0.089484237,0.44425195,-0.088784561,0.36624154
14.404297,-0.082028709,0.47417605,-0.084036678,0.40068305
14.40625,-0.084483586,0.43501115,-0.070268005,0.41845366
14.408203,-0.087907746,0.37676272,-0.070167422,0.40712994
14.410156,-0.0858064,0.39667243,-0.070627496,0.38977879
14.412109,-0.092389673,0.46471405,-0.068455651,0.38249078
14.414063,-0.08488138,0.46032634,-0.061589941,0.37670198
14.416016,-0.087630898,0.40369308,-0.0807845,0.38458201
14.417969,-0.089441597,0.39419803,-0.08678408,0.39621386
14.419922,-0.081728488,0.43148014,-0.072980016,0.39057454
14.421875,-0.087548666,0.44605348,-0.074809134,0.39060453
14.423828,-0.087757222,0.4135254,-0.08303085,0.38950354
14.425781,-0.083050877,0.39018705,-0.070029587,0.38743982
14.427734,-0.077162571,0.41466349,-0.062867716,0.38457268
14.429688,-0.090983577,0.43664667,-0.068967879,0.37574688
14.431641,-0.093328513,0.41804618,-0.059919149,0.36439115
14.433594,-0.084921703,0.38460702,-0.063344553,0.36456588
14.435547,-0.087620713,0.40750465,-0.078485996,0.38387442
14.4375,-0.085683584,0.44209233,-0.079331636,0.3724905
14.439453,-0.094226062,0.42601386,-0.073821932,0.35213426
14.441406,-0.083721675,0.39344364,-0.082896739,0.37336165
14.443359,-0.085268483,0.38711157,-0.082712337,0.3962768
14.445313,-0.093652695,0.42087901,-0.080072969,0.37231216
14.447266,-0.08859998,0.43302685,-0.074980497,0.33846819
14.449219,-0.086067915,0.41207138,-0.065209061,0.35122764
14.451172,-0.08750356,0.39943507,-0.059732884,0.37313393
14.453125,-0.090773523,0.41407803,-0.069305018,0.37185231
14.455078,-0.079551458,0.43532208,-0.07465826,0.34836492
14.457031,-0.087464117,0.43557483,-0.078724414,0.33012024
14.458984,-0.090639718,0.40403047,-0.089179441,0.3557173
14.460938,-0.088036872,0.39382234,-0.082671359,0.38392907
14.462891,-0.098511711,0.43305618,-0.082796156,0.38322705
14.464844,-0.091060907,0.4493846,-0.079646423,0.36447045
14.466797,-0.083822601,0.42977604,-0.082062274,0.34284762
14.46875,-0.085325256,0.42184597,-0.076353267,0.35268062
14.470703,-0.080947526,0.43868557,-0.074760705,0.37681758
14.472656,-0.089161694,0.43749732,-0.076226607,0.37855574
14.474609,-0.09990178,0.42251292,-0.069832146,0.3662312
14.476563,-0.090934634,0.42585135,-0.076852456,0.35459104
14.478516,-0.080838382,0.46137407,-0.081039682,0.36359721
14.480469,-0.088247024,0.47895107,-0.087225527,0.39298153
14.482422,-0.099969037,0.45718047,-0.085973829,0.40072003
14.484375,-0.089758746,0.43272755,-0.084457636,0.38134462
14.486328,-0.078486554,0.43486458,-0.081963554,0.3773433
14.488281,-0.084544696,0.48234224,-0.072166041,0.39482585
14.490234,-0.086016968,0.4743785,-0.077396348,0.4085108
14.492188,-0.07956782,0.42750281,-0.062238142,0.39294279
14.494141,-0.082515836,0.42562398,-0.060489118,0.37397361
14.496094,-0.087226436,0.43676576,-0.083863452,0.38251737
14.498047,-0.07878004,0.446592,-0.053195,0.39596951
14.5,-0.088688105,0.44516233,-0.068323404,0.40835664
14.501953,-0.097545087,0.4215987,-0.087389439,0.40404293
14.503906,-0.080982395,0.3979637,-0.063778549,0.37773514
14.505859,-0.081193879,0.42759082,-0.088192239,0.37406188
14.507813,-0.083906032,0.45831108,-0.081106737,0.40147436
14.509766,-0.084819056,0.41763347,-0.065277979,0.40652016
14.511719,-0.090588883,0.37546912,-0.079588681,0.38893047
14.513672,-0.087751724,0.39915279,-0.066805348,0.37343347
14.515625,-0.080530107,0.44054377,-0.060978994,0.36318311
14.517578,-0.08046551,0.43648729,-0.081624553,0.38467023
14.519531,-0.091484256,0.41319561,-0.08488977,0.39337307
14.521484,-0.091467708,0.38698667,-0.087160334,0.37490541
14.523438,-0.090302967,0.39692214,-0.076498553,0.38146916
14.525391,-0.092421822,0.44373798,-0.07218653,0.40307945
14.527344,-0.091828622,0.45514295,-0.096838638,0.40447751
14.529297,-0.096819863,0.42306831,-0.077800542,0.37130678
14.53125,-0.085705355,0.40950245,-0.08315751,0.36131492
14.533203,-0.080167316,0.46286198,-0.096182987,0.39675507
14.535156,-0.084349401,0.48950318,-0.083232015,0.41323468
14.537109,-0.084094018,0.4429177,-0.084478125,0.41100466
14.539063,-0.080369227,0.40845144,-0.079946309,0.41211334
14.541016,-0.07806427,0.43163392,-0.092904732,0.41396907
14.542969,-0.092516802,0.45855883,-0.089496091,0.42260057
14.544922,-0.083060227,0.4384596,-0.078843623,0.45650512
14.546875,-0.083846927,0.43545038,-0.076317877,0.49881932
14.548828,-0.078531936,0.43793398,-0.078163758,0.48602659
14.550781,-0.073399544,0.40782955,-0.076744422,0.4017134
14.552734,-0.091420971,0.39655682,-0.066781133,0.36700529
14.554688,-0.074015476,0.39566252,-0.064443514,0.43290505
14.556641,-0.08025109,0.40659019,-0.055079997,0.42257074
14.558594,-0.092391849,0.41245472,-0.062571555,0.38594335
14.560547,-0.085404836,0.38734999,-0.074475721,0.41618714
14.5625,-0.084828429,0.38614663,-0.066371351,0.4003832
14.564453,-0.08036752,0.40257049,-0.086515859,0.35676378
14.566406,-0.092345126,0.39856929,-0.081909537,0.34135807
14.568359,-0.088453896,0.3788738,-0.063165739,0.37087321
14.570313,-0.087603435,0.37955692,-0.070666611,0.40708932
14.572266,-0.095571376,0.40262276,-0.063935012,0.38251641
14.574219,-0.079334289,0.40123042,-0.053912118,0.31824943
14.576172,-0.086130366,0.40256339,-0.05133608,0.30937508
14.578125,-0.092206061,0.40768671,-0.077947691,0.35853431
14.580078,-0.092497088,0.38038254,-0.066624671,0.36102003
14.582031,-0.090368323,0.39104992,-0.063283086,0.32534105
14.583984,-0.082110748,0.43719241,-0.081596613,0.32429406
14.585938,-0.085810512,0.4403674,-0.074460819,0.33749318
14.587891,-0.077864483,0.41679808,-0.076256409,0.3214817
14.589844,-0.075672582,0.40544653,-0.065849811,0.32095551
14.591797,-0.082398638,0.41932428,-0.061133593,0.32755241
14.59375,-0.07933531,0.42487347,-0.062297747,0.29988462
14.595703,-0.084702432,0.42788547,-0.067479625,0.27953207
14.597656,-0.087088175,0.44248921,-0.077444777,0.28496736
14.599609,-0.087793738,0.43216118,-0.088834852,0.29903704
14.601563,-0.090132311,0.4164741,-0.078376099,0.3038896
14.603516,-0.076819673,0.42130813,-0.071180701,0.30554855
14.605469,-0.079850778,0.42987943,-0.081695333,0.31067544
14.607422,-0.086740792,0.41722742,-0.073648706,0.30434161
14.609375,-0.079570733,0.39844275,-0.083576605,0.27777785
14.611328,-0.078615032,0.40307003,-0.070845425,0.26844779
14.613281,-0.080101825,0.42569047,-0.066043526,0.2943612
14.615234,-0.082058296,0.42112675,-0.087642759,0.3173987
14.617188,-0.085308567,0.39855906,-0.073017269,0.2990641
14.619141,-0.084564157,0.39271745,-0.072749048,0.264521
14.621094,-0.078342453,0.39368194,-0.066889167,0.28505665
14.623047,-0.081612572,0.40999326,-0.069061011,0.32588869
14.625,-0.08730863,0.41631135,-0.070051938,0.31419003
14.626953,-0.082662642,0.3807857,-0.070867777,0.27300292
14.628906,-0.088830963,0.34911361,-0.085608751,0.27132878
14.630859,-0.08643239,0.38600111,-0.063122898,0.30502149
14.632813,-0.070719875,0.43103775,-0.061718464,0.32046992
14.634766,-0.07924924,0.40550557,-0.075200289,0.3067435
14.636719,-0.084672496,0.34567484,-0.072896197,0.27163413
14.638672,-0.079116538,0.33040556,-0.069506183,0.26081225
14.640625,-0.086297318,0.37955415,-0.069200709,0.29548138
14.642578,-0.084859274,0.41096333,-0.078454331,0.31907985
14.644531,-0.07977806,0.37885413,-0.089972928,0.29776075
14.646484,-0.082518898,0.33894649,-0.095348522,0.26404151
14.648438,-0.091527186,0.34297818,-0.092988551,0.27278888
14.650391,-0.085006699,0.35919997,-0.082544699,0.31340438
14.652344,-0.081240058,0.36656719,-0.063098684,0.33657256
14.654297,-0.083631091,0.37385082,-0.060219035,0.31062078
14.65625,-0.08030729,0.34791315,-0.078655496,0.26171178
14.658203,-0.083746895,0.32693303,-0.085364744,0.25102592
14.660156,-0.07982602,0.35676432,-0.091006696,0.29672095
14.662109,-0.086594194,0.37443548,-0.075509489,0.35510686
14.664063,-0.091089137,0.34666109,-0.071719006,0.34718385
14.666016,-0.085112631,0.33163643,-0.086264402,0.29594627
14.667969,-0.079569198,0.35978752,-0.079042926,0.27783147
14.669922,-0.084562555,0.37443686,-0.0759826,0.3089371
14.671875,-0.088972107,0.35498014,-0.062674001,0.35279343
14.673828,-0.0845429,0.34173021,-0.081041545,0.34396619
14.675781,-0.08766444,0.34926158,-0.091649309,0.29986852
14.677734,-0.087370604,0.36421037,-0.076625213,0.28587598
14.679688,-0.087955967,0.37830082,-0.06545493,0.33350167
14.681641,-0.085460104,0.3781001,-0.06751129,0.38564679
14.683594,-0.082941316,0.35413754,-0.091034636,0.35659099
14.685547,-0.085347541,0.35301411,-0.081248298,0.28784147
14.6875,-0.083684027,0.38444149,-0.066145971,0.28954864
14.689453,-0.084183909,0.39146215,-0.052256227,0.37076104
14.691406,-0.084792592,0.36211383,-0.058602259,0.40222192
14.693359,-0.091190353,0.35367396,-0.079260856,0.33409247
14.695313,-0.088421717,0.39274049,-0.068109199,0.26073709
14.697266,-0.085071631,0.41538048,-0.07026428,0.28548166
14.699219,-0.085908614,0.3930234,-0.072642878,0.37681264
14.701172,-0.08063224,0.37099773,-0.073026583,0.39438269
14.703125,-0.083435453,0.38006729,-0.072488278,0.32155257
14.705078,-0.079582885,0.39681166,-0.061457694,0.26074427
14.707031,-0.082625099,0.39949936,-0.072169766,0.28758448
14.708984,-0.082680158,0.39600107,-0.080398932,0.35537568
14.710938,-0.080221385,0.3945432,-0.078081802,0.36206716
14.712891,-0.085395455,0.40252078,-0.081056446,0.3094447
14.714844,-0.076450162,0.39953533,-0.08104527,0.27007368
14.716797,-0.081177384,0.39642015,-0.071162075,0.30155417
14.71875,-0.085190691,0.39146551,-0.060319617,0.36004493
14.720703,-0.083298512,0.37085012,-0.05861716,0.36009923
14.722656,-0.083446778,0.38396126,-0.062444896,0.29182649
14.724609,-0.074300423,0.39957199,-0.069662645,0.23694743
14.726563,-0.078023337,0.38854244,-0.091325209,0.28378421
14.728516,-0.08728452,0.36584052,-0.095383912,0.3579084
14.730469,-0.084714502,0.34795749,-0.072626114,0.35162443
14.732422,-0.071494959,0.36493936,-0.072922274,0.29908332
14.734375,-0.082770273,0.39289755,-0.083598956,0.27710009
14.736328,-0.091241822,0.39023581,-0.072311327,0.30074388
14.738281,-0.079784699,0.33938852,-0.063385531,0.33307841
14.740234,-0.088191293,0.32633185,-0.076956764,0.33125535
14.742188,-0.087961651,0.37746063,-0.080493927,0.29618499
14.744141,-0.076477908,0.39981541,-0.067934111,0.28662455
14.746094,-0.084655866,0.36943811,-0.08274959,0.33077297
14.748047,-0.089367092,0.32607585,-0.084498614,0.360479
14.75,-0.080691166,0.32347712,-0.073697135,0.33028978
14.751953,-0.090644665,0.38283297,-0.080998704,0.30322367
14.753906,-0.087133698,0.42037901,-0.066227928,0.31981879
14.755859,-0.078263626,0.36524227,-0.081699058,0.34487134
14.757813,-0.093096875,0.32203275,-0.089522168,0.34615973
14.759766,-0.084514797,0.35876703,-0.087821573,0.33272532
14.761719,-0.071116939,0.4141601,-0.090857685,0.3297357
14.763672,-0.076953441,0.40877938,-0.065592766,0.35590956
14.765625,-0.087259345,0.34831199,-0.067442372,0.38907021
14.767578,-0.091580369,0.32258955,-0.077591926,0.37542549
14.769531,-0.082293883,0.37810454,-0.080367267,0.32899621
14.771484,-0.081870519,0.44458398,-0.059157327,0.31427968
14.773438,-0.085767552,0.4111858,-0.074609831,0.3754814
14.775391,-0.087464169,0.33603776,-0.097341552,0.42753741
14.777344,-0.086577736,0.32985142,-0.087633446,0.38503489
14.779297,-0.090322755,0.39380965,-0.071337163,0.34080228
14.78125,-0.093034901,0.43608925,-0.063409746,0.37139028
14.783203,-0.07405661,0.40530404,-0.079480648,0.42513824
14.785156,-0.067529947,0.37563267,-0.054873243,0.41369009
14.787109,-0.080525324,0.37544933,-0.052021533,0.35712174
14.789063,-0.083633512,0.37556809,-0.072259173,0.34163317
14.791016,-0.080199398,0.39003828,-0.070897579,0.36235672
14.792969,-0.086413875,0.40737322,-0.069286391,0.39106271
14.794922,-0.08702001,0.39553541,-0.059785038,0.41745427
14.796875,-0.086375669,0.38519329,-0.058002487,0.39219326
14.798828,-0.085224815,0.39839002,-0.068738773,0.33742562
14.800781,-0.083745189,0.3966907,-0.068353206,0.3270947
14.802734,-0.092327498,0.37707123,-0.062040702,0.3615135
14.804688,-0.082610473,0.37950966,-0.06180042,0.39247978
14.806641,-0.076561153,0.40627715,-0.063096821,0.35875976
14.808594,-0.098250575,0.40753305,-0.080145612,0.30636764
14.810547,-0.090346627,0.3820588,-0.091902629,0.30999076
14.8125,-0.07663998,0.39102697,-0.09060064,0.34879386
14.814453,-0.090511069,0.43466735,-0.075909957,0.37851593
14.816406,-0.079559334,0.43826097,-0.0690815,0.35791618
14.818359,-0.081727959,0.39785486,-0.077081561,0.31874681
14.820313,-0.087604702,0.40469915,-0.055741236,0.31175518
14.822266,-0.084664129,0.4260354,-0.066077054,0.33342543
14.824219,-0.08947596,0.43117607,-0.068293601,0.34593311
14.826172,-0.075831532,0.45051765,-0.062361076,0.33097777
14.828125,-0.081716321,0.44656721,-0.069597453,0.32471365
14.830078,-0.083217338,0.4211562,-0.058669314,0.31782207
14.832031,-0.079264559,0.40720803,-0.063435823,0.31402296
14.833984,-0.081693359,0.43695095,-0.062234417,0.32811061
14.835938,-0.075895965,0.45826125,-0.07671462,0.32269347
14.837891,-0.080480233,0.43534186,-0.074326709,0.29555476
14.839844,-0.081062496,0.42438138,-0.079223603,0.28267232
14.841797,-0.07838618,0.43256712,-0.085912362,0.31345975
14.84375,-0.081220426,0.43499821,-0.085904911,0.34265691
14.845703,-0.090889655,0.4227362,-0.0839957,0.31362131
14.847656,-0.085643098,0.42227542,-0.068373695,0.27493301
14.849609,-0.072086379,0.43610659,-0.093081683,0.29219353
14.851563,-0.075336382,0.43306851,-0.08146809,0.32909608
14.853516,-0.084370442,0.4148778,-0.064061671,0.32978621
14.855469,-0.083822742,0.41105509,-0.064704284,0.31805027
14.857422,-0.078693733,0.41385114,-0.049922332,0.31147635
14.859375,-0.078050844,0.4177798,-0.063292399,0.31094369
14.861328,-0.081294023,0.43254802,-0.071180701,0.31732306
14.863281,-0.090825312,0.43160203,-0.076276898,0.31641838
14.865234,-0.084218815,0.38973629,-0.080236882,0.31743014
14.867188,-0.076524474,0.37529358,-0.064169705,0.32324475
14.869141,-0.080887392,0.43141332,-0.060403436,0.33576778
14.871094,-0.081178837,0.45126343,-0.077809855,0.32844418
14.873047,-0.082842648,0.39535403,-0.073967218,0.29219022
14.875,-0.078833744,0.35119548,-0.068131551,0.28684753
14.876953,-0.079443529,0.40457574,-0.073713899,0.32218891
14.878906,-0.083386019,0.45522422,-0.071668714,0.34471011
14.880859,-0.08578372,0.41129094,-0.088883281,0.32139057
14.882813,-0.090398289,0.36722296,-0.081576124,0.28905067
14.884766,-0.09014567,0.37473944,-0.058086306,0.29792741
14.886719,-0.091501907,0.43018201,-0.060474217,0.33248788
14.888672,-0.081054159,0.4548462,-0.072246134,0.33701271
14.890625,-0.078569882,0.41784489,-0.070305258,0.29437089
14.892578,-0.08758159,0.37981817,-0.06398344,0.26747903
14.894531,-0.078503482,0.38887808,-0.068850532,0.30339721
14.896484,-0.083845593,0.44453949,-0.078042686,0.34404323
14.898438,-0.08272627,0.46423021,-0.0777428,0.33007765
14.900391,-0.079439364,0.42088658,-0.075665951,0.28536305
14.902344,-0.08603815,0.39516008,-0.079545841,0.28218451
14.904297,-0.08240144,0.43050447,-0.072955802,0.31364867
14.90625,-0.08924818,0.45838803,-0.086473018,0.33161336
14.908203,-0.083013736,0.44212005,-0.083177999,0.32104558
14.910156,-0.07974571,0.41990787,-0.069182083,0.29400697
14.912109,-0.078163765,0.43461511,-0.071918309,0.2999557
14.914063,-0.082130507,0.45238358,-0.069951355,0.326929
14.916016,-0.085366786,0.43300891,-0.080072969,0.34098512
14.917969,-0.079232112,0.42230871,-0.080331877,0.3234185
14.919922,-0.082679778,0.43907309,-0.063812077,0.29920503
14.921875,-0.079905458,0.45349172,-0.069150418,0.31901264
14.923828,-0.079436697,0.44909599,-0.081006154,0.35240096
14.925781,-0.083611943,0.43450439,-0.070336923,0.34319529
14.927734,-0.088040598,0.42852226,-0.073235199,0.30656815
14.929688,-0.075787298,0.4340038,-0.086033434,0.30663449
14.931641,-0.080190443,0.45317984,-0.073469892,0.34217438
14.933594,-0.09036155,0.45112151,-0.060666069,0.3660593
14.935547,-0.082196765,0.41447443,-0.072503179,0.35353291
14.9375,-0.085405514,0.41777071,-0.068442613,0.3121306
14.939453,-0.084803708,0.45081475,-0.066885442,0.3042199
14.941406,-0.072173394,0.45177633,-0.076973528,0.34799302
14.943359,-0.074125774,0.43100667,-0.067526191,0.37456235
14.945313,-0.084865645,0.42432386,-0.073883399,0.34281641
14.947266,-0.085971653,0.41052109,-0.07328549,0.311625
14.949219,-0.089582197,0.41704556,-0.055320278,0.33163691
14.951172,-0.081150517,0.46117711,-0.06384933,0.36135423
14.953125,-0.081549212,0.46901047,-0.081520244,0.35960829
14.955078,-0.089916281,0.42985427,-0.068040282,0.3237347
14.957031,-0.079008095,0.39765695,-0.061707288,0.3109017
14.958984,-0.076671571,0.43174627,-0.084578708,0.3498441
14.960938,-0.076616466,0.46540776,-0.077306941,0.3626391
14.962891,-0.071683742,0.44215658,-0.063990891,0.33149064
14.964844,-0.083239287,0.40809476,-0.062036976,0.3244217
14.966797,-0.087800793,0.39856464,-0.0639406,0.33179027
14.96875,-0.079244003,0.42642295,-0.066984162,0.32631719
14.970703,-0.081132986,0.4618791,-0.063219756,0.32580805
14.972656,-0.083901882,0.46185139,-0.064443514,0.32974872
14.974609,-0.073307455,0.40510496,-0.064782515,0.33084235
14.976563,-0.064225063,0.37364617,-0.081924438,0.32010365
14.978516,-0.074726693,0.4217476,-0.081440151,0.31589496
14.980469,-0.080150068,0.44640946,-0.067276597,0.33243138
14.982422,-0.078182355,0.3936469,-0.077265963,0.34257305
14.984375,-0.087703913,0.35745421,-0.073218435,0.32063675
14.986328,-0.084686272,0.39149067,-0.058756858,0.29551864
14.988281,-0.077718407,0.42839921,-0.071484312,0.31506959
14.990234,-0.086951651,0.42453504,-0.077832207,0.34069532
14.992188,-0.079214342,0.36790389,-0.075798199,0.31741786
14.994141,-0.073125705,0.32870451,-0.075453609,0.30159825
14.996094,-0.086402655,0.38260829,-0.071847528,0.33727366
14.998047,-0.08348348,0.42519161,-0.070925519,0.35395113
15.0,-0.07657174,0.39088497,-0.058900282,0.32311702
15.001953,-0.080272183,0.35386419,-0.064538509,0.30365705
15.003906,-0.079905502,0.36908862,-0.073240787,0.31886819
15.005859,-0.078011654,0.40250844,-0.074803546,0.33105069
15.007813,-0.082570322,0.40215081,-0.063914523,0.32316604
15.009766,-0.084689826,0.3660765,-0.048881114,0.32671875
15.011719,-0.07929039,0.34589079,-0.070772782,0.33448327
15.013672,-0.082357131,0.38668805,-0.078225225,0.31122881
15.015625,-0.086893849,0.42398068,-0.068654954,0.27871159
15.017578,-0.081820674,0.38931334,-0.074367687,0.2956959
15.019531,-0.086368866,0.34481359,-0.07946761,0.34836814
15.021484,-0.086381145,0.37704167,-0.080985665,0.33682215
15.023438,-0.083417304,0.42499802,-0.078346297,0.28651103
15.025391,-0.085771002,0.41901183,-0.089188755,0.2862106
15.027344,-0.078090675,0.37800932,-0.092524752,0.33023682
15.029297,-0.075181909,0.36583856,-0.07986249,0.35388333
15.03125,-0.078441679,0.41636455,-0.083766595,0.32798311
15.033203,-0.082737654,0.42497414,-0.068975329,0.31633255
15.035156,-0.081283972,0.38768667,-0.060179919,0.33130631
15.037109,-0.078231722,0.3844997,-0.070353687,0.34435058
15.039063,-0.083464898,0.41045845,-0.084766835,0.33562014
15.041016,-0.083104357,0.42762133,-0.093098447,0.32393548
15.042969,-0.084566422,0.40427214,-0.063815802,0.35157642
15.044922,-0.0784107,0.38328561,-0.085966378,0.38315713
15.046875,-0.069498897,0.3951332,-0.098604426,0.38343066
15.048828,-0.079428449,0.42393562,-0.080445498,0.35743037
15.050781,-0.079099633,0.41567582,-0.069774404,0.35212737
15.052734,-0.077222496,0.36466962,-0.055778489,0.39182359
15.054688,-0.084378287,0.37148586,-0.069843322,0.4098101
15.056641,-0.085505769,0.41976935,-0.058857441,0.38736218
15.058594,-0.079370439,0.43158573,-0.054865792,0.36460936
15.060547,-0.079904065,0.40074393,-0.060213447,0.36439896
15.0625,-0.08361531,0.36258766,-0.067876369,0.38999873
15.064453,-0.083122432,0.3685855,-0.087493747,0.40607855
15.066406,-0.092827782,0.41141492,-0.072747186,0.40236309
15.068359,-0.092875227,0.42099881,-0.054189652,0.39074075
15.070313,-0.089824207,0.38914049,-0.070532501,0.3795628
15.072266,-0.08752887,0.39563552,-0.061500534,0.38341904
15.074219,-0.09032879,0.43758297,-0.060977131,0.38009855
15.076172,-0.085359998,0.45307472,-0.073920652,0.36962712
15.078125,-0.072982773,0.4417645,-0.059317514,0.35958475
15.080078,-0.081234813,0.45706823,-0.062470973,0.36083066
15.082031,-0.083573394,0.48265877,-0.075101569,0.38556963
15.083984,-0.077168122,0.45681271,-0.082499996,0.38329017
15.085938,-0.075979128,0.44378093,-0.075835451,0.34593248
15.087891,-0.07750231,0.47197649,-0.076457575,0.33989707
15.089844,-0.079812072,0.46363977,-0.081691608,0.38186023
15.091797,-0.084621415,0.44750029,-0.08107321,0.39937097
15.09375,-0.082290687,0.45007202,-0.071365103,0.36116117
15.095703,-0.075644128,0.44069871,-0.0690815,0.33293056
15.097656,-0.076608568,0.43641335,-0.067157388,0.36501557
15.099609,-0.08203423,0.42917454,-0.064125001,0.40217382
15.101563,-0.08142402,0.41706291,-0.057862788,0.38447258
15.103516,-0.076651856,0.41144997,-0.051270887,0.34658855
15.105469,-0.081146613,0.42386636,-0.064916626,0.34607351
15.107422,-0.088961229,0.44366989,-0.063106135,0.36937931
15.109375,-0.077809215,0.42957932,-0.07356675,0.37568963
15.111328,-0.077066943,0.40130168,-0.082324907,0.36952826
15.113281,-0.084335476,0.41403461,-0.07697539,0.35921249
15.115234,-0.079082876,0.4340677,-0.074008197,0.36299577
15.117188,-0.086448833,0.42623481,-0.076845005,0.37514648
15.119141,-0.085867837,0.41426477,-0.070422605,0.36529398
15.121094,-0.075744942,0.40817508,-0.063657477,0.34823436
15.123047,-0.078755334,0.43436968,-0.080968902,0.34436601
15.125,-0.08345513,0.45026866,-0.073704585,0.35005346
15.126953,-0.075411312,0.41156265,-0.068185568,0.36531329
15.128906,-0.068599425,0.39165214,-0.068412811,0.38276497
15.130859,-0.07605169,0.42655298,-0.067878231,0.37595212
15.132813,-0.080757402,0.43837693,-0.06994018,0.34346384
15.134766,-0.076631457,0.40153253,-0.070592105,0.34314239
15.136719,-0.086019225,0.38320598,-0.089158952,0.37967366
15.138672,-0.083258383,0.40450427,-0.080095321,0.38716519
15.140625,-0.078664422,0.42457241,-0.079784259,0.36512539
15.142578,-0.082674682,0.42773554,-0.088346839,0.3642602
15.144531,-0.075557932,0.39527673,-0.072680131,0.38708469
15.146484,-0.074386775,0.35651577,-0.076962352,0.40027711
15.148438,-0.075283311,0.38844895,-0.071683615,0.38934526
15.150391,-0.077928498,0.43188655,-0.078048274,0.37772846
15.152344,-0.076806538,0.40964982,-0.085055545,0.39055166
15.154297,-0.075683042,0.36095807,-0.072875708,0.41437942
15.15625,-0.070282802,0.36594751,-0.074093878,0.43814677
15.158203,-0.076546744,0.41033366,-0.066041663,0.45164573
15.160156,-0.084970511,0.40117934,-0.056642756,0.45874277
15.162109,-0.07825914,0.34490031,-0.047683433,0.43750638
15.164063,-0.080533639,0.33343551,-0.065536886,0.40593067
15.166016,-0.073194586,0.38534057,-0.075239405,0.40472129
15.167969,-0.074145965,0.40452021,-0.068500355,0.43677634
15.169922,-0.085459106,0.35517338,-0.082364023,0.45906314
15.171875,-0.080629081,0.31177366,-0.062823012,0.4296481
15.173828,-0.072510421,0.32180294,-0.046537906,0.43313363
15.175781,-0.074234858,0.38254032,-0.063577384,0.44114178
15.177734,-0.081381194,0.39956197,-0.064246073,0.39913788
15.179688,-0.080683716,0.32042527,-0.070899442,0.36404234
15.181641,-0.079586431,0.27382889,-0.079946309,0.37817845
15.183594,-0.076668352,0.33089149,-0.071176976,0.41727984
15.185547,-0.077436633,0.39774963,-0.073758602,0.42413509
15.1875,-0.078125946,0.36692238,-0.065132692,0.39388984
15.189453,-0.088591434,0.28235012,-0.055661142,0.36182338
15.191406,-0.083241656,0.26491275,-0.057868376,0.37283194
15.193359,-0.063947119,0.33758408,-0.039647982,0.38675189
15.195313,-0.071989387,0.39773774,-0.029526368,0.37796277
15.197266,-0.074304827,0.33392388,-0.054474637,0.35554969
15.199219,-0.079534329,0.2326926,-0.07770741,0.31189913
15.201172,-0.083478048,0.24075681,-0.081592888,0.28806445
15.203125,-0.081606112,0.32626876,-0.082973108,0.33472157
15.205078,-0.084464379,0.37621674,-0.071061492,0.41578722
15.207031,-0.090960726,0.32581171,-0.072151139,0.40531385
15.208984,-0.092035092,0.2296225,-0.074812859,0.29141966
15.210938,-0.085643865,0.23662232,-0.053446457,0.23309994
15.212891,-0.087593213,0.3435761,-0.06876485,0.3075003
15.214844,-0.080084704,0.38009953,-0.077660844,0.38404381
15.216797,-0.07449545,0.30466196,-0.067332476,0.35285199
15.21875,-0.08082772,0.25684249,-0.075295284,0.29240912
15.220703,-0.076613285,0.29726049,-0.070433781,0.29528144
15.222656,-0.08266367,0.36009777,-0.068887785,0.33989945
15.224609,-0.083198674,0.37305617,-0.061308682,0.36780214
15.226563,-0.076080762,0.32185265,-0.07652463,0.34862736
15.228516,-0.083449021,0.29303193,-0.101119,0.30497813
15.230469,-0.072439671,0.33241665,-0.084368229,0.2999123
15.232422,-0.078282259,0.37701094,-0.069867536,0.35356364
15.234375,-0.085492715,0.3460924,-0.064331755,0.41887906
15.236328,-0.075045839,0.28773353,-0.065929905,0.40795305
15.238281,-0.078693226,0.3120138,-0.05630748,0.31272954
15.240234,-0.082663663,0.37250042,-0.064558998,0.27088934
15.242188,-0.08654388,0.35970148,-0.079082042,0.35160744
15.244141,-0.07965757,0.29883477,-0.069915965,0.43733796
15.246094,-0.08090125,0.29720426,-0.069157869,0.41047126
15.248047,-0.086808123,0.3517125,-0.068604663,0.32835844
15.25,-0.080454841,0.36811006,-0.074738353,0.32050896
15.251953,-0.089443482,0.33422154,-0.070562303,0.38962314
15.253906,-0.088158533,0.31453526,-0.072098985,0.41882741
15.255859,-0.078743361,0.33153516,-0.067470312,0.3758392
15.257813,-0.089235991,0.38047755,-0.063666791,0.33666772
15.259766,-0.07876382,0.40170005,-0.074272692,0.35620552
15.261719,-0.069472067,0.34983039,-0.073957905,0.3917824
15.263672,-0.08466126,0.32599097,-0.084014326,0.39386815
15.265625,-0.078168578,0.36788771,-0.092046052,0.38560808
15.267578,-0.077840172,0.39760923,-0.080967039,0.38099357
15.269531,-0.079214223,0.39854521,-0.072624251,0.39149964
15.271484,-0.07562954,0.37082824,-0.068388596,0.41808048
15.273438,-0.081673957,0.35882512,-0.062163636,0.43367836
15.275391,-0.080322377,0.38917947,-0.069768816,0.40548289
15.277344,-0.07956396,0.39805731,-0.061608568,0.36993212
15.279297,-0.077588208,0.38447723,-0.065991372,0.38893381
15.28125,-0.081749111,0.37610707,-0.075682715,0.43894616
15.283203,-0.071101427,0.37264001,-0.066470072,0.45055518
15.285156,-0.072913766,0.37551627,-0.069679409,0.41199902
15.287109,-0.083322808,0.37836739,-0.065657958,0.39633253
15.289063,-0.078778274,0.36522061,-0.066162735,0.42331621
15.291016,-0.082841963,0.35892242,-0.067317575,0.44761759
15.292969,-0.076839641,0.37669346,-0.056536585,0.43107536
15.294922,-0.08425162,0.38881928,-0.062204614,0.40357867
15.296875,-0.088671289,0.38190946,-0.06532082,0.40730274
15.298828,-0.083511092,0.35944024,-0.058283746,0.41791967
15.300781,-0.084005326,0.36556742,-0.063791588,0.43141642
15.302734,-0.079249933,0.40106523,-0.063657477,0.42024973
15.304688,-0.079403974,0.40896392,-0.07273601,0.39541888
15.306641,-0.081213318,0.39772192,-0.065149456,0.39692751
15.308594,-0.082933702,0.37023172,-0.051349118,0.40948454
15.310547,-0.076934181,0.37105581,-0.063422784,0.42413944
15.3125,-0.073530734,0.42254898,-0.059349179,0.40172225
15.314453,-0.075403981,0.44688526,-0.055782214,0.36064744
15.316406,-0.078982331,0.40981618,-0.056737751,0.36103415
15.318359,-0.075050667,0.36014631,-0.061612293,0.38940829
15.320313,-0.07392481,0.38525501,-0.071888506,0.39182255
15.322266,-0.087662719,0.43902966,-0.074263379,0.36096215
15.324219,-0.077531032,0.42740259,-0.0788697,0.34865662
15.326172,-0.075731397,0.38327944,-0.072430536,0.37057844
15.328125,-0.086809233,0.3838813,-0.066509187,0.39553642
15.330078,-0.079498321,0.4133538,-0.057259291,0.38258255
15.332031,-0.084720381,0.42640129,-0.056320518,0.34829471
15.333984,-0.083016813,0.41577151,-0.083874628,0.33450201
15.335938,-0.0766837,0.39317194,-0.087646484,0.34610903
15.337891,-0.078295216,0.40997183,-0.070657298,0.37523848
15.339844,-0.073252276,0.44191131,-0.078113467,0.40169409
15.341797,-0.074330091,0.43489659,-0.075202152,0.38631031
15.34375,-0.077679373,0.39310697,-0.072277799,0.34386647
15.345703,-0.078092456,0.38705117,-0.081773564,0.34855387
15.347656,-0.07539133,0.44221225,-0.061569452,0.38998789
15.349609,-0.077071466,0.46233428,-0.061221138,0.41061056
15.351563,-0.075073756,0.41569889,-0.073754877,0.39064801
15.353516,-0.068727806,0.38071853,-0.078042686,0.35917369
15.355469,-0.077535719,0.40887812,-0.068500355,0.36907849
15.357422,-0.08082585,0.43871501,-0.054450423,0.4157533
15.359375,-0.076020472,0.41188815,-0.066753194,0.44054258
15.361328,-0.089215316,0.39065492,-0.067930385,0.40303129
15.363281,-0.088198714,0.41040653,-0.063787863,0.35951322
15.365234,-0.070581235,0.41728282,-0.07482031,0.38264605
15.367188,-0.076488204,0.42374051,-0.077642217,0.42882738
15.369141,-0.07895866,0.41584614,-0.06600441,0.42988735
15.371094,-0.08013656,0.37668765,-0.07251063,0.40527833
15.373047,-0.088983148,0.38529947,-0.074941382,0.38901097
15.375,-0.081181191,0.43000376,-0.064411849,0.38831729
15.376953,-0.077827789,0.44820926,-0.076239645,0.41563478
15.378906,-0.078285895,0.42281094,-0.068906412,0.43522444
15.380859,-0.07442835,0.39642107,-0.06432803,0.41576132
15.382813,-0.080046766,0.40642464,-0.067585796,0.3909311
15.384766,-0.084678374,0.42638755,-0.051811054,0.39878982
15.386719,-0.084765144,0.4319182,-0.061632782,0.43003288
15.388672,-0.081942447,0.42691281,-0.074511111,0.43749797
15.390625,-0.081016496,0.43267444,-0.072173491,0.40506253
15.392578,-0.086321697,0.44164297,-0.071119234,0.3854388
15.394531,-0.08361531,0.44481784,-0.069437265,0.42364156
15.396484,-0.073920391,0.44803905,-0.063515916,0.45743245
15.398438,-0.077364556,0.4643648,-0.062498912,0.42993668
15.400391,-0.084769793,0.47031409,-0.074706689,0.38222077
15.402344,-0.079671465,0.45808139,-0.07569389,0.38253811
15.404297,-0.073726915,0.46008769,-0.065846086,0.42740914
15.40625,-0.074923806,0.47437441,-0.069541574,0.45031607
15.408203,-0.074504845,0.47173935,-0.060921252,0.42392522
15.410156,-0.072271198,0.45632991,-0.058063954,0.38920745
15.412109,-0.074665613,0.458904,-0.061873063,0.39267552
15.414063,-0.076936692,0.44608712,-0.060885862,0.4215574
15.416016,-0.07319732,0.43289843,-0.070115268,0.43020093
15.417969,-0.078438081,0.44582739,-0.059852093,0.40900013
15.419922,-0.088139474,0.44325125,-0.065283567,0.39872932
15.421875,-0.072109632,0.41463602,-0.061975509,0.40268496
15.423828,-0.064610943,0.41718388,-0.053876728,0.40687734
15.425781,-0.078547157,0.4473139,-0.064037457,0.4124147
15.427734,-0.079620935,0.41497698,-0.055091172,0.39795214
15.429688,-0.076491624,0.36247322,-0.048057824,0.37402937
15.431641,-0.077261768,0.3906087,-0.051311865,0.3769505
15.433594,-0.076344274,0.44700447,-0.064864472,0.38910562
15.435547,-0.075845458,0.43555561,-0.070247516,0.37261003
15.4375,-0.077057198,0.38173983,-0.073451266,0.34936491
15.439453,-0.076910809,0.35476896,-0.075701341,0.36451796
15.441406,-0.083858185,0.37642536,-0.066438407,0.39863211
15.443359,-0.083142288,0.41382098,-0.070308983,0.39516291
15.445313,-0.077179417,0.42373759,-0.081296727,0.35356522
15.447266,-0.079248786,0.38361365,-0.069824696,0.32032239
15.449219,-0.077359535,0.34922981,-0.062511951,0.34738323
15.451172,-0.078758568,0.38530365,-0.058401093,0.3974213
15.453125,-0.084395453,0.43055674,-0.068384871,0.39431864
15.455078,-0.075699009,0.41398978,-0.079236642,0.34375083
15.457031,-0.066972755,0.367248,-0.066062152,0.32416323
15.458984,-0.077253833,0.38628736,-0.059311926,0.37754136
15.460938,-0.072553575,0.42302036,-0.047146991,0.42049807
15.462891,-0.073103912,0.39816687,-0.054262295,0.3911061
15.464844,-0.078712605,0.37714678,-0.067777649,0.32685775
15.466797,-0.084422983,0.38250318,-0.068483591,0.31326616
15.46875,-0.084939264,0.39254737,-0.059816703,0.37177348
15.470703,-0.068513639,0.39835545,-0.075807512,0.42354524
15.472656,-0.080498524,0.4003998,-0.090548486,0.39748344
15.474609,-0.086579315,0.38068512,-0.073041484,0.32443461
15.476563,-0.082272395,0.35394022,-0.07344754,0.32052091
15.478516,-0.085544452,0.38449422,-0.062815562,0.39379808
15.480469,-0.080305927,0.42673412,-0.072646603,0.42420334
15.482422,-0.080338754,0.41130733,-0.094836295,0.37438303
15.484375,-0.076979794,0.38312435,-0.076764911,0.32047585
15.486328,-0.068923406,0.38527235,-0.055156365,0.35073209
15.488281,-0.073251344,0.3995564,-0.062815562,0.44198692
15.490234,-0.076684549,0.406037,-0.081827581,0.45131099
15.492188,-0.076518357,0.40582243,-0.068830043,0.35641745
15.494141,-0.082360111,0.3998352,-0.05987072,0.31428128
15.496094,-0.081339262,0.39111638,-0.068288013,0.39627624
15.498047,-0.083335482,0.40537751,-0.064052358,0.47009796
15.5,-0.08598084,0.42806196,-0.058160812,0.43558213
15.501953,-0.075591356,0.40519321,-0.066749468,0.36255363
15.503906,-0.080600388,0.37463954,-0.070400253,0.34524217
15.505859,-0.080172643,0.39393038,-0.062456071,0.39624935
15.507813,-0.072956353,0.41966864,-0.066006273,0.45931599
15.509766,-0.08558125,0.41880506,-0.069023758,0.44290379
15.511719,-0.082890756,0.39166483,-0.071271971,0.35821059
15.513672,-0.072647586,0.3908256,-0.064827219,0.33484322
15.515625,-0.078846857,0.43841302,-0.063061431,0.40769383
15.517578,-0.08396221,0.44561076,-0.068967879,0.46830994
15.519531,-0.080451973,0.4068923,-0.073514596,0.42002684
15.521484,-0.083033286,0.39671981,-0.078651771,0.34022772
15.523438,-0.075540468,0.42928177,-0.064262837,0.35243854
15.525391,-0.075790584,0.45309508,-0.064665169,0.43590575
15.527344,-0.080011874,0.4436112,-0.066030487,0.47307119
15.529297,-0.076280527,0.41381842,-0.0674759,0.39428222
15.53125,-0.08224605,0.40654352,-0.079516038,0.32440194
15.533203,-0.071157612,0.4441793,-0.071001887,0.37189758
15.535156,-0.073178649,0.47123107,-0.068042144,0.46022272
15.537109,-0.07757999,0.4528257,-0.064901724,0.47551981
15.539063,-0.077154025,0.40245152,-0.071303636,0.40473169
15.541016,-0.086818613,0.40077874,-0.078035235,0.35520238
15.542969,-0.078875877,0.45837894,-0.066157147,0.38741574
15.544922,-0.074844949,0.47509784,-0.07905969,0.45979851
15.546875,-0.082910649,0.43781477,-0.066157147,0.47221431
15.548828,-0.078341767,0.4041293,-0.043581888,0.41246587
15.550781,-0.071084358,0.42041498,-0.054228768,0.38578549
15.552734,-0.06816218,0.46010691,-0.065497771,0.40548816
15.554688,-0.069620878,0.45988011,-0.070066839,0.42336795
15.556641,-0.078175262,0.42343992,-0.058222279,0.4375217
15.558594,-0.072836041,0.39874253,-0.058613434,0.43714014
15.560547,-0.078146391,0.42095259,-0.061418578,0.41547075
15.5625,-0.083001718,0.45782503,-0.0695602,0.40295222
15.564453,-0.07555718,0.45215702,-0.070210263,0.42141899
15.566406,-0.071356021,0.40931198,-0.06003277,0.43276045
15.568359,-0.079326607,0.38723314,-0.08004503,0.41555882
15.570313,-0.087250009,0.4137353,-0.077400073,0.40191588
15.572266,-0.075203411,0.43481568,-0.062850952,0.40852931
15.574219,-0.06958393,0.42511269,-0.071195602,0.43648532
15.576172,-0.070842303,0.41297489,-0.054815501,0.43215674
15.578125,-0.077708587,0.40195978,-0.056033671,0.40137118
15.580078,-0.075749859,0.40402603,-0.068865433,0.40181309
15.582031,-0.075558558,0.41407514,-0.060040221,0.41938248
15.583984,-0.08039996,0.41307557,-0.058281884,0.42562693
15.585938,-0.079685859,0.40866101,-0.061614156,0.41860417
15.587891,-0.072543643,0.40716773,-0.060576662,0.41175434
15.589844,-0.073097564,0.41113353,-0.05374448,0.40384361
15.591797,-0.075887665,0.39960131,-0.083349362,0.40434679
15.59375,-0.072391205,0.38963163,-0.08984068,0.4019708
15.595703,-0.079633012,0.40184233,-0.062277257,0.4018552
15.597656,-0.078708924,0.39297137,-0.069943905,0.43285289
15.599609,-0.082696572,0.38461354,-0.066172048,0.4376522
15.601563,-0.082015127,0.403611,-0.058546379,0.39032573
15.603516,-0.076046638,0.41438979,-0.076114848,0.37552345
15.605469,-0.07568118,0.40155336,-0.068178117,0.41339073
15.607422,-0.077679746,0.37679592,-0.062338725,0.43063238
15.609375,-0.079334296,0.37966391,-0.072110161,0.41671753
15.611328,-0.07268481,0.40600508,-0.067481488,0.40569007
15.613281,-0.076360226,0.4144153,-0.070631221,0.4050703
15.615234,-0.081443384,0.40223777,-0.066280082,0.41287759
15.617188,-0.082715228,0.38669714,-0.062348038,0.42165029
15.619141,-0.078893416,0.39223421,-0.072970703,0.42376727
15.621094,-0.072771877,0.41933033,-0.069636568,0.42121446
15.623047,-0.075822838,0.42691737,-0.069372073,0.4119415
15.625,-0.076431453,0.3942489,-0.068029106,0.41389015
15.626953,-0.079021305,0.37128329,-0.057745442,0.43573099
15.628906,-0.084978655,0.39496845,-0.072469652,0.44130704
15.630859,-0.080059439,0.43532535,-0.065564826,0.41502982
15.632813,-0.071185485,0.43463838,-0.060030907,0.3926625
15.634766,-0.080877431,0.40568578,-0.065875888,0.42545933
15.636719,-0.077496774,0.39977956,-0.065678447,0.46083176
15.638672,-0.073083498,0.40551499,-0.073626354,0.4394972
15.640625,-0.077284433,0.42546532,-0.067518741,0.40560496
15.642578,-0.065921582,0.43269145,-0.077100188,0.41358635
15.644531,-0.073632233,0.41136557,-0.077381447,0.45489261
15.646484,-0.081026234,0.39420012,-0.061079577,0.45791805
15.648438,-0.076145805,0.39777187,-0.057022735,0.43514207
15.650391,-0.072924495,0.42572248,-0.069550887,0.4326762
15.652344,-0.072527945,0.43386513,-0.071843803,0.43314791
15.654297,-0.072926097,0.40599427,-0.068366244,0.43855825
15.65625,-0.080828846,0.38075507,-0.064452827,0.45310104
15.658203,-0.075074211,0.39182478,-0.05580084,0.46906629
15.660156,-0.070331872,0.42261955,-0.061841398,0.4655394
15.662109,-0.083776779,0.42649186,-0.064491943,0.44822311
15.664063,-0.080156572,0.38988066,-0.066416055,0.44252622
15.666016,-0.073953912,0.36944753,-0.053988487,0.4502565
15.667969,-0.069201455,0.40159169,-0.059570834,0.46869352
15.669922,-0.080915034,0.4334535,-0.07298933,0.456889
15.671875,-0.083750479,0.4034088,-0.044272929,0.44043151
15.673828,-0.079421006,0.35707772,-0.05325833,0.45130742
15.675781,-0.085266344,0.38768294,-0.076617762,0.45468861
15.677734,-0.080382355,0.43272591,-0.062813699,0.43350217
15.679688,-0.067924716,0.43176407,-0.074565127,0.42338142
15.681641,-0.067245349,0.40022111,-0.082367748,0.45683804
15.683594,-0.080042258,0.36498395,-0.06847614,0.45957938
15.685547,-0.069664218,0.37175956,-0.063409746,0.43201065
15.6875,-0.083109863,0.42127749,-0.055931225,0.42817235
15.689453,-0.083722509,0.44571635,-0.057004109,0.43574631
15.691406,-0.076776393,0.39577299,-0.071337163,0.43620449
15.693359,-0.086907715,0.37643886,-0.075593308,0.42254972
15.695313,-0.072505131,0.42397881,-0.06882818,0.43324289
15.697266,-0.075316451,0.44616851,-0.060731262,0.4638449
15.699219,-0.073228233,0.41706735,-0.059529856,0.46430728
15.701172,-0.076826416,0.38327697,-0.066064015,0.43141931
15.703125,-0.074383117,0.40609044,-0.066684276,0.41261095
15.705078,-0.070880927,0.440117,-0.068099886,0.43896562
15.707031,-0.074430272,0.43828148,-0.070124581,0.45872509
15.708984,-0.07122609,0.41672602,-0.06128633,0.44790608
15.710938,-0.079329513,0.39028507,-0.062904969,0.43663868
15.712891,-0.073923483,0.40547577,-0.072901785,0.44018999
15.714844,-0.074016407,0.43684888,-0.067136899,0.43886584
15.716797,-0.082314253,0.4367483,-0.074237302,0.43241817
15.71875,-0.072481766,0.40593594,-0.056421101,0.45368987
15.720703,-0.062866732,0.38173309,-0.040635183,0.46713421
15.722656,-0.082568616,0.41651368,-0.06000483,0.44206238
15.724609,-0.080171056,0.43262997,-0.049369127,0.40547758
15.726563,-0.076756597,0.39127308,-0.052388474,0.40870786
15.728516,-0.077471845,0.3878662,-0.06606029,0.44621757
15.730469,-0.062289838,0.42857534,-0.077971905,0.44959515
15.732422,-0.083263971,0.43510288,-0.078748628,0.41567472
15.734375,-0.073258512,0.39164889,-0.072659642,0.41041967
15.736328,-0.068003014,0.36847395,-0.069897339,0.44688374
15.738281,-0.09054438,0.40515399,-0.057276055,0.44815269
15.740234,-0.082178585,0.43396595,-0.055543795,0.40697351
15.742188,-0.074412085,0.41754082,-0.043436602,0.39325374
15.744141,-0.076280966,0.40468344,-0.0629832,0.41183481
15.746094,-0.077610105,0.39215866,-0.083761007,0.42043418
15.748047,-0.080337353,0.40063345,-0.062463522,0.4070344
15.75,-0.077973902,0.43508109,-0.077657118,0.41565013
15.751953,-0.071835898,0.42834881,-0.083980799,0.44827616
15.753906,-0.074771903,0.40339378,-0.063338965,0.42650524
15.755859,-0.07018923,0.4075824,-0.064145491,0.39787793
15.757813,-0.071669206,0.43387026,-0.061556414,0.42002603
15.759766,-0.084085196,0.42922553,-0.054690704,0.43204096
15.761719,-0.080343105,0.39715159,-0.058728918,0.41399968
15.763672,-0.074766561,0.41905221,-0.078787744,0.39575973
15.765625,-0.081837386,0.46185127,-0.069819108,0.41497716
15.767578,-0.071441032,0.43952549,-0.062562242,0.44839805
15.769531,-0.074926406,0.39346519,-0.062506363,0.44715464
15.771484,-0.083110929,0.40650952,-0.049952134,0.41350383
15.773438,-0.067639574,0.44082794,-0.064357832,0.39837503
15.775391,-0.07263238,0.44467407,-0.061308682,0.41749543
15.777344,-0.071397431,0.43842676,-0.063238382,0.42718932
15.779297,-0.075429291,0.41796935,-0.071400493,0.41714123
15.78125,-0.082136355,0.4017266,-0.062389016,0.42627791
15.783203,-0.070159279,0.42135981,-0.05987817,0.43205351
15.785156,-0.07571923,0.45516473,-0.057175472,0.41100308
15.787109,-0.079581313,0.43845099,-0.059498191,0.39834371
15.789063,-0.075964816,0.38626713,-0.072039381,0.40399313
15.791016,-0.083270602,0.39872321,-0.079532802,0.41358951
15.792969,-0.073752843,0.44322169,-0.055191755,0.40178871
15.794922,-0.070980743,0.44367105,-0.067239344,0.40850335
15.796875,-0.085491009,0.41507897,-0.07725665,0.42843837
15.798828,-0.073973462,0.39205191,-0.060137078,0.41491318
15.800781,-0.072301693,0.40762675,-0.082628518,0.39425385
15.802734,-0.077240519,0.44298083,-0.071515977,0.40012509
15.804688,-0.078362226,0.44504276,-0.065859124,0.42379436
15.806641,-0.079663597,0.40884387,-0.078035235,0.43480027
15.808594,-0.075982772,0.39046133,-0.075887606,0.41842991
15.810547,-0.080639489,0.42546707,-0.072458476,0.39871711
15.8125,-0.07318829,0.46124393,-0.065169945,0.42819685
15.814453,-0.078876451,0.44658655,-0.077798679,0.46189219
15.816406,-0.076951936,0.39966825,-0.08055912,0.44579381
15.818359,-0.073432505,0.400177,-0.065337583,0.42081958
15.820313,-0.074904718,0.45309404,-0.06070146,0.43854854
15.822266,-0.067203738,0.47168231,-0.070189774,0.48546177
15.824219,-0.077487051,0.43347073,-0.060027182,0.4802489
15.826172,-0.076946408,0.39177495,-0.059440449,0.4475944
15.828125,-0.073322967,0.41594905,-0.078765392,0.45279485
15.830078,-0.070346288,0.4697645,-0.057501435,0.44661453
15.832031,-0.07409133,0.46641022,-0.045207977,0.44684035
15.833984,-0.07532198,0.41062388,-0.056221798,0.4610416
15.835938,-0.071154326,0.38793615,-0.055683494,0.41586334
15.837891,-0.076174743,0.43422905,-0.05415985,0.40820494
15.839844,-0.073015071,0.46927601,-0.046858281,0.44409165
15.841797,-0.07833758,0.44224334,-0.062156186,0.42046276
15.84375,-0.077513844,0.39903986,-0.075956523,0.38588643
15.845703,-0.072728343,0.40810698,-0.072043106,0.36503541
15.847656,-0.078411154,0.44822359,-0.06987685,0.37940136
15.849609,-0.07268057,0.45923799,-0.06445469,0.41936457
15.851563,-0.073190458,0.42099032,-0.062156186,0.41454005
15.853516,-0.078752242,0.38864082,-0.07190527,0.36830342
15.855469,-0.0797842,0.42462701,-0.082526073,0.33873793
15.857422,-0.081420399,0.46065673,-0.058164537,0.36883387
15.859375,-0.080357425,0.45106599,-0.064920351,0.4259418
15.861328,-0.076126426,0.41748691,-0.073872223,0.42875236
15.863281,-0.076294884,0.41709495,-0.062636748,0.3681623
15.865234,-0.076273024,0.46077001,-0.064987406,0.33835998
15.867188,-0.079203293,0.46928987,-0.05423063,0.39110798
15.869141,-0.074554943,0.44747654,-0.056247875,0.43749961
15.871094,-0.065156356,0.44209641,-0.053468809,0.40627867
15.873047,-0.083114788,0.46926227,-0.064950153,0.35378113
15.875,-0.075753219,0.47264612,-0.062482148,0.35004985
15.876953,-0.06954129,0.45796078,-0.07315138,0.39847708
15.878906,-0.078825101,0.47669795,-0.081060171,0.43255493
15.880859,-0.076749325,0.47228524,-0.055513993,0.40511587
15.882813,-0.07610967,0.46581569,-0.060179919,0.36892217
15.884766,-0.07295496,0.47468105,-0.07604593,0.365069
15.886719,-0.081671752,0.46866018,-0.085327491,0.37941259
15.888672,-0.073055856,0.45671329,-0.069161594,0.40297028
15.890625,-0.073661946,0.46313986,-0.061381325,0.4131436
15.892578,-0.078634962,0.47634149,-0.056901664,0.39454499
15.894531,-0.072247364,0.45552433,-0.052107215,0.37504086
15.896484,-0.072771028,0.44672135,-0.054461598,0.38059142
15.898438,-0.068539955,0.46387246,-0.058812737,0.39793998
15.900391,-0.07787133,0.4640868,-0.069930866,0.39836934
15.902344,-0.076602511,0.44494289,-0.068619564,0.38335907
15.904297,-0.078259282,0.44111234,-0.065514535,0.38638431
15.90625,-0.082974315,0.45948687,-0.063009277,0.41561452
15.908203,-0.071379788,0.45548755,-0.060289815,0.41313308
15.910156,-0.076125853,0.45143908,-0.069748327,0.37167144
15.912109,-0.07223428,0.45848048,-0.066175774,0.35850865
15.914063,-0.06971126,0.44831437,-0.052049473,0.38694853
15.916016,-0.077398904,0.44613776,-0.057412028,0.4202542
15.917969,-0.075616546,0.44310376,-0.061137319,0.39647573
15.919922,-0.075932615,0.44828168,-0.064730361,0.35457635
15.921875,-0.076466456,0.46282589,-0.06045559,0.36812243
15.923828,-0.072764836,0.45867941,-0.053235978,0.39846
15.925781,-0.069778852,0.45303571,-0.04713954,0.40656349
15.927734,-0.074294642,0.44961113,-0.058090031,0.37986904
15.929688,-0.079262868,0.44326848,-0.073943004,0.34915978
15.931641,-0.07720311,0.44173402,-0.054957062,0.34593105
15.933594,-0.073049635,0.45317507,-0.061237901,0.37171096
15.935547,-0.075402513,0.46321961,-0.057957783,0.40070114
15.9375,-0.0789489,0.45719165,-0.057276055,0.378741
15.939453,-0.080401048,0.4477649,-0.072976291,0.32978982
15.941406,-0.069670774,0.45212746,-0.06722258,0.32018942
15.943359,-0.068891108,0.4631798,-0.075276658,0.36015382
15.945313,-0.075853072,0.46534735,-0.083526313,0.4045504
15.947266,-0.071659818,0.45133826,-0.082086489,0.38688725
15.949219,-0.075356618,0.44049117,-0.055275574,0.33095568
15.951172,-0.0667831,0.45002407,-0.060109138,0.33845416
15.953125,-0.067317463,0.46441019,-0.07200399,0.39053777
15.955078,-0.078510039,0.46343255,-0.067840979,0.38800654
15.957031,-0.068875805,0.44031072,-0.080452949,0.34572247
15.958984,-0.071679935,0.43045661,-0.063860506,0.34404242
15.960938,-0.080653884,0.44966933,-0.056422964,0.38714838
15.962891,-0.080821119,0.45356041,-0.075921133,0.4190307
15.964844,-0.071843825,0.43515292,-0.077314392,0.39461175
15.966797,-0.070408449,0.43311706,-0.06446214,0.35199079
15.96875,-0.070569813,0.43939638,-0.063894033,0.36955792
15.970703,-0.071902983,0.43498692,-0.072618663,0.42403087
15.972656,-0.080201134,0.42846453,-0.066075191,0.42755809
15.974609,-0.078946464,0.42516682,-0.060345694,0.38706067
15.976563,-0.080933675,0.43515643,-0.060980856,0.37634972
15.978516,-0.072354473,0.44989517,-0.063458174,0.39191443
15.980469,-0.082089856,0.45704773,-0.060679108,0.40997505
15.982422,-0.071349457,0.44032863,-0.048570052,0.42254794
15.984375,-0.061270062,0.42299044,-0.060151979,0.41243902
15.986328,-0.065364286,0.44990414,-0.053323522,0.38173214
15.988281,-0.062637612,0.45597044,-0.068030968,0.37102744
15.990234,-0.081818394,0.42476648,-0.071104333,0.40702927
15.992188,-0.075468697,0.41304684,-0.056301892,0.42854226
15.994141,-0.073424496,0.43230239,-0.067688242,0.40089822
15.996094,-0.065633774,0.46595013,-0.057171747,0.3689529
15.998047,-0.070635855,0.45997941,-0.077182144,0.37794739
