trial_id,condition,noise_seed,offset_id,start_radius,start_angle_rad,start_x,start_y,status,success,transition_time,first_entry_time,relapse,control_cost_l2,control_effort_l1,endpoint_x,endpoint_y,endpoint_distance_to_c2,endpoint_nearest_cluster,min_distance_to_c2,path_length,steps_completed
O00-N00-free_field,free_field,0,0,0.0,,11.0,28.5,TIMEOUT,False,,,False,0.0,0.0,12.109280262897162,32.3752155317981,6.525141719843876,C3,3.4307323978675583,5.384883806777737,1250
O00-N00-minimal_control,minimal_control,0,0,0.0,,11.0,28.5,SUCCESS,True,3.7800000000000002,3.8200000000000003,False,0.40000000000000324,2.0000000000000013,13.29336168041754,25.823232665056565,0.27193029589008144,C2,0.15254840420484445,7.423544822845283,1250
O00-N00-capture_hook_lock_off,capture_hook_lock_off,0,0,0.0,,11.0,28.5,SUCCESS,True,1.22,1.24,False,2.9220276501614126,1.8733977104160189,13.293361680417508,25.823232665056477,0.2719302958901635,C2,0.01754011948265727,6.214935248120956,1250
O00-N00-capture_hook_lock_on,capture_hook_lock_on,0,0,0.0,,11.0,28.5,SUCCESS,True,1.22,1.24,False,3.6518145926466086,5.994428865106049,13.39873990285221,25.89279898479861,0.14746411405690743,C2,0.007769979061124748,6.1677812158797645,1250
O00-N01-free_field,free_field,1,0,0.0,,11.0,28.5,TIMEOUT,False,,,False,0.0,0.0,12.753599718362524,32.1405364408229,6.185733680130633,C3,3.408786430691062,5.339665418593808,1250
O00-N01-minimal_control,minimal_control,1,0,0.0,,11.0,28.5,SUCCESS,True,3.6,3.66,False,0.40000000000000324,2.0000000000000013,13.30184161252782,25.827937691781333,0.2624351051881401,C2,0.14411060951416638,7.2925871270562395,1250
O00-N01-capture_hook_lock_off,capture_hook_lock_off,1,0,0.0,,11.0,28.5,SUCCESS,True,1.22,1.24,False,2.9357291816862126,1.8773131778186083,13.301841612527769,25.827937691781234,0.2624351051882442,C2,0.028468282995229396,6.202102347549535,1250
O00-N01-capture_hook_lock_on,capture_hook_lock_on,1,0,0.0,,11.0,28.5,SUCCESS,True,1.22,1.24,False,3.6560258469306364,5.9765026872156355,13.403584628620598,25.897062944563743,0.14103886421875053,C2,0.01780180288374001,6.141348737995758,1250
O00-N02-free_field,free_field,2,0,0.0,,11.0,28.5,TIMEOUT,False,,,False,0.0,0.0,12.913384396065842,32.07171101365589,6.099982991790166,C3,3.3955335029285556,5.303473680920506,1250
O00-N02-minimal_control,minimal_control,2,0,0.0,,11.0,28.5,SUCCESS,True,3.54,3.58,False,0.40000000000000324,2.0000000000000013,13.28805674286117,25.815634073596033,0.28091055349596494,C2,0.1473417414316901,7.235939687033492,1250
O00-N02-capture_hook_lock_off,capture_hook_lock_off,2,0,0.0,,11.0,28.5,SUCCESS,True,1.22,1.24,False,2.9450063916248146,1.8799586696463964,13.288056742861114,25.81563407359594,0.28091055349606714,C2,0.023332088432565977,6.186298090998493,1250
O00-N02-capture_hook_lock_on,capture_hook_lock_on,2,0,0.0,,11.0,28.5,SUCCESS,True,1.22,1.24,False,3.657824092609678,5.956724716038162,13.39336463534304,25.888196254666447,0.15450300471554834,C2,0.01375844072996418,6.133913805940828,1250
O00-N03-free_field,free_field,3,0,0.0,,11.0,28.5,TIMEOUT,False,,,False,0.0,0.0,12.808085109395638,32.10935374340019,6.148410313067759,C3,3.3792466014616283,5.345179424248507,1250
O00-N03-minimal_control,minimal_control,3,0,0.0,,11.0,28.5,SUCCESS,True,3.58,3.64,False,0.40000000000000324,2.0000000000000013,13.303843691756871,25.821722168440626,0.26506656237459664,C2,0.13796753668615677,7.245540796979162,1250
O00-N03-capture_hook_lock_off,capture_hook_lock_off,3,0,0.0,,11.0,28.5,SUCCESS,True,1.22,1.24,False,2.9522593351753676,1.881995412158659,13.303843691756839,25.821722168440495,0.26506656237470866,C2,0.0176000128592047,6.188003452186197,1250
O00-N03-capture_hook_lock_on,capture_hook_lock_on,3,0,0.0,,11.0,28.5,SUCCESS,True,1.22,1.24,False,3.6706899440771803,5.974283800468231,13.404133018669683,25.891650677419868,0.14467222889331915,C2,0.010488307174792447,6.135975461191674,1250
O00-N04-free_field,free_field,4,0,0.0,,11.0,28.5,TIMEOUT,False,,,False,0.0,0.0,13.10282967288167,31.99748376934771,6.010620253545594,C3,3.374854728943568,5.355092680889665,1250
O00-N04-minimal_control,minimal_control,4,0,0.0,,11.0,28.5,SUCCESS,True,3.46,3.52,False,0.40000000000000324,2.0000000000000013,13.29861474048188,25.827640643982438,0.26507314152506845,C2,0.13929916076999993,7.233304043851661,1250
O00-N04-capture_hook_lock_off,capture_hook_lock_off,4,0,0.0,,11.0,28.5,SUCCESS,True,1.22,1.24,False,2.9550125693850777,1.8826721972758484,13.298614740481835,25.827640643982342,0.2650731415251659,C2,0.025522660749207553,6.239769044806735,1250
O00-N04-capture_hook_lock_on,capture_hook_lock_on,4,0,0.0,,11.0,28.5,SUCCESS,True,1.22,1.24,False,3.66939610321198,5.968793975435151,13.400593701658229,25.897882981507397,0.1425113946876942,C2,0.01642754785537893,6.188932066361995,1250
O00-N05-free_field,free_field,5,0,0.0,,11.0,28.5,TIMEOUT,False,,,False,0.0,0.0,12.69100341672694,32.18005546529669,6.232781163003477,C3,3.4058625901938857,5.362076616039783,1250
O00-N05-minimal_control,minimal_control,5,0,0.0,,11.0,28.5,SUCCESS,True,3.6,3.64,False,0.40000000000000324,2.0000000000000013,13.299771109494598,25.821147134007216,0.26847710566612015,C2,0.14886283276396886,7.274527710920738,1250
O00-N05-capture_hook_lock_off,capture_hook_lock_off,5,0,0.0,,11.0,28.5,SUCCESS,True,1.22,1.24,False,2.9420980377468164,1.879072672040978,13.299771109494529,25.821147134007106,0.2684771056662452,C2,0.02023979506612858,6.203081247548282,1250
O00-N05-capture_hook_lock_on,capture_hook_lock_on,5,0,0.0,,11.0,28.5,SUCCESS,True,1.22,1.24,False,3.651641461675847,5.94582371480238,13.402391527714736,25.89015800936207,0.1469444683176811,C2,0.016423929391992203,6.151414278521636,1250
O00-N06-free_field,free_field,6,0,0.0,,11.0,28.5,TIMEOUT,False,,,False,0.0,0.0,12.942813002751537,32.07577697981657,6.101272265550168,C3,3.384247162430352,5.321422598257712,1250
O00-N06-minimal_control,minimal_control,6,0,0.0,,11.0,28.5,SUCCESS,True,3.48,3.54,False,0.40000000000000324,2.0000000000000013,13.297372718950928,25.824565774093738,0.2680204892254859,C2,0.13708039995860907,7.217258792050298,1250
O00-N06-capture_hook_lock_off,capture_hook_lock_off,6,0,0.0,,11.0,28.5,SUCCESS,True,1.22,1.24,False,2.945452960862098,1.8800340709619299,13.297372718950793,25.82456577409362,0.2680204892256646,C2,0.020288444927364244,6.219128089284016,1250
O00-N06-capture_hook_lock_on,capture_hook_lock_on,6,0,0.0,,11.0,28.5,SUCCESS,True,1.22,1.24,False,3.6641044070942823,5.975383629126636,13.397971067117233,25.893886850619168,0.14720700940075834,C2,0.006425280038087339,6.1689015599632775,1250
O00-N07-free_field,free_field,7,0,0.0,,11.0,28.5,TIMEOUT,False,,,False,0.0,0.0,12.765917610822601,32.15554104181585,6.19915820669063,C3,3.3968941626326568,5.35747175886014,1250
O00-N07-minimal_control,minimal_control,7,0,0.0,,11.0,28.5,SUCCESS,True,3.64,3.7,False,0.40000000000000324,2.0000000000000013,13.307218020628683,25.828361275224253,0.25811769294832787,C2,0.1480025028155837,7.337969710401257,1250
O00-N07-capture_hook_lock_off,capture_hook_lock_off,7,0,0.0,,11.0,28.5,SUCCESS,True,1.22,1.24,False,2.944129402662891,1.8797431358007268,13.307218020628593,25.82836127522413,0.2581176929484782,C2,0.019631208060516804,6.202911317561584,1250
O00-N07-capture_hook_lock_on,capture_hook_lock_on,7,0,0.0,,11.0,28.5,SUCCESS,True,1.22,1.24,False,3.658729582371704,5.961368130962232,13.408852370851108,25.89634294675783,0.13803142753124764,C2,0.014448074168438067,6.1585135744317,1250
O01-N00-free_field,free_field,0,1,0.2,0.0,11.2,28.5,TIMEOUT,False,,,False,0.0,0.0,14.704665227924293,30.70346578545264,4.855286676015486,C3,3.236459458679547,5.182469820249373,1250
O01-N00-minimal_control,minimal_control,0,1,0.2,0.0,11.2,28.5,SUCCESS,True,3.74,3.8000000000000003,False,0.40000000000000324,2.0000000000000013,13.311033475612085,25.830586332352794,0.25378994882565054,C2,0.15907364623193854,7.476271237743397,1250
O01-N00-capture_hook_lock_off,capture_hook_lock_off,0,1,0.2,0.0,11.2,28.5,SUCCESS,True,1.18,1.2,False,2.875318804304843,1.8269308728005416,13.311033475612117,25.830586332352706,0.253789948825686,C2,0.03765098945952624,6.16963077932867,1250
O01-N00-capture_hook_lock_on,capture_hook_lock_on,0,1,0.2,0.0,11.2,28.5,SUCCESS,True,1.18,1.2,False,3.611530940994634,5.978268852669956,13.408525058193243,25.896361178891222,0.1382341138046855,C2,0.024786416214921704,6.104303543111161,1250
O01-N01-free_field,free_field,1,1,0.2,0.0,11.2,28.5,TIMEOUT,False,,,False,0.0,0.0,14.647338146878543,30.809749881726013,4.944702088907489,C3,3.2189972907814575,5.221625160706079,1250
O01-N01-minimal_control,minimal_control,1,1,0.2,0.0,11.2,28.5,SUCCESS,True,3.8000000000000003,3.86,False,0.40000000000000324,2.0000000000000013,13.288774664809631,25.81886516191031,0.27825522779646356,C2,0.16090162725522025,7.514036409003896,1250
O01-N01-capture_hook_lock_off,capture_hook_lock_off,1,1,0.2,0.0,11.2,28.5,SUCCESS,True,1.18,1.2,False,2.885605177798078,1.8300081724736976,13.288774664809592,25.818865161910217,0.27825522779655343,C2,0.030079250089155397,6.152343189464277,1250
O01-N01-capture_hook_lock_on,capture_hook_lock_on,1,1,0.2,0.0,11.2,28.5,SUCCESS,True,1.18,1.2,False,3.596523196119581,5.906133414950632,13.39328946215764,25.889994064360884,0.15325940350413447,C2,0.021225473597223467,6.102632072732851,1250
O01-N02-free_field,free_field,2,1,0.2,0.0,11.2,28.5,TIMEOUT,False,,,False,0.0,0.0,14.411444404711661,31.029825472658015,5.111738959324861,C3,3.2439686254128404,5.183501078037802,1250
O01-N02-minimal_control,minimal_control,2,1,0.2,0.0,11.2,28.5,SUCCESS,True,3.94,4.0,False,0.40000000000000324,2.0000000000000013,13.303733297825135,25.817951602328787,0.26769803413034904,C2,0.1639251960089146,7.584136727883955,1250
O01-N02-capture_hook_lock_off,capture_hook_lock_off,2,1,0.2,0.0,11.2,28.5,SUCCESS,True,1.18,1.2,False,2.861896705532575,1.8231950152423875,13.303733297825074,25.81795160232867,0.26769803413047305,C2,0.02679805044978081,6.158520160939811,1250
O01-N02-capture_hook_lock_on,capture_hook_lock_on,2,1,0.2,0.0,11.2,28.5,SUCCESS,True,1.18,1.2,False,3.5822239305552013,5.924551236099819,13.404512506985427,25.88717623657443,0.14780751982127738,C2,0.019613697867913362,6.102034022260622,1250
O01-N03-free_field,free_field,3,1,0.2,0.0,11.2,28.5,TIMEOUT,False,,,False,0.0,0.0,14.241505639954436,31.212379549689082,5.26485813523035,C3,3.248564623274764,5.183105476938679,1250
O01-N03-minimal_control,minimal_control,3,1,0.2,0.0,11.2,28.5,SUCCESS,True,3.92,3.98,False,0.40000000000000324,2.0000000000000013,13.300462968453488,25.82151430050836,0.26771658873034837,C2,0.16464488691231802,7.550875551219145,1250
O01-N03-capture_hook_lock_off,capture_hook_lock_off,3,1,0.2,0.0,11.2,28.5,SUCCESS,True,1.18,1.2,False,2.858689669400156,1.8223678829148873,13.300462968453463,25.82151430050825,0.267716588730438,C2,0.027377557903051544,6.148213705080194,1250
O01-N03-capture_hook_lock_on,capture_hook_lock_on,3,1,0.2,0.0,11.2,28.5,SUCCESS,True,1.18,1.2,False,3.573753743959635,5.906606039630839,13.40362160388681,25.891612446171273,0.14504019119653078,C2,0.019003260816346776,6.091422428981833,1250
O01-N04-free_field,free_field,4,1,0.2,0.0,11.2,28.5,TIMEOUT,False,,,False,0.0,0.0,14.89368697609181,30.543134762784863,4.7520981534636055,C3,3.211797918730727,5.2405727446247745,1250
O01-N04-minimal_control,minimal_control,4,1,0.2,0.0,11.2,28.5,SUCCESS,True,3.64,3.7,False,0.40000000000000324,2.0000000000000013,13.298512845240573,25.817056931013,0.2721492973046812,C2,0.14560059571310593,7.406955336363441,1250
O01-N04-capture_hook_lock_off,capture_hook_lock_off,4,1,0.2,0.0,11.2,28.5,SUCCESS,True,1.18,1.2,False,2.893097058880769,1.8319919525743464,13.298512845240516,25.81705693101291,0.272149297304783,C2,0.03606408008951005,6.144787696630799,1250
O01-N04-capture_hook_lock_on,capture_hook_lock_on,4,1,0.2,0.0,11.2,28.5,SUCCESS,True,1.18,1.2,False,3.6133445435222438,5.938252540078798,13.399730056766115,25.886876284695834,0.15116559291169554,C2,0.018180712187986267,6.0873563229882075,1250
O01-N05-free_field,free_field,5,1,0.2,0.0,11.2,28.5,TIMEOUT,False,,,False,0.0,0.0,14.250430632933586,31.275682125970892,5.328786731436515,C3,3.250400625908026,5.193783207467421,1250
O01-N05-minimal_control,minimal_control,5,1,0.2,0.0,11.2,28.5,SUCCESS,True,3.96,4.0200000000000005,False,0.40000000000000324,2.0000000000000013,13.298154347691664,25.81564668123862,0.27336388476555046,C2,0.1557032611907695,7.59697735611779,1250
O01-N05-capture_hook_lock_off,capture_hook_lock_off,5,1,0.2,0.0,11.2,28.5,SUCCESS,True,1.18,1.2,False,2.8554995086956363,1.8215750181099046,13.298154347691518,25.81564668123854,0.2733638847657107,C2,0.026528761140355416,6.145849215380308,1250
O01-N05-capture_hook_lock_on,capture_hook_lock_on,5,1,0.2,0.0,11.2,28.5,SUCCESS,True,1.18,1.2,False,3.561177953084262,5.875693713849346,13.401761730124042,25.88783363174536,0.14910416438066845,C2,0.020853321538289026,6.077493328109061,1250
O01-N06-free_field,free_field,6,1,0.2,0.0,11.2,28.5,TIMEOUT,False,,,False,0.0,0.0,14.502895076957595,30.976932409533504,5.076972990321177,C3,3.2407214238467303,5.181271887269188,1250
O01-N06-minimal_control,minimal_control,6,1,0.2,0.0,11.2,28.5,SUCCESS,True,3.88,3.94,False,0.40000000000000324,2.0000000000000013,13.299589479637103,25.826565534996778,0.2650356397224365,C2,0.160218344998728,7.543028237633872,1250
O01-N06-capture_hook_lock_off,capture_hook_lock_off,6,1,0.2,0.0,11.2,28.5,SUCCESS,True,1.18,1.2,False,2.8643900840099046,1.823977301473311,13.299589479637023,25.826565534996668,0.265035639722569,C2,0.033115699482714846,6.17794875196486,1250
O01-N06-capture_hook_lock_on,capture_hook_lock_on,6,1,0.2,0.0,11.2,28.5,SUCCESS,True,1.18,1.2,False,3.586935642780705,5.931715781616303,13.39864485850034,25.893610211786072,0.1469409804806696,C2,0.02251956842852814,6.124590660582955,1250
O01-N07-free_field,free_field,7,1,0.2,0.0,11.2,28.5,TIMEOUT,False,,,False,0.0,0.0,14.251615687865346,31.227323890980944,5.2810833361598695,C3,3.252783075161459,5.164699262751439,1250
O01-N07-minimal_control,minimal_control,7,1,0.2,0.0,11.2,28.5,SUCCESS,True,4.04,4.08,False,0.40000000000000324,2.0000000000000013,13.301401413095142,25.824366576713828,0.2651197806573963,C2,0.16649342054115895,7.6040143566317315,1250
O01-N07-capture_hook_lock_off,capture_hook_lock_off,7,1,0.2,0.0,11.2,28.5,SUCCESS,True,1.18,1.2,False,2.85270377475637,1.8207039866947743,13.301401413095029,25.824366576713697,0.2651197806575685,C2,0.029411296686714307,6.1083753618438745,1250
O01-N07-capture_hook_lock_on,capture_hook_lock_on,7,1,0.2,0.0,11.2,28.5,SUCCESS,True,1.18,1.2,False,3.5633137266823467,5.890426820679478,13.402938595198282,25.894078861827037,0.14366698929795546,C2,0.016576993724455893,6.067822698061787,1250
O02-N00-free_field,free_field,0,2,0.2,0.7853981633974483,11.14142135623731,28.64142135623731,TIMEOUT,False,,,False,0.0,0.0,10.611727599005524,32.5513131294425,7.159736111223098,C3,3.5411862419251547,5.301607319943188,1250
O02-N00-minimal_control,minimal_control,0,2,0.2,0.7853981633974483,11.14142135623731,28.64142135623731,SUCCESS,True,19.0,19.06,False,0.40000000000000324,2.0000000000000013,13.30535375464294,25.825307285193297,0.2615429323039274,C2,0.16014985644739174,10.260959618673702,1250
O02-N00-capture_hook_lock_off,capture_hook_lock_off,0,2,0.2,0.7853981633974483,11.14142135623731,28.64142135623731,SUCCESS,True,1.34,1.36,False,3.1682209779595647,2.043236069408355,13.305354093340943,25.82530935362005,0.26154129867340475,C2,0.03598414202319158,6.411198915680453,1250
O02-N00-capture_hook_lock_on,capture_hook_lock_on,0,2,0.2,0.7853981633974483,11.14142135623731,28.64142135623731,SUCCESS,True,1.34,1.36,False,3.880798004870522,6.10966732244872,13.407535819298689,25.89339854450563,0.14111518354267563,C2,0.022948730027640116,6.355776345946746,1250
O02-N01-free_field,free_field,1,2,0.2,0.7853981633974483,11.14142135623731,28.64142135623731,TIMEOUT,False,,,False,0.0,0.0,10.56663716438418,32.50938745413007,7.139799895890504,C3,3.5404381029841825,5.268034117599248,1250
O02-N01-minimal_control,minimal_control,1,2,0.2,0.7853981633974483,11.14142135623731,28.64142135623731,SUCCESS,True,20.44,20.48,False,0.40000000000000324,2.0000000000000013,13.304318494267031,25.827849712309824,0.2606280361698109,C2,0.16833398711125852,10.350001566996465,1250
O02-N01-capture_hook_lock_off,capture_hook_lock_off,1,2,0.2,0.7853981633974483,11.14142135623731,28.64142135623731,SUCCESS,True,1.36,1.36,False,3.1428294379046995,2.0360274438223036,13.30427701050112,25.827871424633866,0.2606448447139389,C2,0.03504367496405236,6.3752292590753035,1250
O02-N01-capture_hook_lock_on,capture_hook_lock_on,1,2,0.2,0.7853981633974483,11.14142135623731,28.64142135623731,SUCCESS,True,1.36,1.36,False,3.862170500031831,6.119913109367908,13.40641446575106,25.896896553398165,0.13924285590951133,C2,0.020600109976507235,6.319533908724073,1250
O02-N02-free_field,free_field,2,2,0.2,0.7853981633974483,11.14142135623731,28.64142135623731,TIMEOUT,False,,,False,0.0,0.0,10.743638103765514,32.52868335409938,7.086694380393984,C3,3.5383371565957598,5.236085164876454,1250
O02-N02-minimal_control,minimal_control,2,2,0.2,0.7853981633974483,11.14142135623731,28.64142135623731,SUCCESS,True,16.56,16.62,False,0.40000000000000324,2.0000000000000013,13.312001501902115,25.822980049426317,0.2582237366861726,C2,0.1561092571999986,10.17127886738301,1250
O02-N02-capture_hook_lock_off,capture_hook_lock_off,2,2,0.2,0.7853981633974483,11.14142135623731,28.64142135623731,SUCCESS,True,1.34,1.34,False,3.1017924258390766,2.007649308515182,13.312001548437216,25.822980073726164,0.258223686148267,C2,0.03991859673486022,6.324483529422972,1250
O02-N02-capture_hook_lock_on,capture_hook_lock_on,2,2,0.2,0.7853981633974483,11.14142135623731,28.64142135623731,SUCCESS,True,1.34,1.34,False,3.818107966033952,6.081543785539204,13.40845809430714,25.89113564960751,0.1422370109509461,C2,0.025271067457803272,6.2818327646479935,1250
O02-N03-free_field,free_field,3,2,0.2,0.7853981633974483,11.14142135623731,28.64142135623731,TIMEOUT,False,,,False,0.0,0.0,10.483837432836147,32.55865804094561,7.218949503190955,C3,3.5396917568777733,5.253762722462453,1250
O02-N03-minimal_control,minimal_control,3,2,0.2,0.7853981633974483,11.14142135623731,28.64142135623731,TIMEOUT,False,,24.88,False,0.40000000000000324,2.0000000000000013,13.752917518770502,25.84835211454376,0.29489718965153905,C2,0.29489718965153905,10.115326716008191,1250
O02-N03-capture_hook_lock_off,capture_hook_lock_off,3,2,0.2,0.7853981633974483,11.14142135623731,28.64142135623731,SUCCESS,True,1.36,1.3800000000000001,False,3.2373282555838974,2.0796029335315125,13.30901569946266,25.836061743700814,0.2516957586654062,C2,0.04391222290419205,6.333871312844432,1250
O02-N03-capture_hook_lock_on,capture_hook_lock_on,3,2,0.2,0.7853981633974483,11.14142135623731,28.64142135623731,SUCCESS,True,1.36,1.3800000000000001,False,3.938219843772707,6.114175717298533,13.405425489657446,25.90153978892011,0.13652381174150566,C2,0.03189108159964729,6.280616283948265,1250
O02-N04-free_field,free_field,4,2,0.2,0.7853981633974483,11.14142135623731,28.64142135623731,TIMEOUT,False,,,False,0.0,0.0,10.369424636275447,32.45746944130939,7.176309197171186,C3,3.5411862419251547,5.255250330332728,1250
O02-N04-minimal_control,minimal_control,4,2,0.2,0.7853981633974483,11.14142135623731,28.64142135623731,TIMEOUT,False,,24.900000000000002,False,0.40000000000000324,2.0000000000000013,13.768400192637174,25.838315073331092,0.3133379627807681,C2,0.3133379627807681,10.190124447117634,1250
O02-N04-capture_hook_lock_off,capture_hook_lock_off,4,2,0.2,0.7853981633974483,11.14142135623731,28.64142135623731,SUCCESS,True,1.36,1.36,False,3.1355938066639015,2.0337222008252773,13.301127395365466,25.827645064641736,0.26316636680334954,C2,0.03691401276414656,6.407846919546169,1250
O02-N04-capture_hook_lock_on,capture_hook_lock_on,4,2,0.2,0.7853981633974483,11.14142135623731,28.64142135623731,SUCCESS,True,1.36,1.36,False,3.8534366878994555,6.11015206545573,13.402250863847716,25.895980263012166,0.14274102178958892,C2,0.02075886993888265,6.350396069751041,1250
O02-N05-free_field,free_field,5,2,0.2,0.7853981633974483,11.14142135623731,28.64142135623731,TIMEOUT,False,,,False,0.0,0.0,10.655592919396298,32.51923541915979,7.112740828303532,C3,3.539462720684724,5.202649023998932,1250
O02-N05-minimal_control,minimal_control,5,2,0.2,0.7853981633974483,11.14142135623731,28.64142135623731,SUCCESS,True,17.06,17.12,False,0.40000000000000324,2.0000000000000013,13.299571001156878,25.826158595207318,0.26531607112564753,C2,0.16590841886127056,10.224251235281354,1250
O02-N05-capture_hook_lock_off,capture_hook_lock_off,5,2,0.2,0.7853981633974483,11.14142135623731,28.64142135623731,SUCCESS,True,1.32,1.34,False,3.103877224694932,2.008328106287561,13.299571116407318,25.826158655103132,0.2653159448162901,C2,0.030254651506706875,6.314612268210505,1250
O02-N05-capture_hook_lock_on,capture_hook_lock_on,5,2,0.2,0.7853981633974483,11.14142135623731,28.64142135623731,SUCCESS,True,1.32,1.34,False,3.818938324271374,6.080380812694638,13.40068444904449,25.89480057604336,0.14467376217685615,C2,0.019123333009364554,6.261782804562271,1250
O02-N06-free_field,free_field,6,2,0.2,0.7853981633974483,11.14142135623731,28.64142135623731,TIMEOUT,False,,,False,0.0,0.0,10.66214242015191,32.53269632406152,7.1224684559433555,C3,3.5411862419251547,5.276595152256818,1250
O02-N06-minimal_control,minimal_control,6,2,0.2,0.7853981633974483,11.14142135623731,28.64142135623731,SUCCESS,True,17.52,17.580000000000002,False,0.40000000000000324,2.0000000000000013,13.302143046978395,25.823911244860277,0.26486718095236117,C2,0.15401970377336963,10.257533348515448,1250
O02-N06-capture_hook_lock_off,capture_hook_lock_off,6,2,0.2,0.7853981633974483,11.14142135623731,28.64142135623731,SUCCESS,True,1.34,1.36,False,3.178348077406206,2.046253274608273,13.302143200940428,25.823911372852773,0.26486698085018995,C2,0.04386699854196522,6.401837177171265,1250
O02-N06-capture_hook_lock_on,capture_hook_lock_on,6,2,0.2,0.7853981633974483,11.14142135623731,28.64142135623731,SUCCESS,True,1.34,1.36,False,3.892228922448186,6.11806929634148,13.40229488491564,25.892020396324778,0.14562240323352013,C2,0.030849665523928038,6.352318248108656,1250
O02-N07-free_field,free_field,7,2,0.2,0.7853981633974483,11.14142135623731,28.64142135623731,TIMEOUT,False,,,False,0.0,0.0,10.521263163990549,32.49075061019216,7.141618627587829,C3,3.5402799029450924,5.252362876217383,1250
O02-N07-minimal_control,minimal_control,7,2,0.2,0.7853981633974483,11.14142135623731,28.64142135623731,SUCCESS,True,17.76,17.8,False,0.40000000000000324,2.0000000000000013,13.305339883041286,25.82583112814403,0.26120366968701053,C2,0.15716093606966863,10.221342357685565,1250
O02-N07-capture_hook_lock_off,capture_hook_lock_off,7,2,0.2,0.7853981633974483,11.14142135623731,28.64142135623731,SUCCESS,True,1.34,1.36,False,3.1668101536982234,2.0426408189565097,13.305340007145682,25.82583133329299,0.2612034404071679,C2,0.04516974421262967,6.397751548569459,1250
O02-N07-capture_hook_lock_on,capture_hook_lock_on,7,2,0.2,0.7853981633974483,11.14142135623731,28.64142135623731,SUCCESS,True,1.34,1.36,False,3.8914199582965514,6.147871231671743,13.405236704220965,25.89572640178123,0.14090090671246489,C2,0.027438251408532722,6.34583765256166,1250
O03-N00-free_field,free_field,0,3,0.2,1.5707963267948966,11.0,28.7,TIMEOUT,False,,,False,0.0,0.0,7.584813059313326,30.598662227537346,7.492471609972835,C3,3.679673898594819,5.269958194284981,1250
O03-N00-minimal_control,minimal_control,0,3,0.2,1.5707963267948966,11.0,28.7,TIMEOUT,False,,,False,0.40000000000000324,2.0000000000000013,11.167576719598053,32.436897310051926,6.846447643786863,C3,3.6774618499721377,4.93680157394794,1250
O03-N00-capture_hook_lock_off,capture_hook_lock_off,0,3,0.2,1.5707963267948966,11.0,28.7,SUCCESS,True,1.44,1.46,False,3.3581670216737893,2.180968012808649,13.296880270993183,25.83276883049585,0.26310432981144183,C2,0.03270381214888825,6.489193768212778,1250
O03-N00-capture_hook_lock_on,capture_hook_lock_on,0,3,0.2,1.5707963267948966,11.0,28.7,SUCCESS,True,1.44,1.46,False,4.071965962343489,6.241883772750173,13.398747725295955,25.899588970341473,0.14259873074410256,C2,0.020506882040629986,6.45269796682034,1250
O03-N01-free_field,free_field,1,3,0.2,1.5707963267948966,11.0,28.7,TIMEOUT,False,,,False,0.0,0.0,7.580418677733333,30.603168154357935,7.498706561015934,C3,3.679673898594819,5.328285239200799,1250
O03-N01-minimal_control,minimal_control,1,3,0.2,1.5707963267948966,11.0,28.7,TIMEOUT,False,,,False,0.40000000000000324,2.0000000000000013,10.985321290553452,32.418716006847156,6.893730788789163,C3,3.679673898594819,4.937682925115318,1250
O03-N01-capture_hook_lock_off,capture_hook_lock_off,1,3,0.2,1.5707963267948966,11.0,28.7,SUCCESS,True,1.46,1.46,False,3.3258592169552808,2.1716996054050717,13.304274511105211,25.82020478173456,0.2657720593181709,C2,0.0345706252532537,6.503003660943473,1250
O03-N01-capture_hook_lock_on,capture_hook_lock_on,1,3,0.2,1.5707963267948966,11.0,28.7,SUCCESS,True,1.46,1.46,False,4.054289449241597,6.271978716418767,13.40578007082891,25.891592819887325,0.1436297732121964,C2,0.027036609804490824,6.451504393587426,1250
O03-N02-free_field,free_field,2,3,0.2,1.5707963267948966,11.0,28.7,TIMEOUT,False,,,False,0.0,0.0,7.781799669851891,30.890045254135092,7.52398548664171,C3,3.679673898594819,5.286114722674268,1250
O03-N02-minimal_control,minimal_control,2,3,0.2,1.5707963267948966,11.0,28.7,TIMEOUT,False,,,False,0.40000000000000324,2.0000000000000013,11.731088895464532,32.356089525014234,6.597645075763364,C3,3.676191565446555,4.9966546958057085,1250
O03-N02-capture_hook_lock_off,capture_hook_lock_off,2,3,0.2,1.5707963267948966,11.0,28.7,SUCCESS,True,1.44,1.46,False,3.3496283557257844,2.178487251452486,13.295180921496707,25.813954789853195,0.2767014187486342,C2,0.038830803815409154,6.507447696847562,1250
O03-N02-capture_hook_lock_on,capture_hook_lock_on,2,3,0.2,1.5707963267948966,11.0,28.7,SUCCESS,True,1.44,1.46,False,4.066360629902796,6.248655303805708,13.399106766616018,25.8863188831819,0.15199618700377002,C2,0.024652590422769835,6.454165072461662,1250
O03-N03-free_field,free_field,3,3,0.2,1.5707963267948966,11.0,28.7,TIMEOUT,False,,,False,0.0,0.0,7.651037421130833,30.76336704120519,7.543210776469906,C3,3.679673898594819,5.286359017351905,1250
O03-N03-minimal_control,minimal_control,3,3,0.2,1.5707963267948966,11.0,28.7,TIMEOUT,False,,,False,0.40000000000000324,2.0000000000000013,11.562104268050026,32.413986030068095,6.700347503064196,C3,3.679673898594819,4.9905539189892245,1250
O03-N03-capture_hook_lock_off,capture_hook_lock_off,3,3,0.2,1.5707963267948966,11.0,28.7,SUCCESS,True,1.44,1.44,False,3.292997676031561,2.145938342099286,13.305924846367638,25.819001688478874,0.26537813404823574,C2,0.02912823970123477,6.467736266075663,1250
O03-N03-capture_hook_lock_on,capture_hook_lock_on,3,3,0.2,1.5707963267948966,11.0,28.7,SUCCESS,True,1.44,1.44,False,4.005731558756621,6.201603903352491,13.40493511914858,25.888630919423157,0.14642542019685595,C2,0.02001244588153843,6.4179834569645715,1250
O03-N04-free_field,free_field,4,3,0.2,1.5707963267948966,11.0,28.7,TIMEOUT,False,,,False,0.0,0.0,7.636425647183411,30.763120611224476,7.554390918404998,C3,3.679673898594819,5.248525152617124,1250
O03-N04-minimal_control,minimal_control,4,3,0.2,1.5707963267948966,11.0,28.7,TIMEOUT,False,,,False,0.40000000000000324,2.0000000000000013,11.59352979218888,32.41640351511233,6.693643456445616,C3,3.678822913463572,4.945418465624405,1250
O03-N04-capture_hook_lock_off,capture_hook_lock_off,4,3,0.2,1.5707963267948966,11.0,28.7,SUCCESS,True,1.42,1.44,False,3.2948580405356362,2.1463197453501497,13.303107008970759,25.832733002483906,0.2583507274510561,C2,0.03079468287661837,6.419165750309967,1250
O03-N04-capture_hook_lock_on,capture_hook_lock_on,4,3,0.2,1.5707963267948966,11.0,28.7,SUCCESS,True,1.42,1.44,False,4.00921230159392,6.208258764322974,13.403034056706247,25.900806046477943,0.13871493998190484,C2,0.02120565868542435,6.37559884851798,1250
O03-N05-free_field,free_field,5,3,0.2,1.5707963267948966,11.0,28.7,TIMEOUT,False,,,False,0.0,0.0,7.65563809034463,30.772821244931436,7.545620502456999,C3,3.679673898594819,5.297480815941191,1250
O03-N05-minimal_control,minimal_control,5,3,0.2,1.5707963267948966,11.0,28.7,TIMEOUT,False,,,False,0.40000000000000324,2.0000000000000013,11.457818283628608,32.46591533015981,6.780749753491662,C3,3.678558931161946,4.9657894118249475,1250
O03-N05-capture_hook_lock_off,capture_hook_lock_off,5,3,0.2,1.5707963267948966,11.0,28.7,SUCCESS,True,1.44,1.46,False,3.3796930425353096,2.1869851761935704,13.307793494980917,25.832717582677073,0.2548072756360238,C2,0.03848553996786025,6.488871901299833,1250
O03-N05-capture_hook_lock_on,capture_hook_lock_on,5,3,0.2,1.5707963267948966,11.0,28.7,SUCCESS,True,1.44,1.46,False,4.088534893561674,6.2370548512967705,13.404653670539652,25.899374337836765,0.13862339783510863,C2,0.023127210789119685,6.4414071246860924,1250
O03-N06-free_field,free_field,6,3,0.2,1.5707963267948966,11.0,28.7,TIMEOUT,False,,,False,0.0,0.0,7.624117263572063,30.65995182003313,7.499409903271186,C3,3.679673898594819,5.32255067615538,1250
O03-N06-minimal_control,minimal_control,6,3,0.2,1.5707963267948966,11.0,28.7,TIMEOUT,False,,,False,0.40000000000000324,2.0000000000000013,11.279077119712241,32.38388161648122,6.759174722806959,C3,3.678500975794341,4.940242427214094,1250
O03-N06-capture_hook_lock_off,capture_hook_lock_off,6,3,0.2,1.5707963267948966,11.0,28.7,SUCCESS,True,1.44,1.46,False,3.343881996492466,2.1768789646616087,13.296819487519526,25.819966131031936,0.27146733620720903,C2,0.0377917758471317,6.546869554257876,1250
O03-N06-capture_hook_lock_on,capture_hook_lock_on,6,3,0.2,1.5707963267948966,11.0,28.7,SUCCESS,True,1.44,1.46,False,4.071302262513305,6.276735315994018,13.39984949667672,25.892047308368863,0.1472545651119638,C2,0.025965148935651612,6.485731234013401,1250
O03-N07-free_field,free_field,7,3,0.2,1.5707963267948966,11.0,28.7,TIMEOUT,False,,,False,0.0,0.0,7.833554300731497,31.000392593461907,7.557283437287978,C3,3.679673898594819,5.275031659863241,1250
O03-N07-minimal_control,minimal_control,7,3,0.2,1.5707963267948966,11.0,28.7,TIMEOUT,False,,,False,0.40000000000000324,2.0000000000000013,11.84633462857442,32.38058883483026,6.591397654504902,C3,3.674363291785671,5.0199495212979075,1250
O03-N07-capture_hook_lock_off,capture_hook_lock_off,7,3,0.2,1.5707963267948966,11.0,28.7,SUCCESS,True,1.44,1.46,False,3.369709069365381,2.1840875154844537,13.307800369216586,25.834067755164238,0.25391771885694736,C2,0.04070651117011649,6.519420892810829,1250
O03-N07-capture_hook_lock_on,capture_hook_lock_on,7,3,0.2,1.5707963267948966,11.0,28.7,SUCCESS,True,1.44,1.46,False,4.072557063948837,6.217420484530016,13.406144840063888,25.900749880240063,0.13659933132704175,C2,0.025018504002633835,6.463352769588149,1250
O04-N00-free_field,free_field,0,4,0.2,2.356194490192345,10.85857864376269,28.64142135623731,TIMEOUT,False,,,False,0.0,0.0,12.540209405434856,25.378230821138963,1.1435886048738155,C2,1.1435886048738155,9.917787867812274,1250
O04-N00-minimal_control,minimal_control,0,4,0.2,2.356194490192345,10.85857864376269,28.64142135623731,SUCCESS,True,13.38,13.6,False,0.40000000000000324,2.0000000000000013,13.306792933030795,25.834130085723178,0.25464052935273873,C2,0.24909119633169408,8.074022180395588,1250
O04-N00-capture_hook_lock_off,capture_hook_lock_off,0,4,0.2,2.356194490192345,10.85857864376269,28.64142135623731,SUCCESS,True,1.4000000000000001,1.42,False,3.300762124828534,2.131541265924279,13.306792933079144,25.834130085684475,0.25464052934126513,C2,0.026001155369202625,6.4008673346725775,1250
O04-N00-capture_hook_lock_on,capture_hook_lock_on,0,4,0.2,2.356194490192345,10.85857864376269,28.64142135623731,SUCCESS,True,1.4000000000000001,1.42,False,4.0032277066610416,6.1652178353600435,13.40704416510984,25.899460893087554,0.1369266199790205,C2,0.016411968049810998,6.353589484344394,1250
O04-N01-free_field,free_field,1,4,0.2,2.356194490192345,10.85857864376269,28.64142135623731,TIMEOUT,False,,,False,0.0,0.0,11.709871628899258,24.864206690953285,2.1200438735778757,C1,2.1200438735778757,9.278755286622063,1250
O04-N01-minimal_control,minimal_control,1,4,0.2,2.356194490192345,10.85857864376269,28.64142135623731,TIMEOUT,False,,24.86,False,0.40000000000000324,2.0000000000000013,13.196796579961628,25.789626318511427,0.3690384800884874,C2,0.3690384800884874,10.827017851803097,1250
O04-N01-capture_hook_lock_off,capture_hook_lock_off,1,4,0.2,2.356194490192345,10.85857864376269,28.64142135623731,SUCCESS,True,1.4000000000000001,1.4000000000000001,False,3.220889484237291,2.0923958778395955,13.303226600304036,25.831752549379598,0.25889568452983575,C2,0.022161054670266498,6.377158013644677,1250
O04-N01-capture_hook_lock_on,capture_hook_lock_on,1,4,0.2,2.356194490192345,10.85857864376269,28.64142135623731,SUCCESS,True,1.4000000000000001,1.4000000000000001,False,3.9347352226539916,6.151361319799349,13.403353435725178,25.898488345252552,0.14016124441404038,C2,0.006300234766430466,6.327917386475738,1250
O04-N02-free_field,free_field,2,4,0.2,2.356194490192345,10.85857864376269,28.64142135623731,TIMEOUT,False,,,False,0.0,0.0,12.093599048241892,25.05149627055271,1.696355788707525,C1,1.696355788707525,9.511331792483013,1250
O04-N02-minimal_control,minimal_control,2,4,0.2,2.356194490192345,10.85857864376269,28.64142135623731,TIMEOUT,False,,,False,0.40000000000000324,2.0000000000000013,12.604482779093066,25.408786102822965,1.07307267468524,C2,1.07307267468524,10.336425480502198,1250
O04-N02-capture_hook_lock_off,capture_hook_lock_off,2,4,0.2,2.356194490192345,10.85857864376269,28.64142135623731,SUCCESS,True,1.3800000000000001,1.4000000000000001,False,3.22984867685222,2.0949599399876146,13.311638494914,25.824407029543767,0.25751300524809745,C2,0.017355081332466847,6.445563988837935,1250
O04-N02-capture_hook_lock_on,capture_hook_lock_on,2,4,0.2,2.356194490192345,10.85857864376269,28.64142135623731,SUCCESS,True,1.3800000000000001,1.4000000000000001,False,3.9379056066470715,6.1401046133799735,13.408323771683035,25.892388207613447,0.14136770741251664,C2,0.004890909775414381,6.396417339505554,1250
O04-N03-free_field,free_field,3,4,0.2,2.356194490192345,10.85857864376269,28.64142135623731,TIMEOUT,False,,,False,0.0,0.0,7.321210017882617,27.354033869513575,6.325413295817439,C0,3.735533905932737,5.323422959494401,1250
O04-N03-minimal_control,minimal_control,3,4,0.2,2.356194490192345,10.85857864376269,28.64142135623731,TIMEOUT,False,,,False,0.40000000000000324,2.0000000000000013,7.221872433147832,29.460262004481713,7.168563237171653,C3,3.7292743290619437,5.480039549241084,1250
O04-N03-capture_hook_lock_off,capture_hook_lock_off,3,4,0.2,2.356194490192345,10.85857864376269,28.64142135623731,SUCCESS,True,1.4000000000000001,1.42,False,3.2824540170138357,2.12663189585314,13.304485312448744,25.820299741398667,0.2655525861098912,C2,0.020402385211545276,6.456136718421139,1250
O04-N03-capture_hook_lock_on,capture_hook_lock_on,3,4,0.2,2.356194490192345,10.85857864376269,28.64142135623731,SUCCESS,True,1.4000000000000001,1.42,False,3.971808561546209,6.120549547019377,13.404039380415314,25.889438091997068,0.14639800549299012,C2,0.014280494648066184,6.406596467635288,1250
O04-N04-free_field,free_field,4,4,0.2,2.356194490192345,10.85857864376269,28.64142135623731,TIMEOUT,False,,,False,0.0,0.0,12.268466314973237,25.17608486610942,1.4817258063520156,C1,1.4817258063520156,9.673523752582497,1250
O04-N04-minimal_control,minimal_control,4,4,0.2,2.356194490192345,10.85857864376269,28.64142135623731,SUCCESS,True,14.4,14.56,False,0.40000000000000324,2.0000000000000013,13.299065667507751,25.82248703503962,0.2681146372414796,C2,0.2449755774835827,8.645086888128658,1250
O04-N04-capture_hook_lock_off,capture_hook_lock_off,4,4,0.2,2.356194490192345,10.85857864376269,28.64142135623731,SUCCESS,True,1.4000000000000001,1.42,False,3.285601184619908,2.127155180717596,13.299065667870853,25.82248703482356,0.26811463711240874,C2,0.023364896491455584,6.396354151169269,1250
O04-N04-capture_hook_lock_on,capture_hook_lock_on,4,4,0.2,2.356194490192345,10.85857864376269,28.64142135623731,SUCCESS,True,1.4000000000000001,1.42,False,3.987180587936769,6.157820036141392,13.399307072345895,25.89199363002959,0.14766327110605465,C2,0.015633738593179014,6.339688661691654,1250
O04-N05-free_field,free_field,5,4,0.2,2.356194490192345,10.85857864376269,28.64142135623731,TIMEOUT,False,,,False,0.0,0.0,13.117770736011801,25.74677705148999,0.45849871526653596,C2,0.45849871526653596,10.467164887394036,1250
O04-N05-minimal_control,minimal_control,5,4,0.2,2.356194490192345,10.85857864376269,28.64142135623731,SUCCESS,True,13.68,13.9,False,0.40000000000000324,2.0000000000000013,13.293350594932694,25.82508936414521,0.2707354929627783,C2,0.2511910017727622,8.01633433543268,1250
O04-N05-capture_hook_lock_off,capture_hook_lock_off,5,4,0.2,2.356194490192345,10.85857864376269,28.64142135623731,SUCCESS,True,1.3800000000000001,1.4000000000000001,False,3.2173976734131164,2.0913587233738684,13.293350595010653,25.825089364088885,0.2707354929396621,C2,0.021579523248853334,6.389287876741926,1250
O04-N05-capture_hook_lock_on,capture_hook_lock_on,5,4,0.2,2.356194490192345,10.85857864376269,28.64142135623731,SUCCESS,True,1.3800000000000001,1.4000000000000001,False,3.9339576642491356,6.162071811343061,13.398075362792335,25.895240733744497,0.1461613339303708,C2,0.016671879376161398,6.344798572495781,1250
O04-N06-free_field,free_field,6,4,0.2,2.356194490192345,10.85857864376269,28.64142135623731,SUCCESS,True,23.04,23.26,False,0.0,0.0,13.28791449555627,25.824600775027413,0.2752183666039303,C2,0.2752183666039303,10.370939955529117,1250
O04-N06-minimal_control,minimal_control,6,4,0.2,2.356194490192345,10.85857864376269,28.64142135623731,SUCCESS,True,10.94,10.98,False,0.40000000000000324,2.0000000000000013,13.296308889523926,25.82675442014122,0.267402504527502,C2,0.13309626677104455,9.410526473574635,1250
O04-N06-capture_hook_lock_off,capture_hook_lock_off,6,4,0.2,2.356194490192345,10.85857864376269,28.64142135623731,SUCCESS,True,1.3800000000000001,1.4000000000000001,False,3.2467419244555265,2.0995707759221305,13.296308889527552,25.82675442014205,0.267402504524204,C2,0.026416119189180708,6.361270616917076,1250
O04-N06-capture_hook_lock_on,capture_hook_lock_on,6,4,0.2,2.356194490192345,10.85857864376269,28.64142135623731,SUCCESS,True,1.3800000000000001,1.4000000000000001,False,3.965069024156711,6.180469486291729,13.399371022015647,25.896512378472348,0.1443463855440309,C2,0.016654021267929416,6.309772771229586,1250
O04-N07-free_field,free_field,7,4,0.2,2.356194490192345,10.85857864376269,28.64142135623731,TIMEOUT,False,,24.580000000000002,False,0.0,0.0,13.220162080861607,25.793718296534283,0.3476512651672986,C2,0.3476512651672986,10.427453136258565,1250
O04-N07-minimal_control,minimal_control,7,4,0.2,2.356194490192345,10.85857864376269,28.64142135623731,TIMEOUT,False,,,False,0.40000000000000324,2.0000000000000013,14.531690265794683,30.80653715560912,4.916013042373517,C3,3.5219155049222786,5.441133418243928,1250
O04-N07-capture_hook_lock_off,capture_hook_lock_off,7,4,0.2,2.356194490192345,10.85857864376269,28.64142135623731,SUCCESS,True,1.3800000000000001,1.4000000000000001,False,3.256471639903581,2.102603684830364,13.29104561260905,25.8196573951981,0.27601701236819015,C2,0.02838715312695994,6.360005001994251,1250
O04-N07-capture_hook_lock_on,capture_hook_lock_on,7,4,0.2,2.356194490192345,10.85857864376269,28.64142135623731,SUCCESS,True,1.3800000000000001,1.4000000000000001,False,3.969170243373887,6.16726261817879,13.392852690665604,25.889017496230274,0.15426490864936848,C2,0.01786632481135319,6.3091596421651435,1250
O05-N00-free_field,free_field,0,5,0.2,3.141592653589793,10.8,28.5,SUCCESS,True,9.32,9.540000000000001,False,0.0,0.0,13.3048125967488,25.818188703181967,0.26674607783171156,C2,0.24892363452904814,7.145704135959086,1250
O05-N00-minimal_control,minimal_control,0,5,0.2,3.141592653589793,10.8,28.5,SUCCESS,True,2.52,2.56,False,0.40000000000000324,2.0000000000000013,13.304812596748807,25.818188703182024,0.26674607783166765,C2,0.02292174515420124,6.038537601535945,1250
O05-N00-capture_hook_lock_off,capture_hook_lock_off,0,5,0.2,3.141592653589793,10.8,28.5,SUCCESS,True,1.26,1.28,False,3.017575703650548,1.933781973605491,13.304812596748713,25.81818870318193,0.2667460778317995,C2,0.0073917992488763485,6.260962961947888,1250
O05-N00-capture_hook_lock_on,capture_hook_lock_on,0,5,0.2,3.141592653589793,10.8,28.5,SUCCESS,True,1.26,1.28,False,3.7354228537768464,6.022315917248508,13.404896581566433,25.88903550917435,0.1461430067500534,C2,0.0014570299396656533,6.206626168246552,1250
O05-N01-free_field,free_field,1,5,0.2,3.141592653589793,10.8,28.5,SUCCESS,True,4.62,4.8,False,0.0,0.0,13.304350827666303,25.822878383187543,0.26391412576275536,C2,0.2510275680801789,6.221621344108121,1250
O05-N01-minimal_control,minimal_control,1,5,0.2,3.141592653589793,10.8,28.5,SUCCESS,True,2.48,2.52,False,0.40000000000000324,2.0000000000000013,13.304350827666319,25.82287838318761,0.2639141257626982,C2,0.005031778989538018,6.042323995486182,1250
O05-N01-capture_hook_lock_off,capture_hook_lock_off,1,5,0.2,3.141592653589793,10.8,28.5,SUCCESS,True,1.24,1.26,False,2.9551229300678314,1.899414372841344,13.304350827666328,25.822878383187533,0.26391412576274403,C2,0.00817130595657791,6.204384063152254,1250
O05-N01-capture_hook_lock_on,capture_hook_lock_on,1,5,0.2,3.141592653589793,10.8,28.5,SUCCESS,True,1.24,1.26,False,3.670433999218792,5.979737465609767,13.403256483644743,25.889654843939038,0.1467493148975422,C2,0.003672580511223254,6.153950730515565,1250
O05-N02-free_field,free_field,2,5,0.2,3.141592653589793,10.8,28.5,SUCCESS,True,9.68,9.88,False,0.0,0.0,13.303017288495003,25.828636533529206,0.261089307082362,C2,0.2515713011454526,7.185975736372871,1250
O05-N02-minimal_control,minimal_control,2,5,0.2,3.141592653589793,10.8,28.5,SUCCESS,True,2.56,2.6,False,0.40000000000000324,2.0000000000000013,13.303017288494946,25.82863653352928,0.26108930708235595,C2,0.0033884103922063482,6.076521515882048,1250
O05-N02-capture_hook_lock_off,capture_hook_lock_off,2,5,0.2,3.141592653589793,10.8,28.5,SUCCESS,True,1.26,1.28,False,3.0020990534463152,1.929442409848419,13.303017288494852,25.828636533529192,0.26108930708248523,C2,0.015312450295165264,6.263836629410892,1250
O05-N02-capture_hook_lock_on,capture_hook_lock_on,2,5,0.2,3.141592653589793,10.8,28.5,SUCCESS,True,1.26,1.28,False,3.711799531176655,5.99317856843497,13.40362513136713,25.89791758170635,0.14038851601424848,C2,0.009632766547487896,6.214082719784042,1250
O05-N03-free_field,free_field,3,5,0.2,3.141592653589793,10.8,28.5,SUCCESS,True,5.34,5.54,False,0.0,0.0,13.30128668779938,25.817509675358686,0.2697956616282656,C2,0.24763531392076968,6.438871594712545,1250
O05-N03-minimal_control,minimal_control,3,5,0.2,3.141592653589793,10.8,28.5,SUCCESS,True,2.52,2.56,False,0.40000000000000324,2.0000000000000013,13.301286687799509,25.817509675358785,0.26979566162810287,C2,0.011128269744002495,6.085744132837793,1250
O05-N03-capture_hook_lock_off,capture_hook_lock_off,3,5,0.2,3.141592653589793,10.8,28.5,SUCCESS,True,1.26,1.28,False,3.0311693674263376,1.9377766799123304,13.30128668779936,25.81750967535864,0.26979566162831126,C2,0.003959534406141356,6.257222681821125,1250
O05-N03-capture_hook_lock_on,capture_hook_lock_on,3,5,0.2,3.141592653589793,10.8,28.5,SUCCESS,True,1.26,1.28,False,3.7353023673866708,5.986487298703907,13.401370454832183,25.886997276020715,0.149991342439319,C2,0.004258756331049627,6.204461331311639,1250
O05-N04-free_field,free_field,4,5,0.2,3.141592653589793,10.8,28.5,SUCCESS,True,10.68,10.88,False,0.0,0.0,13.30829384046215,25.825777618308525,0.2590457293355779,C2,0.2483075911067719,7.300522300513814,1250
O05-N04-minimal_control,minimal_control,4,5,0.2,3.141592653589793,10.8,28.5,SUCCESS,True,2.56,2.6,False,0.40000000000000324,2.0000000000000013,13.308293840461637,25.825777618308344,0.25904572933607967,C2,0.010200784815700956,6.016044523936434,1250
O05-N04-capture_hook_lock_off,capture_hook_lock_off,4,5,0.2,3.141592653589793,10.8,28.5,SUCCESS,True,1.26,1.28,False,3.001438513157928,1.9293194652014942,13.30829384046161,25.82577761830824,0.2590457293361687,C2,0.0031255616732195016,6.2149188135067694,1250
O05-N04-capture_hook_lock_on,capture_hook_lock_on,4,5,0.2,3.141592653589793,10.8,28.5,SUCCESS,True,1.26,1.28,False,3.7118052463552966,5.9924682191010525,13.40792984970976,25.89335537381156,0.14088998853481297,C2,0.002462160089335069,6.168702915967036,1250
O05-N05-free_field,free_field,5,5,0.2,3.141592653589793,10.8,28.5,SUCCESS,True,9.52,9.76,False,0.0,0.0,13.298513388455639,25.823363748211236,0.2679500328001696,C2,0.24443930180850648,7.1886410836017305,1250
O05-N05-minimal_control,minimal_control,5,5,0.2,3.141592653589793,10.8,28.5,SUCCESS,True,2.54,2.56,False,0.40000000000000324,2.0000000000000013,13.298513388455572,25.823363748211282,0.2679500328001899,C2,0.015137028515752798,6.082691051051078,1250
O05-N05-capture_hook_lock_off,capture_hook_lock_off,5,5,0.2,3.141592653589793,10.8,28.5,SUCCESS,True,1.26,1.28,False,3.0126720057564578,1.9325283847397055,13.298513388455525,25.823363748211193,0.2679500328002832,C2,0.0022210458039094976,6.290025525559349,1250
O05-N05-capture_hook_lock_on,capture_hook_lock_on,5,5,0.2,3.141592653589793,10.8,28.5,SUCCESS,True,1.26,1.28,False,3.7264825374653565,6.008117194105145,13.39971547017729,25.892143505533188,0.14727528754150038,C2,0.004237076999489587,6.2449499546659375,1250
O05-N06-free_field,free_field,6,5,0.2,3.141592653589793,10.8,28.5,SUCCESS,True,8.32,8.56,False,0.0,0.0,13.304203177564295,25.820731347308133,0.265468727939613,C2,0.24863720769111003,6.979036120813426,1250
O05-N06-minimal_control,minimal_control,6,5,0.2,3.141592653589793,10.8,28.5,SUCCESS,True,2.54,2.58,False,0.40000000000000324,2.0000000000000013,13.304203177564396,25.82073134730823,0.26546872793947357,C2,0.0061394860026859404,6.050390829053181,1250
O05-N06-capture_hook_lock_off,capture_hook_lock_off,6,5,0.2,3.141592653589793,10.8,28.5,SUCCESS,True,1.26,1.28,False,3.0169487284342935,1.9336783169675882,13.3042031775643,25.820731347308147,0.2654687279395995,C2,0.007224516804344922,6.23400734969984,1250
O05-N06-capture_hook_lock_on,capture_hook_lock_on,6,5,0.2,3.141592653589793,10.8,28.5,SUCCESS,True,1.26,1.28,False,3.731644534721006,6.012499491346087,13.403624868510589,25.892331714058525,0.1445013002265953,C2,0.004991048905144941,6.173412419255314,1250
O05-N07-free_field,free_field,7,5,0.2,3.141592653589793,10.8,28.5,SUCCESS,True,7.04,7.24,False,0.0,0.0,13.307955225188365,25.817035260325937,0.2652494891539829,C2,0.24828406453746485,6.784635494538103,1250
O05-N07-minimal_control,minimal_control,7,5,0.2,3.141592653589793,10.8,28.5,SUCCESS,True,2.54,2.58,False,0.40000000000000324,2.0000000000000013,13.307955225188406,25.817035260326058,0.26524948915387003,C2,0.00639941900396192,6.042121888186591,1250
O05-N07-capture_hook_lock_off,capture_hook_lock_off,7,5,0.2,3.141592653589793,10.8,28.5,SUCCESS,True,1.26,1.28,False,3.018939258856455,1.9343391429861039,13.307955225188374,25.817035260325927,0.26524948915398383,C2,0.015051601624884255,6.234929958222307,1250
O05-N07-capture_hook_lock_on,capture_hook_lock_on,7,5,0.2,3.141592653589793,10.8,28.5,SUCCESS,True,1.26,1.28,False,3.7341997255375325,6.015646895953552,13.40535791280581,25.886671667176365,0.14764970602428282,C2,0.005679803774436591,6.1861697043518795,1250
O06-N00-free_field,free_field,0,6,0.2,3.9269908169872414,10.85857864376269,28.35857864376269,SUCCESS,True,2.46,2.5,False,0.0,0.0,13.294742142682177,25.827850622838625,0.26789213509872467,C2,0.032011932927114725,5.83077515408463,1250
O06-N00-minimal_control,minimal_control,0,6,0.2,3.9269908169872414,10.85857864376269,28.35857864376269,SUCCESS,True,2.06,2.1,False,0.40000000000000324,2.0000000000000013,13.294742142682173,25.82785062283872,0.2678921350986657,C2,0.01384781714906946,5.989872703996262,1250
O06-N00-capture_hook_lock_off,capture_hook_lock_off,0,6,0.2,3.9269908169872414,10.85857864376269,28.35857864376269,SUCCESS,True,1.12,1.1400000000000001,False,2.711923962240584,1.729967584616798,13.294742142682177,25.827850622838625,0.26789213509872467,C2,0.0030263410920321364,6.071947224454434,1250
O06-N00-capture_hook_lock_on,capture_hook_lock_on,0,6,0.2,3.9269908169872414,10.85857864376269,28.35857864376269,SUCCESS,True,1.12,1.1400000000000001,False,3.4438465910862965,5.864385641358928,13.398938611395081,25.89707521159466,0.14424602710313436,C2,0.0038759207993509836,6.023291603483169,1250
O06-N01-free_field,free_field,1,6,0.2,3.9269908169872414,10.85857864376269,28.35857864376269,SUCCESS,True,2.48,2.52,False,0.0,0.0,13.305827297577256,25.829012984899595,0.2587268785787389,C2,0.04538880397661626,5.859576221785288,1250
O06-N01-minimal_control,minimal_control,1,6,0.2,3.9269908169872414,10.85857864376269,28.35857864376269,SUCCESS,True,2.08,2.12,False,0.40000000000000324,2.0000000000000013,13.305827297577284,25.82901298489971,0.25872687857864246,C2,0.013173001638786912,6.018391547224041,1250
O06-N01-capture_hook_lock_off,capture_hook_lock_off,1,6,0.2,3.9269908169872414,10.85857864376269,28.35857864376269,SUCCESS,True,1.1400000000000001,1.16,False,2.7901895073985536,1.76872807410827,13.305827297577256,25.829012984899595,0.2587268785787389,C2,0.003334074881099878,6.117969821896772,1250
O06-N01-capture_hook_lock_on,capture_hook_lock_on,1,6,0.2,3.9269908169872414,10.85857864376269,28.35857864376269,SUCCESS,True,1.1400000000000001,1.16,False,3.508711375171555,5.871025488606898,13.402920882936607,25.895755567221535,0.14244738233857376,C2,0.0022417880399526868,6.066721804192432,1250
O06-N02-free_field,free_field,2,6,0.2,3.9269908169872414,10.85857864376269,28.35857864376269,SUCCESS,True,2.5,2.54,False,0.0,0.0,13.297591497330435,25.81506569492081,0.27417129526640394,C2,0.03546122877811648,5.807030626955702,1250
O06-N02-minimal_control,minimal_control,2,6,0.2,3.9269908169872414,10.85857864376269,28.35857864376269,SUCCESS,True,2.08,2.12,False,0.40000000000000324,2.0000000000000013,13.29759149733047,25.81506569492093,0.27417129526629863,C2,0.01783191263792106,5.957043052181911,1250
O06-N02-capture_hook_lock_off,capture_hook_lock_off,2,6,0.2,3.9269908169872414,10.85857864376269,28.35857864376269,SUCCESS,True,1.1400000000000001,1.16,False,2.788610364931384,1.768365486129921,13.297591497330435,25.81506569492081,0.27417129526640394,C2,0.0049090386696320956,6.03654396921538,1250
O06-N02-capture_hook_lock_on,capture_hook_lock_on,2,6,0.2,3.9269908169872414,10.85857864376269,28.35857864376269,SUCCESS,True,1.1400000000000001,1.16,False,3.508279974957002,5.874073913010877,13.401312266951527,25.88727907163202,0.14981747677219198,C2,0.0045860125664047,5.993364568476443,1250
O06-N03-free_field,free_field,3,6,0.2,3.9269908169872414,10.85857864376269,28.35857864376269,SUCCESS,True,2.46,2.52,False,0.0,0.0,13.306171848059314,25.821884616215343,0.2632383756702228,C2,0.04027076052571143,5.801534992926616,1250
O06-N03-minimal_control,minimal_control,3,6,0.2,3.9269908169872414,10.85857864376269,28.35857864376269,SUCCESS,True,2.06,2.1,False,0.40000000000000324,2.0000000000000013,13.306171848059416,25.821884616215474,0.2632383756700593,C2,0.00982832670507593,5.955426420982708,1250
O06-N03-capture_hook_lock_off,capture_hook_lock_off,3,6,0.2,3.9269908169872414,10.85857864376269,28.35857864376269,SUCCESS,True,1.1400000000000001,1.1400000000000001,False,2.7101412203881035,1.729513615009196,13.306171848059314,25.821884616215343,0.2632383756702228,C2,0.010894867967721728,6.037883398751401,1250
O06-N03-capture_hook_lock_on,capture_hook_lock_on,3,6,0.2,3.9269908169872414,10.85857864376269,28.35857864376269,SUCCESS,True,1.1400000000000001,1.1400000000000001,False,3.4287799981675615,5.829106306882354,13.406210540985269,25.89231842835522,0.1427998021503028,C2,0.009340261571574481,5.991419835007077,1250
O06-N04-free_field,free_field,4,6,0.2,3.9269908169872414,10.85857864376269,28.35857864376269,SUCCESS,True,2.48,2.52,False,0.0,0.0,13.304262314938734,25.82698839992947,0.2612398421223466,C2,0.03856464918345478,5.833182993811092,1250
O06-N04-minimal_control,minimal_control,4,6,0.2,3.9269908169872414,10.85857864376269,28.35857864376269,SUCCESS,True,2.06,2.1,False,0.40000000000000324,2.0000000000000013,13.304262314938816,25.826988399929554,0.2612398421222289,C2,0.01178862641151445,5.996700066449485,1250
O06-N04-capture_hook_lock_off,capture_hook_lock_off,4,6,0.2,3.9269908169872414,10.85857864376269,28.35857864376269,SUCCESS,True,1.1400000000000001,1.16,False,2.7892490994292714,1.768348467639462,13.304262314938747,25.826988399929462,0.26123984212234197,C2,0.0037262666189568834,6.100425329226793,1250
O06-N04-capture_hook_lock_on,capture_hook_lock_on,4,6,0.2,3.9269908169872414,10.85857864376269,28.35857864376269,SUCCESS,True,1.1400000000000001,1.16,False,3.5000103011631025,5.849073747325543,13.402715807314065,25.894089794479353,0.14380954690137882,C2,0.006647697856504476,6.0541881996182685,1250
O06-N05-free_field,free_field,5,6,0.2,3.9269908169872414,10.85857864376269,28.35857864376269,SUCCESS,True,2.48,2.52,False,0.0,0.0,13.308936709946662,25.825760612023668,0.2585817958178273,C2,0.03781416504316031,5.858690164858744,1250
O06-N05-minimal_control,minimal_control,5,6,0.2,3.9269908169872414,10.85857864376269,28.35857864376269,SUCCESS,True,2.06,2.1,False,0.40000000000000324,2.0000000000000013,13.308936709946707,25.825760612023725,0.2585817958177562,C2,0.02289992845071664,5.9959419726661185,1250
O06-N05-capture_hook_lock_off,capture_hook_lock_off,5,6,0.2,3.9269908169872414,10.85857864376269,28.35857864376269,SUCCESS,True,1.12,1.1400000000000001,False,2.707321416676255,1.7285270183150852,13.308936709946645,25.82576061202368,0.25858179581783325,C2,0.004988743435634454,6.067123522804784,1250
O06-N05-capture_hook_lock_on,capture_hook_lock_on,5,6,0.2,3.9269908169872414,10.85857864376269,28.35857864376269,SUCCESS,True,1.12,1.1400000000000001,False,3.435014186044901,5.851226405671019,13.406269218491117,25.89204567821781,0.1429671115806672,C2,0.007004067637493589,6.023563910640541,1250
O06-N06-free_field,free_field,6,6,0.2,3.9269908169872414,10.85857864376269,28.35857864376269,SUCCESS,True,2.44,2.5,False,0.0,0.0,13.31144655519237,25.83311612528958,0.2517987871042821,C2,0.036320529655718976,5.786879888935331,1250
O06-N06-minimal_control,minimal_control,6,6,0.2,3.9269908169872414,10.85857864376269,28.35857864376269,SUCCESS,True,2.04,2.08,False,0.40000000000000324,2.0000000000000013,13.311446555192457,25.833116125289692,0.25179878710414155,C2,0.01747212913649074,5.946069785380522,1250
O06-N06-capture_hook_lock_off,capture_hook_lock_off,6,6,0.2,3.9269908169872414,10.85857864376269,28.35857864376269,SUCCESS,True,1.12,1.1400000000000001,False,2.716663349582541,1.731174251924864,13.311446555192358,25.83311612528956,0.25179878710430315,C2,0.005605359910197893,6.034932401630426,1250
O06-N06-capture_hook_lock_on,capture_hook_lock_on,6,6,0.2,3.9269908169872414,10.85857864376269,28.35857864376269,SUCCESS,True,1.12,1.1400000000000001,False,3.432242170845591,5.821441346582161,13.404821282888417,25.898066852174146,0.1394609436964131,C2,0.0074494118134057685,5.977778913101704,1250
O06-N07-free_field,free_field,7,6,0.2,3.9269908169872414,10.85857864376269,28.35857864376269,SUCCESS,True,2.5,2.54,False,0.0,0.0,13.301700970287687,25.824890686564107,0.2645482504890832,C2,0.037198031907358244,5.841392332259598,1250
O06-N07-minimal_control,minimal_control,7,6,0.2,3.9269908169872414,10.85857864376269,28.35857864376269,SUCCESS,True,2.08,2.12,False,0.40000000000000324,2.0000000000000013,13.301700970287703,25.824890686564192,0.26454825048901476,C2,0.01716054213080645,5.977574833059319,1250
O06-N07-capture_hook_lock_off,capture_hook_lock_off,7,6,0.2,3.9269908169872414,10.85857864376269,28.35857864376269,SUCCESS,True,1.1400000000000001,1.1400000000000001,False,2.6978643842160546,1.7259104691881937,13.301700970287687,25.824890686564107,0.2645482504890832,C2,0.006294577677237041,6.0590799168009655,1250
O06-N07-capture_hook_lock_on,capture_hook_lock_on,7,6,0.2,3.9269908169872414,10.85857864376269,28.35857864376269,SUCCESS,True,1.1400000000000001,1.1400000000000001,False,3.4237155287050833,5.843372313919015,13.404900517876223,25.89378498422617,0.1425676719177446,C2,0.013294339655336492,6.015940435663955,1250
O07-N00-free_field,free_field,0,7,0.2,4.71238898038469,11.0,28.3,SUCCESS,True,2.4,2.46,False,0.0,0.0,13.30290622855433,25.823731328537846,0.2644174715893618,C2,0.020080174596692472,6.088441790433815,1250
O07-N00-minimal_control,minimal_control,0,7,0.2,4.71238898038469,11.0,28.3,SUCCESS,True,1.96,2.0,False,0.40000000000000324,2.0000000000000013,13.302906228554358,25.82373132853794,0.26441747158927903,C2,0.05698613060268939,6.073752802654289,1250
O07-N00-capture_hook_lock_off,capture_hook_lock_off,0,7,0.2,4.71238898038469,11.0,28.3,SUCCESS,True,1.06,1.08,False,2.637349344847706,1.6589684671275007,13.30290622855433,25.823731328537846,0.2644174715893618,C2,0.010008985435405966,5.982519582816136,1250
O07-N00-capture_hook_lock_on,capture_hook_lock_on,0,7,0.2,4.71238898038469,11.0,28.3,SUCCESS,True,1.06,1.08,False,3.3608378182426373,5.7820734417054584,13.401562104370687,25.891687659615812,0.14636113683429713,C2,0.00782278031162594,5.935937518047108,1250
O07-N01-free_field,free_field,1,7,0.2,4.71238898038469,11.0,28.3,SUCCESS,True,2.42,2.46,False,0.0,0.0,13.296816136717236,25.818231071782396,0.27262359685816867,C2,0.01467108106525231,6.088928425371078,1250
O07-N01-minimal_control,minimal_control,1,7,0.2,4.71238898038469,11.0,28.3,SUCCESS,True,1.98,2.02,False,0.40000000000000324,2.0000000000000013,13.296816136717245,25.81823107178249,0.27262359685810045,C2,0.06448248180575161,6.075937904633394,1250
O07-N01-capture_hook_lock_off,capture_hook_lock_off,1,7,0.2,4.71238898038469,11.0,28.3,SUCCESS,True,1.06,1.08,False,2.6430939569810916,1.6606694295114612,13.296816136717188,25.818231071782368,0.27262359685822335,C2,0.0053212137791159705,5.946270524460395,1250
O07-N01-capture_hook_lock_on,capture_hook_lock_on,1,7,0.2,4.71238898038469,11.0,28.3,SUCCESS,True,1.06,1.08,False,3.3641379154726794,5.772592821233007,13.398280496644647,25.889851154554144,0.14993206967128409,C2,0.0028974242290619,5.890141546661842,1250
O07-N02-free_field,free_field,2,7,0.2,4.71238898038469,11.0,28.3,SUCCESS,True,2.38,2.44,False,0.0,0.0,13.300116346474585,25.822744304155087,0.26715736309548427,C2,0.003513816946515588,6.056432496440994,1250
O07-N02-minimal_control,minimal_control,2,7,0.2,4.71238898038469,11.0,28.3,SUCCESS,True,1.96,2.0,False,0.40000000000000324,2.0000000000000013,13.300116346474631,25.82274430415519,0.26715736309538135,C2,0.054148938460830943,6.031323322277886,1250
O07-N02-capture_hook_lock_off,capture_hook_lock_off,2,7,0.2,4.71238898038469,11.0,28.3,SUCCESS,True,1.06,1.08,False,2.6495837447384374,1.6625741464812354,13.300116346474605,25.82274430415509,0.2671573630954673,C2,0.002742161962823666,5.96189092433396,1250
O07-N02-capture_hook_lock_on,capture_hook_lock_on,2,7,0.2,4.71238898038469,11.0,28.3,SUCCESS,True,1.06,1.08,False,3.3830792624988817,5.815151358718315,13.4013344802718,25.890721957511353,0.14722966872674292,C2,0.001441183630690144,5.917355405132421,1250
O07-N03-free_field,free_field,3,7,0.2,4.71238898038469,11.0,28.3,SUCCESS,True,2.4,2.44,False,0.0,0.0,13.296244031605934,25.829239092605622,0.265849171806788,C2,0.011611007865345899,6.040661566188104,1250
O07-N03-minimal_control,minimal_control,3,7,0.2,4.71238898038469,11.0,28.3,SUCCESS,True,1.96,2.0,False,0.40000000000000324,2.0000000000000013,13.296244031605962,25.829239092605704,0.26584917180671375,C2,0.06606739012758579,6.028589211721202,1250
O07-N03-capture_hook_lock_off,capture_hook_lock_off,3,7,0.2,4.71238898038469,11.0,28.3,SUCCESS,True,1.06,1.08,False,2.640606685988136,1.6600560144760261,13.296244031605926,25.829239092605604,0.26584917180680484,C2,0.011182739220342392,5.934640653832509,1250
O07-N03-capture_hook_lock_on,capture_hook_lock_on,3,7,0.2,4.71238898038469,11.0,28.3,SUCCESS,True,1.06,1.08,False,3.3574070750410923,5.76249234006322,13.396888983383048,25.895726183650318,0.14664552677769785,C2,0.0021713301063841215,5.884290400666865,1250
O07-N04-free_field,free_field,4,7,0.2,4.71238898038469,11.0,28.3,SUCCESS,True,2.48,2.52,False,0.0,0.0,13.300945456482586,25.818224438166407,0.2695645862772865,C2,0.0189057055398789,6.126743918241639,1250
O07-N04-minimal_control,minimal_control,4,7,0.2,4.71238898038469,11.0,28.3,SUCCESS,True,2.02,2.06,False,0.40000000000000324,2.0000000000000013,13.300945456482623,25.818224438166496,0.26956458627719904,C2,0.06231532488040295,6.077233390216264,1250
O07-N04-capture_hook_lock_off,capture_hook_lock_off,4,7,0.2,4.71238898038469,11.0,28.3,SUCCESS,True,1.06,1.08,False,2.624678785878836,1.6555416587143648,13.300945456482566,25.8182244381664,0.26956458627730573,C2,0.00510626249940913,5.947245128419167,1250
O07-N04-capture_hook_lock_on,capture_hook_lock_on,4,7,0.2,4.71238898038469,11.0,28.3,SUCCESS,True,1.06,1.08,False,3.336219434741599,5.739169601744958,13.400448326903927,25.887805213754426,0.14999401880380916,C2,0.0011960183086309152,5.895774196896356,1250
O07-N05-free_field,free_field,5,7,0.2,4.71238898038469,11.0,28.3,SUCCESS,True,2.36,2.4,False,0.0,0.0,13.305774744541445,25.821299873902785,0.26392647636245525,C2,0.005537817475025987,6.013899704313104,1250
O07-N05-minimal_control,minimal_control,5,7,0.2,4.71238898038469,11.0,28.3,SUCCESS,True,1.94,2.0,False,0.40000000000000324,2.0000000000000013,13.305774744541486,25.821299873902912,0.2639264763623386,C2,0.05053556473881754,6.018763497430499,1250
O07-N05-capture_hook_lock_off,capture_hook_lock_off,5,7,0.2,4.71238898038469,11.0,28.3,SUCCESS,True,1.06,1.08,False,2.640880184942123,1.6599596813172781,13.30577474454144,25.821299873902767,0.26392647636247124,C2,0.00630700129175476,5.948047858620048,1250
O07-N05-capture_hook_lock_on,capture_hook_lock_on,5,7,0.2,4.71238898038469,11.0,28.3,SUCCESS,True,1.06,1.08,False,3.344352261711438,5.72426995152883,13.407188135289699,25.891098856707483,0.14308564303039104,C2,0.0009398513761544892,5.899829077855721,1250
O07-N06-free_field,free_field,6,7,0.2,4.71238898038469,11.0,28.3,SUCCESS,True,2.4,2.44,False,0.0,0.0,13.298144292476596,25.814806311733324,0.27393873189745993,C2,0.010009298207633027,6.106900129497431,1250
O07-N06-minimal_control,minimal_control,6,7,0.2,4.71238898038469,11.0,28.3,SUCCESS,True,1.96,2.0,False,0.40000000000000324,2.0000000000000013,13.298144292476678,25.8148063117334,0.2739387318973493,C2,0.0618978551252918,6.085798634187814,1250
O07-N06-capture_hook_lock_off,capture_hook_lock_off,6,7,0.2,4.71238898038469,11.0,28.3,SUCCESS,True,1.06,1.08,False,2.6473206544019603,1.6619562066681948,13.298144292476621,25.81480631173327,0.2739387318974777,C2,0.008324662019299248,5.988178933354266,1250
O07-N06-capture_hook_lock_on,capture_hook_lock_on,6,7,0.2,4.71238898038469,11.0,28.3,SUCCESS,True,1.06,1.08,False,3.367532843947008,5.775307793130981,13.398539924118614,25.88508282150358,0.15329743935054674,C2,0.0017451804950965137,5.930558503991095,1250
O07-N07-free_field,free_field,7,7,0.2,4.71238898038469,11.0,28.3,SUCCESS,True,2.42,2.46,False,0.0,0.0,13.30997207642992,25.833893811015308,0.252392309223903,C2,0.008257461235772518,6.093473450332064,1250
O07-N07-minimal_control,minimal_control,7,7,0.2,4.71238898038469,11.0,28.3,SUCCESS,True,1.98,2.02,False,0.40000000000000324,2.0000000000000013,13.309972076429926,25.833893811015386,0.25239230922384753,C2,0.05391890626558285,6.07918043930406,1250
O07-N07-capture_hook_lock_off,capture_hook_lock_off,7,7,0.2,4.71238898038469,11.0,28.3,SUCCESS,True,1.06,1.08,False,2.623376512805762,1.6550511596904343,13.30997207642992,25.833893811015308,0.252392309223903,C2,0.01150743664236714,5.989060593698476,1250
O07-N07-capture_hook_lock_on,capture_hook_lock_on,7,7,0.2,4.71238898038469,11.0,28.3,SUCCESS,True,1.06,1.08,False,3.3473588832758168,5.775498814891091,13.407959674546328,25.90030619495142,0.13568447322624025,C2,0.005388859327526344,5.938997068304912,1250
O08-N00-free_field,free_field,0,8,0.2,5.497787143782138,11.14142135623731,28.35857864376269,SUCCESS,True,3.36,3.4,False,0.0,0.0,13.306465420860356,25.82756614208994,0.2592085428308766,C2,0.05435924855322173,6.892050334993223,1250
O08-N00-minimal_control,minimal_control,0,8,0.2,5.497787143782138,11.14142135623731,28.35857864376269,SUCCESS,True,2.36,2.4,False,0.40000000000000324,2.0000000000000013,13.306465420860386,25.827566142090035,0.25920854283079026,C2,0.10592695654443672,6.486490967108699,1250
O08-N00-capture_hook_lock_off,capture_hook_lock_off,0,8,0.2,5.497787143782138,11.14142135623731,28.35857864376269,SUCCESS,True,1.08,1.1,False,2.694316582037641,1.6924056248201969,13.306465420860334,25.827566142089935,0.2592085428308949,C2,0.01783867427362923,6.0105043802552025,1250
O08-N00-capture_hook_lock_on,capture_hook_lock_on,0,8,0.2,5.497787143782138,11.14142135623731,28.35857864376269,SUCCESS,True,1.08,1.1,False,3.4192076345685907,5.818393872584062,13.406694724818632,25.895402299274,0.1401661634412411,C2,0.010940038909304938,5.955679900764963,1250
O08-N01-free_field,free_field,1,8,0.2,5.497787143782138,11.14142135623731,28.35857864376269,SUCCESS,True,3.2800000000000002,3.34,False,0.0,0.0,13.304528407568254,25.824432210517,0.2627416833160468,C2,0.06315588030577048,6.836931071901935,1250
O08-N01-minimal_control,minimal_control,1,8,0.2,5.497787143782138,11.14142135623731,28.35857864376269,SUCCESS,True,2.32,2.36,False,0.40000000000000324,2.0000000000000013,13.304528407568286,25.82443221051711,0.26274168331594944,C2,0.10489332759972145,6.444252441662586,1250
O08-N01-capture_hook_lock_off,capture_hook_lock_off,1,8,0.2,5.497787143782138,11.14142135623731,28.35857864376269,SUCCESS,True,1.08,1.1,False,2.7080409535944487,1.6965648063238463,13.304528407568254,25.824432210517,0.2627416833160468,C2,0.01568260678246994,5.990278199129936,1250
O08-N01-capture_hook_lock_on,capture_hook_lock_on,1,8,0.2,5.497787143782138,11.14142135623731,28.35857864376269,SUCCESS,True,1.08,1.1,False,3.424375853341292,5.796084430723799,13.401652357306473,25.890584922157135,0.14711872104777787,C2,0.006289741226402992,5.938142694044994,1250
O08-N02-free_field,free_field,2,8,0.2,5.497787143782138,11.14142135623731,28.35857864376269,SUCCESS,True,3.36,3.4,False,0.0,0.0,13.29599151366156,25.828231786976968,0.26669042259373904,C2,0.04972278099795229,6.836845844762541,1250
O08-N02-minimal_control,minimal_control,2,8,0.2,5.497787143782138,11.14142135623731,28.35857864376269,SUCCESS,True,2.34,2.4,False,0.40000000000000324,2.0000000000000013,13.295991513661603,25.828231786977078,0.2666904225936355,C2,0.09791913890258072,6.4263247868630575,1250
O08-N02-capture_hook_lock_off,capture_hook_lock_off,2,8,0.2,5.497787143782138,11.14142135623731,28.35857864376269,SUCCESS,True,1.08,1.1,False,2.679385738545017,1.688399218285666,13.295991513661528,25.828231786976968,0.2666904225937635,C2,0.015900544227084656,5.983302889846101,1250
O08-N02-capture_hook_lock_on,capture_hook_lock_on,2,8,0.2,5.497787143782138,11.14142135623731,28.35857864376269,SUCCESS,True,1.08,1.1,False,3.4144637765189385,5.841304096826112,13.398249894910737,25.897405559209847,0.14449464753657879,C2,0.005588412922148008,5.922614431608308,1250
O08-N03-free_field,free_field,3,8,0.2,5.497787143782138,11.14142135623731,28.35857864376269,SUCCESS,True,3.2800000000000002,3.3200000000000003,False,0.0,0.0,13.301462763874971,25.829147497191766,0.2619305477488319,C2,0.051117908051928826,6.831035610823812,1250
O08-N03-minimal_control,minimal_control,3,8,0.2,5.497787143782138,11.14142135623731,28.35857864376269,SUCCESS,True,2.32,2.38,False,0.40000000000000324,2.0000000000000013,13.30146276387504,25.82914749719189,0.2619305477486983,C2,0.10635859242097867,6.4465916761017645,1250
O08-N03-capture_hook_lock_off,capture_hook_lock_off,3,8,0.2,5.497787143782138,11.14142135623731,28.35857864376269,SUCCESS,True,1.08,1.1,False,2.7064869883602736,1.6958906330721055,13.301462763874992,25.829147497191755,0.2619305477488227,C2,0.011962071409600884,6.003299234278415,1250
O08-N03-capture_hook_lock_on,capture_hook_lock_on,3,8,0.2,5.497787143782138,11.14142135623731,28.35857864376269,SUCCESS,True,1.08,1.1,False,3.4299523083189905,5.817657582567152,13.40324847180717,25.899497745910153,0.13950469986630532,C2,0.005567209201799246,5.953690620780315,1250
O08-N04-free_field,free_field,4,8,0.2,5.497787143782138,11.14142135623731,28.35857864376269,SUCCESS,True,3.1,3.14,False,0.0,0.0,13.302990063102378,25.825711416309773,0.26303882915104093,C2,0.05442204930654092,6.706727519079718,1250
O08-N04-minimal_control,minimal_control,4,8,0.2,5.497787143782138,11.14142135623731,28.35857864376269,SUCCESS,True,2.2600000000000002,2.3000000000000003,False,0.40000000000000324,2.0000000000000013,13.302990063102472,25.825711416309865,0.2630388291509092,C2,0.10181582368389418,6.388464398601964,1250
O08-N04-capture_hook_lock_off,capture_hook_lock_off,4,8,0.2,5.497787143782138,11.14142135623731,28.35857864376269,SUCCESS,True,1.06,1.08,False,2.6272021655433284,1.6566377256029055,13.302990063102378,25.825711416309773,0.26303882915104093,C2,0.013827208442478334,5.967775526698555,1250
O08-N04-capture_hook_lock_on,capture_hook_lock_on,4,8,0.2,5.497787143782138,11.14142135623731,28.35857864376269,SUCCESS,True,1.06,1.08,False,3.344017411264227,5.756599027874135,13.400572341604153,25.893859570468127,0.14543606855003918,C2,0.00762751718421644,5.923786455312599,1250
O08-N05-free_field,free_field,5,8,0.2,5.497787143782138,11.14142135623731,28.35857864376269,SUCCESS,True,3.3000000000000003,3.34,False,0.0,0.0,13.30352053812524,25.82499770306902,0.2631159114719491,C2,0.05417204075070639,6.90133663196451,1250
O08-N05-minimal_control,minimal_control,5,8,0.2,5.497787143782138,11.14142135623731,28.35857864376269,SUCCESS,True,2.34,2.38,False,0.40000000000000324,2.0000000000000013,13.303520538125285,25.824997703069098,0.26311591147186264,C2,0.11939572732331219,6.4921079405819775,1250
O08-N05-capture_hook_lock_off,capture_hook_lock_off,5,8,0.2,5.497787143782138,11.14142135623731,28.35857864376269,SUCCESS,True,1.08,1.1,False,2.7041360358847903,1.695306971242951,13.30352053812524,25.82499770306902,0.2631159114719491,C2,0.018828979556808737,6.033625001718302,1250
O08-N05-capture_hook_lock_on,capture_hook_lock_on,5,8,0.2,5.497787143782138,11.14142135623731,28.35857864376269,SUCCESS,True,1.08,1.1,False,3.414006983693613,5.7785463652202385,13.403497483743507,25.89396136190104,0.1433768754496921,C2,0.014950076783797917,5.991164686651711,1250
O08-N06-free_field,free_field,6,8,0.2,5.497787143782138,11.14142135623731,28.35857864376269,SUCCESS,True,3.14,3.18,False,0.0,0.0,13.30396993878941,25.827324563219626,0.26123665777513067,C2,0.0454324412266553,6.691556418819699,1250
O08-N06-minimal_control,minimal_control,6,8,0.2,5.497787143782138,11.14142135623731,28.35857864376269,SUCCESS,True,2.2800000000000002,2.32,False,0.40000000000000324,2.0000000000000013,13.30396993878948,25.827324563219733,0.26123665777500693,C2,0.10297155077532683,6.360310004458328,1250
O08-N06-capture_hook_lock_off,capture_hook_lock_off,6,8,0.2,5.497787143782138,11.14142135623731,28.35857864376269,SUCCESS,True,1.06,1.08,False,2.62973943170872,1.657537878743897,13.30396993878941,25.82732456321964,0.2612366577751213,C2,0.013177159636666352,5.942785070600821,1250
O08-N06-capture_hook_lock_on,capture_hook_lock_on,6,8,0.2,5.497787143782138,11.14142135623731,28.35857864376269,SUCCESS,True,1.06,1.08,False,3.3524439147798475,5.773171337631601,13.402041085398468,25.89447478457338,0.1439844437456527,C2,0.007434076383099198,5.891964934231104,1250
O08-N07-free_field,free_field,7,8,0.2,5.497787143782138,11.14142135623731,28.35857864376269,SUCCESS,True,3.46,3.5,False,0.0,0.0,13.305523565731852,25.821108538613235,0.2642408720140509,C2,0.061123704657795326,6.916353530831603,1250
O08-N07-minimal_control,minimal_control,7,8,0.2,5.497787143782138,11.14142135623731,28.35857864376269,SUCCESS,True,2.38,2.42,False,0.40000000000000324,2.0000000000000013,13.305523565731884,25.821108538613334,0.26424087201396,C2,0.11095659981892678,6.45371330530804,1250
O08-N07-capture_hook_lock_off,capture_hook_lock_off,7,8,0.2,5.497787143782138,11.14142135623731,28.35857864376269,SUCCESS,True,1.08,1.1,False,2.6895949897489198,1.6915015005859224,13.305523565731852,25.821108538613235,0.2642408720140509,C2,0.01495800334699504,5.969136938247689,1250
O08-N07-capture_hook_lock_on,capture_hook_lock_on,7,8,0.2,5.497787143782138,11.14142135623731,28.35857864376269,SUCCESS,True,1.08,1.1,False,3.4204856115950104,5.830147177703632,13.407080443618376,25.89098822613374,0.1432396970103835,C2,0.009580027384499444,5.922279311742467,1250
O09-N00-free_field,free_field,0,9,0.4,0.0,11.4,28.5,SUCCESS,True,18.5,18.54,False,0.0,0.0,13.309676414790944,25.818812724096183,0.26277727458110695,C2,0.15671613542381238,9.52693264382503,1250
O09-N00-minimal_control,minimal_control,0,9,0.4,0.0,11.4,28.5,SUCCESS,True,3.62,3.68,False,0.40000000000000324,2.0000000000000013,13.309676481589985,25.818813497736482,0.26277669276869875,C2,0.16471351667415524,7.328149747457895,1250
O09-N00-capture_hook_lock_off,capture_hook_lock_off,0,9,0.4,0.0,11.4,28.5,SUCCESS,True,1.1400000000000001,1.16,False,2.7942598383781805,1.771252853580188,13.309676481589978,25.81881349773639,0.2627766927687676,C2,0.03447216249297432,6.020659847910149,1250
O09-N00-capture_hook_lock_on,capture_hook_lock_on,0,9,0.4,0.0,11.4,28.5,SUCCESS,True,1.1400000000000001,1.16,False,3.505045355116319,5.84737101546166,13.408899914753956,25.89004891514375,0.14278818786196043,C2,0.023168477218996206,5.9691140883204925,1250
O09-N01-free_field,free_field,1,9,0.4,0.0,11.4,28.5,SUCCESS,True,13.24,13.280000000000001,False,0.0,0.0,13.305912476239781,25.82643655977524,0.26037326026692487,C2,0.1323178391211221,9.057840090185024,1250
O09-N01-minimal_control,minimal_control,1,9,0.4,0.0,11.4,28.5,SUCCESS,True,3.52,3.56,False,0.40000000000000324,2.0000000000000013,13.305912476386075,25.826436559829823,0.26037326012148926,C2,0.15792491551238058,7.27383087672317,1250
O09-N01-capture_hook_lock_off,capture_hook_lock_off,1,9,0.4,0.0,11.4,28.5,SUCCESS,True,1.1400000000000001,1.16,False,2.8067675763609605,1.7749585780340125,13.305912476386043,25.826436559829748,0.2603732601215628,C2,0.033391292563528734,6.049695403018273,1250
O09-N01-capture_hook_lock_on,capture_hook_lock_on,1,9,0.4,0.0,11.4,28.5,SUCCESS,True,1.1400000000000001,1.16,False,3.523755321818829,5.872610320950187,13.405545257389637,25.893825996682448,0.142107766790086,C2,0.024575259473598798,5.996168322463641,1250
O09-N02-free_field,free_field,2,9,0.4,0.0,11.4,28.5,SUCCESS,True,13.58,13.64,False,0.0,0.0,13.300856057585692,25.8155912920039,0.27141275096263157,C2,0.13712157000532046,9.106634883214781,1250
O09-N02-minimal_control,minimal_control,2,9,0.4,0.0,11.4,28.5,SUCCESS,True,3.52,3.58,False,0.40000000000000324,2.0000000000000013,13.300856057823603,25.815591292122434,0.271412750707533,C2,0.16239015654532934,7.340050460717111,1250
O09-N02-capture_hook_lock_off,capture_hook_lock_off,2,9,0.4,0.0,11.4,28.5,SUCCESS,True,1.1400000000000001,1.16,False,2.7987398408162676,1.7725870145162608,13.300856057823575,25.81559129212232,0.2714127507076311,C2,0.04347139291392361,6.12507825846575,1250
O09-N02-capture_hook_lock_on,capture_hook_lock_on,2,9,0.4,0.0,11.4,28.5,SUCCESS,True,1.1400000000000001,1.16,False,3.540187842367655,5.939738036093359,13.401851297446328,25.88596940601561,0.15045312950351572,C2,0.026601744314653824,6.069086073216356,1250
O09-N03-free_field,free_field,3,9,0.4,0.0,11.4,28.5,SUCCESS,True,13.96,14.0,False,0.0,0.0,13.3113862457456,25.828039241448685,0.2552364605135452,C2,0.13385853477322165,9.188458725649681,1250
O09-N03-minimal_control,minimal_control,3,9,0.4,0.0,11.4,28.5,SUCCESS,True,3.6,3.66,False,0.40000000000000324,2.0000000000000013,13.311386246264805,25.828039241662612,0.2552364599857364,C2,0.15958622284301568,7.379231182763625,1250
O09-N03-capture_hook_lock_off,capture_hook_lock_off,3,9,0.4,0.0,11.4,28.5,SUCCESS,True,1.1400000000000001,1.16,False,2.792714185936729,1.7708594214708617,13.311386246264718,25.828039241662506,0.2552364599858725,C2,0.03483148072759562,6.082513602683925,1250
O09-N03-capture_hook_lock_on,capture_hook_lock_on,3,9,0.4,0.0,11.4,28.5,SUCCESS,True,1.1400000000000001,1.16,False,3.508910530351768,5.863376160074359,13.409906001637802,25.89754205902847,0.1364351795139842,C2,0.023324278828774782,6.022923985516333,1250
O09-N04-free_field,free_field,4,9,0.4,0.0,11.4,28.5,SUCCESS,True,12.68,12.72,False,0.0,0.0,13.299011339348839,25.82687526761859,0.26527083268328333,C2,0.1377448738726919,9.092415971311288,1250
O09-N04-minimal_control,minimal_control,4,9,0.4,0.0,11.4,28.5,SUCCESS,True,3.5,3.54,False,0.40000000000000324,2.0000000000000013,13.299011339414355,25.826875267639103,0.2652708326202562,C2,0.16252931490497005,7.333329508833687,1250
O09-N04-capture_hook_lock_off,capture_hook_lock_off,4,9,0.4,0.0,11.4,28.5,SUCCESS,True,1.1400000000000001,1.16,False,2.8132096067741723,1.7766247516716667,13.299011339414301,25.82687526763903,0.26527083262034523,C2,0.03300887183754741,6.1078535366936535,1250
O09-N04-capture_hook_lock_on,capture_hook_lock_on,4,9,0.4,0.0,11.4,28.5,SUCCESS,True,1.1400000000000001,1.16,False,3.5281880383717357,5.86899633057359,13.400779421978527,25.894984605099413,0.14447475997225756,C2,0.02162496176709092,6.050702026293621,1250
O09-N05-free_field,free_field,5,9,0.4,0.0,11.4,28.5,SUCCESS,True,16.68,16.740000000000002,False,0.0,0.0,13.295835030407185,25.817345017597383,0.27394557380132223,C2,0.15060789918228085,9.353231689513244,1250
O09-N05-minimal_control,minimal_control,5,9,0.4,0.0,11.4,28.5,SUCCESS,True,3.56,3.6,False,0.40000000000000324,2.0000000000000013,13.295835053134581,25.817345046442483,0.27394553763048923,C2,0.15838069863747567,7.318491353121124,1250
O09-N05-capture_hook_lock_off,capture_hook_lock_off,5,9,0.4,0.0,11.4,28.5,SUCCESS,True,1.1400000000000001,1.16,False,2.7976987722982494,1.7723154744677367,13.295835053134484,25.817345046442348,0.27394553763065205,C2,0.035276161279968,6.067978921865179,1250
O09-N05-capture_hook_lock_on,capture_hook_lock_on,5,9,0.4,0.0,11.4,28.5,SUCCESS,True,1.1400000000000001,1.16,False,3.517482165539296,5.876508019138453,13.400195744683588,25.888980933243325,0.14928537290299668,C2,0.021076502704340964,6.014629017621478,1250
O09-N06-free_field,free_field,6,9,0.4,0.0,11.4,28.5,SUCCESS,True,11.14,11.200000000000001,False,0.0,0.0,13.288528637410653,25.81974506282347,0.2778704366641227,C2,0.12006925913402003,8.91295665441638,1250
O09-N06-minimal_control,minimal_control,6,9,0.4,0.0,11.4,28.5,SUCCESS,True,3.42,3.48,False,0.40000000000000324,2.0000000000000013,13.288528637415938,25.8197450628248,0.2778704366592366,C2,0.1493137585441431,7.300929586067113,1250
O09-N06-capture_hook_lock_off,capture_hook_lock_off,6,9,0.4,0.0,11.4,28.5,SUCCESS,True,1.1400000000000001,1.16,False,2.829041239091478,1.7811247654856226,13.288528637415954,25.819745062824726,0.2778704366592728,C2,0.031730558527171535,6.123144315380968,1250
O09-N06-capture_hook_lock_on,capture_hook_lock_on,6,9,0.4,0.0,11.4,28.5,SUCCESS,True,1.1400000000000001,1.16,False,3.554871540935018,5.907637924647285,13.395408402242806,25.8913372409328,0.1508210778687755,C2,0.02277254609016347,6.077573518556648,1250
O09-N07-free_field,free_field,7,9,0.4,0.0,11.4,28.5,SUCCESS,True,13.64,13.68,False,0.0,0.0,13.304671670825849,25.836108461905987,0.2549776312478938,C2,0.13315557452623375,9.112822078162901,1250
O09-N07-minimal_control,minimal_control,7,9,0.4,0.0,11.4,28.5,SUCCESS,True,3.52,3.56,False,0.40000000000000324,2.0000000000000013,13.304671671129352,25.836108462017894,0.2549776309434619,C2,0.1564137482551897,7.251242408787045,1250
O09-N07-capture_hook_lock_off,capture_hook_lock_off,7,9,0.4,0.0,11.4,28.5,SUCCESS,True,1.1400000000000001,1.16,False,2.810940109268235,1.7761533426082938,13.30467167112931,25.8361084620178,0.2549776309435539,C2,0.030774860967717733,6.021494500192472,1250
O09-N07-capture_hook_lock_on,capture_hook_lock_on,7,9,0.4,0.0,11.4,28.5,SUCCESS,True,1.1400000000000001,1.16,False,3.5291873434239975,5.8765799560800716,13.402459712671318,25.901115508964068,0.13889654502397517,C2,0.018028244638812963,5.968587343958219,1250
O10-N00-free_field,free_field,0,10,0.4,0.7853981633974483,11.282842712474618,28.78284271247462,TIMEOUT,False,,,False,0.0,0.0,10.580733610664405,32.570104258612425,7.1894635558532185,C3,3.558089374931439,5.109303213094527,1250
O10-N00-minimal_control,minimal_control,0,10,0.4,0.7853981633974483,11.282842712474618,28.78284271247462,TIMEOUT,False,,,False,0.40000000000000324,2.0000000000000013,14.62187649350186,30.864849479928946,4.992531154538444,C3,3.5563394752636537,5.261318508695337,1250
O10-N00-capture_hook_lock_off,capture_hook_lock_off,0,10,0.4,0.7853981633974483,11.282842712474618,28.78284271247462,SUCCESS,True,1.5,1.52,False,3.4492605791682687,2.2551895247278844,13.30346500988161,25.830243921676697,0.2596981487584062,C2,0.04807005705646537,6.498713310128277,1250
O10-N00-capture_hook_lock_on,capture_hook_lock_on,0,10,0.4,0.7853981633974483,11.282842712474618,28.78284271247462,SUCCESS,True,1.5,1.52,False,4.148946897206126,6.274984400230381,13.401969789462546,25.896755790904255,0.14237025282629612,C2,0.03771222651056346,6.434505045960311,1250
O10-N01-free_field,free_field,1,10,0.4,0.7853981633974483,11.282842712474618,28.78284271247462,TIMEOUT,False,,,False,0.0,0.0,10.690805702126587,32.571164292735,7.146451760511642,C3,3.558089374931439,5.116170641948192,1250
O10-N01-minimal_control,minimal_control,1,10,0.4,0.7853981633974483,11.282842712474618,28.78284271247462,TIMEOUT,False,,,False,0.40000000000000324,2.0000000000000013,14.77278769321853,30.75322130611271,4.920680978979674,C3,3.5534151552487967,5.400404306007314,1250
O10-N01-capture_hook_lock_off,capture_hook_lock_off,1,10,0.4,0.7853981633974483,11.282842712474618,28.78284271247462,SUCCESS,True,1.5,1.52,False,3.4353007714840547,2.251462550874407,13.309187030221137,25.827630007636486,0.2571400468679023,C2,0.047608619117491424,6.581468310609901,1250
O10-N01-capture_hook_lock_on,capture_hook_lock_on,1,10,0.4,0.7853981633974483,11.282842712474618,28.78284271247462,SUCCESS,True,1.5,1.52,False,4.135024160272487,6.2672459780139755,13.407122231184543,25.89532413687835,0.13994040253050485,C2,0.034123253853469725,6.542463170601278,1250
O10-N02-free_field,free_field,2,10,0.4,0.7853981633974483,11.282842712474618,28.78284271247462,TIMEOUT,False,,,False,0.0,0.0,10.602174114012328,32.51634395687408,7.131629086666636,C3,3.558089374931439,5.097341209404012,1250
O10-N02-minimal_control,minimal_control,2,10,0.4,0.7853981633974483,11.282842712474618,28.78284271247462,TIMEOUT,False,,,False,0.40000000000000324,2.0000000000000013,14.884535553466646,30.51599203831166,4.723465125192255,C3,3.5531500417779696,5.3958729467274456,1250
O10-N02-capture_hook_lock_off,capture_hook_lock_off,2,10,0.4,0.7853981633974483,11.282842712474618,28.78284271247462,SUCCESS,True,1.48,1.5,False,3.42230548297347,2.2312162008381025,13.302062119920665,25.81502033468428,0.2709185873110532,C2,0.04812851370023924,6.5002887383137775,1250
O10-N02-capture_hook_lock_on,capture_hook_lock_on,2,10,0.4,0.7853981633974483,11.282842712474618,28.78284271247462,SUCCESS,True,1.48,1.5,False,4.137280536928438,6.292924503487289,13.401930270889505,25.884668348644205,0.1513904276110635,C2,0.02675739109552159,6.4453551313044795,1250
O10-N03-free_field,free_field,3,10,0.4,0.7853981633974483,11.282842712474618,28.78284271247462,TIMEOUT,False,,,False,0.0,0.0,10.759752894031397,32.56949287371246,7.118088986485638,C3,3.558089374931439,5.076186725605755,1250
O10-N03-minimal_control,minimal_control,3,10,0.4,0.7853981633974483,11.282842712474618,28.78284271247462,TIMEOUT,False,,,False,0.40000000000000324,2.0000000000000013,15.006502173685673,30.485172077031894,4.731418112987506,C3,3.552460016973079,5.432145115149832,1250
O10-N03-capture_hook_lock_off,capture_hook_lock_off,3,10,0.4,0.7853981633974483,11.282842712474618,28.78284271247462,SUCCESS,True,1.48,1.5,False,3.405476181649358,2.2263936658523114,13.300508391117697,25.82769961567665,0.26359879448211404,C2,0.05111039180771085,6.525954886659122,1250
O10-N03-capture_hook_lock_on,capture_hook_lock_on,3,10,0.4,0.7853981633974483,11.282842712474618,28.78284271247462,SUCCESS,True,1.48,1.5,False,4.108884223972959,6.2559350193690575,13.401234799000106,25.89686491787847,0.1427984947146295,C2,0.0354871888387451,6.473579244656712,1250
O10-N04-free_field,free_field,4,10,0.4,0.7853981633974483,11.282842712474618,28.78284271247462,TIMEOUT,False,,,False,0.0,0.0,10.73597597823848,32.558615149129054,7.117250976835076,C3,3.558089374931439,5.059814074275634,1250
O10-N04-minimal_control,minimal_control,4,10,0.4,0.7853981633974483,11.282842712474618,28.78284271247462,TIMEOUT,False,,,False,0.40000000000000324,2.0000000000000013,15.06324244681161,30.37120461067441,4.642322338646336,C3,3.552193197372215,5.426019686083849,1250
O10-N04-capture_hook_lock_off,capture_hook_lock_off,4,10,0.4,0.7853981633974483,11.282842712474618,28.78284271247462,SUCCESS,True,1.48,1.5,False,3.4119660109575096,2.2282251890464124,13.300971840579653,25.831357897701068,0.2608684858507342,C2,0.044937358710632785,6.495252774165478,1250
O10-N04-capture_hook_lock_on,capture_hook_lock_on,4,10,0.4,0.7853981633974483,11.282842712474618,28.78284271247462,SUCCESS,True,1.48,1.5,False,4.124915341297865,6.285189734951373,13.40076799099682,25.89880602024895,0.1417293658655915,C2,0.031245105143419234,6.43398037701524,1250
O10-N05-free_field,free_field,5,10,0.4,0.7853981633974483,11.282842712474618,28.78284271247462,TIMEOUT,False,,,False,0.0,0.0,10.766456671101539,32.56570363874165,7.112012612668137,C3,3.558089374931439,5.053067792124964,1250
O10-N05-minimal_control,minimal_control,5,10,0.4,0.7853981633974483,11.282842712474618,28.78284271247462,TIMEOUT,False,,,False,0.40000000000000324,2.0000000000000013,15.014831407783618,30.477784692239883,4.7270783729557015,C3,3.558089374931439,5.459834670824981,1250
O10-N05-capture_hook_lock_off,capture_hook_lock_off,5,10,0.4,0.7853981633974483,11.282842712474618,28.78284271247462,SUCCESS,True,1.5,1.52,False,3.459556526525039,2.2585494858918973,13.298123007658319,25.829775723332126,0.26406556838032486,C2,0.06161914932939726,6.546818541544444,1250
O10-N05-capture_hook_lock_on,capture_hook_lock_on,5,10,0.4,0.7853981633974483,11.282842712474618,28.78284271247462,SUCCESS,True,1.5,1.52,False,4.163843206781216,6.292124389794179,13.401963412260619,25.898192440891705,0.14133630682584825,C2,0.04198962714774634,6.496129073173186,1250
O10-N06-free_field,free_field,6,10,0.4,0.7853981633974483,11.282842712474618,28.78284271247462,TIMEOUT,False,,,False,0.0,0.0,10.787058855175424,32.52122648608652,7.063033663951943,C3,3.558089374931439,5.097117920852153,1250
O10-N06-minimal_control,minimal_control,6,10,0.4,0.7853981633974483,11.282842712474618,28.78284271247462,TIMEOUT,False,,,False,0.40000000000000324,2.0000000000000013,15.09967160343547,30.36297459398976,4.646987900418714,C3,3.551196554472025,5.564401806840374,1250
O10-N06-capture_hook_lock_off,capture_hook_lock_off,6,10,0.4,0.7853981633974483,11.282842712474618,28.78284271247462,SUCCESS,True,1.48,1.5,False,3.406470447502085,2.2267754933988866,13.310157168904354,25.82265913763641,0.2597885332001234,C2,0.05074946426861132,6.575333880148934,1250
O10-N06-capture_hook_lock_on,capture_hook_lock_on,6,10,0.4,0.7853981633974483,11.282842712474618,28.78284271247462,SUCCESS,True,1.48,1.5,False,4.1162717974610725,6.273975347224553,13.411047299464576,25.893523896594953,0.13874344499423072,C2,0.03214327763459619,6.523378933526783,1250
O10-N07-free_field,free_field,7,10,0.4,0.7853981633974483,11.282842712474618,28.78284271247462,TIMEOUT,False,,,False,0.0,0.0,10.809647356857937,32.60380369942966,7.130793829936634,C3,3.558089374931439,5.0972897241620405,1250
O10-N07-minimal_control,minimal_control,7,10,0.4,0.7853981633974483,11.282842712474618,28.78284271247462,TIMEOUT,False,,,False,0.40000000000000324,2.0000000000000013,14.965284263019042,30.54450246935359,4.774888550051417,C3,3.5515963779192843,5.451759920145485,1250
O10-N07-capture_hook_lock_off,capture_hook_lock_off,7,10,0.4,0.7853981633974483,11.282842712474618,28.78284271247462,SUCCESS,True,1.48,1.5,False,3.405131423927805,2.2261432230139606,13.299815289344812,25.835964052136777,0.2588082505861962,C2,0.04043098238826665,6.531443195676855,1250
O10-N07-capture_hook_lock_on,capture_hook_lock_on,7,10,0.4,0.7853981633974483,11.282842712474618,28.78284271247462,SUCCESS,True,1.48,1.5,False,4.099172745149921,6.225222561174782,13.399976772609898,25.901608649742823,0.1403050384803145,C2,0.029101227707811837,6.473431187777748,1250
O11-N00-free_field,free_field,0,11,0.4,1.5707963267948966,11.0,28.9,TIMEOUT,False,,,False,0.0,0.0,7.729825166252639,30.836804024239566,7.529249018388981,C3,3.828837943815328,5.1358656235027675,1250
O11-N00-minimal_control,minimal_control,0,11,0.4,1.5707963267948966,11.0,28.9,TIMEOUT,False,,,False,0.40000000000000324,2.0000000000000013,8.046120210975026,31.04151937096727,7.427093800469555,C3,3.828837943815328,5.029814898384329,1250
O11-N00-capture_hook_lock_off,capture_hook_lock_off,0,11,0.4,1.5707963267948966,11.0,28.9,SUCCESS,True,1.74,1.76,False,3.901636706908662,2.585712584960465,13.296500919548025,25.82303282333976,0.2696836245675595,C2,0.050446430425311654,6.8682690526325105,1250
O11-N00-capture_hook_lock_on,capture_hook_lock_on,0,11,0.4,1.5707963267948966,11.0,28.9,SUCCESS,True,1.74,1.76,False,4.6024882618965535,6.586038816531362,13.398894159535594,25.89381883138612,0.14661797824353964,C2,0.032778717544353124,6.8178153051800034,1250
O11-N01-free_field,free_field,1,11,0.4,1.5707963267948966,11.0,28.9,TIMEOUT,False,,,False,0.0,0.0,7.6803401898375725,30.79275707600605,7.53916180325279,C3,3.828837943815328,5.130598885389651,1250
O11-N01-minimal_control,minimal_control,1,11,0.4,1.5707963267948966,11.0,28.9,TIMEOUT,False,,,False,0.40000000000000324,2.0000000000000013,7.91179121164567,30.889701590685362,7.425446727853586,C3,3.828837943815328,5.0701567967579075,1250
O11-N01-capture_hook_lock_off,capture_hook_lock_off,1,11,0.4,1.5707963267948966,11.0,28.9,SUCCESS,True,1.78,1.78,False,3.926476067157384,2.6092603093673774,13.306482784988999,25.823108145434844,0.2621824569209661,C2,0.05075891357086802,6.8795271066420405,1250
O11-N01-capture_hook_lock_on,capture_hook_lock_on,1,11,0.4,1.5707963267948966,11.0,28.9,SUCCESS,True,1.78,1.78,False,4.6389180132953065,6.637448383277996,13.406100077089182,25.890558627910227,0.14420336142944,C2,0.03328485524112286,6.816069979164361,1250
O11-N02-free_field,free_field,2,11,0.4,1.5707963267948966,11.0,28.9,TIMEOUT,False,,,False,0.0,0.0,7.6266093362884595,30.760077459102167,7.560096249732965,C3,3.828837943815328,5.118836535455211,1250
O11-N02-minimal_control,minimal_control,2,11,0.4,1.5707963267948966,11.0,28.9,TIMEOUT,False,,,False,0.40000000000000324,2.0000000000000013,7.831369836512328,30.821090157137764,7.441523918771806,C3,3.828837943815328,5.099151215753295,1250
O11-N02-capture_hook_lock_off,capture_hook_lock_off,2,11,0.4,1.5707963267948966,11.0,28.9,SUCCESS,True,1.74,1.76,False,3.9201024596159932,2.591134330927207,13.307871504799763,25.819753211224196,0.2634430935361501,C2,0.055336142621075744,6.805832261613604,1250
O11-N02-capture_hook_lock_on,capture_hook_lock_on,2,11,0.4,1.5707963267948966,11.0,28.9,SUCCESS,True,1.74,1.76,False,4.622963534369314,6.598974602915206,13.408066282566697,25.890986643130596,0.1426033673411764,C2,0.036622792468285495,6.750731935483657,1250
O11-N03-free_field,free_field,3,11,0.4,1.5707963267948966,11.0,28.9,TIMEOUT,False,,,False,0.0,0.0,7.6442106561814,30.741577180378663,7.534774249880824,C3,3.828837943815328,5.175614270828298,1250
O11-N03-minimal_control,minimal_control,3,11,0.4,1.5707963267948966,11.0,28.9,TIMEOUT,False,,,False,0.40000000000000324,2.0000000000000013,7.895218900978017,30.86943045799954,7.424616094671003,C3,3.828837943815328,5.125006666637533,1250
O11-N03-capture_hook_lock_off,capture_hook_lock_off,3,11,0.4,1.5707963267948966,11.0,28.9,SUCCESS,True,1.74,1.76,False,3.897021690268075,2.584432482052061,13.306567147189952,25.82411120773188,0.26144432637135373,C2,0.04425115510111849,6.852472767184563,1250
O11-N03-capture_hook_lock_on,capture_hook_lock_on,3,11,0.4,1.5707963267948966,11.0,28.9,SUCCESS,True,1.74,1.76,False,4.613605277850135,6.626605952969151,13.403221392390554,25.890984645155005,0.14577532878646982,C2,0.028078953894786353,6.794246441735566,1250
O11-N04-free_field,free_field,4,11,0.4,1.5707963267948966,11.0,28.9,TIMEOUT,False,,,False,0.0,0.0,7.677406846013885,30.892324995311387,7.605092694806195,C3,3.828837943815328,5.176018481308219,1250
O11-N04-minimal_control,minimal_control,4,11,0.4,1.5707963267948966,11.0,28.9,TIMEOUT,False,,,False,0.40000000000000324,2.0000000000000013,7.916945387167505,30.968904767625432,7.473989122255995,C3,3.828837943815328,5.098242803220482,1250
O11-N04-capture_hook_lock_off,capture_hook_lock_off,4,11,0.4,1.5707963267948966,11.0,28.9,SUCCESS,True,1.76,1.78,False,3.9350384829234977,2.6119318953648363,13.298793110477387,25.815908771097202,0.27271558985563543,C2,0.04500538193607354,6.911662988494847,1250
O11-N04-capture_hook_lock_on,capture_hook_lock_on,4,11,0.4,1.5707963267948966,11.0,28.9,SUCCESS,True,1.76,1.78,False,4.637509536499496,6.609849853882038,13.401948382632108,25.887073177267368,0.14955462868446023,C2,0.02854842000047788,6.865436702283162,1250
O11-N05-free_field,free_field,5,11,0.4,1.5707963267948966,11.0,28.9,TIMEOUT,False,,,False,0.0,0.0,7.659175146427141,30.770738082482076,7.541563287658545,C3,3.828837943815328,5.123742810090175,1250
O11-N05-minimal_control,minimal_control,5,11,0.4,1.5707963267948966,11.0,28.9,TIMEOUT,False,,,False,0.40000000000000324,2.0000000000000013,7.898525173453492,30.88863169508261,7.434732011485047,C3,3.828837943815328,5.059188753190866,1250
O11-N05-capture_hook_lock_off,capture_hook_lock_off,5,11,0.4,1.5707963267948966,11.0,28.9,SUCCESS,True,1.74,1.76,False,3.937371951756508,2.596344018062395,13.303012701154376,25.82481643291574,0.263615777378481,C2,0.051565478000998734,6.814100404194528,1250
O11-N05-capture_hook_lock_on,capture_hook_lock_on,5,11,0.4,1.5707963267948966,11.0,28.9,SUCCESS,True,1.74,1.76,False,4.6350764029995295,6.590800326218519,13.402055336398636,25.89391627245605,0.14438460575007112,C2,0.0366763127078281,6.753415787366886,1250
O11-N06-free_field,free_field,6,11,0.4,1.5707963267948966,11.0,28.9,TIMEOUT,False,,,False,0.0,0.0,7.718183660708904,30.717686966471344,7.462303296898826,C3,3.828837943815328,5.102387471137765,1250
O11-N06-minimal_control,minimal_control,6,11,0.4,1.5707963267948966,11.0,28.9,TIMEOUT,False,,,False,0.40000000000000324,2.0000000000000013,8.057622223100614,30.971850702743538,7.371483926378712,C3,3.828837943815328,4.988630789404133,1250
O11-N06-capture_hook_lock_off,capture_hook_lock_off,6,11,0.4,1.5707963267948966,11.0,28.9,SUCCESS,True,1.72,1.74,False,3.8782378820297896,2.562660224680871,13.302727958128111,25.821219831137334,0.26623036506542147,C2,0.061535950901731765,6.802746833033044,1250
O11-N06-capture_hook_lock_on,capture_hook_lock_on,6,11,0.4,1.5707963267948966,11.0,28.9,SUCCESS,True,1.72,1.74,False,4.581906626841198,6.5759519672679625,13.404935560959904,25.8933058045684,0.14290171065737692,C2,0.04053206335531034,6.754958553583374,1250
O11-N07-free_field,free_field,7,11,0.4,1.5707963267948966,11.0,28.9,TIMEOUT,False,,,False,0.0,0.0,7.631399557144191,30.773534465830092,7.564859711478805,C3,3.828837943815328,5.1585191221403335,1250
O11-N07-minimal_control,minimal_control,7,11,0.4,1.5707963267948966,11.0,28.9,TIMEOUT,False,,,False,0.40000000000000324,2.0000000000000013,7.85822865131222,30.866530105384484,7.4506844797969976,C3,3.828837943815328,5.121052937224749,1250
O11-N07-capture_hook_lock_off,capture_hook_lock_off,7,11,0.4,1.5707963267948966,11.0,28.9,SUCCESS,True,1.76,1.78,False,3.9625619459148487,2.619632511629696,13.295819856328066,25.819306664581898,0.27265291587366214,C2,0.04696200734648611,6.8545858089906915,1250
O11-N07-capture_hook_lock_on,capture_hook_lock_on,7,11,0.4,1.5707963267948966,11.0,28.9,SUCCESS,True,1.76,1.78,False,4.672262638109609,6.64496518065526,13.399304228351784,25.890103984966682,0.14905291861628459,C2,0.02841117043499528,6.796797152768939,1250
O12-N00-free_field,free_field,0,12,0.4,2.356194490192345,10.717157287525382,28.78284271247462,TIMEOUT,False,,,False,0.0,0.0,9.11991895610056,25.559964818172215,4.402129133995664,C0,3.9355339059327368,7.031437723969284,1250
O12-N00-minimal_control,minimal_control,0,12,0.4,2.356194490192345,10.717157287525382,28.78284271247462,SUCCESS,True,15.120000000000001,15.34,False,0.40000000000000324,2.0000000000000013,13.308556580831915,25.823124525368254,0.26064442497197693,C2,0.26058020388285064,9.828434306110626,1250
O12-N00-capture_hook_lock_off,capture_hook_lock_off,0,12,0.4,2.356194490192345,10.717157287525382,28.78284271247462,SUCCESS,True,1.58,1.6,False,3.6523537175286,2.3841702774714326,13.30855658483027,25.823124524954277,0.26064442231611135,C2,0.03545925659245588,6.622407827434432,1250
O12-N00-capture_hook_lock_on,capture_hook_lock_on,0,12,0.4,2.356194490192345,10.717157287525382,28.78284271247462,SUCCESS,True,1.58,1.6,False,4.361298321621659,6.422375137997731,13.408146368140851,25.893044668475035,0.14098415736291486,C2,0.02225268961040991,6.56228045544953,1250
O12-N01-free_field,free_field,1,12,0.4,2.356194490192345,10.717157287525382,28.78284271247462,TIMEOUT,False,,,False,0.0,0.0,7.780547829128955,26.673723980248397,5.758996191737172,C0,3.9355339059327368,5.601804191617038,1250
O12-N01-minimal_control,minimal_control,1,12,0.4,2.356194490192345,10.717157287525382,28.78284271247462,SUCCESS,True,15.700000000000001,15.92,False,0.40000000000000324,2.0000000000000013,13.304716248397948,25.83320291760385,0.25682096942352706,C2,0.2500219365851744,9.933657486175015,1250
O12-N01-capture_hook_lock_off,capture_hook_lock_off,1,12,0.4,2.356194490192345,10.717157287525382,28.78284271247462,SUCCESS,True,1.6,1.6,False,3.6200834405678046,2.3750937724283636,13.304716259566971,25.833202916366044,0.2568209617346435,C2,0.02128408509238703,6.6408216780578755,1250
O12-N01-capture_hook_lock_on,capture_hook_lock_on,1,12,0.4,2.356194490192345,10.717157287525382,28.78284271247462,SUCCESS,True,1.6,1.6,False,4.337183751938056,6.428786444474738,13.406159560335695,25.90130147583201,0.136188937837584,C2,0.014337851113162879,6.593182382406735,1250
O12-N02-free_field,free_field,2,12,0.4,2.356194490192345,10.717157287525382,28.78284271247462,TIMEOUT,False,,,False,0.0,0.0,10.517744205423476,24.91279333214742,3.1742507719000974,C0,3.1742507719000974,8.359530270443631,1250
O12-N02-minimal_control,minimal_control,2,12,0.4,2.356194490192345,10.717157287525382,28.78284271247462,SUCCESS,True,15.120000000000001,15.34,False,0.40000000000000324,2.0000000000000013,13.306217989949536,25.828156298821632,0.2590013997141296,C2,0.24617937974374202,9.812673141594447,1250
O12-N02-capture_hook_lock_off,capture_hook_lock_off,2,12,0.4,2.356194490192345,10.717157287525382,28.78284271247462,SUCCESS,True,1.58,1.6,False,3.662621676411929,2.3868108436258137,13.306217992772929,25.828156298168857,0.2590013980348051,C2,0.02264577475794499,6.60504905631655,1250
O12-N02-capture_hook_lock_on,capture_hook_lock_on,2,12,0.4,2.356194490192345,10.717157287525382,28.78284271247462,SUCCESS,True,1.58,1.6,False,4.366043728109813,6.409629090849223,13.408079694993443,25.89660245580341,0.13834881502341856,C2,0.014656292283156373,6.548354942700084,1250
O12-N03-free_field,free_field,3,12,0.4,2.356194490192345,10.717157287525382,28.78284271247462,TIMEOUT,False,,,False,0.0,0.0,9.104667677406221,25.573922797249335,4.415935688927258,C0,3.9355339059327368,7.012538464593556,1250
O12-N03-minimal_control,minimal_control,3,12,0.4,2.356194490192345,10.717157287525382,28.78284271247462,SUCCESS,True,15.22,15.42,False,0.40000000000000324,2.0000000000000013,13.30304442932086,25.81961776433559,0.26707535971114366,C2,0.25369127382810297,9.771443422187593,1250
O12-N03-capture_hook_lock_off,capture_hook_lock_off,3,12,0.4,2.356194490192345,10.717157287525382,28.78284271247462,SUCCESS,True,1.58,1.6,False,3.6630188523287606,2.386986971786009,13.303044433835119,25.819617763699355,0.2670753568118004,C2,0.02301554132286825,6.616504707642503,1250
O12-N03-capture_hook_lock_on,capture_hook_lock_on,3,12,0.4,2.356194490192345,10.717157287525382,28.78284271247462,SUCCESS,True,1.58,1.6,False,4.367897221758608,6.4130063408061115,13.40110776548405,25.887903630015398,0.14948334426043144,C2,0.012107709123047294,6.570522543550682,1250
O12-N04-free_field,free_field,4,12,0.4,2.356194490192345,10.717157287525382,28.78284271247462,TIMEOUT,False,,,False,0.0,0.0,8.630234933862804,25.9283039790499,4.870292816534781,C0,3.9355339059327368,6.4991662206065675,1250
O12-N04-minimal_control,minimal_control,4,12,0.4,2.356194490192345,10.717157287525382,28.78284271247462,SUCCESS,True,15.16,15.4,False,0.40000000000000324,2.0000000000000013,13.307251976297714,25.826491818974688,0.2593393327743587,C2,0.25494215736631587,9.877432517572208,1250
O12-N04-capture_hook_lock_off,capture_hook_lock_off,4,12,0.4,2.356194490192345,10.717157287525382,28.78284271247462,SUCCESS,True,1.58,1.6,False,3.6474334439681804,2.382884116166531,13.307251979685514,25.826491818338038,0.25933933068239745,C2,0.020116769946210495,6.614714968367711,1250
O12-N04-capture_hook_lock_on,capture_hook_lock_on,4,12,0.4,2.356194490192345,10.717157287525382,28.78284271247462,SUCCESS,True,1.58,1.6,False,4.350627426010669,6.400831921382747,13.406821095921075,25.896068548972572,0.1395852953502491,C2,0.0110438884455631,6.561493308252972,1250
O12-N05-free_field,free_field,5,12,0.4,2.356194490192345,10.717157287525382,28.78284271247462,TIMEOUT,False,,,False,0.0,0.0,11.060991134688033,24.808269373420337,2.7145876540274627,C0,2.7145876540274627,8.74766275331555,1250
O12-N05-minimal_control,minimal_control,5,12,0.4,2.356194490192345,10.717157287525382,28.78284271247462,SUCCESS,True,14.88,15.1,False,0.40000000000000324,2.0000000000000013,13.30555428855883,25.822809776192706,0.26306940169989745,C2,0.2563681996840918,9.730544598542188,1250
O12-N05-capture_hook_lock_off,capture_hook_lock_off,5,12,0.4,2.356194490192345,10.717157287525382,28.78284271247462,SUCCESS,True,1.56,1.58,False,3.5918331554484517,2.350270507216901,13.305554290471703,25.822809775792386,0.263069400555647,C2,0.02437738559891302,6.549359401162904,1250
O12-N05-capture_hook_lock_on,capture_hook_lock_on,5,12,0.4,2.356194490192345,10.717157287525382,28.78284271247462,SUCCESS,True,1.56,1.58,False,4.301748809385756,6.386763544569898,13.405196092675926,25.890902575725335,0.14453383281182997,C2,0.013399656444605343,6.502324932683172,1250
O12-N06-free_field,free_field,6,12,0.4,2.356194490192345,10.717157287525382,28.78284271247462,TIMEOUT,False,,,False,0.0,0.0,10.42969972066613,24.938365001993926,3.2486632134262536,C0,3.2486632134262536,8.267381216559887,1250
O12-N06-minimal_control,minimal_control,6,12,0.4,2.356194490192345,10.717157287525382,28.78284271247462,SUCCESS,True,15.08,15.32,False,0.40000000000000324,2.0000000000000013,13.30593909705902,25.827781822626644,0.25945854132802965,C2,0.24830547495179806,9.822052576403548,1250
O12-N06-capture_hook_lock_off,capture_hook_lock_off,6,12,0.4,2.356194490192345,10.717157287525382,28.78284271247462,SUCCESS,True,1.58,1.6,False,3.6432694409986732,2.3814258132647463,13.305939099633957,25.82778182196837,0.25945853983905415,C2,0.025025964451331182,6.561585451621104,1250
O12-N06-capture_hook_lock_on,capture_hook_lock_on,6,12,0.4,2.356194490192345,10.717157287525382,28.78284271247462,SUCCESS,True,1.58,1.6,False,4.3414915513728145,6.388066365908607,13.401646455787773,25.89330513004789,0.14511104345708628,C2,0.016857158187473225,6.509383691634129,1250
O12-N07-free_field,free_field,7,12,0.4,2.356194490192345,10.717157287525382,28.78284271247462,TIMEOUT,False,,,False,0.0,0.0,8.627679208107761,25.891866087861832,4.8735205798334045,C0,3.9355339059327368,6.479704243365546,1250
O12-N07-minimal_control,minimal_control,7,12,0.4,2.356194490192345,10.717157287525382,28.78284271247462,SUCCESS,True,15.16,15.38,False,0.40000000000000324,2.0000000000000013,13.299310218695862,25.81289080435164,0.2743833803569005,C2,0.2608932046129509,9.844612303026882,1250
O12-N07-capture_hook_lock_off,capture_hook_lock_off,7,12,0.4,2.356194490192345,10.717157287525382,28.78284271247462,SUCCESS,True,1.58,1.6,False,3.644897286158177,2.381960927452611,13.299310222537448,25.812890803871163,0.27438337787473244,C2,0.02843298812723511,6.630551637713356,1250
O12-N07-capture_hook_lock_on,capture_hook_lock_on,7,12,0.4,2.356194490192345,10.717157287525382,28.78284271247462,SUCCESS,True,1.58,1.6,False,4.350444628229349,6.406239369474991,13.399774995295976,25.884091540385686,0.15323127154104224,C2,0.01546123143754225,6.580294601417355,1250
O13-N00-free_field,free_field,0,13,0.4,3.141592653589793,10.6,28.5,SUCCESS,True,13.66,13.82,False,0.0,0.0,13.306652908274653,25.82015491657113,0.2640593719453763,C2,0.25589542763465145,8.140750539980067,1250
O13-N00-minimal_control,minimal_control,0,13,0.4,3.141592653589793,10.6,28.5,SUCCESS,True,8.32,8.620000000000001,False,0.40000000000000324,2.0000000000000013,13.306652908363402,25.82015491651435,0.2640593719190649,C2,0.2525425891411831,7.278240394977714,1250
O13-N00-capture_hook_lock_off,capture_hook_lock_off,0,13,0.4,3.141592653589793,10.6,28.5,SUCCESS,True,1.3,1.32,False,3.0698197273538392,1.9827990287470145,13.30665290836331,25.82015491651426,0.2640593719191955,C2,0.012873411223486378,6.300798835246762,1250
O13-N00-capture_hook_lock_on,capture_hook_lock_on,0,13,0.4,3.141592653589793,10.6,28.5,SUCCESS,True,1.3,1.32,False,3.7853684575640862,6.060634924814015,13.407036111594554,25.889799654500987,0.14417489620444382,C2,0.013203168547730237,6.255333203449968,1250
O13-N01-free_field,free_field,1,13,0.4,3.141592653589793,10.6,28.5,SUCCESS,True,13.6,13.82,False,0.0,0.0,13.2918317143749,25.82320406541406,0.27311323224298145,C2,0.25530561052662815,8.161509218134558,1250
O13-N01-minimal_control,minimal_control,1,13,0.4,3.141592653589793,10.6,28.5,SUCCESS,True,9.14,9.42,False,0.40000000000000324,2.0000000000000013,13.291831714491956,25.82320406536563,0.2731132321851125,C2,0.2553055876952408,7.3971858173464025,1250
O13-N01-capture_hook_lock_off,capture_hook_lock_off,1,13,0.4,3.141592653589793,10.6,28.5,SUCCESS,True,1.3,1.32,False,3.045266354664157,1.9755615644442932,13.291831714491892,25.823204065365513,0.27311323218523714,C2,0.010926756799124148,6.270481425795203,1250
O13-N01-capture_hook_lock_on,capture_hook_lock_on,1,13,0.4,3.141592653589793,10.6,28.5,SUCCESS,True,1.3,1.32,False,3.7704738170747105,6.07521750012757,13.397516483006644,25.891731424167485,0.1490803668097463,C2,0.01208237486514379,6.213420034828699,1250
O13-N02-free_field,free_field,2,13,0.4,3.141592653589793,10.6,28.5,SUCCESS,True,13.6,13.86,False,0.0,0.0,13.303071858565671,25.825677913920483,0.2629997767753683,C2,0.252144858878956,8.095254268696625,1250
O13-N02-minimal_control,minimal_control,2,13,0.4,3.141592653589793,10.6,28.5,SUCCESS,True,8.540000000000001,8.8,False,0.40000000000000324,2.0000000000000013,13.303071858690839,25.825677913873367,0.26299977671287544,C2,0.2521448570655061,7.3056933286471555,1250
O13-N02-capture_hook_lock_off,capture_hook_lock_off,2,13,0.4,3.141592653589793,10.6,28.5,SUCCESS,True,1.3,1.32,False,3.0822016182447824,1.985985426735865,13.303071858690837,25.825677913873275,0.26299977671293795,C2,0.019476668931171694,6.274736531776054,1250
O13-N02-capture_hook_lock_on,capture_hook_lock_on,2,13,0.4,3.141592653589793,10.6,28.5,SUCCESS,True,1.3,1.32,False,3.7981205717532447,6.067409109859812,13.403532875266459,25.89523674126062,0.14241224152456344,C2,0.017158028541899475,6.22382761810645,1250
O13-N03-free_field,free_field,3,13,0.4,3.141592653589793,10.6,28.5,SUCCESS,True,13.780000000000001,14.040000000000001,False,0.0,0.0,13.30465030532687,25.825828661488785,0.26171961785023545,C2,0.25312942683774825,8.10630991573051,1250
O13-N03-minimal_control,minimal_control,3,13,0.4,3.141592653589793,10.6,28.5,SUCCESS,True,8.2,8.540000000000001,False,0.40000000000000324,2.0000000000000013,13.30465030545055,25.82582866141612,0.26171961780627606,C2,0.2531294265880988,7.2240335671163916,1250
O13-N03-capture_hook_lock_off,capture_hook_lock_off,3,13,0.4,3.141592653589793,10.6,28.5,SUCCESS,True,1.3,1.32,False,3.06770771997995,1.9822295477003837,13.304650305450465,25.825828661416015,0.2617196178064106,C2,0.010555176828379977,6.287388010183539,1250
O13-N03-capture_hook_lock_on,capture_hook_lock_on,3,13,0.4,3.141592653589793,10.6,28.5,SUCCESS,True,1.3,1.32,False,3.7834657190256813,6.057899162707164,13.40222257984367,25.892753018796395,0.14512869760910133,C2,0.016026760104550643,6.2400475657140095,1250
O13-N04-free_field,free_field,4,13,0.4,3.141592653589793,10.6,28.5,SUCCESS,True,13.68,13.88,False,0.0,0.0,13.303202875853044,25.82229762098461,0.2651551311595565,C2,0.25434959347233466,8.116034371613909,1250
O13-N04-minimal_control,minimal_control,4,13,0.4,3.141592653589793,10.6,28.5,SUCCESS,True,8.46,8.76,False,0.40000000000000324,2.0000000000000013,13.303202876006887,25.822297620922527,0.26515513108698213,C2,0.2543495345492016,7.316875589480786,1250
O13-N04-capture_hook_lock_off,capture_hook_lock_off,4,13,0.4,3.141592653589793,10.6,28.5,SUCCESS,True,1.3,1.32,False,3.0672984707342446,1.9819764800186774,13.303202876006855,25.82229762092243,0.2651551310870702,C2,0.011543303097025089,6.272815049236932,1250
O13-N04-capture_hook_lock_on,capture_hook_lock_on,4,13,0.4,3.141592653589793,10.6,28.5,SUCCESS,True,1.3,1.32,False,3.7781805217296287,6.04565326672192,13.402319212178126,25.89128190231939,0.14615457937674406,C2,0.012916504951818642,6.225969080061442,1250
O13-N05-free_field,free_field,5,13,0.4,3.141592653589793,10.6,28.5,SUCCESS,True,13.620000000000001,13.86,False,0.0,0.0,13.305922184806713,25.828093262162962,0.2592645846697379,C2,0.25247089283411484,8.213807332374381,1250
O13-N05-minimal_control,minimal_control,5,13,0.4,3.141592653589793,10.6,28.5,SUCCESS,True,8.94,9.26,False,0.40000000000000324,2.0000000000000013,13.305922184872918,25.828093262108286,0.2592645846564323,C2,0.2524249925488133,7.428720105620582,1250
O13-N05-capture_hook_lock_off,capture_hook_lock_off,5,13,0.4,3.141592653589793,10.6,28.5,SUCCESS,True,1.3,1.32,False,3.0433173315967776,1.9750702925744028,13.305922184872786,25.828093262108183,0.259264584656599,C2,0.009038953408103312,6.33915514689805,1250
O13-N05-capture_hook_lock_on,capture_hook_lock_on,5,13,0.4,3.141592653589793,10.6,28.5,SUCCESS,True,1.3,1.32,False,3.7519895981138647,6.028401279653343,13.405810951089395,25.896172598263437,0.14018454367743283,C2,0.01209496327162605,6.293058985001659,1250
O13-N06-free_field,free_field,6,13,0.4,3.141592653589793,10.6,28.5,SUCCESS,True,13.86,14.06,False,0.0,0.0,13.30694124998356,25.824162609224835,0.2611330483729099,C2,0.25212501186964525,8.186763649308695,1250
O13-N06-minimal_control,minimal_control,6,13,0.4,3.141592653589793,10.6,28.5,SUCCESS,True,9.42,9.74,False,0.40000000000000324,2.0000000000000013,13.306941250077209,25.82416260914177,0.26113304835960727,C2,0.2521225056516512,7.409640533133252,1250
O13-N06-capture_hook_lock_off,capture_hook_lock_off,6,13,0.4,3.141592653589793,10.6,28.5,SUCCESS,True,1.32,1.34,False,3.132443742642158,2.01716358935542,13.30694125007704,25.824162609141666,0.26113304835980145,C2,0.015181942336190265,6.278259960524893,1250
O13-N06-capture_hook_lock_on,capture_hook_lock_on,6,13,0.4,3.141592653589793,10.6,28.5,SUCCESS,True,1.32,1.34,False,3.8383695396118793,6.06931770214615,13.406144256598868,25.891551006812673,0.1434227481703098,C2,0.013235736094268064,6.232713696421994,1250
O13-N07-free_field,free_field,7,13,0.4,3.141592653589793,10.6,28.5,SUCCESS,True,13.58,13.8,False,0.0,0.0,13.294620104832735,25.82555117511992,0.26946853961261963,C2,0.2497965077434604,8.183712698249664,1250
O13-N07-minimal_control,minimal_control,7,13,0.4,3.141592653589793,10.6,28.5,SUCCESS,True,8.86,9.22,False,0.40000000000000324,2.0000000000000013,13.294620104924237,25.82555117507122,0.2694685395744078,C2,0.244971194538324,7.3854831374544085,1250
O13-N07-capture_hook_lock_off,capture_hook_lock_off,7,13,0.4,3.141592653589793,10.6,28.5,SUCCESS,True,1.3,1.32,False,3.057786419349764,1.9791043639150203,13.294620104924167,25.82555117507111,0.26946853957453193,C2,0.019378969379335562,6.30235813373776,1250
O13-N07-capture_hook_lock_on,capture_hook_lock_on,7,13,0.4,3.141592653589793,10.6,28.5,SUCCESS,True,1.3,1.32,False,3.7704199147832593,6.047707935975615,13.394906396510054,25.89342832642278,0.14967360189275805,C2,0.016015750805328775,6.262823647888447,1250
O14-N00-free_field,free_field,0,14,0.4,3.9269908169872414,10.717157287525382,28.21715728752538,SUCCESS,True,2.56,2.64,False,0.0,0.0,13.298423869509367,25.82423391428805,0.2674446732879097,C2,0.2325071435246486,5.686547553916294,1250
O14-N00-minimal_control,minimal_control,0,14,0.4,3.9269908169872414,10.717157287525382,28.21715728752538,SUCCESS,True,2.02,2.06,False,0.40000000000000324,2.0000000000000013,13.298423869509518,25.8242339142882,0.2674446732876979,C2,0.18488378820292914,5.765741133224125,1250
O14-N00-capture_hook_lock_off,capture_hook_lock_off,0,14,0.4,3.9269908169872414,10.717157287525382,28.21715728752538,SUCCESS,True,1.1,1.12,False,2.703809351988921,1.7104553665096909,13.298423869509367,25.82423391428805,0.2674446732879097,C2,0.028818951742569505,5.9856956762637346,1250
O14-N00-capture_hook_lock_on,capture_hook_lock_on,0,14,0.4,3.9269908169872414,10.717157287525382,28.21715728752538,SUCCESS,True,1.1,1.12,False,3.4153909288300905,5.80080468030941,13.399400702690986,25.89427073700845,0.14594141177816328,C2,0.023937491698253335,5.944928676505339,1250
O14-N01-free_field,free_field,1,14,0.4,3.9269908169872414,10.717157287525382,28.21715728752538,SUCCESS,True,2.5,2.56,False,0.0,0.0,13.301589879832932,25.82400410934555,0.2652190213992258,C2,0.22208164278575243,5.728760979361757,1250
O14-N01-minimal_control,minimal_control,1,14,0.4,3.9269908169872414,10.717157287525382,28.21715728752538,SUCCESS,True,2.0,2.04,False,0.40000000000000324,2.0000000000000013,13.30158987983306,25.82400410934565,0.2652190213990641,C2,0.15902720252879002,5.813064956344354,1250
O14-N01-capture_hook_lock_off,capture_hook_lock_off,1,14,0.4,3.9269908169872414,10.717157287525382,28.21715728752538,SUCCESS,True,1.1,1.1,False,2.6085728877010363,1.6666913061384558,13.301589879832932,25.82400410934555,0.2652190213992258,C2,0.02345804879404211,6.017670202517997,1250
O14-N01-capture_hook_lock_on,capture_hook_lock_on,1,14,0.4,3.9269908169872414,10.717157287525382,28.21715728752538,SUCCESS,True,1.1,1.1,False,3.3161916252389267,5.735543539222758,13.403532274802988,25.89508700576389,0.14252283453633718,C2,0.022264912425292164,5.9740356989211,1250
O14-N02-free_field,free_field,2,14,0.4,3.9269908169872414,10.717157287525382,28.21715728752538,SUCCESS,True,2.42,2.48,False,0.0,0.0,13.299372283976135,25.82200486790827,0.26820467461493885,C2,0.2160494899849107,5.648335288126154,1250
O14-N02-minimal_control,minimal_control,2,14,0.4,3.9269908169872414,10.717157287525382,28.21715728752538,SUCCESS,True,1.96,2.0,False,0.40000000000000324,2.0000000000000013,13.299372283976163,25.822004867908372,0.2682046746148492,C2,0.1737711337968088,5.749106925422246,1250
O14-N02-capture_hook_lock_off,capture_hook_lock_off,2,14,0.4,3.9269908169872414,10.717157287525382,28.21715728752538,SUCCESS,True,1.08,1.1,False,2.6379896059071766,1.6750113990918527,13.299372283976112,25.822004867908273,0.2682046746149538,C2,0.026098358556210566,5.984974012135239,1250
O14-N02-capture_hook_lock_on,capture_hook_lock_on,2,14,0.4,3.9269908169872414,10.717157287525382,28.21715728752538,SUCCESS,True,1.08,1.1,False,3.3571381970594465,5.785893434966612,13.403620268884971,25.89321160596664,0.1438499693084052,C2,0.022166170621283527,5.938801134714025,1250
O14-N03-free_field,free_field,3,14,0.4,3.9269908169872414,10.717157287525382,28.21715728752538,SUCCESS,True,2.62,2.68,False,0.0,0.0,13.306923458448917,25.828530004582774,0.25822569629243036,C2,0.23434024735819012,5.765736350856986,1250
O14-N03-minimal_control,minimal_control,3,14,0.4,3.9269908169872414,10.717157287525382,28.21715728752538,SUCCESS,True,2.04,2.08,False,0.40000000000000324,2.0000000000000013,13.306923458448987,25.828530004582905,0.25822569629229125,C2,0.19370357368796776,5.800880705026997,1250
O14-N03-capture_hook_lock_off,capture_hook_lock_off,3,14,0.4,3.9269908169872414,10.717157287525382,28.21715728752538,SUCCESS,True,1.1,1.1,False,2.6014812007052566,1.6646090569220269,13.306923458448903,25.828530004582802,0.2582256962924221,C2,0.03290733957280745,6.008302806695755,1250
O14-N03-capture_hook_lock_on,capture_hook_lock_on,3,14,0.4,3.9269908169872414,10.717157287525382,28.21715728752538,SUCCESS,True,1.1,1.1,False,3.3244170877565153,5.780636105132505,13.406231715784212,25.89601329224379,0.14002045034475555,C2,0.027049112356197693,5.966051998811019,1250
O14-N04-free_field,free_field,4,14,0.4,3.9269908169872414,10.717157287525382,28.21715728752538,SUCCESS,True,2.58,2.66,False,0.0,0.0,13.30400576392369,25.823608107978856,0.2636813230889419,C2,0.23546424157675802,5.670882495250102,1250
O14-N04-minimal_control,minimal_control,4,14,0.4,3.9269908169872414,10.717157287525382,28.21715728752538,SUCCESS,True,2.02,2.06,False,0.40000000000000324,2.0000000000000013,13.304005763923735,25.82360810797896,0.26368132308883996,C2,0.1807817826512759,5.756275607566154,1250
O14-N04-capture_hook_lock_off,capture_hook_lock_off,4,14,0.4,3.9269908169872414,10.717157287525382,28.21715728752538,SUCCESS,True,1.1,1.12,False,2.696994390623411,1.7083380563541073,13.304005763923668,25.823608107978824,0.2636813230889804,C2,0.033485185003107605,5.959261843160595,1250
O14-N04-capture_hook_lock_on,capture_hook_lock_on,4,14,0.4,3.9269908169872414,10.717157287525382,28.21715728752538,SUCCESS,True,1.1,1.12,False,3.4110651830698466,5.803963658742394,13.403608651390044,25.892118585392492,0.14467097740930313,C2,0.03035704072899685,5.9113164562846645,1250
O14-N05-free_field,free_field,5,14,0.4,3.9269908169872414,10.717157287525382,28.21715728752538,SUCCESS,True,2.6,2.68,False,0.0,0.0,13.301734072018899,25.824570530957608,0.2647354846005776,C2,0.23655197970841566,5.753588874586808,1250
O14-N05-minimal_control,minimal_control,5,14,0.4,3.9269908169872414,10.717157287525382,28.21715728752538,SUCCESS,True,2.02,2.08,False,0.40000000000000324,2.0000000000000013,13.301734072018984,25.82457053095767,0.2647354846004737,C2,0.1870915130545279,5.800659089685624,1250
O14-N05-capture_hook_lock_off,capture_hook_lock_off,5,14,0.4,3.9269908169872414,10.717157287525382,28.21715728752538,SUCCESS,True,1.1,1.12,False,2.6991376880918487,1.708967869751053,13.301734072018922,25.824570530957608,0.2647354846005603,C2,0.021862388820772623,5.996148975788589,1250
O14-N05-capture_hook_lock_on,capture_hook_lock_on,5,14,0.4,3.9269908169872414,10.717157287525382,28.21715728752538,SUCCESS,True,1.1,1.12,False,3.4145139472678356,5.807407279277514,13.401000613505373,25.8922567820836,0.14631978517375432,C2,0.02039995041061257,5.954135095106967,1250
O14-N06-free_field,free_field,6,14,0.4,3.9269908169872414,10.717157287525382,28.21715728752538,SUCCESS,True,2.66,2.74,False,0.0,0.0,13.304282663201285,25.8211165733555,0.26515006364634347,C2,0.24286731565171052,5.736415709192505,1250
O14-N06-minimal_control,minimal_control,6,14,0.4,3.9269908169872414,10.717157287525382,28.21715728752538,SUCCESS,True,2.04,2.1,False,0.40000000000000324,2.0000000000000013,13.304282663201345,25.82111657335558,0.26515006364624377,C2,0.1994625067871689,5.7765905720625454,1250
O14-N06-capture_hook_lock_off,capture_hook_lock_off,6,14,0.4,3.9269908169872414,10.717157287525382,28.21715728752538,SUCCESS,True,1.1,1.1,False,2.609359056665386,1.6667802321242924,13.304282663201285,25.8211165733555,0.26515006364634347,C2,0.04042318361391534,5.96714670986135,1250
O14-N06-capture_hook_lock_on,capture_hook_lock_on,6,14,0.4,3.9269908169872414,10.717157287525382,28.21715728752538,SUCCESS,True,1.1,1.1,False,3.332785063672089,5.787739714236135,13.404325467277662,25.890938990776785,0.14507901276347265,C2,0.033252250420054114,5.931957779079082,1250
O14-N07-free_field,free_field,7,14,0.4,3.9269908169872414,10.717157287525382,28.21715728752538,SUCCESS,True,2.56,2.64,False,0.0,0.0,13.300723733301735,25.813971036107834,0.2726129231639447,C2,0.23307743431152284,5.688216053871884,1250
O14-N07-minimal_control,minimal_control,7,14,0.4,3.9269908169872414,10.717157287525382,28.21715728752538,SUCCESS,True,2.02,2.06,False,0.40000000000000324,2.0000000000000013,13.300723733301817,25.813971036107954,0.27261292316380253,C2,0.17596594839528895,5.758071699331313,1250
O14-N07-capture_hook_lock_off,capture_hook_lock_off,7,14,0.4,3.9269908169872414,10.717157287525382,28.21715728752538,SUCCESS,True,1.1,1.12,False,2.6995031004592573,1.708980634590899,13.300723733301735,25.813971036107834,0.2726129231639447,C2,0.023623262884861756,5.968466590937166,1250
O14-N07-capture_hook_lock_on,capture_hook_lock_on,7,14,0.4,3.9269908169872414,10.717157287525382,28.21715728752538,SUCCESS,True,1.1,1.12,False,3.402238822679958,5.773247819297658,13.402292253577023,25.884392321224453,0.15136690227036645,C2,0.021946043141944503,5.927348713522037,1250
O15-N00-free_field,free_field,0,15,0.4,4.71238898038469,11.0,28.1,SUCCESS,True,1.82,1.86,False,0.0,0.0,13.302264829346864,25.82530157236316,0.2638536305075397,C2,0.04292216319041706,5.632191567524834,1250
O15-N00-minimal_control,minimal_control,0,15,0.4,4.71238898038469,11.0,28.1,SUCCESS,True,1.58,1.62,False,0.40000000000000324,2.0000000000000013,13.302264829346958,25.825301572363244,0.2638536305074127,C2,0.0055086617150067,5.727595316916125,1250
O15-N00-capture_hook_lock_off,capture_hook_lock_off,0,15,0.4,4.71238898038469,11.0,28.1,SUCCESS,True,0.9400000000000001,0.96,False,2.374132539913227,1.4844442152393023,13.302264829346864,25.82530157236316,0.2638536305075397,C2,0.02144281866711042,5.801322189565751,1250
O15-N00-capture_hook_lock_on,capture_hook_lock_on,0,15,0.4,4.71238898038469,11.0,28.1,SUCCESS,True,0.9400000000000001,0.96,False,3.1021531662942206,5.625612025400313,13.402643882683673,25.8929694623116,0.14468500121566896,C2,0.02172353815441507,5.750192650311204,1250
O15-N01-free_field,free_field,1,15,0.4,4.71238898038469,11.0,28.1,SUCCESS,True,1.82,1.86,False,0.0,0.0,13.294265277171077,25.81694653101663,0.2753821865777446,C2,0.033359365191806586,5.59525101121558,1250
O15-N01-minimal_control,minimal_control,1,15,0.4,4.71238898038469,11.0,28.1,SUCCESS,True,1.6,1.6400000000000001,False,0.40000000000000324,2.0000000000000013,13.294265277171126,25.816946531016715,0.2753821865776508,C2,0.0058495497283141415,5.678925483362199,1250
O15-N01-capture_hook_lock_off,capture_hook_lock_off,1,15,0.4,4.71238898038469,11.0,28.1,SUCCESS,True,0.96,0.96,False,2.373232601560501,1.4841740248411384,13.294265277171059,25.816946531016622,0.2753821865777626,C2,0.014398628409004677,5.743983601145602,1250
O15-N01-capture_hook_lock_on,capture_hook_lock_on,1,15,0.4,4.71238898038469,11.0,28.1,SUCCESS,True,0.96,0.96,False,3.107084531386905,5.640708724533563,13.396754227025852,25.886898152186625,0.15313953642292785,C2,0.013806313993434577,5.705954370521474,1250
O15-N02-free_field,free_field,2,15,0.4,4.71238898038469,11.0,28.1,SUCCESS,True,1.82,1.8800000000000001,False,0.0,0.0,13.304202321135497,25.825612568737803,0.26219783986706396,C2,0.03598840223293584,5.623739231878614,1250
O15-N02-minimal_control,minimal_control,2,15,0.4,4.71238898038469,11.0,28.1,SUCCESS,True,1.58,1.62,False,0.40000000000000324,2.0000000000000013,13.304202321135579,25.825612568737892,0.2621978398669439,C2,0.002380580379768905,5.726079265818906,1250
O15-N02-capture_hook_lock_off,capture_hook_lock_off,2,15,0.4,4.71238898038469,11.0,28.1,SUCCESS,True,0.96,0.98,False,2.466626561472335,1.527488146057813,13.304202321135497,25.825612568737803,0.26219783986706396,C2,0.005701566255852863,5.789963322587238,1250
O15-N02-capture_hook_lock_on,capture_hook_lock_on,2,15,0.4,4.71238898038469,11.0,28.1,SUCCESS,True,0.96,0.98,False,3.1812855489576894,5.633140870931765,13.405718389330056,25.89458986973951,0.14142247937316244,C2,0.0020431713590941805,5.741557647940864,1250
O15-N03-free_field,free_field,3,15,0.4,4.71238898038469,11.0,28.1,SUCCESS,True,1.82,1.86,False,0.0,0.0,13.294136226736683,25.830792260888696,0.26647917764315016,C2,0.0381867325190576,5.536671781762577,1250
O15-N03-minimal_control,minimal_control,3,15,0.4,4.71238898038469,11.0,28.1,SUCCESS,True,1.58,1.62,False,0.40000000000000324,2.0000000000000013,13.294136226736734,25.830792260888778,0.26647917764305845,C2,0.006626437528656202,5.634795667453485,1250
O15-N03-capture_hook_lock_off,capture_hook_lock_off,3,15,0.4,4.71238898038469,11.0,28.1,SUCCESS,True,0.96,0.96,False,2.3788639228569273,1.4859285793705619,13.294136226736672,25.83079226088866,0.2664791776431809,C2,0.01301602199438837,5.694657223013823,1250
O15-N03-capture_hook_lock_on,capture_hook_lock_on,3,15,0.4,4.71238898038469,11.0,28.1,SUCCESS,True,0.96,0.96,False,3.100569314248959,5.609598502460644,13.396350928561077,25.898076636699262,0.145366784365223,C2,0.015637325554491783,5.649767139590207,1250
O15-N04-free_field,free_field,4,15,0.4,4.71238898038469,11.0,28.1,SUCCESS,True,1.8,1.84,False,0.0,0.0,13.308238509784344,25.826022604855435,0.2589220020604994,C2,0.0414156992122704,5.606230620826832,1250
O15-N04-minimal_control,minimal_control,4,15,0.4,4.71238898038469,11.0,28.1,SUCCESS,True,1.58,1.62,False,0.40000000000000324,2.0000000000000013,13.30823850978443,25.826022604855545,0.25892200206036226,C2,0.00814258757693262,5.693717852862177,1250
O15-N04-capture_hook_lock_off,capture_hook_lock_off,4,15,0.4,4.71238898038469,11.0,28.1,SUCCESS,True,0.9400000000000001,0.96,False,2.389615842294292,1.488910916294917,13.308238509784344,25.826022604855435,0.2589220020604994,C2,0.010821105426578473,5.769711824534061,1250
O15-N04-capture_hook_lock_on,capture_hook_lock_on,4,15,0.4,4.71238898038469,11.0,28.1,SUCCESS,True,0.9400000000000001,0.96,False,3.1085006004038176,5.6049412332438795,13.407192762373446,25.89447470137844,0.14053032414764186,C2,0.016749897150061536,5.725467403469034,1250
O15-N05-free_field,free_field,5,15,0.4,4.71238898038469,11.0,28.1,SUCCESS,True,1.82,1.86,False,0.0,0.0,13.297489071605938,25.815833417213955,0.2737298053448218,C2,0.04481683165243774,5.59972689693791,1250
O15-N05-minimal_control,minimal_control,5,15,0.4,4.71238898038469,11.0,28.1,SUCCESS,True,1.58,1.62,False,0.40000000000000324,2.0000000000000013,13.297489071606012,25.81583341721403,0.2737298053447164,C2,0.005510517159094151,5.702846133721925,1250
O15-N05-capture_hook_lock_off,capture_hook_lock_off,5,15,0.4,4.71238898038469,11.0,28.1,SUCCESS,True,0.96,0.98,False,2.4686550515584416,1.5278603634570695,13.297489071605911,25.815833417213966,0.2737298053448343,C2,0.008790577302396633,5.780062629850129,1250
O15-N05-capture_hook_lock_on,capture_hook_lock_on,5,15,0.4,4.71238898038469,11.0,28.1,SUCCESS,True,0.96,0.98,False,3.1890052562049744,5.652190985571652,13.398997448709405,25.886491538026608,0.1519397456453521,C2,0.010756930208864195,5.740380481078036,1250
O15-N06-free_field,free_field,6,15,0.4,4.71238898038469,11.0,28.1,SUCCESS,True,1.78,1.84,False,0.0,0.0,13.301938923909717,25.8172152744526,0.2695152050543333,C2,0.03818852390638551,5.596447526130058,1250
O15-N06-minimal_control,minimal_control,6,15,0.4,4.71238898038469,11.0,28.1,SUCCESS,True,1.56,1.6,False,0.40000000000000324,2.0000000000000013,13.30193892390977,25.81721527445269,0.2695152050542339,C2,0.006548959554906236,5.67606764457911,1250
O15-N06-capture_hook_lock_off,capture_hook_lock_off,6,15,0.4,4.71238898038469,11.0,28.1,SUCCESS,True,0.9400000000000001,0.96,False,2.39854551817294,1.4914572104473935,13.301938923909734,25.817215274452593,0.269515205054325,C2,0.010134002351443723,5.753557115380145,1250
O15-N06-capture_hook_lock_on,capture_hook_lock_on,6,15,0.4,4.71238898038469,11.0,28.1,SUCCESS,True,0.9400000000000001,0.96,False,3.1240600256163833,5.627298474533559,13.404153107091181,25.888329258225102,0.14716311171224414,C2,0.009980769818271486,5.704430038886399,1250
O15-N07-free_field,free_field,7,15,0.4,4.71238898038469,11.0,28.1,SUCCESS,True,1.82,1.86,False,0.0,0.0,13.304245931747488,25.826033982018956,0.26188514782169336,C2,0.039110836859927646,5.603202221798933,1250
O15-N07-minimal_control,minimal_control,7,15,0.4,4.71238898038469,11.0,28.1,SUCCESS,True,1.58,1.62,False,0.40000000000000324,2.0000000000000013,13.304245931747559,25.826033982019077,0.26188514782155997,C2,0.0016384625699926872,5.70258137348215,1250
O15-N07-capture_hook_lock_off,capture_hook_lock_off,7,15,0.4,4.71238898038469,11.0,28.1,SUCCESS,True,0.96,0.96,False,2.376417073692154,1.4849864401639117,13.304245931747488,25.826033982018956,0.26188514782169336,C2,0.01868547755428787,5.7653718570580335,1250
O15-N07-capture_hook_lock_on,capture_hook_lock_on,7,15,0.4,4.71238898038469,11.0,28.1,SUCCESS,True,0.96,0.96,False,3.107406300721571,5.632589975677113,13.403798896232473,25.894683609418667,0.14264008725169197,C2,0.01466575523738486,5.713281913396368,1250
O16-N00-free_field,free_field,0,16,0.4,5.497787143782138,11.282842712474618,28.21715728752538,SUCCESS,True,2.18,2.22,False,0.0,0.0,13.296603572300166,25.818810892086766,0.2723960345295933,C2,0.027788855081227862,6.032158924747909,1250
O16-N00-minimal_control,minimal_control,0,16,0.4,5.497787143782138,11.282842712474618,28.21715728752538,SUCCESS,True,1.82,1.86,False,0.40000000000000324,2.0000000000000013,13.296603572300276,25.818810892086876,0.27239603452943784,C2,0.0845805194567575,5.986784556832607,1250
O16-N00-capture_hook_lock_off,capture_hook_lock_off,0,16,0.4,5.497787143782138,11.282842712474618,28.21715728752538,SUCCESS,True,0.9400000000000001,0.96,False,2.4139112301595445,1.4972392961491297,13.296603572300166,25.818810892086766,0.2723960345295933,C2,0.014196866057976017,5.750871748184551,1250
O16-N00-capture_hook_lock_on,capture_hook_lock_on,0,16,0.4,5.497787143782138,11.282842712474618,28.21715728752538,SUCCESS,True,0.9400000000000001,0.96,False,3.1342458660684955,5.613389722614319,13.401338988683383,25.89126454979767,0.14682436202729215,C2,0.006373404926914979,5.69034543243688,1250
O16-N01-free_field,free_field,1,16,0.4,5.497787143782138,11.282842712474618,28.21715728752538,SUCCESS,True,2.16,2.22,False,0.0,0.0,13.291188120705304,25.827877104922564,0.27060800421351355,C2,0.0334163036811614,6.039560266923006,1250
O16-N01-minimal_control,minimal_control,1,16,0.4,5.497787143782138,11.282842712474618,28.21715728752538,SUCCESS,True,1.8,1.86,False,0.40000000000000324,2.0000000000000013,13.291188120705323,25.827877104922667,0.2706080042134329,C2,0.08677157686198371,6.002481468618444,1250
O16-N01-capture_hook_lock_off,capture_hook_lock_off,1,16,0.4,5.497787143782138,11.282842712474618,28.21715728752538,SUCCESS,True,0.9400000000000001,0.96,False,2.418152342782458,1.498535395852377,13.291188120705316,25.827877104922575,0.2706080042134971,C2,0.016250482917017528,5.758207354202669,1250
O16-N01-capture_hook_lock_on,capture_hook_lock_on,1,16,0.4,5.497787143782138,11.282842712474618,28.21715728752538,SUCCESS,True,0.9400000000000001,0.96,False,3.164431792182119,5.690686077166105,13.39505777236268,25.89709138459266,0.14697977502547413,C2,0.008209829485052757,5.700219161801446,1250
O16-N02-free_field,free_field,2,16,0.4,5.497787143782138,11.282842712474618,28.21715728752538,SUCCESS,True,2.18,2.24,False,0.0,0.0,13.29962127938263,25.812810920852698,0.27421047213458,C2,0.018419495951729495,6.014978417942239,1250
O16-N02-minimal_control,minimal_control,2,16,0.4,5.497787143782138,11.282842712474618,28.21715728752538,SUCCESS,True,1.82,1.86,False,0.40000000000000324,2.0000000000000013,13.299621279382647,25.812810920852804,0.2742104721344943,C2,0.07904331893751282,5.975386373304918,1250
O16-N02-capture_hook_lock_off,capture_hook_lock_off,2,16,0.4,5.497787143782138,11.282842712474618,28.21715728752538,SUCCESS,True,0.96,0.96,False,2.4073221273958696,1.4953905455247058,13.299621279382606,25.812810920852723,0.2742104721345799,C2,0.0074714446063383665,5.735816491505036,1250
O16-N02-capture_hook_lock_on,capture_hook_lock_on,2,16,0.4,5.497787143782138,11.282842712474618,28.21715728752538,SUCCESS,True,0.96,0.96,False,3.1416075326644646,5.6515305010960555,13.402645526439093,25.886576770608084,0.14947482225449407,C2,0.007078345849092747,5.688620327530936,1250
O16-N03-free_field,free_field,3,16,0.4,5.497787143782138,11.282842712474618,28.21715728752538,SUCCESS,True,2.18,2.22,False,0.0,0.0,13.312453041580644,25.82975575908584,0.25329224855251586,C2,0.02814546488405347,6.141536531804574,1250
O16-N03-minimal_control,minimal_control,3,16,0.4,5.497787143782138,11.282842712474618,28.21715728752538,SUCCESS,True,1.8,1.86,False,0.40000000000000324,2.0000000000000013,13.31245304158066,25.829755759085966,0.25329224855242044,C2,0.08380356749138583,6.091120711041348,1250
O16-N03-capture_hook_lock_off,capture_hook_lock_off,3,16,0.4,5.497787143782138,11.282842712474618,28.21715728752538,SUCCESS,True,0.96,0.96,False,2.410668218497433,1.49626044261526,13.312453041580644,25.82975575908584,0.25329224855251586,C2,0.018695939241999433,5.854596265283612,1250
O16-N03-capture_hook_lock_on,capture_hook_lock_on,3,16,0.4,5.497787143782138,11.282842712474618,28.21715728752538,SUCCESS,True,0.96,0.96,False,3.1514250841330895,5.673355394734175,13.411422965393333,25.898354638354792,0.1348245919841617,C2,0.012812085103799265,5.799436724337062,1250
O16-N04-free_field,free_field,4,16,0.4,5.497787143782138,11.282842712474618,28.21715728752538,SUCCESS,True,2.16,2.22,False,0.0,0.0,13.287375593636918,25.812149714656105,0.2837196995011728,C2,0.02710600663832131,6.01868017479337,1250
O16-N04-minimal_control,minimal_control,4,16,0.4,5.497787143782138,11.282842712474618,28.21715728752538,SUCCESS,True,1.8,1.84,False,0.40000000000000324,2.0000000000000013,13.28737559363701,25.812149714656204,0.2837196995010377,C2,0.0839505993590057,5.975383216423989,1250
O16-N04-capture_hook_lock_off,capture_hook_lock_off,4,16,0.4,5.497787143782138,11.282842712474618,28.21715728752538,SUCCESS,True,0.9400000000000001,0.96,False,2.4163162728691496,1.4979167675798553,13.287375593636922,25.812149714656115,0.2837196995011631,C2,0.009997776781053909,5.739019526072881,1250
O16-N04-capture_hook_lock_on,capture_hook_lock_on,4,16,0.4,5.497787143782138,11.282842712474618,28.21715728752538,SUCCESS,True,0.9400000000000001,0.96,False,3.1452158042112432,5.640925847463588,13.394008693378316,25.88534830941631,0.156138295216355,C2,0.003669619537970265,5.696718312941403,1250
O16-N05-free_field,free_field,5,16,0.4,5.497787143782138,11.282842712474618,28.21715728752538,SUCCESS,True,2.22,2.2600000000000002,False,0.0,0.0,13.29694452712302,25.824528184536955,0.2683689309275395,C2,0.025901078775124785,6.068498121322597,1250
O16-N05-minimal_control,minimal_control,5,16,0.4,5.497787143782138,11.282842712474618,28.21715728752538,SUCCESS,True,1.84,1.8800000000000001,False,0.40000000000000324,2.0000000000000013,13.29694452712311,25.824528184537044,0.2683689309274142,C2,0.08333452068483058,6.001458784463062,1250
O16-N05-capture_hook_lock_off,capture_hook_lock_off,5,16,0.4,5.497787143782138,11.282842712474618,28.21715728752538,SUCCESS,True,0.96,0.98,False,2.4935220188459075,1.5364060100178363,13.296944527123035,25.82452818453694,0.26836893092753805,C2,0.013557962306170263,5.778236520649218,1250
O16-N05-capture_hook_lock_on,capture_hook_lock_on,5,16,0.4,5.497787143782138,11.282842712474618,28.21715728752538,SUCCESS,True,0.96,0.98,False,3.2119494854971284,5.65171611060865,13.398677276315745,25.892825501254016,0.1474878554873208,C2,0.0033383779038316064,5.735463254880876,1250
O16-N06-free_field,free_field,6,16,0.4,5.497787143782138,11.282842712474618,28.21715728752538,SUCCESS,True,2.2,2.2600000000000002,False,0.0,0.0,13.300045900861171,25.82894626967261,0.26313688533030877,C2,0.02152300965992266,6.022919517171186,1250
O16-N06-minimal_control,minimal_control,6,16,0.4,5.497787143782138,11.282842712474618,28.21715728752538,SUCCESS,True,1.82,1.8800000000000001,False,0.40000000000000324,2.0000000000000013,13.300045900861246,25.828946269672738,0.26313688533016893,C2,0.08343655124584982,5.977061889108026,1250
O16-N06-capture_hook_lock_off,capture_hook_lock_off,6,16,0.4,5.497787143782138,11.282842712474618,28.21715728752538,SUCCESS,True,0.96,0.98,False,2.5017400226198303,1.538898161882213,13.300045900861136,25.828946269672628,0.2631368853303242,C2,0.012349356739926385,5.74440411117185,1250
O16-N06-capture_hook_lock_on,capture_hook_lock_on,6,16,0.4,5.497787143782138,11.282842712474618,28.21715728752538,SUCCESS,True,0.96,0.98,False,3.2283256909215714,5.680185780981859,13.40350079305198,25.897109469522587,0.14106224939196244,C2,0.008531016203753006,5.685959324661019,1250
O16-N07-free_field,free_field,7,16,0.4,5.497787143782138,11.282842712474618,28.21715728752538,SUCCESS,True,2.16,2.2,False,0.0,0.0,13.303115979662712,25.81673898731707,0.2689756796324656,C2,0.017894433826203766,6.059221091861287,1250
O16-N07-minimal_control,minimal_control,7,16,0.4,5.497787143782138,11.282842712474618,28.21715728752538,SUCCESS,True,1.8,1.84,False,0.40000000000000324,2.0000000000000013,13.303115979662781,25.816738987317187,0.26897567963233504,C2,0.08356842133903396,6.020159731712288,1250
O16-N07-capture_hook_lock_off,capture_hook_lock_off,7,16,0.4,5.497787143782138,11.282842712474618,28.21715728752538,SUCCESS,True,0.9400000000000001,0.96,False,2.4154506686404944,1.4976690194415703,13.303115979662712,25.81673898731707,0.2689756796324656,C2,0.011462181420904782,5.800948629019519,1250
O16-N07-capture_hook_lock_on,capture_hook_lock_on,7,16,0.4,5.497787143782138,11.282842712474618,28.21715728752538,SUCCESS,True,0.9400000000000001,0.96,False,3.132743423854614,5.60839247460416,13.402931436639895,25.885941871770637,0.14977170162611037,C2,0.006116098354983118,5.74773927890495,1250
O17-N00-free_field,free_field,0,17,0.6,0.0,11.6,28.5,SUCCESS,True,5.84,5.88,False,0.0,0.0,13.297909722438504,25.83153815278734,0.263096701330869,C2,0.09348988359741275,7.8243951968487355,1250
O17-N00-minimal_control,minimal_control,0,17,0.6,0.0,11.6,28.5,SUCCESS,True,3.12,3.16,False,0.40000000000000324,2.0000000000000013,13.297909722438614,25.831538152787452,0.2630967013307116,C2,0.1524540128265085,7.017973110804443,1250
O17-N00-capture_hook_lock_off,capture_hook_lock_off,0,17,0.6,0.0,11.6,28.5,SUCCESS,True,1.1,1.12,False,2.76929359420686,1.7317001531914396,13.297909722438487,25.831538152787328,0.26309670133088947,C2,0.043946394817223615,5.999652696923577,1250
O17-N00-capture_hook_lock_on,capture_hook_lock_on,0,17,0.6,0.0,11.6,28.5,SUCCESS,True,1.1,1.12,False,3.48478376178225,5.831520033835038,13.401306920545233,25.90044893594332,0.14018109104683898,C2,0.029221008306124542,5.94290651823327,1250
O17-N01-free_field,free_field,1,17,0.6,0.0,11.6,28.5,SUCCESS,True,5.5,5.5600000000000005,False,0.0,0.0,13.299285775532622,25.81556411765264,0.27258538955855555,C2,0.09306097235844889,7.711780837739155,1250
O17-N01-minimal_control,minimal_control,1,17,0.6,0.0,11.6,28.5,SUCCESS,True,3.02,3.08,False,0.40000000000000324,2.0000000000000013,13.299285775532782,25.815564117652777,0.2725853895583465,C2,0.15007159761664962,6.949082359139658,1250
O17-N01-capture_hook_lock_off,capture_hook_lock_off,1,17,0.6,0.0,11.6,28.5,SUCCESS,True,1.08,1.1,False,2.6930695877079995,1.6933094184080777,13.299285775532633,25.81556411765265,0.2725853895585429,C2,0.039817262568667626,5.974360749787852,1250
O17-N01-capture_hook_lock_on,capture_hook_lock_on,1,17,0.6,0.0,11.6,28.5,SUCCESS,True,1.08,1.1,False,3.4053783540899185,5.779392629371426,13.40122948114539,25.884712209530697,0.1518120220078203,C2,0.02509413125614061,5.917365599054333,1250
O17-N02-free_field,free_field,2,17,0.6,0.0,11.6,28.5,SUCCESS,True,5.9,5.96,False,0.0,0.0,13.303657451072535,25.821612314725176,0.2652782742273549,C2,0.09716517767981457,7.78190459941644,1250
O17-N02-minimal_control,minimal_control,2,17,0.6,0.0,11.6,28.5,SUCCESS,True,3.12,3.16,False,0.40000000000000324,2.0000000000000013,13.303657451072548,25.821612314725247,0.2652782742272979,C2,0.15332248495894887,6.988512356649032,1250
O17-N02-capture_hook_lock_off,capture_hook_lock_off,2,17,0.6,0.0,11.6,28.5,SUCCESS,True,1.1,1.12,False,2.763763093740764,1.7301667439112425,13.303657451072507,25.82161231472517,0.26527827422738065,C2,0.047842584005519946,5.9533144437185,1250
O17-N02-capture_hook_lock_on,capture_hook_lock_on,2,17,0.6,0.0,11.6,28.5,SUCCESS,True,1.1,1.12,False,3.4948067892766024,5.875012671665197,13.403008946396554,25.891044743749987,0.1458715611200915,C2,0.032623076683737415,5.898543603074894,1250
O17-N03-free_field,free_field,3,17,0.6,0.0,11.6,28.5,SUCCESS,True,6.82,6.88,False,0.0,0.0,13.300772782360989,25.823792327038756,0.26597110417975606,C2,0.09971551378012135,7.988264976128256,1250
O17-N03-minimal_control,minimal_control,3,17,0.6,0.0,11.6,28.5,SUCCESS,True,3.2800000000000002,3.34,False,0.40000000000000324,2.0000000000000013,13.30077278236109,25.823792327038834,0.26597110417962844,C2,0.16076294241018027,7.064320573717054,1250
O17-N03-capture_hook_lock_off,capture_hook_lock_off,3,17,0.6,0.0,11.6,28.5,SUCCESS,True,1.12,1.12,False,2.7236965439098864,1.718796026164599,13.300772782360967,25.82379232703877,0.2659711041797626,C2,0.0399732517808203,5.934998300233429,1250
O17-N03-capture_hook_lock_on,capture_hook_lock_on,3,17,0.6,0.0,11.6,28.5,SUCCESS,True,1.12,1.12,False,3.436728437378544,5.802887966463939,13.400981214187969,25.892963902670832,0.14581305179972073,C2,0.02395651587080502,5.8835732512222165,1250
O17-N04-free_field,free_field,4,17,0.6,0.0,11.6,28.5,SUCCESS,True,6.12,6.18,False,0.0,0.0,13.302673253153355,25.819057715916667,0.2677273896902847,C2,0.10694887421196461,7.8718684889664265,1250
O17-N04-minimal_control,minimal_control,4,17,0.6,0.0,11.6,28.5,SUCCESS,True,3.16,3.22,False,0.40000000000000324,2.0000000000000013,13.302673253153381,25.819057715916735,0.2677273896902194,C2,0.15320258932620925,7.021846666548629,1250
O17-N04-capture_hook_lock_off,capture_hook_lock_off,4,17,0.6,0.0,11.6,28.5,SUCCESS,True,1.1,1.12,False,2.7578724939427355,1.7284248770666484,13.302673253153355,25.819057715916685,0.26772738969027265,C2,0.03987289251266636,5.958074094967658,1250
O17-N04-capture_hook_lock_on,capture_hook_lock_on,4,17,0.6,0.0,11.6,28.5,SUCCESS,True,1.1,1.12,False,3.485927267791104,5.860969960197033,13.402750494131142,25.88773624710519,0.14852816771832725,C2,0.023060851414908743,5.905534745593644,1250
O17-N05-free_field,free_field,5,17,0.6,0.0,11.6,28.5,SUCCESS,True,6.22,6.26,False,0.0,0.0,13.297660528341675,25.81553791997417,0.27380197362040015,C2,0.09171913031093776,7.843002233683389,1250
O17-N05-minimal_control,minimal_control,5,17,0.6,0.0,11.6,28.5,SUCCESS,True,3.18,3.22,False,0.40000000000000324,2.0000000000000013,13.297660528341611,25.815537919974254,0.27380197362039,C2,0.14583472271850478,7.028981694149348,1250
O17-N05-capture_hook_lock_off,capture_hook_lock_off,5,17,0.6,0.0,11.6,28.5,SUCCESS,True,1.1,1.12,False,2.7315287930027794,1.720984776601194,13.297660528341668,25.815537919974176,0.2738019736204006,C2,0.04682906347579466,5.974458329314777,1250
O17-N05-capture_hook_lock_on,capture_hook_lock_on,5,17,0.6,0.0,11.6,28.5,SUCCESS,True,1.1,1.12,False,3.4656990999934028,5.871197971868227,13.401477820448036,25.88807159771029,0.14911266580272936,C2,0.029342493797792555,5.9140683989901195,1250
O17-N06-free_field,free_field,6,17,0.6,0.0,11.6,28.5,SUCCESS,True,5.92,5.98,False,0.0,0.0,13.297130344855017,25.820991662146973,0.2705551367088563,C2,0.09924321411803447,7.757689420951352,1250
O17-N06-minimal_control,minimal_control,6,17,0.6,0.0,11.6,28.5,SUCCESS,True,3.1,3.14,False,0.40000000000000324,2.0000000000000013,13.297130344855127,25.82099166214708,0.2705551367087032,C2,0.14801070397943994,6.961135063618609,1250
O17-N06-capture_hook_lock_off,capture_hook_lock_off,6,17,0.6,0.0,11.6,28.5,SUCCESS,True,1.1,1.12,False,2.766533432962457,1.730876760953535,13.297130344855029,25.82099166214695,0.27055513670886105,C2,0.04054360520706846,5.949336816859259,1250
O17-N06-capture_hook_lock_on,capture_hook_lock_on,6,17,0.6,0.0,11.6,28.5,SUCCESS,True,1.1,1.12,False,3.4830160826435828,5.833442650974817,13.399903552383078,25.88960520583477,0.14901781572788828,C2,0.024840383230113332,5.898768696330572,1250
O17-N07-free_field,free_field,7,17,0.6,0.0,11.6,28.5,SUCCESS,True,6.7,6.74,False,0.0,0.0,13.306706060214786,25.816424079076118,0.26657581642141015,C2,0.10160719660128344,8.02062623398904,1250
O17-N07-minimal_control,minimal_control,7,17,0.6,0.0,11.6,28.5,SUCCESS,True,3.2600000000000002,3.3200000000000003,False,0.40000000000000324,2.0000000000000013,13.306706060214823,25.81642407907621,0.26657581642131944,C2,0.16502907662848565,7.114599178453428,1250
O17-N07-capture_hook_lock_off,capture_hook_lock_off,7,17,0.6,0.0,11.6,28.5,SUCCESS,True,1.12,1.1400000000000001,False,2.8124999949750453,1.7606422593196633,13.30670606021478,25.81642407907611,0.2665758164214189,C2,0.052579123364643286,6.00807666234293,1250
O17-N07-capture_hook_lock_on,capture_hook_lock_on,7,17,0.6,0.0,11.6,28.5,SUCCESS,True,1.12,1.1400000000000001,False,3.528344468716445,5.861969502555722,13.406460243226904,25.885653546421025,0.1477321818130988,C2,0.032473779448455295,5.950149652498177,1250
O18-N00-free_field,free_field,0,18,0.6,0.7853981633974483,11.424264068711928,28.924264068711928,TIMEOUT,False,,,False,0.0,0.0,10.887767576933316,32.54400803351847,7.046119455052913,C3,3.5860842154082215,4.885589674225168,1250
O18-N00-minimal_control,minimal_control,0,18,0.6,0.7853981633974483,11.424264068711928,28.924264068711928,TIMEOUT,False,,,False,0.40000000000000324,2.0000000000000013,14.538414590277835,30.919655013816996,5.028052338259477,C3,3.5860842154082215,5.079701608476368,1250
O18-N00-capture_hook_lock_off,capture_hook_lock_off,0,18,0.6,0.7853981633974483,11.424264068711928,28.924264068711928,SUCCESS,True,1.6600000000000001,1.68,False,3.7563974418062056,2.474783346263527,13.301593540999251,25.830723212142058,0.26080596979501575,C2,0.054329579943192964,6.655687090669154,1250
O18-N00-capture_hook_lock_on,capture_hook_lock_on,0,18,0.6,0.7853981633974483,11.424264068711928,28.924264068711928,SUCCESS,True,1.6600000000000001,1.68,False,4.464864209139832,6.510118816347753,13.401602715058043,25.897932153160028,0.1417740139888006,C2,0.04077624249893417,6.599673743422948,1250
O18-N01-free_field,free_field,1,18,0.6,0.7853981633974483,11.424264068711928,28.924264068711928,TIMEOUT,False,,,False,0.0,0.0,11.023518220392392,32.568997813830165,7.020305853937844,C3,3.5860842154082215,4.849417164211983,1250
O18-N01-minimal_control,minimal_control,1,18,0.6,0.7853981633974483,11.424264068711928,28.924264068711928,TIMEOUT,False,,,False,0.40000000000000324,2.0000000000000013,14.70337390463593,30.733631120323224,4.884196181323108,C3,3.5860842154082215,5.162875992019567,1250
O18-N01-capture_hook_lock_off,capture_hook_lock_off,1,18,0.6,0.7853981633974483,11.424264068711928,28.924264068711928,SUCCESS,True,1.6400000000000001,1.6600000000000001,False,3.6974455504782586,2.4415372586296846,13.305510662823206,25.821594421431794,0.26392167917722315,C2,0.05935221338139968,6.6030393887459455,1250
O18-N01-capture_hook_lock_on,capture_hook_lock_on,1,18,0.6,0.7853981633974483,11.424264068711928,28.924264068711928,SUCCESS,True,1.6400000000000001,1.6600000000000001,False,4.404303931290642,6.469935574405903,13.407438161523899,25.891517597617206,0.14260478802907797,C2,0.03839516432359869,6.555963511734182,1250
O18-N02-free_field,free_field,2,18,0.6,0.7853981633974483,11.424264068711928,28.924264068711928,TIMEOUT,False,,,False,0.0,0.0,11.078564682674642,32.55688905747807,6.989716954789096,C3,3.5860842154082215,4.903804900633908,1250
O18-N02-minimal_control,minimal_control,2,18,0.6,0.7853981633974483,11.424264068711928,28.924264068711928,TIMEOUT,False,,,False,0.40000000000000324,2.0000000000000013,14.857188991178504,30.577201549036452,4.774173852959046,C3,3.5860842154082215,5.288032491494546,1250
O18-N02-capture_hook_lock_off,capture_hook_lock_off,2,18,0.6,0.7853981633974483,11.424264068711928,28.924264068711928,SUCCESS,True,1.6400000000000001,1.6600000000000001,False,3.682518598793863,2.4373550626892726,13.307905284405239,25.83080127525381,0.2559855234484359,C2,0.06094162160796389,6.701959809105911,1250
O18-N02-capture_hook_lock_on,capture_hook_lock_on,2,18,0.6,0.7853981633974483,11.424264068711928,28.924264068711928,SUCCESS,True,1.6400000000000001,1.6600000000000001,False,4.395778658399935,6.4819211839733955,13.408194518420585,25.89766753944801,0.13747792161162942,C2,0.04297446117555996,6.654397019036187,1250
O18-N03-free_field,free_field,3,18,0.6,0.7853981633974483,11.424264068711928,28.924264068711928,TIMEOUT,False,,,False,0.0,0.0,11.0161109458799,32.55093617505183,7.006030945034453,C3,3.5860842154082215,4.910488006268541,1250
O18-N03-minimal_control,minimal_control,3,18,0.6,0.7853981633974483,11.424264068711928,28.924264068711928,TIMEOUT,False,,,False,0.40000000000000324,2.0000000000000013,14.694519773801325,30.722314442863777,4.87105031664447,C3,3.5860842154082215,5.171697434795717,1250
O18-N03-capture_hook_lock_off,capture_hook_lock_off,3,18,0.6,0.7853981633974483,11.424264068711928,28.924264068711928,SUCCESS,True,1.6400000000000001,1.6600000000000001,False,3.7247950536280237,2.4494333126997514,13.296731313337755,25.816937291032765,0.27355093564419836,C2,0.05448933935858618,6.696985376489047,1250
O18-N03-capture_hook_lock_on,capture_hook_lock_on,3,18,0.6,0.7853981633974483,11.424264068711928,28.924264068711928,SUCCESS,True,1.6400000000000001,1.6600000000000001,False,4.428937005330423,6.473362454756056,13.399718301132648,25.887432087859683,0.15075793170295396,C2,0.041320091229964134,6.647019155707526,1250
O18-N04-free_field,free_field,4,18,0.6,0.7853981633974483,11.424264068711928,28.924264068711928,TIMEOUT,False,,,False,0.0,0.0,11.113861286546257,32.590118424589775,7.008802951286354,C3,3.5860842154082215,4.901110358785839,1250
O18-N04-minimal_control,minimal_control,4,18,0.6,0.7853981633974483,11.424264068711928,28.924264068711928,TIMEOUT,False,,,False,0.40000000000000324,2.0000000000000013,14.76007664485609,30.757008670497395,4.921069461214622,C3,3.5860842154082215,5.220515132823509,1250
O18-N04-capture_hook_lock_off,capture_hook_lock_off,4,18,0.6,0.7853981633974483,11.424264068711928,28.924264068711928,SUCCESS,True,1.6400000000000001,1.6600000000000001,False,3.721478756540446,2.448290804160548,13.300086436845909,25.82561257711111,0.26528551787610594,C2,0.06306799310864486,6.657177424557214,1250
O18-N04-capture_hook_lock_on,capture_hook_lock_on,4,18,0.6,0.7853981633974483,11.424264068711928,28.924264068711928,SUCCESS,True,1.6400000000000001,1.6600000000000001,False,4.413286825516151,6.436125603223408,13.40094363372451,25.893859533008865,0.14518251421159684,C2,0.04341253907399976,6.605416466160137,1250
O18-N05-free_field,free_field,5,18,0.6,0.7853981633974483,11.424264068711928,28.924264068711928,TIMEOUT,False,,,False,0.0,0.0,11.015711517774283,32.589031632491015,7.041805671621915,C3,3.5860842154082215,4.946597120312903,1250
O18-N05-minimal_control,minimal_control,5,18,0.6,0.7853981633974483,11.424264068711928,28.924264068711928,TIMEOUT,False,,,False,0.40000000000000324,2.0000000000000013,14.643244967133816,30.865029369425766,4.997551382452417,C3,3.5860842154082215,5.21916350217892,1250
O18-N05-capture_hook_lock_off,capture_hook_lock_off,5,18,0.6,0.7853981633974483,11.424264068711928,28.924264068711928,SUCCESS,True,1.6400000000000001,1.6600000000000001,False,3.6931027175831073,2.4401882959196137,13.302408280075259,25.82309372017978,0.26521372442361857,C2,0.061420893716868076,6.697084317184879,1250
O18-N05-capture_hook_lock_on,capture_hook_lock_on,5,18,0.6,0.7853981633974483,11.424264068711928,28.924264068711928,SUCCESS,True,1.6400000000000001,1.6600000000000001,False,4.390651322448067,6.441567675578016,13.402882507020504,25.89301950547555,0.14448748614090548,C2,0.04352253609642177,6.640276366769131,1250
O18-N06-free_field,free_field,6,18,0.6,0.7853981633974483,11.424264068711928,28.924264068711928,TIMEOUT,False,,,False,0.0,0.0,10.94695095079115,32.57542511852953,7.053671025576349,C3,3.5860842154082215,4.925713186692653,1250
O18-N06-minimal_control,minimal_control,6,18,0.6,0.7853981633974483,11.424264068711928,28.924264068711928,TIMEOUT,False,,,False,0.40000000000000324,2.0000000000000013,14.573228235348626,30.9150033109447,5.030812696945386,C3,3.5860842154082215,5.125009693899542,1250
O18-N06-capture_hook_lock_off,capture_hook_lock_off,6,18,0.6,0.7853981633974483,11.424264068711928,28.924264068711928,SUCCESS,True,1.6400000000000001,1.6600000000000001,False,3.6832892233807466,2.437593018494635,13.294961021108408,25.82723557070921,0.2681203664272432,C2,0.0602753365952929,6.66802882913882,1250
O18-N06-capture_hook_lock_on,capture_hook_lock_on,6,18,0.6,0.7853981633974483,11.424264068711928,28.924264068711928,SUCCESS,True,1.6400000000000001,1.6600000000000001,False,4.385881031377423,6.451679757204679,13.39769825442961,25.89651261539267,0.14551730453665754,C2,0.04012118024684213,6.611352882119905,1250
O18-N07-free_field,free_field,7,18,0.6,0.7853981633974483,11.424264068711928,28.924264068711928,TIMEOUT,False,,,False,0.0,0.0,11.079630298043206,32.542181378997114,6.975552070613981,C3,3.5860842154082215,4.89576631642375,1250
O18-N07-minimal_control,minimal_control,7,18,0.6,0.7853981633974483,11.424264068711928,28.924264068711928,TIMEOUT,False,,,False,0.40000000000000324,2.0000000000000013,14.810272484072136,30.645464800056313,4.826712876386869,C3,3.5860842154082215,5.266785191623472,1250
O18-N07-capture_hook_lock_off,capture_hook_lock_off,7,18,0.6,0.7853981633974483,11.424264068711928,28.924264068711928,SUCCESS,True,1.6600000000000001,1.68,False,3.7335112080974957,2.4680628353725336,13.303453869013664,25.821501832379457,0.2655032531808025,C2,0.05998737733728922,6.761654892599839,1250
O18-N07-capture_hook_lock_on,capture_hook_lock_on,7,18,0.6,0.7853981633974483,11.424264068711928,28.924264068711928,SUCCESS,True,1.6600000000000001,1.68,False,4.444779730631069,6.509258673022952,13.403003192712987,25.89106638657783,0.14585922239298002,C2,0.04297229919997928,6.710162028000552,1250
O19-N00-free_field,free_field,0,19,0.6,1.5707963267948966,11.0,29.1,TIMEOUT,False,,,False,0.0,0.0,7.893447553326502,31.134408141474516,7.602340251563355,C3,3.9824615503479763,4.919116686260423,1250
O19-N00-minimal_control,minimal_control,0,19,0.6,1.5707963267948966,11.0,29.1,TIMEOUT,False,,,False,0.40000000000000324,2.0000000000000013,7.849152566249213,30.850187141845037,7.446904862454386,C3,3.9824615503479763,4.9016964820398545,1250
O19-N00-capture_hook_lock_off,capture_hook_lock_off,0,19,0.6,1.5707963267948966,11.0,29.1,SUCCESS,True,2.16,2.18,False,4.739972442053017,3.1761338695391306,13.304103937506195,25.8242227408468,0.26319747744989525,C2,0.0649204137480568,7.131497514516944,1250
O19-N00-capture_hook_lock_on,capture_hook_lock_on,0,19,0.6,1.5707963267948966,11.0,29.1,SUCCESS,True,2.16,2.18,False,5.425482923663467,7.101013592456537,13.40274203244276,25.892369142913374,0.14506382612687063,C2,0.04347768315698187,7.079700433255011,1250
O19-N01-free_field,free_field,1,19,0.6,1.5707963267948966,11.0,29.1,TIMEOUT,False,,,False,0.0,0.0,7.97923109808613,31.200425433073516,7.584412564813253,C3,3.9824615503479763,4.897096135119767,1250
O19-N01-minimal_control,minimal_control,1,19,0.6,1.5707963267948966,11.0,29.1,TIMEOUT,False,,,False,0.40000000000000324,2.0000000000000013,7.988513821420201,31.013377437096246,7.450532412080487,C3,3.9824615503479763,4.838548840009532,1250
O19-N01-capture_hook_lock_off,capture_hook_lock_off,1,19,0.6,1.5707963267948966,11.0,29.1,SUCCESS,True,2.16,2.18,False,4.743365539072143,3.176621435562942,13.314326974906544,25.82530117301777,0.2549395073273698,C2,0.06209378757658676,7.174394419037675,1250
O19-N01-capture_hook_lock_on,capture_hook_lock_on,1,19,0.6,1.5707963267948966,11.0,29.1,SUCCESS,True,2.16,2.18,False,5.421132343066237,7.080917172923784,13.411279087610524,25.891296483249427,0.14031341649736595,C2,0.042139157857453695,7.118477339028232,1250
O19-N02-free_field,free_field,2,19,0.6,1.5707963267948966,11.0,29.1,TIMEOUT,False,,,False,0.0,0.0,7.907681580910755,31.15367932530393,7.6048955212119775,C3,3.9824615503479763,4.936847569411843,1250
O19-N02-minimal_control,minimal_control,2,19,0.6,1.5707963267948966,11.0,29.1,TIMEOUT,False,,,False,0.40000000000000324,2.0000000000000013,7.866547666464698,30.882886051017664,7.45508962933627,C3,3.9824615503479763,4.913547678963475,1250
O19-N02-capture_hook_lock_off,capture_hook_lock_off,2,19,0.6,1.5707963267948966,11.0,29.1,SUCCESS,True,2.14,2.16,False,4.6586666909632175,3.1360600999018398,13.301889960620711,25.81581806828289,0.2705005945906762,C2,0.0624084837511375,7.15927085284578,1250
O19-N02-capture_hook_lock_on,capture_hook_lock_on,2,19,0.6,1.5707963267948966,11.0,29.1,SUCCESS,True,2.14,2.16,False,5.343060153278758,7.0531629173528785,13.40232304816872,25.885430923010524,0.1505551736781923,C2,0.042523744202733964,7.110632304931826,1250
O19-N03-free_field,free_field,3,19,0.6,1.5707963267948966,11.0,29.1,TIMEOUT,False,,,False,0.0,0.0,7.833816727633354,30.999416998891192,7.5564411732541,C3,3.9824615503479763,4.97053584059832,1250
O19-N03-minimal_control,minimal_control,3,19,0.6,1.5707963267948966,11.0,29.1,TIMEOUT,False,,,False,0.40000000000000324,2.0000000000000013,7.7849460954839085,30.709141667639464,7.405258697535341,C3,3.9824615503479763,4.960955583802023,1250
O19-N03-capture_hook_lock_off,capture_hook_lock_off,3,19,0.6,1.5707963267948966,11.0,29.1,SUCCESS,True,2.14,2.16,False,4.704336545034283,3.149141263142269,13.301328843028731,25.82474658882185,0.26492260519231,C2,0.06293764573207264,7.177586785340701,1250
O19-N03-capture_hook_lock_on,capture_hook_lock_on,3,19,0.6,1.5707963267948966,11.0,29.1,SUCCESS,True,2.14,2.16,False,5.4082687583123406,7.131882947826144,13.401548232858458,25.892566708066997,0.14572118126358358,C2,0.04313874912849931,7.120760320275447,1250
O19-N04-free_field,free_field,4,19,0.6,1.5707963267948966,11.0,29.1,TIMEOUT,False,,,False,0.0,0.0,7.822814291979212,31.01798732536737,7.576980556983306,C3,3.9824615503479763,4.9529001981931895,1250
O19-N04-minimal_control,minimal_control,4,19,0.6,1.5707963267948966,11.0,29.1,TIMEOUT,False,,,False,0.40000000000000324,2.0000000000000013,7.736884851879495,30.670601888324967,7.41808723389802,C3,3.9824615503479763,4.955586123767969,1250
O19-N04-capture_hook_lock_off,capture_hook_lock_off,4,19,0.6,1.5707963267948966,11.0,29.1,SUCCESS,True,2.16,2.18,False,4.728934311041942,3.172671253983511,13.299251833735905,25.817940984214246,0.27100795465682187,C2,0.06851152969646208,7.155829420556598,1250
O19-N04-capture_hook_lock_on,capture_hook_lock_on,4,19,0.6,1.5707963267948966,11.0,29.1,SUCCESS,True,2.16,2.18,False,5.4286010567482235,7.13674386016347,13.401044922429293,25.888691171554193,0.14893543120091624,C2,0.04282025482848554,7.0924581825737745,1250
O19-N05-free_field,free_field,5,19,0.6,1.5707963267948966,11.0,29.1,TIMEOUT,False,,,False,0.0,0.0,7.846556910630244,31.03117080973558,7.567965280144858,C3,3.9824615503479763,4.949368999411518,1250
O19-N05-minimal_control,minimal_control,5,19,0.6,1.5707963267948966,11.0,29.1,TIMEOUT,False,,,False,0.40000000000000324,2.0000000000000013,7.777690585350369,30.716146746568963,7.415312884306421,C3,3.9824615503479763,4.954901533522789,1250
O19-N05-capture_hook_lock_off,capture_hook_lock_off,5,19,0.6,1.5707963267948966,11.0,29.1,SUCCESS,True,2.16,2.16,False,4.6575856647783676,3.1358311590866883,13.305963410872005,25.831999663268107,0.256659913236282,C2,0.06145790411686436,7.1625215007862035,1250
O19-N05-capture_hook_lock_on,capture_hook_lock_on,5,19,0.6,1.5707963267948966,11.0,29.1,SUCCESS,True,2.16,2.16,False,5.360349421638806,7.104662240846615,13.405741184583123,25.899160743231995,0.13803361905462197,C2,0.041010440552664354,7.11609449125892,1250
O19-N06-free_field,free_field,6,19,0.6,1.5707963267948966,11.0,29.1,TIMEOUT,False,,,False,0.0,0.0,8.016846449695503,31.274827943766933,7.608467828187308,C3,3.9824615503479763,4.936297552110989,1250
O19-N06-minimal_control,minimal_control,6,19,0.6,1.5707963267948966,11.0,29.1,TIMEOUT,False,,,False,0.40000000000000324,2.0000000000000013,8.06967783373132,31.103477883857977,7.452106100995641,C3,3.9824615503479763,4.817126157635222,1250
O19-N06-capture_hook_lock_off,capture_hook_lock_off,6,19,0.6,1.5707963267948966,11.0,29.1,SUCCESS,True,2.14,2.16,False,4.665145636464056,3.1379385257772605,13.304368735706127,25.832981150649204,0.25722925107320727,C2,0.05405464514442897,7.164675919761238,1250
O19-N06-capture_hook_lock_on,capture_hook_lock_on,6,19,0.6,1.5707963267948966,11.0,29.1,SUCCESS,True,2.14,2.16,False,5.345937274899953,7.043616903795985,13.403406558691866,25.899521393909033,0.13937805848027682,C2,0.03866556190546812,7.112103533539403,1250
O19-N07-free_field,free_field,7,19,0.6,1.5707963267948966,11.0,29.1,TIMEOUT,False,,,False,0.0,0.0,7.909058132032629,31.170370191697412,7.6152057680789955,C3,3.9824615503479763,4.9837869284954115,1250
O19-N07-minimal_control,minimal_control,7,19,0.6,1.5707963267948966,11.0,29.1,TIMEOUT,False,,,False,0.40000000000000324,2.0000000000000013,7.9106688719428515,30.95320579028834,7.468257498239769,C3,3.9824615503479763,4.933284600718829,1250
O19-N07-capture_hook_lock_off,capture_hook_lock_off,7,19,0.6,1.5707963267948966,11.0,29.1,SUCCESS,True,2.14,2.16,False,4.705186989479707,3.149356826401766,13.314307597962255,25.8247037621324,0.255363347379927,C2,0.06548099412765401,7.218993833389167,1250
O19-N07-capture_hook_lock_on,capture_hook_lock_on,7,19,0.6,1.5707963267948966,11.0,29.1,SUCCESS,True,2.14,2.16,False,5.389086288909563,7.073288413652353,13.409666540343993,25.890975140230825,0.14158585374645177,C2,0.0465389991519563,7.176457274970897,1250
O20-N00-free_field,free_field,0,20,0.6,2.356194490192345,10.575735931288072,28.924264068711928,TIMEOUT,False,,,False,0.0,0.0,7.054851470642722,27.748756368255936,6.678180021607083,C3,4.1355339059327365,5.007359373525384,1250
O20-N00-minimal_control,minimal_control,0,20,0.6,2.356194490192345,10.575735931288072,28.924264068711928,SUCCESS,True,17.88,18.080000000000002,False,0.40000000000000324,2.0000000000000013,13.290049963052708,25.821226164839786,0.2757518851287529,C2,0.2596973410613794,10.203916809782827,1250
O20-N00-capture_hook_lock_off,capture_hook_lock_off,0,20,0.6,2.356194490192345,10.575735931288072,28.924264068711928,SUCCESS,True,1.78,1.8,False,4.078917259139156,2.6769081157390486,13.290050868585217,25.821226197577317,0.2757511744571293,C2,0.020639506441840656,6.759294352312701,1250
O20-N00-capture_hook_lock_on,capture_hook_lock_on,0,20,0.6,2.356194490192345,10.575735931288072,28.924264068711928,SUCCESS,True,1.78,1.8,False,4.791277548533066,6.704626278082628,13.395281836856356,25.89071888534106,0.15135473469065838,C2,0.019121418024869663,6.71224940040851,1250
O20-N01-free_field,free_field,1,20,0.6,2.356194490192345,10.575735931288072,28.924264068711928,TIMEOUT,False,,,False,0.0,0.0,7.185695876810114,27.524784081314444,6.495798877333159,C0,4.1355339059327365,5.063122650666086,1250
O20-N01-minimal_control,minimal_control,1,20,0.6,2.356194490192345,10.575735931288072,28.924264068711928,SUCCESS,True,17.22,17.48,False,0.40000000000000324,2.0000000000000013,13.317178964781318,25.830176750392994,0.24952648561929064,C2,0.24952648561929064,10.19369351249834,1250
O20-N01-capture_hook_lock_off,capture_hook_lock_off,1,20,0.6,2.356194490192345,10.575735931288072,28.924264068711928,SUCCESS,True,1.78,1.8,False,4.097073615188848,2.682344336299384,13.317179206512952,25.830176749746943,0.24952630894906883,C2,0.02261102781294965,6.749922153038154,1250
O20-N01-capture_hook_lock_on,capture_hook_lock_on,1,20,0.6,2.356194490192345,10.575735931288072,28.924264068711928,SUCCESS,True,1.78,1.8,False,4.803136287226606,6.691668623037424,13.413667365523414,25.895896286017766,0.13524387986360947,C2,0.013621263129663667,6.696456640227868,1250
O20-N02-free_field,free_field,2,20,0.6,2.356194490192345,10.575735931288072,28.924264068711928,TIMEOUT,False,,,False,0.0,0.0,7.178652917354984,27.597404531320496,6.520055994847583,C0,4.1355339059327365,5.060531162698784,1250
O20-N02-minimal_control,minimal_control,2,20,0.6,2.356194490192345,10.575735931288072,28.924264068711928,SUCCESS,True,17.26,17.48,False,0.40000000000000324,2.0000000000000013,13.298469444809285,25.822040949791475,0.2688568173333122,C2,0.24853528213834536,10.240481764485036,1250
O20-N02-capture_hook_lock_off,capture_hook_lock_off,2,20,0.6,2.356194490192345,10.575735931288072,28.924264068711928,SUCCESS,True,1.78,1.8,False,4.102493541266223,2.683534639992758,13.298469697536792,25.8220409470376,0.26885662971588886,C2,0.02194418057754794,6.800899531827058,1250
O20-N02-capture_hook_lock_on,capture_hook_lock_on,2,20,0.6,2.356194490192345,10.575735931288072,28.924264068711928,SUCCESS,True,1.78,1.8,False,4.800343057725279,6.669769750308292,13.397759128911066,25.890184866131577,0.15004185865139041,C2,0.009311314099308748,6.751255686435828,1250
O20-N03-free_field,free_field,3,20,0.6,2.356194490192345,10.575735931288072,28.924264068711928,TIMEOUT,False,,,False,0.0,0.0,7.230034600026354,27.370349638424692,6.417968856920184,C0,4.1355339059327365,5.066317303971775,1250
O20-N03-minimal_control,minimal_control,3,20,0.6,2.356194490192345,10.575735931288072,28.924264068711928,SUCCESS,True,16.86,17.080000000000002,False,0.40000000000000324,2.0000000000000013,13.30000192658037,25.826144070565864,0.2650002142847647,C2,0.24863930322590688,10.167507286679381,1250
O20-N03-capture_hook_lock_off,capture_hook_lock_off,3,20,0.6,2.356194490192345,10.575735931288072,28.924264068711928,SUCCESS,True,1.76,1.78,False,4.034692917084282,2.6477558266915904,13.300002040360452,25.826144067685572,0.26500013030355524,C2,0.019317923332509285,6.723876402062927,1250
O20-N03-capture_hook_lock_on,capture_hook_lock_on,3,20,0.6,2.356194490192345,10.575735931288072,28.924264068711928,SUCCESS,True,1.76,1.78,False,4.741127643602324,6.657737241450676,13.398146845246355,25.892678050003262,0.14795967722447972,C2,0.010595049522394083,6.669326183584089,1250
O20-N04-free_field,free_field,4,20,0.6,2.356194490192345,10.575735931288072,28.924264068711928,TIMEOUT,False,,,False,0.0,0.0,7.105582466619228,27.66990168474078,6.608868831192486,C0,4.1355339059327365,5.051989067923389,1250
O20-N04-minimal_control,minimal_control,4,20,0.6,2.356194490192345,10.575735931288072,28.924264068711928,SUCCESS,True,17.34,17.56,False,0.40000000000000324,2.0000000000000013,13.304141668166148,25.823934392818572,0.2633620780995327,C2,0.25011107672338373,10.284855265314794,1250
O20-N04-capture_hook_lock_off,capture_hook_lock_off,4,20,0.6,2.356194490192345,10.575735931288072,28.924264068711928,SUCCESS,True,1.78,1.8,False,4.079051412363074,2.6772144501372708,13.304141921264266,25.823934387501012,0.26336189342935823,C2,0.015256394320817362,6.771500364737221,1250
O20-N04-capture_hook_lock_on,capture_hook_lock_on,4,20,0.6,2.356194490192345,10.575735931288072,28.924264068711928,SUCCESS,True,1.78,1.8,False,4.784300013436089,6.683877520386277,13.406544139037678,25.894272276518247,0.1411111245112974,C2,0.00939896507960405,6.717830279881493,1250
O20-N05-free_field,free_field,5,20,0.6,2.356194490192345,10.575735931288072,28.924264068711928,TIMEOUT,False,,,False,0.0,0.0,7.167832693752277,27.596402048128006,6.530301853174923,C0,4.1355339059327365,5.068161103120792,1250
O20-N05-minimal_control,minimal_control,5,20,0.6,2.356194490192345,10.575735931288072,28.924264068711928,SUCCESS,True,17.16,17.36,False,0.40000000000000324,2.0000000000000013,13.303892932872957,25.815259908046322,0.26941953038379385,C2,0.2545502012142353,10.25401961468963,1250
O20-N05-capture_hook_lock_off,capture_hook_lock_off,5,20,0.6,2.356194490192345,10.575735931288072,28.924264068711928,SUCCESS,True,1.78,1.8,False,4.1090227862209305,2.6855753283756822,13.303893168189056,25.815259907933044,0.2694193591779058,C2,0.03167230298787513,6.832553242697451,1250
O20-N05-capture_hook_lock_on,capture_hook_lock_on,5,20,0.6,2.356194490192345,10.575735931288072,28.924264068711928,SUCCESS,True,1.78,1.8,False,4.807209677175296,6.675414815139997,13.405580188936717,25.888022144925838,0.14647232075800545,C2,0.019291665245372045,6.782775376464759,1250
O20-N06-free_field,free_field,6,20,0.6,2.356194490192345,10.575735931288072,28.924264068711928,TIMEOUT,False,,,False,0.0,0.0,7.115900171550362,27.77991232945344,6.627580140605699,C3,4.1355339059327365,4.955685820374876,1250
O20-N06-minimal_control,minimal_control,6,20,0.6,2.356194490192345,10.575735931288072,28.924264068711928,SUCCESS,True,17.5,17.76,False,0.40000000000000324,2.0000000000000013,13.300961466271849,25.824247047305445,0.2655286016411547,C2,0.24960544118746888,10.238916317871025,1250
O20-N06-capture_hook_lock_off,capture_hook_lock_off,6,20,0.6,2.356194490192345,10.575735931288072,28.924264068711928,SUCCESS,True,1.78,1.8,False,4.084812230152244,2.678757904703261,13.300961825653742,25.82424703814094,0.26552833831688094,C2,0.020415407034420657,6.7107696667807035,1250
O20-N06-capture_hook_lock_on,capture_hook_lock_on,6,20,0.6,2.356194490192345,10.575735931288072,28.924264068711928,SUCCESS,True,1.78,1.8,False,4.780234465791537,6.657951817338435,13.40000898405273,25.892346924224398,0.14692647138659035,C2,0.011901174449673953,6.657385281701903,1250
O20-N07-free_field,free_field,7,20,0.6,2.356194490192345,10.575735931288072,28.924264068711928,TIMEOUT,False,,,False,0.0,0.0,7.134259774052555,27.58959315437229,6.561208350652545,C0,4.1355339059327365,5.020400573138781,1250
O20-N07-minimal_control,minimal_control,7,20,0.6,2.356194490192345,10.575735931288072,28.924264068711928,SUCCESS,True,17.06,17.3,False,0.40000000000000324,2.0000000000000013,13.298860876180699,25.822753997457525,0.26809157492931984,C2,0.25994473809962654,10.159906408754312,1250
O20-N07-capture_hook_lock_off,capture_hook_lock_off,7,20,0.6,2.356194490192345,10.575735931288072,28.924264068711928,SUCCESS,True,1.76,1.76,False,3.9710823871414243,2.612926730598975,13.298861051782508,25.822753995719673,0.2680914443308121,C2,0.018654192325998114,6.757354352991225,1250
O20-N07-capture_hook_lock_on,capture_hook_lock_on,7,20,0.6,2.356194490192345,10.575735931288072,28.924264068711928,SUCCESS,True,1.76,1.76,False,4.677235017570174,6.617028275717519,13.400950481147309,25.890647540184858,0.14754242661882677,C2,0.007024677847392302,6.707098076620701,1250
O21-N00-free_field,free_field,0,21,0.6,3.141592653589793,10.4,28.5,SUCCESS,True,14.34,14.56,False,0.0,0.0,13.306919452054903,25.82684287820487,0.259352051896938,C2,0.24983345234918036,8.421085304566603,1250
O21-N00-minimal_control,minimal_control,0,21,0.6,3.141592653589793,10.4,28.5,SUCCESS,True,11.540000000000001,11.78,False,0.40000000000000324,2.0000000000000013,13.306919452662656,25.826842878035002,0.2593520515578956,C2,0.24983344866961552,8.073072998508893,1250
O21-N00-capture_hook_lock_off,capture_hook_lock_off,0,21,0.6,3.141592653589793,10.4,28.5,SUCCESS,True,1.3800000000000001,1.4000000000000001,False,3.2090323918929746,2.0903390173261367,13.306919452661656,25.826842878033467,0.25935205155966484,C2,0.05104010150250601,6.32094451263872,1250
O21-N00-capture_hook_lock_on,capture_hook_lock_on,0,21,0.6,3.141592653589793,10.4,28.5,SUCCESS,True,1.3800000000000001,1.4000000000000001,False,3.926501051822601,6.170797142625582,13.404383029544276,25.894082828729236,0.1426921588915499,C2,0.04483876797234474,6.281935920010504,1250
O21-N01-free_field,free_field,1,21,0.6,3.141592653589793,10.4,28.5,SUCCESS,True,14.280000000000001,14.52,False,0.0,0.0,13.297596229436447,25.82790963779351,0.26567344448157426,C2,0.25670563256719786,8.415236219098164,1250
O21-N01-minimal_control,minimal_control,1,21,0.6,3.141592653589793,10.4,28.5,SUCCESS,True,11.46,11.72,False,0.40000000000000324,2.0000000000000013,13.297596229968152,25.8279096376501,0.26567344416938754,C2,0.2555083846631797,8.067254157250355,1250
O21-N01-capture_hook_lock_off,capture_hook_lock_off,1,21,0.6,3.141592653589793,10.4,28.5,SUCCESS,True,1.3800000000000001,1.4000000000000001,False,3.208671798344334,2.0905439407627116,13.297596229967024,25.827909637648737,0.2656734441711306,C2,0.04425234563629684,6.405906953689908,1250
O21-N01-capture_hook_lock_on,capture_hook_lock_on,1,21,0.6,3.141592653589793,10.4,28.5,SUCCESS,True,1.3800000000000001,1.4000000000000001,False,3.9254621861843466,6.1676519449054465,13.398594715372633,25.895936944566255,0.14530021079325348,C2,0.03501980003854091,6.369324903902649,1250
O21-N02-free_field,free_field,2,21,0.6,3.141592653589793,10.4,28.5,SUCCESS,True,14.1,14.32,False,0.0,0.0,13.297289485068852,25.81962007031161,0.27134566865538745,C2,0.2502789933244581,8.414290282022852,1250
O21-N02-minimal_control,minimal_control,2,21,0.6,3.141592653589793,10.4,28.5,SUCCESS,True,11.36,11.56,False,0.40000000000000324,2.0000000000000013,13.297289485319155,25.819620070197033,0.2713456685445644,C2,0.24891363693009136,8.069598246614527,1250
O21-N02-capture_hook_lock_off,capture_hook_lock_off,2,21,0.6,3.141592653589793,10.4,28.5,SUCCESS,True,1.3800000000000001,1.4000000000000001,False,3.2123310363387207,2.0914810210290025,13.29728948531733,25.819620070195814,0.2713456685467373,C2,0.04660026080703984,6.356975963908976,1250
O21-N02-capture_hook_lock_on,capture_hook_lock_on,2,21,0.6,3.141592653589793,10.4,28.5,SUCCESS,True,1.3800000000000001,1.4000000000000001,False,3.9176613159322784,6.134000001804842,13.401281477146354,25.89154228504666,0.14665750129913438,C2,0.039213371339207166,6.316981086257444,1250
O21-N03-free_field,free_field,3,21,0.6,3.141592653589793,10.4,28.5,SUCCESS,True,14.200000000000001,14.38,False,0.0,0.0,13.313473905804965,25.829950461312734,0.25240608040102147,C2,0.2458259062481061,8.351507537504855,1250
O21-N03-minimal_control,minimal_control,3,21,0.6,3.141592653589793,10.4,28.5,SUCCESS,True,11.42,11.620000000000001,False,0.40000000000000324,2.0000000000000013,13.313473906163889,25.829950461163882,0.2524060802360632,C2,0.2458258769851967,7.994732928814115,1250
O21-N03-capture_hook_lock_off,capture_hook_lock_off,3,21,0.6,3.141592653589793,10.4,28.5,SUCCESS,True,1.3800000000000001,1.4000000000000001,False,3.219945016898854,2.09343741567356,13.313473906162624,25.829950461162678,0.2524060802378093,C2,0.04262554811916861,6.280784053410388,1250
O21-N03-capture_hook_lock_on,capture_hook_lock_on,3,21,0.6,3.141592653589793,10.4,28.5,SUCCESS,True,1.3800000000000001,1.4000000000000001,False,3.9226363260606703,6.132939996828592,13.410777028267843,25.897600638565148,0.13581740649483331,C2,0.034428291197334336,6.244207499098594,1250
O21-N04-free_field,free_field,4,21,0.6,3.141592653589793,10.4,28.5,SUCCESS,True,14.040000000000001,14.22,False,0.0,0.0,13.297258993873266,25.821905573910726,0.26985466490195853,C2,0.25658835182953993,8.387556602340092,1250
O21-N04-minimal_control,minimal_control,4,21,0.6,3.141592653589793,10.4,28.5,SUCCESS,True,11.3,11.56,False,0.40000000000000324,2.0000000000000013,13.29725899414305,25.821905573808852,0.2698546647665037,C2,0.2561799407899623,8.070868190237798,1250
O21-N04-capture_hook_lock_off,capture_hook_lock_off,4,21,0.6,3.141592653589793,10.4,28.5,SUCCESS,True,1.3800000000000001,1.4000000000000001,False,3.2150930481499653,2.0920729679459242,13.297258994141751,25.821905573807772,0.2698546647681921,C2,0.047055537197601506,6.363719173701699,1250
O21-N04-capture_hook_lock_on,capture_hook_lock_on,4,21,0.6,3.141592653589793,10.4,28.5,SUCCESS,True,1.3800000000000001,1.4000000000000001,False,3.92148351588998,6.14109033963825,13.397754672632885,25.89005586635135,0.15013933359436712,C2,0.03852760395458214,6.328509968126699,1250
O21-N05-free_field,free_field,5,21,0.6,3.141592653589793,10.4,28.5,SUCCESS,True,14.02,14.22,False,0.0,0.0,13.303039544803339,25.828306306237863,0.26128939011938956,C2,0.25359967254111165,8.424908292617184,1250
O21-N05-minimal_control,minimal_control,5,21,0.6,3.141592653589793,10.4,28.5,SUCCESS,True,11.38,11.64,False,0.40000000000000324,2.0000000000000013,13.303039545015746,25.82830630613054,0.26128939002979884,C2,0.25067816663781084,8.057981378432393,1250
O21-N05-capture_hook_lock_off,capture_hook_lock_off,5,21,0.6,3.141592653589793,10.4,28.5,SUCCESS,True,1.3800000000000001,1.4000000000000001,False,3.2283037338070595,2.0958685520248688,13.30303954501391,25.828306306129384,0.2612893900319421,C2,0.03678418519228688,6.342317885955129,1250
O21-N05-capture_hook_lock_on,capture_hook_lock_on,5,21,0.6,3.141592653589793,10.4,28.5,SUCCESS,True,1.3800000000000001,1.4000000000000001,False,3.934435808840144,6.143944681810589,13.402202755994903,25.89660441321277,0.14231988020676503,C2,0.030796604141271396,6.2985086236967645,1250
O21-N06-free_field,free_field,6,21,0.6,3.141592653589793,10.4,28.5,SUCCESS,True,14.08,14.3,False,0.0,0.0,13.306530834551259,25.8231830704723,0.2620964413093699,C2,0.2533537322526629,8.420440231671178,1250
O21-N06-minimal_control,minimal_control,6,21,0.6,3.141592653589793,10.4,28.5,SUCCESS,True,11.38,11.540000000000001,False,0.40000000000000324,2.0000000000000013,13.306530834838407,25.823183070353615,0.2620964411774769,C2,0.25333802041539777,8.08060363518678,1250
O21-N06-capture_hook_lock_off,capture_hook_lock_off,6,21,0.6,3.141592653589793,10.4,28.5,SUCCESS,True,1.3800000000000001,1.4000000000000001,False,3.2125593663375347,2.0914502150972223,13.306530834837197,25.82318307035246,0.26209644117914876,C2,0.04002325510272366,6.352780500207742,1250
O21-N06-capture_hook_lock_on,capture_hook_lock_on,6,21,0.6,3.141592653589793,10.4,28.5,SUCCESS,True,1.3800000000000001,1.4000000000000001,False,3.918385009474342,6.136843679684336,13.404436315941636,25.893012637378195,0.14345282664198833,C2,0.035791913840819936,6.316056185436791,1250
O21-N07-free_field,free_field,7,21,0.6,3.141592653589793,10.4,28.5,SUCCESS,True,13.96,14.200000000000001,False,0.0,0.0,13.308908953607244,25.82247206894294,0.26082935861761986,C2,0.25766614712010744,8.403024227644226,1250
O21-N07-minimal_control,minimal_control,7,21,0.6,3.141592653589793,10.4,28.5,SUCCESS,True,11.3,11.56,False,0.40000000000000324,2.0000000000000013,13.3089089538972,25.82247206885721,0.2608293584635401,C2,0.2576661458805468,8.05930685810497,1250
O21-N07-capture_hook_lock_off,capture_hook_lock_off,7,21,0.6,3.141592653589793,10.4,28.5,SUCCESS,True,1.3800000000000001,1.4000000000000001,False,3.209979062407379,2.0907277168065446,13.308908953896458,25.82247206885621,0.26082935846476357,C2,0.04378241742412897,6.3733268083032915,1250
O21-N07-capture_hook_lock_on,capture_hook_lock_on,7,21,0.6,3.141592653589793,10.4,28.5,SUCCESS,True,1.3800000000000001,1.4000000000000001,False,3.9262097605940753,6.16657365442047,13.407836539093394,25.890094560567,0.143433988800578,C2,0.03876044872932944,6.324659866326488,1250
O22-N00-free_field,free_field,0,22,0.6,3.9269908169872414,10.57573593128807,28.075735931288072,SUCCESS,True,4.86,5.08,False,0.0,0.0,13.303407439956398,25.822776647305673,0.26468235945131446,C2,0.250964740795529,6.305048954325328,1250
O22-N00-minimal_control,minimal_control,0,22,0.6,3.9269908169872414,10.57573593128807,28.075735931288072,SUCCESS,True,3.0,3.24,False,0.40000000000000324,2.0000000000000013,13.303407439956455,25.822776647305766,0.2646823594512104,C2,0.2509659067496631,5.981569026892473,1250
O22-N00-capture_hook_lock_off,capture_hook_lock_off,0,22,0.6,3.9269908169872414,10.57573593128807,28.075735931288072,SUCCESS,True,1.1,1.12,False,2.679712549429428,1.703248437520395,13.303407439956421,25.822776647305655,0.2646823594513092,C2,0.05606177474172634,5.9997275932365675,1250
O22-N00-capture_hook_lock_on,capture_hook_lock_on,0,22,0.6,3.9269908169872414,10.57573593128807,28.075735931288072,SUCCESS,True,1.1,1.12,False,3.404327244529523,5.834129928609632,13.404086090682652,25.892015093811807,0.14443066836724566,C2,0.04331690721462518,5.963469209996083,1250
O22-N01-free_field,free_field,1,22,0.6,3.9269908169872414,10.57573593128807,28.075735931288072,SUCCESS,True,4.86,5.0600000000000005,False,0.0,0.0,13.30145395769981,25.82118870027708,0.2671965789857139,C2,0.24652945180549926,6.253643943744485,1250
O22-N01-minimal_control,minimal_control,1,22,0.6,3.9269908169872414,10.57573593128807,28.075735931288072,SUCCESS,True,2.96,3.18,False,0.40000000000000324,2.0000000000000013,13.301453957699911,25.821188700277165,0.26719657898558163,C2,0.24653042039517525,5.920065036514532,1250
O22-N01-capture_hook_lock_off,capture_hook_lock_off,1,22,0.6,3.9269908169872414,10.57573593128807,28.075735931288072,SUCCESS,True,1.1,1.1,False,2.591318997412804,1.6615175626913732,13.301453957699774,25.821188700277077,0.2671965789857427,C2,0.058139864781875446,5.914540022286147,1250
O22-N01-capture_hook_lock_on,capture_hook_lock_on,1,22,0.6,3.9269908169872414,10.57573593128807,28.075735931288072,SUCCESS,True,1.1,1.1,False,3.313082208587333,5.777530937692589,13.40266506738664,25.892247618147145,0.14520559528410365,C2,0.048097235644111176,5.880920122076893,1250
O22-N02-free_field,free_field,2,22,0.6,3.9269908169872414,10.57573593128807,28.075735931288072,SUCCESS,True,5.2,5.44,False,0.0,0.0,13.30642650178136,25.83014760274708,0.25752773843833987,C2,0.2511879473143999,6.333581710191894,1250
O22-N02-minimal_control,minimal_control,2,22,0.6,3.9269908169872414,10.57573593128807,28.075735931288072,SUCCESS,True,3.06,3.3000000000000003,False,0.40000000000000324,2.0000000000000013,13.306426501781436,25.830147602747168,0.25752773843822385,C2,0.25165564190438044,5.970321319344946,1250
O22-N02-capture_hook_lock_off,capture_hook_lock_off,2,22,0.6,3.9269908169872414,10.57573593128807,28.075735931288072,SUCCESS,True,1.1,1.12,False,2.6849949328927694,1.7045569356402728,13.30642650178136,25.830147602747104,0.2575277384383235,C2,0.05965804579493306,5.916479953805651,1250
O22-N02-capture_hook_lock_on,capture_hook_lock_on,2,22,0.6,3.9269908169872414,10.57573593128807,28.075735931288072,SUCCESS,True,1.1,1.12,False,3.4003688458297696,5.8106191056655145,13.405809400609568,25.897216951842935,0.13941385871564657,C2,0.0471110791779066,5.890433301078266,1250
O22-N03-free_field,free_field,3,22,0.6,3.9269908169872414,10.57573593128807,28.075735931288072,SUCCESS,True,5.08,5.34,False,0.0,0.0,13.309858654434896,25.82790253208665,0.25645909957631613,C2,0.2491888555663028,6.286333578153789,1250
O22-N03-minimal_control,minimal_control,3,22,0.6,3.9269908169872414,10.57573593128807,28.075735931288072,SUCCESS,True,3.06,3.3000000000000003,False,0.40000000000000324,2.0000000000000013,13.309858654434962,25.82790253208675,0.25645909957620067,C2,0.24923563586056952,5.942387979790514,1250
O22-N03-capture_hook_lock_off,capture_hook_lock_off,3,22,0.6,3.9269908169872414,10.57573593128807,28.075735931288072,SUCCESS,True,1.1,1.12,False,2.6765967048320647,1.7023003525152987,13.309858654434896,25.82790253208665,0.25645909957631613,C2,0.05654931272489998,5.908370280241231,1250
O22-N03-capture_hook_lock_on,capture_hook_lock_on,3,22,0.6,3.9269908169872414,10.57573593128807,28.075735931288072,SUCCESS,True,1.1,1.12,False,3.3906472938061483,5.802409831216048,13.41033545062648,25.895999341793154,0.13731667168196912,C2,0.04263999715720494,5.885056288159857,1250
O22-N04-free_field,free_field,4,22,0.6,3.9269908169872414,10.57573593128807,28.075735931288072,SUCCESS,True,5.12,5.32,False,0.0,0.0,13.300416350177308,25.81992624967084,0.26881255334183324,C2,0.252901962801202,6.353695668909723,1250
O22-N04-minimal_control,minimal_control,4,22,0.6,3.9269908169872414,10.57573593128807,28.075735931288072,SUCCESS,True,3.08,3.2800000000000002,False,0.40000000000000324,2.0000000000000013,13.300416350177343,25.819926249670942,0.2688125533417378,C2,0.25290196282716637,5.990779166634581,1250
O22-N04-capture_hook_lock_off,capture_hook_lock_off,4,22,0.6,3.9269908169872414,10.57573593128807,28.075735931288072,SUCCESS,True,1.1,1.12,False,2.679974361254988,1.703258502017827,13.300416350177327,25.819926249670853,0.2688125533418092,C2,0.05484603741111371,5.977696709451511,1250
O22-N04-capture_hook_lock_on,capture_hook_lock_on,4,22,0.6,3.9269908169872414,10.57573593128807,28.075735931288072,SUCCESS,True,1.1,1.12,False,3.4020260940611537,5.828020512116442,13.403600013114625,25.890136661583583,0.14616056444712008,C2,0.04251872942786281,5.946760643649849,1250
O22-N05-free_field,free_field,5,22,0.6,3.9269908169872414,10.57573593128807,28.075735931288072,SUCCESS,True,4.5600000000000005,4.8,False,0.0,0.0,13.306637252945155,25.819395609960562,0.26458854406438953,C2,0.2445595442806448,6.193991066372541,1250
O22-N05-minimal_control,minimal_control,5,22,0.6,3.9269908169872414,10.57573593128807,28.075735931288072,SUCCESS,True,2.86,3.04,False,0.40000000000000324,2.0000000000000013,13.30663725294522,25.8193956099607,0.2645885440642469,C2,0.24455957524774724,5.900054160884688,1250
O22-N05-capture_hook_lock_off,capture_hook_lock_off,5,22,0.6,3.9269908169872414,10.57573593128807,28.075735931288072,SUCCESS,True,1.1,1.1,False,2.5953695948392923,1.6626056413517205,13.306637252945166,25.819395609960562,0.26458854406438176,C2,0.0524994527317028,5.914366254465713,1250
O22-N05-capture_hook_lock_on,capture_hook_lock_on,5,22,0.6,3.9269908169872414,10.57573593128807,28.075735931288072,SUCCESS,True,1.1,1.1,False,3.317832325127191,5.780058438484938,13.407345568983049,25.889675827976767,0.14407035267426466,C2,0.04160034393852199,5.876444645271182,1250
O22-N06-free_field,free_field,6,22,0.6,3.9269908169872414,10.57573593128807,28.075735931288072,SUCCESS,True,4.92,5.16,False,0.0,0.0,13.309612050467415,25.82605516180486,0.2578844277228772,C2,0.24739238619909237,6.257879028074687,1250
O22-N06-minimal_control,minimal_control,6,22,0.6,3.9269908169872414,10.57573593128807,28.075735931288072,SUCCESS,True,3.0,3.22,False,0.40000000000000324,2.0000000000000013,13.309612050467518,25.82605516180496,0.257884427722734,C2,0.24739238620310572,5.928256457917595,1250
O22-N06-capture_hook_lock_off,capture_hook_lock_off,6,22,0.6,3.9269908169872414,10.57573593128807,28.075735931288072,SUCCESS,True,1.1,1.12,False,2.6770517252466077,1.7024958236956294,13.309612050467427,25.82605516180488,0.25788442772285364,C2,0.045674795508254006,5.929102101056359,1250
O22-N06-capture_hook_lock_on,capture_hook_lock_on,6,22,0.6,3.9269908169872414,10.57573593128807,28.075735931288072,SUCCESS,True,1.1,1.12,False,3.3856759302669244,5.785058021784333,13.407562470254785,25.892674341877623,0.1416456628238188,C2,0.034724737117432646,5.897430206368006,1250
O22-N07-free_field,free_field,7,22,0.6,3.9269908169872414,10.57573593128807,28.075735931288072,SUCCESS,True,4.62,4.82,False,0.0,0.0,13.294883814096703,25.82397913309342,0.27028872582122176,C2,0.24499733130787196,6.117991770860576,1250
O22-N07-minimal_control,minimal_control,7,22,0.6,3.9269908169872414,10.57573593128807,28.075735931288072,SUCCESS,True,2.8000000000000003,3.02,False,0.40000000000000324,2.0000000000000013,13.294883814096767,25.823979133093516,0.27028872582111074,C2,0.24508656023432293,5.840634935351196,1250
O22-N07-capture_hook_lock_off,capture_hook_lock_off,7,22,0.6,3.9269908169872414,10.57573593128807,28.075735931288072,SUCCESS,True,1.1,1.12,False,2.6802195499030086,1.7032615073294093,13.294883814096716,25.823979133093403,0.2702887258212239,C2,0.046614458097070884,5.869238356410303,1250
O22-N07-capture_hook_lock_on,capture_hook_lock_on,7,22,0.6,3.9269908169872414,10.57573593128807,28.075735931288072,SUCCESS,True,1.1,1.12,False,3.3964801323635845,5.809122685375993,13.396696837308378,25.89318488032496,0.14859681427703975,C2,0.04038673231961982,5.838407419814289,1250
O23-N00-free_field,free_field,0,23,0.6,4.71238898038469,11.0,27.9,SUCCESS,True,1.58,1.62,False,0.0,0.0,13.306337456832969,25.82115850155456,0.2636085396798299,C2,0.0878932428231782,5.279149137255964,1250
O23-N00-minimal_control,minimal_control,0,23,0.6,4.71238898038469,11.0,27.9,SUCCESS,True,1.4000000000000001,1.44,False,0.40000000000000324,2.0000000000000013,13.306337456833,25.821158501554663,0.2636085396797365,C2,0.07072664668840144,5.391412210343497,1250
O23-N00-capture_hook_lock_off,capture_hook_lock_off,0,23,0.6,4.71238898038469,11.0,27.9,SUCCESS,True,0.88,0.88,False,2.2241439854254668,1.3756950650767632,13.306337456832928,25.82115850155454,0.26360853967987435,C2,0.029179155204587325,5.530934486615214,1250
O23-N00-capture_hook_lock_on,capture_hook_lock_on,0,23,0.6,4.71238898038469,11.0,27.9,SUCCESS,True,0.88,0.88,False,2.957175409409045,5.540982997589778,13.406367275591974,25.89031347854203,0.1442158800882176,C2,0.02695441976415879,5.486877975523419,1250
O23-N01-free_field,free_field,1,23,0.6,4.71238898038469,11.0,27.9,SUCCESS,True,1.56,1.62,False,0.0,0.0,13.303678710738483,25.817476510568074,0.2680613228567498,C2,0.0820975572132986,5.321582035420149,1250
O23-N01-minimal_control,minimal_control,1,23,0.6,4.71238898038469,11.0,27.9,SUCCESS,True,1.4000000000000001,1.44,False,0.40000000000000324,2.0000000000000013,13.303678710738504,25.81747651056819,0.26806132285665435,C2,0.06712836014785974,5.436594295993604,1250
O23-N01-capture_hook_lock_off,capture_hook_lock_off,1,23,0.6,4.71238898038469,11.0,27.9,SUCCESS,True,0.86,0.88,False,2.2299423356228654,1.3772467181812977,13.303678710738456,25.817476510568074,0.2680613228567693,C2,0.02214533310878932,5.551513381252764,1250
O23-N01-capture_hook_lock_on,capture_hook_lock_on,1,23,0.6,4.71238898038469,11.0,27.9,SUCCESS,True,0.86,0.88,False,2.9608032062893868,5.533180023679858,13.403619094348025,25.88733821359969,0.14826313462625762,C2,0.019992462057392562,5.50762413298128,1250
O23-N02-free_field,free_field,2,23,0.6,4.71238898038469,11.0,27.9,SUCCESS,True,1.56,1.6,False,0.0,0.0,13.305658387840968,25.829138187015396,0.25877098243999025,C2,0.08957204610587154,5.347463668825293,1250
O23-N02-minimal_control,minimal_control,2,23,0.6,4.71238898038469,11.0,27.9,SUCCESS,True,1.4000000000000001,1.44,False,0.40000000000000324,2.0000000000000013,13.305658387841111,25.82913818701551,0.2587709824398071,C2,0.07640879240452342,5.453600270602306,1250
O23-N02-capture_hook_lock_off,capture_hook_lock_off,2,23,0.6,4.71238898038469,11.0,27.9,SUCCESS,True,0.86,0.88,False,2.238571230266801,1.3795520538887003,13.305658387840992,25.829138187015396,0.25877098243997154,C2,0.03226595038784933,5.606028660652811,1250
O23-N02-capture_hook_lock_on,capture_hook_lock_on,2,23,0.6,4.71238898038469,11.0,27.9,SUCCESS,True,0.86,0.88,False,2.9555405054632016,5.5006573558185625,13.404997117173684,25.89650944802556,0.1404843126234552,C2,0.023452311399483543,5.559078194384111,1250
O23-N03-free_field,free_field,3,23,0.6,4.71238898038469,11.0,27.9,SUCCESS,True,1.58,1.62,False,0.0,0.0,13.30313676254978,25.821003973743593,0.26607275635616257,C2,0.08725662317066787,5.3632264678767685,1250
O23-N03-minimal_control,minimal_control,3,23,0.6,4.71238898038469,11.0,27.9,SUCCESS,True,1.4000000000000001,1.44,False,0.40000000000000324,2.0000000000000013,13.303136762549887,25.82100397374371,0.26607275635600486,C2,0.06705728234633108,5.468244539222721,1250
O23-N03-capture_hook_lock_off,capture_hook_lock_off,3,23,0.6,4.71238898038469,11.0,27.9,SUCCESS,True,0.88,0.88,False,2.2148996449883422,1.3728772116107992,13.303136762549773,25.821003973743593,0.26607275635616784,C2,0.020263191046395793,5.610661898653021,1250
O23-N03-capture_hook_lock_on,capture_hook_lock_on,3,23,0.6,4.71238898038469,11.0,27.9,SUCCESS,True,0.88,0.88,False,2.9388637554048174,5.508831135398356,13.404994870764645,25.891314568401725,0.144355455812137,C2,0.021259075067263468,5.57374853223811,1250
O23-N04-free_field,free_field,4,23,0.6,4.71238898038469,11.0,27.9,SUCCESS,True,1.56,1.6,False,0.0,0.0,13.30015965245049,25.82622487531014,0.26482816781771046,C2,0.0928515071831248,5.25825846580665,1250
O23-N04-minimal_control,minimal_control,4,23,0.6,4.71238898038469,11.0,27.9,SUCCESS,True,1.3800000000000001,1.42,False,0.40000000000000324,2.0000000000000013,13.300159652450505,25.826224875310245,0.2648281678176298,C2,0.07863125313704346,5.37465005223874,1250
O23-N04-capture_hook_lock_off,capture_hook_lock_off,4,23,0.6,4.71238898038469,11.0,27.9,SUCCESS,True,0.86,0.88,False,2.2400383464397375,1.3800456937448922,13.30015965245049,25.82622487531014,0.26482816781771046,C2,0.03072853521152004,5.516369095377386,1250
O23-N04-capture_hook_lock_on,capture_hook_lock_on,4,23,0.6,4.71238898038469,11.0,27.9,SUCCESS,True,0.86,0.88,False,2.9796443180069723,5.567548603900498,13.40054036028605,25.894271533788544,0.1451575988347007,C2,0.023481247704233394,5.472649136668464,1250
O23-N05-free_field,free_field,5,23,0.6,4.71238898038469,11.0,27.9,SUCCESS,True,1.56,1.6,False,0.0,0.0,13.301386155458351,25.820328860078956,0.2678230344166495,C2,0.09042526865853182,5.332229291022907,1250
O23-N05-minimal_control,minimal_control,5,23,0.6,4.71238898038469,11.0,27.9,SUCCESS,True,1.4000000000000001,1.44,False,0.40000000000000324,2.0000000000000013,13.30138615545836,25.820328860079055,0.26782303441657623,C2,0.07385245377901908,5.450846426831947,1250
O23-N05-capture_hook_lock_off,capture_hook_lock_off,5,23,0.6,4.71238898038469,11.0,27.9,SUCCESS,True,0.86,0.88,False,2.2311080573485844,1.3775173625374426,13.301386155458351,25.820328860078956,0.2678230344166495,C2,0.030707966969129575,5.57513710842647,1250
O23-N05-capture_hook_lock_on,capture_hook_lock_on,5,23,0.6,4.71238898038469,11.0,27.9,SUCCESS,True,0.86,0.88,False,2.963779409172948,5.5426631227943535,13.399933018186733,25.888560254938145,0.149773888340618,C2,0.022659337711458317,5.54261856893008,1250
O23-N06-free_field,free_field,6,23,0.6,4.71238898038469,11.0,27.9,SUCCESS,True,1.58,1.62,False,0.0,0.0,13.313334309388928,25.81897472347411,0.2600273654686819,C2,0.08750387299409791,5.311068005017227,1250
O23-N06-minimal_control,minimal_control,6,23,0.6,4.71238898038469,11.0,27.9,SUCCESS,True,1.4000000000000001,1.44,False,0.40000000000000324,2.0000000000000013,13.31333430938886,25.818974723474195,0.26002736546867095,C2,0.07222978235361006,5.412144766231139,1250
O23-N06-capture_hook_lock_off,capture_hook_lock_off,6,23,0.6,4.71238898038469,11.0,27.9,SUCCESS,True,0.86,0.88,False,2.2347706141442396,1.3784472774271928,13.313334309388937,25.818974723474135,0.2600273654686582,C2,0.03475527724615654,5.550025543519063,1250
O23-N06-capture_hook_lock_on,capture_hook_lock_on,6,23,0.6,4.71238898038469,11.0,27.9,SUCCESS,True,0.86,0.88,False,2.982223166772288,5.586412864315749,13.411998131614776,25.88929792878316,0.14141880147628244,C2,0.026659221473424127,5.515570463562252,1250
O23-N07-free_field,free_field,7,23,0.6,4.71238898038469,11.0,27.9,SUCCESS,True,1.56,1.6,False,0.0,0.0,13.29918507408389,25.82169298594075,0.26855171891726565,C2,0.0895397513324548,5.296923936968666,1250
O23-N07-minimal_control,minimal_control,7,23,0.6,4.71238898038469,11.0,27.9,SUCCESS,True,1.3800000000000001,1.42,False,0.40000000000000324,2.0000000000000013,13.299185074083903,25.821692985940853,0.268551718917188,C2,0.07480642952051374,5.402535902157399,1250
O23-N07-capture_hook_lock_off,capture_hook_lock_off,7,23,0.6,4.71238898038469,11.0,27.9,SUCCESS,True,0.86,0.88,False,2.2459908430010915,1.3816094922136086,13.29918507408389,25.82169298594075,0.26855171891726565,C2,0.02481083207679533,5.556455313401927,1250
O23-N07-capture_hook_lock_on,capture_hook_lock_on,7,23,0.6,4.71238898038469,11.0,27.9,SUCCESS,True,0.86,0.88,False,2.9750896650945053,5.53965957368879,13.400374272874235,25.890364808474068,0.14813899124222918,C2,0.022967906216279674,5.507710320980909,1250
O24-N00-free_field,free_field,0,24,0.6,5.497787143782138,11.424264068711928,28.075735931288072,SUCCESS,True,1.74,1.8,False,0.0,0.0,13.287684775980393,25.8229860508776,0.2764266494649234,C2,0.013708777251897637,5.620917471759357,1250
O24-N00-minimal_control,minimal_control,0,24,0.6,5.497787143782138,11.424264068711928,28.075735931288072,SUCCESS,True,1.5,1.56,False,0.40000000000000324,2.0000000000000013,13.287684775980486,25.822986050877656,0.2764266494648161,C2,0.060560708398467514,5.661818121386536,1250
O24-N00-capture_hook_lock_off,capture_hook_lock_off,0,24,0.6,5.497787143782138,11.424264068711928,28.075735931288072,SUCCESS,True,0.84,0.86,False,2.2536023986483986,1.3696688154927832,13.287684775980352,25.82298605087755,0.27642664946498663,C2,0.005198832883194117,5.531313212476148,1250
O24-N00-capture_hook_lock_on,capture_hook_lock_on,0,24,0.6,5.497787143782138,11.424264068711928,28.075735931288072,SUCCESS,True,0.84,0.86,False,2.971064348175672,5.489313224447524,13.392076057987238,25.89308538948259,0.15191547387170182,C2,0.002517219124192582,5.489632313060412,1250
O24-N01-free_field,free_field,1,24,0.6,5.497787143782138,11.424264068711928,28.075735931288072,SUCCESS,True,1.72,1.76,False,0.0,0.0,13.299284593025757,25.819611145567357,0.2698644352269437,C2,0.004885485778401552,5.54995586966936,1250
O24-N01-minimal_control,minimal_control,1,24,0.6,5.497787143782138,11.424264068711928,28.075735931288072,SUCCESS,True,1.48,1.52,False,0.40000000000000324,2.0000000000000013,13.299284593025881,25.819611145567496,0.2698644352267586,C2,0.06363855871468381,5.594454572607826,1250
O24-N01-capture_hook_lock_off,capture_hook_lock_off,1,24,0.6,5.497787143782138,11.424264068711928,28.075735931288072,SUCCESS,True,0.84,0.86,False,2.2726288997616693,1.374948282589119,13.299284593025757,25.819611145567357,0.2698644352269437,C2,0.01166473231818438,5.480908872041184,1250
O24-N01-capture_hook_lock_on,capture_hook_lock_on,1,24,0.6,5.497787143782138,11.424264068711928,28.075735931288072,SUCCESS,True,0.84,0.86,False,2.986938179861841,5.4905408887666285,13.40049335930213,25.88828603900535,0.14960474799981763,C2,0.005855617692322423,5.425442545180028,1250
O24-N02-free_field,free_field,2,24,0.6,5.497787143782138,11.424264068711928,28.075735931288072,SUCCESS,True,1.76,1.82,False,0.0,0.0,13.305270064386091,25.821442117676348,0.264201940121764,C2,0.01095391449077504,5.636231942379521,1250
O24-N02-minimal_control,minimal_control,2,24,0.6,5.497787143782138,11.424264068711928,28.075735931288072,SUCCESS,True,1.52,1.56,False,0.40000000000000324,2.0000000000000013,13.305270064386189,25.82144211767648,0.2642019401216032,C2,0.06151942897100112,5.671258975097607,1250
O24-N02-capture_hook_lock_off,capture_hook_lock_off,2,24,0.6,5.497787143782138,11.424264068711928,28.075735931288072,SUCCESS,True,0.86,0.86,False,2.2390176316846464,1.3656094000897006,13.305270064386102,25.821442117676384,0.2642019401217322,C2,0.0069889642340008225,5.539857429211062,1250
O24-N02-capture_hook_lock_on,capture_hook_lock_on,2,24,0.6,5.497787143782138,11.424264068711928,28.075735931288072,SUCCESS,True,0.86,0.86,False,2.9674615145848957,5.517433391600735,13.407656428372242,25.891598850094184,0.14240135014062952,C2,0.004352155889702409,5.487049805575338,1250
O24-N03-free_field,free_field,3,24,0.6,5.497787143782138,11.424264068711928,28.075735931288072,SUCCESS,True,1.72,1.78,False,0.0,0.0,13.300422314955199,25.822143104148708,0.26732812753187635,C2,0.006741095274628682,5.590166595178749,1250
O24-N03-minimal_control,minimal_control,3,24,0.6,5.497787143782138,11.424264068711928,28.075735931288072,SUCCESS,True,1.5,1.54,False,0.40000000000000324,2.0000000000000013,13.300422314955243,25.82214310414877,0.267328127531803,C2,0.06092463719213496,5.630760733503042,1250
O24-N03-capture_hook_lock_off,capture_hook_lock_off,3,24,0.6,5.497787143782138,11.424264068711928,28.075735931288072,SUCCESS,True,0.84,0.86,False,2.264000003569139,1.372593491575207,13.300422314955199,25.822143104148708,0.26732812753187635,C2,0.004069663260519847,5.513640974449806,1250
O24-N03-capture_hook_lock_on,capture_hook_lock_on,3,24,0.6,5.497787143782138,11.424264068711928,28.075735931288072,SUCCESS,True,0.84,0.86,False,2.992125977837831,5.5264509180482255,13.401850980956153,25.88905550784454,0.14812801989800103,C2,0.004357465589248396,5.457964825754269,1250
O24-N04-free_field,free_field,4,24,0.6,5.497787143782138,11.424264068711928,28.075735931288072,SUCCESS,True,1.74,1.8,False,0.0,0.0,13.299044426150436,25.83121927008776,0.2624310908618026,C2,0.0043080347068814966,5.564102349593575,1250
O24-N04-minimal_control,minimal_control,4,24,0.6,5.497787143782138,11.424264068711928,28.075735931288072,SUCCESS,True,1.52,1.56,False,0.40000000000000324,2.0000000000000013,13.299044426150529,25.831219270087836,0.26243109086168387,C2,0.06486073954512202,5.6097353710840645,1250
O24-N04-capture_hook_lock_off,capture_hook_lock_off,4,24,0.6,5.497787143782138,11.424264068711928,28.075735931288072,SUCCESS,True,0.84,0.86,False,2.2595678800517516,1.3712614609850857,13.299044426150436,25.83121927008776,0.2624310908618026,C2,0.007915792243127339,5.480593244649472,1250
O24-N04-capture_hook_lock_on,capture_hook_lock_on,4,24,0.6,5.497787143782138,11.424264068711928,28.075735931288072,SUCCESS,True,0.84,0.86,False,2.9766932346051425,5.491165188130599,13.39643197844338,25.896588168673905,0.14635689921342773,C2,0.004502265831628102,5.4371852287869356,1250
O24-N05-free_field,free_field,5,24,0.6,5.497787143782138,11.424264068711928,28.075735931288072,SUCCESS,True,1.74,1.78,False,0.0,0.0,13.29453220084524,25.817139533961964,0.275054479202119,C2,0.01857444771251662,5.612636831103963,1250
O24-N05-minimal_control,minimal_control,5,24,0.6,5.497787143782138,11.424264068711928,28.075735931288072,SUCCESS,True,1.5,1.54,False,0.40000000000000324,2.0000000000000013,13.294532200845321,25.81713953396208,0.27505447920198006,C2,0.07233615698856113,5.655405527522484,1250
O24-N05-capture_hook_lock_off,capture_hook_lock_off,5,24,0.6,5.497787143782138,11.424264068711928,28.075735931288072,SUCCESS,True,0.84,0.86,False,2.254466225555215,1.3698435832162321,13.294532200845206,25.817139533961925,0.27505447920217024,C2,0.013546374201132885,5.516165290520981,1250
O24-N05-capture_hook_lock_on,capture_hook_lock_on,5,24,0.6,5.497787143782138,11.424264068711928,28.075735931288072,SUCCESS,True,0.84,0.86,False,2.9891059265543114,5.540055685062933,13.395021664941968,25.88969167035067,0.15227730763834135,C2,0.006203810211014054,5.456430775681873,1250
O24-N06-free_field,free_field,6,24,0.6,5.497787143782138,11.424264068711928,28.075735931288072,SUCCESS,True,1.72,1.76,False,0.0,0.0,13.310474702225251,25.82154925050298,0.26031617024813414,C2,0.0065089686618086924,5.629180428056867,1250
O24-N06-minimal_control,minimal_control,6,24,0.6,5.497787143782138,11.424264068711928,28.075735931288072,SUCCESS,True,1.5,1.54,False,0.40000000000000324,2.0000000000000013,13.310474702225273,25.82154925050307,0.26031617024805526,C2,0.06910844137747961,5.665059111558475,1250
O24-N06-capture_hook_lock_off,capture_hook_lock_off,6,24,0.6,5.497787143782138,11.424264068711928,28.075735931288072,SUCCESS,True,0.84,0.86,False,2.267892173578797,1.3737981191278443,13.310474702225251,25.82154925050298,0.26031617024813414,C2,0.02042983365183349,5.546700157787064,1250
O24-N06-capture_hook_lock_on,capture_hook_lock_on,6,24,0.6,5.497787143782138,11.424264068711928,28.075735931288072,SUCCESS,True,0.84,0.86,False,2.9913107374954864,5.5136705197343145,13.409814605885478,25.889944517633833,0.14228708483359098,C2,0.014491484756962571,5.4965033874690326,1250
O24-N07-free_field,free_field,7,24,0.6,5.497787143782138,11.424264068711928,28.075735931288072,SUCCESS,True,1.74,1.78,False,0.0,0.0,13.304410158146862,25.824755534907275,0.26261380158280107,C2,0.010966375638584372,5.595632022382534,1250
O24-N07-minimal_control,minimal_control,7,24,0.6,5.497787143782138,11.424264068711928,28.075735931288072,SUCCESS,True,1.5,1.54,False,0.40000000000000324,2.0000000000000013,13.304410158146919,25.824755534907375,0.2626138015826923,C2,0.06911129117671161,5.640905389992114,1250
O24-N07-capture_hook_lock_off,capture_hook_lock_off,7,24,0.6,5.497787143782138,11.424264068711928,28.075735931288072,SUCCESS,True,0.84,0.86,False,2.26351600057684,1.3723616395739793,13.304410158146862,25.824755534907275,0.26261380158280107,C2,0.006756248438951225,5.507052949611204,1250
O24-N07-capture_hook_lock_on,capture_hook_lock_on,7,24,0.6,5.497787143782138,11.424264068711928,28.075735931288072,SUCCESS,True,0.84,0.86,False,3.000850051933468,5.5501563054815035,13.405131587702337,25.890636333252743,0.14477716413952965,C2,0.0032125043459466057,5.457132316572133,1250
