html_id,constellation_ids,routing_basis,family_id,family_label,source_zone,path,extension,bytes,modified_at,title,series_key,series_size,sha256,exact_duplicate_group,exact_duplicate_count,feature_tags,linked_3d_references,candidate_class,review_score,review_disposition,claim_status,next_action
HTML-0637,C-01,PATH_HEURISTIC,UNBOUND,🧿🧿The ÀU-NÁ-HÊ-TI Core Geometry Visualization,OTHER,[local path omitted in public preview]
HTML-0638,C-01,PATH_HEURISTIC,UNBOUND,🧿🧿The ÀU-NÁ-HÊ-TI Core Geometry Visualization,OTHER,[local path omitted in public preview]
HTML-0174,C-01,PATH_HEURISTIC,UNBOUND,NEXAH_ROOT7_EULER_MIRROR_CONCORDANCE_INTAKE_2026-09-28,CURRENT_SCIENCE_LAB,[local path omitted in public preview]
HTML-0296,C-01,EXPLICIT_FAMILY_MAP,FAM-001,MASTER_rootroom_numbermagic_toe,HISTORICAL_STAGING,[local path omitted in public preview]
HTML-0297,C-01,EXPLICIT_FAMILY_MAP,FAM-001,MASTER_rootroom_numbermagic_toe,HISTORICAL_STAGING,[local path omitted in public preview]
HTML-0289,C-01,EXPLICIT_FAMILY_MAP,FAM-001,MASTER_rootroom_numbermagic_toe,HISTORICAL_STAGING,[local path omitted in public preview]
HTML-0290,C-01,EXPLICIT_FAMILY_MAP,FAM-001,MASTER_rootroom_numbermagic_toe,HISTORICAL_STAGING,[local path omitted in public preview]
HTML-0175,C-01,PATH_HEURISTIC,UNBOUND,NEXAH_ROOT7_EULER_MIRROR_CONCORDANCE_INTAKE_2026-09-28,CURRENT_SCIENCE_LAB,[local path omitted in public preview]
HTML-0298,C-01,EXPLICIT_FAMILY_MAP,FAM-001,MASTER_rootroom_numbermagic_toe,HISTORICAL_STAGING,[local path omitted in public preview]
HTML-0354,C-01,PATH_HEURISTIC,FAM-009,⚙️ URQUEST · Universal Machine Build Briefing,HISTORICAL_STAGING,[local path omitted in public preview]
HTML-0355,C-01,PATH_HEURISTIC,FAM-009,⚙️ URQUEST · Universal Machine Build Briefing,HISTORICAL_STAGING,[local path omitted in public preview]
HTML-0291,C-01,EXPLICIT_FAMILY_MAP,FAM-001,MASTER_rootroom_numbermagic_toe,HISTORICAL_STAGING,[local path omitted in public preview]".glb,.gltf|prime_engine_wheel_cube_euler.glb",HTML5_3D_BRIDGE_CANDIDATE,18,STANDALONE_ENTRY_CANDIDATE,HISTORICAL_VISUAL_OR_MECHANISM_SURFACE_UNVALIDATED,PLAYBACK_ONLY_ON_CURRENT_DEMAND
HTML-0321,C-01,EXPLICIT_FAMILY_MAP,FAM-010,ROOT ZETA CODEX_bis lroot_zeta_q-space_protoncloc_final_ring,HISTORICAL_STAGING,[local path omitted in public preview]
HTML-0322,C-01,EXPLICIT_FAMILY_MAP,FAM-010,ROOT ZETA CODEX_bis lroot_zeta_q-space_protoncloc_final_ring,HISTORICAL_STAGING,[local path omitted in public preview]
HTML-0323,C-01,EXPLICIT_FAMILY_MAP,FAM-010,ROOT ZETA CODEX_bis lroot_zeta_q-space_protoncloc_final_ring,HISTORICAL_STAGING,[local path omitted in public preview]
HTML-0639,C-01,PATH_HEURISTIC,UNBOUND,🧿🧿The ÀU-NÁ-HÊ-TI Core Geometry Visualization,OTHER,[local path omitted in public preview]
HTML-0640,C-01,PATH_HEURISTIC,UNBOUND,🧿🧿The ÀU-NÁ-HÊ-TI Core Geometry Visualization,OTHER,[local path omitted in public preview]
HTML-0324,C-01,EXPLICIT_FAMILY_MAP,FAM-010,ROOT ZETA CODEX_bis lroot_zeta_q-space_protoncloc_final_ring,HISTORICAL_STAGING,[local path omitted in public preview]
HTML-0325,C-01,EXPLICIT_FAMILY_MAP,FAM-010,ROOT ZETA CODEX_bis lroot_zeta_q-space_protoncloc_final_ring,HISTORICAL_STAGING,[local path omitted in public preview]
HTML-0327,C-01,EXPLICIT_FAMILY_MAP,FAM-010,ROOT ZETA CODEX_bis lroot_zeta_q-space_protoncloc_final_ring,HISTORICAL_STAGING,[local path omitted in public preview]
HTML-0328,C-01,EXPLICIT_FAMILY_MAP,FAM-010,ROOT ZETA CODEX_bis lroot_zeta_q-space_protoncloc_final_ring,HISTORICAL_STAGING,[local path omitted in public preview]
HTML-0326,C-01,EXPLICIT_FAMILY_MAP,FAM-010,ROOT ZETA CODEX_bis lroot_zeta_q-space_protoncloc_final_ring,HISTORICAL_STAGING,[local path omitted in public preview]
HTML-0002,C-01,PATH_HEURISTIC,UNBOUND,SYSTEM_1_MATHEMATICA / RIEMANN · EULER · RAMANUJAN,CODEX_REPOSITORY,[local path omitted in public preview]
HTML-0302,C-01,PATH_HEURISTIC,UNBOUND,NEXAHEDRON ANIMA MUNDI,HISTORICAL_STAGING,[local path omitted in public preview]
HTML-0335,C-01,EXPLICIT_FAMILY_MAP,FAM-017,ROOTROOM X Q_ALL _ Splinter_zeta_ijkmwampmvm_ NTOE_DONE,HISTORICAL_STAGING,[local path omitted in public preview]
HTML-0329,C-01,EXPLICIT_FAMILY_MAP,FAM-010,ROOT ZETA CODEX_bis lroot_zeta_q-space_protoncloc_final_ring,HISTORICAL_STAGING,[local path omitted in public preview]
HTML-0330,C-01,EXPLICIT_FAMILY_MAP,FAM-010,ROOT ZETA CODEX_bis lroot_zeta_q-space_protoncloc_final_ring,HISTORICAL_STAGING,[local path omitted in public preview]
HTML-0331,C-01,EXPLICIT_FAMILY_MAP,FAM-010,ROOT ZETA CODEX_bis lroot_zeta_q-space_protoncloc_final_ring,HISTORICAL_STAGING,[local path omitted in public preview]
HTML-0332,C-01,EXPLICIT_FAMILY_MAP,FAM-010,ROOT ZETA CODEX_bis lroot_zeta_q-space_protoncloc_final_ring,HISTORICAL_STAGING,[local path omitted in public preview]
HTML-0333,C-01,EXPLICIT_FAMILY_MAP,FAM-010,ROOT ZETA CODEX_bis lroot_zeta_q-space_protoncloc_final_ring,HISTORICAL_STAGING,[local path omitted in public preview]
HTML-0334,C-01,EXPLICIT_FAMILY_MAP,FAM-010,ROOT ZETA CODEX_bis lroot_zeta_q-space_protoncloc_final_ring,HISTORICAL_STAGING,[local path omitted in public preview]
HTML-0294,C-01,EXPLICIT_FAMILY_MAP,FAM-001,MASTER_rootroom_numbermagic_toe,HISTORICAL_STAGING,[local path omitted in public preview]
HTML-0295,C-01,EXPLICIT_FAMILY_MAP,FAM-001,MASTER_rootroom_numbermagic_toe,HISTORICAL_STAGING,[local path omitted in public preview]
HTML-0292,C-01,EXPLICIT_FAMILY_MAP,FAM-001,MASTER_rootroom_numbermagic_toe,HISTORICAL_STAGING,[local path omitted in public preview]
HTML-0293,C-01,EXPLICIT_FAMILY_MAP,FAM-001,MASTER_rootroom_numbermagic_toe,HISTORICAL_STAGING,[local path omitted in public preview]
HTML-0001,C-02,EXPLICIT_FAMILY_MAP,FAM-014,SYSTEM_1_MATHEMATICA / HERMETIC_PYTHAGORAS_Model,CODEX_REPOSITORY,[local path omitted in public preview]
HTML-0402,C-02,EXPLICIT_FAMILY_MAP,FAM-004,📐 GEOMETRIA NOVA - Euklides_Pythagoras_RA:TH_ V-XX-V,HISTORICAL_STAGING,"[local path omitted in public preview]",html,4866,2025-09-14T17:19:04+02:00,Blue Pearl – Multi-GLB Viewer,blue-pearl-multi-glb-viewer,2,bcf6a2899f9aafb1dd423a7a8d885ef6d9c39abc5644498722d4c08586aefee6,HTML-DUP-068,2,threejs|webgl|canvas|animation-loop|range-control,THREE.GLTFLoader();,HTML5_3D_BRIDGE_CANDIDATE,11,EXACT_COPY_SECONDARY,HISTORICAL_VISUAL_OR_MECHANISM_SURFACE_UNVALIDATED,NO_SEPARATE_CONTENT_REVIEW
HTML-0398,C-02,EXPLICIT_FAMILY_MAP,FAM-004,📐 GEOMETRIA NOVA - Euklides_Pythagoras_RA:TH_ V-XX-V,HISTORICAL_STAGING,"[local path omitted in public preview]",html,3608124,2025-09-22T13:44:29+02:00,,hypercube-diagonal,1,76be384640548736de652d8c20c7934e7fc0382684669b2e0e01f4a07f939b55,,1,webgl|canvas|animation-loop|svg,,HTML5_3D_BRIDGE_CANDIDATE,10,STANDALONE_ENTRY_CANDIDATE,HISTORICAL_VISUAL_OR_MECHANISM_SURFACE_UNVALIDATED,PLAYBACK_ONLY_ON_CURRENT_DEMAND
HTML-0105,C-02,PATH_HEURISTIC,UNBOUND,20 ORION / NEXAH-ORION,CURRENT_ECOSYSTEM,[local path omitted in public preview]
HTML-0535,C-02,PATH_HEURISTIC,UNBOUND,the-cathedral-of-resonance-whiteboard-series,OTHER,[local path omitted in public preview]
HTML-0403,C-02,EXPLICIT_FAMILY_MAP,FAM-004,📐 GEOMETRIA NOVA - Euklides_Pythagoras_RA:TH_ V-XX-V,HISTORICAL_STAGING,[local path omitted in public preview]
HTML-0401,C-02,EXPLICIT_FAMILY_MAP,FAM-004,📐 GEOMETRIA NOVA - Euklides_Pythagoras_RA:TH_ V-XX-V,HISTORICAL_STAGING,"[local path omitted in public preview]",html,3619233,2025-09-22T15:51:33+02:00,,p14-phi-resonance-spiral,1,5e386af27d074836747653d98700d951456b2eab948d7781037713ba22684250,,1,webgl|canvas|animation-loop|svg,,HTML5_3D_BRIDGE_CANDIDATE,8,STANDALONE_ENTRY_CANDIDATE,HISTORICAL_VISUAL_OR_MECHANISM_SURFACE_UNVALIDATED,PLAYBACK_ONLY_ON_CURRENT_DEMAND
HTML-0404,C-02,EXPLICIT_FAMILY_MAP,FAM-004,📐 GEOMETRIA NOVA - Euklides_Pythagoras_RA:TH_ V-XX-V,HISTORICAL_STAGING,[local path omitted in public preview]
HTML-0405,C-02,EXPLICIT_FAMILY_MAP,FAM-004,📐 GEOMETRIA NOVA - Euklides_Pythagoras_RA:TH_ V-XX-V,HISTORICAL_STAGING,[local path omitted in public preview]
HTML-0406,C-02,EXPLICIT_FAMILY_MAP,FAM-004,📐 GEOMETRIA NOVA - Euklides_Pythagoras_RA:TH_ V-XX-V,HISTORICAL_STAGING,[local path omitted in public preview]
HTML-0407,C-02,EXPLICIT_FAMILY_MAP,FAM-004,📐 GEOMETRIA NOVA - Euklides_Pythagoras_RA:TH_ V-XX-V,HISTORICAL_STAGING,[local path omitted in public preview]
HTML-0408,C-02,EXPLICIT_FAMILY_MAP,FAM-004,📐 GEOMETRIA NOVA - Euklides_Pythagoras_RA:TH_ V-XX-V,HISTORICAL_STAGING,[local path omitted in public preview]
HTML-0399,C-02,EXPLICIT_FAMILY_MAP,FAM-004,📐 GEOMETRIA NOVA - Euklides_Pythagoras_RA:TH_ V-XX-V,HISTORICAL_STAGING,"[local path omitted in public preview]",html,3629694,2025-09-22T13:44:26+02:00,,sphere-layering,1,8a29c4c2d705374a4514a6b24e9abe14354e909539d8081c5712e15abff96ae3,,1,webgl|canvas|animation-loop|svg,,HTML5_3D_BRIDGE_CANDIDATE,10,STANDALONE_ENTRY_CANDIDATE,HISTORICAL_VISUAL_OR_MECHANISM_SURFACE_UNVALIDATED,PLAYBACK_ONLY_ON_CURRENT_DEMAND
HTML-0400,C-02,EXPLICIT_FAMILY_MAP,FAM-004,📐 GEOMETRIA NOVA - Euklides_Pythagoras_RA:TH_ V-XX-V,HISTORICAL_STAGING,"[local path omitted in public preview]",html,3607745,2025-09-22T13:44:24+02:00,,tetrahedron-volume,1,18a5b9defe1088462fbf6ab36431fc6eb4a1bc7b511b74b5a38f751b0c9354ea,,1,webgl|canvas|animation-loop|svg,,HTML5_3D_BRIDGE_CANDIDATE,10,STANDALONE_ENTRY_CANDIDATE,HISTORICAL_VISUAL_OR_MECHANISM_SURFACE_UNVALIDATED,PLAYBACK_ONLY_ON_CURRENT_DEMAND
HTML-0213,C-02|C-08,EXPLICIT_FAMILY_MAP,FAM-011,GITHUB_SCIENCE_PRESS_RELEASES_Communication System Y,HISTORICAL_1033_RELEASE,[local path omitted in public preview]
HTML-0214,C-02|C-08,EXPLICIT_FAMILY_MAP,FAM-011,GITHUB_SCIENCE_PRESS_RELEASES_Communication System Y,HISTORICAL_1033_RELEASE,[local path omitted in public preview]
HTML-0212,C-02|C-08,EXPLICIT_FAMILY_MAP,FAM-011,GITHUB_SCIENCE_PRESS_RELEASES_Communication System Y,HISTORICAL_1033_RELEASE,[local path omitted in public preview]
HTML-0215,C-02|C-08,EXPLICIT_FAMILY_MAP,FAM-011,GITHUB_SCIENCE_PRESS_RELEASES_Communication System Y,HISTORICAL_1033_RELEASE,[local path omitted in public preview]
HTML-0216,C-02|C-08,EXPLICIT_FAMILY_MAP,FAM-011,GITHUB_SCIENCE_PRESS_RELEASES_Communication System Y,HISTORICAL_1033_RELEASE,[local path omitted in public preview]
HTML-0352,C-03,EXPLICIT_FAMILY_MAP,FAM-006,⚙️ Universal Clockwork,HISTORICAL_STAGING,[local path omitted in public preview]
HTML-0350,C-03,EXPLICIT_FAMILY_MAP,FAM-006,⚙️ Universal Clockwork,HISTORICAL_STAGING,[local path omitted in public preview]
HTML-0353,C-03,EXPLICIT_FAMILY_MAP,FAM-006,⚙️ Universal Clockwork,HISTORICAL_STAGING,[local path omitted in public preview]
HTML-0351,C-03,EXPLICIT_FAMILY_MAP,FAM-006,⚙️ Universal Clockwork,HISTORICAL_STAGING,[local path omitted in public preview]
HTML-0349,C-03,EXPLICIT_FAMILY_MAP,FAM-027,☆☆☆ Quantum Grid Odyssey — Θ Ignition,HISTORICAL_STAGING,[local path omitted in public preview]
HTML-0372,C-04,EXPLICIT_FAMILY_MAP,FAM-016,🀆 BLACK Mirror_🌍BLUE Pearl_ATLAS III Time Bridge,HISTORICAL_STAGING,[local path omitted in public preview]
HTML-0373,C-04,EXPLICIT_FAMILY_MAP,FAM-016,🀆 BLACK Mirror_🌍BLUE Pearl_ATLAS III Time Bridge,HISTORICAL_STAGING,[local path omitted in public preview]
HTML-0374,C-04,EXPLICIT_FAMILY_MAP,FAM-016,🀆 BLACK Mirror_🌍BLUE Pearl_ATLAS III Time Bridge,HISTORICAL_STAGING,[local path omitted in public preview]
HTML-0375,C-04,EXPLICIT_FAMILY_MAP,FAM-016,🀆 BLACK Mirror_🌍BLUE Pearl_ATLAS III Time Bridge,HISTORICAL_STAGING,[local path omitted in public preview]
HTML-0342,C-04,EXPLICIT_FAMILY_MAP,FAM-008,"Δ-Atlas BRIDGE_ and the Wheel (π²φ, e^φ)",HISTORICAL_STAGING,"[local path omitted in public preview]",html,5099,2025-09-08T23:59:25+02:00,Earth Bridge Exploded Loader,bridge-exploded-loader,1,e3a1efd83a37db73d51e7147f76fa5e6b4aac786de2ed697aba17ce95452600d,,1,threejs|webgl|animation-loop|3d-reference|es-module,bridge_preset_EXPL.glb,HTML5_3D_BRIDGE_CANDIDATE,13,STANDALONE_ENTRY_CANDIDATE,HISTORICAL_VISUAL_OR_MECHANISM_SURFACE_UNVALIDATED,PLAYBACK_ONLY_ON_CURRENT_DEMAND
HTML-0343,C-04,EXPLICIT_FAMILY_MAP,FAM-008,"Δ-Atlas BRIDGE_ and the Wheel (π²φ, e^φ)",HISTORICAL_STAGING,"[local path omitted in public preview]",html,8310,2025-09-09T01:04:12+02:00,Bridge Loop Viewer (GLB/PLY),bridge-loop-viewer,1,7f3c4f738ddab96f25fe367646caf7a84c19c553ce2715e2587c3819a711a45d,,1,threejs|webgl|canvas|animation-loop|es-module,"loaders.glb.load(url,",HTML5_3D_BRIDGE_CANDIDATE,15,STANDALONE_ENTRY_CANDIDATE,HISTORICAL_VISUAL_OR_MECHANISM_SURFACE_UNVALIDATED,PLAYBACK_ONLY_ON_CURRENT_DEMAND
HTML-0619,C-04,PATH_HEURISTIC,UNBOUND,🟡 FADEN III ULLINIRISCHE GESCHICHTE & KOSMISCHE HERKUNFT,OTHER,[local path omitted in public preview]
HTML-0367,C-04,EXPLICIT_FAMILY_MAP,FAM-025,䷬ The-ETHERMODEL _and the DELTA WHEEL - ThetaTaoDaoIota_,HISTORICAL_STAGING,[local path omitted in public preview]
HTML-0368,C-04,EXPLICIT_FAMILY_MAP,FAM-025,䷬ The-ETHERMODEL _and the DELTA WHEEL - ThetaTaoDaoIota_,HISTORICAL_STAGING,[local path omitted in public preview]
HTML-0369,C-04,EXPLICIT_FAMILY_MAP,FAM-025,䷬ The-ETHERMODEL _and the DELTA WHEEL - ThetaTaoDaoIota_,HISTORICAL_STAGING,[local path omitted in public preview]
HTML-0376,C-04,EXPLICIT_FAMILY_MAP,FAM-016,🀆 BLACK Mirror_🌍BLUE Pearl_ATLAS III Time Bridge,HISTORICAL_STAGING,[local path omitted in public preview]
HTML-0069,C-04,PATH_HEURISTIC,UNBOUND,20 ORION / NEXAH-ORION,CURRENT_ECOSYSTEM,[local path omitted in public preview]
HTML-0070,C-04,PATH_HEURISTIC,UNBOUND,20 ORION / NEXAH-ORION,CURRENT_ECOSYSTEM,[local path omitted in public preview]
HTML-0071,C-04,PATH_HEURISTIC,UNBOUND,20 ORION / NEXAH-ORION,CURRENT_ECOSYSTEM,[local path omitted in public preview]
HTML-0072,C-04,PATH_HEURISTIC,UNBOUND,20 ORION / NEXAH-ORION,CURRENT_ECOSYSTEM,[local path omitted in public preview]
HTML-0073,C-04,PATH_HEURISTIC,UNBOUND,20 ORION / NEXAH-ORION,CURRENT_ECOSYSTEM,[local path omitted in public preview]
HTML-0074,C-04,PATH_HEURISTIC,UNBOUND,20 ORION / NEXAH-ORION,CURRENT_ECOSYSTEM,[local path omitted in public preview]
HTML-0075,C-04,PATH_HEURISTIC,UNBOUND,20 ORION / NEXAH-ORION,CURRENT_ECOSYSTEM,[local path omitted in public preview]
HTML-0076,C-04,PATH_HEURISTIC,UNBOUND,20 ORION / NEXAH-ORION,CURRENT_ECOSYSTEM,[local path omitted in public preview]
HTML-0097,C-04,PATH_HEURISTIC,UNBOUND,20 ORION / NEXAH-ORION,CURRENT_ECOSYSTEM,[local path omitted in public preview]
HTML-0098,C-04,PATH_HEURISTIC,UNBOUND,20 ORION / NEXAH-ORION,CURRENT_ECOSYSTEM,[local path omitted in public preview]
HTML-0099,C-04,PATH_HEURISTIC,UNBOUND,20 ORION / NEXAH-ORION,CURRENT_ECOSYSTEM,[local path omitted in public preview]
HTML-0100,C-04,PATH_HEURISTIC,UNBOUND,20 ORION / NEXAH-ORION,CURRENT_ECOSYSTEM,[local path omitted in public preview]
HTML-0104,C-04,PATH_HEURISTIC,UNBOUND,20 ORION / NEXAH-ORION,CURRENT_ECOSYSTEM,[local path omitted in public preview]
HTML-0483,C-04,PATH_HEURISTIC,UNBOUND,cognitive-orientation-field,OTHER,[local path omitted in public preview]
HTML-0484,C-04,PATH_HEURISTIC,UNBOUND,cosmic-orientation-field,OTHER,[local path omitted in public preview]
HTML-0485,C-04,PATH_HEURISTIC,UNBOUND,cultural-orientation-field,OTHER,[local path omitted in public preview]
HTML-0512,C-04,PATH_HEURISTIC,UNBOUND,human-orientation-field,OTHER,[local path omitted in public preview]
HTML-0517,C-04,PATH_HEURISTIC,UNBOUND,mathematical-orientation-field,OTHER,[local path omitted in public preview]
HTML-0518,C-04,PATH_HEURISTIC,UNBOUND,microscopic-orientation-field,OTHER,[local path omitted in public preview]
HTML-0519,C-04,PATH_HEURISTIC,UNBOUND,navigate,OTHER,[local path omitted in public preview]
HTML-0497,C-04,PATH_HEURISTIC,UNBOUND,field,OTHER,[local path omitted in public preview]
HTML-0498,C-04,PATH_HEURISTIC,UNBOUND,field-atlas-i-water,OTHER,[local path omitted in public preview]
HTML-0499,C-04,PATH_HEURISTIC,UNBOUND,field-atlas-ii-the-architecture-of-agency,OTHER,[local path omitted in public preview]
HTML-0500,C-04,PATH_HEURISTIC,UNBOUND,field-atlas-iii-morphology,OTHER,[local path omitted in public preview]
HTML-0516,C-04,PATH_HEURISTIC,UNBOUND,map-atlas-a-visual-history-of-human-orientation,OTHER,[local path omitted in public preview]
HTML-0523,C-04,PATH_HEURISTIC,UNBOUND,odyssee-2040-the-return-atlas,OTHER,[local path omitted in public preview]
HTML-0377,C-04,EXPLICIT_FAMILY_MAP,FAM-016,🀆 BLACK Mirror_🌍BLUE Pearl_ATLAS III Time Bridge,HISTORICAL_STAGING,[local path omitted in public preview]
HTML-0304,C-04,PATH_HEURISTIC,UNBOUND,Quaternion Matroyschka BOLAs and II Belts + Arrokoth,HISTORICAL_STAGING,[local path omitted in public preview]
HTML-0344,C-04,EXPLICIT_FAMILY_MAP,FAM-008,"Δ-Atlas BRIDGE_ and the Wheel (π²φ, e^φ)",HISTORICAL_STAGING,"[local path omitted in public preview]",html,2687,2025-09-09T01:00:03+02:00,Bridge Loop Driver,loop-driver,1,50d295fa5ed5254f752cb8e7cbf4f9682cfb88bc4d3be530d3d98b9dd509deb1,,1,threejs|webgl|animation-loop|3d-reference|es-module,bridge_preset_EXPL.glb,HTML5_3D_BRIDGE_CANDIDATE,13,STANDALONE_ENTRY_CANDIDATE,HISTORICAL_VISUAL_OR_MECHANISM_SURFACE_UNVALIDATED,PLAYBACK_ONLY_ON_CURRENT_DEMAND
HTML-0378,C-04,EXPLICIT_FAMILY_MAP,FAM-016,🀆 BLACK Mirror_🌍BLUE Pearl_ATLAS III Time Bridge,HISTORICAL_STAGING,[local path omitted in public preview]
HTML-0494,C-04,PATH_HEURISTIC,UNBOUND,"Explanation Celestial objects, quazars, black, white holes, stars...",OTHER,"[local path omitted in public preview]",html,4596310,2025-05-10T17:26:48+02:00,plotly-logomark,observer-perspective-white-black-center,2,86200aac4e4e3a7f07f596c8b6cde3ab5bb5355dc51383e53b84fea3c7b0af0e,,1,webgl|canvas|animation-loop|svg,,HTML5_3D_BRIDGE_CANDIDATE,5,SERIES_SECONDARY,HISTORICAL_VISUAL_OR_MECHANISM_SURFACE_UNVALIDATED,PRESERVE_PROVENANCE_NO_DEFAULT_REVIEW
HTML-0370,C-04,EXPLICIT_FAMILY_MAP,FAM-025,䷬ The-ETHERMODEL _and the DELTA WHEEL - ThetaTaoDaoIota_,HISTORICAL_STAGING,[local path omitted in public preview]
HTML-0315,C-04,PATH_HEURISTIC,UNBOUND,Quaternion Matroyschka BOLAs and II Belts + Arrokoth,HISTORICAL_STAGING,[local path omitted in public preview]
HTML-0379,C-04,EXPLICIT_FAMILY_MAP,FAM-016,🀆 BLACK Mirror_🌍BLUE Pearl_ATLAS III Time Bridge,HISTORICAL_STAGING,[local path omitted in public preview]
HTML-0495,C-04,PATH_HEURISTIC,UNBOUND,"Explanation Celestial objects, quazars, black, white holes, stars...",OTHER,"[local path omitted in public preview]",html,4611889,2025-05-10T17:30:35+02:00,plotly-logomark,rotating-observer-tunnel,1,88dc875c01489c3b12918711cfd6f7923ed2ed6f51617c24594e7ee640a2240c,,1,webgl|canvas|animation-loop|svg,,HTML5_3D_BRIDGE_CANDIDATE,5,STANDALONE_ENTRY_CANDIDATE,HISTORICAL_VISUAL_OR_MECHANISM_SURFACE_UNVALIDATED,PLAYBACK_ONLY_ON_CURRENT_DEMAND
HTML-0371,C-04,EXPLICIT_FAMILY_MAP,FAM-025,䷬ The-ETHERMODEL _and the DELTA WHEEL - ThetaTaoDaoIota_,HISTORICAL_STAGING,[local path omitted in public preview]
HTML-0316,C-04,PATH_HEURISTIC,UNBOUND,Quaternion Matroyschka BOLAs and II Belts + Arrokoth,HISTORICAL_STAGING,[local path omitted in public preview]
HTML-0601,C-04,PATH_HEURISTIC,UNBOUND,🔋🧿 “Tachyon-Batterie & Spiralraum – Die Erith Resonanzfelder”,OTHER,[local path omitted in public preview]
HTML-0166,C-04,PATH_HEURISTIC,UNBOUND,NEXAH_HTML_ORIENTATION_DEMONSTRATOR_SERIES,CURRENT_SCIENCE_LAB,[local path omitted in public preview]
HTML-0346,C-04,EXPLICIT_FAMILY_MAP,FAM-008,"Δ-Atlas BRIDGE_ and the Wheel (π²φ, e^φ)",HISTORICAL_STAGING,"[local path omitted in public preview]",html,3724,2025-09-09T05:01:37+02:00,Tri-Entanglement — Viewer V2,trientanglement-viewer,2,80b076f01f3d2002b17281cd30a31eae62461a0bf40c0d52ac702d3ae845457a,,1,threejs|webgl|canvas|animation-loop|3d-reference|es-module,instanced_icospheres.gltf,HTML5_3D_BRIDGE_CANDIDATE,15,SERIES_ENTRY_CANDIDATE,HISTORICAL_VISUAL_OR_MECHANISM_SURFACE_UNVALIDATED,PLAYBACK_ONLY_ON_CURRENT_DEMAND
HTML-0345,C-04,EXPLICIT_FAMILY_MAP,FAM-008,"Δ-Atlas BRIDGE_ and the Wheel (π²φ, e^φ)",HISTORICAL_STAGING,"[local path omitted in public preview]",html,4057,2025-09-09T04:48:07+02:00,Tri‑Entanglement • Atlas Bridge,trientanglement-viewer,2,34b91a4e8093306ab259549e6c4daf0e647d40c2cff8b2cda20772db82e5725a,,1,threejs|webgl|canvas|animation-loop|es-module,,HTML5_3D_BRIDGE_CANDIDATE,14,SERIES_SECONDARY,HISTORICAL_VISUAL_OR_MECHANISM_SURFACE_UNVALIDATED,PRESERVE_PROVENANCE_NO_DEFAULT_REVIEW
HTML-0336,C-05,EXPLICIT_FAMILY_MAP,FAM-005,THE FIN,HISTORICAL_STAGING,[local path omitted in public preview]
HTML-0270,C-05,EXPLICIT_FAMILY_MAP,FAM-012,GEN-E-SIS,HISTORICAL_STAGING,[local path omitted in public preview]
HTML-0271,C-05,EXPLICIT_FAMILY_MAP,FAM-012,GEN-E-SIS,HISTORICAL_STAGING,[local path omitted in public preview]
HTML-0340,C-05,EXPLICIT_FAMILY_MAP,FAM-005,THE FIN,HISTORICAL_STAGING,[local path omitted in public preview]
HTML-0337,C-05,EXPLICIT_FAMILY_MAP,FAM-005,THE FIN,HISTORICAL_STAGING,[local path omitted in public preview]
HTML-0338,C-05,EXPLICIT_FAMILY_MAP,FAM-005,THE FIN,HISTORICAL_STAGING,[local path omitted in public preview]
HTML-0339,C-05,EXPLICIT_FAMILY_MAP,FAM-005,THE FIN,HISTORICAL_STAGING,[local path omitted in public preview]
HTML-0341,C-05,EXPLICIT_FAMILY_MAP,FAM-005,THE FIN,HISTORICAL_STAGING,[local path omitted in public preview]
HTML-0425,C-05,EXPLICIT_FAMILY_MAP,FAM-022,🪐 Aurora Nexus Thread (111). ⎑⌘ TESSAREC SOLVED ⎑⌘,HISTORICAL_STAGING,[local path omitted in public preview]
HTML-0366,C-06,EXPLICIT_FAMILY_MAP,FAM-020,⚧ Fusion Resonance Codex — Meta Cathedral v3.4 · Atemzyklen 11 (AU–NA–HE–TI : CA–RO–THÉ–MA–NU : CON–DAO),HISTORICAL_STAGING,[local path omitted in public preview]
HTML-0347,C-06,EXPLICIT_FAMILY_MAP,FAM-043,◉ DAO-Fabric-Faden _ ULLINARIUM,HISTORICAL_STAGING,[local path omitted in public preview]
HTML-0348,C-06,EXPLICIT_FAMILY_MAP,FAM-043,◉ DAO-Fabric-Faden _ ULLINARIUM,HISTORICAL_STAGING,[local path omitted in public preview]
HTML-0643,C-07,PATH_HEURISTIC,UNBOUND,🪆🌀Axis Diadem pngs Loop closed html,OTHER,[local path omitted in public preview]
HTML-0475,C-07,PATH_HEURISTIC,UNBOUND,au_na_he_ti_knowledge_map Maps - zzz,OTHER,[local path omitted in public preview]
HTML-0476,C-07,PATH_HEURISTIC,UNBOUND,au_na_he_ti_knowledge_map Maps - zzz,OTHER,[local path omitted in public preview]
HTML-0477,C-07,PATH_HEURISTIC,UNBOUND,au_na_he_ti_knowledge_map Maps - zzz,OTHER,[local path omitted in public preview]
HTML-0478,C-07,PATH_HEURISTIC,UNBOUND,au_na_he_ti_knowledge_map Maps - zzz,OTHER,[local path omitted in public preview]
HTML-0479,C-07,PATH_HEURISTIC,UNBOUND,au_na_he_ti_knowledge_map Maps - zzz,OTHER,[local path omitted in public preview]
HTML-0644,C-07,PATH_HEURISTIC,UNBOUND,🪆🌀Axis Diadem pngs Loop closed html,OTHER,[local path omitted in public preview]
HTML-0642,C-07,PATH_HEURISTIC,UNBOUND,🪆🌀 TRYP Axis Diadem Throne - mp4 wav,OTHER,[local path omitted in public preview]
HTML-0645,C-07,PATH_HEURISTIC,UNBOUND,🪆🌀Axis Diadem pngs Loop closed html,OTHER,[local path omitted in public preview]
HTML-0190,C-07,PATH_HEURISTIC,UNBOUND,THREE_LIFE_SYSTEMS_PLUS_ONE_BINDER_VISUAL_SERIES_2026-08-24,CURRENT_SCIENCE_LAB,[local path omitted in public preview]
HTML-0317,C-07,PATH_HEURISTIC,UNBOUND,Quaternion tripple Matroschka,HISTORICAL_STAGING,[local path omitted in public preview]
HTML-0318,C-07,PATH_HEURISTIC,UNBOUND,Quaternion tripple Matroschka,HISTORICAL_STAGING,[local path omitted in public preview]
HTML-0307,C-07,PATH_HEURISTIC,UNBOUND,Quaternion Matroyschka BOLAs and II Belts + Arrokoth,HISTORICAL_STAGING,[local path omitted in public preview]
HTML-0320,C-07,PATH_HEURISTIC,UNBOUND,Quaternion tripple Matroschka,HISTORICAL_STAGING,[local path omitted in public preview]
HTML-0480,C-07,PATH_HEURISTIC,UNBOUND,au_na_he_ti_knowledge_map Maps - zzz,OTHER,[local path omitted in public preview]
HTML-0364,C-07,EXPLICIT_FAMILY_MAP,FAM-019,⚙️The Infinite Maytroschka – Neon Codex of Resonance,HISTORICAL_STAGING,[local path omitted in public preview]
HTML-0365,C-07,EXPLICIT_FAMILY_MAP,FAM-019,⚙️The Infinite Maytroschka – Neon Codex of Resonance,HISTORICAL_STAGING,[local path omitted in public preview]
HTML-0361,C-07,EXPLICIT_FAMILY_MAP,FAM-019,⚙️The Infinite Maytroschka – Neon Codex of Resonance,HISTORICAL_STAGING,[local path omitted in public preview]
HTML-0362,C-07,EXPLICIT_FAMILY_MAP,FAM-019,⚙️The Infinite Maytroschka – Neon Codex of Resonance,HISTORICAL_STAGING,[local path omitted in public preview]
HTML-0359,C-07,PATH_HEURISTIC,FAM-009,⚙️ URQUEST · Universal Machine Build Briefing,HISTORICAL_STAGING,[local path omitted in public preview]
HTML-0360,C-07,PATH_HEURISTIC,FAM-009,⚙️ URQUEST · Universal Machine Build Briefing,HISTORICAL_STAGING,[local path omitted in public preview]
HTML-0363,C-07,EXPLICIT_FAMILY_MAP,FAM-019,⚙️The Infinite Maytroschka – Neon Codex of Resonance,HISTORICAL_STAGING,[local path omitted in public preview]
HTML-0319,C-07|C-04,PATH_HEURISTIC,UNBOUND,Quaternion tripple Matroschka,HISTORICAL_STAGING,[local path omitted in public preview]
HTML-0253,C-08,PATH_HEURISTIC,UNBOUND,AEON History pi phi pr|oof - Scarabline-Root7,HISTORICAL_STAGING,[local path omitted in public preview]
HTML-0254,C-08,PATH_HEURISTIC,UNBOUND,AEON History pi phi pr|oof - Scarabline-Root7,HISTORICAL_STAGING,[local path omitted in public preview]
HTML-0129,C-08,EXPLICIT_FAMILY_MAP,FAM-035,CIKADA_3301_LATER_MARKER_PROVENANCE_INTAKE,CURRENT_SCIENCE_LAB,[local path omitted in public preview]
HTML-0130,C-08,EXPLICIT_FAMILY_MAP,FAM-035,CIKADA_3301_LATER_MARKER_PROVENANCE_INTAKE,CURRENT_SCIENCE_LAB,[local path omitted in public preview]
HTML-0131,C-08,EXPLICIT_FAMILY_MAP,FAM-035,CIKADA_3301_LATER_MARKER_PROVENANCE_INTAKE,CURRENT_SCIENCE_LAB,[local path omitted in public preview]
HTML-0132,C-08,EXPLICIT_FAMILY_MAP,FAM-035,CIKADA_3301_LATER_MARKER_PROVENANCE_INTAKE,CURRENT_SCIENCE_LAB,[local path omitted in public preview]
HTML-0413,C-08,EXPLICIT_FAMILY_MAP,FAM-038,🧭🧭🧭GITHUB-TODO_UPLOAD NAVIGATION,HISTORICAL_STAGING,[local path omitted in public preview]
HTML-0414,C-08,EXPLICIT_FAMILY_MAP,FAM-038,🧭🧭🧭GITHUB-TODO_UPLOAD NAVIGATION,HISTORICAL_STAGING,[local path omitted in public preview]
HTML-0415,C-08,EXPLICIT_FAMILY_MAP,FAM-038,🧭🧭🧭GITHUB-TODO_UPLOAD NAVIGATION,HISTORICAL_STAGING,[local path omitted in public preview]
HTML-0416,C-08,EXPLICIT_FAMILY_MAP,FAM-038,🧭🧭🧭GITHUB-TODO_UPLOAD NAVIGATION,HISTORICAL_STAGING,[local path omitted in public preview]
HTML-0133,C-08,EXPLICIT_FAMILY_MAP,FAM-035,CIKADA_3301_LATER_MARKER_PROVENANCE_INTAKE,CURRENT_SCIENCE_LAB,[local path omitted in public preview]
HTML-0417,C-08,EXPLICIT_FAMILY_MAP,FAM-038,🧭🧭🧭GITHUB-TODO_UPLOAD NAVIGATION,HISTORICAL_STAGING,[local path omitted in public preview]
HTML-0134,C-08,EXPLICIT_FAMILY_MAP,FAM-035,CIKADA_3301_LATER_MARKER_PROVENANCE_INTAKE,CURRENT_SCIENCE_LAB,[local path omitted in public preview]
HTML-0418,C-08,EXPLICIT_FAMILY_MAP,FAM-038,🧭🧭🧭GITHUB-TODO_UPLOAD NAVIGATION,HISTORICAL_STAGING,[local path omitted in public preview]
HTML-0239,C-08,PATH_HEURISTIC,UNBOUND,zzz-Archiv,HISTORICAL_SCARABAEUS,[local path omitted in public preview]
HTML-0242,C-08,PATH_HEURISTIC,UNBOUND,zzz-Archiv,HISTORICAL_SCARABAEUS,[local path omitted in public preview]
HTML-0243,C-08,PATH_HEURISTIC,UNBOUND,zzz-Archiv,HISTORICAL_SCARABAEUS,[local path omitted in public preview]
HTML-0240,C-08,PATH_HEURISTIC,UNBOUND,zzz-Archiv,HISTORICAL_SCARABAEUS,[local path omitted in public preview]
HTML-0241,C-08,PATH_HEURISTIC,UNBOUND,zzz-Archiv,HISTORICAL_SCARABAEUS,[local path omitted in public preview]
HTML-0244,C-08,PATH_HEURISTIC,UNBOUND,zzz-Archiv,HISTORICAL_SCARABAEUS,[local path omitted in public preview]
HTML-0245,C-08,PATH_HEURISTIC,UNBOUND,zzz-Archiv,HISTORICAL_SCARABAEUS,[local path omitted in public preview]
HTML-0246,C-08,PATH_HEURISTIC,UNBOUND,zzz-Archiv,HISTORICAL_SCARABAEUS,[local path omitted in public preview]
HTML-0247,C-08,PATH_HEURISTIC,UNBOUND,zzz-Archiv,HISTORICAL_SCARABAEUS,[local path omitted in public preview]
HTML-0248,C-08,PATH_HEURISTIC,UNBOUND,zzz-Archiv,HISTORICAL_SCARABAEUS,[local path omitted in public preview]
HTML-0249,C-08,PATH_HEURISTIC,UNBOUND,zzz-Archiv,HISTORICAL_SCARABAEUS,[local path omitted in public preview]
HTML-0250,C-08,PATH_HEURISTIC,UNBOUND,zzz-Archiv,HISTORICAL_SCARABAEUS,[local path omitted in public preview]
HTML-0251,C-08,PATH_HEURISTIC,UNBOUND,zzz-Archiv,HISTORICAL_SCARABAEUS,[local path omitted in public preview]
HTML-0217,C-08,EXPLICIT_FAMILY_MAP,FAM-002,🔥ARCHY -AFTER- ARCHY🔥SH_IV_A - TLAS🌍,HISTORICAL_1033_RELEASE,[local path omitted in public preview]
HTML-0218,C-08,EXPLICIT_FAMILY_MAP,FAM-002,🔥ARCHY -AFTER- ARCHY🔥SH_IV_A - TLAS🌍,HISTORICAL_1033_RELEASE,[local path omitted in public preview]
HTML-0474,C-08,PATH_HEURISTIC,UNBOUND,app,OTHER,[local path omitted in public preview]
HTML-0255,C-08,PATH_HEURISTIC,UNBOUND,AEON History pi phi pr|oof - Scarabline-Root7,HISTORICAL_STAGING,[local path omitted in public preview]
HTML-0256,C-08,PATH_HEURISTIC,UNBOUND,AEON History pi phi pr|oof - Scarabline-Root7,HISTORICAL_STAGING,[local path omitted in public preview]
HTML-0257,C-08,PATH_HEURISTIC,UNBOUND,AEON History pi phi pr|oof - Scarabline-Root7,HISTORICAL_STAGING,[local path omitted in public preview]
HTML-0258,C-08,PATH_HEURISTIC,UNBOUND,AEON History pi phi pr|oof - Scarabline-Root7,HISTORICAL_STAGING,[local path omitted in public preview]
HTML-0259,C-08,PATH_HEURISTIC,UNBOUND,AEON History pi phi pr|oof - Scarabline-Root7,HISTORICAL_STAGING,[local path omitted in public preview]
HTML-0501,C-08,PATH_HEURISTIC,UNBOUND,framer-original,OTHER,[local path omitted in public preview]
HTML-0231,C-08,EXPLICIT_FAMILY_MAP,FAM-002,🔥ARCHY -AFTER- ARCHY🔥SH_IV_A - TLAS🌍,HISTORICAL_1033_RELEASE,[local path omitted in public preview]
HTML-0252,C-08,PATH_HEURISTIC,UNBOUND,zzz-Archiv,HISTORICAL_SCARABAEUS,[local path omitted in public preview]
HTML-0235,C-08,PATH_HEURISTIC,UNBOUND,zzz-Archiv,HISTORICAL_SCARABAEUS,[local path omitted in public preview]
HTML-0236,C-08,PATH_HEURISTIC,UNBOUND,zzz-Archiv,HISTORICAL_SCARABAEUS,[local path omitted in public preview]
HTML-0237,C-08,PATH_HEURISTIC,UNBOUND,zzz-Archiv,HISTORICAL_SCARABAEUS,[local path omitted in public preview]
HTML-0238,C-08,PATH_HEURISTIC,UNBOUND,zzz-Archiv,HISTORICAL_SCARABAEUS,[local path omitted in public preview]
HTML-0226,C-08,EXPLICIT_FAMILY_MAP,FAM-002,🔥ARCHY -AFTER- ARCHY🔥SH_IV_A - TLAS🌍,HISTORICAL_1033_RELEASE,[local path omitted in public preview]".glb,.gltf|panelV_tri_assembly_plus_4_7_8_rings.glb",HTML5_3D_BRIDGE_CANDIDATE,20,STANDALONE_ENTRY_CANDIDATE,HISTORICAL_VISUAL_OR_MECHANISM_SURFACE_UNVALIDATED,PLAYBACK_ONLY_ON_CURRENT_DEMAND
HTML-0137,C-08,EXPLICIT_FAMILY_MAP,FAM-035,CIKADA_3301_LATER_MARKER_PROVENANCE_INTAKE,CURRENT_SCIENCE_LAB,[local path omitted in public preview]
HTML-0421,C-08,EXPLICIT_FAMILY_MAP,FAM-038,🧭🧭🧭GITHUB-TODO_UPLOAD NAVIGATION,HISTORICAL_STAGING,[local path omitted in public preview]
HTML-0138,C-08,EXPLICIT_FAMILY_MAP,FAM-035,CIKADA_3301_LATER_MARKER_PROVENANCE_INTAKE,CURRENT_SCIENCE_LAB,[local path omitted in public preview]
HTML-0422,C-08,EXPLICIT_FAMILY_MAP,FAM-038,🧭🧭🧭GITHUB-TODO_UPLOAD NAVIGATION,HISTORICAL_STAGING,[local path omitted in public preview]
HTML-0219,C-08,EXPLICIT_FAMILY_MAP,FAM-002,🔥ARCHY -AFTER- ARCHY🔥SH_IV_A - TLAS🌍,HISTORICAL_1033_RELEASE,[local path omitted in public preview]".glb/.gltf|.gltf,.glb|THREE.GLTFLoader();|regulators_213.glb|regulators_213.gltf|regulators_213_colored.gltf",HTML5_3D_BRIDGE_CANDIDATE,20,STANDALONE_ENTRY_CANDIDATE,HISTORICAL_VISUAL_OR_MECHANISM_SURFACE_UNVALIDATED,PLAYBACK_ONLY_ON_CURRENT_DEMAND
HTML-0220,C-08,EXPLICIT_FAMILY_MAP,FAM-002,🔥ARCHY -AFTER- ARCHY🔥SH_IV_A - TLAS🌍,HISTORICAL_1033_RELEASE,[local path omitted in public preview]".glb|.gltf|.gltf,.glb|regulators_213.glb|regulators_213.gltf",HTML5_3D_BRIDGE_CANDIDATE,22,EXACT_COPY_REFERENCE,HISTORICAL_VISUAL_OR_MECHANISM_SURFACE_UNVALIDATED,USE_AS_REVIEW_ENTRY_NOT_CANONICAL_MASTER
HTML-0221,C-08,EXPLICIT_FAMILY_MAP,FAM-002,🔥ARCHY -AFTER- ARCHY🔥SH_IV_A - TLAS🌍,HISTORICAL_1033_RELEASE,[local path omitted in public preview]".glb|.gltf|.gltf,.glb|regulators_213.glb|regulators_213.gltf",HTML5_3D_BRIDGE_CANDIDATE,22,EXACT_COPY_SECONDARY,HISTORICAL_VISUAL_OR_MECHANISM_SURFACE_UNVALIDATED,NO_SEPARATE_CONTENT_REVIEW
HTML-0222,C-08,EXPLICIT_FAMILY_MAP,FAM-002,🔥ARCHY -AFTER- ARCHY🔥SH_IV_A - TLAS🌍,HISTORICAL_1033_RELEASE,[local path omitted in public preview]
HTML-0227,C-08,EXPLICIT_FAMILY_MAP,FAM-002,🔥ARCHY -AFTER- ARCHY🔥SH_IV_A - TLAS🌍,HISTORICAL_1033_RELEASE,[local path omitted in public preview]
HTML-0228,C-08,EXPLICIT_FAMILY_MAP,FAM-002,🔥ARCHY -AFTER- ARCHY🔥SH_IV_A - TLAS🌍,HISTORICAL_1033_RELEASE,[local path omitted in public preview]"RNCG — Resonance Pentagon (2D Fallback, Offline)",rncg-pentagon-fallback,3,89a4cfe8b140191523fa2d8b4b1f309b4e878115caf693fe8bba71f030c3d8db,,1,canvas|animation-loop|range-control,,INTERACTIVE_OR_VISUAL_HTML_CANDIDATE,11,SERIES_ENTRY_CANDIDATE,HISTORICAL_VISUAL_OR_MECHANISM_SURFACE_UNVALIDATED,PLAYBACK_ONLY_ON_CURRENT_DEMAND
HTML-0229,C-08,EXPLICIT_FAMILY_MAP,FAM-002,🔥ARCHY -AFTER- ARCHY🔥SH_IV_A - TLAS🌍,HISTORICAL_1033_RELEASE,[local path omitted in public preview]"RNCG — Resonance Pentagon (Axes + Views, One‑File)",rncg-pentagon-fallback,3,4e216dcd9c4cdd55c90fa455267549f835865652fcb29db6850bdd2469771416,,1,canvas|animation-loop|range-control,,INTERACTIVE_OR_VISUAL_HTML_CANDIDATE,11,SERIES_SECONDARY,HISTORICAL_VISUAL_OR_MECHANISM_SURFACE_UNVALIDATED,PRESERVE_PROVENANCE_NO_DEFAULT_REVIEW
HTML-0230,C-08,EXPLICIT_FAMILY_MAP,FAM-002,🔥ARCHY -AFTER- ARCHY🔥SH_IV_A - TLAS🌍,HISTORICAL_1033_RELEASE,[local path omitted in public preview]"RNCG — Resonance Pentagon (v3, 2.5D)",rncg-pentagon-fallback,3,6fc009337b3d05480b751ea0c9bded9422dae130b7340e7b375fd98484f16a1c,,1,canvas|animation-loop|range-control,,INTERACTIVE_OR_VISUAL_HTML_CANDIDATE,11,SERIES_SECONDARY,HISTORICAL_VISUAL_OR_MECHANISM_SURFACE_UNVALIDATED,PRESERVE_PROVENANCE_NO_DEFAULT_REVIEW
HTML-0139,C-08,EXPLICIT_FAMILY_MAP,FAM-035,CIKADA_3301_LATER_MARKER_PROVENANCE_INTAKE,CURRENT_SCIENCE_LAB,[local path omitted in public preview]
HTML-0423,C-08,EXPLICIT_FAMILY_MAP,FAM-038,🧭🧭🧭GITHUB-TODO_UPLOAD NAVIGATION,HISTORICAL_STAGING,[local path omitted in public preview]
HTML-0223,C-08,EXPLICIT_FAMILY_MAP,FAM-002,🔥ARCHY -AFTER- ARCHY🔥SH_IV_A - TLAS🌍,HISTORICAL_1033_RELEASE,[local path omitted in public preview]
HTML-0140,C-08,EXPLICIT_FAMILY_MAP,FAM-035,CIKADA_3301_LATER_MARKER_PROVENANCE_INTAKE,CURRENT_SCIENCE_LAB,[local path omitted in public preview]
HTML-0424,C-08,EXPLICIT_FAMILY_MAP,FAM-038,🧭🧭🧭GITHUB-TODO_UPLOAD NAVIGATION,HISTORICAL_STAGING,[local path omitted in public preview]
HTML-0224,C-08,EXPLICIT_FAMILY_MAP,FAM-002,🔥ARCHY -AFTER- ARCHY🔥SH_IV_A - TLAS🌍,HISTORICAL_1033_RELEASE,[local path omitted in public preview]
HTML-0232,C-08,EXPLICIT_FAMILY_MAP,FAM-002,🔥ARCHY -AFTER- ARCHY🔥SH_IV_A - TLAS🌍,HISTORICAL_1033_RELEASE,[local path omitted in public preview]
HTML-0233,C-08,EXPLICIT_FAMILY_MAP,FAM-002,🔥ARCHY -AFTER- ARCHY🔥SH_IV_A - TLAS🌍,HISTORICAL_1033_RELEASE,[local path omitted in public preview]
HTML-0234,C-08,EXPLICIT_FAMILY_MAP,FAM-002,🔥ARCHY -AFTER- ARCHY🔥SH_IV_A - TLAS🌍,HISTORICAL_1033_RELEASE,[local path omitted in public preview]
HTML-0225,C-08,EXPLICIT_FAMILY_MAP,FAM-002,🔥ARCHY -AFTER- ARCHY🔥SH_IV_A - TLAS🌍,HISTORICAL_1033_RELEASE,[local path omitted in public preview]
HTML-0260,C-08,PATH_HEURISTIC,UNBOUND,AEON History pi phi pr|oof - Scarabline-Root7,HISTORICAL_STAGING,[local path omitted in public preview]
HTML-0537,C-08,PATH_HEURISTIC,UNBOUND,UDF PLAYER,OTHER,[local path omitted in public preview]
HTML-0538,C-08,PATH_HEURISTIC,UNBOUND,UDF PLAYER,OTHER,[local path omitted in public preview]
HTML-0539,C-08,PATH_HEURISTIC,UNBOUND,UDF PLAYER,OTHER,[local path omitted in public preview]
HTML-0540,C-08,PATH_HEURISTIC,UNBOUND,UDF PLAYER,OTHER,[local path omitted in public preview]
HTML-0135,C-08,EXPLICIT_FAMILY_MAP,FAM-035,CIKADA_3301_LATER_MARKER_PROVENANCE_INTAKE,CURRENT_SCIENCE_LAB,[local path omitted in public preview]
HTML-0419,C-08,EXPLICIT_FAMILY_MAP,FAM-038,🧭🧭🧭GITHUB-TODO_UPLOAD NAVIGATION,HISTORICAL_STAGING,[local path omitted in public preview]
HTML-0136,C-08,EXPLICIT_FAMILY_MAP,FAM-035,CIKADA_3301_LATER_MARKER_PROVENANCE_INTAKE,CURRENT_SCIENCE_LAB,[local path omitted in public preview]
HTML-0420,C-08,EXPLICIT_FAMILY_MAP,FAM-038,🧭🧭🧭GITHUB-TODO_UPLOAD NAVIGATION,HISTORICAL_STAGING,[local path omitted in public preview]
HTML-0524,C-08,PATH_HEURISTIC,UNBOUND,pages,OTHER,[local path omitted in public preview]
HTML-0261,C-08|C-01,PATH_HEURISTIC,UNBOUND,AEON History pi phi pr|oof - Scarabline-Root7,HISTORICAL_STAGING,[local path omitted in public preview]
HTML-0262,C-08|C-01,PATH_HEURISTIC,UNBOUND,AEON History pi phi pr|oof - Scarabline-Root7,HISTORICAL_STAGING,[local path omitted in public preview]
HTML-0263,C-08|C-01,PATH_HEURISTIC,UNBOUND,AEON History pi phi pr|oof - Scarabline-Root7,HISTORICAL_STAGING,[local path omitted in public preview]
HTML-0264,C-08|C-01,PATH_HEURISTIC,UNBOUND,AEON History pi phi pr|oof - Scarabline-Root7,HISTORICAL_STAGING,[local path omitted in public preview]
HTML-0265,C-08|C-01,PATH_HEURISTIC,UNBOUND,AEON History pi phi pr|oof - Scarabline-Root7,HISTORICAL_STAGING,[local path omitted in public preview]
HTML-0641,C-08|C-01,PATH_HEURISTIC,UNBOUND,🧿🧿The ÀU-NÁ-HÊ-TI Core Geometry Visualization,OTHER,[local path omitted in public preview]
HTML-0266,C-08|C-01,PATH_HEURISTIC,UNBOUND,AEON History pi phi pr|oof - Scarabline-Root7,HISTORICAL_STAGING,[local path omitted in public preview]
HTML-0268,C-08|C-04|C-01,PATH_HEURISTIC,UNBOUND,AEON History pi phi pr|oof - Scarabline-Root7,HISTORICAL_STAGING,[local path omitted in public preview]
HTML-0269,C-08|C-04|C-01,PATH_HEURISTIC,UNBOUND,AEON History pi phi pr|oof - Scarabline-Root7,HISTORICAL_STAGING,[local path omitted in public preview]
HTML-0267,C-08|C-07|C-04|C-01,PATH_HEURISTIC,UNBOUND,AEON History pi phi pr|oof - Scarabline-Root7,HISTORICAL_STAGING,[local path omitted in public preview]
HTML-0536,C-08|C-12,EXPLICIT_FAMILY_MAP,FAM-036,THooTH Files GLB GLF STL PLY,OTHER,[local path omitted in public preview]
HTML-0120,C-09,EXPLICIT_FAMILY_MAP,FAM-003,SCx33_BBi_aka_BOKI_review,CURRENT_INCOMING,[local path omitted in public preview]
HTML-0121,C-09,EXPLICIT_FAMILY_MAP,FAM-003,SCx33_BBi_aka_BOKI_review,CURRENT_INCOMING,[local path omitted in public preview]
HTML-0122,C-09,EXPLICIT_FAMILY_MAP,FAM-003,SCx33_BBi_aka_BOKI_review,CURRENT_INCOMING,[local path omitted in public preview]
HTML-0123,C-09,EXPLICIT_FAMILY_MAP,FAM-003,SCx33_BBi_aka_BOKI_review,CURRENT_INCOMING,[local path omitted in public preview]
HTML-0124,C-09,EXPLICIT_FAMILY_MAP,FAM-003,SCx33_BBi_aka_BOKI_review,CURRENT_INCOMING,[local path omitted in public preview]
HTML-0125,C-09,EXPLICIT_FAMILY_MAP,FAM-003,SCx33_BBi_aka_BOKI_review,CURRENT_INCOMING,[local path omitted in public preview]
HTML-0126,C-09,EXPLICIT_FAMILY_MAP,FAM-003,SCx33_BBi_aka_BOKI_review,CURRENT_INCOMING,[local path omitted in public preview]".glb,.gltf,model/gltf-binary,model/gltf+json",HTML5_3D_BRIDGE_CANDIDATE,8,STANDALONE_ENTRY_CANDIDATE,HISTORICAL_VISUAL_OR_MECHANISM_SURFACE_UNVALIDATED,PLAYBACK_ONLY_ON_CURRENT_DEMAND
HTML-0039,C-10,EXPLICIT_FAMILY_MAP,FAM-045,ARCHIVE_ENGINE,CURRENT_BUILDER,[local path omitted in public preview]
HTML-0192,C-10,EXPLICIT_FAMILY_MAP,FAM-047,POLAR|PASS BUILD PROJECT,DESKTOP_WORKING,[local path omitted in public preview]
HTML-0040,C-10,EXPLICIT_FAMILY_MAP,FAM-045,ARCHIVE_ENGINE,CURRENT_BUILDER,[local path omitted in public preview]
HTML-0193,C-10,EXPLICIT_FAMILY_MAP,FAM-047,POLAR|PASS BUILD PROJECT,DESKTOP_WORKING,[local path omitted in public preview]
HTML-0041,C-10,EXPLICIT_FAMILY_MAP,FAM-045,ARCHIVE_ENGINE,CURRENT_BUILDER,[local path omitted in public preview]
HTML-0194,C-10,EXPLICIT_FAMILY_MAP,FAM-047,POLAR|PASS BUILD PROJECT,DESKTOP_WORKING,[local path omitted in public preview]
HTML-0042,C-10,EXPLICIT_FAMILY_MAP,FAM-045,ARCHIVE_ENGINE,CURRENT_BUILDER,[local path omitted in public preview]
HTML-0195,C-10,EXPLICIT_FAMILY_MAP,FAM-047,POLAR|PASS BUILD PROJECT,DESKTOP_WORKING,[local path omitted in public preview]
HTML-0043,C-10,EXPLICIT_FAMILY_MAP,FAM-045,ARCHIVE_ENGINE,CURRENT_BUILDER,[local path omitted in public preview]
HTML-0196,C-10,EXPLICIT_FAMILY_MAP,FAM-047,POLAR|PASS BUILD PROJECT,DESKTOP_WORKING,[local path omitted in public preview]
HTML-0044,C-10,EXPLICIT_FAMILY_MAP,FAM-045,ARCHIVE_ENGINE,CURRENT_BUILDER,[local path omitted in public preview]
HTML-0197,C-10,EXPLICIT_FAMILY_MAP,FAM-047,POLAR|PASS BUILD PROJECT,DESKTOP_WORKING,[local path omitted in public preview]
HTML-0176,C-10,PATH_HEURISTIC,UNBOUND,Orion_POLAR:Pass Maastricht,CURRENT_SCIENCE_LAB,[local path omitted in public preview]
HTML-0045,C-10,EXPLICIT_FAMILY_MAP,FAM-045,ARCHIVE_ENGINE,CURRENT_BUILDER,[local path omitted in public preview]
HTML-0198,C-10,EXPLICIT_FAMILY_MAP,FAM-047,POLAR|PASS BUILD PROJECT,DESKTOP_WORKING,[local path omitted in public preview]
HTML-0046,C-10,EXPLICIT_FAMILY_MAP,FAM-045,ARCHIVE_ENGINE,CURRENT_BUILDER,[local path omitted in public preview]
HTML-0199,C-10,EXPLICIT_FAMILY_MAP,FAM-047,POLAR|PASS BUILD PROJECT,DESKTOP_WORKING,[local path omitted in public preview]
HTML-0047,C-10,EXPLICIT_FAMILY_MAP,FAM-045,ARCHIVE_ENGINE,CURRENT_BUILDER,[local path omitted in public preview]
HTML-0200,C-10,EXPLICIT_FAMILY_MAP,FAM-047,POLAR|PASS BUILD PROJECT,DESKTOP_WORKING,[local path omitted in public preview]
HTML-0048,C-10,EXPLICIT_FAMILY_MAP,FAM-045,ARCHIVE_ENGINE,CURRENT_BUILDER,[local path omitted in public preview]
HTML-0201,C-10,EXPLICIT_FAMILY_MAP,FAM-047,POLAR|PASS BUILD PROJECT,DESKTOP_WORKING,[local path omitted in public preview]
HTML-0049,C-10,EXPLICIT_FAMILY_MAP,FAM-045,ARCHIVE_ENGINE,CURRENT_BUILDER,[local path omitted in public preview]
HTML-0202,C-10,EXPLICIT_FAMILY_MAP,FAM-047,POLAR|PASS BUILD PROJECT,DESKTOP_WORKING,[local path omitted in public preview]
HTML-0050,C-10,EXPLICIT_FAMILY_MAP,FAM-045,ARCHIVE_ENGINE,CURRENT_BUILDER,[local path omitted in public preview]"Drei plus eins plus drei: Innen, Kreuzoperator und Außen",polarpass-beta-split,2,31a08ac72e441fe2ed075fe02723e2e381de1876c3ac840882555228504d39c7,HTML-DUP-019,2,range-control|svg,,INTERACTIVE_OR_VISUAL_HTML_CANDIDATE,8,EXACT_COPY_REFERENCE,HISTORICAL_VISUAL_OR_MECHANISM_SURFACE_UNVALIDATED,USE_AS_REVIEW_ENTRY_NOT_CANONICAL_MASTER
HTML-0203,C-10,EXPLICIT_FAMILY_MAP,FAM-047,POLAR|PASS BUILD PROJECT,DESKTOP_WORKING,[local path omitted in public preview]"Drei plus eins plus drei: Innen, Kreuzoperator und Außen",polarpass-beta-split,2,31a08ac72e441fe2ed075fe02723e2e381de1876c3ac840882555228504d39c7,HTML-DUP-019,2,range-control|svg,,INTERACTIVE_OR_VISUAL_HTML_CANDIDATE,2,EXACT_COPY_SECONDARY,HISTORICAL_VISUAL_OR_MECHANISM_SURFACE_UNVALIDATED,NO_SEPARATE_CONTENT_REVIEW
HTML-0051,C-10,EXPLICIT_FAMILY_MAP,FAM-045,ARCHIVE_ENGINE,CURRENT_BUILDER,[local path omitted in public preview]
HTML-0204,C-10,EXPLICIT_FAMILY_MAP,FAM-047,POLAR|PASS BUILD PROJECT,DESKTOP_WORKING,[local path omitted in public preview]
HTML-0052,C-10,EXPLICIT_FAMILY_MAP,FAM-045,ARCHIVE_ENGINE,CURRENT_BUILDER,[local path omitted in public preview]
HTML-0205,C-10,EXPLICIT_FAMILY_MAP,FAM-047,POLAR|PASS BUILD PROJECT,DESKTOP_WORKING,[local path omitted in public preview]
HTML-0053,C-10,EXPLICIT_FAMILY_MAP,FAM-045,ARCHIVE_ENGINE,CURRENT_BUILDER,[local path omitted in public preview]
HTML-0206,C-10,EXPLICIT_FAMILY_MAP,FAM-047,POLAR|PASS BUILD PROJECT,DESKTOP_WORKING,[local path omitted in public preview]
HTML-0054,C-10,EXPLICIT_FAMILY_MAP,FAM-045,ARCHIVE_ENGINE,CURRENT_BUILDER,[local path omitted in public preview]
HTML-0207,C-10,EXPLICIT_FAMILY_MAP,FAM-047,POLAR|PASS BUILD PROJECT,DESKTOP_WORKING,[local path omitted in public preview]
HTML-0055,C-10,EXPLICIT_FAMILY_MAP,FAM-045,ARCHIVE_ENGINE,CURRENT_BUILDER,[local path omitted in public preview]
HTML-0208,C-10,EXPLICIT_FAMILY_MAP,FAM-047,POLAR|PASS BUILD PROJECT,DESKTOP_WORKING,[local path omitted in public preview]
HTML-0057,C-10,EXPLICIT_FAMILY_MAP,FAM-045,ARCHIVE_ENGINE,CURRENT_BUILDER,[local path omitted in public preview]
HTML-0056,C-10,EXPLICIT_FAMILY_MAP,FAM-045,ARCHIVE_ENGINE,CURRENT_BUILDER,[local path omitted in public preview]
HTML-0210,C-10,EXPLICIT_FAMILY_MAP,FAM-047,POLAR|PASS BUILD PROJECT,DESKTOP_WORKING,[local path omitted in public preview]
HTML-0209,C-10,EXPLICIT_FAMILY_MAP,FAM-047,POLAR|PASS BUILD PROJECT,DESKTOP_WORKING,[local path omitted in public preview]
HTML-0058,C-10,EXPLICIT_FAMILY_MAP,FAM-045,ARCHIVE_ENGINE,CURRENT_BUILDER,[local path omitted in public preview]
HTML-0211,C-10,EXPLICIT_FAMILY_MAP,FAM-047,POLAR|PASS BUILD PROJECT,DESKTOP_WORKING,[local path omitted in public preview]
HTML-0177,C-10,PATH_HEURISTIC,UNBOUND,Orion_POLAR:Pass Maastricht,CURRENT_SCIENCE_LAB,[local path omitted in public preview]
HTML-0022,C-11,PATH_HEURISTIC,UNBOUND,SYSTEM_5_META_BLOOM_ROSETTA / ULLINIRIUM,CODEX_REPOSITORY,[local path omitted in public preview]
HTML-0023,C-11,PATH_HEURISTIC,UNBOUND,SYSTEM_5_META_BLOOM_ROSETTA / ULLINIRIUM,CODEX_REPOSITORY,[local path omitted in public preview]
HTML-0025,C-11,PATH_HEURISTIC,UNBOUND,SYSTEM_5_META_BLOOM_ROSETTA / ULLINIRIUM,CODEX_REPOSITORY,[local path omitted in public preview]
HTML-0026,C-11,PATH_HEURISTIC,UNBOUND,SYSTEM_5_META_BLOOM_ROSETTA / ULLINIRIUM,CODEX_REPOSITORY,[local path omitted in public preview]
HTML-0027,C-11,PATH_HEURISTIC,UNBOUND,SYSTEM_5_META_BLOOM_ROSETTA / ULLINIRIUM,CODEX_REPOSITORY,[local path omitted in public preview]
HTML-0028,C-11,PATH_HEURISTIC,UNBOUND,SYSTEM_5_META_BLOOM_ROSETTA / ULLINIRIUM,CODEX_REPOSITORY,[local path omitted in public preview]
HTML-0029,C-11,PATH_HEURISTIC,UNBOUND,SYSTEM_5_META_BLOOM_ROSETTA / ULLINIRIUM,CODEX_REPOSITORY,[local path omitted in public preview]
HTML-0030,C-11,PATH_HEURISTIC,UNBOUND,SYSTEM_5_META_BLOOM_ROSETTA / ULLINIRIUM,CODEX_REPOSITORY,[local path omitted in public preview]
HTML-0031,C-11,PATH_HEURISTIC,UNBOUND,SYSTEM_5_META_BLOOM_ROSETTA / ULLINIRIUM,CODEX_REPOSITORY,[local path omitted in public preview]
HTML-0127,C-11,EXPLICIT_FAMILY_MAP,FAM-061,NEXAH_DUAL_VIEW_ROSETTA_INTAKE_2026-09-05,CURRENT_SCIENCE_INCOMING,[local path omitted in public preview]
HTML-0128,C-11,EXPLICIT_FAMILY_MAP,FAM-061,NEXAH_DUAL_VIEW_ROSETTA_INTAKE_2026-09-05,CURRENT_SCIENCE_INCOMING,[local path omitted in public preview]
HTML-0118,C-11,EXPLICIT_FAMILY_MAP,FAM-060,G-R°T^ ROSETTA,CURRENT_INCOMING,[local path omitted in public preview]
HTML-0032,C-11,PATH_HEURISTIC,UNBOUND,SYSTEM_5_META_BLOOM_ROSETTA / ULLINIRIUM,CODEX_REPOSITORY,[local path omitted in public preview]
HTML-0033,C-11,PATH_HEURISTIC,UNBOUND,SYSTEM_5_META_BLOOM_ROSETTA / ULLINIRIUM,CODEX_REPOSITORY,[local path omitted in public preview]
HTML-0034,C-11,PATH_HEURISTIC,UNBOUND,SYSTEM_5_META_BLOOM_ROSETTA / ULLINIRIUM,CODEX_REPOSITORY,[local path omitted in public preview]
HTML-0035,C-11,PATH_HEURISTIC,UNBOUND,SYSTEM_5_META_BLOOM_ROSETTA / ULLINIRIUM,CODEX_REPOSITORY,[local path omitted in public preview]
HTML-0036,C-11,PATH_HEURISTIC,UNBOUND,SYSTEM_5_META_BLOOM_ROSETTA / ULLINIRIUM,CODEX_REPOSITORY,[local path omitted in public preview]
HTML-0633,C-11,PATH_HEURISTIC,UNBOUND,🧬🧬🧬 Energieformel 3.0 – kβ-Integration im Raum-Zeit-Gitter,OTHER,[local path omitted in public preview]
HTML-0634,C-11,PATH_HEURISTIC,UNBOUND,🧬🧬🧬 Energieformel 3.0 – kβ-Integration im Raum-Zeit-Gitter,OTHER,[local path omitted in public preview]
HTML-0635,C-11,PATH_HEURISTIC,UNBOUND,🧬🧬🧬 Energieformel 3.0 – kβ-Integration im Raum-Zeit-Gitter,OTHER,[local path omitted in public preview]
HTML-0636,C-11,PATH_HEURISTIC,UNBOUND,🧬🧬🧬 Energieformel 3.0 – kβ-Integration im Raum-Zeit-Gitter,OTHER,[local path omitted in public preview]
HTML-0024,C-11|C-04,PATH_HEURISTIC,UNBOUND,SYSTEM_5_META_BLOOM_ROSETTA / ULLINIRIUM,CODEX_REPOSITORY,[local path omitted in public preview]
HTML-0427,C-12,EXPLICIT_FAMILY_MAP,FAM-033,Downloads — loose assets,LOOSE_DOWNLOADS,[local path omitted in public preview]
HTML-0428,C-12,EXPLICIT_FAMILY_MAP,FAM-033,Downloads — loose assets,LOOSE_DOWNLOADS,[local path omitted in public preview]
HTML-0429,C-12,EXPLICIT_FAMILY_MAP,FAM-033,Downloads — loose assets,LOOSE_DOWNLOADS,[local path omitted in public preview]
HTML-0430,C-12,EXPLICIT_FAMILY_MAP,FAM-033,Downloads — loose assets,LOOSE_DOWNLOADS,[local path omitted in public preview]
HTML-0431,C-12,EXPLICIT_FAMILY_MAP,FAM-033,Downloads — loose assets,LOOSE_DOWNLOADS,[local path omitted in public preview]
HTML-0432,C-12,EXPLICIT_FAMILY_MAP,FAM-033,Downloads — loose assets,LOOSE_DOWNLOADS,[local path omitted in public preview]".glb,.gltf|THREE.GLTFLoader();|regulators_213.glb",HTML5_3D_BRIDGE_CANDIDATE,14,SERIES_SECONDARY,HISTORICAL_VISUAL_OR_MECHANISM_SURFACE_UNVALIDATED,PRESERVE_PROVENANCE_NO_DEFAULT_REVIEW
HTML-0433,C-12,EXPLICIT_FAMILY_MAP,FAM-033,Downloads — loose assets,LOOSE_DOWNLOADS,[local path omitted in public preview]
HTML-0434,C-12,EXPLICIT_FAMILY_MAP,FAM-033,Downloads — loose assets,LOOSE_DOWNLOADS,[local path omitted in public preview]"GitHub - Scarabaeus1031/NEXAH: From simulation to navigation. Agents discover stability in complex systems — no rewards, no predefined goals. · GitHub",main,1,2c7761023b79cfa80f2a3f7e9de88d6be3301c1c48813c51f24b8dd8623149a7,,1,svg,,INTERACTIVE_OR_VISUAL_HTML_CANDIDATE,0,STANDALONE_ENTRY_CANDIDATE,HISTORICAL_VISUAL_OR_MECHANISM_SURFACE_UNVALIDATED,PLAYBACK_ONLY_ON_CURRENT_DEMAND
HTML-0435,C-12,EXPLICIT_FAMILY_MAP,FAM-033,Downloads — loose assets,LOOSE_DOWNLOADS,[local path omitted in public preview]
HTML-0436,C-12,EXPLICIT_FAMILY_MAP,FAM-033,Downloads — loose assets,LOOSE_DOWNLOADS,[local path omitted in public preview]"&#34;source/poly.glb&#34;,",HTML5_3D_BRIDGE_CANDIDATE,6,STANDALONE_ENTRY_CANDIDATE,HISTORICAL_VISUAL_OR_MECHANISM_SURFACE_UNVALIDATED,PLAYBACK_ONLY_ON_CURRENT_DEMAND
HTML-0437,C-12,EXPLICIT_FAMILY_MAP,FAM-033,Downloads — loose assets,LOOSE_DOWNLOADS,[local path omitted in public preview]
HTML-0438,C-12,EXPLICIT_FAMILY_MAP,FAM-033,Downloads — loose assets,LOOSE_DOWNLOADS,[local path omitted in public preview]
HTML-0439,C-12,EXPLICIT_FAMILY_MAP,FAM-033,Downloads — loose assets,LOOSE_DOWNLOADS,[local path omitted in public preview]
HTML-0440,C-12,EXPLICIT_FAMILY_MAP,FAM-033,Downloads — loose assets,LOOSE_DOWNLOADS,[local path omitted in public preview]
HTML-0441,C-12,EXPLICIT_FAMILY_MAP,FAM-033,Downloads — loose assets,LOOSE_DOWNLOADS,[local path omitted in public preview]
HTML-0184,C-12,PATH_HEURISTIC,UNBOUND,THREE_LIFE_SYSTEMS_PLUS_ONE_BINDER_VISUAL_SERIES_2026-08-24,CURRENT_SCIENCE_LAB,[local path omitted in public preview]
HTML-0183,C-12,PATH_HEURISTIC,UNBOUND,THREE_LIFE_SYSTEMS_PLUS_ONE_BINDER_VISUAL_SERIES_2026-08-24,CURRENT_SCIENCE_LAB,[local path omitted in public preview]
HTML-0442,C-12,EXPLICIT_FAMILY_MAP,FAM-033,Downloads — loose assets,LOOSE_DOWNLOADS,[local path omitted in public preview]
HTML-0443,C-12,EXPLICIT_FAMILY_MAP,FAM-033,Downloads — loose assets,LOOSE_DOWNLOADS,[local path omitted in public preview]
HTML-0444,C-12,EXPLICIT_FAMILY_MAP,FAM-033,Downloads — loose assets,LOOSE_DOWNLOADS,[local path omitted in public preview]
HTML-0445,C-12,EXPLICIT_FAMILY_MAP,FAM-033,Downloads — loose assets,LOOSE_DOWNLOADS,[local path omitted in public preview]
HTML-0446,C-12,EXPLICIT_FAMILY_MAP,FAM-033,Downloads — loose assets,LOOSE_DOWNLOADS,[local path omitted in public preview]
HTML-0447,C-12,EXPLICIT_FAMILY_MAP,FAM-033,Downloads — loose assets,LOOSE_DOWNLOADS,[local path omitted in public preview]
HTML-0448,C-12,EXPLICIT_FAMILY_MAP,FAM-033,Downloads — loose assets,LOOSE_DOWNLOADS,[local path omitted in public preview]
HTML-0449,C-12,EXPLICIT_FAMILY_MAP,FAM-033,Downloads — loose assets,LOOSE_DOWNLOADS,[local path omitted in public preview]
HTML-0450,C-12,EXPLICIT_FAMILY_MAP,FAM-033,Downloads — loose assets,LOOSE_DOWNLOADS,[local path omitted in public preview]
HTML-0451,C-12,EXPLICIT_FAMILY_MAP,FAM-033,Downloads — loose assets,LOOSE_DOWNLOADS,[local path omitted in public preview]
HTML-0452,C-12,EXPLICIT_FAMILY_MAP,FAM-033,Downloads — loose assets,LOOSE_DOWNLOADS,[local path omitted in public preview]
HTML-0453,C-12,EXPLICIT_FAMILY_MAP,FAM-033,Downloads — loose assets,LOOSE_DOWNLOADS,[local path omitted in public preview]
HTML-0454,C-12,EXPLICIT_FAMILY_MAP,FAM-033,Downloads — loose assets,LOOSE_DOWNLOADS,[local path omitted in public preview]
HTML-0455,C-12,EXPLICIT_FAMILY_MAP,FAM-033,Downloads — loose assets,LOOSE_DOWNLOADS,[local path omitted in public preview]
HTML-0456,C-12,EXPLICIT_FAMILY_MAP,FAM-033,Downloads — loose assets,LOOSE_DOWNLOADS,[local path omitted in public preview]
HTML-0426,C-12,EXPLICIT_FAMILY_MAP,FAM-033,Downloads — loose assets,LOOSE_DOWNLOADS,[local path omitted in public preview]
HTML-0457,C-12,EXPLICIT_FAMILY_MAP,FAM-033,Downloads — loose assets,LOOSE_DOWNLOADS,[local path omitted in public preview]
HTML-0458,C-12,EXPLICIT_FAMILY_MAP,FAM-033,Downloads — loose assets,LOOSE_DOWNLOADS,[local path omitted in public preview]
HTML-0144,UNRESOLVED,UNRESOLVED,UNBOUND,NEXAH LAB Operator demonstrator,CURRENT_SCIENCE_LAB,[local path omitted in public preview]
HTML-0145,UNRESOLVED,UNRESOLVED,UNBOUND,NEXAH LAB Operator demonstrator,CURRENT_SCIENCE_LAB,[local path omitted in public preview]
HTML-0146,UNRESOLVED,UNRESOLVED,UNBOUND,NEXAH LAB Operator demonstrator,CURRENT_SCIENCE_LAB,[local path omitted in public preview]
HTML-0147,UNRESOLVED,UNRESOLVED,UNBOUND,NEXAH LAB Operator demonstrator,CURRENT_SCIENCE_LAB,[local path omitted in public preview]
HTML-0148,UNRESOLVED,UNRESOLVED,UNBOUND,NEXAH LAB Operator demonstrator,CURRENT_SCIENCE_LAB,[local path omitted in public preview]
HTML-0149,UNRESOLVED,UNRESOLVED,UNBOUND,NEXAH LAB Operator demonstrator,CURRENT_SCIENCE_LAB,[local path omitted in public preview]
HTML-0150,UNRESOLVED,UNRESOLVED,UNBOUND,NEXAH LAB Operator demonstrator,CURRENT_SCIENCE_LAB,[local path omitted in public preview]
HTML-0552,UNRESOLVED,UNRESOLVED,UNBOUND,🔋🧿 “Tachyon-Batterie & Spiralraum – Die Erith Resonanzfelder”,OTHER,[local path omitted in public preview]
HTML-0380,UNRESOLVED,UNRESOLVED,UNBOUND,🌐Sacred Codex Readme Gallery,HISTORICAL_STAGING,[local path omitted in public preview]
HTML-0381,UNRESOLVED,UNRESOLVED,UNBOUND,🌐Sacred Codex Readme Gallery,HISTORICAL_STAGING,[local path omitted in public preview]
HTML-0382,UNRESOLVED,UNRESOLVED,UNBOUND,🌐Sacred Codex Readme Gallery,HISTORICAL_STAGING,[local path omitted in public preview]
HTML-0299,UNRESOLVED,UNRESOLVED,UNBOUND,NEXAHEDRON ANIMA MUNDI,HISTORICAL_STAGING,[local path omitted in public preview]
HTML-0614,UNRESOLVED,UNRESOLVED,UNBOUND,🟡 FADEN III ULLINIRISCHE GESCHICHTE & KOSMISCHE HERKUNFT,OTHER,[local path omitted in public preview]
HTML-0542,UNRESOLVED,UNRESOLVED,UNBOUND,🌌🔬⚛️The Multidimensional Frontier Expanding the Standard Model Beyond Matter,OTHER,[local path omitted in public preview]
HTML-0553,UNRESOLVED,UNRESOLVED,UNBOUND,🔋🧿 “Tachyon-Batterie & Spiralraum – Die Erith Resonanzfelder”,OTHER,[local path omitted in public preview]
HTML-0383,UNRESOLVED,UNRESOLVED,UNBOUND,🌐Sacred Codex Readme Gallery,HISTORICAL_STAGING,[local path omitted in public preview]
HTML-0384,UNRESOLVED,UNRESOLVED,UNBOUND,🌐Sacred Codex Readme Gallery,HISTORICAL_STAGING,[local path omitted in public preview]
HTML-0385,UNRESOLVED,UNRESOLVED,UNBOUND,🌐Sacred Codex Readme Gallery,HISTORICAL_STAGING,[local path omitted in public preview]
HTML-0386,UNRESOLVED,UNRESOLVED,UNBOUND,🌐Sacred Codex Readme Gallery,HISTORICAL_STAGING,[local path omitted in public preview]
HTML-0168,UNRESOLVED,UNRESOLVED,UNBOUND,NEXAH_OPEN_SHELL_DOCUMENT_FAMILY_2026-09-14,CURRENT_SCIENCE_LAB,[local path omitted in public preview]
HTML-0119,UNRESOLVED,UNRESOLVED,UNBOUND,"NEXAH — Open Shell Schnitte, Kraft und Glyphen I",CURRENT_INCOMING,"[local path omitted in public preview]",html,5718,2026-09-13T17:58:18+02:00,Arc door and mirror return cycle,arc-door-return,2,7b54c7599db220afc8b97a20544e22523f2e886ed5a818956c6618b54ec1ce7c,HTML-DUP-047,2,svg,,INTERACTIVE_OR_VISUAL_HTML_CANDIDATE,0,EXACT_COPY_SECONDARY,HISTORICAL_VISUAL_OR_MECHANISM_SURFACE_UNVALIDATED,NO_SEPARATE_CONTENT_REVIEW
HTML-0615,UNRESOLVED,UNRESOLVED,UNBOUND,🟡 FADEN III ULLINIRISCHE GESCHICHTE & KOSMISCHE HERKUNFT,OTHER,[local path omitted in public preview]
HTML-0616,UNRESOLVED,UNRESOLVED,UNBOUND,🟡 FADEN III ULLINIRISCHE GESCHICHTE & KOSMISCHE HERKUNFT,OTHER,[local path omitted in public preview]
HTML-0037,UNRESOLVED,UNRESOLVED,UNBOUND,SYSTEM_9_TESSAREC / Mobius_Neutrino_Crown,CODEX_REPOSITORY,[local path omitted in public preview]
HTML-0288,UNRESOLVED,UNRESOLVED,UNBOUND,Github- GOOGLE FOTOS UPLOAD VISUALS,HISTORICAL_STAGING,[local path omitted in public preview]
HTML-0481,UNRESOLVED,UNRESOLVED,UNBOUND,Brotlaibidole,OTHER,[local path omitted in public preview]
HTML-0303,UNRESOLVED,UNRESOLVED,UNBOUND,Prime Drifts finsternis ... np..,HISTORICAL_STAGING,[local path omitted in public preview]
HTML-0155,UNRESOLVED,UNRESOLVED,UNBOUND,NEXAH_HTML_ORIENTATION_DEMONSTRATOR_SERIES,CURRENT_SCIENCE_LAB,[local path omitted in public preview]
HTML-0279,UNRESOLVED,UNRESOLVED,UNBOUND,Github- GOOGLE FOTOS UPLOAD VISUALS,HISTORICAL_STAGING,[local path omitted in public preview]
HTML-0009,UNRESOLVED,UNRESOLVED,UNBOUND,SYSTEM_2_PHYSICA / GRAND-CODEX,CODEX_REPOSITORY,[local path omitted in public preview]
HTML-0280,UNRESOLVED,UNRESOLVED,UNBOUND,Github- GOOGLE FOTOS UPLOAD VISUALS,HISTORICAL_STAGING,[local path omitted in public preview]
HTML-0010,UNRESOLVED,UNRESOLVED,UNBOUND,SYSTEM_2_PHYSICA / GRAND-CODEX,CODEX_REPOSITORY,[local path omitted in public preview]
HTML-0281,UNRESOLVED,UNRESOLVED,UNBOUND,Github- GOOGLE FOTOS UPLOAD VISUALS,HISTORICAL_STAGING,[local path omitted in public preview]
HTML-0011,UNRESOLVED,UNRESOLVED,UNBOUND,SYSTEM_2_PHYSICA / GRAND-CODEX,CODEX_REPOSITORY,[local path omitted in public preview]
HTML-0282,UNRESOLVED,UNRESOLVED,UNBOUND,Github- GOOGLE FOTOS UPLOAD VISUALS,HISTORICAL_STAGING,[local path omitted in public preview]
HTML-0012,UNRESOLVED,UNRESOLVED,UNBOUND,SYSTEM_2_PHYSICA / GRAND-CODEX,CODEX_REPOSITORY,[local path omitted in public preview]
HTML-0273,UNRESOLVED,UNRESOLVED,UNBOUND,Github- GOOGLE FOTOS UPLOAD VISUALS,HISTORICAL_STAGING,[local path omitted in public preview]
HTML-0003,UNRESOLVED,UNRESOLVED,UNBOUND,SYSTEM_2_PHYSICA / GRAND-CODEX,CODEX_REPOSITORY,[local path omitted in public preview]
HTML-0274,UNRESOLVED,UNRESOLVED,UNBOUND,Github- GOOGLE FOTOS UPLOAD VISUALS,HISTORICAL_STAGING,[local path omitted in public preview]
HTML-0004,UNRESOLVED,UNRESOLVED,UNBOUND,SYSTEM_2_PHYSICA / GRAND-CODEX,CODEX_REPOSITORY,[local path omitted in public preview]
HTML-0283,UNRESOLVED,UNRESOLVED,UNBOUND,Github- GOOGLE FOTOS UPLOAD VISUALS,HISTORICAL_STAGING,[local path omitted in public preview]
HTML-0013,UNRESOLVED,UNRESOLVED,UNBOUND,SYSTEM_2_PHYSICA / GRAND-CODEX,CODEX_REPOSITORY,[local path omitted in public preview]
HTML-0284,UNRESOLVED,UNRESOLVED,UNBOUND,Github- GOOGLE FOTOS UPLOAD VISUALS,HISTORICAL_STAGING,[local path omitted in public preview]
HTML-0014,UNRESOLVED,UNRESOLVED,UNBOUND,SYSTEM_2_PHYSICA / GRAND-CODEX,CODEX_REPOSITORY,[local path omitted in public preview]
HTML-0285,UNRESOLVED,UNRESOLVED,UNBOUND,Github- GOOGLE FOTOS UPLOAD VISUALS,HISTORICAL_STAGING,[local path omitted in public preview]
HTML-0015,UNRESOLVED,UNRESOLVED,UNBOUND,SYSTEM_2_PHYSICA / GRAND-CODEX,CODEX_REPOSITORY,[local path omitted in public preview]
HTML-0286,UNRESOLVED,UNRESOLVED,UNBOUND,Github- GOOGLE FOTOS UPLOAD VISUALS,HISTORICAL_STAGING,[local path omitted in public preview]
HTML-0016,UNRESOLVED,UNRESOLVED,UNBOUND,SYSTEM_2_PHYSICA / GRAND-CODEX,CODEX_REPOSITORY,[local path omitted in public preview]
HTML-0275,UNRESOLVED,UNRESOLVED,UNBOUND,Github- GOOGLE FOTOS UPLOAD VISUALS,HISTORICAL_STAGING,[local path omitted in public preview]
HTML-0005,UNRESOLVED,UNRESOLVED,UNBOUND,SYSTEM_2_PHYSICA / GRAND-CODEX,CODEX_REPOSITORY,[local path omitted in public preview]
HTML-0272,UNRESOLVED,UNRESOLVED,UNBOUND,Github- GOOGLE FOTOS UPLOAD VISUALS,HISTORICAL_STAGING,[local path omitted in public preview]
HTML-0287,UNRESOLVED,UNRESOLVED,UNBOUND,Github- GOOGLE FOTOS UPLOAD VISUALS,HISTORICAL_STAGING,[local path omitted in public preview]
HTML-0017,UNRESOLVED,UNRESOLVED,UNBOUND,SYSTEM_2_PHYSICA / GRAND-CODEX,CODEX_REPOSITORY,[local path omitted in public preview]
HTML-0276,UNRESOLVED,UNRESOLVED,UNBOUND,Github- GOOGLE FOTOS UPLOAD VISUALS,HISTORICAL_STAGING,[local path omitted in public preview]
HTML-0006,UNRESOLVED,UNRESOLVED,UNBOUND,SYSTEM_2_PHYSICA / GRAND-CODEX,CODEX_REPOSITORY,[local path omitted in public preview]
HTML-0277,UNRESOLVED,UNRESOLVED,UNBOUND,Github- GOOGLE FOTOS UPLOAD VISUALS,HISTORICAL_STAGING,[local path omitted in public preview]
HTML-0007,UNRESOLVED,UNRESOLVED,UNBOUND,SYSTEM_2_PHYSICA / GRAND-CODEX,CODEX_REPOSITORY,[local path omitted in public preview]
HTML-0491,UNRESOLVED,UNRESOLVED,UNBOUND,"Explanation Celestial objects, quazars, black, white holes, stars...",OTHER,"[local path omitted in public preview]",html,4745346,2025-05-10T17:40:33+02:00,plotly-logomark,cosmic-star-trio,1,05bc455abc0941bac965b7b2f956ca7197370634dfe65a289a596aefa616c175,,1,webgl|canvas|animation-loop|svg,,HTML5_3D_BRIDGE_CANDIDATE,5,STANDALONE_ENTRY_CANDIDATE,HISTORICAL_VISUAL_OR_MECHANISM_SURFACE_UNVALIDATED,PLAYBACK_ONLY_ON_CURRENT_DEMAND
HTML-0492,UNRESOLVED,UNRESOLVED,UNBOUND,"Explanation Celestial objects, quazars, black, white holes, stars...",OTHER,"[local path omitted in public preview]",html,4745336,2025-05-10T17:46:19+02:00,plotly-logomark,cosmic-star-trio-interactive,1,76b8e3cc72d980cecafb7eff66532b8bbfd11b97bdb040419b5a2ce8841f0d5f,,1,webgl|canvas|animation-loop|svg,,HTML5_3D_BRIDGE_CANDIDATE,5,STANDALONE_ENTRY_CANDIDATE,HISTORICAL_VISUAL_OR_MECHANISM_SURFACE_UNVALIDATED,PLAYBACK_ONLY_ON_CURRENT_DEMAND
HTML-0617,UNRESOLVED,UNRESOLVED,UNBOUND,🟡 FADEN III ULLINIRISCHE GESCHICHTE & KOSMISCHE HERKUNFT,OTHER,[local path omitted in public preview]
HTML-0618,UNRESOLVED,UNRESOLVED,UNBOUND,🟡 FADEN III ULLINIRISCHE GESCHICHTE & KOSMISCHE HERKUNFT,OTHER,[local path omitted in public preview]
HTML-0554,UNRESOLVED,UNRESOLVED,UNBOUND,🔋🧿 “Tachyon-Batterie & Spiralraum – Die Erith Resonanzfelder”,OTHER,[local path omitted in public preview]
HTML-0409,UNRESOLVED,UNRESOLVED,UNBOUND,🤟 🤟 Quaternion F-Axis.,HISTORICAL_STAGING,[local path omitted in public preview]
HTML-0555,UNRESOLVED,UNRESOLVED,UNBOUND,🔋🧿 “Tachyon-Batterie & Spiralraum – Die Erith Resonanzfelder”,OTHER,[local path omitted in public preview]
HTML-0532,UNRESOLVED,UNRESOLVED,UNBOUND,Sacred Maps,OTHER,[local path omitted in public preview]
HTML-0533,UNRESOLVED,UNRESOLVED,UNBOUND,Sacred Sites Graphs & Maps,OTHER,[local path omitted in public preview]
HTML-0141,UNRESOLVED,UNRESOLVED,UNBOUND,E8_DEMOS_INTERACTIVE_ORIENTATION_2026-09-21,CURRENT_SCIENCE_LAB,[local path omitted in public preview]
HTML-0156,UNRESOLVED,UNRESOLVED,UNBOUND,NEXAH_HTML_ORIENTATION_DEMONSTRATOR_SERIES,CURRENT_SCIENCE_LAB,[local path omitted in public preview]
HTML-0489,UNRESOLVED,UNRESOLVED,UNBOUND,Echolon Crypto Quest - Romeo_files,OTHER,[local path omitted in public preview]
HTML-0108,UNRESOLVED,UNRESOLVED,UNBOUND,30 SCIENCE LAB / NEXAH-Science-Lab,CURRENT_ECOSYSTEM,[local path omitted in public preview]"NEXAH / ORION Ecosystem Master Architecture, version 1",ecosystem-overview,1,42da93f0fc8cb851f99ed8efb6bfcece66f50782a5b4c6e27d1674e14af76d1b,,1,svg,,INTERACTIVE_OR_VISUAL_HTML_CANDIDATE,17,STANDALONE_ENTRY_CANDIDATE,HISTORICAL_VISUAL_OR_MECHANISM_SURFACE_UNVALIDATED,PLAYBACK_ONLY_ON_CURRENT_DEMAND
HTML-0556,UNRESOLVED,UNRESOLVED,UNBOUND,🔋🧿 “Tachyon-Batterie & Spiralraum – Die Erith Resonanzfelder”,OTHER,[local path omitted in public preview]
HTML-0557,UNRESOLVED,UNRESOLVED,UNBOUND,🔋🧿 “Tachyon-Batterie & Spiralraum – Die Erith Resonanzfelder”,OTHER,[local path omitted in public preview]
HTML-0493,UNRESOLVED,UNRESOLVED,UNBOUND,"Explanation Celestial objects, quazars, black, white holes, stars...",OTHER,"[local path omitted in public preview]",html,4687986,2025-05-10T17:21:54+02:00,plotly-logomark,fade-in-out-dual,1,1dba7399e08517cc798edd149ebbf0f09a19bb6b09fb4dd52ed1e354d4967bb2,,1,webgl|canvas|animation-loop|svg,,HTML5_3D_BRIDGE_CANDIDATE,5,STANDALONE_ENTRY_CANDIDATE,HISTORICAL_VISUAL_OR_MECHANISM_SURFACE_UNVALIDATED,PLAYBACK_ONLY_ON_CURRENT_DEMAND
HTML-0558,UNRESOLVED,UNRESOLVED,UNBOUND,🔋🧿 “Tachyon-Batterie & Spiralraum – Die Erith Resonanzfelder”,OTHER,[local path omitted in public preview]
HTML-0278,UNRESOLVED,UNRESOLVED,UNBOUND,Github- GOOGLE FOTOS UPLOAD VISUALS,HISTORICAL_STAGING,[local path omitted in public preview]
HTML-0008,UNRESOLVED,UNRESOLVED,UNBOUND,SYSTEM_2_PHYSICA / GRAND-CODEX,CODEX_REPOSITORY,[local path omitted in public preview]
HTML-0387,UNRESOLVED,UNRESOLVED,UNBOUND,🌐Sacred Codex Readme Gallery,HISTORICAL_STAGING,[local path omitted in public preview]
HTML-0388,UNRESOLVED,UNRESOLVED,UNBOUND,🌐Sacred Codex Readme Gallery,HISTORICAL_STAGING,[local path omitted in public preview]
HTML-0559,UNRESOLVED,UNRESOLVED,UNBOUND,🔋🧿 “Tachyon-Batterie & Spiralraum – Die Erith Resonanzfelder”,OTHER,[local path omitted in public preview]
HTML-0560,UNRESOLVED,UNRESOLVED,UNBOUND,🔋🧿 “Tachyon-Batterie & Spiralraum – Die Erith Resonanzfelder”,OTHER,[local path omitted in public preview]
HTML-0561,UNRESOLVED,UNRESOLVED,UNBOUND,🔋🧿 “Tachyon-Batterie & Spiralraum – Die Erith Resonanzfelder”,OTHER,[local path omitted in public preview]
HTML-0562,UNRESOLVED,UNRESOLVED,UNBOUND,🔋🧿 “Tachyon-Batterie & Spiralraum – Die Erith Resonanzfelder”,OTHER,[local path omitted in public preview]
HTML-0564,UNRESOLVED,UNRESOLVED,UNBOUND,🔋🧿 “Tachyon-Batterie & Spiralraum – Die Erith Resonanzfelder”,OTHER,[local path omitted in public preview]
HTML-0563,UNRESOLVED,UNRESOLVED,UNBOUND,🔋🧿 “Tachyon-Batterie & Spiralraum – Die Erith Resonanzfelder”,OTHER,[local path omitted in public preview]
HTML-0565,UNRESOLVED,UNRESOLVED,UNBOUND,🔋🧿 “Tachyon-Batterie & Spiralraum – Die Erith Resonanzfelder”,OTHER,[local path omitted in public preview]
HTML-0566,UNRESOLVED,UNRESOLVED,UNBOUND,🔋🧿 “Tachyon-Batterie & Spiralraum – Die Erith Resonanzfelder”,OTHER,[local path omitted in public preview]
HTML-0567,UNRESOLVED,UNRESOLVED,UNBOUND,🔋🧿 “Tachyon-Batterie & Spiralraum – Die Erith Resonanzfelder”,OTHER,[local path omitted in public preview]
HTML-0620,UNRESOLVED,UNRESOLVED,UNBOUND,🟡 FADEN III ULLINIRISCHE GESCHICHTE & KOSMISCHE HERKUNFT,OTHER,[local path omitted in public preview]
HTML-0157,UNRESOLVED,UNRESOLVED,UNBOUND,NEXAH_HTML_ORIENTATION_DEMONSTRATOR_SERIES,CURRENT_SCIENCE_LAB,[local path omitted in public preview]
HTML-0621,UNRESOLVED,UNRESOLVED,UNBOUND,🟡 FADEN III ULLINIRISCHE GESCHICHTE & KOSMISCHE HERKUNFT,OTHER,[local path omitted in public preview]
HTML-0300,UNRESOLVED,UNRESOLVED,UNBOUND,NEXAHEDRON ANIMA MUNDI,HISTORICAL_STAGING,[local path omitted in public preview]
HTML-0019,UNRESOLVED,UNRESOLVED,UNBOUND,SYSTEM_4_UNIVERSAL_RESONANCE_FIELDS / URF-Tensorraum,CODEX_REPOSITORY,[local path omitted in public preview]
HTML-0502,UNRESOLVED,UNRESOLVED,UNBOUND,Github HTML Upload,OTHER,"[local path omitted in public preview]",html,2965,2025-05-15T03:42:58+02:00,Hybrid Version - Photonic Crossfield,hybrid-photonic-crossfield,3,82fc92e2200c614abf37aaa805e35a26d3b069e26ca6c54eb302ba72144312a2,HTML-DUP-050,3,threejs|webgl|animation-loop,,HTML5_3D_BRIDGE_CANDIDATE,5,EXACT_COPY_SECONDARY,HISTORICAL_VISUAL_OR_MECHANISM_SURFACE_UNVALIDATED,NO_SEPARATE_CONTENT_REVIEW
HTML-0548,UNRESOLVED,UNRESOLVED,UNBOUND,"📘⚛️ Expanding the Standard Model Neue Dimensionen, Kräfte und Materie",OTHER,"[local path omitted in public preview]",html,2965,2025-05-15T03:42:58+02:00,Hybrid Version - Photonic Crossfield,hybrid-photonic-crossfield,3,82fc92e2200c614abf37aaa805e35a26d3b069e26ca6c54eb302ba72144312a2,HTML-DUP-050,3,threejs|webgl|animation-loop,,HTML5_3D_BRIDGE_CANDIDATE,5,EXACT_COPY_SECONDARY,HISTORICAL_VISUAL_OR_MECHANISM_SURFACE_UNVALIDATED,NO_SEPARATE_CONTENT_REVIEW
HTML-0622,UNRESOLVED,UNRESOLVED,UNBOUND,🟡 FADEN III ULLINIRISCHE GESCHICHTE & KOSMISCHE HERKUNFT,OTHER,[local path omitted in public preview]
HTML-0077,UNRESOLVED,UNRESOLVED,UNBOUND,20 ORION / NEXAH-ORION,CURRENT_ECOSYSTEM,[local path omitted in public preview]
HTML-0078,UNRESOLVED,UNRESOLVED,UNBOUND,20 ORION / NEXAH-ORION,CURRENT_ECOSYSTEM,[local path omitted in public preview]
HTML-0079,UNRESOLVED,UNRESOLVED,UNBOUND,20 ORION / NEXAH-ORION,CURRENT_ECOSYSTEM,[local path omitted in public preview]
HTML-0080,UNRESOLVED,UNRESOLVED,UNBOUND,20 ORION / NEXAH-ORION,CURRENT_ECOSYSTEM,[local path omitted in public preview]
HTML-0081,UNRESOLVED,UNRESOLVED,UNBOUND,20 ORION / NEXAH-ORION,CURRENT_ECOSYSTEM,[local path omitted in public preview]
HTML-0082,UNRESOLVED,UNRESOLVED,UNBOUND,20 ORION / NEXAH-ORION,CURRENT_ECOSYSTEM,[local path omitted in public preview]
HTML-0083,UNRESOLVED,UNRESOLVED,UNBOUND,20 ORION / NEXAH-ORION,CURRENT_ECOSYSTEM,[local path omitted in public preview]
HTML-0084,UNRESOLVED,UNRESOLVED,UNBOUND,20 ORION / NEXAH-ORION,CURRENT_ECOSYSTEM,[local path omitted in public preview]
HTML-0085,UNRESOLVED,UNRESOLVED,UNBOUND,20 ORION / NEXAH-ORION,CURRENT_ECOSYSTEM,[local path omitted in public preview]
HTML-0086,UNRESOLVED,UNRESOLVED,UNBOUND,20 ORION / NEXAH-ORION,CURRENT_ECOSYSTEM,[local path omitted in public preview]
HTML-0087,UNRESOLVED,UNRESOLVED,UNBOUND,20 ORION / NEXAH-ORION,CURRENT_ECOSYSTEM,[local path omitted in public preview]
HTML-0088,UNRESOLVED,UNRESOLVED,UNBOUND,20 ORION / NEXAH-ORION,CURRENT_ECOSYSTEM,[local path omitted in public preview]
HTML-0089,UNRESOLVED,UNRESOLVED,UNBOUND,20 ORION / NEXAH-ORION,CURRENT_ECOSYSTEM,[local path omitted in public preview]
HTML-0090,UNRESOLVED,UNRESOLVED,UNBOUND,20 ORION / NEXAH-ORION,CURRENT_ECOSYSTEM,[local path omitted in public preview]
HTML-0091,UNRESOLVED,UNRESOLVED,UNBOUND,20 ORION / NEXAH-ORION,CURRENT_ECOSYSTEM,[local path omitted in public preview]
HTML-0092,UNRESOLVED,UNRESOLVED,UNBOUND,20 ORION / NEXAH-ORION,CURRENT_ECOSYSTEM,[local path omitted in public preview]
HTML-0093,UNRESOLVED,UNRESOLVED,UNBOUND,20 ORION / NEXAH-ORION,CURRENT_ECOSYSTEM,[local path omitted in public preview]
HTML-0094,UNRESOLVED,UNRESOLVED,UNBOUND,20 ORION / NEXAH-ORION,CURRENT_ECOSYSTEM,[local path omitted in public preview]
HTML-0095,UNRESOLVED,UNRESOLVED,UNBOUND,20 ORION / NEXAH-ORION,CURRENT_ECOSYSTEM,[local path omitted in public preview]
HTML-0096,UNRESOLVED,UNRESOLVED,UNBOUND,20 ORION / NEXAH-ORION,CURRENT_ECOSYSTEM,[local path omitted in public preview]
HTML-0101,UNRESOLVED,UNRESOLVED,UNBOUND,20 ORION / NEXAH-ORION,CURRENT_ECOSYSTEM,[local path omitted in public preview]
HTML-0102,UNRESOLVED,UNRESOLVED,UNBOUND,20 ORION / NEXAH-ORION,CURRENT_ECOSYSTEM,[local path omitted in public preview]
HTML-0103,UNRESOLVED,UNRESOLVED,UNBOUND,20 ORION / NEXAH-ORION,CURRENT_ECOSYSTEM,[local path omitted in public preview]
HTML-0514,UNRESOLVED,UNRESOLVED,UNBOUND,laboratory,OTHER,[local path omitted in public preview]
HTML-0486,UNRESOLVED,UNRESOLVED,UNBOUND,current-work,OTHER,[local path omitted in public preview]
HTML-0515,UNRESOLVED,UNRESOLVED,UNBOUND,laboratory,OTHER,[local path omitted in public preview]
HTML-0525,UNRESOLVED,UNRESOLVED,UNBOUND,process,OTHER,[local path omitted in public preview]
HTML-0527,UNRESOLVED,UNRESOLVED,UNBOUND,repository,OTHER,[local path omitted in public preview]
HTML-0482,UNRESOLVED,UNRESOLVED,UNBOUND,cartography-laboratory,OTHER,[local path omitted in public preview]
HTML-0461,UNRESOLVED,UNRESOLVED,UNBOUND,01,OTHER,[local path omitted in public preview]
HTML-0462,UNRESOLVED,UNRESOLVED,UNBOUND,02,OTHER,[local path omitted in public preview]
HTML-0463,UNRESOLVED,UNRESOLVED,UNBOUND,03,OTHER,[local path omitted in public preview]
HTML-0464,UNRESOLVED,UNRESOLVED,UNBOUND,04,OTHER,[local path omitted in public preview]
HTML-0465,UNRESOLVED,UNRESOLVED,UNBOUND,05,OTHER,[local path omitted in public preview]
HTML-0466,UNRESOLVED,UNRESOLVED,UNBOUND,06,OTHER,[local path omitted in public preview]
HTML-0467,UNRESOLVED,UNRESOLVED,UNBOUND,07,OTHER,[local path omitted in public preview]
HTML-0468,UNRESOLVED,UNRESOLVED,UNBOUND,08,OTHER,[local path omitted in public preview]
HTML-0469,UNRESOLVED,UNRESOLVED,UNBOUND,09,OTHER,[local path omitted in public preview]
HTML-0470,UNRESOLVED,UNRESOLVED,UNBOUND,10,OTHER,[local path omitted in public preview]
HTML-0471,UNRESOLVED,UNRESOLVED,UNBOUND,11,OTHER,[local path omitted in public preview]
HTML-0472,UNRESOLVED,UNRESOLVED,UNBOUND,12,OTHER,[local path omitted in public preview]
HTML-0473,UNRESOLVED,UNRESOLVED,UNBOUND,13,OTHER,[local path omitted in public preview]
HTML-0526,UNRESOLVED,UNRESOLVED,UNBOUND,read,OTHER,[local path omitted in public preview]
HTML-0520,UNRESOLVED,UNRESOLVED,UNBOUND,nexah-mathematica-ii-drift-fields-recursive-structures,OTHER,[local path omitted in public preview]
HTML-0522,UNRESOLVED,UNRESOLVED,UNBOUND,nexah-mathematica-iv-unified-transition-fields-basin-architectures-2axd19e9tmc,OTHER,[local path omitted in public preview]
HTML-0521,UNRESOLVED,UNRESOLVED,UNBOUND,nexah-mathematica-iv-unified-transition-fields-basin-architectures,OTHER,[local path omitted in public preview]
HTML-0106,UNRESOLVED,UNRESOLVED,UNBOUND,30 SCIENCE LAB / NEXAH-Science-Lab,CURRENT_ECOSYSTEM,[local path omitted in public preview]"Körper, Platten, Karte und Kacheln als verschiedene Darstellungen",joint-projection-plates,1,17cbfea806690a19058b0fc03dc45808715b3c7bb2894e1259077f54e2519fea,,1,range-control|svg,,INTERACTIVE_OR_VISUAL_HTML_CANDIDATE,7,STANDALONE_ENTRY_CANDIDATE,HISTORICAL_VISUAL_OR_MECHANISM_SURFACE_UNVALIDATED,PLAYBACK_ONLY_ON_CURRENT_DEMAND
HTML-0623,UNRESOLVED,UNRESOLVED,UNBOUND,🟡 FADEN III ULLINIRISCHE GESCHICHTE & KOSMISCHE HERKUNFT,OTHER,[local path omitted in public preview]
HTML-0624,UNRESOLVED,UNRESOLVED,UNBOUND,🟡 FADEN III ULLINIRISCHE GESCHICHTE & KOSMISCHE HERKUNFT,OTHER,[local path omitted in public preview]
HTML-0625,UNRESOLVED,UNRESOLVED,UNBOUND,🟡 FADEN III ULLINIRISCHE GESCHICHTE & KOSMISCHE HERKUNFT,OTHER,[local path omitted in public preview]
HTML-0543,UNRESOLVED,UNRESOLVED,UNBOUND,🌌🔬⚛️The Multidimensional Frontier Expanding the Standard Model Beyond Matter,OTHER,[local path omitted in public preview]
HTML-0545,UNRESOLVED,UNRESOLVED,UNBOUND,🌌🔬⚛️The Multidimensional Frontier Expanding the Standard Model Beyond Matter,OTHER,[local path omitted in public preview]
HTML-0544,UNRESOLVED,UNRESOLVED,UNBOUND,🌌🔬⚛️The Multidimensional Frontier Expanding the Standard Model Beyond Matter,OTHER,[local path omitted in public preview]
HTML-0546,UNRESOLVED,UNRESOLVED,UNBOUND,🌌🔬⚛️The Multidimensional Frontier Expanding the Standard Model Beyond Matter,OTHER,[local path omitted in public preview]
HTML-0018,UNRESOLVED,UNRESOLVED,UNBOUND,SYSTEM_3_COSMICA_ASTROPHYSICA / Multidimensional-Frontier,CODEX_REPOSITORY,[local path omitted in public preview]
HTML-0547,UNRESOLVED,UNRESOLVED,UNBOUND,🌌🔬⚛️The Multidimensional Frontier Expanding the Standard Model Beyond Matter,OTHER,[local path omitted in public preview]
HTML-0568,UNRESOLVED,UNRESOLVED,UNBOUND,🔋🧿 “Tachyon-Batterie & Spiralraum – Die Erith Resonanzfelder”,OTHER,[local path omitted in public preview]
HTML-0569,UNRESOLVED,UNRESOLVED,UNBOUND,🔋🧿 “Tachyon-Batterie & Spiralraum – Die Erith Resonanzfelder”,OTHER,[local path omitted in public preview]
HTML-0626,UNRESOLVED,UNRESOLVED,UNBOUND,🟡 FADEN III ULLINIRISCHE GESCHICHTE & KOSMISCHE HERKUNFT,OTHER,[local path omitted in public preview]
HTML-0112,UNRESOLVED,UNRESOLVED,UNBOUND,30 SCIENCE LAB / NEXAH-Science-Lab,CURRENT_ECOSYSTEM,[local path omitted in public preview]
HTML-0113,UNRESOLVED,UNRESOLVED,UNBOUND,30 SCIENCE LAB / NEXAH-Science-Lab,CURRENT_ECOSYSTEM,[local path omitted in public preview]
HTML-0142,UNRESOLVED,UNRESOLVED,UNBOUND,E8_DEMOS_INTERACTIVE_ORIENTATION_2026-09-21,CURRENT_SCIENCE_LAB,[local path omitted in public preview]
HTML-0389,UNRESOLVED,UNRESOLVED,UNBOUND,🌐Sacred Codex Readme Gallery,HISTORICAL_STAGING,[local path omitted in public preview]
HTML-0390,UNRESOLVED,UNRESOLVED,UNBOUND,🌐Sacred Codex Readme Gallery,HISTORICAL_STAGING,[local path omitted in public preview]
HTML-0570,UNRESOLVED,UNRESOLVED,UNBOUND,🔋🧿 “Tachyon-Batterie & Spiralraum – Die Erith Resonanzfelder”,OTHER,[local path omitted in public preview]
HTML-0505,UNRESOLVED,UNRESOLVED,UNBOUND,Github HTMLs,OTHER,"[local path omitted in public preview]""THE THREAD COMPLETE AND SYTHESIS""/Github HTMLs/nexa_draconis_spine_map.html",html,12425,2025-04-02T16:38:43+02:00,,nexa-draconis-spine-map,2,04805f999860cb2dabdf901ea259680e4a9e836bca34918eef98640bd4816ff8,HTML-DUP-004,2,svg,,INTERACTIVE_OR_VISUAL_HTML_CANDIDATE,2,EXACT_COPY_SECONDARY,HISTORICAL_VISUAL_OR_MECHANISM_SURFACE_UNVALIDATED,NO_SEPARATE_CONTENT_REVIEW
HTML-0459,UNRESOLVED,UNRESOLVED,UNBOUND,"""THE THREAD COMPLETE AND SYTHESIS""",OTHER,"[local path omitted in public preview]""THE THREAD COMPLETE AND SYTHESIS""/nexa_draconis_spine_map.html",html,12425,2025-04-02T16:38:43+02:00,,nexa-draconis-spine-map,2,04805f999860cb2dabdf901ea259680e4a9e836bca34918eef98640bd4816ff8,HTML-DUP-004,2,svg,,INTERACTIVE_OR_VISUAL_HTML_CANDIDATE,2,EXACT_COPY_REFERENCE,HISTORICAL_VISUAL_OR_MECHANISM_SURFACE_UNVALIDATED,USE_AS_REVIEW_ENTRY_NOT_CANONICAL_MASTER
HTML-0506,UNRESOLVED,UNRESOLVED,UNBOUND,Github HTMLs,OTHER,"[local path omitted in public preview]""THE THREAD COMPLETE AND SYTHESIS""/Github HTMLs/nexa_draconis_star_energy_lines_map.html",html,17374,2025-04-02T17:09:01+02:00,,nexa-draconis-star-energy-lines-map,2,31b310592ef12a25f91c8e91d33e714a378e6607d85051fd5ed5bdf4443de68c,HTML-DUP-020,2,svg,,INTERACTIVE_OR_VISUAL_HTML_CANDIDATE,2,EXACT_COPY_SECONDARY,HISTORICAL_VISUAL_OR_MECHANISM_SURFACE_UNVALIDATED,NO_SEPARATE_CONTENT_REVIEW
HTML-0460,UNRESOLVED,UNRESOLVED,UNBOUND,"""THE THREAD COMPLETE AND SYTHESIS""",OTHER,"[local path omitted in public preview]""THE THREAD COMPLETE AND SYTHESIS""/nexa_draconis_star_energy_lines_map.html",html,17374,2025-04-02T17:09:01+02:00,,nexa-draconis-star-energy-lines-map,2,31b310592ef12a25f91c8e91d33e714a378e6607d85051fd5ed5bdf4443de68c,HTML-DUP-020,2,svg,,INTERACTIVE_OR_VISUAL_HTML_CANDIDATE,2,EXACT_COPY_REFERENCE,HISTORICAL_VISUAL_OR_MECHANISM_SURFACE_UNVALIDATED,USE_AS_REVIEW_ENTRY_NOT_CANONICAL_MASTER
HTML-0114,UNRESOLVED,UNRESOLVED,UNBOUND,30 SCIENCE LAB / NEXAH-Science-Lab,CURRENT_ECOSYSTEM,[local path omitted in public preview]
HTML-0185,UNRESOLVED,UNRESOLVED,UNBOUND,THREE_LIFE_SYSTEMS_PLUS_ONE_BINDER_VISUAL_SERIES_2026-08-24,CURRENT_SCIENCE_LAB,[local path omitted in public preview]
HTML-0158,UNRESOLVED,UNRESOLVED,UNBOUND,NEXAH_HTML_ORIENTATION_DEMONSTRATOR_SERIES,CURRENT_SCIENCE_LAB,[local path omitted in public preview]
HTML-0186,UNRESOLVED,UNRESOLVED,UNBOUND,THREE_LIFE_SYSTEMS_PLUS_ONE_BINDER_VISUAL_SERIES_2026-08-24,CURRENT_SCIENCE_LAB,[local path omitted in public preview]
HTML-0143,UNRESOLVED,UNRESOLVED,UNBOUND,E8_DEMOS_INTERACTIVE_ORIENTATION_2026-09-21,CURRENT_SCIENCE_LAB,[local path omitted in public preview]
HTML-0115,UNRESOLVED,UNRESOLVED,UNBOUND,30 SCIENCE LAB / NEXAH-Science-Lab,CURRENT_ECOSYSTEM,[local path omitted in public preview]
HTML-0159,UNRESOLVED,UNRESOLVED,UNBOUND,NEXAH_HTML_ORIENTATION_DEMONSTRATOR_SERIES,CURRENT_SCIENCE_LAB,[local path omitted in public preview]
HTML-0187,UNRESOLVED,UNRESOLVED,UNBOUND,THREE_LIFE_SYSTEMS_PLUS_ONE_BINDER_VISUAL_SERIES_2026-08-24,CURRENT_SCIENCE_LAB,[local path omitted in public preview]
HTML-0160,UNRESOLVED,UNRESOLVED,UNBOUND,NEXAH_HTML_ORIENTATION_DEMONSTRATOR_SERIES,CURRENT_SCIENCE_LAB,[local path omitted in public preview]
HTML-0116,UNRESOLVED,UNRESOLVED,UNBOUND,30 SCIENCE LAB / NEXAH-Science-Lab,CURRENT_ECOSYSTEM,[local path omitted in public preview]
HTML-0191,UNRESOLVED,UNRESOLVED,FAM-058,Desktop TASKS,DESKTOP_WORKING,[local path omitted in public preview]
HTML-0487,UNRESOLVED,UNRESOLVED,UNBOUND,diagrams,OTHER,[local path omitted in public preview]
HTML-0507,UNRESOLVED,UNRESOLVED,UNBOUND,htmls,OTHER,[local path omitted in public preview]
HTML-0508,UNRESOLVED,UNRESOLVED,UNBOUND,htmls,OTHER,[local path omitted in public preview]
HTML-0509,UNRESOLVED,UNRESOLVED,UNBOUND,htmls,OTHER,[local path omitted in public preview]"NEXAH · X.1.3 (Drag+Save, Play, Per-Frame)",nexah-interactive-x1-3,1,4e998dc3f8db3e8226d58bcf8c47b363e9e739310efba03d7f8e78626ad2177a,,1,range-control|svg,,INTERACTIVE_OR_VISUAL_HTML_CANDIDATE,0,STANDALONE_ENTRY_CANDIDATE,HISTORICAL_VISUAL_OR_MECHANISM_SURFACE_UNVALIDATED,PLAYBACK_ONLY_ON_CURRENT_DEMAND
HTML-0510,UNRESOLVED,UNRESOLVED,UNBOUND,htmls,OTHER,[local path omitted in public preview]
HTML-0511,UNRESOLVED,UNRESOLVED,UNBOUND,htmls,OTHER,[local path omitted in public preview]
HTML-0151,UNRESOLVED,UNRESOLVED,UNBOUND,NEXAH LAB Operator demonstrator,CURRENT_SCIENCE_LAB,[local path omitted in public preview]
HTML-0188,UNRESOLVED,UNRESOLVED,UNBOUND,THREE_LIFE_SYSTEMS_PLUS_ONE_BINDER_VISUAL_SERIES_2026-08-24,CURRENT_SCIENCE_LAB,[local path omitted in public preview]
HTML-0189,UNRESOLVED,UNRESOLVED,UNBOUND,THREE_LIFE_SYSTEMS_PLUS_ONE_BINDER_VISUAL_SERIES_2026-08-24,CURRENT_SCIENCE_LAB,[local path omitted in public preview]
HTML-0152,UNRESOLVED,UNRESOLVED,UNBOUND,NEXAH LAB Operator demonstrator,CURRENT_SCIENCE_LAB,[local path omitted in public preview]
HTML-0154,UNRESOLVED,UNRESOLVED,UNBOUND,NEXAH LAB Operator demonstrator,CURRENT_SCIENCE_LAB,[local path omitted in public preview]
HTML-0153,UNRESOLVED,UNRESOLVED,UNBOUND,NEXAH LAB Operator demonstrator,CURRENT_SCIENCE_LAB,[local path omitted in public preview]
HTML-0179,UNRESOLVED,UNRESOLVED,UNBOUND,ROEDELHEIM_HISTORY_AND_TOPOGRAPHY_2026-09-25,CURRENT_SCIENCE_LAB,[local path omitted in public preview]
HTML-0180,UNRESOLVED,UNRESOLVED,UNBOUND,ROEDELHEIM_HISTORY_AND_TOPOGRAPHY_2026-09-25,CURRENT_SCIENCE_LAB,[local path omitted in public preview]
HTML-0178,UNRESOLVED,UNRESOLVED,UNBOUND,ROEDELHEIM_HISTORY_AND_TOPOGRAPHY_2026-09-25,CURRENT_SCIENCE_LAB,[local path omitted in public preview]
HTML-0181,UNRESOLVED,UNRESOLVED,UNBOUND,ROEDELHEIM_HISTORY_AND_TOPOGRAPHY_2026-09-25,CURRENT_SCIENCE_LAB,[local path omitted in public preview]
HTML-0172,UNRESOLVED,UNRESOLVED,UNBOUND,NEXAH_ROOT7_CUSTODY_2026-09-28,CURRENT_SCIENCE_LAB,[local path omitted in public preview]
HTML-0173,UNRESOLVED,UNRESOLVED,UNBOUND,NEXAH_ROOT7_CUSTODY_2026-09-28,CURRENT_SCIENCE_LAB,[local path omitted in public preview]
HTML-0170,UNRESOLVED,UNRESOLVED,UNBOUND,NEXAH_ROOT7_CUSTODY_2026-09-28,CURRENT_SCIENCE_LAB,[local path omitted in public preview]
HTML-0171,UNRESOLVED,UNRESOLVED,UNBOUND,NEXAH_ROOT7_CUSTODY_2026-09-28,CURRENT_SCIENCE_LAB,[local path omitted in public preview]
HTML-0117,UNRESOLVED,UNRESOLVED,UNBOUND,30 SCIENCE LAB / NEXAH-Science-Lab,CURRENT_ECOSYSTEM,[local path omitted in public preview]
HTML-0062,UNRESOLVED,UNRESOLVED,UNBOUND,00 EXECUTIVE / NEXAH-Mission-Control,CURRENT_ECOSYSTEM,[private Mission Control root omitted]/NEXAH-Mission-Control/INTAKE/M-INC01_DESKTOP_INCOMING_RECONCILIATION/QUARANTINE/2026-08-14 — DESKTOP ROOT CAPTURE/ORi°N_VISION_TO DOS./nexah's TOI - under Translation/NEXAH_thread_parameter_space_animated.html,html,5106,2026-08-12T14:15:28+02:00,NEXAH — Thread Through Parameter Space,nexah-thread-parameter-space-animated,1,01fc758b4d021ff0de050aa120a31f6df6a49a738d042f2745603bdeb374b625,,1,animation-loop|range-control|svg,,INTERACTIVE_OR_VISUAL_HTML_CANDIDATE,1,STANDALONE_ENTRY_CANDIDATE,HISTORICAL_VISUAL_OR_MECHANISM_SURFACE_UNVALIDATED,PLAYBACK_ONLY_ON_CURRENT_DEMAND
HTML-0059,UNRESOLVED,UNRESOLVED,UNBOUND,00 EXECUTIVE / NEXAH-Mission-Control,CURRENT_ECOSYSTEM,[private Mission Control root omitted]/NEXAH-Mission-Control/INTAKE/M-INC01_DESKTOP_INCOMING_RECONCILIATION/QUARANTINE/2026-08-14 — DESKTOP ROOT CAPTURE/ORi°N_VISION_TO DOS./Nexah Transition Machine/NEXA V instrument/nexahedron_v2/nexahedron-v2.html,html,10053,2026-08-13T17:40:35+02:00,NEXAHEDRON V2 - Orientation & Translation Lab,nexahedron,3,bf16d489200be646026f17d95a1e8bbab6a544a81010b07c9d654f2ba082425c,,1,canvas|animation-loop|range-control,,INTERACTIVE_OR_VISUAL_HTML_CANDIDATE,3,SERIES_SECONDARY,HISTORICAL_VISUAL_OR_MECHANISM_SURFACE_UNVALIDATED,PRESERVE_PROVENANCE_NO_DEFAULT_REVIEW
HTML-0060,UNRESOLVED,UNRESOLVED,UNBOUND,00 EXECUTIVE / NEXAH-Mission-Control,CURRENT_ECOSYSTEM,[private Mission Control root omitted]/NEXAH-Mission-Control/INTAKE/M-INC01_DESKTOP_INCOMING_RECONCILIATION/QUARANTINE/2026-08-14 — DESKTOP ROOT CAPTURE/ORi°N_VISION_TO DOS./Nexah Transition Machine/NEXA V instrument/nexahedron_v2_1/nexahedron-v2.1.html,html,11246,2026-08-13T16:06:34+02:00,NEXAHEDRON V2 - Orientation & Translation Lab,nexahedron,3,3aa35ba06bdee5c6ae6d5f317db4f1ccda6c7f232495df6be5f9e44fb2703407,,1,canvas|animation-loop|range-control,,INTERACTIVE_OR_VISUAL_HTML_CANDIDATE,3,SERIES_SECONDARY,HISTORICAL_VISUAL_OR_MECHANISM_SURFACE_UNVALIDATED,PRESERVE_PROVENANCE_NO_DEFAULT_REVIEW
HTML-0061,UNRESOLVED,UNRESOLVED,UNBOUND,00 EXECUTIVE / NEXAH-Mission-Control,CURRENT_ECOSYSTEM,[private Mission Control root omitted]/NEXAH-Mission-Control/INTAKE/M-INC01_DESKTOP_INCOMING_RECONCILIATION/QUARANTINE/2026-08-14 — DESKTOP ROOT CAPTURE/ORi°N_VISION_TO DOS./Nexah Transition Machine/NEXA V instrument/nexahedron_v3/nexahedron-v3.html,html,7177,2026-08-13T16:11:20+02:00,NEXAHEDRON V3 — Inner / Algo / Outer,nexahedron,3,f792bb7ad784f40ea2fb3c99e67925c4003828f9bf43aa2557b9eea97489824b,,1,canvas|animation-loop|range-control,,INTERACTIVE_OR_VISUAL_HTML_CANDIDATE,3,SERIES_ENTRY_CANDIDATE,HISTORICAL_VISUAL_OR_MECHANISM_SURFACE_UNVALIDATED,PLAYBACK_ONLY_ON_CURRENT_DEMAND
HTML-0571,UNRESOLVED,UNRESOLVED,UNBOUND,🔋🧿 “Tachyon-Batterie & Spiralraum – Die Erith Resonanzfelder”,OTHER,[local path omitted in public preview]
HTML-0169,UNRESOLVED,UNRESOLVED,UNBOUND,NEXAH_ORI04_READER_HANDOFF_UTILITY_2026-09-26,CURRENT_SCIENCE_LAB,[local path omitted in public preview]
HTML-0020,UNRESOLVED,UNRESOLVED,UNBOUND,SYSTEM_4_UNIVERSAL_RESONANCE_FIELDS / URF-Tensorraum,CODEX_REPOSITORY,[local path omitted in public preview]
HTML-0503,UNRESOLVED,UNRESOLVED,UNBOUND,Github HTML Upload,OTHER,"[local path omitted in public preview]",html,3343,2025-05-15T03:39:49+02:00,Mode D - Photonic Crossfield,photonic-crossfield,3,676083314d3efe559b7283aba18cde75e4fda6698c0827058f9c53ca6004fed2,HTML-DUP-039,3,threejs|webgl|animation-loop,,HTML5_3D_BRIDGE_CANDIDATE,5,EXACT_COPY_SECONDARY,HISTORICAL_VISUAL_OR_MECHANISM_SURFACE_UNVALIDATED,NO_SEPARATE_CONTENT_REVIEW
HTML-0549,UNRESOLVED,UNRESOLVED,UNBOUND,"📘⚛️ Expanding the Standard Model Neue Dimensionen, Kräfte und Materie",OTHER,"[local path omitted in public preview]",html,3343,2025-05-15T03:39:49+02:00,Mode D - Photonic Crossfield,photonic-crossfield,3,676083314d3efe559b7283aba18cde75e4fda6698c0827058f9c53ca6004fed2,HTML-DUP-039,3,threejs|webgl|animation-loop,,HTML5_3D_BRIDGE_CANDIDATE,5,EXACT_COPY_SECONDARY,HISTORICAL_VISUAL_OR_MECHANISM_SURFACE_UNVALIDATED,NO_SEPARATE_CONTENT_REVIEW
HTML-0627,UNRESOLVED,UNRESOLVED,UNBOUND,🟡 FADEN III ULLINIRISCHE GESCHICHTE & KOSMISCHE HERKUNFT,OTHER,[local path omitted in public preview]
HTML-0161,UNRESOLVED,UNRESOLVED,UNBOUND,NEXAH_HTML_ORIENTATION_DEMONSTRATOR_SERIES,CURRENT_SCIENCE_LAB,[local path omitted in public preview]
HTML-0411,UNRESOLVED,UNRESOLVED,FAM-028,🧊H2O__THREAD XVIII – H₂O Anomalies & Lunar–Eris Resonance_ΔΓ Alchemia Transition_,HISTORICAL_STAGING,[local path omitted in public preview]
HTML-0412,UNRESOLVED,UNRESOLVED,FAM-028,🧊H2O__THREAD XVIII – H₂O Anomalies & Lunar–Eris Resonance_ΔΓ Alchemia Transition_,HISTORICAL_STAGING,[local path omitted in public preview]
HTML-0632,UNRESOLVED,UNRESOLVED,UNBOUND,🟣 FADEN II SPIEGEL-INTELLIGENZ & RESONANTE KI,OTHER,[local path omitted in public preview]
HTML-0541,UNRESOLVED,UNRESOLVED,UNBOUND,Võ Thị Sáu - Möbius VIET,OTHER,[local path omitted in public preview]
HTML-0301,UNRESOLVED,UNRESOLVED,UNBOUND,NEXAHEDRON ANIMA MUNDI,HISTORICAL_STAGING,[local path omitted in public preview]
HTML-0107,UNRESOLVED,UNRESOLVED,UNBOUND,30 SCIENCE LAB / NEXAH-Science-Lab,CURRENT_ECOSYSTEM,[local path omitted in public preview]
HTML-0513,UNRESOLVED,UNRESOLVED,UNBOUND,II🔺💫🔮 Ullinirium Framework Dimensional Resonance II.,OTHER,[local path omitted in public preview]
HTML-0410,UNRESOLVED,UNRESOLVED,UNBOUND,🤟 🤟 Quaternion F-Axis.,HISTORICAL_STAGING,[local path omitted in public preview]
HTML-0305,UNRESOLVED,UNRESOLVED,UNBOUND,Quaternion Matroyschka BOLAs and II Belts + Arrokoth,HISTORICAL_STAGING,[local path omitted in public preview]
HTML-0306,UNRESOLVED,UNRESOLVED,UNBOUND,Quaternion Matroyschka BOLAs and II Belts + Arrokoth,HISTORICAL_STAGING,[local path omitted in public preview]
HTML-0391,UNRESOLVED,UNRESOLVED,UNBOUND,🌐Sacred Codex Readme Gallery,HISTORICAL_STAGING,[local path omitted in public preview]
HTML-0308,UNRESOLVED,UNRESOLVED,UNBOUND,Quaternion Matroyschka BOLAs and II Belts + Arrokoth,HISTORICAL_STAGING,[local path omitted in public preview]
HTML-0392,UNRESOLVED,UNRESOLVED,UNBOUND,🌐Sacred Codex Readme Gallery,HISTORICAL_STAGING,[local path omitted in public preview]
HTML-0309,UNRESOLVED,UNRESOLVED,UNBOUND,Quaternion Matroyschka BOLAs and II Belts + Arrokoth,HISTORICAL_STAGING,[local path omitted in public preview]
HTML-0310,UNRESOLVED,UNRESOLVED,UNBOUND,Quaternion Matroyschka BOLAs and II Belts + Arrokoth,HISTORICAL_STAGING,[local path omitted in public preview]
HTML-0393,UNRESOLVED,UNRESOLVED,UNBOUND,🌐Sacred Codex Readme Gallery,HISTORICAL_STAGING,[local path omitted in public preview]
HTML-0311,UNRESOLVED,UNRESOLVED,UNBOUND,Quaternion Matroyschka BOLAs and II Belts + Arrokoth,HISTORICAL_STAGING,[local path omitted in public preview]
HTML-0312,UNRESOLVED,UNRESOLVED,UNBOUND,Quaternion Matroyschka BOLAs and II Belts + Arrokoth,HISTORICAL_STAGING,[local path omitted in public preview]
HTML-0313,UNRESOLVED,UNRESOLVED,UNBOUND,Quaternion Matroyschka BOLAs and II Belts + Arrokoth,HISTORICAL_STAGING,[local path omitted in public preview]
HTML-0314,UNRESOLVED,UNRESOLVED,UNBOUND,Quaternion Matroyschka BOLAs and II Belts + Arrokoth,HISTORICAL_STAGING,[local path omitted in public preview]
HTML-0394,UNRESOLVED,UNRESOLVED,UNBOUND,🌐Sacred Codex Readme Gallery,HISTORICAL_STAGING,[local path omitted in public preview]
HTML-0162,UNRESOLVED,UNRESOLVED,UNBOUND,NEXAH_HTML_ORIENTATION_DEMONSTRATOR_SERIES,CURRENT_SCIENCE_LAB,[local path omitted in public preview]
HTML-0572,UNRESOLVED,UNRESOLVED,UNBOUND,🔋🧿 “Tachyon-Batterie & Spiralraum – Die Erith Resonanzfelder”,OTHER,[local path omitted in public preview]
HTML-0573,UNRESOLVED,UNRESOLVED,UNBOUND,🔋🧿 “Tachyon-Batterie & Spiralraum – Die Erith Resonanzfelder”,OTHER,[local path omitted in public preview]
HTML-0574,UNRESOLVED,UNRESOLVED,UNBOUND,🔋🧿 “Tachyon-Batterie & Spiralraum – Die Erith Resonanzfelder”,OTHER,[local path omitted in public preview]
HTML-0575,UNRESOLVED,UNRESOLVED,UNBOUND,🔋🧿 “Tachyon-Batterie & Spiralraum – Die Erith Resonanzfelder”,OTHER,[local path omitted in public preview]
HTML-0576,UNRESOLVED,UNRESOLVED,UNBOUND,🔋🧿 “Tachyon-Batterie & Spiralraum – Die Erith Resonanzfelder”,OTHER,[local path omitted in public preview]
HTML-0577,UNRESOLVED,UNRESOLVED,UNBOUND,🔋🧿 “Tachyon-Batterie & Spiralraum – Die Erith Resonanzfelder”,OTHER,[local path omitted in public preview]
HTML-0063,UNRESOLVED,UNRESOLVED,UNBOUND,00 EXECUTIVE / NEXAH-Mission-Control,CURRENT_ECOSYSTEM,[private Mission Control root omitted]/NEXAH-Mission-Control/ROEDELHEIM_OBSERVATORY_BUNDLE/ROEDELHEIM_OBSERVATORY_09_THE_BREATHING_ZODIAC_FIELD.html,html,38064,2026-07-27T00:39:15+02:00,The Breathing Zodiac Field,roedelheim-observatory-09-the-breathing-zodiac-field,2,c1defda652fc87b6aa32179c10feca91c1288677c521efb276c5c75c16d6e6b4,HTML-DUP-072,2,range-control|svg,,INTERACTIVE_OR_VISUAL_HTML_CANDIDATE,5,EXACT_COPY_REFERENCE,HISTORICAL_VISUAL_OR_MECHANISM_SURFACE_UNVALIDATED,USE_AS_REVIEW_ENTRY_NOT_CANONICAL_MASTER
HTML-0528,UNRESOLVED,UNRESOLVED,UNBOUND,rödelheim_observatory II,OTHER,[local path omitted in public preview]
HTML-0064,UNRESOLVED,UNRESOLVED,UNBOUND,00 EXECUTIVE / NEXAH-Mission-Control,CURRENT_ECOSYSTEM,[private Mission Control root omitted]/NEXAH-Mission-Control/ROEDELHEIM_OBSERVATORY_BUNDLE/ROEDELHEIM_OBSERVATORY_13_THE_RETURNING_THREAD.html,html,35039,2026-07-27T01:11:04+02:00,The Returning Thread,roedelheim-observatory-13-the-returning-thread,2,cbcf71770e5144d13d5e733407b5eaf119adda66ce5f10e3a4e1c958e6de1726,HTML-DUP-077,2,range-control|svg,,INTERACTIVE_OR_VISUAL_HTML_CANDIDATE,5,EXACT_COPY_REFERENCE,HISTORICAL_VISUAL_OR_MECHANISM_SURFACE_UNVALIDATED,USE_AS_REVIEW_ENTRY_NOT_CANONICAL_MASTER
HTML-0529,UNRESOLVED,UNRESOLVED,UNBOUND,rödelheim_observatory II,OTHER,[local path omitted in public preview]
HTML-0065,UNRESOLVED,UNRESOLVED,UNBOUND,00 EXECUTIVE / NEXAH-Mission-Control,CURRENT_ECOSYSTEM,[private Mission Control root omitted]/NEXAH-Mission-Control/ROEDELHEIM_OBSERVATORY_BUNDLE/ROEDELHEIM_OBSERVATORY_DOUBLE_CUT_LAB_0_2.html,html,69680,2026-07-28T19:56:26+02:00,Rödelheim Observatory — Lab 0.2: The Double Cut,roedelheim-observatory-double-cut-lab-0-2,2,e766fed5e0f7086a7f71ebb099e0206e0dd608620e396528d22b7d6d1723ac71,HTML-DUP-086,2,animation-loop,,INTERACTIVE_OR_VISUAL_HTML_CANDIDATE,7,EXACT_COPY_REFERENCE,HISTORICAL_VISUAL_OR_MECHANISM_SURFACE_UNVALIDATED,USE_AS_REVIEW_ENTRY_NOT_CANONICAL_MASTER
HTML-0530,UNRESOLVED,UNRESOLVED,UNBOUND,rödelheim_observatory II,OTHER,[local path omitted in public preview]
HTML-0066,UNRESOLVED,UNRESOLVED,UNBOUND,00 EXECUTIVE / NEXAH-Mission-Control,CURRENT_ECOSYSTEM,[private Mission Control root omitted]/NEXAH-Mission-Control/ROEDELHEIM_OBSERVATORY_BUNDLE/ROEDELHEIM_OBSERVATORY_LORENZ_BLIND_WINDOW_LAB_0_3.html,html,17025,2026-07-28T21:03:11+02:00,Rödelheim Observatory — Lorenz Blind Window Lab 0.3,roedelheim-observatory-lorenz-blind-window-lab-0-3,1,3de1b02116c22bc0af76a3ad91d709fd805d73ba5da6b0a07102ff475e2f036d,,1,canvas,,INTERACTIVE_OR_VISUAL_HTML_CANDIDATE,7,STANDALONE_ENTRY_CANDIDATE,HISTORICAL_VISUAL_OR_MECHANISM_SURFACE_UNVALIDATED,PLAYBACK_ONLY_ON_CURRENT_DEMAND
HTML-0067,UNRESOLVED,UNRESOLVED,UNBOUND,00 EXECUTIVE / NEXAH-Mission-Control,CURRENT_ECOSYSTEM,[private Mission Control root omitted]/NEXAH-Mission-Control/ROEDELHEIM_OBSERVATORY_BUNDLE/ROEDELHEIM_OBSERVATORY_PHASE_PROJECTION_COMPLEMENT_LAB.html,html,52904,2026-07-28T19:19:12+02:00,Phase Projection Complement Lab,roedelheim-observatory-phase-projection-complement-lab,2,d75b47f25ed55fbb1db195008220eec2a1eeec963738b3f119dd93161b2a3150,HTML-DUP-079,2,animation-loop,,INTERACTIVE_OR_VISUAL_HTML_CANDIDATE,7,EXACT_COPY_REFERENCE,HISTORICAL_VISUAL_OR_MECHANISM_SURFACE_UNVALIDATED,USE_AS_REVIEW_ENTRY_NOT_CANONICAL_MASTER
HTML-0531,UNRESOLVED,UNRESOLVED,UNBOUND,rödelheim_observatory II,OTHER,[local path omitted in public preview]
HTML-0068,UNRESOLVED,UNRESOLVED,UNBOUND,00 EXECUTIVE / NEXAH-Mission-Control,CURRENT_ECOSYSTEM,[private Mission Control root omitted]/NEXAH-Mission-Control/ROEDELHEIM_OBSERVATORY_BUNDLE/ROEDELHEIM_OBSERVATORY_THREAD_LOOM_PROJECTION_LAB_0_4.html,html,18646,2026-07-29T00:28:46+02:00,Rödelheim Observatory — Thread Loom Projection Test · Lab 0.4,roedelheim-observatory-thread-loom-projection-lab-0-4,4,d02c7046efb79efccdc86533fee3a885806e86c99b6f27cfe5b9de0a769ad1f6,HTML-DUP-078,4,canvas|animation-loop|range-control,,INTERACTIVE_OR_VISUAL_HTML_CANDIDATE,3,EXACT_COPY_REFERENCE,HISTORICAL_VISUAL_OR_MECHANISM_SURFACE_UNVALIDATED,USE_AS_REVIEW_ENTRY_NOT_CANONICAL_MASTER
HTML-0109,UNRESOLVED,UNRESOLVED,UNBOUND,30 SCIENCE LAB / NEXAH-Science-Lab,CURRENT_ECOSYSTEM,[local path omitted in public preview]
HTML-0110,UNRESOLVED,UNRESOLVED,UNBOUND,30 SCIENCE LAB / NEXAH-Science-Lab,CURRENT_ECOSYSTEM,[local path omitted in public preview]
HTML-0111,UNRESOLVED,UNRESOLVED,UNBOUND,30 SCIENCE LAB / NEXAH-Science-Lab,CURRENT_ECOSYSTEM,[local path omitted in public preview]
HTML-0182,UNRESOLVED,UNRESOLVED,UNBOUND,ROEDELHEIM_HISTORY_AND_TOPOGRAPHY_2026-09-25,CURRENT_SCIENCE_LAB,[local path omitted in public preview]
HTML-0578,UNRESOLVED,UNRESOLVED,UNBOUND,🔋🧿 “Tachyon-Batterie & Spiralraum – Die Erith Resonanzfelder”,OTHER,[local path omitted in public preview]
HTML-0395,UNRESOLVED,UNRESOLVED,UNBOUND,🌐Sacred Codex Readme Gallery,HISTORICAL_STAGING,[local path omitted in public preview]
HTML-0396,UNRESOLVED,UNRESOLVED,UNBOUND,🌐Sacred Codex Readme Gallery,HISTORICAL_STAGING,[local path omitted in public preview]
HTML-0397,UNRESOLVED,UNRESOLVED,UNBOUND,🌐Sacred Codex Readme Gallery,HISTORICAL_STAGING,[local path omitted in public preview]
HTML-0490,UNRESOLVED,UNRESOLVED,UNBOUND,Echolon Crypto Quest - Romeo_files,OTHER,[local path omitted in public preview]
HTML-0357,UNRESOLVED,UNRESOLVED,FAM-009,⚙️ URQUEST · Universal Machine Build Briefing,HISTORICAL_STAGING,[local path omitted in public preview]
HTML-0356,UNRESOLVED,UNRESOLVED,FAM-009,⚙️ URQUEST · Universal Machine Build Briefing,HISTORICAL_STAGING,[local path omitted in public preview]
HTML-0579,UNRESOLVED,UNRESOLVED,UNBOUND,🔋🧿 “Tachyon-Batterie & Spiralraum – Die Erith Resonanzfelder”,OTHER,[local path omitted in public preview]
HTML-0580,UNRESOLVED,UNRESOLVED,UNBOUND,🔋🧿 “Tachyon-Batterie & Spiralraum – Die Erith Resonanzfelder”,OTHER,[local path omitted in public preview]
HTML-0496,UNRESOLVED,UNRESOLVED,UNBOUND,"Explanation Celestial objects, quazars, black, white holes, stars...",OTHER,"[local path omitted in public preview]",html,4741860,2025-05-10T17:37:20+02:00,plotly-logomark,spiral-kosmologie-animation,1,4c237f75842739dc6c739949de7cca97097fe1097defee2ac370e1e084111ce1,,1,webgl|canvas|animation-loop|svg,,HTML5_3D_BRIDGE_CANDIDATE,5,STANDALONE_ENTRY_CANDIDATE,HISTORICAL_VISUAL_OR_MECHANISM_SURFACE_UNVALIDATED,PLAYBACK_ONLY_ON_CURRENT_DEMAND
HTML-0581,UNRESOLVED,UNRESOLVED,UNBOUND,🔋🧿 “Tachyon-Batterie & Spiralraum – Die Erith Resonanzfelder”,OTHER,[local path omitted in public preview]
HTML-0582,UNRESOLVED,UNRESOLVED,UNBOUND,🔋🧿 “Tachyon-Batterie & Spiralraum – Die Erith Resonanzfelder”,OTHER,[local path omitted in public preview]
HTML-0583,UNRESOLVED,UNRESOLVED,UNBOUND,🔋🧿 “Tachyon-Batterie & Spiralraum – Die Erith Resonanzfelder”,OTHER,[local path omitted in public preview]
HTML-0584,UNRESOLVED,UNRESOLVED,UNBOUND,🔋🧿 “Tachyon-Batterie & Spiralraum – Die Erith Resonanzfelder”,OTHER,[local path omitted in public preview]
HTML-0585,UNRESOLVED,UNRESOLVED,UNBOUND,🔋🧿 “Tachyon-Batterie & Spiralraum – Die Erith Resonanzfelder”,OTHER,[local path omitted in public preview]
HTML-0586,UNRESOLVED,UNRESOLVED,UNBOUND,🔋🧿 “Tachyon-Batterie & Spiralraum – Die Erith Resonanzfelder”,OTHER,[local path omitted in public preview]
HTML-0587,UNRESOLVED,UNRESOLVED,UNBOUND,🔋🧿 “Tachyon-Batterie & Spiralraum – Die Erith Resonanzfelder”,OTHER,[local path omitted in public preview]
HTML-0163,UNRESOLVED,UNRESOLVED,UNBOUND,NEXAH_HTML_ORIENTATION_DEMONSTRATOR_SERIES,CURRENT_SCIENCE_LAB,[local path omitted in public preview]
HTML-0164,UNRESOLVED,UNRESOLVED,UNBOUND,NEXAH_HTML_ORIENTATION_DEMONSTRATOR_SERIES,CURRENT_SCIENCE_LAB,[local path omitted in public preview]
HTML-0038,UNRESOLVED,UNRESOLVED,UNBOUND,SYSTEM_Y_RESONANTIA-Join_Codex / SATELLITE_∞_NEXAH,CODEX_REPOSITORY,[local path omitted in public preview]
HTML-0534,UNRESOLVED,UNRESOLVED,UNBOUND,SAT Test,OTHER,[local path omitted in public preview]
HTML-0588,UNRESOLVED,UNRESOLVED,UNBOUND,🔋🧿 “Tachyon-Batterie & Spiralraum – Die Erith Resonanzfelder”,OTHER,[local path omitted in public preview]
HTML-0589,UNRESOLVED,UNRESOLVED,UNBOUND,🔋🧿 “Tachyon-Batterie & Spiralraum – Die Erith Resonanzfelder”,OTHER,[local path omitted in public preview]
HTML-0590,UNRESOLVED,UNRESOLVED,UNBOUND,🔋🧿 “Tachyon-Batterie & Spiralraum – Die Erith Resonanzfelder”,OTHER,[local path omitted in public preview]
HTML-0591,UNRESOLVED,UNRESOLVED,UNBOUND,🔋🧿 “Tachyon-Batterie & Spiralraum – Die Erith Resonanzfelder”,OTHER,[local path omitted in public preview]
HTML-0592,UNRESOLVED,UNRESOLVED,UNBOUND,🔋🧿 “Tachyon-Batterie & Spiralraum – Die Erith Resonanzfelder”,OTHER,[local path omitted in public preview]
HTML-0593,UNRESOLVED,UNRESOLVED,UNBOUND,🔋🧿 “Tachyon-Batterie & Spiralraum – Die Erith Resonanzfelder”,OTHER,[local path omitted in public preview]
HTML-0594,UNRESOLVED,UNRESOLVED,UNBOUND,🔋🧿 “Tachyon-Batterie & Spiralraum – Die Erith Resonanzfelder”,OTHER,[local path omitted in public preview]
HTML-0595,UNRESOLVED,UNRESOLVED,UNBOUND,🔋🧿 “Tachyon-Batterie & Spiralraum – Die Erith Resonanzfelder”,OTHER,[local path omitted in public preview]
HTML-0596,UNRESOLVED,UNRESOLVED,UNBOUND,🔋🧿 “Tachyon-Batterie & Spiralraum – Die Erith Resonanzfelder”,OTHER,[local path omitted in public preview]
HTML-0599,UNRESOLVED,UNRESOLVED,UNBOUND,🔋🧿 “Tachyon-Batterie & Spiralraum – Die Erith Resonanzfelder”,OTHER,[local path omitted in public preview]
HTML-0597,UNRESOLVED,UNRESOLVED,UNBOUND,🔋🧿 “Tachyon-Batterie & Spiralraum – Die Erith Resonanzfelder”,OTHER,[local path omitted in public preview]
HTML-0598,UNRESOLVED,UNRESOLVED,UNBOUND,🔋🧿 “Tachyon-Batterie & Spiralraum – Die Erith Resonanzfelder”,OTHER,[local path omitted in public preview]
HTML-0600,UNRESOLVED,UNRESOLVED,UNBOUND,🔋🧿 “Tachyon-Batterie & Spiralraum – Die Erith Resonanzfelder”,OTHER,[local path omitted in public preview]
HTML-0602,UNRESOLVED,UNRESOLVED,UNBOUND,🔋🧿 “Tachyon-Batterie & Spiralraum – Die Erith Resonanzfelder”,OTHER,[local path omitted in public preview]
HTML-0603,UNRESOLVED,UNRESOLVED,UNBOUND,🔋🧿 “Tachyon-Batterie & Spiralraum – Die Erith Resonanzfelder”,OTHER,[local path omitted in public preview]
HTML-0604,UNRESOLVED,UNRESOLVED,UNBOUND,🔋🧿 “Tachyon-Batterie & Spiralraum – Die Erith Resonanzfelder”,OTHER,[local path omitted in public preview]
HTML-0605,UNRESOLVED,UNRESOLVED,UNBOUND,🔋🧿 “Tachyon-Batterie & Spiralraum – Die Erith Resonanzfelder”,OTHER,[local path omitted in public preview]
HTML-0606,UNRESOLVED,UNRESOLVED,UNBOUND,🔋🧿 “Tachyon-Batterie & Spiralraum – Die Erith Resonanzfelder”,OTHER,[local path omitted in public preview]
HTML-0607,UNRESOLVED,UNRESOLVED,UNBOUND,🔋🧿 “Tachyon-Batterie & Spiralraum – Die Erith Resonanzfelder”,OTHER,[local path omitted in public preview]
HTML-0608,UNRESOLVED,UNRESOLVED,UNBOUND,🔋🧿 “Tachyon-Batterie & Spiralraum – Die Erith Resonanzfelder”,OTHER,[local path omitted in public preview]
HTML-0609,UNRESOLVED,UNRESOLVED,UNBOUND,🔋🧿 “Tachyon-Batterie & Spiralraum – Die Erith Resonanzfelder”,OTHER,[local path omitted in public preview]
HTML-0610,UNRESOLVED,UNRESOLVED,UNBOUND,🔋🧿 “Tachyon-Batterie & Spiralraum – Die Erith Resonanzfelder”,OTHER,[local path omitted in public preview]
HTML-0611,UNRESOLVED,UNRESOLVED,UNBOUND,🔋🧿 “Tachyon-Batterie & Spiralraum – Die Erith Resonanzfelder”,OTHER,[local path omitted in public preview]
HTML-0612,UNRESOLVED,UNRESOLVED,UNBOUND,🔋🧿 “Tachyon-Batterie & Spiralraum – Die Erith Resonanzfelder”,OTHER,[local path omitted in public preview]
HTML-0021,UNRESOLVED,UNRESOLVED,UNBOUND,SYSTEM_4_UNIVERSAL_RESONANCE_FIELDS / URF-Tensorraum,CODEX_REPOSITORY,[local path omitted in public preview]
HTML-0504,UNRESOLVED,UNRESOLVED,UNBOUND,Github HTML Upload,OTHER,"[local path omitted in public preview]",html,1831,2025-05-15T03:19:27+02:00,E12 – Doppelpyramiden Szene (Three.js),threejs-doppelpyramide,3,77780659fd8ced1436ddc158a2fb51f27cd3e2a7da101d5adda2deb35b5299b1,HTML-DUP-044,3,threejs|webgl|animation-loop,,HTML5_3D_BRIDGE_CANDIDATE,5,EXACT_COPY_SECONDARY,HISTORICAL_VISUAL_OR_MECHANISM_SURFACE_UNVALIDATED,NO_SEPARATE_CONTENT_REVIEW
HTML-0550,UNRESOLVED,UNRESOLVED,UNBOUND,"📘⚛️ Expanding the Standard Model Neue Dimensionen, Kräfte und Materie",OTHER,"[local path omitted in public preview]",html,1831,2025-05-15T03:19:27+02:00,E12 – Doppelpyramiden Szene (Three.js),threejs-doppelpyramide,3,77780659fd8ced1436ddc158a2fb51f27cd3e2a7da101d5adda2deb35b5299b1,HTML-DUP-044,3,threejs|webgl|animation-loop,,HTML5_3D_BRIDGE_CANDIDATE,5,EXACT_COPY_SECONDARY,HISTORICAL_VISUAL_OR_MECHANISM_SURFACE_UNVALIDATED,NO_SEPARATE_CONTENT_REVIEW
HTML-0165,UNRESOLVED,UNRESOLVED,UNBOUND,NEXAH_HTML_ORIENTATION_DEMONSTRATOR_SERIES,CURRENT_SCIENCE_LAB,[local path omitted in public preview]
HTML-0613,UNRESOLVED,UNRESOLVED,UNBOUND,🔋🧿 “Tachyon-Batterie & Spiralraum – Die Erith Resonanzfelder”,OTHER,[local path omitted in public preview]
HTML-0167,UNRESOLVED,UNRESOLVED,UNBOUND,NEXAH_HTML_ORIENTATION_DEMONSTRATOR_SERIES,CURRENT_SCIENCE_LAB,[local path omitted in public preview]
HTML-0488,UNRESOLVED,UNRESOLVED,UNBOUND,Echolon Crypto Quest - Romeo_files,OTHER,[local path omitted in public preview]
HTML-0628,UNRESOLVED,UNRESOLVED,UNBOUND,🟡 FADEN III ULLINIRISCHE GESCHICHTE & KOSMISCHE HERKUNFT,OTHER,[local path omitted in public preview]
HTML-0629,UNRESOLVED,UNRESOLVED,UNBOUND,🟡 FADEN III ULLINIRISCHE GESCHICHTE & KOSMISCHE HERKUNFT,OTHER,[local path omitted in public preview]
HTML-0358,UNRESOLVED,UNRESOLVED,FAM-009,⚙️ URQUEST · Universal Machine Build Briefing,HISTORICAL_STAGING,[local path omitted in public preview]
HTML-0630,UNRESOLVED,UNRESOLVED,UNBOUND,🟡 FADEN III ULLINIRISCHE GESCHICHTE & KOSMISCHE HERKUNFT,OTHER,[local path omitted in public preview]
HTML-0631,UNRESOLVED,UNRESOLVED,UNBOUND,🟡 FADEN III ULLINIRISCHE GESCHICHTE & KOSMISCHE HERKUNFT,OTHER,[local path omitted in public preview]
HTML-0551,UNRESOLVED,UNRESOLVED,UNBOUND,📜🌀📜🌀 Codex Resonantia Scroll✏️ Starting the Master Map Creation Now.,OTHER,[local path omitted in public preview]
