schema,experiment_id,data_class,claim_boundary,device_id,actuator_id,force_sensor_id,calibration_id,calibration_uncertainty_n,acquisition_id,operator_id,max_null_force_rms_n,min_signal_to_uncertainty_ratio,max_gain_relative_delta,max_phase_delta_deg,max_force_rms_relative_delta,role,run_id,frequency_hz,drive_amplitude_v,drive_phase_deg,preload_n,sample_rate_hz,time_unit,drive_unit,force_unit,t_s,drive_v,force_n
nexah-hz-fz-measurement/0.1.0,HZ_FZ_01,SYNTHETIC_CONFORMANCE_ONLY,Synthetic validator conformance fixture only; not an empirical measurement or capability claim.,SYNTHETIC,SYNTHETIC,SYNTHETIC,SYNTHETIC,0.002,SYNTHETIC,SELF_TEST,0.005,20,0.03,3,0.03,NULL,synthetic-null,0,0,0,5,2000,s,V,N,0,0,0
nexah-hz-fz-measurement/0.1.0,HZ_FZ_01,SYNTHETIC_CONFORMANCE_ONLY,Synthetic validator conformance fixture only; not an empirical measurement or capability claim.,SYNTHETIC,SYNTHETIC,SYNTHETIC,SYNTHETIC,0.002,SYNTHETIC,SELF_TEST,0.005,20,0.03,3,0.03,NULL,synthetic-null,0,0,0,5,2000,s,V,N,0.0005,0,0.000021989376092505106
nexah-hz-fz-measurement/0.1.0,HZ_FZ_01,SYNTHETIC_CONFORMANCE_ONLY,Synthetic validator conformance fixture only; not an empirical measurement or capability claim.,SYNTHETIC,SYNTHETIC,SYNTHETIC,SYNTHETIC,0.002,SYNTHETIC,SELF_TEST,0.005,20,0.03,3,0.03,NULL,synthetic-null,0,0,0,5,2000,s,V,N,0.001,0,0.0000439681183178649
nexah-hz-fz-measurement/0.1.0,HZ_FZ_01,SYNTHETIC_CONFORMANCE_ONLY,Synthetic validator conformance fixture only; not an empirical measurement or capability claim.,SYNTHETIC,SYNTHETIC,SYNTHETIC,SYNTHETIC,0.002,SYNTHETIC,SELF_TEST,0.005,20,0.03,3,0.03,NULL,synthetic-null,0,0,0,5,2000,s,V,N,0.0015,0,0.00006592559795137785
nexah-hz-fz-measurement/0.1.0,HZ_FZ_01,SYNTHETIC_CONFORMANCE_ONLY,Synthetic validator conformance fixture only; not an empirical measurement or capability claim.,SYNTHETIC,SYNTHETIC,SYNTHETIC,SYNTHETIC,0.002,SYNTHETIC,SELF_TEST,0.005,20,0.03,3,0.03,NULL,synthetic-null,0,0,0,5,2000,s,V,N,0.002,0,0.00008785119655074317
nexah-hz-fz-measurement/0.1.0,HZ_FZ_01,SYNTHETIC_CONFORMANCE_ONLY,Synthetic validator conformance fixture only; not an empirical measurement or capability claim.,SYNTHETIC,SYNTHETIC,SYNTHETIC,SYNTHETIC,0.002,SYNTHETIC,SELF_TEST,0.005,20,0.03,3,0.03,NULL,synthetic-null,0,0,0,5,2000,s,V,N,0.0025,0,0.00010973431109104528
nexah-hz-fz-measurement/0.1.0,HZ_FZ_01,SYNTHETIC_CONFORMANCE_ONLY,Synthetic validator conformance fixture only; not an empirical measurement or capability claim.,SYNTHETIC,SYNTHETIC,SYNTHETIC,SYNTHETIC,0.002,SYNTHETIC,SELF_TEST,0.005,20,0.03,3,0.03,NULL,synthetic-null,0,0,0,5,2000,s,V,N,0.003,0,0.0001315643590922825
nexah-hz-fz-measurement/0.1.0,HZ_FZ_01,SYNTHETIC_CONFORMANCE_ONLY,Synthetic validator conformance fixture only; not an empirical measurement or capability claim.,SYNTHETIC,SYNTHETIC,SYNTHETIC,SYNTHETIC,0.002,SYNTHETIC,SELF_TEST,0.005,20,0.03,3,0.03,NULL,synthetic-null,0,0,0,5,2000,s,V,N,0.0035,0,0.00015333078373696064
nexah-hz-fz-measurement/0.1.0,HZ_FZ_01,SYNTHETIC_CONFORMANCE_ONLY,Synthetic validator conformance fixture only; not an empirical measurement or capability claim.,SYNTHETIC,SYNTHETIC,SYNTHETIC,SYNTHETIC,0.002,SYNTHETIC,SELF_TEST,0.005,20,0.03,3,0.03,NULL,synthetic-null,0,0,0,5,2000,s,V,N,0.004,0,0.00017502305897527603
nexah-hz-fz-measurement/0.1.0,HZ_FZ_01,SYNTHETIC_CONFORMANCE_ONLY,Synthetic validator conformance fixture only; not an empirical measurement or capability claim.,SYNTHETIC,SYNTHETIC,SYNTHETIC,SYNTHETIC,0.002,SYNTHETIC,SELF_TEST,0.005,20,0.03,3,0.03,NULL,synthetic-null,0,0,0,5,2000,s,V,N,0.0045,0,0.00019663069461542005
nexah-hz-fz-measurement/0.1.0,HZ_FZ_01,SYNTHETIC_CONFORMANCE_ONLY,Synthetic validator conformance fixture only; not an empirical measurement or capability claim.,SYNTHETIC,SYNTHETIC,SYNTHETIC,SYNTHETIC,0.002,SYNTHETIC,SELF_TEST,0.005,20,0.03,3,0.03,NULL,synthetic-null,0,0,0,5,2000,s,V,N,0.005,0,0.00021814324139654255
nexah-hz-fz-measurement/0.1.0,HZ_FZ_01,SYNTHETIC_CONFORMANCE_ONLY,Synthetic validator conformance fixture only; not an empirical measurement or capability claim.,SYNTHETIC,SYNTHETIC,SYNTHETIC,SYNTHETIC,0.002,SYNTHETIC,SELF_TEST,0.005,20,0.03,3,0.03,NULL,synthetic-null,0,0,0,5,2000,s,V,N,0.0055,0,0.00023955029604192182
nexah-hz-fz-measurement/0.1.0,HZ_FZ_01,SYNTHETIC_CONFORMANCE_ONLY,Synthetic validator conformance fixture only; not an empirical measurement or capability claim.,SYNTHETIC,SYNTHETIC,SYNTHETIC,SYNTHETIC,0.002,SYNTHETIC,SELF_TEST,0.005,20,0.03,3,0.03,NULL,synthetic-null,0,0,0,5,2000,s,V,N,0.006,0,0.00026084150628989693
nexah-hz-fz-measurement/0.1.0,HZ_FZ_01,SYNTHETIC_CONFORMANCE_ONLY,Synthetic validator conformance fixture only; not an empirical measurement or capability claim.,SYNTHETIC,SYNTHETIC,SYNTHETIC,SYNTHETIC,0.002,SYNTHETIC,SELF_TEST,0.005,20,0.03,3,0.03,NULL,synthetic-null,0,0,0,5,2000,s,V,N,0.0065,0,0.0002820065759001294
nexah-hz-fz-measurement/0.1.0,HZ_FZ_01,SYNTHETIC_CONFORMANCE_ONLY,Synthetic validator conformance fixture only; not an empirical measurement or capability claim.,SYNTHETIC,SYNTHETIC,SYNTHETIC,SYNTHETIC,0.002,SYNTHETIC,SELF_TEST,0.005,20,0.03,3,0.03,NULL,synthetic-null,0,0,0,5,2000,s,V,N,0.007,0,0.00030303526963277395
nexah-hz-fz-measurement/0.1.0,HZ_FZ_01,SYNTHETIC_CONFORMANCE_ONLY,Synthetic validator conformance fixture only; not an empirical measurement or capability claim.,SYNTHETIC,SYNTHETIC,SYNTHETIC,SYNTHETIC,0.002,SYNTHETIC,SELF_TEST,0.005,20,0.03,3,0.03,NULL,synthetic-null,0,0,0,5,2000,s,V,N,0.0075,0,0.00032391741819814935
nexah-hz-fz-measurement/0.1.0,HZ_FZ_01,SYNTHETIC_CONFORMANCE_ONLY,Synthetic validator conformance fixture only; not an empirical measurement or capability claim.,SYNTHETIC,SYNTHETIC,SYNTHETIC,SYNTHETIC,0.002,SYNTHETIC,SELF_TEST,0.005,20,0.03,3,0.03,NULL,synthetic-null,0,0,0,5,2000,s,V,N,0.008,0,0.00034464292317451707
nexah-hz-fz-measurement/0.1.0,HZ_FZ_01,SYNTHETIC_CONFORMANCE_ONLY,Synthetic validator conformance fixture only; not an empirical measurement or capability claim.,SYNTHETIC,SYNTHETIC,SYNTHETIC,SYNTHETIC,0.002,SYNTHETIC,SELF_TEST,0.005,20,0.03,3,0.03,NULL,synthetic-null,0,0,0,5,2000,s,V,N,0.0085,0,0.0003652017618915878
nexah-hz-fz-measurement/0.1.0,HZ_FZ_01,SYNTHETIC_CONFORMANCE_ONLY,Synthetic validator conformance fixture only; not an empirical measurement or capability claim.,SYNTHETIC,SYNTHETIC,SYNTHETIC,SYNTHETIC,0.002,SYNTHETIC,SELF_TEST,0.005,20,0.03,3,0.03,NULL,synthetic-null,0,0,0,5,2000,s,V,N,0.009,0,0.0003855839922773965
nexah-hz-fz-measurement/0.1.0,HZ_FZ_01,SYNTHETIC_CONFORMANCE_ONLY,Synthetic validator conformance fixture only; not an empirical measurement or capability claim.,SYNTHETIC,SYNTHETIC,SYNTHETIC,SYNTHETIC,0.002,SYNTHETIC,SELF_TEST,0.005,20,0.03,3,0.03,NULL,synthetic-null,0,0,0,5,2000,s,V,N,0.0095,0,0.00040577975766619995
nexah-hz-fz-measurement/0.1.0,HZ_FZ_01,SYNTHETIC_CONFORMANCE_ONLY,Synthetic validator conformance fixture only; not an empirical measurement or capability claim.,SYNTHETIC,SYNTHETIC,SYNTHETIC,SYNTHETIC,0.002,SYNTHETIC,SELF_TEST,0.005,20,0.03,3,0.03,NULL,synthetic-null,0,0,0,5,2000,s,V,N,0.01,0,0.0004257792915650727
nexah-hz-fz-measurement/0.1.0,HZ_FZ_01,SYNTHETIC_CONFORMANCE_ONLY,Synthetic validator conformance fixture only; not an empirical measurement or capability claim.,SYNTHETIC,SYNTHETIC,SYNTHETIC,SYNTHETIC,0.002,SYNTHETIC,SELF_TEST,0.005,20,0.03,3,0.03,NULL,synthetic-null,0,0,0,5,2000,s,V,N,0.0105,0,0.00044557292237689636
nexah-hz-fz-measurement/0.1.0,HZ_FZ_01,SYNTHETIC_CONFORMANCE_ONLY,Synthetic validator conformance fixture only; not an empirical measurement or capability claim.,SYNTHETIC,SYNTHETIC,SYNTHETIC,SYNTHETIC,0.002,SYNTHETIC,SELF_TEST,0.005,20,0.03,3,0.03,NULL,synthetic-null,0,0,0,5,2000,s,V,N,0.011,0,0.0004651510780774583
nexah-hz-fz-measurement/0.1.0,HZ_FZ_01,SYNTHETIC_CONFORMANCE_ONLY,Synthetic validator conformance fixture only; not an empirical measurement or capability claim.,SYNTHETIC,SYNTHETIC,SYNTHETIC,SYNTHETIC,0.002,SYNTHETIC,SELF_TEST,0.005,20,0.03,3,0.03,NULL,synthetic-null,0,0,0,5,2000,s,V,N,0.0115,0,0.0004845042908443979
nexah-hz-fz-measurement/0.1.0,HZ_FZ_01,SYNTHETIC_CONFORMANCE_ONLY,Synthetic validator conformance fixture only; not an empirical measurement or capability claim.,SYNTHETIC,SYNTHETIC,SYNTHETIC,SYNTHETIC,0.002,SYNTHETIC,SELF_TEST,0.005,20,0.03,3,0.03,NULL,synthetic-null,0,0,0,5,2000,s,V,N,0.012,0,0.0005036232016357608
nexah-hz-fz-measurement/0.1.0,HZ_FZ_01,SYNTHETIC_CONFORMANCE_ONLY,Synthetic validator conformance fixture only; not an empirical measurement or capability claim.,SYNTHETIC,SYNTHETIC,SYNTHETIC,SYNTHETIC,0.002,SYNTHETIC,SELF_TEST,0.005,20,0.03,3,0.03,NULL,synthetic-null,0,0,0,5,2000,s,V,N,0.0125,0,0.0005224985647159488
nexah-hz-fz-measurement/0.1.0,HZ_FZ_01,SYNTHETIC_CONFORMANCE_ONLY,Synthetic validator conformance fixture only; not an empirical measurement or capability claim.,SYNTHETIC,SYNTHETIC,SYNTHETIC,SYNTHETIC,0.002,SYNTHETIC,SELF_TEST,0.005,20,0.03,3,0.03,NULL,synthetic-null,0,0,0,5,2000,s,V,N,0.013,0,0.0005411212521268758
nexah-hz-fz-measurement/0.1.0,HZ_FZ_01,SYNTHETIC_CONFORMANCE_ONLY,Synthetic validator conformance fixture only; not an empirical measurement or capability claim.,SYNTHETIC,SYNTHETIC,SYNTHETIC,SYNTHETIC,0.002,SYNTHETIC,SELF_TEST,0.005,20,0.03,3,0.03,NULL,synthetic-null,0,0,0,5,2000,s,V,N,0.0135,0,0.0005594822581021671
nexah-hz-fz-measurement/0.1.0,HZ_FZ_01,SYNTHETIC_CONFORMANCE_ONLY,Synthetic validator conformance fixture only; not an empirical measurement or capability claim.,SYNTHETIC,SYNTHETIC,SYNTHETIC,SYNTHETIC,0.002,SYNTHETIC,SELF_TEST,0.005,20,0.03,3,0.03,NULL,synthetic-null,0,0,0,5,2000,s,V,N,0.014,0,0.0005775727034222676
nexah-hz-fz-measurement/0.1.0,HZ_FZ_01,SYNTHETIC_CONFORMANCE_ONLY,Synthetic validator conformance fixture only; not an empirical measurement or capability claim.,SYNTHETIC,SYNTHETIC,SYNTHETIC,SYNTHETIC,0.002,SYNTHETIC,SELF_TEST,0.005,20,0.03,3,0.03,NULL,synthetic-null,0,0,0,5,2000,s,V,N,0.0145,0,0.0005953838397083549
nexah-hz-fz-measurement/0.1.0,HZ_FZ_01,SYNTHETIC_CONFORMANCE_ONLY,Synthetic validator conformance fixture only; not an empirical measurement or capability claim.,SYNTHETIC,SYNTHETIC,SYNTHETIC,SYNTHETIC,0.002,SYNTHETIC,SELF_TEST,0.005,20,0.03,3,0.03,NULL,synthetic-null,0,0,0,5,2000,s,V,N,0.015,0,0.0006129070536529764
nexah-hz-fz-measurement/0.1.0,HZ_FZ_01,SYNTHETIC_CONFORMANCE_ONLY,Synthetic validator conformance fixture only; not an empirical measurement or capability claim.,SYNTHETIC,SYNTHETIC,SYNTHETIC,SYNTHETIC,0.002,SYNTHETIC,SELF_TEST,0.005,20,0.03,3,0.03,NULL,synthetic-null,0,0,0,5,2000,s,V,N,0.0155,0,0.0006301338711853691
nexah-hz-fz-measurement/0.1.0,HZ_FZ_01,SYNTHETIC_CONFORMANCE_ONLY,Synthetic validator conformance fixture only; not an empirical measurement or capability claim.,SYNTHETIC,SYNTHETIC,SYNTHETIC,SYNTHETIC,0.002,SYNTHETIC,SELF_TEST,0.005,20,0.03,3,0.03,NULL,synthetic-null,0,0,0,5,2000,s,V,N,0.016,0,0.0006470559615694442
nexah-hz-fz-measurement/0.1.0,HZ_FZ_01,SYNTHETIC_CONFORMANCE_ONLY,Synthetic validator conformance fixture only; not an empirical measurement or capability claim.,SYNTHETIC,SYNTHETIC,SYNTHETIC,SYNTHETIC,0.002,SYNTHETIC,SELF_TEST,0.005,20,0.03,3,0.03,NULL,synthetic-null,0,0,0,5,2000,s,V,N,0.0165,0,0.0006636651414324584
nexah-hz-fz-measurement/0.1.0,HZ_FZ_01,SYNTHETIC_CONFORMANCE_ONLY,Synthetic validator conformance fixture only; not an empirical measurement or capability claim.,SYNTHETIC,SYNTHETIC,SYNTHETIC,SYNTHETIC,0.002,SYNTHETIC,SELF_TEST,0.005,20,0.03,3,0.03,NULL,synthetic-null,0,0,0,5,2000,s,V,N,0.017,0,0.0006799533787224193
nexah-hz-fz-measurement/0.1.0,HZ_FZ_01,SYNTHETIC_CONFORMANCE_ONLY,Synthetic validator conformance fixture only; not an empirical measurement or capability claim.,SYNTHETIC,SYNTHETIC,SYNTHETIC,SYNTHETIC,0.002,SYNTHETIC,SELF_TEST,0.005,20,0.03,3,0.03,NULL,synthetic-null,0,0,0,5,2000,s,V,N,0.0175,0,0.0006959127965923143
nexah-hz-fz-measurement/0.1.0,HZ_FZ_01,SYNTHETIC_CONFORMANCE_ONLY,Synthetic validator conformance fixture only; not an empirical measurement or capability claim.,SYNTHETIC,SYNTHETIC,SYNTHETIC,SYNTHETIC,0.002,SYNTHETIC,SELF_TEST,0.005,20,0.03,3,0.03,NULL,synthetic-null,0,0,0,5,2000,s,V,N,0.018,0,0.0007115356772092854
nexah-hz-fz-measurement/0.1.0,HZ_FZ_01,SYNTHETIC_CONFORMANCE_ONLY,Synthetic validator conformance fixture only; not an empirical measurement or capability claim.,SYNTHETIC,SYNTHETIC,SYNTHETIC,SYNTHETIC,0.002,SYNTHETIC,SELF_TEST,0.005,20,0.03,3,0.03,NULL,synthetic-null,0,0,0,5,2000,s,V,N,0.0185,0,0.0007268144654869028
nexah-hz-fz-measurement/0.1.0,HZ_FZ_01,SYNTHETIC_CONFORMANCE_ONLY,Synthetic validator conformance fixture only; not an empirical measurement or capability claim.,SYNTHETIC,SYNTHETIC,SYNTHETIC,SYNTHETIC,0.002,SYNTHETIC,SELF_TEST,0.005,20,0.03,3,0.03,NULL,synthetic-null,0,0,0,5,2000,s,V,N,0.019,0,0.0007417417727387392
nexah-hz-fz-measurement/0.1.0,HZ_FZ_01,SYNTHETIC_CONFORMANCE_ONLY,Synthetic validator conformance fixture only; not an empirical measurement or capability claim.,SYNTHETIC,SYNTHETIC,SYNTHETIC,SYNTHETIC,0.002,SYNTHETIC,SELF_TEST,0.005,20,0.03,3,0.03,NULL,synthetic-null,0,0,0,5,2000,s,V,N,0.0195,0,0.000756310380251472
nexah-hz-fz-measurement/0.1.0,HZ_FZ_01,SYNTHETIC_CONFORMANCE_ONLY,Synthetic validator conformance fixture only; not an empirical measurement or capability claim.,SYNTHETIC,SYNTHETIC,SYNTHETIC,SYNTHETIC,0.002,SYNTHETIC,SELF_TEST,0.005,20,0.03,3,0.03,NULL,synthetic-null,0,0,0,5,2000,s,V,N,0.02,0,0.0007705132427757893
nexah-hz-fz-measurement/0.1.0,HZ_FZ_01,SYNTHETIC_CONFORMANCE_ONLY,Synthetic validator conformance fixture only; not an empirical measurement or capability claim.,SYNTHETIC,SYNTHETIC,SYNTHETIC,SYNTHETIC,0.002,SYNTHETIC,SELF_TEST,0.005,20,0.03,3,0.03,NULL,synthetic-null,0,0,0,5,2000,s,V,N,0.0205,0,0.0007843434919334101
nexah-hz-fz-measurement/0.1.0,HZ_FZ_01,SYNTHETIC_CONFORMANCE_ONLY,Synthetic validator conformance fixture only; not an empirical measurement or capability claim.,SYNTHETIC,SYNTHETIC,SYNTHETIC,SYNTHETIC,0.002,SYNTHETIC,SELF_TEST,0.005,20,0.03,3,0.03,NULL,synthetic-null,0,0,0,5,2000,s,V,N,0.021,0,0.000797794439538571
nexah-hz-fz-measurement/0.1.0,HZ_FZ_01,SYNTHETIC_CONFORMANCE_ONLY,Synthetic validator conformance fixture only; not an empirical measurement or capability claim.,SYNTHETIC,SYNTHETIC,SYNTHETIC,SYNTHETIC,0.002,SYNTHETIC,SELF_TEST,0.005,20,0.03,3,0.03,NULL,synthetic-null,0,0,0,5,2000,s,V,N,0.0215,0,0.0008108595808323734
nexah-hz-fz-measurement/0.1.0,HZ_FZ_01,SYNTHETIC_CONFORMANCE_ONLY,Synthetic validator conformance fixture only; not an empirical measurement or capability claim.,SYNTHETIC,SYNTHETIC,SYNTHETIC,SYNTHETIC,0.002,SYNTHETIC,SELF_TEST,0.005,20,0.03,3,0.03,NULL,synthetic-null,0,0,0,5,2000,s,V,N,0.022,0,0.0008235325976284275
nexah-hz-fz-measurement/0.1.0,HZ_FZ_01,SYNTHETIC_CONFORMANCE_ONLY,Synthetic validator conformance fixture only; not an empirical measurement or capability claim.,SYNTHETIC,SYNTHETIC,SYNTHETIC,SYNTHETIC,0.002,SYNTHETIC,SELF_TEST,0.005,20,0.03,3,0.03,NULL,synthetic-null,0,0,0,5,2000,s,V,N,0.0225,0,0.0008358073613682702
nexah-hz-fz-measurement/0.1.0,HZ_FZ_01,SYNTHETIC_CONFORMANCE_ONLY,Synthetic validator conformance fixture only; not an empirical measurement or capability claim.,SYNTHETIC,SYNTHETIC,SYNTHETIC,SYNTHETIC,0.002,SYNTHETIC,SELF_TEST,0.005,20,0.03,3,0.03,NULL,synthetic-null,0,0,0,5,2000,s,V,N,0.023,0,0.0008476779360850832
nexah-hz-fz-measurement/0.1.0,HZ_FZ_01,SYNTHETIC_CONFORMANCE_ONLY,Synthetic validator conformance fixture only; not an empirical measurement or capability claim.,SYNTHETIC,SYNTHETIC,SYNTHETIC,SYNTHETIC,0.002,SYNTHETIC,SELF_TEST,0.005,20,0.03,3,0.03,NULL,synthetic-null,0,0,0,5,2000,s,V,N,0.0235,0,0.0008591385812742725
nexah-hz-fz-measurement/0.1.0,HZ_FZ_01,SYNTHETIC_CONFORMANCE_ONLY,Synthetic validator conformance fixture only; not an empirical measurement or capability claim.,SYNTHETIC,SYNTHETIC,SYNTHETIC,SYNTHETIC,0.002,SYNTHETIC,SELF_TEST,0.005,20,0.03,3,0.03,NULL,synthetic-null,0,0,0,5,2000,s,V,N,0.024,0,0.0008701837546695257
nexah-hz-fz-measurement/0.1.0,HZ_FZ_01,SYNTHETIC_CONFORMANCE_ONLY,Synthetic validator conformance fixture only; not an empirical measurement or capability claim.,SYNTHETIC,SYNTHETIC,SYNTHETIC,SYNTHETIC,0.002,SYNTHETIC,SELF_TEST,0.005,20,0.03,3,0.03,NULL,synthetic-null,0,0,0,5,2000,s,V,N,0.0245,0,0.0008808081149230036
nexah-hz-fz-measurement/0.1.0,HZ_FZ_01,SYNTHETIC_CONFORMANCE_ONLY,Synthetic validator conformance fixture only; not an empirical measurement or capability claim.,SYNTHETIC,SYNTHETIC,SYNTHETIC,SYNTHETIC,0.002,SYNTHETIC,SELF_TEST,0.005,20,0.03,3,0.03,NULL,synthetic-null,0,0,0,5,2000,s,V,N,0.025,0,0.0008910065241883678
nexah-hz-fz-measurement/0.1.0,HZ_FZ_01,SYNTHETIC_CONFORMANCE_ONLY,Synthetic validator conformance fixture only; not an empirical measurement or capability claim.,SYNTHETIC,SYNTHETIC,SYNTHETIC,SYNTHETIC,0.002,SYNTHETIC,SELF_TEST,0.005,20,0.03,3,0.03,NULL,synthetic-null,0,0,0,5,2000,s,V,N,0.0255,0,0.000900774050605398
nexah-hz-fz-measurement/0.1.0,HZ_FZ_01,SYNTHETIC_CONFORMANCE_ONLY,Synthetic validator conformance fixture only; not an empirical measurement or capability claim.,SYNTHETIC,SYNTHETIC,SYNTHETIC,SYNTHETIC,0.002,SYNTHETIC,SELF_TEST,0.005,20,0.03,3,0.03,NULL,synthetic-null,0,0,0,5,2000,s,V,N,0.026,0,0.0009101059706849956
nexah-hz-fz-measurement/0.1.0,HZ_FZ_01,SYNTHETIC_CONFORMANCE_ONLY,Synthetic validator conformance fixture only; not an empirical measurement or capability claim.,SYNTHETIC,SYNTHETIC,SYNTHETIC,SYNTHETIC,0.002,SYNTHETIC,SELF_TEST,0.005,20,0.03,3,0.03,NULL,synthetic-null,0,0,0,5,2000,s,V,N,0.0265,0,0.0009189977715934214
nexah-hz-fz-measurement/0.1.0,HZ_FZ_01,SYNTHETIC_CONFORMANCE_ONLY,Synthetic validator conformance fixture only; not an empirical measurement or capability claim.,SYNTHETIC,SYNTHETIC,SYNTHETIC,SYNTHETIC,0.002,SYNTHETIC,SELF_TEST,0.005,20,0.03,3,0.03,NULL,synthetic-null,0,0,0,5,2000,s,V,N,0.027,0,0.0009274451533346614
nexah-hz-fz-measurement/0.1.0,HZ_FZ_01,SYNTHETIC_CONFORMANCE_ONLY,Synthetic validator conformance fixture only; not an empirical measurement or capability claim.,SYNTHETIC,SYNTHETIC,SYNTHETIC,SYNTHETIC,0.002,SYNTHETIC,SELF_TEST,0.005,20,0.03,3,0.03,NULL,synthetic-null,0,0,0,5,2000,s,V,N,0.0275,0,0.0009354440308298673
nexah-hz-fz-measurement/0.1.0,HZ_FZ_01,SYNTHETIC_CONFORMANCE_ONLY,Synthetic validator conformance fixture only; not an empirical measurement or capability claim.,SYNTHETIC,SYNTHETIC,SYNTHETIC,SYNTHETIC,0.002,SYNTHETIC,SELF_TEST,0.005,20,0.03,3,0.03,NULL,synthetic-null,0,0,0,5,2000,s,V,N,0.028,0,0.0009429905358928645
nexah-hz-fz-measurement/0.1.0,HZ_FZ_01,SYNTHETIC_CONFORMANCE_ONLY,Synthetic validator conformance fixture only; not an empirical measurement or capability claim.,SYNTHETIC,SYNTHETIC,SYNTHETIC,SYNTHETIC,0.002,SYNTHETIC,SELF_TEST,0.005,20,0.03,3,0.03,NULL,synthetic-null,0,0,0,5,2000,s,V,N,0.0285,0,0.0009500810191007717
nexah-hz-fz-measurement/0.1.0,HZ_FZ_01,SYNTHETIC_CONFORMANCE_ONLY,Synthetic validator conformance fixture only; not an empirical measurement or capability claim.,SYNTHETIC,SYNTHETIC,SYNTHETIC,SYNTHETIC,0.002,SYNTHETIC,SELF_TEST,0.005,20,0.03,3,0.03,NULL,synthetic-null,0,0,0,5,2000,s,V,N,0.029,0,0.0009567120515588305
nexah-hz-fz-measurement/0.1.0,HZ_FZ_01,SYNTHETIC_CONFORMANCE_ONLY,Synthetic validator conformance fixture only; not an empirical measurement or capability claim.,SYNTHETIC,SYNTHETIC,SYNTHETIC,SYNTHETIC,0.002,SYNTHETIC,SELF_TEST,0.005,20,0.03,3,0.03,NULL,synthetic-null,0,0,0,5,2000,s,V,N,0.0295,0,0.0009628804265585875
nexah-hz-fz-measurement/0.1.0,HZ_FZ_01,SYNTHETIC_CONFORMANCE_ONLY,Synthetic validator conformance fixture only; not an empirical measurement or capability claim.,SYNTHETIC,SYNTHETIC,SYNTHETIC,SYNTHETIC,0.002,SYNTHETIC,SELF_TEST,0.005,20,0.03,3,0.03,NULL,synthetic-null,0,0,0,5,2000,s,V,N,0.03,0,0.0009685831611286311
nexah-hz-fz-measurement/0.1.0,HZ_FZ_01,SYNTHETIC_CONFORMANCE_ONLY,Synthetic validator conformance fixture only; not an empirical measurement or capability claim.,SYNTHETIC,SYNTHETIC,SYNTHETIC,SYNTHETIC,0.002,SYNTHETIC,SELF_TEST,0.005,20,0.03,3,0.03,NULL,synthetic-null,0,0,0,5,2000,s,V,N,0.0305,0,0.0009738174974771289
nexah-hz-fz-measurement/0.1.0,HZ_FZ_01,SYNTHETIC_CONFORMANCE_ONLY,Synthetic validator conformance fixture only; not an empirical measurement or capability claim.,SYNTHETIC,SYNTHETIC,SYNTHETIC,SYNTHETIC,0.002,SYNTHETIC,SELF_TEST,0.005,20,0.03,3,0.03,NULL,synthetic-null,0,0,0,5,2000,s,V,N,0.031,0,0.000978580904325472
nexah-hz-fz-measurement/0.1.0,HZ_FZ_01,SYNTHETIC_CONFORMANCE_ONLY,Synthetic validator conformance fixture only; not an empirical measurement or capability claim.,SYNTHETIC,SYNTHETIC,SYNTHETIC,SYNTHETIC,0.002,SYNTHETIC,SELF_TEST,0.005,20,0.03,3,0.03,NULL,synthetic-null,0,0,0,5,2000,s,V,N,0.0315,0,0.0009828710781323792
nexah-hz-fz-measurement/0.1.0,HZ_FZ_01,SYNTHETIC_CONFORMANCE_ONLY,Synthetic validator conformance fixture only; not an empirical measurement or capability claim.,SYNTHETIC,SYNTHETIC,SYNTHETIC,SYNTHETIC,0.002,SYNTHETIC,SELF_TEST,0.005,20,0.03,3,0.03,NULL,synthetic-null,0,0,0,5,2000,s,V,N,0.032,0,0.000986685944207868
nexah-hz-fz-measurement/0.1.0,HZ_FZ_01,SYNTHETIC_CONFORMANCE_ONLY,Synthetic validator conformance fixture only; not an empirical measurement or capability claim.,SYNTHETIC,SYNTHETIC,SYNTHETIC,SYNTHETIC,0.002,SYNTHETIC,SELF_TEST,0.005,20,0.03,3,0.03,NULL,synthetic-null,0,0,0,5,2000,s,V,N,0.0325,0,0.0009900236577165575
nexah-hz-fz-measurement/0.1.0,HZ_FZ_01,SYNTHETIC_CONFORMANCE_ONLY,Synthetic validator conformance fixture only; not an empirical measurement or capability claim.,SYNTHETIC,SYNTHETIC,SYNTHETIC,SYNTHETIC,0.002,SYNTHETIC,SELF_TEST,0.005,20,0.03,3,0.03,NULL,synthetic-null,0,0,0,5,2000,s,V,N,0.033,0,0.0009928826045698138
nexah-hz-fz-measurement/0.1.0,HZ_FZ_01,SYNTHETIC_CONFORMANCE_ONLY,Synthetic validator conformance fixture only; not an empirical measurement or capability claim.,SYNTHETIC,SYNTHETIC,SYNTHETIC,SYNTHETIC,0.002,SYNTHETIC,SELF_TEST,0.005,20,0.03,3,0.03,NULL,synthetic-null,0,0,0,5,2000,s,V,N,0.0335,0,0.0009952614022063083
nexah-hz-fz-measurement/0.1.0,HZ_FZ_01,SYNTHETIC_CONFORMANCE_ONLY,Synthetic validator conformance fixture only; not an empirical measurement or capability claim.,SYNTHETIC,SYNTHETIC,SYNTHETIC,SYNTHETIC,0.002,SYNTHETIC,SELF_TEST,0.005,20,0.03,3,0.03,NULL,synthetic-null,0,0,0,5,2000,s,V,N,0.034,0,0.000997158900260614
nexah-hz-fz-measurement/0.1.0,HZ_FZ_01,SYNTHETIC_CONFORMANCE_ONLY,Synthetic validator conformance fixture only; not an empirical measurement or capability claim.,SYNTHETIC,SYNTHETIC,SYNTHETIC,SYNTHETIC,0.002,SYNTHETIC,SELF_TEST,0.005,20,0.03,3,0.03,NULL,synthetic-null,0,0,0,5,2000,s,V,N,0.0345,0,0.00099857418111951
nexah-hz-fz-measurement/0.1.0,HZ_FZ_01,SYNTHETIC_CONFORMANCE_ONLY,Synthetic validator conformance fixture only; not an empirical measurement or capability claim.,SYNTHETIC,SYNTHETIC,SYNTHETIC,SYNTHETIC,0.002,SYNTHETIC,SELF_TEST,0.005,20,0.03,3,0.03,NULL,synthetic-null,0,0,0,5,2000,s,V,N,0.035,0,0.0009995065603657315
nexah-hz-fz-measurement/0.1.0,HZ_FZ_01,SYNTHETIC_CONFORMANCE_ONLY,Synthetic validator conformance fixture only; not an empirical measurement or capability claim.,SYNTHETIC,SYNTHETIC,SYNTHETIC,SYNTHETIC,0.002,SYNTHETIC,SELF_TEST,0.005,20,0.03,3,0.03,NULL,synthetic-null,0,0,0,5,2000,s,V,N,0.0355,0,0.0009999555871089499
nexah-hz-fz-measurement/0.1.0,HZ_FZ_01,SYNTHETIC_CONFORMANCE_ONLY,Synthetic validator conformance fixture only; not an empirical measurement or capability claim.,SYNTHETIC,SYNTHETIC,SYNTHETIC,SYNTHETIC,0.002,SYNTHETIC,SELF_TEST,0.005,20,0.03,3,0.03,NULL,synthetic-null,0,0,0,5,2000,s,V,N,0.036,0,0.0009999210442038161
nexah-hz-fz-measurement/0.1.0,HZ_FZ_01,SYNTHETIC_CONFORMANCE_ONLY,Synthetic validator conformance fixture only; not an empirical measurement or capability claim.,SYNTHETIC,SYNTHETIC,SYNTHETIC,SYNTHETIC,0.002,SYNTHETIC,SELF_TEST,0.005,20,0.03,3,0.03,NULL,synthetic-null,0,0,0,5,2000,s,V,N,0.0365,0,0.0009994029483549728
nexah-hz-fz-measurement/0.1.0,HZ_FZ_01,SYNTHETIC_CONFORMANCE_ONLY,Synthetic validator conformance fixture only; not an empirical measurement or capability claim.,SYNTHETIC,SYNTHETIC,SYNTHETIC,SYNTHETIC,0.002,SYNTHETIC,SELF_TEST,0.005,20,0.03,3,0.03,NULL,synthetic-null,0,0,0,5,2000,s,V,N,0.037,0,0.000998401550108975
nexah-hz-fz-measurement/0.1.0,HZ_FZ_01,SYNTHETIC_CONFORMANCE_ONLY,Synthetic validator conformance fixture only; not an empirical measurement or capability claim.,SYNTHETIC,SYNTHETIC,SYNTHETIC,SYNTHETIC,0.002,SYNTHETIC,SELF_TEST,0.005,20,0.03,3,0.03,NULL,synthetic-null,0,0,0,5,2000,s,V,N,0.0375,0,0.0009969173337331279
nexah-hz-fz-measurement/0.1.0,HZ_FZ_01,SYNTHETIC_CONFORMANCE_ONLY,Synthetic validator conformance fixture only; not an empirical measurement or capability claim.,SYNTHETIC,SYNTHETIC,SYNTHETIC,SYNTHETIC,0.002,SYNTHETIC,SELF_TEST,0.005,20,0.03,3,0.03,NULL,synthetic-null,0,0,0,5,2000,s,V,N,0.038,0,0.0009949510169813003
nexah-hz-fz-measurement/0.1.0,HZ_FZ_01,SYNTHETIC_CONFORMANCE_ONLY,Synthetic validator conformance fixture only; not an empirical measurement or capability claim.,SYNTHETIC,SYNTHETIC,SYNTHETIC,SYNTHETIC,0.002,SYNTHETIC,SELF_TEST,0.005,20,0.03,3,0.03,NULL,synthetic-null,0,0,0,5,2000,s,V,N,0.0385,0,0.0009925035507468238
nexah-hz-fz-measurement/0.1.0,HZ_FZ_01,SYNTHETIC_CONFORMANCE_ONLY,Synthetic validator conformance fixture only; not an empirical measurement or capability claim.,SYNTHETIC,SYNTHETIC,SYNTHETIC,SYNTHETIC,0.002,SYNTHETIC,SELF_TEST,0.005,20,0.03,3,0.03,NULL,synthetic-null,0,0,0,5,2000,s,V,N,0.039,0,0.000989576118602651
nexah-hz-fz-measurement/0.1.0,HZ_FZ_01,SYNTHETIC_CONFORMANCE_ONLY,Synthetic validator conformance fixture only; not an empirical measurement or capability claim.,SYNTHETIC,SYNTHETIC,SYNTHETIC,SYNTHETIC,0.002,SYNTHETIC,SELF_TEST,0.005,20,0.03,3,0.03,NULL,synthetic-null,0,0,0,5,2000,s,V,N,0.0395,0,0.0009861701362289888
nexah-hz-fz-measurement/0.1.0,HZ_FZ_01,SYNTHETIC_CONFORMANCE_ONLY,Synthetic validator conformance fixture only; not an empirical measurement or capability claim.,SYNTHETIC,SYNTHETIC,SYNTHETIC,SYNTHETIC,0.002,SYNTHETIC,SELF_TEST,0.005,20,0.03,3,0.03,NULL,synthetic-null,0,0,0,5,2000,s,V,N,0.04,0,0.0009822872507286888
nexah-hz-fz-measurement/0.1.0,HZ_FZ_01,SYNTHETIC_CONFORMANCE_ONLY,Synthetic validator conformance fixture only; not an empirical measurement or capability claim.,SYNTHETIC,SYNTHETIC,SYNTHETIC,SYNTHETIC,0.002,SYNTHETIC,SELF_TEST,0.005,20,0.03,3,0.03,NULL,synthetic-null,0,0,0,5,2000,s,V,N,0.0405,0,0.000977929339830722
nexah-hz-fz-measurement/0.1.0,HZ_FZ_01,SYNTHETIC_CONFORMANCE_ONLY,Synthetic validator conformance fixture only; not an empirical measurement or capability claim.,SYNTHETIC,SYNTHETIC,SYNTHETIC,SYNTHETIC,0.002,SYNTHETIC,SELF_TEST,0.005,20,0.03,3,0.03,NULL,synthetic-null,0,0,0,5,2000,s,V,N,0.041,0,0.0009730985109821267
nexah-hz-fz-measurement/0.1.0,HZ_FZ_01,SYNTHETIC_CONFORMANCE_ONLY,Synthetic validator conformance fixture only; not an empirical measurement or capability claim.,SYNTHETIC,SYNTHETIC,SYNTHETIC,SYNTHETIC,0.002,SYNTHETIC,SELF_TEST,0.005,20,0.03,3,0.03,NULL,synthetic-null,0,0,0,5,2000,s,V,N,0.0415,0,0.0009677971003288655
nexah-hz-fz-measurement/0.1.0,HZ_FZ_01,SYNTHETIC_CONFORMANCE_ONLY,Synthetic validator conformance fixture only; not an empirical measurement or capability claim.,SYNTHETIC,SYNTHETIC,SYNTHETIC,SYNTHETIC,0.002,SYNTHETIC,SELF_TEST,0.005,20,0.03,3,0.03,NULL,synthetic-null,0,0,0,5,2000,s,V,N,0.042,0,0.0009620276715860859
nexah-hz-fz-measurement/0.1.0,HZ_FZ_01,SYNTHETIC_CONFORMANCE_ONLY,Synthetic validator conformance fixture only; not an empirical measurement or capability claim.,SYNTHETIC,SYNTHETIC,SYNTHETIC,SYNTHETIC,0.002,SYNTHETIC,SELF_TEST,0.005,20,0.03,3,0.03,NULL,synthetic-null,0,0,0,5,2000,s,V,N,0.0425,0,0.0009557930147983301
nexah-hz-fz-measurement/0.1.0,HZ_FZ_01,SYNTHETIC_CONFORMANCE_ONLY,Synthetic validator conformance fixture only; not an empirical measurement or capability claim.,SYNTHETIC,SYNTHETIC,SYNTHETIC,SYNTHETIC,0.002,SYNTHETIC,SELF_TEST,0.005,20,0.03,3,0.03,NULL,synthetic-null,0,0,0,5,2000,s,V,N,0.043,0,0.0009490961449902947
nexah-hz-fz-measurement/0.1.0,HZ_FZ_01,SYNTHETIC_CONFORMANCE_ONLY,Synthetic validator conformance fixture only; not an empirical measurement or capability claim.,SYNTHETIC,SYNTHETIC,SYNTHETIC,SYNTHETIC,0.002,SYNTHETIC,SELF_TEST,0.005,20,0.03,3,0.03,NULL,synthetic-null,0,0,0,5,2000,s,V,N,0.0435,0,0.0009419403007087908
nexah-hz-fz-measurement/0.1.0,HZ_FZ_01,SYNTHETIC_CONFORMANCE_ONLY,Synthetic validator conformance fixture only; not an empirical measurement or capability claim.,SYNTHETIC,SYNTHETIC,SYNTHETIC,SYNTHETIC,0.002,SYNTHETIC,SELF_TEST,0.005,20,0.03,3,0.03,NULL,synthetic-null,0,0,0,5,2000,s,V,N,0.044,0,0.0009343289424566121
nexah-hz-fz-measurement/0.1.0,HZ_FZ_01,SYNTHETIC_CONFORMANCE_ONLY,Synthetic validator conformance fixture only; not an empirical measurement or capability claim.,SYNTHETIC,SYNTHETIC,SYNTHETIC,SYNTHETIC,0.002,SYNTHETIC,SELF_TEST,0.005,20,0.03,3,0.03,NULL,synthetic-null,0,0,0,5,2000,s,V,N,0.0445,0,0.0009262657510190667
nexah-hz-fz-measurement/0.1.0,HZ_FZ_01,SYNTHETIC_CONFORMANCE_ONLY,Synthetic validator conformance fixture only; not an empirical measurement or capability claim.,SYNTHETIC,SYNTHETIC,SYNTHETIC,SYNTHETIC,0.002,SYNTHETIC,SELF_TEST,0.005,20,0.03,3,0.03,NULL,synthetic-null,0,0,0,5,2000,s,V,N,0.045,0,0.0009177546256839813
nexah-hz-fz-measurement/0.1.0,HZ_FZ_01,SYNTHETIC_CONFORMANCE_ONLY,Synthetic validator conformance fixture only; not an empirical measurement or capability claim.,SYNTHETIC,SYNTHETIC,SYNTHETIC,SYNTHETIC,0.002,SYNTHETIC,SELF_TEST,0.005,20,0.03,3,0.03,NULL,synthetic-null,0,0,0,5,2000,s,V,N,0.0455,0,0.0009087996823560401
nexah-hz-fz-measurement/0.1.0,HZ_FZ_01,SYNTHETIC_CONFORMANCE_ONLY,Synthetic validator conformance fixture only; not an empirical measurement or capability claim.,SYNTHETIC,SYNTHETIC,SYNTHETIC,SYNTHETIC,0.002,SYNTHETIC,SELF_TEST,0.005,20,0.03,3,0.03,NULL,synthetic-null,0,0,0,5,2000,s,V,N,0.046,0,0.0008994052515663712
nexah-hz-fz-measurement/0.1.0,HZ_FZ_01,SYNTHETIC_CONFORMANCE_ONLY,Synthetic validator conformance fixture only; not an empirical measurement or capability claim.,SYNTHETIC,SYNTHETIC,SYNTHETIC,SYNTHETIC,0.002,SYNTHETIC,SELF_TEST,0.005,20,0.03,3,0.03,NULL,synthetic-null,0,0,0,5,2000,s,V,N,0.0465,0,0.0008895758763783382
nexah-hz-fz-measurement/0.1.0,HZ_FZ_01,SYNTHETIC_CONFORMANCE_ONLY,Synthetic validator conformance fixture only; not an empirical measurement or capability claim.,SYNTHETIC,SYNTHETIC,SYNTHETIC,SYNTHETIC,0.002,SYNTHETIC,SELF_TEST,0.005,20,0.03,3,0.03,NULL,synthetic-null,0,0,0,5,2000,s,V,N,0.047,0,0.0008793163101905563
nexah-hz-fz-measurement/0.1.0,HZ_FZ_01,SYNTHETIC_CONFORMANCE_ONLY,Synthetic validator conformance fixture only; not an empirical measurement or capability claim.,SYNTHETIC,SYNTHETIC,SYNTHETIC,SYNTHETIC,0.002,SYNTHETIC,SELF_TEST,0.005,20,0.03,3,0.03,NULL,synthetic-null,0,0,0,5,2000,s,V,N,0.0475,0,0.0008686315144381912
nexah-hz-fz-measurement/0.1.0,HZ_FZ_01,SYNTHETIC_CONFORMANCE_ONLY,Synthetic validator conformance fixture only; not an empirical measurement or capability claim.,SYNTHETIC,SYNTHETIC,SYNTHETIC,SYNTHETIC,0.002,SYNTHETIC,SELF_TEST,0.005,20,0.03,3,0.03,NULL,synthetic-null,0,0,0,5,2000,s,V,N,0.048,0,0.0008575266561936522
nexah-hz-fz-measurement/0.1.0,HZ_FZ_01,SYNTHETIC_CONFORMANCE_ONLY,Synthetic validator conformance fixture only; not an empirical measurement or capability claim.,SYNTHETIC,SYNTHETIC,SYNTHETIC,SYNTHETIC,0.002,SYNTHETIC,SELF_TEST,0.005,20,0.03,3,0.03,NULL,synthetic-null,0,0,0,5,2000,s,V,N,0.0485,0,0.0008460071056678422
nexah-hz-fz-measurement/0.1.0,HZ_FZ_01,SYNTHETIC_CONFORMANCE_ONLY,Synthetic validator conformance fixture only; not an empirical measurement or capability claim.,SYNTHETIC,SYNTHETIC,SYNTHETIC,SYNTHETIC,0.002,SYNTHETIC,SELF_TEST,0.005,20,0.03,3,0.03,NULL,synthetic-null,0,0,0,5,2000,s,V,N,0.049,0,0.0008340784336131711
nexah-hz-fz-measurement/0.1.0,HZ_FZ_01,SYNTHETIC_CONFORMANCE_ONLY,Synthetic validator conformance fixture only; not an empirical measurement or capability claim.,SYNTHETIC,SYNTHETIC,SYNTHETIC,SYNTHETIC,0.002,SYNTHETIC,SELF_TEST,0.005,20,0.03,3,0.03,NULL,synthetic-null,0,0,0,5,2000,s,V,N,0.0495,0,0.0008217464086295903
nexah-hz-fz-measurement/0.1.0,HZ_FZ_01,SYNTHETIC_CONFORMANCE_ONLY,Synthetic validator conformance fixture only; not an empirical measurement or capability claim.,SYNTHETIC,SYNTHETIC,SYNTHETIC,SYNTHETIC,0.002,SYNTHETIC,SELF_TEST,0.005,20,0.03,3,0.03,NULL,synthetic-null,0,0,0,5,2000,s,V,N,0.05,0,0.0008090169943749475
nexah-hz-fz-measurement/0.1.0,HZ_FZ_01,SYNTHETIC_CONFORMANCE_ONLY,Synthetic validator conformance fixture only; not an empirical measurement or capability claim.,SYNTHETIC,SYNTHETIC,SYNTHETIC,SYNTHETIC,0.002,SYNTHETIC,SELF_TEST,0.005,20,0.03,3,0.03,NULL,synthetic-null,0,0,0,5,2000,s,V,N,0.0505,0,0.000795896346681016
nexah-hz-fz-measurement/0.1.0,HZ_FZ_01,SYNTHETIC_CONFORMANCE_ONLY,Synthetic validator conformance fixture only; not an empirical measurement or capability claim.,SYNTHETIC,SYNTHETIC,SYNTHETIC,SYNTHETIC,0.002,SYNTHETIC,SELF_TEST,0.005,20,0.03,3,0.03,NULL,synthetic-null,0,0,0,5,2000,s,V,N,0.051,0,0.0007823908105765883
nexah-hz-fz-measurement/0.1.0,HZ_FZ_01,SYNTHETIC_CONFORMANCE_ONLY,Synthetic validator conformance fixture only; not an empirical measurement or capability claim.,SYNTHETIC,SYNTHETIC,SYNTHETIC,SYNTHETIC,0.002,SYNTHETIC,SELF_TEST,0.005,20,0.03,3,0.03,NULL,synthetic-null,0,0,0,5,2000,s,V,N,0.0515,0,0.0007685069172190767
nexah-hz-fz-measurement/0.1.0,HZ_FZ_01,SYNTHETIC_CONFORMANCE_ONLY,Synthetic validator conformance fixture only; not an empirical measurement or capability claim.,SYNTHETIC,SYNTHETIC,SYNTHETIC,SYNTHETIC,0.002,SYNTHETIC,SELF_TEST,0.005,20,0.03,3,0.03,NULL,synthetic-null,0,0,0,5,2000,s,V,N,0.052,0,0.000754251380736104
nexah-hz-fz-measurement/0.1.0,HZ_FZ_01,SYNTHETIC_CONFORMANCE_ONLY,Synthetic validator conformance fixture only; not an empirical measurement or capability claim.,SYNTHETIC,SYNTHETIC,SYNTHETIC,SYNTHETIC,0.002,SYNTHETIC,SELF_TEST,0.005,20,0.03,3,0.03,NULL,synthetic-null,0,0,0,5,2000,s,V,N,0.0525,0,0.0007396310949786098
nexah-hz-fz-measurement/0.1.0,HZ_FZ_01,SYNTHETIC_CONFORMANCE_ONLY,Synthetic validator conformance fixture only; not an empirical measurement or capability claim.,SYNTHETIC,SYNTHETIC,SYNTHETIC,SYNTHETIC,0.002,SYNTHETIC,SELF_TEST,0.005,20,0.03,3,0.03,NULL,synthetic-null,0,0,0,5,2000,s,V,N,0.053,0,0.0007246531301870468
nexah-hz-fz-measurement/0.1.0,HZ_FZ_01,SYNTHETIC_CONFORMANCE_ONLY,Synthetic validator conformance fixture only; not an empirical measurement or capability claim.,SYNTHETIC,SYNTHETIC,SYNTHETIC,SYNTHETIC,0.002,SYNTHETIC,SELF_TEST,0.005,20,0.03,3,0.03,NULL,synthetic-null,0,0,0,5,2000,s,V,N,0.0535,0,0.0007093247295722741
nexah-hz-fz-measurement/0.1.0,HZ_FZ_01,SYNTHETIC_CONFORMANCE_ONLY,Synthetic validator conformance fixture only; not an empirical measurement or capability claim.,SYNTHETIC,SYNTHETIC,SYNTHETIC,SYNTHETIC,0.002,SYNTHETIC,SELF_TEST,0.005,20,0.03,3,0.03,NULL,synthetic-null,0,0,0,5,2000,s,V,N,0.054,0,0.0006936533058128049
nexah-hz-fz-measurement/0.1.0,HZ_FZ_01,SYNTHETIC_CONFORMANCE_ONLY,Synthetic validator conformance fixture only; not an empirical measurement or capability claim.,SYNTHETIC,SYNTHETIC,SYNTHETIC,SYNTHETIC,0.002,SYNTHETIC,SELF_TEST,0.005,20,0.03,3,0.03,NULL,synthetic-null,0,0,0,5,2000,s,V,N,0.0545,0,0.0006776464374701022
nexah-hz-fz-measurement/0.1.0,HZ_FZ_01,SYNTHETIC_CONFORMANCE_ONLY,Synthetic validator conformance fixture only; not an empirical measurement or capability claim.,SYNTHETIC,SYNTHETIC,SYNTHETIC,SYNTHETIC,0.002,SYNTHETIC,SELF_TEST,0.005,20,0.03,3,0.03,NULL,synthetic-null,0,0,0,5,2000,s,V,N,0.055,0,0.0006613118653236519
nexah-hz-fz-measurement/0.1.0,HZ_FZ_01,SYNTHETIC_CONFORMANCE_ONLY,Synthetic validator conformance fixture only; not an empirical measurement or capability claim.,SYNTHETIC,SYNTHETIC,SYNTHETIC,SYNTHETIC,0.002,SYNTHETIC,SELF_TEST,0.005,20,0.03,3,0.03,NULL,synthetic-null,0,0,0,5,2000,s,V,N,0.0555,0,0.0006446574886275915
nexah-hz-fz-measurement/0.1.0,HZ_FZ_01,SYNTHETIC_CONFORMANCE_ONLY,Synthetic validator conformance fixture only; not an empirical measurement or capability claim.,SYNTHETIC,SYNTHETIC,SYNTHETIC,SYNTHETIC,0.002,SYNTHETIC,SELF_TEST,0.005,20,0.03,3,0.03,NULL,synthetic-null,0,0,0,5,2000,s,V,N,0.056,0,0.0006276913612907006
nexah-hz-fz-measurement/0.1.0,HZ_FZ_01,SYNTHETIC_CONFORMANCE_ONLY,Synthetic validator conformance fixture only; not an empirical measurement or capability claim.,SYNTHETIC,SYNTHETIC,SYNTHETIC,SYNTHETIC,0.002,SYNTHETIC,SELF_TEST,0.005,20,0.03,3,0.03,NULL,synthetic-null,0,0,0,5,2000,s,V,N,0.0565,0,0.0006104216879816026
nexah-hz-fz-measurement/0.1.0,HZ_FZ_01,SYNTHETIC_CONFORMANCE_ONLY,Synthetic validator conformance fixture only; not an empirical measurement or capability claim.,SYNTHETIC,SYNTHETIC,SYNTHETIC,SYNTHETIC,0.002,SYNTHETIC,SELF_TEST,0.005,20,0.03,3,0.03,NULL,synthetic-null,0,0,0,5,2000,s,V,N,0.057,0,0.0005928568201610594
nexah-hz-fz-measurement/0.1.0,HZ_FZ_01,SYNTHETIC_CONFORMANCE_ONLY,Synthetic validator conformance fixture only; not an empirical measurement or capability claim.,SYNTHETIC,SYNTHETIC,SYNTHETIC,SYNTHETIC,0.002,SYNTHETIC,SELF_TEST,0.005,20,0.03,3,0.03,NULL,synthetic-null,0,0,0,5,2000,s,V,N,0.0575,0,0.0005750052520432787
nexah-hz-fz-measurement/0.1.0,HZ_FZ_01,SYNTHETIC_CONFORMANCE_ONLY,Synthetic validator conformance fixture only; not an empirical measurement or capability claim.,SYNTHETIC,SYNTHETIC,SYNTHETIC,SYNTHETIC,0.002,SYNTHETIC,SELF_TEST,0.005,20,0.03,3,0.03,NULL,synthetic-null,0,0,0,5,2000,s,V,N,0.058,0,0.0005568756164881878
nexah-hz-fz-measurement/0.1.0,HZ_FZ_01,SYNTHETIC_CONFORMANCE_ONLY,Synthetic validator conformance fixture only; not an empirical measurement or capability claim.,SYNTHETIC,SYNTHETIC,SYNTHETIC,SYNTHETIC,0.002,SYNTHETIC,SELF_TEST,0.005,20,0.03,3,0.03,NULL,synthetic-null,0,0,0,5,2000,s,V,N,0.0585,0,0.00053847668082666
nexah-hz-fz-measurement/0.1.0,HZ_FZ_01,SYNTHETIC_CONFORMANCE_ONLY,Synthetic validator conformance fixture only; not an empirical measurement or capability claim.,SYNTHETIC,SYNTHETIC,SYNTHETIC,SYNTHETIC,0.002,SYNTHETIC,SELF_TEST,0.005,20,0.03,3,0.03,NULL,synthetic-null,0,0,0,5,2000,s,V,N,0.059,0,0.0005198173426207098
nexah-hz-fz-measurement/0.1.0,HZ_FZ_01,SYNTHETIC_CONFORMANCE_ONLY,Synthetic validator conformance fixture only; not an empirical measurement or capability claim.,SYNTHETIC,SYNTHETIC,SYNTHETIC,SYNTHETIC,0.002,SYNTHETIC,SELF_TEST,0.005,20,0.03,3,0.03,NULL,synthetic-null,0,0,0,5,2000,s,V,N,0.0595,0,0.0005009066253607102
nexah-hz-fz-measurement/0.1.0,HZ_FZ_01,SYNTHETIC_CONFORMANCE_ONLY,Synthetic validator conformance fixture only; not an empirical measurement or capability claim.,SYNTHETIC,SYNTHETIC,SYNTHETIC,SYNTHETIC,0.002,SYNTHETIC,SELF_TEST,0.005,20,0.03,3,0.03,NULL,synthetic-null,0,0,0,5,2000,s,V,N,0.06,0,0.0004817536741017156
nexah-hz-fz-measurement/0.1.0,HZ_FZ_01,SYNTHETIC_CONFORMANCE_ONLY,Synthetic validator conformance fixture only; not an empirical measurement or capability claim.,SYNTHETIC,SYNTHETIC,SYNTHETIC,SYNTHETIC,0.002,SYNTHETIC,SELF_TEST,0.005,20,0.03,3,0.03,NULL,synthetic-null,0,0,0,5,2000,s,V,N,0.0605,0,0.00046236775104099175
nexah-hz-fz-measurement/0.1.0,HZ_FZ_01,SYNTHETIC_CONFORMANCE_ONLY,Synthetic validator conformance fixture only; not an empirical measurement or capability claim.,SYNTHETIC,SYNTHETIC,SYNTHETIC,SYNTHETIC,0.002,SYNTHETIC,SELF_TEST,0.005,20,0.03,3,0.03,NULL,synthetic-null,0,0,0,5,2000,s,V,N,0.061,0,0.00044275823103890157
nexah-hz-fz-measurement/0.1.0,HZ_FZ_01,SYNTHETIC_CONFORMANCE_ONLY,Synthetic validator conformance fixture only; not an empirical measurement or capability claim.,SYNTHETIC,SYNTHETIC,SYNTHETIC,SYNTHETIC,0.002,SYNTHETIC,SELF_TEST,0.005,20,0.03,3,0.03,NULL,synthetic-null,0,0,0,5,2000,s,V,N,0.0615,0,0.0004229345970853033
nexah-hz-fz-measurement/0.1.0,HZ_FZ_01,SYNTHETIC_CONFORMANCE_ONLY,Synthetic validator conformance fixture only; not an empirical measurement or capability claim.,SYNTHETIC,SYNTHETIC,SYNTHETIC,SYNTHETIC,0.002,SYNTHETIC,SELF_TEST,0.005,20,0.03,3,0.03,NULL,synthetic-null,0,0,0,5,2000,s,V,N,0.062,0,0.00040290643571366276
nexah-hz-fz-measurement/0.1.0,HZ_FZ_01,SYNTHETIC_CONFORMANCE_ONLY,Synthetic validator conformance fixture only; not an empirical measurement or capability claim.,SYNTHETIC,SYNTHETIC,SYNTHETIC,SYNTHETIC,0.002,SYNTHETIC,SELF_TEST,0.005,20,0.03,3,0.03,NULL,synthetic-null,0,0,0,5,2000,s,V,N,0.0625,0,0.0003826834323650899
nexah-hz-fz-measurement/0.1.0,HZ_FZ_01,SYNTHETIC_CONFORMANCE_ONLY,Synthetic validator conformance fixture only; not an empirical measurement or capability claim.,SYNTHETIC,SYNTHETIC,SYNTHETIC,SYNTHETIC,0.002,SYNTHETIC,SELF_TEST,0.005,20,0.03,3,0.03,NULL,synthetic-null,0,0,0,5,2000,s,V,N,0.063,0,0.0003622753667045458
nexah-hz-fz-measurement/0.1.0,HZ_FZ_01,SYNTHETIC_CONFORMANCE_ONLY,Synthetic validator conformance fixture only; not an empirical measurement or capability claim.,SYNTHETIC,SYNTHETIC,SYNTHETIC,SYNTHETIC,0.002,SYNTHETIC,SELF_TEST,0.005,20,0.03,3,0.03,NULL,synthetic-null,0,0,0,5,2000,s,V,N,0.0635,0,0.00034169210789148345
nexah-hz-fz-measurement/0.1.0,HZ_FZ_01,SYNTHETIC_CONFORMANCE_ONLY,Synthetic validator conformance fixture only; not an empirical measurement or capability claim.,SYNTHETIC,SYNTHETIC,SYNTHETIC,SYNTHETIC,0.002,SYNTHETIC,SELF_TEST,0.005,20,0.03,3,0.03,NULL,synthetic-null,0,0,0,5,2000,s,V,N,0.064,0,0.00032094360980720974
nexah-hz-fz-measurement/0.1.0,HZ_FZ_01,SYNTHETIC_CONFORMANCE_ONLY,Synthetic validator conformance fixture only; not an empirical measurement or capability claim.,SYNTHETIC,SYNTHETIC,SYNTHETIC,SYNTHETIC,0.002,SYNTHETIC,SELF_TEST,0.005,20,0.03,3,0.03,NULL,synthetic-null,0,0,0,5,2000,s,V,N,0.0645,0,0.00030003990624127646
nexah-hz-fz-measurement/0.1.0,HZ_FZ_01,SYNTHETIC_CONFORMANCE_ONLY,Synthetic validator conformance fixture only; not an empirical measurement or capability claim.,SYNTHETIC,SYNTHETIC,SYNTHETIC,SYNTHETIC,0.002,SYNTHETIC,SELF_TEST,0.005,20,0.03,3,0.03,NULL,synthetic-null,0,0,0,5,2000,s,V,N,0.065,0,0.00027899110603922913
nexah-hz-fz-measurement/0.1.0,HZ_FZ_01,SYNTHETIC_CONFORMANCE_ONLY,Synthetic validator conformance fixture only; not an empirical measurement or capability claim.,SYNTHETIC,SYNTHETIC,SYNTHETIC,SYNTHETIC,0.002,SYNTHETIC,SELF_TEST,0.005,20,0.03,3,0.03,NULL,synthetic-null,0,0,0,5,2000,s,V,N,0.0655,0,0.00025780738821405973
nexah-hz-fz-measurement/0.1.0,HZ_FZ_01,SYNTHETIC_CONFORMANCE_ONLY,Synthetic validator conformance fixture only; not an empirical measurement or capability claim.,SYNTHETIC,SYNTHETIC,SYNTHETIC,SYNTHETIC,0.002,SYNTHETIC,SELF_TEST,0.005,20,0.03,3,0.03,NULL,synthetic-null,0,0,0,5,2000,s,V,N,0.066,0,0.0002364989970237246
nexah-hz-fz-measurement/0.1.0,HZ_FZ_01,SYNTHETIC_CONFORMANCE_ONLY,Synthetic validator conformance fixture only; not an empirical measurement or capability claim.,SYNTHETIC,SYNTHETIC,SYNTHETIC,SYNTHETIC,0.002,SYNTHETIC,SELF_TEST,0.005,20,0.03,3,0.03,NULL,synthetic-null,0,0,0,5,2000,s,V,N,0.0665,0,0.00021507623701711335
nexah-hz-fz-measurement/0.1.0,HZ_FZ_01,SYNTHETIC_CONFORMANCE_ONLY,Synthetic validator conformance fixture only; not an empirical measurement or capability claim.,SYNTHETIC,SYNTHETIC,SYNTHETIC,SYNTHETIC,0.002,SYNTHETIC,SELF_TEST,0.005,20,0.03,3,0.03,NULL,synthetic-null,0,0,0,5,2000,s,V,N,0.067,0,0.00019354946805086028
nexah-hz-fz-measurement/0.1.0,HZ_FZ_01,SYNTHETIC_CONFORMANCE_ONLY,Synthetic validator conformance fixture only; not an empirical measurement or capability claim.,SYNTHETIC,SYNTHETIC,SYNTHETIC,SYNTHETIC,0.002,SYNTHETIC,SELF_TEST,0.005,20,0.03,3,0.03,NULL,synthetic-null,0,0,0,5,2000,s,V,N,0.0675,0,0.00017192910027940959
nexah-hz-fz-measurement/0.1.0,HZ_FZ_01,SYNTHETIC_CONFORMANCE_ONLY,Synthetic validator conformance fixture only; not an empirical measurement or capability claim.,SYNTHETIC,SYNTHETIC,SYNTHETIC,SYNTHETIC,0.002,SYNTHETIC,SELF_TEST,0.005,20,0.03,3,0.03,NULL,synthetic-null,0,0,0,5,2000,s,V,N,0.068,0,0.00015022558912075712
nexah-hz-fz-measurement/0.1.0,HZ_FZ_01,SYNTHETIC_CONFORMANCE_ONLY,Synthetic validator conformance fixture only; not an empirical measurement or capability claim.,SYNTHETIC,SYNTHETIC,SYNTHETIC,SYNTHETIC,0.002,SYNTHETIC,SELF_TEST,0.005,20,0.03,3,0.03,NULL,synthetic-null,0,0,0,5,2000,s,V,N,0.0685,0,0.00012844943020030294
nexah-hz-fz-measurement/0.1.0,HZ_FZ_01,SYNTHETIC_CONFORMANCE_ONLY,Synthetic validator conformance fixture only; not an empirical measurement or capability claim.,SYNTHETIC,SYNTHETIC,SYNTHETIC,SYNTHETIC,0.002,SYNTHETIC,SELF_TEST,0.005,20,0.03,3,0.03,NULL,synthetic-null,0,0,0,5,2000,s,V,N,0.069,0,0.00010661115427525961
nexah-hz-fz-measurement/0.1.0,HZ_FZ_01,SYNTHETIC_CONFORMANCE_ONLY,Synthetic validator conformance fixture only; not an empirical measurement or capability claim.,SYNTHETIC,SYNTHETIC,SYNTHETIC,SYNTHETIC,0.002,SYNTHETIC,SELF_TEST,0.005,20,0.03,3,0.03,NULL,synthetic-null,0,0,0,5,2000,s,V,N,0.0695,0,0.00008472132214207318
nexah-hz-fz-measurement/0.1.0,HZ_FZ_01,SYNTHETIC_CONFORMANCE_ONLY,Synthetic validator conformance fixture only; not an empirical measurement or capability claim.,SYNTHETIC,SYNTHETIC,SYNTHETIC,SYNTHETIC,0.002,SYNTHETIC,SELF_TEST,0.005,20,0.03,3,0.03,NULL,synthetic-null,0,0,0,5,2000,s,V,N,0.07,0,0.00006279051952931314
nexah-hz-fz-measurement/0.1.0,HZ_FZ_01,SYNTHETIC_CONFORMANCE_ONLY,Synthetic validator conformance fixture only; not an empirical measurement or capability claim.,SYNTHETIC,SYNTHETIC,SYNTHETIC,SYNTHETIC,0.002,SYNTHETIC,SELF_TEST,0.005,20,0.03,3,0.03,NULL,synthetic-null,0,0,0,5,2000,s,V,N,0.0705,0,0.00004082935197851025
nexah-hz-fz-measurement/0.1.0,HZ_FZ_01,SYNTHETIC_CONFORMANCE_ONLY,Synthetic validator conformance fixture only; not an empirical measurement or capability claim.,SYNTHETIC,SYNTHETIC,SYNTHETIC,SYNTHETIC,0.002,SYNTHETIC,SELF_TEST,0.005,20,0.03,3,0.03,NULL,synthetic-null,0,0,0,5,2000,s,V,N,0.071,0,0.00001884843971540846
nexah-hz-fz-measurement/0.1.0,HZ_FZ_01,SYNTHETIC_CONFORMANCE_ONLY,Synthetic validator conformance fixture only; not an empirical measurement or capability claim.,SYNTHETIC,SYNTHETIC,SYNTHETIC,SYNTHETIC,0.002,SYNTHETIC,SELF_TEST,0.005,20,0.03,3,0.03,NULL,synthetic-null,0,0,0,5,2000,s,V,N,0.0715,0,-0.000003141587485879245
nexah-hz-fz-measurement/0.1.0,HZ_FZ_01,SYNTHETIC_CONFORMANCE_ONLY,Synthetic validator conformance fixture only; not an empirical measurement or capability claim.,SYNTHETIC,SYNTHETIC,SYNTHETIC,SYNTHETIC,0.002,SYNTHETIC,SELF_TEST,0.005,20,0.03,3,0.03,NULL,synthetic-null,0,0,0,5,2000,s,V,N,0.072,0,-0.000025130095443337127
nexah-hz-fz-measurement/0.1.0,HZ_FZ_01,SYNTHETIC_CONFORMANCE_ONLY,Synthetic validator conformance fixture only; not an empirical measurement or capability claim.,SYNTHETIC,SYNTHETIC,SYNTHETIC,SYNTHETIC,0.002,SYNTHETIC,SELF_TEST,0.005,20,0.03,3,0.03,NULL,synthetic-null,0,0,0,5,2000,s,V,N,0.0725,0,-0.00004710645070964227
nexah-hz-fz-measurement/0.1.0,HZ_FZ_01,SYNTHETIC_CONFORMANCE_ONLY,Synthetic validator conformance fixture only; not an empirical measurement or capability claim.,SYNTHETIC,SYNTHETIC,SYNTHETIC,SYNTHETIC,0.002,SYNTHETIC,SELF_TEST,0.005,20,0.03,3,0.03,NULL,synthetic-null,0,0,0,5,2000,s,V,N,0.073,0,-0.00006906002571440538
nexah-hz-fz-measurement/0.1.0,HZ_FZ_01,SYNTHETIC_CONFORMANCE_ONLY,Synthetic validator conformance fixture only; not an empirical measurement or capability claim.,SYNTHETIC,SYNTHETIC,SYNTHETIC,SYNTHETIC,0.002,SYNTHETIC,SELF_TEST,0.005,20,0.03,3,0.03,NULL,synthetic-null,0,0,0,5,2000,s,V,N,0.0735,0,-0.00009098020390356946
nexah-hz-fz-measurement/0.1.0,HZ_FZ_01,SYNTHETIC_CONFORMANCE_ONLY,Synthetic validator conformance fixture only; not an empirical measurement or capability claim.,SYNTHETIC,SYNTHETIC,SYNTHETIC,SYNTHETIC,0.002,SYNTHETIC,SELF_TEST,0.005,20,0.03,3,0.03,NULL,synthetic-null,0,0,0,5,2000,s,V,N,0.074,0,-0.0001128563848734812
nexah-hz-fz-measurement/0.1.0,HZ_FZ_01,SYNTHETIC_CONFORMANCE_ONLY,Synthetic validator conformance fixture only; not an empirical measurement or capability claim.,SYNTHETIC,SYNTHETIC,SYNTHETIC,SYNTHETIC,0.002,SYNTHETIC,SELF_TEST,0.005,20,0.03,3,0.03,NULL,synthetic-null,0,0,0,5,2000,s,V,N,0.0745,0,-0.00013467798949715252
nexah-hz-fz-measurement/0.1.0,HZ_FZ_01,SYNTHETIC_CONFORMANCE_ONLY,Synthetic validator conformance fixture only; not an empirical measurement or capability claim.,SYNTHETIC,SYNTHETIC,SYNTHETIC,SYNTHETIC,0.002,SYNTHETIC,SELF_TEST,0.005,20,0.03,3,0.03,NULL,synthetic-null,0,0,0,5,2000,s,V,N,0.075,0,-0.00015643446504023074
nexah-hz-fz-measurement/0.1.0,HZ_FZ_01,SYNTHETIC_CONFORMANCE_ONLY,Synthetic validator conformance fixture only; not an empirical measurement or capability claim.,SYNTHETIC,SYNTHETIC,SYNTHETIC,SYNTHETIC,0.002,SYNTHETIC,SELF_TEST,0.005,20,0.03,3,0.03,NULL,synthetic-null,0,0,0,5,2000,s,V,N,0.0755,0,-0.00017811529026420998
nexah-hz-fz-measurement/0.1.0,HZ_FZ_01,SYNTHETIC_CONFORMANCE_ONLY,Synthetic validator conformance fixture only; not an empirical measurement or capability claim.,SYNTHETIC,SYNTHETIC,SYNTHETIC,SYNTHETIC,0.002,SYNTHETIC,SELF_TEST,0.005,20,0.03,3,0.03,NULL,synthetic-null,0,0,0,5,2000,s,V,N,0.076,0,-0.00019970998051440685
nexah-hz-fz-measurement/0.1.0,HZ_FZ_01,SYNTHETIC_CONFORMANCE_ONLY,Synthetic validator conformance fixture only; not an empirical measurement or capability claim.,SYNTHETIC,SYNTHETIC,SYNTHETIC,SYNTHETIC,0.002,SYNTHETIC,SELF_TEST,0.005,20,0.03,3,0.03,NULL,synthetic-null,0,0,0,5,2000,s,V,N,0.0765,0,-0.0002212080927902469
nexah-hz-fz-measurement/0.1.0,HZ_FZ_01,SYNTHETIC_CONFORMANCE_ONLY,Synthetic validator conformance fixture only; not an empirical measurement or capability claim.,SYNTHETIC,SYNTHETIC,SYNTHETIC,SYNTHETIC,0.002,SYNTHETIC,SELF_TEST,0.005,20,0.03,3,0.03,NULL,synthetic-null,0,0,0,5,2000,s,V,N,0.077,0,-0.00024259923079540717
nexah-hz-fz-measurement/0.1.0,HZ_FZ_01,SYNTHETIC_CONFORMANCE_ONLY,Synthetic validator conformance fixture only; not an empirical measurement or capability claim.,SYNTHETIC,SYNTHETIC,SYNTHETIC,SYNTHETIC,0.002,SYNTHETIC,SELF_TEST,0.005,20,0.03,3,0.03,NULL,synthetic-null,0,0,0,5,2000,s,V,N,0.0775,0,-0.0002638730499653726
nexah-hz-fz-measurement/0.1.0,HZ_FZ_01,SYNTHETIC_CONFORMANCE_ONLY,Synthetic validator conformance fixture only; not an empirical measurement or capability claim.,SYNTHETIC,SYNTHETIC,SYNTHETIC,SYNTHETIC,0.002,SYNTHETIC,SELF_TEST,0.005,20,0.03,3,0.03,NULL,synthetic-null,0,0,0,5,2000,s,V,N,0.078,0,-0.0002850192624699758
nexah-hz-fz-measurement/0.1.0,HZ_FZ_01,SYNTHETIC_CONFORMANCE_ONLY,Synthetic validator conformance fixture only; not an empirical measurement or capability claim.,SYNTHETIC,SYNTHETIC,SYNTHETIC,SYNTHETIC,0.002,SYNTHETIC,SELF_TEST,0.005,20,0.03,3,0.03,NULL,synthetic-null,0,0,0,5,2000,s,V,N,0.0785,0,-0.0003060276421885008
nexah-hz-fz-measurement/0.1.0,HZ_FZ_01,SYNTHETIC_CONFORMANCE_ONLY,Synthetic validator conformance fixture only; not an empirical measurement or capability claim.,SYNTHETIC,SYNTHETIC,SYNTHETIC,SYNTHETIC,0.002,SYNTHETIC,SELF_TEST,0.005,20,0.03,3,0.03,NULL,synthetic-null,0,0,0,5,2000,s,V,N,0.079,0,-0.0003268880296549425
nexah-hz-fz-measurement/0.1.0,HZ_FZ_01,SYNTHETIC_CONFORMANCE_ONLY,Synthetic validator conformance fixture only; not an empirical measurement or capability claim.,SYNTHETIC,SYNTHETIC,SYNTHETIC,SYNTHETIC,0.002,SYNTHETIC,SELF_TEST,0.005,20,0.03,3,0.03,NULL,synthetic-null,0,0,0,5,2000,s,V,N,0.0795,0,-0.000347590336971037
nexah-hz-fz-measurement/0.1.0,HZ_FZ_01,SYNTHETIC_CONFORMANCE_ONLY,Synthetic validator conformance fixture only; not an empirical measurement or capability claim.,SYNTHETIC,SYNTHETIC,SYNTHETIC,SYNTHETIC,0.002,SYNTHETIC,SELF_TEST,0.005,20,0.03,3,0.03,NULL,synthetic-null,0,0,0,5,2000,s,V,N,0.08,0,-0.0003681245526846779
nexah-hz-fz-measurement/0.1.0,HZ_FZ_01,SYNTHETIC_CONFORMANCE_ONLY,Synthetic validator conformance fixture only; not an empirical measurement or capability claim.,SYNTHETIC,SYNTHETIC,SYNTHETIC,SYNTHETIC,0.002,SYNTHETIC,SELF_TEST,0.005,20,0.03,3,0.03,NULL,synthetic-null,0,0,0,5,2000,s,V,N,0.0805,0,-0.000388480746631366
nexah-hz-fz-measurement/0.1.0,HZ_FZ_01,SYNTHETIC_CONFORMANCE_ONLY,Synthetic validator conformance fixture only; not an empirical measurement or capability claim.,SYNTHETIC,SYNTHETIC,SYNTHETIC,SYNTHETIC,0.002,SYNTHETIC,SELF_TEST,0.005,20,0.03,3,0.03,NULL,synthetic-null,0,0,0,5,2000,s,V,N,0.081,0,-0.0004086490747363489
nexah-hz-fz-measurement/0.1.0,HZ_FZ_01,SYNTHETIC_CONFORMANCE_ONLY,Synthetic validator conformance fixture only; not an empirical measurement or capability claim.,SYNTHETIC,SYNTHETIC,SYNTHETIC,SYNTHETIC,0.002,SYNTHETIC,SELF_TEST,0.005,20,0.03,3,0.03,NULL,synthetic-null,0,0,0,5,2000,s,V,N,0.0815,0,-0.0004286197837751282
nexah-hz-fz-measurement/0.1.0,HZ_FZ_01,SYNTHETIC_CONFORMANCE_ONLY,Synthetic validator conformance fixture only; not an empirical measurement or capability claim.,SYNTHETIC,SYNTHETIC,SYNTHETIC,SYNTHETIC,0.002,SYNTHETIC,SELF_TEST,0.005,20,0.03,3,0.03,NULL,synthetic-null,0,0,0,5,2000,s,V,N,0.082,0,-0.00044838321609003205
nexah-hz-fz-measurement/0.1.0,HZ_FZ_01,SYNTHETIC_CONFORMANCE_ONLY,Synthetic validator conformance fixture only; not an empirical measurement or capability claim.,SYNTHETIC,SYNTHETIC,SYNTHETIC,SYNTHETIC,0.002,SYNTHETIC,SELF_TEST,0.005,20,0.03,3,0.03,NULL,synthetic-null,0,0,0,5,2000,s,V,N,0.0825,0,-0.0004679298142605736
nexah-hz-fz-measurement/0.1.0,HZ_FZ_01,SYNTHETIC_CONFORMANCE_ONLY,Synthetic validator conformance fixture only; not an empirical measurement or capability claim.,SYNTHETIC,SYNTHETIC,SYNTHETIC,SYNTHETIC,0.002,SYNTHETIC,SELF_TEST,0.005,20,0.03,3,0.03,NULL,synthetic-null,0,0,0,5,2000,s,V,N,0.083,0,-0.0004872501257253325
nexah-hz-fz-measurement/0.1.0,HZ_FZ_01,SYNTHETIC_CONFORMANCE_ONLY,Synthetic validator conformance fixture only; not an empirical measurement or capability claim.,SYNTHETIC,SYNTHETIC,SYNTHETIC,SYNTHETIC,0.002,SYNTHETIC,SELF_TEST,0.005,20,0.03,3,0.03,NULL,synthetic-null,0,0,0,5,2000,s,V,N,0.0835,0,-0.0005063348073531327
nexah-hz-fz-measurement/0.1.0,HZ_FZ_01,SYNTHETIC_CONFORMANCE_ONLY,Synthetic validator conformance fixture only; not an empirical measurement or capability claim.,SYNTHETIC,SYNTHETIC,SYNTHETIC,SYNTHETIC,0.002,SYNTHETIC,SELF_TEST,0.005,20,0.03,3,0.03,NULL,synthetic-null,0,0,0,5,2000,s,V,N,0.084,0,-0.0005251746299612958
nexah-hz-fz-measurement/0.1.0,HZ_FZ_01,SYNTHETIC_CONFORMANCE_ONLY,Synthetic validator conformance fixture only; not an empirical measurement or capability claim.,SYNTHETIC,SYNTHETIC,SYNTHETIC,SYNTHETIC,0.002,SYNTHETIC,SELF_TEST,0.005,20,0.03,3,0.03,NULL,synthetic-null,0,0,0,5,2000,s,V,N,0.0845,0,-0.0005437604827787925
nexah-hz-fz-measurement/0.1.0,HZ_FZ_01,SYNTHETIC_CONFORMANCE_ONLY,Synthetic validator conformance fixture only; not an empirical measurement or capability claim.,SYNTHETIC,SYNTHETIC,SYNTHETIC,SYNTHETIC,0.002,SYNTHETIC,SELF_TEST,0.005,20,0.03,3,0.03,NULL,synthetic-null,0,0,0,5,2000,s,V,N,0.085,0,-0.0005620833778521306
nexah-hz-fz-measurement/0.1.0,HZ_FZ_01,SYNTHETIC_CONFORMANCE_ONLY,Synthetic validator conformance fixture only; not an empirical measurement or capability claim.,SYNTHETIC,SYNTHETIC,SYNTHETIC,SYNTHETIC,0.002,SYNTHETIC,SELF_TEST,0.005,20,0.03,3,0.03,NULL,synthetic-null,0,0,0,5,2000,s,V,N,0.0855,0,-0.0005801344543918494
nexah-hz-fz-measurement/0.1.0,HZ_FZ_01,SYNTHETIC_CONFORMANCE_ONLY,Synthetic validator conformance fixture only; not an empirical measurement or capability claim.,SYNTHETIC,SYNTHETIC,SYNTHETIC,SYNTHETIC,0.002,SYNTHETIC,SELF_TEST,0.005,20,0.03,3,0.03,NULL,synthetic-null,0,0,0,5,2000,s,V,N,0.086,0,-0.0005979049830575185
nexah-hz-fz-measurement/0.1.0,HZ_FZ_01,SYNTHETIC_CONFORMANCE_ONLY,Synthetic validator conformance fixture only; not an empirical measurement or capability claim.,SYNTHETIC,SYNTHETIC,SYNTHETIC,SYNTHETIC,0.002,SYNTHETIC,SELF_TEST,0.005,20,0.03,3,0.03,NULL,synthetic-null,0,0,0,5,2000,s,V,N,0.0865,0,-0.0006153863701791711
nexah-hz-fz-measurement/0.1.0,HZ_FZ_01,SYNTHETIC_CONFORMANCE_ONLY,Synthetic validator conformance fixture only; not an empirical measurement or capability claim.,SYNTHETIC,SYNTHETIC,SYNTHETIC,SYNTHETIC,0.002,SYNTHETIC,SELF_TEST,0.005,20,0.03,3,0.03,NULL,synthetic-null,0,0,0,5,2000,s,V,N,0.087,0,-0.000632570161913124
nexah-hz-fz-measurement/0.1.0,HZ_FZ_01,SYNTHETIC_CONFORMANCE_ONLY,Synthetic validator conformance fixture only; not an empirical measurement or capability claim.,SYNTHETIC,SYNTHETIC,SYNTHETIC,SYNTHETIC,0.002,SYNTHETIC,SELF_TEST,0.005,20,0.03,3,0.03,NULL,synthetic-null,0,0,0,5,2000,s,V,N,0.0875,0,-0.0006494480483301832
nexah-hz-fz-measurement/0.1.0,HZ_FZ_01,SYNTHETIC_CONFORMANCE_ONLY,Synthetic validator conformance fixture only; not an empirical measurement or capability claim.,SYNTHETIC,SYNTHETIC,SYNTHETIC,SYNTHETIC,0.002,SYNTHETIC,SELF_TEST,0.005,20,0.03,3,0.03,NULL,synthetic-null,0,0,0,5,2000,s,V,N,0.088,0,-0.0006660118674342515
nexah-hz-fz-measurement/0.1.0,HZ_FZ_01,SYNTHETIC_CONFORMANCE_ONLY,Synthetic validator conformance fixture only; not an empirical measurement or capability claim.,SYNTHETIC,SYNTHETIC,SYNTHETIC,SYNTHETIC,0.002,SYNTHETIC,SELF_TEST,0.005,20,0.03,3,0.03,NULL,synthetic-null,0,0,0,5,2000,s,V,N,0.0885,0,-0.0006822536091093962
nexah-hz-fz-measurement/0.1.0,HZ_FZ_01,SYNTHETIC_CONFORMANCE_ONLY,Synthetic validator conformance fixture only; not an empirical measurement or capability claim.,SYNTHETIC,SYNTHETIC,SYNTHETIC,SYNTHETIC,0.002,SYNTHETIC,SELF_TEST,0.005,20,0.03,3,0.03,NULL,synthetic-null,0,0,0,5,2000,s,V,N,0.089,0,-0.0006981654189934726
nexah-hz-fz-measurement/0.1.0,HZ_FZ_01,SYNTHETIC_CONFORMANCE_ONLY,Synthetic validator conformance fixture only; not an empirical measurement or capability claim.,SYNTHETIC,SYNTHETIC,SYNTHETIC,SYNTHETIC,0.002,SYNTHETIC,SELF_TEST,0.005,20,0.03,3,0.03,NULL,synthetic-null,0,0,0,5,2000,s,V,N,0.0895,0,-0.0007137396022764211
nexah-hz-fz-measurement/0.1.0,HZ_FZ_01,SYNTHETIC_CONFORMANCE_ONLY,Synthetic validator conformance fixture only; not an empirical measurement or capability claim.,SYNTHETIC,SYNTHETIC,SYNTHETIC,SYNTHETIC,0.002,SYNTHETIC,SELF_TEST,0.005,20,0.03,3,0.03,NULL,synthetic-null,0,0,0,5,2000,s,V,N,0.09,0,-0.0007289686274214114
nexah-hz-fz-measurement/0.1.0,HZ_FZ_01,SYNTHETIC_CONFORMANCE_ONLY,Synthetic validator conformance fixture only; not an empirical measurement or capability claim.,SYNTHETIC,SYNTHETIC,SYNTHETIC,SYNTHETIC,0.002,SYNTHETIC,SELF_TEST,0.005,20,0.03,3,0.03,NULL,synthetic-null,0,0,0,5,2000,s,V,N,0.0905,0,-0.0007438451298070248
nexah-hz-fz-measurement/0.1.0,HZ_FZ_01,SYNTHETIC_CONFORMANCE_ONLY,Synthetic validator conformance fixture only; not an empirical measurement or capability claim.,SYNTHETIC,SYNTHETIC,SYNTHETIC,SYNTHETIC,0.002,SYNTHETIC,SELF_TEST,0.005,20,0.03,3,0.03,NULL,synthetic-null,0,0,0,5,2000,s,V,N,0.091,0,-0.0007583619152887216
nexah-hz-fz-measurement/0.1.0,HZ_FZ_01,SYNTHETIC_CONFORMANCE_ONLY,Synthetic validator conformance fixture only; not an empirical measurement or capability claim.,SYNTHETIC,SYNTHETIC,SYNTHETIC,SYNTHETIC,0.002,SYNTHETIC,SELF_TEST,0.005,20,0.03,3,0.03,NULL,synthetic-null,0,0,0,5,2000,s,V,N,0.0915,0,-0.0007725119636778644
nexah-hz-fz-measurement/0.1.0,HZ_FZ_01,SYNTHETIC_CONFORMANCE_ONLY,Synthetic validator conformance fixture only; not an empirical measurement or capability claim.,SYNTHETIC,SYNTHETIC,SYNTHETIC,SYNTHETIC,0.002,SYNTHETIC,SELF_TEST,0.005,20,0.03,3,0.03,NULL,synthetic-null,0,0,0,5,2000,s,V,N,0.092,0,-0.0007862884321366186
nexah-hz-fz-measurement/0.1.0,HZ_FZ_01,SYNTHETIC_CONFORMANCE_ONLY,Synthetic validator conformance fixture only; not an empirical measurement or capability claim.,SYNTHETIC,SYNTHETIC,SYNTHETIC,SYNTHETIC,0.002,SYNTHETIC,SELF_TEST,0.005,20,0.03,3,0.03,NULL,synthetic-null,0,0,0,5,2000,s,V,N,0.0925,0,-0.0007996846584870905
nexah-hz-fz-measurement/0.1.0,HZ_FZ_01,SYNTHETIC_CONFORMANCE_ONLY,Synthetic validator conformance fixture only; not an empirical measurement or capability claim.,SYNTHETIC,SYNTHETIC,SYNTHETIC,SYNTHETIC,0.002,SYNTHETIC,SELF_TEST,0.005,20,0.03,3,0.03,NULL,synthetic-null,0,0,0,5,2000,s,V,N,0.093,0,-0.0008126941644330936
nexah-hz-fz-measurement/0.1.0,HZ_FZ_01,SYNTHETIC_CONFORMANCE_ONLY,Synthetic validator conformance fixture only; not an empirical measurement or capability claim.,SYNTHETIC,SYNTHETIC,SYNTHETIC,SYNTHETIC,0.002,SYNTHETIC,SELF_TEST,0.005,20,0.03,3,0.03,NULL,synthetic-null,0,0,0,5,2000,s,V,N,0.0935,0,-0.0008253106586929994
nexah-hz-fz-measurement/0.1.0,HZ_FZ_01,SYNTHETIC_CONFORMANCE_ONLY,Synthetic validator conformance fixture only; not an empirical measurement or capability claim.,SYNTHETIC,SYNTHETIC,SYNTHETIC,SYNTHETIC,0.002,SYNTHETIC,SELF_TEST,0.005,20,0.03,3,0.03,NULL,synthetic-null,0,0,0,5,2000,s,V,N,0.094,0,-0.0008375280400421418
nexah-hz-fz-measurement/0.1.0,HZ_FZ_01,SYNTHETIC_CONFORMANCE_ONLY,Synthetic validator conformance fixture only; not an empirical measurement or capability claim.,SYNTHETIC,SYNTHETIC,SYNTHETIC,SYNTHETIC,0.002,SYNTHETIC,SELF_TEST,0.005,20,0.03,3,0.03,NULL,synthetic-null,0,0,0,5,2000,s,V,N,0.0945,0,-0.0008493404002633165
nexah-hz-fz-measurement/0.1.0,HZ_FZ_01,SYNTHETIC_CONFORMANCE_ONLY,Synthetic validator conformance fixture only; not an empirical measurement or capability claim.,SYNTHETIC,SYNTHETIC,SYNTHETIC,SYNTHETIC,0.002,SYNTHETIC,SELF_TEST,0.005,20,0.03,3,0.03,NULL,synthetic-null,0,0,0,5,2000,s,V,N,0.095,0,-0.0008607420270039437
nexah-hz-fz-measurement/0.1.0,HZ_FZ_01,SYNTHETIC_CONFORMANCE_ONLY,Synthetic validator conformance fixture only; not an empirical measurement or capability claim.,SYNTHETIC,SYNTHETIC,SYNTHETIC,SYNTHETIC,0.002,SYNTHETIC,SELF_TEST,0.005,20,0.03,3,0.03,NULL,synthetic-null,0,0,0,5,2000,s,V,N,0.0955,0,-0.0008717274065385088
nexah-hz-fz-measurement/0.1.0,HZ_FZ_01,SYNTHETIC_CONFORMANCE_ONLY,Synthetic validator conformance fixture only; not an empirical measurement or capability claim.,SYNTHETIC,SYNTHETIC,SYNTHETIC,SYNTHETIC,0.002,SYNTHETIC,SELF_TEST,0.005,20,0.03,3,0.03,NULL,synthetic-null,0,0,0,5,2000,s,V,N,0.096,0,-0.0008822912264349534
nexah-hz-fz-measurement/0.1.0,HZ_FZ_01,SYNTHETIC_CONFORMANCE_ONLY,Synthetic validator conformance fixture only; not an empirical measurement or capability claim.,SYNTHETIC,SYNTHETIC,SYNTHETIC,SYNTHETIC,0.002,SYNTHETIC,SELF_TEST,0.005,20,0.03,3,0.03,NULL,synthetic-null,0,0,0,5,2000,s,V,N,0.0965,0,-0.0008924283781237178
nexah-hz-fz-measurement/0.1.0,HZ_FZ_01,SYNTHETIC_CONFORMANCE_ONLY,Synthetic validator conformance fixture only; not an empirical measurement or capability claim.,SYNTHETIC,SYNTHETIC,SYNTHETIC,SYNTHETIC,0.002,SYNTHETIC,SELF_TEST,0.005,20,0.03,3,0.03,NULL,synthetic-null,0,0,0,5,2000,s,V,N,0.097,0,-0.0009021339593682029
nexah-hz-fz-measurement/0.1.0,HZ_FZ_01,SYNTHETIC_CONFORMANCE_ONLY,Synthetic validator conformance fixture only; not an empirical measurement or capability claim.,SYNTHETIC,SYNTHETIC,SYNTHETIC,SYNTHETIC,0.002,SYNTHETIC,SELF_TEST,0.005,20,0.03,3,0.03,NULL,synthetic-null,0,0,0,5,2000,s,V,N,0.0975,0,-0.0009114032766354451
nexah-hz-fz-measurement/0.1.0,HZ_FZ_01,SYNTHETIC_CONFORMANCE_ONLY,Synthetic validator conformance fixture only; not an empirical measurement or capability claim.,SYNTHETIC,SYNTHETIC,SYNTHETIC,SYNTHETIC,0.002,SYNTHETIC,SELF_TEST,0.005,20,0.03,3,0.03,NULL,synthetic-null,0,0,0,5,2000,s,V,N,0.098,0,-0.0009202318473658704
nexah-hz-fz-measurement/0.1.0,HZ_FZ_01,SYNTHETIC_CONFORMANCE_ONLY,Synthetic validator conformance fixture only; not an empirical measurement or capability claim.,SYNTHETIC,SYNTHETIC,SYNTHETIC,SYNTHETIC,0.002,SYNTHETIC,SELF_TEST,0.005,20,0.03,3,0.03,NULL,synthetic-null,0,0,0,5,2000,s,V,N,0.0985,0,-0.0009286154021410175
nexah-hz-fz-measurement/0.1.0,HZ_FZ_01,SYNTHETIC_CONFORMANCE_ONLY,Synthetic validator conformance fixture only; not an empirical measurement or capability claim.,SYNTHETIC,SYNTHETIC,SYNTHETIC,SYNTHETIC,0.002,SYNTHETIC,SELF_TEST,0.005,20,0.03,3,0.03,NULL,synthetic-null,0,0,0,5,2000,s,V,N,0.099,0,-0.0009365498867481923
nexah-hz-fz-measurement/0.1.0,HZ_FZ_01,SYNTHETIC_CONFORMANCE_ONLY,Synthetic validator conformance fixture only; not an empirical measurement or capability claim.,SYNTHETIC,SYNTHETIC,SYNTHETIC,SYNTHETIC,0.002,SYNTHETIC,SELF_TEST,0.005,20,0.03,3,0.03,NULL,synthetic-null,0,0,0,5,2000,s,V,N,0.0995,0,-0.0009440314641410499
nexah-hz-fz-measurement/0.1.0,HZ_FZ_01,SYNTHETIC_CONFORMANCE_ONLY,Synthetic validator conformance fixture only; not an empirical measurement or capability claim.,SYNTHETIC,SYNTHETIC,SYNTHETIC,SYNTHETIC,0.002,SYNTHETIC,SELF_TEST,0.005,20,0.03,3,0.03,NULL,synthetic-null,0,0,0,5,2000,s,V,N,0.1,0,-0.0009510565162951536
nexah-hz-fz-measurement/0.1.0,HZ_FZ_01,SYNTHETIC_CONFORMANCE_ONLY,Synthetic validator conformance fixture only; not an empirical measurement or capability claim.,SYNTHETIC,SYNTHETIC,SYNTHETIC,SYNTHETIC,0.002,SYNTHETIC,SELF_TEST,0.005,20,0.03,3,0.03,NULL,synthetic-null,0,0,0,5,2000,s,V,N,0.1005,0,-0.0009576216459576223
nexah-hz-fz-measurement/0.1.0,HZ_FZ_01,SYNTHETIC_CONFORMANCE_ONLY,Synthetic validator conformance fixture only; not an empirical measurement or capability claim.,SYNTHETIC,SYNTHETIC,SYNTHETIC,SYNTHETIC,0.002,SYNTHETIC,SELF_TEST,0.005,20,0.03,3,0.03,NULL,synthetic-null,0,0,0,5,2000,s,V,N,0.101,0,-0.0009637236782900097
nexah-hz-fz-measurement/0.1.0,HZ_FZ_01,SYNTHETIC_CONFORMANCE_ONLY,Synthetic validator conformance fixture only; not an empirical measurement or capability claim.,SYNTHETIC,SYNTHETIC,SYNTHETIC,SYNTHETIC,0.002,SYNTHETIC,SELF_TEST,0.005,20,0.03,3,0.03,NULL,synthetic-null,0,0,0,5,2000,s,V,N,0.1015,0,-0.0009693596624036294
nexah-hz-fz-measurement/0.1.0,HZ_FZ_01,SYNTHETIC_CONFORMANCE_ONLY,Synthetic validator conformance fixture only; not an empirical measurement or capability claim.,SYNTHETIC,SYNTHETIC,SYNTHETIC,SYNTHETIC,0.002,SYNTHETIC,SELF_TEST,0.005,20,0.03,3,0.03,NULL,synthetic-null,0,0,0,5,2000,s,V,N,0.102,0,-0.0009745268727865771
nexah-hz-fz-measurement/0.1.0,HZ_FZ_01,SYNTHETIC_CONFORMANCE_ONLY,Synthetic validator conformance fixture only; not an empirical measurement or capability claim.,SYNTHETIC,SYNTHETIC,SYNTHETIC,SYNTHETIC,0.002,SYNTHETIC,SELF_TEST,0.005,20,0.03,3,0.03,NULL,synthetic-null,0,0,0,5,2000,s,V,N,0.1025,0,-0.0009792228106217658
nexah-hz-fz-measurement/0.1.0,HZ_FZ_01,SYNTHETIC_CONFORMANCE_ONLY,Synthetic validator conformance fixture only; not an empirical measurement or capability claim.,SYNTHETIC,SYNTHETIC,SYNTHETIC,SYNTHETIC,0.002,SYNTHETIC,SELF_TEST,0.005,20,0.03,3,0.03,NULL,synthetic-null,0,0,0,5,2000,s,V,N,0.103,0,-0.0009834452049953296
nexah-hz-fz-measurement/0.1.0,HZ_FZ_01,SYNTHETIC_CONFORMANCE_ONLY,Synthetic validator conformance fixture only; not an empirical measurement or capability claim.,SYNTHETIC,SYNTHETIC,SYNTHETIC,SYNTHETIC,0.002,SYNTHETIC,SELF_TEST,0.005,20,0.03,3,0.03,NULL,synthetic-null,0,0,0,5,2000,s,V,N,0.1035,0,-0.0009871920139948192
nexah-hz-fz-measurement/0.1.0,HZ_FZ_01,SYNTHETIC_CONFORMANCE_ONLY,Synthetic validator conformance fixture only; not an empirical measurement or capability claim.,SYNTHETIC,SYNTHETIC,SYNTHETIC,SYNTHETIC,0.002,SYNTHETIC,SELF_TEST,0.005,20,0.03,3,0.03,NULL,synthetic-null,0,0,0,5,2000,s,V,N,0.104,0,-0.0009904614256966513
nexah-hz-fz-measurement/0.1.0,HZ_FZ_01,SYNTHETIC_CONFORMANCE_ONLY,Synthetic validator conformance fixture only; not an empirical measurement or capability claim.,SYNTHETIC,SYNTHETIC,SYNTHETIC,SYNTHETIC,0.002,SYNTHETIC,SELF_TEST,0.005,20,0.03,3,0.03,NULL,synthetic-null,0,0,0,5,2000,s,V,N,0.1045,0,-0.0009932518590423393
nexah-hz-fz-measurement/0.1.0,HZ_FZ_01,SYNTHETIC_CONFORMANCE_ONLY,Synthetic validator conformance fixture only; not an empirical measurement or capability claim.,SYNTHETIC,SYNTHETIC,SYNTHETIC,SYNTHETIC,0.002,SYNTHETIC,SELF_TEST,0.005,20,0.03,3,0.03,NULL,synthetic-null,0,0,0,5,2000,s,V,N,0.105,0,-0.00099556196460308
nexah-hz-fz-measurement/0.1.0,HZ_FZ_01,SYNTHETIC_CONFORMANCE_ONLY,Synthetic validator conformance fixture only; not an empirical measurement or capability claim.,SYNTHETIC,SYNTHETIC,SYNTHETIC,SYNTHETIC,0.002,SYNTHETIC,SELF_TEST,0.005,20,0.03,3,0.03,NULL,synthetic-null,0,0,0,5,2000,s,V,N,0.1055,0,-0.0009973906252323237
nexah-hz-fz-measurement/0.1.0,HZ_FZ_01,SYNTHETIC_CONFORMANCE_ONLY,Synthetic validator conformance fixture only; not an empirical measurement or capability claim.,SYNTHETIC,SYNTHETIC,SYNTHETIC,SYNTHETIC,0.002,SYNTHETIC,SELF_TEST,0.005,20,0.03,3,0.03,NULL,synthetic-null,0,0,0,5,2000,s,V,N,0.106,0,-0.0009987369566060176
nexah-hz-fz-measurement/0.1.0,HZ_FZ_01,SYNTHETIC_CONFORMANCE_ONLY,Synthetic validator conformance fixture only; not an empirical measurement or capability claim.,SYNTHETIC,SYNTHETIC,SYNTHETIC,SYNTHETIC,0.002,SYNTHETIC,SELF_TEST,0.005,20,0.03,3,0.03,NULL,synthetic-null,0,0,0,5,2000,s,V,N,0.1065,0,-0.0009996003076502566
nexah-hz-fz-measurement/0.1.0,HZ_FZ_01,SYNTHETIC_CONFORMANCE_ONLY,Synthetic validator conformance fixture only; not an empirical measurement or capability claim.,SYNTHETIC,SYNTHETIC,SYNTHETIC,SYNTHETIC,0.002,SYNTHETIC,SELF_TEST,0.005,20,0.03,3,0.03,NULL,synthetic-null,0,0,0,5,2000,s,V,N,0.107,0,-0.0009999802608561372
nexah-hz-fz-measurement/0.1.0,HZ_FZ_01,SYNTHETIC_CONFORMANCE_ONLY,Synthetic validator conformance fixture only; not an empirical measurement or capability claim.,SYNTHETIC,SYNTHETIC,SYNTHETIC,SYNTHETIC,0.002,SYNTHETIC,SELF_TEST,0.005,20,0.03,3,0.03,NULL,synthetic-null,0,0,0,5,2000,s,V,N,0.1075,0,-0.0009998766324816606
nexah-hz-fz-measurement/0.1.0,HZ_FZ_01,SYNTHETIC_CONFORMANCE_ONLY,Synthetic validator conformance fixture only; not an empirical measurement or capability claim.,SYNTHETIC,SYNTHETIC,SYNTHETIC,SYNTHETIC,0.002,SYNTHETIC,SELF_TEST,0.005,20,0.03,3,0.03,NULL,synthetic-null,0,0,0,5,2000,s,V,N,0.108,0,-0.0009992894726405892
nexah-hz-fz-measurement/0.1.0,HZ_FZ_01,SYNTHETIC_CONFORMANCE_ONLY,Synthetic validator conformance fixture only; not an empirical measurement or capability claim.,SYNTHETIC,SYNTHETIC,SYNTHETIC,SYNTHETIC,0.002,SYNTHETIC,SELF_TEST,0.005,20,0.03,3,0.03,NULL,synthetic-null,0,0,0,5,2000,s,V,N,0.1085,0,-0.000998219065278212
nexah-hz-fz-measurement/0.1.0,HZ_FZ_01,SYNTHETIC_CONFORMANCE_ONLY,Synthetic validator conformance fixture only; not an empirical measurement or capability claim.,SYNTHETIC,SYNTHETIC,SYNTHETIC,SYNTHETIC,0.002,SYNTHETIC,SELF_TEST,0.005,20,0.03,3,0.03,NULL,synthetic-null,0,0,0,5,2000,s,V,N,0.109,0,-0.00099666592803403
nexah-hz-fz-measurement/0.1.0,HZ_FZ_01,SYNTHETIC_CONFORMANCE_ONLY,Synthetic validator conformance fixture only; not an empirical measurement or capability claim.,SYNTHETIC,SYNTHETIC,SYNTHETIC,SYNTHETIC,0.002,SYNTHETIC,SELF_TEST,0.005,20,0.03,3,0.03,NULL,synthetic-null,0,0,0,5,2000,s,V,N,0.1095,0,-0.0009946308119914325
nexah-hz-fz-measurement/0.1.0,HZ_FZ_01,SYNTHETIC_CONFORMANCE_ONLY,Synthetic validator conformance fixture only; not an empirical measurement or capability claim.,SYNTHETIC,SYNTHETIC,SYNTHETIC,SYNTHETIC,0.002,SYNTHETIC,SELF_TEST,0.005,20,0.03,3,0.03,NULL,synthetic-null,0,0,0,5,2000,s,V,N,0.11,0,-0.000992114701314478
nexah-hz-fz-measurement/0.1.0,HZ_FZ_01,SYNTHETIC_CONFORMANCE_ONLY,Synthetic validator conformance fixture only; not an empirical measurement or capability claim.,SYNTHETIC,SYNTHETIC,SYNTHETIC,SYNTHETIC,0.002,SYNTHETIC,SELF_TEST,0.005,20,0.03,3,0.03,NULL,synthetic-null,0,0,0,5,2000,s,V,N,0.1105,0,-0.000989118812771962
nexah-hz-fz-measurement/0.1.0,HZ_FZ_01,SYNTHETIC_CONFORMANCE_ONLY,Synthetic validator conformance fixture only; not an empirical measurement or capability claim.,SYNTHETIC,SYNTHETIC,SYNTHETIC,SYNTHETIC,0.002,SYNTHETIC,SELF_TEST,0.005,20,0.03,3,0.03,NULL,synthetic-null,0,0,0,5,2000,s,V,N,0.111,0,-0.0009856445951489982
nexah-hz-fz-measurement/0.1.0,HZ_FZ_01,SYNTHETIC_CONFORMANCE_ONLY,Synthetic validator conformance fixture only; not an empirical measurement or capability claim.,SYNTHETIC,SYNTHETIC,SYNTHETIC,SYNTHETIC,0.002,SYNTHETIC,SELF_TEST,0.005,20,0.03,3,0.03,NULL,synthetic-null,0,0,0,5,2000,s,V,N,0.1115,0,-0.0009816937285463988
nexah-hz-fz-measurement/0.1.0,HZ_FZ_01,SYNTHETIC_CONFORMANCE_ONLY,Synthetic validator conformance fixture only; not an empirical measurement or capability claim.,SYNTHETIC,SYNTHETIC,SYNTHETIC,SYNTHETIC,0.002,SYNTHETIC,SELF_TEST,0.005,20,0.03,3,0.03,NULL,synthetic-null,0,0,0,5,2000,s,V,N,0.112,0,-0.0009772681235681935
nexah-hz-fz-measurement/0.1.0,HZ_FZ_01,SYNTHETIC_CONFORMANCE_ONLY,Synthetic validator conformance fixture only; not an empirical measurement or capability claim.,SYNTHETIC,SYNTHETIC,SYNTHETIC,SYNTHETIC,0.002,SYNTHETIC,SELF_TEST,0.005,20,0.03,3,0.03,NULL,synthetic-null,0,0,0,5,2000,s,V,N,0.1125,0,-0.0009723699203976765
nexah-hz-fz-measurement/0.1.0,HZ_FZ_01,SYNTHETIC_CONFORMANCE_ONLY,Synthetic validator conformance fixture only; not an empirical measurement or capability claim.,SYNTHETIC,SYNTHETIC,SYNTHETIC,SYNTHETIC,0.002,SYNTHETIC,SELF_TEST,0.005,20,0.03,3,0.03,NULL,synthetic-null,0,0,0,5,2000,s,V,N,0.113,0,-0.0009670014877624351
nexah-hz-fz-measurement/0.1.0,HZ_FZ_01,SYNTHETIC_CONFORMANCE_ONLY,Synthetic validator conformance fixture only; not an empirical measurement or capability claim.,SYNTHETIC,SYNTHETIC,SYNTHETIC,SYNTHETIC,0.002,SYNTHETIC,SELF_TEST,0.005,20,0.03,3,0.03,NULL,synthetic-null,0,0,0,5,2000,s,V,N,0.1135,0,-0.0009611654217888519
nexah-hz-fz-measurement/0.1.0,HZ_FZ_01,SYNTHETIC_CONFORMANCE_ONLY,Synthetic validator conformance fixture only; not an empirical measurement or capability claim.,SYNTHETIC,SYNTHETIC,SYNTHETIC,SYNTHETIC,0.002,SYNTHETIC,SELF_TEST,0.005,20,0.03,3,0.03,NULL,synthetic-null,0,0,0,5,2000,s,V,N,0.114,0,-0.0009548645447466431
nexah-hz-fz-measurement/0.1.0,HZ_FZ_01,SYNTHETIC_CONFORMANCE_ONLY,Synthetic validator conformance fixture only; not an empirical measurement or capability claim.,SYNTHETIC,SYNTHETIC,SYNTHETIC,SYNTHETIC,0.002,SYNTHETIC,SELF_TEST,0.005,20,0.03,3,0.03,NULL,synthetic-null,0,0,0,5,2000,s,V,N,0.1145,0,-0.000948101903684032
nexah-hz-fz-measurement/0.1.0,HZ_FZ_01,SYNTHETIC_CONFORMANCE_ONLY,Synthetic validator conformance fixture only; not an empirical measurement or capability claim.,SYNTHETIC,SYNTHETIC,SYNTHETIC,SYNTHETIC,0.002,SYNTHETIC,SELF_TEST,0.005,20,0.03,3,0.03,NULL,synthetic-null,0,0,0,5,2000,s,V,N,0.115,0,-0.0009408807689542255
nexah-hz-fz-measurement/0.1.0,HZ_FZ_01,SYNTHETIC_CONFORMANCE_ONLY,Synthetic validator conformance fixture only; not an empirical measurement or capability claim.,SYNTHETIC,SYNTHETIC,SYNTHETIC,SYNTHETIC,0.002,SYNTHETIC,SELF_TEST,0.005,20,0.03,3,0.03,NULL,synthetic-null,0,0,0,5,2000,s,V,N,0.1155,0,-0.0009332046326338986
nexah-hz-fz-measurement/0.1.0,HZ_FZ_01,SYNTHETIC_CONFORMANCE_ONLY,Synthetic validator conformance fixture only; not an empirical measurement or capability claim.,SYNTHETIC,SYNTHETIC,SYNTHETIC,SYNTHETIC,0.002,SYNTHETIC,SELF_TEST,0.005,20,0.03,3,0.03,NULL,synthetic-null,0,0,0,5,2000,s,V,N,0.116,0,-0.0009250772068344579
nexah-hz-fz-measurement/0.1.0,HZ_FZ_01,SYNTHETIC_CONFORMANCE_ONLY,Synthetic validator conformance fixture only; not an empirical measurement or capability claim.,SYNTHETIC,SYNTHETIC,SYNTHETIC,SYNTHETIC,0.002,SYNTHETIC,SELF_TEST,0.005,20,0.03,3,0.03,NULL,synthetic-null,0,0,0,5,2000,s,V,N,0.1165,0,-0.000916502421906898
nexah-hz-fz-measurement/0.1.0,HZ_FZ_01,SYNTHETIC_CONFORMANCE_ONLY,Synthetic validator conformance fixture only; not an empirical measurement or capability claim.,SYNTHETIC,SYNTHETIC,SYNTHETIC,SYNTHETIC,0.002,SYNTHETIC,SELF_TEST,0.005,20,0.03,3,0.03,NULL,synthetic-null,0,0,0,5,2000,s,V,N,0.117,0,-0.0009074844245411167
nexah-hz-fz-measurement/0.1.0,HZ_FZ_01,SYNTHETIC_CONFORMANCE_ONLY,Synthetic validator conformance fixture only; not an empirical measurement or capability claim.,SYNTHETIC,SYNTHETIC,SYNTHETIC,SYNTHETIC,0.002,SYNTHETIC,SELF_TEST,0.005,20,0.03,3,0.03,NULL,synthetic-null,0,0,0,5,2000,s,V,N,0.1175,0,-0.0008980275757606156
nexah-hz-fz-measurement/0.1.0,HZ_FZ_01,SYNTHETIC_CONFORMANCE_ONLY,Synthetic validator conformance fixture only; not an empirical measurement or capability claim.,SYNTHETIC,SYNTHETIC,SYNTHETIC,SYNTHETIC,0.002,SYNTHETIC,SELF_TEST,0.005,20,0.03,3,0.03,NULL,synthetic-null,0,0,0,5,2000,s,V,N,0.118,0,-0.0008881364488135448
nexah-hz-fz-measurement/0.1.0,HZ_FZ_01,SYNTHETIC_CONFORMANCE_ONLY,Synthetic validator conformance fixture only; not an empirical measurement or capability claim.,SYNTHETIC,SYNTHETIC,SYNTHETIC,SYNTHETIC,0.002,SYNTHETIC,SELF_TEST,0.005,20,0.03,3,0.03,NULL,synthetic-null,0,0,0,5,2000,s,V,N,0.1185,0,-0.0008778158269611219
nexah-hz-fz-measurement/0.1.0,HZ_FZ_01,SYNTHETIC_CONFORMANCE_ONLY,Synthetic validator conformance fixture only; not an empirical measurement or capability claim.,SYNTHETIC,SYNTHETIC,SYNTHETIC,SYNTHETIC,0.002,SYNTHETIC,SELF_TEST,0.005,20,0.03,3,0.03,NULL,synthetic-null,0,0,0,5,2000,s,V,N,0.119,0,-0.0008670707011644904
nexah-hz-fz-measurement/0.1.0,HZ_FZ_01,SYNTHETIC_CONFORMANCE_ONLY,Synthetic validator conformance fixture only; not an empirical measurement or capability claim.,SYNTHETIC,SYNTHETIC,SYNTHETIC,SYNTHETIC,0.002,SYNTHETIC,SELF_TEST,0.005,20,0.03,3,0.03,NULL,synthetic-null,0,0,0,5,2000,s,V,N,0.1195,0,-0.0008559062676711331
nexah-hz-fz-measurement/0.1.0,HZ_FZ_01,SYNTHETIC_CONFORMANCE_ONLY,Synthetic validator conformance fixture only; not an empirical measurement or capability claim.,SYNTHETIC,SYNTHETIC,SYNTHETIC,SYNTHETIC,0.002,SYNTHETIC,SELF_TEST,0.005,20,0.03,3,0.03,NULL,synthetic-null,0,0,0,5,2000,s,V,N,0.12,0,-0.0008443279255020155
nexah-hz-fz-measurement/0.1.0,HZ_FZ_01,SYNTHETIC_CONFORMANCE_ONLY,Synthetic validator conformance fixture only; not an empirical measurement or capability claim.,SYNTHETIC,SYNTHETIC,SYNTHETIC,SYNTHETIC,0.002,SYNTHETIC,SELF_TEST,0.005,20,0.03,3,0.03,NULL,synthetic-null,0,0,0,5,2000,s,V,N,0.1205,0,-0.0008323412738406636
nexah-hz-fz-measurement/0.1.0,HZ_FZ_01,SYNTHETIC_CONFORMANCE_ONLY,Synthetic validator conformance fixture only; not an empirical measurement or capability claim.,SYNTHETIC,SYNTHETIC,SYNTHETIC,SYNTHETIC,0.002,SYNTHETIC,SELF_TEST,0.005,20,0.03,3,0.03,NULL,synthetic-null,0,0,0,5,2000,s,V,N,0.121,0,-0.0008199521093254523
nexah-hz-fz-measurement/0.1.0,HZ_FZ_01,SYNTHETIC_CONFORMANCE_ONLY,Synthetic validator conformance fixture only; not an empirical measurement or capability claim.,SYNTHETIC,SYNTHETIC,SYNTHETIC,SYNTHETIC,0.002,SYNTHETIC,SELF_TEST,0.005,20,0.03,3,0.03,NULL,synthetic-null,0,0,0,5,2000,s,V,N,0.1215,0,-0.0008071664232464005
nexah-hz-fz-measurement/0.1.0,HZ_FZ_01,SYNTHETIC_CONFORMANCE_ONLY,Synthetic validator conformance fixture only; not an empirical measurement or capability claim.,SYNTHETIC,SYNTHETIC,SYNTHETIC,SYNTHETIC,0.002,SYNTHETIC,SELF_TEST,0.005,20,0.03,3,0.03,NULL,synthetic-null,0,0,0,5,2000,s,V,N,0.122,0,-0.0007939903986478354
nexah-hz-fz-measurement/0.1.0,HZ_FZ_01,SYNTHETIC_CONFORMANCE_ONLY,Synthetic validator conformance fixture only; not an empirical measurement or capability claim.,SYNTHETIC,SYNTHETIC,SYNTHETIC,SYNTHETIC,0.002,SYNTHETIC,SELF_TEST,0.005,20,0.03,3,0.03,NULL,synthetic-null,0,0,0,5,2000,s,V,N,0.1225,0,-0.0007804304073383301
nexah-hz-fz-measurement/0.1.0,HZ_FZ_01,SYNTHETIC_CONFORMANCE_ONLY,Synthetic validator conformance fixture only; not an empirical measurement or capability claim.,SYNTHETIC,SYNTHETIC,SYNTHETIC,SYNTHETIC,0.002,SYNTHETIC,SELF_TEST,0.005,20,0.03,3,0.03,NULL,synthetic-null,0,0,0,5,2000,s,V,N,0.123,0,-0.0007664930068093499
nexah-hz-fz-measurement/0.1.0,HZ_FZ_01,SYNTHETIC_CONFORMANCE_ONLY,Synthetic validator conformance fixture only; not an empirical measurement or capability claim.,SYNTHETIC,SYNTHETIC,SYNTHETIC,SYNTHETIC,0.002,SYNTHETIC,SELF_TEST,0.005,20,0.03,3,0.03,NULL,synthetic-null,0,0,0,5,2000,s,V,N,0.1235,0,-0.0007521849370641119
nexah-hz-fz-measurement/0.1.0,HZ_FZ_01,SYNTHETIC_CONFORMANCE_ONLY,Synthetic validator conformance fixture only; not an empirical measurement or capability claim.,SYNTHETIC,SYNTHETIC,SYNTHETIC,SYNTHETIC,0.002,SYNTHETIC,SELF_TEST,0.005,20,0.03,3,0.03,NULL,synthetic-null,0,0,0,5,2000,s,V,N,0.124,0,-0.000737513117358174
nexah-hz-fz-measurement/0.1.0,HZ_FZ_01,SYNTHETIC_CONFORMANCE_ONLY,Synthetic validator conformance fixture only; not an empirical measurement or capability claim.,SYNTHETIC,SYNTHETIC,SYNTHETIC,SYNTHETIC,0.002,SYNTHETIC,SELF_TEST,0.005,20,0.03,3,0.03,NULL,synthetic-null,0,0,0,5,2000,s,V,N,0.1245,0,-0.0007224846428533502
nexah-hz-fz-measurement/0.1.0,HZ_FZ_01,SYNTHETIC_CONFORMANCE_ONLY,Synthetic validator conformance fixture only; not an empirical measurement or capability claim.,SYNTHETIC,SYNTHETIC,SYNTHETIC,SYNTHETIC,0.002,SYNTHETIC,SELF_TEST,0.005,20,0.03,3,0.03,NULL,synthetic-null,0,0,0,5,2000,s,V,N,0.125,0,-0.0007071067811865477
nexah-hz-fz-measurement/0.1.0,HZ_FZ_01,SYNTHETIC_CONFORMANCE_ONLY,Synthetic validator conformance fixture only; not an empirical measurement or capability claim.,SYNTHETIC,SYNTHETIC,SYNTHETIC,SYNTHETIC,0.002,SYNTHETIC,SELF_TEST,0.005,20,0.03,3,0.03,NULL,synthetic-null,0,0,0,5,2000,s,V,N,0.1255,0,-0.0006913869689552062
nexah-hz-fz-measurement/0.1.0,HZ_FZ_01,SYNTHETIC_CONFORMANCE_ONLY,Synthetic validator conformance fixture only; not an empirical measurement or capability claim.,SYNTHETIC,SYNTHETIC,SYNTHETIC,SYNTHETIC,0.002,SYNTHETIC,SELF_TEST,0.005,20,0.03,3,0.03,NULL,synthetic-null,0,0,0,5,2000,s,V,N,0.126,0,-0.0006753328081210247
nexah-hz-fz-measurement/0.1.0,HZ_FZ_01,SYNTHETIC_CONFORMANCE_ONLY,Synthetic validator conformance fixture only; not an empirical measurement or capability claim.,SYNTHETIC,SYNTHETIC,SYNTHETIC,SYNTHETIC,0.002,SYNTHETIC,SELF_TEST,0.005,20,0.03,3,0.03,NULL,synthetic-null,0,0,0,5,2000,s,V,N,0.1265,0,-0.0006589520623337168
nexah-hz-fz-measurement/0.1.0,HZ_FZ_01,SYNTHETIC_CONFORMANCE_ONLY,Synthetic validator conformance fixture only; not an empirical measurement or capability claim.,SYNTHETIC,SYNTHETIC,SYNTHETIC,SYNTHETIC,0.002,SYNTHETIC,SELF_TEST,0.005,20,0.03,3,0.03,NULL,synthetic-null,0,0,0,5,2000,s,V,N,0.127,0,-0.0006422526531765847
nexah-hz-fz-measurement/0.1.0,HZ_FZ_01,SYNTHETIC_CONFORMANCE_ONLY,Synthetic validator conformance fixture only; not an empirical measurement or capability claim.,SYNTHETIC,SYNTHETIC,SYNTHETIC,SYNTHETIC,0.002,SYNTHETIC,SELF_TEST,0.005,20,0.03,3,0.03,NULL,synthetic-null,0,0,0,5,2000,s,V,N,0.1275,0,-0.0006252426563357052
nexah-hz-fz-measurement/0.1.0,HZ_FZ_01,SYNTHETIC_CONFORMANCE_ONLY,Synthetic validator conformance fixture only; not an empirical measurement or capability claim.,SYNTHETIC,SYNTHETIC,SYNTHETIC,SYNTHETIC,0.002,SYNTHETIC,SELF_TEST,0.005,20,0.03,3,0.03,NULL,synthetic-null,0,0,0,5,2000,s,V,N,0.128,0,-0.0006079302976946057
nexah-hz-fz-measurement/0.1.0,HZ_FZ_01,SYNTHETIC_CONFORMANCE_ONLY,Synthetic validator conformance fixture only; not an empirical measurement or capability claim.,SYNTHETIC,SYNTHETIC,SYNTHETIC,SYNTHETIC,0.002,SYNTHETIC,SELF_TEST,0.005,20,0.03,3,0.03,NULL,synthetic-null,0,0,0,5,2000,s,V,N,0.1285,0,-0.0005903239493562947
nexah-hz-fz-measurement/0.1.0,HZ_FZ_01,SYNTHETIC_CONFORMANCE_ONLY,Synthetic validator conformance fixture only; not an empirical measurement or capability claim.,SYNTHETIC,SYNTHETIC,SYNTHETIC,SYNTHETIC,0.002,SYNTHETIC,SELF_TEST,0.005,20,0.03,3,0.03,NULL,synthetic-null,0,0,0,5,2000,s,V,N,0.129,0,-0.0005724321255945914
nexah-hz-fz-measurement/0.1.0,HZ_FZ_01,SYNTHETIC_CONFORMANCE_ONLY,Synthetic validator conformance fixture only; not an empirical measurement or capability claim.,SYNTHETIC,SYNTHETIC,SYNTHETIC,SYNTHETIC,0.002,SYNTHETIC,SELF_TEST,0.005,20,0.03,3,0.03,NULL,synthetic-null,0,0,0,5,2000,s,V,N,0.1295,0,-0.0005542634787366941
nexah-hz-fz-measurement/0.1.0,HZ_FZ_01,SYNTHETIC_CONFORMANCE_ONLY,Synthetic validator conformance fixture only; not an empirical measurement or capability claim.,SYNTHETIC,SYNTHETIC,SYNTHETIC,SYNTHETIC,0.002,SYNTHETIC,SELF_TEST,0.005,20,0.03,3,0.03,NULL,synthetic-null,0,0,0,5,2000,s,V,N,0.13,0,-0.0005358267949789964
nexah-hz-fz-measurement/0.1.0,HZ_FZ_01,SYNTHETIC_CONFORMANCE_ONLY,Synthetic validator conformance fixture only; not an empirical measurement or capability claim.,SYNTHETIC,SYNTHETIC,SYNTHETIC,SYNTHETIC,0.002,SYNTHETIC,SELF_TEST,0.005,20,0.03,3,0.03,NULL,synthetic-null,0,0,0,5,2000,s,V,N,0.1305,0,-0.0005171309901381573
nexah-hz-fz-measurement/0.1.0,HZ_FZ_01,SYNTHETIC_CONFORMANCE_ONLY,Synthetic validator conformance fixture only; not an empirical measurement or capability claim.,SYNTHETIC,SYNTHETIC,SYNTHETIC,SYNTHETIC,0.002,SYNTHETIC,SELF_TEST,0.005,20,0.03,3,0.03,NULL,synthetic-null,0,0,0,5,2000,s,V,N,0.131,0,-0.0004981851053394907
nexah-hz-fz-measurement/0.1.0,HZ_FZ_01,SYNTHETIC_CONFORMANCE_ONLY,Synthetic validator conformance fixture only; not an empirical measurement or capability claim.,SYNTHETIC,SYNTHETIC,SYNTHETIC,SYNTHETIC,0.002,SYNTHETIC,SELF_TEST,0.005,20,0.03,3,0.03,NULL,synthetic-null,0,0,0,5,2000,s,V,N,0.1315,0,-0.00047899830264476126
nexah-hz-fz-measurement/0.1.0,HZ_FZ_01,SYNTHETIC_CONFORMANCE_ONLY,Synthetic validator conformance fixture only; not an empirical measurement or capability claim.,SYNTHETIC,SYNTHETIC,SYNTHETIC,SYNTHETIC,0.002,SYNTHETIC,SELF_TEST,0.005,20,0.03,3,0.03,NULL,synthetic-null,0,0,0,5,2000,s,V,N,0.132,0,-0.0004595798606214877
nexah-hz-fz-measurement/0.1.0,HZ_FZ_01,SYNTHETIC_CONFORMANCE_ONLY,Synthetic validator conformance fixture only; not an empirical measurement or capability claim.,SYNTHETIC,SYNTHETIC,SYNTHETIC,SYNTHETIC,0.002,SYNTHETIC,SELF_TEST,0.005,20,0.03,3,0.03,NULL,synthetic-null,0,0,0,5,2000,s,V,N,0.1325,0,-0.00043993916985591544
nexah-hz-fz-measurement/0.1.0,HZ_FZ_01,SYNTHETIC_CONFORMANCE_ONLY,Synthetic validator conformance fixture only; not an empirical measurement or capability claim.,SYNTHETIC,SYNTHETIC,SYNTHETIC,SYNTHETIC,0.002,SYNTHETIC,SELF_TEST,0.005,20,0.03,3,0.03,NULL,synthetic-null,0,0,0,5,2000,s,V,N,0.133,0,-0.0004200857284118062
nexah-hz-fz-measurement/0.1.0,HZ_FZ_01,SYNTHETIC_CONFORMANCE_ONLY,Synthetic validator conformance fixture only; not an empirical measurement or capability claim.,SYNTHETIC,SYNTHETIC,SYNTHETIC,SYNTHETIC,0.002,SYNTHETIC,SELF_TEST,0.005,20,0.03,3,0.03,NULL,synthetic-null,0,0,0,5,2000,s,V,N,0.1335,0,-0.0004000291372372643
nexah-hz-fz-measurement/0.1.0,HZ_FZ_01,SYNTHETIC_CONFORMANCE_ONLY,Synthetic validator conformance fixture only; not an empirical measurement or capability claim.,SYNTHETIC,SYNTHETIC,SYNTHETIC,SYNTHETIC,0.002,SYNTHETIC,SELF_TEST,0.005,20,0.03,3,0.03,NULL,synthetic-null,0,0,0,5,2000,s,V,N,0.134,0,-0.00037977909552180115
nexah-hz-fz-measurement/0.1.0,HZ_FZ_01,SYNTHETIC_CONFORMANCE_ONLY,Synthetic validator conformance fixture only; not an empirical measurement or capability claim.,SYNTHETIC,SYNTHETIC,SYNTHETIC,SYNTHETIC,0.002,SYNTHETIC,SELF_TEST,0.005,20,0.03,3,0.03,NULL,synthetic-null,0,0,0,5,2000,s,V,N,0.1345,0,-0.00035934539600589025
nexah-hz-fz-measurement/0.1.0,HZ_FZ_01,SYNTHETIC_CONFORMANCE_ONLY,Synthetic validator conformance fixture only; not an empirical measurement or capability claim.,SYNTHETIC,SYNTHETIC,SYNTHETIC,SYNTHETIC,0.002,SYNTHETIC,SELF_TEST,0.005,20,0.03,3,0.03,NULL,synthetic-null,0,0,0,5,2000,s,V,N,0.135,0,-0.0003387379202452914
nexah-hz-fz-measurement/0.1.0,HZ_FZ_01,SYNTHETIC_CONFORMANCE_ONLY,Synthetic validator conformance fixture only; not an empirical measurement or capability claim.,SYNTHETIC,SYNTHETIC,SYNTHETIC,SYNTHETIC,0.002,SYNTHETIC,SELF_TEST,0.005,20,0.03,3,0.03,NULL,synthetic-null,0,0,0,5,2000,s,V,N,0.1355,0,-0.0003179666338324106
nexah-hz-fz-measurement/0.1.0,HZ_FZ_01,SYNTHETIC_CONFORMANCE_ONLY,Synthetic validator conformance fixture only; not an empirical measurement or capability claim.,SYNTHETIC,SYNTHETIC,SYNTHETIC,SYNTHETIC,0.002,SYNTHETIC,SELF_TEST,0.005,20,0.03,3,0.03,NULL,synthetic-null,0,0,0,5,2000,s,V,N,0.136,0,-0.000297041581577035
nexah-hz-fz-measurement/0.1.0,HZ_FZ_01,SYNTHETIC_CONFORMANCE_ONLY,Synthetic validator conformance fixture only; not an empirical measurement or capability claim.,SYNTHETIC,SYNTHETIC,SYNTHETIC,SYNTHETIC,0.002,SYNTHETIC,SELF_TEST,0.005,20,0.03,3,0.03,NULL,synthetic-null,0,0,0,5,2000,s,V,N,0.1365,0,-0.00027597288264874547
nexah-hz-fz-measurement/0.1.0,HZ_FZ_01,SYNTHETIC_CONFORMANCE_ONLY,Synthetic validator conformance fixture only; not an empirical measurement or capability claim.,SYNTHETIC,SYNTHETIC,SYNTHETIC,SYNTHETIC,0.002,SYNTHETIC,SELF_TEST,0.005,20,0.03,3,0.03,NULL,synthetic-null,0,0,0,5,2000,s,V,N,0.137,0,-0.0002547707256833824
nexah-hz-fz-measurement/0.1.0,HZ_FZ_01,SYNTHETIC_CONFORMANCE_ONLY,Synthetic validator conformance fixture only; not an empirical measurement or capability claim.,SYNTHETIC,SYNTHETIC,SYNTHETIC,SYNTHETIC,0.002,SYNTHETIC,SELF_TEST,0.005,20,0.03,3,0.03,NULL,synthetic-null,0,0,0,5,2000,s,V,N,0.1375,0,-0.0002334453638559052
nexah-hz-fz-measurement/0.1.0,HZ_FZ_01,SYNTHETIC_CONFORMANCE_ONLY,Synthetic validator conformance fixture only; not an empirical measurement or capability claim.,SYNTHETIC,SYNTHETIC,SYNTHETIC,SYNTHETIC,0.002,SYNTHETIC,SELF_TEST,0.005,20,0.03,3,0.03,NULL,synthetic-null,0,0,0,5,2000,s,V,N,0.138,0,-0.00021200710992205405
nexah-hz-fz-measurement/0.1.0,HZ_FZ_01,SYNTHETIC_CONFORMANCE_ONLY,Synthetic validator conformance fixture only; not an empirical measurement or capability claim.,SYNTHETIC,SYNTHETIC,SYNTHETIC,SYNTHETIC,0.002,SYNTHETIC,SELF_TEST,0.005,20,0.03,3,0.03,NULL,synthetic-null,0,0,0,5,2000,s,V,N,0.1385,0,-0.00019046633123118975
nexah-hz-fz-measurement/0.1.0,HZ_FZ_01,SYNTHETIC_CONFORMANCE_ONLY,Synthetic validator conformance fixture only; not an empirical measurement or capability claim.,SYNTHETIC,SYNTHETIC,SYNTHETIC,SYNTHETIC,0.002,SYNTHETIC,SELF_TEST,0.005,20,0.03,3,0.03,NULL,synthetic-null,0,0,0,5,2000,s,V,N,0.139,0,-0.00016883344471273334
nexah-hz-fz-measurement/0.1.0,HZ_FZ_01,SYNTHETIC_CONFORMANCE_ONLY,Synthetic validator conformance fixture only; not an empirical measurement or capability claim.,SYNTHETIC,SYNTHETIC,SYNTHETIC,SYNTHETIC,0.002,SYNTHETIC,SELF_TEST,0.005,20,0.03,3,0.03,NULL,synthetic-null,0,0,0,5,2000,s,V,N,0.1395,0,-0.00014711891183863732
nexah-hz-fz-measurement/0.1.0,HZ_FZ_01,SYNTHETIC_CONFORMANCE_ONLY,Synthetic validator conformance fixture only; not an empirical measurement or capability claim.,SYNTHETIC,SYNTHETIC,SYNTHETIC,SYNTHETIC,0.002,SYNTHETIC,SELF_TEST,0.005,20,0.03,3,0.03,NULL,synthetic-null,0,0,0,5,2000,s,V,N,0.14,0,-0.0001253332335643038
nexah-hz-fz-measurement/0.1.0,HZ_FZ_01,SYNTHETIC_CONFORMANCE_ONLY,Synthetic validator conformance fixture only; not an empirical measurement or capability claim.,SYNTHETIC,SYNTHETIC,SYNTHETIC,SYNTHETIC,0.002,SYNTHETIC,SELF_TEST,0.005,20,0.03,3,0.03,NULL,synthetic-null,0,0,0,5,2000,s,V,N,0.1405,0,-0.00010348694525042254
nexah-hz-fz-measurement/0.1.0,HZ_FZ_01,SYNTHETIC_CONFORMANCE_ONLY,Synthetic validator conformance fixture only; not an empirical measurement or capability claim.,SYNTHETIC,SYNTHETIC,SYNTHETIC,SYNTHETIC,0.002,SYNTHETIC,SELF_TEST,0.005,20,0.03,3,0.03,NULL,synthetic-null,0,0,0,5,2000,s,V,N,0.141,0,-0.00008159061156815805
nexah-hz-fz-measurement/0.1.0,HZ_FZ_01,SYNTHETIC_CONFORMANCE_ONLY,Synthetic validator conformance fixture only; not an empirical measurement or capability claim.,SYNTHETIC,SYNTHETIC,SYNTHETIC,SYNTHETIC,0.002,SYNTHETIC,SELF_TEST,0.005,20,0.03,3,0.03,NULL,synthetic-null,0,0,0,5,2000,s,V,N,0.1415,0,-0.000059654821390171674
nexah-hz-fz-measurement/0.1.0,HZ_FZ_01,SYNTHETIC_CONFORMANCE_ONLY,Synthetic validator conformance fixture only; not an empirical measurement or capability claim.,SYNTHETIC,SYNTHETIC,SYNTHETIC,SYNTHETIC,0.002,SYNTHETIC,SELF_TEST,0.005,20,0.03,3,0.03,NULL,synthetic-null,0,0,0,5,2000,s,V,N,0.142,0,-0.00003769018266993511
nexah-hz-fz-measurement/0.1.0,HZ_FZ_01,SYNTHETIC_CONFORMANCE_ONLY,Synthetic validator conformance fixture only; not an empirical measurement or capability claim.,SYNTHETIC,SYNTHETIC,SYNTHETIC,SYNTHETIC,0.002,SYNTHETIC,SELF_TEST,0.005,20,0.03,3,0.03,NULL,synthetic-null,0,0,0,5,2000,s,V,N,0.1425,0,-0.00001570731731182172
nexah-hz-fz-measurement/0.1.0,HZ_FZ_01,SYNTHETIC_CONFORMANCE_ONLY,Synthetic validator conformance fixture only; not an empirical measurement or capability claim.,SYNTHETIC,SYNTHETIC,SYNTHETIC,SYNTHETIC,0.002,SYNTHETIC,SELF_TEST,0.005,20,0.03,3,0.03,NULL,synthetic-null,0,0,0,5,2000,s,V,N,0.143,0,0.000006283143965558315
nexah-hz-fz-measurement/0.1.0,HZ_FZ_01,SYNTHETIC_CONFORMANCE_ONLY,Synthetic validator conformance fixture only; not an empirical measurement or capability claim.,SYNTHETIC,SYNTHETIC,SYNTHETIC,SYNTHETIC,0.002,SYNTHETIC,SELF_TEST,0.005,20,0.03,3,0.03,NULL,synthetic-null,0,0,0,5,2000,s,V,N,0.1435,0,0.00002827056677027214
nexah-hz-fz-measurement/0.1.0,HZ_FZ_01,SYNTHETIC_CONFORMANCE_ONLY,Synthetic validator conformance fixture only; not an empirical measurement or capability claim.,SYNTHETIC,SYNTHETIC,SYNTHETIC,SYNTHETIC,0.002,SYNTHETIC,SELF_TEST,0.005,20,0.03,3,0.03,NULL,synthetic-null,0,0,0,5,2000,s,V,N,0.144,0,0.00005024431817976885
nexah-hz-fz-measurement/0.1.0,HZ_FZ_01,SYNTHETIC_CONFORMANCE_ONLY,Synthetic validator conformance fixture only; not an empirical measurement or capability claim.,SYNTHETIC,SYNTHETIC,SYNTHETIC,SYNTHETIC,0.002,SYNTHETIC,SELF_TEST,0.005,20,0.03,3,0.03,NULL,synthetic-null,0,0,0,5,2000,s,V,N,0.1445,0,0.0000721937718828603
nexah-hz-fz-measurement/0.1.0,HZ_FZ_01,SYNTHETIC_CONFORMANCE_ONLY,Synthetic validator conformance fixture only; not an empirical measurement or capability claim.,SYNTHETIC,SYNTHETIC,SYNTHETIC,SYNTHETIC,0.002,SYNTHETIC,SELF_TEST,0.005,20,0.03,3,0.03,NULL,synthetic-null,0,0,0,5,2000,s,V,N,0.145,0,0.00009410831331851354
nexah-hz-fz-measurement/0.1.0,HZ_FZ_01,SYNTHETIC_CONFORMANCE_ONLY,Synthetic validator conformance fixture only; not an empirical measurement or capability claim.,SYNTHETIC,SYNTHETIC,SYNTHETIC,SYNTHETIC,0.002,SYNTHETIC,SELF_TEST,0.005,20,0.03,3,0.03,NULL,synthetic-null,0,0,0,5,2000,s,V,N,0.1455,0,0.00011597734480896101
nexah-hz-fz-measurement/0.1.0,HZ_FZ_01,SYNTHETIC_CONFORMANCE_ONLY,Synthetic validator conformance fixture only; not an empirical measurement or capability claim.,SYNTHETIC,SYNTHETIC,SYNTHETIC,SYNTHETIC,0.002,SYNTHETIC,SELF_TEST,0.005,20,0.03,3,0.03,NULL,synthetic-null,0,0,0,5,2000,s,V,N,0.146,0,0.00013779029068463722
nexah-hz-fz-measurement/0.1.0,HZ_FZ_01,SYNTHETIC_CONFORMANCE_ONLY,Synthetic validator conformance fixture only; not an empirical measurement or capability claim.,SYNTHETIC,SYNTHETIC,SYNTHETIC,SYNTHETIC,0.002,SYNTHETIC,SELF_TEST,0.005,20,0.03,3,0.03,NULL,synthetic-null,0,0,0,5,2000,s,V,N,0.1465,0,0.00015953660239848586
nexah-hz-fz-measurement/0.1.0,HZ_FZ_01,SYNTHETIC_CONFORMANCE_ONLY,Synthetic validator conformance fixture only; not an empirical measurement or capability claim.,SYNTHETIC,SYNTHETIC,SYNTHETIC,SYNTHETIC,0.002,SYNTHETIC,SELF_TEST,0.005,20,0.03,3,0.03,NULL,synthetic-null,0,0,0,5,2000,s,V,N,0.147,0,0.00018120576362713644
nexah-hz-fz-measurement/0.1.0,HZ_FZ_01,SYNTHETIC_CONFORMANCE_ONLY,Synthetic validator conformance fixture only; not an empirical measurement or capability claim.,SYNTHETIC,SYNTHETIC,SYNTHETIC,SYNTHETIC,0.002,SYNTHETIC,SELF_TEST,0.005,20,0.03,3,0.03,NULL,synthetic-null,0,0,0,5,2000,s,V,N,0.1475,0,0.00020278729535651196
nexah-hz-fz-measurement/0.1.0,HZ_FZ_01,SYNTHETIC_CONFORMANCE_ONLY,Synthetic validator conformance fixture only; not an empirical measurement or capability claim.,SYNTHETIC,SYNTHETIC,SYNTHETIC,SYNTHETIC,0.002,SYNTHETIC,SELF_TEST,0.005,20,0.03,3,0.03,NULL,synthetic-null,0,0,0,5,2000,s,V,N,0.148,0,0.00022427076094938021
nexah-hz-fz-measurement/0.1.0,HZ_FZ_01,SYNTHETIC_CONFORMANCE_ONLY,Synthetic validator conformance fixture only; not an empirical measurement or capability claim.,SYNTHETIC,SYNTHETIC,SYNTHETIC,SYNTHETIC,0.002,SYNTHETIC,SELF_TEST,0.005,20,0.03,3,0.03,NULL,synthetic-null,0,0,0,5,2000,s,V,N,0.1485,0,0.00024564577119242574
nexah-hz-fz-measurement/0.1.0,HZ_FZ_01,SYNTHETIC_CONFORMANCE_ONLY,Synthetic validator conformance fixture only; not an empirical measurement or capability claim.,SYNTHETIC,SYNTHETIC,SYNTHETIC,SYNTHETIC,0.002,SYNTHETIC,SELF_TEST,0.005,20,0.03,3,0.03,NULL,synthetic-null,0,0,0,5,2000,s,V,N,0.149,0,0.0002669019893203754
nexah-hz-fz-measurement/0.1.0,HZ_FZ_01,SYNTHETIC_CONFORMANCE_ONLY,Synthetic validator conformance fixture only; not an empirical measurement or capability claim.,SYNTHETIC,SYNTHETIC,SYNTHETIC,SYNTHETIC,0.002,SYNTHETIC,SELF_TEST,0.005,20,0.03,3,0.03,NULL,synthetic-null,0,0,0,5,2000,s,V,N,0.1495,0,0.00028802913601476854
nexah-hz-fz-measurement/0.1.0,HZ_FZ_01,SYNTHETIC_CONFORMANCE_ONLY,Synthetic validator conformance fixture only; not an empirical measurement or capability claim.,SYNTHETIC,SYNTHETIC,SYNTHETIC,SYNTHETIC,0.002,SYNTHETIC,SELF_TEST,0.005,20,0.03,3,0.03,NULL,synthetic-null,0,0,0,5,2000,s,V,N,0.15,0,0.0003090169943749472
nexah-hz-fz-measurement/0.1.0,HZ_FZ_01,SYNTHETIC_CONFORMANCE_ONLY,Synthetic validator conformance fixture only; not an empirical measurement or capability claim.,SYNTHETIC,SYNTHETIC,SYNTHETIC,SYNTHETIC,0.002,SYNTHETIC,SELF_TEST,0.005,20,0.03,3,0.03,NULL,synthetic-null,0,0,0,5,2000,s,V,N,0.1505,0,0.0003298554148588522
nexah-hz-fz-measurement/0.1.0,HZ_FZ_01,SYNTHETIC_CONFORMANCE_ONLY,Synthetic validator conformance fixture only; not an empirical measurement or capability claim.,SYNTHETIC,SYNTHETIC,SYNTHETIC,SYNTHETIC,0.002,SYNTHETIC,SELF_TEST,0.005,20,0.03,3,0.03,NULL,synthetic-null,0,0,0,5,2000,s,V,N,0.151,0,0.0003505343201912587
nexah-hz-fz-measurement/0.1.0,HZ_FZ_01,SYNTHETIC_CONFORMANCE_ONLY,Synthetic validator conformance fixture only; not an empirical measurement or capability claim.,SYNTHETIC,SYNTHETIC,SYNTHETIC,SYNTHETIC,0.002,SYNTHETIC,SELF_TEST,0.005,20,0.03,3,0.03,NULL,synthetic-null,0,0,0,5,2000,s,V,N,0.1515,0,0.00037104371023705026
nexah-hz-fz-measurement/0.1.0,HZ_FZ_01,SYNTHETIC_CONFORMANCE_ONLY,Synthetic validator conformance fixture only; not an empirical measurement or capability claim.,SYNTHETIC,SYNTHETIC,SYNTHETIC,SYNTHETIC,0.002,SYNTHETIC,SELF_TEST,0.005,20,0.03,3,0.03,NULL,synthetic-null,0,0,0,5,2000,s,V,N,0.152,0,0.00039137366683720203
nexah-hz-fz-measurement/0.1.0,HZ_FZ_01,SYNTHETIC_CONFORMANCE_ONLY,Synthetic validator conformance fixture only; not an empirical measurement or capability claim.,SYNTHETIC,SYNTHETIC,SYNTHETIC,SYNTHETIC,0.002,SYNTHETIC,SELF_TEST,0.005,20,0.03,3,0.03,NULL,synthetic-null,0,0,0,5,2000,s,V,N,0.1525,0,0.0004115143586051088
nexah-hz-fz-measurement/0.1.0,HZ_FZ_01,SYNTHETIC_CONFORMANCE_ONLY,Synthetic validator conformance fixture only; not an empirical measurement or capability claim.,SYNTHETIC,SYNTHETIC,SYNTHETIC,SYNTHETIC,0.002,SYNTHETIC,SELF_TEST,0.005,20,0.03,3,0.03,NULL,synthetic-null,0,0,0,5,2000,s,V,N,0.153,0,0.00043145604568095857
nexah-hz-fz-measurement/0.1.0,HZ_FZ_01,SYNTHETIC_CONFORMANCE_ONLY,Synthetic validator conformance fixture only; not an empirical measurement or capability claim.,SYNTHETIC,SYNTHETIC,SYNTHETIC,SYNTHETIC,0.002,SYNTHETIC,SELF_TEST,0.005,20,0.03,3,0.03,NULL,synthetic-null,0,0,0,5,2000,s,V,N,0.1535,0,0.00045118908444184496
nexah-hz-fz-measurement/0.1.0,HZ_FZ_01,SYNTHETIC_CONFORMANCE_ONLY,Synthetic validator conformance fixture only; not an empirical measurement or capability claim.,SYNTHETIC,SYNTHETIC,SYNTHETIC,SYNTHETIC,0.002,SYNTHETIC,SELF_TEST,0.005,20,0.03,3,0.03,NULL,synthetic-null,0,0,0,5,2000,s,V,N,0.154,0,0.00047070393216533206
nexah-hz-fz-measurement/0.1.0,HZ_FZ_01,SYNTHETIC_CONFORMANCE_ONLY,Synthetic validator conformance fixture only; not an empirical measurement or capability claim.,SYNTHETIC,SYNTHETIC,SYNTHETIC,SYNTHETIC,0.002,SYNTHETIC,SELF_TEST,0.005,20,0.03,3,0.03,NULL,synthetic-null,0,0,0,5,2000,s,V,N,0.1545,0,0.0004899911516442365
nexah-hz-fz-measurement/0.1.0,HZ_FZ_01,SYNTHETIC_CONFORMANCE_ONLY,Synthetic validator conformance fixture only; not an empirical measurement or capability claim.,SYNTHETIC,SYNTHETIC,SYNTHETIC,SYNTHETIC,0.002,SYNTHETIC,SELF_TEST,0.005,20,0.03,3,0.03,NULL,synthetic-null,0,0,0,5,2000,s,V,N,0.155,0,0.0005090414157503708
nexah-hz-fz-measurement/0.1.0,HZ_FZ_01,SYNTHETIC_CONFORMANCE_ONLY,Synthetic validator conformance fixture only; not an empirical measurement or capability claim.,SYNTHETIC,SYNTHETIC,SYNTHETIC,SYNTHETIC,0.002,SYNTHETIC,SELF_TEST,0.005,20,0.03,3,0.03,NULL,synthetic-null,0,0,0,5,2000,s,V,N,0.1555,0,0.0005278455119450663
nexah-hz-fz-measurement/0.1.0,HZ_FZ_01,SYNTHETIC_CONFORMANCE_ONLY,Synthetic validator conformance fixture only; not an empirical measurement or capability claim.,SYNTHETIC,SYNTHETIC,SYNTHETIC,SYNTHETIC,0.002,SYNTHETIC,SELF_TEST,0.005,20,0.03,3,0.03,NULL,synthetic-null,0,0,0,5,2000,s,V,N,0.156,0,0.0005463943467342684
nexah-hz-fz-measurement/0.1.0,HZ_FZ_01,SYNTHETIC_CONFORMANCE_ONLY,Synthetic validator conformance fixture only; not an empirical measurement or capability claim.,SYNTHETIC,SYNTHETIC,SYNTHETIC,SYNTHETIC,0.002,SYNTHETIC,SELF_TEST,0.005,20,0.03,3,0.03,NULL,synthetic-null,0,0,0,5,2000,s,V,N,0.1565,0,0.0005646789500660768
nexah-hz-fz-measurement/0.1.0,HZ_FZ_01,SYNTHETIC_CONFORMANCE_ONLY,Synthetic validator conformance fixture only; not an empirical measurement or capability claim.,SYNTHETIC,SYNTHETIC,SYNTHETIC,SYNTHETIC,0.002,SYNTHETIC,SELF_TEST,0.005,20,0.03,3,0.03,NULL,synthetic-null,0,0,0,5,2000,s,V,N,0.157,0,0.0005826904796685761
nexah-hz-fz-measurement/0.1.0,HZ_FZ_01,SYNTHETIC_CONFORMANCE_ONLY,Synthetic validator conformance fixture only; not an empirical measurement or capability claim.,SYNTHETIC,SYNTHETIC,SYNTHETIC,SYNTHETIC,0.002,SYNTHETIC,SELF_TEST,0.005,20,0.03,3,0.03,NULL,synthetic-null,0,0,0,5,2000,s,V,N,0.1575,0,0.0006004202253258838
nexah-hz-fz-measurement/0.1.0,HZ_FZ_01,SYNTHETIC_CONFORMANCE_ONLY,Synthetic validator conformance fixture only; not an empirical measurement or capability claim.,SYNTHETIC,SYNTHETIC,SYNTHETIC,SYNTHETIC,0.002,SYNTHETIC,SELF_TEST,0.005,20,0.03,3,0.03,NULL,synthetic-null,0,0,0,5,2000,s,V,N,0.158,0,0.0006178596130903345
nexah-hz-fz-measurement/0.1.0,HZ_FZ_01,SYNTHETIC_CONFORMANCE_ONLY,Synthetic validator conformance fixture only; not an empirical measurement or capability claim.,SYNTHETIC,SYNTHETIC,SYNTHETIC,SYNTHETIC,0.002,SYNTHETIC,SELF_TEST,0.005,20,0.03,3,0.03,NULL,synthetic-null,0,0,0,5,2000,s,V,N,0.1585,0,0.0006350002094287604
nexah-hz-fz-measurement/0.1.0,HZ_FZ_01,SYNTHETIC_CONFORMANCE_ONLY,Synthetic validator conformance fixture only; not an empirical measurement or capability claim.,SYNTHETIC,SYNTHETIC,SYNTHETIC,SYNTHETIC,0.002,SYNTHETIC,SELF_TEST,0.005,20,0.03,3,0.03,NULL,synthetic-null,0,0,0,5,2000,s,V,N,0.159,0,0.0006518337253008788
nexah-hz-fz-measurement/0.1.0,HZ_FZ_01,SYNTHETIC_CONFORMANCE_ONLY,Synthetic validator conformance fixture only; not an empirical measurement or capability claim.,SYNTHETIC,SYNTHETIC,SYNTHETIC,SYNTHETIC,0.002,SYNTHETIC,SELF_TEST,0.005,20,0.03,3,0.03,NULL,synthetic-null,0,0,0,5,2000,s,V,N,0.1595,0,0.0006683520201677928
nexah-hz-fz-measurement/0.1.0,HZ_FZ_01,SYNTHETIC_CONFORMANCE_ONLY,Synthetic validator conformance fixture only; not an empirical measurement or capability claim.,SYNTHETIC,SYNTHETIC,SYNTHETIC,SYNTHETIC,0.002,SYNTHETIC,SELF_TEST,0.005,20,0.03,3,0.03,NULL,synthetic-null,0,0,0,5,2000,s,V,N,0.16,0,0.0006845471059286886
nexah-hz-fz-measurement/0.1.0,HZ_FZ_01,SYNTHETIC_CONFORMANCE_ONLY,Synthetic validator conformance fixture only; not an empirical measurement or capability claim.,SYNTHETIC,SYNTHETIC,SYNTHETIC,SYNTHETIC,0.002,SYNTHETIC,SELF_TEST,0.005,20,0.03,3,0.03,NULL,synthetic-null,0,0,0,5,2000,s,V,N,0.1605,0,0.0007004111507838066
nexah-hz-fz-measurement/0.1.0,HZ_FZ_01,SYNTHETIC_CONFORMANCE_ONLY,Synthetic validator conformance fixture only; not an empirical measurement or capability claim.,SYNTHETIC,SYNTHETIC,SYNTHETIC,SYNTHETIC,0.002,SYNTHETIC,SELF_TEST,0.005,20,0.03,3,0.03,NULL,synthetic-null,0,0,0,5,2000,s,V,N,0.161,0,0.0007159364830218311
nexah-hz-fz-measurement/0.1.0,HZ_FZ_01,SYNTHETIC_CONFORMANCE_ONLY,Synthetic validator conformance fixture only; not an empirical measurement or capability claim.,SYNTHETIC,SYNTHETIC,SYNTHETIC,SYNTHETIC,0.002,SYNTHETIC,SELF_TEST,0.005,20,0.03,3,0.03,NULL,synthetic-null,0,0,0,5,2000,s,V,N,0.1615,0,0.0007311155947298643
nexah-hz-fz-measurement/0.1.0,HZ_FZ_01,SYNTHETIC_CONFORMANCE_ONLY,Synthetic validator conformance fixture only; not an empirical measurement or capability claim.,SYNTHETIC,SYNTHETIC,SYNTHETIC,SYNTHETIC,0.002,SYNTHETIC,SELF_TEST,0.005,20,0.03,3,0.03,NULL,synthetic-null,0,0,0,5,2000,s,V,N,0.162,0,0.000745941145424182
nexah-hz-fz-measurement/0.1.0,HZ_FZ_01,SYNTHETIC_CONFORMANCE_ONLY,Synthetic validator conformance fixture only; not an empirical measurement or capability claim.,SYNTHETIC,SYNTHETIC,SYNTHETIC,SYNTHETIC,0.002,SYNTHETIC,SELF_TEST,0.005,20,0.03,3,0.03,NULL,synthetic-null,0,0,0,5,2000,s,V,N,0.1625,0,0.000760405965600031
nexah-hz-fz-measurement/0.1.0,HZ_FZ_01,SYNTHETIC_CONFORMANCE_ONLY,Synthetic validator conformance fixture only; not an empirical measurement or capability claim.,SYNTHETIC,SYNTHETIC,SYNTHETIC,SYNTHETIC,0.002,SYNTHETIC,SELF_TEST,0.005,20,0.03,3,0.03,NULL,synthetic-null,0,0,0,5,2000,s,V,N,0.163,0,0.0007745030601987336
nexah-hz-fz-measurement/0.1.0,HZ_FZ_01,SYNTHETIC_CONFORMANCE_ONLY,Synthetic validator conformance fixture only; not an empirical measurement or capability claim.,SYNTHETIC,SYNTHETIC,SYNTHETIC,SYNTHETIC,0.002,SYNTHETIC,SELF_TEST,0.005,20,0.03,3,0.03,NULL,synthetic-null,0,0,0,5,2000,s,V,N,0.1635,0,0.00078822561199044
nexah-hz-fz-measurement/0.1.0,HZ_FZ_01,SYNTHETIC_CONFORMANCE_ONLY,Synthetic validator conformance fixture only; not an empirical measurement or capability claim.,SYNTHETIC,SYNTHETIC,SYNTHETIC,SYNTHETIC,0.002,SYNTHETIC,SELF_TEST,0.005,20,0.03,3,0.03,NULL,synthetic-null,0,0,0,5,2000,s,V,N,0.164,0,0.0008015669848708763
nexah-hz-fz-measurement/0.1.0,HZ_FZ_01,SYNTHETIC_CONFORMANCE_ONLY,Synthetic validator conformance fixture only; not an empirical measurement or capability claim.,SYNTHETIC,SYNTHETIC,SYNTHETIC,SYNTHETIC,0.002,SYNTHETIC,SELF_TEST,0.005,20,0.03,3,0.03,NULL,synthetic-null,0,0,0,5,2000,s,V,N,0.1645,0,0.0008145207270705094
nexah-hz-fz-measurement/0.1.0,HZ_FZ_01,SYNTHETIC_CONFORMANCE_ONLY,Synthetic validator conformance fixture only; not an empirical measurement or capability claim.,SYNTHETIC,SYNTHETIC,SYNTHETIC,SYNTHETIC,0.002,SYNTHETIC,SELF_TEST,0.005,20,0.03,3,0.03,NULL,synthetic-null,0,0,0,5,2000,s,V,N,0.165,0,0.000827080574274562
nexah-hz-fz-measurement/0.1.0,HZ_FZ_01,SYNTHETIC_CONFORMANCE_ONLY,Synthetic validator conformance fixture only; not an empirical measurement or capability claim.,SYNTHETIC,SYNTHETIC,SYNTHETIC,SYNTHETIC,0.002,SYNTHETIC,SELF_TEST,0.005,20,0.03,3,0.03,NULL,synthetic-null,0,0,0,5,2000,s,V,N,0.1655,0,0.0008392404526523817
nexah-hz-fz-measurement/0.1.0,HZ_FZ_01,SYNTHETIC_CONFORMANCE_ONLY,Synthetic validator conformance fixture only; not an empirical measurement or capability claim.,SYNTHETIC,SYNTHETIC,SYNTHETIC,SYNTHETIC,0.002,SYNTHETIC,SELF_TEST,0.005,20,0.03,3,0.03,NULL,synthetic-null,0,0,0,5,2000,s,V,N,0.166,0,0.000850994481794692
nexah-hz-fz-measurement/0.1.0,HZ_FZ_01,SYNTHETIC_CONFORMANCE_ONLY,Synthetic validator conformance fixture only; not an empirical measurement or capability claim.,SYNTHETIC,SYNTHETIC,SYNTHETIC,SYNTHETIC,0.002,SYNTHETIC,SELF_TEST,0.005,20,0.03,3,0.03,NULL,synthetic-null,0,0,0,5,2000,s,V,N,0.1665,0,0.0008623369775573039
nexah-hz-fz-measurement/0.1.0,HZ_FZ_01,SYNTHETIC_CONFORMANCE_ONLY,Synthetic validator conformance fixture only; not an empirical measurement or capability claim.,SYNTHETIC,SYNTHETIC,SYNTHETIC,SYNTHETIC,0.002,SYNTHETIC,SELF_TEST,0.005,20,0.03,3,0.03,NULL,synthetic-null,0,0,0,5,2000,s,V,N,0.167,0,0.0008732624548099203
nexah-hz-fz-measurement/0.1.0,HZ_FZ_01,SYNTHETIC_CONFORMANCE_ONLY,Synthetic validator conformance fixture only; not an empirical measurement or capability claim.,SYNTHETIC,SYNTHETIC,SYNTHETIC,SYNTHETIC,0.002,SYNTHETIC,SELF_TEST,0.005,20,0.03,3,0.03,NULL,synthetic-null,0,0,0,5,2000,s,V,N,0.1675,0,0.0008837656300886934
nexah-hz-fz-measurement/0.1.0,HZ_FZ_01,SYNTHETIC_CONFORMANCE_ONLY,Synthetic validator conformance fixture only; not an empirical measurement or capability claim.,SYNTHETIC,SYNTHETIC,SYNTHETIC,SYNTHETIC,0.002,SYNTHETIC,SELF_TEST,0.005,20,0.03,3,0.03,NULL,synthetic-null,0,0,0,5,2000,s,V,N,0.168,0,0.000893841424151264
nexah-hz-fz-measurement/0.1.0,HZ_FZ_01,SYNTHETIC_CONFORMANCE_ONLY,Synthetic validator conformance fixture only; not an empirical measurement or capability claim.,SYNTHETIC,SYNTHETIC,SYNTHETIC,SYNTHETIC,0.002,SYNTHETIC,SELF_TEST,0.005,20,0.03,3,0.03,NULL,synthetic-null,0,0,0,5,2000,s,V,N,0.1685,0,0.000903484964433035
nexah-hz-fz-measurement/0.1.0,HZ_FZ_01,SYNTHETIC_CONFORMANCE_ONLY,Synthetic validator conformance fixture only; not an empirical measurement or capability claim.,SYNTHETIC,SYNTHETIC,SYNTHETIC,SYNTHETIC,0.002,SYNTHETIC,SELF_TEST,0.005,20,0.03,3,0.03,NULL,synthetic-null,0,0,0,5,2000,s,V,N,0.169,0,0.0009126915874035029
nexah-hz-fz-measurement/0.1.0,HZ_FZ_01,SYNTHETIC_CONFORMANCE_ONLY,Synthetic validator conformance fixture only; not an empirical measurement or capability claim.,SYNTHETIC,SYNTHETIC,SYNTHETIC,SYNTHETIC,0.002,SYNTHETIC,SELF_TEST,0.005,20,0.03,3,0.03,NULL,synthetic-null,0,0,0,5,2000,s,V,N,0.1695,0,0.0009214568408214988
nexah-hz-fz-measurement/0.1.0,HZ_FZ_01,SYNTHETIC_CONFORMANCE_ONLY,Synthetic validator conformance fixture only; not an empirical measurement or capability claim.,SYNTHETIC,SYNTHETIC,SYNTHETIC,SYNTHETIC,0.002,SYNTHETIC,SELF_TEST,0.005,20,0.03,3,0.03,NULL,synthetic-null,0,0,0,5,2000,s,V,N,0.17,0,0.0009297764858882515
nexah-hz-fz-measurement/0.1.0,HZ_FZ_01,SYNTHETIC_CONFORMANCE_ONLY,Synthetic validator conformance fixture only; not an empirical measurement or capability claim.,SYNTHETIC,SYNTHETIC,SYNTHETIC,SYNTHETIC,0.002,SYNTHETIC,SELF_TEST,0.005,20,0.03,3,0.03,NULL,synthetic-null,0,0,0,5,2000,s,V,N,0.1705,0,0.0009376464992972358
nexah-hz-fz-measurement/0.1.0,HZ_FZ_01,SYNTHETIC_CONFORMANCE_ONLY,Synthetic validator conformance fixture only; not an empirical measurement or capability claim.,SYNTHETIC,SYNTHETIC,SYNTHETIC,SYNTHETIC,0.002,SYNTHETIC,SELF_TEST,0.005,20,0.03,3,0.03,NULL,synthetic-null,0,0,0,5,2000,s,V,N,0.171,0,0.0009450630751798049
nexah-hz-fz-measurement/0.1.0,HZ_FZ_01,SYNTHETIC_CONFORMANCE_ONLY,Synthetic validator conformance fixture only; not an empirical measurement or capability claim.,SYNTHETIC,SYNTHETIC,SYNTHETIC,SYNTHETIC,0.002,SYNTHETIC,SELF_TEST,0.005,20,0.03,3,0.03,NULL,synthetic-null,0,0,0,5,2000,s,V,N,0.1715,0,0.0009520226269456768
nexah-hz-fz-measurement/0.1.0,HZ_FZ_01,SYNTHETIC_CONFORMANCE_ONLY,Synthetic validator conformance fixture only; not an empirical measurement or capability claim.,SYNTHETIC,SYNTHETIC,SYNTHETIC,SYNTHETIC,0.002,SYNTHETIC,SELF_TEST,0.005,20,0.03,3,0.03,NULL,synthetic-null,0,0,0,5,2000,s,V,N,0.172,0,0.0009585217890173757
nexah-hz-fz-measurement/0.1.0,HZ_FZ_01,SYNTHETIC_CONFORMANCE_ONLY,Synthetic validator conformance fixture only; not an empirical measurement or capability claim.,SYNTHETIC,SYNTHETIC,SYNTHETIC,SYNTHETIC,0.002,SYNTHETIC,SELF_TEST,0.005,20,0.03,3,0.03,NULL,synthetic-null,0,0,0,5,2000,s,V,N,0.1725,0,0.000964557418457798
nexah-hz-fz-measurement/0.1.0,HZ_FZ_01,SYNTHETIC_CONFORMANCE_ONLY,Synthetic validator conformance fixture only; not an empirical measurement or capability claim.,SYNTHETIC,SYNTHETIC,SYNTHETIC,SYNTHETIC,0.002,SYNTHETIC,SELF_TEST,0.005,20,0.03,3,0.03,NULL,synthetic-null,0,0,0,5,2000,s,V,N,0.173,0,0.0009701265964901055
nexah-hz-fz-measurement/0.1.0,HZ_FZ_01,SYNTHETIC_CONFORMANCE_ONLY,Synthetic validator conformance fixture only; not an empirical measurement or capability claim.,SYNTHETIC,SYNTHETIC,SYNTHETIC,SYNTHETIC,0.002,SYNTHETIC,SELF_TEST,0.005,20,0.03,3,0.03,NULL,synthetic-null,0,0,0,5,2000,s,V,N,0.1735,0,0.0009752266299092232
nexah-hz-fz-measurement/0.1.0,HZ_FZ_01,SYNTHETIC_CONFORMANCE_ONLY,Synthetic validator conformance fixture only; not an empirical measurement or capability claim.,SYNTHETIC,SYNTHETIC,SYNTHETIC,SYNTHETIC,0.002,SYNTHETIC,SELF_TEST,0.005,20,0.03,3,0.03,NULL,synthetic-null,0,0,0,5,2000,s,V,N,0.174,0,0.0009798550523842466
nexah-hz-fz-measurement/0.1.0,HZ_FZ_01,SYNTHETIC_CONFORMANCE_ONLY,Synthetic validator conformance fixture only; not an empirical measurement or capability claim.,SYNTHETIC,SYNTHETIC,SYNTHETIC,SYNTHETIC,0.002,SYNTHETIC,SELF_TEST,0.005,20,0.03,3,0.03,NULL,synthetic-null,0,0,0,5,2000,s,V,N,0.1745,0,0.0009840096256511395
nexah-hz-fz-measurement/0.1.0,HZ_FZ_01,SYNTHETIC_CONFORMANCE_ONLY,Synthetic validator conformance fixture only; not an empirical measurement or capability claim.,SYNTHETIC,SYNTHETIC,SYNTHETIC,SYNTHETIC,0.002,SYNTHETIC,SELF_TEST,0.005,20,0.03,3,0.03,NULL,synthetic-null,0,0,0,5,2000,s,V,N,0.175,0,0.0009876883405951376
nexah-hz-fz-measurement/0.1.0,HZ_FZ_01,SYNTHETIC_CONFORMANCE_ONLY,Synthetic validator conformance fixture only; not an empirical measurement or capability claim.,SYNTHETIC,SYNTHETIC,SYNTHETIC,SYNTHETIC,0.002,SYNTHETIC,SELF_TEST,0.005,20,0.03,3,0.03,NULL,synthetic-null,0,0,0,5,2000,s,V,N,0.1755,0,0.0009908894182223385
nexah-hz-fz-measurement/0.1.0,HZ_FZ_01,SYNTHETIC_CONFORMANCE_ONLY,Synthetic validator conformance fixture only; not an empirical measurement or capability claim.,SYNTHETIC,SYNTHETIC,SYNTHETIC,SYNTHETIC,0.002,SYNTHETIC,SELF_TEST,0.005,20,0.03,3,0.03,NULL,synthetic-null,0,0,0,5,2000,s,V,N,0.176,0,0.0009936113105200085
nexah-hz-fz-measurement/0.1.0,HZ_FZ_01,SYNTHETIC_CONFORMANCE_ONLY,Synthetic validator conformance fixture only; not an empirical measurement or capability claim.,SYNTHETIC,SYNTHETIC,SYNTHETIC,SYNTHETIC,0.002,SYNTHETIC,SELF_TEST,0.005,20,0.03,3,0.03,NULL,synthetic-null,0,0,0,5,2000,s,V,N,0.1765,0,0.0009958527012051857
nexah-hz-fz-measurement/0.1.0,HZ_FZ_01,SYNTHETIC_CONFORMANCE_ONLY,Synthetic validator conformance fixture only; not an empirical measurement or capability claim.,SYNTHETIC,SYNTHETIC,SYNTHETIC,SYNTHETIC,0.002,SYNTHETIC,SELF_TEST,0.005,20,0.03,3,0.03,NULL,synthetic-null,0,0,0,5,2000,s,V,N,0.177,0,0.0009976125063612252
nexah-hz-fz-measurement/0.1.0,HZ_FZ_01,SYNTHETIC_CONFORMANCE_ONLY,Synthetic validator conformance fixture only; not an empirical measurement or capability claim.,SYNTHETIC,SYNTHETIC,SYNTHETIC,SYNTHETIC,0.002,SYNTHETIC,SELF_TEST,0.005,20,0.03,3,0.03,NULL,synthetic-null,0,0,0,5,2000,s,V,N,0.1775,0,0.0009988898749619698
nexah-hz-fz-measurement/0.1.0,HZ_FZ_01,SYNTHETIC_CONFORMANCE_ONLY,Synthetic validator conformance fixture only; not an empirical measurement or capability claim.,SYNTHETIC,SYNTHETIC,SYNTHETIC,SYNTHETIC,0.002,SYNTHETIC,SELF_TEST,0.005,20,0.03,3,0.03,NULL,synthetic-null,0,0,0,5,2000,s,V,N,0.178,0,0.0009996841892833
nexah-hz-fz-measurement/0.1.0,HZ_FZ_01,SYNTHETIC_CONFORMANCE_ONLY,Synthetic validator conformance fixture only; not an empirical measurement or capability claim.,SYNTHETIC,SYNTHETIC,SYNTHETIC,SYNTHETIC,0.002,SYNTHETIC,SELF_TEST,0.005,20,0.03,3,0.03,NULL,synthetic-null,0,0,0,5,2000,s,V,N,0.1785,0,0.0009999950652018583
nexah-hz-fz-measurement/0.1.0,HZ_FZ_01,SYNTHETIC_CONFORMANCE_ONLY,Synthetic validator conformance fixture only; not an empirical measurement or capability claim.,SYNTHETIC,SYNTHETIC,SYNTHETIC,SYNTHETIC,0.002,SYNTHETIC,SELF_TEST,0.005,20,0.03,3,0.03,NULL,synthetic-null,0,0,0,5,2000,s,V,N,0.179,0,0.000999822352380809
nexah-hz-fz-measurement/0.1.0,HZ_FZ_01,SYNTHETIC_CONFORMANCE_ONLY,Synthetic validator conformance fixture only; not an empirical measurement or capability claim.,SYNTHETIC,SYNTHETIC,SYNTHETIC,SYNTHETIC,0.002,SYNTHETIC,SELF_TEST,0.005,20,0.03,3,0.03,NULL,synthetic-null,0,0,0,5,2000,s,V,N,0.1795,0,0.00099916613434254
nexah-hz-fz-measurement/0.1.0,HZ_FZ_01,SYNTHETIC_CONFORMANCE_ONLY,Synthetic validator conformance fixture only; not an empirical measurement or capability claim.,SYNTHETIC,SYNTHETIC,SYNTHETIC,SYNTHETIC,0.002,SYNTHETIC,SELF_TEST,0.005,20,0.03,3,0.03,NULL,synthetic-null,0,0,0,5,2000,s,V,N,0.18,0,0.0009980267284282716
nexah-hz-fz-measurement/0.1.0,HZ_FZ_01,SYNTHETIC_CONFORMANCE_ONLY,Synthetic validator conformance fixture only; not an empirical measurement or capability claim.,SYNTHETIC,SYNTHETIC,SYNTHETIC,SYNTHETIC,0.002,SYNTHETIC,SELF_TEST,0.005,20,0.03,3,0.03,NULL,synthetic-null,0,0,0,5,2000,s,V,N,0.1805,0,0.0009964046856445923
nexah-hz-fz-measurement/0.1.0,HZ_FZ_01,SYNTHETIC_CONFORMANCE_ONLY,Synthetic validator conformance fixture only; not an empirical measurement or capability claim.,SYNTHETIC,SYNTHETIC,SYNTHETIC,SYNTHETIC,0.002,SYNTHETIC,SELF_TEST,0.005,20,0.03,3,0.03,NULL,synthetic-null,0,0,0,5,2000,s,V,N,0.181,0,0.000994300790396999
nexah-hz-fz-measurement/0.1.0,HZ_FZ_01,SYNTHETIC_CONFORMANCE_ONLY,Synthetic validator conformance fixture only; not an empirical measurement or capability claim.,SYNTHETIC,SYNTHETIC,SYNTHETIC,SYNTHETIC,0.002,SYNTHETIC,SELF_TEST,0.005,20,0.03,3,0.03,NULL,synthetic-null,0,0,0,5,2000,s,V,N,0.1815,0,0.000991716060110563
nexah-hz-fz-measurement/0.1.0,HZ_FZ_01,SYNTHETIC_CONFORMANCE_ONLY,Synthetic validator conformance fixture only; not an empirical measurement or capability claim.,SYNTHETIC,SYNTHETIC,SYNTHETIC,SYNTHETIC,0.002,SYNTHETIC,SELF_TEST,0.005,20,0.03,3,0.03,NULL,synthetic-null,0,0,0,5,2000,s,V,N,0.182,0,0.0009886517447379142
nexah-hz-fz-measurement/0.1.0,HZ_FZ_01,SYNTHETIC_CONFORMANCE_ONLY,Synthetic validator conformance fixture only; not an empirical measurement or capability claim.,SYNTHETIC,SYNTHETIC,SYNTHETIC,SYNTHETIC,0.002,SYNTHETIC,SELF_TEST,0.005,20,0.03,3,0.03,NULL,synthetic-null,0,0,0,5,2000,s,V,N,0.1825,0,0.000985109326154774
nexah-hz-fz-measurement/0.1.0,HZ_FZ_01,SYNTHETIC_CONFORMANCE_ONLY,Synthetic validator conformance fixture only; not an empirical measurement or capability claim.,SYNTHETIC,SYNTHETIC,SYNTHETIC,SYNTHETIC,0.002,SYNTHETIC,SELF_TEST,0.005,20,0.03,3,0.03,NULL,synthetic-null,0,0,0,5,2000,s,V,N,0.183,0,0.000981090517443334
nexah-hz-fz-measurement/0.1.0,HZ_FZ_01,SYNTHETIC_CONFORMANCE_ONLY,Synthetic validator conformance fixture only; not an empirical measurement or capability claim.,SYNTHETIC,SYNTHETIC,SYNTHETIC,SYNTHETIC,0.002,SYNTHETIC,SELF_TEST,0.005,20,0.03,3,0.03,NULL,synthetic-null,0,0,0,5,2000,s,V,N,0.1835,0,0.0009765972620638245
nexah-hz-fz-measurement/0.1.0,HZ_FZ_01,SYNTHETIC_CONFORMANCE_ONLY,Synthetic validator conformance fixture only; not an empirical measurement or capability claim.,SYNTHETIC,SYNTHETIC,SYNTHETIC,SYNTHETIC,0.002,SYNTHETIC,SELF_TEST,0.005,20,0.03,3,0.03,NULL,synthetic-null,0,0,0,5,2000,s,V,N,0.184,0,0.0009716317329146742
nexah-hz-fz-measurement/0.1.0,HZ_FZ_01,SYNTHETIC_CONFORMANCE_ONLY,Synthetic validator conformance fixture only; not an empirical measurement or capability claim.,SYNTHETIC,SYNTHETIC,SYNTHETIC,SYNTHETIC,0.002,SYNTHETIC,SELF_TEST,0.005,20,0.03,3,0.03,NULL,synthetic-null,0,0,0,5,2000,s,V,N,0.1845,0,0.000966196331281715
nexah-hz-fz-measurement/0.1.0,HZ_FZ_01,SYNTHETIC_CONFORMANCE_ONLY,Synthetic validator conformance fixture only; not an empirical measurement or capability claim.,SYNTHETIC,SYNTHETIC,SYNTHETIC,SYNTHETIC,0.002,SYNTHETIC,SELF_TEST,0.005,20,0.03,3,0.03,NULL,synthetic-null,0,0,0,5,2000,s,V,N,0.185,0,0.000960293685676943
nexah-hz-fz-measurement/0.1.0,HZ_FZ_01,SYNTHETIC_CONFORMANCE_ONLY,Synthetic validator conformance fixture only; not an empirical measurement or capability claim.,SYNTHETIC,SYNTHETIC,SYNTHETIC,SYNTHETIC,0.002,SYNTHETIC,SELF_TEST,0.005,20,0.03,3,0.03,NULL,synthetic-null,0,0,0,5,2000,s,V,N,0.1855,0,0.0009539266505673935
nexah-hz-fz-measurement/0.1.0,HZ_FZ_01,SYNTHETIC_CONFORMANCE_ONLY,Synthetic validator conformance fixture only; not an empirical measurement or capability claim.,SYNTHETIC,SYNTHETIC,SYNTHETIC,SYNTHETIC,0.002,SYNTHETIC,SELF_TEST,0.005,20,0.03,3,0.03,NULL,synthetic-null,0,0,0,5,2000,s,V,N,0.186,0,0.0009470983049947447
nexah-hz-fz-measurement/0.1.0,HZ_FZ_01,SYNTHETIC_CONFORMANCE_ONLY,Synthetic validator conformance fixture only; not an empirical measurement or capability claim.,SYNTHETIC,SYNTHETIC,SYNTHETIC,SYNTHETIC,0.002,SYNTHETIC,SELF_TEST,0.005,20,0.03,3,0.03,NULL,synthetic-null,0,0,0,5,2000,s,V,N,0.1865,0,0.0009398119510863199
nexah-hz-fz-measurement/0.1.0,HZ_FZ_01,SYNTHETIC_CONFORMANCE_ONLY,Synthetic validator conformance fixture only; not an empirical measurement or capability claim.,SYNTHETIC,SYNTHETIC,SYNTHETIC,SYNTHETIC,0.002,SYNTHETIC,SELF_TEST,0.005,20,0.03,3,0.03,NULL,synthetic-null,0,0,0,5,2000,s,V,N,0.187,0,0.0009320711124582111
nexah-hz-fz-measurement/0.1.0,HZ_FZ_01,SYNTHETIC_CONFORMANCE_ONLY,Synthetic validator conformance fixture only; not an empirical measurement or capability claim.,SYNTHETIC,SYNTHETIC,SYNTHETIC,SYNTHETIC,0.002,SYNTHETIC,SELF_TEST,0.005,20,0.03,3,0.03,NULL,synthetic-null,0,0,0,5,2000,s,V,N,0.1875,0,0.0009238795325112868
nexah-hz-fz-measurement/0.1.0,HZ_FZ_01,SYNTHETIC_CONFORMANCE_ONLY,Synthetic validator conformance fixture only; not an empirical measurement or capability claim.,SYNTHETIC,SYNTHETIC,SYNTHETIC,SYNTHETIC,0.002,SYNTHETIC,SELF_TEST,0.005,20,0.03,3,0.03,NULL,synthetic-null,0,0,0,5,2000,s,V,N,0.188,0,0.0009152411726209174
nexah-hz-fz-measurement/0.1.0,HZ_FZ_01,SYNTHETIC_CONFORMANCE_ONLY,Synthetic validator conformance fixture only; not an empirical measurement or capability claim.,SYNTHETIC,SYNTHETIC,SYNTHETIC,SYNTHETIC,0.002,SYNTHETIC,SELF_TEST,0.005,20,0.03,3,0.03,NULL,synthetic-null,0,0,0,5,2000,s,V,N,0.1885,0,0.0009061602102212903
nexah-hz-fz-measurement/0.1.0,HZ_FZ_01,SYNTHETIC_CONFORMANCE_ONLY,Synthetic validator conformance fixture only; not an empirical measurement or capability claim.,SYNTHETIC,SYNTHETIC,SYNTHETIC,SYNTHETIC,0.002,SYNTHETIC,SELF_TEST,0.005,20,0.03,3,0.03,NULL,synthetic-null,0,0,0,5,2000,s,V,N,0.189,0,0.0008966410367852361
nexah-hz-fz-measurement/0.1.0,HZ_FZ_01,SYNTHETIC_CONFORMANCE_ONLY,Synthetic validator conformance fixture only; not an empirical measurement or capability claim.,SYNTHETIC,SYNTHETIC,SYNTHETIC,SYNTHETIC,0.002,SYNTHETIC,SELF_TEST,0.005,20,0.03,3,0.03,NULL,synthetic-null,0,0,0,5,2000,s,V,N,0.1895,0,0.0008866882557005566
nexah-hz-fz-measurement/0.1.0,HZ_FZ_01,SYNTHETIC_CONFORMANCE_ONLY,Synthetic validator conformance fixture only; not an empirical measurement or capability claim.,SYNTHETIC,SYNTHETIC,SYNTHETIC,SYNTHETIC,0.002,SYNTHETIC,SELF_TEST,0.005,20,0.03,3,0.03,NULL,synthetic-null,0,0,0,5,2000,s,V,N,0.19,0,0.0008763066800438634
nexah-hz-fz-measurement/0.1.0,HZ_FZ_01,SYNTHETIC_CONFORMANCE_ONLY,Synthetic validator conformance fixture only; not an empirical measurement or capability claim.,SYNTHETIC,SYNTHETIC,SYNTHETIC,SYNTHETIC,0.002,SYNTHETIC,SELF_TEST,0.005,20,0.03,3,0.03,NULL,synthetic-null,0,0,0,5,2000,s,V,N,0.1905,0,0.0008655013302530195
nexah-hz-fz-measurement/0.1.0,HZ_FZ_01,SYNTHETIC_CONFORMANCE_ONLY,Synthetic validator conformance fixture only; not an empirical measurement or capability claim.,SYNTHETIC,SYNTHETIC,SYNTHETIC,SYNTHETIC,0.002,SYNTHETIC,SELF_TEST,0.005,20,0.03,3,0.03,NULL,synthetic-null,0,0,0,5,2000,s,V,N,0.191,0,0.0008542774316992955
nexah-hz-fz-measurement/0.1.0,HZ_FZ_01,SYNTHETIC_CONFORMANCE_ONLY,Synthetic validator conformance fixture only; not an empirical measurement or capability claim.,SYNTHETIC,SYNTHETIC,SYNTHETIC,SYNTHETIC,0.002,SYNTHETIC,SELF_TEST,0.005,20,0.03,3,0.03,NULL,synthetic-null,0,0,0,5,2000,s,V,N,0.1915,0,0.0008426404121604323
nexah-hz-fz-measurement/0.1.0,HZ_FZ_01,SYNTHETIC_CONFORMANCE_ONLY,Synthetic validator conformance fixture only; not an empirical measurement or capability claim.,SYNTHETIC,SYNTHETIC,SYNTHETIC,SYNTHETIC,0.002,SYNTHETIC,SELF_TEST,0.005,20,0.03,3,0.03,NULL,synthetic-null,0,0,0,5,2000,s,V,N,0.192,0,0.0008305958991958125
nexah-hz-fz-measurement/0.1.0,HZ_FZ_01,SYNTHETIC_CONFORMANCE_ONLY,Synthetic validator conformance fixture only; not an empirical measurement or capability claim.,SYNTHETIC,SYNTHETIC,SYNTHETIC,SYNTHETIC,0.002,SYNTHETIC,SELF_TEST,0.005,20,0.03,3,0.03,NULL,synthetic-null,0,0,0,5,2000,s,V,N,0.1925,0,0.000818149717425023
nexah-hz-fz-measurement/0.1.0,HZ_FZ_01,SYNTHETIC_CONFORMANCE_ONLY,Synthetic validator conformance fixture only; not an empirical measurement or capability claim.,SYNTHETIC,SYNTHETIC,SYNTHETIC,SYNTHETIC,0.002,SYNTHETIC,SELF_TEST,0.005,20,0.03,3,0.03,NULL,synthetic-null,0,0,0,5,2000,s,V,N,0.193,0,0.0008053078857111225
nexah-hz-fz-measurement/0.1.0,HZ_FZ_01,SYNTHETIC_CONFORMANCE_ONLY,Synthetic validator conformance fixture only; not an empirical measurement or capability claim.,SYNTHETIC,SYNTHETIC,SYNTHETIC,SYNTHETIC,0.002,SYNTHETIC,SELF_TEST,0.005,20,0.03,3,0.03,NULL,synthetic-null,0,0,0,5,2000,s,V,N,0.1935,0,0.0007920766142499673
nexah-hz-fz-measurement/0.1.0,HZ_FZ_01,SYNTHETIC_CONFORMANCE_ONLY,Synthetic validator conformance fixture only; not an empirical measurement or capability claim.,SYNTHETIC,SYNTHETIC,SYNTHETIC,SYNTHETIC,0.002,SYNTHETIC,SELF_TEST,0.005,20,0.03,3,0.03,NULL,synthetic-null,0,0,0,5,2000,s,V,N,0.194,0,0.0007784623015670234
nexah-hz-fz-measurement/0.1.0,HZ_FZ_01,SYNTHETIC_CONFORMANCE_ONLY,Synthetic validator conformance fixture only; not an empirical measurement or capability claim.,SYNTHETIC,SYNTHETIC,SYNTHETIC,SYNTHETIC,0.002,SYNTHETIC,SELF_TEST,0.005,20,0.03,3,0.03,NULL,synthetic-null,0,0,0,5,2000,s,V,N,0.1945,0,0.0007644715314230914
nexah-hz-fz-measurement/0.1.0,HZ_FZ_01,SYNTHETIC_CONFORMANCE_ONLY,Synthetic validator conformance fixture only; not an empirical measurement or capability claim.,SYNTHETIC,SYNTHETIC,SYNTHETIC,SYNTHETIC,0.002,SYNTHETIC,SELF_TEST,0.005,20,0.03,3,0.03,NULL,synthetic-null,0,0,0,5,2000,s,V,N,0.195,0,0.0007501110696304602
nexah-hz-fz-measurement/0.1.0,HZ_FZ_01,SYNTHETIC_CONFORMANCE_ONLY,Synthetic validator conformance fixture only; not an empirical measurement or capability claim.,SYNTHETIC,SYNTHETIC,SYNTHETIC,SYNTHETIC,0.002,SYNTHETIC,SELF_TEST,0.005,20,0.03,3,0.03,NULL,synthetic-null,0,0,0,5,2000,s,V,N,0.1955,0,0.0007353878607810162
nexah-hz-fz-measurement/0.1.0,HZ_FZ_01,SYNTHETIC_CONFORMANCE_ONLY,Synthetic validator conformance fixture only; not an empirical measurement or capability claim.,SYNTHETIC,SYNTHETIC,SYNTHETIC,SYNTHETIC,0.002,SYNTHETIC,SELF_TEST,0.005,20,0.03,3,0.03,NULL,synthetic-null,0,0,0,5,2000,s,V,N,0.196,0,0.000720309024887907
nexah-hz-fz-measurement/0.1.0,HZ_FZ_01,SYNTHETIC_CONFORMANCE_ONLY,Synthetic validator conformance fixture only; not an empirical measurement or capability claim.,SYNTHETIC,SYNTHETIC,SYNTHETIC,SYNTHETIC,0.002,SYNTHETIC,SELF_TEST,0.005,20,0.03,3,0.03,NULL,synthetic-null,0,0,0,5,2000,s,V,N,0.1965,0,0.0007048818539423611
nexah-hz-fz-measurement/0.1.0,HZ_FZ_01,SYNTHETIC_CONFORMANCE_ONLY,Synthetic validator conformance fixture only; not an empirical measurement or capability claim.,SYNTHETIC,SYNTHETIC,SYNTHETIC,SYNTHETIC,0.002,SYNTHETIC,SELF_TEST,0.005,20,0.03,3,0.03,NULL,synthetic-null,0,0,0,5,2000,s,V,N,0.197,0,0.0006891138083873479
nexah-hz-fz-measurement/0.1.0,HZ_FZ_01,SYNTHETIC_CONFORMANCE_ONLY,Synthetic validator conformance fixture only; not an empirical measurement or capability claim.,SYNTHETIC,SYNTHETIC,SYNTHETIC,SYNTHETIC,0.002,SYNTHETIC,SELF_TEST,0.005,20,0.03,3,0.03,NULL,synthetic-null,0,0,0,5,2000,s,V,N,0.1975,0,0.0006730125135097737
nexah-hz-fz-measurement/0.1.0,HZ_FZ_01,SYNTHETIC_CONFORMANCE_ONLY,Synthetic validator conformance fixture only; not an empirical measurement or capability claim.,SYNTHETIC,SYNTHETIC,SYNTHETIC,SYNTHETIC,0.002,SYNTHETIC,SELF_TEST,0.005,20,0.03,3,0.03,NULL,synthetic-null,0,0,0,5,2000,s,V,N,0.198,0,0.0006565857557529566
nexah-hz-fz-measurement/0.1.0,HZ_FZ_01,SYNTHETIC_CONFORMANCE_ONLY,Synthetic validator conformance fixture only; not an empirical measurement or capability claim.,SYNTHETIC,SYNTHETIC,SYNTHETIC,SYNTHETIC,0.002,SYNTHETIC,SELF_TEST,0.005,20,0.03,3,0.03,NULL,synthetic-null,0,0,0,5,2000,s,V,N,0.1985,0,0.0006398414789511782
nexah-hz-fz-measurement/0.1.0,HZ_FZ_01,SYNTHETIC_CONFORMANCE_ONLY,Synthetic validator conformance fixture only; not an empirical measurement or capability claim.,SYNTHETIC,SYNTHETIC,SYNTHETIC,SYNTHETIC,0.002,SYNTHETIC,SELF_TEST,0.005,20,0.03,3,0.03,NULL,synthetic-null,0,0,0,5,2000,s,V,N,0.199,0,0.000622787780488112
nexah-hz-fz-measurement/0.1.0,HZ_FZ_01,SYNTHETIC_CONFORMANCE_ONLY,Synthetic validator conformance fixture only; not an empirical measurement or capability claim.,SYNTHETIC,SYNTHETIC,SYNTHETIC,SYNTHETIC,0.002,SYNTHETIC,SELF_TEST,0.005,20,0.03,3,0.03,NULL,synthetic-null,0,0,0,5,2000,s,V,N,0.1995,0,0.000605432907381002
nexah-hz-fz-measurement/0.1.0,HZ_FZ_01,SYNTHETIC_CONFORMANCE_ONLY,Synthetic validator conformance fixture only; not an empirical measurement or capability claim.,SYNTHETIC,SYNTHETIC,SYNTHETIC,SYNTHETIC,0.002,SYNTHETIC,SELF_TEST,0.005,20,0.03,3,0.03,NULL,synthetic-null,0,0,0,5,2000,s,V,N,0.2,0,0.0005877852522924733
nexah-hz-fz-measurement/0.1.0,HZ_FZ_01,SYNTHETIC_CONFORMANCE_ONLY,Synthetic validator conformance fixture only; not an empirical measurement or capability claim.,SYNTHETIC,SYNTHETIC,SYNTHETIC,SYNTHETIC,0.002,SYNTHETIC,SELF_TEST,0.005,20,0.03,3,0.03,REFERENCE_A,synthetic-a,20,1,0,5,2000,s,V,N,0,0,0.6840402866513374
nexah-hz-fz-measurement/0.1.0,HZ_FZ_01,SYNTHETIC_CONFORMANCE_ONLY,Synthetic validator conformance fixture only; not an empirical measurement or capability claim.,SYNTHETIC,SYNTHETIC,SYNTHETIC,SYNTHETIC,0.002,SYNTHETIC,SELF_TEST,0.005,20,0.03,3,0.03,REFERENCE_A,synthetic-a,20,1,0,5,2000,s,V,N,0.0005,0.06279051952931337,0.8006980651137899
nexah-hz-fz-measurement/0.1.0,HZ_FZ_01,SYNTHETIC_CONFORMANCE_ONLY,Synthetic validator conformance fixture only; not an empirical measurement or capability claim.,SYNTHETIC,SYNTHETIC,SYNTHETIC,SYNTHETIC,0.002,SYNTHETIC,SELF_TEST,0.005,20,0.03,3,0.03,REFERENCE_A,synthetic-a,20,1,0,5,2000,s,V,N,0.001,0.12533323356430426,0.9141958541173884
nexah-hz-fz-measurement/0.1.0,HZ_FZ_01,SYNTHETIC_CONFORMANCE_ONLY,Synthetic validator conformance fixture only; not an empirical measurement or capability claim.,SYNTHETIC,SYNTHETIC,SYNTHETIC,SYNTHETIC,0.002,SYNTHETIC,SELF_TEST,0.005,20,0.03,3,0.03,REFERENCE_A,synthetic-a,20,1,0,5,2000,s,V,N,0.0015,0.18738131458572463,1.024085729741143
nexah-hz-fz-measurement/0.1.0,HZ_FZ_01,SYNTHETIC_CONFORMANCE_ONLY,Synthetic validator conformance fixture only; not an empirical measurement or capability claim.,SYNTHETIC,SYNTHETIC,SYNTHETIC,SYNTHETIC,0.002,SYNTHETIC,SELF_TEST,0.005,20,0.03,3,0.03,REFERENCE_A,synthetic-a,20,1,0,5,2000,s,V,N,0.002,0.2486898871648548,1.1299340068498758
nexah-hz-fz-measurement/0.1.0,HZ_FZ_01,SYNTHETIC_CONFORMANCE_ONLY,Synthetic validator conformance fixture only; not an empirical measurement or capability claim.,SYNTHETIC,SYNTHETIC,SYNTHETIC,SYNTHETIC,0.002,SYNTHETIC,SELF_TEST,0.005,20,0.03,3,0.03,REFERENCE_A,synthetic-a,20,1,0,5,2000,s,V,N,0.0025,0.3090169943749474,1.2313229506513166
nexah-hz-fz-measurement/0.1.0,HZ_FZ_01,SYNTHETIC_CONFORMANCE_ONLY,Synthetic validator conformance fixture only; not an empirical measurement or capability claim.,SYNTHETIC,SYNTHETIC,SYNTHETIC,SYNTHETIC,0.002,SYNTHETIC,SELF_TEST,0.005,20,0.03,3,0.03,REFERENCE_A,synthetic-a,20,1,0,5,2000,s,V,N,0.003,0.368124552684678,1.3278524253044832
nexah-hz-fz-measurement/0.1.0,HZ_FZ_01,SYNTHETIC_CONFORMANCE_ONLY,Synthetic validator conformance fixture only; not an empirical measurement or capability claim.,SYNTHETIC,SYNTHETIC,SYNTHETIC,SYNTHETIC,0.002,SYNTHETIC,SELF_TEST,0.005,20,0.03,3,0.03,REFERENCE_A,synthetic-a,20,1,0,5,2000,s,V,N,0.0035,0.42577929156507266,1.4191414730730418
nexah-hz-fz-measurement/0.1.0,HZ_FZ_01,SYNTHETIC_CONFORMANCE_ONLY,Synthetic validator conformance fixture only; not an empirical measurement or capability claim.,SYNTHETIC,SYNTHETIC,SYNTHETIC,SYNTHETIC,0.002,SYNTHETIC,SELF_TEST,0.005,20,0.03,3,0.03,REFERENCE_A,synthetic-a,20,1,0,5,2000,s,V,N,0.004,0.4817536741017153,1.504829817791449
nexah-hz-fz-measurement/0.1.0,HZ_FZ_01,SYNTHETIC_CONFORMANCE_ONLY,Synthetic validator conformance fixture only; not an empirical measurement or capability claim.,SYNTHETIC,SYNTHETIC,SYNTHETIC,SYNTHETIC,0.002,SYNTHETIC,SELF_TEST,0.005,20,0.03,3,0.03,REFERENCE_A,synthetic-a,20,1,0,5,2000,s,V,N,0.0045,0.5358267949789965,1.5845792867103814
nexah-hz-fz-measurement/0.1.0,HZ_FZ_01,SYNTHETIC_CONFORMANCE_ONLY,Synthetic validator conformance fixture only; not an empirical measurement or capability claim.,SYNTHETIC,SYNTHETIC,SYNTHETIC,SYNTHETIC,0.002,SYNTHETIC,SELF_TEST,0.005,20,0.03,3,0.03,REFERENCE_A,synthetic-a,20,1,0,5,2000,s,V,N,0.005,0.5877852522924731,1.6580751451100835
nexah-hz-fz-measurement/0.1.0,HZ_FZ_01,SYNTHETIC_CONFORMANCE_ONLY,Synthetic validator conformance fixture only; not an empirical measurement or capability claim.,SYNTHETIC,SYNTHETIC,SYNTHETIC,SYNTHETIC,0.002,SYNTHETIC,SELF_TEST,0.005,20,0.03,3,0.03,REFERENCE_A,synthetic-a,20,1,0,5,2000,s,V,N,0.0055,0.6374239897486896,1.7250273384145147
nexah-hz-fz-measurement/0.1.0,HZ_FZ_01,SYNTHETIC_CONFORMANCE_ONLY,Synthetic validator conformance fixture only; not an empirical measurement or capability claim.,SYNTHETIC,SYNTHETIC,SYNTHETIC,SYNTHETIC,0.002,SYNTHETIC,SELF_TEST,0.005,20,0.03,3,0.03,REFERENCE_A,synthetic-a,20,1,0,5,2000,s,V,N,0.006,0.6845471059286887,1.785171636904251
nexah-hz-fz-measurement/0.1.0,HZ_FZ_01,SYNTHETIC_CONFORMANCE_ONLY,Synthetic validator conformance fixture only; not an empirical measurement or capability claim.,SYNTHETIC,SYNTHETIC,SYNTHETIC,SYNTHETIC,0.002,SYNTHETIC,SELF_TEST,0.005,20,0.03,3,0.03,REFERENCE_A,synthetic-a,20,1,0,5,2000,s,V,N,0.0065,0.7289686274214114,1.8382706785104688
nexah-hz-fz-measurement/0.1.0,HZ_FZ_01,SYNTHETIC_CONFORMANCE_ONLY,Synthetic validator conformance fixture only; not an empirical measurement or capability claim.,SYNTHETIC,SYNTHETIC,SYNTHETIC,SYNTHETIC,0.002,SYNTHETIC,SELF_TEST,0.005,20,0.03,3,0.03,REFERENCE_A,synthetic-a,20,1,0,5,2000,s,V,N,0.007,0.7705132427757893,1.8841149055745934
nexah-hz-fz-measurement/0.1.0,HZ_FZ_01,SYNTHETIC_CONFORMANCE_ONLY,Synthetic validator conformance fixture only; not an empirical measurement or capability claim.,SYNTHETIC,SYNTHETIC,SYNTHETIC,SYNTHETIC,0.002,SYNTHETIC,SELF_TEST,0.005,20,0.03,3,0.03,REFERENCE_A,synthetic-a,20,1,0,5,2000,s,V,N,0.0075,0.8090169943749475,1.9225233918766378
nexah-hz-fz-measurement/0.1.0,HZ_FZ_01,SYNTHETIC_CONFORMANCE_ONLY,Synthetic validator conformance fixture only; not an empirical measurement or capability claim.,SYNTHETIC,SYNTHETIC,SYNTHETIC,SYNTHETIC,0.002,SYNTHETIC,SELF_TEST,0.005,20,0.03,3,0.03,REFERENCE_A,synthetic-a,20,1,0,5,2000,s,V,N,0.008,0.8443279255020151,1.9533445566683358
nexah-hz-fz-measurement/0.1.0,HZ_FZ_01,SYNTHETIC_CONFORMANCE_ONLY,Synthetic validator conformance fixture only; not an empirical measurement or capability claim.,SYNTHETIC,SYNTHETIC,SYNTHETIC,SYNTHETIC,0.002,SYNTHETIC,SELF_TEST,0.005,20,0.03,3,0.03,REFERENCE_A,synthetic-a,20,1,0,5,2000,s,V,N,0.0085,0.8763066800438637,1.9764567628931058
nexah-hz-fz-measurement/0.1.0,HZ_FZ_01,SYNTHETIC_CONFORMANCE_ONLY,Synthetic validator conformance fixture only; not an empirical measurement or capability claim.,SYNTHETIC,SYNTHETIC,SYNTHETIC,SYNTHETIC,0.002,SYNTHETIC,SELF_TEST,0.005,20,0.03,3,0.03,REFERENCE_A,synthetic-a,20,1,0,5,2000,s,V,N,0.009,0.9048270524660195,1.9917687972319407
nexah-hz-fz-measurement/0.1.0,HZ_FZ_01,SYNTHETIC_CONFORMANCE_ONLY,Synthetic validator conformance fixture only; not an empirical measurement or capability claim.,SYNTHETIC,SYNTHETIC,SYNTHETIC,SYNTHETIC,0.002,SYNTHETIC,SELF_TEST,0.005,20,0.03,3,0.03,REFERENCE_A,synthetic-a,20,1,0,5,2000,s,V,N,0.0095,0.9297764858882513,1.9992202300807087
nexah-hz-fz-measurement/0.1.0,HZ_FZ_01,SYNTHETIC_CONFORMANCE_ONLY,Synthetic validator conformance fixture only; not an empirical measurement or capability claim.,SYNTHETIC,SYNTHETIC,SYNTHETIC,SYNTHETIC,0.002,SYNTHETIC,SELF_TEST,0.005,20,0.03,3,0.03,REFERENCE_A,synthetic-a,20,1,0,5,2000,s,V,N,0.01,0.9510565162951535,1.9987816540381915
nexah-hz-fz-measurement/0.1.0,HZ_FZ_01,SYNTHETIC_CONFORMANCE_ONLY,Synthetic validator conformance fixture only; not an empirical measurement or capability claim.,SYNTHETIC,SYNTHETIC,SYNTHETIC,SYNTHETIC,0.002,SYNTHETIC,SELF_TEST,0.005,20,0.03,3,0.03,REFERENCE_A,synthetic-a,20,1,0,5,2000,s,V,N,0.0105,0.9685831611286311,1.9904547999636624
nexah-hz-fz-measurement/0.1.0,HZ_FZ_01,SYNTHETIC_CONFORMANCE_ONLY,Synthetic validator conformance fixture only; not an empirical measurement or capability claim.,SYNTHETIC,SYNTHETIC,SYNTHETIC,SYNTHETIC,0.002,SYNTHETIC,SELF_TEST,0.005,20,0.03,3,0.03,REFERENCE_A,synthetic-a,20,1,0,5,2000,s,V,N,0.011,0.9822872507286886,1.9742725301459758
nexah-hz-fz-measurement/0.1.0,HZ_FZ_01,SYNTHETIC_CONFORMANCE_ONLY,Synthetic validator conformance fixture only; not an empirical measurement or capability claim.,SYNTHETIC,SYNTHETIC,SYNTHETIC,SYNTHETIC,0.002,SYNTHETIC,SELF_TEST,0.005,20,0.03,3,0.03,REFERENCE_A,synthetic-a,20,1,0,5,2000,s,V,N,0.0115,0.9921147013144779,1.9502987086111265
nexah-hz-fz-measurement/0.1.0,HZ_FZ_01,SYNTHETIC_CONFORMANCE_ONLY,Synthetic validator conformance fixture only; not an empirical measurement or capability claim.,SYNTHETIC,SYNTHETIC,SYNTHETIC,SYNTHETIC,0.002,SYNTHETIC,SELF_TEST,0.005,20,0.03,3,0.03,REFERENCE_A,synthetic-a,20,1,0,5,2000,s,V,N,0.012,0.9980267284282716,1.918627949080115
nexah-hz-fz-measurement/0.1.0,HZ_FZ_01,SYNTHETIC_CONFORMANCE_ONLY,Synthetic validator conformance fixture only; not an empirical measurement or capability claim.,SYNTHETIC,SYNTHETIC,SYNTHETIC,SYNTHETIC,0.002,SYNTHETIC,SELF_TEST,0.005,20,0.03,3,0.03,REFERENCE_A,synthetic-a,20,1,0,5,2000,s,V,N,0.0125,1,1.8793852415718169
nexah-hz-fz-measurement/0.1.0,HZ_FZ_01,SYNTHETIC_CONFORMANCE_ONLY,Synthetic validator conformance fixture only; not an empirical measurement or capability claim.,SYNTHETIC,SYNTHETIC,SYNTHETIC,SYNTHETIC,0.002,SYNTHETIC,SELF_TEST,0.005,20,0.03,3,0.03,REFERENCE_A,synthetic-a,20,1,0,5,2000,s,V,N,0.013,0.9980267284282716,1.8327254591244793
nexah-hz-fz-measurement/0.1.0,HZ_FZ_01,SYNTHETIC_CONFORMANCE_ONLY,Synthetic validator conformance fixture only; not an empirical measurement or capability claim.,SYNTHETIC,SYNTHETIC,SYNTHETIC,SYNTHETIC,0.002,SYNTHETIC,SELF_TEST,0.005,20,0.03,3,0.03,REFERENCE_A,synthetic-a,20,1,0,5,2000,s,V,N,0.0135,0.9921147013144779,1.7788327465825953
nexah-hz-fz-measurement/0.1.0,HZ_FZ_01,SYNTHETIC_CONFORMANCE_ONLY,Synthetic validator conformance fixture only; not an empirical measurement or capability claim.,SYNTHETIC,SYNTHETIC,SYNTHETIC,SYNTHETIC,0.002,SYNTHETIC,SELF_TEST,0.005,20,0.03,3,0.03,REFERENCE_A,synthetic-a,20,1,0,5,2000,s,V,N,0.014,0.9822872507286887,1.717919793861329
nexah-hz-fz-measurement/0.1.0,HZ_FZ_01,SYNTHETIC_CONFORMANCE_ONLY,Synthetic validator conformance fixture only; not an empirical measurement or capability claim.,SYNTHETIC,SYNTHETIC,SYNTHETIC,SYNTHETIC,0.002,SYNTHETIC,SELF_TEST,0.005,20,0.03,3,0.03,REFERENCE_A,synthetic-a,20,1,0,5,2000,s,V,N,0.0145,0.9685831611286311,1.6502269965565903
nexah-hz-fz-measurement/0.1.0,HZ_FZ_01,SYNTHETIC_CONFORMANCE_ONLY,Synthetic validator conformance fixture only; not an empirical measurement or capability claim.,SYNTHETIC,SYNTHETIC,SYNTHETIC,SYNTHETIC,0.002,SYNTHETIC,SELF_TEST,0.005,20,0.03,3,0.03,REFERENCE_A,synthetic-a,20,1,0,5,2000,s,V,N,0.015,0.9510565162951536,1.576021507213444
nexah-hz-fz-measurement/0.1.0,HZ_FZ_01,SYNTHETIC_CONFORMANCE_ONLY,Synthetic validator conformance fixture only; not an empirical measurement or capability claim.,SYNTHETIC,SYNTHETIC,SYNTHETIC,SYNTHETIC,0.002,SYNTHETIC,SELF_TEST,0.005,20,0.03,3,0.03,REFERENCE_A,synthetic-a,20,1,0,5,2000,s,V,N,0.0155,0.9297764858882515,1.4955961809970637
nexah-hz-fz-measurement/0.1.0,HZ_FZ_01,SYNTHETIC_CONFORMANCE_ONLY,Synthetic validator conformance fixture only; not an empirical measurement or capability claim.,SYNTHETIC,SYNTHETIC,SYNTHETIC,SYNTHETIC,0.002,SYNTHETIC,SELF_TEST,0.005,20,0.03,3,0.03,REFERENCE_A,synthetic-a,20,1,0,5,2000,s,V,N,0.016,0.9048270524660195,1.4092684199271892
nexah-hz-fz-measurement/0.1.0,HZ_FZ_01,SYNTHETIC_CONFORMANCE_ONLY,Synthetic validator conformance fixture only; not an empirical measurement or capability claim.,SYNTHETIC,SYNTHETIC,SYNTHETIC,SYNTHETIC,0.002,SYNTHETIC,SELF_TEST,0.005,20,0.03,3,0.03,REFERENCE_A,synthetic-a,20,1,0,5,2000,s,V,N,0.0165,0.8763066800438635,1.3173789202373607
nexah-hz-fz-measurement/0.1.0,HZ_FZ_01,SYNTHETIC_CONFORMANCE_ONLY,Synthetic validator conformance fixture only; not an empirical measurement or capability claim.,SYNTHETIC,SYNTHETIC,SYNTHETIC,SYNTHETIC,0.002,SYNTHETIC,SELF_TEST,0.005,20,0.03,3,0.03,REFERENCE_A,synthetic-a,20,1,0,5,2000,s,V,N,0.017,0.844327925502015,1.2202903278025348
nexah-hz-fz-measurement/0.1.0,HZ_FZ_01,SYNTHETIC_CONFORMANCE_ONLY,Synthetic validator conformance fixture only; not an empirical measurement or capability claim.,SYNTHETIC,SYNTHETIC,SYNTHETIC,SYNTHETIC,0.002,SYNTHETIC,SELF_TEST,0.005,20,0.03,3,0.03,REFERENCE_A,synthetic-a,20,1,0,5,2000,s,V,N,0.0175,0.8090169943749475,1.1183858069414938
nexah-hz-fz-measurement/0.1.0,HZ_FZ_01,SYNTHETIC_CONFORMANCE_ONLY,Synthetic validator conformance fixture only; not an empirical measurement or capability claim.,SYNTHETIC,SYNTHETIC,SYNTHETIC,SYNTHETIC,0.002,SYNTHETIC,SELF_TEST,0.005,20,0.03,3,0.03,REFERENCE_A,synthetic-a,20,1,0,5,2000,s,V,N,0.018,0.7705132427757895,1.0120675282423284
nexah-hz-fz-measurement/0.1.0,HZ_FZ_01,SYNTHETIC_CONFORMANCE_ONLY,Synthetic validator conformance fixture only; not an empirical measurement or capability claim.,SYNTHETIC,SYNTHETIC,SYNTHETIC,SYNTHETIC,0.002,SYNTHETIC,SELF_TEST,0.005,20,0.03,3,0.03,REFERENCE_A,synthetic-a,20,1,0,5,2000,s,V,N,0.0185,0.7289686274214118,0.9017550813788621
nexah-hz-fz-measurement/0.1.0,HZ_FZ_01,SYNTHETIC_CONFORMANCE_ONLY,Synthetic validator conformance fixture only; not an empirical measurement or capability claim.,SYNTHETIC,SYNTHETIC,SYNTHETIC,SYNTHETIC,0.002,SYNTHETIC,SELF_TEST,0.005,20,0.03,3,0.03,REFERENCE_A,synthetic-a,20,1,0,5,2000,s,V,N,0.019,0.6845471059286888,0.7878838191819026
nexah-hz-fz-measurement/0.1.0,HZ_FZ_01,SYNTHETIC_CONFORMANCE_ONLY,Synthetic validator conformance fixture only; not an empirical measurement or capability claim.,SYNTHETIC,SYNTHETIC,SYNTHETIC,SYNTHETIC,0.002,SYNTHETIC,SELF_TEST,0.005,20,0.03,3,0.03,REFERENCE_A,synthetic-a,20,1,0,5,2000,s,V,N,0.0195,0.6374239897486899,0.6709031395005103
nexah-hz-fz-measurement/0.1.0,HZ_FZ_01,SYNTHETIC_CONFORMANCE_ONLY,Synthetic validator conformance fixture only; not an empirical measurement or capability claim.,SYNTHETIC,SYNTHETIC,SYNTHETIC,SYNTHETIC,0.002,SYNTHETIC,SELF_TEST,0.005,20,0.03,3,0.03,REFERENCE_A,synthetic-a,20,1,0,5,2000,s,V,N,0.02,0.5877852522924732,0.5512747116339984
nexah-hz-fz-measurement/0.1.0,HZ_FZ_01,SYNTHETIC_CONFORMANCE_ONLY,Synthetic validator conformance fixture only; not an empirical measurement or capability claim.,SYNTHETIC,SYNTHETIC,SYNTHETIC,SYNTHETIC,0.002,SYNTHETIC,SELF_TEST,0.005,20,0.03,3,0.03,REFERENCE_A,synthetic-a,20,1,0,5,2000,s,V,N,0.0205,0.5358267949789967,0.42947065433412634
nexah-hz-fz-measurement/0.1.0,HZ_FZ_01,SYNTHETIC_CONFORMANCE_ONLY,Synthetic validator conformance fixture only; not an empirical measurement or capability claim.,SYNTHETIC,SYNTHETIC,SYNTHETIC,SYNTHETIC,0.002,SYNTHETIC,SELF_TEST,0.005,20,0.03,3,0.03,REFERENCE_A,synthetic-a,20,1,0,5,2000,s,V,N,0.021,0.4817536741017152,0.3059716725680759
nexah-hz-fz-measurement/0.1.0,HZ_FZ_01,SYNTHETIC_CONFORMANCE_ONLY,Synthetic validator conformance fixture only; not an empirical measurement or capability claim.,SYNTHETIC,SYNTHETIC,SYNTHETIC,SYNTHETIC,0.002,SYNTHETIC,SELF_TEST,0.005,20,0.03,3,0.03,REFERENCE_A,synthetic-a,20,1,0,5,2000,s,V,N,0.0215,0.4257792915650729,0.1812651603955608
nexah-hz-fz-measurement/0.1.0,HZ_FZ_01,SYNTHETIC_CONFORMANCE_ONLY,Synthetic validator conformance fixture only; not an empirical measurement or capability claim.,SYNTHETIC,SYNTHETIC,SYNTHETIC,SYNTHETIC,0.002,SYNTHETIC,SELF_TEST,0.005,20,0.03,3,0.03,REFERENCE_A,synthetic-a,20,1,0,5,2000,s,V,N,0.022,0.36812455268467814,0.05584327744713808
nexah-hz-fz-measurement/0.1.0,HZ_FZ_01,SYNTHETIC_CONFORMANCE_ONLY,Synthetic validator conformance fixture only; not an empirical measurement or capability claim.,SYNTHETIC,SYNTHETIC,SYNTHETIC,SYNTHETIC,0.002,SYNTHETIC,SELF_TEST,0.005,20,0.03,3,0.03,REFERENCE_A,synthetic-a,20,1,0,5,2000,s,V,N,0.0225,0.3090169943749475,-0.0697989934050018
nexah-hz-fz-measurement/0.1.0,HZ_FZ_01,SYNTHETIC_CONFORMANCE_ONLY,Synthetic validator conformance fixture only; not an empirical measurement or capability claim.,SYNTHETIC,SYNTHETIC,SYNTHETIC,SYNTHETIC,0.002,SYNTHETIC,SELF_TEST,0.005,20,0.03,3,0.03,REFERENCE_A,synthetic-a,20,1,0,5,2000,s,V,N,0.023,0.24868988716485482,-0.19516579951829896
nexah-hz-fz-measurement/0.1.0,HZ_FZ_01,SYNTHETIC_CONFORMANCE_ONLY,Synthetic validator conformance fixture only; not an empirical measurement or capability claim.,SYNTHETIC,SYNTHETIC,SYNTHETIC,SYNTHETIC,0.002,SYNTHETIC,SELF_TEST,0.005,20,0.03,3,0.03,REFERENCE_A,synthetic-a,20,1,0,5,2000,s,V,N,0.0235,0.18738131458572457,-0.3197623753836699
nexah-hz-fz-measurement/0.1.0,HZ_FZ_01,SYNTHETIC_CONFORMANCE_ONLY,Synthetic validator conformance fixture only; not an empirical measurement or capability claim.,SYNTHETIC,SYNTHETIC,SYNTHETIC,SYNTHETIC,0.002,SYNTHETIC,SELF_TEST,0.005,20,0.03,3,0.03,REFERENCE_A,synthetic-a,20,1,0,5,2000,s,V,N,0.024,0.1253332335643041,-0.443096995238935
nexah-hz-fz-measurement/0.1.0,HZ_FZ_01,SYNTHETIC_CONFORMANCE_ONLY,Synthetic validator conformance fixture only; not an empirical measurement or capability claim.,SYNTHETIC,SYNTHETIC,SYNTHETIC,SYNTHETIC,0.002,SYNTHETIC,SELF_TEST,0.005,20,0.03,3,0.03,REFERENCE_A,synthetic-a,20,1,0,5,2000,s,V,N,0.0245,0.06279051952931358,-0.5646829136857526
nexah-hz-fz-measurement/0.1.0,HZ_FZ_01,SYNTHETIC_CONFORMANCE_ONLY,Synthetic validator conformance fixture only; not an empirical measurement or capability claim.,SYNTHETIC,SYNTHETIC,SYNTHETIC,SYNTHETIC,0.002,SYNTHETIC,SELF_TEST,0.005,20,0.03,3,0.03,REFERENCE_A,synthetic-a,20,1,0,5,2000,s,V,N,0.025,1.2246467991473532e-16,-0.6840402866513373
nexah-hz-fz-measurement/0.1.0,HZ_FZ_01,SYNTHETIC_CONFORMANCE_ONLY,Synthetic validator conformance fixture only; not an empirical measurement or capability claim.,SYNTHETIC,SYNTHETIC,SYNTHETIC,SYNTHETIC,0.002,SYNTHETIC,SELF_TEST,0.005,20,0.03,3,0.03,REFERENCE_A,synthetic-a,20,1,0,5,2000,s,V,N,0.0255,-0.0627905195293129,-0.800698065113789
nexah-hz-fz-measurement/0.1.0,HZ_FZ_01,SYNTHETIC_CONFORMANCE_ONLY,Synthetic validator conformance fixture only; not an empirical measurement or capability claim.,SYNTHETIC,SYNTHETIC,SYNTHETIC,SYNTHETIC,0.002,SYNTHETIC,SELF_TEST,0.005,20,0.03,3,0.03,REFERENCE_A,synthetic-a,20,1,0,5,2000,s,V,N,0.026,-0.12533323356430384,-0.9141958541173877
nexah-hz-fz-measurement/0.1.0,HZ_FZ_01,SYNTHETIC_CONFORMANCE_ONLY,Synthetic validator conformance fixture only; not an empirical measurement or capability claim.,SYNTHETIC,SYNTHETIC,SYNTHETIC,SYNTHETIC,0.002,SYNTHETIC,SELF_TEST,0.005,20,0.03,3,0.03,REFERENCE_A,synthetic-a,20,1,0,5,2000,s,V,N,0.0265,-0.18738131458572432,-1.0240857297411425
nexah-hz-fz-measurement/0.1.0,HZ_FZ_01,SYNTHETIC_CONFORMANCE_ONLY,Synthetic validator conformance fixture only; not an empirical measurement or capability claim.,SYNTHETIC,SYNTHETIC,SYNTHETIC,SYNTHETIC,0.002,SYNTHETIC,SELF_TEST,0.005,20,0.03,3,0.03,REFERENCE_A,synthetic-a,20,1,0,5,2000,s,V,N,0.027,-0.24868988716485457,-1.1299340068498755
nexah-hz-fz-measurement/0.1.0,HZ_FZ_01,SYNTHETIC_CONFORMANCE_ONLY,Synthetic validator conformance fixture only; not an empirical measurement or capability claim.,SYNTHETIC,SYNTHETIC,SYNTHETIC,SYNTHETIC,0.002,SYNTHETIC,SELF_TEST,0.005,20,0.03,3,0.03,REFERENCE_A,synthetic-a,20,1,0,5,2000,s,V,N,0.0275,-0.3090169943749473,-1.2313229506513164
nexah-hz-fz-measurement/0.1.0,HZ_FZ_01,SYNTHETIC_CONFORMANCE_ONLY,Synthetic validator conformance fixture only; not an empirical measurement or capability claim.,SYNTHETIC,SYNTHETIC,SYNTHETIC,SYNTHETIC,0.002,SYNTHETIC,SELF_TEST,0.005,20,0.03,3,0.03,REFERENCE_A,synthetic-a,20,1,0,5,2000,s,V,N,0.028,-0.3681245526846779,-1.3278524253044832
nexah-hz-fz-measurement/0.1.0,HZ_FZ_01,SYNTHETIC_CONFORMANCE_ONLY,Synthetic validator conformance fixture only; not an empirical measurement or capability claim.,SYNTHETIC,SYNTHETIC,SYNTHETIC,SYNTHETIC,0.002,SYNTHETIC,SELF_TEST,0.005,20,0.03,3,0.03,REFERENCE_A,synthetic-a,20,1,0,5,2000,s,V,N,0.0285,-0.42577929156507266,-1.4191414730730418
nexah-hz-fz-measurement/0.1.0,HZ_FZ_01,SYNTHETIC_CONFORMANCE_ONLY,Synthetic validator conformance fixture only; not an empirical measurement or capability claim.,SYNTHETIC,SYNTHETIC,SYNTHETIC,SYNTHETIC,0.002,SYNTHETIC,SELF_TEST,0.005,20,0.03,3,0.03,REFERENCE_A,synthetic-a,20,1,0,5,2000,s,V,N,0.029,-0.4817536741017154,-1.504829817791449
nexah-hz-fz-measurement/0.1.0,HZ_FZ_01,SYNTHETIC_CONFORMANCE_ONLY,Synthetic validator conformance fixture only; not an empirical measurement or capability claim.,SYNTHETIC,SYNTHETIC,SYNTHETIC,SYNTHETIC,0.002,SYNTHETIC,SELF_TEST,0.005,20,0.03,3,0.03,REFERENCE_A,synthetic-a,20,1,0,5,2000,s,V,N,0.0295,-0.5358267949789964,-1.5845792867103812
nexah-hz-fz-measurement/0.1.0,HZ_FZ_01,SYNTHETIC_CONFORMANCE_ONLY,Synthetic validator conformance fixture only; not an empirical measurement or capability claim.,SYNTHETIC,SYNTHETIC,SYNTHETIC,SYNTHETIC,0.002,SYNTHETIC,SELF_TEST,0.005,20,0.03,3,0.03,REFERENCE_A,synthetic-a,20,1,0,5,2000,s,V,N,0.03,-0.587785252292473,-1.6580751451100828
nexah-hz-fz-measurement/0.1.0,HZ_FZ_01,SYNTHETIC_CONFORMANCE_ONLY,Synthetic validator conformance fixture only; not an empirical measurement or capability claim.,SYNTHETIC,SYNTHETIC,SYNTHETIC,SYNTHETIC,0.002,SYNTHETIC,SELF_TEST,0.005,20,0.03,3,0.03,REFERENCE_A,synthetic-a,20,1,0,5,2000,s,V,N,0.0305,-0.6374239897486896,-1.725027338414515
nexah-hz-fz-measurement/0.1.0,HZ_FZ_01,SYNTHETIC_CONFORMANCE_ONLY,Synthetic validator conformance fixture only; not an empirical measurement or capability claim.,SYNTHETIC,SYNTHETIC,SYNTHETIC,SYNTHETIC,0.002,SYNTHETIC,SELF_TEST,0.005,20,0.03,3,0.03,REFERENCE_A,synthetic-a,20,1,0,5,2000,s,V,N,0.031,-0.6845471059286887,-1.7851716369042507
nexah-hz-fz-measurement/0.1.0,HZ_FZ_01,SYNTHETIC_CONFORMANCE_ONLY,Synthetic validator conformance fixture only; not an empirical measurement or capability claim.,SYNTHETIC,SYNTHETIC,SYNTHETIC,SYNTHETIC,0.002,SYNTHETIC,SELF_TEST,0.005,20,0.03,3,0.03,REFERENCE_A,synthetic-a,20,1,0,5,2000,s,V,N,0.0315,-0.7289686274214113,-1.8382706785104683
nexah-hz-fz-measurement/0.1.0,HZ_FZ_01,SYNTHETIC_CONFORMANCE_ONLY,Synthetic validator conformance fixture only; not an empirical measurement or capability claim.,SYNTHETIC,SYNTHETIC,SYNTHETIC,SYNTHETIC,0.002,SYNTHETIC,SELF_TEST,0.005,20,0.03,3,0.03,REFERENCE_A,synthetic-a,20,1,0,5,2000,s,V,N,0.032,-0.7705132427757894,-1.8841149055745934
nexah-hz-fz-measurement/0.1.0,HZ_FZ_01,SYNTHETIC_CONFORMANCE_ONLY,Synthetic validator conformance fixture only; not an empirical measurement or capability claim.,SYNTHETIC,SYNTHETIC,SYNTHETIC,SYNTHETIC,0.002,SYNTHETIC,SELF_TEST,0.005,20,0.03,3,0.03,REFERENCE_A,synthetic-a,20,1,0,5,2000,s,V,N,0.0325,-0.8090169943749473,-1.9225233918766373
nexah-hz-fz-measurement/0.1.0,HZ_FZ_01,SYNTHETIC_CONFORMANCE_ONLY,Synthetic validator conformance fixture only; not an empirical measurement or capability claim.,SYNTHETIC,SYNTHETIC,SYNTHETIC,SYNTHETIC,0.002,SYNTHETIC,SELF_TEST,0.005,20,0.03,3,0.03,REFERENCE_A,synthetic-a,20,1,0,5,2000,s,V,N,0.033,-0.8443279255020153,-1.9533445566683358
nexah-hz-fz-measurement/0.1.0,HZ_FZ_01,SYNTHETIC_CONFORMANCE_ONLY,Synthetic validator conformance fixture only; not an empirical measurement or capability claim.,SYNTHETIC,SYNTHETIC,SYNTHETIC,SYNTHETIC,0.002,SYNTHETIC,SELF_TEST,0.005,20,0.03,3,0.03,REFERENCE_A,synthetic-a,20,1,0,5,2000,s,V,N,0.0335,-0.8763066800438636,-1.9764567628931056
nexah-hz-fz-measurement/0.1.0,HZ_FZ_01,SYNTHETIC_CONFORMANCE_ONLY,Synthetic validator conformance fixture only; not an empirical measurement or capability claim.,SYNTHETIC,SYNTHETIC,SYNTHETIC,SYNTHETIC,0.002,SYNTHETIC,SELF_TEST,0.005,20,0.03,3,0.03,REFERENCE_A,synthetic-a,20,1,0,5,2000,s,V,N,0.034,-0.9048270524660198,-1.9917687972319407
nexah-hz-fz-measurement/0.1.0,HZ_FZ_01,SYNTHETIC_CONFORMANCE_ONLY,Synthetic validator conformance fixture only; not an empirical measurement or capability claim.,SYNTHETIC,SYNTHETIC,SYNTHETIC,SYNTHETIC,0.002,SYNTHETIC,SELF_TEST,0.005,20,0.03,3,0.03,REFERENCE_A,synthetic-a,20,1,0,5,2000,s,V,N,0.0345,-0.9297764858882515,-1.9992202300807087
nexah-hz-fz-measurement/0.1.0,HZ_FZ_01,SYNTHETIC_CONFORMANCE_ONLY,Synthetic validator conformance fixture only; not an empirical measurement or capability claim.,SYNTHETIC,SYNTHETIC,SYNTHETIC,SYNTHETIC,0.002,SYNTHETIC,SELF_TEST,0.005,20,0.03,3,0.03,REFERENCE_A,synthetic-a,20,1,0,5,2000,s,V,N,0.035,-0.9510565162951535,-1.9987816540381915
nexah-hz-fz-measurement/0.1.0,HZ_FZ_01,SYNTHETIC_CONFORMANCE_ONLY,Synthetic validator conformance fixture only; not an empirical measurement or capability claim.,SYNTHETIC,SYNTHETIC,SYNTHETIC,SYNTHETIC,0.002,SYNTHETIC,SELF_TEST,0.005,20,0.03,3,0.03,REFERENCE_A,synthetic-a,20,1,0,5,2000,s,V,N,0.0355,-0.968583161128631,-1.9904547999636626
nexah-hz-fz-measurement/0.1.0,HZ_FZ_01,SYNTHETIC_CONFORMANCE_ONLY,Synthetic validator conformance fixture only; not an empirical measurement or capability claim.,SYNTHETIC,SYNTHETIC,SYNTHETIC,SYNTHETIC,0.002,SYNTHETIC,SELF_TEST,0.005,20,0.03,3,0.03,REFERENCE_A,synthetic-a,20,1,0,5,2000,s,V,N,0.036,-0.9822872507286885,-1.9742725301459763
nexah-hz-fz-measurement/0.1.0,HZ_FZ_01,SYNTHETIC_CONFORMANCE_ONLY,Synthetic validator conformance fixture only; not an empirical measurement or capability claim.,SYNTHETIC,SYNTHETIC,SYNTHETIC,SYNTHETIC,0.002,SYNTHETIC,SELF_TEST,0.005,20,0.03,3,0.03,REFERENCE_A,synthetic-a,20,1,0,5,2000,s,V,N,0.0365,-0.9921147013144778,-1.9502987086111268
nexah-hz-fz-measurement/0.1.0,HZ_FZ_01,SYNTHETIC_CONFORMANCE_ONLY,Synthetic validator conformance fixture only; not an empirical measurement or capability claim.,SYNTHETIC,SYNTHETIC,SYNTHETIC,SYNTHETIC,0.002,SYNTHETIC,SELF_TEST,0.005,20,0.03,3,0.03,REFERENCE_A,synthetic-a,20,1,0,5,2000,s,V,N,0.037,-0.9980267284282716,-1.9186279490801157
nexah-hz-fz-measurement/0.1.0,HZ_FZ_01,SYNTHETIC_CONFORMANCE_ONLY,Synthetic validator conformance fixture only; not an empirical measurement or capability claim.,SYNTHETIC,SYNTHETIC,SYNTHETIC,SYNTHETIC,0.002,SYNTHETIC,SELF_TEST,0.005,20,0.03,3,0.03,REFERENCE_A,synthetic-a,20,1,0,5,2000,s,V,N,0.0375,-1,-1.879385241571817
nexah-hz-fz-measurement/0.1.0,HZ_FZ_01,SYNTHETIC_CONFORMANCE_ONLY,Synthetic validator conformance fixture only; not an empirical measurement or capability claim.,SYNTHETIC,SYNTHETIC,SYNTHETIC,SYNTHETIC,0.002,SYNTHETIC,SELF_TEST,0.005,20,0.03,3,0.03,REFERENCE_A,synthetic-a,20,1,0,5,2000,s,V,N,0.038,-0.9980267284282716,-1.83272545912448
nexah-hz-fz-measurement/0.1.0,HZ_FZ_01,SYNTHETIC_CONFORMANCE_ONLY,Synthetic validator conformance fixture only; not an empirical measurement or capability claim.,SYNTHETIC,SYNTHETIC,SYNTHETIC,SYNTHETIC,0.002,SYNTHETIC,SELF_TEST,0.005,20,0.03,3,0.03,REFERENCE_A,synthetic-a,20,1,0,5,2000,s,V,N,0.0385,-0.9921147013144779,-1.7788327465825955
nexah-hz-fz-measurement/0.1.0,HZ_FZ_01,SYNTHETIC_CONFORMANCE_ONLY,Synthetic validator conformance fixture only; not an empirical measurement or capability claim.,SYNTHETIC,SYNTHETIC,SYNTHETIC,SYNTHETIC,0.002,SYNTHETIC,SELF_TEST,0.005,20,0.03,3,0.03,REFERENCE_A,synthetic-a,20,1,0,5,2000,s,V,N,0.039,-0.9822872507286887,-1.7179197938613295
nexah-hz-fz-measurement/0.1.0,HZ_FZ_01,SYNTHETIC_CONFORMANCE_ONLY,Synthetic validator conformance fixture only; not an empirical measurement or capability claim.,SYNTHETIC,SYNTHETIC,SYNTHETIC,SYNTHETIC,0.002,SYNTHETIC,SELF_TEST,0.005,20,0.03,3,0.03,REFERENCE_A,synthetic-a,20,1,0,5,2000,s,V,N,0.0395,-0.9685831611286311,-1.6502269965565906
nexah-hz-fz-measurement/0.1.0,HZ_FZ_01,SYNTHETIC_CONFORMANCE_ONLY,Synthetic validator conformance fixture only; not an empirical measurement or capability claim.,SYNTHETIC,SYNTHETIC,SYNTHETIC,SYNTHETIC,0.002,SYNTHETIC,SELF_TEST,0.005,20,0.03,3,0.03,REFERENCE_A,synthetic-a,20,1,0,5,2000,s,V,N,0.04,-0.9510565162951536,-1.5760215072134447
nexah-hz-fz-measurement/0.1.0,HZ_FZ_01,SYNTHETIC_CONFORMANCE_ONLY,Synthetic validator conformance fixture only; not an empirical measurement or capability claim.,SYNTHETIC,SYNTHETIC,SYNTHETIC,SYNTHETIC,0.002,SYNTHETIC,SELF_TEST,0.005,20,0.03,3,0.03,REFERENCE_A,synthetic-a,20,1,0,5,2000,s,V,N,0.0405,-0.9297764858882512,-1.495596180997064
nexah-hz-fz-measurement/0.1.0,HZ_FZ_01,SYNTHETIC_CONFORMANCE_ONLY,Synthetic validator conformance fixture only; not an empirical measurement or capability claim.,SYNTHETIC,SYNTHETIC,SYNTHETIC,SYNTHETIC,0.002,SYNTHETIC,SELF_TEST,0.005,20,0.03,3,0.03,REFERENCE_A,synthetic-a,20,1,0,5,2000,s,V,N,0.041,-0.9048270524660196,-1.4092684199271899
nexah-hz-fz-measurement/0.1.0,HZ_FZ_01,SYNTHETIC_CONFORMANCE_ONLY,Synthetic validator conformance fixture only; not an empirical measurement or capability claim.,SYNTHETIC,SYNTHETIC,SYNTHETIC,SYNTHETIC,0.002,SYNTHETIC,SELF_TEST,0.005,20,0.03,3,0.03,REFERENCE_A,synthetic-a,20,1,0,5,2000,s,V,N,0.0415,-0.8763066800438634,-1.317378920237361
nexah-hz-fz-measurement/0.1.0,HZ_FZ_01,SYNTHETIC_CONFORMANCE_ONLY,Synthetic validator conformance fixture only; not an empirical measurement or capability claim.,SYNTHETIC,SYNTHETIC,SYNTHETIC,SYNTHETIC,0.002,SYNTHETIC,SELF_TEST,0.005,20,0.03,3,0.03,REFERENCE_A,synthetic-a,20,1,0,5,2000,s,V,N,0.042,-0.844327925502015,-1.2202903278025357
nexah-hz-fz-measurement/0.1.0,HZ_FZ_01,SYNTHETIC_CONFORMANCE_ONLY,Synthetic validator conformance fixture only; not an empirical measurement or capability claim.,SYNTHETIC,SYNTHETIC,SYNTHETIC,SYNTHETIC,0.002,SYNTHETIC,SELF_TEST,0.005,20,0.03,3,0.03,REFERENCE_A,synthetic-a,20,1,0,5,2000,s,V,N,0.0425,-0.8090169943749476,-1.1183858069414947
nexah-hz-fz-measurement/0.1.0,HZ_FZ_01,SYNTHETIC_CONFORMANCE_ONLY,Synthetic validator conformance fixture only; not an empirical measurement or capability claim.,SYNTHETIC,SYNTHETIC,SYNTHETIC,SYNTHETIC,0.002,SYNTHETIC,SELF_TEST,0.005,20,0.03,3,0.03,REFERENCE_A,synthetic-a,20,1,0,5,2000,s,V,N,0.043,-0.7705132427757896,-1.0120675282423293
nexah-hz-fz-measurement/0.1.0,HZ_FZ_01,SYNTHETIC_CONFORMANCE_ONLY,Synthetic validator conformance fixture only; not an empirical measurement or capability claim.,SYNTHETIC,SYNTHETIC,SYNTHETIC,SYNTHETIC,0.002,SYNTHETIC,SELF_TEST,0.005,20,0.03,3,0.03,REFERENCE_A,synthetic-a,20,1,0,5,2000,s,V,N,0.0435,-0.7289686274214121,-0.901755081378864
nexah-hz-fz-measurement/0.1.0,HZ_FZ_01,SYNTHETIC_CONFORMANCE_ONLY,Synthetic validator conformance fixture only; not an empirical measurement or capability claim.,SYNTHETIC,SYNTHETIC,SYNTHETIC,SYNTHETIC,0.002,SYNTHETIC,SELF_TEST,0.005,20,0.03,3,0.03,REFERENCE_A,synthetic-a,20,1,0,5,2000,s,V,N,0.044,-0.684547105928689,-0.7878838191819038
nexah-hz-fz-measurement/0.1.0,HZ_FZ_01,SYNTHETIC_CONFORMANCE_ONLY,Synthetic validator conformance fixture only; not an empirical measurement or capability claim.,SYNTHETIC,SYNTHETIC,SYNTHETIC,SYNTHETIC,0.002,SYNTHETIC,SELF_TEST,0.005,20,0.03,3,0.03,REFERENCE_A,synthetic-a,20,1,0,5,2000,s,V,N,0.0445,-0.6374239897486903,-0.6709031395005122
nexah-hz-fz-measurement/0.1.0,HZ_FZ_01,SYNTHETIC_CONFORMANCE_ONLY,Synthetic validator conformance fixture only; not an empirical measurement or capability claim.,SYNTHETIC,SYNTHETIC,SYNTHETIC,SYNTHETIC,0.002,SYNTHETIC,SELF_TEST,0.005,20,0.03,3,0.03,REFERENCE_A,synthetic-a,20,1,0,5,2000,s,V,N,0.045,-0.5877852522924734,-0.5512747116339995
nexah-hz-fz-measurement/0.1.0,HZ_FZ_01,SYNTHETIC_CONFORMANCE_ONLY,Synthetic validator conformance fixture only; not an empirical measurement or capability claim.,SYNTHETIC,SYNTHETIC,SYNTHETIC,SYNTHETIC,0.002,SYNTHETIC,SELF_TEST,0.005,20,0.03,3,0.03,REFERENCE_A,synthetic-a,20,1,0,5,2000,s,V,N,0.0455,-0.5358267949789971,-0.42947065433412834
nexah-hz-fz-measurement/0.1.0,HZ_FZ_01,SYNTHETIC_CONFORMANCE_ONLY,Synthetic validator conformance fixture only; not an empirical measurement or capability claim.,SYNTHETIC,SYNTHETIC,SYNTHETIC,SYNTHETIC,0.002,SYNTHETIC,SELF_TEST,0.005,20,0.03,3,0.03,REFERENCE_A,synthetic-a,20,1,0,5,2000,s,V,N,0.046,-0.4817536741017153,-0.30597167256807706
nexah-hz-fz-measurement/0.1.0,HZ_FZ_01,SYNTHETIC_CONFORMANCE_ONLY,Synthetic validator conformance fixture only; not an empirical measurement or capability claim.,SYNTHETIC,SYNTHETIC,SYNTHETIC,SYNTHETIC,0.002,SYNTHETIC,SELF_TEST,0.005,20,0.03,3,0.03,REFERENCE_A,synthetic-a,20,1,0,5,2000,s,V,N,0.0465,-0.425779291565073,-0.18126516039556193
nexah-hz-fz-measurement/0.1.0,HZ_FZ_01,SYNTHETIC_CONFORMANCE_ONLY,Synthetic validator conformance fixture only; not an empirical measurement or capability claim.,SYNTHETIC,SYNTHETIC,SYNTHETIC,SYNTHETIC,0.002,SYNTHETIC,SELF_TEST,0.005,20,0.03,3,0.03,REFERENCE_A,synthetic-a,20,1,0,5,2000,s,V,N,0.047,-0.36812455268467786,-0.05584327744713833
nexah-hz-fz-measurement/0.1.0,HZ_FZ_01,SYNTHETIC_CONFORMANCE_ONLY,Synthetic validator conformance fixture only; not an empirical measurement or capability claim.,SYNTHETIC,SYNTHETIC,SYNTHETIC,SYNTHETIC,0.002,SYNTHETIC,SELF_TEST,0.005,20,0.03,3,0.03,REFERENCE_A,synthetic-a,20,1,0,5,2000,s,V,N,0.0475,-0.3090169943749476,0.06979899340500066
nexah-hz-fz-measurement/0.1.0,HZ_FZ_01,SYNTHETIC_CONFORMANCE_ONLY,Synthetic validator conformance fixture only; not an empirical measurement or capability claim.,SYNTHETIC,SYNTHETIC,SYNTHETIC,SYNTHETIC,0.002,SYNTHETIC,SELF_TEST,0.005,20,0.03,3,0.03,REFERENCE_A,synthetic-a,20,1,0,5,2000,s,V,N,0.048,-0.2486898871648545,0.19516579951829874
nexah-hz-fz-measurement/0.1.0,HZ_FZ_01,SYNTHETIC_CONFORMANCE_ONLY,Synthetic validator conformance fixture only; not an empirical measurement or capability claim.,SYNTHETIC,SYNTHETIC,SYNTHETIC,SYNTHETIC,0.002,SYNTHETIC,SELF_TEST,0.005,20,0.03,3,0.03,REFERENCE_A,synthetic-a,20,1,0,5,2000,s,V,N,0.0485,-0.18738131458572468,0.3197623753836688
nexah-hz-fz-measurement/0.1.0,HZ_FZ_01,SYNTHETIC_CONFORMANCE_ONLY,Synthetic validator conformance fixture only; not an empirical measurement or capability claim.,SYNTHETIC,SYNTHETIC,SYNTHETIC,SYNTHETIC,0.002,SYNTHETIC,SELF_TEST,0.005,20,0.03,3,0.03,REFERENCE_A,synthetic-a,20,1,0,5,2000,s,V,N,0.049,-0.12533323356430465,0.443096995238933
nexah-hz-fz-measurement/0.1.0,HZ_FZ_01,SYNTHETIC_CONFORMANCE_ONLY,Synthetic validator conformance fixture only; not an empirical measurement or capability claim.,SYNTHETIC,SYNTHETIC,SYNTHETIC,SYNTHETIC,0.002,SYNTHETIC,SELF_TEST,0.005,20,0.03,3,0.03,REFERENCE_A,synthetic-a,20,1,0,5,2000,s,V,N,0.0495,-0.06279051952931326,0.5646829136857523
nexah-hz-fz-measurement/0.1.0,HZ_FZ_01,SYNTHETIC_CONFORMANCE_ONLY,Synthetic validator conformance fixture only; not an empirical measurement or capability claim.,SYNTHETIC,SYNTHETIC,SYNTHETIC,SYNTHETIC,0.002,SYNTHETIC,SELF_TEST,0.005,20,0.03,3,0.03,REFERENCE_A,synthetic-a,20,1,0,5,2000,s,V,N,0.05,-2.4492935982947064e-16,0.6840402866513362
nexah-hz-fz-measurement/0.1.0,HZ_FZ_01,SYNTHETIC_CONFORMANCE_ONLY,Synthetic validator conformance fixture only; not an empirical measurement or capability claim.,SYNTHETIC,SYNTHETIC,SYNTHETIC,SYNTHETIC,0.002,SYNTHETIC,SELF_TEST,0.005,20,0.03,3,0.03,REFERENCE_A,synthetic-a,20,1,0,5,2000,s,V,N,0.0505,0.06279051952931367,0.8006980651137897
nexah-hz-fz-measurement/0.1.0,HZ_FZ_01,SYNTHETIC_CONFORMANCE_ONLY,Synthetic validator conformance fixture only; not an empirical measurement or capability claim.,SYNTHETIC,SYNTHETIC,SYNTHETIC,SYNTHETIC,0.002,SYNTHETIC,SELF_TEST,0.005,20,0.03,3,0.03,REFERENCE_A,synthetic-a,20,1,0,5,2000,s,V,N,0.051,0.1253332335643033,0.9141958541173859
nexah-hz-fz-measurement/0.1.0,HZ_FZ_01,SYNTHETIC_CONFORMANCE_ONLY,Synthetic validator conformance fixture only; not an empirical measurement or capability claim.,SYNTHETIC,SYNTHETIC,SYNTHETIC,SYNTHETIC,0.002,SYNTHETIC,SELF_TEST,0.005,20,0.03,3,0.03,REFERENCE_A,synthetic-a,20,1,0,5,2000,s,V,N,0.0515,0.1873813145857242,1.0240857297411416
nexah-hz-fz-measurement/0.1.0,HZ_FZ_01,SYNTHETIC_CONFORMANCE_ONLY,Synthetic validator conformance fixture only; not an empirical measurement or capability claim.,SYNTHETIC,SYNTHETIC,SYNTHETIC,SYNTHETIC,0.002,SYNTHETIC,SELF_TEST,0.005,20,0.03,3,0.03,REFERENCE_A,synthetic-a,20,1,0,5,2000,s,V,N,0.052,0.24868988716485402,1.129934006849874
nexah-hz-fz-measurement/0.1.0,HZ_FZ_01,SYNTHETIC_CONFORMANCE_ONLY,Synthetic validator conformance fixture only; not an empirical measurement or capability claim.,SYNTHETIC,SYNTHETIC,SYNTHETIC,SYNTHETIC,0.002,SYNTHETIC,SELF_TEST,0.005,20,0.03,3,0.03,REFERENCE_A,synthetic-a,20,1,0,5,2000,s,V,N,0.0525,0.3090169943749472,1.2313229506513155
nexah-hz-fz-measurement/0.1.0,HZ_FZ_01,SYNTHETIC_CONFORMANCE_ONLY,Synthetic validator conformance fixture only; not an empirical measurement or capability claim.,SYNTHETIC,SYNTHETIC,SYNTHETIC,SYNTHETIC,0.002,SYNTHETIC,SELF_TEST,0.005,20,0.03,3,0.03,REFERENCE_A,synthetic-a,20,1,0,5,2000,s,V,N,0.053,0.36812455268467736,1.3278524253044817
nexah-hz-fz-measurement/0.1.0,HZ_FZ_01,SYNTHETIC_CONFORMANCE_ONLY,Synthetic validator conformance fixture only; not an empirical measurement or capability claim.,SYNTHETIC,SYNTHETIC,SYNTHETIC,SYNTHETIC,0.002,SYNTHETIC,SELF_TEST,0.005,20,0.03,3,0.03,REFERENCE_A,synthetic-a,20,1,0,5,2000,s,V,N,0.0535,0.42577929156507255,1.4191414730730412
nexah-hz-fz-measurement/0.1.0,HZ_FZ_01,SYNTHETIC_CONFORMANCE_ONLY,Synthetic validator conformance fixture only; not an empirical measurement or capability claim.,SYNTHETIC,SYNTHETIC,SYNTHETIC,SYNTHETIC,0.002,SYNTHETIC,SELF_TEST,0.005,20,0.03,3,0.03,REFERENCE_A,synthetic-a,20,1,0,5,2000,s,V,N,0.054,0.4817536741017149,1.5048298177914476
nexah-hz-fz-measurement/0.1.0,HZ_FZ_01,SYNTHETIC_CONFORMANCE_ONLY,Synthetic validator conformance fixture only; not an empirical measurement or capability claim.,SYNTHETIC,SYNTHETIC,SYNTHETIC,SYNTHETIC,0.002,SYNTHETIC,SELF_TEST,0.005,20,0.03,3,0.03,REFERENCE_A,synthetic-a,20,1,0,5,2000,s,V,N,0.0545,0.5358267949789967,1.584579286710381
nexah-hz-fz-measurement/0.1.0,HZ_FZ_01,SYNTHETIC_CONFORMANCE_ONLY,Synthetic validator conformance fixture only; not an empirical measurement or capability claim.,SYNTHETIC,SYNTHETIC,SYNTHETIC,SYNTHETIC,0.002,SYNTHETIC,SELF_TEST,0.005,20,0.03,3,0.03,REFERENCE_A,synthetic-a,20,1,0,5,2000,s,V,N,0.055,0.5877852522924729,1.6580751451100826
nexah-hz-fz-measurement/0.1.0,HZ_FZ_01,SYNTHETIC_CONFORMANCE_ONLY,Synthetic validator conformance fixture only; not an empirical measurement or capability claim.,SYNTHETIC,SYNTHETIC,SYNTHETIC,SYNTHETIC,0.002,SYNTHETIC,SELF_TEST,0.005,20,0.03,3,0.03,REFERENCE_A,synthetic-a,20,1,0,5,2000,s,V,N,0.0555,0.63742398974869,1.7250273384145147
nexah-hz-fz-measurement/0.1.0,HZ_FZ_01,SYNTHETIC_CONFORMANCE_ONLY,Synthetic validator conformance fixture only; not an empirical measurement or capability claim.,SYNTHETIC,SYNTHETIC,SYNTHETIC,SYNTHETIC,0.002,SYNTHETIC,SELF_TEST,0.005,20,0.03,3,0.03,REFERENCE_A,synthetic-a,20,1,0,5,2000,s,V,N,0.056,0.6845471059286886,1.7851716369042505
nexah-hz-fz-measurement/0.1.0,HZ_FZ_01,SYNTHETIC_CONFORMANCE_ONLY,Synthetic validator conformance fixture only; not an empirical measurement or capability claim.,SYNTHETIC,SYNTHETIC,SYNTHETIC,SYNTHETIC,0.002,SYNTHETIC,SELF_TEST,0.005,20,0.03,3,0.03,REFERENCE_A,synthetic-a,20,1,0,5,2000,s,V,N,0.0565,0.7289686274214112,1.838270678510468
nexah-hz-fz-measurement/0.1.0,HZ_FZ_01,SYNTHETIC_CONFORMANCE_ONLY,Synthetic validator conformance fixture only; not an empirical measurement or capability claim.,SYNTHETIC,SYNTHETIC,SYNTHETIC,SYNTHETIC,0.002,SYNTHETIC,SELF_TEST,0.005,20,0.03,3,0.03,REFERENCE_A,synthetic-a,20,1,0,5,2000,s,V,N,0.057,0.7705132427757893,1.8841149055745932
nexah-hz-fz-measurement/0.1.0,HZ_FZ_01,SYNTHETIC_CONFORMANCE_ONLY,Synthetic validator conformance fixture only; not an empirical measurement or capability claim.,SYNTHETIC,SYNTHETIC,SYNTHETIC,SYNTHETIC,0.002,SYNTHETIC,SELF_TEST,0.005,20,0.03,3,0.03,REFERENCE_A,synthetic-a,20,1,0,5,2000,s,V,N,0.0575,0.8090169943749472,1.9225233918766373
nexah-hz-fz-measurement/0.1.0,HZ_FZ_01,SYNTHETIC_CONFORMANCE_ONLY,Synthetic validator conformance fixture only; not an empirical measurement or capability claim.,SYNTHETIC,SYNTHETIC,SYNTHETIC,SYNTHETIC,0.002,SYNTHETIC,SELF_TEST,0.005,20,0.03,3,0.03,REFERENCE_A,synthetic-a,20,1,0,5,2000,s,V,N,0.058,0.8443279255020152,1.9533445566683358
nexah-hz-fz-measurement/0.1.0,HZ_FZ_01,SYNTHETIC_CONFORMANCE_ONLY,Synthetic validator conformance fixture only; not an empirical measurement or capability claim.,SYNTHETIC,SYNTHETIC,SYNTHETIC,SYNTHETIC,0.002,SYNTHETIC,SELF_TEST,0.005,20,0.03,3,0.03,REFERENCE_A,synthetic-a,20,1,0,5,2000,s,V,N,0.0585,0.8763066800438636,1.9764567628931056
nexah-hz-fz-measurement/0.1.0,HZ_FZ_01,SYNTHETIC_CONFORMANCE_ONLY,Synthetic validator conformance fixture only; not an empirical measurement or capability claim.,SYNTHETIC,SYNTHETIC,SYNTHETIC,SYNTHETIC,0.002,SYNTHETIC,SELF_TEST,0.005,20,0.03,3,0.03,REFERENCE_A,synthetic-a,20,1,0,5,2000,s,V,N,0.059,0.9048270524660194,1.9917687972319407
nexah-hz-fz-measurement/0.1.0,HZ_FZ_01,SYNTHETIC_CONFORMANCE_ONLY,Synthetic validator conformance fixture only; not an empirical measurement or capability claim.,SYNTHETIC,SYNTHETIC,SYNTHETIC,SYNTHETIC,0.002,SYNTHETIC,SELF_TEST,0.005,20,0.03,3,0.03,REFERENCE_A,synthetic-a,20,1,0,5,2000,s,V,N,0.0595,0.9297764858882511,1.9992202300807087
nexah-hz-fz-measurement/0.1.0,HZ_FZ_01,SYNTHETIC_CONFORMANCE_ONLY,Synthetic validator conformance fixture only; not an empirical measurement or capability claim.,SYNTHETIC,SYNTHETIC,SYNTHETIC,SYNTHETIC,0.002,SYNTHETIC,SELF_TEST,0.005,20,0.03,3,0.03,REFERENCE_A,synthetic-a,20,1,0,5,2000,s,V,N,0.06,0.9510565162951535,1.9987816540381915
nexah-hz-fz-measurement/0.1.0,HZ_FZ_01,SYNTHETIC_CONFORMANCE_ONLY,Synthetic validator conformance fixture only; not an empirical measurement or capability claim.,SYNTHETIC,SYNTHETIC,SYNTHETIC,SYNTHETIC,0.002,SYNTHETIC,SELF_TEST,0.005,20,0.03,3,0.03,REFERENCE_A,synthetic-a,20,1,0,5,2000,s,V,N,0.0605,0.968583161128631,1.9904547999636626
nexah-hz-fz-measurement/0.1.0,HZ_FZ_01,SYNTHETIC_CONFORMANCE_ONLY,Synthetic validator conformance fixture only; not an empirical measurement or capability claim.,SYNTHETIC,SYNTHETIC,SYNTHETIC,SYNTHETIC,0.002,SYNTHETIC,SELF_TEST,0.005,20,0.03,3,0.03,REFERENCE_A,synthetic-a,20,1,0,5,2000,s,V,N,0.061,0.9822872507286886,1.9742725301459758
nexah-hz-fz-measurement/0.1.0,HZ_FZ_01,SYNTHETIC_CONFORMANCE_ONLY,Synthetic validator conformance fixture only; not an empirical measurement or capability claim.,SYNTHETIC,SYNTHETIC,SYNTHETIC,SYNTHETIC,0.002,SYNTHETIC,SELF_TEST,0.005,20,0.03,3,0.03,REFERENCE_A,synthetic-a,20,1,0,5,2000,s,V,N,0.0615,0.9921147013144778,1.9502987086111265
nexah-hz-fz-measurement/0.1.0,HZ_FZ_01,SYNTHETIC_CONFORMANCE_ONLY,Synthetic validator conformance fixture only; not an empirical measurement or capability claim.,SYNTHETIC,SYNTHETIC,SYNTHETIC,SYNTHETIC,0.002,SYNTHETIC,SELF_TEST,0.005,20,0.03,3,0.03,REFERENCE_A,synthetic-a,20,1,0,5,2000,s,V,N,0.062,0.9980267284282716,1.9186279490801152
nexah-hz-fz-measurement/0.1.0,HZ_FZ_01,SYNTHETIC_CONFORMANCE_ONLY,Synthetic validator conformance fixture only; not an empirical measurement or capability claim.,SYNTHETIC,SYNTHETIC,SYNTHETIC,SYNTHETIC,0.002,SYNTHETIC,SELF_TEST,0.005,20,0.03,3,0.03,REFERENCE_A,synthetic-a,20,1,0,5,2000,s,V,N,0.0625,1,1.8793852415718173
nexah-hz-fz-measurement/0.1.0,HZ_FZ_01,SYNTHETIC_CONFORMANCE_ONLY,Synthetic validator conformance fixture only; not an empirical measurement or capability claim.,SYNTHETIC,SYNTHETIC,SYNTHETIC,SYNTHETIC,0.002,SYNTHETIC,SELF_TEST,0.005,20,0.03,3,0.03,REFERENCE_A,synthetic-a,20,1,0,5,2000,s,V,N,0.063,0.9980267284282716,1.8327254591244801
nexah-hz-fz-measurement/0.1.0,HZ_FZ_01,SYNTHETIC_CONFORMANCE_ONLY,Synthetic validator conformance fixture only; not an empirical measurement or capability claim.,SYNTHETIC,SYNTHETIC,SYNTHETIC,SYNTHETIC,0.002,SYNTHETIC,SELF_TEST,0.005,20,0.03,3,0.03,REFERENCE_A,synthetic-a,20,1,0,5,2000,s,V,N,0.0635,0.9921147013144779,1.7788327465825948
nexah-hz-fz-measurement/0.1.0,HZ_FZ_01,SYNTHETIC_CONFORMANCE_ONLY,Synthetic validator conformance fixture only; not an empirical measurement or capability claim.,SYNTHETIC,SYNTHETIC,SYNTHETIC,SYNTHETIC,0.002,SYNTHETIC,SELF_TEST,0.005,20,0.03,3,0.03,REFERENCE_A,synthetic-a,20,1,0,5,2000,s,V,N,0.064,0.9822872507286886,1.7179197938613289
nexah-hz-fz-measurement/0.1.0,HZ_FZ_01,SYNTHETIC_CONFORMANCE_ONLY,Synthetic validator conformance fixture only; not an empirical measurement or capability claim.,SYNTHETIC,SYNTHETIC,SYNTHETIC,SYNTHETIC,0.002,SYNTHETIC,SELF_TEST,0.005,20,0.03,3,0.03,REFERENCE_A,synthetic-a,20,1,0,5,2000,s,V,N,0.0645,0.9685831611286311,1.6502269965565908
nexah-hz-fz-measurement/0.1.0,HZ_FZ_01,SYNTHETIC_CONFORMANCE_ONLY,Synthetic validator conformance fixture only; not an empirical measurement or capability claim.,SYNTHETIC,SYNTHETIC,SYNTHETIC,SYNTHETIC,0.002,SYNTHETIC,SELF_TEST,0.005,20,0.03,3,0.03,REFERENCE_A,synthetic-a,20,1,0,5,2000,s,V,N,0.065,0.9510565162951536,1.5760215072134447
nexah-hz-fz-measurement/0.1.0,HZ_FZ_01,SYNTHETIC_CONFORMANCE_ONLY,Synthetic validator conformance fixture only; not an empirical measurement or capability claim.,SYNTHETIC,SYNTHETIC,SYNTHETIC,SYNTHETIC,0.002,SYNTHETIC,SELF_TEST,0.005,20,0.03,3,0.03,REFERENCE_A,synthetic-a,20,1,0,5,2000,s,V,N,0.0655,0.9297764858882517,1.4955961809970653
nexah-hz-fz-measurement/0.1.0,HZ_FZ_01,SYNTHETIC_CONFORMANCE_ONLY,Synthetic validator conformance fixture only; not an empirical measurement or capability claim.,SYNTHETIC,SYNTHETIC,SYNTHETIC,SYNTHETIC,0.002,SYNTHETIC,SELF_TEST,0.005,20,0.03,3,0.03,REFERENCE_A,synthetic-a,20,1,0,5,2000,s,V,N,0.066,0.9048270524660192,1.409268419927189
nexah-hz-fz-measurement/0.1.0,HZ_FZ_01,SYNTHETIC_CONFORMANCE_ONLY,Synthetic validator conformance fixture only; not an empirical measurement or capability claim.,SYNTHETIC,SYNTHETIC,SYNTHETIC,SYNTHETIC,0.002,SYNTHETIC,SELF_TEST,0.005,20,0.03,3,0.03,REFERENCE_A,synthetic-a,20,1,0,5,2000,s,V,N,0.0665,0.8763066800438634,1.3173789202373611
nexah-hz-fz-measurement/0.1.0,HZ_FZ_01,SYNTHETIC_CONFORMANCE_ONLY,Synthetic validator conformance fixture only; not an empirical measurement or capability claim.,SYNTHETIC,SYNTHETIC,SYNTHETIC,SYNTHETIC,0.002,SYNTHETIC,SELF_TEST,0.005,20,0.03,3,0.03,REFERENCE_A,synthetic-a,20,1,0,5,2000,s,V,N,0.067,0.8443279255020151,1.2202903278025359
nexah-hz-fz-measurement/0.1.0,HZ_FZ_01,SYNTHETIC_CONFORMANCE_ONLY,Synthetic validator conformance fixture only; not an empirical measurement or capability claim.,SYNTHETIC,SYNTHETIC,SYNTHETIC,SYNTHETIC,0.002,SYNTHETIC,SELF_TEST,0.005,20,0.03,3,0.03,REFERENCE_A,synthetic-a,20,1,0,5,2000,s,V,N,0.0675,0.8090169943749476,1.118385806941495
nexah-hz-fz-measurement/0.1.0,HZ_FZ_01,SYNTHETIC_CONFORMANCE_ONLY,Synthetic validator conformance fixture only; not an empirical measurement or capability claim.,SYNTHETIC,SYNTHETIC,SYNTHETIC,SYNTHETIC,0.002,SYNTHETIC,SELF_TEST,0.005,20,0.03,3,0.03,REFERENCE_A,synthetic-a,20,1,0,5,2000,s,V,N,0.068,0.7705132427757886,1.0120675282423264
nexah-hz-fz-measurement/0.1.0,HZ_FZ_01,SYNTHETIC_CONFORMANCE_ONLY,Synthetic validator conformance fixture only; not an empirical measurement or capability claim.,SYNTHETIC,SYNTHETIC,SYNTHETIC,SYNTHETIC,0.002,SYNTHETIC,SELF_TEST,0.005,20,0.03,3,0.03,REFERENCE_A,synthetic-a,20,1,0,5,2000,s,V,N,0.0685,0.728968627421411,0.901755081378861
nexah-hz-fz-measurement/0.1.0,HZ_FZ_01,SYNTHETIC_CONFORMANCE_ONLY,Synthetic validator conformance fixture only; not an empirical measurement or capability claim.,SYNTHETIC,SYNTHETIC,SYNTHETIC,SYNTHETIC,0.002,SYNTHETIC,SELF_TEST,0.005,20,0.03,3,0.03,REFERENCE_A,synthetic-a,20,1,0,5,2000,s,V,N,0.069,0.6845471059286884,0.7878838191819023
nexah-hz-fz-measurement/0.1.0,HZ_FZ_01,SYNTHETIC_CONFORMANCE_ONLY,Synthetic validator conformance fixture only; not an empirical measurement or capability claim.,SYNTHETIC,SYNTHETIC,SYNTHETIC,SYNTHETIC,0.002,SYNTHETIC,SELF_TEST,0.005,20,0.03,3,0.03,REFERENCE_A,synthetic-a,20,1,0,5,2000,s,V,N,0.0695,0.6374239897486897,0.6709031395005107
nexah-hz-fz-measurement/0.1.0,HZ_FZ_01,SYNTHETIC_CONFORMANCE_ONLY,Synthetic validator conformance fixture only; not an empirical measurement or capability claim.,SYNTHETIC,SYNTHETIC,SYNTHETIC,SYNTHETIC,0.002,SYNTHETIC,SELF_TEST,0.005,20,0.03,3,0.03,REFERENCE_A,synthetic-a,20,1,0,5,2000,s,V,N,0.07,0.5877852522924734,0.5512747116339998
nexah-hz-fz-measurement/0.1.0,HZ_FZ_01,SYNTHETIC_CONFORMANCE_ONLY,Synthetic validator conformance fixture only; not an empirical measurement or capability claim.,SYNTHETIC,SYNTHETIC,SYNTHETIC,SYNTHETIC,0.002,SYNTHETIC,SELF_TEST,0.005,20,0.03,3,0.03,REFERENCE_A,synthetic-a,20,1,0,5,2000,s,V,N,0.0705,0.5358267949789972,0.42947065433412857
nexah-hz-fz-measurement/0.1.0,HZ_FZ_01,SYNTHETIC_CONFORMANCE_ONLY,Synthetic validator conformance fixture only; not an empirical measurement or capability claim.,SYNTHETIC,SYNTHETIC,SYNTHETIC,SYNTHETIC,0.002,SYNTHETIC,SELF_TEST,0.005,20,0.03,3,0.03,REFERENCE_A,synthetic-a,20,1,0,5,2000,s,V,N,0.071,0.4817536741017162,0.30597167256807906
nexah-hz-fz-measurement/0.1.0,HZ_FZ_01,SYNTHETIC_CONFORMANCE_ONLY,Synthetic validator conformance fixture only; not an empirical measurement or capability claim.,SYNTHETIC,SYNTHETIC,SYNTHETIC,SYNTHETIC,0.002,SYNTHETIC,SELF_TEST,0.005,20,0.03,3,0.03,REFERENCE_A,synthetic-a,20,1,0,5,2000,s,V,N,0.0715,0.42577929156507394,0.18126516039556395
nexah-hz-fz-measurement/0.1.0,HZ_FZ_01,SYNTHETIC_CONFORMANCE_ONLY,Synthetic validator conformance fixture only; not an empirical measurement or capability claim.,SYNTHETIC,SYNTHETIC,SYNTHETIC,SYNTHETIC,0.002,SYNTHETIC,SELF_TEST,0.005,20,0.03,3,0.03,REFERENCE_A,synthetic-a,20,1,0,5,2000,s,V,N,0.072,0.3681245526846796,0.055843277447142126
nexah-hz-fz-measurement/0.1.0,HZ_FZ_01,SYNTHETIC_CONFORMANCE_ONLY,Synthetic validator conformance fixture only; not an empirical measurement or capability claim.,SYNTHETIC,SYNTHETIC,SYNTHETIC,SYNTHETIC,0.002,SYNTHETIC,SELF_TEST,0.005,20,0.03,3,0.03,REFERENCE_A,synthetic-a,20,1,0,5,2000,s,V,N,0.0725,0.3090169943749478,-0.06979899340500041
nexah-hz-fz-measurement/0.1.0,HZ_FZ_01,SYNTHETIC_CONFORMANCE_ONLY,Synthetic validator conformance fixture only; not an empirical measurement or capability claim.,SYNTHETIC,SYNTHETIC,SYNTHETIC,SYNTHETIC,0.002,SYNTHETIC,SELF_TEST,0.005,20,0.03,3,0.03,REFERENCE_A,synthetic-a,20,1,0,5,2000,s,V,N,0.073,0.2486898871648555,-0.1951657995182967
nexah-hz-fz-measurement/0.1.0,HZ_FZ_01,SYNTHETIC_CONFORMANCE_ONLY,Synthetic validator conformance fixture only; not an empirical measurement or capability claim.,SYNTHETIC,SYNTHETIC,SYNTHETIC,SYNTHETIC,0.002,SYNTHETIC,SELF_TEST,0.005,20,0.03,3,0.03,REFERENCE_A,synthetic-a,20,1,0,5,2000,s,V,N,0.0735,0.18738131458572568,-0.3197623753836668
nexah-hz-fz-measurement/0.1.0,HZ_FZ_01,SYNTHETIC_CONFORMANCE_ONLY,Synthetic validator conformance fixture only; not an empirical measurement or capability claim.,SYNTHETIC,SYNTHETIC,SYNTHETIC,SYNTHETIC,0.002,SYNTHETIC,SELF_TEST,0.005,20,0.03,3,0.03,REFERENCE_A,synthetic-a,20,1,0,5,2000,s,V,N,0.074,0.12533323356430567,-0.44309699523893104
nexah-hz-fz-measurement/0.1.0,HZ_FZ_01,SYNTHETIC_CONFORMANCE_ONLY,Synthetic validator conformance fixture only; not an empirical measurement or capability claim.,SYNTHETIC,SYNTHETIC,SYNTHETIC,SYNTHETIC,0.002,SYNTHETIC,SELF_TEST,0.005,20,0.03,3,0.03,REFERENCE_A,synthetic-a,20,1,0,5,2000,s,V,N,0.0745,0.06279051952931339,-0.5646829136857521
nexah-hz-fz-measurement/0.1.0,HZ_FZ_01,SYNTHETIC_CONFORMANCE_ONLY,Synthetic validator conformance fixture only; not an empirical measurement or capability claim.,SYNTHETIC,SYNTHETIC,SYNTHETIC,SYNTHETIC,0.002,SYNTHETIC,SELF_TEST,0.005,20,0.03,3,0.03,REFERENCE_A,synthetic-a,20,1,0,5,2000,s,V,N,0.075,3.6739403974420594e-16,-0.684040286651336
nexah-hz-fz-measurement/0.1.0,HZ_FZ_01,SYNTHETIC_CONFORMANCE_ONLY,Synthetic validator conformance fixture only; not an empirical measurement or capability claim.,SYNTHETIC,SYNTHETIC,SYNTHETIC,SYNTHETIC,0.002,SYNTHETIC,SELF_TEST,0.005,20,0.03,3,0.03,REFERENCE_A,synthetic-a,20,1,0,5,2000,s,V,N,0.0755,-0.06279051952931265,-0.8006980651137878
nexah-hz-fz-measurement/0.1.0,HZ_FZ_01,SYNTHETIC_CONFORMANCE_ONLY,Synthetic validator conformance fixture only; not an empirical measurement or capability claim.,SYNTHETIC,SYNTHETIC,SYNTHETIC,SYNTHETIC,0.002,SYNTHETIC,SELF_TEST,0.005,20,0.03,3,0.03,REFERENCE_A,synthetic-a,20,1,0,5,2000,s,V,N,0.076,-0.12533323356430318,-0.9141958541173857
nexah-hz-fz-measurement/0.1.0,HZ_FZ_01,SYNTHETIC_CONFORMANCE_ONLY,Synthetic validator conformance fixture only; not an empirical measurement or capability claim.,SYNTHETIC,SYNTHETIC,SYNTHETIC,SYNTHETIC,0.002,SYNTHETIC,SELF_TEST,0.005,20,0.03,3,0.03,REFERENCE_A,synthetic-a,20,1,0,5,2000,s,V,N,0.0765,-0.1873813145857232,-1.0240857297411399
nexah-hz-fz-measurement/0.1.0,HZ_FZ_01,SYNTHETIC_CONFORMANCE_ONLY,Synthetic validator conformance fixture only; not an empirical measurement or capability claim.,SYNTHETIC,SYNTHETIC,SYNTHETIC,SYNTHETIC,0.002,SYNTHETIC,SELF_TEST,0.005,20,0.03,3,0.03,REFERENCE_A,synthetic-a,20,1,0,5,2000,s,V,N,0.077,-0.24868988716485477,-1.129934006849875
nexah-hz-fz-measurement/0.1.0,HZ_FZ_01,SYNTHETIC_CONFORMANCE_ONLY,Synthetic validator conformance fixture only; not an empirical measurement or capability claim.,SYNTHETIC,SYNTHETIC,SYNTHETIC,SYNTHETIC,0.002,SYNTHETIC,SELF_TEST,0.005,20,0.03,3,0.03,REFERENCE_A,synthetic-a,20,1,0,5,2000,s,V,N,0.0775,-0.30901699437494706,-1.2313229506513153
nexah-hz-fz-measurement/0.1.0,HZ_FZ_01,SYNTHETIC_CONFORMANCE_ONLY,Synthetic validator conformance fixture only; not an empirical measurement or capability claim.,SYNTHETIC,SYNTHETIC,SYNTHETIC,SYNTHETIC,0.002,SYNTHETIC,SELF_TEST,0.005,20,0.03,3,0.03,REFERENCE_A,synthetic-a,20,1,0,5,2000,s,V,N,0.078,-0.36812455268467725,-1.3278524253044814
nexah-hz-fz-measurement/0.1.0,HZ_FZ_01,SYNTHETIC_CONFORMANCE_ONLY,Synthetic validator conformance fixture only; not an empirical measurement or capability claim.,SYNTHETIC,SYNTHETIC,SYNTHETIC,SYNTHETIC,0.002,SYNTHETIC,SELF_TEST,0.005,20,0.03,3,0.03,REFERENCE_A,synthetic-a,20,1,0,5,2000,s,V,N,0.0785,-0.42577929156507166,-1.4191414730730396
nexah-hz-fz-measurement/0.1.0,HZ_FZ_01,SYNTHETIC_CONFORMANCE_ONLY,Synthetic validator conformance fixture only; not an empirical measurement or capability claim.,SYNTHETIC,SYNTHETIC,SYNTHETIC,SYNTHETIC,0.002,SYNTHETIC,SELF_TEST,0.005,20,0.03,3,0.03,REFERENCE_A,synthetic-a,20,1,0,5,2000,s,V,N,0.079,-0.48175367410171555,-1.5048298177914488
nexah-hz-fz-measurement/0.1.0,HZ_FZ_01,SYNTHETIC_CONFORMANCE_ONLY,Synthetic validator conformance fixture only; not an empirical measurement or capability claim.,SYNTHETIC,SYNTHETIC,SYNTHETIC,SYNTHETIC,0.002,SYNTHETIC,SELF_TEST,0.005,20,0.03,3,0.03,REFERENCE_A,synthetic-a,20,1,0,5,2000,s,V,N,0.0795,-0.5358267949789965,-1.584579286710381
nexah-hz-fz-measurement/0.1.0,HZ_FZ_01,SYNTHETIC_CONFORMANCE_ONLY,Synthetic validator conformance fixture only; not an empirical measurement or capability claim.,SYNTHETIC,SYNTHETIC,SYNTHETIC,SYNTHETIC,0.002,SYNTHETIC,SELF_TEST,0.005,20,0.03,3,0.03,REFERENCE_A,synthetic-a,20,1,0,5,2000,s,V,N,0.08,-0.5877852522924728,-1.6580751451100826
nexah-hz-fz-measurement/0.1.0,HZ_FZ_01,SYNTHETIC_CONFORMANCE_ONLY,Synthetic validator conformance fixture only; not an empirical measurement or capability claim.,SYNTHETIC,SYNTHETIC,SYNTHETIC,SYNTHETIC,0.002,SYNTHETIC,SELF_TEST,0.005,20,0.03,3,0.03,REFERENCE_A,synthetic-a,20,1,0,5,2000,s,V,N,0.0805,-0.6374239897486891,-1.7250273384145138
nexah-hz-fz-measurement/0.1.0,HZ_FZ_01,SYNTHETIC_CONFORMANCE_ONLY,Synthetic validator conformance fixture only; not an empirical measurement or capability claim.,SYNTHETIC,SYNTHETIC,SYNTHETIC,SYNTHETIC,0.002,SYNTHETIC,SELF_TEST,0.005,20,0.03,3,0.03,REFERENCE_A,synthetic-a,20,1,0,5,2000,s,V,N,0.081,-0.6845471059286892,-1.7851716369042512
nexah-hz-fz-measurement/0.1.0,HZ_FZ_01,SYNTHETIC_CONFORMANCE_ONLY,Synthetic validator conformance fixture only; not an empirical measurement or capability claim.,SYNTHETIC,SYNTHETIC,SYNTHETIC,SYNTHETIC,0.002,SYNTHETIC,SELF_TEST,0.005,20,0.03,3,0.03,REFERENCE_A,synthetic-a,20,1,0,5,2000,s,V,N,0.0815,-0.7289686274214118,-1.8382706785104688
nexah-hz-fz-measurement/0.1.0,HZ_FZ_01,SYNTHETIC_CONFORMANCE_ONLY,Synthetic validator conformance fixture only; not an empirical measurement or capability claim.,SYNTHETIC,SYNTHETIC,SYNTHETIC,SYNTHETIC,0.002,SYNTHETIC,SELF_TEST,0.005,20,0.03,3,0.03,REFERENCE_A,synthetic-a,20,1,0,5,2000,s,V,N,0.082,-0.7705132427757891,-1.8841149055745932
nexah-hz-fz-measurement/0.1.0,HZ_FZ_01,SYNTHETIC_CONFORMANCE_ONLY,Synthetic validator conformance fixture only; not an empirical measurement or capability claim.,SYNTHETIC,SYNTHETIC,SYNTHETIC,SYNTHETIC,0.002,SYNTHETIC,SELF_TEST,0.005,20,0.03,3,0.03,REFERENCE_A,synthetic-a,20,1,0,5,2000,s,V,N,0.0825,-0.8090169943749472,-1.9225233918766373
nexah-hz-fz-measurement/0.1.0,HZ_FZ_01,SYNTHETIC_CONFORMANCE_ONLY,Synthetic validator conformance fixture only; not an empirical measurement or capability claim.,SYNTHETIC,SYNTHETIC,SYNTHETIC,SYNTHETIC,0.002,SYNTHETIC,SELF_TEST,0.005,20,0.03,3,0.03,REFERENCE_A,synthetic-a,20,1,0,5,2000,s,V,N,0.083,-0.8443279255020156,-1.953344556668336
nexah-hz-fz-measurement/0.1.0,HZ_FZ_01,SYNTHETIC_CONFORMANCE_ONLY,Synthetic validator conformance fixture only; not an empirical measurement or capability claim.,SYNTHETIC,SYNTHETIC,SYNTHETIC,SYNTHETIC,0.002,SYNTHETIC,SELF_TEST,0.005,20,0.03,3,0.03,REFERENCE_A,synthetic-a,20,1,0,5,2000,s,V,N,0.0835,-0.8763066800438639,-1.9764567628931058
nexah-hz-fz-measurement/0.1.0,HZ_FZ_01,SYNTHETIC_CONFORMANCE_ONLY,Synthetic validator conformance fixture only; not an empirical measurement or capability claim.,SYNTHETIC,SYNTHETIC,SYNTHETIC,SYNTHETIC,0.002,SYNTHETIC,SELF_TEST,0.005,20,0.03,3,0.03,REFERENCE_A,synthetic-a,20,1,0,5,2000,s,V,N,0.084,-0.9048270524660197,-1.9917687972319407
nexah-hz-fz-measurement/0.1.0,HZ_FZ_01,SYNTHETIC_CONFORMANCE_ONLY,Synthetic validator conformance fixture only; not an empirical measurement or capability claim.,SYNTHETIC,SYNTHETIC,SYNTHETIC,SYNTHETIC,0.002,SYNTHETIC,SELF_TEST,0.005,20,0.03,3,0.03,REFERENCE_A,synthetic-a,20,1,0,5,2000,s,V,N,0.0845,-0.9297764858882513,-1.9992202300807087
nexah-hz-fz-measurement/0.1.0,HZ_FZ_01,SYNTHETIC_CONFORMANCE_ONLY,Synthetic validator conformance fixture only; not an empirical measurement or capability claim.,SYNTHETIC,SYNTHETIC,SYNTHETIC,SYNTHETIC,0.002,SYNTHETIC,SELF_TEST,0.005,20,0.03,3,0.03,REFERENCE_A,synthetic-a,20,1,0,5,2000,s,V,N,0.085,-0.9510565162951534,-1.9987816540381915
nexah-hz-fz-measurement/0.1.0,HZ_FZ_01,SYNTHETIC_CONFORMANCE_ONLY,Synthetic validator conformance fixture only; not an empirical measurement or capability claim.,SYNTHETIC,SYNTHETIC,SYNTHETIC,SYNTHETIC,0.002,SYNTHETIC,SELF_TEST,0.005,20,0.03,3,0.03,REFERENCE_A,synthetic-a,20,1,0,5,2000,s,V,N,0.0855,-0.9685831611286314,-1.9904547999636621
nexah-hz-fz-measurement/0.1.0,HZ_FZ_01,SYNTHETIC_CONFORMANCE_ONLY,Synthetic validator conformance fixture only; not an empirical measurement or capability claim.,SYNTHETIC,SYNTHETIC,SYNTHETIC,SYNTHETIC,0.002,SYNTHETIC,SELF_TEST,0.005,20,0.03,3,0.03,REFERENCE_A,synthetic-a,20,1,0,5,2000,s,V,N,0.086,-0.9822872507286885,-1.9742725301459763
nexah-hz-fz-measurement/0.1.0,HZ_FZ_01,SYNTHETIC_CONFORMANCE_ONLY,Synthetic validator conformance fixture only; not an empirical measurement or capability claim.,SYNTHETIC,SYNTHETIC,SYNTHETIC,SYNTHETIC,0.002,SYNTHETIC,SELF_TEST,0.005,20,0.03,3,0.03,REFERENCE_A,synthetic-a,20,1,0,5,2000,s,V,N,0.0865,-0.9921147013144777,-1.9502987086111272
nexah-hz-fz-measurement/0.1.0,HZ_FZ_01,SYNTHETIC_CONFORMANCE_ONLY,Synthetic validator conformance fixture only; not an empirical measurement or capability claim.,SYNTHETIC,SYNTHETIC,SYNTHETIC,SYNTHETIC,0.002,SYNTHETIC,SELF_TEST,0.005,20,0.03,3,0.03,REFERENCE_A,synthetic-a,20,1,0,5,2000,s,V,N,0.087,-0.9980267284282714,-1.9186279490801164
nexah-hz-fz-measurement/0.1.0,HZ_FZ_01,SYNTHETIC_CONFORMANCE_ONLY,Synthetic validator conformance fixture only; not an empirical measurement or capability claim.,SYNTHETIC,SYNTHETIC,SYNTHETIC,SYNTHETIC,0.002,SYNTHETIC,SELF_TEST,0.005,20,0.03,3,0.03,REFERENCE_A,synthetic-a,20,1,0,5,2000,s,V,N,0.0875,-1,-1.8793852415718173
nexah-hz-fz-measurement/0.1.0,HZ_FZ_01,SYNTHETIC_CONFORMANCE_ONLY,Synthetic validator conformance fixture only; not an empirical measurement or capability claim.,SYNTHETIC,SYNTHETIC,SYNTHETIC,SYNTHETIC,0.002,SYNTHETIC,SELF_TEST,0.005,20,0.03,3,0.03,REFERENCE_A,synthetic-a,20,1,0,5,2000,s,V,N,0.088,-0.9980267284282716,-1.8327254591244801
nexah-hz-fz-measurement/0.1.0,HZ_FZ_01,SYNTHETIC_CONFORMANCE_ONLY,Synthetic validator conformance fixture only; not an empirical measurement or capability claim.,SYNTHETIC,SYNTHETIC,SYNTHETIC,SYNTHETIC,0.002,SYNTHETIC,SELF_TEST,0.005,20,0.03,3,0.03,REFERENCE_A,synthetic-a,20,1,0,5,2000,s,V,N,0.0885,-0.992114701314478,-1.7788327465825964
nexah-hz-fz-measurement/0.1.0,HZ_FZ_01,SYNTHETIC_CONFORMANCE_ONLY,Synthetic validator conformance fixture only; not an empirical measurement or capability claim.,SYNTHETIC,SYNTHETIC,SYNTHETIC,SYNTHETIC,0.002,SYNTHETIC,SELF_TEST,0.005,20,0.03,3,0.03,REFERENCE_A,synthetic-a,20,1,0,5,2000,s,V,N,0.089,-0.9822872507286889,-1.7179197938613309
nexah-hz-fz-measurement/0.1.0,HZ_FZ_01,SYNTHETIC_CONFORMANCE_ONLY,Synthetic validator conformance fixture only; not an empirical measurement or capability claim.,SYNTHETIC,SYNTHETIC,SYNTHETIC,SYNTHETIC,0.002,SYNTHETIC,SELF_TEST,0.005,20,0.03,3,0.03,REFERENCE_A,synthetic-a,20,1,0,5,2000,s,V,N,0.0895,-0.9685831611286312,-1.6502269965565908
nexah-hz-fz-measurement/0.1.0,HZ_FZ_01,SYNTHETIC_CONFORMANCE_ONLY,Synthetic validator conformance fixture only; not an empirical measurement or capability claim.,SYNTHETIC,SYNTHETIC,SYNTHETIC,SYNTHETIC,0.002,SYNTHETIC,SELF_TEST,0.005,20,0.03,3,0.03,REFERENCE_A,synthetic-a,20,1,0,5,2000,s,V,N,0.09,-0.9510565162951538,-1.576021507213445
nexah-hz-fz-measurement/0.1.0,HZ_FZ_01,SYNTHETIC_CONFORMANCE_ONLY,Synthetic validator conformance fixture only; not an empirical measurement or capability claim.,SYNTHETIC,SYNTHETIC,SYNTHETIC,SYNTHETIC,0.002,SYNTHETIC,SELF_TEST,0.005,20,0.03,3,0.03,REFERENCE_A,synthetic-a,20,1,0,5,2000,s,V,N,0.0905,-0.9297764858882517,-1.4955961809970653
nexah-hz-fz-measurement/0.1.0,HZ_FZ_01,SYNTHETIC_CONFORMANCE_ONLY,Synthetic validator conformance fixture only; not an empirical measurement or capability claim.,SYNTHETIC,SYNTHETIC,SYNTHETIC,SYNTHETIC,0.002,SYNTHETIC,SELF_TEST,0.005,20,0.03,3,0.03,REFERENCE_A,synthetic-a,20,1,0,5,2000,s,V,N,0.091,-0.90482705246602,-1.4092684199271917
nexah-hz-fz-measurement/0.1.0,HZ_FZ_01,SYNTHETIC_CONFORMANCE_ONLY,Synthetic validator conformance fixture only; not an empirical measurement or capability claim.,SYNTHETIC,SYNTHETIC,SYNTHETIC,SYNTHETIC,0.002,SYNTHETIC,SELF_TEST,0.005,20,0.03,3,0.03,REFERENCE_A,synthetic-a,20,1,0,5,2000,s,V,N,0.0915,-0.8763066800438644,-1.3173789202373638
nexah-hz-fz-measurement/0.1.0,HZ_FZ_01,SYNTHETIC_CONFORMANCE_ONLY,Synthetic validator conformance fixture only; not an empirical measurement or capability claim.,SYNTHETIC,SYNTHETIC,SYNTHETIC,SYNTHETIC,0.002,SYNTHETIC,SELF_TEST,0.005,20,0.03,3,0.03,REFERENCE_A,synthetic-a,20,1,0,5,2000,s,V,N,0.092,-0.8443279255020152,-1.220290327802536
nexah-hz-fz-measurement/0.1.0,HZ_FZ_01,SYNTHETIC_CONFORMANCE_ONLY,Synthetic validator conformance fixture only; not an empirical measurement or capability claim.,SYNTHETIC,SYNTHETIC,SYNTHETIC,SYNTHETIC,0.002,SYNTHETIC,SELF_TEST,0.005,20,0.03,3,0.03,REFERENCE_A,synthetic-a,20,1,0,5,2000,s,V,N,0.0925,-0.8090169943749477,-1.1183858069414951
nexah-hz-fz-measurement/0.1.0,HZ_FZ_01,SYNTHETIC_CONFORMANCE_ONLY,Synthetic validator conformance fixture only; not an empirical measurement or capability claim.,SYNTHETIC,SYNTHETIC,SYNTHETIC,SYNTHETIC,0.002,SYNTHETIC,SELF_TEST,0.005,20,0.03,3,0.03,REFERENCE_A,synthetic-a,20,1,0,5,2000,s,V,N,0.093,-0.7705132427757898,-1.0120675282423297
nexah-hz-fz-measurement/0.1.0,HZ_FZ_01,SYNTHETIC_CONFORMANCE_ONLY,Synthetic validator conformance fixture only; not an empirical measurement or capability claim.,SYNTHETIC,SYNTHETIC,SYNTHETIC,SYNTHETIC,0.002,SYNTHETIC,SELF_TEST,0.005,20,0.03,3,0.03,REFERENCE_A,synthetic-a,20,1,0,5,2000,s,V,N,0.0935,-0.7289686274214123,-0.9017550813788643
nexah-hz-fz-measurement/0.1.0,HZ_FZ_01,SYNTHETIC_CONFORMANCE_ONLY,Synthetic validator conformance fixture only; not an empirical measurement or capability claim.,SYNTHETIC,SYNTHETIC,SYNTHETIC,SYNTHETIC,0.002,SYNTHETIC,SELF_TEST,0.005,20,0.03,3,0.03,REFERENCE_A,synthetic-a,20,1,0,5,2000,s,V,N,0.094,-0.6845471059286885,-0.7878838191819025
nexah-hz-fz-measurement/0.1.0,HZ_FZ_01,SYNTHETIC_CONFORMANCE_ONLY,Synthetic validator conformance fixture only; not an empirical measurement or capability claim.,SYNTHETIC,SYNTHETIC,SYNTHETIC,SYNTHETIC,0.002,SYNTHETIC,SELF_TEST,0.005,20,0.03,3,0.03,REFERENCE_A,synthetic-a,20,1,0,5,2000,s,V,N,0.0945,-0.6374239897486897,-0.670903139500511
nexah-hz-fz-measurement/0.1.0,HZ_FZ_01,SYNTHETIC_CONFORMANCE_ONLY,Synthetic validator conformance fixture only; not an empirical measurement or capability claim.,SYNTHETIC,SYNTHETIC,SYNTHETIC,SYNTHETIC,0.002,SYNTHETIC,SELF_TEST,0.005,20,0.03,3,0.03,REFERENCE_A,synthetic-a,20,1,0,5,2000,s,V,N,0.095,-0.5877852522924735,-0.5512747116340001
nexah-hz-fz-measurement/0.1.0,HZ_FZ_01,SYNTHETIC_CONFORMANCE_ONLY,Synthetic validator conformance fixture only; not an empirical measurement or capability claim.,SYNTHETIC,SYNTHETIC,SYNTHETIC,SYNTHETIC,0.002,SYNTHETIC,SELF_TEST,0.005,20,0.03,3,0.03,REFERENCE_A,synthetic-a,20,1,0,5,2000,s,V,N,0.0955,-0.5358267949789973,-0.4294706543341288
nexah-hz-fz-measurement/0.1.0,HZ_FZ_01,SYNTHETIC_CONFORMANCE_ONLY,Synthetic validator conformance fixture only; not an empirical measurement or capability claim.,SYNTHETIC,SYNTHETIC,SYNTHETIC,SYNTHETIC,0.002,SYNTHETIC,SELF_TEST,0.005,20,0.03,3,0.03,REFERENCE_A,synthetic-a,20,1,0,5,2000,s,V,N,0.096,-0.48175367410171477,-0.3059716725680758
nexah-hz-fz-measurement/0.1.0,HZ_FZ_01,SYNTHETIC_CONFORMANCE_ONLY,Synthetic validator conformance fixture only; not an empirical measurement or capability claim.,SYNTHETIC,SYNTHETIC,SYNTHETIC,SYNTHETIC,0.002,SYNTHETIC,SELF_TEST,0.005,20,0.03,3,0.03,REFERENCE_A,synthetic-a,20,1,0,5,2000,s,V,N,0.0965,-0.42577929156507244,-0.18126516039556065
nexah-hz-fz-measurement/0.1.0,HZ_FZ_01,SYNTHETIC_CONFORMANCE_ONLY,Synthetic validator conformance fixture only; not an empirical measurement or capability claim.,SYNTHETIC,SYNTHETIC,SYNTHETIC,SYNTHETIC,0.002,SYNTHETIC,SELF_TEST,0.005,20,0.03,3,0.03,REFERENCE_A,synthetic-a,20,1,0,5,2000,s,V,N,0.097,-0.3681245526846781,-0.055843277447138816
nexah-hz-fz-measurement/0.1.0,HZ_FZ_01,SYNTHETIC_CONFORMANCE_ONLY,Synthetic validator conformance fixture only; not an empirical measurement or capability claim.,SYNTHETIC,SYNTHETIC,SYNTHETIC,SYNTHETIC,0.002,SYNTHETIC,SELF_TEST,0.005,20,0.03,3,0.03,REFERENCE_A,synthetic-a,20,1,0,5,2000,s,V,N,0.0975,-0.3090169943749479,0.06979899340500018
nexah-hz-fz-measurement/0.1.0,HZ_FZ_01,SYNTHETIC_CONFORMANCE_ONLY,Synthetic validator conformance fixture only; not an empirical measurement or capability claim.,SYNTHETIC,SYNTHETIC,SYNTHETIC,SYNTHETIC,0.002,SYNTHETIC,SELF_TEST,0.005,20,0.03,3,0.03,REFERENCE_A,synthetic-a,20,1,0,5,2000,s,V,N,0.098,-0.2486898871648556,0.19516579951829646
nexah-hz-fz-measurement/0.1.0,HZ_FZ_01,SYNTHETIC_CONFORMANCE_ONLY,Synthetic validator conformance fixture only; not an empirical measurement or capability claim.,SYNTHETIC,SYNTHETIC,SYNTHETIC,SYNTHETIC,0.002,SYNTHETIC,SELF_TEST,0.005,20,0.03,3,0.03,REFERENCE_A,synthetic-a,20,1,0,5,2000,s,V,N,0.0985,-0.18738131458572405,0.3197623753836701
nexah-hz-fz-measurement/0.1.0,HZ_FZ_01,SYNTHETIC_CONFORMANCE_ONLY,Synthetic validator conformance fixture only; not an empirical measurement or capability claim.,SYNTHETIC,SYNTHETIC,SYNTHETIC,SYNTHETIC,0.002,SYNTHETIC,SELF_TEST,0.005,20,0.03,3,0.03,REFERENCE_A,synthetic-a,20,1,0,5,2000,s,V,N,0.099,-0.125333233564304,0.44309699523893425
nexah-hz-fz-measurement/0.1.0,HZ_FZ_01,SYNTHETIC_CONFORMANCE_ONLY,Synthetic validator conformance fixture only; not an empirical measurement or capability claim.,SYNTHETIC,SYNTHETIC,SYNTHETIC,SYNTHETIC,0.002,SYNTHETIC,SELF_TEST,0.005,20,0.03,3,0.03,REFERENCE_A,synthetic-a,20,1,0,5,2000,s,V,N,0.0995,-0.06279051952931351,0.5646829136857519
nexah-hz-fz-measurement/0.1.0,HZ_FZ_01,SYNTHETIC_CONFORMANCE_ONLY,Synthetic validator conformance fixture only; not an empirical measurement or capability claim.,SYNTHETIC,SYNTHETIC,SYNTHETIC,SYNTHETIC,0.002,SYNTHETIC,SELF_TEST,0.005,20,0.03,3,0.03,REFERENCE_A,synthetic-a,20,1,0,5,2000,s,V,N,0.1,-4.898587196589413e-16,0.6840402866513358
nexah-hz-fz-measurement/0.1.0,HZ_FZ_01,SYNTHETIC_CONFORMANCE_ONLY,Synthetic validator conformance fixture only; not an empirical measurement or capability claim.,SYNTHETIC,SYNTHETIC,SYNTHETIC,SYNTHETIC,0.002,SYNTHETIC,SELF_TEST,0.005,20,0.03,3,0.03,REFERENCE_A,synthetic-a,20,1,0,5,2000,s,V,N,0.1005,0.0627905195293143,0.8006980651137908
nexah-hz-fz-measurement/0.1.0,HZ_FZ_01,SYNTHETIC_CONFORMANCE_ONLY,Synthetic validator conformance fixture only; not an empirical measurement or capability claim.,SYNTHETIC,SYNTHETIC,SYNTHETIC,SYNTHETIC,0.002,SYNTHETIC,SELF_TEST,0.005,20,0.03,3,0.03,REFERENCE_A,synthetic-a,20,1,0,5,2000,s,V,N,0.101,0.1253332335643048,0.9141958541173887
nexah-hz-fz-measurement/0.1.0,HZ_FZ_01,SYNTHETIC_CONFORMANCE_ONLY,Synthetic validator conformance fixture only; not an empirical measurement or capability claim.,SYNTHETIC,SYNTHETIC,SYNTHETIC,SYNTHETIC,0.002,SYNTHETIC,SELF_TEST,0.005,20,0.03,3,0.03,REFERENCE_A,synthetic-a,20,1,0,5,2000,s,V,N,0.1015,0.18738131458572485,1.0240857297411428
nexah-hz-fz-measurement/0.1.0,HZ_FZ_01,SYNTHETIC_CONFORMANCE_ONLY,Synthetic validator conformance fixture only; not an empirical measurement or capability claim.,SYNTHETIC,SYNTHETIC,SYNTHETIC,SYNTHETIC,0.002,SYNTHETIC,SELF_TEST,0.005,20,0.03,3,0.03,REFERENCE_A,synthetic-a,20,1,0,5,2000,s,V,N,0.102,0.24868988716485294,1.129934006849872
nexah-hz-fz-measurement/0.1.0,HZ_FZ_01,SYNTHETIC_CONFORMANCE_ONLY,Synthetic validator conformance fixture only; not an empirical measurement or capability claim.,SYNTHETIC,SYNTHETIC,SYNTHETIC,SYNTHETIC,0.002,SYNTHETIC,SELF_TEST,0.005,20,0.03,3,0.03,REFERENCE_A,synthetic-a,20,1,0,5,2000,s,V,N,0.1025,0.30901699437494695,1.231322950651315
nexah-hz-fz-measurement/0.1.0,HZ_FZ_01,SYNTHETIC_CONFORMANCE_ONLY,Synthetic validator conformance fixture only; not an empirical measurement or capability claim.,SYNTHETIC,SYNTHETIC,SYNTHETIC,SYNTHETIC,0.002,SYNTHETIC,SELF_TEST,0.005,20,0.03,3,0.03,REFERENCE_A,synthetic-a,20,1,0,5,2000,s,V,N,0.103,0.36812455268467714,1.3278524253044812
nexah-hz-fz-measurement/0.1.0,HZ_FZ_01,SYNTHETIC_CONFORMANCE_ONLY,Synthetic validator conformance fixture only; not an empirical measurement or capability claim.,SYNTHETIC,SYNTHETIC,SYNTHETIC,SYNTHETIC,0.002,SYNTHETIC,SELF_TEST,0.005,20,0.03,3,0.03,REFERENCE_A,synthetic-a,20,1,0,5,2000,s,V,N,0.1035,0.42577929156507155,1.4191414730730396
nexah-hz-fz-measurement/0.1.0,HZ_FZ_01,SYNTHETIC_CONFORMANCE_ONLY,Synthetic validator conformance fixture only; not an empirical measurement or capability claim.,SYNTHETIC,SYNTHETIC,SYNTHETIC,SYNTHETIC,0.002,SYNTHETIC,SELF_TEST,0.005,20,0.03,3,0.03,REFERENCE_A,synthetic-a,20,1,0,5,2000,s,V,N,0.104,0.4817536741017139,1.504829817791446
nexah-hz-fz-measurement/0.1.0,HZ_FZ_01,SYNTHETIC_CONFORMANCE_ONLY,Synthetic validator conformance fixture only; not an empirical measurement or capability claim.,SYNTHETIC,SYNTHETIC,SYNTHETIC,SYNTHETIC,0.002,SYNTHETIC,SELF_TEST,0.005,20,0.03,3,0.03,REFERENCE_A,synthetic-a,20,1,0,5,2000,s,V,N,0.1045,0.535826794978995,1.5845792867103785
nexah-hz-fz-measurement/0.1.0,HZ_FZ_01,SYNTHETIC_CONFORMANCE_ONLY,Synthetic validator conformance fixture only; not an empirical measurement or capability claim.,SYNTHETIC,SYNTHETIC,SYNTHETIC,SYNTHETIC,0.002,SYNTHETIC,SELF_TEST,0.005,20,0.03,3,0.03,REFERENCE_A,synthetic-a,20,1,0,5,2000,s,V,N,0.105,0.5877852522924727,1.6580751451100824
nexah-hz-fz-measurement/0.1.0,HZ_FZ_01,SYNTHETIC_CONFORMANCE_ONLY,Synthetic validator conformance fixture only; not an empirical measurement or capability claim.,SYNTHETIC,SYNTHETIC,SYNTHETIC,SYNTHETIC,0.002,SYNTHETIC,SELF_TEST,0.005,20,0.03,3,0.03,REFERENCE_A,synthetic-a,20,1,0,5,2000,s,V,N,0.1055,0.6374239897486891,1.7250273384145136
nexah-hz-fz-measurement/0.1.0,HZ_FZ_01,SYNTHETIC_CONFORMANCE_ONLY,Synthetic validator conformance fixture only; not an empirical measurement or capability claim.,SYNTHETIC,SYNTHETIC,SYNTHETIC,SYNTHETIC,0.002,SYNTHETIC,SELF_TEST,0.005,20,0.03,3,0.03,REFERENCE_A,synthetic-a,20,1,0,5,2000,s,V,N,0.106,0.6845471059286878,1.7851716369042494
nexah-hz-fz-measurement/0.1.0,HZ_FZ_01,SYNTHETIC_CONFORMANCE_ONLY,Synthetic validator conformance fixture only; not an empirical measurement or capability claim.,SYNTHETIC,SYNTHETIC,SYNTHETIC,SYNTHETIC,0.002,SYNTHETIC,SELF_TEST,0.005,20,0.03,3,0.03,REFERENCE_A,synthetic-a,20,1,0,5,2000,s,V,N,0.1065,0.7289686274214104,1.8382706785104672
nexah-hz-fz-measurement/0.1.0,HZ_FZ_01,SYNTHETIC_CONFORMANCE_ONLY,Synthetic validator conformance fixture only; not an empirical measurement or capability claim.,SYNTHETIC,SYNTHETIC,SYNTHETIC,SYNTHETIC,0.002,SYNTHETIC,SELF_TEST,0.005,20,0.03,3,0.03,REFERENCE_A,synthetic-a,20,1,0,5,2000,s,V,N,0.107,0.7705132427757891,1.8841149055745932
nexah-hz-fz-measurement/0.1.0,HZ_FZ_01,SYNTHETIC_CONFORMANCE_ONLY,Synthetic validator conformance fixture only; not an empirical measurement or capability claim.,SYNTHETIC,SYNTHETIC,SYNTHETIC,SYNTHETIC,0.002,SYNTHETIC,SELF_TEST,0.005,20,0.03,3,0.03,REFERENCE_A,synthetic-a,20,1,0,5,2000,s,V,N,0.1075,0.8090169943749471,1.9225233918766371
nexah-hz-fz-measurement/0.1.0,HZ_FZ_01,SYNTHETIC_CONFORMANCE_ONLY,Synthetic validator conformance fixture only; not an empirical measurement or capability claim.,SYNTHETIC,SYNTHETIC,SYNTHETIC,SYNTHETIC,0.002,SYNTHETIC,SELF_TEST,0.005,20,0.03,3,0.03,REFERENCE_A,synthetic-a,20,1,0,5,2000,s,V,N,0.108,0.8443279255020146,1.9533445566683352
nexah-hz-fz-measurement/0.1.0,HZ_FZ_01,SYNTHETIC_CONFORMANCE_ONLY,Synthetic validator conformance fixture only; not an empirical measurement or capability claim.,SYNTHETIC,SYNTHETIC,SYNTHETIC,SYNTHETIC,0.002,SYNTHETIC,SELF_TEST,0.005,20,0.03,3,0.03,REFERENCE_A,synthetic-a,20,1,0,5,2000,s,V,N,0.1085,0.876306680043863,1.9764567628931051
nexah-hz-fz-measurement/0.1.0,HZ_FZ_01,SYNTHETIC_CONFORMANCE_ONLY,Synthetic validator conformance fixture only; not an empirical measurement or capability claim.,SYNTHETIC,SYNTHETIC,SYNTHETIC,SYNTHETIC,0.002,SYNTHETIC,SELF_TEST,0.005,20,0.03,3,0.03,REFERENCE_A,synthetic-a,20,1,0,5,2000,s,V,N,0.109,0.9048270524660196,1.9917687972319407
nexah-hz-fz-measurement/0.1.0,HZ_FZ_01,SYNTHETIC_CONFORMANCE_ONLY,Synthetic validator conformance fixture only; not an empirical measurement or capability claim.,SYNTHETIC,SYNTHETIC,SYNTHETIC,SYNTHETIC,0.002,SYNTHETIC,SELF_TEST,0.005,20,0.03,3,0.03,REFERENCE_A,synthetic-a,20,1,0,5,2000,s,V,N,0.1095,0.9297764858882513,1.9992202300807087
nexah-hz-fz-measurement/0.1.0,HZ_FZ_01,SYNTHETIC_CONFORMANCE_ONLY,Synthetic validator conformance fixture only; not an empirical measurement or capability claim.,SYNTHETIC,SYNTHETIC,SYNTHETIC,SYNTHETIC,0.002,SYNTHETIC,SELF_TEST,0.005,20,0.03,3,0.03,REFERENCE_A,synthetic-a,20,1,0,5,2000,s,V,N,0.11,0.9510565162951534,1.9987816540381915
nexah-hz-fz-measurement/0.1.0,HZ_FZ_01,SYNTHETIC_CONFORMANCE_ONLY,Synthetic validator conformance fixture only; not an empirical measurement or capability claim.,SYNTHETIC,SYNTHETIC,SYNTHETIC,SYNTHETIC,0.002,SYNTHETIC,SELF_TEST,0.005,20,0.03,3,0.03,REFERENCE_A,synthetic-a,20,1,0,5,2000,s,V,N,0.1105,0.9685831611286309,1.9904547999636626
nexah-hz-fz-measurement/0.1.0,HZ_FZ_01,SYNTHETIC_CONFORMANCE_ONLY,Synthetic validator conformance fixture only; not an empirical measurement or capability claim.,SYNTHETIC,SYNTHETIC,SYNTHETIC,SYNTHETIC,0.002,SYNTHETIC,SELF_TEST,0.005,20,0.03,3,0.03,REFERENCE_A,synthetic-a,20,1,0,5,2000,s,V,N,0.111,0.9822872507286888,1.9742725301459758
nexah-hz-fz-measurement/0.1.0,HZ_FZ_01,SYNTHETIC_CONFORMANCE_ONLY,Synthetic validator conformance fixture only; not an empirical measurement or capability claim.,SYNTHETIC,SYNTHETIC,SYNTHETIC,SYNTHETIC,0.002,SYNTHETIC,SELF_TEST,0.005,20,0.03,3,0.03,REFERENCE_A,synthetic-a,20,1,0,5,2000,s,V,N,0.1115,0.9921147013144779,1.9502987086111265
nexah-hz-fz-measurement/0.1.0,HZ_FZ_01,SYNTHETIC_CONFORMANCE_ONLY,Synthetic validator conformance fixture only; not an empirical measurement or capability claim.,SYNTHETIC,SYNTHETIC,SYNTHETIC,SYNTHETIC,0.002,SYNTHETIC,SELF_TEST,0.005,20,0.03,3,0.03,REFERENCE_A,synthetic-a,20,1,0,5,2000,s,V,N,0.112,0.9980267284282716,1.9186279490801155
nexah-hz-fz-measurement/0.1.0,HZ_FZ_01,SYNTHETIC_CONFORMANCE_ONLY,Synthetic validator conformance fixture only; not an empirical measurement or capability claim.,SYNTHETIC,SYNTHETIC,SYNTHETIC,SYNTHETIC,0.002,SYNTHETIC,SELF_TEST,0.005,20,0.03,3,0.03,REFERENCE_A,synthetic-a,20,1,0,5,2000,s,V,N,0.1125,1,1.8793852415718175
nexah-hz-fz-measurement/0.1.0,HZ_FZ_01,SYNTHETIC_CONFORMANCE_ONLY,Synthetic validator conformance fixture only; not an empirical measurement or capability claim.,SYNTHETIC,SYNTHETIC,SYNTHETIC,SYNTHETIC,0.002,SYNTHETIC,SELF_TEST,0.005,20,0.03,3,0.03,REFERENCE_A,synthetic-a,20,1,0,5,2000,s,V,N,0.113,0.9980267284282717,1.8327254591244801
nexah-hz-fz-measurement/0.1.0,HZ_FZ_01,SYNTHETIC_CONFORMANCE_ONLY,Synthetic validator conformance fixture only; not an empirical measurement or capability claim.,SYNTHETIC,SYNTHETIC,SYNTHETIC,SYNTHETIC,0.002,SYNTHETIC,SELF_TEST,0.005,20,0.03,3,0.03,REFERENCE_A,synthetic-a,20,1,0,5,2000,s,V,N,0.1135,0.9921147013144778,1.778832746582595
nexah-hz-fz-measurement/0.1.0,HZ_FZ_01,SYNTHETIC_CONFORMANCE_ONLY,Synthetic validator conformance fixture only; not an empirical measurement or capability claim.,SYNTHETIC,SYNTHETIC,SYNTHETIC,SYNTHETIC,0.002,SYNTHETIC,SELF_TEST,0.005,20,0.03,3,0.03,REFERENCE_A,synthetic-a,20,1,0,5,2000,s,V,N,0.114,0.9822872507286886,1.717919793861329
nexah-hz-fz-measurement/0.1.0,HZ_FZ_01,SYNTHETIC_CONFORMANCE_ONLY,Synthetic validator conformance fixture only; not an empirical measurement or capability claim.,SYNTHETIC,SYNTHETIC,SYNTHETIC,SYNTHETIC,0.002,SYNTHETIC,SELF_TEST,0.005,20,0.03,3,0.03,REFERENCE_A,synthetic-a,20,1,0,5,2000,s,V,N,0.1145,0.9685831611286312,1.650226996556591
nexah-hz-fz-measurement/0.1.0,HZ_FZ_01,SYNTHETIC_CONFORMANCE_ONLY,Synthetic validator conformance fixture only; not an empirical measurement or capability claim.,SYNTHETIC,SYNTHETIC,SYNTHETIC,SYNTHETIC,0.002,SYNTHETIC,SELF_TEST,0.005,20,0.03,3,0.03,REFERENCE_A,synthetic-a,20,1,0,5,2000,s,V,N,0.115,0.9510565162951538,1.5760215072134451
nexah-hz-fz-measurement/0.1.0,HZ_FZ_01,SYNTHETIC_CONFORMANCE_ONLY,Synthetic validator conformance fixture only; not an empirical measurement or capability claim.,SYNTHETIC,SYNTHETIC,SYNTHETIC,SYNTHETIC,0.002,SYNTHETIC,SELF_TEST,0.005,20,0.03,3,0.03,REFERENCE_A,synthetic-a,20,1,0,5,2000,s,V,N,0.1155,0.9297764858882511,1.4955961809970633
nexah-hz-fz-measurement/0.1.0,HZ_FZ_01,SYNTHETIC_CONFORMANCE_ONLY,Synthetic validator conformance fixture only; not an empirical measurement or capability claim.,SYNTHETIC,SYNTHETIC,SYNTHETIC,SYNTHETIC,0.002,SYNTHETIC,SELF_TEST,0.005,20,0.03,3,0.03,REFERENCE_A,synthetic-a,20,1,0,5,2000,s,V,N,0.116,0.9048270524660194,1.4092684199271892
nexah-hz-fz-measurement/0.1.0,HZ_FZ_01,SYNTHETIC_CONFORMANCE_ONLY,Synthetic validator conformance fixture only; not an empirical measurement or capability claim.,SYNTHETIC,SYNTHETIC,SYNTHETIC,SYNTHETIC,0.002,SYNTHETIC,SELF_TEST,0.005,20,0.03,3,0.03,REFERENCE_A,synthetic-a,20,1,0,5,2000,s,V,N,0.1165,0.8763066800438636,1.3173789202373614
nexah-hz-fz-measurement/0.1.0,HZ_FZ_01,SYNTHETIC_CONFORMANCE_ONLY,Synthetic validator conformance fixture only; not an empirical measurement or capability claim.,SYNTHETIC,SYNTHETIC,SYNTHETIC,SYNTHETIC,0.002,SYNTHETIC,SELF_TEST,0.005,20,0.03,3,0.03,REFERENCE_A,synthetic-a,20,1,0,5,2000,s,V,N,0.117,0.8443279255020152,1.2202903278025363
nexah-hz-fz-measurement/0.1.0,HZ_FZ_01,SYNTHETIC_CONFORMANCE_ONLY,Synthetic validator conformance fixture only; not an empirical measurement or capability claim.,SYNTHETIC,SYNTHETIC,SYNTHETIC,SYNTHETIC,0.002,SYNTHETIC,SELF_TEST,0.005,20,0.03,3,0.03,REFERENCE_A,synthetic-a,20,1,0,5,2000,s,V,N,0.1175,0.8090169943749478,1.1183858069414954
nexah-hz-fz-measurement/0.1.0,HZ_FZ_01,SYNTHETIC_CONFORMANCE_ONLY,Synthetic validator conformance fixture only; not an empirical measurement or capability claim.,SYNTHETIC,SYNTHETIC,SYNTHETIC,SYNTHETIC,0.002,SYNTHETIC,SELF_TEST,0.005,20,0.03,3,0.03,REFERENCE_A,synthetic-a,20,1,0,5,2000,s,V,N,0.118,0.7705132427757898,1.01206752824233
nexah-hz-fz-measurement/0.1.0,HZ_FZ_01,SYNTHETIC_CONFORMANCE_ONLY,Synthetic validator conformance fixture only; not an empirical measurement or capability claim.,SYNTHETIC,SYNTHETIC,SYNTHETIC,SYNTHETIC,0.002,SYNTHETIC,SELF_TEST,0.005,20,0.03,3,0.03,REFERENCE_A,synthetic-a,20,1,0,5,2000,s,V,N,0.1185,0.7289686274214124,0.9017550813788645
nexah-hz-fz-measurement/0.1.0,HZ_FZ_01,SYNTHETIC_CONFORMANCE_ONLY,Synthetic validator conformance fixture only; not an empirical measurement or capability claim.,SYNTHETIC,SYNTHETIC,SYNTHETIC,SYNTHETIC,0.002,SYNTHETIC,SELF_TEST,0.005,20,0.03,3,0.03,REFERENCE_A,synthetic-a,20,1,0,5,2000,s,V,N,0.119,0.6845471059286898,0.787883819181906
nexah-hz-fz-measurement/0.1.0,HZ_FZ_01,SYNTHETIC_CONFORMANCE_ONLY,Synthetic validator conformance fixture only; not an empirical measurement or capability claim.,SYNTHETIC,SYNTHETIC,SYNTHETIC,SYNTHETIC,0.002,SYNTHETIC,SELF_TEST,0.005,20,0.03,3,0.03,REFERENCE_A,synthetic-a,20,1,0,5,2000,s,V,N,0.1195,0.6374239897486913,0.6709031395005146
nexah-hz-fz-measurement/0.1.0,HZ_FZ_01,SYNTHETIC_CONFORMANCE_ONLY,Synthetic validator conformance fixture only; not an empirical measurement or capability claim.,SYNTHETIC,SYNTHETIC,SYNTHETIC,SYNTHETIC,0.002,SYNTHETIC,SELF_TEST,0.005,20,0.03,3,0.03,REFERENCE_A,synthetic-a,20,1,0,5,2000,s,V,N,0.12,0.5877852522924736,0.5512747116340003
nexah-hz-fz-measurement/0.1.0,HZ_FZ_01,SYNTHETIC_CONFORMANCE_ONLY,Synthetic validator conformance fixture only; not an empirical measurement or capability claim.,SYNTHETIC,SYNTHETIC,SYNTHETIC,SYNTHETIC,0.002,SYNTHETIC,SELF_TEST,0.005,20,0.03,3,0.03,REFERENCE_A,synthetic-a,20,1,0,5,2000,s,V,N,0.1205,0.5358267949789974,0.42947065433412906
nexah-hz-fz-measurement/0.1.0,HZ_FZ_01,SYNTHETIC_CONFORMANCE_ONLY,Synthetic validator conformance fixture only; not an empirical measurement or capability claim.,SYNTHETIC,SYNTHETIC,SYNTHETIC,SYNTHETIC,0.002,SYNTHETIC,SELF_TEST,0.005,20,0.03,3,0.03,REFERENCE_A,synthetic-a,20,1,0,5,2000,s,V,N,0.121,0.48175367410171643,0.3059716725680795
nexah-hz-fz-measurement/0.1.0,HZ_FZ_01,SYNTHETIC_CONFORMANCE_ONLY,Synthetic validator conformance fixture only; not an empirical measurement or capability claim.,SYNTHETIC,SYNTHETIC,SYNTHETIC,SYNTHETIC,0.002,SYNTHETIC,SELF_TEST,0.005,20,0.03,3,0.03,REFERENCE_A,synthetic-a,20,1,0,5,2000,s,V,N,0.1215,0.42577929156507416,0.18126516039556442
nexah-hz-fz-measurement/0.1.0,HZ_FZ_01,SYNTHETIC_CONFORMANCE_ONLY,Synthetic validator conformance fixture only; not an empirical measurement or capability claim.,SYNTHETIC,SYNTHETIC,SYNTHETIC,SYNTHETIC,0.002,SYNTHETIC,SELF_TEST,0.005,20,0.03,3,0.03,REFERENCE_A,synthetic-a,20,1,0,5,2000,s,V,N,0.122,0.3681245526846782,0.05584327744713906
nexah-hz-fz-measurement/0.1.0,HZ_FZ_01,SYNTHETIC_CONFORMANCE_ONLY,Synthetic validator conformance fixture only; not an empirical measurement or capability claim.,SYNTHETIC,SYNTHETIC,SYNTHETIC,SYNTHETIC,0.002,SYNTHETIC,SELF_TEST,0.005,20,0.03,3,0.03,REFERENCE_A,synthetic-a,20,1,0,5,2000,s,V,N,0.1225,0.309016994374948,-0.06979899340499993
nexah-hz-fz-measurement/0.1.0,HZ_FZ_01,SYNTHETIC_CONFORMANCE_ONLY,Synthetic validator conformance fixture only; not an empirical measurement or capability claim.,SYNTHETIC,SYNTHETIC,SYNTHETIC,SYNTHETIC,0.002,SYNTHETIC,SELF_TEST,0.005,20,0.03,3,0.03,REFERENCE_A,synthetic-a,20,1,0,5,2000,s,V,N,0.123,0.2486898871648557,-0.19516579951829624
nexah-hz-fz-measurement/0.1.0,HZ_FZ_01,SYNTHETIC_CONFORMANCE_ONLY,Synthetic validator conformance fixture only; not an empirical measurement or capability claim.,SYNTHETIC,SYNTHETIC,SYNTHETIC,SYNTHETIC,0.002,SYNTHETIC,SELF_TEST,0.005,20,0.03,3,0.03,REFERENCE_A,synthetic-a,20,1,0,5,2000,s,V,N,0.1235,0.18738131458572593,-0.3197623753836663
nexah-hz-fz-measurement/0.1.0,HZ_FZ_01,SYNTHETIC_CONFORMANCE_ONLY,Synthetic validator conformance fixture only; not an empirical measurement or capability claim.,SYNTHETIC,SYNTHETIC,SYNTHETIC,SYNTHETIC,0.002,SYNTHETIC,SELF_TEST,0.005,20,0.03,3,0.03,REFERENCE_A,synthetic-a,20,1,0,5,2000,s,V,N,0.124,0.12533323356430415,-0.443096995238934
nexah-hz-fz-measurement/0.1.0,HZ_FZ_01,SYNTHETIC_CONFORMANCE_ONLY,Synthetic validator conformance fixture only; not an empirical measurement or capability claim.,SYNTHETIC,SYNTHETIC,SYNTHETIC,SYNTHETIC,0.002,SYNTHETIC,SELF_TEST,0.005,20,0.03,3,0.03,REFERENCE_A,synthetic-a,20,1,0,5,2000,s,V,N,0.1245,0.06279051952931362,-0.5646829136857516
nexah-hz-fz-measurement/0.1.0,HZ_FZ_01,SYNTHETIC_CONFORMANCE_ONLY,Synthetic validator conformance fixture only; not an empirical measurement or capability claim.,SYNTHETIC,SYNTHETIC,SYNTHETIC,SYNTHETIC,0.002,SYNTHETIC,SELF_TEST,0.005,20,0.03,3,0.03,REFERENCE_A,synthetic-a,20,1,0,5,2000,s,V,N,0.125,6.123233995736766e-16,-0.6840402866513355
nexah-hz-fz-measurement/0.1.0,HZ_FZ_01,SYNTHETIC_CONFORMANCE_ONLY,Synthetic validator conformance fixture only; not an empirical measurement or capability claim.,SYNTHETIC,SYNTHETIC,SYNTHETIC,SYNTHETIC,0.002,SYNTHETIC,SELF_TEST,0.005,20,0.03,3,0.03,REFERENCE_A,synthetic-a,20,1,0,5,2000,s,V,N,0.1255,-0.0627905195293124,-0.8006980651137874
nexah-hz-fz-measurement/0.1.0,HZ_FZ_01,SYNTHETIC_CONFORMANCE_ONLY,Synthetic validator conformance fixture only; not an empirical measurement or capability claim.,SYNTHETIC,SYNTHETIC,SYNTHETIC,SYNTHETIC,0.002,SYNTHETIC,SELF_TEST,0.005,20,0.03,3,0.03,REFERENCE_A,synthetic-a,20,1,0,5,2000,s,V,N,0.126,-0.12533323356430293,-0.9141958541173852
nexah-hz-fz-measurement/0.1.0,HZ_FZ_01,SYNTHETIC_CONFORMANCE_ONLY,Synthetic validator conformance fixture only; not an empirical measurement or capability claim.,SYNTHETIC,SYNTHETIC,SYNTHETIC,SYNTHETIC,0.002,SYNTHETIC,SELF_TEST,0.005,20,0.03,3,0.03,REFERENCE_A,synthetic-a,20,1,0,5,2000,s,V,N,0.1265,-0.1873813145857247,-1.0240857297411456
nexah-hz-fz-measurement/0.1.0,HZ_FZ_01,SYNTHETIC_CONFORMANCE_ONLY,Synthetic validator conformance fixture only; not an empirical measurement or capability claim.,SYNTHETIC,SYNTHETIC,SYNTHETIC,SYNTHETIC,0.002,SYNTHETIC,SELF_TEST,0.005,20,0.03,3,0.03,REFERENCE_A,synthetic-a,20,1,0,5,2000,s,V,N,0.127,-0.24868988716485452,-1.1299340068498778
nexah-hz-fz-measurement/0.1.0,HZ_FZ_01,SYNTHETIC_CONFORMANCE_ONLY,Synthetic validator conformance fixture only; not an empirical measurement or capability claim.,SYNTHETIC,SYNTHETIC,SYNTHETIC,SYNTHETIC,0.002,SYNTHETIC,SELF_TEST,0.005,20,0.03,3,0.03,REFERENCE_A,synthetic-a,20,1,0,5,2000,s,V,N,0.1275,-0.3090169943749485,-1.2313229506513177
nexah-hz-fz-measurement/0.1.0,HZ_FZ_01,SYNTHETIC_CONFORMANCE_ONLY,Synthetic validator conformance fixture only; not an empirical measurement or capability claim.,SYNTHETIC,SYNTHETIC,SYNTHETIC,SYNTHETIC,0.002,SYNTHETIC,SELF_TEST,0.005,20,0.03,3,0.03,REFERENCE_A,synthetic-a,20,1,0,5,2000,s,V,N,0.128,-0.3681245526846787,-1.3278524253044837
nexah-hz-fz-measurement/0.1.0,HZ_FZ_01,SYNTHETIC_CONFORMANCE_ONLY,Synthetic validator conformance fixture only; not an empirical measurement or capability claim.,SYNTHETIC,SYNTHETIC,SYNTHETIC,SYNTHETIC,0.002,SYNTHETIC,SELF_TEST,0.005,20,0.03,3,0.03,REFERENCE_A,synthetic-a,20,1,0,5,2000,s,V,N,0.1285,-0.42577929156507305,-1.4191414730730418
nexah-hz-fz-measurement/0.1.0,HZ_FZ_01,SYNTHETIC_CONFORMANCE_ONLY,Synthetic validator conformance fixture only; not an empirical measurement or capability claim.,SYNTHETIC,SYNTHETIC,SYNTHETIC,SYNTHETIC,0.002,SYNTHETIC,SELF_TEST,0.005,20,0.03,3,0.03,REFERENCE_A,synthetic-a,20,1,0,5,2000,s,V,N,0.129,-0.4817536741017153,-1.5048298177914483
nexah-hz-fz-measurement/0.1.0,HZ_FZ_01,SYNTHETIC_CONFORMANCE_ONLY,Synthetic validator conformance fixture only; not an empirical measurement or capability claim.,SYNTHETIC,SYNTHETIC,SYNTHETIC,SYNTHETIC,0.002,SYNTHETIC,SELF_TEST,0.005,20,0.03,3,0.03,REFERENCE_A,synthetic-a,20,1,0,5,2000,s,V,N,0.1295,-0.5358267949789963,-1.5845792867103805
nexah-hz-fz-measurement/0.1.0,HZ_FZ_01,SYNTHETIC_CONFORMANCE_ONLY,Synthetic validator conformance fixture only; not an empirical measurement or capability claim.,SYNTHETIC,SYNTHETIC,SYNTHETIC,SYNTHETIC,0.002,SYNTHETIC,SELF_TEST,0.005,20,0.03,3,0.03,REFERENCE_A,synthetic-a,20,1,0,5,2000,s,V,N,0.13,-0.5877852522924726,-1.6580751451100821
nexah-hz-fz-measurement/0.1.0,HZ_FZ_01,SYNTHETIC_CONFORMANCE_ONLY,Synthetic validator conformance fixture only; not an empirical measurement or capability claim.,SYNTHETIC,SYNTHETIC,SYNTHETIC,SYNTHETIC,0.002,SYNTHETIC,SELF_TEST,0.005,20,0.03,3,0.03,REFERENCE_A,synthetic-a,20,1,0,5,2000,s,V,N,0.1305,-0.637423989748689,-1.7250273384145134
nexah-hz-fz-measurement/0.1.0,HZ_FZ_01,SYNTHETIC_CONFORMANCE_ONLY,Synthetic validator conformance fixture only; not an empirical measurement or capability claim.,SYNTHETIC,SYNTHETIC,SYNTHETIC,SYNTHETIC,0.002,SYNTHETIC,SELF_TEST,0.005,20,0.03,3,0.03,REFERENCE_A,synthetic-a,20,1,0,5,2000,s,V,N,0.131,-0.6845471059286877,-1.7851716369042494
nexah-hz-fz-measurement/0.1.0,HZ_FZ_01,SYNTHETIC_CONFORMANCE_ONLY,Synthetic validator conformance fixture only; not an empirical measurement or capability claim.,SYNTHETIC,SYNTHETIC,SYNTHETIC,SYNTHETIC,0.002,SYNTHETIC,SELF_TEST,0.005,20,0.03,3,0.03,REFERENCE_A,synthetic-a,20,1,0,5,2000,s,V,N,0.1315,-0.7289686274214128,-1.8382706785104699
nexah-hz-fz-measurement/0.1.0,HZ_FZ_01,SYNTHETIC_CONFORMANCE_ONLY,Synthetic validator conformance fixture only; not an empirical measurement or capability claim.,SYNTHETIC,SYNTHETIC,SYNTHETIC,SYNTHETIC,0.002,SYNTHETIC,SELF_TEST,0.005,20,0.03,3,0.03,REFERENCE_A,synthetic-a,20,1,0,5,2000,s,V,N,0.132,-0.7705132427757901,-1.8841149055745943
nexah-hz-fz-measurement/0.1.0,HZ_FZ_01,SYNTHETIC_CONFORMANCE_ONLY,Synthetic validator conformance fixture only; not an empirical measurement or capability claim.,SYNTHETIC,SYNTHETIC,SYNTHETIC,SYNTHETIC,0.002,SYNTHETIC,SELF_TEST,0.005,20,0.03,3,0.03,REFERENCE_A,synthetic-a,20,1,0,5,2000,s,V,N,0.1325,-0.8090169943749481,-1.9225233918766382
nexah-hz-fz-measurement/0.1.0,HZ_FZ_01,SYNTHETIC_CONFORMANCE_ONLY,Synthetic validator conformance fixture only; not an empirical measurement or capability claim.,SYNTHETIC,SYNTHETIC,SYNTHETIC,SYNTHETIC,0.002,SYNTHETIC,SELF_TEST,0.005,20,0.03,3,0.03,REFERENCE_A,synthetic-a,20,1,0,5,2000,s,V,N,0.133,-0.8443279255020155,-1.9533445566683358
nexah-hz-fz-measurement/0.1.0,HZ_FZ_01,SYNTHETIC_CONFORMANCE_ONLY,Synthetic validator conformance fixture only; not an empirical measurement or capability claim.,SYNTHETIC,SYNTHETIC,SYNTHETIC,SYNTHETIC,0.002,SYNTHETIC,SELF_TEST,0.005,20,0.03,3,0.03,REFERENCE_A,synthetic-a,20,1,0,5,2000,s,V,N,0.1335,-0.8763066800438638,-1.9764567628931056
nexah-hz-fz-measurement/0.1.0,HZ_FZ_01,SYNTHETIC_CONFORMANCE_ONLY,Synthetic validator conformance fixture only; not an empirical measurement or capability claim.,SYNTHETIC,SYNTHETIC,SYNTHETIC,SYNTHETIC,0.002,SYNTHETIC,SELF_TEST,0.005,20,0.03,3,0.03,REFERENCE_A,synthetic-a,20,1,0,5,2000,s,V,N,0.134,-0.9048270524660196,-1.9917687972319407
nexah-hz-fz-measurement/0.1.0,HZ_FZ_01,SYNTHETIC_CONFORMANCE_ONLY,Synthetic validator conformance fixture only; not an empirical measurement or capability claim.,SYNTHETIC,SYNTHETIC,SYNTHETIC,SYNTHETIC,0.002,SYNTHETIC,SELF_TEST,0.005,20,0.03,3,0.03,REFERENCE_A,synthetic-a,20,1,0,5,2000,s,V,N,0.1345,-0.9297764858882513,-1.9992202300807087
nexah-hz-fz-measurement/0.1.0,HZ_FZ_01,SYNTHETIC_CONFORMANCE_ONLY,Synthetic validator conformance fixture only; not an empirical measurement or capability claim.,SYNTHETIC,SYNTHETIC,SYNTHETIC,SYNTHETIC,0.002,SYNTHETIC,SELF_TEST,0.005,20,0.03,3,0.03,REFERENCE_A,synthetic-a,20,1,0,5,2000,s,V,N,0.135,-0.9510565162951534,-1.9987816540381915
nexah-hz-fz-measurement/0.1.0,HZ_FZ_01,SYNTHETIC_CONFORMANCE_ONLY,Synthetic validator conformance fixture only; not an empirical measurement or capability claim.,SYNTHETIC,SYNTHETIC,SYNTHETIC,SYNTHETIC,0.002,SYNTHETIC,SELF_TEST,0.005,20,0.03,3,0.03,REFERENCE_A,synthetic-a,20,1,0,5,2000,s,V,N,0.1355,-0.9685831611286309,-1.9904547999636626
nexah-hz-fz-measurement/0.1.0,HZ_FZ_01,SYNTHETIC_CONFORMANCE_ONLY,Synthetic validator conformance fixture only; not an empirical measurement or capability claim.,SYNTHETIC,SYNTHETIC,SYNTHETIC,SYNTHETIC,0.002,SYNTHETIC,SELF_TEST,0.005,20,0.03,3,0.03,REFERENCE_A,synthetic-a,20,1,0,5,2000,s,V,N,0.136,-0.982287250728689,-1.9742725301459754
nexah-hz-fz-measurement/0.1.0,HZ_FZ_01,SYNTHETIC_CONFORMANCE_ONLY,Synthetic validator conformance fixture only; not an empirical measurement or capability claim.,SYNTHETIC,SYNTHETIC,SYNTHETIC,SYNTHETIC,0.002,SYNTHETIC,SELF_TEST,0.005,20,0.03,3,0.03,REFERENCE_A,synthetic-a,20,1,0,5,2000,s,V,N,0.1365,-0.9921147013144781,-1.9502987086111259
nexah-hz-fz-measurement/0.1.0,HZ_FZ_01,SYNTHETIC_CONFORMANCE_ONLY,Synthetic validator conformance fixture only; not an empirical measurement or capability claim.,SYNTHETIC,SYNTHETIC,SYNTHETIC,SYNTHETIC,0.002,SYNTHETIC,SELF_TEST,0.005,20,0.03,3,0.03,REFERENCE_A,synthetic-a,20,1,0,5,2000,s,V,N,0.137,-0.9980267284282717,-1.9186279490801144
nexah-hz-fz-measurement/0.1.0,HZ_FZ_01,SYNTHETIC_CONFORMANCE_ONLY,Synthetic validator conformance fixture only; not an empirical measurement or capability claim.,SYNTHETIC,SYNTHETIC,SYNTHETIC,SYNTHETIC,0.002,SYNTHETIC,SELF_TEST,0.005,20,0.03,3,0.03,REFERENCE_A,synthetic-a,20,1,0,5,2000,s,V,N,0.1375,-1,-1.8793852415718162
nexah-hz-fz-measurement/0.1.0,HZ_FZ_01,SYNTHETIC_CONFORMANCE_ONLY,Synthetic validator conformance fixture only; not an empirical measurement or capability claim.,SYNTHETIC,SYNTHETIC,SYNTHETIC,SYNTHETIC,0.002,SYNTHETIC,SELF_TEST,0.005,20,0.03,3,0.03,REFERENCE_A,synthetic-a,20,1,0,5,2000,s,V,N,0.138,-0.9980267284282716,-1.8327254591244788
nexah-hz-fz-measurement/0.1.0,HZ_FZ_01,SYNTHETIC_CONFORMANCE_ONLY,Synthetic validator conformance fixture only; not an empirical measurement or capability claim.,SYNTHETIC,SYNTHETIC,SYNTHETIC,SYNTHETIC,0.002,SYNTHETIC,SELF_TEST,0.005,20,0.03,3,0.03,REFERENCE_A,synthetic-a,20,1,0,5,2000,s,V,N,0.1385,-0.9921147013144778,-1.778832746582595
nexah-hz-fz-measurement/0.1.0,HZ_FZ_01,SYNTHETIC_CONFORMANCE_ONLY,Synthetic validator conformance fixture only; not an empirical measurement or capability claim.,SYNTHETIC,SYNTHETIC,SYNTHETIC,SYNTHETIC,0.002,SYNTHETIC,SELF_TEST,0.005,20,0.03,3,0.03,REFERENCE_A,synthetic-a,20,1,0,5,2000,s,V,N,0.139,-0.9822872507286887,-1.717919793861329
nexah-hz-fz-measurement/0.1.0,HZ_FZ_01,SYNTHETIC_CONFORMANCE_ONLY,Synthetic validator conformance fixture only; not an empirical measurement or capability claim.,SYNTHETIC,SYNTHETIC,SYNTHETIC,SYNTHETIC,0.002,SYNTHETIC,SELF_TEST,0.005,20,0.03,3,0.03,REFERENCE_A,synthetic-a,20,1,0,5,2000,s,V,N,0.1395,-0.9685831611286312,-1.6502269965565912
nexah-hz-fz-measurement/0.1.0,HZ_FZ_01,SYNTHETIC_CONFORMANCE_ONLY,Synthetic validator conformance fixture only; not an empirical measurement or capability claim.,SYNTHETIC,SYNTHETIC,SYNTHETIC,SYNTHETIC,0.002,SYNTHETIC,SELF_TEST,0.005,20,0.03,3,0.03,REFERENCE_A,synthetic-a,20,1,0,5,2000,s,V,N,0.14,-0.9510565162951538,-1.5760215072134454
nexah-hz-fz-measurement/0.1.0,HZ_FZ_01,SYNTHETIC_CONFORMANCE_ONLY,Synthetic validator conformance fixture only; not an empirical measurement or capability claim.,SYNTHETIC,SYNTHETIC,SYNTHETIC,SYNTHETIC,0.002,SYNTHETIC,SELF_TEST,0.005,20,0.03,3,0.03,REFERENCE_A,synthetic-a,20,1,0,5,2000,s,V,N,0.1405,-0.9297764858882505,-1.495596180997061
nexah-hz-fz-measurement/0.1.0,HZ_FZ_01,SYNTHETIC_CONFORMANCE_ONLY,Synthetic validator conformance fixture only; not an empirical measurement or capability claim.,SYNTHETIC,SYNTHETIC,SYNTHETIC,SYNTHETIC,0.002,SYNTHETIC,SELF_TEST,0.005,20,0.03,3,0.03,REFERENCE_A,synthetic-a,20,1,0,5,2000,s,V,N,0.141,-0.9048270524660201,-1.4092684199271919
nexah-hz-fz-measurement/0.1.0,HZ_FZ_01,SYNTHETIC_CONFORMANCE_ONLY,Synthetic validator conformance fixture only; not an empirical measurement or capability claim.,SYNTHETIC,SYNTHETIC,SYNTHETIC,SYNTHETIC,0.002,SYNTHETIC,SELF_TEST,0.005,20,0.03,3,0.03,REFERENCE_A,synthetic-a,20,1,0,5,2000,s,V,N,0.1415,-0.8763066800438645,-1.3173789202373642
nexah-hz-fz-measurement/0.1.0,HZ_FZ_01,SYNTHETIC_CONFORMANCE_ONLY,Synthetic validator conformance fixture only; not an empirical measurement or capability claim.,SYNTHETIC,SYNTHETIC,SYNTHETIC,SYNTHETIC,0.002,SYNTHETIC,SELF_TEST,0.005,20,0.03,3,0.03,REFERENCE_A,synthetic-a,20,1,0,5,2000,s,V,N,0.142,-0.8443279255020162,-1.2202903278025392
nexah-hz-fz-measurement/0.1.0,HZ_FZ_01,SYNTHETIC_CONFORMANCE_ONLY,Synthetic validator conformance fixture only; not an empirical measurement or capability claim.,SYNTHETIC,SYNTHETIC,SYNTHETIC,SYNTHETIC,0.002,SYNTHETIC,SELF_TEST,0.005,20,0.03,3,0.03,REFERENCE_A,synthetic-a,20,1,0,5,2000,s,V,N,0.1425,-0.8090169943749489,-1.1183858069414985
nexah-hz-fz-measurement/0.1.0,HZ_FZ_01,SYNTHETIC_CONFORMANCE_ONLY,Synthetic validator conformance fixture only; not an empirical measurement or capability claim.,SYNTHETIC,SYNTHETIC,SYNTHETIC,SYNTHETIC,0.002,SYNTHETIC,SELF_TEST,0.005,20,0.03,3,0.03,REFERENCE_A,synthetic-a,20,1,0,5,2000,s,V,N,0.143,-0.770513242775791,-1.0120675282423333
nexah-hz-fz-measurement/0.1.0,HZ_FZ_01,SYNTHETIC_CONFORMANCE_ONLY,Synthetic validator conformance fixture only; not an empirical measurement or capability claim.,SYNTHETIC,SYNTHETIC,SYNTHETIC,SYNTHETIC,0.002,SYNTHETIC,SELF_TEST,0.005,20,0.03,3,0.03,REFERENCE_A,synthetic-a,20,1,0,5,2000,s,V,N,0.1435,-0.7289686274214137,-0.901755081378868
nexah-hz-fz-measurement/0.1.0,HZ_FZ_01,SYNTHETIC_CONFORMANCE_ONLY,Synthetic validator conformance fixture only; not an empirical measurement or capability claim.,SYNTHETIC,SYNTHETIC,SYNTHETIC,SYNTHETIC,0.002,SYNTHETIC,SELF_TEST,0.005,20,0.03,3,0.03,REFERENCE_A,synthetic-a,20,1,0,5,2000,s,V,N,0.144,-0.6845471059286913,-0.7878838191819095
nexah-hz-fz-measurement/0.1.0,HZ_FZ_01,SYNTHETIC_CONFORMANCE_ONLY,Synthetic validator conformance fixture only; not an empirical measurement or capability claim.,SYNTHETIC,SYNTHETIC,SYNTHETIC,SYNTHETIC,0.002,SYNTHETIC,SELF_TEST,0.005,20,0.03,3,0.03,REFERENCE_A,synthetic-a,20,1,0,5,2000,s,V,N,0.1445,-0.63742398974869,-0.6709031395005115
nexah-hz-fz-measurement/0.1.0,HZ_FZ_01,SYNTHETIC_CONFORMANCE_ONLY,Synthetic validator conformance fixture only; not an empirical measurement or capability claim.,SYNTHETIC,SYNTHETIC,SYNTHETIC,SYNTHETIC,0.002,SYNTHETIC,SELF_TEST,0.005,20,0.03,3,0.03,REFERENCE_A,synthetic-a,20,1,0,5,2000,s,V,N,0.145,-0.5877852522924737,-0.5512747116340005
nexah-hz-fz-measurement/0.1.0,HZ_FZ_01,SYNTHETIC_CONFORMANCE_ONLY,Synthetic validator conformance fixture only; not an empirical measurement or capability claim.,SYNTHETIC,SYNTHETIC,SYNTHETIC,SYNTHETIC,0.002,SYNTHETIC,SELF_TEST,0.005,20,0.03,3,0.03,REFERENCE_A,synthetic-a,20,1,0,5,2000,s,V,N,0.1455,-0.5358267949789975,-0.4294706543341293
nexah-hz-fz-measurement/0.1.0,HZ_FZ_01,SYNTHETIC_CONFORMANCE_ONLY,Synthetic validator conformance fixture only; not an empirical measurement or capability claim.,SYNTHETIC,SYNTHETIC,SYNTHETIC,SYNTHETIC,0.002,SYNTHETIC,SELF_TEST,0.005,20,0.03,3,0.03,REFERENCE_A,synthetic-a,20,1,0,5,2000,s,V,N,0.146,-0.48175367410171654,-0.3059716725680798
nexah-hz-fz-measurement/0.1.0,HZ_FZ_01,SYNTHETIC_CONFORMANCE_ONLY,Synthetic validator conformance fixture only; not an empirical measurement or capability claim.,SYNTHETIC,SYNTHETIC,SYNTHETIC,SYNTHETIC,0.002,SYNTHETIC,SELF_TEST,0.005,20,0.03,3,0.03,REFERENCE_A,synthetic-a,20,1,0,5,2000,s,V,N,0.1465,-0.42577929156507427,-0.18126516039556467
nexah-hz-fz-measurement/0.1.0,HZ_FZ_01,SYNTHETIC_CONFORMANCE_ONLY,Synthetic validator conformance fixture only; not an empirical measurement or capability claim.,SYNTHETIC,SYNTHETIC,SYNTHETIC,SYNTHETIC,0.002,SYNTHETIC,SELF_TEST,0.005,20,0.03,3,0.03,REFERENCE_A,synthetic-a,20,1,0,5,2000,s,V,N,0.147,-0.36812455268468,-0.05584327744714286
nexah-hz-fz-measurement/0.1.0,HZ_FZ_01,SYNTHETIC_CONFORMANCE_ONLY,Synthetic validator conformance fixture only; not an empirical measurement or capability claim.,SYNTHETIC,SYNTHETIC,SYNTHETIC,SYNTHETIC,0.002,SYNTHETIC,SELF_TEST,0.005,20,0.03,3,0.03,REFERENCE_A,synthetic-a,20,1,0,5,2000,s,V,N,0.1475,-0.3090169943749498,0.06979899340499614
nexah-hz-fz-measurement/0.1.0,HZ_FZ_01,SYNTHETIC_CONFORMANCE_ONLY,Synthetic validator conformance fixture only; not an empirical measurement or capability claim.,SYNTHETIC,SYNTHETIC,SYNTHETIC,SYNTHETIC,0.002,SYNTHETIC,SELF_TEST,0.005,20,0.03,3,0.03,REFERENCE_A,synthetic-a,20,1,0,5,2000,s,V,N,0.148,-0.24868988716485754,0.19516579951829244
nexah-hz-fz-measurement/0.1.0,HZ_FZ_01,SYNTHETIC_CONFORMANCE_ONLY,Synthetic validator conformance fixture only; not an empirical measurement or capability claim.,SYNTHETIC,SYNTHETIC,SYNTHETIC,SYNTHETIC,0.002,SYNTHETIC,SELF_TEST,0.005,20,0.03,3,0.03,REFERENCE_A,synthetic-a,20,1,0,5,2000,s,V,N,0.1485,-0.1873813145857278,0.3197623753836626
nexah-hz-fz-measurement/0.1.0,HZ_FZ_01,SYNTHETIC_CONFORMANCE_ONLY,Synthetic validator conformance fixture only; not an empirical measurement or capability claim.,SYNTHETIC,SYNTHETIC,SYNTHETIC,SYNTHETIC,0.002,SYNTHETIC,SELF_TEST,0.005,20,0.03,3,0.03,REFERENCE_A,synthetic-a,20,1,0,5,2000,s,V,N,0.149,-0.12533323356430426,0.44309699523893376
nexah-hz-fz-measurement/0.1.0,HZ_FZ_01,SYNTHETIC_CONFORMANCE_ONLY,Synthetic validator conformance fixture only; not an empirical measurement or capability claim.,SYNTHETIC,SYNTHETIC,SYNTHETIC,SYNTHETIC,0.002,SYNTHETIC,SELF_TEST,0.005,20,0.03,3,0.03,REFERENCE_A,synthetic-a,20,1,0,5,2000,s,V,N,0.1495,-0.06279051952931375,0.5646829136857514
nexah-hz-fz-measurement/0.1.0,HZ_FZ_01,SYNTHETIC_CONFORMANCE_ONLY,Synthetic validator conformance fixture only; not an empirical measurement or capability claim.,SYNTHETIC,SYNTHETIC,SYNTHETIC,SYNTHETIC,0.002,SYNTHETIC,SELF_TEST,0.005,20,0.03,3,0.03,REFERENCE_A,synthetic-a,20,1,0,5,2000,s,V,N,0.15,-7.347880794884119e-16,0.6840402866513353
nexah-hz-fz-measurement/0.1.0,HZ_FZ_01,SYNTHETIC_CONFORMANCE_ONLY,Synthetic validator conformance fixture only; not an empirical measurement or capability claim.,SYNTHETIC,SYNTHETIC,SYNTHETIC,SYNTHETIC,0.002,SYNTHETIC,SELF_TEST,0.005,20,0.03,3,0.03,REFERENCE_A,synthetic-a,20,1,0,5,2000,s,V,N,0.1505,0.06279051952931229,0.8006980651137872
nexah-hz-fz-measurement/0.1.0,HZ_FZ_01,SYNTHETIC_CONFORMANCE_ONLY,Synthetic validator conformance fixture only; not an empirical measurement or capability claim.,SYNTHETIC,SYNTHETIC,SYNTHETIC,SYNTHETIC,0.002,SYNTHETIC,SELF_TEST,0.005,20,0.03,3,0.03,REFERENCE_A,synthetic-a,20,1,0,5,2000,s,V,N,0.151,0.12533323356430282,0.914195854117385
nexah-hz-fz-measurement/0.1.0,HZ_FZ_01,SYNTHETIC_CONFORMANCE_ONLY,Synthetic validator conformance fixture only; not an empirical measurement or capability claim.,SYNTHETIC,SYNTHETIC,SYNTHETIC,SYNTHETIC,0.002,SYNTHETIC,SELF_TEST,0.005,20,0.03,3,0.03,REFERENCE_A,synthetic-a,20,1,0,5,2000,s,V,N,0.1515,0.18738131458572285,1.0240857297411392
nexah-hz-fz-measurement/0.1.0,HZ_FZ_01,SYNTHETIC_CONFORMANCE_ONLY,Synthetic validator conformance fixture only; not an empirical measurement or capability claim.,SYNTHETIC,SYNTHETIC,SYNTHETIC,SYNTHETIC,0.002,SYNTHETIC,SELF_TEST,0.005,20,0.03,3,0.03,REFERENCE_A,synthetic-a,20,1,0,5,2000,s,V,N,0.152,0.24868988716485269,1.1299340068498716
nexah-hz-fz-measurement/0.1.0,HZ_FZ_01,SYNTHETIC_CONFORMANCE_ONLY,Synthetic validator conformance fixture only; not an empirical measurement or capability claim.,SYNTHETIC,SYNTHETIC,SYNTHETIC,SYNTHETIC,0.002,SYNTHETIC,SELF_TEST,0.005,20,0.03,3,0.03,REFERENCE_A,synthetic-a,20,1,0,5,2000,s,V,N,0.1525,0.309016994374945,1.231322950651312
nexah-hz-fz-measurement/0.1.0,HZ_FZ_01,SYNTHETIC_CONFORMANCE_ONLY,Synthetic validator conformance fixture only; not an empirical measurement or capability claim.,SYNTHETIC,SYNTHETIC,SYNTHETIC,SYNTHETIC,0.002,SYNTHETIC,SELF_TEST,0.005,20,0.03,3,0.03,REFERENCE_A,synthetic-a,20,1,0,5,2000,s,V,N,0.153,0.36812455268467525,1.3278524253044783
nexah-hz-fz-measurement/0.1.0,HZ_FZ_01,SYNTHETIC_CONFORMANCE_ONLY,Synthetic validator conformance fixture only; not an empirical measurement or capability claim.,SYNTHETIC,SYNTHETIC,SYNTHETIC,SYNTHETIC,0.002,SYNTHETIC,SELF_TEST,0.005,20,0.03,3,0.03,REFERENCE_A,synthetic-a,20,1,0,5,2000,s,V,N,0.1535,0.42577929156507294,1.4191414730730418
nexah-hz-fz-measurement/0.1.0,HZ_FZ_01,SYNTHETIC_CONFORMANCE_ONLY,Synthetic validator conformance fixture only; not an empirical measurement or capability claim.,SYNTHETIC,SYNTHETIC,SYNTHETIC,SYNTHETIC,0.002,SYNTHETIC,SELF_TEST,0.005,20,0.03,3,0.03,REFERENCE_A,synthetic-a,20,1,0,5,2000,s,V,N,0.154,0.4817536741017152,1.5048298177914483
nexah-hz-fz-measurement/0.1.0,HZ_FZ_01,SYNTHETIC_CONFORMANCE_ONLY,Synthetic validator conformance fixture only; not an empirical measurement or capability claim.,SYNTHETIC,SYNTHETIC,SYNTHETIC,SYNTHETIC,0.002,SYNTHETIC,SELF_TEST,0.005,20,0.03,3,0.03,REFERENCE_A,synthetic-a,20,1,0,5,2000,s,V,N,0.1545,0.5358267949789963,1.5845792867103805
nexah-hz-fz-measurement/0.1.0,HZ_FZ_01,SYNTHETIC_CONFORMANCE_ONLY,Synthetic validator conformance fixture only; not an empirical measurement or capability claim.,SYNTHETIC,SYNTHETIC,SYNTHETIC,SYNTHETIC,0.002,SYNTHETIC,SELF_TEST,0.005,20,0.03,3,0.03,REFERENCE_A,synthetic-a,20,1,0,5,2000,s,V,N,0.155,0.5877852522924725,1.6580751451100821
nexah-hz-fz-measurement/0.1.0,HZ_FZ_01,SYNTHETIC_CONFORMANCE_ONLY,Synthetic validator conformance fixture only; not an empirical measurement or capability claim.,SYNTHETIC,SYNTHETIC,SYNTHETIC,SYNTHETIC,0.002,SYNTHETIC,SELF_TEST,0.005,20,0.03,3,0.03,REFERENCE_A,synthetic-a,20,1,0,5,2000,s,V,N,0.1555,0.6374239897486889,1.7250273384145134
nexah-hz-fz-measurement/0.1.0,HZ_FZ_01,SYNTHETIC_CONFORMANCE_ONLY,Synthetic validator conformance fixture only; not an empirical measurement or capability claim.,SYNTHETIC,SYNTHETIC,SYNTHETIC,SYNTHETIC,0.002,SYNTHETIC,SELF_TEST,0.005,20,0.03,3,0.03,REFERENCE_A,synthetic-a,20,1,0,5,2000,s,V,N,0.156,0.6845471059286876,1.7851716369042492
nexah-hz-fz-measurement/0.1.0,HZ_FZ_01,SYNTHETIC_CONFORMANCE_ONLY,Synthetic validator conformance fixture only; not an empirical measurement or capability claim.,SYNTHETIC,SYNTHETIC,SYNTHETIC,SYNTHETIC,0.002,SYNTHETIC,SELF_TEST,0.005,20,0.03,3,0.03,REFERENCE_A,synthetic-a,20,1,0,5,2000,s,V,N,0.1565,0.7289686274214102,1.838270678510467
nexah-hz-fz-measurement/0.1.0,HZ_FZ_01,SYNTHETIC_CONFORMANCE_ONLY,Synthetic validator conformance fixture only; not an empirical measurement or capability claim.,SYNTHETIC,SYNTHETIC,SYNTHETIC,SYNTHETIC,0.002,SYNTHETIC,SELF_TEST,0.005,20,0.03,3,0.03,REFERENCE_A,synthetic-a,20,1,0,5,2000,s,V,N,0.157,0.7705132427757878,1.8841149055745916
nexah-hz-fz-measurement/0.1.0,HZ_FZ_01,SYNTHETIC_CONFORMANCE_ONLY,Synthetic validator conformance fixture only; not an empirical measurement or capability claim.,SYNTHETIC,SYNTHETIC,SYNTHETIC,SYNTHETIC,0.002,SYNTHETIC,SELF_TEST,0.005,20,0.03,3,0.03,REFERENCE_A,synthetic-a,20,1,0,5,2000,s,V,N,0.1575,0.809016994374948,1.922523391876638
nexah-hz-fz-measurement/0.1.0,HZ_FZ_01,SYNTHETIC_CONFORMANCE_ONLY,Synthetic validator conformance fixture only; not an empirical measurement or capability claim.,SYNTHETIC,SYNTHETIC,SYNTHETIC,SYNTHETIC,0.002,SYNTHETIC,SELF_TEST,0.005,20,0.03,3,0.03,REFERENCE_A,synthetic-a,20,1,0,5,2000,s,V,N,0.158,0.8443279255020154,1.9533445566683358
nexah-hz-fz-measurement/0.1.0,HZ_FZ_01,SYNTHETIC_CONFORMANCE_ONLY,Synthetic validator conformance fixture only; not an empirical measurement or capability claim.,SYNTHETIC,SYNTHETIC,SYNTHETIC,SYNTHETIC,0.002,SYNTHETIC,SELF_TEST,0.005,20,0.03,3,0.03,REFERENCE_A,synthetic-a,20,1,0,5,2000,s,V,N,0.1585,0.8763066800438637,1.9764567628931056
nexah-hz-fz-measurement/0.1.0,HZ_FZ_01,SYNTHETIC_CONFORMANCE_ONLY,Synthetic validator conformance fixture only; not an empirical measurement or capability claim.,SYNTHETIC,SYNTHETIC,SYNTHETIC,SYNTHETIC,0.002,SYNTHETIC,SELF_TEST,0.005,20,0.03,3,0.03,REFERENCE_A,synthetic-a,20,1,0,5,2000,s,V,N,0.159,0.9048270524660195,1.9917687972319407
nexah-hz-fz-measurement/0.1.0,HZ_FZ_01,SYNTHETIC_CONFORMANCE_ONLY,Synthetic validator conformance fixture only; not an empirical measurement or capability claim.,SYNTHETIC,SYNTHETIC,SYNTHETIC,SYNTHETIC,0.002,SYNTHETIC,SELF_TEST,0.005,20,0.03,3,0.03,REFERENCE_A,synthetic-a,20,1,0,5,2000,s,V,N,0.1595,0.9297764858882512,1.9992202300807087
nexah-hz-fz-measurement/0.1.0,HZ_FZ_01,SYNTHETIC_CONFORMANCE_ONLY,Synthetic validator conformance fixture only; not an empirical measurement or capability claim.,SYNTHETIC,SYNTHETIC,SYNTHETIC,SYNTHETIC,0.002,SYNTHETIC,SELF_TEST,0.005,20,0.03,3,0.03,REFERENCE_A,synthetic-a,20,1,0,5,2000,s,V,N,0.16,0.9510565162951533,1.9987816540381915
nexah-hz-fz-measurement/0.1.0,HZ_FZ_01,SYNTHETIC_CONFORMANCE_ONLY,Synthetic validator conformance fixture only; not an empirical measurement or capability claim.,SYNTHETIC,SYNTHETIC,SYNTHETIC,SYNTHETIC,0.002,SYNTHETIC,SELF_TEST,0.005,20,0.03,3,0.03,REFERENCE_A,synthetic-a,20,1,0,5,2000,s,V,N,0.1605,0.9685831611286309,1.9904547999636626
nexah-hz-fz-measurement/0.1.0,HZ_FZ_01,SYNTHETIC_CONFORMANCE_ONLY,Synthetic validator conformance fixture only; not an empirical measurement or capability claim.,SYNTHETIC,SYNTHETIC,SYNTHETIC,SYNTHETIC,0.002,SYNTHETIC,SELF_TEST,0.005,20,0.03,3,0.03,REFERENCE_A,synthetic-a,20,1,0,5,2000,s,V,N,0.161,0.9822872507286884,1.9742725301459765
nexah-hz-fz-measurement/0.1.0,HZ_FZ_01,SYNTHETIC_CONFORMANCE_ONLY,Synthetic validator conformance fixture only; not an empirical measurement or capability claim.,SYNTHETIC,SYNTHETIC,SYNTHETIC,SYNTHETIC,0.002,SYNTHETIC,SELF_TEST,0.005,20,0.03,3,0.03,REFERENCE_A,synthetic-a,20,1,0,5,2000,s,V,N,0.1615,0.9921147013144775,1.9502987086111274
nexah-hz-fz-measurement/0.1.0,HZ_FZ_01,SYNTHETIC_CONFORMANCE_ONLY,Synthetic validator conformance fixture only; not an empirical measurement or capability claim.,SYNTHETIC,SYNTHETIC,SYNTHETIC,SYNTHETIC,0.002,SYNTHETIC,SELF_TEST,0.005,20,0.03,3,0.03,REFERENCE_A,synthetic-a,20,1,0,5,2000,s,V,N,0.162,0.9980267284282717,1.9186279490801146
nexah-hz-fz-measurement/0.1.0,HZ_FZ_01,SYNTHETIC_CONFORMANCE_ONLY,Synthetic validator conformance fixture only; not an empirical measurement or capability claim.,SYNTHETIC,SYNTHETIC,SYNTHETIC,SYNTHETIC,0.002,SYNTHETIC,SELF_TEST,0.005,20,0.03,3,0.03,REFERENCE_A,synthetic-a,20,1,0,5,2000,s,V,N,0.1625,1,1.8793852415718164
nexah-hz-fz-measurement/0.1.0,HZ_FZ_01,SYNTHETIC_CONFORMANCE_ONLY,Synthetic validator conformance fixture only; not an empirical measurement or capability claim.,SYNTHETIC,SYNTHETIC,SYNTHETIC,SYNTHETIC,0.002,SYNTHETIC,SELF_TEST,0.005,20,0.03,3,0.03,REFERENCE_A,synthetic-a,20,1,0,5,2000,s,V,N,0.163,0.9980267284282716,1.832725459124479
nexah-hz-fz-measurement/0.1.0,HZ_FZ_01,SYNTHETIC_CONFORMANCE_ONLY,Synthetic validator conformance fixture only; not an empirical measurement or capability claim.,SYNTHETIC,SYNTHETIC,SYNTHETIC,SYNTHETIC,0.002,SYNTHETIC,SELF_TEST,0.005,20,0.03,3,0.03,REFERENCE_A,synthetic-a,20,1,0,5,2000,s,V,N,0.1635,0.9921147013144778,1.7788327465825953
nexah-hz-fz-measurement/0.1.0,HZ_FZ_01,SYNTHETIC_CONFORMANCE_ONLY,Synthetic validator conformance fixture only; not an empirical measurement or capability claim.,SYNTHETIC,SYNTHETIC,SYNTHETIC,SYNTHETIC,0.002,SYNTHETIC,SELF_TEST,0.005,20,0.03,3,0.03,REFERENCE_A,synthetic-a,20,1,0,5,2000,s,V,N,0.164,0.9822872507286887,1.7179197938613293
nexah-hz-fz-measurement/0.1.0,HZ_FZ_01,SYNTHETIC_CONFORMANCE_ONLY,Synthetic validator conformance fixture only; not an empirical measurement or capability claim.,SYNTHETIC,SYNTHETIC,SYNTHETIC,SYNTHETIC,0.002,SYNTHETIC,SELF_TEST,0.005,20,0.03,3,0.03,REFERENCE_A,synthetic-a,20,1,0,5,2000,s,V,N,0.1645,0.9685831611286312,1.6502269965565912
nexah-hz-fz-measurement/0.1.0,HZ_FZ_01,SYNTHETIC_CONFORMANCE_ONLY,Synthetic validator conformance fixture only; not an empirical measurement or capability claim.,SYNTHETIC,SYNTHETIC,SYNTHETIC,SYNTHETIC,0.002,SYNTHETIC,SELF_TEST,0.005,20,0.03,3,0.03,REFERENCE_A,synthetic-a,20,1,0,5,2000,s,V,N,0.165,0.9510565162951539,1.5760215072134454
nexah-hz-fz-measurement/0.1.0,HZ_FZ_01,SYNTHETIC_CONFORMANCE_ONLY,Synthetic validator conformance fixture only; not an empirical measurement or capability claim.,SYNTHETIC,SYNTHETIC,SYNTHETIC,SYNTHETIC,0.002,SYNTHETIC,SELF_TEST,0.005,20,0.03,3,0.03,REFERENCE_A,synthetic-a,20,1,0,5,2000,s,V,N,0.1655,0.9297764858882518,1.495596180997066
nexah-hz-fz-measurement/0.1.0,HZ_FZ_01,SYNTHETIC_CONFORMANCE_ONLY,Synthetic validator conformance fixture only; not an empirical measurement or capability claim.,SYNTHETIC,SYNTHETIC,SYNTHETIC,SYNTHETIC,0.002,SYNTHETIC,SELF_TEST,0.005,20,0.03,3,0.03,REFERENCE_A,synthetic-a,20,1,0,5,2000,s,V,N,0.166,0.9048270524660187,1.409268419927187
nexah-hz-fz-measurement/0.1.0,HZ_FZ_01,SYNTHETIC_CONFORMANCE_ONLY,Synthetic validator conformance fixture only; not an empirical measurement or capability claim.,SYNTHETIC,SYNTHETIC,SYNTHETIC,SYNTHETIC,0.002,SYNTHETIC,SELF_TEST,0.005,20,0.03,3,0.03,REFERENCE_A,synthetic-a,20,1,0,5,2000,s,V,N,0.1665,0.8763066800438628,1.3173789202373591
nexah-hz-fz-measurement/0.1.0,HZ_FZ_01,SYNTHETIC_CONFORMANCE_ONLY,Synthetic validator conformance fixture only; not an empirical measurement or capability claim.,SYNTHETIC,SYNTHETIC,SYNTHETIC,SYNTHETIC,0.002,SYNTHETIC,SELF_TEST,0.005,20,0.03,3,0.03,REFERENCE_A,synthetic-a,20,1,0,5,2000,s,V,N,0.167,0.8443279255020144,1.2202903278025339
nexah-hz-fz-measurement/0.1.0,HZ_FZ_01,SYNTHETIC_CONFORMANCE_ONLY,Synthetic validator conformance fixture only; not an empirical measurement or capability claim.,SYNTHETIC,SYNTHETIC,SYNTHETIC,SYNTHETIC,0.002,SYNTHETIC,SELF_TEST,0.005,20,0.03,3,0.03,REFERENCE_A,synthetic-a,20,1,0,5,2000,s,V,N,0.1675,0.8090169943749469,1.1183858069414927
nexah-hz-fz-measurement/0.1.0,HZ_FZ_01,SYNTHETIC_CONFORMANCE_ONLY,Synthetic validator conformance fixture only; not an empirical measurement or capability claim.,SYNTHETIC,SYNTHETIC,SYNTHETIC,SYNTHETIC,0.002,SYNTHETIC,SELF_TEST,0.005,20,0.03,3,0.03,REFERENCE_A,synthetic-a,20,1,0,5,2000,s,V,N,0.168,0.7705132427757888,1.0120675282423273
nexah-hz-fz-measurement/0.1.0,HZ_FZ_01,SYNTHETIC_CONFORMANCE_ONLY,Synthetic validator conformance fixture only; not an empirical measurement or capability claim.,SYNTHETIC,SYNTHETIC,SYNTHETIC,SYNTHETIC,0.002,SYNTHETIC,SELF_TEST,0.005,20,0.03,3,0.03,REFERENCE_A,synthetic-a,20,1,0,5,2000,s,V,N,0.1685,0.7289686274214113,0.9017550813788618
nexah-hz-fz-measurement/0.1.0,HZ_FZ_01,SYNTHETIC_CONFORMANCE_ONLY,Synthetic validator conformance fixture only; not an empirical measurement or capability claim.,SYNTHETIC,SYNTHETIC,SYNTHETIC,SYNTHETIC,0.002,SYNTHETIC,SELF_TEST,0.005,20,0.03,3,0.03,REFERENCE_A,synthetic-a,20,1,0,5,2000,s,V,N,0.169,0.6845471059286887,0.7878838191819032
nexah-hz-fz-measurement/0.1.0,HZ_FZ_01,SYNTHETIC_CONFORMANCE_ONLY,Synthetic validator conformance fixture only; not an empirical measurement or capability claim.,SYNTHETIC,SYNTHETIC,SYNTHETIC,SYNTHETIC,0.002,SYNTHETIC,SELF_TEST,0.005,20,0.03,3,0.03,REFERENCE_A,synthetic-a,20,1,0,5,2000,s,V,N,0.1695,0.6374239897486901,0.6709031395005117
nexah-hz-fz-measurement/0.1.0,HZ_FZ_01,SYNTHETIC_CONFORMANCE_ONLY,Synthetic validator conformance fixture only; not an empirical measurement or capability claim.,SYNTHETIC,SYNTHETIC,SYNTHETIC,SYNTHETIC,0.002,SYNTHETIC,SELF_TEST,0.005,20,0.03,3,0.03,REFERENCE_A,synthetic-a,20,1,0,5,2000,s,V,N,0.17,0.5877852522924738,0.5512747116340008
nexah-hz-fz-measurement/0.1.0,HZ_FZ_01,SYNTHETIC_CONFORMANCE_ONLY,Synthetic validator conformance fixture only; not an empirical measurement or capability claim.,SYNTHETIC,SYNTHETIC,SYNTHETIC,SYNTHETIC,0.002,SYNTHETIC,SELF_TEST,0.005,20,0.03,3,0.03,REFERENCE_A,synthetic-a,20,1,0,5,2000,s,V,N,0.1705,0.5358267949789947,0.42947065433412257
nexah-hz-fz-measurement/0.1.0,HZ_FZ_01,SYNTHETIC_CONFORMANCE_ONLY,Synthetic validator conformance fixture only; not an empirical measurement or capability claim.,SYNTHETIC,SYNTHETIC,SYNTHETIC,SYNTHETIC,0.002,SYNTHETIC,SELF_TEST,0.005,20,0.03,3,0.03,REFERENCE_A,synthetic-a,20,1,0,5,2000,s,V,N,0.171,0.48175367410171355,0.305971672568073
nexah-hz-fz-measurement/0.1.0,HZ_FZ_01,SYNTHETIC_CONFORMANCE_ONLY,Synthetic validator conformance fixture only; not an empirical measurement or capability claim.,SYNTHETIC,SYNTHETIC,SYNTHETIC,SYNTHETIC,0.002,SYNTHETIC,SELF_TEST,0.005,20,0.03,3,0.03,REFERENCE_A,synthetic-a,20,1,0,5,2000,s,V,N,0.1715,0.42577929156507116,0.18126516039555784
nexah-hz-fz-measurement/0.1.0,HZ_FZ_01,SYNTHETIC_CONFORMANCE_ONLY,Synthetic validator conformance fixture only; not an empirical measurement or capability claim.,SYNTHETIC,SYNTHETIC,SYNTHETIC,SYNTHETIC,0.002,SYNTHETIC,SELF_TEST,0.005,20,0.03,3,0.03,REFERENCE_A,synthetic-a,20,1,0,5,2000,s,V,N,0.172,0.3681245526846801,0.055843277447143104
nexah-hz-fz-measurement/0.1.0,HZ_FZ_01,SYNTHETIC_CONFORMANCE_ONLY,Synthetic validator conformance fixture only; not an empirical measurement or capability claim.,SYNTHETIC,SYNTHETIC,SYNTHETIC,SYNTHETIC,0.002,SYNTHETIC,SELF_TEST,0.005,20,0.03,3,0.03,REFERENCE_A,synthetic-a,20,1,0,5,2000,s,V,N,0.1725,0.3090169943749499,-0.06979899340499589
nexah-hz-fz-measurement/0.1.0,HZ_FZ_01,SYNTHETIC_CONFORMANCE_ONLY,Synthetic validator conformance fixture only; not an empirical measurement or capability claim.,SYNTHETIC,SYNTHETIC,SYNTHETIC,SYNTHETIC,0.002,SYNTHETIC,SELF_TEST,0.005,20,0.03,3,0.03,REFERENCE_A,synthetic-a,20,1,0,5,2000,s,V,N,0.173,0.24868988716485768,-0.19516579951829222
nexah-hz-fz-measurement/0.1.0,HZ_FZ_01,SYNTHETIC_CONFORMANCE_ONLY,Synthetic validator conformance fixture only; not an empirical measurement or capability claim.,SYNTHETIC,SYNTHETIC,SYNTHETIC,SYNTHETIC,0.002,SYNTHETIC,SELF_TEST,0.005,20,0.03,3,0.03,REFERENCE_A,synthetic-a,20,1,0,5,2000,s,V,N,0.1735,0.1873813145857279,-0.3197623753836623
nexah-hz-fz-measurement/0.1.0,HZ_FZ_01,SYNTHETIC_CONFORMANCE_ONLY,Synthetic validator conformance fixture only; not an empirical measurement or capability claim.,SYNTHETIC,SYNTHETIC,SYNTHETIC,SYNTHETIC,0.002,SYNTHETIC,SELF_TEST,0.005,20,0.03,3,0.03,REFERENCE_A,synthetic-a,20,1,0,5,2000,s,V,N,0.174,0.12533323356430792,-0.4430969952389266
nexah-hz-fz-measurement/0.1.0,HZ_FZ_01,SYNTHETIC_CONFORMANCE_ONLY,Synthetic validator conformance fixture only; not an empirical measurement or capability claim.,SYNTHETIC,SYNTHETIC,SYNTHETIC,SYNTHETIC,0.002,SYNTHETIC,SELF_TEST,0.005,20,0.03,3,0.03,REFERENCE_A,synthetic-a,20,1,0,5,2000,s,V,N,0.1745,0.06279051952931743,-0.5646829136857443
nexah-hz-fz-measurement/0.1.0,HZ_FZ_01,SYNTHETIC_CONFORMANCE_ONLY,Synthetic validator conformance fixture only; not an empirical measurement or capability claim.,SYNTHETIC,SYNTHETIC,SYNTHETIC,SYNTHETIC,0.002,SYNTHETIC,SELF_TEST,0.005,20,0.03,3,0.03,REFERENCE_A,synthetic-a,20,1,0,5,2000,s,V,N,0.175,8.572527594031472e-16,-0.6840402866513351
nexah-hz-fz-measurement/0.1.0,HZ_FZ_01,SYNTHETIC_CONFORMANCE_ONLY,Synthetic validator conformance fixture only; not an empirical measurement or capability claim.,SYNTHETIC,SYNTHETIC,SYNTHETIC,SYNTHETIC,0.002,SYNTHETIC,SELF_TEST,0.005,20,0.03,3,0.03,REFERENCE_A,synthetic-a,20,1,0,5,2000,s,V,N,0.1755,-0.06279051952931217,-0.8006980651137869
nexah-hz-fz-measurement/0.1.0,HZ_FZ_01,SYNTHETIC_CONFORMANCE_ONLY,Synthetic validator conformance fixture only; not an empirical measurement or capability claim.,SYNTHETIC,SYNTHETIC,SYNTHETIC,SYNTHETIC,0.002,SYNTHETIC,SELF_TEST,0.005,20,0.03,3,0.03,REFERENCE_A,synthetic-a,20,1,0,5,2000,s,V,N,0.176,-0.12533323356430268,-0.9141958541173848
nexah-hz-fz-measurement/0.1.0,HZ_FZ_01,SYNTHETIC_CONFORMANCE_ONLY,Synthetic validator conformance fixture only; not an empirical measurement or capability claim.,SYNTHETIC,SYNTHETIC,SYNTHETIC,SYNTHETIC,0.002,SYNTHETIC,SELF_TEST,0.005,20,0.03,3,0.03,REFERENCE_A,synthetic-a,20,1,0,5,2000,s,V,N,0.1765,-0.18738131458572274,-1.024085729741139
nexah-hz-fz-measurement/0.1.0,HZ_FZ_01,SYNTHETIC_CONFORMANCE_ONLY,Synthetic validator conformance fixture only; not an empirical measurement or capability claim.,SYNTHETIC,SYNTHETIC,SYNTHETIC,SYNTHETIC,0.002,SYNTHETIC,SELF_TEST,0.005,20,0.03,3,0.03,REFERENCE_A,synthetic-a,20,1,0,5,2000,s,V,N,0.177,-0.24868988716485257,-1.1299340068498713
nexah-hz-fz-measurement/0.1.0,HZ_FZ_01,SYNTHETIC_CONFORMANCE_ONLY,Synthetic validator conformance fixture only; not an empirical measurement or capability claim.,SYNTHETIC,SYNTHETIC,SYNTHETIC,SYNTHETIC,0.002,SYNTHETIC,SELF_TEST,0.005,20,0.03,3,0.03,REFERENCE_A,synthetic-a,20,1,0,5,2000,s,V,N,0.1775,-0.3090169943749449,-1.2313229506513117
nexah-hz-fz-measurement/0.1.0,HZ_FZ_01,SYNTHETIC_CONFORMANCE_ONLY,Synthetic validator conformance fixture only; not an empirical measurement or capability claim.,SYNTHETIC,SYNTHETIC,SYNTHETIC,SYNTHETIC,0.002,SYNTHETIC,SELF_TEST,0.005,20,0.03,3,0.03,REFERENCE_A,synthetic-a,20,1,0,5,2000,s,V,N,0.178,-0.36812455268467514,-1.3278524253044781
nexah-hz-fz-measurement/0.1.0,HZ_FZ_01,SYNTHETIC_CONFORMANCE_ONLY,Synthetic validator conformance fixture only; not an empirical measurement or capability claim.,SYNTHETIC,SYNTHETIC,SYNTHETIC,SYNTHETIC,0.002,SYNTHETIC,SELF_TEST,0.005,20,0.03,3,0.03,REFERENCE_A,synthetic-a,20,1,0,5,2000,s,V,N,0.1785,-0.4257792915650696,-1.4191414730730365
nexah-hz-fz-measurement/0.1.0,HZ_FZ_01,SYNTHETIC_CONFORMANCE_ONLY,Synthetic validator conformance fixture only; not an empirical measurement or capability claim.,SYNTHETIC,SYNTHETIC,SYNTHETIC,SYNTHETIC,0.002,SYNTHETIC,SELF_TEST,0.005,20,0.03,3,0.03,REFERENCE_A,synthetic-a,20,1,0,5,2000,s,V,N,0.179,-0.48175367410171516,-1.5048298177914479
nexah-hz-fz-measurement/0.1.0,HZ_FZ_01,SYNTHETIC_CONFORMANCE_ONLY,Synthetic validator conformance fixture only; not an empirical measurement or capability claim.,SYNTHETIC,SYNTHETIC,SYNTHETIC,SYNTHETIC,0.002,SYNTHETIC,SELF_TEST,0.005,20,0.03,3,0.03,REFERENCE_A,synthetic-a,20,1,0,5,2000,s,V,N,0.1795,-0.5358267949789962,-1.5845792867103803
nexah-hz-fz-measurement/0.1.0,HZ_FZ_01,SYNTHETIC_CONFORMANCE_ONLY,Synthetic validator conformance fixture only; not an empirical measurement or capability claim.,SYNTHETIC,SYNTHETIC,SYNTHETIC,SYNTHETIC,0.002,SYNTHETIC,SELF_TEST,0.005,20,0.03,3,0.03,REFERENCE_A,synthetic-a,20,1,0,5,2000,s,V,N,0.18,-0.5877852522924725,-1.658075145110082
nexah-hz-fz-measurement/0.1.0,HZ_FZ_01,SYNTHETIC_CONFORMANCE_ONLY,Synthetic validator conformance fixture only; not an empirical measurement or capability claim.,SYNTHETIC,SYNTHETIC,SYNTHETIC,SYNTHETIC,0.002,SYNTHETIC,SELF_TEST,0.005,20,0.03,3,0.03,REFERENCE_A,synthetic-a,20,1,0,5,2000,s,V,N,0.1805,-0.6374239897486887,-1.7250273384145132
nexah-hz-fz-measurement/0.1.0,HZ_FZ_01,SYNTHETIC_CONFORMANCE_ONLY,Synthetic validator conformance fixture only; not an empirical measurement or capability claim.,SYNTHETIC,SYNTHETIC,SYNTHETIC,SYNTHETIC,0.002,SYNTHETIC,SELF_TEST,0.005,20,0.03,3,0.03,REFERENCE_A,synthetic-a,20,1,0,5,2000,s,V,N,0.181,-0.6845471059286875,-1.7851716369042492
nexah-hz-fz-measurement/0.1.0,HZ_FZ_01,SYNTHETIC_CONFORMANCE_ONLY,Synthetic validator conformance fixture only; not an empirical measurement or capability claim.,SYNTHETIC,SYNTHETIC,SYNTHETIC,SYNTHETIC,0.002,SYNTHETIC,SELF_TEST,0.005,20,0.03,3,0.03,REFERENCE_A,synthetic-a,20,1,0,5,2000,s,V,N,0.1815,-0.7289686274214102,-1.838270678510467
nexah-hz-fz-measurement/0.1.0,HZ_FZ_01,SYNTHETIC_CONFORMANCE_ONLY,Synthetic validator conformance fixture only; not an empirical measurement or capability claim.,SYNTHETIC,SYNTHETIC,SYNTHETIC,SYNTHETIC,0.002,SYNTHETIC,SELF_TEST,0.005,20,0.03,3,0.03,REFERENCE_A,synthetic-a,20,1,0,5,2000,s,V,N,0.182,-0.7705132427757877,-1.8841149055745916
nexah-hz-fz-measurement/0.1.0,HZ_FZ_01,SYNTHETIC_CONFORMANCE_ONLY,Synthetic validator conformance fixture only; not an empirical measurement or capability claim.,SYNTHETIC,SYNTHETIC,SYNTHETIC,SYNTHETIC,0.002,SYNTHETIC,SELF_TEST,0.005,20,0.03,3,0.03,REFERENCE_A,synthetic-a,20,1,0,5,2000,s,V,N,0.1825,-0.8090169943749459,-1.922523391876636
nexah-hz-fz-measurement/0.1.0,HZ_FZ_01,SYNTHETIC_CONFORMANCE_ONLY,Synthetic validator conformance fixture only; not an empirical measurement or capability claim.,SYNTHETIC,SYNTHETIC,SYNTHETIC,SYNTHETIC,0.002,SYNTHETIC,SELF_TEST,0.005,20,0.03,3,0.03,REFERENCE_A,synthetic-a,20,1,0,5,2000,s,V,N,0.183,-0.8443279255020134,-1.9533445566683343
nexah-hz-fz-measurement/0.1.0,HZ_FZ_01,SYNTHETIC_CONFORMANCE_ONLY,Synthetic validator conformance fixture only; not an empirical measurement or capability claim.,SYNTHETIC,SYNTHETIC,SYNTHETIC,SYNTHETIC,0.002,SYNTHETIC,SELF_TEST,0.005,20,0.03,3,0.03,REFERENCE_A,synthetic-a,20,1,0,5,2000,s,V,N,0.1835,-0.8763066800438637,-1.9764567628931056
nexah-hz-fz-measurement/0.1.0,HZ_FZ_01,SYNTHETIC_CONFORMANCE_ONLY,Synthetic validator conformance fixture only; not an empirical measurement or capability claim.,SYNTHETIC,SYNTHETIC,SYNTHETIC,SYNTHETIC,0.002,SYNTHETIC,SELF_TEST,0.005,20,0.03,3,0.03,REFERENCE_A,synthetic-a,20,1,0,5,2000,s,V,N,0.184,-0.9048270524660195,-1.9917687972319407
nexah-hz-fz-measurement/0.1.0,HZ_FZ_01,SYNTHETIC_CONFORMANCE_ONLY,Synthetic validator conformance fixture only; not an empirical measurement or capability claim.,SYNTHETIC,SYNTHETIC,SYNTHETIC,SYNTHETIC,0.002,SYNTHETIC,SELF_TEST,0.005,20,0.03,3,0.03,REFERENCE_A,synthetic-a,20,1,0,5,2000,s,V,N,0.1845,-0.9297764858882512,-1.9992202300807087
nexah-hz-fz-measurement/0.1.0,HZ_FZ_01,SYNTHETIC_CONFORMANCE_ONLY,Synthetic validator conformance fixture only; not an empirical measurement or capability claim.,SYNTHETIC,SYNTHETIC,SYNTHETIC,SYNTHETIC,0.002,SYNTHETIC,SELF_TEST,0.005,20,0.03,3,0.03,REFERENCE_A,synthetic-a,20,1,0,5,2000,s,V,N,0.185,-0.9510565162951533,-1.9987816540381915
nexah-hz-fz-measurement/0.1.0,HZ_FZ_01,SYNTHETIC_CONFORMANCE_ONLY,Synthetic validator conformance fixture only; not an empirical measurement or capability claim.,SYNTHETIC,SYNTHETIC,SYNTHETIC,SYNTHETIC,0.002,SYNTHETIC,SELF_TEST,0.005,20,0.03,3,0.03,REFERENCE_A,synthetic-a,20,1,0,5,2000,s,V,N,0.1855,-0.9685831611286309,-1.9904547999636626
nexah-hz-fz-measurement/0.1.0,HZ_FZ_01,SYNTHETIC_CONFORMANCE_ONLY,Synthetic validator conformance fixture only; not an empirical measurement or capability claim.,SYNTHETIC,SYNTHETIC,SYNTHETIC,SYNTHETIC,0.002,SYNTHETIC,SELF_TEST,0.005,20,0.03,3,0.03,REFERENCE_A,synthetic-a,20,1,0,5,2000,s,V,N,0.186,-0.9822872507286884,-1.9742725301459765
nexah-hz-fz-measurement/0.1.0,HZ_FZ_01,SYNTHETIC_CONFORMANCE_ONLY,Synthetic validator conformance fixture only; not an empirical measurement or capability claim.,SYNTHETIC,SYNTHETIC,SYNTHETIC,SYNTHETIC,0.002,SYNTHETIC,SELF_TEST,0.005,20,0.03,3,0.03,REFERENCE_A,synthetic-a,20,1,0,5,2000,s,V,N,0.1865,-0.9921147013144775,-1.9502987086111274
nexah-hz-fz-measurement/0.1.0,HZ_FZ_01,SYNTHETIC_CONFORMANCE_ONLY,Synthetic validator conformance fixture only; not an empirical measurement or capability claim.,SYNTHETIC,SYNTHETIC,SYNTHETIC,SYNTHETIC,0.002,SYNTHETIC,SELF_TEST,0.005,20,0.03,3,0.03,REFERENCE_A,synthetic-a,20,1,0,5,2000,s,V,N,0.187,-0.9980267284282714,-1.9186279490801166
nexah-hz-fz-measurement/0.1.0,HZ_FZ_01,SYNTHETIC_CONFORMANCE_ONLY,Synthetic validator conformance fixture only; not an empirical measurement or capability claim.,SYNTHETIC,SYNTHETIC,SYNTHETIC,SYNTHETIC,0.002,SYNTHETIC,SELF_TEST,0.005,20,0.03,3,0.03,REFERENCE_A,synthetic-a,20,1,0,5,2000,s,V,N,0.1875,-1,-1.8793852415718189
nexah-hz-fz-measurement/0.1.0,HZ_FZ_01,SYNTHETIC_CONFORMANCE_ONLY,Synthetic validator conformance fixture only; not an empirical measurement or capability claim.,SYNTHETIC,SYNTHETIC,SYNTHETIC,SYNTHETIC,0.002,SYNTHETIC,SELF_TEST,0.005,20,0.03,3,0.03,REFERENCE_A,synthetic-a,20,1,0,5,2000,s,V,N,0.188,-0.9980267284282716,-1.832725459124479
nexah-hz-fz-measurement/0.1.0,HZ_FZ_01,SYNTHETIC_CONFORMANCE_ONLY,Synthetic validator conformance fixture only; not an empirical measurement or capability claim.,SYNTHETIC,SYNTHETIC,SYNTHETIC,SYNTHETIC,0.002,SYNTHETIC,SELF_TEST,0.005,20,0.03,3,0.03,REFERENCE_A,synthetic-a,20,1,0,5,2000,s,V,N,0.1885,-0.9921147013144778,-1.7788327465825953
nexah-hz-fz-measurement/0.1.0,HZ_FZ_01,SYNTHETIC_CONFORMANCE_ONLY,Synthetic validator conformance fixture only; not an empirical measurement or capability claim.,SYNTHETIC,SYNTHETIC,SYNTHETIC,SYNTHETIC,0.002,SYNTHETIC,SELF_TEST,0.005,20,0.03,3,0.03,REFERENCE_A,synthetic-a,20,1,0,5,2000,s,V,N,0.189,-0.9822872507286887,-1.7179197938613295
nexah-hz-fz-measurement/0.1.0,HZ_FZ_01,SYNTHETIC_CONFORMANCE_ONLY,Synthetic validator conformance fixture only; not an empirical measurement or capability claim.,SYNTHETIC,SYNTHETIC,SYNTHETIC,SYNTHETIC,0.002,SYNTHETIC,SELF_TEST,0.005,20,0.03,3,0.03,REFERENCE_A,synthetic-a,20,1,0,5,2000,s,V,N,0.1895,-0.9685831611286313,-1.6502269965565914
nexah-hz-fz-measurement/0.1.0,HZ_FZ_01,SYNTHETIC_CONFORMANCE_ONLY,Synthetic validator conformance fixture only; not an empirical measurement or capability claim.,SYNTHETIC,SYNTHETIC,SYNTHETIC,SYNTHETIC,0.002,SYNTHETIC,SELF_TEST,0.005,20,0.03,3,0.03,REFERENCE_A,synthetic-a,20,1,0,5,2000,s,V,N,0.19,-0.9510565162951539,-1.5760215072134456
nexah-hz-fz-measurement/0.1.0,HZ_FZ_01,SYNTHETIC_CONFORMANCE_ONLY,Synthetic validator conformance fixture only; not an empirical measurement or capability claim.,SYNTHETIC,SYNTHETIC,SYNTHETIC,SYNTHETIC,0.002,SYNTHETIC,SELF_TEST,0.005,20,0.03,3,0.03,REFERENCE_A,synthetic-a,20,1,0,5,2000,s,V,N,0.1905,-0.9297764858882519,-1.495596180997066
nexah-hz-fz-measurement/0.1.0,HZ_FZ_01,SYNTHETIC_CONFORMANCE_ONLY,Synthetic validator conformance fixture only; not an empirical measurement or capability claim.,SYNTHETIC,SYNTHETIC,SYNTHETIC,SYNTHETIC,0.002,SYNTHETIC,SELF_TEST,0.005,20,0.03,3,0.03,REFERENCE_A,synthetic-a,20,1,0,5,2000,s,V,N,0.191,-0.9048270524660202,-1.4092684199271923
nexah-hz-fz-measurement/0.1.0,HZ_FZ_01,SYNTHETIC_CONFORMANCE_ONLY,Synthetic validator conformance fixture only; not an empirical measurement or capability claim.,SYNTHETIC,SYNTHETIC,SYNTHETIC,SYNTHETIC,0.002,SYNTHETIC,SELF_TEST,0.005,20,0.03,3,0.03,REFERENCE_A,synthetic-a,20,1,0,5,2000,s,V,N,0.1915,-0.8763066800438646,-1.3173789202373647
nexah-hz-fz-measurement/0.1.0,HZ_FZ_01,SYNTHETIC_CONFORMANCE_ONLY,Synthetic validator conformance fixture only; not an empirical measurement or capability claim.,SYNTHETIC,SYNTHETIC,SYNTHETIC,SYNTHETIC,0.002,SYNTHETIC,SELF_TEST,0.005,20,0.03,3,0.03,REFERENCE_A,synthetic-a,20,1,0,5,2000,s,V,N,0.192,-0.8443279255020144,-1.220290327802534
nexah-hz-fz-measurement/0.1.0,HZ_FZ_01,SYNTHETIC_CONFORMANCE_ONLY,Synthetic validator conformance fixture only; not an empirical measurement or capability claim.,SYNTHETIC,SYNTHETIC,SYNTHETIC,SYNTHETIC,0.002,SYNTHETIC,SELF_TEST,0.005,20,0.03,3,0.03,REFERENCE_A,synthetic-a,20,1,0,5,2000,s,V,N,0.1925,-0.8090169943749469,-1.118385806941493
nexah-hz-fz-measurement/0.1.0,HZ_FZ_01,SYNTHETIC_CONFORMANCE_ONLY,Synthetic validator conformance fixture only; not an empirical measurement or capability claim.,SYNTHETIC,SYNTHETIC,SYNTHETIC,SYNTHETIC,0.002,SYNTHETIC,SELF_TEST,0.005,20,0.03,3,0.03,REFERENCE_A,synthetic-a,20,1,0,5,2000,s,V,N,0.193,-0.7705132427757889,-1.0120675282423275
nexah-hz-fz-measurement/0.1.0,HZ_FZ_01,SYNTHETIC_CONFORMANCE_ONLY,Synthetic validator conformance fixture only; not an empirical measurement or capability claim.,SYNTHETIC,SYNTHETIC,SYNTHETIC,SYNTHETIC,0.002,SYNTHETIC,SELF_TEST,0.005,20,0.03,3,0.03,REFERENCE_A,synthetic-a,20,1,0,5,2000,s,V,N,0.1935,-0.7289686274214114,-0.9017550813788621
nexah-hz-fz-measurement/0.1.0,HZ_FZ_01,SYNTHETIC_CONFORMANCE_ONLY,Synthetic validator conformance fixture only; not an empirical measurement or capability claim.,SYNTHETIC,SYNTHETIC,SYNTHETIC,SYNTHETIC,0.002,SYNTHETIC,SELF_TEST,0.005,20,0.03,3,0.03,REFERENCE_A,synthetic-a,20,1,0,5,2000,s,V,N,0.194,-0.6845471059286888,-0.7878838191819034
nexah-hz-fz-measurement/0.1.0,HZ_FZ_01,SYNTHETIC_CONFORMANCE_ONLY,Synthetic validator conformance fixture only; not an empirical measurement or capability claim.,SYNTHETIC,SYNTHETIC,SYNTHETIC,SYNTHETIC,0.002,SYNTHETIC,SELF_TEST,0.005,20,0.03,3,0.03,REFERENCE_A,synthetic-a,20,1,0,5,2000,s,V,N,0.1945,-0.6374239897486902,-0.670903139500512
nexah-hz-fz-measurement/0.1.0,HZ_FZ_01,SYNTHETIC_CONFORMANCE_ONLY,Synthetic validator conformance fixture only; not an empirical measurement or capability claim.,SYNTHETIC,SYNTHETIC,SYNTHETIC,SYNTHETIC,0.002,SYNTHETIC,SELF_TEST,0.005,20,0.03,3,0.03,REFERENCE_A,synthetic-a,20,1,0,5,2000,s,V,N,0.195,-0.5877852522924739,-0.551274711634001
nexah-hz-fz-measurement/0.1.0,HZ_FZ_01,SYNTHETIC_CONFORMANCE_ONLY,Synthetic validator conformance fixture only; not an empirical measurement or capability claim.,SYNTHETIC,SYNTHETIC,SYNTHETIC,SYNTHETIC,0.002,SYNTHETIC,SELF_TEST,0.005,20,0.03,3,0.03,REFERENCE_A,synthetic-a,20,1,0,5,2000,s,V,N,0.1955,-0.5358267949789978,-0.4294706543341298
nexah-hz-fz-measurement/0.1.0,HZ_FZ_01,SYNTHETIC_CONFORMANCE_ONLY,Synthetic validator conformance fixture only; not an empirical measurement or capability claim.,SYNTHETIC,SYNTHETIC,SYNTHETIC,SYNTHETIC,0.002,SYNTHETIC,SELF_TEST,0.005,20,0.03,3,0.03,REFERENCE_A,synthetic-a,20,1,0,5,2000,s,V,N,0.196,-0.48175367410171677,-0.3059716725680802
nexah-hz-fz-measurement/0.1.0,HZ_FZ_01,SYNTHETIC_CONFORMANCE_ONLY,Synthetic validator conformance fixture only; not an empirical measurement or capability claim.,SYNTHETIC,SYNTHETIC,SYNTHETIC,SYNTHETIC,0.002,SYNTHETIC,SELF_TEST,0.005,20,0.03,3,0.03,REFERENCE_A,synthetic-a,20,1,0,5,2000,s,V,N,0.1965,-0.42577929156507127,-0.18126516039555807
nexah-hz-fz-measurement/0.1.0,HZ_FZ_01,SYNTHETIC_CONFORMANCE_ONLY,Synthetic validator conformance fixture only; not an empirical measurement or capability claim.,SYNTHETIC,SYNTHETIC,SYNTHETIC,SYNTHETIC,0.002,SYNTHETIC,SELF_TEST,0.005,20,0.03,3,0.03,REFERENCE_A,synthetic-a,20,1,0,5,2000,s,V,N,0.197,-0.36812455268467686,-0.05584327744713624
nexah-hz-fz-measurement/0.1.0,HZ_FZ_01,SYNTHETIC_CONFORMANCE_ONLY,Synthetic validator conformance fixture only; not an empirical measurement or capability claim.,SYNTHETIC,SYNTHETIC,SYNTHETIC,SYNTHETIC,0.002,SYNTHETIC,SELF_TEST,0.005,20,0.03,3,0.03,REFERENCE_A,synthetic-a,20,1,0,5,2000,s,V,N,0.1975,-0.3090169943749467,0.06979899340500274
nexah-hz-fz-measurement/0.1.0,HZ_FZ_01,SYNTHETIC_CONFORMANCE_ONLY,Synthetic validator conformance fixture only; not an empirical measurement or capability claim.,SYNTHETIC,SYNTHETIC,SYNTHETIC,SYNTHETIC,0.002,SYNTHETIC,SELF_TEST,0.005,20,0.03,3,0.03,REFERENCE_A,synthetic-a,20,1,0,5,2000,s,V,N,0.198,-0.24868988716485435,0.19516579951829904
nexah-hz-fz-measurement/0.1.0,HZ_FZ_01,SYNTHETIC_CONFORMANCE_ONLY,Synthetic validator conformance fixture only; not an empirical measurement or capability claim.,SYNTHETIC,SYNTHETIC,SYNTHETIC,SYNTHETIC,0.002,SYNTHETIC,SELF_TEST,0.005,20,0.03,3,0.03,REFERENCE_A,synthetic-a,20,1,0,5,2000,s,V,N,0.1985,-0.18738131458572455,0.3197623753836691
nexah-hz-fz-measurement/0.1.0,HZ_FZ_01,SYNTHETIC_CONFORMANCE_ONLY,Synthetic validator conformance fixture only; not an empirical measurement or capability claim.,SYNTHETIC,SYNTHETIC,SYNTHETIC,SYNTHETIC,0.002,SYNTHETIC,SELF_TEST,0.005,20,0.03,3,0.03,REFERENCE_A,synthetic-a,20,1,0,5,2000,s,V,N,0.199,-0.1253332335643045,0.4430969952389333
nexah-hz-fz-measurement/0.1.0,HZ_FZ_01,SYNTHETIC_CONFORMANCE_ONLY,Synthetic validator conformance fixture only; not an empirical measurement or capability claim.,SYNTHETIC,SYNTHETIC,SYNTHETIC,SYNTHETIC,0.002,SYNTHETIC,SELF_TEST,0.005,20,0.03,3,0.03,REFERENCE_A,synthetic-a,20,1,0,5,2000,s,V,N,0.1995,-0.062790519529314,0.564682913685751
nexah-hz-fz-measurement/0.1.0,HZ_FZ_01,SYNTHETIC_CONFORMANCE_ONLY,Synthetic validator conformance fixture only; not an empirical measurement or capability claim.,SYNTHETIC,SYNTHETIC,SYNTHETIC,SYNTHETIC,0.002,SYNTHETIC,SELF_TEST,0.005,20,0.03,3,0.03,REFERENCE_A,synthetic-a,20,1,0,5,2000,s,V,N,0.2,-9.797174393178826e-16,0.6840402866513349
nexah-hz-fz-measurement/0.1.0,HZ_FZ_01,SYNTHETIC_CONFORMANCE_ONLY,Synthetic validator conformance fixture only; not an empirical measurement or capability claim.,SYNTHETIC,SYNTHETIC,SYNTHETIC,SYNTHETIC,0.002,SYNTHETIC,SELF_TEST,0.005,20,0.03,3,0.03,REPLAY_B,synthetic-b,20,1,0,5,2000,s,V,N,0,0,0.7239032580815066
nexah-hz-fz-measurement/0.1.0,HZ_FZ_01,SYNTHETIC_CONFORMANCE_ONLY,Synthetic validator conformance fixture only; not an empirical measurement or capability claim.,SYNTHETIC,SYNTHETIC,SYNTHETIC,SYNTHETIC,0.002,SYNTHETIC,SELF_TEST,0.005,20,0.03,3,0.03,REPLAY_B,synthetic-b,20,1,0,5,2000,s,V,N,0.0005,0.06279051952931337,0.8408872003660105
nexah-hz-fz-measurement/0.1.0,HZ_FZ_01,SYNTHETIC_CONFORMANCE_ONLY,Synthetic validator conformance fixture only; not an empirical measurement or capability claim.,SYNTHETIC,SYNTHETIC,SYNTHETIC,SYNTHETIC,0.002,SYNTHETIC,SELF_TEST,0.005,20,0.03,3,0.03,REPLAY_B,synthetic-b,20,1,0,5,2000,s,V,N,0.001,0.12533323356430426,0.9545525450354891
nexah-hz-fz-measurement/0.1.0,HZ_FZ_01,SYNTHETIC_CONFORMANCE_ONLY,Synthetic validator conformance fixture only; not an empirical measurement or capability claim.,SYNTHETIC,SYNTHETIC,SYNTHETIC,SYNTHETIC,0.002,SYNTHETIC,SELF_TEST,0.005,20,0.03,3,0.03,REPLAY_B,synthetic-b,20,1,0,5,2000,s,V,N,0.0015,0.18738131458572463,1.0644507069032887
nexah-hz-fz-measurement/0.1.0,HZ_FZ_01,SYNTHETIC_CONFORMANCE_ONLY,Synthetic validator conformance fixture only; not an empirical measurement or capability claim.,SYNTHETIC,SYNTHETIC,SYNTHETIC,SYNTHETIC,0.002,SYNTHETIC,SELF_TEST,0.005,20,0.03,3,0.03,REPLAY_B,synthetic-b,20,1,0,5,2000,s,V,N,0.002,0.2486898871648548,1.1701479681322113
nexah-hz-fz-measurement/0.1.0,HZ_FZ_01,SYNTHETIC_CONFORMANCE_ONLY,Synthetic validator conformance fixture only; not an empirical measurement or capability claim.,SYNTHETIC,SYNTHETIC,SYNTHETIC,SYNTHETIC,0.002,SYNTHETIC,SELF_TEST,0.005,20,0.03,3,0.03,REPLAY_B,synthetic-b,20,1,0,5,2000,s,V,N,0.0025,0.3090169943749474,1.2712271899206717
nexah-hz-fz-measurement/0.1.0,HZ_FZ_01,SYNTHETIC_CONFORMANCE_ONLY,Synthetic validator conformance fixture only; not an empirical measurement or capability claim.,SYNTHETIC,SYNTHETIC,SYNTHETIC,SYNTHETIC,0.002,SYNTHETIC,SELF_TEST,0.005,20,0.03,3,0.03,REPLAY_B,synthetic-b,20,1,0,5,2000,s,V,N,0.003,0.368124552684678,1.3672894587589748
nexah-hz-fz-measurement/0.1.0,HZ_FZ_01,SYNTHETIC_CONFORMANCE_ONLY,Synthetic validator conformance fixture only; not an empirical measurement or capability claim.,SYNTHETIC,SYNTHETIC,SYNTHETIC,SYNTHETIC,0.002,SYNTHETIC,SELF_TEST,0.005,20,0.03,3,0.03,REPLAY_B,synthetic-b,20,1,0,5,2000,s,V,N,0.0035,0.42577929156507266,1.4579556607586917
nexah-hz-fz-measurement/0.1.0,HZ_FZ_01,SYNTHETIC_CONFORMANCE_ONLY,Synthetic validator conformance fixture only; not an empirical measurement or capability claim.,SYNTHETIC,SYNTHETIC,SYNTHETIC,SYNTHETIC,0.002,SYNTHETIC,SELF_TEST,0.005,20,0.03,3,0.03,REPLAY_B,synthetic-b,20,1,0,5,2000,s,V,N,0.004,0.4817536741017153,1.5428679778419774
nexah-hz-fz-measurement/0.1.0,HZ_FZ_01,SYNTHETIC_CONFORMANCE_ONLY,Synthetic validator conformance fixture only; not an empirical measurement or capability claim.,SYNTHETIC,SYNTHETIC,SYNTHETIC,SYNTHETIC,0.002,SYNTHETIC,SELF_TEST,0.005,20,0.03,3,0.03,REPLAY_B,synthetic-b,20,1,0,5,2000,s,V,N,0.0045,0.5358267949789965,1.6216912998860513
nexah-hz-fz-measurement/0.1.0,HZ_FZ_01,SYNTHETIC_CONFORMANCE_ONLY,Synthetic validator conformance fixture only; not an empirical measurement or capability claim.,SYNTHETIC,SYNTHETIC,SYNTHETIC,SYNTHETIC,0.002,SYNTHETIC,SELF_TEST,0.005,20,0.03,3,0.03,REPLAY_B,synthetic-b,20,1,0,5,2000,s,V,N,0.005,0.5877852522924731,1.6941145472497565
nexah-hz-fz-measurement/0.1.0,HZ_FZ_01,SYNTHETIC_CONFORMANCE_ONLY,Synthetic validator conformance fixture only; not an empirical measurement or capability claim.,SYNTHETIC,SYNTHETIC,SYNTHETIC,SYNTHETIC,0.002,SYNTHETIC,SELF_TEST,0.005,20,0.03,3,0.03,REPLAY_B,synthetic-b,20,1,0,5,2000,s,V,N,0.0055,0.6374239897486896,1.7598518984627824
nexah-hz-fz-measurement/0.1.0,HZ_FZ_01,SYNTHETIC_CONFORMANCE_ONLY,Synthetic validator conformance fixture only; not an empirical measurement or capability claim.,SYNTHETIC,SYNTHETIC,SYNTHETIC,SYNTHETIC,0.002,SYNTHETIC,SELF_TEST,0.005,20,0.03,3,0.03,REPLAY_B,synthetic-b,20,1,0,5,2000,s,V,N,0.006,0.6845471059286887,1.818643918232431
nexah-hz-fz-measurement/0.1.0,HZ_FZ_01,SYNTHETIC_CONFORMANCE_ONLY,Synthetic validator conformance fixture only; not an empirical measurement or capability claim.,SYNTHETIC,SYNTHETIC,SYNTHETIC,SYNTHETIC,0.002,SYNTHETIC,SELF_TEST,0.005,20,0.03,3,0.03,REPLAY_B,synthetic-b,20,1,0,5,2000,s,V,N,0.0065,0.7289686274214114,1.8702585813161894
nexah-hz-fz-measurement/0.1.0,HZ_FZ_01,SYNTHETIC_CONFORMANCE_ONLY,Synthetic validator conformance fixture only; not an empirical measurement or capability claim.,SYNTHETIC,SYNTHETIC,SYNTHETIC,SYNTHETIC,0.002,SYNTHETIC,SELF_TEST,0.005,20,0.03,3,0.03,REPLAY_B,synthetic-b,20,1,0,5,2000,s,V,N,0.007,0.7705132427757893,1.914492188219363
nexah-hz-fz-measurement/0.1.0,HZ_FZ_01,SYNTHETIC_CONFORMANCE_ONLY,Synthetic validator conformance fixture only; not an empirical measurement or capability claim.,SYNTHETIC,SYNTHETIC,SYNTHETIC,SYNTHETIC,0.002,SYNTHETIC,SELF_TEST,0.005,20,0.03,3,0.03,REPLAY_B,synthetic-b,20,1,0,5,2000,s,V,N,0.0075,0.8090169943749475,1.951170169103918
nexah-hz-fz-measurement/0.1.0,HZ_FZ_01,SYNTHETIC_CONFORMANCE_ONLY,Synthetic validator conformance fixture only; not an empirical measurement or capability claim.,SYNTHETIC,SYNTHETIC,SYNTHETIC,SYNTHETIC,0.002,SYNTHETIC,SELF_TEST,0.005,20,0.03,3,0.03,REPLAY_B,synthetic-b,20,1,0,5,2000,s,V,N,0.008,0.8443279255020151,1.9801477727358783
nexah-hz-fz-measurement/0.1.0,HZ_FZ_01,SYNTHETIC_CONFORMANCE_ONLY,Synthetic validator conformance fixture only; not an empirical measurement or capability claim.,SYNTHETIC,SYNTHETIC,SYNTHETIC,SYNTHETIC,0.002,SYNTHETIC,SELF_TEST,0.005,20,0.03,3,0.03,REPLAY_B,synthetic-b,20,1,0,5,2000,s,V,N,0.0085,0.8763066800438637,2.001310637752316
nexah-hz-fz-measurement/0.1.0,HZ_FZ_01,SYNTHETIC_CONFORMANCE_ONLY,Synthetic validator conformance fixture only; not an empirical measurement or capability claim.,SYNTHETIC,SYNTHETIC,SYNTHETIC,SYNTHETIC,0.002,SYNTHETIC,SELF_TEST,0.005,20,0.03,3,0.03,REPLAY_B,synthetic-b,20,1,0,5,2000,s,V,N,0.009,0.9048270524660195,2.0145752439934053
nexah-hz-fz-measurement/0.1.0,HZ_FZ_01,SYNTHETIC_CONFORMANCE_ONLY,Synthetic validator conformance fixture only; not an empirical measurement or capability claim.,SYNTHETIC,SYNTHETIC,SYNTHETIC,SYNTHETIC,0.002,SYNTHETIC,SELF_TEST,0.005,20,0.03,3,0.03,REPLAY_B,synthetic-b,20,1,0,5,2000,s,V,N,0.0095,0.9297764858882513,2.0198892421183348
nexah-hz-fz-measurement/0.1.0,HZ_FZ_01,SYNTHETIC_CONFORMANCE_ONLY,Synthetic validator conformance fixture only; not an empirical measurement or capability claim.,SYNTHETIC,SYNTHETIC,SYNTHETIC,SYNTHETIC,0.002,SYNTHETIC,SELF_TEST,0.005,20,0.03,3,0.03,REPLAY_B,synthetic-b,20,1,0,5,2000,s,V,N,0.01,0.9510565162951535,2.017231660204239
nexah-hz-fz-measurement/0.1.0,HZ_FZ_01,SYNTHETIC_CONFORMANCE_ONLY,Synthetic validator conformance fixture only; not an empirical measurement or capability claim.,SYNTHETIC,SYNTHETIC,SYNTHETIC,SYNTHETIC,0.002,SYNTHETIC,SELF_TEST,0.005,20,0.03,3,0.03,REPLAY_B,synthetic-b,20,1,0,5,2000,s,V,N,0.0105,0.9685831611286311,2.006612986512801
nexah-hz-fz-measurement/0.1.0,HZ_FZ_01,SYNTHETIC_CONFORMANCE_ONLY,Synthetic validator conformance fixture only; not an empirical measurement or capability claim.,SYNTHETIC,SYNTHETIC,SYNTHETIC,SYNTHETIC,0.002,SYNTHETIC,SELF_TEST,0.005,20,0.03,3,0.03,REPLAY_B,synthetic-b,20,1,0,5,2000,s,V,N,0.011,0.9822872507286886,1.9880751280978688
nexah-hz-fz-measurement/0.1.0,HZ_FZ_01,SYNTHETIC_CONFORMANCE_ONLY,Synthetic validator conformance fixture only; not an empirical measurement or capability claim.,SYNTHETIC,SYNTHETIC,SYNTHETIC,SYNTHETIC,0.002,SYNTHETIC,SELF_TEST,0.005,20,0.03,3,0.03,REPLAY_B,synthetic-b,20,1,0,5,2000,s,V,N,0.0115,0.9921147013144779,1.9616912454174649
nexah-hz-fz-measurement/0.1.0,HZ_FZ_01,SYNTHETIC_CONFORMANCE_ONLY,Synthetic validator conformance fixture only; not an empirical measurement or capability claim.,SYNTHETIC,SYNTHETIC,SYNTHETIC,SYNTHETIC,0.002,SYNTHETIC,SELF_TEST,0.005,20,0.03,3,0.03,REPLAY_B,synthetic-b,20,1,0,5,2000,s,V,N,0.012,0.9980267284282716,1.9275654636028792
nexah-hz-fz-measurement/0.1.0,HZ_FZ_01,SYNTHETIC_CONFORMANCE_ONLY,Synthetic validator conformance fixture only; not an empirical measurement or capability claim.,SYNTHETIC,SYNTHETIC,SYNTHETIC,SYNTHETIC,0.002,SYNTHETIC,SELF_TEST,0.005,20,0.03,3,0.03,REPLAY_B,synthetic-b,20,1,0,5,2000,s,V,N,0.0125,1,1.8858324615243476
nexah-hz-fz-measurement/0.1.0,HZ_FZ_01,SYNTHETIC_CONFORMANCE_ONLY,Synthetic validator conformance fixture only; not an empirical measurement or capability claim.,SYNTHETIC,SYNTHETIC,SYNTHETIC,SYNTHETIC,0.002,SYNTHETIC,SELF_TEST,0.005,20,0.03,3,0.03,REPLAY_B,synthetic-b,20,1,0,5,2000,s,V,N,0.013,0.9980267284282716,1.8366569402750788
nexah-hz-fz-measurement/0.1.0,HZ_FZ_01,SYNTHETIC_CONFORMANCE_ONLY,Synthetic validator conformance fixture only; not an empirical measurement or capability claim.,SYNTHETIC,SYNTHETIC,SYNTHETIC,SYNTHETIC,0.002,SYNTHETIC,SELF_TEST,0.005,20,0.03,3,0.03,REPLAY_B,synthetic-b,20,1,0,5,2000,s,V,N,0.0135,0.9921147013144779,1.7802329731712845
nexah-hz-fz-measurement/0.1.0,HZ_FZ_01,SYNTHETIC_CONFORMANCE_ONLY,Synthetic validator conformance fixture only; not an empirical measurement or capability claim.,SYNTHETIC,SYNTHETIC,SYNTHETIC,SYNTHETIC,0.002,SYNTHETIC,SELF_TEST,0.005,20,0.03,3,0.03,REPLAY_B,synthetic-b,20,1,0,5,2000,s,V,N,0.014,0.9822872507286887,1.716783239833465
nexah-hz-fz-measurement/0.1.0,HZ_FZ_01,SYNTHETIC_CONFORMANCE_ONLY,Synthetic validator conformance fixture only; not an empirical measurement or capability claim.,SYNTHETIC,SYNTHETIC,SYNTHETIC,SYNTHETIC,0.002,SYNTHETIC,SELF_TEST,0.005,20,0.03,3,0.03,REPLAY_B,synthetic-b,20,1,0,5,2000,s,V,N,0.0145,0.9685831611286311,1.6465581473716795
nexah-hz-fz-measurement/0.1.0,HZ_FZ_01,SYNTHETIC_CONFORMANCE_ONLY,Synthetic validator conformance fixture only; not an empirical measurement or capability claim.,SYNTHETIC,SYNTHETIC,SYNTHETIC,SYNTHETIC,0.002,SYNTHETIC,SELF_TEST,0.005,20,0.03,3,0.03,REPLAY_B,synthetic-b,20,1,0,5,2000,s,V,N,0.015,0.9510565162951536,1.5698348421430814
nexah-hz-fz-measurement/0.1.0,HZ_FZ_01,SYNTHETIC_CONFORMANCE_ONLY,Synthetic validator conformance fixture only; not an empirical measurement or capability claim.,SYNTHETIC,SYNTHETIC,SYNTHETIC,SYNTHETIC,0.002,SYNTHETIC,SELF_TEST,0.005,20,0.03,3,0.03,REPLAY_B,synthetic-b,20,1,0,5,2000,s,V,N,0.0155,0.9297764858882515,1.4869161159818636
nexah-hz-fz-measurement/0.1.0,HZ_FZ_01,SYNTHETIC_CONFORMANCE_ONLY,Synthetic validator conformance fixture only; not an empirical measurement or capability claim.,SYNTHETIC,SYNTHETIC,SYNTHETIC,SYNTHETIC,0.002,SYNTHETIC,SELF_TEST,0.005,20,0.03,3,0.03,REPLAY_B,synthetic-b,20,1,0,5,2000,s,V,N,0.016,0.9048270524660195,1.3981292112182218
nexah-hz-fz-measurement/0.1.0,HZ_FZ_01,SYNTHETIC_CONFORMANCE_ONLY,Synthetic validator conformance fixture only; not an empirical measurement or capability claim.,SYNTHETIC,SYNTHETIC,SYNTHETIC,SYNTHETIC,0.002,SYNTHETIC,SELF_TEST,0.005,20,0.03,3,0.03,REPLAY_B,synthetic-b,20,1,0,5,2000,s,V,N,0.0165,0.8763066800438635,1.30382452920238
nexah-hz-fz-measurement/0.1.0,HZ_FZ_01,SYNTHETIC_CONFORMANCE_ONLY,Synthetic validator conformance fixture only; not an empirical measurement or capability claim.,SYNTHETIC,SYNTHETIC,SYNTHETIC,SYNTHETIC,0.002,SYNTHETIC,SELF_TEST,0.005,20,0.03,3,0.03,REPLAY_B,synthetic-b,20,1,0,5,2000,s,V,N,0.017,0.844327925502015,1.2043742474305437
nexah-hz-fz-measurement/0.1.0,HZ_FZ_01,SYNTHETIC_CONFORMANCE_ONLY,Synthetic validator conformance fixture only; not an empirical measurement or capability claim.,SYNTHETIC,SYNTHETIC,SYNTHETIC,SYNTHETIC,0.002,SYNTHETIC,SELF_TEST,0.005,20,0.03,3,0.03,REPLAY_B,synthetic-b,20,1,0,5,2000,s,V,N,0.0175,0.8090169943749475,1.1001708507303551
nexah-hz-fz-measurement/0.1.0,HZ_FZ_01,SYNTHETIC_CONFORMANCE_ONLY,Synthetic validator conformance fixture only; not an empirical measurement or capability claim.,SYNTHETIC,SYNTHETIC,SYNTHETIC,SYNTHETIC,0.002,SYNTHETIC,SELF_TEST,0.005,20,0.03,3,0.03,REPLAY_B,synthetic-b,20,1,0,5,2000,s,V,N,0.018,0.7705132427757895,0.9916255823025856
nexah-hz-fz-measurement/0.1.0,HZ_FZ_01,SYNTHETIC_CONFORMANCE_ONLY,Synthetic validator conformance fixture only; not an empirical measurement or capability claim.,SYNTHETIC,SYNTHETIC,SYNTHETIC,SYNTHETIC,0.002,SYNTHETIC,SELF_TEST,0.005,20,0.03,3,0.03,REPLAY_B,synthetic-b,20,1,0,5,2000,s,V,N,0.0185,0.7289686274214118,0.8791668207321025
nexah-hz-fz-measurement/0.1.0,HZ_FZ_01,SYNTHETIC_CONFORMANCE_ONLY,Synthetic validator conformance fixture only; not an empirical measurement or capability claim.,SYNTHETIC,SYNTHETIC,SYNTHETIC,SYNTHETIC,0.002,SYNTHETIC,SELF_TEST,0.005,20,0.03,3,0.03,REPLAY_B,synthetic-b,20,1,0,5,2000,s,V,N,0.019,0.6845471059286888,0.7632383893733043
nexah-hz-fz-measurement/0.1.0,HZ_FZ_01,SYNTHETIC_CONFORMANCE_ONLY,Synthetic validator conformance fixture only; not an empirical measurement or capability claim.,SYNTHETIC,SYNTHETIC,SYNTHETIC,SYNTHETIC,0.002,SYNTHETIC,SELF_TEST,0.005,20,0.03,3,0.03,REPLAY_B,synthetic-b,20,1,0,5,2000,s,V,N,0.0195,0.6374239897486899,0.644297804782102
nexah-hz-fz-measurement/0.1.0,HZ_FZ_01,SYNTHETIC_CONFORMANCE_ONLY,Synthetic validator conformance fixture only; not an empirical measurement or capability claim.,SYNTHETIC,SYNTHETIC,SYNTHETIC,SYNTHETIC,0.002,SYNTHETIC,SELF_TEST,0.005,20,0.03,3,0.03,REPLAY_B,synthetic-b,20,1,0,5,2000,s,V,N,0.02,0.5877852522924732,0.5228144711070924
nexah-hz-fz-measurement/0.1.0,HZ_FZ_01,SYNTHETIC_CONFORMANCE_ONLY,Synthetic validator conformance fixture only; not an empirical measurement or capability claim.,SYNTHETIC,SYNTHETIC,SYNTHETIC,SYNTHETIC,0.002,SYNTHETIC,SELF_TEST,0.005,20,0.03,3,0.03,REPLAY_B,synthetic-b,20,1,0,5,2000,s,V,N,0.0205,0.5358267949789967,0.3992678275658352
nexah-hz-fz-measurement/0.1.0,HZ_FZ_01,SYNTHETIC_CONFORMANCE_ONLY,Synthetic validator conformance fixture only; not an empirical measurement or capability claim.,SYNTHETIC,SYNTHETIC,SYNTHETIC,SYNTHETIC,0.002,SYNTHETIC,SELF_TEST,0.005,20,0.03,3,0.03,REPLAY_B,synthetic-b,20,1,0,5,2000,s,V,N,0.021,0.4817536741017152,0.2741454563172951
nexah-hz-fz-measurement/0.1.0,HZ_FZ_01,SYNTHETIC_CONFORMANCE_ONLY,Synthetic validator conformance fixture only; not an empirical measurement or capability claim.,SYNTHETIC,SYNTHETIC,SYNTHETIC,SYNTHETIC,0.002,SYNTHETIC,SELF_TEST,0.005,20,0.03,3,0.03,REPLAY_B,synthetic-b,20,1,0,5,2000,s,V,N,0.0215,0.4257792915650729,0.14794115819781692
nexah-hz-fz-measurement/0.1.0,HZ_FZ_01,SYNTHETIC_CONFORMANCE_ONLY,Synthetic validator conformance fixture only; not an empirical measurement or capability claim.,SYNTHETIC,SYNTHETIC,SYNTHETIC,SYNTHETIC,0.002,SYNTHETIC,SELF_TEST,0.005,20,0.03,3,0.03,REPLAY_B,synthetic-b,20,1,0,5,2000,s,V,N,0.022,0.36812455268467814,0.02115300391481723
nexah-hz-fz-measurement/0.1.0,HZ_FZ_01,SYNTHETIC_CONFORMANCE_ONLY,Synthetic validator conformance fixture only; not an empirical measurement or capability claim.,SYNTHETIC,SYNTHETIC,SYNTHETIC,SYNTHETIC,0.002,SYNTHETIC,SELF_TEST,0.005,20,0.03,3,0.03,REPLAY_B,synthetic-b,20,1,0,5,2000,s,V,N,0.0225,0.3090169943749475,-0.105718631610746
nexah-hz-fz-measurement/0.1.0,HZ_FZ_01,SYNTHETIC_CONFORMANCE_ONLY,Synthetic validator conformance fixture only; not an empirical measurement or capability claim.,SYNTHETIC,SYNTHETIC,SYNTHETIC,SYNTHETIC,0.002,SYNTHETIC,SELF_TEST,0.005,20,0.03,3,0.03,REPLAY_B,synthetic-b,20,1,0,5,2000,s,V,N,0.023,0.24868988716485482,-0.2321730439955902
nexah-hz-fz-measurement/0.1.0,HZ_FZ_01,SYNTHETIC_CONFORMANCE_ONLY,Synthetic validator conformance fixture only; not an empirical measurement or capability claim.,SYNTHETIC,SYNTHETIC,SYNTHETIC,SYNTHETIC,0.002,SYNTHETIC,SELF_TEST,0.005,20,0.03,3,0.03,REPLAY_B,synthetic-b,20,1,0,5,2000,s,V,N,0.0235,0.18738131458572457,-0.357711175445558
nexah-hz-fz-measurement/0.1.0,HZ_FZ_01,SYNTHETIC_CONFORMANCE_ONLY,Synthetic validator conformance fixture only; not an empirical measurement or capability claim.,SYNTHETIC,SYNTHETIC,SYNTHETIC,SYNTHETIC,0.002,SYNTHETIC,SELF_TEST,0.005,20,0.03,3,0.03,REPLAY_B,synthetic-b,20,1,0,5,2000,s,V,N,0.024,0.1253332335643041,-0.4818375843087334
nexah-hz-fz-measurement/0.1.0,HZ_FZ_01,SYNTHETIC_CONFORMANCE_ONLY,Synthetic validator conformance fixture only; not an empirical measurement or capability claim.,SYNTHETIC,SYNTHETIC,SYNTHETIC,SYNTHETIC,0.002,SYNTHETIC,SELF_TEST,0.005,20,0.03,3,0.03,REPLAY_B,synthetic-b,20,1,0,5,2000,s,V,N,0.0245,0.06279051952931358,-0.6040624003572944
nexah-hz-fz-measurement/0.1.0,HZ_FZ_01,SYNTHETIC_CONFORMANCE_ONLY,Synthetic validator conformance fixture only; not an empirical measurement or capability claim.,SYNTHETIC,SYNTHETIC,SYNTHETIC,SYNTHETIC,0.002,SYNTHETIC,SELF_TEST,0.005,20,0.03,3,0.03,REPLAY_B,synthetic-b,20,1,0,5,2000,s,V,N,0.025,1.2246467991473532e-16,-0.723903258081506
nexah-hz-fz-measurement/0.1.0,HZ_FZ_01,SYNTHETIC_CONFORMANCE_ONLY,Synthetic validator conformance fixture only; not an empirical measurement or capability claim.,SYNTHETIC,SYNTHETIC,SYNTHETIC,SYNTHETIC,0.002,SYNTHETIC,SELF_TEST,0.005,20,0.03,3,0.03,REPLAY_B,synthetic-b,20,1,0,5,2000,s,V,N,0.0255,-0.0627905195293129,-0.8408872003660092
nexah-hz-fz-measurement/0.1.0,HZ_FZ_01,SYNTHETIC_CONFORMANCE_ONLY,Synthetic validator conformance fixture only; not an empirical measurement or capability claim.,SYNTHETIC,SYNTHETIC,SYNTHETIC,SYNTHETIC,0.002,SYNTHETIC,SELF_TEST,0.005,20,0.03,3,0.03,REPLAY_B,synthetic-b,20,1,0,5,2000,s,V,N,0.026,-0.12533323356430384,-0.9545525450354881
nexah-hz-fz-measurement/0.1.0,HZ_FZ_01,SYNTHETIC_CONFORMANCE_ONLY,Synthetic validator conformance fixture only; not an empirical measurement or capability claim.,SYNTHETIC,SYNTHETIC,SYNTHETIC,SYNTHETIC,0.002,SYNTHETIC,SELF_TEST,0.005,20,0.03,3,0.03,REPLAY_B,synthetic-b,20,1,0,5,2000,s,V,N,0.0265,-0.18738131458572432,-1.0644507069032878
nexah-hz-fz-measurement/0.1.0,HZ_FZ_01,SYNTHETIC_CONFORMANCE_ONLY,Synthetic validator conformance fixture only; not an empirical measurement or capability claim.,SYNTHETIC,SYNTHETIC,SYNTHETIC,SYNTHETIC,0.002,SYNTHETIC,SELF_TEST,0.005,20,0.03,3,0.03,REPLAY_B,synthetic-b,20,1,0,5,2000,s,V,N,0.027,-0.24868988716485457,-1.1701479681322107
nexah-hz-fz-measurement/0.1.0,HZ_FZ_01,SYNTHETIC_CONFORMANCE_ONLY,Synthetic validator conformance fixture only; not an empirical measurement or capability claim.,SYNTHETIC,SYNTHETIC,SYNTHETIC,SYNTHETIC,0.002,SYNTHETIC,SELF_TEST,0.005,20,0.03,3,0.03,REPLAY_B,synthetic-b,20,1,0,5,2000,s,V,N,0.0275,-0.3090169943749473,-1.2712271899206713
nexah-hz-fz-measurement/0.1.0,HZ_FZ_01,SYNTHETIC_CONFORMANCE_ONLY,Synthetic validator conformance fixture only; not an empirical measurement or capability claim.,SYNTHETIC,SYNTHETIC,SYNTHETIC,SYNTHETIC,0.002,SYNTHETIC,SELF_TEST,0.005,20,0.03,3,0.03,REPLAY_B,synthetic-b,20,1,0,5,2000,s,V,N,0.028,-0.3681245526846779,-1.3672894587589746
nexah-hz-fz-measurement/0.1.0,HZ_FZ_01,SYNTHETIC_CONFORMANCE_ONLY,Synthetic validator conformance fixture only; not an empirical measurement or capability claim.,SYNTHETIC,SYNTHETIC,SYNTHETIC,SYNTHETIC,0.002,SYNTHETIC,SELF_TEST,0.005,20,0.03,3,0.03,REPLAY_B,synthetic-b,20,1,0,5,2000,s,V,N,0.0285,-0.42577929156507266,-1.4579556607586917
nexah-hz-fz-measurement/0.1.0,HZ_FZ_01,SYNTHETIC_CONFORMANCE_ONLY,Synthetic validator conformance fixture only; not an empirical measurement or capability claim.,SYNTHETIC,SYNTHETIC,SYNTHETIC,SYNTHETIC,0.002,SYNTHETIC,SELF_TEST,0.005,20,0.03,3,0.03,REPLAY_B,synthetic-b,20,1,0,5,2000,s,V,N,0.029,-0.4817536741017154,-1.5428679778419772
nexah-hz-fz-measurement/0.1.0,HZ_FZ_01,SYNTHETIC_CONFORMANCE_ONLY,Synthetic validator conformance fixture only; not an empirical measurement or capability claim.,SYNTHETIC,SYNTHETIC,SYNTHETIC,SYNTHETIC,0.002,SYNTHETIC,SELF_TEST,0.005,20,0.03,3,0.03,REPLAY_B,synthetic-b,20,1,0,5,2000,s,V,N,0.0295,-0.5358267949789964,-1.621691299886051
nexah-hz-fz-measurement/0.1.0,HZ_FZ_01,SYNTHETIC_CONFORMANCE_ONLY,Synthetic validator conformance fixture only; not an empirical measurement or capability claim.,SYNTHETIC,SYNTHETIC,SYNTHETIC,SYNTHETIC,0.002,SYNTHETIC,SELF_TEST,0.005,20,0.03,3,0.03,REPLAY_B,synthetic-b,20,1,0,5,2000,s,V,N,0.03,-0.587785252292473,-1.6941145472497565
nexah-hz-fz-measurement/0.1.0,HZ_FZ_01,SYNTHETIC_CONFORMANCE_ONLY,Synthetic validator conformance fixture only; not an empirical measurement or capability claim.,SYNTHETIC,SYNTHETIC,SYNTHETIC,SYNTHETIC,0.002,SYNTHETIC,SELF_TEST,0.005,20,0.03,3,0.03,REPLAY_B,synthetic-b,20,1,0,5,2000,s,V,N,0.0305,-0.6374239897486896,-1.7598518984627824
nexah-hz-fz-measurement/0.1.0,HZ_FZ_01,SYNTHETIC_CONFORMANCE_ONLY,Synthetic validator conformance fixture only; not an empirical measurement or capability claim.,SYNTHETIC,SYNTHETIC,SYNTHETIC,SYNTHETIC,0.002,SYNTHETIC,SELF_TEST,0.005,20,0.03,3,0.03,REPLAY_B,synthetic-b,20,1,0,5,2000,s,V,N,0.031,-0.6845471059286887,-1.8186439182324312
nexah-hz-fz-measurement/0.1.0,HZ_FZ_01,SYNTHETIC_CONFORMANCE_ONLY,Synthetic validator conformance fixture only; not an empirical measurement or capability claim.,SYNTHETIC,SYNTHETIC,SYNTHETIC,SYNTHETIC,0.002,SYNTHETIC,SELF_TEST,0.005,20,0.03,3,0.03,REPLAY_B,synthetic-b,20,1,0,5,2000,s,V,N,0.0315,-0.7289686274214113,-1.8702585813161894
nexah-hz-fz-measurement/0.1.0,HZ_FZ_01,SYNTHETIC_CONFORMANCE_ONLY,Synthetic validator conformance fixture only; not an empirical measurement or capability claim.,SYNTHETIC,SYNTHETIC,SYNTHETIC,SYNTHETIC,0.002,SYNTHETIC,SELF_TEST,0.005,20,0.03,3,0.03,REPLAY_B,synthetic-b,20,1,0,5,2000,s,V,N,0.032,-0.7705132427757894,-1.9144921882193635
nexah-hz-fz-measurement/0.1.0,HZ_FZ_01,SYNTHETIC_CONFORMANCE_ONLY,Synthetic validator conformance fixture only; not an empirical measurement or capability claim.,SYNTHETIC,SYNTHETIC,SYNTHETIC,SYNTHETIC,0.002,SYNTHETIC,SELF_TEST,0.005,20,0.03,3,0.03,REPLAY_B,synthetic-b,20,1,0,5,2000,s,V,N,0.0325,-0.8090169943749473,-1.951170169103918
nexah-hz-fz-measurement/0.1.0,HZ_FZ_01,SYNTHETIC_CONFORMANCE_ONLY,Synthetic validator conformance fixture only; not an empirical measurement or capability claim.,SYNTHETIC,SYNTHETIC,SYNTHETIC,SYNTHETIC,0.002,SYNTHETIC,SELF_TEST,0.005,20,0.03,3,0.03,REPLAY_B,synthetic-b,20,1,0,5,2000,s,V,N,0.033,-0.8443279255020153,-1.9801477727358785
nexah-hz-fz-measurement/0.1.0,HZ_FZ_01,SYNTHETIC_CONFORMANCE_ONLY,Synthetic validator conformance fixture only; not an empirical measurement or capability claim.,SYNTHETIC,SYNTHETIC,SYNTHETIC,SYNTHETIC,0.002,SYNTHETIC,SELF_TEST,0.005,20,0.03,3,0.03,REPLAY_B,synthetic-b,20,1,0,5,2000,s,V,N,0.0335,-0.8763066800438636,-2.001310637752316
nexah-hz-fz-measurement/0.1.0,HZ_FZ_01,SYNTHETIC_CONFORMANCE_ONLY,Synthetic validator conformance fixture only; not an empirical measurement or capability claim.,SYNTHETIC,SYNTHETIC,SYNTHETIC,SYNTHETIC,0.002,SYNTHETIC,SELF_TEST,0.005,20,0.03,3,0.03,REPLAY_B,synthetic-b,20,1,0,5,2000,s,V,N,0.034,-0.9048270524660198,-2.0145752439934057
nexah-hz-fz-measurement/0.1.0,HZ_FZ_01,SYNTHETIC_CONFORMANCE_ONLY,Synthetic validator conformance fixture only; not an empirical measurement or capability claim.,SYNTHETIC,SYNTHETIC,SYNTHETIC,SYNTHETIC,0.002,SYNTHETIC,SELF_TEST,0.005,20,0.03,3,0.03,REPLAY_B,synthetic-b,20,1,0,5,2000,s,V,N,0.0345,-0.9297764858882515,-2.0198892421183348
nexah-hz-fz-measurement/0.1.0,HZ_FZ_01,SYNTHETIC_CONFORMANCE_ONLY,Synthetic validator conformance fixture only; not an empirical measurement or capability claim.,SYNTHETIC,SYNTHETIC,SYNTHETIC,SYNTHETIC,0.002,SYNTHETIC,SELF_TEST,0.005,20,0.03,3,0.03,REPLAY_B,synthetic-b,20,1,0,5,2000,s,V,N,0.035,-0.9510565162951535,-2.017231660204239
nexah-hz-fz-measurement/0.1.0,HZ_FZ_01,SYNTHETIC_CONFORMANCE_ONLY,Synthetic validator conformance fixture only; not an empirical measurement or capability claim.,SYNTHETIC,SYNTHETIC,SYNTHETIC,SYNTHETIC,0.002,SYNTHETIC,SELF_TEST,0.005,20,0.03,3,0.03,REPLAY_B,synthetic-b,20,1,0,5,2000,s,V,N,0.0355,-0.968583161128631,-2.006612986512801
nexah-hz-fz-measurement/0.1.0,HZ_FZ_01,SYNTHETIC_CONFORMANCE_ONLY,Synthetic validator conformance fixture only; not an empirical measurement or capability claim.,SYNTHETIC,SYNTHETIC,SYNTHETIC,SYNTHETIC,0.002,SYNTHETIC,SELF_TEST,0.005,20,0.03,3,0.03,REPLAY_B,synthetic-b,20,1,0,5,2000,s,V,N,0.036,-0.9822872507286885,-1.9880751280978688
nexah-hz-fz-measurement/0.1.0,HZ_FZ_01,SYNTHETIC_CONFORMANCE_ONLY,Synthetic validator conformance fixture only; not an empirical measurement or capability claim.,SYNTHETIC,SYNTHETIC,SYNTHETIC,SYNTHETIC,0.002,SYNTHETIC,SELF_TEST,0.005,20,0.03,3,0.03,REPLAY_B,synthetic-b,20,1,0,5,2000,s,V,N,0.0365,-0.9921147013144778,-1.9616912454174649
nexah-hz-fz-measurement/0.1.0,HZ_FZ_01,SYNTHETIC_CONFORMANCE_ONLY,Synthetic validator conformance fixture only; not an empirical measurement or capability claim.,SYNTHETIC,SYNTHETIC,SYNTHETIC,SYNTHETIC,0.002,SYNTHETIC,SELF_TEST,0.005,20,0.03,3,0.03,REPLAY_B,synthetic-b,20,1,0,5,2000,s,V,N,0.037,-0.9980267284282716,-1.9275654636028796
nexah-hz-fz-measurement/0.1.0,HZ_FZ_01,SYNTHETIC_CONFORMANCE_ONLY,Synthetic validator conformance fixture only; not an empirical measurement or capability claim.,SYNTHETIC,SYNTHETIC,SYNTHETIC,SYNTHETIC,0.002,SYNTHETIC,SELF_TEST,0.005,20,0.03,3,0.03,REPLAY_B,synthetic-b,20,1,0,5,2000,s,V,N,0.0375,-1,-1.8858324615243476
nexah-hz-fz-measurement/0.1.0,HZ_FZ_01,SYNTHETIC_CONFORMANCE_ONLY,Synthetic validator conformance fixture only; not an empirical measurement or capability claim.,SYNTHETIC,SYNTHETIC,SYNTHETIC,SYNTHETIC,0.002,SYNTHETIC,SELF_TEST,0.005,20,0.03,3,0.03,REPLAY_B,synthetic-b,20,1,0,5,2000,s,V,N,0.038,-0.9980267284282716,-1.8366569402750788
nexah-hz-fz-measurement/0.1.0,HZ_FZ_01,SYNTHETIC_CONFORMANCE_ONLY,Synthetic validator conformance fixture only; not an empirical measurement or capability claim.,SYNTHETIC,SYNTHETIC,SYNTHETIC,SYNTHETIC,0.002,SYNTHETIC,SELF_TEST,0.005,20,0.03,3,0.03,REPLAY_B,synthetic-b,20,1,0,5,2000,s,V,N,0.0385,-0.9921147013144779,-1.780232973171284
nexah-hz-fz-measurement/0.1.0,HZ_FZ_01,SYNTHETIC_CONFORMANCE_ONLY,Synthetic validator conformance fixture only; not an empirical measurement or capability claim.,SYNTHETIC,SYNTHETIC,SYNTHETIC,SYNTHETIC,0.002,SYNTHETIC,SELF_TEST,0.005,20,0.03,3,0.03,REPLAY_B,synthetic-b,20,1,0,5,2000,s,V,N,0.039,-0.9822872507286887,-1.7167832398334653
nexah-hz-fz-measurement/0.1.0,HZ_FZ_01,SYNTHETIC_CONFORMANCE_ONLY,Synthetic validator conformance fixture only; not an empirical measurement or capability claim.,SYNTHETIC,SYNTHETIC,SYNTHETIC,SYNTHETIC,0.002,SYNTHETIC,SELF_TEST,0.005,20,0.03,3,0.03,REPLAY_B,synthetic-b,20,1,0,5,2000,s,V,N,0.0395,-0.9685831611286311,-1.646558147371679
nexah-hz-fz-measurement/0.1.0,HZ_FZ_01,SYNTHETIC_CONFORMANCE_ONLY,Synthetic validator conformance fixture only; not an empirical measurement or capability claim.,SYNTHETIC,SYNTHETIC,SYNTHETIC,SYNTHETIC,0.002,SYNTHETIC,SELF_TEST,0.005,20,0.03,3,0.03,REPLAY_B,synthetic-b,20,1,0,5,2000,s,V,N,0.04,-0.9510565162951536,-1.569834842143081
nexah-hz-fz-measurement/0.1.0,HZ_FZ_01,SYNTHETIC_CONFORMANCE_ONLY,Synthetic validator conformance fixture only; not an empirical measurement or capability claim.,SYNTHETIC,SYNTHETIC,SYNTHETIC,SYNTHETIC,0.002,SYNTHETIC,SELF_TEST,0.005,20,0.03,3,0.03,REPLAY_B,synthetic-b,20,1,0,5,2000,s,V,N,0.0405,-0.9297764858882512,-1.4869161159818625
nexah-hz-fz-measurement/0.1.0,HZ_FZ_01,SYNTHETIC_CONFORMANCE_ONLY,Synthetic validator conformance fixture only; not an empirical measurement or capability claim.,SYNTHETIC,SYNTHETIC,SYNTHETIC,SYNTHETIC,0.002,SYNTHETIC,SELF_TEST,0.005,20,0.03,3,0.03,REPLAY_B,synthetic-b,20,1,0,5,2000,s,V,N,0.041,-0.9048270524660196,-1.3981292112182213
nexah-hz-fz-measurement/0.1.0,HZ_FZ_01,SYNTHETIC_CONFORMANCE_ONLY,Synthetic validator conformance fixture only; not an empirical measurement or capability claim.,SYNTHETIC,SYNTHETIC,SYNTHETIC,SYNTHETIC,0.002,SYNTHETIC,SELF_TEST,0.005,20,0.03,3,0.03,REPLAY_B,synthetic-b,20,1,0,5,2000,s,V,N,0.0415,-0.8763066800438634,-1.303824529202379
nexah-hz-fz-measurement/0.1.0,HZ_FZ_01,SYNTHETIC_CONFORMANCE_ONLY,Synthetic validator conformance fixture only; not an empirical measurement or capability claim.,SYNTHETIC,SYNTHETIC,SYNTHETIC,SYNTHETIC,0.002,SYNTHETIC,SELF_TEST,0.005,20,0.03,3,0.03,REPLAY_B,synthetic-b,20,1,0,5,2000,s,V,N,0.042,-0.844327925502015,-1.2043742474305432
nexah-hz-fz-measurement/0.1.0,HZ_FZ_01,SYNTHETIC_CONFORMANCE_ONLY,Synthetic validator conformance fixture only; not an empirical measurement or capability claim.,SYNTHETIC,SYNTHETIC,SYNTHETIC,SYNTHETIC,0.002,SYNTHETIC,SELF_TEST,0.005,20,0.03,3,0.03,REPLAY_B,synthetic-b,20,1,0,5,2000,s,V,N,0.0425,-0.8090169943749476,-1.1001708507303545
nexah-hz-fz-measurement/0.1.0,HZ_FZ_01,SYNTHETIC_CONFORMANCE_ONLY,Synthetic validator conformance fixture only; not an empirical measurement or capability claim.,SYNTHETIC,SYNTHETIC,SYNTHETIC,SYNTHETIC,0.002,SYNTHETIC,SELF_TEST,0.005,20,0.03,3,0.03,REPLAY_B,synthetic-b,20,1,0,5,2000,s,V,N,0.043,-0.7705132427757896,-0.991625582302585
nexah-hz-fz-measurement/0.1.0,HZ_FZ_01,SYNTHETIC_CONFORMANCE_ONLY,Synthetic validator conformance fixture only; not an empirical measurement or capability claim.,SYNTHETIC,SYNTHETIC,SYNTHETIC,SYNTHETIC,0.002,SYNTHETIC,SELF_TEST,0.005,20,0.03,3,0.03,REPLAY_B,synthetic-b,20,1,0,5,2000,s,V,N,0.0435,-0.7289686274214121,-0.8791668207321027
nexah-hz-fz-measurement/0.1.0,HZ_FZ_01,SYNTHETIC_CONFORMANCE_ONLY,Synthetic validator conformance fixture only; not an empirical measurement or capability claim.,SYNTHETIC,SYNTHETIC,SYNTHETIC,SYNTHETIC,0.002,SYNTHETIC,SELF_TEST,0.005,20,0.03,3,0.03,REPLAY_B,synthetic-b,20,1,0,5,2000,s,V,N,0.044,-0.684547105928689,-0.7632383893733038
nexah-hz-fz-measurement/0.1.0,HZ_FZ_01,SYNTHETIC_CONFORMANCE_ONLY,Synthetic validator conformance fixture only; not an empirical measurement or capability claim.,SYNTHETIC,SYNTHETIC,SYNTHETIC,SYNTHETIC,0.002,SYNTHETIC,SELF_TEST,0.005,20,0.03,3,0.03,REPLAY_B,synthetic-b,20,1,0,5,2000,s,V,N,0.0445,-0.6374239897486903,-0.6442978047821023
nexah-hz-fz-measurement/0.1.0,HZ_FZ_01,SYNTHETIC_CONFORMANCE_ONLY,Synthetic validator conformance fixture only; not an empirical measurement or capability claim.,SYNTHETIC,SYNTHETIC,SYNTHETIC,SYNTHETIC,0.002,SYNTHETIC,SELF_TEST,0.005,20,0.03,3,0.03,REPLAY_B,synthetic-b,20,1,0,5,2000,s,V,N,0.045,-0.5877852522924734,-0.5228144711070918
nexah-hz-fz-measurement/0.1.0,HZ_FZ_01,SYNTHETIC_CONFORMANCE_ONLY,Synthetic validator conformance fixture only; not an empirical measurement or capability claim.,SYNTHETIC,SYNTHETIC,SYNTHETIC,SYNTHETIC,0.002,SYNTHETIC,SELF_TEST,0.005,20,0.03,3,0.03,REPLAY_B,synthetic-b,20,1,0,5,2000,s,V,N,0.0455,-0.5358267949789971,-0.3992678275658354
nexah-hz-fz-measurement/0.1.0,HZ_FZ_01,SYNTHETIC_CONFORMANCE_ONLY,Synthetic validator conformance fixture only; not an empirical measurement or capability claim.,SYNTHETIC,SYNTHETIC,SYNTHETIC,SYNTHETIC,0.002,SYNTHETIC,SELF_TEST,0.005,20,0.03,3,0.03,REPLAY_B,synthetic-b,20,1,0,5,2000,s,V,N,0.046,-0.4817536741017153,-0.2741454563172944
nexah-hz-fz-measurement/0.1.0,HZ_FZ_01,SYNTHETIC_CONFORMANCE_ONLY,Synthetic validator conformance fixture only; not an empirical measurement or capability claim.,SYNTHETIC,SYNTHETIC,SYNTHETIC,SYNTHETIC,0.002,SYNTHETIC,SELF_TEST,0.005,20,0.03,3,0.03,REPLAY_B,synthetic-b,20,1,0,5,2000,s,V,N,0.0465,-0.425779291565073,-0.14794115819781625
nexah-hz-fz-measurement/0.1.0,HZ_FZ_01,SYNTHETIC_CONFORMANCE_ONLY,Synthetic validator conformance fixture only; not an empirical measurement or capability claim.,SYNTHETIC,SYNTHETIC,SYNTHETIC,SYNTHETIC,0.002,SYNTHETIC,SELF_TEST,0.005,20,0.03,3,0.03,REPLAY_B,synthetic-b,20,1,0,5,2000,s,V,N,0.047,-0.36812455268467786,-0.02115300391481568
nexah-hz-fz-measurement/0.1.0,HZ_FZ_01,SYNTHETIC_CONFORMANCE_ONLY,Synthetic validator conformance fixture only; not an empirical measurement or capability claim.,SYNTHETIC,SYNTHETIC,SYNTHETIC,SYNTHETIC,0.002,SYNTHETIC,SELF_TEST,0.005,20,0.03,3,0.03,REPLAY_B,synthetic-b,20,1,0,5,2000,s,V,N,0.0475,-0.3090169943749476,0.10571863161074664
nexah-hz-fz-measurement/0.1.0,HZ_FZ_01,SYNTHETIC_CONFORMANCE_ONLY,Synthetic validator conformance fixture only; not an empirical measurement or capability claim.,SYNTHETIC,SYNTHETIC,SYNTHETIC,SYNTHETIC,0.002,SYNTHETIC,SELF_TEST,0.005,20,0.03,3,0.03,REPLAY_B,synthetic-b,20,1,0,5,2000,s,V,N,0.048,-0.2486898871648545,0.23217304399559172
nexah-hz-fz-measurement/0.1.0,HZ_FZ_01,SYNTHETIC_CONFORMANCE_ONLY,Synthetic validator conformance fixture only; not an empirical measurement or capability claim.,SYNTHETIC,SYNTHETIC,SYNTHETIC,SYNTHETIC,0.002,SYNTHETIC,SELF_TEST,0.005,20,0.03,3,0.03,REPLAY_B,synthetic-b,20,1,0,5,2000,s,V,N,0.0485,-0.18738131458572468,0.3577111754455587
nexah-hz-fz-measurement/0.1.0,HZ_FZ_01,SYNTHETIC_CONFORMANCE_ONLY,Synthetic validator conformance fixture only; not an empirical measurement or capability claim.,SYNTHETIC,SYNTHETIC,SYNTHETIC,SYNTHETIC,0.002,SYNTHETIC,SELF_TEST,0.005,20,0.03,3,0.03,REPLAY_B,synthetic-b,20,1,0,5,2000,s,V,N,0.049,-0.12533323356430465,0.4818375843087331
nexah-hz-fz-measurement/0.1.0,HZ_FZ_01,SYNTHETIC_CONFORMANCE_ONLY,Synthetic validator conformance fixture only; not an empirical measurement or capability claim.,SYNTHETIC,SYNTHETIC,SYNTHETIC,SYNTHETIC,0.002,SYNTHETIC,SELF_TEST,0.005,20,0.03,3,0.03,REPLAY_B,synthetic-b,20,1,0,5,2000,s,V,N,0.0495,-0.06279051952931326,0.6040624003572959
nexah-hz-fz-measurement/0.1.0,HZ_FZ_01,SYNTHETIC_CONFORMANCE_ONLY,Synthetic validator conformance fixture only; not an empirical measurement or capability claim.,SYNTHETIC,SYNTHETIC,SYNTHETIC,SYNTHETIC,0.002,SYNTHETIC,SELF_TEST,0.005,20,0.03,3,0.03,REPLAY_B,synthetic-b,20,1,0,5,2000,s,V,N,0.05,-2.4492935982947064e-16,0.7239032580815067
nexah-hz-fz-measurement/0.1.0,HZ_FZ_01,SYNTHETIC_CONFORMANCE_ONLY,Synthetic validator conformance fixture only; not an empirical measurement or capability claim.,SYNTHETIC,SYNTHETIC,SYNTHETIC,SYNTHETIC,0.002,SYNTHETIC,SELF_TEST,0.005,20,0.03,3,0.03,REPLAY_B,synthetic-b,20,1,0,5,2000,s,V,N,0.0505,0.06279051952931367,0.8408872003660115
nexah-hz-fz-measurement/0.1.0,HZ_FZ_01,SYNTHETIC_CONFORMANCE_ONLY,Synthetic validator conformance fixture only; not an empirical measurement or capability claim.,SYNTHETIC,SYNTHETIC,SYNTHETIC,SYNTHETIC,0.002,SYNTHETIC,SELF_TEST,0.005,20,0.03,3,0.03,REPLAY_B,synthetic-b,20,1,0,5,2000,s,V,N,0.051,0.1253332335643033,0.9545525450354879
nexah-hz-fz-measurement/0.1.0,HZ_FZ_01,SYNTHETIC_CONFORMANCE_ONLY,Synthetic validator conformance fixture only; not an empirical measurement or capability claim.,SYNTHETIC,SYNTHETIC,SYNTHETIC,SYNTHETIC,0.002,SYNTHETIC,SELF_TEST,0.005,20,0.03,3,0.03,REPLAY_B,synthetic-b,20,1,0,5,2000,s,V,N,0.0515,0.1873813145857242,1.0644507069032885
nexah-hz-fz-measurement/0.1.0,HZ_FZ_01,SYNTHETIC_CONFORMANCE_ONLY,Synthetic validator conformance fixture only; not an empirical measurement or capability claim.,SYNTHETIC,SYNTHETIC,SYNTHETIC,SYNTHETIC,0.002,SYNTHETIC,SELF_TEST,0.005,20,0.03,3,0.03,REPLAY_B,synthetic-b,20,1,0,5,2000,s,V,N,0.052,0.24868988716485402,1.1701479681322104
nexah-hz-fz-measurement/0.1.0,HZ_FZ_01,SYNTHETIC_CONFORMANCE_ONLY,Synthetic validator conformance fixture only; not an empirical measurement or capability claim.,SYNTHETIC,SYNTHETIC,SYNTHETIC,SYNTHETIC,0.002,SYNTHETIC,SELF_TEST,0.005,20,0.03,3,0.03,REPLAY_B,synthetic-b,20,1,0,5,2000,s,V,N,0.0525,0.3090169943749472,1.2712271899206717
nexah-hz-fz-measurement/0.1.0,HZ_FZ_01,SYNTHETIC_CONFORMANCE_ONLY,Synthetic validator conformance fixture only; not an empirical measurement or capability claim.,SYNTHETIC,SYNTHETIC,SYNTHETIC,SYNTHETIC,0.002,SYNTHETIC,SELF_TEST,0.005,20,0.03,3,0.03,REPLAY_B,synthetic-b,20,1,0,5,2000,s,V,N,0.053,0.36812455268467736,1.3672894587589743
nexah-hz-fz-measurement/0.1.0,HZ_FZ_01,SYNTHETIC_CONFORMANCE_ONLY,Synthetic validator conformance fixture only; not an empirical measurement or capability claim.,SYNTHETIC,SYNTHETIC,SYNTHETIC,SYNTHETIC,0.002,SYNTHETIC,SELF_TEST,0.005,20,0.03,3,0.03,REPLAY_B,synthetic-b,20,1,0,5,2000,s,V,N,0.0535,0.42577929156507255,1.4579556607586919
nexah-hz-fz-measurement/0.1.0,HZ_FZ_01,SYNTHETIC_CONFORMANCE_ONLY,Synthetic validator conformance fixture only; not an empirical measurement or capability claim.,SYNTHETIC,SYNTHETIC,SYNTHETIC,SYNTHETIC,0.002,SYNTHETIC,SELF_TEST,0.005,20,0.03,3,0.03,REPLAY_B,synthetic-b,20,1,0,5,2000,s,V,N,0.054,0.4817536741017149,1.5428679778419772
nexah-hz-fz-measurement/0.1.0,HZ_FZ_01,SYNTHETIC_CONFORMANCE_ONLY,Synthetic validator conformance fixture only; not an empirical measurement or capability claim.,SYNTHETIC,SYNTHETIC,SYNTHETIC,SYNTHETIC,0.002,SYNTHETIC,SELF_TEST,0.005,20,0.03,3,0.03,REPLAY_B,synthetic-b,20,1,0,5,2000,s,V,N,0.0545,0.5358267949789967,1.621691299886052
nexah-hz-fz-measurement/0.1.0,HZ_FZ_01,SYNTHETIC_CONFORMANCE_ONLY,Synthetic validator conformance fixture only; not an empirical measurement or capability claim.,SYNTHETIC,SYNTHETIC,SYNTHETIC,SYNTHETIC,0.002,SYNTHETIC,SELF_TEST,0.005,20,0.03,3,0.03,REPLAY_B,synthetic-b,20,1,0,5,2000,s,V,N,0.055,0.5877852522924729,1.6941145472497565
nexah-hz-fz-measurement/0.1.0,HZ_FZ_01,SYNTHETIC_CONFORMANCE_ONLY,Synthetic validator conformance fixture only; not an empirical measurement or capability claim.,SYNTHETIC,SYNTHETIC,SYNTHETIC,SYNTHETIC,0.002,SYNTHETIC,SELF_TEST,0.005,20,0.03,3,0.03,REPLAY_B,synthetic-b,20,1,0,5,2000,s,V,N,0.0555,0.63742398974869,1.7598518984627831
nexah-hz-fz-measurement/0.1.0,HZ_FZ_01,SYNTHETIC_CONFORMANCE_ONLY,Synthetic validator conformance fixture only; not an empirical measurement or capability claim.,SYNTHETIC,SYNTHETIC,SYNTHETIC,SYNTHETIC,0.002,SYNTHETIC,SELF_TEST,0.005,20,0.03,3,0.03,REPLAY_B,synthetic-b,20,1,0,5,2000,s,V,N,0.056,0.6845471059286886,1.8186439182324312
nexah-hz-fz-measurement/0.1.0,HZ_FZ_01,SYNTHETIC_CONFORMANCE_ONLY,Synthetic validator conformance fixture only; not an empirical measurement or capability claim.,SYNTHETIC,SYNTHETIC,SYNTHETIC,SYNTHETIC,0.002,SYNTHETIC,SELF_TEST,0.005,20,0.03,3,0.03,REPLAY_B,synthetic-b,20,1,0,5,2000,s,V,N,0.0565,0.7289686274214112,1.8702585813161894
nexah-hz-fz-measurement/0.1.0,HZ_FZ_01,SYNTHETIC_CONFORMANCE_ONLY,Synthetic validator conformance fixture only; not an empirical measurement or capability claim.,SYNTHETIC,SYNTHETIC,SYNTHETIC,SYNTHETIC,0.002,SYNTHETIC,SELF_TEST,0.005,20,0.03,3,0.03,REPLAY_B,synthetic-b,20,1,0,5,2000,s,V,N,0.057,0.7705132427757893,1.9144921882193633
nexah-hz-fz-measurement/0.1.0,HZ_FZ_01,SYNTHETIC_CONFORMANCE_ONLY,Synthetic validator conformance fixture only; not an empirical measurement or capability claim.,SYNTHETIC,SYNTHETIC,SYNTHETIC,SYNTHETIC,0.002,SYNTHETIC,SELF_TEST,0.005,20,0.03,3,0.03,REPLAY_B,synthetic-b,20,1,0,5,2000,s,V,N,0.0575,0.8090169943749472,1.951170169103918
nexah-hz-fz-measurement/0.1.0,HZ_FZ_01,SYNTHETIC_CONFORMANCE_ONLY,Synthetic validator conformance fixture only; not an empirical measurement or capability claim.,SYNTHETIC,SYNTHETIC,SYNTHETIC,SYNTHETIC,0.002,SYNTHETIC,SELF_TEST,0.005,20,0.03,3,0.03,REPLAY_B,synthetic-b,20,1,0,5,2000,s,V,N,0.058,0.8443279255020152,1.9801477727358785
nexah-hz-fz-measurement/0.1.0,HZ_FZ_01,SYNTHETIC_CONFORMANCE_ONLY,Synthetic validator conformance fixture only; not an empirical measurement or capability claim.,SYNTHETIC,SYNTHETIC,SYNTHETIC,SYNTHETIC,0.002,SYNTHETIC,SELF_TEST,0.005,20,0.03,3,0.03,REPLAY_B,synthetic-b,20,1,0,5,2000,s,V,N,0.0585,0.8763066800438636,2.001310637752316
nexah-hz-fz-measurement/0.1.0,HZ_FZ_01,SYNTHETIC_CONFORMANCE_ONLY,Synthetic validator conformance fixture only; not an empirical measurement or capability claim.,SYNTHETIC,SYNTHETIC,SYNTHETIC,SYNTHETIC,0.002,SYNTHETIC,SELF_TEST,0.005,20,0.03,3,0.03,REPLAY_B,synthetic-b,20,1,0,5,2000,s,V,N,0.059,0.9048270524660194,2.0145752439934053
nexah-hz-fz-measurement/0.1.0,HZ_FZ_01,SYNTHETIC_CONFORMANCE_ONLY,Synthetic validator conformance fixture only; not an empirical measurement or capability claim.,SYNTHETIC,SYNTHETIC,SYNTHETIC,SYNTHETIC,0.002,SYNTHETIC,SELF_TEST,0.005,20,0.03,3,0.03,REPLAY_B,synthetic-b,20,1,0,5,2000,s,V,N,0.0595,0.9297764858882511,2.0198892421183348
nexah-hz-fz-measurement/0.1.0,HZ_FZ_01,SYNTHETIC_CONFORMANCE_ONLY,Synthetic validator conformance fixture only; not an empirical measurement or capability claim.,SYNTHETIC,SYNTHETIC,SYNTHETIC,SYNTHETIC,0.002,SYNTHETIC,SELF_TEST,0.005,20,0.03,3,0.03,REPLAY_B,synthetic-b,20,1,0,5,2000,s,V,N,0.06,0.9510565162951535,2.017231660204239
nexah-hz-fz-measurement/0.1.0,HZ_FZ_01,SYNTHETIC_CONFORMANCE_ONLY,Synthetic validator conformance fixture only; not an empirical measurement or capability claim.,SYNTHETIC,SYNTHETIC,SYNTHETIC,SYNTHETIC,0.002,SYNTHETIC,SELF_TEST,0.005,20,0.03,3,0.03,REPLAY_B,synthetic-b,20,1,0,5,2000,s,V,N,0.0605,0.968583161128631,2.006612986512801
nexah-hz-fz-measurement/0.1.0,HZ_FZ_01,SYNTHETIC_CONFORMANCE_ONLY,Synthetic validator conformance fixture only; not an empirical measurement or capability claim.,SYNTHETIC,SYNTHETIC,SYNTHETIC,SYNTHETIC,0.002,SYNTHETIC,SELF_TEST,0.005,20,0.03,3,0.03,REPLAY_B,synthetic-b,20,1,0,5,2000,s,V,N,0.061,0.9822872507286886,1.988075128097869
nexah-hz-fz-measurement/0.1.0,HZ_FZ_01,SYNTHETIC_CONFORMANCE_ONLY,Synthetic validator conformance fixture only; not an empirical measurement or capability claim.,SYNTHETIC,SYNTHETIC,SYNTHETIC,SYNTHETIC,0.002,SYNTHETIC,SELF_TEST,0.005,20,0.03,3,0.03,REPLAY_B,synthetic-b,20,1,0,5,2000,s,V,N,0.0615,0.9921147013144778,1.9616912454174653
nexah-hz-fz-measurement/0.1.0,HZ_FZ_01,SYNTHETIC_CONFORMANCE_ONLY,Synthetic validator conformance fixture only; not an empirical measurement or capability claim.,SYNTHETIC,SYNTHETIC,SYNTHETIC,SYNTHETIC,0.002,SYNTHETIC,SELF_TEST,0.005,20,0.03,3,0.03,REPLAY_B,synthetic-b,20,1,0,5,2000,s,V,N,0.062,0.9980267284282716,1.9275654636028792
nexah-hz-fz-measurement/0.1.0,HZ_FZ_01,SYNTHETIC_CONFORMANCE_ONLY,Synthetic validator conformance fixture only; not an empirical measurement or capability claim.,SYNTHETIC,SYNTHETIC,SYNTHETIC,SYNTHETIC,0.002,SYNTHETIC,SELF_TEST,0.005,20,0.03,3,0.03,REPLAY_B,synthetic-b,20,1,0,5,2000,s,V,N,0.0625,1,1.8858324615243476
nexah-hz-fz-measurement/0.1.0,HZ_FZ_01,SYNTHETIC_CONFORMANCE_ONLY,Synthetic validator conformance fixture only; not an empirical measurement or capability claim.,SYNTHETIC,SYNTHETIC,SYNTHETIC,SYNTHETIC,0.002,SYNTHETIC,SELF_TEST,0.005,20,0.03,3,0.03,REPLAY_B,synthetic-b,20,1,0,5,2000,s,V,N,0.063,0.9980267284282716,1.836656940275079
nexah-hz-fz-measurement/0.1.0,HZ_FZ_01,SYNTHETIC_CONFORMANCE_ONLY,Synthetic validator conformance fixture only; not an empirical measurement or capability claim.,SYNTHETIC,SYNTHETIC,SYNTHETIC,SYNTHETIC,0.002,SYNTHETIC,SELF_TEST,0.005,20,0.03,3,0.03,REPLAY_B,synthetic-b,20,1,0,5,2000,s,V,N,0.0635,0.9921147013144779,1.7802329731712851
nexah-hz-fz-measurement/0.1.0,HZ_FZ_01,SYNTHETIC_CONFORMANCE_ONLY,Synthetic validator conformance fixture only; not an empirical measurement or capability claim.,SYNTHETIC,SYNTHETIC,SYNTHETIC,SYNTHETIC,0.002,SYNTHETIC,SELF_TEST,0.005,20,0.03,3,0.03,REPLAY_B,synthetic-b,20,1,0,5,2000,s,V,N,0.064,0.9822872507286886,1.7167832398334644
nexah-hz-fz-measurement/0.1.0,HZ_FZ_01,SYNTHETIC_CONFORMANCE_ONLY,Synthetic validator conformance fixture only; not an empirical measurement or capability claim.,SYNTHETIC,SYNTHETIC,SYNTHETIC,SYNTHETIC,0.002,SYNTHETIC,SELF_TEST,0.005,20,0.03,3,0.03,REPLAY_B,synthetic-b,20,1,0,5,2000,s,V,N,0.0645,0.9685831611286311,1.6465581473716793
nexah-hz-fz-measurement/0.1.0,HZ_FZ_01,SYNTHETIC_CONFORMANCE_ONLY,Synthetic validator conformance fixture only; not an empirical measurement or capability claim.,SYNTHETIC,SYNTHETIC,SYNTHETIC,SYNTHETIC,0.002,SYNTHETIC,SELF_TEST,0.005,20,0.03,3,0.03,REPLAY_B,synthetic-b,20,1,0,5,2000,s,V,N,0.065,0.9510565162951536,1.5698348421430812
nexah-hz-fz-measurement/0.1.0,HZ_FZ_01,SYNTHETIC_CONFORMANCE_ONLY,Synthetic validator conformance fixture only; not an empirical measurement or capability claim.,SYNTHETIC,SYNTHETIC,SYNTHETIC,SYNTHETIC,0.002,SYNTHETIC,SELF_TEST,0.005,20,0.03,3,0.03,REPLAY_B,synthetic-b,20,1,0,5,2000,s,V,N,0.0655,0.9297764858882517,1.4869161159818638
nexah-hz-fz-measurement/0.1.0,HZ_FZ_01,SYNTHETIC_CONFORMANCE_ONLY,Synthetic validator conformance fixture only; not an empirical measurement or capability claim.,SYNTHETIC,SYNTHETIC,SYNTHETIC,SYNTHETIC,0.002,SYNTHETIC,SELF_TEST,0.005,20,0.03,3,0.03,REPLAY_B,synthetic-b,20,1,0,5,2000,s,V,N,0.066,0.9048270524660192,1.3981292112182202
nexah-hz-fz-measurement/0.1.0,HZ_FZ_01,SYNTHETIC_CONFORMANCE_ONLY,Synthetic validator conformance fixture only; not an empirical measurement or capability claim.,SYNTHETIC,SYNTHETIC,SYNTHETIC,SYNTHETIC,0.002,SYNTHETIC,SELF_TEST,0.005,20,0.03,3,0.03,REPLAY_B,synthetic-b,20,1,0,5,2000,s,V,N,0.0665,0.8763066800438634,1.3038245292023791
nexah-hz-fz-measurement/0.1.0,HZ_FZ_01,SYNTHETIC_CONFORMANCE_ONLY,Synthetic validator conformance fixture only; not an empirical measurement or capability claim.,SYNTHETIC,SYNTHETIC,SYNTHETIC,SYNTHETIC,0.002,SYNTHETIC,SELF_TEST,0.005,20,0.03,3,0.03,REPLAY_B,synthetic-b,20,1,0,5,2000,s,V,N,0.067,0.8443279255020151,1.2043742474305434
nexah-hz-fz-measurement/0.1.0,HZ_FZ_01,SYNTHETIC_CONFORMANCE_ONLY,Synthetic validator conformance fixture only; not an empirical measurement or capability claim.,SYNTHETIC,SYNTHETIC,SYNTHETIC,SYNTHETIC,0.002,SYNTHETIC,SELF_TEST,0.005,20,0.03,3,0.03,REPLAY_B,synthetic-b,20,1,0,5,2000,s,V,N,0.0675,0.8090169943749476,1.1001708507303547
nexah-hz-fz-measurement/0.1.0,HZ_FZ_01,SYNTHETIC_CONFORMANCE_ONLY,Synthetic validator conformance fixture only; not an empirical measurement or capability claim.,SYNTHETIC,SYNTHETIC,SYNTHETIC,SYNTHETIC,0.002,SYNTHETIC,SELF_TEST,0.005,20,0.03,3,0.03,REPLAY_B,synthetic-b,20,1,0,5,2000,s,V,N,0.068,0.7705132427757886,0.9916255823025821
nexah-hz-fz-measurement/0.1.0,HZ_FZ_01,SYNTHETIC_CONFORMANCE_ONLY,Synthetic validator conformance fixture only; not an empirical measurement or capability claim.,SYNTHETIC,SYNTHETIC,SYNTHETIC,SYNTHETIC,0.002,SYNTHETIC,SELF_TEST,0.005,20,0.03,3,0.03,REPLAY_B,synthetic-b,20,1,0,5,2000,s,V,N,0.0685,0.728968627421411,0.8791668207320997
nexah-hz-fz-measurement/0.1.0,HZ_FZ_01,SYNTHETIC_CONFORMANCE_ONLY,Synthetic validator conformance fixture only; not an empirical measurement or capability claim.,SYNTHETIC,SYNTHETIC,SYNTHETIC,SYNTHETIC,0.002,SYNTHETIC,SELF_TEST,0.005,20,0.03,3,0.03,REPLAY_B,synthetic-b,20,1,0,5,2000,s,V,N,0.069,0.6845471059286884,0.7632383893733024
nexah-hz-fz-measurement/0.1.0,HZ_FZ_01,SYNTHETIC_CONFORMANCE_ONLY,Synthetic validator conformance fixture only; not an empirical measurement or capability claim.,SYNTHETIC,SYNTHETIC,SYNTHETIC,SYNTHETIC,0.002,SYNTHETIC,SELF_TEST,0.005,20,0.03,3,0.03,REPLAY_B,synthetic-b,20,1,0,5,2000,s,V,N,0.0695,0.6374239897486897,0.6442978047821009
nexah-hz-fz-measurement/0.1.0,HZ_FZ_01,SYNTHETIC_CONFORMANCE_ONLY,Synthetic validator conformance fixture only; not an empirical measurement or capability claim.,SYNTHETIC,SYNTHETIC,SYNTHETIC,SYNTHETIC,0.002,SYNTHETIC,SELF_TEST,0.005,20,0.03,3,0.03,REPLAY_B,synthetic-b,20,1,0,5,2000,s,V,N,0.07,0.5877852522924734,0.522814471107092
nexah-hz-fz-measurement/0.1.0,HZ_FZ_01,SYNTHETIC_CONFORMANCE_ONLY,Synthetic validator conformance fixture only; not an empirical measurement or capability claim.,SYNTHETIC,SYNTHETIC,SYNTHETIC,SYNTHETIC,0.002,SYNTHETIC,SELF_TEST,0.005,20,0.03,3,0.03,REPLAY_B,synthetic-b,20,1,0,5,2000,s,V,N,0.0705,0.5358267949789972,0.3992678275658357
nexah-hz-fz-measurement/0.1.0,HZ_FZ_01,SYNTHETIC_CONFORMANCE_ONLY,Synthetic validator conformance fixture only; not an empirical measurement or capability claim.,SYNTHETIC,SYNTHETIC,SYNTHETIC,SYNTHETIC,0.002,SYNTHETIC,SELF_TEST,0.005,20,0.03,3,0.03,REPLAY_B,synthetic-b,20,1,0,5,2000,s,V,N,0.071,0.4817536741017162,0.2741454563172964
nexah-hz-fz-measurement/0.1.0,HZ_FZ_01,SYNTHETIC_CONFORMANCE_ONLY,Synthetic validator conformance fixture only; not an empirical measurement or capability claim.,SYNTHETIC,SYNTHETIC,SYNTHETIC,SYNTHETIC,0.002,SYNTHETIC,SELF_TEST,0.005,20,0.03,3,0.03,REPLAY_B,synthetic-b,20,1,0,5,2000,s,V,N,0.0715,0.42577929156507394,0.1479411581978183
nexah-hz-fz-measurement/0.1.0,HZ_FZ_01,SYNTHETIC_CONFORMANCE_ONLY,Synthetic validator conformance fixture only; not an empirical measurement or capability claim.,SYNTHETIC,SYNTHETIC,SYNTHETIC,SYNTHETIC,0.002,SYNTHETIC,SELF_TEST,0.005,20,0.03,3,0.03,REPLAY_B,synthetic-b,20,1,0,5,2000,s,V,N,0.072,0.3681245526846796,0.02115300391481952
nexah-hz-fz-measurement/0.1.0,HZ_FZ_01,SYNTHETIC_CONFORMANCE_ONLY,Synthetic validator conformance fixture only; not an empirical measurement or capability claim.,SYNTHETIC,SYNTHETIC,SYNTHETIC,SYNTHETIC,0.002,SYNTHETIC,SELF_TEST,0.005,20,0.03,3,0.03,REPLAY_B,synthetic-b,20,1,0,5,2000,s,V,N,0.0725,0.3090169943749478,-0.10571863161074639
nexah-hz-fz-measurement/0.1.0,HZ_FZ_01,SYNTHETIC_CONFORMANCE_ONLY,Synthetic validator conformance fixture only; not an empirical measurement or capability claim.,SYNTHETIC,SYNTHETIC,SYNTHETIC,SYNTHETIC,0.002,SYNTHETIC,SELF_TEST,0.005,20,0.03,3,0.03,REPLAY_B,synthetic-b,20,1,0,5,2000,s,V,N,0.073,0.2486898871648555,-0.2321730439955897
nexah-hz-fz-measurement/0.1.0,HZ_FZ_01,SYNTHETIC_CONFORMANCE_ONLY,Synthetic validator conformance fixture only; not an empirical measurement or capability claim.,SYNTHETIC,SYNTHETIC,SYNTHETIC,SYNTHETIC,0.002,SYNTHETIC,SELF_TEST,0.005,20,0.03,3,0.03,REPLAY_B,synthetic-b,20,1,0,5,2000,s,V,N,0.0735,0.18738131458572568,-0.3577111754455567
nexah-hz-fz-measurement/0.1.0,HZ_FZ_01,SYNTHETIC_CONFORMANCE_ONLY,Synthetic validator conformance fixture only; not an empirical measurement or capability claim.,SYNTHETIC,SYNTHETIC,SYNTHETIC,SYNTHETIC,0.002,SYNTHETIC,SELF_TEST,0.005,20,0.03,3,0.03,REPLAY_B,synthetic-b,20,1,0,5,2000,s,V,N,0.074,0.12533323356430567,-0.48183758430873114
nexah-hz-fz-measurement/0.1.0,HZ_FZ_01,SYNTHETIC_CONFORMANCE_ONLY,Synthetic validator conformance fixture only; not an empirical measurement or capability claim.,SYNTHETIC,SYNTHETIC,SYNTHETIC,SYNTHETIC,0.002,SYNTHETIC,SELF_TEST,0.005,20,0.03,3,0.03,REPLAY_B,synthetic-b,20,1,0,5,2000,s,V,N,0.0745,0.06279051952931339,-0.6040624003572956
nexah-hz-fz-measurement/0.1.0,HZ_FZ_01,SYNTHETIC_CONFORMANCE_ONLY,Synthetic validator conformance fixture only; not an empirical measurement or capability claim.,SYNTHETIC,SYNTHETIC,SYNTHETIC,SYNTHETIC,0.002,SYNTHETIC,SELF_TEST,0.005,20,0.03,3,0.03,REPLAY_B,synthetic-b,20,1,0,5,2000,s,V,N,0.075,3.6739403974420594e-16,-0.7239032580815065
nexah-hz-fz-measurement/0.1.0,HZ_FZ_01,SYNTHETIC_CONFORMANCE_ONLY,Synthetic validator conformance fixture only; not an empirical measurement or capability claim.,SYNTHETIC,SYNTHETIC,SYNTHETIC,SYNTHETIC,0.002,SYNTHETIC,SELF_TEST,0.005,20,0.03,3,0.03,REPLAY_B,synthetic-b,20,1,0,5,2000,s,V,N,0.0755,-0.06279051952931265,-0.8408872003660095
nexah-hz-fz-measurement/0.1.0,HZ_FZ_01,SYNTHETIC_CONFORMANCE_ONLY,Synthetic validator conformance fixture only; not an empirical measurement or capability claim.,SYNTHETIC,SYNTHETIC,SYNTHETIC,SYNTHETIC,0.002,SYNTHETIC,SELF_TEST,0.005,20,0.03,3,0.03,REPLAY_B,synthetic-b,20,1,0,5,2000,s,V,N,0.076,-0.12533323356430318,-0.9545525450354877
nexah-hz-fz-measurement/0.1.0,HZ_FZ_01,SYNTHETIC_CONFORMANCE_ONLY,Synthetic validator conformance fixture only; not an empirical measurement or capability claim.,SYNTHETIC,SYNTHETIC,SYNTHETIC,SYNTHETIC,0.002,SYNTHETIC,SELF_TEST,0.005,20,0.03,3,0.03,REPLAY_B,synthetic-b,20,1,0,5,2000,s,V,N,0.0765,-0.1873813145857232,-1.0644507069032867
nexah-hz-fz-measurement/0.1.0,HZ_FZ_01,SYNTHETIC_CONFORMANCE_ONLY,Synthetic validator conformance fixture only; not an empirical measurement or capability claim.,SYNTHETIC,SYNTHETIC,SYNTHETIC,SYNTHETIC,0.002,SYNTHETIC,SELF_TEST,0.005,20,0.03,3,0.03,REPLAY_B,synthetic-b,20,1,0,5,2000,s,V,N,0.077,-0.24868988716485477,-1.1701479681322118
nexah-hz-fz-measurement/0.1.0,HZ_FZ_01,SYNTHETIC_CONFORMANCE_ONLY,Synthetic validator conformance fixture only; not an empirical measurement or capability claim.,SYNTHETIC,SYNTHETIC,SYNTHETIC,SYNTHETIC,0.002,SYNTHETIC,SELF_TEST,0.005,20,0.03,3,0.03,REPLAY_B,synthetic-b,20,1,0,5,2000,s,V,N,0.0775,-0.30901699437494706,-1.2712271899206715
nexah-hz-fz-measurement/0.1.0,HZ_FZ_01,SYNTHETIC_CONFORMANCE_ONLY,Synthetic validator conformance fixture only; not an empirical measurement or capability claim.,SYNTHETIC,SYNTHETIC,SYNTHETIC,SYNTHETIC,0.002,SYNTHETIC,SELF_TEST,0.005,20,0.03,3,0.03,REPLAY_B,synthetic-b,20,1,0,5,2000,s,V,N,0.078,-0.36812455268467725,-1.3672894587589741
nexah-hz-fz-measurement/0.1.0,HZ_FZ_01,SYNTHETIC_CONFORMANCE_ONLY,Synthetic validator conformance fixture only; not an empirical measurement or capability claim.,SYNTHETIC,SYNTHETIC,SYNTHETIC,SYNTHETIC,0.002,SYNTHETIC,SELF_TEST,0.005,20,0.03,3,0.03,REPLAY_B,synthetic-b,20,1,0,5,2000,s,V,N,0.0785,-0.42577929156507166,-1.4579556607586905
nexah-hz-fz-measurement/0.1.0,HZ_FZ_01,SYNTHETIC_CONFORMANCE_ONLY,Synthetic validator conformance fixture only; not an empirical measurement or capability claim.,SYNTHETIC,SYNTHETIC,SYNTHETIC,SYNTHETIC,0.002,SYNTHETIC,SELF_TEST,0.005,20,0.03,3,0.03,REPLAY_B,synthetic-b,20,1,0,5,2000,s,V,N,0.079,-0.48175367410171555,-1.542867977841978
nexah-hz-fz-measurement/0.1.0,HZ_FZ_01,SYNTHETIC_CONFORMANCE_ONLY,Synthetic validator conformance fixture only; not an empirical measurement or capability claim.,SYNTHETIC,SYNTHETIC,SYNTHETIC,SYNTHETIC,0.002,SYNTHETIC,SELF_TEST,0.005,20,0.03,3,0.03,REPLAY_B,synthetic-b,20,1,0,5,2000,s,V,N,0.0795,-0.5358267949789965,-1.6216912998860518
nexah-hz-fz-measurement/0.1.0,HZ_FZ_01,SYNTHETIC_CONFORMANCE_ONLY,Synthetic validator conformance fixture only; not an empirical measurement or capability claim.,SYNTHETIC,SYNTHETIC,SYNTHETIC,SYNTHETIC,0.002,SYNTHETIC,SELF_TEST,0.005,20,0.03,3,0.03,REPLAY_B,synthetic-b,20,1,0,5,2000,s,V,N,0.08,-0.5877852522924728,-1.6941145472497563
nexah-hz-fz-measurement/0.1.0,HZ_FZ_01,SYNTHETIC_CONFORMANCE_ONLY,Synthetic validator conformance fixture only; not an empirical measurement or capability claim.,SYNTHETIC,SYNTHETIC,SYNTHETIC,SYNTHETIC,0.002,SYNTHETIC,SELF_TEST,0.005,20,0.03,3,0.03,REPLAY_B,synthetic-b,20,1,0,5,2000,s,V,N,0.0805,-0.6374239897486891,-1.7598518984627822
nexah-hz-fz-measurement/0.1.0,HZ_FZ_01,SYNTHETIC_CONFORMANCE_ONLY,Synthetic validator conformance fixture only; not an empirical measurement or capability claim.,SYNTHETIC,SYNTHETIC,SYNTHETIC,SYNTHETIC,0.002,SYNTHETIC,SELF_TEST,0.005,20,0.03,3,0.03,REPLAY_B,synthetic-b,20,1,0,5,2000,s,V,N,0.081,-0.6845471059286892,-1.8186439182324319
nexah-hz-fz-measurement/0.1.0,HZ_FZ_01,SYNTHETIC_CONFORMANCE_ONLY,Synthetic validator conformance fixture only; not an empirical measurement or capability claim.,SYNTHETIC,SYNTHETIC,SYNTHETIC,SYNTHETIC,0.002,SYNTHETIC,SELF_TEST,0.005,20,0.03,3,0.03,REPLAY_B,synthetic-b,20,1,0,5,2000,s,V,N,0.0815,-0.7289686274214118,-1.8702585813161898
nexah-hz-fz-measurement/0.1.0,HZ_FZ_01,SYNTHETIC_CONFORMANCE_ONLY,Synthetic validator conformance fixture only; not an empirical measurement or capability claim.,SYNTHETIC,SYNTHETIC,SYNTHETIC,SYNTHETIC,0.002,SYNTHETIC,SELF_TEST,0.005,20,0.03,3,0.03,REPLAY_B,synthetic-b,20,1,0,5,2000,s,V,N,0.082,-0.7705132427757891,-1.9144921882193633
nexah-hz-fz-measurement/0.1.0,HZ_FZ_01,SYNTHETIC_CONFORMANCE_ONLY,Synthetic validator conformance fixture only; not an empirical measurement or capability claim.,SYNTHETIC,SYNTHETIC,SYNTHETIC,SYNTHETIC,0.002,SYNTHETIC,SELF_TEST,0.005,20,0.03,3,0.03,REPLAY_B,synthetic-b,20,1,0,5,2000,s,V,N,0.0825,-0.8090169943749472,-1.9511701691039178
nexah-hz-fz-measurement/0.1.0,HZ_FZ_01,SYNTHETIC_CONFORMANCE_ONLY,Synthetic validator conformance fixture only; not an empirical measurement or capability claim.,SYNTHETIC,SYNTHETIC,SYNTHETIC,SYNTHETIC,0.002,SYNTHETIC,SELF_TEST,0.005,20,0.03,3,0.03,REPLAY_B,synthetic-b,20,1,0,5,2000,s,V,N,0.083,-0.8443279255020156,-1.9801477727358787
nexah-hz-fz-measurement/0.1.0,HZ_FZ_01,SYNTHETIC_CONFORMANCE_ONLY,Synthetic validator conformance fixture only; not an empirical measurement or capability claim.,SYNTHETIC,SYNTHETIC,SYNTHETIC,SYNTHETIC,0.002,SYNTHETIC,SELF_TEST,0.005,20,0.03,3,0.03,REPLAY_B,synthetic-b,20,1,0,5,2000,s,V,N,0.0835,-0.8763066800438639,-2.0013106377523164
nexah-hz-fz-measurement/0.1.0,HZ_FZ_01,SYNTHETIC_CONFORMANCE_ONLY,Synthetic validator conformance fixture only; not an empirical measurement or capability claim.,SYNTHETIC,SYNTHETIC,SYNTHETIC,SYNTHETIC,0.002,SYNTHETIC,SELF_TEST,0.005,20,0.03,3,0.03,REPLAY_B,synthetic-b,20,1,0,5,2000,s,V,N,0.084,-0.9048270524660197,-2.0145752439934053
nexah-hz-fz-measurement/0.1.0,HZ_FZ_01,SYNTHETIC_CONFORMANCE_ONLY,Synthetic validator conformance fixture only; not an empirical measurement or capability claim.,SYNTHETIC,SYNTHETIC,SYNTHETIC,SYNTHETIC,0.002,SYNTHETIC,SELF_TEST,0.005,20,0.03,3,0.03,REPLAY_B,synthetic-b,20,1,0,5,2000,s,V,N,0.0845,-0.9297764858882513,-2.0198892421183348
nexah-hz-fz-measurement/0.1.0,HZ_FZ_01,SYNTHETIC_CONFORMANCE_ONLY,Synthetic validator conformance fixture only; not an empirical measurement or capability claim.,SYNTHETIC,SYNTHETIC,SYNTHETIC,SYNTHETIC,0.002,SYNTHETIC,SELF_TEST,0.005,20,0.03,3,0.03,REPLAY_B,synthetic-b,20,1,0,5,2000,s,V,N,0.085,-0.9510565162951534,-2.017231660204239
nexah-hz-fz-measurement/0.1.0,HZ_FZ_01,SYNTHETIC_CONFORMANCE_ONLY,Synthetic validator conformance fixture only; not an empirical measurement or capability claim.,SYNTHETIC,SYNTHETIC,SYNTHETIC,SYNTHETIC,0.002,SYNTHETIC,SELF_TEST,0.005,20,0.03,3,0.03,REPLAY_B,synthetic-b,20,1,0,5,2000,s,V,N,0.0855,-0.9685831611286314,-2.0066129865128004
nexah-hz-fz-measurement/0.1.0,HZ_FZ_01,SYNTHETIC_CONFORMANCE_ONLY,Synthetic validator conformance fixture only; not an empirical measurement or capability claim.,SYNTHETIC,SYNTHETIC,SYNTHETIC,SYNTHETIC,0.002,SYNTHETIC,SELF_TEST,0.005,20,0.03,3,0.03,REPLAY_B,synthetic-b,20,1,0,5,2000,s,V,N,0.086,-0.9822872507286885,-1.988075128097869
nexah-hz-fz-measurement/0.1.0,HZ_FZ_01,SYNTHETIC_CONFORMANCE_ONLY,Synthetic validator conformance fixture only; not an empirical measurement or capability claim.,SYNTHETIC,SYNTHETIC,SYNTHETIC,SYNTHETIC,0.002,SYNTHETIC,SELF_TEST,0.005,20,0.03,3,0.03,REPLAY_B,synthetic-b,20,1,0,5,2000,s,V,N,0.0865,-0.9921147013144777,-1.9616912454174653
nexah-hz-fz-measurement/0.1.0,HZ_FZ_01,SYNTHETIC_CONFORMANCE_ONLY,Synthetic validator conformance fixture only; not an empirical measurement or capability claim.,SYNTHETIC,SYNTHETIC,SYNTHETIC,SYNTHETIC,0.002,SYNTHETIC,SELF_TEST,0.005,20,0.03,3,0.03,REPLAY_B,synthetic-b,20,1,0,5,2000,s,V,N,0.087,-0.9980267284282714,-1.9275654636028803
nexah-hz-fz-measurement/0.1.0,HZ_FZ_01,SYNTHETIC_CONFORMANCE_ONLY,Synthetic validator conformance fixture only; not an empirical measurement or capability claim.,SYNTHETIC,SYNTHETIC,SYNTHETIC,SYNTHETIC,0.002,SYNTHETIC,SELF_TEST,0.005,20,0.03,3,0.03,REPLAY_B,synthetic-b,20,1,0,5,2000,s,V,N,0.0875,-1,-1.8858324615243478
nexah-hz-fz-measurement/0.1.0,HZ_FZ_01,SYNTHETIC_CONFORMANCE_ONLY,Synthetic validator conformance fixture only; not an empirical measurement or capability claim.,SYNTHETIC,SYNTHETIC,SYNTHETIC,SYNTHETIC,0.002,SYNTHETIC,SELF_TEST,0.005,20,0.03,3,0.03,REPLAY_B,synthetic-b,20,1,0,5,2000,s,V,N,0.088,-0.9980267284282716,-1.836656940275079
nexah-hz-fz-measurement/0.1.0,HZ_FZ_01,SYNTHETIC_CONFORMANCE_ONLY,Synthetic validator conformance fixture only; not an empirical measurement or capability claim.,SYNTHETIC,SYNTHETIC,SYNTHETIC,SYNTHETIC,0.002,SYNTHETIC,SELF_TEST,0.005,20,0.03,3,0.03,REPLAY_B,synthetic-b,20,1,0,5,2000,s,V,N,0.0885,-0.992114701314478,-1.7802329731712851
nexah-hz-fz-measurement/0.1.0,HZ_FZ_01,SYNTHETIC_CONFORMANCE_ONLY,Synthetic validator conformance fixture only; not an empirical measurement or capability claim.,SYNTHETIC,SYNTHETIC,SYNTHETIC,SYNTHETIC,0.002,SYNTHETIC,SELF_TEST,0.005,20,0.03,3,0.03,REPLAY_B,synthetic-b,20,1,0,5,2000,s,V,N,0.089,-0.9822872507286889,-1.7167832398334664
nexah-hz-fz-measurement/0.1.0,HZ_FZ_01,SYNTHETIC_CONFORMANCE_ONLY,Synthetic validator conformance fixture only; not an empirical measurement or capability claim.,SYNTHETIC,SYNTHETIC,SYNTHETIC,SYNTHETIC,0.002,SYNTHETIC,SELF_TEST,0.005,20,0.03,3,0.03,REPLAY_B,synthetic-b,20,1,0,5,2000,s,V,N,0.0895,-0.9685831611286312,-1.6465581473716793
nexah-hz-fz-measurement/0.1.0,HZ_FZ_01,SYNTHETIC_CONFORMANCE_ONLY,Synthetic validator conformance fixture only; not an empirical measurement or capability claim.,SYNTHETIC,SYNTHETIC,SYNTHETIC,SYNTHETIC,0.002,SYNTHETIC,SELF_TEST,0.005,20,0.03,3,0.03,REPLAY_B,synthetic-b,20,1,0,5,2000,s,V,N,0.09,-0.9510565162951538,-1.5698348421430814
nexah-hz-fz-measurement/0.1.0,HZ_FZ_01,SYNTHETIC_CONFORMANCE_ONLY,Synthetic validator conformance fixture only; not an empirical measurement or capability claim.,SYNTHETIC,SYNTHETIC,SYNTHETIC,SYNTHETIC,0.002,SYNTHETIC,SELF_TEST,0.005,20,0.03,3,0.03,REPLAY_B,synthetic-b,20,1,0,5,2000,s,V,N,0.0905,-0.9297764858882517,-1.486916115981864
nexah-hz-fz-measurement/0.1.0,HZ_FZ_01,SYNTHETIC_CONFORMANCE_ONLY,Synthetic validator conformance fixture only; not an empirical measurement or capability claim.,SYNTHETIC,SYNTHETIC,SYNTHETIC,SYNTHETIC,0.002,SYNTHETIC,SELF_TEST,0.005,20,0.03,3,0.03,REPLAY_B,synthetic-b,20,1,0,5,2000,s,V,N,0.091,-0.90482705246602,-1.398129211218223
nexah-hz-fz-measurement/0.1.0,HZ_FZ_01,SYNTHETIC_CONFORMANCE_ONLY,Synthetic validator conformance fixture only; not an empirical measurement or capability claim.,SYNTHETIC,SYNTHETIC,SYNTHETIC,SYNTHETIC,0.002,SYNTHETIC,SELF_TEST,0.005,20,0.03,3,0.03,REPLAY_B,synthetic-b,20,1,0,5,2000,s,V,N,0.0915,-0.8763066800438644,-1.303824529202382
nexah-hz-fz-measurement/0.1.0,HZ_FZ_01,SYNTHETIC_CONFORMANCE_ONLY,Synthetic validator conformance fixture only; not an empirical measurement or capability claim.,SYNTHETIC,SYNTHETIC,SYNTHETIC,SYNTHETIC,0.002,SYNTHETIC,SELF_TEST,0.005,20,0.03,3,0.03,REPLAY_B,synthetic-b,20,1,0,5,2000,s,V,N,0.092,-0.8443279255020152,-1.2043742474305434
nexah-hz-fz-measurement/0.1.0,HZ_FZ_01,SYNTHETIC_CONFORMANCE_ONLY,Synthetic validator conformance fixture only; not an empirical measurement or capability claim.,SYNTHETIC,SYNTHETIC,SYNTHETIC,SYNTHETIC,0.002,SYNTHETIC,SELF_TEST,0.005,20,0.03,3,0.03,REPLAY_B,synthetic-b,20,1,0,5,2000,s,V,N,0.0925,-0.8090169943749477,-1.100170850730355
nexah-hz-fz-measurement/0.1.0,HZ_FZ_01,SYNTHETIC_CONFORMANCE_ONLY,Synthetic validator conformance fixture only; not an empirical measurement or capability claim.,SYNTHETIC,SYNTHETIC,SYNTHETIC,SYNTHETIC,0.002,SYNTHETIC,SELF_TEST,0.005,20,0.03,3,0.03,REPLAY_B,synthetic-b,20,1,0,5,2000,s,V,N,0.093,-0.7705132427757898,-0.9916255823025854
nexah-hz-fz-measurement/0.1.0,HZ_FZ_01,SYNTHETIC_CONFORMANCE_ONLY,Synthetic validator conformance fixture only; not an empirical measurement or capability claim.,SYNTHETIC,SYNTHETIC,SYNTHETIC,SYNTHETIC,0.002,SYNTHETIC,SELF_TEST,0.005,20,0.03,3,0.03,REPLAY_B,synthetic-b,20,1,0,5,2000,s,V,N,0.0935,-0.7289686274214123,-0.8791668207321032
nexah-hz-fz-measurement/0.1.0,HZ_FZ_01,SYNTHETIC_CONFORMANCE_ONLY,Synthetic validator conformance fixture only; not an empirical measurement or capability claim.,SYNTHETIC,SYNTHETIC,SYNTHETIC,SYNTHETIC,0.002,SYNTHETIC,SELF_TEST,0.005,20,0.03,3,0.03,REPLAY_B,synthetic-b,20,1,0,5,2000,s,V,N,0.094,-0.6845471059286885,-0.7632383893733026
nexah-hz-fz-measurement/0.1.0,HZ_FZ_01,SYNTHETIC_CONFORMANCE_ONLY,Synthetic validator conformance fixture only; not an empirical measurement or capability claim.,SYNTHETIC,SYNTHETIC,SYNTHETIC,SYNTHETIC,0.002,SYNTHETIC,SELF_TEST,0.005,20,0.03,3,0.03,REPLAY_B,synthetic-b,20,1,0,5,2000,s,V,N,0.0945,-0.6374239897486897,-0.6442978047821011
nexah-hz-fz-measurement/0.1.0,HZ_FZ_01,SYNTHETIC_CONFORMANCE_ONLY,Synthetic validator conformance fixture only; not an empirical measurement or capability claim.,SYNTHETIC,SYNTHETIC,SYNTHETIC,SYNTHETIC,0.002,SYNTHETIC,SELF_TEST,0.005,20,0.03,3,0.03,REPLAY_B,synthetic-b,20,1,0,5,2000,s,V,N,0.095,-0.5877852522924735,-0.5228144711070923
nexah-hz-fz-measurement/0.1.0,HZ_FZ_01,SYNTHETIC_CONFORMANCE_ONLY,Synthetic validator conformance fixture only; not an empirical measurement or capability claim.,SYNTHETIC,SYNTHETIC,SYNTHETIC,SYNTHETIC,0.002,SYNTHETIC,SELF_TEST,0.005,20,0.03,3,0.03,REPLAY_B,synthetic-b,20,1,0,5,2000,s,V,N,0.0955,-0.5358267949789973,-0.3992678275658359
nexah-hz-fz-measurement/0.1.0,HZ_FZ_01,SYNTHETIC_CONFORMANCE_ONLY,Synthetic validator conformance fixture only; not an empirical measurement or capability claim.,SYNTHETIC,SYNTHETIC,SYNTHETIC,SYNTHETIC,0.002,SYNTHETIC,SELF_TEST,0.005,20,0.03,3,0.03,REPLAY_B,synthetic-b,20,1,0,5,2000,s,V,N,0.096,-0.48175367410171477,-0.2741454563172931
nexah-hz-fz-measurement/0.1.0,HZ_FZ_01,SYNTHETIC_CONFORMANCE_ONLY,Synthetic validator conformance fixture only; not an empirical measurement or capability claim.,SYNTHETIC,SYNTHETIC,SYNTHETIC,SYNTHETIC,0.002,SYNTHETIC,SELF_TEST,0.005,20,0.03,3,0.03,REPLAY_B,synthetic-b,20,1,0,5,2000,s,V,N,0.0965,-0.42577929156507244,-0.14794115819781498
nexah-hz-fz-measurement/0.1.0,HZ_FZ_01,SYNTHETIC_CONFORMANCE_ONLY,Synthetic validator conformance fixture only; not an empirical measurement or capability claim.,SYNTHETIC,SYNTHETIC,SYNTHETIC,SYNTHETIC,0.002,SYNTHETIC,SELF_TEST,0.005,20,0.03,3,0.03,REPLAY_B,synthetic-b,20,1,0,5,2000,s,V,N,0.097,-0.3681245526846781,-0.021153003914816174
nexah-hz-fz-measurement/0.1.0,HZ_FZ_01,SYNTHETIC_CONFORMANCE_ONLY,Synthetic validator conformance fixture only; not an empirical measurement or capability claim.,SYNTHETIC,SYNTHETIC,SYNTHETIC,SYNTHETIC,0.002,SYNTHETIC,SELF_TEST,0.005,20,0.03,3,0.03,REPLAY_B,synthetic-b,20,1,0,5,2000,s,V,N,0.0975,-0.3090169943749479,0.10571863161074616
nexah-hz-fz-measurement/0.1.0,HZ_FZ_01,SYNTHETIC_CONFORMANCE_ONLY,Synthetic validator conformance fixture only; not an empirical measurement or capability claim.,SYNTHETIC,SYNTHETIC,SYNTHETIC,SYNTHETIC,0.002,SYNTHETIC,SELF_TEST,0.005,20,0.03,3,0.03,REPLAY_B,synthetic-b,20,1,0,5,2000,s,V,N,0.098,-0.2486898871648556,0.23217304399558944
nexah-hz-fz-measurement/0.1.0,HZ_FZ_01,SYNTHETIC_CONFORMANCE_ONLY,Synthetic validator conformance fixture only; not an empirical measurement or capability claim.,SYNTHETIC,SYNTHETIC,SYNTHETIC,SYNTHETIC,0.002,SYNTHETIC,SELF_TEST,0.005,20,0.03,3,0.03,REPLAY_B,synthetic-b,20,1,0,5,2000,s,V,N,0.0985,-0.18738131458572405,0.35771117544555997
nexah-hz-fz-measurement/0.1.0,HZ_FZ_01,SYNTHETIC_CONFORMANCE_ONLY,Synthetic validator conformance fixture only; not an empirical measurement or capability claim.,SYNTHETIC,SYNTHETIC,SYNTHETIC,SYNTHETIC,0.002,SYNTHETIC,SELF_TEST,0.005,20,0.03,3,0.03,REPLAY_B,synthetic-b,20,1,0,5,2000,s,V,N,0.099,-0.125333233564304,0.4818375843087344
nexah-hz-fz-measurement/0.1.0,HZ_FZ_01,SYNTHETIC_CONFORMANCE_ONLY,Synthetic validator conformance fixture only; not an empirical measurement or capability claim.,SYNTHETIC,SYNTHETIC,SYNTHETIC,SYNTHETIC,0.002,SYNTHETIC,SELF_TEST,0.005,20,0.03,3,0.03,REPLAY_B,synthetic-b,20,1,0,5,2000,s,V,N,0.0995,-0.06279051952931351,0.6040624003572954
nexah-hz-fz-measurement/0.1.0,HZ_FZ_01,SYNTHETIC_CONFORMANCE_ONLY,Synthetic validator conformance fixture only; not an empirical measurement or capability claim.,SYNTHETIC,SYNTHETIC,SYNTHETIC,SYNTHETIC,0.002,SYNTHETIC,SELF_TEST,0.005,20,0.03,3,0.03,REPLAY_B,synthetic-b,20,1,0,5,2000,s,V,N,0.1,-4.898587196589413e-16,0.7239032580815062
nexah-hz-fz-measurement/0.1.0,HZ_FZ_01,SYNTHETIC_CONFORMANCE_ONLY,Synthetic validator conformance fixture only; not an empirical measurement or capability claim.,SYNTHETIC,SYNTHETIC,SYNTHETIC,SYNTHETIC,0.002,SYNTHETIC,SELF_TEST,0.005,20,0.03,3,0.03,REPLAY_B,synthetic-b,20,1,0,5,2000,s,V,N,0.1005,0.0627905195293143,0.8408872003660126
nexah-hz-fz-measurement/0.1.0,HZ_FZ_01,SYNTHETIC_CONFORMANCE_ONLY,Synthetic validator conformance fixture only; not an empirical measurement or capability claim.,SYNTHETIC,SYNTHETIC,SYNTHETIC,SYNTHETIC,0.002,SYNTHETIC,SELF_TEST,0.005,20,0.03,3,0.03,REPLAY_B,synthetic-b,20,1,0,5,2000,s,V,N,0.101,0.1253332335643048,0.9545525450354906
nexah-hz-fz-measurement/0.1.0,HZ_FZ_01,SYNTHETIC_CONFORMANCE_ONLY,Synthetic validator conformance fixture only; not an empirical measurement or capability claim.,SYNTHETIC,SYNTHETIC,SYNTHETIC,SYNTHETIC,0.002,SYNTHETIC,SELF_TEST,0.005,20,0.03,3,0.03,REPLAY_B,synthetic-b,20,1,0,5,2000,s,V,N,0.1015,0.18738131458572485,1.0644507069032894
nexah-hz-fz-measurement/0.1.0,HZ_FZ_01,SYNTHETIC_CONFORMANCE_ONLY,Synthetic validator conformance fixture only; not an empirical measurement or capability claim.,SYNTHETIC,SYNTHETIC,SYNTHETIC,SYNTHETIC,0.002,SYNTHETIC,SELF_TEST,0.005,20,0.03,3,0.03,REPLAY_B,synthetic-b,20,1,0,5,2000,s,V,N,0.102,0.24868988716485294,1.1701479681322087
nexah-hz-fz-measurement/0.1.0,HZ_FZ_01,SYNTHETIC_CONFORMANCE_ONLY,Synthetic validator conformance fixture only; not an empirical measurement or capability claim.,SYNTHETIC,SYNTHETIC,SYNTHETIC,SYNTHETIC,0.002,SYNTHETIC,SELF_TEST,0.005,20,0.03,3,0.03,REPLAY_B,synthetic-b,20,1,0,5,2000,s,V,N,0.1025,0.30901699437494695,1.2712271899206713
nexah-hz-fz-measurement/0.1.0,HZ_FZ_01,SYNTHETIC_CONFORMANCE_ONLY,Synthetic validator conformance fixture only; not an empirical measurement or capability claim.,SYNTHETIC,SYNTHETIC,SYNTHETIC,SYNTHETIC,0.002,SYNTHETIC,SELF_TEST,0.005,20,0.03,3,0.03,REPLAY_B,synthetic-b,20,1,0,5,2000,s,V,N,0.103,0.36812455268467714,1.3672894587589737
nexah-hz-fz-measurement/0.1.0,HZ_FZ_01,SYNTHETIC_CONFORMANCE_ONLY,Synthetic validator conformance fixture only; not an empirical measurement or capability claim.,SYNTHETIC,SYNTHETIC,SYNTHETIC,SYNTHETIC,0.002,SYNTHETIC,SELF_TEST,0.005,20,0.03,3,0.03,REPLAY_B,synthetic-b,20,1,0,5,2000,s,V,N,0.1035,0.42577929156507155,1.4579556607586903
nexah-hz-fz-measurement/0.1.0,HZ_FZ_01,SYNTHETIC_CONFORMANCE_ONLY,Synthetic validator conformance fixture only; not an empirical measurement or capability claim.,SYNTHETIC,SYNTHETIC,SYNTHETIC,SYNTHETIC,0.002,SYNTHETIC,SELF_TEST,0.005,20,0.03,3,0.03,REPLAY_B,synthetic-b,20,1,0,5,2000,s,V,N,0.104,0.4817536741017139,1.5428679778419756
nexah-hz-fz-measurement/0.1.0,HZ_FZ_01,SYNTHETIC_CONFORMANCE_ONLY,Synthetic validator conformance fixture only; not an empirical measurement or capability claim.,SYNTHETIC,SYNTHETIC,SYNTHETIC,SYNTHETIC,0.002,SYNTHETIC,SELF_TEST,0.005,20,0.03,3,0.03,REPLAY_B,synthetic-b,20,1,0,5,2000,s,V,N,0.1045,0.535826794978995,1.6216912998860493
nexah-hz-fz-measurement/0.1.0,HZ_FZ_01,SYNTHETIC_CONFORMANCE_ONLY,Synthetic validator conformance fixture only; not an empirical measurement or capability claim.,SYNTHETIC,SYNTHETIC,SYNTHETIC,SYNTHETIC,0.002,SYNTHETIC,SELF_TEST,0.005,20,0.03,3,0.03,REPLAY_B,synthetic-b,20,1,0,5,2000,s,V,N,0.105,0.5877852522924727,1.6941145472497563
nexah-hz-fz-measurement/0.1.0,HZ_FZ_01,SYNTHETIC_CONFORMANCE_ONLY,Synthetic validator conformance fixture only; not an empirical measurement or capability claim.,SYNTHETIC,SYNTHETIC,SYNTHETIC,SYNTHETIC,0.002,SYNTHETIC,SELF_TEST,0.005,20,0.03,3,0.03,REPLAY_B,synthetic-b,20,1,0,5,2000,s,V,N,0.1055,0.6374239897486891,1.759851898462782
nexah-hz-fz-measurement/0.1.0,HZ_FZ_01,SYNTHETIC_CONFORMANCE_ONLY,Synthetic validator conformance fixture only; not an empirical measurement or capability claim.,SYNTHETIC,SYNTHETIC,SYNTHETIC,SYNTHETIC,0.002,SYNTHETIC,SELF_TEST,0.005,20,0.03,3,0.03,REPLAY_B,synthetic-b,20,1,0,5,2000,s,V,N,0.106,0.6845471059286878,1.81864391823243
nexah-hz-fz-measurement/0.1.0,HZ_FZ_01,SYNTHETIC_CONFORMANCE_ONLY,Synthetic validator conformance fixture only; not an empirical measurement or capability claim.,SYNTHETIC,SYNTHETIC,SYNTHETIC,SYNTHETIC,0.002,SYNTHETIC,SELF_TEST,0.005,20,0.03,3,0.03,REPLAY_B,synthetic-b,20,1,0,5,2000,s,V,N,0.1065,0.7289686274214104,1.8702585813161885
nexah-hz-fz-measurement/0.1.0,HZ_FZ_01,SYNTHETIC_CONFORMANCE_ONLY,Synthetic validator conformance fixture only; not an empirical measurement or capability claim.,SYNTHETIC,SYNTHETIC,SYNTHETIC,SYNTHETIC,0.002,SYNTHETIC,SELF_TEST,0.005,20,0.03,3,0.03,REPLAY_B,synthetic-b,20,1,0,5,2000,s,V,N,0.107,0.7705132427757891,1.9144921882193633
nexah-hz-fz-measurement/0.1.0,HZ_FZ_01,SYNTHETIC_CONFORMANCE_ONLY,Synthetic validator conformance fixture only; not an empirical measurement or capability claim.,SYNTHETIC,SYNTHETIC,SYNTHETIC,SYNTHETIC,0.002,SYNTHETIC,SELF_TEST,0.005,20,0.03,3,0.03,REPLAY_B,synthetic-b,20,1,0,5,2000,s,V,N,0.1075,0.8090169943749471,1.9511701691039178
nexah-hz-fz-measurement/0.1.0,HZ_FZ_01,SYNTHETIC_CONFORMANCE_ONLY,Synthetic validator conformance fixture only; not an empirical measurement or capability claim.,SYNTHETIC,SYNTHETIC,SYNTHETIC,SYNTHETIC,0.002,SYNTHETIC,SELF_TEST,0.005,20,0.03,3,0.03,REPLAY_B,synthetic-b,20,1,0,5,2000,s,V,N,0.108,0.8443279255020146,1.980147772735878
nexah-hz-fz-measurement/0.1.0,HZ_FZ_01,SYNTHETIC_CONFORMANCE_ONLY,Synthetic validator conformance fixture only; not an empirical measurement or capability claim.,SYNTHETIC,SYNTHETIC,SYNTHETIC,SYNTHETIC,0.002,SYNTHETIC,SELF_TEST,0.005,20,0.03,3,0.03,REPLAY_B,synthetic-b,20,1,0,5,2000,s,V,N,0.1085,0.876306680043863,2.001310637752316
nexah-hz-fz-measurement/0.1.0,HZ_FZ_01,SYNTHETIC_CONFORMANCE_ONLY,Synthetic validator conformance fixture only; not an empirical measurement or capability claim.,SYNTHETIC,SYNTHETIC,SYNTHETIC,SYNTHETIC,0.002,SYNTHETIC,SELF_TEST,0.005,20,0.03,3,0.03,REPLAY_B,synthetic-b,20,1,0,5,2000,s,V,N,0.109,0.9048270524660196,2.0145752439934053
nexah-hz-fz-measurement/0.1.0,HZ_FZ_01,SYNTHETIC_CONFORMANCE_ONLY,Synthetic validator conformance fixture only; not an empirical measurement or capability claim.,SYNTHETIC,SYNTHETIC,SYNTHETIC,SYNTHETIC,0.002,SYNTHETIC,SELF_TEST,0.005,20,0.03,3,0.03,REPLAY_B,synthetic-b,20,1,0,5,2000,s,V,N,0.1095,0.9297764858882513,2.0198892421183348
nexah-hz-fz-measurement/0.1.0,HZ_FZ_01,SYNTHETIC_CONFORMANCE_ONLY,Synthetic validator conformance fixture only; not an empirical measurement or capability claim.,SYNTHETIC,SYNTHETIC,SYNTHETIC,SYNTHETIC,0.002,SYNTHETIC,SELF_TEST,0.005,20,0.03,3,0.03,REPLAY_B,synthetic-b,20,1,0,5,2000,s,V,N,0.11,0.9510565162951534,2.017231660204239
nexah-hz-fz-measurement/0.1.0,HZ_FZ_01,SYNTHETIC_CONFORMANCE_ONLY,Synthetic validator conformance fixture only; not an empirical measurement or capability claim.,SYNTHETIC,SYNTHETIC,SYNTHETIC,SYNTHETIC,0.002,SYNTHETIC,SELF_TEST,0.005,20,0.03,3,0.03,REPLAY_B,synthetic-b,20,1,0,5,2000,s,V,N,0.1105,0.9685831611286309,2.006612986512801
nexah-hz-fz-measurement/0.1.0,HZ_FZ_01,SYNTHETIC_CONFORMANCE_ONLY,Synthetic validator conformance fixture only; not an empirical measurement or capability claim.,SYNTHETIC,SYNTHETIC,SYNTHETIC,SYNTHETIC,0.002,SYNTHETIC,SELF_TEST,0.005,20,0.03,3,0.03,REPLAY_B,synthetic-b,20,1,0,5,2000,s,V,N,0.111,0.9822872507286888,1.9880751280978683
nexah-hz-fz-measurement/0.1.0,HZ_FZ_01,SYNTHETIC_CONFORMANCE_ONLY,Synthetic validator conformance fixture only; not an empirical measurement or capability claim.,SYNTHETIC,SYNTHETIC,SYNTHETIC,SYNTHETIC,0.002,SYNTHETIC,SELF_TEST,0.005,20,0.03,3,0.03,REPLAY_B,synthetic-b,20,1,0,5,2000,s,V,N,0.1115,0.9921147013144779,1.9616912454174646
nexah-hz-fz-measurement/0.1.0,HZ_FZ_01,SYNTHETIC_CONFORMANCE_ONLY,Synthetic validator conformance fixture only; not an empirical measurement or capability claim.,SYNTHETIC,SYNTHETIC,SYNTHETIC,SYNTHETIC,0.002,SYNTHETIC,SELF_TEST,0.005,20,0.03,3,0.03,REPLAY_B,synthetic-b,20,1,0,5,2000,s,V,N,0.112,0.9980267284282716,1.9275654636028792
nexah-hz-fz-measurement/0.1.0,HZ_FZ_01,SYNTHETIC_CONFORMANCE_ONLY,Synthetic validator conformance fixture only; not an empirical measurement or capability claim.,SYNTHETIC,SYNTHETIC,SYNTHETIC,SYNTHETIC,0.002,SYNTHETIC,SELF_TEST,0.005,20,0.03,3,0.03,REPLAY_B,synthetic-b,20,1,0,5,2000,s,V,N,0.1125,1,1.8858324615243478
nexah-hz-fz-measurement/0.1.0,HZ_FZ_01,SYNTHETIC_CONFORMANCE_ONLY,Synthetic validator conformance fixture only; not an empirical measurement or capability claim.,SYNTHETIC,SYNTHETIC,SYNTHETIC,SYNTHETIC,0.002,SYNTHETIC,SELF_TEST,0.005,20,0.03,3,0.03,REPLAY_B,synthetic-b,20,1,0,5,2000,s,V,N,0.113,0.9980267284282717,1.836656940275079
nexah-hz-fz-measurement/0.1.0,HZ_FZ_01,SYNTHETIC_CONFORMANCE_ONLY,Synthetic validator conformance fixture only; not an empirical measurement or capability claim.,SYNTHETIC,SYNTHETIC,SYNTHETIC,SYNTHETIC,0.002,SYNTHETIC,SELF_TEST,0.005,20,0.03,3,0.03,REPLAY_B,synthetic-b,20,1,0,5,2000,s,V,N,0.1135,0.9921147013144778,1.7802329731712836
nexah-hz-fz-measurement/0.1.0,HZ_FZ_01,SYNTHETIC_CONFORMANCE_ONLY,Synthetic validator conformance fixture only; not an empirical measurement or capability claim.,SYNTHETIC,SYNTHETIC,SYNTHETIC,SYNTHETIC,0.002,SYNTHETIC,SELF_TEST,0.005,20,0.03,3,0.03,REPLAY_B,synthetic-b,20,1,0,5,2000,s,V,N,0.114,0.9822872507286886,1.7167832398334648
nexah-hz-fz-measurement/0.1.0,HZ_FZ_01,SYNTHETIC_CONFORMANCE_ONLY,Synthetic validator conformance fixture only; not an empirical measurement or capability claim.,SYNTHETIC,SYNTHETIC,SYNTHETIC,SYNTHETIC,0.002,SYNTHETIC,SELF_TEST,0.005,20,0.03,3,0.03,REPLAY_B,synthetic-b,20,1,0,5,2000,s,V,N,0.1145,0.9685831611286312,1.6465581473716795
nexah-hz-fz-measurement/0.1.0,HZ_FZ_01,SYNTHETIC_CONFORMANCE_ONLY,Synthetic validator conformance fixture only; not an empirical measurement or capability claim.,SYNTHETIC,SYNTHETIC,SYNTHETIC,SYNTHETIC,0.002,SYNTHETIC,SELF_TEST,0.005,20,0.03,3,0.03,REPLAY_B,synthetic-b,20,1,0,5,2000,s,V,N,0.115,0.9510565162951538,1.5698348421430817
nexah-hz-fz-measurement/0.1.0,HZ_FZ_01,SYNTHETIC_CONFORMANCE_ONLY,Synthetic validator conformance fixture only; not an empirical measurement or capability claim.,SYNTHETIC,SYNTHETIC,SYNTHETIC,SYNTHETIC,0.002,SYNTHETIC,SELF_TEST,0.005,20,0.03,3,0.03,REPLAY_B,synthetic-b,20,1,0,5,2000,s,V,N,0.1155,0.9297764858882511,1.4869161159818618
nexah-hz-fz-measurement/0.1.0,HZ_FZ_01,SYNTHETIC_CONFORMANCE_ONLY,Synthetic validator conformance fixture only; not an empirical measurement or capability claim.,SYNTHETIC,SYNTHETIC,SYNTHETIC,SYNTHETIC,0.002,SYNTHETIC,SELF_TEST,0.005,20,0.03,3,0.03,REPLAY_B,synthetic-b,20,1,0,5,2000,s,V,N,0.116,0.9048270524660194,1.3981292112182206
nexah-hz-fz-measurement/0.1.0,HZ_FZ_01,SYNTHETIC_CONFORMANCE_ONLY,Synthetic validator conformance fixture only; not an empirical measurement or capability claim.,SYNTHETIC,SYNTHETIC,SYNTHETIC,SYNTHETIC,0.002,SYNTHETIC,SELF_TEST,0.005,20,0.03,3,0.03,REPLAY_B,synthetic-b,20,1,0,5,2000,s,V,N,0.1165,0.8763066800438636,1.3038245292023793
nexah-hz-fz-measurement/0.1.0,HZ_FZ_01,SYNTHETIC_CONFORMANCE_ONLY,Synthetic validator conformance fixture only; not an empirical measurement or capability claim.,SYNTHETIC,SYNTHETIC,SYNTHETIC,SYNTHETIC,0.002,SYNTHETIC,SELF_TEST,0.005,20,0.03,3,0.03,REPLAY_B,synthetic-b,20,1,0,5,2000,s,V,N,0.117,0.8443279255020152,1.2043742474305437
nexah-hz-fz-measurement/0.1.0,HZ_FZ_01,SYNTHETIC_CONFORMANCE_ONLY,Synthetic validator conformance fixture only; not an empirical measurement or capability claim.,SYNTHETIC,SYNTHETIC,SYNTHETIC,SYNTHETIC,0.002,SYNTHETIC,SELF_TEST,0.005,20,0.03,3,0.03,REPLAY_B,synthetic-b,20,1,0,5,2000,s,V,N,0.1175,0.8090169943749478,1.1001708507303551
nexah-hz-fz-measurement/0.1.0,HZ_FZ_01,SYNTHETIC_CONFORMANCE_ONLY,Synthetic validator conformance fixture only; not an empirical measurement or capability claim.,SYNTHETIC,SYNTHETIC,SYNTHETIC,SYNTHETIC,0.002,SYNTHETIC,SELF_TEST,0.005,20,0.03,3,0.03,REPLAY_B,synthetic-b,20,1,0,5,2000,s,V,N,0.118,0.7705132427757898,0.9916255823025856
nexah-hz-fz-measurement/0.1.0,HZ_FZ_01,SYNTHETIC_CONFORMANCE_ONLY,Synthetic validator conformance fixture only; not an empirical measurement or capability claim.,SYNTHETIC,SYNTHETIC,SYNTHETIC,SYNTHETIC,0.002,SYNTHETIC,SELF_TEST,0.005,20,0.03,3,0.03,REPLAY_B,synthetic-b,20,1,0,5,2000,s,V,N,0.1185,0.7289686274214124,0.8791668207321034
nexah-hz-fz-measurement/0.1.0,HZ_FZ_01,SYNTHETIC_CONFORMANCE_ONLY,Synthetic validator conformance fixture only; not an empirical measurement or capability claim.,SYNTHETIC,SYNTHETIC,SYNTHETIC,SYNTHETIC,0.002,SYNTHETIC,SELF_TEST,0.005,20,0.03,3,0.03,REPLAY_B,synthetic-b,20,1,0,5,2000,s,V,N,0.119,0.6845471059286898,0.7632383893733061
nexah-hz-fz-measurement/0.1.0,HZ_FZ_01,SYNTHETIC_CONFORMANCE_ONLY,Synthetic validator conformance fixture only; not an empirical measurement or capability claim.,SYNTHETIC,SYNTHETIC,SYNTHETIC,SYNTHETIC,0.002,SYNTHETIC,SELF_TEST,0.005,20,0.03,3,0.03,REPLAY_B,synthetic-b,20,1,0,5,2000,s,V,N,0.1195,0.6374239897486913,0.6442978047821046
nexah-hz-fz-measurement/0.1.0,HZ_FZ_01,SYNTHETIC_CONFORMANCE_ONLY,Synthetic validator conformance fixture only; not an empirical measurement or capability claim.,SYNTHETIC,SYNTHETIC,SYNTHETIC,SYNTHETIC,0.002,SYNTHETIC,SELF_TEST,0.005,20,0.03,3,0.03,REPLAY_B,synthetic-b,20,1,0,5,2000,s,V,N,0.12,0.5877852522924736,0.5228144711070926
nexah-hz-fz-measurement/0.1.0,HZ_FZ_01,SYNTHETIC_CONFORMANCE_ONLY,Synthetic validator conformance fixture only; not an empirical measurement or capability claim.,SYNTHETIC,SYNTHETIC,SYNTHETIC,SYNTHETIC,0.002,SYNTHETIC,SELF_TEST,0.005,20,0.03,3,0.03,REPLAY_B,synthetic-b,20,1,0,5,2000,s,V,N,0.1205,0.5358267949789974,0.3992678275658361
nexah-hz-fz-measurement/0.1.0,HZ_FZ_01,SYNTHETIC_CONFORMANCE_ONLY,Synthetic validator conformance fixture only; not an empirical measurement or capability claim.,SYNTHETIC,SYNTHETIC,SYNTHETIC,SYNTHETIC,0.002,SYNTHETIC,SELF_TEST,0.005,20,0.03,3,0.03,REPLAY_B,synthetic-b,20,1,0,5,2000,s,V,N,0.121,0.48175367410171643,0.2741454563172969
nexah-hz-fz-measurement/0.1.0,HZ_FZ_01,SYNTHETIC_CONFORMANCE_ONLY,Synthetic validator conformance fixture only; not an empirical measurement or capability claim.,SYNTHETIC,SYNTHETIC,SYNTHETIC,SYNTHETIC,0.002,SYNTHETIC,SELF_TEST,0.005,20,0.03,3,0.03,REPLAY_B,synthetic-b,20,1,0,5,2000,s,V,N,0.1215,0.42577929156507416,0.14794115819781878
nexah-hz-fz-measurement/0.1.0,HZ_FZ_01,SYNTHETIC_CONFORMANCE_ONLY,Synthetic validator conformance fixture only; not an empirical measurement or capability claim.,SYNTHETIC,SYNTHETIC,SYNTHETIC,SYNTHETIC,0.002,SYNTHETIC,SELF_TEST,0.005,20,0.03,3,0.03,REPLAY_B,synthetic-b,20,1,0,5,2000,s,V,N,0.122,0.3681245526846782,0.021153003914816424
nexah-hz-fz-measurement/0.1.0,HZ_FZ_01,SYNTHETIC_CONFORMANCE_ONLY,Synthetic validator conformance fixture only; not an empirical measurement or capability claim.,SYNTHETIC,SYNTHETIC,SYNTHETIC,SYNTHETIC,0.002,SYNTHETIC,SELF_TEST,0.005,20,0.03,3,0.03,REPLAY_B,synthetic-b,20,1,0,5,2000,s,V,N,0.1225,0.309016994374948,-0.1057186316107459
nexah-hz-fz-measurement/0.1.0,HZ_FZ_01,SYNTHETIC_CONFORMANCE_ONLY,Synthetic validator conformance fixture only; not an empirical measurement or capability claim.,SYNTHETIC,SYNTHETIC,SYNTHETIC,SYNTHETIC,0.002,SYNTHETIC,SELF_TEST,0.005,20,0.03,3,0.03,REPLAY_B,synthetic-b,20,1,0,5,2000,s,V,N,0.123,0.2486898871648557,-0.23217304399558922
nexah-hz-fz-measurement/0.1.0,HZ_FZ_01,SYNTHETIC_CONFORMANCE_ONLY,Synthetic validator conformance fixture only; not an empirical measurement or capability claim.,SYNTHETIC,SYNTHETIC,SYNTHETIC,SYNTHETIC,0.002,SYNTHETIC,SELF_TEST,0.005,20,0.03,3,0.03,REPLAY_B,synthetic-b,20,1,0,5,2000,s,V,N,0.1235,0.18738131458572593,-0.3577111754455562
nexah-hz-fz-measurement/0.1.0,HZ_FZ_01,SYNTHETIC_CONFORMANCE_ONLY,Synthetic validator conformance fixture only; not an empirical measurement or capability claim.,SYNTHETIC,SYNTHETIC,SYNTHETIC,SYNTHETIC,0.002,SYNTHETIC,SELF_TEST,0.005,20,0.03,3,0.03,REPLAY_B,synthetic-b,20,1,0,5,2000,s,V,N,0.124,0.12533323356430415,-0.4818375843087342
nexah-hz-fz-measurement/0.1.0,HZ_FZ_01,SYNTHETIC_CONFORMANCE_ONLY,Synthetic validator conformance fixture only; not an empirical measurement or capability claim.,SYNTHETIC,SYNTHETIC,SYNTHETIC,SYNTHETIC,0.002,SYNTHETIC,SELF_TEST,0.005,20,0.03,3,0.03,REPLAY_B,synthetic-b,20,1,0,5,2000,s,V,N,0.1245,0.06279051952931362,-0.6040624003572916
nexah-hz-fz-measurement/0.1.0,HZ_FZ_01,SYNTHETIC_CONFORMANCE_ONLY,Synthetic validator conformance fixture only; not an empirical measurement or capability claim.,SYNTHETIC,SYNTHETIC,SYNTHETIC,SYNTHETIC,0.002,SYNTHETIC,SELF_TEST,0.005,20,0.03,3,0.03,REPLAY_B,synthetic-b,20,1,0,5,2000,s,V,N,0.125,6.123233995736766e-16,-0.7239032580815026
nexah-hz-fz-measurement/0.1.0,HZ_FZ_01,SYNTHETIC_CONFORMANCE_ONLY,Synthetic validator conformance fixture only; not an empirical measurement or capability claim.,SYNTHETIC,SYNTHETIC,SYNTHETIC,SYNTHETIC,0.002,SYNTHETIC,SELF_TEST,0.005,20,0.03,3,0.03,REPLAY_B,synthetic-b,20,1,0,5,2000,s,V,N,0.1255,-0.0627905195293124,-0.8408872003660058
nexah-hz-fz-measurement/0.1.0,HZ_FZ_01,SYNTHETIC_CONFORMANCE_ONLY,Synthetic validator conformance fixture only; not an empirical measurement or capability claim.,SYNTHETIC,SYNTHETIC,SYNTHETIC,SYNTHETIC,0.002,SYNTHETIC,SELF_TEST,0.005,20,0.03,3,0.03,REPLAY_B,synthetic-b,20,1,0,5,2000,s,V,N,0.126,-0.12533323356430293,-0.954552545035484
nexah-hz-fz-measurement/0.1.0,HZ_FZ_01,SYNTHETIC_CONFORMANCE_ONLY,Synthetic validator conformance fixture only; not an empirical measurement or capability claim.,SYNTHETIC,SYNTHETIC,SYNTHETIC,SYNTHETIC,0.002,SYNTHETIC,SELF_TEST,0.005,20,0.03,3,0.03,REPLAY_B,synthetic-b,20,1,0,5,2000,s,V,N,0.1265,-0.1873813145857247,-1.0644507069032894
nexah-hz-fz-measurement/0.1.0,HZ_FZ_01,SYNTHETIC_CONFORMANCE_ONLY,Synthetic validator conformance fixture only; not an empirical measurement or capability claim.,SYNTHETIC,SYNTHETIC,SYNTHETIC,SYNTHETIC,0.002,SYNTHETIC,SELF_TEST,0.005,20,0.03,3,0.03,REPLAY_B,synthetic-b,20,1,0,5,2000,s,V,N,0.127,-0.24868988716485452,-1.1701479681322113
nexah-hz-fz-measurement/0.1.0,HZ_FZ_01,SYNTHETIC_CONFORMANCE_ONLY,Synthetic validator conformance fixture only; not an empirical measurement or capability claim.,SYNTHETIC,SYNTHETIC,SYNTHETIC,SYNTHETIC,0.002,SYNTHETIC,SELF_TEST,0.005,20,0.03,3,0.03,REPLAY_B,synthetic-b,20,1,0,5,2000,s,V,N,0.1275,-0.3090169943749485,-1.271227189920671
nexah-hz-fz-measurement/0.1.0,HZ_FZ_01,SYNTHETIC_CONFORMANCE_ONLY,Synthetic validator conformance fixture only; not an empirical measurement or capability claim.,SYNTHETIC,SYNTHETIC,SYNTHETIC,SYNTHETIC,0.002,SYNTHETIC,SELF_TEST,0.005,20,0.03,3,0.03,REPLAY_B,synthetic-b,20,1,0,5,2000,s,V,N,0.128,-0.3681245526846787,-1.3672894587589737
nexah-hz-fz-measurement/0.1.0,HZ_FZ_01,SYNTHETIC_CONFORMANCE_ONLY,Synthetic validator conformance fixture only; not an empirical measurement or capability claim.,SYNTHETIC,SYNTHETIC,SYNTHETIC,SYNTHETIC,0.002,SYNTHETIC,SELF_TEST,0.005,20,0.03,3,0.03,REPLAY_B,synthetic-b,20,1,0,5,2000,s,V,N,0.1285,-0.42577929156507305,-1.4579556607586903
nexah-hz-fz-measurement/0.1.0,HZ_FZ_01,SYNTHETIC_CONFORMANCE_ONLY,Synthetic validator conformance fixture only; not an empirical measurement or capability claim.,SYNTHETIC,SYNTHETIC,SYNTHETIC,SYNTHETIC,0.002,SYNTHETIC,SELF_TEST,0.005,20,0.03,3,0.03,REPLAY_B,synthetic-b,20,1,0,5,2000,s,V,N,0.129,-0.4817536741017153,-1.5428679778419754
nexah-hz-fz-measurement/0.1.0,HZ_FZ_01,SYNTHETIC_CONFORMANCE_ONLY,Synthetic validator conformance fixture only; not an empirical measurement or capability claim.,SYNTHETIC,SYNTHETIC,SYNTHETIC,SYNTHETIC,0.002,SYNTHETIC,SELF_TEST,0.005,20,0.03,3,0.03,REPLAY_B,synthetic-b,20,1,0,5,2000,s,V,N,0.1295,-0.5358267949789963,-1.621691299886049
nexah-hz-fz-measurement/0.1.0,HZ_FZ_01,SYNTHETIC_CONFORMANCE_ONLY,Synthetic validator conformance fixture only; not an empirical measurement or capability claim.,SYNTHETIC,SYNTHETIC,SYNTHETIC,SYNTHETIC,0.002,SYNTHETIC,SELF_TEST,0.005,20,0.03,3,0.03,REPLAY_B,synthetic-b,20,1,0,5,2000,s,V,N,0.13,-0.5877852522924726,-1.694114547249754
nexah-hz-fz-measurement/0.1.0,HZ_FZ_01,SYNTHETIC_CONFORMANCE_ONLY,Synthetic validator conformance fixture only; not an empirical measurement or capability claim.,SYNTHETIC,SYNTHETIC,SYNTHETIC,SYNTHETIC,0.002,SYNTHETIC,SELF_TEST,0.005,20,0.03,3,0.03,REPLAY_B,synthetic-b,20,1,0,5,2000,s,V,N,0.1305,-0.637423989748689,-1.7598518984627802
nexah-hz-fz-measurement/0.1.0,HZ_FZ_01,SYNTHETIC_CONFORMANCE_ONLY,Synthetic validator conformance fixture only; not an empirical measurement or capability claim.,SYNTHETIC,SYNTHETIC,SYNTHETIC,SYNTHETIC,0.002,SYNTHETIC,SELF_TEST,0.005,20,0.03,3,0.03,REPLAY_B,synthetic-b,20,1,0,5,2000,s,V,N,0.131,-0.6845471059286877,-1.8186439182324285
nexah-hz-fz-measurement/0.1.0,HZ_FZ_01,SYNTHETIC_CONFORMANCE_ONLY,Synthetic validator conformance fixture only; not an empirical measurement or capability claim.,SYNTHETIC,SYNTHETIC,SYNTHETIC,SYNTHETIC,0.002,SYNTHETIC,SELF_TEST,0.005,20,0.03,3,0.03,REPLAY_B,synthetic-b,20,1,0,5,2000,s,V,N,0.1315,-0.7289686274214128,-1.8702585813161896
nexah-hz-fz-measurement/0.1.0,HZ_FZ_01,SYNTHETIC_CONFORMANCE_ONLY,Synthetic validator conformance fixture only; not an empirical measurement or capability claim.,SYNTHETIC,SYNTHETIC,SYNTHETIC,SYNTHETIC,0.002,SYNTHETIC,SELF_TEST,0.005,20,0.03,3,0.03,REPLAY_B,synthetic-b,20,1,0,5,2000,s,V,N,0.132,-0.7705132427757901,-1.914492188219363
nexah-hz-fz-measurement/0.1.0,HZ_FZ_01,SYNTHETIC_CONFORMANCE_ONLY,Synthetic validator conformance fixture only; not an empirical measurement or capability claim.,SYNTHETIC,SYNTHETIC,SYNTHETIC,SYNTHETIC,0.002,SYNTHETIC,SELF_TEST,0.005,20,0.03,3,0.03,REPLAY_B,synthetic-b,20,1,0,5,2000,s,V,N,0.1325,-0.8090169943749481,-1.9511701691039178
nexah-hz-fz-measurement/0.1.0,HZ_FZ_01,SYNTHETIC_CONFORMANCE_ONLY,Synthetic validator conformance fixture only; not an empirical measurement or capability claim.,SYNTHETIC,SYNTHETIC,SYNTHETIC,SYNTHETIC,0.002,SYNTHETIC,SELF_TEST,0.005,20,0.03,3,0.03,REPLAY_B,synthetic-b,20,1,0,5,2000,s,V,N,0.133,-0.8443279255020155,-1.9801477727358778
nexah-hz-fz-measurement/0.1.0,HZ_FZ_01,SYNTHETIC_CONFORMANCE_ONLY,Synthetic validator conformance fixture only; not an empirical measurement or capability claim.,SYNTHETIC,SYNTHETIC,SYNTHETIC,SYNTHETIC,0.002,SYNTHETIC,SELF_TEST,0.005,20,0.03,3,0.03,REPLAY_B,synthetic-b,20,1,0,5,2000,s,V,N,0.1335,-0.8763066800438638,-2.001310637752316
nexah-hz-fz-measurement/0.1.0,HZ_FZ_01,SYNTHETIC_CONFORMANCE_ONLY,Synthetic validator conformance fixture only; not an empirical measurement or capability claim.,SYNTHETIC,SYNTHETIC,SYNTHETIC,SYNTHETIC,0.002,SYNTHETIC,SELF_TEST,0.005,20,0.03,3,0.03,REPLAY_B,synthetic-b,20,1,0,5,2000,s,V,N,0.134,-0.9048270524660196,-2.0145752439934053
nexah-hz-fz-measurement/0.1.0,HZ_FZ_01,SYNTHETIC_CONFORMANCE_ONLY,Synthetic validator conformance fixture only; not an empirical measurement or capability claim.,SYNTHETIC,SYNTHETIC,SYNTHETIC,SYNTHETIC,0.002,SYNTHETIC,SELF_TEST,0.005,20,0.03,3,0.03,REPLAY_B,synthetic-b,20,1,0,5,2000,s,V,N,0.1345,-0.9297764858882513,-2.0198892421183348
nexah-hz-fz-measurement/0.1.0,HZ_FZ_01,SYNTHETIC_CONFORMANCE_ONLY,Synthetic validator conformance fixture only; not an empirical measurement or capability claim.,SYNTHETIC,SYNTHETIC,SYNTHETIC,SYNTHETIC,0.002,SYNTHETIC,SELF_TEST,0.005,20,0.03,3,0.03,REPLAY_B,synthetic-b,20,1,0,5,2000,s,V,N,0.135,-0.9510565162951534,-2.0172316602042395
nexah-hz-fz-measurement/0.1.0,HZ_FZ_01,SYNTHETIC_CONFORMANCE_ONLY,Synthetic validator conformance fixture only; not an empirical measurement or capability claim.,SYNTHETIC,SYNTHETIC,SYNTHETIC,SYNTHETIC,0.002,SYNTHETIC,SELF_TEST,0.005,20,0.03,3,0.03,REPLAY_B,synthetic-b,20,1,0,5,2000,s,V,N,0.1355,-0.9685831611286309,-2.0066129865128013
nexah-hz-fz-measurement/0.1.0,HZ_FZ_01,SYNTHETIC_CONFORMANCE_ONLY,Synthetic validator conformance fixture only; not an empirical measurement or capability claim.,SYNTHETIC,SYNTHETIC,SYNTHETIC,SYNTHETIC,0.002,SYNTHETIC,SELF_TEST,0.005,20,0.03,3,0.03,REPLAY_B,synthetic-b,20,1,0,5,2000,s,V,N,0.136,-0.982287250728689,-1.9880751280978683
nexah-hz-fz-measurement/0.1.0,HZ_FZ_01,SYNTHETIC_CONFORMANCE_ONLY,Synthetic validator conformance fixture only; not an empirical measurement or capability claim.,SYNTHETIC,SYNTHETIC,SYNTHETIC,SYNTHETIC,0.002,SYNTHETIC,SELF_TEST,0.005,20,0.03,3,0.03,REPLAY_B,synthetic-b,20,1,0,5,2000,s,V,N,0.1365,-0.9921147013144781,-1.9616912454174646
nexah-hz-fz-measurement/0.1.0,HZ_FZ_01,SYNTHETIC_CONFORMANCE_ONLY,Synthetic validator conformance fixture only; not an empirical measurement or capability claim.,SYNTHETIC,SYNTHETIC,SYNTHETIC,SYNTHETIC,0.002,SYNTHETIC,SELF_TEST,0.005,20,0.03,3,0.03,REPLAY_B,synthetic-b,20,1,0,5,2000,s,V,N,0.137,-0.9980267284282717,-1.9275654636028794
nexah-hz-fz-measurement/0.1.0,HZ_FZ_01,SYNTHETIC_CONFORMANCE_ONLY,Synthetic validator conformance fixture only; not an empirical measurement or capability claim.,SYNTHETIC,SYNTHETIC,SYNTHETIC,SYNTHETIC,0.002,SYNTHETIC,SELF_TEST,0.005,20,0.03,3,0.03,REPLAY_B,synthetic-b,20,1,0,5,2000,s,V,N,0.1375,-1,-1.8858324615243478
nexah-hz-fz-measurement/0.1.0,HZ_FZ_01,SYNTHETIC_CONFORMANCE_ONLY,Synthetic validator conformance fixture only; not an empirical measurement or capability claim.,SYNTHETIC,SYNTHETIC,SYNTHETIC,SYNTHETIC,0.002,SYNTHETIC,SELF_TEST,0.005,20,0.03,3,0.03,REPLAY_B,synthetic-b,20,1,0,5,2000,s,V,N,0.138,-0.9980267284282716,-1.8366569402750792
nexah-hz-fz-measurement/0.1.0,HZ_FZ_01,SYNTHETIC_CONFORMANCE_ONLY,Synthetic validator conformance fixture only; not an empirical measurement or capability claim.,SYNTHETIC,SYNTHETIC,SYNTHETIC,SYNTHETIC,0.002,SYNTHETIC,SELF_TEST,0.005,20,0.03,3,0.03,REPLAY_B,synthetic-b,20,1,0,5,2000,s,V,N,0.1385,-0.9921147013144778,-1.7802329731712854
nexah-hz-fz-measurement/0.1.0,HZ_FZ_01,SYNTHETIC_CONFORMANCE_ONLY,Synthetic validator conformance fixture only; not an empirical measurement or capability claim.,SYNTHETIC,SYNTHETIC,SYNTHETIC,SYNTHETIC,0.002,SYNTHETIC,SELF_TEST,0.005,20,0.03,3,0.03,REPLAY_B,synthetic-b,20,1,0,5,2000,s,V,N,0.139,-0.9822872507286887,-1.7167832398334666
nexah-hz-fz-measurement/0.1.0,HZ_FZ_01,SYNTHETIC_CONFORMANCE_ONLY,Synthetic validator conformance fixture only; not an empirical measurement or capability claim.,SYNTHETIC,SYNTHETIC,SYNTHETIC,SYNTHETIC,0.002,SYNTHETIC,SELF_TEST,0.005,20,0.03,3,0.03,REPLAY_B,synthetic-b,20,1,0,5,2000,s,V,N,0.1395,-0.9685831611286312,-1.6465581473716817
nexah-hz-fz-measurement/0.1.0,HZ_FZ_01,SYNTHETIC_CONFORMANCE_ONLY,Synthetic validator conformance fixture only; not an empirical measurement or capability claim.,SYNTHETIC,SYNTHETIC,SYNTHETIC,SYNTHETIC,0.002,SYNTHETIC,SELF_TEST,0.005,20,0.03,3,0.03,REPLAY_B,synthetic-b,20,1,0,5,2000,s,V,N,0.14,-0.9510565162951538,-1.5698348421430839
nexah-hz-fz-measurement/0.1.0,HZ_FZ_01,SYNTHETIC_CONFORMANCE_ONLY,Synthetic validator conformance fixture only; not an empirical measurement or capability claim.,SYNTHETIC,SYNTHETIC,SYNTHETIC,SYNTHETIC,0.002,SYNTHETIC,SELF_TEST,0.005,20,0.03,3,0.03,REPLAY_B,synthetic-b,20,1,0,5,2000,s,V,N,0.1405,-0.9297764858882505,-1.486916115981862
nexah-hz-fz-measurement/0.1.0,HZ_FZ_01,SYNTHETIC_CONFORMANCE_ONLY,Synthetic validator conformance fixture only; not an empirical measurement or capability claim.,SYNTHETIC,SYNTHETIC,SYNTHETIC,SYNTHETIC,0.002,SYNTHETIC,SELF_TEST,0.005,20,0.03,3,0.03,REPLAY_B,synthetic-b,20,1,0,5,2000,s,V,N,0.141,-0.9048270524660201,-1.398129211218226
nexah-hz-fz-measurement/0.1.0,HZ_FZ_01,SYNTHETIC_CONFORMANCE_ONLY,Synthetic validator conformance fixture only; not an empirical measurement or capability claim.,SYNTHETIC,SYNTHETIC,SYNTHETIC,SYNTHETIC,0.002,SYNTHETIC,SELF_TEST,0.005,20,0.03,3,0.03,REPLAY_B,synthetic-b,20,1,0,5,2000,s,V,N,0.1415,-0.8763066800438645,-1.3038245292023851
nexah-hz-fz-measurement/0.1.0,HZ_FZ_01,SYNTHETIC_CONFORMANCE_ONLY,Synthetic validator conformance fixture only; not an empirical measurement or capability claim.,SYNTHETIC,SYNTHETIC,SYNTHETIC,SYNTHETIC,0.002,SYNTHETIC,SELF_TEST,0.005,20,0.03,3,0.03,REPLAY_B,synthetic-b,20,1,0,5,2000,s,V,N,0.142,-0.8443279255020162,-1.2043742474305499
nexah-hz-fz-measurement/0.1.0,HZ_FZ_01,SYNTHETIC_CONFORMANCE_ONLY,Synthetic validator conformance fixture only; not an empirical measurement or capability claim.,SYNTHETIC,SYNTHETIC,SYNTHETIC,SYNTHETIC,0.002,SYNTHETIC,SELF_TEST,0.005,20,0.03,3,0.03,REPLAY_B,synthetic-b,20,1,0,5,2000,s,V,N,0.1425,-0.8090169943749489,-1.1001708507303614
nexah-hz-fz-measurement/0.1.0,HZ_FZ_01,SYNTHETIC_CONFORMANCE_ONLY,Synthetic validator conformance fixture only; not an empirical measurement or capability claim.,SYNTHETIC,SYNTHETIC,SYNTHETIC,SYNTHETIC,0.002,SYNTHETIC,SELF_TEST,0.005,20,0.03,3,0.03,REPLAY_B,synthetic-b,20,1,0,5,2000,s,V,N,0.143,-0.770513242775791,-0.9916255823025921
nexah-hz-fz-measurement/0.1.0,HZ_FZ_01,SYNTHETIC_CONFORMANCE_ONLY,Synthetic validator conformance fixture only; not an empirical measurement or capability claim.,SYNTHETIC,SYNTHETIC,SYNTHETIC,SYNTHETIC,0.002,SYNTHETIC,SELF_TEST,0.005,20,0.03,3,0.03,REPLAY_B,synthetic-b,20,1,0,5,2000,s,V,N,0.1435,-0.7289686274214137,-0.87916682073211
nexah-hz-fz-measurement/0.1.0,HZ_FZ_01,SYNTHETIC_CONFORMANCE_ONLY,Synthetic validator conformance fixture only; not an empirical measurement or capability claim.,SYNTHETIC,SYNTHETIC,SYNTHETIC,SYNTHETIC,0.002,SYNTHETIC,SELF_TEST,0.005,20,0.03,3,0.03,REPLAY_B,synthetic-b,20,1,0,5,2000,s,V,N,0.144,-0.6845471059286913,-0.763238389373313
nexah-hz-fz-measurement/0.1.0,HZ_FZ_01,SYNTHETIC_CONFORMANCE_ONLY,Synthetic validator conformance fixture only; not an empirical measurement or capability claim.,SYNTHETIC,SYNTHETIC,SYNTHETIC,SYNTHETIC,0.002,SYNTHETIC,SELF_TEST,0.005,20,0.03,3,0.03,REPLAY_B,synthetic-b,20,1,0,5,2000,s,V,N,0.1445,-0.63742398974869,-0.6442978047821049
nexah-hz-fz-measurement/0.1.0,HZ_FZ_01,SYNTHETIC_CONFORMANCE_ONLY,Synthetic validator conformance fixture only; not an empirical measurement or capability claim.,SYNTHETIC,SYNTHETIC,SYNTHETIC,SYNTHETIC,0.002,SYNTHETIC,SELF_TEST,0.005,20,0.03,3,0.03,REPLAY_B,synthetic-b,20,1,0,5,2000,s,V,N,0.145,-0.5877852522924737,-0.5228144711070962
nexah-hz-fz-measurement/0.1.0,HZ_FZ_01,SYNTHETIC_CONFORMANCE_ONLY,Synthetic validator conformance fixture only; not an empirical measurement or capability claim.,SYNTHETIC,SYNTHETIC,SYNTHETIC,SYNTHETIC,0.002,SYNTHETIC,SELF_TEST,0.005,20,0.03,3,0.03,REPLAY_B,synthetic-b,20,1,0,5,2000,s,V,N,0.1455,-0.5358267949789975,-0.3992678275658399
nexah-hz-fz-measurement/0.1.0,HZ_FZ_01,SYNTHETIC_CONFORMANCE_ONLY,Synthetic validator conformance fixture only; not an empirical measurement or capability claim.,SYNTHETIC,SYNTHETIC,SYNTHETIC,SYNTHETIC,0.002,SYNTHETIC,SELF_TEST,0.005,20,0.03,3,0.03,REPLAY_B,synthetic-b,20,1,0,5,2000,s,V,N,0.146,-0.48175367410171654,-0.27414545631730075
nexah-hz-fz-measurement/0.1.0,HZ_FZ_01,SYNTHETIC_CONFORMANCE_ONLY,Synthetic validator conformance fixture only; not an empirical measurement or capability claim.,SYNTHETIC,SYNTHETIC,SYNTHETIC,SYNTHETIC,0.002,SYNTHETIC,SELF_TEST,0.005,20,0.03,3,0.03,REPLAY_B,synthetic-b,20,1,0,5,2000,s,V,N,0.1465,-0.42577929156507427,-0.14794115819782264
nexah-hz-fz-measurement/0.1.0,HZ_FZ_01,SYNTHETIC_CONFORMANCE_ONLY,Synthetic validator conformance fixture only; not an empirical measurement or capability claim.,SYNTHETIC,SYNTHETIC,SYNTHETIC,SYNTHETIC,0.002,SYNTHETIC,SELF_TEST,0.005,20,0.03,3,0.03,REPLAY_B,synthetic-b,20,1,0,5,2000,s,V,N,0.147,-0.36812455268468,-0.02115300391482385
nexah-hz-fz-measurement/0.1.0,HZ_FZ_01,SYNTHETIC_CONFORMANCE_ONLY,Synthetic validator conformance fixture only; not an empirical measurement or capability claim.,SYNTHETIC,SYNTHETIC,SYNTHETIC,SYNTHETIC,0.002,SYNTHETIC,SELF_TEST,0.005,20,0.03,3,0.03,REPLAY_B,synthetic-b,20,1,0,5,2000,s,V,N,0.1475,-0.3090169943749498,0.10571863161073848
nexah-hz-fz-measurement/0.1.0,HZ_FZ_01,SYNTHETIC_CONFORMANCE_ONLY,Synthetic validator conformance fixture only; not an empirical measurement or capability claim.,SYNTHETIC,SYNTHETIC,SYNTHETIC,SYNTHETIC,0.002,SYNTHETIC,SELF_TEST,0.005,20,0.03,3,0.03,REPLAY_B,synthetic-b,20,1,0,5,2000,s,V,N,0.148,-0.24868988716485754,0.23217304399558183
nexah-hz-fz-measurement/0.1.0,HZ_FZ_01,SYNTHETIC_CONFORMANCE_ONLY,Synthetic validator conformance fixture only; not an empirical measurement or capability claim.,SYNTHETIC,SYNTHETIC,SYNTHETIC,SYNTHETIC,0.002,SYNTHETIC,SELF_TEST,0.005,20,0.03,3,0.03,REPLAY_B,synthetic-b,20,1,0,5,2000,s,V,N,0.1485,-0.1873813145857278,0.35771117544554887
nexah-hz-fz-measurement/0.1.0,HZ_FZ_01,SYNTHETIC_CONFORMANCE_ONLY,Synthetic validator conformance fixture only; not an empirical measurement or capability claim.,SYNTHETIC,SYNTHETIC,SYNTHETIC,SYNTHETIC,0.002,SYNTHETIC,SELF_TEST,0.005,20,0.03,3,0.03,REPLAY_B,synthetic-b,20,1,0,5,2000,s,V,N,0.149,-0.12533323356430426,0.4818375843087304
nexah-hz-fz-measurement/0.1.0,HZ_FZ_01,SYNTHETIC_CONFORMANCE_ONLY,Synthetic validator conformance fixture only; not an empirical measurement or capability claim.,SYNTHETIC,SYNTHETIC,SYNTHETIC,SYNTHETIC,0.002,SYNTHETIC,SELF_TEST,0.005,20,0.03,3,0.03,REPLAY_B,synthetic-b,20,1,0,5,2000,s,V,N,0.1495,-0.06279051952931375,0.6040624003572914
nexah-hz-fz-measurement/0.1.0,HZ_FZ_01,SYNTHETIC_CONFORMANCE_ONLY,Synthetic validator conformance fixture only; not an empirical measurement or capability claim.,SYNTHETIC,SYNTHETIC,SYNTHETIC,SYNTHETIC,0.002,SYNTHETIC,SELF_TEST,0.005,20,0.03,3,0.03,REPLAY_B,synthetic-b,20,1,0,5,2000,s,V,N,0.15,-7.347880794884119e-16,0.7239032580815024
nexah-hz-fz-measurement/0.1.0,HZ_FZ_01,SYNTHETIC_CONFORMANCE_ONLY,Synthetic validator conformance fixture only; not an empirical measurement or capability claim.,SYNTHETIC,SYNTHETIC,SYNTHETIC,SYNTHETIC,0.002,SYNTHETIC,SELF_TEST,0.005,20,0.03,3,0.03,REPLAY_B,synthetic-b,20,1,0,5,2000,s,V,N,0.1505,0.06279051952931229,0.8408872003660056
nexah-hz-fz-measurement/0.1.0,HZ_FZ_01,SYNTHETIC_CONFORMANCE_ONLY,Synthetic validator conformance fixture only; not an empirical measurement or capability claim.,SYNTHETIC,SYNTHETIC,SYNTHETIC,SYNTHETIC,0.002,SYNTHETIC,SELF_TEST,0.005,20,0.03,3,0.03,REPLAY_B,synthetic-b,20,1,0,5,2000,s,V,N,0.151,0.12533323356430282,0.9545525450354838
nexah-hz-fz-measurement/0.1.0,HZ_FZ_01,SYNTHETIC_CONFORMANCE_ONLY,Synthetic validator conformance fixture only; not an empirical measurement or capability claim.,SYNTHETIC,SYNTHETIC,SYNTHETIC,SYNTHETIC,0.002,SYNTHETIC,SELF_TEST,0.005,20,0.03,3,0.03,REPLAY_B,synthetic-b,20,1,0,5,2000,s,V,N,0.1515,0.18738131458572285,1.064450706903283
nexah-hz-fz-measurement/0.1.0,HZ_FZ_01,SYNTHETIC_CONFORMANCE_ONLY,Synthetic validator conformance fixture only; not an empirical measurement or capability claim.,SYNTHETIC,SYNTHETIC,SYNTHETIC,SYNTHETIC,0.002,SYNTHETIC,SELF_TEST,0.005,20,0.03,3,0.03,REPLAY_B,synthetic-b,20,1,0,5,2000,s,V,N,0.152,0.24868988716485269,1.1701479681322051
nexah-hz-fz-measurement/0.1.0,HZ_FZ_01,SYNTHETIC_CONFORMANCE_ONLY,Synthetic validator conformance fixture only; not an empirical measurement or capability claim.,SYNTHETIC,SYNTHETIC,SYNTHETIC,SYNTHETIC,0.002,SYNTHETIC,SELF_TEST,0.005,20,0.03,3,0.03,REPLAY_B,synthetic-b,20,1,0,5,2000,s,V,N,0.1525,0.309016994374945,1.2712271899206653
nexah-hz-fz-measurement/0.1.0,HZ_FZ_01,SYNTHETIC_CONFORMANCE_ONLY,Synthetic validator conformance fixture only; not an empirical measurement or capability claim.,SYNTHETIC,SYNTHETIC,SYNTHETIC,SYNTHETIC,0.002,SYNTHETIC,SELF_TEST,0.005,20,0.03,3,0.03,REPLAY_B,synthetic-b,20,1,0,5,2000,s,V,N,0.153,0.36812455268467525,1.3672894587589681
nexah-hz-fz-measurement/0.1.0,HZ_FZ_01,SYNTHETIC_CONFORMANCE_ONLY,Synthetic validator conformance fixture only; not an empirical measurement or capability claim.,SYNTHETIC,SYNTHETIC,SYNTHETIC,SYNTHETIC,0.002,SYNTHETIC,SELF_TEST,0.005,20,0.03,3,0.03,REPLAY_B,synthetic-b,20,1,0,5,2000,s,V,N,0.1535,0.42577929156507294,1.45795566075869
nexah-hz-fz-measurement/0.1.0,HZ_FZ_01,SYNTHETIC_CONFORMANCE_ONLY,Synthetic validator conformance fixture only; not an empirical measurement or capability claim.,SYNTHETIC,SYNTHETIC,SYNTHETIC,SYNTHETIC,0.002,SYNTHETIC,SELF_TEST,0.005,20,0.03,3,0.03,REPLAY_B,synthetic-b,20,1,0,5,2000,s,V,N,0.154,0.4817536741017152,1.5428679778419754
nexah-hz-fz-measurement/0.1.0,HZ_FZ_01,SYNTHETIC_CONFORMANCE_ONLY,Synthetic validator conformance fixture only; not an empirical measurement or capability claim.,SYNTHETIC,SYNTHETIC,SYNTHETIC,SYNTHETIC,0.002,SYNTHETIC,SELF_TEST,0.005,20,0.03,3,0.03,REPLAY_B,synthetic-b,20,1,0,5,2000,s,V,N,0.1545,0.5358267949789963,1.621691299886049
nexah-hz-fz-measurement/0.1.0,HZ_FZ_01,SYNTHETIC_CONFORMANCE_ONLY,Synthetic validator conformance fixture only; not an empirical measurement or capability claim.,SYNTHETIC,SYNTHETIC,SYNTHETIC,SYNTHETIC,0.002,SYNTHETIC,SELF_TEST,0.005,20,0.03,3,0.03,REPLAY_B,synthetic-b,20,1,0,5,2000,s,V,N,0.155,0.5877852522924725,1.694114547249754
nexah-hz-fz-measurement/0.1.0,HZ_FZ_01,SYNTHETIC_CONFORMANCE_ONLY,Synthetic validator conformance fixture only; not an empirical measurement or capability claim.,SYNTHETIC,SYNTHETIC,SYNTHETIC,SYNTHETIC,0.002,SYNTHETIC,SELF_TEST,0.005,20,0.03,3,0.03,REPLAY_B,synthetic-b,20,1,0,5,2000,s,V,N,0.1555,0.6374239897486889,1.75985189846278
nexah-hz-fz-measurement/0.1.0,HZ_FZ_01,SYNTHETIC_CONFORMANCE_ONLY,Synthetic validator conformance fixture only; not an empirical measurement or capability claim.,SYNTHETIC,SYNTHETIC,SYNTHETIC,SYNTHETIC,0.002,SYNTHETIC,SELF_TEST,0.005,20,0.03,3,0.03,REPLAY_B,synthetic-b,20,1,0,5,2000,s,V,N,0.156,0.6845471059286876,1.8186439182324283
nexah-hz-fz-measurement/0.1.0,HZ_FZ_01,SYNTHETIC_CONFORMANCE_ONLY,Synthetic validator conformance fixture only; not an empirical measurement or capability claim.,SYNTHETIC,SYNTHETIC,SYNTHETIC,SYNTHETIC,0.002,SYNTHETIC,SELF_TEST,0.005,20,0.03,3,0.03,REPLAY_B,synthetic-b,20,1,0,5,2000,s,V,N,0.1565,0.7289686274214102,1.870258581316187
nexah-hz-fz-measurement/0.1.0,HZ_FZ_01,SYNTHETIC_CONFORMANCE_ONLY,Synthetic validator conformance fixture only; not an empirical measurement or capability claim.,SYNTHETIC,SYNTHETIC,SYNTHETIC,SYNTHETIC,0.002,SYNTHETIC,SELF_TEST,0.005,20,0.03,3,0.03,REPLAY_B,synthetic-b,20,1,0,5,2000,s,V,N,0.157,0.7705132427757878,1.9144921882193608
nexah-hz-fz-measurement/0.1.0,HZ_FZ_01,SYNTHETIC_CONFORMANCE_ONLY,Synthetic validator conformance fixture only; not an empirical measurement or capability claim.,SYNTHETIC,SYNTHETIC,SYNTHETIC,SYNTHETIC,0.002,SYNTHETIC,SELF_TEST,0.005,20,0.03,3,0.03,REPLAY_B,synthetic-b,20,1,0,5,2000,s,V,N,0.1575,0.809016994374948,1.9511701691039178
nexah-hz-fz-measurement/0.1.0,HZ_FZ_01,SYNTHETIC_CONFORMANCE_ONLY,Synthetic validator conformance fixture only; not an empirical measurement or capability claim.,SYNTHETIC,SYNTHETIC,SYNTHETIC,SYNTHETIC,0.002,SYNTHETIC,SELF_TEST,0.005,20,0.03,3,0.03,REPLAY_B,synthetic-b,20,1,0,5,2000,s,V,N,0.158,0.8443279255020154,1.9801477727358778
nexah-hz-fz-measurement/0.1.0,HZ_FZ_01,SYNTHETIC_CONFORMANCE_ONLY,Synthetic validator conformance fixture only; not an empirical measurement or capability claim.,SYNTHETIC,SYNTHETIC,SYNTHETIC,SYNTHETIC,0.002,SYNTHETIC,SELF_TEST,0.005,20,0.03,3,0.03,REPLAY_B,synthetic-b,20,1,0,5,2000,s,V,N,0.1585,0.8763066800438637,2.001310637752316
nexah-hz-fz-measurement/0.1.0,HZ_FZ_01,SYNTHETIC_CONFORMANCE_ONLY,Synthetic validator conformance fixture only; not an empirical measurement or capability claim.,SYNTHETIC,SYNTHETIC,SYNTHETIC,SYNTHETIC,0.002,SYNTHETIC,SELF_TEST,0.005,20,0.03,3,0.03,REPLAY_B,synthetic-b,20,1,0,5,2000,s,V,N,0.159,0.9048270524660195,2.0145752439934053
nexah-hz-fz-measurement/0.1.0,HZ_FZ_01,SYNTHETIC_CONFORMANCE_ONLY,Synthetic validator conformance fixture only; not an empirical measurement or capability claim.,SYNTHETIC,SYNTHETIC,SYNTHETIC,SYNTHETIC,0.002,SYNTHETIC,SELF_TEST,0.005,20,0.03,3,0.03,REPLAY_B,synthetic-b,20,1,0,5,2000,s,V,N,0.1595,0.9297764858882512,2.0198892421183348
nexah-hz-fz-measurement/0.1.0,HZ_FZ_01,SYNTHETIC_CONFORMANCE_ONLY,Synthetic validator conformance fixture only; not an empirical measurement or capability claim.,SYNTHETIC,SYNTHETIC,SYNTHETIC,SYNTHETIC,0.002,SYNTHETIC,SELF_TEST,0.005,20,0.03,3,0.03,REPLAY_B,synthetic-b,20,1,0,5,2000,s,V,N,0.16,0.9510565162951533,2.0172316602042395
nexah-hz-fz-measurement/0.1.0,HZ_FZ_01,SYNTHETIC_CONFORMANCE_ONLY,Synthetic validator conformance fixture only; not an empirical measurement or capability claim.,SYNTHETIC,SYNTHETIC,SYNTHETIC,SYNTHETIC,0.002,SYNTHETIC,SELF_TEST,0.005,20,0.03,3,0.03,REPLAY_B,synthetic-b,20,1,0,5,2000,s,V,N,0.1605,0.9685831611286309,2.0066129865128013
nexah-hz-fz-measurement/0.1.0,HZ_FZ_01,SYNTHETIC_CONFORMANCE_ONLY,Synthetic validator conformance fixture only; not an empirical measurement or capability claim.,SYNTHETIC,SYNTHETIC,SYNTHETIC,SYNTHETIC,0.002,SYNTHETIC,SELF_TEST,0.005,20,0.03,3,0.03,REPLAY_B,synthetic-b,20,1,0,5,2000,s,V,N,0.161,0.9822872507286884,1.9880751280978697
nexah-hz-fz-measurement/0.1.0,HZ_FZ_01,SYNTHETIC_CONFORMANCE_ONLY,Synthetic validator conformance fixture only; not an empirical measurement or capability claim.,SYNTHETIC,SYNTHETIC,SYNTHETIC,SYNTHETIC,0.002,SYNTHETIC,SELF_TEST,0.005,20,0.03,3,0.03,REPLAY_B,synthetic-b,20,1,0,5,2000,s,V,N,0.1615,0.9921147013144775,1.9616912454174664
nexah-hz-fz-measurement/0.1.0,HZ_FZ_01,SYNTHETIC_CONFORMANCE_ONLY,Synthetic validator conformance fixture only; not an empirical measurement or capability claim.,SYNTHETIC,SYNTHETIC,SYNTHETIC,SYNTHETIC,0.002,SYNTHETIC,SELF_TEST,0.005,20,0.03,3,0.03,REPLAY_B,synthetic-b,20,1,0,5,2000,s,V,N,0.162,0.9980267284282717,1.9275654636028794
nexah-hz-fz-measurement/0.1.0,HZ_FZ_01,SYNTHETIC_CONFORMANCE_ONLY,Synthetic validator conformance fixture only; not an empirical measurement or capability claim.,SYNTHETIC,SYNTHETIC,SYNTHETIC,SYNTHETIC,0.002,SYNTHETIC,SELF_TEST,0.005,20,0.03,3,0.03,REPLAY_B,synthetic-b,20,1,0,5,2000,s,V,N,0.1625,1,1.885832461524348
nexah-hz-fz-measurement/0.1.0,HZ_FZ_01,SYNTHETIC_CONFORMANCE_ONLY,Synthetic validator conformance fixture only; not an empirical measurement or capability claim.,SYNTHETIC,SYNTHETIC,SYNTHETIC,SYNTHETIC,0.002,SYNTHETIC,SELF_TEST,0.005,20,0.03,3,0.03,REPLAY_B,synthetic-b,20,1,0,5,2000,s,V,N,0.163,0.9980267284282716,1.8366569402750792
nexah-hz-fz-measurement/0.1.0,HZ_FZ_01,SYNTHETIC_CONFORMANCE_ONLY,Synthetic validator conformance fixture only; not an empirical measurement or capability claim.,SYNTHETIC,SYNTHETIC,SYNTHETIC,SYNTHETIC,0.002,SYNTHETIC,SELF_TEST,0.005,20,0.03,3,0.03,REPLAY_B,synthetic-b,20,1,0,5,2000,s,V,N,0.1635,0.9921147013144778,1.7802329731712856
nexah-hz-fz-measurement/0.1.0,HZ_FZ_01,SYNTHETIC_CONFORMANCE_ONLY,Synthetic validator conformance fixture only; not an empirical measurement or capability claim.,SYNTHETIC,SYNTHETIC,SYNTHETIC,SYNTHETIC,0.002,SYNTHETIC,SELF_TEST,0.005,20,0.03,3,0.03,REPLAY_B,synthetic-b,20,1,0,5,2000,s,V,N,0.164,0.9822872507286887,1.7167832398334668
nexah-hz-fz-measurement/0.1.0,HZ_FZ_01,SYNTHETIC_CONFORMANCE_ONLY,Synthetic validator conformance fixture only; not an empirical measurement or capability claim.,SYNTHETIC,SYNTHETIC,SYNTHETIC,SYNTHETIC,0.002,SYNTHETIC,SELF_TEST,0.005,20,0.03,3,0.03,REPLAY_B,synthetic-b,20,1,0,5,2000,s,V,N,0.1645,0.9685831611286312,1.6465581473716817
nexah-hz-fz-measurement/0.1.0,HZ_FZ_01,SYNTHETIC_CONFORMANCE_ONLY,Synthetic validator conformance fixture only; not an empirical measurement or capability claim.,SYNTHETIC,SYNTHETIC,SYNTHETIC,SYNTHETIC,0.002,SYNTHETIC,SELF_TEST,0.005,20,0.03,3,0.03,REPLAY_B,synthetic-b,20,1,0,5,2000,s,V,N,0.165,0.9510565162951539,1.569834842143084
nexah-hz-fz-measurement/0.1.0,HZ_FZ_01,SYNTHETIC_CONFORMANCE_ONLY,Synthetic validator conformance fixture only; not an empirical measurement or capability claim.,SYNTHETIC,SYNTHETIC,SYNTHETIC,SYNTHETIC,0.002,SYNTHETIC,SELF_TEST,0.005,20,0.03,3,0.03,REPLAY_B,synthetic-b,20,1,0,5,2000,s,V,N,0.1655,0.9297764858882518,1.486916115981867
nexah-hz-fz-measurement/0.1.0,HZ_FZ_01,SYNTHETIC_CONFORMANCE_ONLY,Synthetic validator conformance fixture only; not an empirical measurement or capability claim.,SYNTHETIC,SYNTHETIC,SYNTHETIC,SYNTHETIC,0.002,SYNTHETIC,SELF_TEST,0.005,20,0.03,3,0.03,REPLAY_B,synthetic-b,20,1,0,5,2000,s,V,N,0.166,0.9048270524660187,1.398129211218221
nexah-hz-fz-measurement/0.1.0,HZ_FZ_01,SYNTHETIC_CONFORMANCE_ONLY,Synthetic validator conformance fixture only; not an empirical measurement or capability claim.,SYNTHETIC,SYNTHETIC,SYNTHETIC,SYNTHETIC,0.002,SYNTHETIC,SELF_TEST,0.005,20,0.03,3,0.03,REPLAY_B,synthetic-b,20,1,0,5,2000,s,V,N,0.1665,0.8763066800438628,1.3038245292023798
nexah-hz-fz-measurement/0.1.0,HZ_FZ_01,SYNTHETIC_CONFORMANCE_ONLY,Synthetic validator conformance fixture only; not an empirical measurement or capability claim.,SYNTHETIC,SYNTHETIC,SYNTHETIC,SYNTHETIC,0.002,SYNTHETIC,SELF_TEST,0.005,20,0.03,3,0.03,REPLAY_B,synthetic-b,20,1,0,5,2000,s,V,N,0.167,0.8443279255020144,1.204374247430544
nexah-hz-fz-measurement/0.1.0,HZ_FZ_01,SYNTHETIC_CONFORMANCE_ONLY,Synthetic validator conformance fixture only; not an empirical measurement or capability claim.,SYNTHETIC,SYNTHETIC,SYNTHETIC,SYNTHETIC,0.002,SYNTHETIC,SELF_TEST,0.005,20,0.03,3,0.03,REPLAY_B,synthetic-b,20,1,0,5,2000,s,V,N,0.1675,0.8090169943749469,1.1001708507303556
nexah-hz-fz-measurement/0.1.0,HZ_FZ_01,SYNTHETIC_CONFORMANCE_ONLY,Synthetic validator conformance fixture only; not an empirical measurement or capability claim.,SYNTHETIC,SYNTHETIC,SYNTHETIC,SYNTHETIC,0.002,SYNTHETIC,SELF_TEST,0.005,20,0.03,3,0.03,REPLAY_B,synthetic-b,20,1,0,5,2000,s,V,N,0.168,0.7705132427757888,0.991625582302586
nexah-hz-fz-measurement/0.1.0,HZ_FZ_01,SYNTHETIC_CONFORMANCE_ONLY,Synthetic validator conformance fixture only; not an empirical measurement or capability claim.,SYNTHETIC,SYNTHETIC,SYNTHETIC,SYNTHETIC,0.002,SYNTHETIC,SELF_TEST,0.005,20,0.03,3,0.03,REPLAY_B,synthetic-b,20,1,0,5,2000,s,V,N,0.1685,0.7289686274214113,0.8791668207321038
nexah-hz-fz-measurement/0.1.0,HZ_FZ_01,SYNTHETIC_CONFORMANCE_ONLY,Synthetic validator conformance fixture only; not an empirical measurement or capability claim.,SYNTHETIC,SYNTHETIC,SYNTHETIC,SYNTHETIC,0.002,SYNTHETIC,SELF_TEST,0.005,20,0.03,3,0.03,REPLAY_B,synthetic-b,20,1,0,5,2000,s,V,N,0.169,0.6845471059286887,0.7632383893733066
nexah-hz-fz-measurement/0.1.0,HZ_FZ_01,SYNTHETIC_CONFORMANCE_ONLY,Synthetic validator conformance fixture only; not an empirical measurement or capability claim.,SYNTHETIC,SYNTHETIC,SYNTHETIC,SYNTHETIC,0.002,SYNTHETIC,SELF_TEST,0.005,20,0.03,3,0.03,REPLAY_B,synthetic-b,20,1,0,5,2000,s,V,N,0.1695,0.6374239897486901,0.6442978047821051
nexah-hz-fz-measurement/0.1.0,HZ_FZ_01,SYNTHETIC_CONFORMANCE_ONLY,Synthetic validator conformance fixture only; not an empirical measurement or capability claim.,SYNTHETIC,SYNTHETIC,SYNTHETIC,SYNTHETIC,0.002,SYNTHETIC,SELF_TEST,0.005,20,0.03,3,0.03,REPLAY_B,synthetic-b,20,1,0,5,2000,s,V,N,0.17,0.5877852522924738,0.5228144711070964
nexah-hz-fz-measurement/0.1.0,HZ_FZ_01,SYNTHETIC_CONFORMANCE_ONLY,Synthetic validator conformance fixture only; not an empirical measurement or capability claim.,SYNTHETIC,SYNTHETIC,SYNTHETIC,SYNTHETIC,0.002,SYNTHETIC,SELF_TEST,0.005,20,0.03,3,0.03,REPLAY_B,synthetic-b,20,1,0,5,2000,s,V,N,0.1705,0.5358267949789947,0.3992678275658331
nexah-hz-fz-measurement/0.1.0,HZ_FZ_01,SYNTHETIC_CONFORMANCE_ONLY,Synthetic validator conformance fixture only; not an empirical measurement or capability claim.,SYNTHETIC,SYNTHETIC,SYNTHETIC,SYNTHETIC,0.002,SYNTHETIC,SELF_TEST,0.005,20,0.03,3,0.03,REPLAY_B,synthetic-b,20,1,0,5,2000,s,V,N,0.171,0.48175367410171355,0.2741454563172938
nexah-hz-fz-measurement/0.1.0,HZ_FZ_01,SYNTHETIC_CONFORMANCE_ONLY,Synthetic validator conformance fixture only; not an empirical measurement or capability claim.,SYNTHETIC,SYNTHETIC,SYNTHETIC,SYNTHETIC,0.002,SYNTHETIC,SELF_TEST,0.005,20,0.03,3,0.03,REPLAY_B,synthetic-b,20,1,0,5,2000,s,V,N,0.1715,0.42577929156507116,0.1479411581978157
nexah-hz-fz-measurement/0.1.0,HZ_FZ_01,SYNTHETIC_CONFORMANCE_ONLY,Synthetic validator conformance fixture only; not an empirical measurement or capability claim.,SYNTHETIC,SYNTHETIC,SYNTHETIC,SYNTHETIC,0.002,SYNTHETIC,SELF_TEST,0.005,20,0.03,3,0.03,REPLAY_B,synthetic-b,20,1,0,5,2000,s,V,N,0.172,0.3681245526846801,0.021153003914824095
nexah-hz-fz-measurement/0.1.0,HZ_FZ_01,SYNTHETIC_CONFORMANCE_ONLY,Synthetic validator conformance fixture only; not an empirical measurement or capability claim.,SYNTHETIC,SYNTHETIC,SYNTHETIC,SYNTHETIC,0.002,SYNTHETIC,SELF_TEST,0.005,20,0.03,3,0.03,REPLAY_B,synthetic-b,20,1,0,5,2000,s,V,N,0.1725,0.3090169943749499,-0.10571863161073823
nexah-hz-fz-measurement/0.1.0,HZ_FZ_01,SYNTHETIC_CONFORMANCE_ONLY,Synthetic validator conformance fixture only; not an empirical measurement or capability claim.,SYNTHETIC,SYNTHETIC,SYNTHETIC,SYNTHETIC,0.002,SYNTHETIC,SELF_TEST,0.005,20,0.03,3,0.03,REPLAY_B,synthetic-b,20,1,0,5,2000,s,V,N,0.173,0.24868988716485768,-0.23217304399558159
nexah-hz-fz-measurement/0.1.0,HZ_FZ_01,SYNTHETIC_CONFORMANCE_ONLY,Synthetic validator conformance fixture only; not an empirical measurement or capability claim.,SYNTHETIC,SYNTHETIC,SYNTHETIC,SYNTHETIC,0.002,SYNTHETIC,SELF_TEST,0.005,20,0.03,3,0.03,REPLAY_B,synthetic-b,20,1,0,5,2000,s,V,N,0.1735,0.1873813145857279,-0.35771117544554865
nexah-hz-fz-measurement/0.1.0,HZ_FZ_01,SYNTHETIC_CONFORMANCE_ONLY,Synthetic validator conformance fixture only; not an empirical measurement or capability claim.,SYNTHETIC,SYNTHETIC,SYNTHETIC,SYNTHETIC,0.002,SYNTHETIC,SELF_TEST,0.005,20,0.03,3,0.03,REPLAY_B,synthetic-b,20,1,0,5,2000,s,V,N,0.174,0.12533323356430792,-0.48183758430872325
nexah-hz-fz-measurement/0.1.0,HZ_FZ_01,SYNTHETIC_CONFORMANCE_ONLY,Synthetic validator conformance fixture only; not an empirical measurement or capability claim.,SYNTHETIC,SYNTHETIC,SYNTHETIC,SYNTHETIC,0.002,SYNTHETIC,SELF_TEST,0.005,20,0.03,3,0.03,REPLAY_B,synthetic-b,20,1,0,5,2000,s,V,N,0.1745,0.06279051952931743,-0.6040624003572844
nexah-hz-fz-measurement/0.1.0,HZ_FZ_01,SYNTHETIC_CONFORMANCE_ONLY,Synthetic validator conformance fixture only; not an empirical measurement or capability claim.,SYNTHETIC,SYNTHETIC,SYNTHETIC,SYNTHETIC,0.002,SYNTHETIC,SELF_TEST,0.005,20,0.03,3,0.03,REPLAY_B,synthetic-b,20,1,0,5,2000,s,V,N,0.175,8.572527594031472e-16,-0.723903258081502
nexah-hz-fz-measurement/0.1.0,HZ_FZ_01,SYNTHETIC_CONFORMANCE_ONLY,Synthetic validator conformance fixture only; not an empirical measurement or capability claim.,SYNTHETIC,SYNTHETIC,SYNTHETIC,SYNTHETIC,0.002,SYNTHETIC,SELF_TEST,0.005,20,0.03,3,0.03,REPLAY_B,synthetic-b,20,1,0,5,2000,s,V,N,0.1755,-0.06279051952931217,-0.8408872003660054
nexah-hz-fz-measurement/0.1.0,HZ_FZ_01,SYNTHETIC_CONFORMANCE_ONLY,Synthetic validator conformance fixture only; not an empirical measurement or capability claim.,SYNTHETIC,SYNTHETIC,SYNTHETIC,SYNTHETIC,0.002,SYNTHETIC,SELF_TEST,0.005,20,0.03,3,0.03,REPLAY_B,synthetic-b,20,1,0,5,2000,s,V,N,0.176,-0.12533323356430268,-0.9545525450354836
nexah-hz-fz-measurement/0.1.0,HZ_FZ_01,SYNTHETIC_CONFORMANCE_ONLY,Synthetic validator conformance fixture only; not an empirical measurement or capability claim.,SYNTHETIC,SYNTHETIC,SYNTHETIC,SYNTHETIC,0.002,SYNTHETIC,SELF_TEST,0.005,20,0.03,3,0.03,REPLAY_B,synthetic-b,20,1,0,5,2000,s,V,N,0.1765,-0.18738131458572274,-1.0644507069032827
nexah-hz-fz-measurement/0.1.0,HZ_FZ_01,SYNTHETIC_CONFORMANCE_ONLY,Synthetic validator conformance fixture only; not an empirical measurement or capability claim.,SYNTHETIC,SYNTHETIC,SYNTHETIC,SYNTHETIC,0.002,SYNTHETIC,SELF_TEST,0.005,20,0.03,3,0.03,REPLAY_B,synthetic-b,20,1,0,5,2000,s,V,N,0.177,-0.24868988716485257,-1.170147968132205
nexah-hz-fz-measurement/0.1.0,HZ_FZ_01,SYNTHETIC_CONFORMANCE_ONLY,Synthetic validator conformance fixture only; not an empirical measurement or capability claim.,SYNTHETIC,SYNTHETIC,SYNTHETIC,SYNTHETIC,0.002,SYNTHETIC,SELF_TEST,0.005,20,0.03,3,0.03,REPLAY_B,synthetic-b,20,1,0,5,2000,s,V,N,0.1775,-0.3090169943749449,-1.2712271899206653
nexah-hz-fz-measurement/0.1.0,HZ_FZ_01,SYNTHETIC_CONFORMANCE_ONLY,Synthetic validator conformance fixture only; not an empirical measurement or capability claim.,SYNTHETIC,SYNTHETIC,SYNTHETIC,SYNTHETIC,0.002,SYNTHETIC,SELF_TEST,0.005,20,0.03,3,0.03,REPLAY_B,synthetic-b,20,1,0,5,2000,s,V,N,0.178,-0.36812455268467514,-1.367289458758968
nexah-hz-fz-measurement/0.1.0,HZ_FZ_01,SYNTHETIC_CONFORMANCE_ONLY,Synthetic validator conformance fixture only; not an empirical measurement or capability claim.,SYNTHETIC,SYNTHETIC,SYNTHETIC,SYNTHETIC,0.002,SYNTHETIC,SELF_TEST,0.005,20,0.03,3,0.03,REPLAY_B,synthetic-b,20,1,0,5,2000,s,V,N,0.1785,-0.4257792915650696,-1.4579556607586848
nexah-hz-fz-measurement/0.1.0,HZ_FZ_01,SYNTHETIC_CONFORMANCE_ONLY,Synthetic validator conformance fixture only; not an empirical measurement or capability claim.,SYNTHETIC,SYNTHETIC,SYNTHETIC,SYNTHETIC,0.002,SYNTHETIC,SELF_TEST,0.005,20,0.03,3,0.03,REPLAY_B,synthetic-b,20,1,0,5,2000,s,V,N,0.179,-0.48175367410171516,-1.5428679778419752
nexah-hz-fz-measurement/0.1.0,HZ_FZ_01,SYNTHETIC_CONFORMANCE_ONLY,Synthetic validator conformance fixture only; not an empirical measurement or capability claim.,SYNTHETIC,SYNTHETIC,SYNTHETIC,SYNTHETIC,0.002,SYNTHETIC,SELF_TEST,0.005,20,0.03,3,0.03,REPLAY_B,synthetic-b,20,1,0,5,2000,s,V,N,0.1795,-0.5358267949789962,-1.6216912998860489
nexah-hz-fz-measurement/0.1.0,HZ_FZ_01,SYNTHETIC_CONFORMANCE_ONLY,Synthetic validator conformance fixture only; not an empirical measurement or capability claim.,SYNTHETIC,SYNTHETIC,SYNTHETIC,SYNTHETIC,0.002,SYNTHETIC,SELF_TEST,0.005,20,0.03,3,0.03,REPLAY_B,synthetic-b,20,1,0,5,2000,s,V,N,0.18,-0.5877852522924725,-1.6941145472497539
nexah-hz-fz-measurement/0.1.0,HZ_FZ_01,SYNTHETIC_CONFORMANCE_ONLY,Synthetic validator conformance fixture only; not an empirical measurement or capability claim.,SYNTHETIC,SYNTHETIC,SYNTHETIC,SYNTHETIC,0.002,SYNTHETIC,SELF_TEST,0.005,20,0.03,3,0.03,REPLAY_B,synthetic-b,20,1,0,5,2000,s,V,N,0.1805,-0.6374239897486887,-1.75985189846278
nexah-hz-fz-measurement/0.1.0,HZ_FZ_01,SYNTHETIC_CONFORMANCE_ONLY,Synthetic validator conformance fixture only; not an empirical measurement or capability claim.,SYNTHETIC,SYNTHETIC,SYNTHETIC,SYNTHETIC,0.002,SYNTHETIC,SELF_TEST,0.005,20,0.03,3,0.03,REPLAY_B,synthetic-b,20,1,0,5,2000,s,V,N,0.181,-0.6845471059286875,-1.8186439182324283
nexah-hz-fz-measurement/0.1.0,HZ_FZ_01,SYNTHETIC_CONFORMANCE_ONLY,Synthetic validator conformance fixture only; not an empirical measurement or capability claim.,SYNTHETIC,SYNTHETIC,SYNTHETIC,SYNTHETIC,0.002,SYNTHETIC,SELF_TEST,0.005,20,0.03,3,0.03,REPLAY_B,synthetic-b,20,1,0,5,2000,s,V,N,0.1815,-0.7289686274214102,-1.8702585813161867
nexah-hz-fz-measurement/0.1.0,HZ_FZ_01,SYNTHETIC_CONFORMANCE_ONLY,Synthetic validator conformance fixture only; not an empirical measurement or capability claim.,SYNTHETIC,SYNTHETIC,SYNTHETIC,SYNTHETIC,0.002,SYNTHETIC,SELF_TEST,0.005,20,0.03,3,0.03,REPLAY_B,synthetic-b,20,1,0,5,2000,s,V,N,0.182,-0.7705132427757877,-1.9144921882193606
nexah-hz-fz-measurement/0.1.0,HZ_FZ_01,SYNTHETIC_CONFORMANCE_ONLY,Synthetic validator conformance fixture only; not an empirical measurement or capability claim.,SYNTHETIC,SYNTHETIC,SYNTHETIC,SYNTHETIC,0.002,SYNTHETIC,SELF_TEST,0.005,20,0.03,3,0.03,REPLAY_B,synthetic-b,20,1,0,5,2000,s,V,N,0.1825,-0.8090169943749459,-1.9511701691039158
nexah-hz-fz-measurement/0.1.0,HZ_FZ_01,SYNTHETIC_CONFORMANCE_ONLY,Synthetic validator conformance fixture only; not an empirical measurement or capability claim.,SYNTHETIC,SYNTHETIC,SYNTHETIC,SYNTHETIC,0.002,SYNTHETIC,SELF_TEST,0.005,20,0.03,3,0.03,REPLAY_B,synthetic-b,20,1,0,5,2000,s,V,N,0.183,-0.8443279255020134,-1.9801477727358763
nexah-hz-fz-measurement/0.1.0,HZ_FZ_01,SYNTHETIC_CONFORMANCE_ONLY,Synthetic validator conformance fixture only; not an empirical measurement or capability claim.,SYNTHETIC,SYNTHETIC,SYNTHETIC,SYNTHETIC,0.002,SYNTHETIC,SELF_TEST,0.005,20,0.03,3,0.03,REPLAY_B,synthetic-b,20,1,0,5,2000,s,V,N,0.1835,-0.8763066800438637,-2.0013106377523155
nexah-hz-fz-measurement/0.1.0,HZ_FZ_01,SYNTHETIC_CONFORMANCE_ONLY,Synthetic validator conformance fixture only; not an empirical measurement or capability claim.,SYNTHETIC,SYNTHETIC,SYNTHETIC,SYNTHETIC,0.002,SYNTHETIC,SELF_TEST,0.005,20,0.03,3,0.03,REPLAY_B,synthetic-b,20,1,0,5,2000,s,V,N,0.184,-0.9048270524660195,-2.0145752439934053
nexah-hz-fz-measurement/0.1.0,HZ_FZ_01,SYNTHETIC_CONFORMANCE_ONLY,Synthetic validator conformance fixture only; not an empirical measurement or capability claim.,SYNTHETIC,SYNTHETIC,SYNTHETIC,SYNTHETIC,0.002,SYNTHETIC,SELF_TEST,0.005,20,0.03,3,0.03,REPLAY_B,synthetic-b,20,1,0,5,2000,s,V,N,0.1845,-0.9297764858882512,-2.0198892421183348
nexah-hz-fz-measurement/0.1.0,HZ_FZ_01,SYNTHETIC_CONFORMANCE_ONLY,Synthetic validator conformance fixture only; not an empirical measurement or capability claim.,SYNTHETIC,SYNTHETIC,SYNTHETIC,SYNTHETIC,0.002,SYNTHETIC,SELF_TEST,0.005,20,0.03,3,0.03,REPLAY_B,synthetic-b,20,1,0,5,2000,s,V,N,0.185,-0.9510565162951533,-2.0172316602042395
nexah-hz-fz-measurement/0.1.0,HZ_FZ_01,SYNTHETIC_CONFORMANCE_ONLY,Synthetic validator conformance fixture only; not an empirical measurement or capability claim.,SYNTHETIC,SYNTHETIC,SYNTHETIC,SYNTHETIC,0.002,SYNTHETIC,SELF_TEST,0.005,20,0.03,3,0.03,REPLAY_B,synthetic-b,20,1,0,5,2000,s,V,N,0.1855,-0.9685831611286309,-2.0066129865128013
nexah-hz-fz-measurement/0.1.0,HZ_FZ_01,SYNTHETIC_CONFORMANCE_ONLY,Synthetic validator conformance fixture only; not an empirical measurement or capability claim.,SYNTHETIC,SYNTHETIC,SYNTHETIC,SYNTHETIC,0.002,SYNTHETIC,SELF_TEST,0.005,20,0.03,3,0.03,REPLAY_B,synthetic-b,20,1,0,5,2000,s,V,N,0.186,-0.9822872507286884,-1.9880751280978697
nexah-hz-fz-measurement/0.1.0,HZ_FZ_01,SYNTHETIC_CONFORMANCE_ONLY,Synthetic validator conformance fixture only; not an empirical measurement or capability claim.,SYNTHETIC,SYNTHETIC,SYNTHETIC,SYNTHETIC,0.002,SYNTHETIC,SELF_TEST,0.005,20,0.03,3,0.03,REPLAY_B,synthetic-b,20,1,0,5,2000,s,V,N,0.1865,-0.9921147013144775,-1.9616912454174664
nexah-hz-fz-measurement/0.1.0,HZ_FZ_01,SYNTHETIC_CONFORMANCE_ONLY,Synthetic validator conformance fixture only; not an empirical measurement or capability claim.,SYNTHETIC,SYNTHETIC,SYNTHETIC,SYNTHETIC,0.002,SYNTHETIC,SELF_TEST,0.005,20,0.03,3,0.03,REPLAY_B,synthetic-b,20,1,0,5,2000,s,V,N,0.187,-0.9980267284282714,-1.9275654636028816
nexah-hz-fz-measurement/0.1.0,HZ_FZ_01,SYNTHETIC_CONFORMANCE_ONLY,Synthetic validator conformance fixture only; not an empirical measurement or capability claim.,SYNTHETIC,SYNTHETIC,SYNTHETIC,SYNTHETIC,0.002,SYNTHETIC,SELF_TEST,0.005,20,0.03,3,0.03,REPLAY_B,synthetic-b,20,1,0,5,2000,s,V,N,0.1875,-1,-1.8858324615243507
nexah-hz-fz-measurement/0.1.0,HZ_FZ_01,SYNTHETIC_CONFORMANCE_ONLY,Synthetic validator conformance fixture only; not an empirical measurement or capability claim.,SYNTHETIC,SYNTHETIC,SYNTHETIC,SYNTHETIC,0.002,SYNTHETIC,SELF_TEST,0.005,20,0.03,3,0.03,REPLAY_B,synthetic-b,20,1,0,5,2000,s,V,N,0.188,-0.9980267284282716,-1.8366569402750794
nexah-hz-fz-measurement/0.1.0,HZ_FZ_01,SYNTHETIC_CONFORMANCE_ONLY,Synthetic validator conformance fixture only; not an empirical measurement or capability claim.,SYNTHETIC,SYNTHETIC,SYNTHETIC,SYNTHETIC,0.002,SYNTHETIC,SELF_TEST,0.005,20,0.03,3,0.03,REPLAY_B,synthetic-b,20,1,0,5,2000,s,V,N,0.1885,-0.9921147013144778,-1.7802329731712856
nexah-hz-fz-measurement/0.1.0,HZ_FZ_01,SYNTHETIC_CONFORMANCE_ONLY,Synthetic validator conformance fixture only; not an empirical measurement or capability claim.,SYNTHETIC,SYNTHETIC,SYNTHETIC,SYNTHETIC,0.002,SYNTHETIC,SELF_TEST,0.005,20,0.03,3,0.03,REPLAY_B,synthetic-b,20,1,0,5,2000,s,V,N,0.189,-0.9822872507286887,-1.716783239833467
nexah-hz-fz-measurement/0.1.0,HZ_FZ_01,SYNTHETIC_CONFORMANCE_ONLY,Synthetic validator conformance fixture only; not an empirical measurement or capability claim.,SYNTHETIC,SYNTHETIC,SYNTHETIC,SYNTHETIC,0.002,SYNTHETIC,SELF_TEST,0.005,20,0.03,3,0.03,REPLAY_B,synthetic-b,20,1,0,5,2000,s,V,N,0.1895,-0.9685831611286313,-1.646558147371682
nexah-hz-fz-measurement/0.1.0,HZ_FZ_01,SYNTHETIC_CONFORMANCE_ONLY,Synthetic validator conformance fixture only; not an empirical measurement or capability claim.,SYNTHETIC,SYNTHETIC,SYNTHETIC,SYNTHETIC,0.002,SYNTHETIC,SELF_TEST,0.005,20,0.03,3,0.03,REPLAY_B,synthetic-b,20,1,0,5,2000,s,V,N,0.19,-0.9510565162951539,-1.5698348421430843
nexah-hz-fz-measurement/0.1.0,HZ_FZ_01,SYNTHETIC_CONFORMANCE_ONLY,Synthetic validator conformance fixture only; not an empirical measurement or capability claim.,SYNTHETIC,SYNTHETIC,SYNTHETIC,SYNTHETIC,0.002,SYNTHETIC,SELF_TEST,0.005,20,0.03,3,0.03,REPLAY_B,synthetic-b,20,1,0,5,2000,s,V,N,0.1905,-0.9297764858882519,-1.4869161159818671
nexah-hz-fz-measurement/0.1.0,HZ_FZ_01,SYNTHETIC_CONFORMANCE_ONLY,Synthetic validator conformance fixture only; not an empirical measurement or capability claim.,SYNTHETIC,SYNTHETIC,SYNTHETIC,SYNTHETIC,0.002,SYNTHETIC,SELF_TEST,0.005,20,0.03,3,0.03,REPLAY_B,synthetic-b,20,1,0,5,2000,s,V,N,0.191,-0.9048270524660202,-1.3981292112182264
nexah-hz-fz-measurement/0.1.0,HZ_FZ_01,SYNTHETIC_CONFORMANCE_ONLY,Synthetic validator conformance fixture only; not an empirical measurement or capability claim.,SYNTHETIC,SYNTHETIC,SYNTHETIC,SYNTHETIC,0.002,SYNTHETIC,SELF_TEST,0.005,20,0.03,3,0.03,REPLAY_B,synthetic-b,20,1,0,5,2000,s,V,N,0.1915,-0.8763066800438646,-1.3038245292023853
nexah-hz-fz-measurement/0.1.0,HZ_FZ_01,SYNTHETIC_CONFORMANCE_ONLY,Synthetic validator conformance fixture only; not an empirical measurement or capability claim.,SYNTHETIC,SYNTHETIC,SYNTHETIC,SYNTHETIC,0.002,SYNTHETIC,SELF_TEST,0.005,20,0.03,3,0.03,REPLAY_B,synthetic-b,20,1,0,5,2000,s,V,N,0.192,-0.8443279255020144,-1.2043742474305443
nexah-hz-fz-measurement/0.1.0,HZ_FZ_01,SYNTHETIC_CONFORMANCE_ONLY,Synthetic validator conformance fixture only; not an empirical measurement or capability claim.,SYNTHETIC,SYNTHETIC,SYNTHETIC,SYNTHETIC,0.002,SYNTHETIC,SELF_TEST,0.005,20,0.03,3,0.03,REPLAY_B,synthetic-b,20,1,0,5,2000,s,V,N,0.1925,-0.8090169943749469,-1.1001708507303558
nexah-hz-fz-measurement/0.1.0,HZ_FZ_01,SYNTHETIC_CONFORMANCE_ONLY,Synthetic validator conformance fixture only; not an empirical measurement or capability claim.,SYNTHETIC,SYNTHETIC,SYNTHETIC,SYNTHETIC,0.002,SYNTHETIC,SELF_TEST,0.005,20,0.03,3,0.03,REPLAY_B,synthetic-b,20,1,0,5,2000,s,V,N,0.193,-0.7705132427757889,-0.9916255823025862
nexah-hz-fz-measurement/0.1.0,HZ_FZ_01,SYNTHETIC_CONFORMANCE_ONLY,Synthetic validator conformance fixture only; not an empirical measurement or capability claim.,SYNTHETIC,SYNTHETIC,SYNTHETIC,SYNTHETIC,0.002,SYNTHETIC,SELF_TEST,0.005,20,0.03,3,0.03,REPLAY_B,synthetic-b,20,1,0,5,2000,s,V,N,0.1935,-0.7289686274214114,-0.8791668207321041
nexah-hz-fz-measurement/0.1.0,HZ_FZ_01,SYNTHETIC_CONFORMANCE_ONLY,Synthetic validator conformance fixture only; not an empirical measurement or capability claim.,SYNTHETIC,SYNTHETIC,SYNTHETIC,SYNTHETIC,0.002,SYNTHETIC,SELF_TEST,0.005,20,0.03,3,0.03,REPLAY_B,synthetic-b,20,1,0,5,2000,s,V,N,0.194,-0.6845471059286888,-0.7632383893733068
nexah-hz-fz-measurement/0.1.0,HZ_FZ_01,SYNTHETIC_CONFORMANCE_ONLY,Synthetic validator conformance fixture only; not an empirical measurement or capability claim.,SYNTHETIC,SYNTHETIC,SYNTHETIC,SYNTHETIC,0.002,SYNTHETIC,SELF_TEST,0.005,20,0.03,3,0.03,REPLAY_B,synthetic-b,20,1,0,5,2000,s,V,N,0.1945,-0.6374239897486902,-0.6442978047821053
nexah-hz-fz-measurement/0.1.0,HZ_FZ_01,SYNTHETIC_CONFORMANCE_ONLY,Synthetic validator conformance fixture only; not an empirical measurement or capability claim.,SYNTHETIC,SYNTHETIC,SYNTHETIC,SYNTHETIC,0.002,SYNTHETIC,SELF_TEST,0.005,20,0.03,3,0.03,REPLAY_B,synthetic-b,20,1,0,5,2000,s,V,N,0.195,-0.5877852522924739,-0.5228144711070967
nexah-hz-fz-measurement/0.1.0,HZ_FZ_01,SYNTHETIC_CONFORMANCE_ONLY,Synthetic validator conformance fixture only; not an empirical measurement or capability claim.,SYNTHETIC,SYNTHETIC,SYNTHETIC,SYNTHETIC,0.002,SYNTHETIC,SELF_TEST,0.005,20,0.03,3,0.03,REPLAY_B,synthetic-b,20,1,0,5,2000,s,V,N,0.1955,-0.5358267949789978,-0.3992678275658404
nexah-hz-fz-measurement/0.1.0,HZ_FZ_01,SYNTHETIC_CONFORMANCE_ONLY,Synthetic validator conformance fixture only; not an empirical measurement or capability claim.,SYNTHETIC,SYNTHETIC,SYNTHETIC,SYNTHETIC,0.002,SYNTHETIC,SELF_TEST,0.005,20,0.03,3,0.03,REPLAY_B,synthetic-b,20,1,0,5,2000,s,V,N,0.196,-0.48175367410171677,-0.2741454563173012
nexah-hz-fz-measurement/0.1.0,HZ_FZ_01,SYNTHETIC_CONFORMANCE_ONLY,Synthetic validator conformance fixture only; not an empirical measurement or capability claim.,SYNTHETIC,SYNTHETIC,SYNTHETIC,SYNTHETIC,0.002,SYNTHETIC,SELF_TEST,0.005,20,0.03,3,0.03,REPLAY_B,synthetic-b,20,1,0,5,2000,s,V,N,0.1965,-0.42577929156507127,-0.14794115819781595
nexah-hz-fz-measurement/0.1.0,HZ_FZ_01,SYNTHETIC_CONFORMANCE_ONLY,Synthetic validator conformance fixture only; not an empirical measurement or capability claim.,SYNTHETIC,SYNTHETIC,SYNTHETIC,SYNTHETIC,0.002,SYNTHETIC,SELF_TEST,0.005,20,0.03,3,0.03,REPLAY_B,synthetic-b,20,1,0,5,2000,s,V,N,0.197,-0.36812455268467686,-0.021153003914817167
nexah-hz-fz-measurement/0.1.0,HZ_FZ_01,SYNTHETIC_CONFORMANCE_ONLY,Synthetic validator conformance fixture only; not an empirical measurement or capability claim.,SYNTHETIC,SYNTHETIC,SYNTHETIC,SYNTHETIC,0.002,SYNTHETIC,SELF_TEST,0.005,20,0.03,3,0.03,REPLAY_B,synthetic-b,20,1,0,5,2000,s,V,N,0.1975,-0.3090169943749467,0.10571863161074516
nexah-hz-fz-measurement/0.1.0,HZ_FZ_01,SYNTHETIC_CONFORMANCE_ONLY,Synthetic validator conformance fixture only; not an empirical measurement or capability claim.,SYNTHETIC,SYNTHETIC,SYNTHETIC,SYNTHETIC,0.002,SYNTHETIC,SELF_TEST,0.005,20,0.03,3,0.03,REPLAY_B,synthetic-b,20,1,0,5,2000,s,V,N,0.198,-0.24868988716485435,0.23217304399558844
nexah-hz-fz-measurement/0.1.0,HZ_FZ_01,SYNTHETIC_CONFORMANCE_ONLY,Synthetic validator conformance fixture only; not an empirical measurement or capability claim.,SYNTHETIC,SYNTHETIC,SYNTHETIC,SYNTHETIC,0.002,SYNTHETIC,SELF_TEST,0.005,20,0.03,3,0.03,REPLAY_B,synthetic-b,20,1,0,5,2000,s,V,N,0.1985,-0.18738131458572455,0.3577111754455555
nexah-hz-fz-measurement/0.1.0,HZ_FZ_01,SYNTHETIC_CONFORMANCE_ONLY,Synthetic validator conformance fixture only; not an empirical measurement or capability claim.,SYNTHETIC,SYNTHETIC,SYNTHETIC,SYNTHETIC,0.002,SYNTHETIC,SELF_TEST,0.005,20,0.03,3,0.03,REPLAY_B,synthetic-b,20,1,0,5,2000,s,V,N,0.199,-0.1253332335643045,0.48183758430872997
nexah-hz-fz-measurement/0.1.0,HZ_FZ_01,SYNTHETIC_CONFORMANCE_ONLY,Synthetic validator conformance fixture only; not an empirical measurement or capability claim.,SYNTHETIC,SYNTHETIC,SYNTHETIC,SYNTHETIC,0.002,SYNTHETIC,SELF_TEST,0.005,20,0.03,3,0.03,REPLAY_B,synthetic-b,20,1,0,5,2000,s,V,N,0.1995,-0.062790519529314,0.604062400357291
nexah-hz-fz-measurement/0.1.0,HZ_FZ_01,SYNTHETIC_CONFORMANCE_ONLY,Synthetic validator conformance fixture only; not an empirical measurement or capability claim.,SYNTHETIC,SYNTHETIC,SYNTHETIC,SYNTHETIC,0.002,SYNTHETIC,SELF_TEST,0.005,20,0.03,3,0.03,REPLAY_B,synthetic-b,20,1,0,5,2000,s,V,N,0.2,-9.797174393178826e-16,0.7239032580815018
